year,sport,rank,teamSeasonId,teamName,conference,record,rpi
2024-25,baseball,1,596434,Vanderbilt(AQ),SEC,0.62885,0.62885
2024-25,baseball,2,596554,Georgia,SEC,0.62197,0.62197
2024-25,baseball,3,596489,Auburn,SEC,0.61717,0.61717
2024-25,baseball,4,596425,Texas,SEC,0.61596,0.61596
2024-25,baseball,5,596487,Arkansas,SEC,0.61516,0.61516
2024-25,baseball,6,596614,North Carolina(AQ),ACC,0.61271,0.61271
2024-25,baseball,7,596643,Oregon St.,DI Independent,0.61040,0.61040
2024-25,baseball,8,596524,Coastal Carolina(AQ),Sun Belt,0.60687,0.60687
2024-25,baseball,9,596523,Clemson,ACC,0.60530,0.60530
2024-25,baseball,10,596583,LSU,SEC,0.60140,0.60140
2024-25,baseball,11,596721,Tennessee,SEC,0.60113,0.60113
2024-25,baseball,12,596607,Ole Miss,SEC,0.60092,0.60092
2024-25,baseball,13,596480,Alabama,SEC,0.60086,0.60086
2024-25,baseball,14,596545,Florida St.,ACC,0.59902,0.59902
2024-25,baseball,15,596514,UCLA,Big Ten,0.59885,0.59885
2024-25,baseball,16,596644,Oregon,Big Ten,0.59692,0.59692
2024-25,baseball,17,596546,Florida,SEC,0.59654,0.59654
2024-25,baseball,18,596421,TCU,Big 12,0.59578,0.59578
2024-25,baseball,19,596719,Southern Miss.,Sun Belt,0.58871,0.58871
2024-25,baseball,20,596703,DBU,CUSA,0.58864,0.58864
2024-25,baseball,21,596553,Georgia Tech,ACC,0.58634,0.58634
2024-25,baseball,22,596631,Northeastern,CAA,0.58617,0.58617
2024-25,baseball,23,596513,UC Irvine,Big West,0.58605,0.58605
2024-25,baseball,24,596575,Kansas,Big 12,0.58499,0.58499
2024-25,baseball,25,596426,UTSA,American,0.58088,0.58088
2024-25,baseball,26,596641,Oklahoma,SEC,0.58055,0.58055
2024-25,baseball,27,596706,Arizona(AQ),Big 12,0.57616,0.57616
2024-25,baseball,28,596444,West Virginia,Big 12,0.57546,0.57546
2024-25,baseball,29,596504,Cal Poly(AQ),Big West,0.57467,0.57467
2024-25,baseball,30,596441,Wake Forest,ACC,0.57458,0.57458
2024-25,baseball,31,596708,Duke,ACC,0.57089,0.57089
2024-25,baseball,32,596585,Louisville,ACC,0.57031,0.57031
2024-25,baseball,33,596521,Cincinnati,Big 12,0.56880,0.56880
2024-25,baseball,34,596628,NC State,ACC,0.56876,0.56876
2024-25,baseball,35,596605,Mississippi St.,SEC,0.56810,0.56810
2024-25,baseball,36,596536,ETSU(AQ),SoCon,0.56762,0.56762
2024-25,baseball,37,596574,Kansas St.,Big 12,0.56650,0.56650
2024-25,baseball,38,596577,Kentucky,SEC,0.56610,0.56610
2024-25,baseball,39,596454,Xavier,Big East,0.56535,0.56535
2024-25,baseball,40,596526,UConn,Big East,0.56505,0.56505
2024-25,baseball,41,596447,Western Ky.(AQ),CUSA,0.56490,0.56490
2024-25,baseball,41,596600,Miami (FL),ACC,0.56490,0.56490
2024-25,baseball,43,596646,UTRGV,Southland,0.56412,0.56412
2024-25,baseball,44,596714,Oklahoma St.,Big 12,0.56189,0.56189
2024-25,baseball,45,596681,Southern California,Big Ten,0.56148,0.56148
2024-25,baseball,46,596529,Creighton(AQ),Big East,0.56143,0.56143
2024-25,baseball,47,596429,Troy,Sun Belt,0.56079,0.56079
2024-25,baseball,48,596637,Notre Dame,ACC,0.55892,0.55892
2024-25,baseball,49,596485,Arizona St.,Big 12,0.55666,0.55666
2024-25,baseball,50,596420,Texas A&M,SEC,0.55449,0.55449
2024-25,baseball,51,596712,Nebraska(AQ),Big Ten,0.55372,0.55372
2024-25,baseball,52,596688,Stanford,ACC,0.55260,0.55260
2024-25,baseball,53,596649,Pittsburgh,ACC,0.55170,0.55170
2024-25,baseball,54,596680,Southeastern La.,Southland,0.55098,0.55098
2024-25,baseball,55,596438,Virginia Tech,ACC,0.55077,0.55077
2024-25,baseball,56,596463,Kennesaw St.,CUSA,0.54927,0.54927
2024-25,baseball,57,596557,Hawaii,Big West,0.54890,0.54890
2024-25,baseball,58,596499,BYU,Big 12,0.54875,0.54875
2024-25,baseball,59,596571,Jacksonville St.,CUSA,0.54822,0.54822
2024-25,baseball,60,596579,Lamar University,Southland,0.54598,0.54598
2024-25,baseball,61,596525,Columbia,Ivy League,0.54503,0.54503
2024-25,baseball,62,596543,Fla. Atlantic,American,0.54468,0.54468
2024-25,baseball,63,596720,Stetson,ASUN,0.54447,0.54447
2024-25,baseball,64,596439,Virginia,ACC,0.54440,0.54440
2024-25,baseball,65,596615,Charlotte,American,0.54337,0.54337
2024-25,baseball,66,596535,East Carolina(AQ),American,0.54280,0.54280
2024-25,baseball,67,596496,Boston College,ACC,0.54211,0.54211
2024-25,baseball,68,596656,Rhode Island(AQ),Atlantic 10,0.54198,0.54198
2024-25,baseball,69,596566,Indiana,Big Ten,0.54158,0.54158
2024-25,baseball,70,596510,UC Santa Barbara,Big West,0.54028,0.54028
2024-25,baseball,71,596602,Michigan,Big Ten,0.54010,0.54010
2024-25,baseball,72,596519,UCF,Big 12,0.53996,0.53996
2024-25,baseball,73,596598,Mercer,SoCon,0.53989,0.53989
2024-25,baseball,74,596540,Fairfield(AQ),MAAC,0.53913,0.53913
2024-25,baseball,75,596493,Baylor,Big 12,0.53798,0.53798
2024-25,baseball,76,596617,UNCW(AQ),CAA,0.53774,0.53774
2024-25,baseball,77,596677,South Carolina,SEC,0.53767,0.53767
2024-25,baseball,78,596569,Iowa,Big Ten,0.53656,0.53656
2024-25,baseball,79,596443,Washington,Big Ten,0.53815,0.53635
2024-25,baseball,80,596599,Miami (OH)(AQ),MAC,0.53598,0.53598
2024-25,baseball,81,596679,South Fla.,American,0.53458,0.53458
2024-25,baseball,82,596596,McNeese,Southland,0.53505,0.53325
2024-25,baseball,83,596635,Northwestern St.,Southland,0.53323,0.53323
2024-25,baseball,84,596660,Rutgers,Big Ten,0.53299,0.53299
2024-25,baseball,85,596647,Penn St.,Big Ten,0.53248,0.53248
2024-25,baseball,86,596668,Samford,SoCon,0.53189,0.53189
2024-25,baseball,87,596469,USC Upstate(AQ),Big South,0.53131,0.53131
2024-25,baseball,88,596612,Murray St.(AQ),MVC,0.52994,0.52994
2024-25,baseball,89,596423,Texas Tech,Big 12,0.52967,0.52967
2024-25,baseball,90,596665,Saint Mary's (CA)(AQ),WCC,0.52909,0.52909
2024-25,baseball,91,596560,Houston Christian(AQ),Southland,0.52900,0.52900
2024-25,baseball,92,596490,Austin Peay,ASUN,0.52874,0.52874
2024-25,baseball,93,596561,Houston,Big 12,0.52738,0.52738
2024-25,baseball,94,596705,High Point,Big South,0.52683,0.52683
2024-25,baseball,95,596581,Liberty,CUSA,0.52582,0.52582
2024-25,baseball,96,596511,California,ACC,0.52351,0.52351
2024-25,baseball,97,596459,Col. of Charleston,CAA,0.52320,0.52320
2024-25,baseball,98,596453,Wright St.(AQ),Horizon,0.52264,0.52264
2024-25,baseball,99,596591,Marshall,Sun Belt,0.52263,0.52263
2024-25,baseball,100,596659,Rider,MAAC,0.52171,0.52171
2024-25,baseball,101,596522,The Citadel,SoCon,0.52170,0.52170
2024-25,baseball,102,596707,Fresno St.(AQ),Mountain West,0.52134,0.52134
2024-25,baseball,103,596576,Kent St.,MAC,0.52031,0.52031
2024-25,baseball,104,596548,George Mason,Atlantic 10,0.52009,0.52009
2024-25,baseball,105,596691,Tennessee Tech,OVC,0.51994,0.51994
2024-25,baseball,106,596604,Minnesota,Big Ten,0.51961,0.51961
2024-25,baseball,107,596701,Tulane,American,0.51941,0.51941
2024-25,baseball,108,596462,Grand Canyon,WAC,0.51924,0.51924
2024-25,baseball,109,596717,St. John's (NY),Big East,0.51842,0.51842
2024-25,baseball,110,596506,Cal St. Fullerton,Big West,0.51827,0.51827
2024-25,baseball,111,596642,Old Dominion,Sun Belt,0.51814,0.51814
2024-25,baseball,112,596584,Louisiana Tech,CUSA,0.51809,0.51809
2024-25,baseball,113,596686,Texas St.,Sun Belt,0.51695,0.51695
2024-25,baseball,114,596473,FGCU(AQ),ASUN,0.51647,0.51647
2024-25,baseball,115,596624,New Orleans,Southland,0.51615,0.51615
2024-25,baseball,116,596445,Western Caro.,SoCon,0.51539,0.51539
2024-25,baseball,117,596704,Wofford,SoCon,0.51518,0.51518
2024-25,baseball,118,596544,FIU,CUSA,0.51489,0.51489
2024-25,baseball,119,596563,Illinois,Big Ten,0.51477,0.51477
2024-25,baseball,120,596491,Ball St.,MAC,0.51457,0.51457
2024-25,baseball,121,596715,Oral Roberts,Summit League,0.51438,0.51438
2024-25,baseball,122,596432,Utah,Big 12,0.51433,0.51433
2024-25,baseball,123,596653,Purdue,Big Ten,0.51318,0.51318
2024-25,baseball,124,596417,St. Thomas (MN),Summit League,0.51267,0.51267
2024-25,baseball,125,596682,Southern Ill.,MVC,0.51266,0.51266
2024-25,baseball,126,596593,Maryland,Big Ten,0.51136,0.51136
2024-25,baseball,127,596670,San Diego,WCC,0.51107,0.51107
2024-25,baseball,128,596516,Campbell,CAA,0.51095,0.51095
2024-25,baseball,129,596537,Eastern Ill.,OVC,0.51009,0.51009
2024-25,baseball,130,596654,Quinnipiac,MAAC,0.50914,0.50914
2024-25,baseball,131,596427,Toledo,MAC,0.50850,0.50850
2024-25,baseball,132,596687,Louisiana,Sun Belt,0.50818,0.50818
2024-25,baseball,133,596501,Bryant(AQ),America East,0.50794,0.50794
2024-25,baseball,134,596636,Northwestern,Big Ten,0.50791,0.50791
2024-25,baseball,135,596492,Charleston So.,Big South,0.50671,0.50671
2024-25,baseball,136,596572,Jacksonville,ASUN,0.50552,0.50552
2024-25,baseball,137,596658,Richmond,Atlantic 10,0.50532,0.50532
2024-25,baseball,138,596455,Yale,Ivy League,0.50500,0.50500
2024-25,baseball,139,596623,New Mexico,Mountain West,0.50466,0.50466
2024-25,baseball,140,596629,North Dakota St.(AQ),Summit League,0.50321,0.50321
2024-25,baseball,141,596601,Michigan St.,Big Ten,0.50318,0.50318
2024-25,baseball,142,596559,Holy Cross(AQ),Patriot,0.50305,0.50305
2024-25,baseball,143,596619,UNLV,Mountain West,0.50269,0.50269
2024-25,baseball,144,596486,Arkansas St.,Sun Belt,0.50268,0.50268
2024-25,baseball,145,596497,Bowling Green,MAC,0.50211,0.50211
2024-25,baseball,146,596608,Missouri,SEC,0.50164,0.50164
2024-25,baseball,147,596664,Saint Louis,Atlantic 10,0.50159,0.50159
2024-25,baseball,148,596697,Southern Ind.,OVC,0.50048,0.50048
2024-25,baseball,149,596551,Ga. Southern,Sun Belt,0.49971,0.49971
2024-25,baseball,150,596555,Gonzaga,WCC,0.49943,0.49943
2024-25,baseball,151,596690,Stony Brook,CAA,0.49937,0.49937
2024-25,baseball,152,596512,UC Davis,Big West,0.49768,0.49768
2024-25,baseball,153,596616,UNC Greensboro,SoCon,0.49646,0.49646
2024-25,baseball,154,596620,Nevada,Mountain West,0.49565,0.49565
2024-25,baseball,155,596694,UC San Diego,Big West,0.49514,0.49514
2024-25,baseball,156,596534,Delaware,CAA,0.49405,0.49405
2024-25,baseball,157,596507,Long Beach St.,Big West,0.49379,0.49379
2024-25,baseball,158,596676,South Alabama,Sun Belt,0.49307,0.49307
2024-25,baseball,159,596587,LMU (CA),WCC,0.49235,0.49235
2024-25,baseball,160,596562,Illinois St.,MVC,0.49150,0.49150
2024-25,baseball,161,596565,Indiana St.,MVC,0.49050,0.49050
2024-25,baseball,162,596471,A&M-Corpus Christi,Southland,0.49299,0.49029
2024-25,baseball,163,596495,Binghamton,America East,0.48933,0.48933
2024-25,baseball,164,596449,Wichita St.,American,0.49019,0.48929
2024-25,baseball,165,596481,UAB,American,0.48918,0.48918
2024-25,baseball,166,596663,Saint Joseph's,Atlantic 10,0.48912,0.48912
2024-25,baseball,167,596424,UT Arlington,WAC,0.48908,0.48908
2024-25,baseball,168,596711,LIU,NEC,0.48875,0.48875
2024-25,baseball,169,596564,UIC,MVC,0.48829,0.48829
2024-25,baseball,170,596716,Penn,Ivy League,0.48826,0.48826
2024-25,baseball,171,596474,Utah Valley(AQ),WAC,0.48763,0.48763
2024-25,baseball,172,596622,New Mexico St.,CUSA,0.48692,0.48692
2024-25,baseball,173,596467,North Florida,ASUN,0.48678,0.48678
2024-25,baseball,174,596674,Seton Hall,Big East,0.48432,0.48432
2024-25,baseball,175,596509,Sacramento St.,WAC,0.48402,0.48402
2024-25,baseball,176,596685,Missouri St.,MVC,0.48389,0.48389
2024-25,baseball,177,596531,Davidson,Atlantic 10,0.48375,0.48375
2024-25,baseball,178,596650,Portland,WCC,0.48327,0.48327
2024-25,baseball,179,596672,San Jose St.,Mountain West,0.48284,0.48284
2024-25,baseball,180,596451,Winthrop,Big South,0.48219,0.48219
2024-25,baseball,181,596702,Army West Point,Patriot,0.48204,0.48204
2024-25,baseball,182,596552,Georgia St.,Sun Belt,0.48100,0.48100
2024-25,baseball,183,596518,Central Conn. St.(AQ),NEC,0.48070,0.48070
2024-25,baseball,184,596549,George Washington,Atlantic 10,0.48040,0.48040
2024-25,baseball,185,596661,Sacred Heart,MAAC,0.48020,0.48020
2024-25,baseball,186,596484,App State,Sun Belt,0.47974,0.47974
2024-25,baseball,187,596718,Southeast Mo. St.,OVC,0.47930,0.47930
2024-25,baseball,188,596630,ULM,Sun Belt,0.47918,0.47918
2024-25,baseball,189,596435,Villanova,Big East,0.47898,0.47898
2024-25,baseball,190,596477,Abilene Christian,WAC,0.47897,0.47897
2024-25,baseball,191,596532,Dayton,Atlantic 10,0.47873,0.47873
2024-25,baseball,192,596683,SIUE,OVC,0.47862,0.47862
2024-25,baseball,193,596609,Monmouth,CAA,0.47812,0.47812
2024-25,baseball,194,596547,Fordham,Atlantic 10,0.47803,0.47803
2024-25,baseball,195,596588,Maine,America East,0.47941,0.47761
2024-25,baseball,196,596603,Middle Tenn.,CUSA,0.47550,0.47550
2024-25,baseball,197,596618,Omaha,Summit League,0.47538,0.47538
2024-25,baseball,198,596494,Bethune-Cookman(AQ),SWAC,0.47421,0.47421
2024-25,baseball,199,596573,James Madison,Sun Belt,0.47417,0.47417
2024-25,baseball,200,596475,North Ala.,ASUN,0.47399,0.47399
2024-25,baseball,201,596634,Northern Ky.,Horizon,0.47389,0.47389
2024-25,baseball,202,596713,Nicholls,Southland,0.47378,0.47378
2024-25,baseball,203,596621,NJIT,America East,0.47374,0.47374
2024-25,baseball,204,596502,Bucknell,Patriot,0.47292,0.47292
2024-25,baseball,205,596508,CSUN,Big West,0.47246,0.47246
2024-25,baseball,206,596695,Lindenwood,OVC,0.47221,0.47221
2024-25,baseball,207,596590,Marist,MAAC,0.47161,0.47161
2024-25,baseball,208,596476,California Baptist,WAC,0.47151,0.47151
2024-25,baseball,209,596657,Rice,American,0.47104,0.47104
2024-25,baseball,210,596558,Hofstra,CAA,0.47004,0.47004
2024-25,baseball,211,596689,SFA,Southland,0.46938,0.46938
2024-25,baseball,212,596460,Elon,CAA,0.46843,0.46843
2024-25,baseball,213,596673,Santa Clara,WCC,0.46779,0.46779
2024-25,baseball,214,596655,Radford,Big South,0.46687,0.46687
2024-25,baseball,215,596472,Lipscomb,ASUN,0.46684,0.46684
2024-25,baseball,216,596430,Air Force,Mountain West,0.46615,0.46615
2024-25,baseball,217,596597,Memphis,American,0.46593,0.46593
2024-25,baseball,218,596700,Tarleton St.,WAC,0.46586,0.46586
2024-25,baseball,219,596662,St. Bonaventure,Atlantic 10,0.46561,0.46561
2024-25,baseball,220,596450,William & Mary,CAA,0.46549,0.46549
2024-25,baseball,221,596671,San Francisco,WCC,0.46495,0.46495
2024-25,baseball,222,596542,Florida A&M,SWAC,0.46463,0.46463
2024-25,baseball,223,596520,Central Mich.,MAC,0.46307,0.46307
2024-25,baseball,224,596446,Western Ill.,OVC,0.46267,0.46267
2024-25,baseball,225,596479,Alabama St.,SWAC,0.46232,0.46232
2024-25,baseball,226,596448,Western Mich.,MAC,0.46213,0.46213
2024-25,baseball,227,596437,VMI,SoCon,0.46166,0.46166
2024-25,baseball,228,596556,Harvard(AQ),Ivy League,0.46079,0.46079
2024-25,baseball,229,596452,Milwaukee,Horizon,0.46072,0.46072
2024-25,baseball,230,596470,Belmont,MVC,0.46012,0.46012
2024-25,baseball,231,596639,Ohio St.,Big Ten,0.45975,0.45975
2024-25,baseball,232,596482,UAlbany,America East,0.45787,0.45787
2024-25,baseball,233,596580,Lehigh,Patriot,0.45730,0.45730
2024-25,baseball,234,596539,Eastern Mich.,MAC,0.45680,0.45680
2024-25,baseball,235,596589,Manhattan,MAAC,0.45659,0.45659
2024-25,baseball,236,596669,San Diego St.,Mountain West,0.45637,0.45637
2024-25,baseball,237,596442,Washington St.,Mountain West,0.45571,0.45571
2024-25,baseball,238,596431,Navy,Patriot,0.45442,0.45442
2024-25,baseball,239,596505,CSU Bakersfield,Big West,0.45392,0.45392
2024-25,baseball,240,596468,UIW,Southland,0.45379,0.45379
2024-25,baseball,241,596947,West Ga.,ASUN,0.45333,0.45333
2024-25,baseball,242,596692,UT Martin,OVC,0.45321,0.45321
2024-25,baseball,243,596440,Wagner,NEC,0.45318,0.45318
2024-25,baseball,243,596488,Little Rock(AQ),OVC,0.45318,0.45318
2024-25,baseball,245,596498,Bradley,MVC,0.45300,0.45300
2024-25,baseball,246,596436,VCU,Atlantic 10,0.45230,0.45230
2024-25,baseball,247,596667,Sam Houston,CUSA,0.45224,0.45224
2024-25,baseball,248,596633,NIU,MAC,0.45141,0.45141
2024-25,baseball,249,596611,Mount St. Mary's,MAAC,0.45117,0.45117
2024-25,baseball,250,596418,Utah Tech,WAC,0.45097,0.45097
2024-25,baseball,251,596578,Lafayette,Patriot,0.44907,0.44907
2024-25,baseball,251,596613,UNC Asheville,Big South,0.44907,0.44907
2024-25,baseball,253,596627,N.C. A&T,CAA,0.44855,0.44855
2024-25,baseball,254,596515,UC Riverside,Big West,0.44825,0.44825
2024-25,baseball,255,596675,Siena,MAAC,0.44743,0.44743
2024-25,baseball,256,596528,Cornell,Ivy League,0.44474,0.44474
2024-25,baseball,257,596428,Towson,CAA,0.44460,0.44460
2024-25,baseball,258,596464,Presbyterian,Big South,0.44412,0.44412
2024-25,baseball,259,596458,Merrimack,MAAC,0.44300,0.44300
2024-25,baseball,260,596595,Massachusetts,Atlantic 10,0.44287,0.44287
2024-25,baseball,261,596693,Bellarmine,ASUN,0.44285,0.44285
2024-25,baseball,262,596530,Dartmouth,Ivy League,0.44111,0.44111
2024-25,baseball,263,596625,Niagara,MAAC,0.43998,0.43998
2024-25,baseball,264,596709,Evansville,MVC,0.43992,0.43992
2024-25,baseball,265,596696,Queens (NC),ASUN,0.43989,0.43989
2024-25,baseball,266,596419,Akron,MAC,0.43906,0.43906
2024-25,baseball,267,596586,UMass Lowell,America East,0.43876,0.43876
2024-25,baseball,268,596466,Ark.-Pine Bluff,SWAC,0.43603,0.43603
2024-25,baseball,269,596632,Northern Colo.,Summit League,0.43600,0.43600
2024-25,baseball,270,596652,Princeton,Ivy League,0.43542,0.43542
2024-25,baseball,271,596550,Georgetown,Big East,0.43501,0.43501
2024-25,baseball,272,596568,Iona,MAAC,0.43448,0.43448
2024-25,baseball,273,596710,Grambling,SWAC,0.43261,0.43261
2024-25,baseball,274,596503,Butler,Big East,0.43211,0.43211
2024-25,baseball,275,596610,Morehead St.,OVC,0.43207,0.43207
2024-25,baseball,276,596422,Texas Southern,SWAC,0.43191,0.43191
2024-25,baseball,277,596570,Jackson St.,SWAC,0.43281,0.43101
2024-25,baseball,278,596684,Southern U.,SWAC,0.43037,0.43037
2024-25,baseball,279,596465,Seattle U,WAC,0.42923,0.42923
2024-25,baseball,280,596461,Gardner-Webb,Big South,0.42893,0.42893
2024-25,baseball,281,596648,Pepperdine,WCC,0.42842,0.42842
2024-25,baseball,282,596582,Longwood,Big South,0.42749,0.42749
2024-25,baseball,283,596500,Brown,Ivy League,0.42626,0.42626
2024-25,baseball,284,596457,Central Ark.,ASUN,0.42518,0.42518
2024-25,baseball,285,596645,Pacific,WCC,0.42440,0.42440
2024-25,baseball,286,596592,UMBC,America East,0.42402,0.42402
2024-25,baseball,287,596678,South Dakota St.,Summit League,0.42280,0.42280
2024-25,baseball,288,596638,Oakland,Horizon,0.42106,0.42106
2024-25,baseball,289,596517,Canisius,MAAC,0.42034,0.42034
2024-25,baseball,290,596640,Ohio,MAC,0.41767,0.41767
2024-25,baseball,291,596698,Stonehill,NEC,0.41704,0.41704
2024-25,baseball,292,596699,Le Moyne,NEC,0.41524,0.41524
2024-25,baseball,293,596567,Purdue Fort Wayne,Horizon,0.41478,0.41478
2024-25,baseball,294,596538,Eastern Ky.,ASUN,0.41009,0.41009
2024-25,baseball,295,596456,Youngstown St.,Horizon,0.40667,0.40667
2024-25,baseball,296,596433,Valparaiso,MVC,0.40417,0.40417
2024-25,baseball,297,596666,Saint Peter's,MAAC,0.38914,0.38914
2024-25,baseball,298,596541,FDU,NEC,0.37884,0.37884
2024-25,baseball,299,596906,Mercyhurst,NEC,0.37820,0.37820
2024-25,baseball,300,596651,Prairie View,SWAC,0.37676,0.37496
2024-25,baseball,301,596527,Coppin St.,NEC,0.36251,0.36251
2024-25,baseball,302,596594,UMES,NEC,0.34662,0.34662
2024-25,baseball,303,596606,Mississippi Val.,SWAC,0.34213,0.34213
2024-25,baseball,304,596483,Alcorn,SWAC,0.33680,0.33590
2024-25,baseball,305,596533,Delaware St.,NEC,0.32084,0.31994
2024-25,baseball,306,596478,Alabama A&M,SWAC,0.31926,0.31746
2024-25,baseball,307,596626,Norfolk St.,NEC,0.31649,0.31649
2023-24,baseball,1,574226,Tennessee(AQ),SEC,0.62429,0.62429
2023-24,baseball,2,573913,Texas A&M,SEC,0.62116,0.62116
2023-24,baseball,3,574101,Kentucky,SEC,0.61936,0.61936
2023-24,baseball,4,574139,North Carolina,ACC,0.61790,0.61790
2023-24,baseball,5,574006,Arkansas,SEC,0.61670,0.61670
2023-24,baseball,6,574076,Georgia,SEC,0.60920,0.60920
2023-24,baseball,7,574043,Clemson,ACC,0.60713,0.60713
2023-24,baseball,8,574067,Florida St.,ACC,0.60439,0.60439
2023-24,baseball,9,573956,Wake Forest,ACC,0.59676,0.59676
2023-24,baseball,10,574089,Indiana St.,MVC,0.59646,0.59646
2023-24,baseball,11,574168,Oklahoma St.(AQ),Big 12,0.59526,0.59526
2023-24,baseball,12,573954,Virginia,ACC,0.59484,0.59484
2023-24,baseball,13,574030,UC Santa Barbara,Big West,0.59282,0.59282
2023-24,baseball,14,574169,Oklahoma,Big 12,0.59215,0.59215
2023-24,baseball,15,574155,NC State,ACC,0.59141,0.59141
2023-24,baseball,16,574055,Duke(AQ),ACC,0.58868,0.58868
2023-24,baseball,17,573975,DBU(AQ),CUSA,0.58717,0.58717
2023-24,baseball,18,574172,Oregon St.,Pac-12,0.58706,0.58706
2023-24,baseball,19,574201,San Diego,WCC,0.58500,0.58500
2023-24,baseball,20,573949,Vanderbilt,SEC,0.58451,0.58451
2023-24,baseball,21,574208,South Carolina,SEC,0.58408,0.58408
2023-24,baseball,22,574056,East Carolina,American,0.58398,0.58398
2023-24,baseball,23,574108,LSU,SEC,0.58331,0.58331
2023-24,baseball,24,573998,Alabama,SEC,0.58156,0.58156
2023-24,baseball,25,574130,Mississippi St.,SEC,0.58139,0.58139
2023-24,baseball,26,574216,Southern Miss.(AQ),Sun Belt,0.58006,0.58006
2023-24,baseball,27,574033,UC Irvine,Big West,0.57835,0.57835
2023-24,baseball,28,574143,Nebraska(AQ),Big Ten,0.57738,0.57738
2023-24,baseball,29,574109,Louisiana Tech,CUSA,0.57633,0.57633
2023-24,baseball,30,574068,Florida,SEC,0.57523,0.57523
2023-24,baseball,31,574004,Arizona(AQ),Pac-12,0.57505,0.57505
2023-24,baseball,32,574132,Ole Miss,SEC,0.56830,0.56830
2023-24,baseball,33,574039,UCF,Big 12,0.56828,0.56828
2023-24,baseball,34,574142,UNCW,CAA,0.56797,0.56797
2023-24,baseball,35,574158,Northeastern,CAA,0.56745,0.56745
2023-24,baseball,36,574044,Coastal Carolina,Sun Belt,0.56615,0.56615
2023-24,baseball,37,573959,West Virginia,Big 12,0.56526,0.56526
2023-24,baseball,38,574220,Louisiana,Sun Belt,0.56469,0.56469
2023-24,baseball,39,573914,TCU,Big 12,0.56307,0.56307
2023-24,baseball,40,573969,Xavier,Big East,0.56277,0.56277
2023-24,baseball,41,574046,UConn,Big East,0.56201,0.56201
2023-24,baseball,42,573974,Col. of Charleston,CAA,0.56124,0.56124
2023-24,baseball,43,574118,Maryland,Big Ten,0.56109,0.56109
2023-24,baseball,44,574097,James Madison,Sun Belt,0.55958,0.55958
2023-24,baseball,45,574098,Kansas St.,Big 12,0.55918,0.55918
2023-24,baseball,46,573985,Wofford(AQ),SoCon,0.55902,0.55902
2023-24,baseball,47,573918,Texas,Big 12,0.55880,0.55880
2023-24,baseball,48,574087,Illinois,Big Ten,0.55864,0.55864
2023-24,baseball,49,574075,Georgia Tech,ACC,0.55846,0.55846
2023-24,baseball,50,574008,Auburn,SEC,0.55687,0.55687
2023-24,baseball,51,574193,St. John's (NY)(AQ),Big East,0.55413,0.55413
2023-24,baseball,52,574173,Oregon,Pac-12,0.55405,0.55405
2023-24,baseball,53,574057,ETSU,SoCon,0.55100,0.55100
2023-24,baseball,54,574073,Ga. Southern,Sun Belt,0.55024,0.55024
2023-24,baseball,55,574090,Indiana,Big Ten,0.54857,0.54857
2023-24,baseball,56,574180,Portland,WCC,0.54804,0.54804
2023-24,baseball,57,573922,Troy,Sun Belt,0.54800,0.54800
2023-24,baseball,58,573916,Texas Tech,Big 12,0.54782,0.54782
2023-24,baseball,59,574072,Georgetown,Big East,0.54761,0.54761
2023-24,baseball,60,574110,Louisville,ACC,0.54652,0.54652
2023-24,baseball,61,574152,Nicholls(AQ),Southland,0.54602,0.54602
2023-24,baseball,62,574041,Cincinnati,Big 12,0.54586,0.54586
2023-24,baseball,63,574141,UNC Greensboro,SoCon,0.54520,0.54520
2023-24,baseball,64,574031,California,Pac-12,0.54518,0.54518
2023-24,baseball,65,574103,Lamar University,Southland,0.54486,0.54486
2023-24,baseball,66,574049,Creighton,Big East,0.54419,0.54419
2023-24,baseball,67,574166,Ohio St.,Big Ten,0.54364,0.54364
2023-24,baseball,68,573953,Virginia Tech,ACC,0.54265,0.54265
2023-24,baseball,69,574207,South Alabama,Sun Belt,0.54241,0.54241
2023-24,baseball,70,574002,App State,Sun Belt,0.54063,0.54063
2023-24,baseball,71,574170,Old Dominion,Sun Belt,0.54043,0.54043
2023-24,baseball,72,574099,Kansas,Big 12,0.54038,0.54038
2023-24,baseball,73,574081,Hawaii,Big West,0.54025,0.54025
2023-24,baseball,74,574213,Southern California,Pac-12,0.53916,0.53916
2023-24,baseball,75,573951,VCU,Atlantic 10,0.53853,0.53853
2023-24,baseball,76,574061,Evansville(AQ),MVC,0.53851,0.53851
2023-24,baseball,77,574190,Rutgers,Big Ten,0.53848,0.53848
2023-24,baseball,78,574198,Sam Houston,CUSA,0.53730,0.53730
2023-24,baseball,79,574164,Notre Dame,ACC,0.53566,0.53566
2023-24,baseball,80,574137,Murray St.,MVC,0.53527,0.53527
2023-24,baseball,81,574125,Miami (FL),ACC,0.53372,0.53372
2023-24,baseball,82,573947,Utah,Pac-12,0.53360,0.53360
2023-24,baseball,83,574036,Campbell,CAA,0.53255,0.53255
2023-24,baseball,84,574127,Michigan,Big Ten,0.53227,0.53227
2023-24,baseball,85,573979,Kennesaw St.,ASUN,0.53188,0.53188
2023-24,baseball,86,573923,Tulane(AQ),American,0.53183,0.53183
2023-24,baseball,87,574003,Arizona St.,Pac-12,0.53113,0.53113
2023-24,baseball,88,574179,Pittsburgh,ACC,0.53025,0.53025
2023-24,baseball,89,574199,Samford,SoCon,0.52922,0.52922
2023-24,baseball,90,574015,Boston College,ACC,0.52919,0.52919
2023-24,baseball,91,574183,Purdue,Big Ten,0.52911,0.52911
2023-24,baseball,92,574028,CSUN,Big West,0.52891,0.52891
2023-24,baseball,93,574088,UIC,MVC,0.52847,0.52847
2023-24,baseball,94,573986,USC Upstate,Big South,0.52770,0.52770
2023-24,baseball,95,573964,Wichita St.,American,0.52582,0.52582
2023-24,baseball,96,573978,Grand Canyon,WAC,0.52376,0.52376
2023-24,baseball,97,574176,Penn St.,Big Ten,0.52282,0.52282
2023-24,baseball,98,573962,Western Ky.,CUSA,0.52268,0.52268
2023-24,baseball,99,574195,Saint Louis,Atlantic 10,0.52232,0.52232
2023-24,baseball,100,574223,Stetson(AQ),ASUN,0.52075,0.52075
2023-24,baseball,101,574016,Bowling Green,MAC,0.52052,0.52052
2023-24,baseball,102,574133,Missouri,SEC,0.52018,0.52018
2023-24,baseball,103,574151,Niagara,MAAC,0.52010,0.52010
2023-24,baseball,104,574093,Iowa,Big Ten,0.51932,0.51932
2023-24,baseball,105,574126,Michigan St.,Big Ten,0.51929,0.51929
2023-24,baseball,106,574023,Cal Poly,Big West,0.51918,0.51918
2023-24,baseball,107,573960,Western Caro.,SoCon,0.51641,0.51641
2023-24,baseball,108,574196,Saint Mary's (CA),WCC,0.51592,0.51592
2023-24,baseball,109,574123,Mercer,SoCon,0.51588,0.51588
2023-24,baseball,110,574074,Georgia St.,Sun Belt,0.51553,0.51553
2023-24,baseball,111,574219,Texas St.,Sun Belt,0.51422,0.51422
2023-24,baseball,112,574085,Houston,Big 12,0.51391,0.51391
2023-24,baseball,113,574121,McNeese,Southland,0.51188,0.51188
2023-24,baseball,114,573924,Air Force,Mountain West,0.51181,0.51181
2023-24,baseball,115,574020,Bryant,America East,0.51156,0.51156
2023-24,baseball,116,574105,Liberty,CUSA,0.51099,0.51099
2023-24,baseball,117,574010,Ball St.,MAC,0.51022,0.51022
2023-24,baseball,118,574129,Minnesota,Big Ten,0.50963,0.50963
2023-24,baseball,119,573965,William & Mary,CAA,0.50912,0.50912
2023-24,baseball,120,573919,UTSA,American,0.50881,0.50881
2023-24,baseball,121,573925,Army West Point(AQ),Patriot,0.50866,0.50866
2023-24,baseball,122,574054,Delaware,CAA,0.50864,0.50864
2023-24,baseball,123,574066,FIU,CUSA,0.50680,0.50680
2023-24,baseball,124,573988,High Point(AQ),Big South,0.50654,0.50654
2023-24,baseball,124,574150,New Orleans,Southland,0.50654,0.50654
2023-24,baseball,126,573991,FGCU,ASUN,0.50649,0.50649
2023-24,baseball,127,574045,Columbia,Ivy League,0.50647,0.50647
2023-24,baseball,128,573963,Western Mich.,MAC,0.50559,0.50559
2023-24,baseball,129,573994,California Baptist,WAC,0.50552,0.50552
2023-24,baseball,130,574052,Dayton,Atlantic 10,0.50484,0.50484
2023-24,baseball,131,574018,BYU,Big 12,0.50440,0.50440
2023-24,baseball,132,574211,Southeast Mo. St.(AQ),OVC,0.50439,0.50439
2023-24,baseball,133,574032,UC Davis,Big West,0.50412,0.50412
2023-24,baseball,134,574189,Rider,MAAC,0.50354,0.50354
2023-24,baseball,135,574086,Illinois St.,MVC,0.50313,0.50313
2023-24,baseball,136,574218,Missouri St.,MVC,0.50279,0.50279
2023-24,baseball,137,574229,UC San Diego,Big West,0.50205,0.50205
2023-24,baseball,138,574148,New Mexico St.,CUSA,0.50196,0.50196
2023-24,baseball,139,574012,Baylor,Big 12,0.50063,0.50063
2023-24,baseball,140,573968,Wright St.,Horizon,0.49991,0.49991
2023-24,baseball,141,574194,Saint Joseph's,Atlantic 10,0.49880,0.49880
2023-24,baseball,142,574140,Charlotte,American,0.49851,0.49851
2023-24,baseball,143,574191,Sacred Heart,NEC,0.49824,0.49824
2023-24,baseball,144,574007,Little Rock,OVC,0.49751,0.49751
2023-24,baseball,145,574212,Southeastern La.,Southland,0.49725,0.49725
2023-24,baseball,146,574163,Northwestern,Big Ten,0.49681,0.49681
2023-24,baseball,147,574210,South Fla.,American,0.49675,0.49675
2023-24,baseball,148,573952,VMI,SoCon,0.49603,0.49603
2023-24,baseball,149,574161,Northern Ky.,Horizon,0.49594,0.49594
2023-24,baseball,150,574082,Hofstra,CAA,0.49576,0.49576
2023-24,baseball,151,573910,Tarleton St.(AQ),WAC,0.49517,0.49517
2023-24,baseball,152,574186,Rhode Island,Atlantic 10,0.49451,0.49451
2023-24,baseball,153,573995,Abilene Christian,WAC,0.49426,0.49426
2023-24,baseball,154,574009,Austin Peay,ASUN,0.49364,0.49364
2023-24,baseball,155,574221,Stanford,Pac-12,0.49360,0.49360
2023-24,baseball,156,574214,Southern Ill.,MVC,0.49347,0.49347
2023-24,baseball,157,574204,Santa Clara,WCC,0.49212,0.49212
2023-24,baseball,158,574083,Holy Cross,Patriot,0.49084,0.49084
2023-24,baseball,159,573958,Washington,Pac-12,0.49042,0.49042
2023-24,baseball,160,574224,Stony Brook,CAA,0.49028,0.49028
2023-24,baseball,161,574062,Fairfield,MAAC,0.48944,0.48944
2023-24,baseball,162,574065,Fla. Atlantic,American,0.48910,0.48910
2023-24,baseball,163,574187,Rice,American,0.48867,0.48867
2023-24,baseball,164,574071,George Washington,Atlantic 10,0.48866,0.48866
2023-24,baseball,165,574100,Kent St.,MAC,0.49034,0.48854
2023-24,baseball,166,574154,N.C. A&T,CAA,0.48779,0.48779
2023-24,baseball,167,573946,Navy,Patriot,0.48739,0.48739
2023-24,baseball,168,574203,San Jose St.,Mountain West,0.48736,0.48736
2023-24,baseball,169,573987,Belmont,MVC,0.48655,0.48655
2023-24,baseball,170,574135,Morehead St.,OVC,0.48653,0.48653
2023-24,baseball,171,574077,Gonzaga,WCC,0.48617,0.48617
2023-24,baseball,172,573992,Utah Valley,WAC,0.48572,0.48572
2023-24,baseball,173,574157,ULM,Sun Belt,0.48564,0.48564
2023-24,baseball,174,574117,UMBC,America East,0.48462,0.48462
2023-24,baseball,175,573976,Elon,CAA,0.48431,0.48431
2023-24,baseball,176,574120,Massachusetts,Atlantic 10,0.48406,0.48406
2023-24,baseball,177,574182,Princeton,Ivy League,0.48373,0.48373
2023-24,baseball,178,574205,Seton Hall,Big East,0.48367,0.48367
2023-24,baseball,179,574034,UCLA,Pac-12,0.48339,0.48339
2023-24,baseball,180,574177,Penn(AQ),Ivy League,0.48315,0.48315
2023-24,baseball,181,574124,Miami (OH),MAC,0.48301,0.48301
2023-24,baseball,182,574025,Fresno St.(AQ),Mountain West,0.48258,0.48258
2023-24,baseball,183,573999,UAB,American,0.48136,0.48136
2023-24,baseball,184,574134,Monmouth,CAA,0.48078,0.48078
2023-24,baseball,185,574162,Northwestern St.,Southland,0.48053,0.48053
2023-24,baseball,186,574027,Long Beach St.,Big West,0.47996,0.47996
2023-24,baseball,187,574011,Charleston So.,Big South,0.47924,0.47924
2023-24,baseball,188,574146,Nevada,Mountain West,0.47921,0.47921
2023-24,baseball,189,573917,UT Arlington,WAC,0.47919,0.47919
2023-24,baseball,190,574021,Bucknell,Patriot,0.47907,0.47907
2023-24,baseball,191,574116,Marshall,Sun Belt,0.47897,0.47897
2023-24,baseball,192,573957,Washington St.,Pac-12,0.47768,0.47768
2023-24,baseball,193,574069,Fordham,Atlantic 10,0.47763,0.47763
2023-24,baseball,194,573984,UIW,Southland,0.47741,0.47741
2023-24,baseball,195,574106,LIU(AQ),NEC,0.47706,0.47706
2023-24,baseball,196,573920,Toledo,MAC,0.47685,0.47685
2023-24,baseball,197,573980,Presbyterian,Big South,0.47670,0.47670
2023-24,baseball,198,574022,Butler,Big East,0.47644,0.47644
2023-24,baseball,199,574165,Oakland,Horizon,0.47566,0.47566
2023-24,baseball,200,574095,Jacksonville St.,CUSA,0.47540,0.47540
2023-24,baseball,201,574122,Memphis,American,0.47521,0.47521
2023-24,baseball,202,574149,New Mexico,Mountain West,0.47505,0.47505
2023-24,baseball,203,574175,UTRGV,WAC,0.47490,0.47490
2023-24,baseball,204,573909,St. Thomas (MN),Summit League,0.47453,0.47453
2023-24,baseball,205,573973,Merrimack,NEC,0.47392,0.47392
2023-24,baseball,206,574111,UMass Lowell,America East,0.47388,0.47388
2023-24,baseball,207,574064,Florida A&M,SWAC,0.47310,0.47310
2023-24,baseball,208,574096,Jacksonville,ASUN,0.47303,0.47303
2023-24,baseball,209,573972,Central Ark.,ASUN,0.47286,0.47286
2023-24,baseball,210,574160,NIU,MAC,0.47162,0.47162
2023-24,baseball,211,573950,Villanova,Big East,0.47128,0.47128
2023-24,baseball,212,574048,Cornell,Ivy League,0.47112,0.47112
2023-24,baseball,213,574107,Longwood,Big South,0.47018,0.47018
2023-24,baseball,214,574188,Richmond,Atlantic 10,0.47004,0.47004
2023-24,baseball,215,573955,Wagner,NEC,0.46919,0.46919
2023-24,baseball,216,574005,Arkansas St.,Sun Belt,0.46902,0.46902
2023-24,baseball,217,574232,Southern Ind.,OVC,0.46888,0.46888
2023-24,baseball,218,574029,Sacramento St.,WAC,0.46883,0.46883
2023-24,baseball,219,574112,LMU (CA),WCC,0.46863,0.46863
2023-24,baseball,220,573989,A&M-Corpus Christi,Southland,0.46807,0.46807
2023-24,baseball,221,573977,Gardner-Webb,Big South,0.46804,0.46804
2023-24,baseball,222,574104,Lehigh,Patriot,0.46555,0.46555
2023-24,baseball,223,574192,St. Bonaventure,Atlantic 10,0.46520,0.46520
2023-24,baseball,224,574138,UNC Asheville,Big South,0.46503,0.46503
2023-24,baseball,225,574013,Bethune-Cookman,SWAC,0.46496,0.46496
2023-24,baseball,226,574128,Middle Tenn.,CUSA,0.46467,0.46467
2023-24,baseball,227,573990,Lipscomb,ASUN,0.46234,0.46234
2023-24,baseball,228,574147,NJIT,America East,0.46213,0.46213
2023-24,baseball,229,573915,Texas Southern,SWAC,0.46132,0.46132
2023-24,baseball,230,574051,Davidson,Atlantic 10,0.46117,0.46117
2023-24,baseball,231,574145,UNLV,Mountain West,0.46072,0.46072
2023-24,baseball,232,574042,The Citadel,SoCon,0.46046,0.46046
2023-24,baseball,233,574070,George Mason,Atlantic 10,0.45943,0.45943
2023-24,baseball,234,574200,San Diego St.,Mountain West,0.45932,0.45932
2023-24,baseball,235,574084,Houston Christian,Southland,0.45804,0.45804
2023-24,baseball,236,574078,Grambling(AQ),SWAC,0.45767,0.45767
2023-24,baseball,237,574026,Cal St. Fullerton,Big West,0.45665,0.45665
2023-24,baseball,238,574094,Jackson St.,SWAC,0.45578,0.45578
2023-24,baseball,239,574156,North Dakota St.,Summit League,0.45557,0.45557
2023-24,baseball,240,573966,Winthrop,Big South,0.45544,0.45544
2023-24,baseball,241,574063,FDU,NEC,0.45541,0.45541
2023-24,baseball,242,573948,Valparaiso,MVC,0.45474,0.45474
2023-24,baseball,243,573921,Towson,CAA,0.45370,0.45370
2023-24,baseball,244,574102,Lafayette,Patriot,0.45332,0.45332
2023-24,baseball,245,574014,Binghamton,America East,0.45177,0.45177
2023-24,baseball,246,574225,Tennessee Tech,OVC,0.45146,0.45146
2023-24,baseball,247,574091,Purdue Fort Wayne,Horizon,0.45100,0.45100
2023-24,baseball,248,574184,Quinnipiac,MAAC,0.44851,0.44851
2023-24,baseball,249,574233,Stonehill,NEC,0.44844,0.44844
2023-24,baseball,250,574167,Ohio,MAC,0.44721,0.44721
2023-24,baseball,251,574115,Marist,MAAC,0.44685,0.44685
2023-24,baseball,252,573983,North Florida,ASUN,0.44636,0.44636
2023-24,baseball,252,574037,Canisius,MAAC,0.44636,0.44636
2023-24,baseball,254,574215,SIUE,OVC,0.44581,0.44581
2023-24,baseball,255,574185,Radford,Big South,0.44557,0.44557
2023-24,baseball,256,574058,Eastern Ill.,OVC,0.44723,0.44543
2023-24,baseball,257,574412,Le Moyne,NEC,0.44459,0.44459
2023-24,baseball,258,574181,Prairie View,SWAC,0.44613,0.44433
2023-24,baseball,259,574017,Bradley,MVC,0.44372,0.44372
2023-24,baseball,260,574059,Eastern Ky.,ASUN,0.44351,0.44351
2023-24,baseball,261,573997,Alabama St.,SWAC,0.44301,0.44301
2023-24,baseball,262,574035,UC Riverside,Big West,0.44255,0.44255
2023-24,baseball,263,573970,Yale,Ivy League,0.44209,0.44209
2023-24,baseball,263,574209,South Dakota St.,Summit League,0.44209,0.44209
2023-24,baseball,265,574053,Delaware St.,NEC,0.44181,0.44181
2023-24,baseball,266,574171,Oral Roberts(AQ),Summit League,0.44143,0.44143
2023-24,baseball,267,574080,Harvard,Ivy League,0.44089,0.44089
2023-24,baseball,268,573912,Akron,MAC,0.43932,0.43932
2023-24,baseball,269,574114,Manhattan,MAAC,0.43695,0.43695
2023-24,baseball,270,574178,Pepperdine,WCC,0.43676,0.43676
2023-24,baseball,271,574202,San Francisco,WCC,0.43660,0.43660
2023-24,baseball,272,573981,Seattle U,WAC,0.43498,0.43498
2023-24,baseball,273,574024,CSU Bakersfield,Big West,0.43473,0.43473
2023-24,baseball,274,573961,Western Ill.,OVC,0.43458,0.43458
2023-24,baseball,275,573967,Milwaukee,Horizon,0.43446,0.43446
2023-24,baseball,276,573993,North Ala.,ASUN,0.43304,0.43304
2023-24,baseball,277,574040,Central Mich.,MAC,0.43279,0.43279
2023-24,baseball,278,574136,Mount St. Mary's,MAAC,0.43250,0.43250
2023-24,baseball,279,574038,Central Conn. St.,NEC,0.43200,0.43200
2023-24,baseball,280,574227,UT Martin,OVC,0.43123,0.43123
2023-24,baseball,281,574159,Northern Colo.,Summit League,0.43002,0.43002
2023-24,baseball,282,574231,Queens (NC),ASUN,0.42984,0.42984
2023-24,baseball,283,574050,Dartmouth,Ivy League,0.42913,0.42823
2023-24,baseball,284,573971,Youngstown St.,Horizon,0.42557,0.42557
2023-24,baseball,285,574019,Brown,Ivy League,0.42524,0.42524
2023-24,baseball,286,573911,Utah Tech,WAC,0.42514,0.42514
2023-24,baseball,287,574000,UAlbany,America East,0.42483,0.42483
2023-24,baseball,288,574230,Lindenwood,OVC,0.42151,0.42151
2023-24,baseball,289,574060,Eastern Mich.,MAC,0.41977,0.41977
2023-24,baseball,290,574144,Omaha,Summit League,0.41726,0.41726
2023-24,baseball,291,574217,Southern U.,SWAC,0.41616,0.41616
2023-24,baseball,292,574092,Iona,MAAC,0.41379,0.41379
2023-24,baseball,293,574174,Pacific,WCC,0.41226,0.41226
2023-24,baseball,294,574113,Maine,America East,0.40769,0.40769
2023-24,baseball,295,574228,Bellarmine,ASUN,0.40320,0.40320
2023-24,baseball,296,574206,Siena,MAAC,0.39725,0.39725
2023-24,baseball,297,574222,SFA,WAC,0.38720,0.38720
2023-24,baseball,298,573996,Alabama A&M,SWAC,0.38146,0.38146
2023-24,baseball,299,574047,Coppin St.,NEC,0.37824,0.37824
2023-24,baseball,300,574197,Saint Peter's,MAAC,0.37152,0.37152
2023-24,baseball,301,574153,Norfolk St.,NEC,0.36369,0.36369
2023-24,baseball,302,574131,Mississippi Val.,SWAC,0.36727,0.35827
2023-24,baseball,303,574001,Alcorn,SWAC,0.34172,0.34082
2023-24,baseball,304,574119,UMES,NEC,0.32946,0.32946
2023-24,baseball,305,573982,Ark.-Pine Bluff,SWAC,0.33017,0.32657
2022-23,baseball,1,548035,Wake Forest,ACC,0.62328,0.62328
2022-23,baseball,2,548180,Kentucky,SEC,0.61812,0.61812
2022-23,baseball,3,548085,Arkansas,SEC,0.61697,0.61697
2022-23,baseball,4,548147,Florida,SEC,0.61221,0.61221
2022-23,baseball,5,548187,LSU,SEC,0.61209,0.61209
2022-23,baseball,6,548122,Clemson,ACC,0.61168,0.61168
2022-23,baseball,7,547958,Vanderbilt,SEC,0.61066,0.61066
2022-23,baseball,8,548287,South Carolina,SEC,0.60482,0.60482
2022-23,baseball,9,548168,Indiana St.,MVC,0.59838,0.59838
2022-23,baseball,10,548019,Virginia,ACC,0.59647,0.59647
2022-23,baseball,11,548077,Alabama,SEC,0.59613,0.59613
2022-23,baseball,12,548204,Miami (FL),ACC,0.59260,0.59260
2022-23,baseball,13,548115,Campbell,Big South,0.58974,0.58974
2022-23,baseball,14,548123,Coastal Carolina,Sun Belt,0.58955,0.58955
2022-23,baseball,15,548300,Stanford,Pac-12,0.58922,0.58922
2022-23,baseball,16,548054,DBU,CUSA,0.58809,0.58809
2022-23,baseball,17,548247,Oklahoma St.,Big 12,0.58731,0.58731
2022-23,baseball,18,548094,Boston College,ACC,0.58625,0.58625
2022-23,baseball,19,548087,Auburn,SEC,0.58407,0.58407
2022-23,baseball,20,548305,Tennessee,SEC,0.58336,0.58336
2022-23,baseball,21,548295,Southern Miss.,Sun Belt,0.58209,0.58209
2022-23,baseball,22,548125,UConn,Big East,0.58098,0.58098
2022-23,baseball,23,548234,NC State,ACC,0.58072,0.58072
2022-23,baseball,24,548038,West Virginia,Big 12,0.58062,0.58062
2022-23,baseball,25,548134,Duke,ACC,0.58049,0.58049
2022-23,baseball,26,548135,East Carolina,American,0.57757,0.57757
2022-23,baseball,27,548218,North Carolina,ACC,0.57725,0.57725
2022-23,baseball,28,547866,Texas,Big 12,0.57507,0.57507
2022-23,baseball,29,547861,Texas A&M,SEC,0.57490,0.57490
2022-23,baseball,30,548169,Indiana,Big Ten,0.57458,0.57458
2022-23,baseball,31,548237,Northeastern,CAA,0.57449,0.57449
2022-23,baseball,32,548172,Iowa,Big Ten,0.57285,0.57285
2022-23,baseball,33,547862,TCU,Big 12,0.57253,0.57253
2022-23,baseball,34,548252,Oregon,Pac-12,0.57097,0.57097
2022-23,baseball,35,548197,Maryland,Big Ten,0.56953,0.56953
2022-23,baseball,36,548037,Washington,Pac-12,0.56680,0.56680
2022-23,baseball,37,548251,Oregon St.,Pac-12,0.56640,0.56640
2022-23,baseball,38,547872,Troy,Sun Belt,0.56389,0.56389
2022-23,baseball,39,548221,UNCW,CAA,0.56214,0.56214
2022-23,baseball,40,548248,Oklahoma,Big 12,0.56189,0.56189
2022-23,baseball,41,547864,Texas Tech,Big 12,0.56131,0.56131
2022-23,baseball,42,548155,Georgia,SEC,0.55945,0.55945
2022-23,baseball,43,548189,Louisville,ACC,0.55927,0.55927
2022-23,baseball,44,548048,Xavier,Big East,0.55805,0.55805
2022-23,baseball,45,548083,Arizona,Pac-12,0.55708,0.55708
2022-23,baseball,46,548179,Kent St.,MAC,0.55563,0.55563
2022-23,baseball,47,548299,Louisiana,Sun Belt,0.55560,0.55560
2022-23,baseball,48,548006,Virginia Tech,ACC,0.55554,0.55554
2022-23,baseball,49,548112,UC Irvine,Big West,0.55547,0.55547
2022-23,baseball,50,548212,Missouri,SEC,0.55492,0.55492
2022-23,baseball,51,548209,Mississippi St.,SEC,0.55476,0.55476
2022-23,baseball,52,548082,Arizona St.,Pac-12,0.55463,0.55463
2022-23,baseball,53,548292,Southern California,Pac-12,0.55325,0.55325
2022-23,baseball,54,548243,Notre Dame,ACC,0.55214,0.55214
2022-23,baseball,55,548177,Kansas St.,Big 12,0.55194,0.55194
2022-23,baseball,56,548109,UC Santa Barbara,Big West,0.55163,0.55163
2022-23,baseball,57,548064,Wofford,SoCon,0.55020,0.55020
2022-23,baseball,58,548070,FGCU,ASUN,0.54954,0.54954
2022-23,baseball,59,548055,Elon,CAA,0.54951,0.54951
2022-23,baseball,60,548298,Texas St.,Sun Belt,0.54920,0.54920
2022-23,baseball,61,548146,Florida St.,ACC,0.54895,0.54895
2022-23,baseball,62,548278,Samford,SoCon,0.54692,0.54692
2022-23,baseball,63,548154,Georgia Tech,ACC,0.54657,0.54657
2022-23,baseball,64,548113,UCLA,Pac-12,0.54632,0.54632
2022-23,baseball,65,548105,Cal St. Fullerton,Big West,0.54402,0.54402
2022-23,baseball,66,548269,Rutgers,Big Ten,0.54389,0.54389
2022-23,baseball,67,548219,Charlotte,CUSA,0.54269,0.54269
2022-23,baseball,68,548053,Col. of Charleston,CAA,0.54256,0.54256
2022-23,baseball,69,548205,Michigan St.,Big Ten,0.54132,0.54132
2022-23,baseball,70,548277,Sam Houston,WAC,0.54042,0.54042
2022-23,baseball,71,548057,Grand Canyon,WAC,0.53984,0.53984
2022-23,baseball,72,548140,Evansville,MVC,0.53958,0.53958
2022-23,baseball,73,548160,Hawaii,Big West,0.53936,0.53936
2022-23,baseball,74,548107,CSUN,Big West,0.53879,0.53879
2022-23,baseball,75,547867,UTSA,CUSA,0.53831,0.53831
2022-23,baseball,76,548250,Oral Roberts,Summit League,0.53707,0.53707
2022-23,baseball,77,548047,Wright St.,Horizon,0.53642,0.53642
2022-23,baseball,78,548245,Ohio St.,Big Ten,0.53598,0.53598
2022-23,baseball,79,548258,Pittsburgh,ACC,0.53577,0.53577
2022-23,baseball,80,548144,Fla. Atlantic,CUSA,0.53528,0.53528
2022-23,baseball,81,548283,Santa Clara,WCC,0.53354,0.53354
2022-23,baseball,82,548110,California,Pac-12,0.53348,0.53348
2022-23,baseball,83,548308,UC San Diego,Big West,0.53328,0.53328
2022-23,baseball,84,548297,Missouri St.,MVC,0.53308,0.53308
2022-23,baseball,85,548065,USC Upstate,Big South,0.53200,0.53200
2022-23,baseball,86,548211,Ole Miss,SEC,0.53159,0.53159
2022-23,baseball,87,548081,App State,Sun Belt,0.53104,0.53104
2022-23,baseball,88,548106,Long Beach St.,Big West,0.53089,0.53089
2022-23,baseball,89,548044,William & Mary,CAA,0.53025,0.53025
2022-23,baseball,90,548069,Lipscomb,ASUN,0.52934,0.52934
2022-23,baseball,91,547902,Army West Point,Patriot,0.52787,0.52787
2022-23,baseball,92,548249,Old Dominion,Sun Belt,0.52677,0.52677
2022-23,baseball,93,548036,Washington St.,Pac-12,0.52603,0.52603
2022-23,baseball,94,548229,New Orleans,Southland,0.52476,0.52476
2022-23,baseball,95,548166,Illinois,Big Ten,0.52414,0.52414
2022-23,baseball,96,548184,Liberty,ASUN,0.52311,0.52311
2022-23,baseball,97,548222,Nebraska,Big Ten,0.52229,0.52229
2022-23,baseball,98,548153,Georgia St.,Sun Belt,0.52225,0.52225
2022-23,baseball,99,548268,Rider,MAAC,0.52140,0.52140
2022-23,baseball,100,548176,James Madison,Sun Belt,0.52122,0.52122
2022-23,baseball,101,548089,Ball St.,MAC,0.52120,0.52120
2022-23,baseball,102,548164,Houston,American,0.52088,0.52088
2022-23,baseball,103,548152,Ga. Southern,Sun Belt,0.52007,0.52007
2022-23,baseball,104,548282,San Jose St.,Mountain West,0.51988,0.51988
2022-23,baseball,105,548259,Portland,WCC,0.51823,0.51823
2022-23,baseball,106,548133,Delaware,CAA,0.51745,0.51745
2022-23,baseball,107,548043,Wichita St.,American,0.51709,0.51709
2022-23,baseball,108,548231,Nicholls,Southland,0.51706,0.51706
2022-23,baseball,109,548178,Kansas,Big 12,0.51590,0.51590
2022-23,baseball,110,548117,Central Conn. St.,NEC,0.51586,0.51586
2022-23,baseball,110,548191,LMU (CA),WCC,0.51586,0.51586
2022-23,baseball,112,548119,Central Mich.,MAC,0.51729,0.51549
2022-23,baseball,113,548214,Morehead St.,OVC,0.51463,0.51463
2022-23,baseball,114,548137,Eastern Ill.,OVC,0.51457,0.51457
2022-23,baseball,115,547865,UT Arlington,WAC,0.51416,0.51416
2022-23,baseball,116,548256,Penn,Ivy League,0.51382,0.51382
2022-23,baseball,117,548118,UCF,American,0.51344,0.51344
2022-23,baseball,118,548280,San Diego,WCC,0.51281,0.51281
2022-23,baseball,119,548141,Fairfield,MAAC,0.51269,0.51269
2022-23,baseball,120,548202,Mercer,SoCon,0.51025,0.51025
2022-23,baseball,121,548074,Abilene Christian,WAC,0.50999,0.50999
2022-23,baseball,122,548161,Hofstra,CAA,0.50973,0.50973
2022-23,baseball,123,548192,Maine,America East,0.50908,0.50908
2022-23,baseball,124,548206,Michigan,Big Ten,0.50906,0.50906
2022-23,baseball,125,548076,Alabama St.,SWAC,0.50849,0.50849
2022-23,baseball,126,548182,Lamar University,Southland,0.50779,0.50779
2022-23,baseball,127,548175,Jacksonville,ASUN,0.50710,0.50710
2022-23,baseball,128,548188,Louisiana Tech,CUSA,0.50654,0.50654
2022-23,baseball,129,548128,Creighton,Big East,0.50598,0.50598
2022-23,baseball,130,548200,McNeese,Southland,0.50590,0.50590
2022-23,baseball,131,548302,Stetson,ASUN,0.50563,0.50563
2022-23,baseball,132,548124,Columbia,Ivy League,0.50558,0.50558
2022-23,baseball,133,548151,Georgetown,Big East,0.50445,0.50445
2022-23,baseball,134,548254,UTRGV,WAC,0.50443,0.50443
2022-23,baseball,135,548167,UIC,MVC,0.50366,0.50366
2022-23,baseball,136,547889,Air Force,Mountain West,0.50261,0.50261
2022-23,baseball,137,548291,Southeastern La.,Southland,0.50216,0.50216
2022-23,baseball,138,548293,Southern Ill.,MVC,0.50180,0.50180
2022-23,baseball,139,548041,Western Ky.,CUSA,0.50156,0.50156
2022-23,baseball,140,548220,UNC Greensboro,SoCon,0.50143,0.50143
2022-23,baseball,141,548286,South Alabama,Sun Belt,0.50054,0.50054
2022-23,baseball,142,548255,Penn St.,Big Ten,0.49982,0.49982
2022-23,baseball,143,548201,Memphis,American,0.49942,0.49942
2022-23,baseball,144,548284,Seton Hall,Big East,0.49910,0.49910
2022-23,baseball,145,547934,Utah,Pac-12,0.49831,0.49831
2022-23,baseball,146,548279,San Diego St.,Mountain West,0.49779,0.49779
2022-23,baseball,147,548063,UIW,Southland,0.49739,0.49739
2022-23,baseball,148,548241,Northwestern St.,Southland,0.49687,0.49687
2022-23,baseball,149,547947,Valparaiso,MVC,0.49564,0.49564
2022-23,baseball,150,548261,Princeton,Ivy League,0.49550,0.49550
2022-23,baseball,151,548056,Gardner-Webb,Big South,0.49547,0.49547
2022-23,baseball,152,548071,Utah Valley,WAC,0.49537,0.49537
2022-23,baseball,153,548143,Florida A&M,SWAC,0.49520,0.49520
2022-23,baseball,154,548045,Winthrop,Big South,0.49483,0.49483
2022-23,baseball,155,548303,Stony Brook,CAA,0.49478,0.49478
2022-23,baseball,156,548099,Bryant,America East,0.49461,0.49461
2022-23,baseball,157,547879,Tulane,American,0.49381,0.49381
2022-23,baseball,158,548207,Middle Tenn.,CUSA,0.49334,0.49334
2022-23,baseball,159,548289,South Fla.,American,0.49316,0.49316
2022-23,baseball,160,548120,Cincinnati,American,0.49224,0.49224
2022-23,baseball,161,548273,Saint Joseph's,Atlantic 10,0.49109,0.49109
2022-23,baseball,162,548058,Kennesaw St.,ASUN,0.49053,0.49053
2022-23,baseball,163,548272,St. John's (NY),Big East,0.49024,0.49024
2022-23,baseball,164,548042,Western Mich.,MAC,0.48903,0.48903
2022-23,baseball,165,548266,Rice,CUSA,0.48821,0.48821
2022-23,baseball,166,548062,North Florida,ASUN,0.48816,0.48816
2022-23,baseball,167,548102,Cal Poly,Big West,0.48783,0.48783
2022-23,baseball,168,548086,Little Rock,OVC,0.48716,0.48716
2022-23,baseball,169,548073,California Baptist,WAC,0.48668,0.48668
2022-23,baseball,170,548216,Murray St.,MVC,0.48619,0.48619
2022-23,baseball,171,548196,UMBC,America East,0.48555,0.48555
2022-23,baseball,172,548092,Bethune-Cookman,SWAC,0.48552,0.48552
2022-23,baseball,173,548090,Charleston So.,Big South,0.48545,0.48545
2022-23,baseball,174,548091,Baylor,Big 12,0.48510,0.48510
2022-23,baseball,175,548104,Fresno St.,Mountain West,0.48410,0.48410
2022-23,baseball,176,548149,George Mason,Atlantic 10,0.48396,0.48396
2022-23,baseball,177,548060,Seattle U,WAC,0.48542,0.48362
2022-23,baseball,178,548136,ETSU,SoCon,0.48314,0.48314
2022-23,baseball,179,548138,Eastern Ky.,ASUN,0.48286,0.48286
2022-23,baseball,180,548174,Jacksonville St.,ASUN,0.48277,0.48277
2022-23,baseball,181,548116,Canisius,MAAC,0.48250,0.48250
2022-23,baseball,182,547868,Toledo,MAC,0.48220,0.48220
2022-23,baseball,183,548100,Bucknell,Patriot,0.48219,0.48219
2022-23,baseball,184,548233,N.C. A&T,CAA,0.48092,0.48092
2022-23,baseball,185,548275,Saint Mary's (CA),WCC,0.48009,0.48009
2022-23,baseball,186,548139,Eastern Mich.,MAC,0.47978,0.47978
2022-23,baseball,187,548078,UAB,CUSA,0.47976,0.47976
2022-23,baseball,188,547858,Tarleton St.,WAC,0.47962,0.47962
2022-23,baseball,189,548235,North Dakota St.,Summit League,0.47951,0.47951
2022-23,baseball,190,548131,Dayton,Atlantic 10,0.47926,0.47926
2022-23,baseball,191,548068,A&M-Corpus Christi,Southland,0.47925,0.47925
2022-23,baseball,192,548230,Niagara,MAAC,0.47864,0.47864
2022-23,baseball,193,548257,Pepperdine,WCC,0.47825,0.47825
2022-23,baseball,194,548265,Rhode Island,Atlantic 10,0.47814,0.47814
2022-23,baseball,195,548088,Austin Peay,ASUN,0.47803,0.47803
2022-23,baseball,196,548097,BYU,WCC,0.47785,0.47785
2022-23,baseball,197,548145,FIU,CUSA,0.47752,0.47752
2022-23,baseball,198,548156,Gonzaga,WCC,0.47730,0.47730
2022-23,baseball,199,548108,Sacramento St.,WAC,0.47725,0.47725
2022-23,baseball,200,548059,Presbyterian,Big South,0.47578,0.47578
2022-23,baseball,201,548039,Western Caro.,SoCon,0.47507,0.47507
2022-23,baseball,202,548165,Illinois St.,MVC,0.47504,0.47504
2022-23,baseball,203,548263,Quinnipiac,MAAC,0.47494,0.47494
2022-23,baseball,204,548213,Monmouth,CAA,0.47468,0.47468
2022-23,baseball,205,548067,High Point,Big South,0.47440,0.47440
2022-23,baseball,206,548096,Bradley,MVC,0.47412,0.47412
2022-23,baseball,207,548262,Purdue,Big Ten,0.47381,0.47381
2022-23,baseball,208,548208,Minnesota,Big Ten,0.47380,0.47380
2022-23,baseball,209,548224,UNLV,Mountain West,0.47343,0.47343
2022-23,baseball,210,548190,UMass Lowell,America East,0.47338,0.47338
2022-23,baseball,211,548290,Southeast Mo. St.,OVC,0.47281,0.47281
2022-23,baseball,212,548301,SFA,WAC,0.47277,0.47277
2022-23,baseball,213,548246,Ohio,MAC,0.47239,0.47239
2022-23,baseball,214,548217,UNC Asheville,Big South,0.47196,0.47196
2022-23,baseball,215,548066,Belmont,MVC,0.47104,0.47104
2022-23,baseball,216,548244,Oakland,Horizon,0.46996,0.46996
2022-23,baseball,217,548130,Davidson,Atlantic 10,0.46983,0.46983
2022-23,baseball,218,548093,Binghamton,America East,0.46961,0.46961
2022-23,baseball,219,548240,Northern Ky.,Horizon,0.46897,0.46897
2022-23,baseball,220,548225,Nevada,Mountain West,0.46867,0.46867
2022-23,baseball,221,547984,VCU,Atlantic 10,0.46749,0.46749
2022-23,baseball,222,548226,NJIT,America East,0.46682,0.46682
2022-23,baseball,223,548195,Marshall,Sun Belt,0.46657,0.46657
2022-23,baseball,224,548274,Saint Louis,Atlantic 10,0.46367,0.46367
2022-23,baseball,225,548150,George Washington,Atlantic 10,0.46365,0.46365
2022-23,baseball,226,548294,SIUE,OVC,0.46313,0.46313
2022-23,baseball,227,548267,Richmond,Atlantic 10,0.46280,0.46280
2022-23,baseball,228,547869,Towson,CAA,0.46238,0.46238
2022-23,baseball,229,548270,Sacred Heart,NEC,0.46220,0.46220
2022-23,baseball,230,548186,Longwood,Big South,0.46209,0.46209
2022-23,baseball,231,548095,Bowling Green,MAC,0.46175,0.46175
2022-23,baseball,232,548084,Arkansas St.,Sun Belt,0.46167,0.46167
2022-23,baseball,233,548111,UC Davis,Big West,0.46155,0.46155
2022-23,baseball,234,548030,Wagner,NEC,0.46018,0.46018
2022-23,baseball,235,548159,Harvard,Ivy League,0.45863,0.45863
2022-23,baseball,236,548101,Butler,Big East,0.45862,0.45862
2022-23,baseball,237,548121,The Citadel,SoCon,0.45821,0.45821
2022-23,baseball,238,548049,Yale,Ivy League,0.45633,0.45633
2022-23,baseball,239,548215,Mount St. Mary's,MAAC,0.45600,0.45600
2022-23,baseball,240,547996,VMI,SoCon,0.45529,0.45529
2022-23,baseball,241,548051,Central Ark.,ASUN,0.45517,0.45517
2022-23,baseball,242,548228,New Mexico,Mountain West,0.45680,0.45500
2022-23,baseball,243,547860,Akron,MAC,0.45657,0.45477
2022-23,baseball,244,548288,South Dakota St.,Summit League,0.45377,0.45377
2022-23,baseball,245,548203,Miami (OH),MAC,0.45231,0.45231
2022-23,baseball,246,548306,UT Martin,OVC,0.45209,0.45209
2022-23,baseball,247,547916,Navy,Patriot,0.45125,0.45125
2022-23,baseball,248,548304,Tennessee Tech,OVC,0.45030,0.45030
2022-23,baseball,249,548435,Queens (NC),ASUN,0.45009,0.45009
2022-23,baseball,250,548183,Lehigh,Patriot,0.44979,0.44979
2022-23,baseball,251,548236,ULM,Sun Belt,0.44921,0.44921
2022-23,baseball,252,548050,Youngstown St.,Horizon,0.44706,0.44706
2022-23,baseball,253,548181,Lafayette,Patriot,0.44693,0.44693
2022-23,baseball,254,548103,CSU Bakersfield,Big West,0.44682,0.44682
2022-23,baseball,255,548142,FDU,NEC,0.44635,0.44635
2022-23,baseball,256,548163,Houston Christian,Southland,0.44526,0.44526
2022-23,baseball,257,548193,Manhattan,MAAC,0.44395,0.44395
2022-23,baseball,258,547973,Villanova,Big East,0.44362,0.44362
2022-23,baseball,259,548148,Fordham,Atlantic 10,0.44360,0.44360
2022-23,baseball,260,548173,Jackson St.,SWAC,0.44460,0.44280
2022-23,baseball,261,548157,Grambling,SWAC,0.44222,0.44222
2022-23,baseball,262,548114,UC Riverside,Big West,0.43874,0.43874
2022-23,baseball,262,548242,Northwestern,Big Ten,0.43874,0.43874
2022-23,baseball,264,548046,Milwaukee,Horizon,0.43821,0.43821
2022-23,baseball,265,548281,San Francisco,WCC,0.43801,0.43801
2022-23,baseball,266,548223,Omaha,Summit League,0.43636,0.43636
2022-23,baseball,267,548307,Bellarmine,ASUN,0.43233,0.43233
2022-23,baseball,268,548052,Merrimack,NEC,0.43169,0.43169
2022-23,baseball,269,547859,Utah Tech,WAC,0.43022,0.43022
2022-23,baseball,270,548194,Marist,MAAC,0.42871,0.42871
2022-23,baseball,271,548285,Siena,MAAC,0.42845,0.42845
2022-23,baseball,272,548072,North Ala.,ASUN,0.42650,0.42650
2022-23,baseball,273,548296,Southern U.,SWAC,0.42548,0.42548
2022-23,baseball,274,548199,Massachusetts,Atlantic 10,0.42372,0.42372
2022-23,baseball,275,548531,Southern Ind.,OVC,0.42351,0.42351
2022-23,baseball,276,548170,Purdue Fort Wayne,Horizon,0.42236,0.42236
2022-23,baseball,277,548126,Coppin St.,NEC,0.41784,0.41784
2022-23,baseball,278,548253,Pacific,WCC,0.41754,0.41754
2022-23,baseball,279,548079,UAlbany,America East,0.41699,0.41699
2022-23,baseball,280,548239,NIU,MAC,0.41685,0.41685
2022-23,baseball,281,548098,Brown,Ivy League,0.41439,0.41439
2022-23,baseball,282,548127,Cornell,Ivy League,0.41396,0.41396
2022-23,baseball,283,548185,LIU,NEC,0.41348,0.41348
2022-23,baseball,284,548409,Lindenwood,OVC,0.41573,0.41213
2022-23,baseball,285,548162,Holy Cross,Patriot,0.41008,0.41008
2022-23,baseball,286,548171,Iona,MAAC,0.40903,0.40903
2022-23,baseball,287,548198,UMES,NEC,0.40650,0.40650
2022-23,baseball,288,548040,Western Ill.,Summit League,0.40633,0.40633
2022-23,baseball,289,548532,Stonehill,NEC,0.39984,0.39984
2022-23,baseball,290,548260,Prairie View,SWAC,0.39945,0.39765
2022-23,baseball,291,548075,Alabama A&M,SWAC,0.39701,0.39701
2022-23,baseball,292,548210,Mississippi Val.,SWAC,0.39626,0.39626
2022-23,baseball,293,547857,St. Thomas (MN),Summit League,0.39425,0.39425
2022-23,baseball,294,548238,Northern Colo.,Summit League,0.40010,0.39380
2022-23,baseball,295,548132,Delaware St.,NEC,0.39340,0.39340
2022-23,baseball,296,548264,Radford,Big South,0.39225,0.39225
2022-23,baseball,297,548227,New Mexico St.,WAC,0.39322,0.39142
2022-23,baseball,298,547863,Texas Southern,SWAC,0.40384,0.38944
2022-23,baseball,299,548271,St. Bonaventure,Atlantic 10,0.38931,0.38931
2022-23,baseball,300,548158,Hartford,DI Independent,0.38734,0.38734
2022-23,baseball,301,548276,Saint Peter's,MAAC,0.38233,0.38233
2022-23,baseball,302,548232,Norfolk St.,NEC,0.37097,0.37097
2022-23,baseball,303,548129,Dartmouth,Ivy League,0.36427,0.36427
2022-23,baseball,304,548061,Ark.-Pine Bluff,SWAC,0.35025,0.34485
2022-23,baseball,305,548080,Alcorn,SWAC,0.30027,0.29127
2021-22,baseball,1,526572,Tennessee,SEC,0.62757,0.62757
2021-22,baseball,2,526518,Oregon St.,Pac-12,0.60898,0.60898
2021-22,baseball,3,526567,Stanford,Pac-12,0.59937,0.59937
2021-22,baseball,4,526484,North Carolina,ACC,0.59706,0.59706
2021-22,baseball,5,526297,Virginia Tech,ACC,0.59326,0.59326
2021-22,baseball,6,526300,Wake Forest,ACC,0.58906,0.58906
2021-22,baseball,7,526293,Vanderbilt,SEC,0.58851,0.58851
2021-22,baseball,8,526400,East Carolina,American,0.58751,0.58751
2021-22,baseball,9,526463,Maryland,Big Ten,0.58725,0.58725
2021-22,baseball,10,526514,Oklahoma St.,Big 12,0.58632,0.58632
2021-22,baseball,11,526417,Ga. Southern,Sun Belt,0.58609,0.58609
2021-22,baseball,12,526412,Florida,SEC,0.58595,0.58595
2021-22,baseball,13,526510,Notre Dame,ACC,0.58584,0.58584
2021-22,baseball,14,526352,Auburn,SEC,0.58544,0.58544
2021-22,baseball,15,526470,Miami (FL),ACC,0.58432,0.58432
2021-22,baseball,16,526282,Texas,Big 12,0.58426,0.58426
2021-22,baseball,17,526562,Southern Miss.,CUSA,0.58416,0.58416
2021-22,baseball,18,526455,Louisville,ACC,0.58342,0.58342
2021-22,baseball,19,526515,Oklahoma,Big 12,0.58209,0.58209
2021-22,baseball,20,526420,Georgia,SEC,0.58208,0.58208
2021-22,baseball,21,526419,Georgia Tech,ACC,0.58124,0.58124
2021-22,baseball,22,526277,Texas A&M,SEC,0.58106,0.58106
2021-22,baseball,23,526319,DBU,MVC,0.58053,0.58053
2021-22,baseball,24,526298,Virginia,ACC,0.57961,0.57961
2021-22,baseball,25,526453,LSU,SEC,0.57872,0.57872
2021-22,baseball,26,526565,Texas St.,Sun Belt,0.57802,0.57802
2021-22,baseball,27,526421,Gonzaga,WCC,0.57790,0.57790
2021-22,baseball,28,526519,Oregon,Pac-12,0.57652,0.57652
2021-22,baseball,29,526411,Florida St.,ACC,0.57375,0.57375
2021-22,baseball,30,526388,Coastal Carolina,Sun Belt,0.57320,0.57320
2021-22,baseball,31,526450,Liberty,ASUN,0.57045,0.57045
2021-22,baseball,32,526454,Louisiana Tech,CUSA,0.56957,0.56957
2021-22,baseball,33,526501,NC State,ACC,0.56921,0.56921
2021-22,baseball,34,526387,Clemson,ACC,0.56843,0.56843
2021-22,baseball,35,526329,Wofford,SoCon,0.56816,0.56816
2021-22,baseball,36,526278,TCU,Big 12,0.56707,0.56707
2021-22,baseball,37,526283,UTSA,CUSA,0.56656,0.56656
2021-22,baseball,38,526348,Arizona,Pac-12,0.56621,0.56621
2021-22,baseball,39,526477,Ole Miss,SEC,0.56572,0.56572
2021-22,baseball,40,526516,Old Dominion,CUSA,0.56483,0.56483
2021-22,baseball,41,526350,Arkansas,SEC,0.56481,0.56481
2021-22,baseball,42,526536,Rutgers,Big Ten,0.56451,0.56451
2021-22,baseball,43,526390,UConn,Big East,0.56366,0.56366
2021-22,baseball,44,526374,UC Santa Barbara,Big West,0.56281,0.56281
2021-22,baseball,45,526280,Texas Tech,Big 12,0.56251,0.56251
2021-22,baseball,46,526323,Kennesaw St.,ASUN,0.56200,0.56200
2021-22,baseball,47,526547,San Diego,WCC,0.56195,0.56195
2021-22,baseball,48,526378,UCLA,Pac-12,0.56189,0.56189
2021-22,baseball,49,526303,West Virginia,Big 12,0.56150,0.56150
2021-22,baseball,50,526322,Grand Canyon,WAC,0.56139,0.56139
2021-22,baseball,51,526342,Alabama,SEC,0.56114,0.56114
2021-22,baseball,52,526445,Kentucky,SEC,0.56004,0.56004
2021-22,baseball,53,526566,Louisiana,Sun Belt,0.55971,0.55971
2021-22,baseball,54,526389,Columbia,Ivy League,0.55727,0.55727
2021-22,baseball,55,526523,Penn,Ivy League,0.55669,0.55669
2021-22,baseball,56,526295,VCU,Atlantic 10,0.55479,0.55479
2021-22,baseball,57,526437,Iowa,Big Ten,0.55144,0.55324
2021-22,baseball,58,526478,Missouri,SEC,0.55207,0.55207
2021-22,baseball,59,526380,Campbell,Big South,0.55172,0.55172
2021-22,baseball,60,526468,Mercer,SoCon,0.55058,0.55058
2021-22,baseball,61,526472,Michigan,Big Ten,0.54888,0.54888
2021-22,baseball,62,526313,Xavier,Big East,0.54865,0.54865
2021-22,baseball,63,526331,Belmont,OVC,0.54778,0.54778
2021-22,baseball,64,526557,Southeast Mo. St.,OVC,0.54675,0.54675
2021-22,baseball,65,526354,Ball St.,MAC,0.54633,0.54633
2021-22,baseball,66,526525,Pittsburgh,ACC,0.54588,0.54588
2021-22,baseball,67,526560,Southern Ill.,MVC,0.54515,0.54515
2021-22,baseball,68,526473,Middle Tenn.,CUSA,0.54461,0.54461
2021-22,baseball,69,526318,Col. of Charleston,CAA,0.54444,0.54444
2021-22,baseball,70,526395,Davidson,Atlantic 10,0.54310,0.54310
2021-22,baseball,71,526384,Central Mich.,MAC,0.54256,0.54256
2021-22,baseball,72,526554,South Carolina,SEC,0.54196,0.54196
2021-22,baseball,73,526553,South Alabama,Sun Belt,0.54151,0.54151
2021-22,baseball,74,526301,Washington St.,Pac-12,0.54123,0.54123
2021-22,baseball,75,526485,Charlotte,CUSA,0.53869,0.53869
2021-22,baseball,76,526335,FGCU,ASUN,0.53542,0.53542
2021-22,baseball,77,526375,California,Pac-12,0.53472,0.53472
2021-22,baseball,78,526431,Illinois,Big Ten,0.53342,0.53342
2021-22,baseball,79,526429,Houston,American,0.53260,0.53260
2021-22,baseball,80,526356,Baylor,Big 12,0.53235,0.53235
2021-22,baseball,81,526405,Evansville,MVC,0.53161,0.53161
2021-22,baseball,82,526491,Nevada,Mountain West,0.53118,0.53118
2021-22,baseball,83,526377,UC Irvine,Big West,0.52905,0.52905
2021-22,baseball,84,526383,UCF,American,0.52870,0.52870
2021-22,baseball,85,526309,William & Mary,CAA,0.52845,0.52845
2021-22,baseball,86,526409,Fla. Atlantic,CUSA,0.52815,0.52815
2021-22,baseball,87,526287,Tulane,American,0.52777,0.52777
2021-22,baseball,88,526526,Portland,WCC,0.52703,0.52703
2021-22,baseball,89,526302,Washington,Pac-12,0.52671,0.52671
2021-22,baseball,90,526487,UNCW,CAA,0.52663,0.52663
2021-22,baseball,91,526393,Creighton,Big East,0.52656,0.52656
2021-22,baseball,92,526343,UAB,CUSA,0.52639,0.52639
2021-22,baseball,93,526564,Missouri St.,MVC,0.52479,0.52479
2021-22,baseball,94,526486,UNC Greensboro,SoCon,0.52475,0.52475
2021-22,baseball,95,526418,Georgia St.,Sun Belt,0.52379,0.52379
2021-22,baseball,96,526372,CSUN,Big West,0.52347,0.52347
2021-22,baseball,97,526399,Duke,ACC,0.52281,0.52281
2021-22,baseball,98,526347,Arizona St.,Pac-12,0.52196,0.52196
2021-22,baseball,99,526286,Troy,Sun Belt,0.52193,0.52193
2021-22,baseball,100,526367,Cal Poly,Big West,0.52161,0.52161
2021-22,baseball,101,526442,Kansas St.,Big 12,0.52149,0.52149
2021-22,baseball,102,526364,Bryant,NEC,0.52056,0.52056
2021-22,baseball,103,526517,Oral Roberts,Summit League,0.52047,0.52047
2021-22,baseball,104,526362,BYU,WCC,0.52011,0.52011
2021-22,baseball,105,526558,Southeastern La.,Southland,0.51994,0.51994
2021-22,baseball,106,526434,Indiana,Big Ten,0.51932,0.51932
2021-22,baseball,107,526288,Air Force,Mountain West,0.51723,0.51723
2021-22,baseball,108,526433,Indiana St.,MVC,0.51672,0.51672
2021-22,baseball,109,526291,Utah,Pac-12,0.51622,0.51622
2021-22,baseball,110,526475,Mississippi St.,SEC,0.51574,0.51574
2021-22,baseball,111,526559,Southern California,Pac-12,0.51359,0.51359
2021-22,baseball,112,526441,James Madison,CAA,0.51276,0.51276
2021-22,baseball,113,526338,California Baptist,WAC,0.51147,0.51147
2021-22,baseball,113,526346,App State,Sun Belt,0.51147,0.51147
2021-22,baseball,115,526490,UNLV,Mountain West,0.51136,0.51136
2021-22,baseball,116,526425,Hawaii,Big West,0.51072,0.51072
2021-22,baseball,117,526544,Sam Houston,WAC,0.51045,0.51045
2021-22,baseball,118,526504,Northeastern,CAA,0.51029,0.51029
2021-22,baseball,119,526403,Eastern Ky.,ASUN,0.51022,0.51022
2021-22,baseball,120,526426,Hofstra,CAA,0.51008,0.51008
2021-22,baseball,121,526440,Jacksonville,ASUN,0.51001,0.51001
2021-22,baseball,122,526330,USC Upstate,Big South,0.50984,0.50984
2021-22,baseball,123,526545,Samford,SoCon,0.50935,0.50935
2021-22,baseball,124,526571,Tennessee Tech,OVC,0.50831,0.50831
2021-22,baseball,125,526512,Ohio St.,Big Ten,0.50807,0.50807
2021-22,baseball,126,526448,Lamar University,WAC,0.50777,0.50777
2021-22,baseball,127,526502,North Dakota St.,Summit League,0.50770,0.50770
2021-22,baseball,127,526513,Ohio,MAC,0.50770,0.50770
2021-22,baseball,129,526314,Yale,Ivy League,0.50703,0.50703
2021-22,baseball,130,526371,Long Beach St.,Big West,0.50695,0.50695
2021-22,baseball,131,526359,Boston College,ACC,0.50689,0.50689
2021-22,baseball,132,526550,Santa Clara,WCC,0.50684,0.50684
2021-22,baseball,133,526524,Pepperdine,WCC,0.50634,0.50634
2021-22,baseball,134,526385,Cincinnati,American,0.50591,0.50591
2021-22,baseball,135,526401,ETSU,SoCon,0.50564,0.50564
2021-22,baseball,136,526451,LIU,NEC,0.50541,0.50541
2021-22,baseball,137,526416,Georgetown,Big East,0.50533,0.50533
2021-22,baseball,138,526529,Purdue,Big Ten,0.50471,0.50471
2021-22,baseball,139,526495,New Orleans,Southland,0.50333,0.50333
2021-22,baseball,140,526521,UTRGV,WAC,0.50323,0.50323
2021-22,baseball,141,526402,Eastern Ill.,OVC,0.50311,0.50311
2021-22,baseball,142,526312,Wright St.,Horizon,0.50235,0.50235
2021-22,baseball,143,526320,Elon,CAA,0.50203,0.50203
2021-22,baseball,144,526569,Stetson,ASUN,0.50202,0.50202
2021-22,baseball,145,526334,Lipscomb,ASUN,0.50164,0.50164
2021-22,baseball,146,526308,Wichita St.,American,0.49921,0.49921
2021-22,baseball,147,526289,Army West Point,Patriot,0.49894,0.49894
2021-22,baseball,148,526561,SIUE,OVC,0.49818,0.49818
2021-22,baseball,149,526522,Penn St.,Big Ten,0.49807,0.49807
2021-22,baseball,150,526424,Harvard,Ivy League,0.49784,0.49784
2021-22,baseball,151,526406,Fairfield,MAAC,0.49769,0.49769
2021-22,baseball,152,526284,Toledo,MAC,0.49725,0.49725
2021-22,baseball,153,526548,San Francisco,WCC,0.49655,0.49655
2021-22,baseball,154,526361,Bradley,MVC,0.49610,0.49610
2021-22,baseball,155,526339,Abilene Christian,WAC,0.49529,0.49529
2021-22,baseball,156,526480,Morehead St.,OVC,0.49465,0.49465
2021-22,baseball,157,526556,South Fla.,American,0.49462,0.49462
2021-22,baseball,158,526466,McNeese,Southland,0.49453,0.49453
2021-22,baseball,159,526394,Dartmouth,Ivy League,0.49368,0.49368
2021-22,baseball,160,526443,Kansas,Big 12,0.49340,0.49340
2021-22,baseball,161,526460,Marist,MAAC,0.49302,0.49302
2021-22,baseball,162,526382,Central Conn. St.,NEC,0.49256,0.49256
2021-22,baseball,163,526327,North Florida,ASUN,0.49157,0.49157
2021-22,baseball,164,526509,Northwestern,Big Ten,0.49155,0.49155
2021-22,baseball,165,526458,Maine,America East,0.49122,0.49122
2021-22,baseball,166,526540,Saint Joseph's,Atlantic 10,0.49006,0.49006
2021-22,baseball,167,526488,Nebraska,Big Ten,0.48931,0.48931
2021-22,baseball,168,526570,Stony Brook,America East,0.48870,0.48870
2021-22,baseball,169,526381,Canisius,MAAC,0.48737,0.48737
2021-22,baseball,170,526549,San Jose St.,Mountain West,0.48670,0.48670
2021-22,baseball,171,526535,Rider,MAAC,0.48578,0.48578
2021-22,baseball,172,526471,Michigan St.,Big Ten,0.48530,0.48530
2021-22,baseball,173,526439,Jacksonville St.,ASUN,0.48438,0.48438
2021-22,baseball,174,526398,Delaware,CAA,0.48421,0.48421
2021-22,baseball,175,526294,Villanova,Big East,0.48407,0.48407
2021-22,baseball,176,526275,Utah Tech,WAC,0.48397,0.48397
2021-22,baseball,177,526414,George Mason,Atlantic 10,0.48349,0.48349
2021-22,baseball,178,526497,Nicholls,Southland,0.48228,0.48228
2021-22,baseball,179,526428,Houston Christian,Southland,0.48166,0.48166
2021-22,baseball,180,526373,Sacramento St.,WAC,0.48162,0.48162
2021-22,baseball,181,526503,ULM,Sun Belt,0.48125,0.48125
2021-22,baseball,182,526396,Dayton,Atlantic 10,0.48119,0.48119
2021-22,baseball,183,526457,LMU (CA),WCC,0.47964,0.47964
2021-22,baseball,184,526304,Western Caro.,SoCon,0.47903,0.47903
2021-22,baseball,185,526351,Little Rock,Sun Belt,0.47856,0.47856
2021-22,baseball,186,526328,UIW,Southland,0.47838,0.47838
2021-22,baseball,187,526494,New Mexico,Mountain West,0.47766,0.47766
2021-22,baseball,188,526430,Illinois St.,MVC,0.47748,0.47748
2021-22,baseball,189,526333,A&M-Corpus Christi,Southland,0.47691,0.47691
2021-22,baseball,190,526370,Cal St. Fullerton,Big West,0.47654,0.47654
2021-22,baseball,191,526332,High Point,Big South,0.47632,0.47632
2021-22,baseball,192,526551,Seton Hall,Big East,0.47628,0.47628
2021-22,baseball,193,526341,Alabama St.,SWAC,0.47620,0.47620
2021-22,baseball,194,526456,UMass Lowell,America East,0.47617,0.47617
2021-22,baseball,195,526369,Fresno St.,Mountain West,0.47576,0.47576
2021-22,baseball,196,526492,NJIT,America East,0.47415,0.47415
2021-22,baseball,197,526467,Memphis,American,0.47405,0.47405
2021-22,baseball,198,526444,Kent St.,MAC,0.47404,0.47404
2021-22,baseball,199,526461,Marshall,CUSA,0.47348,0.47348
2021-22,baseball,199,526575,UC San Diego,Big West,0.47348,0.47348
2021-22,baseball,201,526465,Massachusetts,Atlantic 10,0.47347,0.47347
2021-22,baseball,202,526336,Utah Valley,WAC,0.47332,0.47332
2021-22,baseball,203,526542,Saint Mary's (CA),WCC,0.47257,0.47257
2021-22,baseball,204,526533,Rice,CUSA,0.47149,0.47149
2021-22,baseball,205,526532,Rhode Island,Atlantic 10,0.47051,0.47051
2021-22,baseball,206,526459,Manhattan,MAAC,0.47022,0.47022
2021-22,baseball,207,526432,UIC,Horizon,0.47020,0.47020
2021-22,baseball,208,526479,Monmouth,MAAC,0.47007,0.47007
2021-22,baseball,209,526316,Central Ark.,ASUN,0.46958,0.46958
2021-22,baseball,210,526408,Florida A&M,SWAC,0.46847,0.46847
2021-22,baseball,211,526482,Murray St.,OVC,0.46825,0.46825
2021-22,baseball,212,526489,Omaha,Summit League,0.46734,0.46734
2021-22,baseball,213,526483,UNC Asheville,Big South,0.46680,0.46680
2021-22,baseball,214,526324,Presbyterian,Big South,0.46606,0.46606
2021-22,baseball,215,526358,Binghamton,America East,0.46602,0.46602
2021-22,baseball,216,526292,Valparaiso,MVC,0.46495,0.46495
2021-22,baseball,217,526355,Charleston So.,Big South,0.46494,0.46494
2021-22,baseball,218,526555,South Dakota St.,Summit League,0.46474,0.46474
2021-22,baseball,219,526546,San Diego St.,Mountain West,0.46420,0.46420
2021-22,baseball,220,526534,Richmond,Atlantic 10,0.46410,0.46410
2021-22,baseball,221,526306,Western Ky.,CUSA,0.46291,0.46291
2021-22,baseball,222,526325,Seattle U,WAC,0.46085,0.46265
2021-22,baseball,223,526511,Oakland,Horizon,0.46251,0.46251
2021-22,baseball,224,526508,Northwestern St.,Southland,0.46210,0.46210
2021-22,baseball,225,526410,FIU,CUSA,0.46193,0.46193
2021-22,baseball,226,526539,St. John's (NY),Big East,0.46153,0.46153
2021-22,baseball,227,526452,Longwood,Big South,0.46132,0.46132
2021-22,baseball,228,526541,Saint Louis,Atlantic 10,0.46094,0.46094
2021-22,baseball,229,526493,New Mexico St.,WAC,0.45999,0.45999
2021-22,baseball,230,526386,The Citadel,SoCon,0.45955,0.45955
2021-22,baseball,231,526296,VMI,SoCon,0.45953,0.45953
2021-22,baseball,232,526365,Bucknell,Patriot,0.45940,0.45940
2021-22,baseball,233,526315,Youngstown St.,Horizon,0.45796,0.45796
2021-22,baseball,234,526321,Gardner-Webb,Big South,0.45786,0.45786
2021-22,baseball,235,526469,Miami (OH),MAC,0.45696,0.45696
2021-22,baseball,236,526357,Bethune-Cookman,SWAC,0.45620,0.45620
2021-22,baseball,237,526563,Southern U.,SWAC,0.45528,0.45528
2021-22,baseball,238,526344,UAlbany,America East,0.45372,0.45372
2021-22,baseball,239,526392,Cornell,Ivy League,0.45367,0.45367
2021-22,baseball,240,526415,George Washington,Atlantic 10,0.45358,0.45358
2021-22,baseball,241,526310,Winthrop,Big South,0.45224,0.45224
2021-22,baseball,242,526366,Butler,Big East,0.44817,0.44817
2021-22,baseball,243,526449,Lehigh,Patriot,0.44677,0.44677
2021-22,baseball,244,526353,Austin Peay,OVC,0.44580,0.44580
2021-22,baseball,245,526299,Wagner,NEC,0.44569,0.44569
2021-22,baseball,246,526447,Lafayette,Patriot,0.44470,0.44470
2021-22,baseball,247,526349,Arkansas St.,Sun Belt,0.44462,0.44462
2021-22,baseball,248,526474,Minnesota,Big Ten,0.44429,0.44429
2021-22,baseball,249,526290,Navy,Patriot,0.44353,0.44353
2021-22,baseball,250,526363,Brown,Ivy League,0.44325,0.44325
2021-22,baseball,251,526507,Northern Ky.,Horizon,0.44300,0.44300
2021-22,baseball,252,526281,UT Arlington,Sun Belt,0.44225,0.44225
2021-22,baseball,253,526360,Bowling Green,MAC,0.44163,0.44163
2021-22,baseball,254,526317,Merrimack,NEC,0.44114,0.44114
2021-22,baseball,255,526307,Western Mich.,MAC,0.44068,0.44068
2021-22,baseball,256,526530,Quinnipiac,MAAC,0.43940,0.43940
2021-22,baseball,257,526404,Eastern Mich.,MAC,0.43939,0.43939
2021-22,baseball,258,526531,Radford,Big South,0.43817,0.43817
2021-22,baseball,259,526435,Purdue Fort Wayne,Horizon,0.43742,0.43742
2021-22,baseball,260,526496,Niagara,MAAC,0.43623,0.43623
2021-22,baseball,261,526274,Tarleton St.,WAC,0.43578,0.43578
2021-22,baseball,262,526573,UT Martin,OVC,0.43577,0.43577
2021-22,baseball,263,526568,SFA,WAC,0.43560,0.43560
2021-22,baseball,264,526285,Towson,CAA,0.43530,0.43530
2021-22,baseball,265,526462,UMBC,America East,0.43395,0.43395
2021-22,baseball,266,526311,Milwaukee,Horizon,0.43268,0.43268
2021-22,baseball,267,526413,Fordham,Atlantic 10,0.43111,0.43111
2021-22,baseball,268,526368,CSU Bakersfield,Big West,0.43032,0.43032
2021-22,baseball,269,526499,N.C. A&T,Big South,0.43026,0.43026
2021-22,baseball,270,526527,Prairie View,SWAC,0.42743,0.42743
2021-22,baseball,271,526520,Pacific,WCC,0.42737,0.42737
2021-22,baseball,272,526397,Delaware St.,MEAC,0.42633,0.42633
2021-22,baseball,273,526427,Holy Cross,Patriot,0.42491,0.42491
2021-22,baseball,274,526276,Akron,MAC,0.42079,0.42439
2021-22,baseball,275,526279,Texas Southern,SWAC,0.42257,0.42437
2021-22,baseball,276,526506,NIU,MAC,0.42348,0.42348
2021-22,baseball,277,526407,FDU,NEC,0.42041,0.42041
2021-22,baseball,278,526422,Grambling,SWAC,0.41995,0.41995
2021-22,baseball,279,526423,Hartford,America East,0.41839,0.41839
2021-22,baseball,280,526438,Jackson St.,SWAC,0.41763,0.41763
2021-22,baseball,281,526574,Bellarmine,ASUN,0.41468,0.41468
2021-22,baseball,282,526552,Siena,MAAC,0.41384,0.41384
2021-22,baseball,283,526481,Mount St. Mary's,NEC,0.41158,0.41158
2021-22,baseball,284,526391,Coppin St.,MEAC,0.40716,0.40716
2021-22,baseball,285,526895,St. Thomas (MN),Summit League,0.40609,0.40699
2021-22,baseball,286,526528,Princeton,Ivy League,0.40525,0.40525
2021-22,baseball,287,526379,UC Riverside,Big West,0.39956,0.39956
2021-22,baseball,288,526337,North Ala.,ASUN,0.39602,0.39602
2021-22,baseball,289,526498,Norfolk St.,MEAC,0.39596,0.39596
2021-22,baseball,290,526340,Alabama A&M,SWAC,0.39027,0.39117
2021-22,baseball,291,526376,UC Davis,Big West,0.39028,0.39028
2021-22,baseball,292,526537,Sacred Heart,NEC,0.38900,0.38900
2021-22,baseball,293,526505,Northern Colo.,Summit League,0.38356,0.38806
2021-22,baseball,294,526436,Iona,MAAC,0.38800,0.38800
2021-22,baseball,295,526543,Saint Peter's,MAAC,0.38703,0.38703
2021-22,baseball,296,526464,UMES,MEAC,0.38690,0.38690
2021-22,baseball,297,526305,Western Ill.,Summit League,0.38169,0.38169
2021-22,baseball,298,526538,St. Bonaventure,Atlantic 10,0.37003,0.37003
2021-22,baseball,299,526326,Ark.-Pine Bluff,SWAC,0.34971,0.34971
2021-22,baseball,300,526476,Mississippi Val.,SWAC,0.34892,0.34892
2021-22,baseball,301,526345,Alcorn,SWAC,0.31330,0.31330
2020-21,baseball,1,508965,Arkansas,SEC,46-10,0.64190
2020-21,baseball,2,509022,Fairfield,MAAC,37-3,0.60356
2020-21,baseball,3,508907,Vanderbilt,SEC,40-15,0.59976
2020-21,baseball,4,508892,TCU,Big 12,40-17,0.59855
2020-21,baseball,5,509189,Tennessee,SEC,45-16,0.59692
2020-21,baseball,6,508896,Texas,Big 12,42-15,0.59667
2020-21,baseball,7,509092,Mississippi St.,SEC,40-15,0.59269
2020-21,baseball,8,509133,Old Dominion,CUSA,42-14,0.59265
2020-21,baseball,9,508963,Arizona,Pac-12,40-15,0.59097
2020-21,baseball,10,508894,Texas Tech,Big 12,36-15,0.58903
2020-21,baseball,11,509127,Notre Dame,ACC,30-11,0.58832
2020-21,baseball,12,509094,Ole Miss,SEC,41-19,0.58641
2020-21,baseball,13,509184,Stanford,Pac-12,33-14,0.58478
2020-21,baseball,14,509131,Oklahoma St.,Big 12,35-17-1,0.58419
2020-21,baseball,15,509016,East Carolina,American,41-15,0.58222
2020-21,baseball,16,509136,Oregon,Pac-12,37-14,0.58056
2020-21,baseball,17,509028,Florida,SEC,38-20,0.57914
2020-21,baseball,18,509171,South Carolina,SEC,33-21,0.57871
2020-21,baseball,19,509071,Louisiana Tech,CUSA,40-18,0.57354
2020-21,baseball,20,509015,Duke,ACC,32-20,0.57349
2020-21,baseball,21,508993,UCLA,Pac-12,35-18,0.57293
2020-21,baseball,22,509135,Oregon St.,Pac-12,34-22,0.57283
2020-21,baseball,23,509179,Southern Miss.,CUSA,37-19,0.56892
2020-21,baseball,24,508926,Wright St.,Horizon,32-11,0.56872
2020-21,baseball,25,509006,UConn,Big East,32-17,0.56864
2020-21,baseball,26,509087,Miami (FL),ACC,32-19,0.56805
2020-21,baseball,27,509038,Gonzaga,WCC,33-17,0.56800
2020-21,baseball,28,509070,LSU,SEC,34-22,0.56631
2020-21,baseball,29,509102,Charlotte,CUSA,39-19,0.56630
2020-21,baseball,30,508909,VCU,Atlantic 10,37-14,0.56505
2020-21,baseball,31,508957,Alabama,SEC,31-24,0.56375
2020-21,baseball,31,508992,UC Irvine,Big West,40-16,0.56375
2020-21,baseball,33,509121,Northeastern,CAA,36-10,0.56374
2020-21,baseball,34,509050,Indiana St.,MVC,30-19,0.56331
2020-21,baseball,35,509118,NC State,ACC,30-17,0.56164
2020-21,baseball,36,509067,Liberty,ASUN,39-14,0.55872
2020-21,baseball,37,509108,Nevada,Mountain West,25-18,0.55760
2020-21,baseball,38,508995,Campbell,Big South,35-16,0.55632
2020-21,baseball,39,508912,Virginia,ACC,29-23,0.55412
2020-21,baseball,40,508962,Arizona St.,Pac-12,32-20,0.55275
2020-21,baseball,41,509037,Georgia,SEC,31-25,0.55231
2020-21,baseball,42,509105,Nebraska,Big Ten,31-12,0.55166
2020-21,baseball,43,508971,Baylor,Big 12,31-20,0.55027
2020-21,baseball,44,508934,DBU,MVC,37-15,0.55021
2020-21,baseball,45,509027,Florida St.,ACC,30-22,0.54892
2020-21,baseball,46,509036,Georgia Tech,ACC,29-23,0.54824
2020-21,baseball,47,509101,North Carolina,ACC,27-25,0.54804
2020-21,baseball,48,508969,Ball St.,MAC,38-18,0.54799
2020-21,baseball,49,508945,USC Upstate,Big South,37-16,0.54719
2020-21,baseball,50,509142,Pittsburgh,ACC,23-20,0.54412
2020-21,baseball,51,508989,UC Santa Barbara,Big West,39-18,0.54321
2020-21,baseball,52,508999,Central Mich.,MAC,39-16,0.54236
2020-21,baseball,53,509107,UNLV,Mountain West,20-13,0.54206
2020-21,baseball,54,509162,Samford,SoCon,35-22,0.54014
2020-21,baseball,55,508902,Air Force,Mountain West,26-22,0.53917
2020-21,baseball,56,509025,Fla. Atlantic,CUSA,32-25,0.53900
2020-21,baseball,57,509152,Rider,MAAC,23-16,0.53864
2020-21,baseball,58,509170,South Alabama,Sun Belt,33-20,0.53859
2020-21,baseball,59,509104,UNCW,CAA,32-22,0.53569
2020-21,baseball,60,508944,Wofford,SoCon,36-21,0.53487
2020-21,baseball,60,509080,Maryland,Big Ten,28-16,0.53487
2020-21,baseball,62,509132,Oklahoma,Big 12,27-28,0.53459
2020-21,baseball,63,509164,San Diego,WCC,32-12,0.53453
2020-21,baseball,64,509060,Kansas,Big 12,30-27,0.53426
2020-21,baseball,65,509096,Monmouth,MAAC,24-13,0.53401
2020-21,baseball,66,509085,Mercer,SoCon,35-22,0.53398
2020-21,baseball,67,509003,Clemson,ACC,25-27,0.53284
2020-21,baseball,68,509062,Kentucky,SEC,29-23,0.53250
2020-21,baseball,69,509163,San Diego St.,Mountain West,30-16,0.53215
2020-21,baseball,70,508911,Virginia Tech,ACC,27-25,0.53213
2020-21,baseball,71,508950,FGCU,ASUN,28-20,0.53201
2020-21,baseball,72,509059,Kansas St.,Big 12,34-23,0.53171
2020-21,baseball,73,508918,Western Caro.,SoCon,28-21,0.53122
2020-21,baseball,74,508996,Canisius,MAAC,20-16,0.53051
2020-21,baseball,75,509072,Louisville,ACC,28-22,0.52966
2020-21,baseball,76,509054,Iowa,Big Ten,26-18,0.52949
2020-21,baseball,77,508979,Bryant,NEC,27-14-1,0.52927
2020-21,baseball,78,509149,Rhode Island,Atlantic 10,28-26-1,0.52916
2020-21,baseball,79,508917,West Virginia,Big 12,25-27,0.52871
2020-21,baseball,80,509034,Ga. Southern,Sun Belt,34-23,0.52779
2020-21,baseball,81,509177,Southern Ill.,MVC,40-20,0.52776
2020-21,baseball,82,509001,Cincinnati,American,29-26,0.52709
2020-21,baseball,83,509174,Southeast Mo. St.,OVC,30-20,0.52658
2020-21,baseball,84,508915,Washington St.,Pac-12,26-23,0.52645
2020-21,baseball,85,508998,UCF,American,31-30,0.52607
2020-21,baseball,86,508891,Texas A&M,SEC,29-27,0.52584
2020-21,baseball,87,508901,Tulane,American,31-24,0.52576
2020-21,baseball,88,509089,Michigan,Big Ten,27-17,0.52543
2020-21,baseball,89,508897,UTSA,CUSA,22-26,0.52537
2020-21,baseball,90,508990,California,Pac-12,29-26,0.52513
2020-21,baseball,91,508986,Long Beach St.,Big West,28-15,0.52454
2020-21,baseball,92,508914,Wake Forest,ACC,20-27,0.52428
2020-21,baseball,93,508937,Grand Canyon,WAC,39-19-1,0.52264
2020-21,baseball,94,509187,Stony Brook,America East,31-18,0.52180
2020-21,baseball,95,509004,Coastal Carolina,Sun Belt,27-24,0.52168
2020-21,baseball,96,509119,North Dakota St.,Summit League,38-17,0.52167
2020-21,baseball,97,508927,Xavier,Big East,28-25,0.52044
2020-21,baseball,98,508908,Villanova,Big East,21-14,0.52037
2020-21,baseball,99,509129,Ohio St.,Big Ten,22-20,0.51983
2020-21,baseball,100,508922,Wichita St.,American,31-23,0.51917
2020-21,baseball,101,508967,Auburn,SEC,25-27,0.51900
2020-21,baseball,102,509176,Southern California,Pac-12,25-26,0.51865
2020-21,baseball,103,509103,UNC Greensboro,SoCon,27-25,0.51846
2020-21,baseball,104,508954,Abilene Christian,Southland,36-21,0.51821
2020-21,baseball,105,509173,South Fla.,American,28-27,0.51780
2020-21,baseball,106,509051,Indiana,Big Ten,26-18,0.51635
2020-21,baseball,107,509049,UIC,Horizon,30-18,0.51626
2020-21,baseball,108,508936,Gardner-Webb,Big South,29-23,0.51557
2020-21,baseball,109,509161,Sam Houston,Southland,30-25,0.51488
2020-21,baseball,110,509183,Louisiana,Sun Belt,32-23,0.51291
2020-21,baseball,111,508942,North Florida,ASUN,22-23,0.51206
2020-21,baseball,112,508976,Bradley,MVC,20-22,0.51133
2020-21,baseball,113,508953,California Baptist,WAC,40-16,0.51105
2020-21,baseball,114,508997,Central Conn. St.,NEC,28-13,0.51102
2020-21,baseball,115,508974,Boston College,ACC,21-28,0.51071
2020-21,baseball,116,509009,Creighton,Big East,24-15,0.51053
2020-21,baseball,117,509109,NJIT,America East,26-22,0.50845
2020-21,baseball,118,509134,Oral Roberts,Summit League,31-23,0.50787
2020-21,baseball,119,508903,Army West Point,Patriot,28-23,0.50782
2020-21,baseball,120,509120,ULM,Sun Belt,26-26,0.50672
2020-21,baseball,121,509165,San Francisco,WCC,25-28,0.50584
2020-21,baseball,122,509055,Jackson St.,SWAC,32-9,0.50580
2020-21,baseball,123,509175,Southeastern La.,Southland,32-24,0.50529
2020-21,baseball,124,509012,Dayton,Atlantic 10,24-27,0.50456
2020-21,baseball,125,508935,Elon,CAA,22-22,0.50358
2020-21,baseball,126,508929,Youngstown St.,Horizon,32-24,0.50271
2020-21,baseball,127,509099,Murray St.,OVC,33-25,0.50261
2020-21,baseball,128,509168,Seton Hall,Big East,23-25,0.50229
2020-21,baseball,129,509153,Rutgers,Big Ten,21-23,0.50164
2020-21,baseball,130,509181,Missouri St.,MVC,20-23,0.50093
2020-21,baseball,131,509095,Missouri,SEC,15-36,0.50065
2020-21,baseball,132,508939,Presbyterian,Big South,22-21,0.49974
2020-21,baseball,133,509083,McNeese,Southland,31-28,0.49953
2020-21,baseball,134,509157,Saint Joseph's,Atlantic 10,21-19,0.49901
2020-21,baseball,135,508900,Troy,Sun Belt,27-26,0.49888
2020-21,baseball,136,509113,Niagara,MAAC,17-17,0.49859
2020-21,baseball,137,509056,Jacksonville St.,OVC,26-27,0.49853
2020-21,baseball,138,509141,Pepperdine,WCC,20-25,0.49818
2020-21,baseball,139,509097,Morehead St.,OVC,24-23,0.49809
2020-21,baseball,140,508987,CSUN,Big West,21-19,0.49808
2020-21,baseball,141,508988,Sacramento St.,WAC,35-22,0.49719
2020-21,baseball,142,508895,UT Arlington,Sun Belt,27-30,0.49660
2020-21,baseball,143,508938,Kennesaw St.,ASUN,29-22,0.49578
2020-21,baseball,144,509048,Illinois,Big Ten,22-22,0.49526
2020-21,baseball,145,508920,Western Ky.,CUSA,27-29,0.49478
2020-21,baseball,146,509026,FIU,CUSA,20-31,0.49335
2020-21,baseball,147,509032,George Washington,Atlantic 10,26-18,0.49163
2020-21,baseball,148,509112,New Orleans,Southland,29-28,0.49160
2020-21,baseball,149,509186,Stetson,ASUN,26-23,0.49158
2020-21,baseball,150,509188,Tennessee Tech,OVC,22-25,0.49097
2020-21,baseball,151,508982,Cal Poly,Big West,31-25,0.49088
2020-21,baseball,152,508984,Fresno St.,Mountain West,20-25,0.49052
2020-21,baseball,153,509061,Kent St.,MAC,30-26,0.49016
2020-21,baseball,154,508977,BYU,WCC,23-27,0.48980
2020-21,baseball,155,509216,UC San Diego,Big West,24-28,0.48965
2020-21,baseball,156,509140,Penn,Ivy League,6-8,0.48877
2020-21,baseball,157,509154,Sacred Heart,NEC,23-25,0.48855
2020-21,baseball,158,508933,Col. of Charleston,CAA,26-25,0.48802
2020-21,baseball,159,509017,ETSU,SoCon,24-25,0.48771
2020-21,baseball,160,509139,Penn St.,Big Ten,18-24,0.48760
2020-21,baseball,161,509138,UTRGV,WAC,32-26,0.48758
2020-21,baseball,162,508959,UAlbany,America East,22-25,0.48757
2020-21,baseball,163,509125,Northwestern St.,Southland,26-26,0.48735
2020-21,baseball,164,509018,Eastern Ill.,OVC,24-23,0.48628
2020-21,baseball,165,509035,Georgia St.,Sun Belt,18-37,0.48607
2020-21,baseball,166,509077,Marist,MAAC,18-11,0.48600
2020-21,baseball,167,509148,Radford,Big South,23-23,0.48593
2020-21,baseball,168,509047,Illinois St.,MVC,23-34,0.48565
2020-21,baseball,169,509126,Northwestern,Big Ten,15-21,0.48487
2020-21,baseball,170,508973,Binghamton,America East,16-20,0.48484
2020-21,baseball,171,508961,App State,Sun Belt,21-31,0.48429
2020-21,baseball,172,509011,Davidson,Atlantic 10,24-24,0.48411
2020-21,baseball,173,509021,Evansville,MVC,28-27,0.48358
2020-21,baseball,174,508966,Little Rock,Sun Belt,21-30,0.48340
2020-21,baseball,175,508985,Cal St. Fullerton,Big West,20-35,0.48300
2020-21,baseball,176,509066,Lehigh,Patriot,24-19,0.48278
2020-21,baseball,177,508916,Washington,Pac-12,20-30,0.48229
2020-21,baseball,178,508898,Toledo,MAC,23-33,0.48188
2020-21,baseball,179,509150,Rice,CUSA,23-29-1,0.48164
2020-21,baseball,180,508910,VMI,SoCon,18-29,0.48105
2020-21,baseball,181,509147,Quinnipiac,MAAC,7-21,0.48030
2020-21,baseball,182,509065,Lamar University,Southland,25-23,0.47982
2020-21,baseball,183,509043,Hofstra,CAA,17-22,0.47924
2020-21,baseball,184,509185,SFA,Southland,20-31,0.47906
2020-21,baseball,185,508948,A&M-Corpus Christi,Southland,25-29,0.47899
2020-21,baseball,186,508964,Arkansas St.,Sun Belt,19-30,0.47897
2020-21,baseball,187,509143,Portland,WCC,24-26,0.47854
2020-21,baseball,188,509074,LMU (CA),WCC,20-29,0.47831
2020-21,baseball,189,509073,UMass Lowell,America East,19-28,0.47715
2020-21,baseball,190,509156,St. John's (NY),Big East,19-21,0.47647
2020-21,baseball,191,508921,Western Mich.,MAC,24-26,0.47579
2020-21,baseball,192,509075,Maine,America East,22-22,0.47577
2020-21,baseball,193,509082,Massachusetts,Atlantic 10,13-30,0.47511
2020-21,baseball,194,509111,New Mexico,Mountain West,16-25,0.47506
2020-21,baseball,195,509190,UT Martin,OVC,19-29,0.47470
2020-21,baseball,196,508968,Austin Peay,OVC,23-33,0.47438
2020-21,baseball,197,508983,CSU Bakersfield,Big West,20-23,0.47430
2020-21,baseball,198,509019,Eastern Ky.,OVC,21-32,0.47378
2020-21,baseball,199,509159,Saint Mary's (CA),WCC,25-26,0.47369
2020-21,baseball,200,509167,Santa Clara,WCC,18-33,0.47318
2020-21,baseball,201,509042,Hawaii,Big West,17-26,0.47234
2020-21,baseball,202,508930,Central Ark.,Southland,23-28,0.47202
2020-21,baseball,203,509117,N.C. Central,MEAC,27-20,0.47186
2020-21,baseball,204,508923,William & Mary,CAA,14-29,0.47120
2020-21,baseball,205,508905,Utah,Pac-12,17-33,0.47088
2020-21,baseball,206,509040,Hartford,America East,18-20,0.47083
2020-21,baseball,207,508931,Merrimack,NEC,19-22,0.47034
2020-21,baseball,208,509130,Ohio,MAC,28-25,0.46914
2020-21,baseball,209,509057,Jacksonville,ASUN,16-32,0.46907
2020-21,baseball,210,509053,Iona,MAAC,3-11,0.46901
2020-21,baseball,211,508906,Valparaiso,MVC,16-35,0.46848
2020-21,baseball,212,509068,LIU,NEC,20-15,0.46834
2020-21,baseball,213,509076,Manhattan,MAAC,12-24,0.46780
2020-21,baseball,214,509088,Michigan St.,Big Ten,17-27,0.46751
2020-21,baseball,215,509106,Omaha,Summit League,22-25,0.46680
2020-21,baseball,216,509086,Miami (OH),MAC,25-31,0.46629
2020-21,baseball,217,508994,UC Riverside,Big West,15-36,0.46571
2020-21,baseball,218,509090,Middle Tenn.,CUSA,24-29-1,0.46543
2020-21,baseball,219,509412,Utah Tech,WAC,24-32,0.46537
2020-21,baseball,220,509178,SIUE,OVC,23-27,0.46496
2020-21,baseball,221,509137,Pacific,WCC,17-34,0.46462
2020-21,baseball,222,509084,Memphis,American,18-39,0.46453
2020-21,baseball,223,509146,Purdue,Big Ten,16-26,0.46322
2020-21,baseball,224,509014,Delaware,CAA,12-22,0.46300
2020-21,baseball,225,509029,Fordham,Atlantic 10,24-19,0.46254
2020-21,baseball,226,508899,Towson,CAA,21-36,0.46238
2020-21,baseball,227,509024,Florida A&M,MEAC,22-34,0.46194
2020-21,baseball,228,508946,Belmont,OVC,21-30,0.46095
2020-21,baseball,229,509158,Saint Louis,Atlantic 10,16-31,0.46087
2020-21,baseball,230,509182,Texas St.,Sun Belt,21-36,0.46066
2020-21,baseball,231,508925,Milwaukee,Horizon,22-33,0.45981
2020-21,baseball,232,509063,La Salle,Atlantic 10,32-21,0.45952
2020-21,baseball,233,509046,Houston,American,19-34,0.45636
2020-21,baseball,234,509020,Eastern Mich.,MAC,21-30,0.45576
2020-21,baseball,235,508943,UIW,Southland,21-28,0.45567
2020-21,baseball,236,508924,Winthrop,Big South,19-27,0.45461
2020-21,baseball,237,509114,Nicholls,Southland,21-34,0.45367
2020-21,baseball,238,508975,Bowling Green,MAC,20-30,0.45322
2020-21,baseball,239,509058,James Madison,CAA,11-17,0.45303
2020-21,baseball,240,508947,High Point,Big South,14-31,0.45231
2020-21,baseball,241,509100,UNC Asheville,Big South,15-33,0.45146
2020-21,baseball,242,509151,Richmond,Atlantic 10,19-17,0.45066
2020-21,baseball,243,508940,Seattle U,WAC,17-33,0.45054
2020-21,baseball,244,509348,Tarleton St.,WAC,20-35,0.45038
2020-21,baseball,245,509110,New Mexico St.,WAC,18-34,0.45033
2020-21,baseball,246,509172,South Dakota St.,Summit League,15-32,0.44880
2020-21,baseball,247,508970,Charleston So.,Big South,18-26,0.44845
2020-21,baseball,248,509078,Marshall,CUSA,10-35,0.44827
2020-21,baseball,249,509064,Lafayette,Patriot,14-17,0.44803
2020-21,baseball,250,508980,Bucknell,Patriot,11-22,0.44788
2020-21,baseball,251,508904,Navy,Patriot,17-15,0.44581
2020-21,baseball,252,509079,UMBC,America East,17-26,0.44537
2020-21,baseball,253,509124,Northern Ky.,Horizon,17-31,0.44487
2020-21,baseball,254,509045,Houston Christian,Southland,14-38,0.44447
2020-21,baseball,255,508958,UAB,CUSA,18-36,0.44415
2020-21,baseball,256,509116,N.C. A&T,MEAC,22-32,0.44365
2020-21,baseball,257,508956,Alabama St.,SWAC,23-19,0.44306
2020-21,baseball,258,509169,Siena,MAAC,15-24,0.44232
2020-21,baseball,259,509115,Norfolk St.,MEAC,25-26,0.44154
2020-21,baseball,260,508919,Western Ill.,Summit League,11-29,0.43817
2020-21,baseball,261,509123,NIU,MAC,16-38,0.43689
2020-21,baseball,262,508949,Lipscomb,ASUN,18-29,0.43229
2020-21,baseball,263,508981,Butler,Big East,13-23,0.43166
2020-21,baseball,264,509128,Oakland,Horizon,18-29,0.42981
2020-21,baseball,265,509180,Southern U.,SWAC,20-28,0.42708
2020-21,baseball,266,509002,The Citadel,SoCon,12-39,0.42596
2020-21,baseball,267,509031,George Mason,Atlantic 10,14-29,0.42566
2020-21,baseball,268,509166,San Jose St.,Mountain West,6-30,0.42450
2020-21,baseball,269,509044,Holy Cross,Patriot,10-20,0.42397
2020-21,baseball,270,508913,Wagner,NEC,11-25,0.41858
2020-21,baseball,271,509033,Georgetown,Big East,6-25,0.41610
2020-21,baseball,272,509052,Purdue Fort Wayne,Horizon,11-35,0.41571
2020-21,baseball,273,509202,Bellarmine,ASUN,13-36,0.41466
2020-21,baseball,274,509144,Prairie View,SWAC,14-18,0.41329
2020-21,baseball,275,508991,UC Davis,Big West,14-43,0.41197
2020-21,baseball,276,509069,Longwood,Big South,17-32,0.41142
2020-21,baseball,277,509155,St. Bonaventure,Atlantic 10,7-24,0.41104
2020-21,baseball,278,509160,Saint Peter's,MAAC,4-24,0.40784
2020-21,baseball,279,509039,Grambling,SWAC,17-27,0.40405
2020-21,baseball,280,509091,Minnesota,Big Ten,6-31,0.40314
2020-21,baseball,281,508941,Ark.-Pine Bluff,SWAC,8-30,0.40288
2020-21,baseball,282,508890,Akron,MAC,9-33,0.40244
2020-21,baseball,283,508952,North Ala.,ASUN,7-40,0.39258
2020-21,baseball,284,509023,FDU,NEC,9-28,0.39255
2020-21,baseball,285,509013,Delaware St.,MEAC,15-28,0.39113
2020-21,baseball,286,509122,Northern Colo.,WAC,9-35,0.38914
2020-21,baseball,287,508960,Alcorn,SWAC,7-20,0.38686
2020-21,baseball,288,508951,Utah Valley,WAC,10-47,0.38658
2020-21,baseball,289,508893,Texas Southern,SWAC,11-35,0.38343
2020-21,baseball,290,509098,Mount St. Mary's,NEC,9-28,0.38337
2020-21,baseball,291,508955,Alabama A&M,SWAC,9-20,0.37717
2020-21,baseball,292,509007,Coppin St.,MEAC,10-29,0.36220
2020-21,baseball,293,509093,Mississippi Val.,SWAC,0-20,0.32676
2024-25,softball,1,595101,Texas A&M,SEC,1,0.70181
2024-25,softball,2,595332,Florida,SEC,2,0.69150
2024-25,softball,3,595159,Florida St.,ACC,5,0.68415
2024-25,softball,4,595311,Oklahoma(AQ),SEC,3,0.67650
2024-25,softball,5,595259,LSU,SEC,7,0.67421
2024-25,softball,6,595324,UCLA,Big Ten,8,0.67384
2024-25,softball,7,595193,Arkansas,SEC,4,0.67276
2024-25,softball,8,595082,South Carolina,SEC,10,0.67220
2024-25,softball,9,595105,Texas,SEC,9,0.67060
2024-25,softball,10,595099,Tennessee,SEC,6,0.66593
2024-25,softball,11,595325,Duke,ACC,13,0.65648
2024-25,softball,12,595192,Arizona,Big 12,12,0.65370
2024-25,softball,13,595218,Clemson(AQ),ACC,11,0.65224
2024-25,softball,14,595116,Virginia Tech,ACC,14,0.64171
2024-25,softball,15,595194,Auburn,SEC,20,0.63925
2024-25,softball,16,595092,Stanford,ACC,15,0.63853
2024-25,softball,17,595053,Oregon,Big Ten,18,0.63810
2024-25,softball,18,595103,Texas Tech(AQ),Big 12,17,0.63644
2024-25,softball,19,595187,Alabama,SEC,16,0.63635
2024-25,softball,20,595281,Ole Miss,SEC,19,0.62756
2024-25,softball,21,595051,Oklahoma St.,Big 12,25,0.62654
2024-25,softball,22,595279,Mississippi St.,SEC,21,0.62396
2024-25,softball,23,595049,Ohio St.,Big Ten,22,0.62244
2024-25,softball,24,595229,Georgia,SEC,28,0.61449
2024-25,softball,25,595290,Nebraska,Big Ten,23,0.61434
2024-25,softball,26,595335,Liberty(AQ),CUSA,26,0.61315
2024-25,softball,27,595117,Virginia,ACC,24,0.61300
2024-25,softball,28,595126,California,ACC,27,0.61014
2024-25,softball,29,595315,San Diego St.(AQ),Mountain West,29,0.60597
2024-25,softball,30,595131,UCF,Big 12,33,0.60273
2024-25,softball,31,595157,Fla. Atlantic,American,32,0.60022
2024-25,softball,32,595326,Grand Canyon(AQ),WAC,31,0.59874
2024-25,softball,33,595191,Arizona St.,Big 12,37,0.59567
2024-25,softball,34,595085,South Fla.(AQ),American,30,0.59553
2024-25,softball,35,595228,Georgia Tech,ACC,38,0.59476
2024-25,softball,36,595282,Missouri,SEC,43,0.59343
2024-25,softball,37,595288,North Carolina,ACC,34,0.59231
2024-25,softball,38,595119,Washington,Big Ten,35,0.59161
2024-25,softball,39,595253,Kentucky,SEC,39,0.59126
2024-25,softball,40,595337,Michigan(AQ),Big Ten,41,0.59013
2024-25,softball,41,595292,Nevada,Mountain West,36,0.58856
2024-25,softball,42,595134,Coastal Carolina(AQ),Sun Belt,44,0.58762
2024-25,softball,43,595243,Indiana,Big Ten,42,0.58556
2024-25,softball,44,595177,North Florida(AQ),ASUN,40,0.58548
2024-25,softball,45,595061,Purdue,Big Ten,45,0.57106
2024-25,softball,46,595341,Omaha(AQ),Summit League,47,0.57033
2024-25,softball,47,595205,BYU,Big 12,46,0.56989
2024-25,softball,48,595040,North Texas,American,50,0.56877
2024-25,softball,49,595046,Northwestern,Big Ten,51,0.56862
2024-25,softball,50,595321,Chattanooga,SoCon,48,0.56828
2024-25,softball,51,595164,Wisconsin,Big Ten,55,0.56478
2024-25,softball,52,595138,UConn(AQ),Big East,53,0.56466
2024-25,softball,53,595320,Texas St.,Sun Belt,49,0.56462
2024-25,softball,54,595339,Charlotte,American,52,0.56404
2024-25,softball,55,595091,Louisiana,Sun Belt,59,0.56380
2024-25,softball,56,595261,Louisville,ACC,56,0.56361
2024-25,softball,57,595198,Baylor,Big 12,58,0.56342
2024-25,softball,58,595247,Iowa,Big Ten,54,0.56329
2024-25,softball,59,595331,Cal St. Fullerton,Big West,60,0.56307
2024-25,softball,60,595094,Stetson,ASUN,62,0.55987
2024-25,softball,61,595289,UNC Greensboro,SoCon,57,0.55904
2024-25,softball,62,595179,Belmont(AQ),MVC,63,0.55809
2024-25,softball,62,595275,Mercer(AQ),SoCon,67,0.55809
2024-25,softball,64,595213,Fresno St.,Mountain West,61,0.55726
2024-25,softball,65,595246,Iowa St.,Big 12,65,0.55428
2024-25,softball,66,595167,Central Ark.,ASUN,66,0.55394
2024-25,softball,67,595318,Southeastern La.(AQ),Southland,68,0.55330
2024-25,softball,68,595152,Eastern Ky.,ASUN,63,0.55329
2024-25,softball,69,595319,Southern Ill.,MVC,78,0.55158
2024-25,softball,70,595248,Jacksonville St.,CUSA,71,0.55143
2024-25,softball,71,595267,Marist(AQ),MAAC,70,0.55130
2024-25,softball,72,595260,Louisiana Tech,CUSA,77,0.54860
2024-25,softball,73,595037,NC State,ACC,73,0.54844
2024-25,softball,74,595200,Binghamton(AQ),America East,74,0.54834
2024-25,softball,75,595314,Saint Mary's (CA),WCC,75,0.54795
2024-25,softball,76,595273,McNeese,Southland,72,0.54787
2024-25,softball,77,595096,Syracuse,ACC,69,0.54673
2024-25,softball,78,595070,St. John's (NY),Big East,76,0.54640
2024-25,softball,79,595125,Wichita St.,American,85,0.54615
2024-25,softball,80,595251,Kansas,Big 12,83,0.54562
2024-25,softball,81,595201,Boise St.,Mountain West,80,0.54505
2024-25,softball,82,595123,Western Ky.,CUSA,84,0.54140
2024-25,softball,83,595268,Marshall,Sun Belt,79,0.54134
2024-25,softball,84,595075,Samford,SoCon,81,0.54014
2024-25,softball,85,595059,Princeton,Ivy League,82,0.53941
2024-25,softball,86,595055,Penn St.,Big Ten,86,0.53856
2024-25,softball,87,595063,Radford,Big South,89,0.53727
2024-25,softball,88,595158,FIU,CUSA,90,0.53691
2024-25,softball,89,595236,Houston,Big 12,88,0.53614
2024-25,softball,90,595149,East Carolina,American,87,0.53552
2024-25,softball,91,595195,Austin Peay,ASUN,91,0.53251
2024-25,softball,92,595047,Notre Dame,ACC,95,0.53230
2024-25,softball,93,595327,USC Upstate(AQ),Big South,92,0.53180
2024-25,softball,94,595169,Elon(AQ),CAA,94,0.53076
2024-25,softball,95,595035,St. Thomas (MN),Summit League,93,0.53058
2024-25,softball,96,595299,Tarleton St.,WAC,101,0.52946
2024-25,softball,97,595041,ULM,Sun Belt,96,0.52929
2024-25,softball,98,595250,James Madison,Sun Belt,98,0.52922
2024-25,softball,99,595333,Harvard,Ivy League,97,0.52772
2024-25,softball,100,595226,Ga. Southern,Sun Belt,100,0.52768
2024-25,softball,101,595050,Ohio,MAC,99,0.52705
2024-25,softball,102,595278,Minnesota,Big Ten,109,0.52568
2024-25,softball,103,595277,Middle Tenn.,CUSA,103,0.52528
2024-25,softball,104,595220,North Ala.,ASUN,102,0.52437
2024-25,softball,105,595202,Boston College,ACC,105,0.52357
2024-25,softball,106,595309,Wofford,SoCon,104,0.52341
2024-25,softball,107,595110,Troy,Sun Belt,107,0.52296
2024-25,softball,108,595336,Miami (OH)(AQ),MAC,106,0.52258
2024-25,softball,109,595113,Utah St.,Mountain West,111,0.52228
2024-25,softball,110,595330,Boston U.(AQ),Patriot,108,0.52175
2024-25,softball,111,595232,Hawaii,Big West,113,0.52093
2024-25,softball,112,595238,Idaho St.,Big Sky,118,0.52087
2024-25,softball,113,595328,FGCU,ASUN,111,0.52048
2024-25,softball,114,595083,South Dakota St.,Summit League,110,0.51921
2024-25,softball,115,595322,Villanova,Big East,120,0.51877
2024-25,softball,116,595087,Southern Miss.,Sun Belt,123,0.51832
2024-25,softball,117,595263,LMU (CA),WCC,115,0.51815
2024-25,softball,118,595044,UNI,MVC,119,0.51647
2024-25,softball,119,595078,Santa Clara(AQ),WCC,117,0.51619
2024-25,softball,120,595074,Sam Houston,CUSA,121,0.51476
2024-25,softball,121,595206,Brown(AQ),Ivy League,114,0.51464
2024-25,softball,122,595323,Dayton,Atlantic 10,116,0.51399
2024-25,softball,123,595145,Delaware,CAA,126,0.51389
2024-25,softball,124,595270,Maryland,Big Ten,124,0.51388
2024-25,softball,125,595057,Pittsburgh,ACC,122,0.51273
2024-25,softball,126,595141,Creighton,Big East,125,0.51249
2024-25,softball,127,595214,Long Beach St.,Big West,137,0.51013
2024-25,softball,128,595217,UC Santa Barbara(AQ),Big West,131,0.50974
2024-25,softball,129,595291,UNLV,Mountain West,127,0.50928
2024-25,softball,130,595190,App State,Sun Belt,129,0.50925
2024-25,softball,131,595104,UT Arlington,WAC,136,0.50904
2024-25,softball,132,595221,Fordham,Atlantic 10,130,0.50886
2024-25,softball,133,595240,Illinois,Big Ten,128,0.50818
2024-25,softball,134,595196,Ball St.,MAC,135,0.50714
2024-25,softball,135,595114,Utah,Big 12,140,0.50697
2024-25,softball,136,595079,Seton Hall,Big East,132,0.50650
2024-25,softball,137,595151,Eastern Ill.(AQ),OVC,134,0.50613
2024-25,softball,138,595173,Seattle U,WAC,139,0.50485
2024-25,softball,139,595219,California Baptist,WAC,147,0.50475
2024-25,softball,140,595162,Winthrop,Big South,133,0.50437
2024-25,softball,141,595316,Siena,MAAC,144,0.50353
2024-25,softball,142,595293,New Mexico St.,CUSA,143,0.50330
2024-25,softball,143,595239,Illinois St.,MVC,148,0.50281
2024-25,softball,144,595276,Michigan St.,Big Ten,146,0.50243
2024-25,softball,145,595137,Columbia,Ivy League,142,0.50237
2024-25,softball,146,595178,UIW,Southland,141,0.50215
2024-25,softball,147,595184,Akron,MAC,138,0.50196
2024-25,softball,148,595071,Saint Joseph's,Atlantic 10,153,0.50028
2024-25,softball,149,595052,Oregon St.,WCC,156,0.50024
2024-25,softball,150,595072,Saint Louis(AQ),Atlantic 10,145,0.49966
2024-25,softball,151,595112,Army West Point,Patriot,149,0.49909
2024-25,softball,152,595249,Jacksonville,ASUN,151,0.49896
2024-25,softball,153,595255,Lamar University,Southland,157,0.49831
2024-25,softball,154,595168,Col. of Charleston,CAA,150,0.49779
2024-25,softball,155,595188,UAB,American,160,0.49763
2024-25,softball,156,595296,Nicholls,Southland,155,0.49705
2024-25,softball,157,595060,Providence,Big East,152,0.49689
2024-25,softball,158,595077,San Jose St.,Mountain West,159,0.49491
2024-25,softball,159,595181,Lipscomb,ASUN,158,0.49472
2024-25,softball,160,595210,Butler,Big East,154,0.49411
2024-25,softball,161,595340,UNCW,CAA,162,0.49403
2024-25,softball,162,595132,Central Mich.,MAC,165,0.49301
2024-25,softball,163,595258,Longwood,Big South,163,0.49250
2024-25,softball,164,595128,Campbell,CAA,166,0.49229
2024-25,softball,165,595156,Florida A&M,SWAC,164,0.49215
2024-25,softball,166,595084,South Dakota,Summit League,161,0.49052
2024-25,softball,167,595233,Hofstra,CAA,168,0.49030
2024-25,softball,168,595089,Southern Utah,WAC,169,0.48812
2024-25,softball,169,595080,South Alabama,Sun Belt,167,0.48808
2024-25,softball,170,595317,Southeast Mo. St.,OVC,172,0.48598
2024-25,softball,171,595140,Cornell,Ivy League,176,0.48590
2024-25,softball,172,595106,UTEP,CUSA,173,0.48520
2024-25,softball,173,595066,Robert Morris(AQ),Horizon,171,0.48509
2024-25,softball,174,595204,Bradley,MVC,179,0.48450
2024-25,softball,175,595086,SIUE,OVC,170,0.48444
2024-25,softball,176,595093,SFA,Southland,174,0.48396
2024-25,softball,177,595120,Weber St.(AQ),Big Sky,181,0.48210
2024-25,softball,178,595245,Iona,MAAC,175,0.48203
2024-25,softball,179,595111,Tulsa,American,178,0.48196
2024-25,softball,180,595294,New Mexico,Mountain West,182,0.48026
2024-25,softball,181,595215,CSUN,Big West,177,0.47977
2024-25,softball,182,595257,LIU,NEC,184,0.47939
2024-25,softball,183,595216,Sacramento St.,Big Sky,183,0.47892
2024-25,softball,184,595067,Rutgers,Big Ten,187,0.47875
2024-25,softball,185,595097,Tennessee St.,OVC,190,0.47805
2024-25,softball,186,595107,UTSA,American,186,0.47698
2024-25,softball,187,595076,San Diego,WCC,189,0.47624
2024-25,softball,188,595043,NIU,MAC,192,0.47530
2024-25,softball,189,595142,Dartmouth,Ivy League,188,0.47457
2024-25,softball,190,595224,George Washington,Atlantic 10,180,0.47419
2024-25,softball,191,595256,Lehigh,Patriot,191,0.47242
2024-25,softball,192,595237,Howard(AQ),MEAC,185,0.47223
2024-25,softball,193,595095,Stony Brook,CAA,195,0.47184
2024-25,softball,194,595183,Abilene Christian,WAC,196,0.47118
2024-25,softball,195,595121,Western Caro.,SoCon,193,0.46923
2024-25,softball,196,595090,Missouri St.,MVC,199,0.46902
2024-25,softball,197,595197,Charleston So.,Big South,194,0.46897
2024-25,softball,198,595039,North Dakota,Summit League,197,0.46833
2024-25,softball,199,595182,Utah Valley,WAC,205,0.46604
2024-25,softball,200,595127,UC Riverside,Big West,198,0.46484
2024-25,softball,201,595108,Toledo,MAC,203,0.46473
2024-25,softball,202,595244,Purdue Fort Wayne,Horizon,202,0.46452
2024-25,softball,203,595313,Saint Francis(AQ),NEC,200,0.46414
2024-25,softball,204,595038,North Dakota St.,Summit League,203,0.46173
2024-25,softball,205,595136,Colorado St.,Mountain West,201,0.45993
2024-25,softball,206,595165,Yale,Ivy League,207,0.45955
2024-25,softball,207,595133,Cleveland St.,Horizon,206,0.45798
2024-25,softball,208,595175,IU Indy,Horizon,209,0.45683
2024-25,softball,209,595154,Fairfield,MAAC,208,0.45657
2024-25,softball,210,595304,Lindenwood,OVC,215,0.45529
2024-25,softball,211,595199,Bethune-Cookman,SWAC,210,0.45511
2024-25,softball,212,595305,Southern Ind.,OVC,211,0.45426
2024-25,softball,213,595068,Sacred Heart,MAAC,212,0.45417
2024-25,softball,214,595147,Drake,MVC,218,0.45282
2024-25,softball,215,595042,Northern Colo.,Big Sky,216,0.45196
2024-25,softball,216,595264,Loyola Chicago,Atlantic 10,213,0.45113
2024-25,softball,217,595170,Gardner-Webb,Big South,214,0.45112
2024-25,softball,218,595058,Prairie View,SWAC,217,0.45079
2024-25,softball,219,595329,UAlbany,America East,219,0.45067
2024-25,softball,220,595160,UC Davis,Big West,226,0.44933
2024-25,softball,221,595129,Canisius,MAAC,222,0.44880
2024-25,softball,222,595242,Indiana St.,MVC,224,0.44869
2024-25,softball,223,595062,Quinnipiac,MAAC,228,0.44801
2024-25,softball,224,595274,Memphis,American,221,0.44768
2024-25,softball,225,595208,Bucknell,Patriot,225,0.44570
2024-25,softball,226,595235,Houston Christian,Southland,231,0.44531
2024-25,softball,227,595287,Murray St.,MVC,227,0.44516
2024-25,softball,228,595300,Utah Tech,WAC,234,0.44264
2024-25,softball,229,595227,Georgia St.,Sun Belt,230,0.44250
2024-25,softball,230,595054,Pacific,WCC,229,0.44229
2024-25,softball,231,595222,Furman,SoCon,220,0.44136
2024-25,softball,232,595310,Northern Ky.,Horizon,232,0.44003
2024-25,softball,233,595334,Jackson St.(AQ),SWAC,238,0.43845
2024-25,softball,234,595209,Buffalo,MAC,235,0.43835
2024-25,softball,235,595186,Alabama St.,SWAC,237,0.43831
2024-25,softball,236,595150,ETSU,SoCon,233,0.43810
2024-25,softball,237,595269,UMBC,America East,223,0.43789
2024-25,softball,238,595098,Tennessee Tech,OVC,236,0.43524
2024-25,softball,239,595130,Central Conn. St.,NEC,245,0.43417
2024-25,softball,240,595153,Evansville,MVC,241,0.43329
2024-25,softball,241,595252,Kent St.,MAC,247,0.43280
2024-25,softball,242,595171,Kennesaw St.,CUSA,238,0.43245
2024-25,softball,243,595203,Bowling Green,MAC,248,0.43197
2024-25,softball,244,595302,UC San Diego,Big West,242,0.43089
2024-25,softball,245,595124,Western Mich.,MAC,243,0.43017
2024-25,softball,246,595207,Bryant,America East,244,0.42998
2024-25,softball,247,595065,Rider,MAAC,240,0.42902
2024-25,softball,248,595303,Queens (NC),ASUN,246,0.42874
2024-25,softball,249,595163,Green Bay,Horizon,249,0.42582
2024-25,softball,250,595048,Oakland,Horizon,254,0.42461
2024-25,softball,251,595223,George Mason,Atlantic 10,250,0.42402
2024-25,softball,252,595212,CSU Bakersfield,Big West,255,0.42294
2024-25,softball,253,595115,Valparaiso,MVC,253,0.42176
2024-25,softball,254,595272,Massachusetts,Atlantic 10,251,0.42141
2024-25,softball,255,595143,DePaul,Big East,258,0.42084
2024-25,softball,256,595225,Georgetown,Big East,260,0.42056
2024-25,softball,257,595109,Towson,CAA,257,0.41885
2024-25,softball,258,595172,Presbyterian,Big South,252,0.41548
2024-25,softball,259,595155,FDU,NEC,256,0.41313
2024-25,softball,260,595301,Bellarmine,ASUN,259,0.41286
2024-25,softball,261,595312,Portland St.,Big Sky,262,0.41155
2024-25,softball,262,595308,Le Moyne,NEC,261,0.41062
2024-25,softball,263,595254,Lafayette,Patriot,266,0.40986
2024-25,softball,264,595081,South Carolina St.,MEAC,265,0.40951
2024-25,softball,265,595458,West Ga.,ASUN,264,0.40813
2024-25,softball,266,595135,Colgate,Patriot,263,0.40772
2024-25,softball,267,595118,Wagner,NEC,269,0.40375
2024-25,softball,268,595211,Cal Poly,Big West,270,0.40360
2024-25,softball,269,595056,Penn,Ivy League,271,0.40197
2024-25,softball,270,595100,UT Martin,OVC,268,0.40145
2024-25,softball,271,595144,Delaware St.,MEAC,267,0.40041
2024-25,softball,272,595036,N.C. Central,MEAC,273,0.39800
2024-25,softball,273,595307,East Texas A&M,Southland,277,0.39652
2024-25,softball,274,595102,Texas Southern,SWAC,282,0.39476
2024-25,softball,275,595176,Kansas City,Summit League,287,0.39396
2024-25,softball,276,595185,Alabama A&M,SWAC,276,0.39383
2024-25,softball,277,595180,A&M-Corpus Christi,Southland,284,0.39372
2024-25,softball,278,595262,UMass Lowell,America East,278,0.39334
2024-25,softball,279,595064,Rhode Island,Atlantic 10,271,0.39297
2024-25,softball,280,595295,Niagara,MAAC,275,0.39194
2024-25,softball,281,595088,Southern U.,SWAC,283,0.39062
2024-25,softball,282,595146,Detroit Mercy,Horizon,285,0.38836
2024-25,softball,283,595045,Northwestern St.,Southland,289,0.38777
2024-25,softball,284,595338,Morgan St.,MEAC,274,0.38745
2024-25,softball,285,595166,Youngstown St.,Horizon,281,0.38716
2024-25,softball,286,595306,Stonehill,NEC,279,0.38453
2024-25,softball,287,595283,Monmouth,CAA,286,0.38331
2024-25,softball,288,595266,Manhattan,MAAC,293,0.37969
2024-25,softball,289,595297,Norfolk St.,MEAC,279,0.37913
2024-25,softball,290,595285,Morehead St.,OVC,290,0.37817
2024-25,softball,291,595174,Ark.-Pine Bluff,SWAC,294,0.37794
2024-25,softball,292,595298,N.C. A&T,CAA,288,0.37775
2024-25,softball,293,595241,UIC,MVC,292,0.37630
2024-25,softball,294,595161,Merrimack,MAAC,291,0.37511
2024-25,softball,295,595284,Montana,Big Sky,298,0.36996
2024-25,softball,296,595069,St. Bonaventure,Atlantic 10,295,0.36730
2024-25,softball,297,595148,Drexel,CAA,299,0.36723
2024-25,softball,298,595231,Hampton,CAA,296,0.36481
2024-25,softball,299,595122,Western Ill.,OVC,297,0.36442
2024-25,softball,300,595234,Holy Cross,Patriot,300,0.35341
2024-25,softball,301,595265,Maine,America East,303,0.34795
2024-25,softball,302,595286,Mount St. Mary's,MAAC,301,0.34375
2024-25,softball,303,595230,Grambling,SWAC,304,0.33891
2024-25,softball,304,595073,Saint Peter's,MAAC,302,0.33813
2024-25,softball,305,595189,Alcorn,SWAC,306,0.32768
2024-25,softball,306,595550,Mercyhurst,NEC,305,0.32160
2024-25,softball,307,595280,Mississippi Val.,SWAC,308,0.31049
2024-25,softball,308,595139,Coppin St.,MEAC,307,0.30554
2024-25,softball,309,595271,UMES,MEAC,309,0.27512
2023-24,softball,1,572076,Texas,Big 12,1,0.70388
2023-24,softball,2,571946,Oklahoma(AQ),Big 12,2,0.69569
2023-24,softball,3,572203,Duke(AQ),ACC,3,0.67719
2023-24,softball,4,572444,LSU,SEC,5,0.67628
2023-24,softball,5,572047,Stanford,Pac-12,8,0.66633
2023-24,softball,6,572496,Missouri,SEC,9,0.66536
2023-24,softball,7,572349,Florida(AQ),SEC,6,0.66489
2023-24,softball,8,572065,Tennessee,SEC,4,0.66231
2023-24,softball,9,572369,Georgia,SEC,11,0.66211
2023-24,softball,10,572201,UCLA(AQ),Pac-12,7,0.66092
2023-24,softball,11,572046,Louisiana,Sun Belt,12,0.65794
2023-24,softball,12,571945,Oklahoma St.,Big 12,10,0.65749
2023-24,softball,13,572197,Florida St.,ACC,13,0.65067
2023-24,softball,14,572284,Arkansas,SEC,14,0.64486
2023-24,softball,15,572069,Texas A&M,SEC,15,0.64281
2023-24,softball,16,572269,Alabama,SEC,16,0.64225
2023-24,softball,17,572044,Texas St.(AQ),Sun Belt,17,0.63772
2023-24,softball,18,572294,Baylor,Big 12,20,0.63449
2023-24,softball,19,572342,Clemson,ACC,21,0.63183
2023-24,softball,20,572101,Virginia Tech,ACC,19,0.63113
2023-24,softball,21,572282,Arizona,Pac-12,18,0.62988
2023-24,softball,22,572124,California,Pac-12,25,0.62924
2023-24,softball,23,572490,Mississippi St.,SEC,23,0.62836
2023-24,softball,24,572286,Auburn,SEC,22,0.62149
2023-24,softball,25,572513,Charlotte(AQ),American,27,0.61879
2023-24,softball,26,572107,Washington,Pac-12,24,0.61588
2023-24,softball,27,572018,South Carolina,SEC,29,0.61556
2023-24,softball,28,572430,Kentucky,SEC,30,0.60618
2023-24,softball,29,571934,Northwestern,Big Ten,28,0.60592
2023-24,softball,30,572103,Virginia,ACC,26,0.60458
2023-24,softball,31,571950,Oregon,Pac-12,34,0.60133
2023-24,softball,32,572438,Liberty(AQ),CUSA,39,0.60101
2023-24,softball,33,572014,South Alabama,Sun Belt,35,0.60071
2023-24,softball,34,572306,Boston U.(AQ),Patriot,31,0.59750
2023-24,softball,35,572480,Miami (OH)(AQ),MAC,33,0.59657
2023-24,softball,36,572484,Michigan(AQ),Big Ten,32,0.59542
2023-24,softball,37,572003,San Diego St.(AQ),Mountain West,36,0.59308
2023-24,softball,38,571954,Penn St.,Big Ten,38,0.59273
2023-24,softball,39,572095,Utah,Pac-12,40,0.59159
2023-24,softball,40,572073,Texas Tech,Big 12,37,0.59024
2023-24,softball,41,572193,Fla. Atlantic,American,41,0.58801
2023-24,softball,42,572133,UCF,Big 12,42,0.58610
2023-24,softball,43,572404,Indiana,Big Ten,46,0.58565
2023-24,softball,44,572474,McNeese,Southland,43,0.58338
2023-24,softball,45,572494,Ole Miss,SEC,44,0.58253
2023-24,softball,46,572518,Nebraska,Big Ten,51,0.57789
2023-24,softball,47,572312,BYU,Big 12,48,0.57714
2023-24,softball,48,572032,Southern Ill.(AQ),MVC,45,0.57709
2023-24,softball,49,572425,Kansas,Big 12,50,0.57393
2023-24,softball,50,572448,Louisville,ACC,55,0.57349
2023-24,softball,51,572525,Nevada,Mountain West,47,0.57279
2023-24,softball,52,572087,Troy,Sun Belt,49,0.57004
2023-24,softball,53,571914,NC State,ACC,52,0.56960
2023-24,softball,54,572121,Wichita St.,American,62,0.56761
2023-24,softball,55,571941,Ohio St.,Big Ten,53,0.56669
2023-24,softball,56,572183,Eastern Ky.,ASUN,54,0.56589
2023-24,softball,57,572367,Georgia Tech,ACC,58,0.56498
2023-24,softball,58,572302,Boise St.,Mountain West,57,0.56413
2023-24,softball,59,572227,Grand Canyon(AQ),WAC,59,0.56395
2023-24,softball,60,572030,Southeastern La.(AQ),Southland,56,0.56375
2023-24,softball,61,572257,FGCU(AQ),ASUN,64,0.56345
2023-24,softball,62,572020,South Dakota St.,Summit League,63,0.56292
2023-24,softball,63,572025,South Fla.,American,73,0.56241
2023-24,softball,64,571936,Notre Dame,ACC,60,0.56209
2023-24,softball,65,572089,Tulsa,American,66,0.56131
2023-24,softball,66,571987,Saint Francis(AQ),NEC,61,0.55917
2023-24,softball,67,572521,Omaha(AQ),Summit League,69,0.55790
2023-24,softball,68,572423,James Madison,Sun Belt,65,0.55691
2023-24,softball,69,572329,Fresno St.,Mountain West,68,0.55682
2023-24,softball,70,572510,North Carolina,ACC,67,0.55616
2023-24,softball,71,572446,Louisiana Tech,CUSA,81,0.55564
2023-24,softball,72,572331,Cal St. Fullerton(AQ),Big West,74,0.55458
2023-24,softball,73,572303,Boston College,ACC,72,0.55430
2023-24,softball,74,572063,Chattanooga(AQ),SoCon,71,0.55387
2023-24,softball,75,572488,Minnesota,Big Ten,78,0.55222
2023-24,softball,76,572242,North Florida,ASUN,70,0.55198
2023-24,softball,77,571927,UNI,MVC,75,0.55152
2023-24,softball,78,571948,Oregon St.,Pac-12,76,0.55086
2023-24,softball,79,571920,North Texas,American,80,0.54580
2023-24,softball,80,572140,Coastal Carolina,Sun Belt,77,0.54334
2023-24,softball,81,572453,LMU (CA),WCC,89,0.54168
2023-24,softball,82,572056,Syracuse,ACC,82,0.54157
2023-24,softball,83,572176,East Carolina,American,83,0.54123
2023-24,softball,84,572098,Villanova(AQ),Big East,84,0.54043
2023-24,softball,85,572280,Arizona St.,Pac-12,90,0.54035
2023-24,softball,86,572117,Western Ky.,CUSA,85,0.53969
2023-24,softball,87,571979,Rutgers,Big Ten,86,0.53928
2023-24,softball,88,572244,UIW,Southland,79,0.53840
2023-24,softball,89,572411,Iowa St.,Big 12,88,0.53701
2023-24,softball,90,571969,Purdue,Big Ten,91,0.53638
2023-24,softball,91,572144,Colorado St.,Mountain West,87,0.53622
2023-24,softball,92,572388,Houston,Big 12,93,0.53260
2023-24,softball,93,572219,Central Ark.,ASUN,95,0.53240
2023-24,softball,94,572128,Campbell,CAA,92,0.53209
2023-24,softball,95,572027,Southeast Mo. St.(AQ),OVC,97,0.53007
2023-24,softball,96,572167,Delaware,CAA,94,0.52793
2023-24,softball,97,571922,ULM,Sun Belt,96,0.52757
2023-24,softball,98,572148,UConn,Big East,98,0.52630
2023-24,softball,99,572054,Stony Brook,CAA,101,0.52456
2023-24,softball,100,572483,Michigan St.,Big Ten,103,0.52152
2023-24,softball,101,572346,North Ala.,ASUN,100,0.52129
2023-24,softball,102,572212,Wisconsin,Big Ten,106,0.52127
2023-24,softball,103,572523,UNLV,Mountain West,99,0.52095
2023-24,softball,104,572337,Sacramento St.,Big Sky,109,0.52006
2023-24,softball,105,572154,Creighton,Big East,104,0.51847
2023-24,softball,106,572333,Long Beach St.,Big West,110,0.51841
2023-24,softball,107,572180,Eastern Ill.,OVC,107,0.51789
2023-24,softball,108,572527,New Mexico St.,CUSA,108,0.51783
2023-24,softball,109,572396,Illinois,Big Ten,115,0.51694
2023-24,softball,109,572533,Nicholls,Southland,102,0.51694
2023-24,softball,111,572273,UAlbany(AQ),America East,105,0.51436
2023-24,softball,112,572467,Maryland,Big Ten,121,0.51365
2023-24,softball,113,571943,Ohio,MAC,111,0.51231
2023-24,softball,114,572463,Marshall,Sun Belt,114,0.51227
2023-24,softball,115,572271,UAB,American,112,0.51163
2023-24,softball,116,572435,Lehigh,Patriot,113,0.51122
2023-24,softball,117,572517,UNCW(AQ),CAA,116,0.51008
2023-24,softball,118,572225,Gardner-Webb,Big South,117,0.50976
2023-24,softball,119,572418,Jacksonville St.,CUSA,120,0.50972
2023-24,softball,120,572325,Cal Poly,Big West,118,0.50951
2023-24,softball,121,571964,Princeton,Ivy League,119,0.50812
2023-24,softball,122,572362,Ga. Southern,Sun Belt,122,0.50494
2023-24,softball,123,572008,Santa Clara,WCC,127,0.50419
2023-24,softball,124,572250,Belmont,MVC,126,0.50374
2023-24,softball,125,572159,Dayton(AQ),Atlantic 10,123,0.50351
2023-24,softball,126,572247,USC Upstate(AQ),Big South,124,0.50325
2023-24,softball,127,572515,UNC Greensboro,SoCon,125,0.50261
2023-24,softball,128,571958,Pittsburgh,ACC,128,0.50111
2023-24,softball,129,572300,Binghamton,America East,130,0.50104
2023-24,softball,130,572078,UTEP,CUSA,134,0.50039
2023-24,softball,131,572036,Southern Miss.,Sun Belt,132,0.49968
2023-24,softball,132,571996,Saint Mary's (CA)(AQ),WCC,135,0.49882
2023-24,softball,133,572377,Harvard(AQ),Ivy League,128,0.49851
2023-24,softball,134,572067,UT Martin,OVC,137,0.49837
2023-24,softball,135,572549,Queens (NC),ASUN,131,0.49765
2023-24,softball,136,572258,Utah Valley,WAC,139,0.49762
2023-24,softball,137,572442,Longwood,Big South,141,0.49391
2023-24,softball,138,572195,FIU,CUSA,138,0.49383
2023-24,softball,139,572434,Lamar University,Southland,133,0.49342
2023-24,softball,140,572157,Dartmouth,Ivy League,147,0.49319
2023-24,softball,141,572414,Iowa,Big Ten,151,0.49313
2023-24,softball,142,572171,Drake,MVC,144,0.49289
2023-24,softball,143,572129,Canisius,MAAC,140,0.49269
2023-24,softball,144,572119,Western Mich.,MAC,136,0.49251
2023-24,softball,145,571966,Providence,Big East,142,0.49133
2023-24,softball,146,572223,Elon,CAA,146,0.48992
2023-24,softball,147,572421,Jacksonville,ASUN,153,0.48940
2023-24,softball,148,572554,Southern Ind.,OVC,143,0.48925
2023-24,softball,149,572291,Ball St.,MAC,156,0.48848
2023-24,softball,150,572010,Seton Hall,Big East,145,0.48822
2023-24,softball,151,572289,Austin Peay,ASUN,154,0.48809
2023-24,softball,152,572292,Charleston So.,Big South,159,0.48808
2023-24,softball,153,572111,Weber St.,Big Sky,165,0.48799
2023-24,softball,154,572531,Niagara,MAAC,152,0.48767
2023-24,softball,155,572234,Seattle U,WAC,160,0.48751
2023-24,softball,156,572440,LIU,NEC,149,0.48748
2023-24,softball,157,572344,California Baptist,WAC,155,0.48734
2023-24,softball,158,572460,Marist,MAAC,148,0.48692
2023-24,softball,159,571923,Northern Colo.,Big Sky,157,0.48497
2023-24,softball,160,572455,Loyola Chicago,Atlantic 10,158,0.48435
2023-24,softball,161,572316,Bryant,America East,150,0.48379
2023-24,softball,162,572059,Tennessee St.,OVC,161,0.48352
2023-24,softball,163,572001,Samford,SoCon,178,0.48336
2023-24,softball,164,572310,Bradley,MVC,162,0.48318
2023-24,softball,165,572093,Utah St.,Mountain West,164,0.48297
2023-24,softball,166,571939,Oakland,Horizon,169,0.48175
2023-24,softball,167,572215,Yale,Ivy League,166,0.48148
2023-24,softball,168,571972,Radford,Big South,167,0.48100
2023-24,softball,169,572428,Kent St.,MAC,175,0.48004
2023-24,softball,170,571999,Sam Houston,CUSA,172,0.47978
2023-24,softball,171,572007,San Jose St.,Mountain West,171,0.47884
2023-24,softball,172,572192,Florida A&M,SWAC,182,0.47844
2023-24,softball,173,572082,Toledo,MAC,168,0.47805
2023-24,softball,174,572552,Lindenwood,OVC,170,0.47763
2023-24,softball,175,571989,St. John's (NY),Big East,163,0.47709
2023-24,softball,176,572278,App State,Sun Belt,176,0.47605
2023-24,softball,177,572335,CSUN,Big West,183,0.47582
2023-24,softball,178,572382,Hofstra,CAA,179,0.47509
2023-24,softball,179,572131,Central Conn. St.,NEC,173,0.47453
2023-24,softball,180,572075,UT Arlington,WAC,186,0.47390
2023-24,softball,181,572217,Youngstown St.,Horizon,177,0.47370
2023-24,softball,182,571994,Saint Louis,Atlantic 10,174,0.47368
2023-24,softball,183,572240,Kansas City,Summit League,187,0.47317
2023-24,softball,184,572005,San Diego,WCC,188,0.47309
2023-24,softball,185,572041,Missouri St.,MVC,189,0.47301
2023-24,softball,186,572052,Stetson,ASUN,184,0.47179
2023-24,softball,187,572199,UC Davis,Big West,195,0.47148
2023-24,softball,188,572504,Morgan St.(AQ),MEAC,185,0.47120
2023-24,softball,189,572386,Houston Christian,Southland,180,0.47069
2023-24,softball,190,572125,UC Riverside,Big West,202,0.47027
2023-24,softball,191,572352,Fordham,Atlantic 10,199,0.47002
2023-24,softball,192,572339,UC Santa Barbara,Big West,197,0.46988
2023-24,softball,193,572208,Winthrop,Big South,181,0.46942
2023-24,softball,194,572395,Illinois St.,MVC,193,0.46900
2023-24,softball,195,572479,Mercer,SoCon,190,0.46898
2023-24,softball,196,572253,A&M-Corpus Christi,Southland,196,0.46886
2023-24,softball,197,572136,Central Mich.,MAC,200,0.46882
2023-24,softball,198,572393,Idaho St.,Big Sky,198,0.46839
2023-24,softball,199,572039,Southern Utah,WAC,210,0.46728
2023-24,softball,200,575356,Wofford,SoCon,192,0.46679
2023-24,softball,201,572354,Furman,SoCon,205,0.46635
2023-24,softball,202,572379,Hawaii,Big West,207,0.46630
2023-24,softball,203,572539,Tarleton St.,WAC,203,0.46626
2023-24,softball,204,572263,Akron,MAC,191,0.46532
2023-24,softball,205,571929,Northern Ky.(AQ),Horizon,209,0.46498
2023-24,softball,206,572465,UMBC,America East,206,0.46279
2023-24,softball,207,571982,Sacred Heart,NEC,201,0.46237
2023-24,softball,208,572529,New Mexico,Mountain West,194,0.46185
2023-24,softball,209,571960,Portland St.(AQ),Big Sky,212,0.46021
2023-24,softball,210,572390,Howard,MEAC,208,0.45938
2023-24,softball,211,572486,Middle Tenn.,CUSA,221,0.45934
2023-24,softball,212,572147,Columbia,Ivy League,215,0.45851
2023-24,softball,213,572542,Utah Tech,WAC,223,0.45834
2023-24,softball,214,572142,Colgate,Patriot,218,0.45783
2023-24,softball,215,572358,George Washington,Atlantic 10,211,0.45753
2023-24,softball,216,572356,George Mason,Atlantic 10,217,0.45732
2023-24,softball,217,572318,Bucknell,Patriot,216,0.45649
2023-24,softball,218,571962,Prairie View,SWAC,219,0.45571
2023-24,softball,219,571932,Northwestern St.,Southland,220,0.45566
2023-24,softball,220,572023,South Dakota,Summit League,224,0.45505
2023-24,softball,221,572416,Jackson St.(AQ),SWAC,213,0.45442
2023-24,softball,222,571991,Saint Joseph's,Atlantic 10,222,0.45399
2023-24,softball,223,572012,Siena(AQ),MAAC,204,0.45291
2023-24,softball,224,572323,Butler,Big East,214,0.45277
2023-24,softball,225,572402,Indiana St.,MVC,230,0.45192
2023-24,softball,226,571916,North Dakota St.,Summit League,233,0.45088
2023-24,softball,227,571975,Rider,MAAC,225,0.45067
2023-24,softball,228,572546,UC San Diego,Big West,235,0.45021
2023-24,softball,229,572498,Monmouth,CAA,231,0.44870
2023-24,softball,230,572080,UTSA,American,229,0.44866
2023-24,softball,231,572084,Towson,CAA,227,0.44814
2023-24,softball,232,572189,FDU,NEC,228,0.44801
2023-24,softball,233,572508,Murray St.,MVC,226,0.44727
2023-24,softball,234,572472,Massachusetts,Atlantic 10,232,0.44558
2023-24,softball,235,572255,Lipscomb,ASUN,234,0.44326
2023-24,softball,236,571907,St. Thomas (MN),Summit League,238,0.44236
2023-24,softball,237,571952,Pacific,WCC,241,0.44004
2023-24,softball,238,572091,Army West Point,Patriot,242,0.43969
2023-24,softball,239,572206,Merrimack,NEC,239,0.43968
2023-24,softball,240,572137,Cleveland St.,Horizon,244,0.43841
2023-24,softball,241,572230,Kennesaw St.,ASUN,236,0.43830
2023-24,softball,242,572399,UIC,MVC,245,0.43749
2023-24,softball,243,572113,Western Caro.,SoCon,247,0.43605
2023-24,softball,244,572266,Alabama St.,SWAC,240,0.43340
2023-24,softball,245,571956,Penn,Ivy League,252,0.43246
2023-24,softball,246,572450,UMass Lowell,America East,237,0.43115
2023-24,softball,247,572049,SFA,WAC,256,0.43079
2023-24,softball,248,572034,SIUE,OVC,246,0.43018
2023-24,softball,249,572260,Abilene Christian,WAC,257,0.43015
2023-24,softball,250,572321,Buffalo,MAC,249,0.42882
2023-24,softball,251,572060,Tennessee Tech,OVC,243,0.42857
2023-24,softball,252,572477,Memphis,American,255,0.42703
2023-24,softball,253,572297,Bethune-Cookman,SWAC,259,0.42684
2023-24,softball,254,572506,Mount St. Mary's,MAAC,253,0.42629
2023-24,softball,255,572409,Iona,MAAC,250,0.42559
2023-24,softball,256,571925,NIU,MAC,248,0.42526
2023-24,softball,257,572314,Brown,Ivy League,251,0.42473
2023-24,softball,258,572174,Drexel,CAA,258,0.42409
2023-24,softball,259,571977,Robert Morris,Horizon,254,0.42394
2023-24,softball,260,572364,Georgia St.,Sun Belt,260,0.42350
2023-24,softball,261,572072,Texas Southern,SWAC,262,0.42042
2023-24,softball,262,572359,Georgetown,Big East,263,0.41888
2023-24,softball,263,572458,Manhattan,MAAC,267,0.41792
2023-24,softball,264,572185,Evansville,MVC,265,0.41646
2023-24,softball,265,572187,Fairfield,MAAC,271,0.41574
2023-24,softball,266,572502,Morehead St.,OVC,269,0.41450
2023-24,softball,267,572221,Col. of Charleston,CAA,273,0.41315
2023-24,softball,268,572162,DePaul,Big East,272,0.41286
2023-24,softball,269,572150,Coppin St.,MEAC,261,0.41273
2023-24,softball,270,571974,Rhode Island,Atlantic 10,266,0.41269
2023-24,softball,271,571912,N.C. Central,MEAC,264,0.40873
2023-24,softball,272,572457,Maine,America East,278,0.40709
2023-24,softball,273,571918,North Dakota,Summit League,268,0.40696
2023-24,softball,274,572601,Le Moyne,NEC,275,0.40630
2023-24,softball,275,571970,Quinnipiac,MAAC,270,0.40591
2023-24,softball,276,572537,N.C. A&T,CAA,274,0.40543
2023-24,softball,277,572178,ETSU,SoCon,277,0.40526
2023-24,softball,278,572115,Western Ill.,OVC,280,0.40190
2023-24,softball,279,572544,Bellarmine,ASUN,276,0.40017
2023-24,softball,280,572373,Hampton,CAA,281,0.39836
2023-24,softball,281,572097,Valparaiso,MVC,285,0.39426
2023-24,softball,282,572152,Cornell,Ivy League,288,0.39397
2023-24,softball,283,572238,IU Indy,Horizon,286,0.39067
2023-24,softball,284,572232,Presbyterian,Big South,279,0.39041
2023-24,softball,285,572038,Southern U.,SWAC,282,0.38900
2023-24,softball,286,572557,East Texas A&M,Southland,283,0.38745
2023-24,softball,287,572407,Purdue Fort Wayne,Horizon,289,0.38652
2023-24,softball,288,572556,Stonehill,NEC,284,0.38596
2023-24,softball,289,572500,Montana,Big Sky,287,0.38415
2023-24,softball,290,572105,Wagner,NEC,292,0.37834
2023-24,softball,291,571997,Saint Peter's,MAAC,290,0.37726
2023-24,softball,292,572308,Bowling Green,MAC,293,0.37373
2023-24,softball,293,572276,Alcorn,SWAC,297,0.37061
2023-24,softball,294,572211,Green Bay,Horizon,295,0.36891
2023-24,softball,295,572016,South Carolina St.,MEAC,294,0.36848
2023-24,softball,296,572327,CSU Bakersfield,Big West,299,0.35924
2023-24,softball,297,572432,Lafayette,Patriot,296,0.35780
2023-24,softball,298,572384,Holy Cross,Patriot,291,0.35659
2023-24,softball,299,572264,Alabama A&M,SWAC,300,0.35402
2023-24,softball,300,572370,Grambling,SWAC,302,0.35346
2023-24,softball,301,571984,St. Bonaventure,Atlantic 10,301,0.35306
2023-24,softball,302,572236,Ark.-Pine Bluff,SWAC,298,0.35213
2023-24,softball,303,572169,Detroit Mercy,Horizon,303,0.35054
2023-24,softball,304,572470,UMES,MEAC,304,0.34364
2023-24,softball,305,572165,Delaware St.,MEAC,305,0.31917
2023-24,softball,306,572492,Mississippi Val.,SWAC,307,0.30566
2023-24,softball,307,572535,Norfolk St.,MEAC,306,0.30121
2022-23,softball,1,549186,Oklahoma,Big 12,1,0.75464
2022-23,softball,2,549308,UCLA,Pac-12,2,0.72154
2022-23,softball,3,549306,Florida St.,ACC,3,0.68636
2022-23,softball,4,549236,Stanford,Pac-12,4,0.68537
2022-23,softball,5,549185,Oklahoma St.,Big 12,11,0.67689
2022-23,softball,6,549180,Northwestern,Big Ten,7,0.66790
2022-23,softball,7,549309,Duke,ACC,6,0.66775
2022-23,softball,8,549244,Tennessee,SEC,5,0.66572
2022-23,softball,9,549419,LSU,SEC,8,0.66492
2022-23,softball,10,549250,Texas,Big 12,10,0.66333
2022-23,softball,11,549235,Louisiana,Sun Belt,9,0.66274
2022-23,softball,12,549339,Alabama,SEC,13,0.65393
2022-23,softball,13,549265,Washington,Pac-12,12,0.64982
2022-23,softball,14,549346,Arkansas,SEC,17,0.63758
2022-23,softball,15,549373,Clemson,ACC,18,0.63746
2022-23,softball,16,549316,Central Ark.,ASUN,16,0.63571
2022-23,softball,17,549385,Georgia,SEC,15,0.63391
2022-23,softball,18,549259,Utah,Pac-12,14,0.63294
2022-23,softball,19,549351,Baylor,Big 12,23,0.63101
2022-23,softball,20,549188,Oregon,Pac-12,19,0.62664
2022-23,softball,21,549376,Florida,SEC,20,0.62474
2022-23,softball,22,549347,Auburn,SEC,21,0.62335
2022-23,softball,23,549271,Wichita St.,American,25,0.62298
2022-23,softball,24,549262,Virginia Tech,ACC,22,0.62261
2022-23,softball,25,549246,Texas A&M,SEC,26,0.61440
2022-23,softball,26,549440,Minnesota,Big Ten,24,0.61362
2022-23,softball,27,549412,Kentucky,SEC,27,0.61184
2022-23,softball,28,549416,Liberty,ASUN,29,0.60805
2022-23,softball,29,549272,California,Pac-12,31,0.60197
2022-23,softball,30,549222,South Carolina,SEC,28,0.60147
2022-23,softball,31,549401,Indiana,Big Ten,30,0.60017
2022-23,softball,32,549421,Louisville,ACC,32,0.59758
2022-23,softball,33,549214,San Diego St.,Mountain West,36,0.59714
2022-23,softball,34,549452,Charlotte,CUSA,38,0.59654
2022-23,softball,35,549443,Ole Miss,SEC,34,0.59441
2022-23,softball,36,549433,McNeese,Southland,33,0.59387
2022-23,softball,37,549356,Boston U.,Patriot,40,0.59352
2022-23,softball,38,549444,Missouri,SEC,41,0.59043
2022-23,softball,39,549455,Nebraska,Big Ten,35,0.58966
2022-23,softball,40,549234,Texas St.,Sun Belt,44,0.58875
2022-23,softball,41,549368,Cal St. Fullerton,Big West,46,0.58860
2022-23,softball,42,549220,South Alabama,Sun Belt,37,0.58641
2022-23,softball,43,549277,UCF,American,45,0.58455
2022-23,softball,44,549190,Penn St.,Big Ten,39,0.58441
2022-23,softball,45,549181,Notre Dame,ACC,42,0.58377
2022-23,softball,46,549183,Ohio St.,Big Ten,43,0.58300
2022-23,softball,47,549345,Arizona,Pac-12,52,0.57889
2022-23,softball,48,549441,Mississippi St.,SEC,48,0.57886
2022-23,softball,49,549430,Maryland,Big Ten,50,0.57795
2022-23,softball,50,549438,Michigan,Big Ten,51,0.57785
2022-23,softball,51,549223,South Dakota St.,Summit League,54,0.57669
2022-23,softball,52,549410,Kansas,Big 12,56,0.57530
2022-23,softball,53,549428,Marshall,Sun Belt,47,0.57401
2022-23,softball,54,549227,Southeastern La.,Southland,49,0.57103
2022-23,softball,55,549263,Virginia,ACC,58,0.56952
2022-23,softball,56,549354,Boise St.,Mountain West,55,0.56846
2022-23,softball,57,549418,Longwood,Big South,57,0.56791
2022-23,softball,58,549255,Troy,Sun Belt,53,0.56755
2022-23,softball,59,549313,Wisconsin,Big Ten,59,0.56703
2022-23,softball,60,549344,Arizona St.,Pac-12,60,0.56666
2022-23,softball,61,549173,North Texas,CUSA,64,0.56327
2022-23,softball,62,549384,Georgia Tech,ACC,62,0.56319
2022-23,softball,63,549320,Grand Canyon,WAC,63,0.56049
2022-23,softball,64,549405,Iowa,Big Ten,66,0.56045
2022-23,softball,65,549359,BYU,WCC,65,0.55893
2022-23,softball,66,549274,Campbell,Big South,61,0.55810
2022-23,softball,67,549248,Texas Tech,Big 12,67,0.55729
2022-23,softball,68,549261,Villanova,Big East,70,0.55537
2022-23,softball,69,549415,Lehigh,Patriot,71,0.55427
2022-23,softball,70,549404,Iowa St.,Big 12,68,0.55401
2022-23,softball,71,549225,South Fla.,American,75,0.55378
2022-23,softball,72,549333,FGCU,ASUN,69,0.55195
2022-23,softball,73,549369,Long Beach St.,Big West,74,0.55108
2022-23,softball,74,549451,North Carolina,ACC,80,0.55106
2022-23,softball,75,549280,Coastal Carolina,Sun Belt,72,0.55065
2022-23,softball,76,549233,Missouri St.,MVC,81,0.55015
2022-23,softball,77,549284,UConn,Big East,73,0.54901
2022-23,softball,78,549439,Middle Tenn.,CUSA,76,0.54747
2022-23,softball,79,549436,Miami (OH),MAC,79,0.54656
2022-23,softball,80,549203,Rutgers,Big Ten,77,0.54587
2022-23,softball,81,549423,LMU (CA),WCC,82,0.54575
2022-23,softball,82,549177,UNI,MVC,78,0.54546
2022-23,softball,83,549187,Oregon St.,Pac-12,87,0.54455
2022-23,softball,84,549228,Southern Ill.,MVC,83,0.54409
2022-23,softball,85,549269,Western Ky.,CUSA,84,0.54252
2022-23,softball,86,549453,UNC Greensboro,SoCon,88,0.54067
2022-23,softball,87,549409,James Madison,Sun Belt,86,0.54037
2022-23,softball,88,549375,North Ala.,ASUN,85,0.54000
2022-23,softball,89,549398,Illinois,Big Ten,92,0.53987
2022-23,softball,90,549456,Omaha,Summit League,89,0.53749
2022-23,softball,91,549256,Tulsa,American,93,0.53746
2022-23,softball,92,549355,Boston College,ACC,94,0.53611
2022-23,softball,93,549192,Pittsburgh,ACC,90,0.53597
2022-23,softball,94,549218,Seton Hall,Big East,96,0.53550
2022-23,softball,95,549323,Seattle U,WAC,98,0.53518
2022-23,softball,96,549304,Fla. Atlantic,CUSA,95,0.53480
2022-23,softball,97,549466,Utah Tech,WAC,91,0.53175
2022-23,softball,98,549340,UAB,CUSA,97,0.53172
2022-23,softball,99,549420,Louisiana Tech,CUSA,99,0.53142
2022-23,softball,100,549226,Southeast Mo. St.,OVC,101,0.52964
2022-23,softball,101,549407,Jacksonville St.,ASUN,100,0.52857
2022-23,softball,102,549329,USC Upstate,Big South,102,0.52542
2022-23,softball,103,549240,Syracuse,ACC,103,0.52500
2022-23,softball,104,549327,North Florida,ASUN,104,0.52480
2022-23,softball,105,549238,Stetson,ASUN,110,0.52380
2022-23,softball,106,549195,Princeton,Ivy League,107,0.52294
2022-23,softball,107,549184,Ohio,MAC,105,0.52227
2022-23,softball,108,549216,San Jose St.,Mountain West,108,0.52001
2022-23,softball,109,549230,Southern Miss.,Sun Belt,106,0.51920
2022-23,softball,110,549400,Indiana St.,MVC,109,0.51814
2022-23,softball,111,549237,SFA,WAC,114,0.51777
2022-23,softball,112,549275,Canisius,MAAC,111,0.51776
2022-23,softball,113,549348,Austin Peay,ASUN,113,0.51653
2022-23,softball,114,549197,Purdue,Big Ten,117,0.51577
2022-23,softball,115,549330,Belmont,MVC,118,0.51538
2022-23,softball,116,549397,Illinois St.,MVC,112,0.51535
2022-23,softball,117,549307,UC Davis,Big West,115,0.51470
2022-23,softball,118,549174,ULM,Sun Belt,122,0.51216
2022-23,softball,119,549353,Binghamton,America East,119,0.51201
2022-23,softball,119,549458,Nevada,Mountain West,121,0.51201
2022-23,softball,121,549394,Houston,American,123,0.51116
2022-23,softball,122,549370,CSUN,Big West,116,0.51089
2022-23,softball,123,549450,Murray St.,MVC,120,0.51032
2022-23,softball,124,549282,Colorado St.,Mountain West,124,0.50988
2022-23,softball,125,549289,Dayton,Atlantic 10,125,0.50640
2022-23,softball,126,549408,Jacksonville,ASUN,128,0.50395
2022-23,softball,127,549374,California Baptist,WAC,133,0.50392
2022-23,softball,128,549331,A&M-Corpus Christi,Southland,131,0.50350
2022-23,softball,129,549449,Mount St. Mary's,MAAC,127,0.50340
2022-23,softball,130,549311,Winthrop,Big South,130,0.50320
2022-23,softball,131,549379,George Mason,Atlantic 10,126,0.50255
2022-23,softball,132,549171,North Dakota St.,Summit League,136,0.50232
2022-23,softball,133,549215,San Diego,WCC,135,0.50188
2022-23,softball,134,549389,Harvard,Ivy League,134,0.50121
2022-23,softball,135,549341,UAlbany,America East,129,0.50068
2022-23,softball,136,549350,Charleston So.,Big South,136,0.49752
2022-23,softball,137,549343,App State,Sun Belt,139,0.49669
2022-23,softball,138,549424,Loyola Chicago,Atlantic 10,138,0.49613
2022-23,softball,139,549365,Cal Poly,Big West,140,0.49442
2022-23,softball,140,549429,UMBC,America East,132,0.49439
2022-23,softball,141,549391,Hofstra,CAA,144,0.49313
2022-23,softball,142,549292,Delaware,CAA,141,0.49184
2022-23,softball,143,549437,Michigan St.,Big Ten,142,0.49089
2022-23,softball,144,549372,UC Santa Barbara,Big West,143,0.49082
2022-23,softball,145,549212,Sam Houston,WAC,147,0.48983
2022-23,softball,146,549321,Kennesaw St.,ASUN,155,0.48972
2022-23,softball,147,549390,Hawaii,Big West,146,0.48964
2022-23,softball,148,549273,UC Riverside,Big West,148,0.48883
2022-23,softball,149,549367,Fresno St.,Mountain West,145,0.48587
2022-23,softball,150,549296,East Carolina,American,151,0.48522
2022-23,softball,151,549336,Akron,MAC,154,0.48496
2022-23,softball,152,549278,Central Mich.,MAC,159,0.48470
2022-23,softball,153,549170,NC State,ACC,150,0.48444
2022-23,softball,153,549322,Presbyterian,Big South,152,0.48444
2022-23,softball,155,549257,Army West Point,Patriot,160,0.48402
2022-23,softball,156,549382,Ga. Southern,Sun Belt,156,0.48393
2022-23,softball,157,549332,Lipscomb,ASUN,157,0.48380
2022-23,softball,158,549427,Marist,MAAC,153,0.48322
2022-23,softball,159,549462,Nicholls,Southland,158,0.48317
2022-23,softball,160,549179,Northwestern St.,Southland,164,0.48149
2022-23,softball,161,549465,Tarleton St.,WAC,149,0.48031
2022-23,softball,162,549213,Samford,SoCon,163,0.48028
2022-23,softball,163,549349,Ball St.,MAC,161,0.47965
2022-23,softball,164,549254,Towson,CAA,162,0.47926
2022-23,softball,165,549224,South Dakota,Summit League,172,0.47831
2022-23,softball,166,549249,UT Arlington,WAC,175,0.47796
2022-23,softball,167,549243,Chattanooga,SoCon,176,0.47789
2022-23,softball,168,549417,LIU,NEC,167,0.47751
2022-23,softball,169,549371,Sacramento St.,Big Sky,169,0.47709
2022-23,softball,170,549194,Prairie View,SWAC,171,0.47612
2022-23,softball,171,549219,Siena,MAAC,166,0.47515
2022-23,softball,172,549305,FIU,CUSA,168,0.47494
2022-23,softball,173,549299,Eastern Ky.,ASUN,174,0.47388
2022-23,softball,174,549209,Saint Louis,Atlantic 10,165,0.47372
2022-23,softball,175,549301,Fairfield,MAAC,173,0.47360
2022-23,softball,176,549459,New Mexico St.,WAC,182,0.47324
2022-23,softball,177,549318,Elon,CAA,184,0.47296
2022-23,softball,178,549460,New Mexico,Mountain West,186,0.47239
2022-23,softball,179,549599,Queens (NC),ASUN,181,0.47184
2022-23,softball,180,549457,UNLV,Mountain West,170,0.47171
2022-23,softball,181,549176,NIU,MAC,180,0.47118
2022-23,softball,182,549217,Santa Clara,WCC,179,0.47111
2022-23,softball,183,549319,Gardner-Webb,Big South,178,0.46994
2022-23,softball,184,549207,St. John's (NY),Big East,177,0.46976
2022-23,softball,185,549258,Utah St.,Mountain West,189,0.46959
2022-23,softball,186,549206,Saint Francis,NEC,190,0.46875
2022-23,softball,187,549253,Toledo,MAC,195,0.46817
2022-23,softball,188,549468,UC San Diego,Big West,192,0.46786
2022-23,softball,189,549454,UNCW,CAA,187,0.46782
2022-23,softball,190,549229,SIUE,OVC,193,0.46726
2022-23,softball,191,549411,Kent St.,MAC,191,0.46630
2022-23,softball,192,549328,UIW,Southland,185,0.46543
2022-23,softball,193,549266,Weber St.,Big Sky,200,0.46487
2022-23,softball,194,549378,Furman,SoCon,194,0.46460
2022-23,softball,195,549414,Lamar University,Southland,188,0.46450
2022-23,softball,196,549239,Stony Brook,CAA,196,0.46389
2022-23,softball,197,549241,Tennessee St.,OVC,198,0.46329
2022-23,softball,198,549298,Eastern Ill.,OVC,183,0.46285
2022-23,softball,199,549314,Yale,Ivy League,205,0.46283
2022-23,softball,200,549290,DePaul,Big East,202,0.46233
2022-23,softball,201,549334,Utah Valley,WAC,204,0.46197
2022-23,softball,202,549294,Drake,MVC,208,0.46132
2022-23,softball,203,549666,Southern Ind.,OVC,203,0.45975
2022-23,softball,204,549422,UMass Lowell,America East,197,0.45972
2022-23,softball,205,549210,Saint Mary's (CA),WCC,199,0.45953
2022-23,softball,206,549383,Georgia St.,Sun Belt,201,0.45847
2022-23,softball,207,549175,Northern Colo.,Big Sky,209,0.45715
2022-23,softball,208,549364,Butler,Big East,207,0.45697
2022-23,softball,209,549435,Mercer,SoCon,206,0.45625
2022-23,softball,210,549202,Robert Morris,Horizon,210,0.45594
2022-23,softball,210,549396,Idaho St.,Big Sky,213,0.45594
2022-23,softball,212,549393,Houston Christian,Southland,212,0.45445
2022-23,softball,213,549208,Saint Joseph's,Atlantic 10,217,0.45374
2022-23,softball,214,549178,Northern Ky.,Horizon,218,0.45305
2022-23,softball,215,549182,Oakland,Horizon,220,0.45194
2022-23,softball,216,549199,Radford,Big South,215,0.45171
2022-23,softball,217,549300,Evansville,MVC,216,0.45110
2022-23,softball,218,549403,Iona,MAAC,211,0.45106
2022-23,softball,219,549267,Western Caro.,SoCon,221,0.44993
2022-23,softball,220,549281,Colgate,Patriot,223,0.44789
2022-23,softball,221,549286,Cornell,Ivy League,227,0.44784
2022-23,softball,222,549276,Central Conn. St.,NEC,219,0.44667
2022-23,softball,223,549302,FDU,NEC,214,0.44660
2022-23,softball,224,549377,Fordham,Atlantic 10,225,0.44398
2022-23,softball,225,549270,Western Mich.,MAC,222,0.44396
2022-23,softball,226,549448,Morgan St.,MEAC,224,0.44381
2022-23,softball,227,549381,Georgetown,Big East,228,0.44339
2022-23,softball,228,549745,East Texas A&M,Southland,234,0.43950
2022-23,softball,229,549283,Columbia,Ivy League,232,0.43739
2022-23,softball,230,549352,Bethune-Cookman,SWAC,233,0.43717
2022-23,softball,231,549362,Bucknell,Patriot,230,0.43703
2022-23,softball,232,549386,Grambling,SWAC,235,0.43632
2022-23,softball,233,549193,Portland St.,Big Sky,240,0.43539
2022-23,softball,234,549287,Creighton,Big East,236,0.43508
2022-23,softball,235,549303,Florida A&M,SWAC,238,0.43390
2022-23,softball,236,549399,UIC,MVC,244,0.43303
2022-23,softball,237,549201,Rider,MAAC,229,0.43264
2022-23,softball,238,549245,UT Martin,OVC,226,0.43243
2022-23,softball,239,549432,Massachusetts,Atlantic 10,237,0.43218
2022-23,softball,240,549325,IU Indy,Horizon,247,0.43076
2022-23,softball,241,549200,Rhode Island,Atlantic 10,231,0.43064
2022-23,softball,242,549335,Abilene Christian,WAC,239,0.43036
2022-23,softball,243,549317,Col. of Charleston,CAA,243,0.42991
2022-23,softball,244,549358,Bradley,MVC,248,0.42937
2022-23,softball,245,549338,Alabama St.,SWAC,250,0.42880
2022-23,softball,246,549434,Memphis,American,249,0.42865
2022-23,softball,247,549380,George Washington,Atlantic 10,245,0.42706
2022-23,softball,248,549211,Saint Peter's,MAAC,241,0.42458
2022-23,softball,249,549204,Sacred Heart,NEC,254,0.42390
2022-23,softball,250,549297,ETSU,SoCon,252,0.42264
2022-23,softball,251,549425,Maine,America East,251,0.42184
2022-23,softball,252,549232,Southern Utah,WAC,259,0.42169
2022-23,softball,253,549196,Providence,Big East,253,0.42142
2022-23,softball,254,549463,Norfolk St.,MEAC,246,0.42137
2022-23,softball,255,549251,UTEP,CUSA,257,0.42052
2022-23,softball,256,549310,Merrimack,NEC,242,0.42002
2022-23,softball,257,549247,Texas Southern,SWAC,262,0.41951
2022-23,softball,258,549395,Howard,MEAC,261,0.41846
2022-23,softball,259,549189,Pacific,WCC,256,0.41824
2022-23,softball,260,549252,UTSA,CUSA,266,0.41761
2022-23,softball,261,549315,Youngstown St.,Horizon,255,0.41654
2022-23,softball,262,549169,N.C. Central,MEAC,264,0.41640
2022-23,softball,263,549168,St. Thomas (MN),Summit League,260,0.41433
2022-23,softball,264,549361,Bryant,America East,258,0.41314
2022-23,softball,265,549279,Cleveland St.,Horizon,268,0.41279
2022-23,softball,266,549464,N.C. A&T,CAA,269,0.41184
2022-23,softball,267,549447,Morehead St.,OVC,265,0.41016
2022-23,softball,268,549312,Green Bay,Horizon,267,0.40937
2022-23,softball,269,549413,Lafayette,Patriot,270,0.40889
2022-23,softball,270,549198,Quinnipiac,MAAC,263,0.40823
2022-23,softball,271,549639,Lindenwood,OVC,271,0.40822
2022-23,softball,272,549264,Wagner,NEC,272,0.40576
2022-23,softball,273,549366,CSU Bakersfield,Big West,277,0.40515
2022-23,softball,274,549288,Dartmouth,Ivy League,273,0.40298
2022-23,softball,275,549402,Purdue Fort Wayne,Horizon,279,0.40171
2022-23,softball,276,549360,Brown,Ivy League,275,0.40105
2022-23,softball,277,549363,Buffalo,MAC,276,0.39955
2022-23,softball,278,549342,Alcorn,SWAC,283,0.39927
2022-23,softball,279,549337,Alabama A&M,SWAC,284,0.39795
2022-23,softball,280,549406,Jackson St.,SWAC,284,0.39675
2022-23,softball,281,549285,Coppin St.,MEAC,280,0.39647
2022-23,softball,282,549387,Hampton,CAA,278,0.39548
2022-23,softball,283,549426,Manhattan,MAAC,274,0.39522
2022-23,softball,284,549467,Bellarmine,ASUN,287,0.39265
2022-23,softball,285,549445,Monmouth,CAA,293,0.39177
2022-23,softball,286,549295,Drexel,CAA,288,0.39041
2022-23,softball,287,549446,Montana,Big Sky,292,0.39003
2022-23,softball,288,549172,North Dakota,Summit League,281,0.38987
2022-23,softball,289,549260,Valparaiso,MVC,290,0.38851
2022-23,softball,290,549461,Niagara,MAAC,291,0.38782
2022-23,softball,291,549388,Hartford,DI Independent,289,0.38753
2022-23,softball,292,549205,St. Bonaventure,Atlantic 10,286,0.38493
2022-23,softball,293,549392,Holy Cross,Patriot,282,0.38401
2022-23,softball,294,549326,Kansas City,Summit League,294,0.38138
2022-23,softball,295,549357,Bowling Green,MAC,296,0.37673
2022-23,softball,296,549191,Penn,Ivy League,297,0.37302
2022-23,softball,297,549242,Tennessee Tech,OVC,298,0.36917
2022-23,softball,298,549431,UMES,MEAC,295,0.36757
2022-23,softball,299,549231,Southern U.,SWAC,299,0.36405
2022-23,softball,300,549268,Western Ill.,Summit League,300,0.34889
2022-23,softball,301,549221,South Carolina St.,MEAC,301,0.34559
2022-23,softball,302,549442,Mississippi Val.,SWAC,303,0.34369
2022-23,softball,303,549667,Stonehill,NEC,302,0.34245
2022-23,softball,304,549293,Detroit Mercy,Horizon,304,0.32450
2022-23,softball,305,549324,Ark.-Pine Bluff,SWAC,305,0.31235
2022-23,softball,306,549291,Delaware St.,MEAC,306,0.30091
2021-22,softball,1,532549,Tennessee,SEC,9,1
2021-22,softball,2,532493,Oregon,Pac-12,16,2
2021-22,softball,3,532725,LSU,SEC,20,3
2021-22,softball,5,532747,Mississippi St.,SEC,29,4
2021-22,softball,4,532678,Clemson,ACC,10,5
2021-22,softball,6,532564,Utah,Pac-12,42,6
2021-22,softball,7,532651,Arkansas,SEC,4,7
2021-22,softball,8,532567,Virginia Tech,ACC,2,8
2021-22,softball,10,532644,Alabama,SEC,6,9
2021-22,softball,12,532497,Pittsburgh,ACC,95,10
2021-22,softball,11,532746,Minnesota,Big Ten,37,11
2021-22,softball,9,532570,Washington,Pac-12,14,12
2021-22,softball,13,532715,Kansas,Big 12,98,13
2021-22,softball,17,532681,Florida,SEC,13,14
2021-22,softball,16,532551,Texas A&M,SEC,38,15
2021-22,softball,15,532744,Michigan,Big Ten,19,16
2021-22,softball,18,532727,Louisville,ACC,46,17
2021-22,softball,14,532750,Missouri,SEC,22,18
2021-22,softball,19,532527,South Carolina,SEC,54,19
2021-22,softball,21,532757,North Carolina,ACC,59,20
2021-22,softball,20,532555,Texas,Big 12,17,21
2021-22,softball,22,532717,Kentucky,SEC,23,22
2021-22,softball,25,532749,Ole Miss,SEC,21,23
2021-22,softball,24,532649,Arizona St.,Pac-12,7,24
2021-22,softball,27,532689,Georgia Tech,ACC,24,25
2021-22,softball,26,532577,California,Pac-12,50,26
2021-22,softball,31,532613,UCLA,Pac-12,5,27
2021-22,softball,23,532490,Oklahoma St.,Big 12,11,28
2021-22,softball,29,532709,Iowa St.,Big 12,58,29
2021-22,softball,28,532488,Ohio St.,Big Ten,26,30
2021-22,softball,30,532660,Boston College,ACC,82,31
2021-22,softball,33,532614,Duke,ACC,8,32
2021-22,softball,34,532485,Northwestern,Big Ten,12,33
2021-22,softball,36,532758,Charlotte,CUSA,39,34
2021-22,softball,32,532611,Florida St.,ACC,3,35
2021-22,softball,40,532492,Oregon St.,Pac-12,33,36
2021-22,softball,35,532568,Virginia,ACC,52,37
2021-22,softball,37,532553,Texas Tech,Big 12,79,38
2021-22,softball,39,532690,Georgia,SEC,25,39
2021-22,softball,38,532541,Stanford,Pac-12,31,40
2021-22,softball,42,532645,UAB,CUSA,74,41
2021-22,softball,41,532491,Oklahoma,Big 12,1,42
2021-22,softball,43,532618,Wisconsin,Big Ten,44,43
2021-22,softball,45,532703,Illinois,Big Ten,35,44
2021-22,softball,46,532520,San Diego,WCC,128,45
2021-22,softball,44,532582,UCF,American,15,45
2021-22,softball,47,532710,Iowa,Big Ten,105,47
2021-22,softball,49,532699,Houston,American,80,48
2021-22,softball,51,532525,South Alabama,Sun Belt,67,49
2021-22,softball,53,532656,Baylor,Big 12,68,50
2021-22,softball,48,532761,Nebraska,Big Ten,27,51
2021-22,softball,50,532561,Tulsa,American,116,52
2021-22,softball,52,532650,Arizona,Pac-12,45,53
2021-22,softball,55,532638,FGCU,ASUN,142,54
2021-22,softball,54,532706,Indiana,Big Ten,60,55
2021-22,softball,56,532495,Penn St.,Big Ten,53,56
2021-22,softball,57,532486,Notre Dame,ACC,18,57
2021-22,softball,58,532576,Wichita St.,American,36,58
2021-22,softball,59,532652,Auburn,SEC,30,59
2021-22,softball,63,532745,Middle Tenn.,CUSA,149,60
2021-22,softball,62,532610,FIU,CUSA,143,61
2021-22,softball,64,532765,New Mexico St.,WAC,197,62
2021-22,softball,60,532724,Longwood,Big South,72,63
2021-22,softball,61,532722,Liberty,ASUN,32,64
2021-22,softball,65,532696,Hofstra,CAA,130,65
2021-22,softball,68,532512,St. John's (NY),Big East,212,66
2021-22,softball,67,532714,James Madison,CAA,106,67
2021-22,softball,69,532475,NC State,ACC,70,68
2021-22,softball,66,532540,Louisiana,Sun Belt,28,69
2021-22,softball,70,532545,Syracuse,ACC,84,70
2021-22,softball,76,532631,Kansas City,Summit League,204,71
2021-22,softball,74,532743,Michigan St.,Big Ten,115,72
2021-22,softball,73,532739,McNeese,Southland,57,73
2021-22,softball,75,532557,UTSA,CUSA,151,74
2021-22,softball,71,532478,North Texas,CUSA,41,75
2021-22,softball,80,532736,Maryland,Big Ten,85,76
2021-22,softball,78,532740,Memphis,American,187,77
2021-22,softball,72,532672,Fresno St.,Mountain West,170,78
2021-22,softball,82,532609,Fla. Atlantic,CUSA,99,79
2021-22,softball,83,532508,Rutgers,Big Ten,119,80
2021-22,softball,81,532585,Coastal Carolina,Sun Belt,121,81
2021-22,softball,86,532597,Delaware,CAA,75,82
2021-22,softball,77,532539,Texas St.,Sun Belt,51,83
2021-22,softball,84,532556,UTEP,CUSA,195,84
2021-22,softball,79,532574,Western Ky.,CUSA,34,85
2021-22,softball,85,532702,Illinois St.,MVC,132,86
2021-22,softball,88,532595,DePaul,Big East,100,87
2021-22,softball,87,532626,Kennesaw St.,ASUN,131,88
2021-22,softball,89,532519,San Diego St.,Mountain West,47,89
2021-22,softball,94,533320,St. Thomas (MN),Summit League,220,90
2021-22,softball,93,532641,Akron,MAC,186,91
2021-22,softball,91,532599,Drake,MVC,148,92
2021-22,softball,90,532502,Purdue,Big Ten,134,93
2021-22,softball,92,532537,Southern Utah,Big Sky,281,94
2021-22,softball,95,532560,Troy,Sun Belt,83,95
2021-22,softball,99,532534,SIUE,OVC,193,96
2021-22,softball,98,532535,Southern Miss.,CUSA,102,97
2021-22,softball,100,532768,Nicholls,Southland,232,98
2021-22,softball,96,532661,Boston U.,Patriot,56,99
2021-22,softball,103,532679,California Baptist,WAC,109,100
2021-22,softball,106,532667,Bucknell,Patriot,264,101
2021-22,softball,102,532673,Cal St. Fullerton,Big West,76,102
2021-22,softball,97,532566,Villanova,Big East,89,103
2021-22,softball,105,532589,UConn,Big East,61,104
2021-22,softball,108,532592,Creighton,Big East,193,105
2021-22,softball,101,532579,Campbell,Big South,65,106
2021-22,softball,112,532601,East Carolina,American,185,107
2021-22,softball,114,532621,Central Ark.,ASUN,78,108
2021-22,softball,113,532683,Furman,SoCon,173,109
2021-22,softball,118,532637,Lipscomb,ASUN,179,110
2021-22,softball,115,532764,Nevada,Mountain West,210,111
2021-22,softball,116,532688,Georgia St.,Sun Belt,171,112
2021-22,softball,104,532530,South Fla.,American,40,113
2021-22,softball,117,532734,Marshall,CUSA,73,114
2021-22,softball,125,532677,UC Santa Barbara,Big West,227,115
2021-22,softball,120,532513,Saint Joseph's,Atlantic 10,140,116
2021-22,softball,119,532554,UT Arlington,Sun Belt,146,117
2021-22,softball,122,532730,Loyola Chicago,MVC,191,118
2021-22,softball,109,532674,Long Beach St.,Big West,101,119
2021-22,softball,124,532531,Southeast Mo. St.,OVC,112,120
2021-22,softball,121,532770,N.C. A&T,Big South,234,121
2021-22,softball,107,532587,Colorado St.,Mountain West,172,122
2021-22,softball,123,532628,Seattle U,WAC,107,123
2021-22,softball,126,532514,Saint Louis,Atlantic 10,167,124
2021-22,softball,128,532774,UC San Diego,Big West,127,125
2021-22,softball,110,532538,Missouri St.,MVC,87,126
2021-22,softball,127,532479,ULM,Sun Belt,141,127
2021-22,softball,129,532772,Utah Tech,WAC,189,128
2021-22,softball,130,532602,ETSU,SoCon,268,129
2021-22,softball,133,532659,Boise St.,Mountain West,43,130
2021-22,softball,111,532721,Lehigh,Patriot,94,131
2021-22,softball,137,532695,Hawaii,Big West,123,132
2021-22,softball,134,532687,Ga. Southern,Sun Belt,228,133
2021-22,softball,135,532654,Ball St.,MAC,177,134
2021-22,softball,136,532521,San Jose St.,Mountain West,174,135
2021-22,softball,138,532573,Western Ill.,Summit League,263,136
2021-22,softball,131,532482,UNI,MVC,71,137
2021-22,softball,143,532729,LMU (CA),WCC,63,138
2021-22,softball,132,532632,North Florida,ASUN,62,139
2021-22,softball,151,532675,CSUN,Big West,160,140
2021-22,softball,141,532558,Toledo,MAC,254,141
2021-22,softball,140,532759,UNC Greensboro,SoCon,77,142
2021-22,softball,139,532510,St. Bonaventure,Atlantic 10,279,143
2021-22,softball,145,532559,Towson,CAA,236,144
2021-22,softball,142,532483,Northern Ky.,Horizon,162,145
2021-22,softball,144,532546,Tennessee St.,OVC,241,146
2021-22,softball,153,532563,Utah St.,Mountain West,150,147
2021-22,softball,149,532518,Samford,SoCon,96,148
2021-22,softball,148,532533,Southern Ill.,MVC,111,149
2021-22,softball,152,532753,Morehead St.,OVC,271,150
2021-22,softball,154,532489,Ohio,MAC,156,151
2021-22,softball,157,532716,Kent St.,MAC,182,152
2021-22,softball,156,532738,Massachusetts,Atlantic 10,211,153
2021-22,softball,160,532692,Hampton,Big South,230,154
2021-22,softball,161,532686,Georgetown,Big East,217,155
2021-22,softball,162,532543,Stetson,ASUN,202,156
2021-22,softball,165,532501,Providence,Big East,144,157
2021-22,softball,159,532523,Seton Hall,Big East,165,158
2021-22,softball,146,532542,SFA,WAC,120,159
2021-22,softball,158,532517,Sam Houston,WAC,239,160
2021-22,softball,170,532498,Portland St.,Big Sky,117,161
2021-22,softball,167,532653,Austin Peay,OVC,126,162
2021-22,softball,168,532704,UIC,Horizon,250,163
2021-22,softball,173,532544,Stony Brook,America East,103,164
2021-22,softball,169,532713,Jacksonville,ASUN,223,165
2021-22,softball,171,532741,Mercer,SoCon,235,166
2021-22,softball,172,532671,CSU Bakersfield,Big West,274,167
2021-22,softball,163,532571,Weber St.,Big Sky,49,168
2021-22,softball,150,532635,Belmont,OVC,91,169
2021-22,softball,155,532742,Miami (OH),MAC,69,170
2021-22,softball,175,532636,A&M-Corpus Christi,Southland,163,171
2021-22,softball,174,532604,Eastern Ky.,ASUN,247,172
2021-22,softball,179,532562,Army West Point,Patriot,216,173
2021-22,softball,164,532646,UAlbany,America East,125,174
2021-22,softball,177,532726,Louisiana Tech,CUSA,88,175
2021-22,softball,180,532616,Winthrop,Big South,233,176
2021-22,softball,178,532504,Radford,Big South,207,177
2021-22,softball,188,532763,UNLV,Mountain West,66,178
2021-22,softball,147,532528,South Dakota St.,Summit League,48,179
2021-22,softball,182,532751,Monmouth,MAAC,268,180
2021-22,softball,181,532633,UIW,Southland,249,181
2021-22,softball,183,532731,Maine,America East,283,182
2021-22,softball,185,532663,Bradley,MVC,155,183
2021-22,softball,187,532506,Rider,MAAC,166,184
2021-22,softball,184,532532,Southeastern La.,Southland,86,185
2021-22,softball,166,532682,Fordham,Atlantic 10,113,186
2021-22,softball,189,532581,Central Conn. St.,NEC,289,187
2021-22,softball,176,532676,Sacramento St.,Big Sky,139,188
2021-22,softball,193,532583,Central Mich.,MAC,157,189
2021-22,softball,190,532712,Jacksonville St.,ASUN,138,190
2021-22,softball,192,532773,Bellarmine,ASUN,278,191
2021-22,softball,191,532680,North Ala.,ASUN,97,192
2021-22,softball,201,532728,UMass Lowell,America East,145,193
2021-22,softball,186,532766,New Mexico,Mountain West,158,194
2021-22,softball,199,532733,Marist,MAAC,198,195
2021-22,softball,198,532496,Penn,Ivy League,259,196
2021-22,softball,200,532630,IU Indy,Horizon,270,197
2021-22,softball,202,532606,Fairfield,MAAC,159,198
2021-22,softball,207,532752,Montana,Big Sky,221,199
2021-22,softball,195,532623,Elon,CAA,136,200
2021-22,softball,210,532664,BYU,WCC,55,201
2021-22,softball,204,532755,Mount St. Mary's,NEC,164,202
2021-22,softball,222,532578,UC Riverside,Big West,169,203
2021-22,softball,203,532625,Grand Canyon,WAC,81,204
2021-22,softball,206,532655,Charleston So.,Big South,175,205
2021-22,softball,194,532685,George Washington,Atlantic 10,90,206
2021-22,softball,211,532480,Northern Colo.,Big Sky,198,207
2021-22,softball,212,532603,Eastern Ill.,OVC,203,208
2021-22,softball,209,532720,Lamar University,WAC,272,209
2021-22,softball,196,532476,North Dakota St.,Summit League,137,210
2021-22,softball,213,532619,Yale,Ivy League,255,211
2021-22,softball,215,532701,Idaho St.,Big Sky,183,212
2021-22,softball,208,532500,Princeton,Ivy League,122,213
2021-22,softball,217,532670,Cal Poly,Big West,214,214
2021-22,softball,219,532705,Indiana St.,MVC,181,215
2021-22,softball,220,532622,Col. of Charleston,CAA,258,216
2021-22,softball,214,532612,UC Davis,Big West,192,217
2021-22,softball,223,532484,Northwestern St.,Southland,147,218
2021-22,softball,224,532624,Gardner-Webb,Big South,243,219
2021-22,softball,226,532565,Valparaiso,MVC,256,220
2021-22,softball,227,532494,Pacific,WCC,266,221
2021-22,softball,205,532756,Murray St.,OVC,92,222
2021-22,softball,218,532522,Santa Clara,WCC,215,223
2021-22,softball,232,532669,Butler,Big East,114,224
2021-22,softball,229,532698,Houston Christian,Southland,224,225
2021-22,softball,221,532487,Oakland,Horizon,124,226
2021-22,softball,233,532648,App State,Sun Belt,161,227
2021-22,softball,230,532509,Sacred Heart,NEC,282,228
2021-22,softball,234,532668,Buffalo,MAC,190,229
2021-22,softball,235,532639,Utah Valley,WAC,188,230
2021-22,softball,236,532481,NIU,MAC,231,231
2021-22,softball,216,532529,South Dakota,Summit League,154,232
2021-22,softball,197,532762,Omaha,Summit League,93,233
2021-22,softball,231,532580,Canisius,MAAC,118,234
2021-22,softball,238,532572,Western Caro.,SoCon,242,235
2021-22,softball,242,532586,Colgate,Patriot,225,236
2021-22,softball,241,532708,Iona,MAAC,209,237
2021-22,softball,240,532634,USC Upstate,Big South,63,238
2021-22,softball,237,532694,Harvard,Ivy League,178,239
2021-22,softball,244,532608,Florida A&M,SWAC,252,240
2021-22,softball,243,532707,Purdue Fort Wayne,Horizon,295,241
2021-22,softball,228,532515,Saint Mary's (CA),WCC,238,242
2021-22,softball,246,532658,Binghamton,America East,206,243
2021-22,softball,245,532627,Presbyterian,Big South,110,244
2021-22,softball,225,532662,Bowling Green,MAC,129,245
2021-22,softball,248,532591,Cornell,Ivy League,240,246
2021-22,softball,247,532657,Bethune-Cookman,SWAC,208,247
2021-22,softball,239,532548,Chattanooga,SoCon,168,248
2021-22,softball,250,532598,Detroit Mercy,Horizon,296,249
2021-22,softball,251,532550,UT Martin,OVC,133,250
2021-22,softball,254,532594,Dayton,Atlantic 10,205,251
2021-22,softball,249,532593,Dartmouth,Ivy League,213,252
2021-22,softball,252,532605,Evansville,MVC,201,253
2021-22,softball,255,532767,Niagara,MAAC,257,254
2021-22,softball,260,532477,North Dakota,Summit League,277,255
2021-22,softball,253,532507,Robert Morris,Horizon,153,256
2021-22,softball,258,532547,Tennessee Tech,OVC,152,257
2021-22,softball,257,532732,Manhattan,MAAC,275,258
2021-22,softball,259,532719,Lafayette,Patriot,294,259
2021-22,softball,261,532584,Cleveland St.,Horizon,218,260
2021-22,softball,256,532760,UNCW,CAA,108,261
2021-22,softball,264,532711,Jackson St.,SWAC,244,262
2021-22,softball,263,532666,Bryant,NEC,260,263
2021-22,softball,265,532600,Drexel,CAA,200,264
2021-22,softball,266,532505,Rhode Island,Atlantic 10,287,265
2021-22,softball,262,532735,UMBC,America East,104,266
2021-22,softball,269,532575,Western Mich.,MAC,237,267
2021-22,softball,267,532524,Siena,MAAC,180,268
2021-22,softball,272,532615,Merrimack,NEC,273,269
2021-22,softball,275,532684,George Mason,Atlantic 10,222,270
2021-22,softball,270,532771,Tarleton St.,WAC,184,271
2021-22,softball,274,532474,N.C. Central,MEAC,293,272
2021-22,softball,277,532693,Hartford,America East,267,273
2021-22,softball,276,532526,South Carolina St.,MEAC,301,274
2021-22,softball,278,532748,Mississippi Val.,SWAC,284,275
2021-22,softball,280,532511,Saint Francis,NEC,135,276
2021-22,softball,271,532629,Ark.-Pine Bluff,SWAC,299,277
2021-22,softball,279,532643,Alabama St.,SWAC,248,278
2021-22,softball,273,532723,LIU,NEC,229,279
2021-22,softball,268,532700,Howard,MEAC,196,280
2021-22,softball,282,532588,Columbia,Ivy League,280,281
2021-22,softball,281,532647,Alcorn,SWAC,291,282
2021-22,softball,283,532665,Brown,Ivy League,261,283
2021-22,softball,284,532503,Quinnipiac,MAAC,286,284
2021-22,softball,285,532590,Coppin St.,MEAC,298,285
2021-22,softball,286,532640,Abilene Christian,WAC,219,286
2021-22,softball,287,532569,Wagner,NEC,265,287
2021-22,softball,289,532596,Delaware St.,MEAC,300,288
2021-22,softball,288,532536,Southern U.,SWAC,292,289
2021-22,softball,291,532697,Holy Cross,Patriot,262,290
2021-22,softball,290,532754,Morgan St.,MEAC,176,291
2021-22,softball,292,532516,Saint Peter's,MAAC,276,292
2021-22,softball,293,532607,FDU,NEC,253,293
2021-22,softball,294,532737,UMES,MEAC,290,294
2021-22,softball,295,532617,Green Bay,Horizon,251,295
2021-22,softball,296,532620,Youngstown St.,Horizon,226,296
2021-22,softball,297,532642,Alabama A&M,SWAC,288,297
2021-22,softball,298,532552,Texas Southern,SWAC,246,298
2021-22,softball,299,532499,Prairie View,SWAC,285,299
2021-22,softball,300,532769,Norfolk St.,MEAC,245,300
2021-22,softball,301,532691,Grambling,SWAC,297,301
2020-21,softball,1,510479,Princeton,Ivy League,40,1
2020-21,softball,2,510705,LSU,SEC,7,2
2020-21,softball,3,510592,UCLA,Pac-12,1,3
2020-21,softball,4,510624,Alabama,SEC,2,4
2020-21,softball,5,510661,Florida,SEC,3,5
2020-21,softball,6,510670,Georgia,SEC,23,6
2020-21,softball,7,510632,Auburn,SEC,29,7
2020-21,softball,8,510727,Mississippi St.,SEC,28,8
2020-21,softball,9,510472,Oregon,Pac-12,12,9
2020-21,softball,10,510471,Oregon St.,Pac-12,62,10
2020-21,softball,11,510629,Arizona St.,Pac-12,15,11
2020-21,softball,12,510630,Arizona,Pac-12,8,12
2020-21,softball,13,510543,Utah,Pac-12,73,13
2020-21,softball,14,510631,Arkansas,SEC,5,14
2020-21,softball,15,510695,Kansas,Big 12,66,15
2020-21,softball,16,510469,Oklahoma St.,Big 12,6,16
2020-21,softball,17,510594,Merrimack,NEC,169,17
2020-21,softball,18,510676,Hofstra,CAA,64,18
2020-21,softball,19,510730,Missouri,SEC,14,19
2020-21,softball,20,510533,UT Arlington,Sun Belt,117,20
2020-21,softball,21,510576,Delaware,CAA,21,21
2020-21,softball,22,510546,Virginia Tech,ACC,19,22
2020-21,softball,23,510506,South Carolina,SEC,53,23
2020-21,softball,24,510528,Tennessee,SEC,11,24
2020-21,softball,25,510729,Ole Miss,SEC,27,25
2020-21,softball,26,510504,South Alabama,Sun Belt,39,26
2020-21,softball,27,510636,Baylor,Big 12,44,27
2020-21,softball,28,510530,Texas A&M,SEC,36,28
2020-21,softball,29,510606,Kennesaw St.,ASUN,65,29
2020-21,softball,30,510707,Louisville,ACC,79,30
2020-21,softball,31,510697,Kentucky,SEC,17,31
2020-21,softball,32,510689,Iowa St.,Big 12,38,32
2020-21,softball,33,510577,Detroit Mercy,Horizon,102,33
2020-21,softball,34,510549,Washington,Pac-12,13,34
2020-21,softball,35,510520,Stanford,Pac-12,35,35
2020-21,softball,36,510590,Florida St.,ACC,10,36
2020-21,softball,37,510593,Duke,ACC,9,37
2020-21,softball,38,510532,Texas Tech,Big 12,80,38
2020-21,softball,39,510669,Georgia Tech,ACC,85,39
2020-21,softball,40,510534,Texas,Big 12,16,40
2020-21,softball,41,510746,New Mexico,Mountain West,182,41
2020-21,softball,42,510547,Virginia,ACC,128,42
2020-21,softball,43,510541,Army West Point,Patriot,107,43
2020-21,softball,44,510465,Notre Dame,ACC,26,44
2020-21,softball,45,510702,Liberty,ASUN,22,45
2020-21,softball,46,510588,Fla. Atlantic,CUSA,175,46
2020-21,softball,47,510524,Syracuse,ACC,90,47
2020-21,softball,48,510556,California,Pac-12,86,48
2020-21,softball,49,510720,Memphis,American,201,49
2020-21,softball,50,510713,Marist,MAAC,76,50
2020-21,softball,51,510545,Villanova,Big East,30,51
2020-21,softball,53,510737,North Carolina,ACC,124,52
2020-21,softball,52,510625,UAB,CUSA,56,53
2020-21,softball,54,510679,Houston,American,136,54
2020-21,softball,55,510470,Oklahoma,Big 12,4,55
2020-21,softball,56,510580,East Carolina,American,152,56
2020-21,softball,57,510603,Elon,CAA,112,57
2020-21,softball,58,510738,Charlotte,CUSA,57,58
2020-21,softball,59,510555,Wichita St.,American,24,59
2020-21,softball,60,510578,Drake,MVC,129,60
2020-21,softball,61,510566,Colorado St.,Mountain West,116,61
2020-21,softball,62,510712,Manhattan,MAAC,67,62
2020-21,softball,63,510667,Ga. Southern,Sun Belt,131,63
2020-21,softball,64,510559,Canisius,MAAC,68,64
2020-21,softball,65,510480,Providence,Big East,203,65
2020-21,softball,66,510461,UNI,MVC,60,66
2020-21,softball,67,510475,Penn,Ivy League,93,67
2020-21,softball,68,510698,La Salle,Atlantic 10,281,68
2020-21,softball,69,510561,UCF,American,37,69
2020-21,softball,70,510700,Lamar University,Southland,237,70
2020-21,softball,71,510510,Southeast Mo. St.,OVC,58,71
2020-21,softball,72,510496,Sam Houston,Southland,143,72
2020-21,softball,73,510699,Lafayette,Patriot,274,73
2020-21,softball,75,510464,Northwestern,Big Ten,55,74
2020-21,softball,74,510519,Louisiana,Sun Belt,20,75
2020-21,softball,76,510544,Valparaiso,MVC,249,76
2020-21,softball,77,510688,Iona,MAAC,59,77
2020-21,softball,78,510709,LMU (CA),WCC,103,78
2020-21,softball,79,510735,Mount St. Mary's,NEC,133,79
2020-21,softball,80,510715,UMBC,America East,52,80
2020-21,softball,81,510458,ULM,Sun Belt,167,81
2020-21,softball,82,510497,Samford,SoCon,141,82
2020-21,softball,83,510454,NC State,ACC,88,83
2020-21,softball,84,510574,DePaul,Big East,47,84
2020-21,softball,85,510640,Boston College,ACC,185,85
2020-21,softball,86,510665,George Washington,Atlantic 10,32,86
2020-21,softball,87,510509,South Fla.,American,63,87
2020-21,softball,88,510704,Longwood,Big South,121,88
2020-21,softball,90,510481,Purdue,Big Ten,147,89
2020-21,softball,96,510726,Minnesota,Big Ten,46,89
2020-21,softball,89,510585,Fairfield,MAAC,77,91
2020-21,softball,92,510658,Clemson,ACC,18,92
2020-21,softball,91,510725,Middle Tenn.,CUSA,100,93
2020-21,softball,93,510743,UNLV,Mountain West,74,94
2020-21,softball,94,510583,Eastern Ky.,OVC,61,95
2020-21,softball,95,510491,St. John's (NY),Big East,187,96
2020-21,softball,99,510518,Texas St.,Sun Belt,33,97
2020-21,softball,110,510724,Michigan,Big Ten,31,98
2020-21,softball,97,510683,Illinois,Big Ten,104,99
2020-21,softball,101,510719,McNeese,Southland,84,100
2020-21,softball,100,510553,Western Ky.,CUSA,49,101
2020-21,softball,102,510512,Southern Ill.,MVC,50,102
2020-21,softball,103,510684,UIC,Horizon,105,103
2020-21,softball,98,510474,Penn St.,Big Ten,245,104
2020-21,softball,104,510523,Stony Brook,America East,83,105
2020-21,softball,105,510493,Saint Louis,Atlantic 10,159,106
2020-21,softball,106,510560,Central Conn. St.,NEC,98,107
2020-21,softball,107,510536,UTSA,CUSA,197,108
2020-21,softball,108,510483,Radford,Big South,174,109
2020-21,softball,109,510649,Butler,Big East,139,110
2020-21,softball,111,510539,Troy,Sun Belt,48,111
2020-21,softball,112,510618,FGCU,ASUN,95,112
2020-21,softball,113,510499,San Diego,WCC,226,113
2020-21,softball,114,510579,Drexel,CAA,51,114
2020-21,softball,115,510663,Furman,SoCon,170,115
2020-21,softball,118,510740,UNCW,CAA,172,116
2020-21,softball,126,510696,Kent St.,MAC,126,117
2020-21,softball,116,510668,Georgia St.,Sun Belt,184,118
2020-21,softball,117,510571,Creighton,Big East,123,119
2020-21,softball,119,510602,Col. of Charleston,CAA,264,120
2020-21,softball,120,510620,Abilene Christian,Southland,222,121
2020-21,softball,121,510589,FIU,CUSA,192,122
2020-21,softball,122,510711,Maine,America East,214,123
2020-21,softball,124,510774,Tarleton St.,WAC,218,124
2020-21,softball,125,510455,North Dakota St.,Summit League,191,125
2020-21,softball,123,510462,Northern Ky.,Horizon,196,126
2020-21,softball,127,510517,Missouri St.,MVC,91,127
2020-21,softball,128,510710,Loyola Chicago,MVC,217,128
2020-21,softball,130,510568,UConn,Big East,113,129
2020-21,softball,134,510612,North Florida,ASUN,140,130
2020-21,softball,133,510657,UC Santa Barbara,Big West,219,131
2020-21,softball,135,510463,Northwestern St.,Southland,125,132
2020-21,softball,129,510690,Iowa,Big Ten,97,133
2020-21,softball,132,510476,Pittsburgh,ACC,166,134
2020-21,softball,136,510626,UAlbany,America East,118,135
2020-21,softball,131,510604,Gardner-Webb,Big South,268,136
2020-21,softball,137,510686,Indiana,Big Ten,109,137
2020-21,softball,139,510601,Central Ark.,Southland,78,138
2020-21,softball,140,510706,Louisiana Tech,CUSA,163,139
2020-21,softball,141,510538,Towson,CAA,149,140
2020-21,softball,143,510736,Murray St.,OVC,164,141
2020-21,softball,142,510745,New Mexico St.,WAC,101,142
2020-21,softball,153,510467,Ohio St.,Big Ten,115,143
2020-21,softball,138,510741,Nebraska,Big Ten,127,144
2020-21,softball,145,510586,FDU,NEC,212,145
2020-21,softball,149,510634,Ball St.,MAC,82,146
2020-21,softball,146,510633,Austin Peay,OVC,94,147
2020-21,softball,148,510742,Omaha,Summit League,177,148
2020-21,softball,150,510526,Tennessee Tech,OVC,189,149
2020-21,softball,151,510502,Seton Hall,Big East,225,150
2020-21,softball,154,510564,Coastal Carolina,Sun Belt,137,151
2020-21,softball,155,510513,SIUE,OVC,154,152
2020-21,softball,144,510621,Akron,MAC,271,153
2020-21,softball,156,510945,Bellarmine,ASUN,261,154
2020-21,softball,158,510687,Purdue Fort Wayne,Horizon,233,155
2020-21,softball,159,510639,Boise St.,Mountain West,160,156
2020-21,softball,171,510597,Wisconsin,Big Ten,158,157
2020-21,softball,161,510615,Belmont,OVC,199,158
2020-21,softball,160,510692,Jacksonville St.,OVC,144,159
2020-21,softball,147,510648,Buffalo,MAC,210,160
2020-21,softball,162,510498,San Diego St.,Mountain West,87,161
2020-21,softball,163,510527,Chattanooga,SoCon,216,162
2020-21,softball,167,510722,Miami (OH),MAC,33,163
2020-21,softball,164,510652,Fresno St.,Mountain West,45,164
2020-21,softball,166,510682,Illinois St.,MVC,54,165
2020-21,softball,165,510542,Utah St.,Mountain West,223,166
2020-21,softball,152,510716,Maryland,Big Ten,164,167
2020-21,softball,168,510482,Quinnipiac,MAAC,247,168
2020-21,softball,169,510628,App State,Sun Belt,108,169
2020-21,softball,172,510617,Lipscomb,ASUN,132,170
2020-21,softball,170,510522,Stetson,ASUN,244,171
2020-21,softball,173,510514,Southern Miss.,CUSA,176,172
2020-21,softball,174,510675,Hawaii,Big West,207,173
2020-21,softball,175,510485,Rider,MAAC,155,174
2020-21,softball,176,510477,Portland St.,Big Sky,221,175
2020-21,softball,177,510744,Nevada,Mountain West,111,176
2020-21,softball,178,510723,Michigan St.,Big Ten,206,177
2020-21,softball,179,510643,Bradley,MVC,156,178
2020-21,softball,179,510551,Western Caro.,SoCon,151,179
2020-21,softball,181,510500,San Jose St.,Mountain West,229,180
2020-21,softball,182,510708,UMass Lowell,America East,171,181
2020-21,softball,157,510487,Rutgers,Big Ten,257,182
2020-21,softball,183,510644,BYU,WCC,71,183
2020-21,softball,184,510558,Campbell,Big South,110,184
2020-21,softball,186,510653,Cal St. Fullerton,Big West,75,185
2020-21,softball,185,510611,Kansas City,Summit League,130,186
2020-21,softball,187,510490,Saint Francis,NEC,42,187
2020-21,softball,188,510569,Coppin St.,MEAC,269,188
2020-21,softball,189,510554,Western Mich.,MAC,241,189
2020-21,softball,190,510721,Mercer,SoCon,161,190
2020-21,softball,192,510660,North Ala.,ASUN,145,191
2020-21,softball,193,510503,Siena,MAAC,120,192
2020-21,softball,191,510562,Central Mich.,MAC,194,193
2020-21,softball,194,510540,Tulsa,American,96,194
2020-21,softball,195,510731,Monmouth,MAAC,69,195
2020-21,softball,196,510659,California Baptist,WAC,198,196
2020-21,softball,198,510703,LIU,NEC,70,197
2020-21,softball,197,510573,Dayton,Atlantic 10,180,198
2020-21,softball,199,510701,Lehigh,Patriot,146,199
2020-21,softball,200,510685,Indiana St.,MVC,183,200
2020-21,softball,204,510605,Grand Canyon,WAC,205,201
2020-21,softball,201,510747,Niagara,MAAC,213,202
2020-21,softball,202,510638,Binghamton,America East,186,203
2020-21,softball,203,510608,Seattle U,WAC,114,204
2020-21,softball,205,510616,A&M-Corpus Christi,Southland,209,205
2020-21,softball,206,510466,Oakland,Horizon,119,206
2020-21,softball,208,510484,Rhode Island,Atlantic 10,276,207
2020-21,softball,207,510733,Morehead St.,OVC,262,208
2020-21,softball,209,510565,Colgate,Patriot,153,209
2020-21,softball,210,510525,Tennessee St.,OVC,267,210
2020-21,softball,211,510610,IU Indy,Horizon,240,211
2020-21,softball,212,510845,Utah Tech,WAC,220,212
2020-21,softball,214,510535,UTEP,CUSA,239,213
2020-21,softball,215,510489,St. Bonaventure,Atlantic 10,285,214
2020-21,softball,216,510501,Santa Clara,WCC,246,215
2020-21,softball,217,510507,South Dakota St.,Summit League,41,216
2020-21,softball,218,510734,Morgan St.,MEAC,150,217
2020-21,softball,219,510563,Cleveland St.,Horizon,263,218
2020-21,softball,220,510511,Southeastern La.,Southland,135,219
2020-21,softball,221,510582,Eastern Ill.,OVC,138,220
2020-21,softball,222,510575,Delaware St.,MEAC,235,221
2020-21,softball,223,510647,Bucknell,Patriot,200,222
2020-21,softball,224,510492,Saint Joseph's,Atlantic 10,134,223
2020-21,softball,225,510591,UC Davis,Big West,202,224
2020-21,softball,226,510552,Western Ill.,Summit League,228,225
2020-21,softball,228,510600,Youngstown St.,Horizon,99,226
2020-21,softball,227,510693,Jacksonville,ASUN,122,227
2020-21,softball,229,510673,Hartford,America East,238,228
2020-21,softball,230,510456,North Dakota,Summit League,234,229
2020-21,softball,213,510460,NIU,MAC,230,230
2020-21,softball,231,510739,UNC Greensboro,SoCon,92,231
2020-21,softball,232,510494,Saint Mary's (CA),WCC,232,232
2020-21,softball,233,510619,Utah Valley,WAC,190,233
2020-21,softball,245,510537,Toledo,MAC,148,234
2020-21,softball,234,510457,North Texas,CUSA,72,235
2020-21,softball,235,510677,Holy Cross,Patriot,256,236
2020-21,softball,236,510495,Saint Peter's,MAAC,284,237
2020-21,softball,237,510748,Nicholls,Southland,250,238
2020-21,softball,238,510678,Houston Christian,Southland,162,239
2020-21,softball,240,510488,Sacred Heart,NEC,224,240
2020-21,softball,241,510529,UT Martin,OVC,142,241
2020-21,softball,239,510642,Bowling Green,MAC,181,242
2020-21,softball,242,510694,James Madison,CAA,25,243
2020-21,softball,243,510516,Southern Utah,Big Sky,227,244
2020-21,softball,243,510681,Idaho St.,Big Sky,255,244
2020-21,softball,246,510654,Long Beach St.,Big West,81,246
2020-21,softball,247,510596,Green Bay,Horizon,178,247
2020-21,softball,248,510468,Ohio,MAC,208,248
2020-21,softball,251,510581,ETSU,SoCon,231,249
2020-21,softball,249,510521,SFA,Southland,89,250
2020-21,softball,252,510609,Ark.-Pine Bluff,SWAC,290,251
2020-21,softball,250,510508,South Dakota,Summit League,266,252
2020-21,softball,253,510958,UC San Diego,Big West,215,253
2020-21,softball,255,510613,UIW,Southland,254,254
2020-21,softball,254,510584,Evansville,MVC,179,255
2020-21,softball,256,510680,Howard,MEAC,188,256
2020-21,softball,257,510650,Cal Poly,Big West,242,257
2020-21,softball,258,510557,UC Riverside,Big West,278,258
2020-21,softball,259,510453,N.C. Central,MEAC,273,259
2020-21,softball,260,510656,Sacramento St.,Big Sky,252,260
2020-21,softball,261,510732,Montana,Big Sky,251,261
2020-21,softball,262,510646,Bryant,NEC,286,262
2020-21,softball,263,510635,Charleston So.,Big South,260,263
2020-21,softball,264,510655,CSUN,Big West,279,264
2020-21,softball,265,510548,Wagner,NEC,243,265
2020-21,softball,266,510486,Robert Morris,Horizon,173,266
2020-21,softball,267,510623,Alabama St.,SWAC,248,267
2020-21,softball,268,510664,George Mason,Atlantic 10,195,268
2020-21,softball,269,510459,Northern Colo.,Big Sky,270,269
2020-21,softball,270,510572,Dartmouth,Ivy League,275,270
2020-21,softball,271,510473,Pacific,WCC,211,271
2020-21,softball,272,510595,Winthrop,Big South,204,272
2020-21,softball,273,510641,Boston U.,Patriot,43,273
2020-21,softball,274,510614,USC Upstate,Big South,168,274
2020-21,softball,275,510714,Marshall,CUSA,157,275
2020-21,softball,276,510662,Fordham,Atlantic 10,106,276
2020-21,softball,278,510550,Weber St.,Big Sky,193,277
2020-21,softball,277,510728,Mississippi Val.,SWAC,288,278
2020-21,softball,279,510622,Alabama A&M,SWAC,280,279
2020-21,softball,280,510607,Presbyterian,Big South,259,280
2020-21,softball,281,510627,Alcorn,SWAC,265,281
2020-21,softball,282,510750,N.C. A&T,MEAC,283,282
2020-21,softball,283,510515,Southern U.,SWAC,282,283
2020-21,softball,284,510749,Norfolk St.,MEAC,236,284
2020-21,softball,285,510531,Texas Southern,SWAC,258,285
2020-21,softball,286,510587,Florida A&M,MEAC,289,286
2020-21,softball,287,510718,Massachusetts,Atlantic 10,253,287
2020-21,softball,288,510691,Jackson St.,SWAC,272,288
2020-21,softball,289,510505,South Carolina St.,MEAC,291,289
2020-21,softball,290,510671,Grambling,SWAC,287,290
2020-21,softball,291,510478,Prairie View,SWAC,277,291
2020-21,softball,292,510645,Brown,Ivy League,292,292
