year,team,rpi_rank,in_tournament,is_host,w,l,q1_w,q1_l,q2_w,q2_l,q1q2_w,q1q2_g,q1q2_pct,note
2013,North Carolina,1,True,True,52,8,21,8,9,0,30,38,0.7895,
2013,Vanderbilt,2,True,True,51,9,23,4,6,3,29,36,0.8056,
2013,Virginia,3,True,True,47,10,20,8,7,1,27,36,0.75,
2013,LSU,4,True,True,52,9,16,8,16,1,32,41,0.7805,
2013,Oregon St.,5,True,True,45,10,13,6,10,3,23,32,0.7188,
2013,Cal St. Fullerton,6,True,True,48,8,9,3,23,2,32,37,0.8649,
2013,NC State,7,True,True,44,14,17,10,8,2,25,37,0.6757,
2013,Florida St.,8,True,True,44,15,14,14,6,1,20,35,0.5714,
2013,Oregon,9,True,True,45,14,9,10,9,0,18,28,0.6429,
2013,Mississippi St.,10,True,True,43,17,17,13,6,4,23,40,0.575,
2013,Virginia Tech,11,True,True,38,20,13,15,9,1,22,38,0.5789,
2013,Indiana,12,True,True,43,14,10,9,10,2,20,31,0.6452,
2013,South Carolina,13,True,True,39,18,5,14,13,2,18,34,0.5294,
2013,Clemson,14,True,False,39,20,10,15,9,2,19,36,0.5278,
2013,UCLA,15,True,True,39,17,7,9,9,3,16,28,0.5714,
2013,Louisville,16,True,True,46,12,6,3,11,6,17,26,0.6538,
2013,Miami (FL),17,True,False,36,23,16,17,4,1,20,38,0.5263,
2013,Kansas St.,18,True,True,41,17,10,7,9,6,19,32,0.5938,
2013,South Alabama,19,True,False,42,18,5,9,8,5,13,27,0.4815,
2013,Ole Miss,20,True,False,37,22,11,14,8,6,19,39,0.4872,
2013,Arizona St.,21,True,False,35,20,8,5,14,10,22,37,0.5946,
2013,Louisiana,22,True,False,41,18,6,6,6,7,12,25,0.48,
2013,Austin Peay,23,True,False,45,13,0,2,12,2,12,16,0.75,
2013,Georgia Tech,24,True,False,34,25,12,16,7,5,19,40,0.475,
2013,Fla. Atlantic,25,True,False,39,20,8,9,6,2,14,25,0.56,
2013,Cal Poly,26,True,False,39,17,8,8,8,6,16,30,0.5333,
2013,Alabama,27,True,False,34,26,9,20,5,0,14,34,0.4118,
2013,Mercer,28,True,False,43,16,3,3,3,2,6,11,0.5455,
2013,Arkansas,29,True,False,37,20,14,14,3,2,17,33,0.5152,
2013,UNCW,30,True,False,37,21,1,6,10,8,11,25,0.44,
2013,Oklahoma,31,True,False,40,19,6,6,9,5,15,26,0.5769,
2013,Texas A&M,32,True,False,32,27,8,19,4,5,12,36,0.3333,
2013,Illinois,33,True,False,34,18,4,6,7,8,11,25,0.44,
2013,Nebraska,34,False,False,29,30,7,16,11,9,18,43,0.4186,
2013,Notre Dame,35,False,False,34,24,5,10,12,4,17,31,0.5484,
2013,Rice,36,True,False,41,17,3,4,9,5,12,21,0.5714,
2013,Michigan St.,37,False,False,33,17,7,6,5,5,12,23,0.5217,
2013,Auburn,38,False,False,33,23,11,16,1,0,12,28,0.4286,
2013,Florida,39,True,False,29,28,12,14,5,5,17,36,0.4722,
2013,Seton Hall,40,False,False,37,19,5,8,6,7,11,26,0.4231,
2013,Maryland,41,False,False,30,25,7,18,6,3,13,34,0.3824,
2013,Troy,42,True,False,40,18,6,8,4,3,10,21,0.4762,
2013,Campbell,43,False,False,49,10,0,1,9,2,9,12,0.75,
2013,Sam Houston,44,True,False,37,20,6,5,10,3,16,24,0.6667,
2013,Bryant,45,True,False,44,16,1,6,0,1,1,8,0.125,
2013,San Diego,46,True,False,35,23,5,3,13,9,18,30,0.6,
2013,William & Mary,47,True,False,37,22,3,5,9,10,12,27,0.4444,
2013,Kentucky,48,False,False,30,25,11,17,3,2,14,33,0.4242,
2013,Oklahoma St.,49,True,False,39,17,10,5,9,7,19,31,0.6129,
2013,Southeastern La.,50,False,False,36,24,3,11,8,11,11,33,0.3333,
2013,San Francisco,51,True,False,34,22,8,12,6,3,14,29,0.4828,
2013,Illinois St.,52,False,False,39,19,2,6,5,5,7,18,0.3889,
2013,Creighton,53,False,False,30,18,3,4,5,6,8,18,0.4444,
2013,New Mexico,54,True,False,37,20,1,5,8,6,9,20,0.45,
2013,Coastal Carolina,55,True,False,37,21,6,6,5,6,11,23,0.4783,
2013,Liberty,56,True,False,34,27,5,13,3,4,8,25,0.32,
2013,Central Ark.,57,True,False,39,20,3,5,10,9,13,27,0.4815,
2013,BYU,58,False,False,32,21,2,8,9,8,11,27,0.4074,
2013,Kansas,59,False,False,34,25,3,10,11,8,14,32,0.4375,
2013,Western Caro.,60,False,False,39,20,0,4,7,6,7,17,0.4118,
2013,UC Santa Barbara,61,True,False,34,23,4,11,10,4,14,29,0.4828,
2013,Wake Forest,62,False,False,28,27,6,21,3,2,9,32,0.2812,
2013,Ohio St.,63,False,False,35,23,6,13,6,7,12,32,0.375,
2013,Arizona,64,False,False,34,21,5,14,2,1,7,22,0.3182,
2013,Saint Louis,65,True,False,41,19,1,2,4,3,5,10,0.5,
2013,Pittsburgh,66,False,False,42,17,1,8,10,1,11,20,0.55,
2013,Houston,67,False,False,36,22,3,2,12,8,15,25,0.6,
2013,North Florida,68,False,False,40,19,4,4,1,0,5,9,0.5556,
2013,Rutgers,69,False,False,28,30,5,17,6,7,11,35,0.3143,
2013,Stanford,70,False,False,32,22,5,10,8,2,13,25,0.52,
2013,Texas,71,False,False,27,24,3,10,11,9,14,33,0.4242,
2013,Lamar University,72,False,False,39,20,5,7,4,4,9,20,0.45,
2013,Belmont,73,False,False,38,20,2,5,6,5,8,18,0.4444,
2013,Long Beach St.,74,False,False,29,27,5,15,3,5,8,28,0.2857,
2013,South Fla.,75,False,False,36,22,2,10,10,4,12,26,0.4615,
2013,A&M-Corpus Christi,76,False,False,33,24,3,6,7,10,10,26,0.3846,
2013,Duke,77,False,False,26,29,6,23,2,3,8,34,0.2353,
2013,Tennessee Tech,78,False,False,40,17,3,4,5,7,8,19,0.4211,
2013,The Citadel,79,False,False,35,25,3,9,6,4,9,22,0.4091,
2013,Elon,80,True,False,32,28,6,11,4,5,10,26,0.3846,
2013,Baylor,81,False,False,27,28,6,10,7,16,13,39,0.3333,
2013,West Virginia,82,False,False,33,26,10,12,6,5,16,33,0.4848,
2013,UNLV,83,False,False,37,20,3,6,6,6,9,21,0.4286,
2013,UC Irvine,84,False,False,33,22,5,10,6,4,11,25,0.44,
2013,Wichita St.,85,True,False,39,26,1,10,8,8,9,27,0.3333,
2013,Kent St.,86,False,False,36,23,3,10,4,2,7,19,0.3684,
2013,ETSU,87,True,False,36,22,3,4,4,3,7,14,0.5,
2013,East Carolina,88,False,False,31,26,0,10,5,7,5,22,0.2273,
2013,Canisius,89,True,False,42,15,0,0,0,2,0,2,0.0,
2013,UConn,90,True,False,34,26,9,11,4,3,13,27,0.4815,
2013,FGCU,91,False,False,37,20,6,8,2,3,8,19,0.4211,
2013,Towson,92,True,False,29,28,5,6,8,8,13,27,0.4815,
2013,App State,93,False,False,30,24,1,2,8,11,9,22,0.4091,
2013,Memphis,94,False,False,35,24,5,5,4,8,9,22,0.4091,
2013,San Diego St.,95,True,False,31,29,4,11,7,9,11,31,0.3548,
2013,Middle Tenn.,96,False,False,28,28,7,10,4,4,11,25,0.44,
2013,CSU Bakersfield,97,False,False,37,22,0,3,3,4,3,10,0.3,
2013,Delaware,98,False,False,33,22,2,4,6,8,8,20,0.4,
2013,Minnesota,99,False,False,32,22,4,5,7,8,11,24,0.4583,
2013,Washington,100,False,False,24,32,9,19,3,3,12,34,0.3529,
2013,Milwaukee,101,False,False,29,21,1,6,2,1,3,10,0.3,
2013,Bethune-Cookman,102,False,False,34,25,3,11,3,1,6,18,0.3333,
2013,Columbia,103,True,False,27,19,1,9,1,0,2,11,0.1818,
2013,CSUN,104,False,False,31,26,3,11,4,5,7,23,0.3043,
2013,Col. of Charleston,105,False,False,31,26,3,6,5,8,8,22,0.3636,
2013,Oral Roberts,106,False,False,25,32,5,8,10,14,15,37,0.4054,
2013,TCU,107,False,False,29,28,2,11,10,10,12,33,0.3636,
2013,UTSA,108,True,False,35,23,0,6,3,8,3,17,0.1765,
2013,Xavier,109,False,False,32,26,1,7,5,4,6,17,0.3529,
2013,Southern Miss.,110,False,False,30,27,5,13,6,8,11,32,0.3438,
2013,Charlotte,111,False,False,37,23,1,8,5,3,6,17,0.3529,
2013,Texas Tech,111,False,False,26,30,5,13,6,7,11,31,0.3548,
2013,Gonzaga,113,False,False,32,21,1,4,10,9,11,24,0.4583,
2013,Northeastern,114,False,False,31,26,3,6,4,8,7,21,0.3333,
2013,Old Dominion,115,False,False,30,24,0,8,8,9,8,25,0.32,
2013,Hofstra,116,False,False,26,27,3,10,6,8,9,27,0.3333,
2013,Pepperdine,117,False,False,27,24,9,12,0,6,9,27,0.3333,
2013,Western Ky.,118,False,False,28,29,5,11,6,4,11,26,0.4231,
2013,Rhode Island,119,False,False,35,24,1,11,3,4,4,19,0.2105,
2013,Jacksonville St.,120,False,False,32,26,3,9,1,5,4,18,0.2222,
2013,Dartmouth,121,False,False,32,9,0,0,3,1,3,4,0.75,
2013,California,122,False,False,23,31,3,18,4,9,7,34,0.2059,
2013,Missouri St.,123,False,False,31,23,4,7,2,2,6,15,0.4,
2013,LMU (CA),124,False,False,24,27,6,8,6,7,12,27,0.4444,
2013,Tennessee,125,False,False,22,30,7,20,4,6,11,37,0.2973,
2013,Furman,126,False,False,32,25,3,3,8,5,11,19,0.5789,
2013,South Dakota St.,127,True,False,35,22,2,4,0,3,2,9,0.2222,
2013,SFA,128,False,False,28,29,2,10,4,5,6,21,0.2857,
2013,Maine,129,False,False,37,22,1,6,2,0,3,9,0.3333,
2013,Texas St.,130,False,False,29,29,0,8,4,7,4,19,0.2105,
2013,Georgia St.,131,False,False,35,21,2,7,2,4,4,15,0.2667,
2013,Iowa,132,False,False,22,27,2,8,6,5,8,21,0.381,
2013,Tulane,133,False,False,30,28,5,6,6,8,11,25,0.44,
2013,High Point,134,False,False,29,29,1,6,6,10,7,23,0.3043,
2013,VCU,135,False,False,28,26,1,8,9,4,10,22,0.4545,
2013,Southern California,136,False,False,20,36,2,19,10,8,12,39,0.3077,
2013,Presbyterian,137,False,False,24,32,0,8,4,5,4,17,0.2353,
2013,Arkansas St.,138,False,False,28,31,4,17,1,1,5,23,0.2174,
2013,Monmouth,139,False,False,30,24,1,7,4,7,5,19,0.2632,
2013,Georgia,140,False,False,21,32,6,19,7,6,13,38,0.3421,
2013,Radford,141,False,False,30,26,6,7,3,3,9,19,0.4737,
2013,Rider,142,False,False,35,22,0,7,1,1,1,9,0.1111,
2013,Kennesaw St.,143,False,False,30,30,3,6,5,10,8,24,0.3333,
2013,Missouri,144,False,False,18,32,2,15,8,13,10,38,0.2632,
2013,Little Rock,145,False,False,28,28,5,11,3,3,8,22,0.3636,
2013,James Madison,146,False,False,25,30,1,11,4,7,5,23,0.2174,
2013,UT Arlington,147,False,False,31,27,0,3,5,6,5,14,0.3571,
2013,Longwood,148,False,False,26,28,3,8,4,3,7,18,0.3889,
2013,Nicholls,149,False,False,26,29,4,13,2,4,6,23,0.2609,
2013,UCF,150,False,False,29,30,2,9,4,11,6,26,0.2308,
2013,Ga. Southern,151,False,False,27,32,4,11,2,8,6,25,0.24,
2013,Michigan,152,False,False,29,27,6,9,3,6,9,24,0.375,
2013,Utah,153,False,False,21,31,3,17,6,5,9,31,0.2903,
2013,Omaha,154,False,False,27,22,1,2,2,4,3,9,0.3333,
2013,Indiana St.,155,False,False,26,25,2,7,7,9,9,25,0.36,
2013,FIU,156,False,False,26,32,3,17,5,5,8,30,0.2667,
2013,Sacramento St.,157,False,False,34,25,3,4,1,4,4,12,0.3333,
2013,Sacred Heart,158,False,False,34,24,0,5,3,4,3,12,0.25,
2013,DBU,159,False,False,30,30,2,1,10,13,12,26,0.4615,
2013,Washington St.,160,False,False,23,32,5,11,4,10,9,30,0.3,
2013,Butler,161,False,False,25,27,0,5,5,10,5,20,0.25,
2013,St. John's (NY),162,False,False,23,35,4,14,3,14,7,35,0.2,
2013,Northwestern,163,False,False,22,26,2,8,1,10,3,21,0.1429,
2013,Valparaiso,164,True,False,31,26,2,10,0,0,2,12,0.1667,
2013,Buffalo,165,False,False,33,24,0,2,1,5,1,8,0.125,
2013,Richmond,166,False,False,31,24,0,2,3,9,3,14,0.2143,
2013,UC Riverside,167,False,False,22,32,3,13,2,8,5,26,0.1923,
2013,Siena,168,False,False,27,30,0,8,0,6,0,14,0.0,
2013,Saint Joseph's,169,False,False,26,26,1,6,0,4,1,11,0.0909,
2013,Eastern Ill.,170,False,False,22,27,5,8,1,7,6,21,0.2857,
2013,New Mexico St.,171,False,False,29,28,1,8,2,7,3,18,0.1667,
2013,Binghamton,172,True,False,30,23,0,0,0,3,0,3,0.0,
2013,Marist,173,False,False,27,24,0,3,2,6,2,11,0.1818,
2013,UAB,174,False,False,23,36,3,5,4,9,7,21,0.3333,
2013,Evansville,175,False,False,24,34,1,10,2,6,3,19,0.1579,
2013,Gardner-Webb,176,False,False,29,27,2,7,3,7,5,19,0.2632,
2013,Boston College,177,False,False,12,40,5,25,4,6,9,40,0.225,
2013,Cornell,178,False,False,23,17,0,0,4,5,4,9,0.4444,
2013,UAlbany,179,False,False,23,25,0,3,1,4,1,8,0.125,
2013,Northern Colo.,180,False,False,33,24,1,3,1,6,2,11,0.1818,
2013,Southern Ill.,181,False,False,25,33,1,7,5,8,6,21,0.2857,
2013,Hawaii,182,False,False,16,35,3,11,2,11,5,27,0.1852,
2013,Ball St.,183,False,False,31,24,1,3,4,5,5,13,0.3846,
2013,Houston Christian,184,False,False,34,24,1,5,3,2,4,11,0.3636,
2013,Miami (OH),185,False,False,26,30,1,6,2,3,3,12,0.25,
2013,Toledo,186,False,False,25,33,2,10,2,0,4,14,0.2857,
2013,North Dakota,187,False,False,25,22,0,2,0,2,0,4,0.0,
2013,Savannah St.,188,True,False,33,21,1,4,3,2,4,10,0.4,
2013,North Dakota St.,189,False,False,26,27,0,0,2,4,2,6,0.3333,
2013,Central Mich.,190,False,False,25,32,1,4,4,11,5,20,0.25,
2013,Stetson,191,False,False,26,31,1,8,3,7,4,19,0.2105,
2013,UTRGV,192,False,False,28,30,0,3,3,10,3,16,0.1875,
2013,Texas Southern,193,False,False,22,29,0,8,0,2,0,10,0.0,
2013,Eastern Mich.,194,False,False,26,28,2,2,2,4,4,10,0.4,
2013,Holy Cross,195,False,False,28,25,0,4,1,2,1,7,0.1429,
2013,Delaware St.,196,False,False,33,15,0,0,1,2,1,3,0.3333,
2013,Eastern Ky.,196,False,False,23,34,1,9,1,5,2,16,0.125,
2013,Lipscomb,198,False,False,25,34,1,9,6,9,7,25,0.28,
2013,Bowling Green,199,True,False,24,29,1,3,3,8,4,15,0.2667,
2013,Charleston So.,200,False,False,22,34,1,10,1,7,2,19,0.1053,
2013,Army West Point,201,True,False,29,21,0,3,0,0,0,3,0.0,
2013,VMI,202,False,False,20,35,2,8,2,10,4,22,0.1818,
2013,Samford,203,False,False,27,30,0,9,6,10,6,25,0.24,
2013,UIC,204,False,False,27,28,1,6,0,3,1,10,0.1,
2013,Central Conn. St.,205,False,False,28,25,0,0,2,6,2,8,0.25,
2013,Portland,206,False,False,18,36,2,18,2,3,4,25,0.16,
2013,USC Upstate,207,False,False,28,30,1,6,2,7,3,16,0.1875,
2013,Wright St.,208,False,False,25,30,0,7,1,5,1,13,0.0769,
2013,Purdue,209,False,False,17,34,1,9,2,7,3,19,0.1579,
2013,McNeese,210,False,False,23,31,2,8,4,10,6,24,0.25,
2013,Princeton,211,False,False,14,28,0,6,1,2,1,9,0.1111,
2013,Southeast Mo. St.,212,False,False,26,33,3,4,2,4,5,13,0.3846,
2013,Davidson,213,False,False,18,31,1,5,3,7,4,16,0.25,
2013,UNC Asheville,214,False,False,16,35,0,5,3,10,3,18,0.1667,
2013,Nevada,215,False,False,25,32,1,3,4,11,5,19,0.2632,
2013,Manhattan,216,False,False,24,28,1,3,2,5,3,11,0.2727,
2013,Georgetown,217,False,False,25,28,1,8,3,6,4,18,0.2222,
2013,Fresno St.,218,False,False,23,33,0,6,4,15,4,25,0.16,
2013,Penn,219,False,False,22,21,1,3,2,3,3,9,0.3333,
2013,UNC Greensboro,220,False,False,24,31,1,2,2,10,3,15,0.2,
2013,Oakland,221,False,False,20,35,1,14,1,0,2,16,0.125,
2013,Stony Brook,222,False,False,25,34,0,5,1,4,1,10,0.1,
2013,Bradley,223,False,False,17,32,1,3,0,9,1,13,0.0769,
2013,NIU,224,False,False,22,34,1,2,2,8,3,13,0.2308,
2013,Winthrop,225,False,False,21,33,3,3,2,6,5,14,0.3571,
2013,ULM,226,False,False,18,36,3,14,5,9,8,31,0.2581,
2013,Marshall,227,False,False,20,34,0,5,3,10,3,18,0.1667,
2013,Seattle U,228,False,False,20,33,3,6,1,10,4,20,0.2,
2013,Western Ill.,229,False,False,19,37,2,3,1,7,3,13,0.2308,
2013,La Salle,230,False,False,24,29,0,3,1,4,1,8,0.125,
2013,Penn St.,231,False,False,14,36,0,14,2,7,2,23,0.087,
2013,Hartford,232,False,False,17,36,0,8,2,1,2,11,0.1818,
2013,Utah Valley,233,False,False,24,30,1,3,0,7,1,11,0.0909,
2013,Niagara,234,False,False,16,38,1,8,1,7,2,17,0.1176,
2013,Jacksonville,235,False,False,17,38,1,5,0,12,1,18,0.0556,
2013,Cincinnati,236,False,False,24,32,1,15,5,5,6,26,0.2308,
2013,Alabama St.,237,False,False,32,25,1,9,1,2,2,13,0.1538,
2013,Jackson St.,238,True,False,34,20,0,5,0,2,0,7,0.0,
2013,Northwestern St.,239,False,False,16,40,0,8,4,18,4,30,0.1333,
2013,Navy,240,False,False,28,23,0,1,1,0,1,2,0.5,
2013,George Mason,241,False,False,18,35,2,6,2,13,4,23,0.1739,
2013,Southern U.,242,False,False,21,23,0,3,0,0,0,3,0.0,
2013,Wagner,243,False,False,24,31,0,3,0,6,0,9,0.0,
2013,George Washington,244,False,False,26,32,0,1,0,5,0,6,0.0,
2013,Fairfield,245,False,False,20,29,0,1,2,3,2,6,0.3333,
2013,Prairie View,246,False,False,27,27,0,4,0,1,0,5,0.0,
2013,UC Davis,247,False,False,19,37,1,11,1,6,2,19,0.1053,
2013,LIU,248,False,False,21,33,2,3,0,9,2,14,0.1429,
2013,Akron,249,False,False,15,37,1,10,0,5,1,16,0.0625,
2013,Pacific,250,False,False,15,39,4,12,3,7,7,26,0.2692,
2013,N.C. Central,251,False,False,27,29,0,1,2,5,2,8,0.25,
2013,St. Bonaventure,252,False,False,19,28,0,3,1,2,1,6,0.1667,
2013,Ark.-Pine Bluff,253,False,False,21,32,0,7,1,3,1,11,0.0909,
2013,Wofford,254,False,False,20,36,0,6,3,7,3,16,0.1875,
2013,Temple,255,False,False,18,28,1,0,2,9,3,12,0.25,
2013,Villanova,256,False,False,14,40,1,12,0,7,1,20,0.05,
2013,Western Mich.,257,False,False,16,38,0,1,1,13,1,15,0.0667,
2013,Louisiana Tech,258,False,False,19,37,0,2,2,8,2,12,0.1667,
2013,Yale,259,False,False,13,25,0,2,0,0,0,2,0.0,
2013,Air Force,260,False,False,15,39,0,3,2,14,2,19,0.1053,
2013,Purdue Fort Wayne,261,False,False,22,32,0,0,0,4,0,4,0.0,
2013,SIUE,262,False,False,16,35,0,7,3,9,3,19,0.1579,
2013,Murray St.,263,False,False,21,33,0,10,0,4,0,14,0.0,
2013,Quinnipiac,264,False,False,17,36,0,8,0,4,0,12,0.0,
2013,Saint Mary's (CA),265,False,False,21,34,1,7,4,10,5,22,0.2273,
2013,Morehead St.,266,False,False,16,40,0,13,1,7,1,21,0.0476,
2013,Bucknell,267,False,False,16,33,0,3,0,5,0,8,0.0,
2013,Youngstown St.,268,False,False,14,43,0,6,2,11,2,19,0.1053,
2013,San Jose St.,269,False,False,17,41,0,11,2,4,2,17,0.1176,
2013,Saint Peter's,270,False,False,17,34,1,2,2,2,3,7,0.4286,
2013,Fordham,271,False,False,22,32,0,0,1,4,1,5,0.2,
2013,UMBC,272,False,False,18,30,0,2,1,5,1,8,0.125,
2013,Harvard,273,False,False,10,31,0,7,0,7,0,14,0.0,
2013,New Orleans,274,False,False,7,44,0,17,1,11,1,29,0.0345,
2013,Norfolk St.,275,False,False,19,29,0,1,0,2,0,3,0.0,
2013,Massachusetts,276,False,False,14,31,0,6,1,7,1,14,0.0714,
2013,Grambling,277,False,False,18,30,0,4,2,3,2,9,0.2222,
2013,Santa Clara,278,False,False,14,39,1,2,1,18,2,22,0.0909,
2013,NJIT,279,False,False,20,34,0,3,0,0,0,3,0.0,
2013,N.C. A&T,280,False,False,16,38,0,1,0,4,0,5,0.0,
2013,Ohio,281,False,False,14,39,0,5,2,3,2,10,0.2,
2013,Lehigh,282,False,False,18,29,1,3,0,0,1,4,0.25,
2013,Florida A&M,283,False,False,7,47,1,14,0,4,1,19,0.0526,
2013,Dayton,284,False,False,11,39,0,0,2,14,2,16,0.125,
2013,Northern Ky.,285,False,False,8,47,0,12,2,8,2,22,0.0909,
2013,UT Martin,286,False,False,11,40,0,9,1,3,1,13,0.0769,
2013,Brown,287,False,False,7,33,0,5,1,6,1,12,0.0833,
2013,Alcorn,288,False,False,16,41,0,9,0,6,0,15,0.0,
2013,FDU,289,False,False,12,36,0,3,0,4,0,7,0.0,
2013,Coppin St.,290,False,False,18,33,1,4,0,0,1,5,0.2,
2013,Lafayette,291,False,False,10,40,0,6,0,2,0,8,0.0,
2013,Iona,292,False,False,8,43,0,6,0,0,0,6,0.0,
2013,Chicago St.,293,False,False,10,45,0,0,0,1,0,1,0.0,
2013,New York Tech,294,False,False,10,47,0,0,0,5,0,5,0.0,
2013,Mount St. Mary's,295,False,False,11,37,1,4,0,2,1,7,0.1429,
2013,Alabama A&M,296,False,False,8,41,0,4,0,2,0,6,0.0,
2013,Mississippi Val.,297,False,False,5,44,0,6,0,0,0,6,0.0,
2013,UMES,298,False,False,8,45,0,0,0,1,0,1,0.0,
2014,Indiana,1,True,True,42,13,11,8,9,0,20,28,0.7143,
2014,Virginia,2,True,True,44,13,6,6,18,5,24,35,0.6857,
2014,Florida St.,3,True,True,43,15,14,12,7,2,21,35,0.6,
2014,Florida,4,True,True,40,21,22,13,9,4,31,48,0.6458,
2014,Louisiana,5,True,True,53,7,7,1,9,2,16,19,0.8421,
2014,Oregon St.,6,True,True,42,12,13,5,5,4,18,27,0.6667,
2014,LSU,7,True,True,44,14,10,10,14,2,24,36,0.6667,
2014,Rice,8,True,False,41,18,12,10,10,7,22,39,0.5641,
2014,Houston,9,True,True,44,15,9,7,8,2,17,26,0.6538,
2014,Vanderbilt,10,True,True,41,18,14,14,10,2,24,40,0.6,
2014,TCU,11,True,True,42,15,13,8,10,2,23,33,0.697,
2014,Texas,12,True,False,38,18,16,13,9,4,25,42,0.5952,
2014,Ole Miss,13,True,True,41,18,12,12,9,4,21,37,0.5676,
2014,Texas Tech,14,True,False,40,18,10,14,7,3,17,34,0.5,
2014,South Carolina,15,True,True,42,16,12,13,7,1,19,33,0.5758,
2014,Miami (FL),16,True,True,41,17,12,9,8,2,20,31,0.6452,
2014,Cal Poly,17,True,True,45,10,2,4,15,5,17,26,0.6538,
2014,Oklahoma St.,18,True,True,45,16,12,6,18,7,30,43,0.6977,
2014,Kentucky,19,True,False,35,23,18,15,5,1,23,39,0.5897,
2014,Louisville,20,True,True,45,15,6,8,2,0,8,16,0.5,
2014,Indiana St.,21,True,False,35,16,5,6,8,7,13,26,0.5,
2014,Washington,22,True,False,39,15,10,8,4,1,14,23,0.6087,
2014,Alabama,23,True,False,34,22,13,15,5,3,18,36,0.5,
2014,Oregon,24,True,False,42,18,4,10,10,6,14,30,0.4667,
2014,Nebraska,25,True,False,40,19,6,5,15,6,21,32,0.6562,
2014,DBU,26,True,False,40,19,7,11,6,1,13,25,0.52,
2014,Maryland,27,True,False,36,21,4,7,14,7,18,32,0.5625,
2014,UNLV,28,True,False,35,23,7,12,9,6,16,34,0.4706,
2014,Sam Houston,29,True,False,41,17,7,5,6,6,13,24,0.5417,
2014,Columbia,30,True,False,29,18,2,6,6,6,8,20,0.4,
2014,Long Beach St.,31,True,False,32,24,6,12,14,6,20,38,0.5263,
2014,Liberty,32,True,False,41,16,2,3,9,7,11,21,0.5238,
2014,Arkansas,33,True,False,38,23,15,17,3,1,18,36,0.5,
2014,Georgia Tech,34,True,False,36,25,12,11,5,5,17,33,0.5152,
2014,Pepperdine,35,True,False,39,16,4,3,8,3,12,18,0.6667,
2014,Mississippi St.,36,True,False,37,22,9,12,13,5,22,39,0.5641,
2014,Old Dominion,37,True,False,36,24,7,7,7,7,14,28,0.5,
2014,San Diego St.,38,True,False,42,19,9,8,7,6,16,30,0.5333,
2014,Texas A&M,39,True,False,33,24,16,17,2,5,18,40,0.45,
2014,Arizona St.,40,True,False,33,22,9,11,9,7,18,36,0.5,
2014,West Virginia,41,False,False,28,26,6,19,6,4,12,35,0.3429,
2014,North Carolina,42,True,False,34,25,7,12,4,7,11,30,0.3667,
2014,Bryant,43,True,False,42,14,0,3,2,2,2,7,0.2857,
2014,Mercer,44,False,False,38,17,3,0,7,5,10,15,0.6667,
2014,Kansas,45,True,False,34,24,9,11,10,6,19,36,0.5278,
2014,UC Irvine,46,True,False,35,22,4,8,7,9,11,28,0.3929,
2014,Stanford,47,True,False,30,23,6,13,8,7,14,34,0.4118,
2014,Clemson,48,True,False,36,23,8,12,7,6,15,33,0.4545,
2014,UCF,49,False,False,36,23,5,11,3,1,8,20,0.4,
2014,UC Santa Barbara,50,False,False,34,17,4,8,7,2,11,21,0.5238,
2014,Ball St.,51,False,False,39,18,2,7,4,0,6,13,0.4615,
2014,Tennessee,52,False,False,31,23,14,17,3,0,17,34,0.5,
2014,Western Caro.,53,False,False,37,18,1,7,6,4,7,18,0.3889,
2014,Col. of Charleston,54,True,False,41,17,0,4,8,4,8,16,0.5,
2014,Illinois,55,False,False,32,21,5,5,6,5,11,21,0.5238,
2014,Cal St. Fullerton,56,True,False,32,22,10,11,5,5,15,31,0.4839,
2014,Kennesaw St.,57,True,False,37,21,5,5,5,6,10,21,0.4762,
2014,Southern California,58,False,False,29,24,7,15,7,4,14,33,0.4242,
2014,California,59,False,False,26,27,12,15,5,3,17,35,0.4857,
2014,Creighton,60,False,False,32,17,0,3,8,5,8,16,0.5,
2014,NC State,61,False,False,32,23,3,12,7,5,10,27,0.3704,
2014,New Mexico,62,False,False,37,20,4,11,9,2,13,26,0.5,
2014,High Point,63,False,False,33,22,3,9,2,5,5,19,0.2632,
2014,Southern Miss.,64,False,False,35,25,6,8,8,4,14,26,0.5385,
2014,Georgia,65,False,False,26,29,5,18,7,7,12,37,0.3243,
2014,Illinois St.,66,False,False,33,22,3,6,8,9,11,26,0.4231,
2014,San Diego,67,False,False,34,20,5,6,6,3,11,20,0.55,
2014,Campbell,68,True,False,40,19,2,4,10,8,12,24,0.5,
2014,Canisius,69,False,False,40,16,3,2,0,1,3,6,0.5,
2014,Southeastern La.,70,True,False,37,23,1,8,6,3,7,18,0.3889,
2014,William & Mary,71,False,False,34,22,4,8,1,3,5,16,0.3125,
2014,Southeast Mo. St.,72,False,False,37,20,0,2,6,8,6,16,0.375,
2014,East Carolina,73,False,False,33,26,6,9,6,9,12,30,0.4,
2014,Wichita St.,74,False,False,31,28,7,11,5,9,12,32,0.375,
2014,FIU,75,False,False,36,20,3,5,2,5,5,15,0.3333,
2014,Samford,76,False,False,35,25,0,5,6,7,6,18,0.3333,
2014,Arkansas St.,77,False,False,32,27,1,5,8,13,9,27,0.3333,
2014,Evansville,78,False,False,34,21,5,5,6,4,11,20,0.55,
2014,Baylor,79,False,False,26,31,9,19,5,11,14,44,0.3182,
2014,UAB,80,False,False,35,21,3,5,5,9,8,22,0.3636,
2014,Duke,81,False,False,33,25,3,14,8,3,11,28,0.3929,
2014,Wake Forest,82,False,False,30,26,9,11,3,4,12,27,0.4444,
2014,FGCU,83,False,False,39,22,1,6,4,5,5,16,0.3125,
2014,Auburn,84,False,False,28,28,9,15,6,6,15,36,0.4167,
2014,Middle Tenn.,85,False,False,31,27,8,13,3,5,11,29,0.3793,
2014,Oklahoma,86,False,False,29,29,7,16,2,3,9,28,0.3214,
2014,Jacksonville St.,87,True,False,36,25,2,5,5,7,7,19,0.3684,
2014,UC Riverside,88,False,False,26,28,6,14,1,9,7,30,0.2333,
2014,Rutgers,89,False,False,30,25,3,15,3,4,6,25,0.24,
2014,Oral Roberts,90,False,False,30,26,4,10,8,7,12,29,0.4138,
2014,VCU,91,False,False,37,20,3,4,3,3,6,13,0.4615,
2014,Ga. Southern,92,True,False,39,21,3,3,7,6,10,19,0.5263,
2014,UT Arlington,93,False,False,33,26,4,6,2,5,6,17,0.3529,
2014,Xavier,94,True,False,29,27,2,9,5,8,7,24,0.2917,
2014,Texas St.,95,False,False,30,28,1,11,3,8,4,23,0.1739,
2014,Fla. Atlantic,96,False,False,28,25,7,7,4,8,11,26,0.4231,
2014,Saint Joseph's,97,False,False,35,16,0,2,6,3,6,11,0.5455,
2014,UTSA,98,False,False,35,26,9,12,6,4,15,31,0.4839,
2014,St. John's (NY),99,False,False,35,20,1,8,7,7,8,23,0.3478,
2014,Michigan St.,100,False,False,31,26,3,15,4,2,7,24,0.2917,
2014,Radford,101,False,False,33,23,3,4,8,8,11,23,0.4783,
2014,UNCW,102,False,False,30,27,3,12,7,5,10,27,0.3704,
2014,Seton Hall,103,False,False,38,15,1,2,3,5,4,11,0.3636,
2014,Missouri St.,104,False,False,26,31,6,16,5,6,11,33,0.3333,
2014,Kansas St.,105,False,False,25,30,6,19,3,4,9,32,0.2812,
2014,Michigan,106,False,False,30,29,5,14,3,2,8,24,0.3333,
2014,A&M-Corpus Christi,107,False,False,31,27,0,7,7,5,7,19,0.3684,
2014,Central Ark.,108,False,False,32,22,3,1,7,13,10,24,0.4167,
2014,Iowa,109,False,False,30,23,2,5,6,10,8,23,0.3478,
2014,Davidson,110,False,False,29,19,0,6,0,2,0,8,0.0,
2014,Minnesota,111,False,False,27,24,1,8,6,6,7,21,0.3333,
2014,UCLA,112,False,False,25,30,8,13,6,11,14,38,0.3684,
2014,Bucknell,113,True,False,30,19,1,5,1,0,2,7,0.2857,
2014,Stony Brook,114,False,False,35,18,2,4,2,4,4,12,0.3333,
2014,Northwestern St.,115,False,False,33,26,4,9,3,5,7,21,0.3333,
2014,Miami (OH),116,False,False,30,27,1,3,6,12,7,22,0.3182,
2014,Fresno St.,117,False,False,28,29,4,12,8,9,12,33,0.3636,
2014,Tennessee Tech,118,False,False,40,19,0,2,3,5,3,10,0.3,
2014,George Mason,119,True,False,34,20,0,3,5,0,5,8,0.625,
2014,Wright St.,120,False,False,35,22,2,6,1,3,3,12,0.25,
2014,Kent St.,121,True,False,36,21,1,6,4,1,5,12,0.4167,
2014,Memphis,122,False,False,30,29,4,7,8,5,12,24,0.5,
2014,Hartford,123,False,False,31,23,0,0,3,7,3,10,0.3,
2014,Central Mich.,124,False,False,35,23,2,5,2,4,4,13,0.3077,
2014,VMI,125,False,False,25,23,4,7,3,5,7,19,0.3684,
2014,Central Conn. St.,126,False,False,27,22,2,6,4,2,6,14,0.4286,
2014,LMU (CA),127,False,False,32,24,3,9,6,4,9,22,0.4091,
2014,Ohio St.,128,False,False,30,28,2,15,5,5,7,27,0.2593,
2014,Nicholls,129,False,False,32,26,0,8,2,2,2,12,0.1667,
2014,Western Ky.,130,False,False,29,28,2,9,3,4,5,18,0.2778,
2014,Nevada,131,False,False,31,27,1,6,5,6,6,18,0.3333,
2014,Penn,132,False,False,24,17,2,6,0,0,2,8,0.25,
2014,Sacramento St.,133,True,False,39,22,2,4,2,4,4,12,0.3333,
2014,Grand Canyon,134,False,False,30,23,2,5,1,3,3,11,0.2727,
2014,Sacred Heart,135,False,False,29,28,3,6,1,2,4,12,0.3333,
2014,UConn,136,False,False,27,31,1,11,6,6,7,24,0.2917,
2014,McNeese,137,False,False,29,28,0,7,4,9,4,20,0.2,
2014,Bowling Green,138,False,False,25,27,1,8,3,3,4,15,0.2667,
2014,Washington St.,139,False,False,24,30,6,11,7,8,13,32,0.4062,
2014,Towson,140,False,False,22,25,0,9,1,6,1,16,0.0625,
2014,South Fla.,141,False,False,27,31,7,12,2,8,9,29,0.3103,
2014,Tulane,142,False,False,23,29,3,10,8,7,11,28,0.3929,
2014,Missouri,143,False,False,20,33,2,14,10,15,12,41,0.2927,
2014,Virginia Tech,144,False,False,21,31,4,17,1,6,5,28,0.1786,
2014,Bradley,145,False,False,24,27,2,9,4,6,6,21,0.2857,
2014,Lamar University,146,False,False,31,25,5,6,4,5,9,20,0.45,
2014,Gonzaga,147,False,False,26,29,1,13,3,2,4,19,0.2105,
2014,Omaha,148,False,False,31,20,1,2,1,4,2,8,0.25,
2014,Elon,149,False,False,27,26,1,2,4,9,5,16,0.3125,
2014,Army West Point,150,False,False,33,18,1,4,1,0,2,6,0.3333,
2014,Saint Louis,151,False,False,34,21,2,2,3,6,5,13,0.3846,
2014,Eastern Ill.,152,False,False,22,33,2,15,2,3,4,22,0.1818,
2014,Pacific,153,False,False,26,27,2,7,3,4,5,16,0.3125,
2014,Binghamton,154,True,False,25,25,0,3,3,9,3,15,0.2,
2014,South Alabama,155,False,False,22,33,3,7,3,8,6,21,0.2857,
2014,ULM,156,False,False,23,36,0,11,4,13,4,28,0.1429,
2014,Fairfield,157,False,False,32,23,0,0,6,5,6,11,0.5455,
2014,Lipscomb,158,False,False,33,28,3,2,4,7,7,16,0.4375,
2014,Alabama St.,159,False,False,37,20,1,3,2,2,3,8,0.375,
2014,Boston College,160,False,False,22,33,6,12,1,5,7,24,0.2917,
2014,Little Rock,161,False,False,25,29,0,7,8,7,8,22,0.3636,
2014,Pittsburgh,162,False,False,22,30,2,12,4,4,6,22,0.2727,
2014,Utah Valley,163,False,False,28,30,4,7,3,7,7,21,0.3333,
2014,San Francisco,164,False,False,25,29,5,7,7,9,12,28,0.4286,
2014,SFA,165,False,False,20,35,3,16,4,5,7,28,0.25,
2014,Delaware,166,False,False,26,27,2,9,1,5,3,17,0.1765,
2014,Dartmouth,167,False,False,18,21,3,10,0,0,3,13,0.2308,
2014,Cincinnati,168,False,False,22,31,1,10,2,5,3,18,0.1667,
2014,Akron,169,False,False,28,29,1,0,5,8,6,14,0.4286,
2014,Jacksonville,170,False,False,21,33,3,7,2,8,5,20,0.25,
2014,Georgia St.,171,False,False,25,31,2,8,4,8,6,22,0.2727,
2014,Morehead St.,172,False,False,29,28,4,5,0,2,4,11,0.3636,
2014,Buffalo,173,False,False,26,26,0,3,5,10,5,18,0.2778,
2014,App State,174,False,False,21,34,0,13,3,8,3,24,0.125,
2014,Notre Dame,175,False,False,22,31,1,11,4,6,5,22,0.2273,
2014,Charlotte,176,False,False,19,31,1,4,6,18,7,29,0.2414,
2014,Furman,177,False,False,26,33,2,5,3,5,5,15,0.3333,
2014,Santa Clara,178,False,False,26,30,3,9,0,6,3,18,0.1667,
2014,Stetson,179,False,False,26,34,4,13,0,3,4,20,0.2,
2014,Hawaii,180,False,False,22,31,3,15,2,8,5,28,0.1786,
2014,Richmond,181,False,False,24,28,1,4,2,7,3,14,0.2143,
2014,Houston Christian,182,False,False,23,28,3,10,3,5,6,21,0.2857,
2014,Utah,183,False,False,16,36,3,17,4,9,7,33,0.2121,
2014,North Florida,184,False,False,22,31,1,11,3,5,4,20,0.2,
2014,Coastal Carolina,185,False,False,24,33,2,11,5,8,7,26,0.2692,
2014,Belmont,186,False,False,24,30,0,6,3,7,3,16,0.1875,
2014,BYU,187,False,False,22,31,1,10,3,8,4,22,0.1818,
2014,Wofford,188,False,False,32,28,1,5,1,5,2,12,0.1667,
2014,Arizona,189,False,False,22,33,3,16,4,6,7,29,0.2414,
2014,The Citadel,190,False,False,24,34,4,6,1,8,5,19,0.2632,
2014,UC Davis,191,False,False,23,31,1,9,3,11,4,24,0.1667,
2014,CSUN,192,False,False,18,38,2,18,3,11,5,34,0.1471,
2014,ETSU,193,False,False,27,30,3,3,5,10,8,21,0.381,
2014,Western Mich.,194,False,False,24,31,2,4,3,10,5,19,0.2632,
2014,Troy,195,False,False,25,32,1,6,3,9,4,19,0.2105,
2014,UTRGV,196,False,False,27,30,1,7,0,3,1,11,0.0909,
2014,San Jose St.,197,False,False,19,38,5,12,3,10,8,30,0.2667,
2014,Northeastern,198,False,False,26,29,2,4,0,4,2,10,0.2,
2014,Toledo,199,False,False,22,32,1,4,5,13,6,23,0.2609,
2014,Southern Ill.,200,False,False,26,31,1,14,7,7,8,29,0.2759,
2014,Siena,201,True,False,26,31,2,4,2,9,4,17,0.2353,
2014,Western Ill.,202,False,False,21,32,0,7,4,4,4,15,0.2667,
2014,Purdue,203,False,False,13,37,2,20,1,6,3,29,0.1034,
2014,Winthrop,204,False,False,27,33,2,8,0,3,2,13,0.1538,
2014,Bethune-Cookman,205,True,False,26,31,1,9,1,2,2,13,0.1538,
2014,Cornell,206,False,False,18,21,0,4,2,4,2,10,0.2,
2014,Monmouth,207,False,False,24,25,0,6,1,4,1,11,0.0909,
2014,James Madison,208,False,False,17,36,2,12,1,7,3,22,0.1364,
2014,LIU,209,False,False,25,25,1,2,3,12,4,18,0.2222,
2014,Wagner,210,False,False,19,35,2,10,0,8,2,20,0.1,
2014,Valparaiso,211,False,False,25,28,0,1,7,6,7,14,0.5,
2014,South Dakota St.,212,False,False,28,29,0,2,1,5,1,8,0.125,
2014,Gardner-Webb,213,False,False,24,31,3,7,3,4,6,17,0.3529,
2014,Eastern Ky.,214,False,False,24,31,0,4,3,10,3,17,0.1765,
2014,Charleston So.,215,False,False,30,26,1,2,1,7,2,11,0.1818,
2014,UNC Greensboro,216,False,False,21,28,1,3,3,9,4,16,0.25,
2014,Seattle U,217,False,False,26,27,3,5,0,3,3,11,0.2727,
2014,Marshall,218,False,False,20,31,2,5,3,16,5,26,0.1923,
2014,Dayton,219,False,False,24,30,0,0,6,8,6,14,0.4286,
2014,Florida A&M,220,False,False,26,26,1,3,0,5,1,9,0.1111,
2014,Air Force,221,False,False,20,34,5,8,1,12,6,26,0.2308,
2014,Northwestern,222,False,False,19,33,2,5,2,12,4,21,0.1905,
2014,UMass Lowell,223,False,False,20,22,0,2,0,1,0,3,0.0,
2014,Murray St.,224,False,False,23,29,2,3,2,7,4,14,0.2857,
2014,Yale,225,False,False,19,22,3,2,0,3,3,8,0.375,
2014,North Dakota St.,226,True,False,25,24,0,3,1,1,1,5,0.2,
2014,NIU,227,False,False,17,36,0,8,2,5,2,15,0.1333,
2014,Princeton,228,False,False,14,26,0,8,1,1,1,10,0.1,
2014,Holy Cross,229,False,False,13,31,2,2,1,10,3,15,0.2,
2014,Maine,230,False,False,24,29,1,5,2,4,3,12,0.25,
2014,Hofstra,231,False,False,20,24,1,2,4,7,5,14,0.3571,
2014,Longwood,232,False,False,22,33,1,1,5,14,6,21,0.2857,
2014,Georgetown,233,False,False,19,29,0,3,1,7,1,11,0.0909,
2014,Temple,234,False,False,15,32,2,8,2,10,4,22,0.1818,
2014,Lehigh,235,False,False,25,24,0,0,1,4,1,5,0.2,
2014,SIUE,236,False,False,21,33,0,6,0,6,0,12,0.0,
2014,Butler,237,False,False,20,30,0,7,2,7,2,16,0.125,
2014,Austin Peay,238,False,False,23,33,0,2,4,11,4,17,0.2353,
2014,Penn St.,239,False,False,18,32,0,6,3,12,3,21,0.1429,
2014,Fordham,240,False,False,24,30,0,1,1,7,1,9,0.1111,
2014,CSU Bakersfield,241,False,False,26,33,0,4,1,7,1,12,0.0833,
2014,Presbyterian,242,False,False,19,34,1,9,1,8,2,19,0.1053,
2014,Lafayette,243,False,False,15,26,0,0,0,9,0,9,0.0,
2014,Louisiana Tech,244,False,False,15,35,1,8,5,11,6,25,0.24,
2014,Brown,245,False,False,13,24,1,6,1,4,2,12,0.1667,
2014,Massachusetts,246,False,False,15,31,0,3,2,4,2,9,0.2222,
2014,Quinnipiac,247,False,False,18,31,0,3,2,8,2,13,0.1538,
2014,Mount St. Mary's,248,False,False,17,24,1,2,6,8,7,17,0.4118,
2014,Texas Southern,249,False,False,23,29,0,7,0,1,0,8,0.0,
2014,UIC,250,False,False,24,27,0,3,0,4,0,7,0.0,
2014,Jackson St.,251,True,False,30,23,0,2,2,1,2,5,0.4,
2014,Delaware St.,252,False,False,30,17,0,0,0,0,0,0,0.0,
2014,La Salle,253,False,False,14,34,0,8,1,4,1,13,0.0769,
2014,Purdue Fort Wayne,254,False,False,19,36,0,3,1,6,1,10,0.1,
2014,Savannah St.,255,False,False,22,31,1,3,0,0,1,4,0.25,
2014,Norfolk St.,256,False,False,23,26,1,0,0,7,1,8,0.125,
2014,UMBC,257,False,False,17,29,0,7,0,3,0,10,0.0,
2014,Eastern Mich.,258,False,False,19,34,1,8,1,2,2,12,0.1667,
2014,New Mexico St.,259,False,False,23,31,0,6,1,3,1,10,0.1,
2014,FDU,260,False,False,15,32,0,0,0,8,0,8,0.0,
2014,Oakland,261,False,False,12,33,1,3,1,8,2,13,0.1538,
2014,Abilene Christian,262,False,False,18,36,0,8,2,4,2,14,0.1429,
2014,Villanova,263,False,False,16,34,0,2,2,9,2,13,0.1538,
2014,UIW,264,False,False,18,32,1,3,1,7,2,12,0.1667,
2014,Niagara,265,False,False,20,31,0,4,0,4,0,8,0.0,
2014,Ark.-Pine Bluff,266,False,False,22,28,0,3,0,5,0,8,0.0,
2014,Navy,267,False,False,23,28,0,1,0,5,0,6,0.0,
2014,North Dakota,268,False,False,10,29,0,4,0,7,0,11,0.0,
2014,Northern Ky.,269,False,False,14,37,0,7,1,8,1,16,0.0625,
2014,Saint Mary's (CA),270,False,False,16,39,1,8,1,10,2,20,0.1,
2014,USC Upstate,271,False,False,17,38,1,5,2,5,3,13,0.2308,
2014,George Washington,272,False,False,20,30,0,4,1,2,1,7,0.1429,
2014,Marist,273,False,False,17,32,0,3,0,4,0,7,0.0,
2014,Youngstown St.,274,True,False,16,36,0,2,1,7,1,10,0.1,
2014,New Orleans,275,False,False,11,38,1,9,0,8,1,18,0.0556,
2014,Harvard,276,False,False,11,28,0,2,1,6,1,9,0.1111,
2014,Prairie View,277,False,False,19,30,0,6,0,0,0,6,0.0,
2014,N.C. A&T,278,False,False,17,32,1,4,0,6,1,11,0.0909,
2014,UAlbany,279,False,False,12,33,1,3,0,8,1,12,0.0833,
2014,Portland,280,False,False,11,41,0,11,2,10,2,23,0.087,
2014,Rhode Island,281,False,False,13,40,0,4,1,6,1,11,0.0909,
2014,UNC Asheville,282,False,False,13,40,1,10,0,5,1,16,0.0625,
2014,Manhattan,283,False,False,17,33,0,6,0,9,0,15,0.0,
2014,Milwaukee,284,False,False,21,29,0,1,0,4,0,5,0.0,
2014,Alabama A&M,285,False,False,21,32,0,0,0,4,0,4,0.0,
2014,St. Bonaventure,286,False,False,12,30,0,1,1,7,1,9,0.1111,
2014,N.C. Central,287,False,False,19,33,0,2,0,2,0,4,0.0,
2014,Iona,288,False,False,13,31,0,4,0,4,0,8,0.0,
2014,Rider,289,False,False,16,33,0,5,0,4,0,9,0.0,
2014,Chicago St.,290,False,False,17,37,0,0,1,8,1,9,0.1111,
2014,Saint Peter's,291,False,False,11,41,0,7,1,8,1,16,0.0625,
2014,Northern Colo.,292,False,False,10,43,1,11,0,6,1,18,0.0556,
2014,UT Martin,293,False,False,9,42,0,2,1,14,1,17,0.0588,
2014,Alcorn,294,False,False,11,42,0,8,0,4,0,12,0.0,
2014,Ohio,295,False,False,11,40,1,1,1,5,2,8,0.25,
2014,Grambling,296,False,False,16,32,0,5,0,1,0,6,0.0,
2014,NJIT,297,False,False,20,25,0,0,0,2,0,2,0.0,
2014,UMES,298,False,False,13,35,0,0,0,6,0,6,0.0,
2014,Coppin St.,299,False,False,12,34,0,0,0,2,0,2,0.0,
2014,Southern U.,300,False,False,10,26,0,2,1,3,1,6,0.1667,
2014,Mississippi Val.,301,False,False,4,37,0,10,0,5,0,15,0.0,
2014,New York Tech,302,False,False,4,46,0,0,0,10,0,10,0.0,
2015,Miami (FL),1,True,True,44,14,13,11,12,2,25,38,0.6579,
2015,DBU,2,True,True,43,13,8,8,8,3,16,27,0.5926,
2015,Florida,3,True,True,44,16,15,11,18,5,33,49,0.6735,
2015,UCLA,4,True,True,42,14,14,9,10,3,24,36,0.6667,
2015,LSU,5,True,True,48,10,17,5,12,4,29,38,0.7632,
2015,Missouri St.,6,True,True,45,10,10,4,10,3,20,27,0.7407,
2015,Texas A&M,7,True,True,45,11,18,5,5,5,23,33,0.697,
2015,TCU,8,True,True,43,11,6,5,11,4,17,26,0.6538,
2015,Florida St.,9,True,True,41,19,17,10,6,5,23,38,0.6053,
2015,Illinois,10,True,True,47,8,9,3,10,2,19,24,0.7917,
2015,Vanderbilt,11,True,True,42,19,12,11,16,5,28,44,0.6364,
2015,Oklahoma St.,12,True,True,37,18,9,10,7,3,16,29,0.5517,
2015,Louisville,13,True,True,43,16,19,10,5,2,24,36,0.6667,
2015,Houston,14,True,True,42,18,10,12,16,4,26,42,0.619,
2015,Bradley,15,True,False,35,19,5,8,9,4,14,26,0.5385,
2015,Radford,16,True,False,43,14,4,6,10,3,14,23,0.6087,
2015,Col. of Charleston,17,True,False,43,13,8,6,4,1,12,19,0.6316,
2015,Fla. Atlantic,18,True,False,40,17,8,7,12,6,20,33,0.6061,
2015,UC Santa Barbara,19,True,True,40,15,5,3,15,4,20,27,0.7407,
2015,Coastal Carolina,20,True,False,38,19,4,9,13,5,17,31,0.5484,
2015,Oral Roberts,21,True,False,41,14,2,4,6,4,8,16,0.5,
2015,Iowa,22,True,False,39,16,6,5,11,5,17,27,0.6296,
2015,Virginia,23,True,False,34,22,16,13,4,5,20,38,0.5263,
2015,Auburn,24,True,False,35,24,11,13,8,8,19,40,0.475,
2015,Southern California,25,True,False,37,19,8,10,13,6,21,37,0.5676,
2015,East Carolina,26,True,False,40,20,7,11,14,5,21,37,0.5676,
2015,Cal St. Fullerton,27,True,True,34,22,8,12,4,4,12,28,0.4286,
2015,UNCW,28,True,False,39,16,3,8,5,3,8,19,0.4211,
2015,NC State,29,True,False,34,21,11,15,6,2,17,34,0.5,
2015,Oregon St.,30,True,False,38,16,6,7,14,6,20,33,0.6061,
2015,North Carolina,31,False,False,34,24,11,17,6,2,17,36,0.4722,
2015,South Fla.,32,True,False,33,24,10,17,4,3,14,34,0.4118,
2015,Ole Miss,33,True,False,30,26,12,16,6,8,18,42,0.4286,
2015,Indiana,34,True,False,34,22,12,7,7,8,19,34,0.5588,
2015,Arkansas,35,True,False,35,22,11,11,9,6,20,37,0.5405,
2015,Rice,36,True,False,35,20,5,6,10,5,15,26,0.5769,
2015,Arizona St.,37,True,False,34,21,10,11,3,3,13,27,0.4815,
2015,Wright St.,38,True,False,41,15,3,6,4,2,7,15,0.4667,
2015,Georgia Tech,39,False,False,32,23,5,11,12,9,17,37,0.4595,
2015,California,40,True,False,34,19,4,6,18,7,22,35,0.6286,
2015,Notre Dame,41,True,False,36,21,9,13,9,5,18,36,0.5,
2015,Ohio St.,42,False,False,35,20,5,13,6,3,11,27,0.4074,
2015,North Florida,43,False,False,45,16,5,4,5,4,10,18,0.5556,
2015,Maryland,44,True,False,39,21,11,8,5,7,16,31,0.5161,
2015,Louisiana,45,True,False,39,21,5,4,6,3,11,18,0.6111,
2015,Nebraska,46,False,False,34,23,3,12,8,4,11,27,0.4074,
2015,Tulane,47,True,False,34,23,7,11,13,8,20,39,0.5128,
2015,Southeastern La.,48,False,False,42,17,1,3,5,4,6,13,0.4615,
2015,UC Irvine,49,False,False,33,23,9,16,3,2,12,30,0.4,
2015,Alabama,50,False,False,32,28,11,18,8,9,19,46,0.413,
2015,UConn,51,False,False,35,25,8,14,7,6,15,35,0.4286,
2015,Michigan St.,52,False,False,34,23,11,11,4,2,15,28,0.5357,
2015,Stony Brook,53,True,False,34,14,1,5,1,3,2,10,0.2,
2015,Southern Miss.,54,False,False,36,18,6,8,12,5,18,31,0.5806,
2015,Missouri,55,False,False,30,28,5,15,11,5,16,36,0.4444,
2015,Duke,56,False,False,31,22,6,13,5,5,11,29,0.3793,
2015,Clemson,57,True,False,32,27,9,9,10,8,19,36,0.5278,
2015,Michigan,58,True,False,37,23,9,8,4,4,13,25,0.52,
2015,Nevada,59,False,False,41,15,6,2,7,3,13,18,0.7222,
2015,Kentucky,60,False,False,30,25,9,18,3,2,12,32,0.375,
2015,UCF,61,False,False,31,27,7,16,11,7,18,41,0.439,
2015,Oregon,62,True,False,37,23,9,8,4,8,13,29,0.4483,
2015,Creighton,63,False,False,32,19,2,5,6,8,8,21,0.381,
2015,South Carolina,64,False,False,32,25,10,16,5,4,15,35,0.4286,
2015,St. John's (NY),65,True,False,39,14,2,7,4,2,6,15,0.4,
2015,CSUN,66,False,False,33,24,2,8,8,7,10,25,0.4,
2015,Columbia,67,True,False,31,15,3,9,1,0,4,13,0.3077,
2015,Liberty,68,False,False,33,23,5,8,1,6,6,20,0.3,
2015,Lipscomb,69,True,False,39,18,4,2,5,4,9,15,0.6,
2015,UAB,70,False,False,33,25,7,6,9,9,16,31,0.5161,
2015,Memphis,71,False,False,37,21,11,9,5,5,16,30,0.5333,
2015,Fresno St.,72,False,False,31,28,1,13,10,8,11,32,0.3438,
2015,San Diego St.,73,True,False,40,21,4,3,9,7,13,23,0.5652,
2015,Tennessee,74,False,False,24,26,6,15,5,4,11,30,0.3667,
2015,UTSA,75,False,False,33,25,2,5,7,10,9,24,0.375,
2015,Virginia Tech,76,False,False,27,27,6,11,7,10,13,34,0.3824,
2015,Nicholls,77,False,False,34,19,3,2,8,8,11,21,0.5238,
2015,South Alabama,78,False,False,37,20,3,4,7,8,10,22,0.4545,
2015,Middle Tenn.,79,False,False,32,27,6,12,5,5,11,28,0.3929,
2015,Texas Tech,79,False,False,31,24,6,10,6,9,12,31,0.3871,
2015,High Point,81,False,False,29,26,8,13,2,3,10,26,0.3846,
2015,Milwaukee,82,False,False,39,20,6,5,3,4,9,18,0.5,
2015,Winthrop,83,False,False,40,19,4,6,2,0,6,12,0.5,
2015,Texas,84,True,False,30,25,3,11,6,3,9,23,0.3913,
2015,San Diego,85,False,False,33,22,2,5,9,5,11,21,0.5238,
2015,Oklahoma,86,False,False,34,27,2,11,10,9,12,32,0.375,
2015,New Mexico,87,False,False,32,27,6,10,7,11,13,34,0.3824,
2015,Boston College,88,False,False,27,27,1,13,11,10,12,35,0.3429,
2015,Indiana St.,89,False,False,28,26,6,15,4,3,10,28,0.3571,
2015,Long Beach St.,90,False,False,28,26,8,13,6,6,14,33,0.4242,
2015,Wake Forest,91,False,False,27,26,5,16,3,2,8,26,0.3077,
2015,Evansville,92,False,False,29,24,4,12,5,5,9,26,0.3462,
2015,Saint Louis,93,False,False,35,21,2,7,4,3,6,16,0.375,
2015,Washington,94,False,False,29,25,4,9,7,10,11,30,0.3667,
2015,VCU,95,True,False,37,22,3,3,3,4,6,13,0.4615,
2015,Campbell,96,False,False,32,25,7,11,2,6,9,26,0.3462,
2015,Northwestern St.,97,False,False,31,23,3,5,3,6,6,17,0.3529,
2015,Kansas St.,98,False,False,27,30,6,10,4,10,10,30,0.3333,
2015,Georgia,99,False,False,26,28,13,15,2,11,15,41,0.3659,
2015,Central Mich.,100,False,False,35,22,0,3,6,5,6,14,0.4286,
2015,Southeast Mo. St.,101,False,False,36,23,4,4,4,4,8,16,0.5,
2015,Kennesaw St.,102,False,False,28,28,4,5,9,9,13,27,0.4815,
2015,Central Ark.,103,False,False,29,24,2,6,5,7,7,20,0.35,
2015,Morehead St.,104,True,False,38,20,1,4,3,1,4,9,0.4444,
2015,West Virginia,105,False,False,27,27,3,9,5,9,8,26,0.3077,
2015,Rider,106,False,False,28,22,1,7,3,4,4,15,0.2667,
2015,CSU Bakersfield,107,True,False,36,22,4,6,1,7,5,18,0.2778,
2015,Samford,108,False,False,32,26,3,4,2,6,5,15,0.3333,
2015,Stanford,109,False,False,24,32,9,16,3,3,12,31,0.3871,
2015,South Dakota St.,110,False,False,33,23,3,5,0,1,3,9,0.3333,
2015,Wichita St.,111,False,False,26,33,4,15,0,5,4,24,0.1667,
2015,Grand Canyon,112,False,False,32,22,2,6,5,2,7,15,0.4667,
2015,Mercer,113,True,False,35,21,1,4,2,2,3,9,0.3333,
2015,McNeese,114,False,False,32,25,1,10,7,6,8,24,0.3333,
2015,Ohio,115,True,False,36,19,1,2,3,3,4,9,0.4444,
2015,Houston Christian,116,True,False,28,25,3,6,2,8,5,19,0.2632,
2015,Kent St.,117,False,False,31,22,3,3,2,4,5,12,0.4167,
2015,Texas Southern,118,True,False,31,17,0,6,1,0,1,7,0.1429,
2015,Illinois St.,119,False,False,27,27,3,11,4,3,7,21,0.3333,
2015,Western Ky.,120,False,False,24,28,5,6,5,16,10,32,0.3125,
2015,LMU (CA),121,False,False,33,21,2,5,6,4,8,17,0.4706,
2015,Pepperdine,122,True,False,30,27,0,8,4,11,4,23,0.1739,
2015,Cal Poly,123,False,False,27,27,7,9,3,6,10,25,0.4,
2015,FGCU,124,False,False,30,26,5,11,1,5,6,22,0.2727,
2015,Old Dominion,125,False,False,27,29,5,12,4,8,9,29,0.3103,
2015,Rhode Island,126,False,False,26,25,1,5,3,7,4,16,0.25,
2015,BYU,127,False,False,28,25,2,8,3,8,5,21,0.2381,
2015,Baylor,128,False,False,23,32,2,14,2,5,4,23,0.1739,
2015,Arizona,129,False,False,31,24,2,10,8,7,10,27,0.3704,
2015,Dartmouth,130,False,False,21,22,2,12,1,2,3,17,0.1765,
2015,Mississippi St.,131,False,False,24,30,5,21,4,5,9,35,0.2571,
2015,Ga. Southern,132,False,False,30,27,3,7,2,4,5,16,0.3125,
2015,Troy,133,False,False,30,25,1,3,4,6,5,14,0.3571,
2015,Arkansas St.,134,False,False,27,30,3,6,7,12,10,28,0.3571,
2015,Davidson,135,False,False,28,22,1,2,4,6,5,13,0.3846,
2015,Gonzaga,136,False,False,24,28,5,8,2,4,7,19,0.3684,
2015,Ark.-Pine Bluff,137,False,False,24,16,1,2,4,4,5,11,0.4545,
2015,Alabama St.,138,False,False,31,19,1,5,1,3,2,10,0.2,
2015,Kansas,138,False,False,23,32,3,11,8,9,11,31,0.3548,
2015,Elon,140,False,False,25,29,4,10,3,5,7,22,0.3182,
2015,Stetson,141,False,False,29,30,3,13,1,5,4,22,0.1818,
2015,Sam Houston,142,False,False,31,28,0,4,8,8,8,20,0.4,
2015,Minnesota,143,False,False,21,30,3,11,6,11,9,31,0.2903,
2015,UC Davis,144,False,False,30,26,4,9,3,4,7,20,0.35,
2015,UMBC,145,False,False,34,20,0,3,0,4,0,7,0.0,
2015,Washington St.,146,False,False,29,27,4,13,3,4,7,24,0.2917,
2015,FIU,147,True,False,29,29,4,9,10,9,14,32,0.4375,
2015,Louisiana Tech,148,False,False,25,27,2,7,7,10,9,26,0.3462,
2015,Ball St.,149,False,False,33,25,1,4,3,5,4,13,0.3077,
2015,Presbyterian,150,False,False,27,28,4,11,0,8,4,23,0.1739,
2015,UIC,151,False,False,29,22,1,3,6,6,7,16,0.4375,
2015,UT Arlington,152,False,False,24,32,2,11,4,4,6,21,0.2857,
2015,Wofford,153,False,False,39,22,0,4,1,0,1,5,0.2,
2015,Jacksonville,154,False,False,26,30,2,8,6,9,8,25,0.32,
2015,Delaware,155,False,False,26,24,1,7,0,2,1,10,0.1,
2015,Toledo,156,False,False,25,33,1,8,6,7,7,22,0.3182,
2015,Purdue Fort Wayne,157,False,False,28,26,0,7,1,1,1,9,0.1111,
2015,Northwestern,158,False,False,18,36,3,14,3,8,6,28,0.2143,
2015,Utah,159,False,False,16,36,1,8,8,20,9,37,0.2432,
2015,Belmont,160,False,False,29,29,3,6,1,6,4,16,0.25,
2015,The Citadel,161,False,False,28,30,0,6,3,6,3,15,0.2,
2015,Charlotte,162,False,False,19,29,4,10,4,7,8,25,0.32,
2015,Georgia St.,163,False,False,30,27,0,1,5,13,5,19,0.2632,
2015,Purdue,164,False,False,20,34,3,14,2,6,5,25,0.2,
2015,Penn,165,False,False,22,15,1,2,1,6,2,10,0.2,
2015,Bryant,166,False,False,29,25,0,9,1,3,1,13,0.0769,
2015,San Francisco,167,False,False,23,31,3,6,4,11,7,24,0.2917,
2015,Texas St.,168,False,False,24,32,2,5,6,11,8,24,0.3333,
2015,Pittsburgh,169,False,False,20,32,3,16,5,7,8,31,0.2581,
2015,Seton Hall,170,False,False,25,25,1,11,2,4,3,18,0.1667,
2015,Penn St.,171,False,False,18,30,1,15,4,3,5,23,0.2174,
2015,Jacksonville St.,172,False,False,30,27,1,2,4,3,5,10,0.5,
2015,Rutgers,173,False,False,19,35,2,14,3,10,5,29,0.1724,
2015,Saint Mary's (CA),174,False,False,28,27,2,3,5,6,7,16,0.4375,
2015,Georgetown,175,False,False,25,28,2,2,2,11,4,17,0.2353,
2015,Santa Clara,176,False,False,26,28,1,5,6,8,7,20,0.35,
2015,Holy Cross,177,False,False,24,26,1,3,1,2,2,7,0.2857,
2015,William & Mary,177,False,False,22,30,1,10,0,7,1,18,0.0556,
2015,Akron,179,False,False,28,30,0,3,4,7,4,14,0.2857,
2015,Monmouth,180,False,False,22,24,0,9,3,2,3,14,0.2143,
2015,Binghamton,181,False,False,17,24,2,7,0,2,2,11,0.1818,
2015,UNLV,182,False,False,25,31,4,9,4,13,8,30,0.2667,
2015,Jackson St.,183,False,False,32,25,0,4,1,4,1,9,0.1111,
2015,Richmond,184,False,False,28,25,0,5,1,4,1,10,0.1,
2015,Longwood,185,False,False,22,34,2,8,2,9,4,21,0.1905,
2015,Sacramento St.,186,False,False,33,27,1,6,2,5,3,14,0.2143,
2015,UNC Greensboro,187,False,False,23,27,3,4,4,7,7,18,0.3889,
2015,Marshall,188,False,False,20,32,1,8,2,10,3,21,0.1429,
2015,La Salle,189,False,False,24,27,0,4,4,8,4,16,0.25,
2015,Air Force,190,False,False,23,29,2,6,2,8,4,18,0.2222,
2015,VMI,191,False,False,21,30,3,3,0,4,3,10,0.3,
2015,A&M-Corpus Christi,192,False,False,26,27,2,2,4,7,6,15,0.4,
2015,Butler,193,False,False,23,30,0,4,1,12,1,17,0.0588,
2015,Tennessee Tech,194,False,False,26,29,1,4,5,2,6,12,0.5,
2015,Northeastern,195,False,False,25,30,1,10,0,2,1,13,0.0769,
2015,Austin Peay,196,False,False,25,26,2,1,3,8,5,14,0.3571,
2015,George Washington,197,False,False,32,22,2,2,1,3,3,8,0.375,
2015,Northern Ky.,198,False,False,17,34,0,9,2,14,2,25,0.08,
2015,Canisius,199,True,False,34,28,1,2,1,2,2,6,0.3333,
2015,Charleston So.,200,False,False,23,30,1,6,4,8,5,19,0.2632,
2015,Maine,201,False,False,24,28,0,3,1,9,1,13,0.0769,
2015,UNC Asheville,201,False,False,21,34,0,11,1,5,1,17,0.0588,
2015,Fordham,203,False,False,22,32,2,6,0,8,2,16,0.125,
2015,Southern U.,204,False,False,20,23,0,3,2,4,2,9,0.2222,
2015,Western Ill.,205,False,False,17,33,1,10,3,9,4,23,0.1739,
2015,Quinnipiac,206,False,False,29,27,0,7,1,3,1,11,0.0909,
2015,SIUE,207,False,False,20,30,0,5,1,10,1,16,0.0625,
2015,Bowling Green,208,False,False,25,29,0,1,5,10,5,16,0.3125,
2015,Furman,209,False,False,25,33,0,5,5,5,5,15,0.3333,
2015,Hartford,210,False,False,23,31,2,3,2,6,4,13,0.3077,
2015,Eastern Mich.,211,False,False,20,35,1,6,2,8,3,17,0.1765,
2015,Hawaii,212,False,False,21,32,1,10,7,13,8,31,0.2581,
2015,Valparaiso,213,False,False,22,31,0,8,2,4,2,14,0.1429,
2015,Cincinnati,214,False,False,15,41,3,24,4,12,7,43,0.1628,
2015,Wagner,215,False,False,27,23,0,4,0,3,0,7,0.0,
2015,Saint Joseph's,216,False,False,21,28,0,1,1,6,1,8,0.125,
2015,Alabama A&M,217,False,False,26,31,1,4,0,10,1,15,0.0667,
2015,North Dakota,218,False,False,24,27,0,3,1,7,1,11,0.0909,
2015,Hofstra,219,False,False,19,29,1,9,0,0,1,10,0.1,
2015,Navy,220,False,False,37,20,0,0,0,0,0,0,0.0,
2015,Harvard,221,False,False,18,24,0,2,3,4,3,9,0.3333,
2015,ULM,221,False,False,25,29,0,2,1,7,1,10,0.1,
2015,UMass Lowell,223,False,False,17,26,1,3,0,4,1,8,0.125,
2015,Abilene Christian,224,False,False,17,38,1,8,3,7,4,19,0.2105,
2015,Little Rock,225,False,False,16,33,1,5,5,11,6,22,0.2727,
2015,North Dakota St.,226,False,False,20,31,2,6,0,7,2,15,0.1333,
2015,Omaha,227,False,False,21,31,0,9,3,6,3,18,0.1667,
2015,Bucknell,228,False,False,24,22,0,0,3,0,3,3,1.0,
2015,UIW,229,False,False,21,33,0,6,1,10,1,17,0.0588,
2015,Western Mich.,230,False,False,22,30,0,5,2,4,2,11,0.1818,
2015,Seattle U,231,False,False,31,27,0,0,2,11,2,13,0.1538,
2015,George Mason,232,False,False,23,27,0,3,3,2,3,8,0.375,
2015,Western Caro.,233,False,False,21,30,0,4,2,7,2,13,0.1538,
2015,Sacred Heart,234,True,False,23,30,0,1,2,4,2,7,0.2857,
2015,Lehigh,235,True,False,25,29,0,2,0,1,0,3,0.0,
2015,Florida A&M,236,True,False,23,23,0,5,1,2,1,8,0.125,
2015,NIU,237,False,False,22,33,0,2,1,8,1,11,0.0909,
2015,Southern Ill.,238,False,False,12,46,2,18,3,7,5,30,0.1667,
2015,Lafayette,239,False,False,14,27,0,0,0,0,0,0,0.0,
2015,James Madison,240,False,False,18,33,1,11,1,1,2,14,0.1429,
2015,Siena,241,False,False,23,28,0,3,1,7,1,11,0.0909,
2015,Xavier,242,False,False,15,38,2,19,2,2,4,25,0.16,
2015,SFA,243,False,False,17,34,0,6,1,4,1,11,0.0909,
2015,App State,244,False,False,17,36,1,5,6,11,7,23,0.3043,
2015,Massachusetts,245,False,False,16,27,0,1,1,11,1,13,0.0769,
2015,Youngstown St.,246,False,False,16,34,2,3,4,8,6,17,0.3529,
2015,Lamar University,247,False,False,21,31,0,7,2,8,2,17,0.1176,
2015,Villanova,248,False,False,22,28,1,8,0,1,1,10,0.1,
2015,Towson,249,False,False,17,35,1,10,0,2,1,13,0.0769,
2015,Marist,250,False,False,19,27,1,6,0,0,1,7,0.1429,
2015,Gardner-Webb,251,False,False,22,31,0,8,2,1,2,11,0.1818,
2015,ETSU,252,False,False,21,35,1,2,1,9,2,13,0.1538,
2015,UC Riverside,253,False,False,15,40,4,7,3,16,7,30,0.2333,
2015,UAlbany,254,False,False,14,28,1,6,0,4,1,11,0.0909,
2015,Oakland,255,False,False,10,39,2,12,1,11,3,26,0.1154,
2015,Norfolk St.,256,False,False,27,16,0,0,0,2,0,2,0.0,
2015,UTRGV,257,False,False,21,30,0,4,0,7,0,11,0.0,
2015,Fairfield,258,False,False,17,32,0,9,0,5,0,14,0.0,
2015,NJIT,259,False,False,24,23,0,0,0,0,0,0,0.0,
2015,Utah Valley,259,False,False,19,35,1,5,3,5,4,14,0.2857,
2015,Eastern Ky.,261,False,False,21,29,0,2,1,6,1,9,0.1111,
2015,Bethune-Cookman,262,False,False,19,40,0,10,0,10,0,20,0.0,
2015,Brown,263,False,False,11,28,0,4,0,11,0,15,0.0,
2015,Yale,264,False,False,15,23,0,1,2,5,2,8,0.25,
2015,UT Martin,265,False,False,17,35,1,4,0,6,1,11,0.0909,
2015,New Orleans,266,False,False,14,40,1,4,0,19,1,24,0.0417,
2015,USC Upstate,267,False,False,15,38,0,3,2,17,2,22,0.0909,
2015,San Jose St.,268,False,False,13,44,2,12,3,14,5,31,0.1613,
2015,Eastern Ill.,269,False,False,13,36,0,8,1,7,1,16,0.0625,
2015,Army West Point,270,False,False,21,26,0,2,0,0,0,2,0.0,
2015,Pacific,271,False,False,14,37,0,3,1,7,1,11,0.0909,
2015,Iona,272,False,False,20,33,0,3,0,7,0,10,0.0,
2015,Princeton,273,False,False,7,32,0,9,2,4,2,15,0.1333,
2015,Manhattan,274,False,False,18,34,0,1,0,0,0,1,0.0,
2015,Portland,275,False,False,12,42,1,4,1,11,2,17,0.1176,
2015,FDU,276,False,False,21,26,0,0,0,1,0,1,0.0,
2015,Alcorn,277,False,False,16,40,0,8,0,6,0,14,0.0,
2015,New York Tech,278,False,False,14,30,0,3,0,1,0,4,0.0,
2015,Buffalo,279,False,False,16,35,0,3,0,0,0,3,0.0,
2015,Murray St.,280,False,False,16,40,0,6,1,8,1,15,0.0667,
2015,Cornell,281,False,False,13,27,0,5,1,1,1,7,0.1429,
2015,N.C. Central,282,False,False,19,30,0,5,1,1,1,7,0.1429,
2015,Miami (OH),283,False,False,13,39,0,7,0,3,0,10,0.0,
2015,St. Bonaventure,284,False,False,16,29,0,0,0,0,0,0,0.0,
2015,UMES,285,False,False,16,33,0,3,0,4,0,7,0.0,
2015,Savannah St.,286,False,False,21,33,0,6,0,4,0,10,0.0,
2015,LIU,287,False,False,16,35,0,1,1,3,1,5,0.2,
2015,Grambling,288,False,False,11,39,0,4,0,8,0,12,0.0,
2015,Dayton,289,False,False,16,38,0,1,1,3,1,5,0.2,
2015,Northern Colo.,290,False,False,16,32,0,2,1,8,1,11,0.0909,
2015,Central Conn. St.,291,False,False,17,31,0,1,0,2,0,3,0.0,
2015,New Mexico St.,292,False,False,11,38,0,7,0,5,0,12,0.0,
2015,Prairie View,293,False,False,15,36,0,1,0,7,0,8,0.0,
2015,Saint Peter's,294,False,False,10,38,0,2,0,4,0,6,0.0,
2015,Chicago St.,295,False,False,13,40,0,5,0,2,0,7,0.0,
2015,Mount St. Mary's,296,False,False,12,31,0,0,0,1,0,1,0.0,
2015,Mississippi Val.,297,False,False,7,36,0,5,0,2,0,7,0.0,
2015,Niagara,298,False,False,13,32,0,0,0,0,0,0,0.0,
2015,Delaware St.,299,False,False,16,29,0,1,0,1,0,2,0.0,
2015,N.C. A&T,300,False,False,10,36,0,2,0,3,0,5,0.0,
2015,Coppin St.,301,False,False,3,38,0,0,0,0,0,0,0.0,
2016,Florida,1,True,True,47,13,18,11,9,2,27,40,0.675,
2016,Louisville,2,True,True,47,12,20,12,2,0,22,34,0.6471,
2016,Miami (FL),3,True,True,45,11,19,10,2,0,21,31,0.6774,
2016,Texas A&M,4,True,True,45,14,16,9,10,4,26,39,0.6667,
2016,Ole Miss,5,True,True,43,17,14,15,7,2,21,38,0.5526,
2016,Clemson,6,True,True,42,18,15,14,11,2,26,42,0.619,
2016,LSU,7,True,True,42,18,11,12,12,2,23,37,0.6216,
2016,Vanderbilt,8,True,True,43,17,7,12,11,4,18,34,0.5294,
2016,South Carolina,9,True,True,42,15,13,14,0,1,13,28,0.4643,
2016,Mississippi St.,10,True,True,41,16,12,12,6,3,18,33,0.5455,
2016,NC State,11,True,True,35,20,14,14,8,5,22,41,0.5366,
2016,Coastal Carolina,12,True,False,44,15,5,9,10,1,15,25,0.6,
2016,Florida St.,13,True,True,37,20,15,14,4,3,19,36,0.5278,
2016,Texas Tech,14,True,True,41,16,10,4,13,6,23,33,0.697,
2016,Louisiana,15,True,True,41,19,6,10,15,5,21,36,0.5833,
2016,TCU,16,True,True,42,15,7,5,15,3,22,30,0.7333,
2016,Southern Miss.,17,True,False,40,18,12,11,7,4,19,34,0.5588,
2016,Virginia,18,True,True,37,20,14,15,7,3,21,39,0.5385,
2016,North Carolina,19,False,False,34,21,9,16,8,1,17,34,0.5,
2016,Georgia Tech,20,True,False,36,23,13,17,5,4,18,39,0.4615,
2016,DBU,21,True,False,41,17,7,4,7,6,14,24,0.5833,
2016,Arizona,22,True,False,38,20,8,6,10,10,18,34,0.5294,
2016,UC Santa Barbara,23,True,False,37,18,5,2,13,11,18,31,0.5806,
2016,Fla. Atlantic,24,True,False,38,17,8,8,4,3,12,23,0.5217,
2016,Rice,25,True,False,35,22,10,13,7,3,17,33,0.5152,
2016,Bryant,26,True,False,47,10,2,4,2,1,4,9,0.4444,
2016,Duke,27,True,False,33,22,11,16,5,2,16,34,0.4706,
2016,Wake Forest,28,True,False,34,25,14,17,3,4,17,38,0.4474,
2016,Louisiana Tech,29,True,False,40,18,10,7,2,2,12,21,0.5714,
2016,Tulane,30,True,False,39,19,9,4,5,9,14,27,0.5185,
2016,Gonzaga,31,True,False,35,19,4,8,10,5,14,27,0.5185,
2016,Oklahoma St.,32,True,False,36,20,6,11,13,7,19,37,0.5135,
2016,Ohio St.,33,True,False,43,18,7,10,9,2,16,28,0.5714,
2016,Sam Houston,34,True,False,41,20,4,10,8,3,12,25,0.48,
2016,Southeastern La.,35,True,False,39,19,9,8,7,6,16,30,0.5333,
2016,UNCW,36,True,False,39,17,3,8,7,1,10,19,0.5263,
2016,Michigan,37,False,False,36,21,6,12,4,5,10,27,0.3704,
2016,Oral Roberts,38,True,False,38,19,4,2,3,4,7,13,0.5385,
2016,East Carolina,39,True,False,34,21,9,8,7,3,16,27,0.5926,
2016,Wright St.,40,True,False,44,15,2,5,4,3,6,14,0.4286,
2016,Boston College,41,True,False,31,20,11,11,3,6,14,31,0.4516,
2016,Creighton,42,False,False,38,17,2,3,2,9,4,16,0.25,
2016,Minnesota,43,True,False,34,20,4,3,11,11,15,29,0.5172,
2016,South Alabama,44,True,False,40,20,5,4,2,5,7,16,0.4375,
2016,Georgia,45,False,False,27,30,7,17,8,6,15,38,0.3947,
2016,Northwestern St.,46,False,False,33,24,2,12,11,10,13,35,0.3714,
2016,Oregon St.,47,False,False,35,19,1,6,13,4,14,24,0.5833,
2016,Cal St. Fullerton,48,True,False,35,21,6,4,7,12,13,29,0.4483,
2016,Southeast Mo. St.,49,True,False,39,19,0,5,8,6,8,19,0.4211,
2016,Arizona St.,50,True,False,34,21,6,7,11,5,17,29,0.5862,
2016,Nebraska,51,True,False,37,20,7,10,7,5,14,29,0.4828,
2016,New Mexico,52,True,False,38,21,1,8,2,1,3,12,0.25,
2016,UConn,53,True,False,37,23,4,7,9,7,13,27,0.4815,
2016,Illinois,54,False,False,28,23,5,10,8,9,13,32,0.4062,
2016,Long Beach St.,55,True,False,36,20,5,4,7,6,12,22,0.5455,
2016,BYU,56,False,False,37,17,1,4,8,8,9,21,0.4286,
2016,Houston,57,False,False,36,23,11,14,3,3,14,31,0.4516,
2016,Maryland,58,False,False,30,27,11,11,10,7,21,39,0.5385,
2016,Washington,59,True,False,32,21,7,5,9,7,16,28,0.5714,
2016,Saint Mary's (CA),60,True,False,33,23,4,6,10,8,14,28,0.5,
2016,Alabama,61,False,False,32,26,8,17,9,5,17,39,0.4359,
2016,Iowa,62,False,False,30,26,4,8,12,14,16,38,0.4211,
2016,West Virginia,63,False,False,36,22,4,8,7,2,11,21,0.5238,
2016,Marshall,64,False,False,34,21,4,10,5,5,9,24,0.375,
2016,Hartford,65,False,False,37,18,4,3,2,3,6,12,0.5,
2016,North Florida,66,False,False,39,19,0,2,7,7,7,16,0.4375,
2016,Indiana St.,67,False,False,35,21,4,7,7,7,11,25,0.44,
2016,Kent St.,68,False,False,44,14,0,2,5,3,5,10,0.5,
2016,Col. of Charleston,69,False,False,31,26,7,8,4,5,11,24,0.4583,
2016,Lamar University,70,False,False,35,19,3,3,7,7,10,20,0.5,
2016,California,71,False,False,32,21,3,8,8,9,11,28,0.3929,
2016,Kentucky,72,False,False,32,25,7,12,4,4,11,27,0.4074,
2016,Oklahoma,73,False,False,30,27,4,11,7,9,11,31,0.3548,
2016,VCU,74,False,False,38,19,4,5,2,3,6,14,0.4286,
2016,Michigan St.,75,False,False,36,20,2,6,9,5,11,22,0.5,
2016,Stanford,76,False,False,31,23,5,9,8,8,13,30,0.4333,
2016,Missouri St.,77,False,False,38,21,1,6,15,7,16,29,0.5517,
2016,UNC Greensboro,78,False,False,38,21,2,5,4,3,6,14,0.4286,
2016,New Orleans,79,False,False,31,26,4,11,9,6,13,30,0.4333,
2016,Pittsburgh,80,False,False,25,26,6,16,5,7,11,34,0.3235,
2016,Xavier,81,True,False,30,28,2,11,2,7,4,22,0.1818,
2016,Old Dominion,82,False,False,32,24,6,14,4,2,10,26,0.3846,
2016,Southern California,83,False,False,28,28,10,8,12,13,22,43,0.5116,
2016,Jacksonville St.,84,False,False,34,24,1,4,5,9,6,19,0.3158,
2016,Nevada,85,False,False,37,24,3,5,2,9,5,19,0.2632,
2016,Ga. Southern,86,False,False,36,24,7,11,7,2,14,27,0.5185,
2016,Tennessee,87,False,False,29,28,8,16,2,6,10,32,0.3125,
2016,Oregon,88,False,False,29,26,8,11,5,11,13,35,0.3714,
2016,Jacksonville,89,False,False,33,22,4,7,5,2,9,18,0.5,
2016,Pepperdine,90,False,False,29,24,5,10,6,5,11,26,0.4231,
2016,Fresno St.,91,False,False,36,22,1,7,5,3,6,16,0.375,
2016,Troy,92,False,False,32,26,3,6,8,6,11,23,0.4783,
2016,Austin Peay,93,False,False,34,23,0,3,6,12,6,21,0.2857,
2016,Utah,94,True,False,25,27,7,8,7,7,14,29,0.4828,
2016,Mercer,95,False,False,38,23,2,4,4,6,6,16,0.375,
2016,FIU,96,False,False,29,29,6,10,3,5,9,24,0.375,
2016,Notre Dame,97,False,False,27,27,6,17,5,2,11,30,0.3667,
2016,Bradley,98,False,False,29,21,3,2,9,10,12,24,0.5,
2016,McNeese,99,False,False,31,25,6,5,8,7,14,26,0.5385,
2016,Indiana,100,False,False,32,24,5,9,11,8,16,33,0.4848,
2016,Seattle U,101,False,False,37,21,1,6,6,5,7,18,0.3889,
2016,William & Mary,102,True,False,29,29,4,8,1,11,5,24,0.2083,
2016,Binghamton,103,True,False,30,23,0,0,4,1,4,5,0.8,
2016,UT Arlington,104,False,False,30,28,4,14,5,3,9,26,0.3462,
2016,SFA,105,False,False,30,30,5,11,3,8,8,27,0.2963,
2016,Central Ark.,106,False,False,29,27,2,14,7,5,9,28,0.3214,
2016,Western Caro.,107,True,False,30,29,0,10,6,4,6,20,0.3,
2016,UCLA,108,False,False,25,31,5,15,8,7,13,35,0.3714,
2016,Morehead St.,109,False,False,32,27,0,11,3,2,3,16,0.1875,
2016,FGCU,110,False,False,27,32,2,7,5,13,7,27,0.2593,
2016,Princeton,111,True,False,24,19,0,3,1,5,1,9,0.1111,
2016,Rutgers,112,False,False,27,28,4,14,3,6,7,27,0.2593,
2016,High Point,113,False,False,32,24,3,7,3,1,6,14,0.4286,
2016,Rhode Island,114,True,False,30,25,1,8,2,5,3,16,0.1875,
2016,Arkansas St.,115,False,False,29,29,2,9,4,6,6,21,0.2857,
2016,Arkansas,116,False,False,26,29,5,20,3,5,8,33,0.2424,
2016,Liberty,117,False,False,31,28,1,9,9,6,10,25,0.4,
2016,Baylor,118,False,False,24,29,9,11,3,9,12,32,0.375,
2016,LMU (CA),119,False,False,26,27,2,9,8,9,10,28,0.3571,
2016,Southern Ill.,119,False,False,31,25,1,4,12,8,13,25,0.52,
2016,Milwaukee,121,False,False,32,26,3,7,2,8,5,20,0.25,
2016,UC Irvine,122,False,False,31,25,2,4,8,7,10,21,0.4762,
2016,Alabama St.,123,True,False,38,15,0,4,3,3,3,10,0.3,
2016,Cincinnati,124,False,False,26,30,4,12,4,8,8,28,0.2857,
2016,Penn St.,125,False,False,28,27,4,14,6,9,10,33,0.303,
2016,Utah Valley,126,True,False,37,21,2,3,4,2,6,11,0.5455,
2016,Cal Poly,127,False,False,32,25,3,4,3,4,6,14,0.4286,
2016,Samford,128,False,False,35,26,1,3,5,6,6,15,0.4,
2016,Missouri,129,False,False,26,30,1,18,5,6,6,30,0.2,
2016,Kansas St.,130,False,False,26,31,6,14,3,6,9,29,0.3103,
2016,Florida A&M,131,False,False,31,21,0,4,4,3,4,11,0.3636,
2016,San Diego,132,False,False,27,29,3,7,7,10,10,27,0.3704,
2016,Valparaiso,133,False,False,30,28,2,8,2,8,4,20,0.2,
2016,Navy,134,True,False,42,14,0,0,0,0,0,0,0.0,
2016,Evansville,135,False,False,29,27,1,9,2,4,3,16,0.1875,
2016,Furman,136,False,False,29,30,2,8,2,4,4,16,0.25,
2016,Western Ky.,137,False,False,24,30,4,14,1,10,5,29,0.1724,
2016,New Mexico St.,138,False,False,34,23,1,4,3,2,4,10,0.4,
2016,St. John's (NY),139,False,False,28,26,1,7,4,8,5,20,0.25,
2016,Texas,140,False,False,25,32,8,12,4,12,12,36,0.3333,
2016,Little Rock,141,False,False,26,28,3,6,4,8,7,21,0.3333,
2016,Saint Joseph's,142,False,False,31,23,0,3,1,2,1,6,0.1667,
2016,Auburn,143,False,False,23,33,4,17,6,10,10,37,0.2703,
2016,Seton Hall,144,False,False,38,20,1,4,4,5,5,14,0.3571,
2016,UNLV,145,False,False,24,32,4,5,6,13,10,28,0.3571,
2016,San Francisco,146,False,False,22,34,2,10,7,14,9,33,0.2727,
2016,CSUN,147,False,False,33,22,0,6,6,4,6,16,0.375,
2016,Delaware,148,False,False,32,22,0,4,4,5,4,13,0.3077,
2016,Texas St.,149,False,False,31,28,1,7,8,7,9,23,0.3913,
2016,Stetson,150,True,False,29,29,0,9,4,6,4,19,0.2105,
2016,Holy Cross,151,False,False,30,27,1,2,2,9,3,14,0.2143,
2016,UCF,152,False,False,26,33,3,20,1,5,4,29,0.1379,
2016,ULM,153,False,False,20,35,2,14,7,10,9,33,0.2727,
2016,North Dakota St.,154,False,False,29,25,4,5,3,2,7,14,0.5,
2016,UC Riverside,155,False,False,26,29,3,5,7,8,10,23,0.4348,
2016,Omaha,156,False,False,28,28,0,5,3,3,3,11,0.2727,
2016,Oakland,157,False,False,23,27,3,2,3,11,6,19,0.3158,
2016,UAB,158,False,False,21,34,6,17,2,5,8,30,0.2667,
2016,Stony Brook,159,False,False,27,27,2,7,1,7,3,17,0.1765,
2016,Longwood,160,False,False,32,27,1,10,2,3,3,16,0.1875,
2016,Sacred Heart,161,False,False,30,28,2,7,0,3,2,12,0.1667,
2016,Gardner-Webb,162,False,False,37,21,0,7,0,1,0,8,0.0,
2016,Bethune-Cookman,163,True,False,29,25,0,7,1,5,1,13,0.0769,
2016,Charlotte,164,False,False,23,32,5,13,2,6,7,26,0.2692,
2016,Campbell,165,False,False,26,27,1,6,1,4,2,12,0.1667,
2016,Kennesaw St.,166,False,False,29,27,1,2,7,7,8,17,0.4706,
2016,Miami (OH),167,False,False,27,29,1,3,0,7,1,11,0.0909,
2016,Sacramento St.,168,False,False,30,28,2,5,1,3,3,11,0.2727,
2016,UMBC,169,False,False,28,23,0,4,3,1,3,8,0.375,
2016,Middle Tenn.,170,False,False,20,35,5,12,2,6,7,25,0.28,
2016,Purdue Fort Wayne,171,False,False,33,26,1,3,2,3,3,9,0.3333,
2016,Georgetown,172,False,False,25,29,2,5,1,2,3,10,0.3,
2016,Northeastern,173,False,False,31,27,3,6,4,2,7,15,0.4667,
2016,Air Force,174,False,False,30,27,0,3,3,8,3,14,0.2143,
2016,UIC,175,False,False,25,30,0,10,5,8,5,23,0.2174,
2016,Nicholls,176,False,False,26,30,5,11,2,7,7,25,0.28,
2016,Davidson,177,False,False,28,26,0,6,2,1,2,9,0.2222,
2016,Ball St.,178,False,False,32,26,1,5,1,4,2,11,0.1818,
2016,South Fla.,179,False,False,24,33,4,9,3,10,7,26,0.2692,
2016,Winthrop,180,False,False,28,27,0,3,2,4,2,9,0.2222,
2016,Hawaii,181,False,False,23,30,2,7,4,12,6,25,0.24,
2016,Wichita St.,182,False,False,21,37,2,15,6,13,8,36,0.2222,
2016,Fairfield,183,True,False,32,24,0,6,0,1,0,7,0.0,
2016,Monmouth,184,False,False,30,27,3,6,1,1,4,11,0.3636,
2016,James Madison,185,False,False,24,31,2,7,2,2,4,13,0.3077,
2016,Washington St.,185,False,False,19,35,3,4,6,15,9,28,0.3214,
2016,Tennessee Tech,187,False,False,31,24,0,0,2,6,2,8,0.25,
2016,Columbia,188,False,False,17,24,1,5,3,8,4,17,0.2353,
2016,Belmont,189,False,False,33,27,2,2,2,6,4,12,0.3333,
2016,Lipscomb,190,False,False,31,27,1,10,1,1,2,13,0.1538,
2016,Houston Christian,191,False,False,24,29,0,7,3,8,3,18,0.1667,
2016,Murray St.,192,False,False,27,29,1,4,1,11,2,17,0.1176,
2016,Santa Clara,193,False,False,23,29,2,7,4,7,6,20,0.3,
2016,San Diego St.,194,False,False,21,38,2,11,6,9,8,28,0.2857,
2016,UTSA,195,False,False,17,34,4,10,6,10,10,30,0.3333,
2016,Kansas,196,False,False,20,35,1,12,6,18,7,37,0.1892,
2016,Eastern Mich.,197,False,False,23,36,1,11,2,7,3,21,0.1429,
2016,Wofford,198,False,False,30,28,0,2,3,6,3,11,0.2727,
2016,Richmond,199,False,False,28,24,2,4,0,1,2,7,0.2857,
2016,Canisius,200,False,False,32,27,3,4,0,4,3,11,0.2727,
2016,Virginia Tech,201,False,False,19,36,5,20,2,1,7,28,0.25,
2016,Fordham,202,False,False,29,29,0,3,0,3,0,6,0.0,
2016,Central Conn. St.,203,False,False,23,34,2,9,3,4,5,18,0.2778,
2016,Grand Canyon,204,False,False,25,28,0,3,4,7,4,14,0.2857,
2016,Radford,205,False,False,19,39,0,8,2,17,2,27,0.0741,
2016,Memphis,206,False,False,22,39,3,7,7,15,10,32,0.3125,
2016,Yale,207,False,False,19,28,0,5,1,4,1,10,0.1,
2016,South Dakota St.,208,False,False,22,35,1,11,1,4,2,17,0.1176,
2016,NIU,209,False,False,24,32,0,7,3,6,3,16,0.1875,
2016,UAlbany,210,False,False,23,30,1,5,0,5,1,11,0.0909,
2016,Eastern Ky.,211,False,False,24,31,2,4,3,8,5,17,0.2941,
2016,Toledo,212,False,False,19,38,2,11,2,11,4,26,0.1538,
2016,Elon,213,False,False,25,29,1,5,1,9,2,16,0.125,
2016,Presbyterian,214,False,False,27,30,0,5,0,5,0,10,0.0,
2016,George Washington,215,False,False,24,33,2,6,1,6,3,15,0.2,
2016,Manhattan,216,False,False,24,31,0,3,1,5,1,9,0.1111,
2016,Western Mich.,217,True,False,22,32,1,4,2,4,3,11,0.2727,
2016,Abilene Christian,218,False,False,16,37,1,17,0,9,1,27,0.037,
2016,Central Mich.,219,False,False,24,37,0,3,3,16,3,22,0.1364,
2016,Illinois St.,220,False,False,17,37,2,9,3,13,5,27,0.1852,
2016,St. Bonaventure,221,False,False,26,22,0,3,0,3,0,6,0.0,
2016,UMass Lowell,222,False,False,20,32,0,6,1,3,1,10,0.1,
2016,A&M-Corpus Christi,223,False,False,19,32,0,7,3,11,3,21,0.1429,
2016,Dartmouth,224,False,False,18,25,0,5,0,5,0,10,0.0,
2016,Quinnipiac,225,False,False,21,31,2,2,2,4,4,10,0.4,
2016,Georgia St.,226,False,False,24,31,0,5,4,7,4,16,0.25,
2016,Maine,227,False,False,20,35,1,6,1,2,2,10,0.2,
2016,USC Upstate,228,False,False,22,30,0,8,0,0,0,8,0.0,
2016,Towson,229,False,False,20,35,0,6,3,3,3,12,0.25,
2016,UC Davis,230,False,False,17,36,2,8,2,7,4,19,0.2105,
2016,Lehigh,231,False,False,25,29,0,3,1,4,1,8,0.125,
2016,Pacific,232,False,False,22,30,2,4,3,11,5,20,0.25,
2016,Portland,233,False,False,17,37,1,3,4,17,5,25,0.2,
2016,Saint Louis,234,False,False,25,31,1,6,0,6,1,13,0.0769,
2016,Northern Ky.,235,False,False,20,34,2,2,4,11,6,19,0.3158,
2016,Ohio,236,False,False,23,29,1,0,3,5,4,9,0.4444,
2016,Penn,237,False,False,19,22,1,2,1,3,2,7,0.2857,
2016,Ark.-Pine Bluff,238,False,False,22,25,0,2,0,10,0,12,0.0,
2016,Dayton,239,False,False,19,36,1,4,1,7,2,13,0.1538,
2016,Buffalo,240,False,False,21,31,0,6,0,1,0,7,0.0,
2016,Brown,241,False,False,15,24,0,5,0,2,0,7,0.0,
2016,San Jose St.,242,False,False,17,39,1,6,4,10,5,21,0.2381,
2016,App State,243,False,False,18,36,1,7,2,6,3,16,0.1875,
2016,Villanova,244,False,False,20,32,0,5,1,11,1,17,0.0588,
2016,Harvard,245,False,False,17,24,1,3,0,3,1,7,0.1429,
2016,Charleston So.,246,False,False,19,34,1,9,2,5,3,17,0.1765,
2016,Siena,247,False,False,25,32,1,2,0,2,1,5,0.2,
2016,FDU,248,False,False,28,28,1,4,0,0,1,5,0.2,
2016,ETSU,249,False,False,27,30,0,3,4,3,4,10,0.4,
2016,Marist,250,False,False,24,27,0,3,1,3,1,7,0.1429,
2016,Texas Southern,250,False,False,24,26,0,6,1,2,1,9,0.1111,
2016,Jackson St.,252,False,False,34,26,0,1,0,5,0,6,0.0,
2016,UT Martin,253,False,False,19,35,0,3,2,10,2,15,0.1333,
2016,Western Ill.,254,False,False,14,36,0,4,1,12,1,17,0.0588,
2016,Massachusetts,255,False,False,18,27,0,2,2,3,2,7,0.2857,
2016,Hofstra,256,False,False,15,37,0,9,3,2,3,14,0.2143,
2016,Grambling,257,False,False,22,27,0,7,0,3,0,10,0.0,
2016,Army West Point,258,False,False,16,32,0,3,0,4,0,7,0.0,
2016,Cornell,259,False,False,14,24,0,0,1,1,1,2,0.5,
2016,CSU Bakersfield,260,False,False,19,37,1,3,0,18,1,22,0.0455,
2016,LIU,261,False,False,19,35,1,8,0,0,1,9,0.1111,
2016,Youngstown St.,262,False,False,14,38,0,5,3,14,3,22,0.1364,
2016,Northwestern,263,False,False,15,39,2,5,4,19,6,30,0.2,
2016,Bucknell,264,False,False,18,34,0,1,2,7,2,10,0.2,
2016,Wagner,265,False,False,19,33,0,9,0,0,0,9,0.0,
2016,VMI,266,False,False,21,35,0,3,2,7,2,12,0.1667,
2016,Bowling Green,267,False,False,17,37,1,4,0,7,1,12,0.0833,
2016,Eastern Ill.,268,False,False,15,39,0,8,1,11,1,20,0.05,
2016,The Citadel,269,False,False,17,42,0,6,1,6,1,13,0.0769,
2016,NJIT,270,False,False,17,36,0,0,0,11,0,11,0.0,
2016,Northern Colo.,271,False,False,16,34,0,3,1,5,1,9,0.1111,
2016,Lafayette,272,False,False,14,29,0,0,0,1,0,1,0.0,
2016,Norfolk St.,273,False,False,29,21,0,2,0,2,0,4,0.0,
2016,Butler,274,False,False,14,40,1,5,0,8,1,14,0.0714,
2016,UIW,275,False,False,13,38,0,7,3,15,3,25,0.12,
2016,Rider,276,False,False,18,33,0,0,0,3,0,3,0.0,
2016,UTRGV,277,False,False,21,28,1,3,1,5,2,10,0.2,
2016,Niagara,278,False,False,16,37,0,8,1,8,1,17,0.0588,
2016,Purdue,279,False,False,10,44,1,8,1,19,2,29,0.069,
2016,George Mason,280,False,False,19,35,1,4,0,1,1,6,0.1667,
2016,New York Tech,281,False,False,17,26,0,0,0,2,0,2,0.0,
2016,N.C. Central,282,False,False,25,30,0,2,0,3,0,5,0.0,
2016,La Salle,283,False,False,15,39,0,0,0,5,0,5,0.0,
2016,SIUE,284,False,False,9,40,0,6,0,5,0,11,0.0,
2016,Alcorn,285,False,False,16,36,0,6,0,8,0,14,0.0,
2016,Southern U.,286,False,False,14,32,1,6,0,1,1,8,0.125,
2016,Iona,287,False,False,11,39,0,3,0,1,0,4,0.0,
2016,UNC Asheville,288,False,False,16,38,1,0,1,4,2,6,0.3333,
2016,North Dakota,289,False,False,8,37,0,6,4,2,4,12,0.3333,
2016,N.C. A&T,290,False,False,13,41,0,3,0,3,0,6,0.0,
2016,Savannah St.,291,False,False,12,40,0,2,1,6,1,9,0.1111,
2016,Chicago St.,292,False,False,13,42,0,1,0,5,0,6,0.0,
2016,Mount St. Mary's,293,False,False,11,37,0,5,0,3,0,8,0.0,
2016,Delaware St.,294,False,False,13,37,0,0,0,2,0,2,0.0,
2016,Prairie View,295,False,False,10,32,0,7,0,0,0,7,0.0,
2016,Alabama A&M,296,False,False,13,44,0,1,1,5,1,7,0.1429,
2016,UMES,297,False,False,16,32,0,1,1,2,1,4,0.25,
2016,Saint Peter's,298,False,False,10,42,0,1,0,2,0,3,0.0,
2016,Mississippi Val.,299,False,False,6,36,0,3,0,6,0,9,0.0,
2016,Coppin St.,300,False,False,14,38,0,0,0,0,0,0,0.0,
2017,Oregon St.,1,True,True,49,4,13,1,16,1,29,31,0.9355,
2017,North Carolina,2,True,True,47,12,15,4,17,6,32,42,0.7619,
2017,Florida,3,True,True,42,16,15,11,13,4,28,43,0.6512,
2017,LSU,4,True,True,43,17,12,9,13,6,25,40,0.625,
2017,Texas Tech,5,True,True,43,15,16,10,13,3,29,42,0.6905,
2017,Louisville,6,True,True,47,10,12,8,7,1,19,28,0.6786,
2017,TCU,7,True,True,42,16,16,10,13,2,29,41,0.7073,
2017,Kentucky,8,True,True,39,20,17,14,6,3,23,40,0.575,
2017,Stanford,9,True,True,40,14,12,9,16,4,28,41,0.6829,
2017,Florida St.,10,True,True,39,20,13,16,9,2,22,40,0.55,
2017,Southern Miss.,11,True,True,48,14,11,5,16,6,27,38,0.7105,
2017,Clemson,12,True,True,39,19,8,13,11,3,19,35,0.5429,
2017,Arkansas,13,True,True,42,17,18,13,4,3,22,38,0.5789,
2017,Long Beach St.,14,True,True,37,17,9,7,3,5,12,24,0.5,
2017,Virginia,15,True,False,42,14,6,7,10,4,16,27,0.5926,
2017,Wake Forest,16,True,True,39,18,8,9,8,3,16,28,0.5714,
2017,Houston,17,True,True,40,19,10,9,9,7,19,35,0.5429,
2017,Texas,18,True,False,37,22,12,17,10,4,22,43,0.5116,
2017,Baylor,19,True,False,34,21,20,14,3,3,23,40,0.575,
2017,West Virginia,20,True,False,34,24,15,17,8,6,23,46,0.5,
2017,UCF,21,True,False,40,20,8,10,13,7,21,38,0.5526,
2017,South Fla.,22,True,False,41,17,9,8,8,5,17,30,0.5667,
2017,Arizona,23,True,False,37,19,4,10,11,6,15,31,0.4839,
2017,Oklahoma,24,True,False,34,22,11,17,4,4,15,36,0.4167,
2017,Vanderbilt,25,True,False,33,22,10,12,10,5,20,37,0.5405,
2017,Missouri St.,26,True,False,40,17,5,7,6,3,11,21,0.5238,
2017,Indiana,27,True,False,33,22,4,7,12,9,16,32,0.5,
2017,Southeastern La.,28,True,False,36,20,6,7,10,5,16,28,0.5714,
2017,Mississippi St.,29,True,False,36,24,14,14,8,7,22,43,0.5116,
2017,South Alabama,30,True,False,39,19,4,12,4,4,8,24,0.3333,
2017,NC State,31,True,False,34,23,8,10,8,8,16,34,0.4706,
2017,South Carolina,32,False,False,35,25,13,19,4,0,17,36,0.4722,
2017,St. John's (NY),33,True,False,42,11,2,0,7,4,9,13,0.6923,
2017,FGCU,34,True,False,42,18,5,4,5,6,10,20,0.5,
2017,Michigan,35,True,False,42,15,7,7,8,2,15,24,0.625,
2017,Maryland,36,True,False,37,21,5,9,7,4,12,25,0.48,
2017,McNeese,37,False,False,37,20,4,12,5,2,9,23,0.3913,
2017,Ole Miss,38,False,False,32,25,9,19,4,3,13,35,0.3714,
2017,Miami (FL),39,False,False,31,27,7,15,9,4,16,35,0.4571,
2017,UConn,40,False,False,33,25,6,12,8,4,14,30,0.4667,
2017,Oklahoma St.,41,True,False,30,25,14,16,5,2,19,37,0.5135,
2017,Rice,42,True,False,31,29,14,16,4,5,18,39,0.4615,
2017,Texas A&M,43,True,False,36,21,10,15,6,5,16,36,0.4444,
2017,Nebraska,44,True,False,35,20,5,6,10,7,15,28,0.5357,
2017,Cal St. Fullerton,45,True,False,34,21,6,8,10,5,16,29,0.5517,
2017,Yale,46,True,False,32,16,0,2,2,6,2,10,0.2,
2017,Louisiana Tech,47,False,False,36,20,7,11,8,4,15,30,0.5,
2017,Auburn,48,True,False,35,24,11,11,8,3,19,33,0.5758,
2017,Sam Houston,49,True,False,40,20,8,5,4,10,12,27,0.4444,
2017,DBU,50,True,False,40,19,4,10,6,4,10,24,0.4167,
2017,Old Dominion,51,False,False,37,21,5,7,13,6,18,31,0.5806,
2017,Gonzaga,52,False,False,33,20,4,8,13,8,17,33,0.5152,
2017,Missouri,53,False,False,36,23,9,15,4,5,13,33,0.3939,
2017,Binghamton,54,False,False,30,13,0,3,5,2,5,10,0.5,
2017,UCLA,55,True,False,30,25,6,9,15,7,21,37,0.5676,
2017,San Diego,56,False,False,35,18,6,10,6,4,12,26,0.4615,
2017,BYU,57,True,False,37,19,4,6,9,4,13,23,0.5652,
2017,Fla. Atlantic,58,False,False,35,21,5,10,9,5,14,29,0.4828,
2017,Coastal Carolina,59,False,False,37,19,2,7,4,2,6,15,0.4,
2017,Charlotte,60,False,False,34,24,6,7,10,11,16,34,0.4706,
2017,Kansas,61,False,False,30,28,11,17,4,4,15,36,0.4167,
2017,Oral Roberts,62,True,False,42,14,3,4,3,4,6,14,0.4286,
2017,Jacksonville,63,False,False,36,24,6,13,4,3,10,26,0.3846,
2017,Louisiana,64,False,False,35,21,10,9,5,4,15,28,0.5357,
2017,Tennessee,65,False,False,27,25,6,11,5,9,11,31,0.3548,
2017,California,66,False,False,25,29,5,21,4,4,9,34,0.2647,
2017,LMU (CA),67,False,False,38,18,3,3,10,8,13,24,0.5417,
2017,Minnesota,68,False,False,36,21,9,7,4,3,13,23,0.5652,
2017,Utah,69,False,False,27,24,6,9,4,6,10,25,0.4,
2017,Iowa,70,True,False,38,20,7,5,4,3,11,19,0.5789,
2017,Michigan St.,70,False,False,29,23,1,10,2,7,3,20,0.15,
2017,Rhode Island,72,False,False,31,22,2,5,6,4,8,17,0.4706,
2017,New Mexico,73,False,False,30,27,4,12,6,6,10,28,0.3571,
2017,Xavier,74,True,False,32,25,4,12,5,5,9,26,0.3462,
2017,Saint Mary's (CA),75,False,False,37,20,4,7,4,5,8,20,0.4,
2017,Bethune-Cookman,76,True,False,33,23,2,8,4,6,6,20,0.3,
2017,Mercer,77,False,False,39,17,0,0,7,4,7,11,0.6364,
2017,Georgia Tech,78,False,False,27,28,7,15,7,10,14,39,0.359,
2017,San Diego St.,79,True,False,41,19,6,0,5,4,11,15,0.7333,
2017,Liberty,80,False,False,32,23,2,3,3,7,5,15,0.3333,
2017,East Carolina,81,False,False,32,28,4,17,6,6,10,33,0.303,
2017,Tulane,82,False,False,27,31,11,13,9,10,20,43,0.4651,
2017,Washington,83,False,False,28,26,9,13,7,5,16,34,0.4706,
2017,Tennessee Tech,84,True,False,40,19,1,1,5,6,6,13,0.4615,
2017,UIC,85,True,False,39,15,2,4,1,3,3,10,0.3,
2017,Ga. Southern,86,False,False,38,21,6,5,6,5,12,22,0.5455,
2017,Boston College,87,False,False,25,28,2,16,6,10,8,34,0.2353,
2017,Winthrop,88,False,False,34,24,1,4,3,2,4,10,0.4,
2017,FIU,89,False,False,31,27,8,9,4,8,12,29,0.4138,
2017,Oregon,90,False,False,30,25,7,14,5,7,12,33,0.3636,
2017,Wright St.,91,False,False,38,21,3,5,1,5,4,14,0.2857,
2017,Kent St.,92,False,False,37,18,0,2,6,3,6,11,0.5455,
2017,Georgia,93,False,False,25,32,9,18,7,7,16,41,0.3902,
2017,Seton Hall,94,False,False,29,24,7,10,2,5,9,24,0.375,
2017,Duke,95,False,False,30,28,7,13,1,6,8,27,0.2963,
2017,Cincinnati,96,False,False,28,30,9,13,4,2,13,28,0.4643,
2017,Kansas St.,97,False,False,29,26,9,19,6,2,15,36,0.4167,
2017,VCU,98,False,False,35,22,1,6,0,1,1,8,0.125,
2017,Morehead St.,99,False,False,36,23,1,3,4,6,5,14,0.3571,
2017,UTSA,100,False,False,29,28,8,11,6,8,14,33,0.4242,
2017,Dartmouth,101,False,False,22,17,5,5,2,1,7,13,0.5385,
2017,Lamar University,102,False,False,33,25,5,12,2,2,7,21,0.3333,
2017,UT Arlington,103,False,False,30,25,1,6,4,7,5,18,0.2778,
2017,New Mexico St.,104,False,False,35,22,3,7,3,4,6,17,0.3529,
2017,Central Ark.,105,False,False,34,26,2,9,7,7,9,25,0.36,
2017,Fresno St.,106,False,False,35,25,2,5,8,3,10,18,0.5556,
2017,Samford,107,False,False,33,26,5,5,1,6,6,17,0.3529,
2017,New Orleans,108,False,False,30,28,3,17,1,3,4,24,0.1667,
2017,Jacksonville St.,109,False,False,30,26,1,3,4,4,5,12,0.4167,
2017,Western Caro.,110,False,False,28,28,4,5,3,4,7,16,0.4375,
2017,Troy,111,False,False,31,25,3,8,8,8,11,27,0.4074,
2017,Memphis,112,False,False,30,29,6,15,6,5,12,32,0.375,
2017,Arizona St.,113,False,False,23,32,6,17,4,11,10,38,0.2632,
2017,Cal Poly,114,False,False,28,28,3,7,5,10,8,25,0.32,
2017,Houston Christian,115,False,False,29,25,6,3,8,6,14,23,0.6087,
2017,Purdue,115,False,False,29,27,5,7,2,4,7,18,0.3889,
2017,Marist,117,True,False,32,21,1,2,1,0,2,4,0.5,
2017,Furman,118,False,False,33,28,0,6,6,3,6,15,0.4,
2017,William & Mary,119,False,False,32,25,0,6,7,5,7,18,0.3889,
2017,Middle Tenn.,120,False,False,24,31,3,16,7,8,10,34,0.2941,
2017,Washington St.,121,False,False,24,29,5,16,2,5,7,28,0.25,
2017,Delaware,122,True,False,34,21,2,3,0,1,2,6,0.3333,
2017,North Florida,123,False,False,33,24,2,5,8,4,10,19,0.5263,
2017,Notre Dame,124,False,False,26,32,1,19,7,6,8,33,0.2424,
2017,Virginia Tech,125,False,False,23,32,4,15,2,10,6,31,0.1935,
2017,Central Conn. St.,126,True,False,36,20,1,6,2,2,3,11,0.2727,
2017,Cornell,127,False,False,21,17,1,0,7,3,8,11,0.7273,
2017,Davidson,128,True,False,32,24,0,4,3,8,3,15,0.2,
2017,UNC Greensboro,129,True,False,35,22,1,4,4,7,5,16,0.3125,
2017,Southeast Mo. St.,130,False,False,29,26,2,0,1,5,3,8,0.375,
2017,Columbia,131,False,False,18,23,1,11,1,2,2,15,0.1333,
2017,Grand Canyon,132,False,False,29,25,2,8,5,3,7,18,0.3889,
2017,High Point,133,False,False,30,23,1,1,4,7,5,13,0.3846,
2017,Florida A&M,134,False,False,27,26,1,5,2,6,3,14,0.2143,
2017,Pittsburgh,135,False,False,23,30,2,12,3,12,5,29,0.1724,
2017,Rutgers,136,False,False,19,34,4,17,3,8,7,32,0.2188,
2017,Butler,137,False,False,31,20,1,3,4,5,5,13,0.3846,
2017,Illinois,138,False,False,23,28,5,8,4,12,9,29,0.3103,
2017,Nicholls,139,False,False,29,27,2,15,5,4,7,26,0.2692,
2017,Marshall,140,False,False,25,29,3,12,2,7,5,24,0.2083,
2017,Presbyterian,141,False,False,32,29,1,3,7,8,8,19,0.4211,
2017,UNCW,142,False,False,30,29,0,7,1,9,1,17,0.0588,
2017,San Francisco,143,False,False,29,28,1,12,7,6,8,26,0.3077,
2017,Wichita St.,144,False,False,28,30,2,17,3,4,5,26,0.1923,
2017,Canisius,145,False,False,35,22,0,0,1,6,1,7,0.1429,
2017,Southern California,146,False,False,21,34,4,19,5,7,9,35,0.2571,
2017,UC Santa Barbara,147,False,False,24,32,4,13,0,2,4,19,0.2105,
2017,Saint Louis,148,False,False,35,22,1,4,2,5,3,12,0.25,
2017,Col. of Charleston,149,False,False,28,31,2,8,4,8,6,22,0.2727,
2017,SFA,150,False,False,29,28,1,10,4,10,5,25,0.2,
2017,UMBC,151,True,False,23,23,1,5,0,2,1,8,0.125,
2017,Ohio St.,152,False,False,22,34,6,14,2,9,8,31,0.2581,
2017,St. Bonaventure,153,False,False,26,22,0,1,3,3,3,7,0.4286,
2017,Central Mich.,154,False,False,31,28,2,7,2,4,4,15,0.2667,
2017,Hawaii,155,False,False,28,23,3,6,4,7,7,20,0.35,
2017,Belmont,156,False,False,31,29,0,3,5,7,5,15,0.3333,
2017,UC Riverside,157,False,False,22,32,4,7,7,9,11,27,0.4074,
2017,Bryant,158,False,False,29,26,0,7,8,6,8,21,0.381,
2017,Kennesaw St.,159,False,False,25,32,1,6,6,13,7,26,0.2692,
2017,Radford,160,True,False,27,30,0,5,3,4,3,12,0.25,
2017,Indiana St.,161,False,False,29,26,1,11,3,2,4,17,0.2353,
2017,Ball St.,162,False,False,30,28,1,9,2,0,3,12,0.25,
2017,Northeastern,163,False,False,29,25,1,3,5,6,6,15,0.4,
2017,Stetson,164,False,False,27,29,3,7,4,4,7,18,0.3889,
2017,UMass Lowell,165,False,False,22,26,1,9,4,3,5,17,0.2941,
2017,CSU Bakersfield,166,False,False,32,24,0,1,6,12,6,19,0.3158,
2017,Creighton,167,False,False,24,25,1,2,5,9,6,17,0.3529,
2017,Austin Peay,168,False,False,28,30,1,4,2,6,3,13,0.2308,
2017,UC Irvine,169,False,False,23,33,6,10,2,9,8,27,0.2963,
2017,Maine,170,False,False,25,29,0,9,1,4,1,14,0.0714,
2017,Murray St.,171,False,False,29,30,2,5,1,7,3,15,0.2,
2017,Wofford,172,False,False,28,30,0,2,4,7,4,13,0.3077,
2017,Fairfield,173,False,False,31,24,0,0,3,8,3,11,0.2727,
2017,Texas St.,174,False,False,29,30,3,12,5,7,8,27,0.2963,
2017,Stony Brook,175,False,False,26,26,0,5,3,2,3,10,0.3,
2017,UAlbany,176,False,False,26,26,1,2,2,5,3,10,0.3,
2017,Northwestern,177,False,False,27,30,4,5,6,11,10,26,0.3846,
2017,Sacramento St.,178,True,False,32,27,1,2,2,6,3,11,0.2727,
2017,ETSU,179,False,False,30,29,0,1,3,8,3,12,0.25,
2017,UC Davis,180,False,False,21,30,0,10,2,5,2,17,0.1176,
2017,Hartford,181,False,False,20,30,1,6,0,7,1,14,0.0714,
2017,Ohio,182,True,False,31,26,0,0,3,2,3,5,0.6,
2017,CSUN,183,False,False,26,29,3,5,5,11,8,24,0.3333,
2017,Arkansas St.,184,False,False,28,27,1,11,4,4,5,20,0.25,
2017,Bradley,185,False,False,20,31,0,12,4,6,4,22,0.1818,
2017,Eastern Ill.,186,False,False,21,35,0,4,4,15,4,23,0.1739,
2017,Alabama,187,False,False,19,34,6,19,0,10,6,35,0.1714,
2017,Princeton,188,False,False,12,28,1,5,1,10,2,17,0.1176,
2017,App State,189,False,False,19,36,1,15,2,6,3,24,0.125,
2017,Harvard,190,False,False,19,23,1,7,2,8,3,18,0.1667,
2017,Eastern Mich.,191,False,False,27,35,0,9,4,7,4,20,0.2,
2017,Alabama St.,192,False,False,31,25,0,7,3,5,3,15,0.2,
2017,Gardner-Webb,193,False,False,25,30,0,3,3,7,3,13,0.2308,
2017,Jackson St.,194,False,False,38,17,0,3,1,4,1,8,0.125,
2017,UAB,195,False,False,24,31,1,6,9,16,10,32,0.3125,
2017,Southern Ill.,196,False,False,27,30,0,4,3,4,3,11,0.2727,
2017,Air Force,197,False,False,27,26,1,3,2,6,3,12,0.25,
2017,George Washington,198,False,False,31,27,1,5,2,9,3,17,0.1765,
2017,Fordham,199,False,False,27,24,0,6,1,3,1,10,0.1,
2017,South Dakota St.,200,False,False,26,24,1,8,1,4,2,14,0.1429,
2017,George Mason,201,False,False,26,33,2,4,2,0,4,8,0.5,
2017,Navy,202,False,False,37,17,0,0,0,0,0,0,0.0,
2017,Pepperdine,203,False,False,20,32,4,10,3,11,7,28,0.25,
2017,Penn St.,204,False,False,18,37,2,15,3,12,5,32,0.1562,
2017,UNC Asheville,205,False,False,25,32,0,4,3,5,3,12,0.25,
2017,Penn,206,False,False,23,22,0,4,5,6,5,15,0.3333,
2017,N.C. A&T,207,False,False,28,25,1,0,6,8,7,15,0.4667,
2017,A&M-Corpus Christi,208,False,False,22,32,4,9,2,7,6,22,0.2727,
2017,Nevada,209,False,False,19,36,4,8,3,5,7,20,0.35,
2017,Valparaiso,210,False,False,24,29,2,4,2,6,4,14,0.2857,
2017,Holy Cross,211,True,False,23,27,2,7,0,1,2,10,0.2,
2017,UT Martin,212,False,False,25,30,0,2,0,8,0,10,0.0,
2017,Monmouth,213,False,False,20,28,0,4,3,3,3,10,0.3,
2017,Northern Ky.,214,False,False,25,33,0,2,2,7,2,11,0.1818,
2017,Lipscomb,215,False,False,28,28,1,11,1,5,2,18,0.1111,
2017,North Dakota St.,216,False,False,31,25,1,5,2,2,3,10,0.3,
2017,Elon,217,False,False,24,32,0,6,2,5,2,13,0.1538,
2017,Northern Colo.,218,False,False,24,30,0,2,0,8,0,10,0.0,
2017,Georgetown,219,False,False,27,28,0,3,3,7,3,13,0.2308,
2017,Georgia St.,220,False,False,22,33,3,8,1,4,4,16,0.25,
2017,Saint Joseph's,221,False,False,21,25,0,5,3,5,3,13,0.2308,
2017,VMI,222,False,False,24,34,0,2,2,8,2,12,0.1667,
2017,Niagara,223,False,False,24,24,1,4,0,1,1,6,0.1667,
2017,Campbell,224,False,False,25,32,1,1,4,13,5,19,0.2632,
2017,Brown,225,False,False,13,24,1,5,3,5,4,14,0.2857,
2017,Western Mich.,226,False,False,24,29,2,1,0,3,2,6,0.3333,
2017,SIUE,227,False,False,23,29,0,0,1,11,1,12,0.0833,
2017,Buffalo,228,False,False,17,34,2,5,1,2,3,10,0.3,
2017,Siena,229,False,False,20,28,0,4,2,3,2,9,0.2222,
2017,Little Rock,230,False,False,21,34,1,9,2,10,3,22,0.1364,
2017,San Jose St.,231,False,False,19,35,0,9,6,7,6,22,0.2727,
2017,Rider,232,False,False,24,28,0,4,4,4,4,12,0.3333,
2017,Miami (OH),233,False,False,22,34,0,12,4,3,4,19,0.2105,
2017,Toledo,234,False,False,17,41,1,10,0,14,1,25,0.04,
2017,Iona,235,False,False,25,26,0,3,0,0,0,3,0.0,
2017,Bucknell,236,False,False,21,28,0,0,2,1,2,3,0.6667,
2017,UTRGV,237,False,False,26,28,0,6,0,6,0,12,0.0,
2017,Army West Point,238,False,False,25,31,0,2,3,4,3,9,0.3333,
2017,Eastern Ky.,239,False,False,24,32,0,8,0,7,0,15,0.0,
2017,Northwestern St.,240,False,False,20,34,2,8,2,8,4,20,0.2,
2017,Sacred Heart,241,False,False,23,36,2,5,0,3,2,10,0.2,
2017,Charleston So.,242,False,False,22,29,0,2,1,5,1,8,0.125,
2017,James Madison,243,False,False,24,27,2,3,0,4,2,9,0.2222,
2017,The Citadel,244,False,False,16,35,0,2,1,13,1,16,0.0625,
2017,Towson,245,False,False,20,34,0,3,0,6,0,9,0.0,
2017,Western Ky.,246,False,False,16,39,0,10,5,13,5,28,0.1786,
2017,Villanova,247,False,False,14,33,1,5,3,3,4,12,0.3333,
2017,Texas Southern,248,True,False,20,32,0,7,1,2,1,10,0.1,
2017,Pacific,249,False,False,18,35,0,16,1,6,1,23,0.0435,
2017,Quinnipiac,250,False,False,18,32,0,3,4,4,4,11,0.3636,
2017,Norfolk St.,251,False,False,26,22,0,3,0,4,0,7,0.0,
2017,LIU,252,False,False,22,28,0,3,3,4,3,10,0.3,
2017,Western Ill.,253,False,False,18,32,1,8,1,5,2,15,0.1333,
2017,Milwaukee,254,False,False,22,32,0,2,2,8,2,12,0.1667,
2017,Evansville,255,False,False,18,39,0,7,2,4,2,13,0.1538,
2017,Massachusetts,256,False,False,15,32,0,4,1,4,1,9,0.1111,
2017,ULM,257,False,False,12,43,1,11,1,12,2,25,0.08,
2017,Abilene Christian,258,False,False,13,43,0,7,1,23,1,31,0.0323,
2017,N.C. Central,259,False,False,22,28,0,1,3,5,3,9,0.3333,
2017,UNLV,260,False,False,20,36,0,9,2,9,2,20,0.1,
2017,Oakland,261,False,False,17,40,0,3,2,7,2,12,0.1667,
2017,Longwood,262,False,False,19,34,0,1,0,1,0,2,0.0,
2017,Richmond,263,False,False,17,36,0,6,2,4,2,12,0.1667,
2017,Utah Valley,264,False,False,18,36,1,1,0,7,1,9,0.1111,
2017,Manhattan,265,False,False,18,35,0,3,1,5,1,9,0.1111,
2017,Illinois St.,266,False,False,16,40,4,8,1,5,5,18,0.2778,
2017,NIU,267,False,False,17,38,1,5,0,4,1,10,0.1,
2017,Santa Clara,268,False,False,13,40,1,8,2,14,3,25,0.12,
2017,USC Upstate,269,False,False,24,31,1,6,1,0,2,8,0.25,
2017,Grambling,270,False,False,22,30,0,7,0,3,0,10,0.0,
2017,Hofstra,271,False,False,14,37,0,4,1,7,1,12,0.0833,
2017,Wagner,272,False,False,22,28,0,1,0,4,0,5,0.0,
2017,UIW,273,False,False,20,36,0,6,0,4,0,10,0.0,
2017,Dayton,274,False,False,20,35,0,1,1,4,1,6,0.1667,
2017,Prairie View,275,False,False,20,37,0,8,2,3,2,13,0.1538,
2017,Bowling Green,276,False,False,15,34,0,3,1,5,1,9,0.1111,
2017,Seattle U,277,False,False,20,35,0,3,3,3,3,9,0.3333,
2017,Delaware St.,278,False,False,22,25,0,0,0,1,0,1,0.0,
2017,Youngstown St.,279,False,False,15,40,0,0,2,10,2,12,0.1667,
2017,Portland,280,False,False,10,41,0,11,0,7,0,18,0.0,
2017,Omaha,281,False,False,12,40,0,10,1,6,1,17,0.0588,
2017,Ark.-Pine Bluff,282,False,False,15,31,0,8,0,1,0,9,0.0,
2017,La Salle,283,False,False,10,41,0,2,0,6,0,8,0.0,
2017,Southern U.,284,False,False,17,27,0,0,0,4,0,4,0.0,
2017,Lehigh,285,False,False,21,29,0,0,0,4,0,4,0.0,
2017,Chicago St.,286,False,False,11,41,0,1,0,3,0,4,0.0,
2017,Alcorn,287,False,False,12,33,0,3,0,4,0,7,0.0,
2017,FDU,288,False,False,12,34,0,5,0,5,0,10,0.0,
2017,Savannah St.,289,False,False,12,39,0,1,0,13,0,14,0.0,
2017,UMES,290,False,False,12,40,0,0,0,6,0,6,0.0,
2017,NJIT,291,False,False,9,40,0,0,1,11,1,12,0.0833,
2017,Lafayette,292,False,False,8,44,0,0,0,3,0,3,0.0,
2017,Mississippi Val.,293,False,False,7,34,0,1,0,2,0,3,0.0,
2017,Purdue Fort Wayne,294,False,False,9,43,0,4,0,4,0,8,0.0,
2017,Alabama A&M,295,False,False,12,45,0,1,0,4,0,5,0.0,
2017,New York Tech,296,False,False,5,36,0,1,0,0,0,1,0.0,
2017,Mount St. Mary's,297,False,False,8,39,0,0,0,8,0,8,0.0,
2017,Coppin St.,298,False,False,11,31,0,0,0,0,0,0,0.0,
2017,Saint Peter's,299,False,False,0,38,0,4,0,1,0,5,0.0,
2018,Florida,1,True,True,42,17,20,14,10,2,30,46,0.6522,
2018,Stanford,2,True,True,44,10,9,7,7,1,16,24,0.6667,
2018,Ole Miss,3,True,True,46,15,17,11,9,3,26,40,0.65,
2018,Arkansas,4,True,True,39,18,18,12,7,4,25,41,0.6098,
2018,Stetson,5,True,True,45,11,7,3,9,4,16,23,0.6957,
2018,Oregon St.,6,True,True,44,10,9,4,14,3,23,30,0.7667,
2018,Florida St.,7,True,True,43,17,18,15,8,1,26,42,0.619,
2018,North Carolina,8,True,True,38,18,12,14,10,2,22,38,0.5789,
2018,Georgia,9,True,True,37,19,13,13,10,3,23,39,0.5897,
2018,Texas Tech,10,True,True,39,17,9,11,18,6,27,44,0.6136,
2018,Clemson,11,True,True,45,14,9,10,19,3,28,41,0.6829,
2018,Minnesota,12,True,True,41,13,15,5,8,6,23,34,0.6765,
2018,East Carolina,13,True,True,43,16,13,9,13,4,26,39,0.6667,
2018,Auburn,14,True,False,39,21,9,16,15,5,24,45,0.5333,
2018,Texas A&M,15,True,False,39,20,11,13,7,6,18,37,0.4865,
2018,UConn,16,True,False,35,20,11,7,11,9,22,38,0.5789,
2018,Coastal Carolina,17,True,True,42,17,10,8,10,4,20,32,0.625,
2018,Tennessee Tech,18,True,False,48,9,2,2,7,3,9,14,0.6429,
2018,South Fla.,19,True,False,35,20,9,13,7,3,16,32,0.5,
2018,NC State,20,True,True,40,16,10,8,8,3,18,29,0.6207,
2018,Texas,21,True,True,37,20,7,13,13,3,20,36,0.5556,
2018,Duke,22,True,False,40,15,8,11,7,2,15,28,0.5357,
2018,Jacksonville,23,True,False,39,19,2,8,11,5,13,26,0.5,
2018,Missouri St.,24,True,False,39,15,8,8,6,3,14,25,0.56,
2018,Louisville,25,True,False,43,17,9,13,8,1,17,31,0.5484,
2018,Indiana,26,True,False,38,17,8,11,9,4,17,32,0.5312,
2018,St. John's (NY),27,True,False,39,15,5,6,8,4,13,23,0.5652,
2018,UCLA,28,True,False,36,19,6,9,8,6,14,29,0.4828,
2018,Mississippi St.,29,True,False,31,25,16,15,4,5,20,40,0.5,
2018,Purdue,30,True,False,37,19,6,8,10,8,16,32,0.5,
2018,Baylor,31,True,False,36,19,9,11,9,3,18,32,0.5625,
2018,Kentucky,32,False,False,34,22,12,14,9,6,21,41,0.5122,
2018,Fla. Atlantic,33,True,False,40,17,2,3,12,6,14,23,0.6087,
2018,LSU,34,True,False,37,25,14,17,4,4,18,39,0.4615,
2018,Northeastern,35,True,False,36,19,4,11,5,5,9,25,0.36,
2018,DBU,36,True,False,40,19,11,10,6,3,17,30,0.5667,
2018,Ohio St.,37,True,False,36,22,12,12,2,1,14,27,0.5185,
2018,Southern Miss.,38,True,False,43,16,6,5,7,5,13,23,0.5652,
2018,Troy,39,True,False,41,19,7,10,5,4,12,26,0.4615,
2018,Oklahoma St.,40,True,False,29,24,11,12,8,8,19,39,0.4872,
2018,Oklahoma,41,True,False,36,23,8,15,10,3,18,36,0.5,
2018,Vanderbilt,42,True,False,31,25,12,14,10,7,22,43,0.5116,
2018,UCF,43,False,False,35,21,9,13,5,4,14,31,0.4516,
2018,South Carolina,44,True,False,33,24,11,17,5,2,16,35,0.4571,
2018,Illinois,45,False,False,33,20,8,6,5,7,13,26,0.5,
2018,Houston,46,True,False,36,23,11,9,10,10,21,40,0.525,
2018,Arizona,47,False,False,34,22,5,11,9,6,14,31,0.4516,
2018,Missouri,48,False,False,34,22,13,17,4,1,17,35,0.4857,
2018,San Diego St.,49,True,False,39,19,3,5,14,3,17,25,0.68,
2018,South Alabama,50,False,False,32,25,5,16,7,5,12,33,0.3636,
2018,Sam Houston,51,False,False,39,20,3,5,6,5,9,19,0.4737,
2018,West Virginia,52,False,False,29,27,8,13,5,9,13,35,0.3714,
2018,Cal St. Fullerton,53,True,False,32,23,2,9,11,6,13,28,0.4643,
2018,Wichita St.,54,False,False,35,21,7,14,4,1,11,26,0.4231,
2018,Kent St.,55,True,False,39,16,2,5,3,1,5,11,0.4545,
2018,Georgia Tech,56,False,False,31,27,7,16,9,6,16,38,0.4211,
2018,Creighton,57,False,False,34,16,3,6,8,6,11,23,0.4783,
2018,TCU,58,False,False,33,23,4,15,11,5,15,35,0.4286,
2018,Louisiana,59,False,False,34,25,7,6,9,15,16,37,0.4324,
2018,Michigan,60,False,False,33,21,2,12,4,4,6,22,0.2727,
2018,Louisiana Tech,61,False,False,39,20,4,4,6,6,10,20,0.5,
2018,Wright St.,62,True,False,39,15,3,3,2,4,5,12,0.4167,
2018,Gonzaga,63,True,False,32,22,0,3,8,5,8,16,0.5,
2018,Washington,64,True,False,30,23,7,8,11,6,18,32,0.5625,
2018,UNCW,65,True,False,37,21,7,6,4,4,11,21,0.5238,
2018,Miami (FL),66,False,False,28,26,7,14,1,5,8,27,0.2963,
2018,Nevada,67,False,False,29,24,2,4,6,9,8,21,0.381,
2018,Col. of Charleston,68,False,False,36,19,6,3,3,4,9,16,0.5625,
2018,Iowa,69,False,False,33,20,4,9,8,6,12,27,0.4444,
2018,UNC Greensboro,70,False,False,39,15,1,0,5,5,6,11,0.5455,
2018,Seton Hall,71,False,False,30,20,6,10,3,2,9,21,0.4286,
2018,Indiana St.,72,False,False,31,24,5,14,3,4,8,26,0.3077,
2018,UNLV,73,False,False,35,24,2,9,10,6,12,27,0.4444,
2018,Wake Forest,74,False,False,25,32,7,18,2,6,9,33,0.2727,
2018,Bradley,75,False,False,32,19,4,8,5,7,9,24,0.375,
2018,California,76,False,False,32,22,5,9,10,9,15,33,0.4545,
2018,Wagner,77,False,False,38,18,1,5,4,2,5,12,0.4167,
2018,Tennessee,78,False,False,29,27,6,16,6,3,12,31,0.3871,
2018,Southeastern La.,79,False,False,37,22,5,6,8,6,13,25,0.52,
2018,Ga. Southern,80,False,False,30,26,3,14,10,4,13,31,0.4194,
2018,Charlotte,81,False,False,34,24,4,13,5,4,9,26,0.3462,
2018,New Mexico St.,82,True,False,40,20,1,8,3,4,4,16,0.25,
2018,FGCU,83,False,False,32,21,2,9,1,0,3,12,0.25,
2018,Alabama,84,False,False,27,29,7,21,5,4,12,37,0.3243,
2018,Virginia,84,False,False,29,25,6,15,5,4,11,30,0.3667,
2018,Army West Point,86,True,False,36,22,1,4,4,4,5,13,0.3846,
2018,Tulane,87,False,False,25,33,7,19,8,8,15,42,0.3571,
2018,Morehead St.,88,True,False,37,24,3,5,2,3,5,13,0.3846,
2018,Kansas,89,False,False,27,30,8,16,5,9,13,38,0.3421,
2018,Little Rock,90,False,False,28,28,6,12,6,3,12,27,0.4444,
2018,Saint Louis,91,True,False,38,18,4,4,1,1,5,10,0.5,
2018,Bryant,92,False,False,32,23,0,7,2,7,2,16,0.125,
2018,Wofford,93,False,False,36,23,2,4,2,5,4,13,0.3077,
2018,Rice,94,False,False,26,31,4,14,7,9,11,34,0.3235,
2018,Cincinnati,95,False,False,28,28,7,16,7,5,14,35,0.4,
2018,Northwestern St.,96,True,False,37,22,1,3,5,5,6,14,0.4286,
2018,UTSA,97,False,False,32,24,1,9,4,4,5,18,0.2778,
2018,Samford,98,True,False,36,24,2,2,4,5,6,13,0.4615,
2018,Notre Dame,99,False,False,24,30,7,18,5,3,12,33,0.3636,
2018,Butler,100,False,False,34,20,3,7,1,7,4,18,0.2222,
2018,Davidson,101,False,False,33,21,0,3,8,4,8,15,0.5333,
2018,Oregon,102,False,False,26,29,2,13,7,8,9,30,0.3,
2018,Rhode Island,103,False,False,24,27,2,12,2,6,4,22,0.1818,
2018,Maryland,104,False,False,24,30,3,14,6,6,9,29,0.3103,
2018,Pepperdine,105,False,False,31,24,2,5,3,7,5,17,0.2941,
2018,Houston Christian,106,False,False,29,30,3,8,6,7,9,24,0.375,
2018,George Washington,107,False,False,32,26,1,9,4,4,5,18,0.2778,
2018,Nebraska,108,False,False,24,28,5,13,5,4,10,27,0.3704,
2018,Campbell,109,True,False,35,24,2,11,0,2,2,15,0.1333,
2018,Elon,110,False,False,36,23,3,7,6,4,9,20,0.45,
2018,UC Irvine,111,False,False,32,24,3,3,13,8,16,27,0.5926,
2018,Sacramento St.,112,False,False,35,25,0,1,7,10,7,18,0.3889,
2018,Illinois St.,113,False,False,22,30,6,9,4,9,10,28,0.3571,
2018,High Point,114,False,False,34,22,3,3,3,3,6,12,0.5,
2018,North Florida,115,False,False,28,28,5,15,3,3,8,26,0.3077,
2018,Pittsburgh,116,False,False,29,26,4,15,4,6,8,29,0.2759,
2018,Fordham,117,False,False,35,19,1,2,3,2,4,8,0.5,
2018,Richmond,118,False,False,32,24,1,6,8,4,9,19,0.4737,
2018,Jacksonville St.,119,False,False,32,25,0,8,2,5,2,15,0.1333,
2018,Long Beach St.,120,False,False,27,30,6,9,5,7,11,27,0.4074,
2018,Oral Roberts,121,True,False,38,18,2,6,3,3,5,14,0.3571,
2018,Kennesaw St.,122,False,False,25,30,4,15,3,4,7,26,0.2692,
2018,Grand Canyon,123,False,False,33,24,2,6,3,4,5,15,0.3333,
2018,Texas St.,124,False,False,30,28,1,9,9,8,10,27,0.3704,
2018,CSUN,125,False,False,28,30,2,11,4,4,6,21,0.2857,
2018,Austin Peay,126,False,False,30,27,2,7,6,4,8,19,0.4211,
2018,Central Ark.,127,False,False,32,25,2,4,3,5,5,14,0.3571,
2018,Georgia St.,128,False,False,26,29,6,10,8,7,14,31,0.4516,
2018,Southern California,129,False,False,26,28,4,10,6,10,10,30,0.3333,
2018,VCU,130,False,False,34,23,1,2,7,9,8,19,0.4211,
2018,San Diego,131,False,False,23,32,4,10,4,7,8,25,0.32,
2018,Arizona St.,132,False,False,23,32,3,10,7,10,10,30,0.3333,
2018,Cal Poly,133,False,False,30,27,1,7,5,9,6,22,0.2727,
2018,Canisius,133,True,False,35,20,3,5,3,2,6,13,0.4615,
2018,Liberty,135,False,False,32,26,0,8,6,5,6,19,0.3158,
2018,San Jose St.,136,False,False,27,30,3,7,3,6,6,19,0.3158,
2018,Southern Ill.,137,False,False,28,30,0,10,8,14,8,32,0.25,
2018,Miami (OH),138,False,False,35,20,0,1,5,6,5,12,0.4167,
2018,FIU,139,False,False,26,28,2,5,6,11,8,24,0.3333,
2018,Fresno St.,140,False,False,30,24,1,8,4,3,5,16,0.3125,
2018,Kansas St.,141,False,False,23,31,4,16,3,9,7,32,0.2188,
2018,Ball St.,142,False,False,32,26,3,4,2,4,5,13,0.3846,
2018,Marist,143,False,False,27,23,0,2,2,7,2,11,0.1818,
2018,Mercer,144,False,False,38,22,2,0,2,7,4,11,0.3636,
2018,New Orleans,145,False,False,29,32,3,5,5,8,8,21,0.381,
2018,Saint Mary's (CA),146,False,False,31,23,1,0,9,5,10,15,0.6667,
2018,Navy,147,False,False,38,16,1,0,3,4,4,8,0.5,
2018,A&M-Corpus Christi,148,False,False,30,26,2,5,5,9,7,21,0.3333,
2018,James Madison,149,False,False,26,26,0,5,6,9,6,20,0.3,
2018,Air Force,150,False,False,24,30,3,7,5,3,8,18,0.4444,
2018,Virginia Tech,151,False,False,21,33,4,17,4,8,8,33,0.2424,
2018,Hartford,152,True,False,26,29,0,11,0,5,0,16,0.0,
2018,Furman,153,False,False,24,28,1,8,0,4,1,13,0.0769,
2018,Middle Tenn.,153,False,False,27,27,2,6,5,8,7,21,0.3333,
2018,Hawaii,155,False,False,27,24,2,4,4,3,6,13,0.4615,
2018,Hofstra,156,False,False,23,23,1,3,4,7,5,15,0.3333,
2018,NJIT,157,False,False,22,25,3,5,3,3,6,14,0.4286,
2018,Delaware,158,False,False,31,27,0,10,4,4,4,18,0.2222,
2018,Xavier,159,False,False,20,35,3,12,3,9,6,27,0.2222,
2018,Harvard,160,False,False,22,20,1,1,2,7,3,11,0.2727,
2018,Monmouth,161,False,False,30,25,1,4,1,3,2,9,0.2222,
2018,Holy Cross,162,False,False,18,27,1,5,1,4,2,11,0.1818,
2018,New Mexico,163,False,False,20,33,2,9,5,11,7,27,0.2593,
2018,Santa Clara,164,False,False,26,26,1,5,8,3,9,17,0.5294,
2018,ETSU,165,False,False,28,25,0,0,7,8,7,15,0.4667,
2018,Gardner-Webb,166,False,False,31,27,2,6,1,4,3,13,0.2308,
2018,Eastern Ky.,167,False,False,30,31,1,6,4,8,5,19,0.2632,
2018,Rutgers,168,False,False,25,25,1,11,6,6,7,24,0.2917,
2018,Boston College,169,False,False,17,32,2,15,2,11,4,30,0.1333,
2018,Seattle U,170,False,False,34,23,1,0,4,8,5,13,0.3846,
2018,Pacific,171,False,False,22,29,1,4,7,7,8,19,0.4211,
2018,LMU (CA),172,False,False,25,30,1,5,1,7,2,14,0.1429,
2018,VMI,173,False,False,26,27,1,2,5,5,6,13,0.4615,
2018,UIC,174,False,False,30,18,2,6,1,2,3,11,0.2727,
2018,San Francisco,175,False,False,28,30,0,2,6,7,6,15,0.4,
2018,Arkansas St.,176,False,False,20,32,3,10,4,9,7,26,0.2692,
2018,Lipscomb,177,False,False,24,30,3,9,4,9,7,25,0.28,
2018,George Mason,178,False,False,29,27,0,2,5,11,5,18,0.2778,
2018,Portland,178,False,False,23,30,1,10,3,1,4,15,0.2667,
2018,UIW,180,False,False,29,26,0,2,2,11,2,15,0.1333,
2018,McNeese,181,False,False,25,33,1,5,3,11,4,20,0.2,
2018,Manhattan,182,False,False,25,28,0,3,3,8,3,14,0.2143,
2018,UMass Lowell,183,False,False,25,29,1,7,2,0,3,10,0.3,
2018,Georgetown,184,False,False,25,30,3,10,1,8,4,22,0.1818,
2018,UT Arlington,185,False,False,22,35,4,15,5,9,9,33,0.2727,
2018,Stony Brook,186,False,False,32,25,0,3,0,0,0,3,0.0,
2018,Texas Southern,187,True,False,27,26,0,8,1,5,1,14,0.0714,
2018,App State,188,False,False,18,36,2,8,2,17,4,29,0.1379,
2018,Nicholls,189,False,False,28,32,2,8,4,8,6,22,0.2727,
2018,UC Santa Barbara,190,False,False,27,28,0,4,5,9,5,18,0.2778,
2018,Columbia,191,True,False,20,28,2,9,2,5,4,18,0.2222,
2018,Dayton,192,False,False,21,31,0,4,6,10,6,20,0.3,
2018,Southeast Mo. St.,193,False,False,27,30,1,7,2,8,3,18,0.1667,
2018,Memphis,194,False,False,20,36,3,14,5,14,8,36,0.2222,
2018,Northern Colo.,195,False,False,29,24,0,0,2,3,2,5,0.4,
2018,ULM,196,False,False,23,31,1,11,0,8,1,20,0.05,
2018,Michigan St.,197,False,False,20,32,3,9,4,5,7,21,0.3333,
2018,Bethune-Cookman,198,False,False,24,34,0,13,1,2,1,16,0.0625,
2018,Valparaiso,199,False,False,19,34,3,6,6,14,9,29,0.3103,
2018,Yale,200,False,False,22,21,0,2,2,5,2,9,0.2222,
2018,BYU,201,False,False,22,28,0,5,6,5,6,16,0.375,
2018,Central Mich.,202,False,False,29,30,0,6,1,5,1,12,0.0833,
2018,Western Mich.,203,False,False,23,25,0,4,0,5,0,9,0.0,
2018,UAB,204,False,False,21,33,2,5,5,15,7,27,0.2593,
2018,Washington St.,205,False,False,16,33,2,13,3,7,5,25,0.2,
2018,Toledo,206,False,False,22,33,0,5,4,11,4,20,0.2,
2018,Eastern Ill.,207,False,False,23,31,0,6,3,4,3,13,0.2308,
2018,Lehigh,208,False,False,22,27,0,1,3,5,3,9,0.3333,
2018,Fairfield,209,False,False,22,29,1,3,2,8,3,14,0.2143,
2018,Marshall,210,False,False,19,31,0,0,2,18,2,20,0.1,
2018,Winthrop,211,False,False,25,31,0,5,3,9,3,17,0.1765,
2018,Western Ky.,212,False,False,21,31,1,9,4,9,5,23,0.2174,
2018,Eastern Mich.,213,False,False,22,34,4,4,0,6,4,14,0.2857,
2018,Jackson St.,214,False,False,34,18,0,1,2,1,2,4,0.5,
2018,Milwaukee,215,False,False,26,28,1,7,0,4,1,12,0.0833,
2018,Radford,216,False,False,25,32,0,5,7,9,7,21,0.3333,
2018,Utah,217,False,False,16,39,2,10,4,18,6,34,0.1765,
2018,Bucknell,218,False,False,17,27,0,6,3,2,3,11,0.2727,
2018,Quinnipiac,219,False,False,26,30,2,3,2,3,4,10,0.4,
2018,LIU,220,True,False,31,24,1,3,4,3,5,11,0.4545,
2018,SIUE,221,False,False,15,37,1,8,7,4,8,20,0.4,
2018,UC Davis,222,False,False,18,35,1,3,4,17,5,25,0.2,
2018,N.C. A&T,223,True,False,32,23,0,3,0,2,0,5,0.0,
2018,North Dakota St.,224,False,False,26,24,0,4,0,3,0,7,0.0,
2018,Maine,225,False,False,20,34,1,6,0,4,1,11,0.0909,
2018,Alabama St.,226,False,False,30,22,0,2,0,5,0,7,0.0,
2018,NIU,227,False,False,20,36,0,7,4,1,4,12,0.3333,
2018,Lamar University,228,False,False,19,36,1,8,2,8,3,19,0.1579,
2018,Northwestern,229,False,False,17,32,1,9,5,11,6,26,0.2308,
2018,Binghamton,230,False,False,18,30,0,2,3,9,3,14,0.2143,
2018,N.C. Central,231,False,False,28,24,0,2,0,4,0,6,0.0,
2018,Saint Joseph's,232,False,False,21,27,1,1,2,3,3,7,0.4286,
2018,CSU Bakersfield,233,False,False,21,36,0,4,1,7,1,12,0.0833,
2018,Murray St.,234,False,False,27,29,0,6,1,8,1,15,0.0667,
2018,UTRGV,235,False,False,23,31,1,3,1,1,2,6,0.3333,
2018,UMBC,236,False,False,22,29,0,4,0,4,0,8,0.0,
2018,USC Upstate,237,False,False,23,28,0,4,1,6,1,11,0.0909,
2018,Siena,238,False,False,21,35,0,6,1,9,1,16,0.0625,
2018,Cornell,239,False,False,14,22,0,6,1,2,1,9,0.1111,
2018,UC Riverside,240,False,False,19,33,3,6,2,5,5,16,0.3125,
2018,Penn St.,241,False,False,15,34,0,13,3,8,3,24,0.125,
2018,South Dakota St.,242,False,False,18,32,0,5,0,7,0,12,0.0,
2018,Western Caro.,243,False,False,11,47,0,8,1,7,1,16,0.0625,
2018,Dartmouth,244,False,False,17,22,0,4,0,3,0,7,0.0,
2018,William & Mary,244,False,False,15,39,0,12,3,8,3,23,0.1304,
2018,Oakland,246,False,False,15,32,1,6,1,6,2,14,0.1429,
2018,Utah Valley,247,False,False,15,37,1,2,3,13,4,19,0.2105,
2018,The Citadel,248,False,False,19,34,3,4,0,8,3,15,0.2,
2018,Grambling,249,False,False,26,26,0,3,0,5,0,8,0.0,
2018,Old Dominion,250,False,False,15,37,0,4,3,13,3,20,0.15,
2018,Niagara,251,False,False,24,27,0,1,0,3,0,4,0.0,
2018,Florida A&M,252,False,False,25,30,0,2,0,3,0,5,0.0,
2018,UAlbany,253,False,False,20,28,0,1,0,0,0,1,0.0,
2018,Youngstown St.,254,False,False,18,38,0,9,0,9,0,18,0.0,
2018,Lafayette,255,False,False,16,34,0,0,1,5,1,6,0.1667,
2018,SFA,256,False,False,17,36,1,4,2,12,3,19,0.1579,
2018,Mount St. Mary's,257,False,False,21,33,0,5,1,11,1,17,0.0588,
2018,UT Martin,258,False,False,11,40,2,8,3,15,5,28,0.1786,
2018,Charleston So.,259,False,False,19,35,3,4,0,7,3,14,0.2143,
2018,Ark.-Pine Bluff,260,False,False,20,25,0,4,0,4,0,8,0.0,
2018,Chicago St.,261,False,False,13,41,0,8,0,14,0,22,0.0,
2018,Sacred Heart,262,False,False,17,35,0,2,3,10,3,15,0.2,
2018,Iona,263,False,False,16,31,0,2,0,6,0,8,0.0,
2018,Abilene Christian,264,False,False,21,33,1,4,0,5,1,10,0.1,
2018,Central Conn. St.,265,False,False,18,28,0,2,0,4,0,6,0.0,
2018,Massachusetts,266,False,False,15,29,0,0,2,10,2,12,0.1667,
2018,Belmont,267,False,False,19,36,1,3,0,9,1,13,0.0769,
2018,Penn,268,False,False,16,25,0,0,1,5,1,6,0.1667,
2018,Coppin St.,269,False,False,21,24,0,0,0,3,0,3,0.0,
2018,Evansville,270,False,False,12,39,1,17,0,9,1,27,0.037,
2018,UNC Asheville,271,False,False,13,38,0,6,2,2,2,10,0.2,
2018,Longwood,272,False,False,17,38,0,4,1,4,1,9,0.1111,
2018,Ohio,273,False,False,21,32,2,2,1,1,3,6,0.5,
2018,Northern Ky.,274,False,False,14,39,1,3,1,4,2,9,0.2222,
2018,Princeton,275,False,False,10,27,0,7,0,2,0,9,0.0,
2018,Brown,276,False,False,11,26,1,2,0,5,1,8,0.125,
2018,Western Ill.,277,False,False,17,31,0,4,0,6,0,10,0.0,
2018,Towson,278,False,False,13,42,1,5,2,12,3,20,0.15,
2018,St. Bonaventure,279,False,False,10,33,0,0,1,3,1,4,0.25,
2018,Presbyterian,280,False,False,15,39,1,5,1,5,2,12,0.1667,
2018,Bowling Green,281,False,False,11,39,0,7,0,2,0,9,0.0,
2018,Omaha,282,False,False,15,35,0,6,1,6,1,13,0.0769,
2018,Villanova,283,False,False,9,39,0,7,0,6,0,13,0.0,
2018,La Salle,284,False,False,14,41,0,3,0,9,0,12,0.0,
2018,Alabama A&M,285,False,False,12,37,0,6,0,5,0,11,0.0,
2018,Alcorn,286,False,False,13,39,0,1,0,3,0,4,0.0,
2018,Southern U.,287,False,False,9,33,0,4,0,0,0,4,0.0,
2018,Rider,288,False,False,12,35,0,1,1,4,1,6,0.1667,
2018,Prairie View,289,False,False,14,40,0,7,0,1,0,8,0.0,
2018,Mississippi Val.,290,False,False,11,35,0,0,0,7,0,7,0.0,
2018,Purdue Fort Wayne,291,False,False,11,37,0,1,2,7,2,10,0.2,
2018,Norfolk St.,292,False,False,19,30,0,1,0,1,0,2,0.0,
2018,Savannah St.,293,False,False,7,34,0,3,0,3,0,6,0.0,
2018,FDU,294,False,False,10,37,0,2,0,4,0,6,0.0,
2018,Saint Peter's,295,False,False,2,42,0,3,0,7,0,10,0.0,
2018,UMES,296,False,False,12,41,0,1,0,3,0,4,0.0,
2018,Delaware St.,297,False,False,9,35,0,0,0,1,0,1,0.0,
2019,Vanderbilt,1,True,True,49,10,29,8,6,1,35,44,0.7955,
2019,UCLA,2,True,True,47,8,18,5,13,2,31,38,0.8158,
2019,Georgia,3,True,True,44,15,21,14,8,0,29,43,0.6744,
2019,Mississippi St.,4,True,True,46,13,20,11,7,1,27,39,0.6923,
2019,East Carolina,5,True,True,43,15,11,7,15,3,26,36,0.7222,
2019,Arkansas,6,True,True,41,17,24,14,2,1,26,41,0.6341,
2019,Oklahoma St.,7,True,True,36,18,14,11,11,2,25,38,0.6579,
2019,Georgia Tech,8,True,True,41,17,19,11,6,2,25,38,0.6579,
2019,Louisville,9,True,True,43,15,16,11,12,4,28,43,0.6512,
2019,Stanford,10,True,True,41,11,11,6,15,3,26,35,0.7429,
2019,Texas Tech,11,True,True,39,17,9,9,19,5,28,42,0.6667,
2019,North Carolina,12,True,True,42,17,9,11,17,4,26,41,0.6341,
2019,West Virginia,13,True,True,37,20,13,12,11,7,24,43,0.5581,
2019,Tennessee,14,True,False,38,19,12,16,8,1,20,37,0.5405,
2019,Texas A&M,15,True,False,37,21,18,16,4,2,22,40,0.55,
2019,Auburn,16,True,False,33,25,14,20,8,4,22,46,0.4783,
2019,Miami (FL),17,True,False,39,18,12,12,9,4,21,37,0.5676,
2019,LSU,18,True,True,37,24,16,18,6,3,22,43,0.5116,
2019,NC State,19,True,False,42,17,10,9,12,8,22,39,0.5641,
2019,Ole Miss,20,True,True,37,25,18,18,6,4,24,46,0.5217,
2019,Oregon St.,21,True,True,36,18,16,9,10,6,26,41,0.6341,
2019,Indiana St.,22,True,False,41,16,10,7,6,2,16,25,0.64,
2019,Creighton,23,True,False,38,11,8,0,9,8,17,25,0.68,
2019,UC Santa Barbara,24,True,False,45,9,3,0,13,4,16,20,0.8,
2019,DBU,25,True,False,41,18,8,6,13,7,21,34,0.6176,
2019,Illinois St.,26,True,False,34,24,4,13,7,5,11,29,0.3793,
2019,Illinois,27,True,False,36,19,12,7,9,7,21,35,0.6,
2019,Florida,28,True,False,33,24,11,17,8,4,19,40,0.475,
2019,UConn,29,True,False,37,23,10,10,9,6,19,35,0.5429,
2019,Missouri,30,False,False,34,22,8,16,5,3,13,32,0.4062,
2019,California,31,True,False,32,18,9,9,10,6,19,34,0.5588,
2019,Baylor,32,True,False,34,17,12,7,5,7,17,31,0.5484,
2019,Liberty,33,True,False,42,19,4,6,12,6,16,28,0.5714,
2019,Arizona St.,34,True,False,37,17,10,14,8,1,18,33,0.5455,
2019,Indiana,35,True,False,36,21,7,11,6,5,13,29,0.4483,
2019,Nebraska,36,True,False,31,22,7,12,9,7,16,35,0.4571,
2019,Fresno St.,37,True,False,38,14,3,5,9,1,12,18,0.6667,
2019,Alabama,38,False,False,30,26,8,22,7,0,15,37,0.4054,
2019,Fla. Atlantic,39,True,False,40,19,5,7,3,7,8,22,0.3636,
2019,Michigan,40,True,False,41,18,8,10,5,5,13,28,0.4643,
2019,Clemson,41,True,False,34,24,14,11,5,6,19,36,0.5278,
2019,Oklahoma,42,False,False,33,23,8,14,9,4,17,35,0.4857,
2019,Houston,43,False,False,32,24,6,10,9,8,15,33,0.4545,
2019,Duke,44,True,False,31,25,11,15,4,6,15,36,0.4167,
2019,BYU,45,False,False,36,17,2,3,6,7,8,18,0.4444,
2019,UCF,46,False,False,36,22,7,7,12,11,19,37,0.5135,
2019,Southern Miss.,47,True,False,38,19,6,3,1,4,7,14,0.5,
2019,Arizona,48,False,False,32,24,2,13,10,4,12,29,0.4138,
2019,Virginia,49,False,False,32,24,9,15,6,6,15,36,0.4167,
2019,Florida St.,50,True,False,36,21,6,10,11,9,17,36,0.4722,
2019,Texas St.,51,False,False,36,20,6,5,8,5,14,24,0.5833,
2019,Kentucky,52,False,False,26,29,6,26,7,3,13,42,0.3095,
2019,Boston College,53,False,False,31,27,11,15,3,6,14,35,0.4,
2019,Campbell,54,True,False,35,19,3,4,3,7,6,17,0.3529,
2019,UC Irvine,55,False,False,37,17,1,5,6,7,7,19,0.3684,
2019,Wake Forest,56,False,False,31,26,8,16,6,3,14,33,0.4242,
2019,Minnesota,57,False,False,29,27,5,15,9,7,14,36,0.3889,
2019,Jacksonville,58,False,False,32,27,4,10,7,9,11,30,0.3667,
2019,VCU,59,False,False,39,19,3,6,1,4,4,14,0.2857,
2019,Louisiana Tech,60,False,False,34,24,4,4,7,7,11,22,0.5,
2019,TCU,61,True,False,32,26,12,11,6,9,18,38,0.4737,
2019,Kansas,62,False,False,32,26,5,13,5,7,10,30,0.3333,
2019,Central Mich.,63,True,False,46,12,1,2,3,2,4,8,0.5,
2019,Samford,64,False,False,41,19,1,3,5,8,6,17,0.3529,
2019,Oregon,65,False,False,27,29,5,18,5,6,10,34,0.2941,
2019,Southern California,66,False,False,25,29,7,18,9,5,16,39,0.4103,
2019,Ga. Southern,67,False,False,35,24,5,8,9,7,14,29,0.4828,
2019,Texas,68,False,False,27,27,10,18,6,4,16,38,0.4211,
2019,Jacksonville St.,69,True,False,37,21,3,6,6,2,9,17,0.5294,
2019,Pepperdine,70,False,False,24,25,2,13,7,3,9,25,0.36,
2019,Xavier,71,False,False,27,31,4,14,6,8,10,32,0.3125,
2019,Virginia Tech,72,False,False,26,27,5,15,4,9,9,33,0.2727,
2019,Maryland,73,False,False,29,29,5,12,8,10,13,35,0.3714,
2019,Coastal Carolina,74,True,False,35,24,3,5,14,8,17,30,0.5667,
2019,Washington,75,False,False,28,24,3,16,7,7,10,33,0.303,
2019,Sam Houston,76,False,False,31,25,3,10,4,6,7,23,0.3043,
2019,Saint Mary's (CA),77,False,False,35,22,4,9,7,10,11,30,0.3667,
2019,Bradley,78,False,False,31,19,4,7,4,4,8,19,0.4211,
2019,Morehead St.,79,False,False,40,21,2,6,1,3,3,12,0.25,
2019,San Diego St.,80,False,False,32,25,2,6,11,9,13,28,0.4643,
2019,Old Dominion,81,False,False,35,21,3,6,10,3,13,22,0.5909,
2019,Wright St.,82,False,False,42,17,5,3,4,4,9,16,0.5625,
2019,Southeastern La.,83,False,False,33,27,1,4,6,7,7,18,0.3889,
2019,South Carolina,84,False,False,28,28,9,23,5,2,14,39,0.359,
2019,McNeese,85,True,False,35,24,2,2,8,11,10,23,0.4348,
2019,William & Mary,86,False,False,33,22,3,3,5,1,8,12,0.6667,
2019,Gonzaga,87,False,False,31,24,8,8,4,5,12,25,0.48,
2019,Evansville,88,False,False,24,29,7,14,8,5,15,34,0.4412,
2019,LMU (CA),89,True,False,32,23,4,8,9,8,13,29,0.4483,
2019,Col. of Charleston,90,False,False,36,21,6,8,1,5,7,20,0.35,
2019,UNC Greensboro,91,False,False,34,20,0,7,6,4,6,17,0.3529,
2019,Wichita St.,91,False,False,28,32,7,13,7,15,14,42,0.3333,
2019,UT Arlington,93,False,False,32,26,2,7,7,7,9,23,0.3913,
2019,Bryant,94,False,False,40,20,2,5,3,2,5,12,0.4167,
2019,Troy,95,False,False,31,29,6,8,8,12,14,34,0.4118,
2019,Iowa,96,False,False,31,24,6,9,7,7,13,29,0.4483,
2019,Little Rock,97,False,False,29,28,2,9,11,11,13,33,0.3939,
2019,Cincinnati,98,True,False,30,29,5,14,11,6,16,36,0.4444,
2019,Tulane,99,False,False,32,26,5,12,5,6,10,28,0.3571,
2019,North Florida,100,False,False,32,25,3,9,5,2,8,19,0.4211,
2019,Kansas St.,101,False,False,25,33,7,18,3,7,10,35,0.2857,
2019,UIW,102,False,False,37,22,1,3,9,5,10,18,0.5556,
2019,San Diego,103,False,False,32,21,1,2,11,10,12,24,0.5,
2019,Elon,104,False,False,33,24,1,4,6,6,7,17,0.4118,
2019,Ball St.,105,False,False,38,19,2,8,0,5,2,15,0.1333,
2019,Notre Dame,106,False,False,24,30,9,17,3,5,12,34,0.3529,
2019,Harvard,107,True,False,27,14,0,1,3,1,3,5,0.6,
2019,South Alabama,108,False,False,30,26,3,7,6,12,9,28,0.3214,
2019,Mercer,109,True,False,35,27,0,9,3,3,3,15,0.2,
2019,Northwestern St.,110,False,False,30,25,4,3,3,7,7,17,0.4118,
2019,Winthrop,111,False,False,34,23,1,4,2,7,3,14,0.2143,
2019,FGCU,112,False,False,34,21,1,5,6,5,7,17,0.4118,
2019,Cal St. Fullerton,113,False,False,27,26,5,8,5,6,10,24,0.4167,
2019,Austin Peay,114,False,False,32,25,1,3,2,9,3,15,0.2,
2019,Northwestern,115,False,False,24,27,5,12,8,6,13,31,0.4194,
2019,South Fla.,116,False,False,26,27,4,11,7,10,11,32,0.3438,
2019,St. John's (NY),117,False,False,31,23,2,8,6,5,8,21,0.381,
2019,Grand Canyon,118,False,False,36,24,4,7,6,8,10,25,0.4,
2019,New Mexico St.,119,False,False,38,17,1,5,3,1,4,10,0.4,
2019,Memphis,120,False,False,27,28,3,11,4,6,7,24,0.2917,
2019,Ohio St.,121,True,False,35,25,4,5,6,2,10,17,0.5882,
2019,Central Ark.,122,False,False,32,27,3,3,4,7,7,17,0.4118,
2019,Air Force,123,False,False,26,26,2,10,4,4,6,20,0.3,
2019,UTRGV,124,False,False,34,21,2,5,6,7,8,20,0.4,
2019,Cal Poly,125,False,False,28,28,5,13,1,7,6,26,0.2308,
2019,Sacramento St.,126,True,False,39,23,1,4,1,3,2,9,0.2222,
2019,Milwaukee,127,False,False,35,21,3,5,1,3,4,12,0.3333,
2019,San Francisco,128,False,False,30,26,1,6,4,10,5,21,0.2381,
2019,Radford,129,False,False,30,27,1,10,2,3,3,16,0.1875,
2019,Nevada,130,False,False,30,26,3,1,4,12,7,20,0.35,
2019,UNLV,131,False,False,29,29,4,9,5,7,9,25,0.36,
2019,ULM,132,False,False,27,31,1,7,6,10,7,24,0.2917,
2019,Louisiana,133,False,False,28,31,3,3,11,20,14,37,0.3784,
2019,UAB,134,False,False,27,29,4,11,3,4,7,22,0.3182,
2019,Dayton,135,False,False,32,26,0,6,0,3,0,9,0.0,
2019,Kent St.,136,False,False,30,24,1,8,2,3,3,14,0.2143,
2019,Wofford,137,False,False,36,25,0,0,2,5,2,7,0.2857,
2019,Davidson,138,False,False,29,22,1,6,0,2,1,9,0.1111,
2019,UTSA,139,False,False,28,30,1,11,7,5,8,24,0.3333,
2019,A&M-Corpus Christi,140,False,False,31,26,1,1,6,8,7,16,0.4375,
2019,Stony Brook,141,True,False,31,21,0,3,1,3,1,7,0.1429,
2019,High Point,142,False,False,27,27,0,3,6,8,6,17,0.3529,
2019,Northeastern,143,False,False,28,29,2,7,5,5,7,19,0.3684,
2019,UNCW,144,True,False,32,29,1,8,8,5,9,22,0.4091,
2019,ETSU,145,False,False,34,21,1,4,1,6,2,12,0.1667,
2019,Gardner-Webb,146,False,False,25,26,0,3,4,5,4,12,0.3333,
2019,Lipscomb,147,False,False,30,25,1,7,1,11,2,20,0.1,
2019,Rhode Island,148,False,False,24,29,1,5,3,7,4,16,0.25,
2019,Rice,149,False,False,26,33,3,8,12,11,15,34,0.4412,
2019,Miami (OH),150,False,False,37,19,1,4,2,2,3,9,0.3333,
2019,Fordham,151,True,False,38,22,1,5,4,3,5,13,0.3846,
2019,New Orleans,152,False,False,29,27,1,1,4,9,5,15,0.3333,
2019,Kennesaw St.,153,False,False,27,29,1,8,5,6,6,20,0.3,
2019,Missouri St.,154,False,False,20,36,5,18,1,6,6,30,0.2,
2019,Presbyterian,155,False,False,30,29,2,9,0,0,2,11,0.1818,
2019,South Dakota St.,156,False,False,28,22,1,3,3,3,4,10,0.4,
2019,Southern Ill.,157,False,False,26,29,2,12,2,5,4,21,0.1905,
2019,Yale,158,False,False,18,23,0,5,2,5,2,12,0.1667,
2019,Navy,159,False,False,39,17,0,0,0,0,0,0,0.0,
2019,Army West Point,160,True,False,35,24,0,4,1,0,1,5,0.2,
2019,Marist,161,False,False,27,26,0,5,0,4,0,9,0.0,
2019,Michigan St.,162,False,False,20,34,4,19,4,5,8,32,0.25,
2019,Eastern Ill.,163,False,False,26,30,1,6,1,2,2,10,0.2,
2019,Arkansas St.,164,False,False,26,29,3,13,5,3,8,24,0.3333,
2019,Western Ky.,165,False,False,26,29,1,7,2,5,3,15,0.2,
2019,Columbia,166,False,False,19,23,1,4,3,9,4,17,0.2353,
2019,James Madison,167,False,False,31,26,1,4,4,7,5,16,0.3125,
2019,Richmond,168,False,False,28,25,1,8,5,2,6,16,0.375,
2019,UT Martin,169,False,False,25,31,1,5,1,3,2,10,0.2,
2019,SFA,170,False,False,25,33,0,7,4,9,4,20,0.2,
2019,FIU,171,False,False,23,32,2,9,4,6,6,21,0.2857,
2019,Portland,172,False,False,25,27,1,6,5,11,6,23,0.2609,
2019,Furman,173,False,False,26,31,0,6,3,7,3,16,0.1875,
2019,Massachusetts,174,False,False,18,27,1,4,2,5,3,12,0.25,
2019,Pacific,175,False,False,23,26,0,1,6,16,6,23,0.2609,
2019,New Mexico,176,False,False,23,28,3,5,7,7,10,22,0.4545,
2019,Nicholls,177,False,False,27,28,0,2,3,9,3,14,0.2143,
2019,UIC,178,True,False,29,21,2,4,2,4,4,12,0.3333,
2019,Quinnipiac,179,True,False,29,27,1,4,1,4,2,10,0.2,
2019,Utah,180,False,False,16,33,1,16,7,12,8,36,0.2222,
2019,Southern U.,181,True,False,32,22,1,2,2,4,3,9,0.3333,
2019,Abilene Christian,182,False,False,26,26,0,3,1,7,1,11,0.0909,
2019,Eastern Ky.,183,False,False,32,27,0,3,3,9,3,15,0.2,
2019,Omaha,184,True,False,31,22,1,4,0,3,1,8,0.125,
2019,Fairfield,185,False,False,35,25,1,3,0,0,1,4,0.25,
2019,Marshall,186,False,False,29,28,1,10,2,7,3,20,0.15,
2019,San Jose St.,187,False,False,20,34,2,5,3,17,5,27,0.1852,
2019,Murray St.,188,False,False,24,30,1,4,5,5,6,15,0.4,
2019,Binghamton,189,False,False,26,24,0,3,2,3,2,8,0.25,
2019,Penn St.,190,False,False,22,27,4,8,2,13,6,27,0.2222,
2019,Rutgers,191,False,False,20,31,0,12,2,7,2,21,0.0952,
2019,App State,192,False,False,22,31,2,7,5,10,7,24,0.2917,
2019,N.C. A&T,193,False,False,29,24,1,4,3,2,4,10,0.4,
2019,Penn,194,False,False,23,18,2,0,2,1,4,5,0.8,
2019,Seton Hall,195,False,False,25,28,4,8,0,5,4,17,0.2353,
2019,Holy Cross,196,False,False,22,32,0,9,0,6,0,15,0.0,
2019,Pittsburgh,197,False,False,21,34,5,18,2,6,7,31,0.2258,
2019,Stetson,198,False,False,27,32,2,10,2,5,4,19,0.2105,
2019,Belmont,199,False,False,27,30,1,7,1,3,2,12,0.1667,
2019,Oral Roberts,200,False,False,29,26,1,5,1,3,2,10,0.2,
2019,Canisius,201,False,False,24,29,0,8,2,7,2,17,0.1176,
2019,Central Conn. St.,202,True,False,30,21,0,1,3,4,3,8,0.375,
2019,Hofstra,203,False,False,18,31,1,2,1,9,2,13,0.1538,
2019,Saint Louis,204,False,False,25,30,1,4,1,2,2,8,0.25,
2019,CSUN,205,False,False,23,32,0,9,3,10,3,22,0.1364,
2019,Grambling,206,False,False,27,25,0,3,1,2,1,6,0.1667,
2019,Hartford,207,False,False,23,34,1,4,0,3,1,8,0.125,
2019,Western Caro.,208,False,False,21,32,1,8,2,3,3,14,0.2143,
2019,Purdue,209,False,False,20,34,2,17,3,2,5,24,0.2083,
2019,NJIT,210,False,False,17,27,1,2,1,7,2,11,0.1818,
2019,Lamar University,211,False,False,18,36,1,3,3,17,4,24,0.1667,
2019,UAlbany,212,False,False,28,23,0,0,0,1,0,1,0.0,
2019,UMass Lowell,213,False,False,20,36,0,12,1,1,1,14,0.0714,
2019,Lafayette,214,False,False,19,33,0,3,0,3,0,6,0.0,
2019,Cornell,215,False,False,14,24,0,6,1,2,1,9,0.1111,
2019,Charlotte,216,False,False,21,31,0,7,3,9,3,19,0.1579,
2019,Maine,217,False,False,15,34,1,17,0,1,1,19,0.0526,
2019,Jackson St.,218,False,False,31,24,1,4,0,4,1,9,0.1111,
2019,Houston Christian,219,False,False,18,35,0,5,1,6,1,12,0.0833,
2019,George Washington,220,False,False,30,24,1,4,0,4,1,9,0.1111,
2019,Ohio,221,False,False,20,34,0,0,2,9,2,11,0.1818,
2019,UC Riverside,222,False,False,20,36,2,1,6,15,8,24,0.3333,
2019,Western Mich.,223,False,False,18,31,0,4,2,8,2,14,0.1429,
2019,Delaware,224,False,False,21,33,0,4,0,8,0,12,0.0,
2019,Texas Southern,225,False,False,20,34,0,6,1,9,1,16,0.0625,
2019,Saint Joseph's,226,False,False,21,28,0,0,1,7,1,8,0.125,
2019,Tennessee Tech,227,False,False,22,32,0,7,0,6,0,13,0.0,
2019,Middle Tenn.,228,False,False,18,37,0,10,2,8,2,20,0.1,
2019,Washington St.,229,False,False,11,42,0,20,5,16,5,41,0.122,
2019,Florida A&M,230,True,False,27,32,0,3,0,6,0,9,0.0,
2019,Alabama St.,231,False,False,28,26,1,2,0,6,1,9,0.1111,
2019,Butler,232,False,False,26,26,1,5,2,4,3,12,0.25,
2019,NIU,233,False,False,20,36,0,4,0,9,0,13,0.0,
2019,SIUE,234,False,False,19,32,0,6,1,13,1,20,0.05,
2019,Manhattan,235,False,False,26,33,0,4,0,2,0,6,0.0,
2019,Georgia St.,236,False,False,15,41,1,7,2,17,3,27,0.1111,
2019,Brown,237,False,False,12,27,0,7,0,1,0,8,0.0,
2019,Long Beach St.,238,False,False,14,41,1,18,5,8,6,32,0.1875,
2019,Western Ill.,239,False,False,22,31,0,2,0,2,0,4,0.0,
2019,USC Upstate,240,False,False,23,30,0,0,5,7,5,12,0.4167,
2019,Princeton,241,False,False,14,26,0,0,2,5,2,7,0.2857,
2019,North Dakota St.,242,False,False,19,24,0,1,1,4,1,6,0.1667,
2019,UC Davis,243,False,False,19,31,1,12,3,3,4,19,0.2105,
2019,CSU Bakersfield,244,False,False,24,35,1,3,1,16,2,21,0.0952,
2019,Monmouth,245,False,False,27,29,1,5,0,0,1,6,0.1667,
2019,Southeast Mo. St.,246,False,False,23,32,0,3,1,5,1,9,0.1111,
2019,Charleston So.,247,False,False,23,36,1,4,1,7,2,13,0.1538,
2019,Georgetown,248,False,False,22,34,0,11,0,1,0,12,0.0,
2019,Hawaii,249,False,False,20,30,0,3,5,10,5,18,0.2778,
2019,Siena,250,False,False,18,33,0,4,1,3,1,8,0.125,
2019,Toledo,251,False,False,17,36,0,1,5,8,5,14,0.3571,
2019,Wagner,252,False,False,19,32,0,2,1,6,1,9,0.1111,
2019,Sacred Heart,253,False,False,19,34,0,2,1,5,1,8,0.125,
2019,Valparaiso,254,False,False,14,36,1,8,1,7,2,17,0.1176,
2019,VMI,255,False,False,17,41,0,6,1,6,1,13,0.0769,
2019,Towson,256,False,False,14,39,0,3,0,10,0,13,0.0,
2019,La Salle,257,False,False,25,31,0,0,1,6,1,7,0.1429,
2019,LIU,258,False,False,20,33,1,0,1,6,2,8,0.25,
2019,UMBC,259,False,False,22,31,0,3,0,0,0,3,0.0,
2019,Norfolk St.,260,False,False,24,26,0,1,0,3,0,4,0.0,
2019,UNC Asheville,261,False,False,16,36,2,6,0,3,2,11,0.1818,
2019,Dartmouth,262,False,False,15,26,0,0,1,6,1,7,0.1429,
2019,George Mason,263,False,False,19,35,0,1,2,5,2,8,0.25,
2019,Oakland,264,False,False,11,37,0,1,1,13,1,15,0.0667,
2019,Bethune-Cookman,265,False,False,17,38,0,6,4,8,4,18,0.2222,
2019,Coppin St.,266,False,False,24,24,0,0,0,0,0,0,0.0,
2019,The Citadel,267,False,False,12,43,0,9,0,11,0,20,0.0,
2019,Lehigh,268,False,False,21,28,0,3,0,0,0,3,0.0,
2019,N.C. Central,269,False,False,21,28,1,2,0,2,1,5,0.2,
2019,Utah Valley,270,False,False,15,41,1,3,0,13,1,17,0.0588,
2019,Delaware St.,271,False,False,20,25,0,0,0,0,0,0,0.0,
2019,St. Bonaventure,272,False,False,13,32,0,0,0,0,0,0,0.0,
2019,Bowling Green,273,False,False,16,33,0,1,0,11,0,12,0.0,
2019,Youngstown St.,274,False,False,13,41,0,7,1,5,1,13,0.0769,
2019,Northern Ky.,275,False,False,15,42,0,7,0,9,0,16,0.0,
2019,Santa Clara,276,False,False,12,40,1,4,2,9,3,16,0.1875,
2019,Seattle U,277,False,False,13,39,0,2,1,13,1,16,0.0625,
2019,Prairie View,278,False,False,18,35,0,1,0,4,0,5,0.0,
2019,Villanova,279,False,False,13,38,0,6,2,5,2,13,0.1538,
2019,Niagara,280,False,False,15,33,0,1,2,1,2,4,0.5,
2019,Bucknell,281,False,False,14,33,0,3,0,0,0,3,0.0,
2019,Iona,282,False,False,14,38,0,1,0,1,0,2,0.0,
2019,Savannah St.,283,False,False,13,27,0,0,0,1,0,1,0.0,
2019,Alabama A&M,284,False,False,16,35,0,7,1,5,1,13,0.0769,
2019,Rider,285,False,False,17,36,0,0,0,6,0,6,0.0,
2019,Eastern Mich.,286,False,False,11,43,0,4,2,5,2,11,0.1818,
2019,Alcorn,287,False,False,14,31,0,0,0,3,0,3,0.0,
2019,Northern Colo.,288,False,False,12,35,0,0,0,14,0,14,0.0,
2019,Ark.-Pine Bluff,289,False,False,8,42,0,5,0,7,0,12,0.0,
2019,Chicago St.,290,False,False,10,41,0,0,1,5,1,6,0.1667,
2019,Longwood,291,False,False,11,41,0,4,0,4,0,8,0.0,
2019,Mississippi Val.,292,False,False,8,27,0,2,0,3,0,5,0.0,
2019,FDU,293,False,False,15,37,0,0,0,4,0,4,0.0,
2019,Mount St. Mary's,294,False,False,15,35,0,0,1,3,1,4,0.25,
2019,Purdue Fort Wayne,295,False,False,7,45,0,0,0,3,0,3,0.0,
2019,UMES,296,False,False,10,44,0,0,0,0,0,0,0.0,
2019,Saint Peter's,297,False,False,5,46,0,0,0,3,0,3,0.0,
2021,Arkansas,1,True,True,46,10,23,5,4,3,27,35,0.7714,
2021,Texas,2,True,True,42,15,13,9,6,3,19,31,0.6129,
2021,Vanderbilt,3,True,True,40,15,16,11,5,3,21,35,0.6,
2021,TCU,4,True,True,40,17,12,8,17,5,29,42,0.6905,
2021,Arizona,5,True,True,40,15,11,8,6,4,17,29,0.5862,
2021,Tennessee,6,True,True,45,16,19,11,7,4,26,41,0.6341,
2021,Mississippi St.,7,True,True,40,15,13,11,7,0,20,31,0.6452,
2021,Old Dominion,8,True,True,42,14,12,6,10,5,22,33,0.6667,
2021,Fairfield,9,True,False,37,3,0,0,0,0,0,0,0.0,
2021,Notre Dame,10,True,True,30,11,12,4,15,7,27,38,0.7105,
2021,Texas Tech,11,True,True,36,15,15,8,7,7,22,37,0.5946,
2021,Stanford,12,True,True,33,14,15,7,5,3,20,30,0.6667,
2021,East Carolina,13,True,True,41,15,7,3,14,8,21,32,0.6562,
2021,Oregon,14,True,True,37,14,15,8,6,3,21,32,0.6562,
2021,Oklahoma St.,15,True,False,35,17,7,12,10,2,17,31,0.5484,
2021,Ole Miss,16,True,True,41,19,19,13,1,2,20,35,0.5714,
2021,South Carolina,17,True,False,33,21,14,19,5,0,19,38,0.5,
2021,Florida,18,True,True,38,20,10,15,10,3,20,38,0.5263,
2021,UCLA,19,True,False,35,18,14,8,5,2,19,29,0.6552,
2021,Oregon St.,20,True,False,34,22,8,16,6,2,14,32,0.4375,
2021,Wright St.,21,True,False,35,11,0,5,6,5,6,16,0.375,
2021,Duke,22,True,False,32,20,11,13,12,4,23,40,0.575,
2021,UConn,23,True,False,33,17,3,8,9,6,12,26,0.4615,
2021,UC Irvine,24,True,False,40,16,7,7,4,4,11,22,0.5,
2021,Gonzaga,25,True,False,33,17,6,8,5,4,11,23,0.4783,
2021,Miami (FL),26,True,False,32,19,15,9,10,10,25,44,0.5682,
2021,Charlotte,27,True,False,39,19,6,7,6,3,12,22,0.5455,
2021,VCU,28,True,False,37,14,3,4,6,6,9,19,0.4737,
2021,Southern Miss.,29,True,False,37,19,8,10,6,5,14,29,0.4828,
2021,LSU,30,True,False,34,22,7,15,11,4,18,37,0.4865,
2021,Liberty,31,True,False,39,14,5,9,7,0,12,21,0.5714,
2021,Northeastern,32,True,False,36,10,1,2,3,3,4,9,0.4444,
2021,Louisiana Tech,33,True,True,40,18,9,11,5,2,14,27,0.5185,
2021,NC State,34,True,False,30,17,9,6,14,10,23,39,0.5897,
2021,Alabama,35,True,False,31,24,9,19,6,0,15,34,0.4412,
2021,Indiana St.,36,True,False,30,19,6,8,7,6,13,27,0.4815,
2021,Nevada,37,True,False,25,18,5,8,7,6,12,26,0.4615,
2021,Arizona St.,38,True,False,32,20,6,11,11,4,17,32,0.5312,
2021,Ball St.,39,False,False,38,18,6,8,0,0,6,14,0.4286,
2021,Campbell,40,True,False,35,16,4,3,6,3,10,16,0.625,
2021,Nebraska,41,True,False,31,12,2,1,10,3,12,16,0.75,
2021,Virginia,42,True,False,29,23,14,18,6,5,20,43,0.4651,
2021,Central Mich.,43,True,False,40,16,0,2,7,4,7,13,0.5385,
2021,UC Santa Barbara,44,True,False,39,18,4,11,2,0,6,17,0.3529,
2021,Baylor,45,False,False,31,20,6,10,2,5,8,23,0.3478,
2021,DBU,46,True,False,37,15,6,5,5,3,11,19,0.5789,
2021,North Carolina,47,True,False,27,25,11,16,11,7,22,45,0.4889,
2021,Georgia,48,False,False,31,25,10,14,4,5,14,33,0.4242,
2021,Georgia Tech,49,True,False,29,23,10,7,15,11,25,43,0.5814,
2021,USC Upstate,50,False,False,37,16,4,5,0,3,4,12,0.3333,
2021,Florida St.,51,True,False,30,22,13,9,8,7,21,37,0.5676,
2021,Pittsburgh,52,False,False,23,20,15,8,2,11,17,36,0.4722,
2021,UNLV,53,False,False,20,13,2,8,8,3,10,21,0.4762,
2021,South Alabama,54,True,False,33,20,4,4,4,1,8,13,0.6154,
2021,Air Force,55,False,False,26,22,8,11,5,5,13,29,0.4483,
2021,San Diego,56,False,False,33,12,2,3,2,0,4,7,0.5714,
2021,FGCU,57,False,False,28,20,4,6,9,4,13,23,0.5652,
2021,Samford,58,True,False,35,22,1,7,6,8,7,22,0.3182,
2021,Kansas,59,False,False,30,27,5,14,4,5,9,28,0.3214,
2021,Maryland,60,True,False,28,16,2,3,3,4,5,12,0.4167,
2021,Fla. Atlantic,61,False,False,32,25,8,13,4,6,12,31,0.3871,
2021,San Diego St.,62,False,False,30,16,3,7,7,4,10,21,0.4762,
2021,Mercer,63,False,False,35,22,3,9,6,6,9,24,0.375,
2021,Wofford,64,False,False,36,21,1,3,8,7,9,19,0.4737,
2021,Long Beach St.,65,False,False,28,15,2,2,2,2,4,8,0.5,
2021,Clemson,66,False,False,25,27,6,20,11,6,17,43,0.3953,
2021,Oklahoma,67,False,False,27,28,8,17,6,7,14,38,0.3684,
2021,Kentucky,68,False,False,29,23,6,17,6,4,12,33,0.3636,
2021,Virginia Tech,69,False,False,27,25,7,16,8,7,15,38,0.3947,
2021,Iowa,70,False,False,26,18,1,1,11,11,12,24,0.5,
2021,Louisville,71,False,False,28,22,11,15,4,3,15,33,0.4545,
2021,Rhode Island,72,False,False,28,26,4,13,1,2,5,20,0.25,
2021,Southern Ill.,73,False,False,40,20,6,3,5,6,11,20,0.55,
2021,Ga. Southern,74,False,False,34,23,4,7,7,7,11,25,0.44,
2021,Washington St.,75,False,False,26,23,7,15,3,3,10,28,0.3571,
2021,UNCW,76,False,False,32,22,5,7,3,5,8,20,0.4,
2021,Michigan,77,True,False,27,17,2,3,4,3,6,12,0.5,
2021,Tulane,78,False,False,31,24,2,5,1,8,3,16,0.1875,
2021,Monmouth,79,False,False,24,13,0,5,0,0,0,5,0.0,
2021,Southeast Mo. St.,80,True,False,30,20,2,5,2,2,4,11,0.3636,
2021,Cincinnati,81,False,False,29,26,1,11,6,6,7,24,0.2917,
2021,California,82,False,False,29,26,6,11,3,5,9,25,0.36,
2021,Texas A&M,83,False,False,29,27,7,13,7,7,14,34,0.4118,
2021,Western Caro.,84,False,False,28,21,3,5,7,11,10,26,0.3846,
2021,UTSA,85,False,False,22,26,4,17,2,1,6,24,0.25,
2021,Grand Canyon,86,True,False,39,19,1,8,3,1,4,13,0.3077,
2021,Wake Forest,87,False,False,20,27,6,16,9,9,15,40,0.375,
2021,UCF,88,False,False,31,30,6,6,8,12,14,32,0.4375,
2021,Kansas St.,89,False,False,34,23,11,15,2,2,13,30,0.4333,
2021,West Virginia,90,False,False,25,27,5,14,8,8,13,35,0.3714,
2021,Coastal Carolina,91,False,False,27,24,5,7,6,8,11,26,0.4231,
2021,North Dakota St.,92,True,False,41,17,2,1,6,2,8,11,0.7273,
2021,Villanova,93,False,False,21,14,1,2,4,3,5,10,0.5,
2021,Stony Brook,94,False,False,31,18,0,0,3,3,3,6,0.5,
2021,Wichita St.,95,False,False,31,23,3,5,5,9,8,22,0.3636,
2021,Bryant,96,False,False,27,14,1,4,2,3,3,10,0.3,
2021,Ohio St.,97,False,False,22,20,1,6,6,8,7,21,0.3333,
2021,Abilene Christian,98,False,False,36,21,0,3,6,3,6,12,0.5,
2021,Southern California,99,False,False,25,26,4,12,7,6,11,29,0.3793,
2021,UNC Greensboro,100,False,False,27,25,5,12,3,4,8,24,0.3333,
2021,Rider,101,True,False,23,16,1,4,5,4,6,14,0.4286,
2021,California Baptist,102,False,False,40,16,0,0,3,5,3,8,0.375,
2021,Indiana,103,False,False,26,18,2,3,5,9,7,19,0.3684,
2021,Auburn,104,False,False,25,27,7,18,2,4,9,31,0.2903,
2021,UIC,105,False,False,30,18,0,8,1,3,1,12,0.0833,
2021,Jackson St.,106,False,False,34,9,0,5,0,2,0,7,0.0,
2021,Xavier,107,False,False,28,26,4,10,8,6,12,28,0.4286,
2021,South Fla.,108,True,False,28,27,2,8,9,10,11,29,0.3793,
2021,Louisiana,109,False,False,32,23,1,10,7,2,8,20,0.4,
2021,Sam Houston,110,False,False,30,25,1,3,2,5,3,11,0.2727,
2021,Gardner-Webb,111,False,False,29,23,3,10,2,3,5,18,0.2778,
2021,Boston College,112,False,False,21,28,9,14,5,12,14,40,0.35,
2021,NJIT,113,True,False,26,22,0,0,4,2,4,6,0.6667,
2021,Bradley,114,False,False,20,22,3,8,5,6,8,22,0.3636,
2021,Creighton,115,False,False,24,15,0,5,2,2,2,9,0.2222,
2021,Elon,116,False,False,22,22,3,4,4,4,7,15,0.4667,
2021,Canisius,117,False,False,20,16,1,5,1,3,2,10,0.2,
2021,ULM,118,False,False,26,26,5,8,1,3,6,17,0.3529,
2021,San Francisco,119,False,False,25,28,4,12,0,2,4,18,0.2222,
2021,Dayton,120,False,False,24,27,1,6,3,7,4,17,0.2353,
2021,Oral Roberts,121,False,False,31,23,4,4,4,6,8,18,0.4444,
2021,Youngstown St.,122,False,False,32,24,3,7,1,3,4,14,0.2857,
2021,Missouri St.,123,False,False,21,23,1,9,4,3,5,17,0.2941,
2021,CSUN,124,False,False,21,19,5,7,0,0,5,12,0.4167,
2021,North Florida,125,False,False,22,23,3,10,1,7,4,21,0.1905,
2021,Seton Hall,126,False,False,23,25,0,7,5,2,5,14,0.3571,
2021,Southeastern La.,127,False,False,32,24,1,5,0,0,1,6,0.1667,
2021,Rutgers,128,False,False,21,23,5,2,3,6,8,16,0.5,
2021,Murray St.,129,False,False,33,25,1,5,3,5,4,14,0.2857,
2021,Army West Point,130,True,False,28,23,1,1,2,4,3,8,0.375,
2021,Saint Joseph's,131,False,False,21,19,3,5,0,0,3,8,0.375,
2021,Morehead St.,132,False,False,24,23,1,3,3,3,4,10,0.4,
2021,Central Conn. St.,133,True,False,28,13,0,1,2,1,2,4,0.5,
2021,Pepperdine,134,False,False,20,25,1,9,6,5,7,21,0.3333,
2021,Jacksonville St.,135,False,False,26,27,3,6,2,8,5,19,0.2632,
2021,Missouri,136,False,False,15,36,4,21,2,8,6,35,0.1714,
2021,Troy,137,False,False,27,26,1,7,6,8,7,22,0.3182,
2021,Sacramento St.,138,False,False,35,22,3,3,4,3,7,13,0.5385,
2021,McNeese,139,True,False,32,28,0,7,4,7,4,18,0.2222,
2021,Kennesaw St.,140,False,False,29,22,1,7,4,10,5,22,0.2273,
2021,Niagara,141,False,False,17,17,0,4,1,5,1,10,0.1,
2021,Stetson,142,False,False,26,23,4,7,5,8,9,24,0.375,
2021,UT Arlington,143,False,False,27,30,1,7,5,11,6,24,0.25,
2021,Kent St.,144,False,False,30,26,4,9,1,1,5,15,0.3333,
2021,Illinois,145,False,False,22,22,2,1,8,14,10,25,0.4,
2021,Cal Poly,146,False,False,31,25,6,9,6,5,12,26,0.4615,
2021,Penn,147,False,False,6,8,0,0,0,1,0,1,0.0,
2021,George Washington,148,False,False,26,18,3,2,0,5,3,10,0.3,
2021,UC San Diego,149,False,False,24,28,2,6,2,10,4,20,0.2,
2021,Tennessee Tech,150,False,False,22,25,0,4,2,6,2,12,0.1667,
2021,Western Ky.,151,False,False,27,29,3,14,3,5,6,25,0.24,
2021,New Orleans,152,False,False,29,28,0,3,0,3,0,6,0.0,
2021,Davidson,153,False,False,27,24,2,9,1,2,3,14,0.2143,
2021,FIU,154,False,False,20,31,2,13,6,9,8,30,0.2667,
2021,BYU,155,False,False,23,27,3,10,1,0,4,14,0.2857,
2021,UTRGV,156,False,False,32,26,1,4,4,4,5,13,0.3846,
2021,Presbyterian,157,True,False,22,21,2,4,2,6,4,14,0.2857,
2021,Hawaii,158,False,False,24,26,1,6,4,8,5,19,0.2632,
2021,Fresno St.,159,False,False,20,25,3,11,5,9,8,28,0.2857,
2021,Northwestern St.,160,False,False,27,26,2,2,5,8,7,17,0.4118,
2021,Eastern Ill.,161,False,False,25,23,0,1,4,6,4,11,0.3636,
2021,ETSU,162,False,False,24,25,2,7,3,4,5,16,0.3125,
2021,Penn St.,162,False,False,18,24,1,2,4,12,5,19,0.2632,
2021,Cal St. Fullerton,164,False,False,20,35,1,13,7,7,8,28,0.2857,
2021,Illinois St.,165,False,False,23,34,3,12,3,8,6,26,0.2308,
2021,UAlbany,166,False,False,22,25,0,1,5,5,5,11,0.4545,
2021,Toledo,167,False,False,23,33,3,14,0,4,3,21,0.1429,
2021,Evansville,168,False,False,28,27,2,7,7,8,9,24,0.375,
2021,Radford,169,False,False,23,23,0,5,3,7,3,15,0.2,
2021,Col. of Charleston,170,False,False,27,25,2,4,2,12,4,20,0.2,
2021,Binghamton,171,False,False,16,20,0,0,3,5,3,8,0.375,
2021,Northwestern,172,False,False,15,21,0,6,4,6,4,16,0.25,
2021,Georgia St.,173,False,False,18,37,2,17,4,8,6,31,0.1935,
2021,App State,174,False,False,21,31,1,12,2,6,3,21,0.1429,
2021,Sacred Heart,175,False,False,23,25,0,1,2,5,2,8,0.25,
2021,Little Rock,176,False,False,21,30,2,6,7,9,9,24,0.375,
2021,Marist,177,False,False,18,11,0,0,4,5,4,9,0.4444,
2021,Washington,178,False,False,20,30,3,17,1,2,4,23,0.1739,
2021,Western Mich.,179,False,False,24,26,1,3,3,7,4,14,0.2857,
2021,Rice,180,False,False,23,29,4,8,3,9,7,24,0.2917,
2021,Portland,181,False,False,24,26,5,11,1,3,6,20,0.3,
2021,CSU Bakersfield,182,False,False,20,23,2,10,0,0,2,12,0.1667,
2021,VMI,183,False,False,18,29,0,9,4,8,4,21,0.1905,
2021,SFA,184,False,False,20,31,0,4,2,3,2,9,0.2222,
2021,Lamar University,185,False,False,25,23,0,0,0,5,0,5,0.0,
2021,Arkansas St.,186,False,False,19,30,1,6,3,7,4,17,0.2353,
2021,Hofstra,187,False,False,17,22,0,5,3,7,3,15,0.2,
2021,LMU (CA),188,False,False,20,29,2,8,5,11,7,26,0.2692,
2021,A&M-Corpus Christi,189,False,False,25,29,0,4,4,5,4,13,0.3077,
2021,St. John's (NY),190,False,False,19,21,1,3,1,6,2,11,0.1818,
2021,N.C. Central,191,False,False,27,20,0,2,0,0,0,2,0.0,
2021,William & Mary,192,False,False,14,29,0,10,1,7,1,18,0.0556,
2021,UMass Lowell,193,False,False,19,28,1,5,0,0,1,6,0.1667,
2021,Ohio,194,False,False,28,25,0,0,4,5,4,9,0.4444,
2021,UT Martin,194,False,False,19,29,2,7,1,5,3,15,0.2,
2021,Saint Mary's (CA),196,False,False,25,26,1,2,7,9,8,19,0.4211,
2021,Eastern Ky.,197,False,False,21,32,1,8,3,7,4,19,0.2105,
2021,New Mexico,198,False,False,16,25,0,13,8,5,8,26,0.3077,
2021,Massachusetts,199,False,False,13,30,1,10,2,10,3,23,0.1304,
2021,Austin Peay,200,False,False,23,33,0,7,3,4,3,14,0.2143,
2021,Quinnipiac,201,False,False,7,21,0,4,2,6,2,12,0.1667,
2021,Central Ark.,202,False,False,23,28,0,2,1,2,1,5,0.2,
2021,Santa Clara,203,False,False,18,33,3,9,2,6,5,20,0.25,
2021,Maine,204,False,False,22,22,0,0,4,4,4,8,0.5,
2021,Miami (OH),205,False,False,25,31,0,10,0,3,0,13,0.0,
2021,Utah,206,False,False,17,33,2,16,2,4,4,24,0.1667,
2021,Hartford,207,False,False,18,20,0,0,0,4,0,4,0.0,
2021,UC Riverside,208,False,False,15,36,2,9,4,10,6,25,0.24,
2021,Omaha,209,False,False,22,25,1,1,2,9,3,13,0.2308,
2021,Utah Tech,210,False,False,24,32,1,5,0,14,1,20,0.05,
2021,Merrimack,211,False,False,19,22,0,1,2,6,2,9,0.2222,
2021,Jacksonville,212,True,False,16,32,6,8,6,7,12,27,0.4444,
2021,Lehigh,213,False,False,24,19,0,0,2,0,2,2,1.0,
2021,LIU,214,False,False,20,15,0,0,1,3,1,4,0.25,
2021,SIUE,215,False,False,23,27,0,0,4,6,4,10,0.4,
2021,Michigan St.,216,False,False,17,27,0,0,9,9,9,18,0.5,
2021,Valparaiso,217,False,False,16,35,0,12,5,11,5,28,0.1786,
2021,Fordham,218,False,False,24,19,0,0,4,4,4,8,0.5,
2021,Pacific,219,False,False,17,34,1,10,2,3,3,16,0.1875,
2021,Saint Louis,220,False,False,17,31,0,4,4,8,4,16,0.25,
2021,Towson,221,False,False,21,36,1,10,1,6,2,18,0.1111,
2021,Florida A&M,222,False,False,22,34,0,5,2,9,2,16,0.125,
2021,Belmont,223,False,False,22,30,0,5,1,5,1,11,0.0909,
2021,Purdue,224,False,False,16,26,1,6,3,10,4,20,0.2,
2021,Eastern Mich.,225,False,False,21,30,0,7,2,2,2,11,0.1818,
2021,Delaware,226,False,False,12,22,0,4,2,3,2,9,0.2222,
2021,Seattle U,227,False,False,18,33,3,5,0,4,3,12,0.25,
2021,La Salle,228,False,False,32,21,0,0,2,6,2,8,0.25,
2021,Iona,229,False,False,3,11,0,4,0,0,0,4,0.0,
2021,New Mexico St.,230,False,False,20,34,0,6,1,6,1,13,0.0769,
2021,Texas St.,231,False,False,21,36,1,6,5,6,6,18,0.3333,
2021,Memphis,232,False,False,18,39,1,13,3,10,4,27,0.1481,
2021,Bowling Green,233,False,False,20,30,1,3,1,3,2,8,0.25,
2021,Middle Tenn.,234,False,False,24,29,3,6,1,8,4,18,0.2222,
2021,UIW,235,False,False,21,28,0,2,1,4,1,7,0.1429,
2021,Houston,236,False,False,19,34,1,5,1,13,2,20,0.1,
2021,Tarleton St.,237,False,False,20,35,1,4,0,7,1,12,0.0833,
2021,Richmond,238,False,False,19,17,0,2,0,1,0,3,0.0,
2021,Nicholls,239,False,False,21,34,0,2,4,7,4,13,0.3077,
2021,James Madison,240,False,False,11,17,0,5,0,3,0,8,0.0,
2021,Winthrop,241,False,False,19,27,0,6,2,7,2,15,0.1333,
2021,Milwaukee,242,False,False,22,33,1,8,3,5,4,17,0.2353,
2021,Manhattan,243,False,False,12,24,0,6,0,8,0,14,0.0,
2021,Alabama St.,244,False,False,23,19,1,0,1,5,2,7,0.2857,
2021,South Dakota St.,245,False,False,15,32,0,0,2,11,2,13,0.1538,
2021,High Point,246,False,False,14,31,1,6,1,4,2,12,0.1667,
2021,UNC Asheville,247,False,False,15,33,0,4,3,13,3,20,0.15,
2021,Lafayette,248,False,False,14,17,0,0,2,6,2,8,0.25,
2021,Charleston So.,249,False,False,18,26,1,3,4,2,5,10,0.5,
2021,Northern Ky.,250,False,False,17,31,0,8,1,2,1,11,0.0909,
2021,Bucknell,251,False,False,11,22,0,3,0,1,0,4,0.0,
2021,Navy,252,False,False,17,15,0,0,2,1,2,3,0.6667,
2021,N.C. A&T,253,False,False,22,32,0,6,0,1,0,7,0.0,
2021,Marshall,254,False,False,10,35,4,18,0,3,4,25,0.16,
2021,UMBC,255,False,False,17,26,0,0,0,8,0,8,0.0,
2021,Houston Christian,256,False,False,14,38,0,3,4,7,4,14,0.2857,
2021,UAB,257,False,False,18,36,1,12,3,6,4,22,0.1818,
2021,NIU,258,False,False,16,38,0,6,0,6,0,12,0.0,
2021,Norfolk St.,259,True,False,25,26,0,4,0,0,0,4,0.0,
2021,Western Ill.,260,False,False,11,29,1,3,1,7,2,12,0.1667,
2021,Siena,261,False,False,15,24,1,3,1,6,2,11,0.1818,
2021,Butler,262,False,False,14,23,0,3,2,7,2,12,0.1667,
2021,Lipscomb,263,False,False,18,29,1,8,0,0,1,9,0.1111,
2021,Oakland,264,False,False,18,29,0,4,2,6,2,12,0.1667,
2021,George Mason,265,False,False,14,29,0,4,1,3,1,8,0.125,
2021,Southern U.,266,True,False,20,28,0,7,0,4,0,11,0.0,
2021,The Citadel,267,False,False,12,39,1,12,1,7,2,21,0.0952,
2021,San Jose St.,268,False,False,6,30,0,13,1,7,1,21,0.0476,
2021,Holy Cross,269,False,False,10,20,0,0,0,4,0,4,0.0,
2021,Prairie View,270,False,False,14,18,0,2,0,1,0,3,0.0,
2021,Wagner,271,False,False,11,25,0,0,1,2,1,3,0.3333,
2021,Akron,272,False,False,15,36,0,0,0,9,0,9,0.0,
2021,Purdue Fort Wayne,273,False,False,11,35,0,4,2,10,2,16,0.125,
2021,UC Davis,274,False,False,14,43,0,12,1,3,1,16,0.0625,
2021,Georgetown,275,False,False,6,25,0,4,1,11,1,16,0.0625,
2021,St. Bonaventure,276,False,False,7,24,0,0,1,6,1,7,0.1429,
2021,Longwood,277,False,False,17,32,0,3,0,3,0,6,0.0,
2021,Bellarmine,278,False,False,13,36,0,11,1,3,1,15,0.0667,
2021,Ark.-Pine Bluff,279,False,False,8,30,0,7,0,5,0,12,0.0,
2021,Northern Colo.,280,False,False,11,36,0,0,1,9,1,10,0.1,
2021,Minnesota,281,False,False,6,31,0,10,0,3,0,13,0.0,
2021,Saint Peter's,282,False,False,4,24,0,2,0,6,0,8,0.0,
2021,Grambling,283,False,False,17,27,0,2,1,1,1,4,0.25,
2021,Delaware St.,284,False,False,15,28,0,0,0,0,0,0,0.0,
2021,North Ala.,285,False,False,7,40,0,7,0,7,0,14,0.0,
2021,Utah Valley,286,False,False,10,47,0,0,0,5,0,5,0.0,
2021,FDU,287,False,False,9,28,0,0,1,5,1,6,0.1667,
2021,Texas Southern,288,False,False,12,35,0,8,0,5,0,13,0.0,
2021,Alcorn,289,False,False,7,20,0,2,0,3,0,5,0.0,
2021,Alabama A&M,290,False,False,9,20,0,0,0,5,0,5,0.0,
2021,Mount St. Mary's,291,False,False,9,28,0,0,0,4,0,4,0.0,
2021,Coppin St.,292,False,False,10,29,0,0,0,0,0,0,0.0,
2021,Mississippi Val.,293,False,False,0,20,0,0,0,6,0,6,0.0,
2022,Tennessee,1,True,True,53,7,21,5,15,1,36,42,0.8571,
2022,Oregon St.,2,True,True,44,15,13,8,17,5,30,43,0.6977,
2022,Stanford,3,True,True,41,14,10,9,11,2,21,32,0.6562,
2022,North Carolina,4,True,True,38,19,19,16,7,2,26,44,0.5909,
2022,Virginia Tech,5,True,True,41,12,12,8,8,3,20,31,0.6452,
2022,Maryland,6,True,True,45,12,8,5,8,2,16,23,0.6957,
2022,Ga. Southern,7,True,True,40,18,10,12,7,3,17,32,0.5312,
2022,Wake Forest,8,True,False,40,17,12,13,7,3,19,35,0.5429,
2022,East Carolina,9,True,True,42,18,4,7,12,5,16,28,0.5714,
2022,Vanderbilt,10,True,False,36,21,13,20,10,1,23,44,0.5227,
2022,Auburn,11,True,True,37,19,9,8,13,9,22,39,0.5641,
2022,Louisville,12,True,True,38,18,11,12,14,3,25,40,0.625,
2022,Miami (FL),13,True,True,39,18,14,12,7,2,21,35,0.6,
2022,DBU,14,True,False,34,22,11,6,7,11,18,35,0.5143,
2022,Georgia,15,True,False,35,21,17,16,4,4,21,41,0.5122,
2022,Notre Dame,16,True,False,35,14,11,7,7,4,18,29,0.6207,
2022,Oklahoma St.,17,True,True,39,20,12,10,14,8,26,44,0.5909,
2022,Georgia Tech,18,True,False,34,22,19,16,2,2,21,39,0.5385,
2022,Southern Miss.,19,True,True,43,16,7,4,14,10,21,35,0.6,
2022,Florida,20,True,True,39,22,12,16,12,5,24,45,0.5333,
2022,Texas St.,21,True,False,45,12,6,7,12,3,18,28,0.6429,
2022,Texas,22,True,True,42,19,12,15,8,3,20,38,0.5263,
2022,Texas A&M,23,True,True,37,18,14,9,9,6,23,38,0.6053,
2022,Oklahoma,24,True,False,37,20,13,11,6,2,19,32,0.5938,
2022,Virginia,25,True,False,38,17,10,14,6,3,16,33,0.4848,
2022,Oregon,26,True,False,35,23,5,13,15,7,20,40,0.5,
2022,LSU,27,True,False,38,20,12,13,8,7,20,40,0.5,
2022,Coastal Carolina,28,True,False,36,18,6,7,18,5,24,36,0.6667,
2022,Gonzaga,29,True,False,36,17,7,9,6,3,13,25,0.52,
2022,Florida St.,30,True,False,33,23,12,16,6,3,18,37,0.4865,
2022,Wofford,31,False,False,42,16,6,6,5,1,11,18,0.6111,
2022,Liberty,32,True,False,37,21,6,10,7,6,13,29,0.4483,
2022,Arkansas,33,True,False,38,18,11,12,6,2,17,31,0.5484,
2022,Clemson,34,False,False,35,23,12,18,5,3,17,38,0.4474,
2022,NC State,35,False,False,36,21,13,16,3,2,16,34,0.4706,
2022,TCU,36,True,False,36,20,5,14,8,5,13,32,0.4062,
2022,Ole Miss,37,True,False,32,22,11,13,7,6,18,37,0.4865,
2022,UC Santa Barbara,38,True,False,43,12,2,3,8,4,10,17,0.5882,
2022,Arizona,39,True,False,37,23,10,8,12,12,22,42,0.5238,
2022,Rutgers,40,False,False,44,15,3,5,10,5,13,23,0.5652,
2022,Grand Canyon,41,True,False,41,19,4,2,8,5,12,19,0.6316,
2022,West Virginia,42,False,False,33,22,7,14,6,3,13,30,0.4333,
2022,Texas Tech,43,True,False,37,20,9,13,5,2,14,29,0.4828,
2022,UTSA,44,False,False,38,20,10,9,4,5,14,28,0.5,
2022,UConn,45,True,False,46,13,1,0,10,4,11,15,0.7333,
2022,Louisiana Tech,46,True,False,42,19,10,6,5,5,15,26,0.5769,
2022,Kennesaw St.,47,True,False,35,26,5,8,8,10,13,31,0.4194,
2022,Old Dominion,48,False,False,41,17,9,4,7,7,16,27,0.5926,
2022,San Diego,49,True,False,36,18,9,6,7,5,16,27,0.5926,
2022,UCLA,50,True,False,38,22,12,5,11,9,23,37,0.6216,
2022,Alabama,51,False,False,31,27,11,20,8,4,19,43,0.4419,
2022,Louisiana,52,True,False,36,21,6,10,9,5,15,30,0.5,
2022,Columbia,53,True,False,30,16,4,3,3,6,7,16,0.4375,
2022,Campbell,54,True,False,40,17,2,7,7,3,9,19,0.4737,
2022,Missouri,55,False,False,28,23,3,16,8,5,11,32,0.3438,
2022,Kentucky,56,False,False,33,26,14,19,3,4,17,40,0.425,
2022,Mercer,57,False,False,40,18,2,3,6,4,8,15,0.5333,
2022,VCU,58,True,False,40,18,3,7,4,4,7,18,0.3889,
2022,Penn,59,False,False,33,15,7,6,3,3,10,19,0.5263,
2022,Belmont,60,False,False,39,20,0,4,5,7,5,16,0.3125,
2022,Iowa,60,False,False,36,19,4,3,8,7,12,22,0.5455,
2022,Southeast Mo. St.,62,True,False,37,20,5,7,3,7,8,22,0.3636,
2022,Col. of Charleston,63,False,False,37,20,4,5,4,6,8,19,0.4211,
2022,Xavier,64,False,False,33,27,4,13,7,4,11,28,0.3929,
2022,Washington St.,65,False,False,27,26,7,11,3,8,10,29,0.3448,
2022,Middle Tenn.,66,False,False,29,26,4,11,8,9,12,32,0.375,
2022,Pittsburgh,67,False,False,29,27,9,17,6,1,15,33,0.4545,
2022,Davidson,68,False,False,43,13,2,1,2,5,4,10,0.4,
2022,Michigan,69,True,False,32,26,4,11,6,6,10,27,0.3704,
2022,South Alabama,70,False,False,31,23,4,13,6,7,10,30,0.3333,
2022,Southern Ill.,71,False,False,44,16,4,1,10,4,14,19,0.7368,
2022,South Carolina,72,False,False,27,28,9,19,7,4,16,39,0.4103,
2022,Central Mich.,73,True,False,42,17,3,11,0,0,3,14,0.2143,
2022,Ball St.,74,False,False,40,19,1,5,5,5,6,16,0.375,
2022,Illinois,75,False,False,31,22,5,7,2,6,7,20,0.35,
2022,Charlotte,76,False,False,36,22,6,13,7,5,13,31,0.4194,
2022,FGCU,77,False,False,35,23,3,7,4,8,7,22,0.3182,
2022,Houston,78,False,False,37,24,2,7,4,4,6,17,0.3529,
2022,Nevada,79,False,False,29,26,4,8,4,6,8,22,0.3636,
2022,California,80,False,False,29,27,7,13,6,7,13,33,0.3939,
2022,Baylor,81,False,False,26,28,4,18,6,8,10,36,0.2778,
2022,William & Mary,82,False,False,26,23,2,9,3,7,5,21,0.2381,
2022,Tulane,83,False,False,33,26,4,7,5,5,9,21,0.4286,
2022,UC Irvine,84,False,False,32,24,3,5,11,9,14,28,0.5,
2022,Evansville,85,False,False,32,24,2,8,10,8,12,28,0.4286,
2022,UCF,86,False,False,35,25,3,6,5,5,8,19,0.4211,
2022,UAB,87,False,False,31,25,4,6,10,12,14,32,0.4375,
2022,UNCW,88,False,False,31,24,1,6,14,11,15,32,0.4688,
2022,Georgia St.,89,False,False,30,27,6,14,4,8,10,32,0.3125,
2022,Washington,90,False,False,30,26,2,10,15,10,17,37,0.4595,
2022,Portland,91,False,False,32,23,1,7,8,5,9,21,0.4286,
2022,CSUN,92,False,False,32,22,3,5,3,11,6,22,0.2727,
2022,Fla. Atlantic,93,False,False,35,23,4,10,4,5,8,23,0.3478,
2022,BYU,94,False,False,33,21,2,4,10,5,12,21,0.5714,
2022,Cal Poly,95,False,False,37,21,0,1,7,9,7,17,0.4118,
2022,Creighton,96,False,False,31,18,2,5,1,8,3,16,0.1875,
2022,Oral Roberts,97,True,False,38,18,4,7,2,0,6,13,0.4615,
2022,Duke,98,False,False,22,32,9,22,4,6,13,41,0.3171,
2022,Troy,99,False,False,32,24,2,10,9,7,11,28,0.3929,
2022,Arizona St.,100,False,False,26,32,5,19,2,4,7,30,0.2333,
2022,Utah,101,False,False,26,27,3,9,8,12,11,32,0.3438,
2022,Kansas St.,102,False,False,29,29,6,19,0,1,6,26,0.2308,
2022,UNC Greensboro,103,True,False,34,28,5,10,4,7,9,26,0.3462,
2022,Southeastern La.,104,True,False,30,29,1,7,3,2,4,13,0.3077,
2022,Missouri St.,105,True,False,30,27,1,6,8,9,9,24,0.375,
2022,Mississippi St.,106,False,False,26,30,8,23,3,3,11,37,0.2973,
2022,Sam Houston,107,False,False,31,25,2,5,3,7,5,17,0.2941,
2022,Air Force,108,True,False,30,27,1,4,2,7,3,14,0.2143,
2022,North Dakota St.,109,False,False,31,19,0,3,4,4,4,11,0.3636,
2022,Indiana St.,110,False,False,26,22,2,7,5,2,7,16,0.4375,
2022,California Baptist,111,False,False,36,20,1,4,2,8,3,15,0.2,
2022,Southern California,112,False,False,25,28,5,11,4,6,9,26,0.3462,
2022,Eastern Ill.,113,False,False,33,20,1,3,2,1,3,7,0.4286,
2022,James Madison,114,False,False,27,26,1,11,0,3,1,15,0.0667,
2022,Indiana,115,False,False,27,32,3,15,9,9,12,36,0.3333,
2022,UNLV,116,False,False,36,22,2,0,2,5,4,9,0.4444,
2022,Bryant,117,False,False,30,27,3,7,0,3,3,13,0.2308,
2022,Hawaii,118,False,False,28,24,1,6,6,7,7,20,0.35,
2022,Jacksonville,119,False,False,27,28,3,8,4,6,7,21,0.3333,
2022,USC Upstate,120,False,False,35,22,1,8,3,6,4,18,0.2222,
2022,Lamar University,121,False,False,37,21,1,2,3,5,4,11,0.3636,
2022,App State,122,False,False,20,33,3,16,4,8,7,31,0.2258,
2022,Ohio,123,False,False,29,24,3,7,3,5,6,18,0.3333,
2022,New Orleans,124,False,False,30,23,3,4,0,7,3,14,0.2143,
2022,Eastern Ky.,125,False,False,38,20,1,6,1,0,2,8,0.25,
2022,Yale,126,False,False,20,18,1,6,4,6,5,17,0.2941,
2022,Ohio St.,127,False,False,21,30,2,9,1,11,3,23,0.1304,
2022,Long Beach St.,128,False,False,29,27,2,8,7,5,9,22,0.4091,
2022,Hofstra,129,True,False,30,21,0,1,6,4,6,11,0.5455,
2022,UTRGV,130,False,False,33,25,1,3,5,4,6,13,0.4615,
2022,ETSU,131,False,False,30,21,0,5,1,5,1,11,0.0909,
2022,Santa Clara,132,False,False,24,29,2,12,3,6,5,23,0.2174,
2022,Northeastern,133,False,False,31,29,5,5,6,6,11,22,0.5,
2022,Pepperdine,134,False,False,24,26,2,3,4,10,6,19,0.3158,
2022,Boston College,135,False,False,19,34,5,23,2,4,7,34,0.2059,
2022,Samford,136,False,False,28,29,1,6,7,4,8,18,0.4444,
2022,Wright St.,137,True,False,30,25,1,9,1,2,2,13,0.1538,
2022,Tennessee Tech,138,False,False,30,27,3,6,7,7,10,23,0.4348,
2022,Cincinnati,139,False,False,24,31,1,10,7,10,8,28,0.2857,
2022,Georgetown,140,False,False,32,24,0,7,5,6,5,18,0.2778,
2022,Dartmouth,141,False,False,24,19,2,4,4,2,6,12,0.5,
2022,Purdue,142,False,False,29,21,1,8,3,5,4,17,0.2353,
2022,LIU,143,True,False,37,19,0,0,4,7,4,11,0.3636,
2022,Stetson,144,False,False,26,29,5,7,4,12,9,28,0.3214,
2022,Fairfield,145,False,False,31,21,0,3,1,2,1,6,0.1667,
2022,Harvard,146,False,False,19,22,2,7,4,6,6,19,0.3158,
2022,Wichita St.,147,False,False,21,36,3,11,4,6,7,24,0.2917,
2022,Army West Point,148,True,False,31,23,0,7,1,3,1,11,0.0909,
2022,SIUE,149,False,False,27,28,1,9,2,8,3,20,0.15,
2022,Lipscomb,150,False,False,35,23,4,7,2,6,6,19,0.3158,
2022,Elon,151,False,False,27,28,0,6,4,10,4,20,0.2,
2022,Morehead St.,152,False,False,27,27,1,8,3,7,4,19,0.2105,
2022,Bradley,153,False,False,20,29,3,8,1,7,4,19,0.2105,
2022,Northwestern,154,False,False,24,27,3,6,3,8,6,20,0.3,
2022,Penn St.,154,False,False,26,29,2,6,4,9,6,21,0.2857,
2022,San Francisco,156,False,False,28,29,1,7,8,9,9,25,0.36,
2022,Marist,157,False,False,29,17,1,3,0,1,1,5,0.2,
2022,Maine,158,False,False,27,22,0,3,1,0,1,4,0.25,
2022,Kansas,159,False,False,20,35,0,10,10,18,10,38,0.2632,
2022,Toledo,160,False,False,33,25,2,6,4,6,6,18,0.3333,
2022,Central Conn. St.,161,False,False,29,18,0,1,0,6,0,7,0.0,
2022,South Fla.,162,False,False,28,29,1,5,4,8,5,18,0.2778,
2022,McNeese,163,False,False,34,23,0,1,2,7,2,10,0.2,
2022,Abilene Christian,164,False,False,30,29,4,1,4,7,8,16,0.5,
2022,Stony Brook,165,False,False,27,25,0,3,0,0,0,3,0.0,
2022,Nicholls,166,False,False,26,25,0,2,6,4,6,12,0.5,
2022,North Florida,167,False,False,22,33,0,9,6,10,6,25,0.24,
2022,Nebraska,168,False,False,23,30,1,5,7,14,8,27,0.2963,
2022,Saint Joseph's,169,False,False,29,25,1,4,0,5,1,10,0.1,
2022,Alabama St.,170,True,False,34,23,0,4,1,3,1,8,0.125,
2022,Michigan St.,171,False,False,24,30,2,5,6,12,8,25,0.32,
2022,Utah Tech,172,False,False,22,33,0,4,4,15,4,23,0.1739,
2022,San Jose St.,173,False,False,30,29,0,0,4,14,4,18,0.2222,
2022,Jacksonville St.,174,False,False,27,28,2,5,0,12,2,19,0.1053,
2022,Delaware,175,False,False,25,26,2,4,3,7,5,16,0.3125,
2022,Rider,176,False,False,28,26,1,3,1,3,2,8,0.25,
2022,Houston Christian,177,False,False,18,36,0,5,1,12,1,18,0.0556,
2022,Canisius,178,True,False,29,23,0,4,2,4,2,10,0.2,
2022,Villanova,179,False,False,19,29,2,6,0,8,2,16,0.125,
2022,George Mason,180,False,False,23,33,2,8,1,6,3,17,0.1765,
2022,Dayton,181,False,False,23,27,2,5,3,7,5,17,0.2941,
2022,Little Rock,182,False,False,24,27,2,12,4,6,6,24,0.25,
2022,UIW,183,False,False,21,31,1,6,3,7,4,17,0.2353,
2022,A&M-Corpus Christi,184,False,False,27,28,0,4,4,6,4,14,0.2857,
2022,Sacramento St.,185,False,False,32,26,1,2,4,4,5,11,0.4545,
2022,Florida A&M,186,False,False,29,30,0,4,2,5,2,11,0.1818,
2022,UMass Lowell,187,False,False,28,30,1,3,3,5,4,12,0.3333,
2022,Illinois St.,188,False,False,20,31,4,4,4,11,8,23,0.3478,
2022,NJIT,189,False,False,26,27,0,6,0,0,0,6,0.0,
2022,Western Caro.,190,False,False,26,31,2,5,5,4,7,16,0.4375,
2022,High Point,191,False,False,23,33,1,7,6,10,7,24,0.2917,
2022,New Mexico,192,False,False,21,33,0,7,6,9,6,22,0.2727,
2022,ULM,193,False,False,20,35,2,14,2,5,4,23,0.1739,
2022,UIC,194,False,False,22,25,0,4,3,2,3,9,0.3333,
2022,Fresno St.,195,False,False,27,28,0,1,4,4,4,9,0.4444,
2022,Kent St.,196,False,False,24,29,1,6,4,10,5,21,0.2381,
2022,LMU (CA),197,False,False,20,34,2,7,4,8,6,21,0.2857,
2022,Cal St. Fullerton,198,False,False,22,33,2,12,4,6,6,24,0.25,
2022,Seton Hall,199,False,False,18,35,1,9,4,14,5,28,0.1786,
2022,Marshall,200,False,False,20,34,1,7,5,11,6,24,0.25,
2022,Saint Mary's (CA),201,False,False,25,30,3,8,2,7,5,20,0.25,
2022,Utah Valley,202,False,False,18,37,1,9,4,8,5,22,0.2273,
2022,UC San Diego,203,False,False,24,32,1,7,5,10,6,23,0.2609,
2022,Memphis,204,False,False,26,29,0,4,4,7,4,15,0.2667,
2022,Massachusetts,205,False,False,22,26,0,4,0,4,0,8,0.0,
2022,Manhattan,206,False,False,24,26,0,2,1,2,1,5,0.2,
2022,Rhode Island,207,False,False,20,35,1,14,1,5,2,21,0.0952,
2022,Monmouth,208,False,False,24,27,1,6,0,0,1,7,0.1429,
2022,Central Ark.,209,False,False,24,29,0,7,2,2,2,11,0.1818,
2022,Oakland,210,False,False,31,27,2,1,0,1,2,4,0.5,
2022,Murray St.,211,False,False,30,25,1,8,4,4,5,17,0.2941,
2022,South Dakota St.,212,False,False,22,23,0,0,0,4,0,4,0.0,
2022,Rice,213,False,False,17,39,0,10,3,14,3,27,0.1111,
2022,Northwestern St.,214,False,False,25,29,1,5,2,4,3,12,0.25,
2022,UNC Asheville,215,False,False,21,29,0,8,1,6,1,15,0.0667,
2022,Southern U.,216,False,False,27,31,1,7,0,5,1,13,0.0769,
2022,Valparaiso,217,False,False,16,32,1,10,1,2,2,14,0.1429,
2022,Presbyterian,218,False,False,22,32,2,7,1,5,3,15,0.2,
2022,Bethune-Cookman,219,False,False,27,32,0,7,0,2,0,9,0.0,
2022,Omaha,220,False,False,26,31,1,1,5,8,6,15,0.4,
2022,Binghamton,221,True,False,22,28,1,5,1,3,2,10,0.2,
2022,Youngstown St.,222,False,False,21,36,1,7,3,7,4,18,0.2222,
2022,San Diego St.,223,False,False,18,38,0,4,5,9,5,18,0.2778,
2022,Saint Louis,224,False,False,29,24,0,2,1,6,1,9,0.1111,
2022,New Mexico St.,225,True,False,24,32,1,3,0,7,1,11,0.0909,
2022,Western Ky.,226,False,False,18,36,2,12,4,14,6,32,0.1875,
2022,St. John's (NY),227,False,False,22,32,0,10,3,3,3,16,0.1875,
2022,Longwood,228,False,False,20,33,1,8,0,4,1,13,0.0769,
2022,FIU,229,False,False,16,34,0,11,5,12,5,28,0.1786,
2022,Seattle U,230,False,False,16,34,0,8,0,7,0,15,0.0,
2022,VMI,231,False,False,16,40,2,7,1,14,3,24,0.125,
2022,Gardner-Webb,232,False,False,24,36,0,9,0,8,0,17,0.0,
2022,Miami (OH),233,False,False,23,33,0,6,0,10,0,16,0.0,
2022,Charleston So.,234,False,False,24,30,0,7,1,6,1,14,0.0714,
2022,UAlbany,235,False,False,22,25,0,3,0,0,0,3,0.0,
2022,Richmond,236,False,False,30,26,0,4,3,5,3,12,0.25,
2022,The Citadel,237,False,False,26,31,0,8,3,6,3,17,0.1765,
2022,Bucknell,238,False,False,22,26,0,2,1,4,1,7,0.1429,
2022,Cornell,239,False,False,11,25,0,7,0,3,0,10,0.0,
2022,George Washington,240,False,False,22,30,0,7,0,6,0,13,0.0,
2022,Butler,241,False,False,20,35,0,4,1,11,1,16,0.0625,
2022,Lehigh,242,False,False,26,24,1,3,0,0,1,4,0.25,
2022,Winthrop,243,False,False,18,34,0,8,1,10,1,19,0.0526,
2022,Prairie View,244,False,False,30,27,0,1,0,1,0,2,0.0,
2022,Northern Ky.,245,False,False,19,35,0,2,3,8,3,13,0.2308,
2022,Texas Southern,246,False,False,28,25,0,1,0,6,0,7,0.0,
2022,Austin Peay,247,False,False,19,37,1,5,3,2,4,11,0.3636,
2022,Arkansas St.,248,False,False,11,38,0,17,0,7,0,24,0.0,
2022,Eastern Mich.,249,False,False,22,34,1,3,0,4,1,8,0.125,
2022,Brown,250,False,False,13,23,0,3,1,5,1,9,0.1111,
2022,Wagner,251,False,False,17,34,0,11,2,7,2,20,0.1,
2022,Milwaukee,252,False,False,20,30,0,4,1,3,1,8,0.125,
2022,Minnesota,253,False,False,16,36,1,9,2,10,3,22,0.1364,
2022,Navy,254,False,False,19,26,0,1,0,0,0,1,0.0,
2022,Lafayette,255,False,False,15,35,2,8,0,3,2,13,0.1538,
2022,Purdue Fort Wayne,256,False,False,18,36,1,1,0,9,1,11,0.0909,
2022,Bowling Green,257,False,False,18,34,0,6,0,7,0,13,0.0,
2022,UT Arlington,258,False,False,15,39,0,19,0,3,0,22,0.0,
2022,Western Mich.,259,False,False,18,36,2,8,2,5,4,17,0.2353,
2022,Merrimack,260,False,False,17,31,0,5,2,5,2,12,0.1667,
2022,Tarleton St.,261,False,False,17,36,0,4,1,14,1,19,0.0526,
2022,Grambling,262,False,False,26,31,0,3,0,2,0,5,0.0,
2022,Quinnipiac,263,False,False,15,33,0,6,1,3,1,10,0.1,
2022,Jackson St.,264,False,False,29,27,0,1,0,1,0,2,0.0,
2022,SFA,265,False,False,15,37,0,5,3,7,3,15,0.2,
2022,Radford,266,False,False,15,33,0,10,1,4,1,15,0.0667,
2022,UMBC,267,False,False,23,32,0,2,0,0,0,2,0.0,
2022,UT Martin,268,False,False,11,34,2,3,1,5,3,11,0.2727,
2022,Towson,269,False,False,14,39,0,9,2,10,2,21,0.0952,
2022,Delaware St.,270,False,False,25,23,0,1,0,0,0,1,0.0,
2022,CSU Bakersfield,271,False,False,18,34,0,0,2,12,2,14,0.1429,
2022,Fordham,272,False,False,16,36,0,10,0,3,0,13,0.0,
2022,Niagara,273,False,False,22,32,0,0,0,0,0,0,0.0,
2022,N.C. A&T,274,False,False,15,38,2,7,1,8,3,18,0.1667,
2022,Pacific,275,False,False,14,38,0,5,0,21,0,26,0.0,
2022,Holy Cross,276,False,False,17,37,0,0,0,8,0,8,0.0,
2022,NIU,277,False,False,14,40,0,5,1,5,1,11,0.0909,
2022,Hartford,278,False,False,13,37,0,4,0,1,0,5,0.0,
2022,Akron,279,False,False,15,41,1,14,0,4,1,19,0.0526,
2022,FDU,280,False,False,24,30,0,0,0,3,0,3,0.0,
2022,Bellarmine,281,False,False,11,43,0,9,0,3,0,12,0.0,
2022,St. Thomas (MN),282,False,False,16,29,0,1,1,4,1,6,0.1667,
2022,Siena,283,False,False,11,37,0,6,0,3,0,9,0.0,
2022,Mount St. Mary's,284,False,False,14,34,0,0,0,4,0,4,0.0,
2022,Alabama A&M,285,False,False,14,35,0,1,1,2,1,4,0.25,
2022,Princeton,286,False,False,7,33,1,5,0,7,1,13,0.0769,
2022,Coppin St.,287,True,False,24,28,0,0,0,3,0,3,0.0,
2022,Norfolk St.,288,False,False,15,32,0,3,0,0,0,3,0.0,
2022,UC Riverside,289,False,False,8,45,0,6,0,10,0,16,0.0,
2022,North Ala.,290,False,False,12,41,1,5,0,4,1,10,0.1,
2022,UMES,291,False,False,17,37,0,0,0,0,0,0,0.0,
2022,Northern Colo.,292,False,False,12,39,0,0,0,11,0,11,0.0,
2022,UC Davis,293,False,False,6,35,0,1,0,12,0,13,0.0,
2022,Sacred Heart,294,False,False,12,41,0,0,0,8,0,8,0.0,
2022,Western Ill.,295,False,False,8,44,0,3,1,6,1,10,0.1,
2022,Iona,296,False,False,6,41,0,7,0,1,0,8,0.0,
2022,Saint Peter's,297,False,False,9,41,0,4,0,2,0,6,0.0,
2022,Ark.-Pine Bluff,298,False,False,13,36,0,2,0,3,0,5,0.0,
2022,Mississippi Val.,299,False,False,10,31,0,0,0,0,0,0,0.0,
2022,St. Bonaventure,300,False,False,5,39,0,0,0,4,0,4,0.0,
2022,Alcorn,301,False,False,2,39,0,1,0,0,0,1,0.0,
2023,Wake Forest,1,True,True,47,10,18,7,13,3,31,41,0.7561,
2023,Kentucky,2,True,True,36,18,15,14,10,4,25,43,0.5814,
2023,Arkansas,3,True,True,41,16,19,11,8,3,27,41,0.6585,
2023,LSU,4,True,True,43,15,17,11,10,3,27,41,0.6585,
2023,Clemson,5,True,True,43,17,22,11,9,3,31,45,0.6889,
2023,Florida,6,True,True,44,14,17,11,11,1,28,40,0.7,
2023,Vanderbilt,7,True,True,41,18,21,14,5,1,26,41,0.6341,
2023,South Carolina,8,True,True,39,19,17,17,4,1,21,39,0.5385,
2023,Indiana St.,9,True,True,42,15,2,9,8,3,10,20,0.5,NCAA nitty-gritty override 32689
2023,Virginia,10,True,True,45,12,13,10,8,0,21,31,0.6774,
2023,Alabama,11,True,True,40,19,17,14,3,2,20,36,0.5556,
2023,Stanford,12,True,True,38,16,9,9,18,4,27,40,0.675,
2023,DBU,13,True,False,45,14,7,6,9,4,16,26,0.6154,
2023,Coastal Carolina,14,True,True,39,19,9,8,12,6,21,35,0.6,
2023,Campbell,15,True,False,44,13,8,6,9,4,17,27,0.6296,
2023,Miami (FL),16,True,True,40,19,13,13,10,4,23,40,0.575,
2023,Tennessee,17,True,False,38,19,10,18,8,0,18,36,0.5,
2023,Boston College,18,True,False,35,18,14,15,6,2,20,37,0.5405,
2023,East Carolina,19,True,False,45,17,6,7,2,6,8,21,0.381,
2023,Oklahoma St.,20,True,True,41,18,13,14,10,2,23,39,0.5897,
2023,Auburn,21,True,True,34,21,9,13,15,5,24,42,0.5714,
2023,Southern Miss.,22,True,False,41,17,8,7,7,6,15,28,0.5357,
2023,Duke,23,True,False,35,21,12,11,6,4,18,33,0.5455,
2023,NC State,24,True,False,35,19,9,17,6,2,15,34,0.4412,
2023,West Virginia,25,True,False,39,18,7,8,14,5,21,34,0.6176,
2023,UConn,26,True,False,43,15,6,3,11,8,17,28,0.6071,
2023,Texas,27,True,False,38,20,11,10,7,7,18,35,0.5143,
2023,Indiana,28,True,False,41,18,7,11,6,5,13,29,0.4483,
2023,Iowa,29,True,False,42,14,5,5,5,3,10,18,0.5556,
2023,North Carolina,30,True,False,35,22,16,21,4,0,20,41,0.4878,
2023,Oregon,31,False,False,37,20,9,4,13,14,22,40,0.55,
2023,Washington,32,True,False,34,18,8,6,13,7,21,34,0.6176,
2023,TCU,33,True,False,37,22,12,14,9,5,21,40,0.525,
2023,Northeastern,34,True,False,44,14,9,6,7,3,16,25,0.64,
2023,Oregon St.,35,True,False,39,18,8,10,8,0,16,26,0.6154,
2023,Texas A&M,36,True,False,36,25,15,18,4,2,19,39,0.4872,
2023,Maryland,37,True,False,41,19,6,3,10,8,16,27,0.5926,
2023,Troy,38,True,False,39,20,4,6,8,8,12,26,0.4615,
2023,Missouri,39,False,False,30,24,7,21,5,0,12,33,0.3636,
2023,Louisville,40,False,False,31,24,10,19,4,3,14,36,0.3889,
2023,Oklahoma,41,True,False,31,26,11,13,7,6,18,37,0.4865,
2023,Georgia,42,False,False,29,27,12,19,5,3,17,39,0.4359,
2023,Arizona,43,True,False,33,24,8,15,9,7,17,39,0.4359,
2023,Texas Tech,44,True,False,39,21,11,14,5,1,16,31,0.5161,
2023,UNCW,45,True,False,34,21,9,12,3,2,12,26,0.4615,
2023,UC Irvine,46,False,False,38,17,8,3,9,6,17,26,0.6538,
2023,Arizona St.,47,False,False,32,23,5,15,11,7,16,38,0.4211,
2023,Mississippi St.,48,False,False,27,26,7,19,7,4,14,37,0.3784,
2023,Southern California,49,False,False,34,23,3,15,13,5,16,36,0.4444,
2023,Kent St.,50,False,False,42,16,0,4,6,5,6,15,0.4,
2023,Virginia Tech,51,False,False,30,23,10,18,8,2,18,38,0.4737,
2023,UC Santa Barbara,52,False,False,35,20,4,6,10,6,14,26,0.5385,
2023,Xavier,53,True,False,37,23,9,14,5,0,14,28,0.5,
2023,Notre Dame,54,False,False,30,24,9,14,7,7,16,37,0.4324,
2023,Kansas St.,55,False,False,35,24,6,11,10,6,16,33,0.4848,
2023,Texas St.,56,False,False,36,23,7,13,7,6,14,33,0.4242,
2023,UCLA,57,False,False,28,24,7,12,9,7,16,35,0.4571,
2023,Louisiana,58,True,False,40,22,6,9,6,8,12,29,0.4138,
2023,Wofford,59,False,False,40,19,2,3,8,6,10,19,0.5263,
2023,Florida St.,60,False,False,23,31,8,22,3,6,11,39,0.2821,
2023,FGCU,61,False,False,42,18,4,2,4,4,8,14,0.5714,
2023,Elon,62,False,False,33,22,7,8,6,4,13,25,0.52,
2023,Cal St. Fullerton,63,True,False,31,22,9,10,6,2,15,27,0.5556,
2023,Georgia Tech,64,False,False,30,27,10,20,3,5,13,38,0.3421,
2023,Samford,65,True,False,36,23,1,10,6,3,7,20,0.35,
2023,Rutgers,66,False,False,33,23,2,8,6,4,8,20,0.4,
2023,Oral Roberts,67,True,False,46,11,4,4,3,2,7,13,0.5385,
2023,Grand Canyon,68,False,False,37,21,1,4,9,8,10,22,0.4545,
2023,CSUN,69,False,False,34,17,1,3,11,8,12,23,0.5217,
2023,Hawaii,70,False,False,29,20,5,9,6,2,11,22,0.5,
2023,Charlotte,71,True,False,34,26,5,9,4,3,9,21,0.4286,
2023,Michigan St.,72,False,False,33,22,8,9,3,4,11,24,0.4583,
2023,UTSA,73,False,False,38,19,3,4,2,6,5,15,0.3333,
2023,Wright St.,74,True,False,39,21,2,8,1,2,3,13,0.2308,
2023,Col. of Charleston,75,False,False,36,22,2,5,9,12,11,28,0.3929,
2023,Sam Houston,76,True,False,38,23,6,7,5,1,11,19,0.5789,
2023,Fla. Atlantic,77,False,False,34,25,5,15,3,0,8,23,0.3478,
2023,Ohio St.,78,False,False,31,25,6,13,2,5,8,26,0.3077,
2023,UC San Diego,79,False,False,34,18,5,7,1,6,6,19,0.3158,
2023,Missouri St.,80,False,False,33,23,2,8,0,4,2,14,0.1429,
2023,California,81,False,False,24,28,8,14,6,11,14,39,0.359,
2023,Santa Clara,82,True,False,35,18,2,1,6,10,8,19,0.4211,
2023,Ole Miss,83,False,False,25,29,6,24,4,2,10,36,0.2778,
2023,Pittsburgh,84,False,False,24,31,7,20,6,4,13,37,0.3514,
2023,Evansville,85,False,False,37,24,2,10,4,0,6,16,0.375,
2023,Long Beach St.,86,False,False,33,22,7,6,4,9,11,26,0.4231,
2023,New Orleans,87,False,False,36,24,1,5,4,5,5,15,0.3333,
2023,Washington St.,88,False,False,29,23,2,11,9,6,11,28,0.3929,
2023,Army West Point,89,True,False,38,16,3,6,0,0,3,9,0.3333,
2023,William & Mary,90,False,False,32,25,2,8,8,8,10,26,0.3846,
2023,Old Dominion,91,False,False,32,23,3,8,6,8,9,25,0.36,
2023,USC Upstate,92,False,False,38,22,3,11,0,1,3,15,0.2,
2023,Houston,93,False,False,36,23,2,2,6,9,8,19,0.4211,
2023,Lipscomb,94,True,False,36,24,2,9,6,5,8,22,0.3636,
2023,App State,95,False,False,30,25,6,13,2,2,8,23,0.3478,
2023,Illinois,96,False,False,25,27,5,12,7,5,12,29,0.4138,
2023,San Jose St.,97,True,False,31,25,1,4,3,4,4,12,0.3333,
2023,Liberty,98,False,False,27,31,3,13,3,8,6,27,0.2222,
2023,Alabama St.,99,False,False,41,18,0,3,3,3,3,9,0.3333,
2023,Georgia St.,100,False,False,31,28,1,12,9,9,10,31,0.3226,
2023,Nebraska,101,False,False,33,23,3,7,4,6,7,20,0.35,
2023,Ga. Southern,102,False,False,27,29,6,10,4,11,10,31,0.3226,
2023,Ball St.,103,True,False,36,21,3,7,2,6,5,18,0.2778,
2023,James Madison,104,False,False,31,25,1,12,7,7,8,27,0.2963,
2023,Wichita St.,105,False,False,30,25,5,3,5,10,10,23,0.4348,
2023,Nicholls,106,True,False,34,22,1,2,8,6,9,17,0.5294,
2023,Eastern Ill.,107,True,False,38,19,1,2,5,2,6,10,0.6,
2023,Central Mich.,108,False,False,34,23,0,2,5,5,5,12,0.4167,
2023,UT Arlington,109,False,False,29,29,1,6,2,5,3,14,0.2143,
2023,LMU (CA),110,False,False,29,24,3,7,4,3,7,17,0.4118,
2023,Portland,111,False,False,31,23,3,5,3,4,6,15,0.4,
2023,Kansas,112,False,False,25,32,7,18,1,5,8,31,0.2581,
2023,Delaware,113,False,False,30,29,2,11,6,9,8,28,0.2857,
2023,Rider,114,True,False,35,19,2,4,2,1,4,9,0.4444,
2023,UCF,115,False,False,33,26,3,6,5,6,8,20,0.4,
2023,Morehead St.,116,False,False,36,20,1,10,0,0,1,11,0.0909,
2023,McNeese,117,False,False,35,23,0,2,7,6,7,15,0.4667,
2023,San Diego,118,False,False,24,25,1,9,5,6,6,21,0.2857,
2023,Penn,119,True,False,32,14,0,3,3,3,3,9,0.3333,
2023,Lamar University,120,False,False,32,23,2,2,7,6,9,17,0.5294,
2023,Central Conn. St.,121,True,False,36,12,0,3,0,1,0,4,0.0,
2023,Mercer,122,False,False,33,25,3,5,6,9,9,23,0.3913,
2023,Maine,123,True,False,32,19,0,3,2,1,2,6,0.3333,
2023,Hofstra,124,False,False,26,26,2,12,2,5,4,21,0.1905,
2023,Abilene Christian,125,False,False,35,24,1,3,7,11,8,22,0.3636,
2023,Fairfield,126,False,False,37,18,0,1,2,3,2,6,0.3333,
2023,Columbia,127,False,False,23,22,6,7,1,4,7,18,0.3889,
2023,Creighton,128,False,False,25,24,3,7,4,7,7,21,0.3333,
2023,Louisiana Tech,129,False,False,28,31,2,10,6,8,8,26,0.3077,
2023,Southeastern La.,130,False,False,25,25,2,5,4,9,6,20,0.3,
2023,UTRGV,131,False,False,30,26,0,2,3,7,3,12,0.25,
2023,Florida A&M,132,True,False,29,28,0,3,3,9,3,15,0.2,
2023,Jacksonville,133,False,False,34,24,4,4,4,10,8,22,0.3636,
2023,Stetson,134,False,False,35,23,1,3,1,3,2,8,0.25,
2023,UIW,135,False,False,28,26,0,4,6,5,6,15,0.4,
2023,Michigan,136,False,False,28,28,5,11,7,8,12,31,0.3871,
2023,Memphis,137,False,False,29,28,0,6,9,11,9,26,0.3462,
2023,Southern Ill.,138,False,False,30,27,1,8,1,3,2,13,0.1538,
2023,UIC,139,False,False,28,25,2,6,1,3,3,12,0.25,
2023,South Alabama,140,False,False,23,31,0,9,9,9,9,27,0.3333,
2023,Air Force,141,False,False,28,31,1,7,7,9,8,24,0.3333,
2023,Northwestern St.,142,False,False,29,27,0,6,3,6,3,15,0.2,
2023,San Diego St.,143,False,False,24,29,1,9,2,6,3,18,0.1667,
2023,UNC Greensboro,144,False,False,25,34,2,9,9,12,11,32,0.3438,
2023,Penn St.,145,False,False,25,25,4,10,1,6,5,21,0.2381,
2023,Utah,146,False,False,22,32,4,14,3,7,7,28,0.25,
2023,Georgetown,147,False,False,30,27,5,10,0,2,5,17,0.2941,
2023,Seton Hall,148,False,False,31,24,3,8,1,1,4,13,0.3077,
2023,Valparaiso,149,False,False,20,27,1,8,1,5,2,15,0.1333,
2023,Bethune-Cookman,150,False,False,33,27,0,6,2,6,2,14,0.1429,
2023,Utah Valley,151,False,False,34,24,0,0,8,8,8,16,0.5,
2023,Bryant,152,False,False,26,24,1,3,1,6,2,11,0.1818,
2023,Western Ky.,153,False,False,33,26,1,10,5,1,6,17,0.3529,
2023,Princeton,154,False,False,24,23,2,6,3,5,5,16,0.3125,
2023,Stony Brook,155,False,False,23,29,3,12,3,10,6,28,0.2143,
2023,Gardner-Webb,156,False,False,31,25,3,8,2,2,5,15,0.3333,
2023,Little Rock,157,False,False,31,23,1,1,1,5,2,8,0.25,
2023,Winthrop,158,False,False,28,28,0,8,2,6,2,16,0.125,
2023,Saint Joseph's,159,False,False,28,24,1,3,0,7,1,11,0.0909,
2023,Tulane,160,True,False,19,40,3,17,3,1,6,24,0.25,
2023,Cincinnati,161,False,False,24,33,1,13,4,7,5,25,0.2,
2023,Middle Tenn.,162,False,False,27,29,1,10,2,6,3,19,0.1579,
2023,Western Mich.,163,False,False,21,31,0,12,1,3,1,16,0.0625,
2023,Kennesaw St.,164,False,False,25,29,2,9,3,9,5,23,0.2174,
2023,St. John's (NY),165,False,False,28,25,1,2,5,12,6,20,0.3,
2023,California Baptist,166,False,False,28,30,2,8,4,5,6,19,0.3158,
2023,North Florida,167,False,False,28,27,1,2,4,9,5,16,0.3125,
2023,Seattle U,168,False,False,21,32,2,9,2,8,4,21,0.1905,
2023,Tarleton St.,168,False,False,26,26,1,4,2,11,3,18,0.1667,
2023,South Fla.,170,False,False,21,39,2,8,8,15,10,33,0.303,
2023,Cal Poly,171,False,False,21,35,2,5,6,18,8,31,0.2581,
2023,UMBC,172,False,False,30,27,1,6,2,3,3,12,0.25,
2023,Murray St.,173,False,False,31,28,1,3,1,4,2,9,0.2222,
2023,North Dakota St.,174,False,False,23,30,1,11,2,6,3,20,0.15,
2023,Rice,175,False,False,21,37,1,13,5,11,6,30,0.2,
2023,Charleston So.,176,False,False,22,28,1,12,0,1,1,14,0.0714,
2023,Baylor,177,False,False,20,35,3,17,5,8,8,33,0.2424,
2023,Eastern Mich.,178,False,False,27,26,0,1,3,6,3,10,0.3,
2023,Toledo,179,False,False,26,29,1,6,1,5,2,13,0.1538,
2023,Canisius,180,False,False,26,25,0,6,2,8,2,16,0.125,
2023,Eastern Ky.,181,False,False,29,30,0,4,4,4,4,12,0.3333,
2023,A&M-Corpus Christi,182,False,False,24,30,0,5,6,9,6,20,0.3,
2023,Fresno St.,183,False,False,30,27,1,1,2,5,3,9,0.3333,
2023,ETSU,184,False,False,26,29,0,5,3,11,3,19,0.1579,
2023,Sacramento St.,185,False,False,30,26,1,2,2,5,3,10,0.3,
2023,Jacksonville St.,186,False,False,27,30,2,8,2,9,4,21,0.1905,
2023,George Mason,187,True,False,34,25,0,3,0,3,0,6,0.0,
2023,N.C. A&T,188,False,False,19,28,3,9,1,6,4,19,0.2105,
2023,BYU,189,False,False,24,28,0,4,6,9,6,19,0.3158,
2023,Pepperdine,190,False,False,19,30,3,7,5,8,8,23,0.3478,
2023,UAB,191,False,False,17,36,2,10,5,10,7,27,0.2593,
2023,Austin Peay,192,False,False,26,32,0,8,3,7,3,18,0.1667,
2023,SFA,192,False,False,22,28,2,1,0,8,2,11,0.1818,
2023,Rhode Island,194,False,False,23,29,1,7,3,3,4,14,0.2857,
2023,Dayton,195,False,False,26,34,0,8,1,3,1,12,0.0833,
2023,Bucknell,196,False,False,23,23,0,4,1,4,1,9,0.1111,
2023,Niagara,197,False,False,24,22,1,0,2,8,3,11,0.2727,
2023,Saint Mary's (CA),198,False,False,23,28,1,3,2,2,3,8,0.375,
2023,Illinois St.,199,False,False,20,30,1,5,1,2,2,9,0.2222,
2023,FIU,200,False,False,21,34,1,7,5,14,6,27,0.2222,
2023,Gonzaga,201,False,False,18,34,0,12,4,14,4,30,0.1333,
2023,Northern Ky.,202,False,False,30,27,0,7,1,3,1,11,0.0909,
2023,Ohio,203,False,False,19,30,0,9,0,1,0,10,0.0,
2023,Western Caro.,204,False,False,21,33,1,10,4,8,5,23,0.2174,
2023,Southeast Mo. St.,205,False,False,26,30,0,6,3,6,3,15,0.2,
2023,Purdue,206,False,False,24,29,2,9,2,6,4,19,0.2105,
2023,Presbyterian,207,False,False,21,34,1,10,2,3,3,16,0.1875,
2023,Minnesota,208,False,False,18,34,2,9,6,11,8,28,0.2857,
2023,UMass Lowell,209,False,False,20,35,0,10,3,6,3,19,0.1579,
2023,Bradley,210,False,False,16,32,0,5,2,9,2,16,0.125,
2023,Monmouth,211,False,False,16,30,1,2,1,16,2,20,0.1,
2023,UNLV,212,False,False,21,30,1,6,4,7,5,18,0.2778,
2023,High Point,213,False,False,20,34,2,13,0,2,2,17,0.1176,
2023,UNC Asheville,214,False,False,26,26,0,7,1,1,1,9,0.1111,
2023,Oakland,215,False,False,29,31,1,5,2,9,3,17,0.1765,
2023,SIUE,216,False,False,26,28,0,0,3,4,3,7,0.4286,
2023,Grambling,217,False,False,29,26,0,5,0,1,0,6,0.0,
2023,Quinnipiac,218,False,False,30,26,0,6,1,4,1,11,0.0909,
2023,Jackson St.,219,False,False,28,25,0,1,2,7,2,10,0.2,
2023,Belmont,220,True,False,27,33,0,9,4,3,4,16,0.25,
2023,Davidson,221,False,False,30,24,0,5,0,1,0,6,0.0,
2023,Nevada,222,False,False,20,33,2,2,1,9,3,14,0.2143,
2023,Arkansas St.,223,False,False,20,31,1,9,2,8,3,20,0.15,
2023,NJIT,224,False,False,22,31,1,6,1,0,2,8,0.25,
2023,VCU,225,False,False,25,30,1,5,0,3,1,9,0.1111,
2023,Marshall,226,False,False,16,37,0,9,1,12,1,22,0.0455,
2023,Binghamton,227,False,False,29,23,0,4,0,0,0,4,0.0,
2023,Bowling Green,228,False,False,20,30,1,4,2,9,3,16,0.1875,
2023,George Washington,229,False,False,21,34,0,5,1,6,1,12,0.0833,
2023,UC Davis,230,False,False,17,37,1,11,1,14,2,27,0.0741,
2023,Richmond,231,False,False,27,28,1,4,0,1,1,6,0.1667,
2023,Longwood,232,False,False,23,31,1,8,0,4,1,13,0.0769,
2023,Towson,233,False,False,19,37,0,9,2,13,2,24,0.0833,
2023,South Dakota St.,234,False,False,24,28,0,6,1,2,1,9,0.1111,
2023,Saint Louis,235,False,False,33,23,0,0,0,3,0,3,0.0,
2023,Texas Southern,236,False,False,31,22,0,4,0,3,0,7,0.0,
2023,New Mexico,237,False,False,26,25,1,4,2,0,3,7,0.4286,
2023,The Citadel,238,False,False,23,31,0,8,0,4,0,12,0.0,
2023,Yale,239,False,False,17,23,0,0,3,7,3,10,0.3,
2023,Butler,240,False,False,12,43,1,12,2,2,3,17,0.1765,
2023,Sacred Heart,241,False,False,28,30,0,4,2,4,2,10,0.2,
2023,Akron,242,False,False,21,34,1,9,0,1,1,11,0.0909,
2023,UT Martin,243,False,False,22,34,0,4,1,5,1,10,0.1,
2023,VMI,244,False,False,26,29,2,6,1,5,3,14,0.2143,
2023,Central Ark.,245,False,False,23,31,1,3,1,8,2,13,0.1538,
2023,Harvard,246,False,False,20,24,1,1,3,9,4,14,0.2857,
2023,Mount St. Mary's,247,False,False,25,27,0,3,1,3,1,7,0.1429,
2023,Southern U.,248,False,False,23,28,0,3,0,7,0,10,0.0,
2023,Miami (OH),249,False,False,21,35,0,6,6,8,6,20,0.3,
2023,Navy,250,False,False,23,27,0,2,1,3,1,6,0.1667,
2023,Lehigh,251,False,False,24,26,0,0,0,3,0,3,0.0,
2023,Youngstown St.,252,False,False,19,36,0,9,3,3,3,15,0.2,
2023,ULM,253,False,False,17,37,2,9,3,9,5,23,0.2174,
2023,Tennessee Tech,254,False,False,21,34,1,6,2,5,3,14,0.2143,
2023,Wagner,255,False,False,32,24,0,3,0,1,0,4,0.0,
2023,Queens (NC),256,False,False,17,38,0,3,1,7,1,11,0.0909,
2023,FDU,257,False,False,31,21,0,0,1,2,1,3,0.3333,
2023,CSU Bakersfield,258,False,False,18,34,2,11,2,10,4,25,0.16,
2023,Houston Christian,259,False,False,11,37,0,3,3,18,3,24,0.125,
2023,Lafayette,260,False,False,15,37,0,1,2,10,2,13,0.1538,
2023,Milwaukee,261,False,False,25,32,0,6,3,0,3,9,0.3333,
2023,Fordham,262,False,False,19,36,0,3,0,3,0,6,0.0,
2023,Villanova,263,False,False,14,37,0,4,1,12,1,17,0.0588,
2023,Manhattan,264,False,False,22,34,0,3,1,5,1,9,0.1111,
2023,Omaha,265,False,False,21,28,0,4,3,6,3,13,0.2308,
2023,UC Riverside,266,False,False,11,41,1,6,3,12,4,22,0.1818,
2023,Northwestern,267,False,False,10,40,1,13,1,11,2,26,0.0769,
2023,San Francisco,268,False,False,18,29,0,2,1,8,1,11,0.0909,
2023,Bellarmine,269,False,False,13,42,0,6,2,15,2,23,0.087,
2023,Merrimack,270,False,False,21,30,0,1,1,0,1,2,0.5,
2023,Prairie View,271,False,False,20,37,0,2,0,7,0,9,0.0,
2023,Utah Tech,272,False,False,13,39,0,9,1,5,1,15,0.0667,
2023,Southern Ind.,273,False,False,17,38,0,3,0,6,0,9,0.0,
2023,Marist,274,False,False,16,36,0,4,0,4,0,8,0.0,
2023,Siena,275,False,False,14,41,1,5,0,13,1,19,0.0526,
2023,North Ala.,276,False,False,14,37,0,4,1,6,1,11,0.0909,
2023,Purdue Fort Wayne,277,False,False,13,43,2,4,1,6,3,13,0.2308,
2023,Alabama A&M,278,False,False,14,34,0,2,0,6,0,8,0.0,
2023,Massachusetts,279,False,False,14,35,0,2,1,6,1,9,0.1111,
2023,Mississippi Val.,280,False,False,15,37,0,0,1,12,1,13,0.0769,
2023,Pacific,281,False,False,14,35,0,1,3,9,3,13,0.2308,
2023,Coppin St.,282,False,False,21,31,0,3,1,2,1,6,0.1667,
2023,Lindenwood,283,False,False,13,42,0,1,1,7,1,9,0.1111,
2023,NIU,284,False,False,10,43,0,10,0,3,0,13,0.0,
2023,Northern Colo.,285,False,False,11,34,0,7,0,5,0,12,0.0,
2023,Cornell,286,False,False,9,26,0,1,1,5,1,7,0.1429,
2023,Brown,287,False,False,12,26,0,0,1,9,1,10,0.1,
2023,LIU,288,False,False,19,36,0,1,0,1,0,2,0.0,
2023,UAlbany,289,False,False,9,34,1,2,1,6,2,10,0.2,
2023,Western Ill.,290,False,False,12,40,0,11,0,4,0,15,0.0,
2023,Holy Cross,291,False,False,16,35,0,0,0,1,0,1,0.0,
2023,Iona,292,False,False,13,38,1,1,0,4,1,6,0.1667,
2023,UMES,293,False,False,18,37,0,0,0,0,0,0,0.0,
2023,Stonehill,294,False,False,14,35,0,3,2,3,2,8,0.25,
2023,New Mexico St.,295,False,False,14,37,0,4,1,2,1,7,0.1429,
2023,Ark.-Pine Bluff,296,False,False,18,33,0,0,0,1,0,1,0.0,
2023,St. Thomas (MN),297,False,False,10,34,1,5,0,6,1,12,0.0833,
2023,Delaware St.,298,False,False,13,35,0,0,0,2,0,2,0.0,
2023,Radford,299,False,False,10,45,0,8,1,4,1,13,0.0769,
2023,St. Bonaventure,300,False,False,8,40,0,0,0,0,0,0,0.0,
2023,Hartford,301,False,False,4,33,0,4,0,5,0,9,0.0,
2023,Saint Peter's,302,False,False,9,41,0,0,0,4,0,4,0.0,
2023,Norfolk St.,303,False,False,9,42,0,0,0,5,0,5,0.0,
2023,Dartmouth,304,False,False,3,38,0,4,0,8,0,12,0.0,
2023,Alcorn,305,False,False,8,40,0,0,0,2,0,2,0.0,
2024,Texas A&M,1,True,True,44,13,17,13,9,0,26,39,0.6667,
2024,Tennessee,2,True,True,50,11,21,9,9,1,30,40,0.75,
2024,North Carolina,3,True,True,42,13,8,9,15,4,23,36,0.6389,
2024,Arkansas,4,True,True,43,14,13,12,11,2,24,38,0.6316,
2024,Kentucky,5,True,True,40,14,22,9,6,2,28,39,0.7179,
2024,Georgia,6,True,True,39,15,14,10,8,3,22,35,0.6286,
2024,Clemson,7,True,True,41,14,10,8,13,3,23,34,0.6765,
2024,Florida St.,8,True,True,42,15,10,8,8,6,18,32,0.5625,
2024,UC Santa Barbara,9,True,True,42,12,3,3,14,5,17,25,0.68,
2024,Indiana St.,10,True,False,42,13,4,6,10,3,14,23,0.6087,
2024,Wake Forest,11,True,False,38,20,11,14,12,4,23,41,0.561,
2024,Virginia,12,True,True,41,15,11,8,15,6,26,40,0.65,
2024,Oklahoma St.,13,True,True,40,17,12,14,14,1,26,41,0.6341,
2024,NC State,14,True,True,33,20,14,16,4,2,18,36,0.5,
2024,Oklahoma,15,True,True,37,19,12,7,14,10,26,43,0.6047,
2024,Oregon St.,16,True,True,42,14,4,6,9,4,13,23,0.5652,
2024,DBU,17,True,False,44,13,12,5,3,6,15,26,0.5769,
2024,East Carolina,18,True,True,43,15,5,3,7,6,12,21,0.5714,
2024,Duke,19,True,False,39,18,15,13,7,2,22,37,0.5946,
2024,San Diego,20,True,False,40,13,5,9,7,2,12,23,0.5217,
2024,UC Irvine,21,True,False,43,12,7,1,4,4,11,16,0.6875,
2024,Alabama,22,True,False,33,22,15,20,3,1,18,39,0.4615,
2024,LSU,23,True,False,40,21,12,14,11,5,23,42,0.5476,
2024,Southern Miss.,24,True,False,41,18,10,10,13,3,23,36,0.6389,
2024,Nebraska,25,True,False,39,20,4,5,24,12,28,45,0.6222,
2024,Vanderbilt,26,True,False,38,21,11,17,7,1,18,36,0.5,
2024,South Carolina,27,True,False,36,23,15,20,4,2,19,41,0.4634,
2024,Arizona,28,True,True,36,21,9,9,9,5,18,32,0.5625,
2024,Mississippi St.,29,True,False,38,21,16,14,7,2,23,39,0.5897,
2024,Louisiana Tech,30,True,False,45,17,5,8,11,2,16,26,0.6154,
2024,Florida,31,True,False,28,27,13,18,2,7,15,40,0.375,
2024,Northeastern,32,False,False,38,17,6,5,8,5,14,24,0.5833,
2024,Ole Miss,33,False,False,27,29,14,24,0,0,14,38,0.3684,
2024,Louisiana,34,True,False,40,18,8,9,10,2,18,29,0.6207,
2024,Coastal Carolina,35,True,False,34,23,5,13,9,8,14,35,0.4,
2024,UCF,36,True,False,35,19,4,8,12,8,16,32,0.5,
2024,West Virginia,37,True,False,33,22,6,11,14,7,20,38,0.5263,
2024,UConn,38,True,False,32,23,6,13,10,7,16,36,0.4444,
2024,UNCW,39,True,False,39,19,6,7,7,5,13,25,0.52,
2024,Col. of Charleston,40,False,False,41,14,3,7,7,3,10,20,0.5,
2024,Xavier,41,False,False,30,27,9,12,6,8,15,35,0.4286,
2024,Maryland,42,False,False,34,22,9,7,10,6,19,32,0.5938,
2024,TCU,43,False,False,33,21,7,11,9,7,16,34,0.4706,
2024,Illinois,44,True,False,34,19,4,10,8,4,12,26,0.4615,
2024,Texas,45,True,False,35,22,12,9,7,4,19,32,0.5938,
2024,Kansas St.,46,True,False,32,24,7,15,10,6,17,38,0.4474,
2024,James Madison,47,True,False,34,23,9,12,10,5,19,36,0.5278,
2024,Nicholls,48,True,False,38,20,1,9,2,3,3,15,0.2,
2024,Auburn,49,False,False,27,26,6,20,9,4,15,39,0.3846,
2024,Georgia Tech,50,True,False,31,23,10,14,7,4,17,35,0.4857,
2024,Oregon,51,True,False,37,18,7,5,6,6,13,24,0.5417,
2024,St. John's (NY),52,True,False,37,16,7,6,7,4,14,24,0.5833,
2024,Wofford,53,True,False,41,18,1,3,8,4,9,16,0.5625,
2024,Lamar University,54,False,False,44,15,4,4,4,2,8,14,0.5714,
2024,ETSU,55,False,False,36,20,1,6,6,8,7,21,0.3333,
2024,Hawaii,56,False,False,37,16,1,8,7,3,8,19,0.4211,
2024,Indiana,57,True,False,32,24,6,10,11,6,17,33,0.5152,
2024,Ga. Southern,58,False,False,33,26,9,13,4,10,13,36,0.3611,
2024,Troy,59,False,False,37,22,8,8,7,8,15,31,0.4839,
2024,Louisville,60,False,False,32,24,7,16,7,6,14,36,0.3889,
2024,Creighton,61,False,False,35,17,5,8,5,3,10,21,0.4762,
2024,Texas Tech,62,False,False,33,26,4,15,6,7,10,32,0.3125,
2024,California,63,False,False,36,19,6,5,7,8,13,26,0.5,
2024,Cincinnati,64,False,False,32,25,7,13,10,4,17,34,0.5,
2024,Georgetown,65,False,False,36,21,9,6,4,10,13,29,0.4483,
2024,Portland,66,False,False,37,19,4,8,2,5,6,19,0.3158,
2024,South Alabama,67,False,False,31,25,9,12,9,5,18,35,0.5143,
2024,UNC Greensboro,68,False,False,33,21,3,7,5,4,8,19,0.4211,
2024,Ohio St.,69,False,False,29,26,8,7,7,14,15,36,0.4167,
2024,Virginia Tech,70,False,False,32,22,5,16,4,1,9,26,0.3462,
2024,Sam Houston,71,False,False,34,24,3,10,4,7,7,24,0.2917,
2024,Rutgers,72,False,False,28,25,4,7,11,14,15,36,0.4167,
2024,Old Dominion,73,False,False,31,26,5,9,14,13,19,41,0.4634,
2024,VCU,74,True,False,37,21,2,8,3,1,5,14,0.3571,
2024,App State,75,False,False,33,21,4,7,13,10,17,34,0.5,
2024,Kansas,76,False,False,31,23,6,10,10,9,16,35,0.4571,
2024,Notre Dame,77,False,False,27,25,2,19,1,0,3,22,0.1364,
2024,Southern California,78,False,False,31,28,6,10,7,7,13,30,0.4333,
2024,Evansville,79,True,False,35,23,3,7,2,5,5,17,0.2941,
2024,Tulane,80,True,False,35,24,5,7,4,3,9,19,0.4737,
2024,Murray St.,81,False,False,37,20,2,7,6,4,8,19,0.4211,
2024,Utah,82,False,False,33,22,5,7,7,7,12,26,0.4615,
2024,Michigan,83,False,False,32,28,3,12,11,6,14,32,0.4375,
2024,Campbell,84,False,False,31,22,7,9,1,3,8,20,0.4,
2024,Arizona St.,85,False,False,32,26,2,9,9,5,11,25,0.44,
2024,CSUN,86,False,False,30,24,2,13,2,4,4,21,0.1905,
2024,Purdue,87,False,False,33,24,4,6,4,11,8,25,0.32,
2024,Kennesaw St.,88,False,False,32,24,4,7,3,5,7,19,0.3684,
2024,Miami (FL),89,False,False,27,30,9,14,4,7,13,34,0.3824,
2024,UIC,90,False,False,35,20,0,4,7,7,7,18,0.3889,
2024,USC Upstate,91,False,False,36,24,1,9,1,1,2,12,0.1667,
2024,Boston College,92,False,False,22,31,8,14,7,15,15,44,0.3409,
2024,Pittsburgh,93,False,False,26,29,6,18,5,6,11,35,0.3143,
2024,Grand Canyon,94,True,False,34,23,3,4,5,9,8,21,0.381,
2024,Saint Louis,95,False,False,37,16,0,0,1,3,1,4,0.25,
2024,Samford,96,False,False,36,22,1,7,8,9,9,25,0.36,
2024,Iowa,97,False,False,31,23,4,12,5,2,9,23,0.3913,
2024,Western Ky.,98,False,False,36,22,4,8,3,3,7,18,0.3889,
2024,New Orleans,99,False,False,31,26,4,7,2,3,6,16,0.375,
2024,Cal Poly,100,False,False,35,22,5,7,4,3,9,19,0.4737,
2024,Bowling Green,101,False,False,33,20,1,6,3,1,4,11,0.3636,
2024,Saint Mary's (CA),102,False,False,34,22,4,7,0,2,4,13,0.3077,
2024,Michigan St.,103,False,False,24,27,5,8,4,7,9,24,0.375,
2024,McNeese,104,False,False,32,27,2,14,3,5,5,24,0.2083,
2024,Missouri,105,False,False,23,32,5,20,9,5,14,39,0.359,
2024,Wichita St.,106,False,False,32,29,3,14,3,4,6,24,0.25,
2024,Penn St.,107,False,False,29,24,6,8,5,4,11,23,0.4783,
2024,Niagara,108,True,False,38,15,1,1,3,3,4,8,0.5,
2024,Stetson,109,True,False,40,20,1,4,4,2,5,11,0.4545,
2024,Georgia St.,110,False,False,25,32,7,13,8,10,15,38,0.3947,
2024,Western Caro.,111,False,False,28,26,2,8,2,5,4,17,0.2353,
2024,Texas St.,112,False,False,27,29,5,7,7,15,12,34,0.3529,
2024,Houston,113,False,False,26,28,2,13,9,12,11,36,0.3056,
2024,Mercer,114,False,False,29,29,3,5,8,13,11,29,0.3793,
2024,Air Force,115,False,False,27,28,3,10,0,2,3,15,0.2,
2024,Minnesota,116,False,False,25,23,1,6,6,9,7,22,0.3182,
2024,UTSA,117,False,False,32,24,2,2,4,3,6,11,0.5455,
2024,Bryant,118,True,False,36,19,0,6,1,2,1,9,0.1111,
2024,Ball St.,119,False,False,35,23,1,4,2,4,3,11,0.2727,
2024,William & Mary,120,False,False,32,26,3,7,4,6,7,20,0.35,
2024,Wright St.,121,False,False,32,24,2,7,4,2,6,15,0.4,
2024,Liberty,122,False,False,24,34,2,21,6,6,8,35,0.2286,
2024,UC Davis,123,False,False,29,27,1,5,4,10,5,20,0.25,
2024,Columbia,124,False,False,26,18,1,8,0,0,1,9,0.1111,
2024,Rider,125,False,False,28,23,1,11,0,3,1,15,0.0667,
2024,Illinois St.,126,False,False,30,27,2,6,6,10,8,24,0.3333,
2024,Northern Ky.,127,True,False,35,22,0,7,5,2,5,14,0.3571,
2024,California Baptist,128,False,False,38,24,1,2,3,6,4,12,0.3333,
2024,Dayton,128,False,False,33,22,2,4,3,5,5,14,0.3571,
2024,BYU,130,False,False,21,31,5,14,4,9,9,32,0.2812,
2024,High Point,131,True,False,34,25,1,6,5,3,6,15,0.4,
2024,Delaware,132,False,False,31,26,0,3,5,9,5,17,0.2941,
2024,UC San Diego,133,False,False,30,23,2,7,3,9,5,21,0.2381,
2024,Western Mich.,134,True,False,32,21,0,2,5,5,5,12,0.4167,
2024,Missouri St.,135,False,False,23,34,2,11,1,6,3,20,0.15,
2024,FGCU,136,False,False,30,26,0,6,5,6,5,17,0.2941,
2024,FIU,137,False,False,27,30,2,5,7,12,9,26,0.3462,
2024,Southeast Mo. St.,138,True,False,34,25,0,3,2,2,2,7,0.2857,
2024,Army West Point,139,True,False,31,21,0,1,3,3,3,7,0.4286,
2024,New Mexico St.,139,False,False,25,29,4,11,2,9,6,26,0.2308,
2024,Southeastern La.,141,False,False,30,28,2,8,1,11,3,22,0.1364,
2024,Little Rock,142,False,False,32,24,0,3,0,3,0,6,0.0,
2024,Baylor,143,False,False,22,31,1,12,10,14,11,37,0.2973,
2024,VMI,144,False,False,27,29,0,7,7,7,7,21,0.3333,
2024,Northwestern,145,False,False,18,34,2,13,5,14,7,34,0.2059,
2024,Charlotte,146,False,False,24,34,2,7,7,15,9,31,0.2903,
2024,South Fla.,147,False,False,26,29,2,7,2,6,4,17,0.2353,
2024,Sacred Heart,148,False,False,35,23,0,5,1,1,1,7,0.1429,
2024,Abilene Christian,149,False,False,33,25,0,4,3,4,3,11,0.2727,
2024,Saint Joseph's,150,False,False,29,26,0,3,1,3,1,7,0.1429,
2024,Holy Cross,151,False,False,26,27,2,5,1,2,3,10,0.3,
2024,Santa Clara,152,False,False,26,26,0,4,1,8,1,13,0.0769,
2024,Rhode Island,153,False,False,19,28,0,7,4,6,4,17,0.2353,
2024,Austin Peay,154,False,False,35,21,3,3,3,5,6,14,0.4286,
2024,Kent St.,155,False,False,27,27,1,7,2,4,3,14,0.2143,
2024,Tarleton St.,156,False,False,32,29,0,5,2,3,2,10,0.2,
2024,Hofstra,157,False,False,24,33,2,10,3,4,5,19,0.2632,
2024,Utah Valley,158,False,False,29,29,0,0,7,12,7,19,0.3684,
2024,Stony Brook,159,False,False,24,28,2,7,4,9,6,22,0.2727,
2024,Fairfield,160,False,False,34,24,1,3,2,1,3,7,0.4286,
2024,Stanford,161,False,False,22,33,2,11,7,6,9,26,0.3462,
2024,Oakland,162,False,False,31,27,0,1,4,8,4,13,0.3077,
2024,Southern Ill.,163,False,False,33,27,2,3,3,12,5,20,0.25,
2024,Washington,164,False,False,19,31,5,10,4,12,9,31,0.2903,
2024,Florida A&M,165,False,False,29,27,0,6,0,3,0,9,0.0,
2024,George Washington,166,False,False,31,26,2,7,0,2,2,11,0.1818,
2024,San Jose St.,167,False,False,24,33,1,6,2,6,3,15,0.2,
2024,N.C. A&T,168,False,False,25,28,2,5,5,8,7,20,0.35,
2024,ULM,169,False,False,25,30,3,12,3,10,6,28,0.2143,
2024,Fla. Atlantic,170,False,False,28,29,2,6,1,7,3,16,0.1875,
2024,Belmont,171,False,False,26,32,2,10,4,2,6,18,0.3333,
2024,Rice,172,False,False,23,36,4,12,1,6,5,23,0.2174,
2024,Northwestern St.,173,False,False,22,33,4,9,4,4,8,21,0.381,
2024,UMBC,174,False,False,27,25,0,5,2,4,2,11,0.1818,
2024,Miami (OH),175,False,False,27,27,0,6,2,7,2,15,0.1333,
2024,Princeton,176,False,False,18,26,3,10,2,2,5,17,0.2941,
2024,Navy,177,False,False,28,23,0,1,0,1,0,2,0.0,
2024,UAB,178,False,False,26,29,1,5,1,5,2,12,0.1667,
2024,Seton Hall,179,False,False,24,30,2,4,7,10,9,23,0.3913,
2024,Elon,180,False,False,21,32,1,10,1,5,2,17,0.1176,
2024,Penn,181,True,False,24,23,1,2,2,5,3,10,0.3,
2024,Fresno St.,182,True,False,33,27,1,1,1,4,2,7,0.2857,
2024,Massachusetts,183,False,False,24,29,2,6,0,0,2,8,0.25,
2024,UCLA,184,False,False,19,33,1,16,1,6,2,24,0.0833,
2024,Long Beach St.,185,False,False,25,29,0,6,5,14,5,25,0.2,
2024,Morehead St.,186,False,False,37,24,0,6,1,0,1,7,0.1429,
2024,St. Thomas (MN),187,False,False,22,24,0,0,0,9,0,9,0.0,
2024,Nevada,188,False,False,25,26,1,1,2,6,3,10,0.3,
2024,UT Arlington,189,False,False,22,34,1,9,6,6,7,22,0.3182,
2024,Gonzaga,190,False,False,21,32,1,10,3,10,4,24,0.1667,
2024,Monmouth,191,False,False,18,30,0,7,2,4,2,13,0.1538,
2024,Bucknell,192,False,False,22,24,0,1,0,3,0,4,0.0,
2024,New Mexico,193,False,False,28,26,1,2,2,5,3,10,0.3,
2024,UIW,194,False,False,26,31,0,5,6,7,6,18,0.3333,
2024,Butler,195,False,False,20,35,3,8,1,11,4,23,0.1739,
2024,Charleston So.,196,False,False,22,32,2,1,3,15,5,21,0.2381,
2024,Marshall,197,False,False,18,37,2,22,2,5,4,31,0.129,
2024,Washington St.,198,False,False,21,32,2,10,2,4,4,18,0.2222,
2024,Memphis,199,False,False,23,32,0,6,5,2,5,13,0.3846,
2024,Jackson St.,200,False,False,36,20,0,2,0,1,0,3,0.0,
2024,Fordham,201,False,False,19,33,0,7,3,9,3,19,0.1579,
2024,UTRGV,202,False,False,29,25,1,1,2,3,3,7,0.4286,
2024,Presbyterian,203,False,False,29,27,0,6,0,4,0,10,0.0,
2024,UMass Lowell,204,False,False,24,31,0,5,6,9,6,20,0.3,
2024,Toledo,205,False,False,27,32,0,0,3,13,3,16,0.1875,
2024,Texas Southern,206,False,False,23,25,0,6,0,5,0,11,0.0,
2024,Jacksonville,207,False,False,27,31,1,5,2,3,3,11,0.2727,
2024,Jacksonville St.,208,False,False,18,34,3,11,2,4,5,20,0.25,
2024,Bethune-Cookman,209,False,False,32,27,0,2,1,2,1,5,0.2,
2024,NIU,209,False,False,21,33,1,8,1,6,2,16,0.125,
2024,A&M-Corpus Christi,211,False,False,22,35,1,4,5,9,6,19,0.3158,
2024,Merrimack,212,False,False,33,26,1,3,0,3,1,7,0.1429,
2024,Central Ark.,213,False,False,26,30,1,3,0,7,1,11,0.0909,
2024,Villanova,214,False,False,18,33,3,10,2,5,5,20,0.25,
2024,Sacramento St.,215,False,False,26,31,2,4,3,3,5,12,0.4167,
2024,Grambling,216,True,False,26,26,0,6,0,1,0,7,0.0,
2024,Longwood,217,False,False,23,29,0,7,4,6,4,17,0.2353,
2024,Cornell,218,False,False,17,21,1,7,0,0,1,8,0.125,
2024,Arkansas St.,219,False,False,21,32,3,11,3,9,6,26,0.2308,
2024,LIU,220,True,False,33,23,0,2,1,2,1,5,0.2,
2024,Southern Ind.,221,False,False,27,32,1,5,1,5,2,12,0.1667,
2024,Lehigh,222,False,False,24,23,0,0,2,1,2,3,0.6667,
2024,North Dakota St.,223,False,False,20,30,0,11,1,2,1,14,0.0714,
2024,LMU (CA),224,False,False,24,30,2,6,2,6,4,16,0.25,
2024,Wagner,225,False,False,26,30,0,11,0,0,0,11,0.0,
2024,Gardner-Webb,226,False,False,22,31,0,6,4,6,4,16,0.25,
2024,UNC Asheville,227,False,False,22,28,0,6,0,7,0,13,0.0,
2024,St. Bonaventure,228,False,False,18,31,1,3,3,3,4,10,0.4,
2024,Richmond,229,False,False,27,32,0,3,2,7,2,12,0.1667,
2024,Prairie View,230,False,False,29,26,0,3,0,5,0,8,0.0,
2024,Lipscomb,231,False,False,22,34,1,9,1,8,2,19,0.1053,
2024,NJIT,232,False,False,26,28,0,1,0,3,0,4,0.0,
2024,Houston Christian,233,False,False,18,31,1,3,1,12,2,17,0.1176,
2024,UNLV,233,False,False,26,26,0,0,0,4,0,4,0.0,
2024,Middle Tenn.,235,False,False,20,36,2,11,0,1,2,14,0.1429,
2024,Purdue Fort Wayne,236,False,False,19,37,1,0,5,20,6,26,0.2308,
2024,Davidson,237,False,False,24,28,0,5,0,6,0,11,0.0,
2024,San Diego St.,238,False,False,17,37,0,8,3,7,3,18,0.1667,
2024,George Mason,239,False,False,21,32,1,4,3,11,4,19,0.2105,
2024,The Citadel,240,False,False,21,32,0,9,2,3,2,14,0.1429,
2024,Alabama St.,241,False,False,29,27,1,4,1,2,2,8,0.25,
2024,Cal St. Fullerton,242,False,False,16,38,1,11,1,4,2,17,0.1176,
2024,Tennessee Tech,243,False,False,29,26,0,2,0,2,0,4,0.0,
2024,Valparaiso,244,False,False,14,38,0,7,1,13,1,21,0.0476,
2024,Binghamton,245,False,False,21,29,0,3,0,6,0,9,0.0,
2024,Winthrop,246,False,False,19,29,0,5,3,7,3,15,0.2,
2024,FDU,247,False,False,26,30,1,6,0,2,1,9,0.1111,
2024,Lafayette,248,False,False,14,35,0,11,1,3,1,15,0.0667,
2024,Towson,249,False,False,15,39,0,10,2,8,2,20,0.1,
2024,SIUE,250,False,False,21,34,1,3,3,4,4,11,0.3636,
2024,Ohio,251,False,False,18,32,0,3,1,10,1,14,0.0714,
2024,Canisius,252,False,False,18,30,0,1,1,4,1,6,0.1667,
2024,Bradley,253,False,False,13,37,0,4,3,8,3,15,0.2,
2024,Quinnipiac,254,False,False,20,30,0,0,1,12,1,13,0.0769,
2024,South Dakota St.,254,False,False,20,29,1,2,1,4,2,8,0.25,
2024,Stonehill,256,False,False,18,29,0,0,2,2,2,4,0.5,
2024,Eastern Ill.,257,False,False,20,33,0,4,1,0,1,5,0.2,
2024,Oral Roberts,258,True,False,27,30,1,4,1,1,2,7,0.2857,
2024,Milwaukee,259,False,False,19,36,0,0,2,12,2,14,0.1429,
2024,North Florida,260,False,False,21,30,0,4,1,4,1,9,0.1111,
2024,Le Moyne,261,False,False,22,27,0,0,2,2,2,4,0.5,
2024,Eastern Ky.,262,False,False,21,37,0,9,1,0,1,10,0.1,
2024,Marist,263,False,False,20,35,1,3,0,3,1,7,0.1429,
2024,Radford,264,False,False,16,34,0,9,0,4,0,13,0.0,
2024,UC Riverside,265,False,False,16,36,0,9,1,4,1,14,0.0714,
2024,Yale,266,False,False,18,23,0,0,2,4,2,6,0.3333,
2024,Central Mich.,267,False,False,17,38,1,8,3,6,4,18,0.2222,
2024,Delaware St.,268,False,False,22,27,0,0,0,1,0,1,0.0,
2024,Akron,269,False,False,15,39,2,7,1,9,3,19,0.1579,
2024,Harvard,270,False,False,13,26,0,4,1,5,1,10,0.1,
2024,Southern U.,271,False,False,22,29,1,4,0,4,1,9,0.1111,
2024,Seattle U,272,False,False,17,36,0,4,1,5,1,10,0.1,
2024,Manhattan,273,False,False,22,30,0,6,0,1,0,7,0.0,
2024,Northern Colo.,274,False,False,16,38,0,8,1,3,1,12,0.0833,
2024,San Francisco,275,False,False,21,34,1,9,1,5,2,16,0.125,
2024,Western Ill.,276,False,False,13,37,1,2,1,10,2,14,0.1429,
2024,Pepperdine,277,False,False,15,38,1,4,1,11,2,17,0.1176,
2024,CSU Bakersfield,278,False,False,15,38,0,7,3,11,3,21,0.1429,
2024,North Ala.,279,False,False,18,35,0,3,0,3,0,6,0.0,
2024,Youngstown St.,280,False,False,16,44,0,11,3,10,3,24,0.125,
2024,Central Conn. St.,281,False,False,18,24,0,3,0,1,0,4,0.0,
2024,UT Martin,282,False,False,21,35,0,1,0,3,0,4,0.0,
2024,Queens (NC),283,False,False,14,41,0,4,0,6,0,10,0.0,
2024,Dartmouth,284,False,False,13,26,0,3,1,1,1,5,0.2,
2024,UAlbany,285,False,False,15,34,0,6,0,4,0,10,0.0,
2024,Mount St. Mary's,286,False,False,22,34,0,7,0,4,0,11,0.0,
2024,Utah Tech,287,False,False,14,42,1,2,2,10,3,15,0.2,
2024,Omaha,288,False,False,18,32,0,4,0,2,0,6,0.0,
2024,Brown,289,False,False,11,28,0,0,1,4,1,5,0.2,
2024,Lindenwood,290,False,False,16,38,0,0,1,8,1,9,0.1111,
2024,Eastern Mich.,291,False,False,14,38,0,1,2,3,2,6,0.3333,
2024,Iona,292,False,False,12,38,0,2,0,12,0,14,0.0,
2024,Maine,293,False,False,12,37,0,1,1,6,1,8,0.125,
2024,Pacific,294,False,False,11,44,0,10,0,11,0,21,0.0,
2024,Alabama A&M,295,False,False,13,38,0,1,0,3,0,4,0.0,
2024,Bellarmine,296,False,False,10,45,0,2,0,9,0,11,0.0,
2024,Mississippi Val.,297,False,False,12,34,0,0,0,1,0,1,0.0,
2024,Siena,298,False,False,12,40,0,3,0,7,0,10,0.0,
2024,SFA,299,False,False,10,44,0,3,0,9,0,12,0.0,
2024,Coppin St.,300,False,False,12,33,0,0,0,2,0,2,0.0,
2024,Saint Peter's,301,False,False,12,40,0,0,0,3,0,3,0.0,
2024,Ark.-Pine Bluff,302,False,False,15,34,0,1,0,0,0,1,0.0,
2024,Norfolk St.,303,False,False,12,41,0,1,0,1,0,2,0.0,
2024,Alcorn,304,False,False,6,43,0,2,0,2,0,4,0.0,
2024,UMES,305,False,False,0,48,0,0,0,0,0,0,0.0,
2025,Vanderbilt,1,True,True,42,16,18,14,11,1,29,44,0.6591,
2025,Georgia,2,True,True,42,15,13,12,10,3,23,38,0.6053,
2025,Auburn,3,True,True,38,18,16,12,6,2,22,36,0.6111,
2025,Texas,4,True,True,42,12,18,11,8,0,26,37,0.7027,
2025,Arkansas,5,True,True,43,13,14,10,5,2,19,31,0.6129,
2025,Oregon St.,6,True,True,41,12,11,11,9,0,20,31,0.6452,
2025,North Carolina,7,True,True,42,12,16,6,13,6,29,41,0.7073,
2025,Coastal Carolina,8,True,True,48,11,7,7,10,2,17,26,0.6538,
2025,LSU,9,True,True,43,14,13,11,9,1,22,34,0.6471,
2025,Alabama,10,True,False,41,16,17,13,4,2,21,36,0.5833,
2025,Clemson,11,True,True,44,16,15,12,12,4,27,43,0.6279,
2025,Oregon,12,True,True,42,14,9,1,17,4,26,31,0.8387,
2025,UCLA,13,True,True,42,16,3,7,25,5,28,40,0.7,
2025,Florida St.,14,True,True,38,14,14,12,7,2,21,35,0.6,
2025,Tennessee,15,True,True,43,16,15,11,6,5,21,37,0.5676,
2025,Florida,16,True,False,38,20,12,18,8,1,20,39,0.5128,
2025,Ole Miss,17,True,True,40,19,19,15,4,2,23,40,0.575,
2025,TCU,18,True,False,39,18,9,10,23,7,32,49,0.6531,
2025,DBU,19,True,False,40,16,8,5,15,8,23,36,0.6389,
2025,Southern Miss.,20,True,True,44,14,8,5,6,3,14,22,0.6364,
2025,Georgia Tech,21,True,False,40,17,15,12,5,3,20,35,0.5714,
2025,Northeastern,22,True,False,48,9,3,5,9,2,12,19,0.6316,
2025,Kansas,23,True,False,43,15,9,7,14,7,23,37,0.6216,
2025,UTSA,24,True,False,44,13,7,6,8,0,15,21,0.7143,
2025,UC Irvine,25,True,False,41,15,10,6,8,2,18,26,0.6923,
2025,Oklahoma,26,True,False,35,20,11,17,7,2,18,37,0.4865,
2025,Wake Forest,27,True,False,36,20,9,8,10,8,19,35,0.5429,
2025,West Virginia,28,True,False,41,14,9,10,10,2,19,31,0.6129,
2025,Arizona,29,True,False,39,18,12,8,12,8,24,40,0.6,
2025,Louisville,30,True,False,35,21,14,17,5,1,19,37,0.5135,
2025,Cal Poly,31,True,False,41,17,5,13,6,1,11,25,0.44,
2025,Cincinnati,32,True,False,32,24,7,11,17,10,24,45,0.5333,
2025,Mississippi St.,33,True,False,34,21,8,18,3,2,11,31,0.3548,
2025,Duke,34,True,False,37,19,8,11,11,5,19,35,0.5429,
2025,Kansas St.,35,True,False,31,24,9,19,5,3,14,36,0.3889,
2025,NC State,36,True,False,33,19,10,10,9,4,19,33,0.5758,
2025,ETSU,37,True,False,41,15,3,3,7,5,10,18,0.5556,
2025,Miami (FL),38,True,False,31,24,11,15,8,7,19,41,0.4634,
2025,Western Ky.,39,True,False,46,12,3,5,8,6,11,22,0.5,
2025,Kentucky,40,True,False,29,24,12,19,0,1,12,32,0.375,
2025,UTRGV,41,False,False,36,18,2,7,11,2,13,22,0.5909,
2025,UConn,42,False,False,38,21,9,14,5,5,14,33,0.4242,
2025,Xavier,43,False,False,32,27,7,14,9,11,16,41,0.3902,
2025,Troy,44,False,False,39,21,3,10,8,3,11,24,0.4583,
2025,Southern California,45,True,False,35,21,10,11,10,6,20,37,0.5405,
2025,Notre Dame,46,False,False,32,21,11,14,3,4,14,32,0.4375,
2025,Oklahoma St.,47,True,False,28,23,7,15,12,2,19,36,0.5278,
2025,Creighton,48,True,False,41,14,4,0,9,5,13,18,0.7222,
2025,Arizona St.,49,True,False,35,22,9,12,6,4,15,31,0.4839,
2025,Southeastern La.,50,False,False,38,16,0,3,10,5,10,18,0.5556,
2025,Hawaii,51,False,False,35,21,6,11,6,2,12,25,0.48,
2025,Stanford,52,False,False,27,25,8,13,13,6,21,40,0.525,
2025,Nebraska,53,True,False,32,27,8,11,11,12,19,42,0.4524,
2025,Texas A&M,54,False,False,30,26,9,18,4,3,13,34,0.3824,
2025,Pittsburgh,55,False,False,28,27,8,20,7,4,15,39,0.3846,
2025,Lamar University,56,False,False,40,17,1,7,4,6,5,18,0.2778,
2025,Virginia Tech,57,False,False,31,25,12,18,7,3,19,40,0.475,
2025,Kennesaw St.,58,False,False,31,27,2,11,11,11,13,35,0.3714,
2025,BYU,59,False,False,28,27,6,15,10,9,16,40,0.4,
2025,Columbia,60,True,False,29,17,1,9,3,1,4,14,0.2857,
2025,Virginia,61,False,False,32,18,5,6,11,10,16,32,0.5,
2025,Fla. Atlantic,62,False,False,37,21,5,8,6,6,11,25,0.44,
2025,Charlotte,63,False,False,36,22,2,7,12,8,14,29,0.4828,
2025,Stetson,64,True,False,40,20,3,7,5,6,8,21,0.381,
2025,UC Santa Barbara,65,False,False,36,18,2,5,6,4,8,17,0.4706,
2025,Indiana,66,False,False,32,24,4,7,4,11,8,26,0.3077,
2025,Mercer,67,False,False,35,25,2,4,3,8,5,17,0.2941,
2025,Rhode Island,68,True,False,38,20,2,4,1,4,3,11,0.2727,
2025,Jacksonville St.,69,False,False,37,25,6,15,3,2,9,26,0.3462,
2025,Michigan,70,False,False,33,23,2,9,6,5,8,22,0.3636,
2025,East Carolina,71,True,False,33,25,3,10,6,8,9,27,0.3333,
2025,UCF,72,False,False,29,26,8,16,7,5,15,36,0.4167,
2025,Baylor,73,False,False,33,22,7,9,6,8,13,30,0.4333,
2025,Washington,74,False,False,29,28,4,14,7,5,11,30,0.3667,
2025,Boston College,75,False,False,28,29,8,13,9,13,17,43,0.3953,
2025,Northwestern St.,76,False,False,35,21,2,6,8,7,10,23,0.4348,
2025,South Carolina,77,False,False,28,29,6,29,1,0,7,36,0.1944,
2025,Miami (OH),78,True,False,35,21,2,5,8,5,10,20,0.5,
2025,McNeese,79,False,False,31,17,3,5,6,6,9,20,0.45,
2025,Fairfield,80,True,False,39,17,0,1,2,3,2,6,0.3333,
2025,Iowa,81,False,False,33,22,5,9,14,6,19,34,0.5588,
2025,South Fla.,82,False,False,31,25,3,7,7,7,10,24,0.4167,
2025,Rutgers,83,False,False,29,28,5,9,7,9,12,30,0.4,
2025,UNCW,84,False,False,34,24,3,10,7,7,10,27,0.3704,
2025,Murray St.,85,True,False,39,13,1,1,1,0,2,3,0.6667,
2025,Penn St.,86,False,False,33,23,4,5,13,10,17,32,0.5312,
2025,Saint Mary's (CA),87,True,False,35,24,2,7,2,1,4,12,0.3333,
2025,Texas Tech,88,False,False,20,33,7,20,7,11,14,45,0.3111,
2025,USC Upstate,89,True,False,36,23,2,3,6,12,8,23,0.3478,
2025,Austin Peay,90,False,False,45,14,0,2,3,1,3,6,0.5,
2025,Samford,91,False,False,30,27,2,15,7,6,9,30,0.3,
2025,Houston Christian,92,True,False,32,23,4,9,2,6,6,21,0.2857,
2025,Wright St.,93,True,False,38,19,2,10,2,1,4,15,0.2667,
2025,Houston,94,False,False,30,25,10,15,4,2,14,31,0.4516,
2025,Oral Roberts,95,False,False,37,22,4,7,0,4,4,15,0.2667,
2025,Tennessee Tech,96,False,False,37,20,1,4,0,5,1,10,0.1,
2025,Kent St.,97,False,False,38,18,1,4,5,7,6,17,0.3529,
2025,Grand Canyon,98,False,False,31,27,5,7,4,3,9,19,0.4737,
2025,High Point,99,False,False,39,19,2,4,1,3,3,10,0.3,
2025,Liberty,100,False,False,30,27,7,9,9,12,16,37,0.4324,
2025,The Citadel,101,False,False,31,26,0,2,7,11,7,20,0.35,
2025,Fresno St.,102,True,False,31,27,1,6,3,8,4,18,0.2222,
2025,California,103,False,False,24,31,8,16,4,6,12,34,0.3529,
2025,Minnesota,104,False,False,24,28,6,7,4,7,10,24,0.4167,
2025,Marshall,105,False,False,33,26,6,16,1,2,7,25,0.28,
2025,St. Thomas (MN),106,False,False,29,21,0,2,3,8,3,13,0.2308,
2025,Col. of Charleston,107,False,False,37,22,2,4,1,4,3,11,0.2727,
2025,Louisiana Tech,108,False,False,32,25,3,11,4,4,7,22,0.3182,
2025,Ball St.,109,False,False,36,22,0,4,2,4,2,10,0.2,
2025,Eastern Ill.,110,False,False,31,22,0,0,1,5,1,6,0.1667,
2025,Cal St. Fullerton,111,False,False,29,27,2,9,7,12,9,30,0.3,
2025,St. John's (NY),112,False,False,29,24,1,10,4,7,5,22,0.2273,
2025,Rider,113,False,False,34,18,0,0,4,7,4,11,0.3636,
2025,George Mason,114,False,False,40,21,1,5,2,3,3,11,0.2727,
2025,New Orleans,115,False,False,28,26,1,5,6,11,7,23,0.3043,
2025,Purdue,116,False,False,31,23,1,8,8,9,9,26,0.3462,
2025,Texas St.,117,False,False,27,31,7,13,3,4,10,27,0.3704,
2025,Southern Ill.,118,False,False,37,20,1,3,3,4,4,11,0.3636,
2025,Utah,119,False,False,21,29,4,15,4,9,8,32,0.25,
2025,Wofford,120,False,False,33,27,3,4,6,12,9,25,0.36,
2025,Illinois,121,False,False,30,24,1,7,8,10,9,26,0.3462,
2025,FGCU,122,False,False,31,29,1,10,6,3,7,20,0.35,
2025,Old Dominion,123,False,False,22,31,5,17,1,2,6,25,0.24,
2025,Tulane,124,False,False,33,25,6,4,4,13,10,27,0.3704,
2025,Western Caro.,125,False,False,30,28,1,9,3,2,4,15,0.2667,
2025,Maryland,126,False,False,27,29,5,9,8,11,13,33,0.3939,
2025,FIU,127,False,False,31,27,1,11,8,8,9,28,0.3214,
2025,San Diego,128,False,False,28,30,1,15,5,6,6,27,0.2222,
2025,Campbell,129,False,False,25,31,2,10,6,5,8,23,0.3478,
2025,Quinnipiac,130,False,False,29,26,0,5,5,4,5,14,0.3571,
2025,Bowling Green,131,False,False,33,22,0,3,1,4,1,8,0.125,
2025,Bryant,132,False,False,36,19,2,3,1,0,3,6,0.5,
2025,Northwestern,133,False,False,25,27,3,7,6,8,9,24,0.375,
2025,Louisiana,134,False,False,27,31,1,10,6,7,7,24,0.2917,
2025,UNLV,135,False,False,31,23,1,3,5,3,6,12,0.5,
2025,Toledo,136,False,False,32,29,1,5,5,15,6,26,0.2308,
2025,New Mexico,137,False,False,30,23,0,2,6,5,6,13,0.4615,
2025,Richmond,138,False,False,33,19,3,2,1,0,4,6,0.6667,
2025,Southern Ind.,139,False,False,27,29,0,1,1,11,1,13,0.0769,
2025,Yale,140,False,False,31,14,0,0,2,5,2,7,0.2857,
2025,North Dakota St.,141,True,False,20,32,2,13,6,8,8,29,0.2759,
2025,Jacksonville,142,False,False,30,26,0,11,3,5,3,19,0.1579,
2025,Arkansas St.,143,False,False,26,28,1,10,4,6,5,21,0.2381,
2025,Charleston So.,144,False,False,31,22,2,0,2,10,4,14,0.2857,
2025,Saint Louis,145,False,False,33,26,0,3,1,7,1,11,0.0909,
2025,Michigan St.,146,False,False,28,27,3,12,3,5,6,23,0.2609,
2025,Gonzaga,147,False,False,26,27,5,9,0,4,5,18,0.2778,
2025,Holy Cross,148,True,False,31,25,1,4,0,1,1,6,0.1667,
2025,UC Davis,149,False,False,27,28,2,11,0,3,2,16,0.125,
2025,Nevada,150,False,False,34,23,0,0,3,7,3,10,0.3,
2025,Missouri,151,False,False,16,39,4,28,0,5,4,37,0.1081,
2025,Stony Brook,152,False,False,25,27,0,6,1,8,1,15,0.0667,
2025,Ga. Southern,153,False,False,28,31,1,9,4,8,5,22,0.2273,
2025,UC San Diego,154,False,False,26,25,3,6,8,5,11,22,0.5,
2025,Illinois St.,155,False,False,28,28,1,4,3,4,4,12,0.3333,
2025,Long Beach St.,156,False,False,22,31,4,9,4,9,8,26,0.3077,
2025,UNC Greensboro,157,False,False,21,33,4,9,5,12,9,30,0.3,
2025,Delaware,158,False,False,28,25,0,6,4,5,4,15,0.2667,
2025,LMU (CA),159,False,False,29,29,1,7,2,9,3,19,0.1579,
2025,South Alabama,160,False,False,23,28,2,4,3,7,5,16,0.3125,
2025,Utah Valley,161,True,False,32,27,0,1,3,4,3,8,0.375,
2025,UT Arlington,162,False,False,21,33,4,11,2,3,6,20,0.3,
2025,Indiana St.,163,False,False,24,31,2,5,2,4,4,13,0.3077,
2025,Wichita St.,164,False,False,20,36,2,16,4,9,6,31,0.1935,
2025,UAB,165,False,False,24,30,3,9,3,9,6,24,0.25,
2025,A&M-Corpus Christi,166,False,False,21,31,1,11,4,10,5,26,0.1923,
2025,Saint Joseph's,167,False,False,24,28,0,2,2,8,2,12,0.1667,
2025,Binghamton,168,True,False,29,24,0,2,0,3,0,5,0.0,
2025,Sacramento St.,169,False,False,32,26,0,1,3,2,3,6,0.5,
2025,UIC,170,False,False,22,33,0,7,2,15,2,24,0.0833,
2025,Penn,171,False,False,21,20,0,6,1,3,1,10,0.1,
2025,North Florida,172,False,False,27,29,0,7,3,9,3,19,0.1579,
2025,New Mexico St.,173,False,False,23,33,2,11,5,12,7,30,0.2333,
2025,Portland,174,False,False,22,30,2,6,3,7,5,18,0.2778,
2025,Army West Point,175,False,False,25,25,0,1,0,3,0,4,0.0,
2025,Georgia St.,176,False,False,26,30,1,10,3,4,4,18,0.2222,
2025,Southeast Mo. St.,177,False,False,30,25,1,2,0,2,1,5,0.2,
2025,Missouri St.,178,False,False,30,25,1,4,3,5,4,13,0.3077,
2025,Seton Hall,179,False,False,24,30,2,8,4,8,6,22,0.2727,
2025,San Jose St.,180,False,False,29,30,0,2,4,4,4,10,0.4,
2025,Abilene Christian,181,False,False,34,23,1,1,0,4,1,6,0.1667,
2025,LIU,182,False,False,35,23,0,7,1,0,1,8,0.125,
2025,SIUE,183,False,False,26,28,0,3,3,3,3,9,0.3333,
2025,Lindenwood,184,False,False,30,30,0,4,3,7,3,14,0.2143,
2025,Bethune-Cookman,185,True,False,37,21,0,3,1,4,1,8,0.125,
2025,Omaha,186,False,False,20,30,3,5,4,9,7,21,0.3333,
2025,Northern Ky.,187,False,False,31,25,1,6,2,5,3,14,0.2143,
2025,Davidson,188,False,False,27,29,0,6,0,2,0,8,0.0,
2025,ULM,189,False,False,22,33,1,10,1,5,2,17,0.1176,
2025,George Washington,190,False,False,27,27,2,4,0,0,2,6,0.3333,
2025,Winthrop,191,False,False,31,29,1,2,1,9,2,13,0.1538,
2025,App State,192,False,False,23,31,0,11,4,6,4,21,0.1905,
2025,Dayton,193,False,False,27,31,0,7,1,3,1,11,0.0909,
2025,Maine,194,False,False,20,31,1,3,2,11,3,17,0.1765,
2025,Villanova,195,False,False,22,28,0,4,4,13,4,21,0.1905,
2025,Sacred Heart,196,False,False,28,26,1,1,1,10,2,13,0.1538,
2025,Florida A&M,197,False,False,33,25,1,5,1,3,2,10,0.2,
2025,Monmouth,198,False,False,24,30,0,6,2,8,2,16,0.125,
2025,Fordham,199,False,False,25,33,0,6,2,7,2,15,0.1333,
2025,Middle Tenn.,200,False,False,23,32,3,8,1,7,4,19,0.2105,
2025,California Baptist,201,False,False,30,27,0,2,3,2,3,7,0.4286,
2025,Nicholls,202,False,False,17,32,1,9,2,15,3,27,0.1111,
2025,North Ala.,203,False,False,24,31,0,6,0,5,0,11,0.0,
2025,SFA,204,False,False,18,31,1,6,2,8,3,17,0.1765,
2025,Bucknell,205,False,False,18,27,2,4,2,3,4,11,0.3636,
2025,CSUN,205,False,False,15,34,0,13,4,7,4,24,0.1667,
2025,NJIT,207,False,False,27,26,0,0,2,9,2,11,0.1818,
2025,James Madison,208,False,False,17,38,0,13,5,10,5,28,0.1786,
2025,Central Conn. St.,209,True,False,31,15,0,1,0,3,0,4,0.0,
2025,Alabama St.,210,False,False,31,29,1,4,0,3,1,8,0.125,
2025,Central Mich.,211,False,False,20,35,0,5,2,7,2,14,0.1429,
2025,Tarleton St.,212,False,False,24,32,0,6,0,5,0,11,0.0,
2025,Marist,213,False,False,26,28,0,2,2,1,2,5,0.4,
2025,Hofstra,214,False,False,18,36,0,10,4,5,4,19,0.2105,
2025,Elon,215,False,False,25,32,0,7,3,7,3,17,0.1765,
2025,Western Ill.,216,False,False,18,32,0,0,3,8,3,11,0.2727,
2025,Lipscomb,217,False,False,25,30,0,9,3,3,3,15,0.2,
2025,Santa Clara,218,False,False,20,30,0,6,5,4,5,15,0.3333,
2025,Memphis,219,False,False,22,33,2,10,3,7,5,22,0.2273,
2025,Rice,220,False,False,17,40,1,10,4,16,5,31,0.1613,
2025,Air Force,221,False,False,20,34,0,7,2,5,2,14,0.1429,
2025,San Francisco,222,False,False,26,30,0,0,2,7,2,9,0.2222,
2025,Radford,223,False,False,28,28,2,3,3,1,5,9,0.5556,
2025,St. Bonaventure,224,False,False,20,29,1,6,0,1,1,8,0.125,
2025,Milwaukee,225,False,False,24,35,1,7,2,16,3,26,0.1154,
2025,William & Mary,226,False,False,21,35,0,11,2,7,2,20,0.1,
2025,Western Mich.,227,False,False,19,32,2,6,1,9,3,18,0.1667,
2025,UT Martin,228,False,False,20,34,0,5,2,5,2,12,0.1667,
2025,Belmont,229,False,False,26,34,0,2,0,11,0,13,0.0,
2025,VMI,230,False,False,27,26,0,1,4,11,4,16,0.25,
2025,Jackson St.,231,False,False,30,21,0,2,0,2,0,4,0.0,
2025,Ohio St.,232,False,False,13,37,3,15,1,9,4,28,0.1429,
2025,CSU Bakersfield,233,False,False,18,38,2,8,3,11,5,24,0.2083,
2025,Washington St.,234,False,False,18,36,0,7,3,4,3,14,0.2143,
2025,Manhattan,235,False,False,20,28,0,4,2,2,2,8,0.25,
2025,UAlbany,236,False,False,22,32,0,3,3,1,3,7,0.4286,
2025,Lehigh,237,False,False,24,26,0,3,0,1,0,4,0.0,
2025,Eastern Mich.,238,False,False,21,31,1,1,0,7,1,9,0.1111,
2025,UIW,239,False,False,17,33,3,4,0,9,3,16,0.1875,
2025,San Diego St.,240,False,False,20,39,0,5,0,11,0,16,0.0,
2025,Bradley,241,False,False,16,35,0,6,0,8,0,14,0.0,
2025,NIU,242,False,False,21,33,0,1,5,10,5,16,0.3125,
2025,Harvard,243,False,False,14,28,0,7,0,7,0,14,0.0,
2025,Utah Tech,244,False,False,24,31,1,2,0,2,1,5,0.2,
2025,West Ga.,245,False,False,20,31,1,6,3,5,4,15,0.2667,
2025,Little Rock,246,True,False,24,32,1,2,0,1,1,4,0.25,
2025,Mount St. Mary's,247,False,False,23,28,0,5,1,5,1,11,0.0909,
2025,VCU,248,False,False,17,37,0,5,2,10,2,17,0.1176,
2025,Navy,249,False,False,26,25,0,1,0,0,0,1,0.0,
2025,UC Riverside,250,False,False,16,36,0,6,2,5,2,13,0.1538,
2025,Grambling,251,False,False,26,28,0,2,0,5,0,7,0.0,
2025,Wagner,252,False,False,31,22,0,0,0,1,0,1,0.0,
2025,Sam Houston,253,False,False,12,43,1,16,1,8,2,26,0.0769,
2025,Lafayette,254,False,False,14,35,0,7,1,0,1,8,0.125,
2025,Texas Southern,255,False,False,22,32,0,8,0,1,0,9,0.0,
2025,UNC Asheville,256,False,False,15,35,0,7,2,11,2,20,0.1,
2025,Southern U.,257,False,False,24,27,1,4,0,3,1,8,0.125,
2025,Ark.-Pine Bluff,258,False,False,19,34,0,2,0,4,0,6,0.0,
2025,N.C. A&T,259,False,False,15,37,0,8,2,2,2,12,0.1667,
2025,Siena,260,False,False,22,32,0,5,3,3,3,11,0.2727,
2025,Cornell,261,False,False,12,22,2,4,0,0,2,6,0.3333,
2025,Akron,262,False,False,20,34,0,6,1,5,1,12,0.0833,
2025,Towson,263,False,False,21,35,1,4,1,4,2,10,0.2,
2025,Presbyterian,264,False,False,17,35,1,6,0,8,1,15,0.0667,
2025,Bellarmine,265,False,False,17,38,1,5,0,9,1,15,0.0667,
2025,Northern Colo.,266,False,False,18,33,0,0,0,6,0,6,0.0,
2025,Seattle U,267,False,False,20,32,0,3,0,5,0,8,0.0,
2025,Massachusetts,268,False,False,14,34,0,1,1,3,1,5,0.2,
2025,Evansville,269,False,False,17,37,0,3,3,8,3,14,0.2143,
2025,Dartmouth,270,False,False,11,25,0,9,0,3,0,12,0.0,
2025,Merrimack,271,False,False,17,33,0,2,1,13,1,16,0.0625,
2025,Niagara,272,False,False,19,28,0,3,1,2,1,6,0.1667,
2025,UMass Lowell,273,False,False,18,35,1,3,2,6,3,12,0.25,
2025,Queens (NC),274,False,False,9,44,0,14,1,8,1,23,0.0435,
2025,Princeton,275,False,False,12,31,1,5,2,7,3,15,0.2,
2025,Morehead St.,276,False,False,14,39,0,2,3,5,3,10,0.3,
2025,South Dakota St.,277,False,False,16,36,0,3,1,7,1,11,0.0909,
2025,Iona,278,False,False,19,33,0,0,0,4,0,4,0.0,
2025,Butler,279,False,False,15,39,0,8,1,8,1,17,0.0588,
2025,Georgetown,280,False,False,16,40,0,11,2,4,2,17,0.1176,
2025,Pacific,281,False,False,20,36,0,0,0,5,0,5,0.0,
2025,Oakland,282,False,False,19,41,1,7,0,7,1,15,0.0667,
2025,Pepperdine,283,False,False,12,42,0,7,1,8,1,16,0.0625,
2025,Gardner-Webb,284,False,False,17,36,0,5,1,9,1,15,0.0667,
2025,Longwood,285,False,False,14,38,0,4,2,4,2,10,0.2,
2025,Brown,286,False,False,11,28,0,4,2,2,2,8,0.25,
2025,UMBC,287,False,False,18,28,0,2,1,1,1,4,0.25,
2025,Purdue Fort Wayne,288,False,False,11,42,0,4,0,12,0,16,0.0,
2025,Central Ark.,289,False,False,20,35,0,2,2,4,2,8,0.25,
2025,Ohio,290,False,False,14,37,0,1,0,7,0,8,0.0,
2025,Canisius,291,False,False,14,31,0,7,0,0,0,7,0.0,
2025,Youngstown St.,292,False,False,15,42,0,8,0,5,0,13,0.0,
2025,Le Moyne,293,False,False,20,28,0,0,0,8,0,8,0.0,
2025,Stonehill,294,False,False,20,32,0,1,0,8,0,9,0.0,
2025,Eastern Ky.,295,False,False,11,44,0,6,0,10,0,16,0.0,
2025,Valparaiso,296,False,False,10,40,0,2,1,8,1,11,0.0909,
2025,Prairie View,297,False,False,17,36,0,3,0,1,0,4,0.0,
2025,Saint Peter's,298,False,False,11,37,0,0,1,2,1,3,0.3333,
2025,Mercyhurst,299,False,False,17,35,0,1,0,2,0,3,0.0,
2025,FDU,300,False,False,16,37,0,0,0,5,0,5,0.0,
2025,Mississippi Val.,301,False,False,12,29,0,1,0,0,0,1,0.0,
2025,Alcorn,302,False,False,6,43,0,4,0,2,0,6,0.0,
2025,Coppin St.,303,False,False,15,34,0,0,0,0,0,0,0.0,
2025,Alabama A&M,304,False,False,10,40,0,0,0,0,0,0,0.0,
2025,UMES,305,False,False,7,41,0,0,0,0,0,0,0.0,
2025,Delaware St.,306,False,False,7,34,0,0,0,0,0,0,0.0,
2025,Norfolk St.,307,False,False,4,38,0,2,0,0,0,2,0.0,
