year,round,pick,team,player,overall_rank,pos,dob,bt,school_committed,school,conference,slot_value,expected_signing,signing_bonus,pool_impact,pool_round,diff_from_slot,hs,classification,juco,signed,player_age,rank_minus_pick,code_round,code_age,code_dist
2022,1,1,Baltimore Orioles,Jackson Holliday,3,SS,2003-12-04,L/R,Oklahoma State,,,8846900,8846900,8200000,-8200000,Yes,-0.07312165843402774,True,HS SR,No,Yes,18.63013698630137,2,S,H,Q
2022,1,2,Arizona Diamondbacks,Druw Jones,1,OF,2003-11-28,R/R,Vanderbilt,,,8189400,8189400,8200000,-8200000,Yes,0.0012943561188853885,True,HS SR,No,Yes,18.646575342465752,-1,S,H,P
2022,1,3,Texas Rangers,Kumar Rocker,19,P,1999-11-22,R/R,,Tri-City (Frontier),,7591600,7591600,5200000,-5200000,Yes,-0.3150324042362611,False,4YR JR,No,Yes,22.665753424657535,16,S,L,Q
2022,1,4,Pittsburgh Pirates,Termarr Johnson,4,SS,2004-06-11,L/R,Arizona State,,,7005800,7005800,7200000,-7200000,Yes,0.02771988923463416,True,HS SR,No,Yes,18.10958904109589,0,S,H,P
2022,1,5,Washington Nationals,Elijah Green,5,OF,2003-12-04,R/R,Miami,,,6497700,6497700,6500000,-6500000,Yes,0.0003539714052664789,True,HS SR,No,Yes,18.63013698630137,0,S,H,P
2022,1,6,Miami Marlins,Jacob Berry,7,3B,2001-05-05,S/R,,LSU,SEC,6037500,6037500,6000000,-6000000,Yes,-0.006211180124223602,False,4YR SO,No,Yes,21.213698630136985,1,T,K,Q
2022,1,7,Chicago Cubs,Cade Horton,32,P,2001-08-20,R/R,,Oklahoma,Big 12,5711000,5711000,4500000,-4500000,Yes,-0.21204692698301522,False,4YR SO,No,Yes,20.92054794520548,25,T,J,Q
2022,1,8,Minnesota Twins,Brooks Lee,2,SS,2001-02-14,S/R,,Cal Poly,Big West,5442400,5442400,5700000,-5700000,Yes,0.047332059385565194,False,4YR JR,No,Yes,21.432876712328767,-6,T,K,P
2022,1,9,Kansas City Royals,Gavin Cross,10,OF,2001-02-13,L/L,,Virginia Tech,ACC,5202900,5202900,5200000,-5200000,Yes,-0.0005573814603394261,False,4YR JR,No,Yes,21.435616438356163,1,T,K,Q
2022,1,10,Colorado Rockies,Gabriel Hughes,20,P,2001-08-22,R/R,,Gonzaga,WCC,4983000,4983000,4000000,-4000000,Yes,-0.1972707204495284,False,4YR JR,No,Yes,20.915068493150685,10,T,J,Q
2022,1,11,New York Mets,Kevin Parada,6,C,2001-08-03,R/R,,Georgia Tech,ACC,4780700,4780700,5000000,-5000000,Yes,0.0458719434392453,False,4YR SO,No,Yes,20.96712328767123,-5,U,J,P
2022,1,12,Detroit Tigers,Jace Jung,9,2B,2000-10-04,L/R,,Texas Tech,Big 12,4590300,4590300,4600000,-4600000,Yes,0.002113151645861926,False,4YR JR,No,Yes,21.797260273972604,-3,U,K,P
2022,1,13,Los Angeles Angels,Zach Neto,16,SS,2001-01-31,R/R,,Campbell,Big South,4412500,4412500,3500000,-3500000,Yes,-0.20679886685552407,False,4YR JR,No,Yes,21.471232876712328,3,U,K,Q
2022,1,14,New York Mets,Jett Williams,15,SS,2003-11-03,R/R,Mississippi State,,,4243800,4243800,3900000,-3900000,Yes,-0.08101230029690372,True,HS SR,No,Yes,18.715068493150685,1,U,H,Q
2022,1,15,San Diego Padres,Dylan Lesko,13,P,2003-09-07,R/R,Vanderbilt,,,4085000,4085000,3900000,-3900000,Yes,-0.04528763769889841,True,HS SR,No,Yes,18.87123287671233,-2,U,H,P
2022,1,16,Cleveland Guardians,Chase DeLauter,18,OF,2001-10-08,L/L,,James Madison,Sun Belt,3937600,3937600,3800000,-3800000,Yes,-0.034945144250304754,False,4YR JR,No,Yes,20.786301369863015,2,V,J,Q
2022,1,17,Philadelphia Phillies,Justin Crawford,17,OF,2004-01-13,L/R,LSU,,,3794800,3794800,3900000,-3900000,Yes,0.027722146094655845,True,HS SR,No,Yes,18.52054794520548,0,V,H,P
2022,1,18,Cincinnati Reds,Cam Collier,8,3B,2004-11-20,L/R,Louisville,,,3659800,3659800,5000000,-5000000,Yes,0.3661948740368326,False,JC J1,Yes,Yes,17.665753424657535,-10,V,G,P
2022,1,19,Oakland Athletics,Daniel Susac,11,C,2001-05-14,R/R,,Arizona,Pac-12,3531200,3531200,3500000,-3500000,Yes,-0.008835523334843678,False,4YR SO,No,Yes,21.18904109589041,-8,V,K,P
2022,1,20,Atlanta Braves,Owen Murphy,53,P,2003-09-27,R/R,Notre Dame,,,3409200,3409200,2600000,-2600000,Yes,-0.23735773788572098,True,HS SR,No,Yes,18.816438356164383,33,V,H,Q
2022,1,21,Seattle Mariners,Cole Young,14,SS,2003-07-29,L/R,Duke,,,3292900,3292900,3300000,-3300000,Yes,0.002156154149837529,True,HS SR,No,Yes,18.980821917808218,-7,A,H,P
2022,1,22,St. Louis Cardinals,Cooper Hjerpe,31,P,2001-03-16,L/L,,Oregon State,Pac-12,3182200,3182200,3200000,-3200000,Yes,0.005593614480548049,False,4YR JR,No,Yes,21.350684931506848,9,A,K,Q
2022,1,23,Toronto Blue Jays,Brandon Barriera,24,P,2004-03-04,L/L,Vanderbilt,,,3076900,3076900,3600000,-3600000,Yes,0.170008775065813,True,HS SR,No,Yes,18.38082191780822,1,A,H,Q
2022,1,24,Boston Red Sox,Mikey Romero,79,SS,2004-01-12,L/R,LSU,,,2976400,2976400,2300000,-2300000,Yes,-0.22725440129014918,True,HS SR,No,Yes,18.523287671232875,55,A,H,R
2022,1,25,New York Yankees,Spencer Jones,66,OF,2001-05-14,L/L,,Vanderbilt,SEC,2880800,2880800,2900000,-2900000,Yes,0.006664815329075257,False,4YR JR,No,Yes,21.18904109589041,41,A,K,Q
2022,1,26,Chicago White Sox,Noah Schultz,45,P,2003-08-05,L/L,Vanderbilt,,,2789400,2789400,2800000,-2800000,Yes,0.003800100380010038,True,HS SR,No,Yes,18.96164383561644,19,A,H,Q
2022,1,27,Milwaukee Brewers,Eric Brown,55,SS,2000-12-19,R/R,,Coastal Carolina,Sun Belt,2701900,2701900,2100000,-2100000,Yes,-0.22276916244124506,False,4YR JR,No,Yes,21.589041095890412,28,A,K,Q
2022,1,28,Houston Astros,Drew Gilbert,21,OF,2000-09-27,L/L,,Tennessee,SEC,2621700,2621700,2500000,-2500000,Yes,-0.0464202616622802,False,4YR JR,No,Yes,21.816438356164383,-7,A,K,P
2022,1,29,Tampa Bay Rays,Xavier Isaac,94,1B,2003-12-17,L/L,Florida,,,2548900,2548900,2500000,-2500000,Yes,-0.019184746361175408,True,HS SR,No,Yes,18.594520547945205,65,A,H,R
2022,1,30,San Francisco Giants,Reggie Crawford,57,P,2000-12-04,L/L,,Connecticut,Big East,2486800,2486800,2300000,-2300000,Yes,-0.07511661573106,False,4YR JR,No,Yes,21.63013698630137,27,A,K,Q
2022,1,31,Colorado Rockies,Sterlin Thompson,37,OF,2001-06-26,L/R,,Florida,SEC,2430500,2430500,2400000,-2400000,Yes,-0.012548858259617362,False,4YR SO,No,Yes,21.07123287671233,6,A,K,Q
2022,1,32,Cincinnati Reds,Sal Stewart,61,3B,2003-12-07,R/R,Vanderbilt,,,2373000,2373000,2100000,-2100000,Yes,-0.11504424778761062,True,HS SR,No,Yes,18.621917808219177,29,A,H,Q
2022,1,33,Baltimore Orioles,Dylan Beavers,26,OF,2001-08-11,L/R,,California,Pac-12,2315100,2315100,2200000,-2200000,Yes,-0.04971707485637769,False,4YR JR,No,Yes,20.945205479452056,-7,A,J,P
2022,1,34,Arizona Diamondbacks,Landon Sims,22,P,2001-01-03,R/R,,Mississippi State,SEC,2258300,2258300,2300000,-2300000,Yes,0.01846521719877784,False,4YR JR,No,Yes,21.54794520547945,-12,A,K,P
2022,1,35,Atlanta Braves,JR Ritchie,52,P,2003-06-26,R/R,UCLA,,,2203200,2203200,2400000,-2400000,Yes,0.08932461873638345,True,HS SR,No,Yes,19.07123287671233,17,A,I,Q
2022,1,36,Pittsburgh Pirates,Thomas Harrington,48,P,2001-07-12,R/R,,Campbell,Big South,2150300,2150300,2100000,-2100000,Yes,-0.023392084825373204,False,4YR SO,No,Yes,21.027397260273972,12,A,K,Q
2022,1,37,Cleveland Guardians,Justin Campbell,27,P,2001-02-14,L/R,,Oklahoma State,Big 12,2101800,2101800,1700000,-1700000,Yes,-0.1911694737843753,False,4YR JR,No,Yes,21.432876712328767,-10,A,K,P
2022,1,38,Colorado Rockies,Jordan Beck,33,RF,2001-04-19,R/R,,Tennessee,SEC,2052300,2052300,2200000,-2200000,Yes,0.07196803586220338,False,4YR JR,No,Yes,21.257534246575343,-5,A,K,P
2022,1,39,San Diego Padres,Robby Snelling,23,P,2003-12-19,R/L,LSU,,,2004500,2004500,3000000,-3000000,Yes,0.49663257670241956,True,HS SR,No,Yes,18.589041095890412,-16,A,H,P
2022,2,40,Los Angeles Dodgers,Dalton Rushing,44,C,2001-02-21,L/R,,Louisville,ACC,1951900,1951900,2000000,-2000000,Yes,0.024642655873764026,False,4YR JR,No,Yes,21.413698630136988,4,B,K,Q
2022,2,41,Boston Red Sox,Cutter Coffey,64,SS,2004-05-21,R/R,Texas,,,1906500,1906500,1900000,-1900000,Yes,-0.0034093889325990034,True,HS SR,No,Yes,18.167123287671235,23,B,H,Q
2022,2,42,Baltimore Orioles,Max Wagner,72,3B,2001-08-19,R/R,,Clemson,ACC,1861900,1861900,1900000,-1900000,Yes,0.020462967935979376,False,4YR SO,No,Yes,20.923287671232877,30,B,J,Q
2022,2,43,Arizona Diamondbacks,Ivan Melendez,51,1B,2000-01-24,R/R,,Texas,Big 12,1818500,1818500,1400000,-1400000,Yes,-0.230134726422876,False,4YR SR,No,Yes,22.493150684931507,8,B,L,Q
2022,2,44,Pittsburgh Pirates,Hunter Barco,70,P,2000-12-15,L/L,,Florida,SEC,1776100,1776100,1500000,-1500000,Yes,-0.15545295872980125,False,4YR JR,No,Yes,21.6,26,B,K,Q
2022,2,45,Washington Nationals,Jake Bennett,63,P,2000-12-02,L/L,,Oklahoma,Big 12,1734800,1734800,1700000,-1700000,Yes,-0.02005994927369149,False,4YR JR,No,Yes,21.635616438356163,18,B,K,Q
2022,2,46,Miami Marlins,Jacob Miller,34,P,2003-08-10,R/R,Louisville,,,1700400,1700400,1700000,-1700000,Yes,-0.0002352387673488591,True,HS SR,No,Yes,18.947945205479453,-12,B,H,P
2022,2,47,Chicago Cubs,Jackson Ferris,36,P,2004-01-15,L/L,Ole Miss,,,1661200,1661200,3000000,-3000000,Yes,0.8059234288466169,True,HS SR,No,Yes,18.515068493150686,-11,B,H,P
2022,2,48,Minnesota Twins,Connor Prielipp,38,P,2001-01-10,L/L,,Alabama,SEC,1622700,1622700,1800000,-1800000,Yes,0.10926234054353855,False,4YR JR,No,Yes,21.528767123287672,-10,B,K,P
2022,2,49,Kansas City Royals,Cayden Wallace,54,3B,2001-08-07,R/R,,Arkansas,SEC,1584900,1584900,1700000,-1700000,Yes,0.07262287841504196,False,4YR SO,No,Yes,20.956164383561642,5,B,J,Q
2022,2,50,Colorado Rockies,Jackson Cox,43,P,2003-09-25,R/R,Oregon,,,1545300,1545300,1900000,-1900000,Yes,0.22953471817770013,True,HS SR,No,Yes,18.82191780821918,-7,B,H,P
2022,2,51,Detroit Tigers,Peyton Graham,35,3B,2001-01-26,R/R,,Oklahoma,Big 12,1510600,1510600,1800000,-1800000,Yes,0.19157950483251687,False,4YR JR,No,Yes,21.484931506849314,-16,B,K,P
2022,2,52,New York Mets,Blade Tidwell,28,P,2001-06-08,R/R,,Tennessee,SEC,1475100,1475100,1900000,-1900000,Yes,0.2880482679140397,False,4YR SO,No,Yes,21.12054794520548,-24,B,K,P
2022,2,53,San Diego Padres,Adam Mazur,58,P,2001-04-20,R/R,,Iowa,Big Ten,1440600,1440600,1300000,-1300000,Yes,-0.09759822296265445,False,4YR JR,No,Yes,21.254794520547946,5,B,K,Q
2022,2,54,Cleveland Guardians,Parker Messick,76,P,2000-10-26,L/L,,Florida State,ACC,1407100,1407100,1300000,-1300000,Yes,-0.0761139933195935,False,4YR JR,No,Yes,21.736986301369864,22,B,K,Q
2022,2,55,Cincinnati Reds,Logan Tanner,69,C,2000-11-10,R/R,,Mississippi State,SEC,1374000,1374000,1000000,-1000000,Yes,-0.27219796215429404,False,4YR JR,No,Yes,21.695890410958903,14,B,K,Q
2022,2,56,Oakland Athletics,Henry Bolte,42,OF,2003-08-04,R/R,Texas,,,1341900,1341900,2000000,-2000000,Yes,0.49042402563529325,True,HS SR,No,Yes,18.964383561643835,-14,B,H,P
2022,2,57,Atlanta Braves,Cole Phillips,81,P,2003-05-26,R/R,Arkansas,,,1307300,1307300,1500000,-1500000,Yes,0.1474030444427446,True,HS SR,No,Yes,19.156164383561645,24,B,I,Q
2022,2,58,Seattle Mariners,Tyler Locklear,113,3B,2000-11-24,R/R,,VCU,Atlantic 10,1276500,1276500,1300000,-1300000,Yes,0.018409714061887975,False,4YR JR,No,Yes,21.65753424657534,55,B,K,R
2022,2,59,St. Louis Cardinals,Brycen Mautz,97,P,2001-07-17,L/L,,San Diego,WCC,1246200,1246200,1100000,-1100000,Yes,-0.11731664259348419,False,4YR JR,No,Yes,21.013698630136986,38,B,K,Q
2022,2,60,Toronto Blue Jays,Josh Kasevich,47,SS,2001-01-17,R/R,,Oregon,Pac-12,1216700,1216700,1000000,-1000000,Yes,-0.1781047094600148,False,4YR JR,No,Yes,21.50958904109589,-13,B,K,P
2022,2,61,New York Yankees,Drew Thorpe,60,P,2000-10-01,L/R,,Cal Poly,Big West,1187600,1187600,1200000,-1200000,Yes,0.010441226002020883,False,4YR JR,No,Yes,21.805479452054794,-1,B,K,P
2022,2,62,Chicago White Sox,Peyton Pallette,39,P,2001-05-09,R/R,,Arkansas,SEC,1159200,1159200,1500000,-1500000,Yes,0.2939958592132505,False,4YR JR,No,Yes,21.202739726027396,-23,B,K,P
2022,2,63,Milwaukee Brewers,Jacob Misiorowski,68,P,2002-04-03,R/R,LSU,,,1131500,1131500,2400000,-2400000,Yes,1.1210782147591691,False,JC J2,Yes,Yes,20.301369863013697,5,B,J,Q
2022,2,64,Houston Astros,Jacob Melton,25,CF,2000-09-07,L/L,,Oregon State,Pac-12,1104100,1104100,1000000,-1000000,Yes,-0.09428493795851825,False,4YR SR,No,Yes,21.87123287671233,-39,B,K,P
2022,2,65,Tampa Bay Rays,Brock Jones,29,OF,2001-03-28,L/L,,Stanford,Pac-12,1077600,1077600,1100000,-1100000,Yes,0.020786933927245732,False,4YR JR,No,Yes,21.317808219178083,-36,B,K,P
2022,2,66,San Francisco Giants,Carson Whisenhunt,30,P,2000-10-20,L/L,,East Carolina,AAC,1054700,1054700,1900000,-1900000,Yes,0.8014601308428937,False,4YR JR,No,Yes,21.753424657534246,-36,B,K,P
2022,2,67,Baltimore Orioles,Jud Fabian,59,OF,2000-09-27,R/L,,Florida,SEC,1026800,1026800,1000000,-1000000,Yes,-0.026100506427736658,False,4YR JR,No,Yes,21.816438356164383,-8,B,K,P
2022,2,68,Minnesota Twins,Tanner Schobel,78,SS,2001-06-04,R/R,,Virginia Tech,ACC,1002000,1002000,1000000,-1000000,Yes,-0.001996007984031936,False,4YR SO,No,Yes,21.13150684931507,10,B,K,Q
2022,2,69,Oakland Athletics,Clark Elliott,105,OF,2000-09-29,L/R,,Michigan,Big Ten,977500,977500,900000,-900000,Yes,-0.0792838874680307,False,4YR JR,No,Yes,21.81095890410959,36,B,K,Q
2022,2,70,Tampa Bay Rays,Chandler Simpson,90,SS,2000-11-18,L/R,,Georgia Tech,ACC,953300,953300,750000,-750000,Yes,-0.21325920486730304,False,4YR JR,No,Yes,21.673972602739727,20,B,K,Q
2022,2,71,Tampa Bay Rays,Ryan Cermak,40,OF,2001-06-02,R/R,,Illinois State,MVC,929500,929500,750000,-750000,Yes,-0.19311457772996235,False,4YR JR,No,Yes,21.136986301369863,-31,B,K,P
2022,2,72,Milwaukee Brewers,Robert Moore,100,2B,2002-03-31,S/R,,Arkansas,SEC,915300,915300,800000,-800000,Yes,-0.1259696274445537,False,4YR JR,No,Yes,20.30958904109589,28,B,J,Q
2022,2,73,Cincinnati Reds,Justin Boyd,321,OF,2001-03-30,R/R,,Oregon State,Pac-12,901300,901300,850000,-850000,Yes,-0.05691778542105847,False,4YR JR,No,Yes,21.312328767123287,248,B,K,R
2022,2,74,Seattle Mariners,Walter Ford,49,P,2004-12-28,R/R,Alabama,,,887400,887400,1300000,-1300000,Yes,0.4649537976109984,True,HS SR,No,Yes,17.561643835616437,-25,B,G,P
2022,2,75,New York Mets,Nick Morabito,84,SS,2003-05-07,R/R,Virginia Tech,,,873700,873700,1000000,-1000000,Yes,0.14455762847659379,True,HS SR,No,Yes,19.208219178082192,9,B,I,Q
2022,2,76,Atlanta Braves,Blake Burkhalter,387,P,2000-09-19,R/R,,Auburn,SEC,860100,860100,650000,-650000,Yes,-0.24427392163701894,False,4YR JR,No,Yes,21.838356164383562,311,B,K,R
2022,2,77,Toronto Blue Jays,Tucker Toman,41,SS,2003-11-12,S/R,LSU,,,846900,846900,2000000,-2000000,Yes,1.3615539024678238,True,HS SR,No,Yes,18.69041095890411,-36,B,H,P
2022,2,78,Toronto Blue Jays,Cade Doughty,56,2B,2001-03-26,R/R,,LSU,SEC,833600,833600,830000,-830000,Yes,-0.004318618042226488,False,4YR JR,No,Yes,21.323287671232876,-22,B,K,P
2022,2,79,Boston Red Sox,Roman Anthony,74,OF,2004-05-13,L/R,Ole Miss,,,820400,820400,2500000,-2500000,Yes,2.047294002925402,True,HS SR,No,Yes,18.18904109589041,-5,B,H,P
2022,2,80,Houston Astros,Andrew Taylor,141,P,2001-09-23,R/R,,Central Michigan,MAC,807200,807200,810000,-810000,Yes,0.003468780971258672,False,4YR JR,No,Yes,20.827397260273973,61,B,J,R
2022,3,81,Baltimore Orioles,Nolan McLean,131,P,2001-07-24,R/R,,Oklahoma State,Big 12,794000,794000,,-794000,Yes,,False,4YR SO,No,No,20.994520547945207,50,B,J,Q
2022,3,82,Arizona Diamondbacks,Nate Savino,117,P,2002-01-24,L/L,,Virginia,ACC,782400,782400,700000,-700000,Yes,-0.10531697341513292,False,4YR JR,No,Yes,20.49041095890411,35,B,J,Q
2022,3,83,Pittsburgh Pirates,Jack Brannigan,154,3B,2001-03-11,R/R,,Notre Dame,ACC,770700,770700,770000,-770000,Yes,-0.0009082652134423251,False,4YR JR,No,Yes,21.364383561643837,71,B,K,R
2022,3,84,Washington Nationals,Trey Lipscomb,137,3B,2000-06-14,R/R,,Tennessee,SEC,758900,758900,760000,-760000,Yes,0.001449466332850178,False,4YR SR,No,Yes,22.104109589041094,53,B,L,R
2022,3,85,Miami Marlins,Karson Milbrandt,101,P,2004-04-21,R/R,Vanderbilt,,,747100,747100,1500000,-1500000,Yes,1.0077633516262883,True,HS SR,No,Yes,18.24931506849315,16,B,H,Q
2022,3,86,Chicago Cubs,Christopher Paciolla,125,SS,2004-03-16,R/R,UCLA,,,735500,735500,900000,-900000,Yes,0.22365737593473828,True,HS SR,No,Yes,18.34794520547945,39,B,H,Q
2022,3,87,Kansas City Royals,Mason Barnett,379,P,2000-11-07,R/R,,Auburn,SEC,724600,724600,700000,-700000,Yes,-0.03394976538780017,False,4YR JR,No,Yes,21.704109589041096,292,B,K,R
2022,3,88,Colorado Rockies,Carson Palmquist,89,P,2000-10-17,L/L,,Miami,ACC,713300,713300,780000,-780000,Yes,0.09350904247862049,False,4YR JR,No,Yes,21.76164383561644,1,B,K,Q
2022,3,89,Los Angeles Angels,Ben Joyce,83,P,2000-09-17,R/R,,Tennessee,SEC,702100,702100,1000000,-1000000,Yes,0.424298532972511,False,4YR SR,No,Yes,21.843835616438355,-6,B,K,P
2022,3,90,New York Mets,Brandon Sproat,50,P,2000-09-17,R/R,,Florida,SEC,691300,691300,,-691300,Yes,,False,4YR JR,No,No,21.843835616438355,-40,B,K,P
2022,3,91,San Diego Padres,Henry Williams,179,P,2001-09-18,R/R,,Duke,ACC,680400,680400,800000,-800000,Yes,0.17577895355673134,False,4YR JR,No,Yes,20.84109589041096,88,B,J,R
2022,3,92,Cleveland Guardians,Joe Lampe,75,OF,2000-12-05,L/R,,Arizona State,Pac-12,670200,670200,800000,-800000,Yes,0.19367353028946582,False,4YR JR,No,Yes,21.627397260273973,-17,B,K,P
2022,3,93,Philadelphia Phillies,Gabriel Rincones,107,OF,2001-03-03,L/R,,Florida Atlantic,C-USA,660100,660100,630000,-630000,Yes,-0.04559915164369035,False,4YR JR,No,Yes,21.386301369863013,14,B,K,Q
2022,3,94,Cincinnati Reds,Bryce Hubbart,80,P,2001-06-28,L/L,,Florida State,ACC,649900,649900,520000,-520000,Yes,-0.1998769041390983,False,4YR JR,No,Yes,21.065753424657533,-14,B,K,P
2022,3,95,Oakland Athletics,Colby Thomas,159,OF,2001-01-26,R/R,,Mercer,SoCon,642100,642100,750000,-750000,Yes,0.16804236100295905,False,4YR JR,No,Yes,21.484931506849314,64,B,K,R
2022,3,96,Atlanta Braves,Drake Baldwin,138,C,2001-03-28,L/R,,Missouri State,MVC,635800,635800,630000,-630000,Yes,-0.009122365523749607,False,4YR JR,No,Yes,21.317808219178083,42,B,K,Q
2022,3,97,St. Louis Cardinals,Pete Hansen,140,P,2000-07-28,R/L,,Texas,Big 12,629800,629800,630000,-630000,Yes,0.00031756113051762465,False,4YR JR,No,Yes,21.983561643835618,43,B,K,Q
2022,3,98,Toronto Blue Jays,Alan Roden,293,OF,1999-12-22,L/R,,Creighton,Big East,623500,623500,500000,-500000,Yes,-0.19807538091419408,False,4YR SR,No,Yes,22.583561643835615,195,B,L,R
2022,3,99,Boston Red Sox,Dalton Rogers,377,P,2001-01-18,R/L,,Southern Miss,C-USA,617500,617500,450000,-450000,Yes,-0.27125506072874495,False,4YR JR,No,Yes,21.506849315068493,278,B,K,R
2022,3,100,New York Yankees,Trystan Vrieling,103,P,2000-10-02,R/R,,Gonzaga,WCC,611400,611400,610000,-610000,Yes,-0.002289826627412496,False,4YR JR,No,Yes,21.802739726027397,3,B,K,Q
2022,3,101,Chicago White Sox,Jonathan Cannon,46,P,2000-07-19,R/R,,Georgia,SEC,606600,606600,930000,-930000,Yes,0.533135509396637,False,4YR JR,No,Yes,22.008219178082193,-55,B,L,O
2022,3,102,Milwaukee Brewers,Dylan O'Rae,,SS,2004-02-14,L/R,,,,600700,600700,600000,-600000,Yes,-0.001165307141668054,True,HS SR,No,Yes,18.432876712328767,,B,H,N
2022,3,103,Houston Astros,Michael Knorr,128,P,2000-05-12,R/R,,Coastal Carolina,Sun Belt,594600,594600,490000,-490000,Yes,-0.17591658257652204,False,4YR SR,No,Yes,22.194520547945206,25,B,L,Q
2022,3,104,Tampa Bay Rays,Trevor Martin,197,P,2000-12-15,R/R,,Oklahoma State,Big 12,588700,588700,590000,-590000,Yes,0.002208255478172244,False,4YR SO,No,Yes,21.6,93,B,K,R
2022,3,105,Los Angeles Dodgers,Alex Freeland,289,SS,2001-08-24,S/R,,UCF,AAC,582700,582700,580000,-580000,Yes,-0.004633602196670671,False,4YR SO,No,Yes,20.90958904109589,184,B,J,R
2022,3,106,San Francisco Giants,William Kempner,249,P,2001-06-18,R/R,,Gonzaga,WCC,577200,577200,530000,-530000,Yes,-0.08177408177408177,False,4YR JR,No,Yes,21.09315068493151,143,B,K,R
2022,4,107,Baltimore Orioles,Silas Ardoin,123,C,2000-09-19,R/R,,Texas,Big 12,571400,571400,570000,-570000,Yes,-0.002450122506125306,False,4YR JR,No,Yes,21.838356164383562,16,C,K,Q
2022,4,108,Arizona Diamondbacks,Dylan Ray,512,P,2001-05-09,R/R,,Alabama,SEC,565800,565800,570000,-570000,Yes,0.007423117709437964,False,4YR SO,No,Yes,21.202739726027396,404,C,K,R
2022,4,109,Texas Rangers,Brock Porter,12,P,2003-06-03,R/R,Clemson,,,560200,560200,3700000,-3700000,Yes,5.604784005712245,True,HS SR,No,Yes,19.134246575342466,-97,C,I,O
2022,4,110,Pittsburgh Pirates,Michael Kennedy,114,P,2004-11-30,L/L,LSU,,,554800,554800,1000000,-1000000,Yes,0.802451333813987,True,HS SR,No,Yes,17.638356164383563,4,C,G,Q
2022,4,111,Washington Nationals,Brenner Cox,349,OF,2004-05-11,L/R,Texas,,,549300,549300,1000000,-1000000,Yes,0.8204988166757692,True,HS SR,No,Yes,18.194520547945206,238,C,H,R
2022,4,112,Miami Marlins,Marcus Johnson,129,P,2000-12-11,R/R,,Duke,ACC,543800,543800,510000,-510000,Yes,-0.06215520411916146,False,4YR JR,No,Yes,21.610958904109587,17,C,K,Q
2022,4,113,Chicago Cubs,Nazier Mule,98,P,2004-10-15,R/R,Miami,,,538600,538600,1000000,-1000000,Yes,0.8566654288897141,True,HS SR,No,Yes,17.764383561643836,-15,C,G,P
2022,4,114,Minnesota Twins,Andrew Morris,315,P,2001-09-01,R/R,,Texas Tech,Big 12,533300,533300,500000,-500000,Yes,-0.06244140258766173,False,4YR SR,No,Yes,20.887671232876713,201,C,J,R
2022,4,115,Kansas City Royals,Steven Zobac,252,P,2000-10-14,L/R,,California,Pac-12,528000,528000,500000,-500000,Yes,-0.05303030303030303,False,4YR JR,No,Yes,21.76986301369863,137,C,K,R
2022,4,116,Colorado Rockies,Ryan Ritter,115,SS,2000-11-10,R/R,,Kentucky,SEC,522900,522900,530000,-530000,Yes,0.013578122011856951,False,4YR JR,No,Yes,21.695890410958903,-1,C,K,P
2022,4,117,Detroit Tigers,Troy Melton,102,P,2000-12-03,R/R,,San Diego State,MWC,517900,517900,520000,-520000,Yes,0.004054836841089014,False,4YR SR,No,Yes,21.632876712328766,-15,C,K,P
2022,4,118,Los Angeles Angels,Jake Madden,86,P,2001-12-26,R/R,Alabama,,,512900,512900,1000000,-1000000,Yes,0.9496977968414896,False,JC J1,Yes,Yes,20.56986301369863,-32,C,J,P
2022,4,119,New York Mets,Jacob Reimer,134,3B,2004-02-22,R/R,Washington,,,507700,507700,780000,-780000,Yes,0.536340358479417,True,HS SR,No,Yes,18.410958904109588,15,C,H,Q
2022,4,120,San Diego Padres,Lamar King,201,C,2003-12-07,R/R,Georgia Tech,,,502800,502800,500000,-500000,Yes,-0.005568814638027049,True,HS SR,No,Yes,18.621917808219177,81,C,H,R
2022,4,121,Cleveland Guardians,Nate Furman,524,2B,2001-07-23,L/R,,Charlotte,C-USA,497900,497900,300000,-300000,Yes,-0.3974693713597108,False,4YR SO,No,Yes,20.997260273972604,403,C,J,R
2022,4,122,Philadelphia Phillies,Alex McFarlane,112,P,2001-06-09,R/R,,Miami,ACC,493000,493000,580000,-580000,Yes,0.17647058823529413,False,4YR JR,No,Yes,21.117808219178084,-10,C,K,P
2022,4,123,Cincinnati Reds,Kenya Huggins,244,P,2002-12-12,R/R,Louisiana Tech,,,488300,488300,410000,-410000,Yes,-0.160352242473889,False,JC J1,Yes,Yes,19.60821917808219,121,C,I,R
2022,4,124,Oakland Athletics,Jacob Watters,130,P,2001-03-03,R/R,,West Virginia,Big 12,483500,483500,490000,-490000,Yes,0.01344364012409514,False,4YR JR,No,Yes,21.386301369863013,6,C,K,Q
2022,4,125,Atlanta Braves,David McCabe,328,3B,2000-03-25,S/R,,Charlotte,C-USA,478900,478900,480000,-480000,Yes,0.0022969304656504487,False,4YR JR,No,Yes,22.326027397260273,203,C,L,R
2022,4,126,Seattle Mariners,Ashton Izzi,,P,2003-11-18,R/R,Wichita State,,,474900,474900,1100000,-1100000,Yes,1.3162771109707307,True,HS SR,No,Yes,18.673972602739727,,C,H,N
2022,4,127,St. Louis Cardinals,Jimmy Crooks,261,C,2001-07-19,L/R,,Oklahoma,Big 12,470300,470300,470000,-470000,Yes,-0.0006378907080586859,False,4YR JR,No,Yes,21.008219178082193,134,C,K,R
2022,4,128,Toronto Blue Jays,Ryan Jennings,,P,1999-06-23,R/R,,Louisiana Tech,C-USA,465600,465600,70000,-70000,Yes,-0.8496563573883161,False,4YR 5S,No,Yes,23.08219178082192,,C,M,N
2022,4,129,Boston Red Sox,Chase Meidroth,259,2B,2001-07-23,R/R,,San Diego,WCC,461200,461200,270000,-270000,Yes,-0.41457068516912404,False,4YR SR,No,Yes,20.997260273972604,130,C,J,R
2022,4,130,New York Yankees,Anthony Hall,132,OF,2001-02-09,L/L,,Oregon,Pac-12,456500,456500,460000,-460000,Yes,0.007667031763417305,False,4YR JR,No,Yes,21.446575342465753,2,C,K,Q
2022,4,131,Chicago White Sox,Jordan Sprinkle,156,SS,2001-03-06,R/R,,UC Santa Barbara,Big West,452900,452900,450000,-450000,Yes,-0.006403179509825568,False,4YR JR,No,Yes,21.378082191780823,25,C,K,Q
2022,4,132,Milwaukee Brewers,Matthew Wood,180,C,2001-03-02,L/R,,Penn State,Big Ten,448400,448400,350000,-350000,Yes,-0.21944692239072258,False,4YR JR,No,Yes,21.389041095890413,48,C,K,Q
2022,4,133,Houston Astros,Trey Dombroski,116,P,2001-03-13,R/L,,Monmouth,CAA,443900,443900,440000,-440000,Yes,-0.00878576255913494,False,4YR JR,No,Yes,21.35890410958904,-17,C,K,P
2022,4,134,Tampa Bay Rays,Dominic Keegan,227,C,2000-08-01,R/R,,Vanderbilt,SEC,439600,439600,400000,-400000,Yes,-0.09008189262966333,False,4YR SR,No,Yes,21.972602739726028,93,C,K,R
2022,4,135,Los Angeles Dodgers,Nick Biddison,532,OF,2000-07-30,R/R,,Virginia Tech,ACC,435200,435200,380000,-380000,Yes,-0.12683823529411764,False,4YR JR,No,Yes,21.97808219178082,397,C,K,R
2022,4,136,San Francisco Giants,Spencer Miles,237,P,2000-07-26,L/R,,Missouri,SEC,431100,431100,350000,-350000,Yes,-0.18812340524240315,False,4YR JR,No,Yes,21.98904109589041,101,C,K,R
2022,5,137,Baltimore Orioles,Trace Bright,234,P,2000-10-26,R/R,,Auburn,SEC,426800,426800,400000,-400000,Yes,-0.06279287722586692,False,4YR SR,No,Yes,21.736986301369864,97,C,K,R
2022,5,138,Arizona Diamondbacks,Andrew Pintar,226,SS,2001-03-23,R/R,,BYU,WCC,422600,422600,320000,-320000,Yes,-0.24278277330809275,False,4YR JR,No,Yes,21.33150684931507,88,C,K,R
2022,5,139,Texas Rangers,Chandler Pollard,111,OF,2004-05-03,R/R,Washington State,,,418500,418500,420000,-420000,Yes,0.0035842293906810036,True,HS SR,No,Yes,18.216438356164385,-28,C,H,P
2022,5,140,Pittsburgh Pirates,Tres Gonzalez,165,OF,2000-10-04,L/L,,Georgia Tech,ACC,414600,414600,350000,-350000,Yes,-0.155812831644959,False,4YR JR,No,Yes,21.797260273972604,25,C,K,Q
2022,5,141,Washington Nationals,Jared McKenzie,135,CF,2001-05-16,L/L,,Baylor,Big 12,410500,410500,410000,-410000,Yes,-0.001218026796589525,False,4YR JR,No,Yes,21.183561643835617,-6,C,K,P
2022,5,142,Miami Marlins,Josh White,162,P,2000-11-24,R/R,,California,Pac-12,406500,406500,410000,-410000,Yes,0.008610086100861008,False,4YR JR,No,Yes,21.65753424657534,20,C,K,Q
2022,5,143,Chicago Cubs,Brandon Birdsell,133,P,2000-03-23,R/R,,Texas Tech,Big 12,402400,402400,390000,-390000,Yes,-0.030815109343936383,False,4YR SR,No,Yes,22.33150684931507,-10,C,L,P
2022,5,144,Minnesota Twins,Ben Ross,688,SS,2001-06-06,R/R,,Notre Dame College,,398500,398500,220000,-220000,Yes,-0.4479297365119197,False,4YR JR,No,Yes,21.126027397260273,544,C,K,R
2022,5,145,Kansas City Royals,Hunter Patteson,200,P,2000-04-04,L/L,,UCF,AAC,394500,394500,390000,-390000,Yes,-0.011406844106463879,False,4YR JR,No,Yes,22.2986301369863,55,C,L,R
2022,5,146,Colorado Rockies,Connor Staine,104,P,2001-01-12,R/R,,UCF,AAC,390800,390800,400000,-400000,Yes,0.02354145342886387,False,4YR JR,No,Yes,21.523287671232875,-42,C,K,P
2022,5,147,Detroit Tigers,Luke Gold,145,2B,2000-10-10,R/R,,Boston College,ACC,386900,386900,390000,-390000,Yes,0.008012406306539157,False,4YR JR,No,Yes,21.78082191780822,-2,C,K,P
2022,5,148,Los Angeles Angels,Sonny DiChiara,192,1B,1999-07-29,R/R,,Auburn,SEC,383200,383200,170000,-170000,Yes,-0.5563674321503131,False,4YR SR,No,Yes,22.983561643835618,44,C,L,Q
2022,5,149,New York Mets,D'Andre Smith,152,2B,2001-05-10,R/R,,Southern California,Pac-12,379400,379400,380000,-380000,Yes,0.0015814443858724301,False,4YR SO,No,Yes,21.2,3,C,K,Q
2022,5,150,San Diego Padres,Nathan Martorella,163,1B,2001-02-18,L/L,,California,Pac-12,375500,375500,330000,-330000,Yes,-0.12117177097203728,False,4YR JR,No,Yes,21.421917808219177,13,C,K,Q
2022,5,151,Cleveland Guardians,Guy Lipscomb,271,OF,2001-03-11,L/R,,Belmont,,371800,371800,280000,-280000,Yes,-0.24690693921463153,False,4YR SO,No,Yes,21.364383561643837,120,C,K,R
2022,5,152,Philadelphia Phillies,Orion Kerkering,187,P,2001-04-04,R/R,,USF,American Athletic,368300,368300,320000,-320000,Yes,-0.13114308987238665,False,4YR JR,No,Yes,21.2986301369863,35,C,K,Q
2022,5,153,Cincinnati Reds,Cade Hunter,95,C,2000-11-29,L/R,,Virginia Tech,ACC,364600,364600,360000,-360000,Yes,-0.012616566099835436,False,4YR JR,No,Yes,21.643835616438356,-58,C,K,O
2022,5,154,Oakland Athletics,Jack Perkins,282,P,1999-12-26,R/R,,Indiana,Big Ten,361000,361000,270000,-270000,Yes,-0.2520775623268698,False,4YR SR,No,Yes,22.572602739726026,128,C,L,R
2022,5,155,Atlanta Braves,Ignacio Alvarez,,3B,2003-04-11,R/R,,Riverside CC,,357400,357400,500000,-500000,Yes,0.39899272523782875,False,JC J1,Yes,Yes,19.279452054794522,,C,I,N
2022,5,156,Seattle Mariners,Reid VanScoter,,P,1998-11-25,L/L,,Coastal Carolina,Sun Belt,353900,353900,20000,-20000,Yes,-0.9434868606951116,False,4YR 5S,No,Yes,23.65753424657534,,C,M,N
2022,5,157,St. Louis Cardinals,Victor Scott,195,CF,2001-02-12,L/L,,West Virginia,Big 12,350400,350400,350000,-350000,Yes,-0.001141552511415525,False,4YR JR,No,Yes,21.438356164383563,38,C,K,Q
2022,5,158,Toronto Blue Jays,Mason Fluharty,175,P,2001-08-13,R/L,,Liberty,ASUN,347000,347000,220000,-220000,Yes,-0.3659942363112392,False,4YR JR,No,Yes,20.93972602739726,17,C,J,Q
2022,5,159,Boston Red Sox,Noah Dean,136,P,2001-03-10,L/L,,Old Dominion,Sun Belt,344000,344000,330000,-330000,Yes,-0.040697674418604654,False,4YR JR,No,Yes,21.367123287671234,-23,C,K,P
2022,5,160,New York Yankees,Eric Reyzelman,346,P,2001-06-27,R/R,,LSU,SEC,340700,340700,340000,-340000,Yes,-0.002054593484003522,False,4YR JR,No,Yes,21.068493150684933,186,C,K,R
2022,5,161,Chicago White Sox,Tyler Schweitzer,378,P,2000-09-19,L/L,,Ball State,MAC,337600,337600,330000,-330000,Yes,-0.022511848341232227,False,4YR JR,No,Yes,21.838356164383562,217,C,K,R
2022,5,162,Milwaukee Brewers,Will RudyWill Rudy,,P,2001-05-07,R/R,,Cal Poly,Big West,334500,334500,150000,-150000,Yes,-0.5515695067264574,False,4YR JR,No,Yes,21.208219178082192,,C,K,N
2022,5,163,Houston Astros,Nolan DeVos,441,P,2000-08-11,R/R,,Davidson,Atlantic 10,331600,331600,200000,-200000,Yes,-0.3968636911942099,False,4YR JR,No,Yes,21.945205479452056,278,C,K,R
2022,5,164,Tampa Bay Rays,Jalen Battles,139,SS,1999-12-20,R/R,,Arkansas,SEC,328400,328400,250000,-250000,Yes,-0.2387332521315469,False,4YR SR,No,Yes,22.589041095890412,-25,C,L,P
2022,5,165,Los Angeles Dodgers,Sean McLain,186,2B,2001-03-22,R/R,,Arizona State,Pac-12,325400,325400,320000,-320000,Yes,-0.016594960049170254,False,4YR JR,No,Yes,21.334246575342465,21,C,K,Q
2022,5,166,San Francisco Giants,Liam Simon,181,P,2000-10-16,R/R,,Notre Dame,ACC,322600,322600,320000,-320000,Yes,-0.008059516429014259,False,4YR JR,No,Yes,21.764383561643836,15,C,K,Q
2022,6,167,Baltimore Orioles,Douglas Hodo,301,OF,2000-09-25,R/R,,Texas,Big 12,319800,319800,310000,-310000,Yes,-0.030644152595372107,False,4YR JR,No,Yes,21.82191780821918,134,C,K,R
2022,6,168,Arizona Diamondbacks,Will Mabrey,510,P,2000-09-23,L/L,,Tennessee,SEC,317100,317100,230000,-230000,Yes,-0.2746767581204667,False,4YR JR,No,Yes,21.827397260273973,342,C,K,R
2022,6,169,Texas Rangers,Tommy Specht,231,OF,2004-06-24,L/R,Kentucky,,,314400,314400,450000,-450000,Yes,0.4312977099236641,True,HS SR,No,Yes,18.073972602739726,62,C,H,R
2022,6,170,Pittsburgh Pirates,Derek Diamond,212,P,2001-01-04,R/R,,Ole Miss,SEC,311600,311600,310000,-310000,Yes,-0.005134788189987163,False,4YR JR,No,Yes,21.545205479452054,42,C,K,Q
2022,6,171,Washington Nationals,choa Leyva,,3B,2003-10-15,R/R,,,,308900,308900,380000,-380000,Yes,0.23017157656199416,True,HS SR,No,Yes,18.767123287671232,,C,H,N
2022,6,172,Miami Marlins,Jared Poland,385,P,2000-01-12,R/R,,Louisville,ACC,306400,306400,150000,-150000,Yes,-0.5104438642297651,False,4YR SR,No,Yes,22.526027397260275,213,C,L,R
2022,6,173,Chicago Cubs,Will Frisch,158,P,2000-07-14,R/R,,Oregon State,Pac-12,303900,303900,230000,-230000,Yes,-0.24317209608423823,False,4YR JR,No,Yes,22.02191780821918,-15,C,L,P
2022,6,174,Minnesota Twins,Jorel Ortega,507,SS,2001-01-22,R/R,,Tennessee,SEC,301200,301200,250000,-250000,Yes,-0.1699867197875166,False,4YR JR,No,Yes,21.495890410958904,333,C,K,R
2022,6,175,Kansas City Royals,Hayden Dunhurst,146,C,2000-09-19,L/R,,Ole Miss,SEC,298800,298800,300000,-300000,Yes,0.004016064257028112,False,4YR JR,No,Yes,21.838356164383562,-29,C,K,P
2022,6,176,Colorado Rockies,Michael Prosecky,243,P,2001-02-28,L/L,,Louisville,ACC,296300,296300,300000,-300000,Yes,0.012487343908201148,False,4YR JR,No,Yes,21.394520547945206,67,C,K,R
2022,6,177,Detroit Tigers,Danny Serretti,550,SS,2000-05-07,S/R,,North Carolina,ACC,293900,293900,290000,-290000,Yes,-0.013269819666553249,False,4YR SR,No,Yes,22.208219178082192,373,C,L,R
2022,6,178,Los Angeles Angels,Victor Mederos,270,P,2001-06-08,R/R,,Oklahoma State,Big 12,291400,291400,230000,-230000,Yes,-0.21070693205216198,False,4YR SO,No,Yes,21.12054794520548,92,C,K,R
2022,6,179,New York Mets,Tyler Stuart,302,P,1999-10-08,R/R,,Southern Miss,C-USA,288900,288900,220000,-220000,Yes,-0.238490827275874,False,4YR SR,No,Yes,22.78904109589041,123,C,L,R
2022,6,180,San Diego Padres,Jakob Marsee,409,OF,2001-06-28,L/L,,Central Michigan,MAC,286500,286500,250000,-250000,Yes,-0.1273996509598604,False,4YR JR,No,Yes,21.065753424657533,229,C,K,R
2022,6,181,Cleveland Guardians,Dylan DeLucia,207,P,2000-08-01,R/R,,Ole Miss,SEC,284200,284200,280000,-280000,Yes,-0.014778325123152709,False,4YR JR,No,Yes,21.972602739726028,26,C,K,Q
2022,6,182,Philadelphia Phillies,Mavis Graves,479,P,2003-11-20,L/L,Clemson,,,282000,282000,250000,-250000,Yes,-0.11347517730496454,True,HS SR,No,Yes,18.66849315068493,297,C,H,R
2022,6,183,Cincinnati Reds,Zach Maxwell,161,P,2001-01-26,R/R,,Georgia Tech,ACC,279700,279700,220000,-220000,Yes,-0.21344297461565964,False,4YR JR,No,Yes,21.484931506849314,-22,C,K,P
2022,6,184,Oakland Athletics,Brennan Milone,450,3B,2001-05-06,R/R,,Oregon,Pac-12,277300,277300,200000,-200000,Yes,-0.27875946628200504,False,4YR JR,No,Yes,21.21095890410959,266,C,K,R
2022,6,185,Atlanta Braves,Seth Keller,267,P,2004-05-26,R/R,Old Dominion,,,275100,275100,700000,-700000,Yes,1.544529262086514,True,HS SR,No,Yes,18.153424657534245,82,C,H,R
2022,6,186,Seattle Mariners,Josh Hood,327,SS,2000-07-21,R/R,,NC State,ACC,272800,272800,250000,-250000,Yes,-0.08357771260997067,False,4YR SR,No,Yes,22.002739726027396,141,C,L,R
2022,6,187,St. Louis Cardinals,Max Rajcic,110,P,2001-08-03,R/R,,UCLA,Pac-12,270700,270700,600000,-600000,Yes,1.2164758034724787,False,4YR SO,No,Yes,20.96712328767123,-77,C,J,O
2022,6,188,Toronto Blue Jays,T.J. Brock,,P,1999-08-10,R/R,,Ohio State,Big Ten,268500,268500,73000,-73000,Yes,-0.7281191806331471,False,4YR SR,No,Yes,22.95068493150685,,C,L,N
2022,6,189,Boston Red Sox,Alex Hoppe,525,P,1998-12-17,R/R,,UNC Greensboro,SoCon,266400,266400,32000,-32000,Yes,-0.8798798798798799,False,4YR 5S,No,Yes,23.5972602739726,336,C,M,R
2022,6,190,New York Yankees,Chase Hampton,295,P,2001-08-07,R/R,,Texas Tech,Big 12,264000,264000,500000,-500000,Yes,0.8939393939393939,False,4YR SO,No,Yes,20.956164383561642,105,C,J,R
2022,6,191,Chicago White Sox,Eric Adler,232,P,2000-10-12,R/R,,Wake Forest,ACC,261800,261800,200000,-200000,Yes,-0.23605805958747136,False,4YR JR,No,Yes,21.775342465753425,41,C,K,Q
2022,6,192,Milwaukee Brewers,Tyler Woessner,224,P,1999-10-26,R/R,,Central Arizona JC,,259700,259700,100000,-100000,Yes,-0.614940315748941,False,JC J3,Yes,Yes,22.73972602739726,32,C,L,Q
2022,6,193,Houston Astros,Collin Price,451,C,1999-11-15,R/R,,Mercer,SoCon,257500,257500,120000,-120000,Yes,-0.5339805825242718,False,4YR SR,No,Yes,22.684931506849313,258,C,L,R
2022,6,194,Tampa Bay Rays,Gary Gill Hill,361,P,2004-09-20,R/R,Fairleigh Dickinson,,,255500,255500,600000,-600000,Yes,1.3483365949119375,True,HS SR,No,Yes,17.832876712328765,167,C,G,R
2022,6,195,Los Angeles Dodgers,Logan Wagner,248,3B,2004-03-09,S/R,Louisville,,,253400,253400,600000,-600000,Yes,1.3677979479084452,True,HS SR,No,Yes,18.367123287671234,53,C,H,R
2022,6,196,San Francisco Giants,Hayden Birdsong,,P,2001-08-30,R/R,,Eastern Illinois,OVC,251300,251300,190000,-190000,Yes,-0.2439315559092718,False,4YR JR,No,Yes,20.893150684931506,,C,J,N
2022,7,197,Baltimore Orioles,Preston Johnson,565,P,2000-03-11,R/R,,Mississippi State,SEC,249200,249200,330000,-330000,Yes,0.32423756019261635,False,4YR SR,No,Yes,22.364383561643837,368,D,L,R
2022,7,198,Arizona Diamondbacks,Demetrio Crisantes,514,SS,2004-09-05,R/R,Arizona,,,247200,247200,430000,-430000,Yes,0.7394822006472492,True,HS SR,No,Yes,17.873972602739727,316,D,G,R
2022,7,199,Texas Rangers,Luis Ramirez,93,P,2001-04-06,R/R,,Long Beach State,Big West,245000,245000,250000,-250000,Yes,0.02040816326530612,False,4YR JR,No,Yes,21.293150684931508,-106,D,K,O
2022,7,200,Pittsburgh Pirates,J.P. Massey,,P,2000-04-01,R/R,,Minnesota,Big Ten,243000,243000,150000,-150000,Yes,-0.38271604938271603,False,4YR SR,No,Yes,22.306849315068494,,D,L,N
2022,7,201,Washington Nationals,Riley Cornelio,298,P,2000-06-06,R/R,,TCU,Big 12,241600,241600,240000,-240000,Yes,-0.006622516556291391,False,4YR JR,No,Yes,22.126027397260273,97,D,L,R
2022,7,202,Miami Marlins,Kyle Crigger,,P,1999-06-04,R/R,,Louisiana Tech,C-USA,239500,239500,38000,-38000,Yes,-0.8413361169102297,False,4YR 5S,No,Yes,23.134246575342466,,D,M,N
2022,7,203,Chicago Cubs,Nick Hull,,P,1999-08-21,R/R,,Grand Canyon,WAC,237500,237500,25000,-25000,Yes,-0.8947368421052632,False,4YR 5S,No,Yes,22.92054794520548,,D,L,N
2022,7,204,Minnesota Twins,Kyle Jones,355,P,2000-02-07,L/R,,Toledo,MAC,235600,235600,240000,-240000,Yes,0.01867572156196944,False,4YR SR,No,Yes,22.454794520547946,151,D,L,R
2022,7,205,Kansas City Royals,Mack Anglin,307,P,2000-07-05,R/R,,Clemson,ACC,233600,233600,230000,-230000,Yes,-0.015410958904109588,False,4YR JR,No,Yes,22.046575342465754,102,D,L,R
2022,7,206,Colorado Rockies,Kody Huff,182,C,2000-12-11,R/R,,Stanford,Pac-12,231600,231600,230000,-230000,Yes,-0.0069084628670120895,False,4YR JR,No,Yes,21.610958904109587,-24,D,K,P
2022,7,207,Detroit Tigers,Seth Stephenson,,LF,2001-01-10,R/R,,Tennessee,SEC,229800,229800,300000,-300000,Yes,0.30548302872062666,False,4YR JR,No,Yes,21.528767123287672,,D,K,N
2022,7,208,Los Angeles Angels,Roman Phansalkar,411,P,1998-06-02,R/R,,Oklahoma State,Big 12,227800,227800,28000,-28000,Yes,-0.8770851624231782,False,4YR 5S,No,Yes,24.13972602739726,203,D,M,R
2022,7,209,New York Mets,Jonah Tong,533,P,2003-06-19,R/R,,,,226000,226000,230000,-230000,Yes,0.017699115044247787,True,HS SR,No,Yes,19.09041095890411,324,D,I,R
2022,7,210,San Diego Padres,Nick Vogt,332,OF,2000-08-04,R/R,,UC Santa Barbara,Big West,224300,224300,200000,-200000,Yes,-0.10833704859563086,False,4YR JR,No,Yes,21.964383561643835,122,D,K,R
2022,7,211,Cleveland Guardians,Javier Santos,,P,2003-06-02,L/R,Northwest Florida State College,,,222400,222400,130000,-130000,Yes,-0.4154676258992806,True,HS SR,No,Yes,19.136986301369863,,D,I,N
2022,7,212,Philadelphia Phillies,Caleb Ricketts,469,C,2000-05-10,L/R,,San Diego,WCC,220600,220600,220000,-220000,Yes,-0.0027198549410698096,False,4YR SR,No,Yes,22.2,257,D,L,R
2022,7,213,Cincinnati Reds,Trey Faltine,121,SS,2001-01-08,R/R,,Texas,Big 12,219000,219000,200000,-200000,Yes,-0.0867579908675799,False,4YR JR,No,Yes,21.534246575342465,-92,D,K,O
2022,7,214,Oakland Athletics,Yeniel Laboy,,SS,2004-05-11,L/R,Wabash Valley College,,,217200,217200,180000,-180000,Yes,-0.1712707182320442,True,HS SR,No,Yes,18.194520547945206,,D,H,N
2022,7,215,Atlanta Braves,Adam Maier,153,P,2001-11-26,R/R,,Oregon,Pac-12,215400,215400,1200000,-1200000,Yes,4.571030640668524,False,4YR JR,No,Yes,20.65205479452055,-62,D,J,O
2022,7,216,Seattle Mariners,Hogan Windish,,2B,1999-05-10,R/R,,UNC Greensboro,SoCon,213900,213900,20000,-20000,Yes,-0.9064983637213652,False,4YR 5S,No,Yes,23.202739726027396,,D,M,N
2022,7,217,St. Louis Cardinals,Alex Iadisernia,256,OF,2000-10-11,L/L,,Elon,CAA,212000,212000,210000,-210000,Yes,-0.009433962264150943,False,4YR JR,No,Yes,21.778082191780822,39,D,K,Q
2022,7,218,Toronto Blue Jays,Peyton Williams,363,1B,2000-09-14,L/L,,Iowa,Big Ten,210500,210500,200000,-200000,Yes,-0.0498812351543943,False,4YR JR,No,Yes,21.852054794520548,145,D,K,R
2022,7,219,Boston Red Sox,Caleb Bolden,,P,1998-12-19,R/R,,Pleasant Grove,,208800,208800,7500,-7500,Yes,-0.9640804597701149,False,4YR 5S,No,Yes,23.59178082191781,,D,M,N
2022,7,220,New York Yankees,Cam Schlittler,487,P,2001-02-05,R/R,,Northeastern,CAA,207500,207500,210000,-210000,Yes,0.012048192771084338,False,4YR JR,No,Yes,21.457534246575342,267,D,K,R
2022,7,221,Chicago White Sox,Mark McLaughlin,443,P,2001-02-14,R/R,,Tennessee,SEC,205800,205800,150000,-150000,Yes,-0.27113702623906705,False,4YR JR,No,Yes,21.432876712328767,222,D,K,R
2022,7,222,Milwaukee Brewers,Ben Metzinger,410,3B,1999-06-26,R/R,,Louisville,ACC,204500,204500,98000,-98000,Yes,-0.5207823960880196,False,4YR SR,No,Yes,23.073972602739726,188,D,M,R
2022,7,223,Houston Astros,A.J. Blubaugh,,P,2000-07-04,R/R,,Wisconsin-Milwaukee,,202900,202900,170000,-170000,Yes,-0.1621488417939872,False,4YR JR,No,Yes,22.04931506849315,,D,L,N
2022,7,224,Tampa Bay Rays,Blake Robertson,542,1B,2001-05-19,L/R,,Oklahoma,Big 12,201400,201400,200000,-200000,Yes,-0.006951340615690168,False,4YR JR,No,Yes,21.175342465753424,318,D,K,R
2022,7,225,Los Angeles Dodgers,Chris Campos,,P,2000-08-13,R/R,,Saint Mary's (CA),West Coast,199900,199900,200000,-200000,Yes,0.0005002501250625312,False,4YR SO,No,Yes,21.93972602739726,,D,K,N
2022,7,226,San Francisco Giants,Zach Morgan,306,C,2000-03-30,R/R,,Fresno State,MWC,198700,198700,120000,-120000,Yes,-0.39607448414695523,False,4YR SR,No,Yes,22.312328767123287,80,D,L,R
2022,8,227,Baltimore Orioles,Cameron Weston,642,P,2000-08-27,R/R,,Michigan,Big Ten,197400,197400,200000,-200000,Yes,0.013171225937183385,False,4YR JR,No,Yes,21.9013698630137,415,D,K,R
2022,8,228,Arizona Diamondbacks,Adrian Rodriguez,502,SS,2003-10-21,R/R,UAB,,,196000,196000,200000,-200000,Yes,0.02040816326530612,True,HS SR,No,Yes,18.75068493150685,274,D,H,R
2022,8,229,Texas Rangers,Matt Brosky,,P,1999-09-15,R/R,,Youngstown State,Horizon,194300,194300,5000,-5000,Yes,-0.9742665980442614,False,4YR SR,No,Yes,22.852054794520548,,D,L,N
2022,8,230,Pittsburgh Pirates,Cy Nielson,317,P,2001-02-25,R/L,,BYU,WCC,193200,193200,180000,-180000,Yes,-0.06832298136645963,False,4YR JR,No,Yes,21.4027397260274,87,D,K,R
2022,8,231,Washington Nationals,Chance Huff,269,P,2000-04-19,R/R,,Georgia Tech,ACC,191700,191700,190000,-190000,Yes,-0.008868022952529996,False,4YR SR,No,Yes,22.257534246575343,38,D,L,Q
2022,8,232,Miami Marlins,Dale Stanavich,476,P,1999-06-23,L/L,,Rutgers,Big Ten,190600,190600,48000,-48000,Yes,-0.7481636935991606,False,4YR SR,No,Yes,23.08219178082192,244,D,M,R
2022,8,233,Chicago Cubs,Mason McGwire,,P,2004-01-05,R/R,,,,189100,378200,200000,-200000,Yes,0.05764145954521417,True,HS SR,No,Yes,18.542465753424658,,D,H,N
2022,8,234,Minnesota Twins,Zebby Matthews,,P,2000-05-22,R/R,,Western Carolina,SoCon,187900,375800,130000,-130000,Yes,-0.3081426290580096,False,4YR SR,No,Yes,22.167123287671235,,D,L,N
2022,8,235,Kansas City Royals,Wesley Scott,,P,2001-03-02,R/R,,Walters State CC,,186500,373000,180000,-180000,Yes,-0.03485254691689008,False,JC J2,Yes,Yes,21.389041095890413,,D,K,N
2022,8,236,Colorado Rockies,Davison Palermo,521,P,1999-12-16,R/R,,North Carolina,ACC,185300,370600,180000,-180000,Yes,-0.028602266594711278,False,4YR SR,No,Yes,22.6,285,D,L,R
2022,8,237,Detroit Tigers,Jake Miller,,P,2001-06-27,L/L,,Valparaiso,,184000,368000,150000,-150000,Yes,-0.18478260869565216,False,4YR JR,No,Yes,21.068493150684933,,D,K,N
2022,8,238,Los Angeles Angels,Dylan Phillips,278,P,1999-06-16,L/L,,Kansas State,Big 12,182900,365800,43000,-43000,Yes,-0.764898851831602,False,4YR SR,No,Yes,23.101369863013698,40,D,M,Q
2022,8,239,New York Mets,Dylan Tebrake,380,P,1999-07-13,R/R,,Creighton,Big East,181900,363800,140000,-140000,Yes,-0.2303463441451347,False,4YR SR,No,Yes,23.027397260273972,141,D,M,R
2022,8,240,San Diego Padres,Griffin Doersching,,1B,1998-08-12,R/R,,Oklahoma State,Big 12,180900,361800,25000,-25000,Yes,-0.8618021006080707,False,4YR 5S,No,Yes,23.945205479452056,,D,M,N
2022,8,241,Cleveland Guardians,Jackson Humphries,149,P,2004-07-20,R/L,Campbell,,,180000,360000,600000,-600000,Yes,2.3333333333333335,True,HS SR,No,Yes,18.002739726027396,-92,D,H,O
2022,8,242,Philadelphia Phillies,Alex RaoAlex Rao,,P,1999-10-25,R/R,,Notre Dame,ACC,179000,358000,73000,-73000,Yes,-0.5921787709497207,False,4YR SR,No,Yes,22.742465753424657,,D,L,N
2022,8,243,Cincinnati Reds,Chris McElvain,172,P,2000-09-15,R/R,,Vanderbilt,SEC,178200,356400,180000,-180000,Yes,0.010101010101010102,False,4YR JR,No,Yes,21.84931506849315,-71,D,K,O
2022,8,244,Oakland Athletics,Micah Dallas,340,P,2000-04-14,R/R,,Texas A&M,SEC,177100,354200,130000,-130000,Yes,-0.26595143986448333,False,4YR SR,No,Yes,22.27123287671233,96,D,L,R
2022,8,245,Atlanta Braves,Jason Franks,,P,1999-01-23,R/R,,Cal Poly,Big West,176400,352800,2500,-2500,Yes,-0.985827664399093,False,4YR 5S,No,Yes,23.495890410958904,,D,M,N
2022,8,246,Seattle Mariners,Tatem Levins,553,C,1999-05-29,L/R,,Pittsburgh,ACC,175600,351200,50000,-50000,Yes,-0.715261958997722,False,4YR SR,No,Yes,23.15068493150685,307,D,M,R
2022,8,247,St. Louis Cardinals,Cade Winquest,709,P,2000-04-30,R/R,,UT Arlington,WAC,174600,349200,170000,-170000,Yes,-0.026345933562428408,False,4YR SR,No,Yes,22.22739726027397,462,D,L,R
2022,8,248,Toronto Blue Jays,Dylan Rock,360,OF,1998-08-21,R/R,,Texas A&M,SEC,173900,347800,23000,-23000,Yes,-0.8677400805060379,False,4YR 5S,No,Yes,23.92054794520548,112,D,M,R
2022,8,249,Boston Red Sox,Jonathan Brand,544,P,2000-02-20,R/R,,Miami (OH),MAC,173200,346400,7500,-7500,Yes,-0.9566974595842956,False,4YR SR,No,Yes,22.41917808219178,295,D,L,R
2022,8,250,New York Yankees,Brett Barrera,300,SS,2001-05-07,R/R,,Stanford,Pac-12,172300,344600,140000,-140000,Yes,-0.18746372605919906,False,4YR JR,No,Yes,21.208219178082192,50,D,K,Q
2022,8,251,Chicago White Sox,Mario Camilletti,,SS,1999-04-19,L/R,,Central Michigan,MAC,171800,343600,20000,-20000,Yes,-0.8835855646100116,False,4YR 5S,No,Yes,23.26027397260274,,D,M,N
2022,8,252,Milwaukee Brewers,Nate Peterson,189,P,2000-02-15,L/L,,Illinois-Chicago,,171100,342200,170000,-170000,Yes,-0.006428988895382817,False,4YR SR,No,Yes,22.432876712328767,-63,D,L,O
2022,8,253,Houston Astros,Tyler Guilfoil,530,P,2000-01-19,R/R,,Kentucky,SEC,170300,340600,120000,-120000,Yes,-0.2953611274221961,False,4YR SR,No,Yes,22.506849315068493,277,D,L,R
2022,8,254,Tampa Bay Rays,Sean Harney,,P,1998-07-10,L/R,,Kentucky,SEC,169700,169700,48000,-48000,Yes,-0.7171479080730702,False,4YR 5S,No,Yes,24.035616438356165,,D,M,N
2022,8,255,Los Angeles Dodgers,Taylor Young,,2B,1998-08-06,R/R,,Louisiana Tech,C-USA,169100,169100,2500,-2500,Yes,-0.9852158486102898,False,4YR 5S,No,Yes,23.96164383561644,,D,M,N
2022,8,256,San Francisco Giants,Wade Meckler,643,OF,2000-04-21,L/R,,Oregon State,Pac-12,168500,168500,98000,-98000,Yes,-0.41839762611275966,False,4YR SR,No,Yes,22.252054794520546,387,D,L,R
2022,9,257,Baltimore Orioles,Adam Crampton,412,SS,2001-05-24,R/R,,Stanford,Pac-12,167900,167900,130000,-130000,Yes,-0.2257296009529482,False,4YR JR,No,Yes,21.161643835616438,155,D,K,R
2022,9,258,Arizona Diamondbacks,Gavin Logan,,C,2000-01-14,L/R,,Oregon State,Pac-12,167400,167400,75000,-75000,Yes,-0.5519713261648745,False,4YR SR,No,Yes,22.52054794520548,,D,L,N
2022,9,259,Texas Rangers,Griffin Cheney,,SS,1999-05-21,R/R,,Georgia State,Sun Belt,166700,166700,1000,-1000,Yes,-0.994001199760048,False,4YR 5S,No,Yes,23.172602739726027,,D,M,N
2022,9,260,Pittsburgh Pirates,Mike Walsh,,P,2001-01-17,R/R,,Yale,Ivy,166200,166200,150000,-150000,Yes,-0.09747292418772563,False,4YR JR,No,Yes,21.50958904109589,,D,K,N
2022,9,261,Washington Nationals,Maxwell Romero,,C,2001-04-29,L/R,,Miami,ACC,165700,165700,170000,-170000,Yes,0.02595051297525649,False,4YR JR,No,Yes,21.23013698630137,,D,K,N
2022,9,262,Miami Marlins,Evan Taylor,,P,1999-12-26,L/L,,Arkansas,SEC,165300,165300,140000,-140000,Yes,-0.1530550514216576,False,4YR SR,No,Yes,22.572602739726026,,D,L,N
2022,9,263,Chicago Cubs,Connor Noland,470,P,1999-07-20,R/R,,Arkansas,SEC,164600,164600,200000,-200000,Yes,0.21506682867557717,False,4YR SR,No,Yes,23.008219178082193,207,D,M,R
2022,9,264,Minnesota Twins,Cory Lewis,235,P,2000-10-09,R/R,,UC Santa Barbara,Big West,164100,164100,140000,-140000,Yes,-0.14686166971358927,False,4YR JR,No,Yes,21.783561643835615,-29,D,K,P
2022,9,265,Kansas City Royals,Brandon Johnson,,P,1999-06-12,R/R,,Ole Miss,SEC,163800,163800,48000,-48000,Yes,-0.706959706959707,False,4YR SR,No,Yes,23.112328767123287,,D,M,N
2022,9,266,Colorado Rockies,Brad Cumbest,437,RF,2000-07-13,R/R,,Mississippi State,SEC,163300,163300,160000,-160000,Yes,-0.02020820575627679,False,NS,No,Yes,22.024657534246575,171,D,L,R
2022,9,267,Detroit Tigers,Andrew Jenkins,223,1B,2000-11-03,R/R,,Georgia Tech,ACC,162900,162900,160000,-160000,Yes,-0.01780233271945979,False,4YR JR,No,Yes,21.715068493150685,-44,D,K,P
2022,9,268,Los Angeles Angels,Joe Stewart,,OF,1998-05-06,R/R,,Michigan,Big Ten,162500,162500,7500,-7500,Yes,-0.9538461538461539,False,4YR 5S,No,Yes,24.213698630136985,,D,M,N
2022,9,269,New York Mets,Chase Estep,308,2B,2000-04-12,L/R,,Kentucky,SEC,162000,162000,130000,-130000,Yes,-0.19753086419753085,False,4YR JR,No,Yes,22.276712328767122,39,D,L,Q
2022,9,270,San Diego Padres,Dylan Nedved,,P,1999-04-23,R/R,,Iowa,Big Ten,161500,161500,20000,-20000,Yes,-0.8761609907120743,False,4YR 5S,No,Yes,23.24931506849315,,D,M,N
2022,9,271,Cleveland Guardians,Austin Peterson,,P,1999-09-19,R/R,,Connecticut,Big East,161200,161200,130000,-130000,Yes,-0.1935483870967742,False,4YR SR,No,Yes,22.84109589041096,,D,L,N
2022,9,272,Philadelphia Phillies,Chad Castillo,,OF,2000-04-19,L/R,,California Baptist,WAC,160800,160800,23000,-23000,Yes,-0.8569651741293532,False,4YR SR,No,Yes,22.257534246575343,,D,L,N
2022,9,273,Cincinnati Reds,Rob Hensey,,P,1999-09-29,L/L,,Monmouth,CAA,160400,160400,48000,-48000,Yes,-0.7007481296758105,False,4YR SR,No,Yes,22.813698630136987,,D,L,N
2022,9,274,Oakland Athletics,Caeden Trenkle,420,CF,2001-06-29,L/L,,Oklahoma State,Big 12,160100,160100,130000,-130000,Yes,-0.18800749531542785,False,4YR SO,No,Yes,21.063013698630137,146,D,K,R
2022,9,275,Atlanta Braves,Cory Acton,,2B,1999-03-22,L/R,,American Heritage,,159800,159800,2500,-2500,Yes,-0.9843554443053817,False,4YR SR,No,Yes,23.336986301369862,,D,M,N
2022,9,276,Seattle Mariners,Tyler Gough,504,P,2003-08-12,S/R,Oregon State,,,159400,159400,280000,-280000,Yes,0.7565872020075283,True,HS SR,No,Yes,18.942465753424656,228,D,H,R
2022,9,277,St. Louis Cardinals,Joseph King,383,P,2001-02-23,R/R,,California,Pac-12,159100,159100,130000,-130000,Yes,-0.18290383406662478,False,4YR JR,No,Yes,21.40821917808219,106,D,K,R
2022,9,278,Toronto Blue Jays,Devereaux Harrison,177,P,2000-11-08,R/R,,Long Beach State,Big West,158600,158600,120000,-120000,Yes,-0.24337957124842372,False,4YR JR,No,Yes,21.7013698630137,-101,D,K,O
2022,9,279,Boston Red Sox,Brooks Brannon,155,C,2004-05-04,R/R,North Carolina,,,158200,158200,710000,-710000,Yes,3.4879898862199745,True,HS SR,No,Yes,18.213698630136985,-124,D,H,O
2022,9,280,New York Yankees,Matt Keating,296,P,2000-12-08,R/R,,Southern California,Pac-12,158000,158000,120000,-120000,Yes,-0.24050632911392406,False,4YR JR,No,Yes,21.61917808219178,16,D,K,Q
2022,9,281,Chicago White Sox,Michael Turner,,C,1998-08-18,L/R,,Arkansas,SEC,157800,157800,35000,-35000,Yes,-0.7782002534854245,False,4YR 5S,No,Yes,23.92876712328767,,D,M,N
2022,9,282,Milwaukee Brewers,Tayden Hall,,C,2003-01-12,L/R,,State College Of Florida,,157500,157500,160000,-160000,Yes,0.015873015873015872,False,JC J1,Yes,Yes,19.523287671232875,,D,I,N
2022,9,283,Houston Astros,Brett Gillis,,P,1999-09-29,R/R,,Portland,WCC,157200,157200,98000,-98000,Yes,-0.37659033078880405,False,4YR SR,No,Yes,22.813698630136987,,D,L,N
2022,9,284,Tampa Bay Rays,Chris Villaman,438,P,2001-03-16,L/L,,NC State,ACC,157000,157000,330000,-330000,Yes,1.1019108280254777,False,4YR JR,No,Yes,21.350684931506848,154,D,K,R
2022,9,285,Los Angeles Dodgers,Brandon Neeck,604,P,1999-10-19,R/L,,Virginia,ACC,156600,156600,28000,-28000,Yes,-0.8212005108556832,False,4YR SR,No,Yes,22.75890410958904,319,D,L,R
2022,9,286,San Francisco Giants,Jack Choate,,P,2001-04-18,L/L,,Assumption,,156000,156000,88000,-88000,Yes,-0.4358974358974359,False,4YR JR,No,Yes,21.26027397260274,,D,K,N
2022,10,287,Baltimore Orioles,Wyatt Cheney,,P,2001-01-10,R/R,,Mclennan CC,,155800,155800,150000,-150000,Yes,-0.037227214377406934,False,JC J3,Yes,Yes,21.528767123287672,,D,K,N
2022,10,288,Arizona Diamondbacks,Brett Johnson,,OF,2000-01-06,L/R,,Southern Illinois-Edwardsville,,155500,155500,55000,-55000,Yes,-0.6463022508038585,False,4YR SR,No,Yes,22.542465753424658,,D,L,N
2022,10,289,Texas Rangers,Josh Hatcher,,OF,1998-09-03,L/L,,Kennesaw State,ASUN,155300,155300,1000,-1000,Yes,-0.9935608499678042,False,4YR 5S,No,Yes,23.884931506849316,,D,M,N
2022,10,290,Pittsburgh Pirates,Tanner Tredaway,564,OF,1999-08-24,R/R,,Oklahoma,Big 12,155000,155000,48000,-48000,Yes,-0.6903225806451613,False,4YR 5S,No,Yes,22.912328767123288,274,D,L,R
2022,10,291,Washington Nationals,Murphy Stehly,,3B,1998-09-27,R/R,,Texas,Big 12,154800,154800,10000,-10000,Yes,-0.9354005167958657,False,4YR 5S,No,Yes,23.81917808219178,,D,M,N
2022,10,292,Miami Marlins,Cade Gibson,,P,1998-02-18,L/L,,Louisiana Tech,C-USA,154600,154600,13000,-13000,Yes,-0.9159120310478654,False,4YR 5S,No,Yes,24.424657534246574,,D,M,N
2022,10,293,Chicago Cubs,Brody McCullough,,P,2000-06-30,R/R,,Wingate,,154300,154300,130000,-130000,Yes,-0.1574854180168503,False,4YR SR,No,Yes,22.06027397260274,,D,L,N
2022,10,294,Minnesota Twins,Dalton Shuffield,,SS,1999-03-31,R/R,,Texas State,Sun Belt,153800,153800,20000,-20000,Yes,-0.8699609882964889,False,4YR 5S,No,Yes,23.312328767123287,,D,M,N
2022,10,295,Kansas City Royals,Levi Usher,698,OF,2000-06-25,L/R,,Louisville,ACC,153600,153600,73000,-73000,Yes,-0.5247395833333334,False,4YR SR,No,Yes,22.073972602739726,403,D,L,R
2022,10,296,Colorado Rockies,Zach Agnos,459,P,2000-08-15,R/R,,East Carolina,AAC,153200,153200,170000,-170000,Yes,0.10966057441253264,False,4YR JR,No,Yes,21.934246575342467,163,D,K,R
2022,10,297,Detroit Tigers,Trevin Michael,600,P,1997-09-15,R/R,,Oklahoma,Big 12,153000,153000,50000,-50000,Yes,-0.673202614379085,False,4YR 5S,No,Yes,24.852054794520548,303,D,M,R
2022,10,298,Los Angeles Angels,Matt Coutney,,1B,1999-07-08,L/R,,Old Dominion,Sun Belt,152800,152800,7500,-7500,Yes,-0.9509162303664922,False,4YR 5S,No,Yes,23.041095890410958,,D,M,N
2022,10,299,New York Mets,Zebulon Vermillion,,P,1998-10-26,L/R,,Arkansas,SEC,152500,152500,20000,-20000,Yes,-0.8688524590163934,False,4YR SR,No,Yes,23.73972602739726,,D,M,N
2022,10,300,San Diego Padres,Jackson Smeltz,455,P,1998-09-14,L/L,,Purdue,Big Ten,152200,152200,25000,-25000,Yes,-0.835742444152431,False,4YR SR,No,Yes,23.854794520547944,155,D,M,R
2022,10,301,Cleveland Guardians,Jacob Zibin,124,P,2005-01-30,L/R,Kentucky,,,152000,152000,1200000,-1200000,Yes,6.894736842105263,True,HS SR,No,Yes,17.471232876712328,-177,D,G,O
2022,10,302,Philadelphia Phillies,Gustavo Sosa,,C,2001-07-17,R/R,,Tottenville,,151800,151800,73000,-73000,Yes,-0.5191040843214756,False,JC J3,Yes,Yes,21.013698630136986,,D,K,N
2022,10,303,Cincinnati Reds,Brody Jessee,330,P,2000-12-01,R/R,,Gonzaga,WCC,151500,151500,130000,-130000,Yes,-0.1419141914191419,False,4YR JR,No,Yes,21.638356164383563,27,D,K,Q
2022,10,304,Oakland Athletics,Brock Rodden,336,2B,2000-05-25,S/R,,Wichita State,AAC,151300,151300,,-151300,Yes,,False,4YR JR,No,No,22.15890410958904,32,D,L,Q
2022,10,305,Atlanta Braves,Andrew Keck,,C,1999-12-12,R/R,,Southeast Missouri State,,151000,151000,2500,-2500,Yes,-0.9834437086092715,False,4YR SR,No,Yes,22.610958904109587,,D,L,N
2022,10,306,Seattle Mariners,Bill Knight,,OF,1999-08-24,R/R,,Mercer,SoCon,150900,150900,50000,-50000,Yes,-0.6686547382372432,False,4YR SR,No,Yes,22.912328767123288,,D,L,N
2022,10,307,St. Louis Cardinals,Tanner Jacobson,,P,2000-01-24,R/R,,Queens,,150600,150600,25000,-25000,Yes,-0.8339973439575034,False,4YR SR,No,Yes,22.493150684931507,,D,L,N
2022,10,308,Toronto Blue Jays,Ian Churchill,,P,1999-02-28,L/L,,San Diego,WCC,150400,150400,7500,-7500,Yes,-0.9501329787234043,False,4YR 5S,No,Yes,23.397260273972602,,D,M,N
2022,10,309,Boston Red Sox,Isaac Coffey,,P,2000-06-21,R/R,,Oral Roberts,Summit,150000,150000,7500,-7500,Yes,-0.95,False,4YR JR,No,Yes,22.084931506849315,,D,L,N
2022,10,310,New York Yankees,Will Brian,,P,1999-04-25,L/L,,Eastern Kentucky,ASUN,149800,149800,58000,-58000,Yes,-0.6128170894526035,False,4YR 5S,No,Yes,23.243835616438357,,D,M,N
2022,10,311,Chicago White Sox,Tim Elko,693,3B,1998-12-27,R/R,,Ole Miss,SEC,149600,149600,35000,-35000,Yes,-0.766042780748663,False,4YR 5S,No,Yes,23.56986301369863,382,D,M,R
2022,10,312,Milwaukee Brewers,Brian Fitzpatrick,,P,2000-06-01,S/L,,Rutgers,Big Ten,149600,149600,100000,-100000,Yes,-0.3315508021390374,False,4YR SR,No,Yes,22.13972602739726,,D,L,N
2022,10,313,Houston Astros,Zach Cole,,OF,2000-08-04,L/R,,Ball State,MAC,149600,149600,98000,-98000,Yes,-0.3449197860962567,False,4YR JR,No,Yes,21.964383561643835,,D,K,N
2022,10,314,Tampa Bay Rays,Cade Halemanu,384,P,2000-08-09,R/R,,Hawaii,Big West,149600,149600,120000,-120000,Yes,-0.19786096256684493,False,4YR SR,No,Yes,21.95068493150685,70,D,K,R
2022,10,315,Los Angeles Dodgers,Simon Reid,,C,2001-04-19,L/R,,Westmont,,149600,149600,2500,-2500,Yes,-0.9832887700534759,False,4YR JR,No,Yes,21.257534246575343,,D,K,N
2022,10,316,San Francisco Giants,John Bertrand,,P,1998-02-08,L/L,,Notre Dame,ACC,149500,149500,48000,-48000,Yes,-0.6789297658862876,False,4YR 5S,No,Yes,24.45205479452055,,D,M,N
2022,11,317,Baltimore Orioles,Zack Showalter,211,P,2004-01-23,R/R,USF,,,0,0,440000,310000,No,2.3846153846153846,True,HS SR,No,Yes,18.493150684931507,-106,E,H,O
2022,11,318,Arizona Diamondbacks,Spencer Giesting,277,P,2001-07-02,L/L,,Charlotte,C-USA,0,0,400000,270000,No,2.076923076923077,False,4YR SO,No,Yes,21.054794520547944,-41,E,K,P
2022,11,319,Texas Rangers,Kohl Drake,,P,2000-07-17,L/L,,Walters State CC,,0,0,180000,50000,No,0.38461538461538464,False,JC J3,Yes,Yes,22.013698630136986,,E,L,N
2022,11,320,Pittsburgh Pirates,Dominic Perachi,,P,2001-02-27,L/L,,Salve Regina,,0,0,130000,0,No,,False,4YR JR,No,Yes,21.397260273972602,,E,K,N
2022,11,321,Washington Nationals,Luke Young,386,P,2001-10-31,R/R,Oklahoma State,,,0,0,250000,120000,No,0.9230769230769231,False,JC J2,Yes,Yes,20.723287671232878,65,E,J,R
2022,11,322,Miami Marlins,Alex Williams,309,P,1999-10-22,L/R,,Stanford,Pac-12,0,0,130000,0,No,,False,4YR SR,No,Yes,22.75068493150685,-13,E,L,P
2022,11,323,Chicago Cubs,Branden Noriega,,P,2001-07-09,L/L,,No School,,0,0,130000,0,No,,False,NS,No,Yes,21.035616438356165,,E,K,N
2022,11,324,Minnesota Twins,Andrew Cossetti,598,C,2000-01-31,R/R,,Saint Joseph's,Atlantic 10,0,0,130000,0,No,,False,4YR SR,No,Yes,22.473972602739725,274,E,L,R
2022,11,325,Kansas City Royals,David Sandlin,242,P,2001-02-21,R/R,,Oklahoma,Big 12,0,0,400000,270000,No,2.076923076923077,False,4YR JR,No,Yes,21.413698630136988,-83,E,K,O
2022,11,326,Colorado Rockies,Carson Skipper,,P,1999-08-12,L/L,,Auburn,SEC,0,0,100000,0,No,,False,4YR SR,No,Yes,22.945205479452056,,E,L,N
2022,11,327,Detroit Tigers,Joe Miller,,P,2000-03-13,L/L,,Penn,Ivy,0,0,130000,0,No,,False,4YR SR,No,Yes,22.35890410958904,,E,L,N
2022,11,328,Los Angeles Angels,Caden Dana,71,P,2003-12-17,L/R,Kentucky,,,0,0,1500000,1370000,No,10.538461538461538,True,HS SR,No,Yes,18.594520547945205,-257,E,H,O
2022,11,329,New York Mets,Rhylan Thomas,475,OF,2000-04-15,L/L,,Southern California,Pac-12,0,0,180000,50000,No,0.38461538461538464,False,4YR JR,No,Yes,22.268493150684932,146,E,L,R
2022,11,330,San Diego Padres,Isaiah Lowe,,P,2003-05-07,R/R,Wake Forest,,,0,0,400000,270000,No,2.076923076923077,True,HS SR,No,Yes,19.208219178082192,,E,I,N
2022,11,331,Cleveland Guardians,Magnus Ellerts,395,P,2001-03-15,R/R,Florida,,,0,0,130000,0,No,,False,JC J3,Yes,Yes,21.353424657534248,64,E,K,R
2022,11,332,Philadelphia Phillies,Emaarion Boyd,264,OF,2003-08-22,R/R,Northwest Mississippi CC,,,0,0,650000,520000,No,4,True,HS SR,No,Yes,18.915068493150685,-68,E,H,O
2022,11,333,Cincinnati Reds,Ben Brutti,344,P,2003-05-16,R/R,USF,,,0,0,410000,280000,No,2.1538461538461537,True,HS SR,No,Yes,19.183561643835617,11,E,I,Q
2022,11,334,Oakland Athletics,Christian Oppor,196,P,2004-07-23,L/L,Uncommitted,,,0,0,,0,No,,True,HS SR,No,No,17.994520547945207,-138,E,G,O
2022,11,335,Atlanta Braves,Ian Mejia,,P,2000-01-31,R/R,,New Mexico State,WAC,0,0,100000,0,No,,False,4YR SR,No,Yes,22.473972602739725,,E,L,N
2022,11,336,Seattle Mariners,Marcelo Perez,,P,1999-11-16,R/R,,TCU,Big 12,0,0,130000,0,No,,False,4YR SR,No,Yes,22.682191780821917,,E,L,N
2022,11,337,St. Louis Cardinals,Nathan Church,318,RF,2000-07-12,L/L,,UC Irvine,Big West,0,0,130000,0,No,,False,4YR SR,No,Yes,22.027397260273972,-19,E,L,P
2022,11,338,Toronto Blue Jays,Pat Gallagher,,P,2000-06-30,R/R,,Connecticut,Big East,0,0,130000,0,No,,False,4YR JR,No,Yes,22.06027397260274,,E,L,N
2022,11,339,Boston Red Sox,Marques Johnson,129,P,2000-07-04,R/R,,Duke,ACC,0,0,120000,0,No,,False,4YR SR,No,Yes,22.04931506849315,-210,E,L,O
2022,11,340,New York Yankees,Ryan Harvey,467,P,2001-02-08,R/R,,UC Santa Barbara,Big West,0,0,250000,120000,No,0.9230769230769231,False,4YR JR,No,Yes,21.44931506849315,127,E,K,R
2022,11,341,Chicago White Sox,Jacob Burke,541,CF,2001-02-26,R/R,,Miami,ACC,0,0,230000,100000,No,0.7692307692307693,False,4YR JR,No,Yes,21.4,200,E,K,R
2022,11,342,Milwaukee Brewers,Cameron Wagoner,,P,2001-06-21,R/R,,Eastern Michigan,MAC,0,0,130000,0,No,,False,4YR JR,No,Yes,21.084931506849315,,E,K,N
2022,11,343,Houston Astros,Ryan Clifford,77,OF,2003-07-20,L/L,Vanderbilt,,,0,0,1300000,1170000,No,9,True,HS SR,No,Yes,19.005479452054793,-266,E,I,O
2022,11,344,Tampa Bay Rays,Drew Sommers,,P,2000-08-14,L/L,,Central Arizona JC,,0,0,150000,20000,No,0.15384615384615385,False,JC J3,Yes,Yes,21.936986301369863,,E,K,N
2022,11,345,Los Angeles Dodgers,Kyle Nevin,,OF,2001-08-22,R/R,,Baylor,Big 12,0,0,400000,270000,No,2.076923076923077,False,4YR JR,No,Yes,20.915068493150685,,E,J,N
2022,11,346,San Francisco Giants,Sam Bower,359,P,2001-05-02,R/R,,Saint Mary's (CA),West Coast,0,0,320000,190000,No,1.4615384615384615,False,4YR SO,No,Yes,21.221917808219178,13,E,K,Q
2022,12,347,Baltimore Orioles,Bradley Brehmer,,P,2000-02-12,R/R,,Indiana,Big Ten,0,0,130000,0,No,,False,4YR SR,No,Yes,22.44109589041096,,E,L,N
2022,12,348,Arizona Diamondbacks,Malachi Witherspoon,171,P,2004-08-12,R/R,Jacksonville State,,,0,0,,0,No,,True,HS SR,No,No,17.93972602739726,-177,E,G,O
2022,12,349,Texas Rangers,Jackson Kelley,,P,2000-04-26,R/R,,Mercer,SoCon,0,0,130000,0,No,,False,4YR SR,No,Yes,22.23835616438356,,E,L,N
2022,12,350,Pittsburgh Pirates,K.C. Hunt,,P,2000-07-14,L/R,,Mississippi State,SEC,0,0,,0,No,,False,4YR JR,No,No,22.02191780821918,,E,L,N
2022,12,351,Washington Nationals,Nick Peoples,631,OF,2004-07-24,S/R,New Mexico State,,,0,0,180000,50000,No,0.38461538461538464,True,HS SR,No,Yes,17.991780821917807,280,E,G,R
2022,12,352,Miami Marlins,Cole Kirschsieper,290,P,2000-12-27,R/L,,Illinois,Big Ten,0,0,130000,0,No,,False,4YR JR,No,Yes,21.567123287671233,-62,E,K,O
2022,12,353,Chicago Cubs,Mathew Peters,684,P,2000-12-28,R/R,,Ivy Tech,,0,0,130000,0,No,,False,4YR SO,No,Yes,21.564383561643837,331,E,K,R
2022,12,354,Minnesota Twins,Nate Baez,404,C,2001-05-17,R/R,,Arizona State,Pac-12,0,0,130000,0,No,,False,4YR JR,No,Yes,21.18082191780822,50,E,K,Q
2022,12,355,Kansas City Royals,Jack Pineda,558,SS,1999-08-10,L/R,,Baylor,Big 12,0,0,150000,20000,No,0.15384615384615385,False,4YR SR,No,Yes,22.95068493150685,203,E,L,R
2022,12,356,Colorado Rockies,Caleb Franzen,417,P,2001-06-10,L/L,,Portland,WCC,0,0,130000,0,No,,False,4YR JR,No,Yes,21.115068493150684,61,E,K,R
2022,12,357,Detroit Tigers,Cole Stupp,660,P,2000-11-10,R/R,,Kentucky,SEC,0,0,130000,0,No,,False,4YR JR,No,Yes,21.695890410958903,303,E,K,R
2022,12,358,Los Angeles Angels,Jared Southard,351,P,2000-10-04,R/R,,Texas,Big 12,0,0,140000,10000,No,0.07692307692307693,False,4YR JR,No,Yes,21.797260273972604,-7,E,K,P
2022,12,359,New York Mets,Paul Gervase,325,P,2000-05-23,R/R,,LSU,SEC,0,0,170000,40000,No,0.3076923076923077,False,4YR SR,No,Yes,22.164383561643834,-34,E,L,P
2022,12,360,San Diego Padres,Austin Krob,276,P,1999-09-20,L/L,,TCU,Big 12,0,0,130000,0,No,,False,4YR SR,No,Yes,22.838356164383562,-84,E,L,O
2022,12,361,Cleveland Guardians,Jack Jasiak,430,P,2001-03-06,R/R,,USF,American Athletic,0,0,130000,0,No,,False,4YR JR,No,Yes,21.378082191780823,69,E,K,R
2022,12,362,Philadelphia Phillies,Jordan Dissin,,C,2002-05-29,R/R,,Saddleback JC,,0,0,130000,0,No,,False,JC J2,Yes,Yes,20.147945205479452,,E,J,N
2022,12,363,Cincinnati Reds,Mason Pelio,,P,2000-07-15,R/R,,Boston College,ACC,0,0,130000,0,No,,False,4YR SR,No,Yes,22.019178082191782,,E,L,N
2022,12,364,Oakland Athletics,T.J. Czyz,,P,2000-09-12,R/R,,Bishop Manogue,,0,0,130000,0,No,,False,JC J3,Yes,Yes,21.85753424657534,,E,K,N
2022,12,365,Atlanta Braves,Justin Janas,,1B,2000-09-18,L/R,,Illinois,Big Ten,0,0,130000,0,No,,False,4YR JR,No,Yes,21.84109589041096,,E,K,N
2022,12,366,Seattle Mariners,Troy Taylor,398,P,2001-09-09,R/R,,UC Irvine,Big West,0,0,130000,0,No,,False,4YR JR,No,Yes,20.865753424657534,32,E,J,Q
2022,12,367,St. Louis Cardinals,Michael Curialle,272,3B,2001-06-16,R/R,,UCLA,Pac-12,0,0,150000,20000,No,0.15384615384615385,False,4YR JR,No,Yes,21.0986301369863,-95,E,K,O
2022,12,368,Toronto Blue Jays,Nolan Perry,,P,2003-09-02,R/R,Texas Tech,,,0,0,200000,70000,No,0.5384615384615384,True,HS SR,No,Yes,18.884931506849316,,E,H,N
2022,12,369,Boston Red Sox,Hayden Mullins,562,P,2000-09-14,L/L,,Auburn,SEC,0,0,98000,0,No,,False,4YR JR,No,Yes,21.852054794520548,193,E,K,R
2022,12,370,New York Yankees,Jackson Fristoe,552,P,2001-03-06,R/R,,Mississippi State,SEC,0,0,270000,140000,No,1.0769230769230769,False,4YR SO,No,Yes,21.378082191780823,182,E,K,R
2022,12,371,Chicago White Sox,Brooks Baldwin,400,3B,2000-08-15,S/R,,UNC Wilmington,CAA,0,0,130000,0,No,,False,4YR SR,No,Yes,21.934246575342467,29,E,K,Q
2022,12,372,Milwaukee Brewers,Luke Adams,416,3B,2004-04-24,R/R,Michigan State,,,0,0,280000,150000,No,1.1538461538461537,True,HS SR,No,Yes,18.24109589041096,44,E,H,Q
2022,12,373,Houston Astros,Zach Dezenzo,536,OF,2000-05-11,R/R,,Ohio State,Big Ten,0,0,130000,0,No,,False,4YR SR,No,Yes,22.197260273972603,163,E,L,R
2022,12,374,Tampa Bay Rays,Alex Cook,445,P,2001-03-29,R/R,,Colby (Kan.) JC,,0,0,130000,0,No,,False,JC J2,Yes,Yes,21.315068493150687,71,E,K,R
2022,12,375,Los Angeles Dodgers,Jacob Meador,288,P,2000-10-26,R/R,,Dallas Baptist,MVC,0,0,130000,0,No,,False,4YR JR,No,Yes,21.736986301369864,-87,E,K,O
2022,12,376,San Francisco Giants,Tyler Vogel,569,P,2000-11-16,R/R,,Jacksonville State,ASUN,0,0,130000,0,No,,False,4YR JR,No,Yes,21.67945205479452,193,E,K,R
2022,13,377,Baltimore Orioles,Jared Beck,471,P,2000-07-01,L/L,,Saint Leo,,0,0,130000,0,No,,False,4YR JR,No,Yes,22.057534246575344,94,E,L,R
2022,13,378,Arizona Diamondbacks,Eli Saul,148,P,2001-08-16,L/R,,Sacramento State,WAC,0,0,130000,0,No,,False,4YR JR,No,Yes,20.931506849315067,-230,E,J,O
2022,13,379,Texas Rangers,Caden Marcum,444,P,2003-08-07,R/R,Tennessee,,,0,0,,0,No,,True,HS SR,No,No,18.956164383561642,65,E,H,R
2022,13,380,Pittsburgh Pirates,Miguel Fulgencio,291,P,1999-01-22,L/L,Oklahoma,,,0,0,130000,0,No,,False,JC J3,Yes,Yes,23.4986301369863,-89,E,M,O
2022,13,381,Washington Nationals,Marquis Grissom,,P,2001-07-19,R/R,,Georgia Tech,ACC,0,0,130000,0,No,,False,4YR SO,No,Yes,21.008219178082193,,E,K,N
2022,13,382,Miami Marlins,Chase Luttrell,266,OF,2000-06-01,L/L,,Long Beach State,Big West,0,0,130000,0,No,,False,4YR SR,No,Yes,22.13972602739726,-116,E,L,O
2022,13,383,Chicago Cubs,Luis Rujano,509,P,2003-04-22,R/R,USF,,,0,0,210000,80000,No,0.6153846153846154,True,HS SR,No,Yes,19.24931506849315,126,E,I,R
2022,13,384,Minnesota Twins,C.J. Culpepper,,P,2001-11-02,R/R,,California Baptist,WAC,0,0,130000,0,No,,False,4YR JR,No,Yes,20.71780821917808,,E,J,N
2022,13,385,Kansas City Royals,Ryan Ramsey,357,P,2001-01-18,R/L,,Maryland,Big Ten,0,0,130000,0,No,,False,4YR JR,No,Yes,21.506849315068493,-28,E,K,P
2022,13,386,Colorado Rockies,Blake Adams,407,P,2000-09-11,R/R,,Kansas State,Big 12,0,0,130000,0,No,,False,4YR JR,No,Yes,21.86027397260274,21,E,K,Q
2022,13,387,Detroit Tigers,Dom Johnson,273,OF,2001-03-07,R/R,,Kansas State,Big 12,0,0,180000,50000,No,0.38461538461538464,False,4YR SO,No,Yes,21.375342465753423,-114,E,K,O
2022,13,388,Los Angeles Angels,Tucker Flint,,RF,2001-04-05,L/L,,Chipola JC,,0,0,130000,0,No,,False,JC J2,Yes,Yes,21.295890410958904,,E,K,N
2022,13,389,New York Mets,Dylan Ross,,P,2000-09-01,R/R,,Georgia,SEC,0,0,130000,0,No,,False,4YR JR,No,Yes,21.887671232876713,,E,K,N
2022,13,390,San Diego Padres,Graham Pauley,,3B,2000-09-24,L/R,,Milton,,0,0,130000,0,No,,False,4YR JR,No,Yes,21.824657534246576,,E,K,N
2022,13,391,Cleveland Guardians,Tyresse Turner,191,SS,2000-01-05,S/R,,Southern California,Pac-12,0,0,130000,0,No,,False,4YR JR,No,Yes,22.545205479452054,-200,E,L,O
2022,13,392,Philadelphia Phillies,Cade Fergus,373,OF,2000-08-22,R/R,,George Washington,Atlantic 10,0,0,130000,0,No,,False,4YR SR,No,Yes,21.915068493150685,-19,E,K,P
2022,13,393,Cincinnati Reds,Johnathan Harmon,,P,2000-09-04,R/R,,Northwestern State,Southland,0,0,130000,0,No,,False,4YR JR,No,Yes,21.87945205479452,,E,K,N
2022,13,394,Oakland Athletics,Jake Pfennigs,403,P,1999-09-09,R/R,,Oregon State,Pac-12,0,0,130000,0,No,,False,4YR SR,No,Yes,22.86849315068493,9,E,L,Q
2022,13,395,Atlanta Braves,Cedric De Grandpre,706,P,2002-01-25,R/R,,Chipola JC,,0,0,240000,110000,No,0.8461538461538461,False,JC J2,Yes,Yes,20.487671232876714,311,E,J,R
2022,13,396,Seattle Mariners,Darren Bowen,,P,2001-02-03,R/R,,UNC Pembroke,,0,0,130000,0,No,,False,4YR JR,No,Yes,21.46301369863014,,E,K,N
2022,13,397,St. Louis Cardinals,Chandler Arnold,,P,1999-11-19,R/R,,Dallas Baptist,MVC,0,0,180000,50000,No,0.38461538461538464,False,4YR JR,No,Yes,22.673972602739727,,E,L,N
2022,13,398,Toronto Blue Jays,Bo Bonds,522,P,2001-01-10,R/R,,Louisiana,,0,0,130000,0,No,,False,4YR JR,No,Yes,21.528767123287672,124,E,K,R
2022,13,399,Boston Red Sox,Gavin Kilen,147,SS,2004-03-28,L/R,Louisville,,,0,0,,0,No,,True,HS SR,No,No,18.315068493150687,-252,E,H,O
2022,13,400,New York Yankees,Geoffrey Gilbert,639,P,2001-05-03,L/L,,Clemson,ACC,0,0,130000,0,No,,False,4YR JR,No,Yes,21.21917808219178,239,E,K,R
2022,13,401,Chicago White Sox,Mason Adams,,P,2000-02-23,R/R,,Jacksonville State,ASUN,0,0,75000,0,No,,False,4YR SR,No,Yes,22.410958904109588,,E,L,N
2022,13,402,Milwaukee Brewers,Zane Petty,,P,2003-12-19,R/R,Texas Tech,,,0,0,,0,No,,True,HS SR,No,No,18.589041095890412,,E,H,N
2022,13,403,Houston Astros,Jackson Loftin,,SS,2000-05-14,R/R,,Oral Roberts,Summit,0,0,130000,0,No,,False,4YR JR,No,Yes,22.18904109589041,,E,L,N
2022,13,404,Tampa Bay Rays,Nate Dahle,,P,1997-10-09,R/R,,BYU,WCC,0,0,88000,0,No,,False,4YR JR,No,Yes,24.786301369863015,,E,M,N
2022,13,405,Los Angeles Dodgers,Chris Newell,225,OF,2001-04-23,L/L,,Virginia,ACC,0,0,150000,20000,No,0.15384615384615385,False,4YR JR,No,Yes,21.246575342465754,-180,E,K,O
2022,13,406,San Francisco Giants,Thomas Gavello,303,C,2001-06-06,L/R,,Pacific,West Coast,0,0,130000,0,No,,False,4YR JR,No,Yes,21.126027397260273,-103,E,K,O
2022,14,407,Baltimore Orioles,Adam Retzbach,,C,2000-11-13,R/R,,Lehigh,Patriot,0,0,130000,0,No,,False,4YR JR,No,Yes,21.687671232876713,,E,K,N
2022,14,408,Arizona Diamondbacks,Kevin Graham,,LF,1999-08-12,L/R,,Ole Miss,SEC,0,0,130000,0,No,,False,4YR SR,No,Yes,22.945205479452056,,E,L,N
2022,14,409,Texas Rangers,Andrew Owen,,P,2002-01-20,R/R,,Turlock,,0,0,130000,0,No,,False,JC J2,Yes,Yes,20.5013698630137,,E,J,N
2022,14,410,Pittsburgh Pirates,Julian Bosnic,596,P,1999-12-28,L/L,,South Carolina,SEC,0,0,130000,0,No,,False,4YR SR,No,Yes,22.567123287671233,186,E,L,R
2022,14,411,Washington Nationals,Cortland Lawson,319,SS,2000-05-12,R/R,,Tennessee,SEC,0,0,130000,0,No,,False,4YR JR,No,Yes,22.194520547945206,-92,E,L,O
2022,14,412,Miami Marlins,Torin Montgomery,560,1B,2001-05-02,R/R,,Missouri,SEC,0,0,75000,0,No,,False,4YR JR,No,Yes,21.221917808219178,148,E,K,R
2022,14,413,Chicago Cubs,Shane Marshall,,C,2000-03-15,R/R,,Georgia,SEC,0,0,130000,0,No,,False,4YR SR,No,Yes,22.353424657534248,,E,L,N
2022,14,414,Minnesota Twins,Omari Daniel,253,SS,2004-05-04,R/R,Oregon,,,0,0,230000,100000,No,0.7692307692307693,True,HS SR,No,Yes,18.213698630136985,-161,E,H,O
2022,14,415,Kansas City Royals,Ben Sears,,P,2000-06-15,R/R,,Houston,AAC,0,0,130000,0,No,,False,4YR SR,No,Yes,22.101369863013698,,E,L,N
2022,14,416,Colorado Rockies,Braxton Hyde,316,P,2001-06-06,R/R,Oral Roberts,,,0,0,130000,0,No,,False,JC J2,Yes,Yes,21.126027397260273,-100,E,K,O
2022,14,417,Detroit Tigers,Joe Adametz,,P,1999-12-23,L/L,,Liberty,ASUN,0,0,130000,0,No,,False,4YR JR,No,Yes,22.58082191780822,,E,L,N
2022,14,418,Los Angeles Angels,Sabin Ceballos,,SS,2002-08-17,R/R,Oregon,San Jacinto CC,,0,0,,0,No,,False,JC J2,Yes,No,19.92876712328767,,E,I,N
2022,14,419,New York Mets,Cameron Foster,,P,1999-03-17,R/R,,Mcneese State,Southland,0,0,40000,0,No,,False,4YR 5S,No,Yes,23.350684931506848,,E,M,N
2022,14,420,San Diego Padres,Tyler Robertson,,OF,2000-03-10,R/R,,LA-Lafayette,Sun Belt,0,0,130000,0,No,,False,4YR SR,No,Yes,22.367123287671234,,E,L,N
2022,14,421,Cleveland Guardians,Pres Cavenaugh,326,OF,2000-10-31,L/L,,UNC Greensboro,SoCon,0,0,130000,0,No,,False,4YR JR,No,Yes,21.723287671232878,-95,E,K,O
2022,14,422,Philadelphia Phillies,Bryan Rincon,,SS,2004-02-08,S/R,,,,0,0,130000,0,No,,True,HS SR,No,Yes,18.44931506849315,,E,H,N
2022,14,423,Cincinnati Reds,Jared Lyons,,P,2000-09-27,R/R,,George Mason,Atlantic 10,0,0,100000,0,No,,False,4YR SR,No,Yes,21.816438356164383,,E,K,N
2022,14,424,Oakland Athletics,Jamaliel Rosado,,SS,2003-08-15,R/R,Florida International,,,0,0,130000,0,No,,True,HS SR,No,Yes,18.934246575342467,,E,H,N
2022,14,425,Atlanta Braves,Landon Harper,,P,2001-04-08,R/R,,Southern Miss,C-USA,0,0,140000,10000,No,0.07692307692307693,False,4YR JR,No,Yes,21.28767123287671,,E,K,N
2022,14,426,Seattle Mariners,Tyler Cleveland,,P,1999-09-09,L/R,,Central Arkansas,ASUN,0,0,130000,0,No,,False,4YR SR,No,Yes,22.86849315068493,,E,L,N
2022,14,427,St. Louis Cardinals,D.J. Carpenter,,P,2000-02-08,R/R,,Oregon State,Pac-12,0,0,100000,0,No,,False,4YR JR,No,Yes,22.45205479452055,,E,L,N
2022,14,428,Toronto Blue Jays,Sammy Hernandez,480,C,2004-06-01,R/R,Houston,,,0,0,200000,70000,No,0.5384615384615384,True,HS SR,No,Yes,18.136986301369863,52,E,H,R
2022,14,429,Boston Red Sox,Travis Sanders,537,SS,2003-12-18,R/R,Texas Tech,,,0,0,,0,No,,True,HS SR,No,No,18.59178082191781,108,E,H,R
2022,14,430,New York Yankees,Kris Bow,687,P,2000-11-26,R/R,,Arizona,Pac-12,0,0,130000,0,No,,False,JC J3,Yes,Yes,21.65205479452055,257,E,K,R
2022,14,431,Chicago White Sox,Shane Murphy,,P,2001-01-19,L/L,,Hamilton,,0,0,130000,0,No,,False,JC J3,Yes,Yes,21.504109589041096,,E,K,N
2022,14,432,Milwaukee Brewers,Aidan Maldonado,,P,2000-05-27,R/R,,Minnesota,Big Ten,0,0,130000,0,No,,False,4YR SR,No,Yes,22.153424657534245,,E,L,N
2022,14,433,Houston Astros,Tommy Sacco,,SS,1999-05-21,S/R,,TCU,Big 12,0,0,130000,0,No,,False,4YR 5S,No,Yes,23.172602739726027,,E,M,N
2022,14,434,Tampa Bay Rays,Roel Garcia,,P,1998-11-21,R/R,,Rice,Conference USA,0,0,50000,0,No,,False,4YR 5S,No,Yes,23.66849315068493,,E,M,N
2022,14,435,Los Angeles Dodgers,Jose Izarra,,SS,2002-03-07,R/R,,Miami Christian,,0,0,130000,0,No,,False,JC J2,Yes,Yes,20.375342465753423,,E,J,N
2022,14,436,San Francisco Giants,Nomar Diaz,,C,2004-04-15,R/R,Florida Southwestern State College,,,0,0,130000,0,No,,True,HS SR,No,Yes,18.265753424657536,,E,H,N
2022,15,437,Baltimore Orioles,James Hicks,,P,2001-05-09,R/R,,South Carolina,SEC,0,0,,0,No,,False,4YR JR,No,No,21.202739726027396,,E,K,N
2022,15,438,Arizona Diamondbacks,Joshua Day,485,SS,2000-03-25,R/R,,Missouri,SEC,0,0,130000,0,No,,False,4YR SR,No,Yes,22.326027397260273,47,E,L,Q
2022,15,439,Texas Rangers,Jack Goodman,,SS,2003-10-09,R/R,Pepperdine,,,0,0,,0,No,,True,HS SR,No,No,18.783561643835615,,E,H,N
2022,15,440,Pittsburgh Pirates,Josiah Sightler,,1B,1999-10-19,L/L,,South Carolina,SEC,0,0,130000,0,No,,False,4YR SR,No,Yes,22.75890410958904,,E,L,N
2022,15,441,Washington Nationals,Kyle Luckham,314,P,1999-10-01,R/R,,Arizona State,Pac-12,0,0,130000,0,No,,False,4YR SR,No,Yes,22.80821917808219,-127,E,L,O
2022,15,442,Miami Marlins,Ike Buxton,,P,2000-07-18,R/R,,Lipscomb,ASUN,0,0,100000,0,No,,False,4YR SR,No,Yes,22.01095890410959,,E,L,N
2022,15,443,Chicago Cubs,Haydn McGeary,,C,1999-10-09,R/R,,Colorado Mesa,,0,0,130000,0,No,,False,4YR JR,No,Yes,22.786301369863015,,E,L,N
2022,15,444,Minnesota Twins,Ben Ethridge,432,P,2001-07-03,R/R,,Southern Miss,C-USA,0,0,130000,0,No,,False,4YR JR,No,Yes,21.052054794520547,-12,E,K,P
2022,15,445,Kansas City Royals,Javier Vaz,,OF,2000-09-22,L/R,,Vanderbilt,SEC,0,0,130000,0,No,,False,4YR JR,No,Yes,21.83013698630137,,E,K,N
2022,15,446,Colorado Rockies,Brady Hill,,P,2000-11-10,L/R,,Mount Spokane,,0,0,180000,50000,No,0.38461538461538464,False,4YR JR,No,Yes,21.695890410958903,,E,K,N
2022,15,447,Detroit Tigers,Patrick Pridgen,310,P,1999-03-26,R/R,,Florida International,C-USA,0,0,130000,0,No,,False,4YR 5S,No,Yes,23.326027397260273,-137,E,M,O
2022,15,448,Los Angeles Angels,Bryce Osmond,254,P,2000-09-05,R/R,,Oklahoma State,Big 12,0,0,130000,0,No,,False,4YR JR,No,Yes,21.876712328767123,-194,E,K,O
2022,15,449,New York Mets,Jackson Jaha,667,3B,2003-06-19,R/R,Oregon,,,0,0,,0,No,,True,HS SR,No,No,19.09041095890411,218,E,I,R
2022,15,450,San Diego Padres,Thomas Balboni,,P,2000-07-06,L/R,,Northeastern,CAA,0,0,130000,0,No,,False,4YR JR,No,Yes,22.043835616438358,,E,L,N
2022,15,451,Cleveland Guardians,Adam Tulloch,613,P,2000-07-01,L/L,,Arizona State,Pac-12,0,0,130000,0,No,,False,4YR SR,No,Yes,22.057534246575344,162,E,L,R
2022,15,452,Philadelphia Phillies,Troy Schreffler,,OF,2000-10-27,R/R,,Maryland,Big Ten,0,0,130000,0,No,,False,4YR JR,No,Yes,21.734246575342464,,E,K,N
2022,15,453,Cincinnati Reds,Adam Serwinowski,,P,2004-06-07,L/L,South Carolina,,,0,0,130000,0,No,,True,HS SR,No,Yes,18.12054794520548,,E,H,N
2022,15,454,Oakland Athletics,Mark Adamiak,615,P,2000-12-15,R/R,,Arkansas,SEC,0,0,130000,0,No,,False,4YR JR,No,Yes,21.6,161,E,K,R
2022,15,455,Atlanta Braves,William Silva,,P,2001-08-02,R/R,,Miami Dade CC,,0,0,75000,0,No,,False,JC J3,Yes,Yes,20.96986301369863,,E,J,N
2022,15,456,Seattle Mariners,Blake Rambusch,,3B,1999-08-31,R/R,,Auburn,SEC,0,0,130000,0,No,,False,4YR JR,No,Yes,22.893150684931506,,E,L,N
2022,15,457,St. Louis Cardinals,Matt Hickey,,P,1998-05-11,L/R,,Tarleton State,WAC,0,0,25000,0,No,,False,4YR 5S,No,Yes,24.2,,E,M,N
2022,15,458,Toronto Blue Jays,Michael Turconi,,SS,1999-06-24,L/R,,Wake Forest,ACC,0,0,75000,0,No,,False,4YR SR,No,Yes,23.07945205479452,,E,M,N
2022,15,459,Boston Red Sox,Nathan Landry,,P,1999-05-04,R/L,,Missouri,SEC,0,0,110000,0,No,,False,4YR JR,No,Yes,23.21917808219178,,E,M,N
2022,15,460,New York Yankees,Tayler Aguilar,,OF,2000-08-15,L/L,,Grand Canyon,WAC,0,0,130000,0,No,,False,4YR JR,No,Yes,21.934246575342467,,E,K,N
2022,15,461,Chicago White Sox,Billy Seidl,624,P,1999-11-09,R/R,,Duke,ACC,0,0,100000,0,No,,False,4YR JR,No,Yes,22.7013698630137,163,E,L,R
2022,15,462,Milwaukee Brewers,Satchell Norman,,C,2002-07-22,R/R,,Sarasota,,0,0,130000,0,No,,False,JC J1,Yes,Yes,20,,E,J,N
2022,15,463,Houston Astros,Joey Mancini,586,P,2000-10-04,L/R,,Boston College,ACC,0,0,130000,0,No,,False,4YR SR,No,Yes,21.797260273972604,123,E,K,R
2022,15,464,Tampa Bay Rays,Jake Christianson,,P,1999-10-22,R/R,,Feather River JC,,0,0,50000,0,No,,False,JC J2,Yes,Yes,22.75068493150685,,E,L,N
2022,15,465,Los Angeles Dodgers,Nicolas Perez,205,SS,2004-09-20,R/R,Florida State,,,0,0,130000,0,No,,True,HS SR,No,Yes,17.832876712328765,-260,E,G,O
2022,15,466,San Francisco Giants,Tanner O'Tremba,335,OF,1999-12-06,R/R,,Arizona,Pac-12,0,0,75000,0,No,,False,4YR SR,No,Yes,22.627397260273973,-131,E,L,O
2022,16,467,Baltimore Orioles,Graham Firoved,557,P,1999-09-26,R/R,,Virginia Tech,ACC,0,0,80000,0,No,,False,4YR JR,No,Yes,22.82191780821918,90,F,L,R
2022,16,468,Arizona Diamondbacks,David Martin,,C,2000-10-28,L/R,,Chino Hills,,0,0,100000,0,No,,False,4YR JR,No,Yes,21.731506849315068,,F,K,N
2022,16,469,Texas Rangers,Nick Bautista,,P,2002-02-22,R/R,,Cypress JC,,0,0,130000,0,No,,False,JC J2,Yes,Yes,20.410958904109588,,F,J,N
2022,16,470,Pittsburgh Pirates,Nick Cimillo,,C,2000-02-23,R/R,,Rutgers,Big Ten,0,0,100000,0,No,,False,4YR SR,No,Yes,22.410958904109588,,F,L,N
2022,16,471,Washington Nationals,Everett Cooper,,SS,2003-07-31,L/R,Old Dominion,,,0,0,130000,0,No,,True,HS SR,No,Yes,18.975342465753425,,F,H,N
2022,16,472,Miami Marlins,Brett Roberts,203,SS,2001-03-12,R/R,,Florida State,ACC,0,0,100000,0,No,,False,4YR JR,No,Yes,21.361643835616437,-269,F,K,O
2022,16,473,Chicago Cubs,JP Wheat,,P,2002-08-03,R/R,Georgia Tech,,,0,0,130000,0,No,,True,HS SR,No,Yes,19.96712328767123,,F,I,N
2022,16,474,Minnesota Twins,Jankel Ortiz,,SS,2004-06-14,S/R,UAB,,,0,0,130000,0,No,,True,HS SR,No,Yes,18.101369863013698,,F,H,N
2022,16,475,Kansas City Royals,Cooper McKeehan,405,P,2001-03-28,L/L,,BYU,WCC,0,0,130000,0,No,,False,4YR JR,No,Yes,21.317808219178083,-70,F,K,O
2022,16,476,Colorado Rockies,Austin Becker,,P,1999-09-02,R/R,,Texas Tech,Big 12,0,0,100000,0,No,,False,4YR SR,No,Yes,22.887671232876713,,F,L,N
2022,16,477,Detroit Tigers,Quinn Gudaitis,,P,1999-04-10,R/R,,Illinois-Springfield,,0,0,75000,0,No,,False,4YR 5S,No,Yes,23.284931506849315,,F,M,N
2022,16,478,Los Angeles Angels,Casey Dana,,OF,1999-05-31,R/R,,Connecticut,Big East,0,0,130000,0,No,,False,4YR 5S,No,Yes,23.145205479452056,,F,M,N
2022,16,479,New York Mets,Jimmy Loper,,P,1999-11-08,R/R,,Duke,ACC,0,0,130000,0,No,,False,4YR SR,No,Yes,22.704109589041096,,F,L,N
2022,16,480,San Diego Padres,Henry Martinez,,P,2004-03-02,R/R,Florida International,,,0,0,130000,0,No,,True,HS SR,No,Yes,18.386301369863013,,F,H,N
2022,16,481,Cleveland Guardians,Logun Clark,311,C,2003-06-04,R/R,CSU Bakersfield,,,0,0,130000,0,No,,True,HS SR,No,Yes,19.13150684931507,-170,F,I,O
2022,16,482,Philadelphia Phillies,Josh Bortka,,P,1999-07-12,R/R,,Central Missouri,DII,0,0,75000,0,No,,False,4YR SR,No,Yes,23.03013698630137,,F,M,N
2022,16,483,Cincinnati Reds,Trey Braithwaite,626,P,1997-09-23,R/R,,West Virginia,Big 12,0,0,100000,0,No,,False,4YR 5S,No,Yes,24.83013698630137,143,F,M,R
2022,16,484,Oakland Athletics,Blaze Pontes,,P,2000-01-06,R/R,,Hawaii,Big West,0,0,75000,0,No,,False,4YR SR,No,Yes,22.542465753424658,,F,L,N
2022,16,485,Atlanta Braves,E.J. Exposito,,SS,2001-05-04,R/R,,Long Island,Northeast,0,0,100000,0,No,,False,4YR JR,No,Yes,21.216438356164385,,F,K,N
2022,16,486,Seattle Mariners,Jacob McNairy,,P,1999-11-22,R/R,,Alabama,SEC,0,0,,0,No,,False,4YR SR,No,No,22.665753424657535,,F,L,N
2022,16,487,St. Louis Cardinals,Hunter Hayes,,P,2000-08-05,R/R,,Pacific,West Coast,0,0,100000,0,No,,False,4YR JR,No,Yes,21.96164383561644,,F,K,N
2022,16,488,Toronto Blue Jays,Kale Davis,,P,2000-04-14,R/R,,Oklahoma State,Big 12,0,0,,0,No,,False,4YR SO,No,No,22.27123287671233,,F,L,N
2022,16,489,Boston Red Sox,Garrett Ramsey,,P,1999-10-29,R/R,,Southern Miss,C-USA,0,0,98000,0,No,,False,4YR SR,No,Yes,22.731506849315068,,F,L,N
2022,16,490,New York Yankees,Shane Gray,482,P,2000-04-18,R/R,,Evansville,,0,0,130000,0,No,,False,4YR SR,No,Yes,22.26027397260274,-8,F,L,P
2022,16,491,Chicago White Sox,Tristan Stivors,,P,1998-09-22,R/R,,Texas State,Sun Belt,0,0,75000,0,No,,False,4YR 5S,No,Yes,23.832876712328765,,F,M,N
2022,16,492,Milwaukee Brewers,Ethan Lege,370,3B,2001-03-12,R/R,Ole Miss,,,0,0,,0,No,,False,JC J2,Yes,No,21.361643835616437,-122,F,K,O
2022,16,493,Houston Astros,Tim Borden,498,SS,1999-09-01,R/R,,Georgia Tech,ACC,0,0,50000,0,No,,False,4YR SR,No,Yes,22.89041095890411,5,F,L,Q
2022,16,494,Tampa Bay Rays,Kamren James,434,3B,2000-05-25,R/R,,Mississippi State,SEC,0,0,130000,0,No,,False,4YR JR,No,Yes,22.15890410958904,-60,F,L,O
2022,16,495,Los Angeles Dodgers,Jared Karros,655,P,2000-11-16,R/R,,UCLA,Pac-12,0,0,130000,0,No,,False,4YR SO,No,Yes,21.67945205479452,160,F,K,R
2022,16,496,San Francisco Giants,Andrew Kachel,228,2B,2000-12-24,L/R,,Fresno State,MWC,0,0,130000,0,No,,False,4YR JR,No,Yes,21.575342465753426,-268,F,K,O
2022,17,497,Baltimore Orioles,Carter Young,169,SS,2001-01-24,S/R,,Vanderbilt,SEC,0,0,1300000,1170000,No,9,False,4YR JR,No,Yes,21.49041095890411,-328,F,K,O
2022,17,498,Arizona Diamondbacks,Logan Clayton,,P,2000-05-02,R/R,,Houston,AAC,0,0,100000,0,No,,False,4YR SO,No,Yes,22.221917808219178,,F,L,N
2022,17,499,Texas Rangers,Carson Dorsey,,P,2003-02-25,L/L,,Gulf Coast JC,,0,0,,0,No,,False,JC J1,Yes,No,19.4027397260274,,F,I,N
2022,17,500,Pittsburgh Pirates,Jaycob Deese,,P,2000-05-30,R/R,,Houston,AAC,0,0,80000,0,No,,False,4YR SR,No,Yes,22.145205479452056,,F,L,N
2022,17,501,Washington Nationals,Blake Klassen,421,1B,2000-09-26,L/L,,UC Santa Barbara,Big West,0,0,130000,0,No,,False,4YR JR,No,Yes,21.81917808219178,-80,F,K,O
2022,17,502,Miami Marlins,Evan Chrest,664,P,2004-01-05,R/R,Jacksonville State,,,0,0,,0,No,,True,HS SR,No,No,18.542465753424658,162,F,H,R
2022,17,503,Chicago Cubs,Andy Garriola,,OF,1999-12-15,R/R,,Old Dominion,Sun Belt,0,0,50000,0,No,,False,4YR SR,No,Yes,22.602739726027398,,F,L,N
2022,17,504,Minnesota Twins,Alec Sayre,545,OF,2000-10-05,R/R,,Wright State,Horizon,0,0,100000,0,No,,False,4YR JR,No,Yes,21.794520547945204,41,F,K,Q
2022,17,505,Kansas City Royals,Chazz Martinez,274,P,2000-01-06,L/L,,Oklahoma,Big 12,0,0,130000,0,No,,False,4YR SR,No,Yes,22.542465753424658,-231,F,L,O
2022,17,506,Colorado Rockies,Tyler Hoffman,,P,1999-09-01,R/R,,Tulane,AAC,0,0,130000,0,No,,False,4YR SR,No,Yes,22.89041095890411,,F,L,N
2022,17,507,Detroit Tigers,Cole Patten,,P,1999-08-05,R/R,,Villanova,Big East,0,0,35000,0,No,,False,4YR SR,No,Yes,22.964383561643835,,F,L,N
2022,17,508,Los Angeles Angels,Sammy Natera,658,P,1999-11-06,L/L,,New Mexico State,WAC,0,0,130000,0,No,,False,4YR JR,No,Yes,22.70958904109589,150,F,L,R
2022,17,509,New York Mets,Connor Brandon,428,P,2001-03-26,R/R,,Toledo,MAC,0,0,200000,70000,No,0.5384615384615384,False,4YR JR,No,Yes,21.323287671232876,-81,F,K,O
2022,17,510,San Diego Padres,Hugh Pinkney,,C,2004-07-11,L/R,Rutgers,,,0,0,,0,No,,True,HS SR,No,No,18.027397260273972,,F,H,N
2022,17,511,Cleveland Guardians,Angel Zarate,535,OF,1999-07-16,L/L,,North Carolina,ACC,0,0,100000,0,No,,False,4YR 5S,No,Yes,23.019178082191782,24,F,M,Q
2022,17,512,Philadelphia Phillies,Daniel Harper,,P,1999-06-01,R/R,,Kentucky,SEC,0,0,20000,0,No,,False,4YR 5S,No,Yes,23.14246575342466,,F,M,N
2022,17,513,Cincinnati Reds,Easton Sikorski,,P,2000-01-12,R/R,,Western Michigan,MAC,0,0,75000,0,No,,False,4YR SR,No,Yes,22.526027397260275,,F,L,N
2022,17,514,Oakland Athletics,Jake Garland,,P,2000-09-26,R/R,,Miami,ACC,0,0,100000,0,No,,False,4YR JR,No,Yes,21.81917808219178,,F,K,N
2022,17,515,Atlanta Braves,Kevin Kilpatrick,,OF,2000-11-25,R/R,,Redan,,0,0,130000,0,No,,False,JC J3,Yes,Yes,21.654794520547945,,F,K,N
2022,17,516,Seattle Mariners,Stefan Raeth,,P,2000-08-31,L/R,,Washington,Pac-12,0,0,50000,0,No,,False,4YR SR,No,Yes,21.89041095890411,,F,K,N
2022,17,517,St. Louis Cardinals,Brody Moore,,2B,2000-07-20,R/R,,Auburn,SEC,0,0,50000,0,No,,False,4YR SR,No,Yes,22.005479452054793,,F,L,N
2022,17,518,Toronto Blue Jays,Ryan Chasse,,P,1999-12-11,L/L,,Campbell,Big South,0,0,50000,0,No,,False,4YR SR,No,Yes,22.613698630136987,,F,L,N
2022,17,519,Boston Red Sox,Deundre Jones,,OF,2003-12-12,L/L,Kansas State,,,0,0,130000,0,No,,True,HS SR,No,Yes,18.60821917808219,,F,H,N
2022,17,520,New York Yankees,Hayden Merda,,P,2000-03-21,R/R,,Azusa Pacific,DII,0,0,130000,0,No,,False,4YR SR,No,Yes,22.336986301369862,,F,L,N
2022,17,521,Chicago White Sox,Nick Altermatt,,P,1999-09-28,R/R,,Minnesota State-Mankato,,0,0,130000,0,No,,False,4YR SR,No,Yes,22.816438356164383,,F,L,N
2022,17,522,Milwaukee Brewers,Brady Neal,67,C,2004-10-10,L/R,LSU,,,0,0,,0,No,,True,HS SR,No,No,17.778082191780822,-455,F,G,O
2022,17,523,Houston Astros,Garrett McGowan,,1B,1999-04-14,L/L,,Pittsburg State,,0,0,20000,0,No,,False,4YR 5S,No,Yes,23.273972602739725,,F,M,N
2022,17,524,Tampa Bay Rays,Levi Huesman,150,P,2003-08-10,R/L,Coastal Carolina,,,0,0,,0,No,,True,HS SR,No,No,18.947945205479453,-374,F,H,O
2022,17,525,Los Angeles Dodgers,Payton Martin,,P,2004-05-19,R/R,East Carolina,,,0,0,130000,0,No,,True,HS SR,No,Yes,18.172602739726027,,F,H,N
2022,17,526,San Francisco Giants,Justin Bench,,CF,1999-08-28,R/R,,Ole Miss,SEC,0,0,100000,0,No,,False,4YR SR,No,Yes,22.9013698630137,,F,L,N
2022,18,527,Baltimore Orioles,Andrew Walters,118,P,2000-12-08,R/R,,Miami,ACC,0,0,,0,No,,False,4YR JR,No,No,21.61917808219178,-409,F,K,O
2022,18,528,Arizona Diamondbacks,Aiva Arquette,109,SS,2003-10-17,R/R,Washington,,,0,0,,0,No,,True,HS SR,No,No,18.76164383561644,-419,F,H,O
2022,18,529,Texas Rangers,Justin Sanchez,,P,2003-10-11,L/L,USF,,,0,0,130000,0,No,,True,HS SR,No,Yes,18.778082191780822,,F,H,N
2022,18,530,Pittsburgh Pirates,Elijah Birdsong,,P,1999-10-11,R/R,,Benicia,,0,0,100000,0,No,,False,4YR SR,No,Yes,22.78082191780822,,F,L,N
2022,18,531,Washington Nationals,Brad Lord,,P,2000-02-14,R/R,,USF,American Athletic,0,0,130000,0,No,,False,4YR SR,No,Yes,22.435616438356163,,F,L,N
2022,18,532,Miami Marlins,Spencer Bramwell,,C,1999-01-10,R/R,,Colorado Mesa,,0,0,10000,0,No,,False,4YR 5S,No,Yes,23.53150684931507,,F,M,N
2022,18,533,Chicago Cubs,Garrett Brown,,P,1999-11-06,L/R,,Georgia,SEC,0,0,80000,0,No,,False,4YR SR,No,Yes,22.70958904109589,,F,L,N
2022,18,534,Minnesota Twins,Zach Veen,,P,2001-04-18,L/L,,Point Loma Nazarene,,0,0,80000,0,No,,False,4YR JR,No,Yes,21.26027397260274,,F,K,N
2022,18,535,Kansas City Royals,Milo Rushford,,OF,2004-02-12,L/L,New Mexico State,,,0,0,130000,0,No,,True,HS SR,No,Yes,18.438356164383563,,F,H,N
2022,18,536,Colorado Rockies,Javier Ramos,,P,1999-10-15,R/R,,Oklahoma,Big 12,0,0,130000,0,No,,False,4YR SR,No,Yes,22.76986301369863,,F,L,N
2022,18,537,Detroit Tigers,Chris Williams,,P,2000-03-03,L/L,,River Ridge,,0,0,50000,0,No,,False,4YR SR,No,Yes,22.386301369863013,,F,L,N
2022,18,538,Los Angeles Angels,Max Gieg,,P,2001-06-08,R/R,,Boston College,ACC,0,0,130000,0,No,,False,4YR JR,No,Yes,21.12054794520548,,F,K,N
2022,18,539,New York Mets,Chris Santiago,452,P,2001-06-18,R/R,,Saint Mary's (CA),West Coast,0,0,130000,0,No,,False,4YR JR,No,Yes,21.09315068493151,-87,F,K,O
2022,18,540,San Diego Padres,Romeo Sanabria,,C,2002-05-02,L/R,,Indian River State JC,,0,0,50000,0,No,,False,JC J1,Yes,Yes,20.221917808219178,,F,J,N
2022,18,541,Cleveland Guardians,Zach Jacobs,,P,2001-09-09,R/R,,UC Riverside,Big West,0,0,130000,0,No,,False,4YR JR,No,Yes,20.865753424657534,,F,J,N
2022,18,542,Philadelphia Phillies,Braylen Wimmer,206,2B,2000-12-27,R/R,,South Carolina,SEC,0,0,,0,No,,False,4YR JR,No,No,21.567123287671233,-336,F,K,O
2022,18,543,Cincinnati Reds,Mason Neville,188,OF,2004-01-13,L/L,Arkansas,,,0,0,,0,No,,True,HS SR,No,No,18.52054794520548,-355,F,H,O
2022,18,544,Oakland Athletics,Vince Reilly,478,P,2001-06-07,R/R,,Grand Canyon,WAC,0,0,100000,0,No,,False,4YR JR,No,Yes,21.123287671232877,-66,F,K,O
2022,18,545,Atlanta Braves,Noah Williams,,OF,2004-04-12,S/R,,,,0,0,130000,0,No,,True,HS SR,No,Yes,18.273972602739725,,F,H,N
2022,18,546,Seattle Mariners,Brandon Schaeffer,583,P,2000-02-11,L/L,,North Carolina,ACC,0,0,100000,0,No,,False,4YR SR,No,Yes,22.443835616438356,37,F,L,Q
2022,18,547,St. Louis Cardinals,John Lynch,,P,2001-04-17,L/L,,Jesuit College Prep,,0,0,130000,0,No,,False,4YR JR,No,Yes,21.263013698630136,,F,K,N
2022,18,548,Toronto Blue Jays,Jeremy Pilon,,P,2005-09-11,L/L,Alabama,,,0,0,,0,No,,True,HS JR,No,No,16.85753424657534,,F,G,N
2022,18,549,Boston Red Sox,Austin Ehrlicher,,P,2003-06-02,L/R,,Santa Rosa CC,,0,0,,0,No,,False,JC J1,Yes,No,19.136986301369863,,F,I,N
2022,18,550,New York Yankees,Sebastian Keane,493,P,2000-11-02,R/R,,Northeastern,CAA,0,0,130000,0,No,,False,4YR JR,No,Yes,21.71780821917808,-57,F,K,O
2022,18,551,Chicago White Sox,Bryce Willits,,3B,1999-08-25,L/R,,UC Santa Barbara,Big West,0,0,40000,0,No,,False,4YR SR,No,Yes,22.90958904109589,,F,L,N
2022,18,552,Milwaukee Brewers,Jurrangelo Cijntje,260,P,2003-05-31,S/S,Mississippi State,,,0,0,,0,No,,True,HS SR,No,No,19.14246575342466,-292,F,I,O
2022,18,553,Houston Astros,Isaiah Jackson,297,OF,2004-05-16,L/R,Arizona State,,,0,0,,0,No,,True,HS SR,No,No,18.18082191780822,-256,F,H,O
2022,18,554,Tampa Bay Rays,Duncan Davitt,,P,1999-09-23,R/R,,Iowa,Big Ten,0,0,25000,0,No,,False,4YR SR,No,Yes,22.83013698630137,,F,L,N
2022,18,555,Los Angeles Dodgers,Cameron Decker,,SS,2003-09-22,S/R,UCF,,,0,0,190000,60000,No,0.46153846153846156,True,HS SR,No,Yes,18.83013698630137,,F,H,N
2022,18,556,San Francisco Giants,Tanner Thach,,1B,2004-03-11,L/L,UNC Wilmington,,,0,0,,0,No,,True,HS SR,No,No,18.361643835616437,,F,H,N
2022,19,557,Baltimore Orioles,Alden Mathes,,OF,2001-02-21,L/L,,Richmond,Atlantic 10,0,0,,0,No,,False,4YR JR,No,No,21.413698630136988,,F,K,N
2022,19,558,Arizona Diamondbacks,Gavin Turley,87,OF,2003-11-12,R/R,Oregon State,,,0,0,,0,No,,True,HS SR,No,No,18.69041095890411,-471,F,H,O
2022,19,559,Texas Rangers,Grayson Saunier,183,P,2004-04-24,L/R,Ole Miss,,,0,0,,0,No,,True,HS SR,No,No,18.24109589041096,-376,F,H,O
2022,19,560,Pittsburgh Pirates,Yoel Tejeda Jr.,366,P,2003-07-08,S/R,Florida,,,0,0,,0,No,,True,HS SR,No,No,19.03835616438356,-194,F,I,O
2022,19,561,Washington Nationals,Johnathon Thomas,,OF,2000-03-01,R/R,,Texas Southern,SWAC,0,0,130000,0,No,,False,4YR SR,No,Yes,22.39178082191781,,F,L,N
2022,19,562,Miami Marlins,Carmine Lane,,3B,2001-03-28,R/R,,USF,American Athletic,0,0,75000,0,No,,False,4YR JR,No,Yes,21.317808219178083,,F,K,N
2022,19,563,Chicago Cubs,Brock Blatter,496,P,2004-07-10,R/R,Alabama,,,0,0,,0,No,,True,HS SR,No,No,18.03013698630137,-67,F,H,O
2022,19,564,Minnesota Twins,Garrett McMillan,,P,2001-02-10,L/R,,Alabama,SEC,0,0,,0,No,,False,4YR JR,No,No,21.443835616438356,,F,K,N
2022,19,565,Kansas City Royals,Tommy Szczepanski,257,P,2003-07-05,R/R,Michigan,,,0,0,,0,No,,True,HS SR,No,No,19.046575342465754,-308,F,I,O
2022,19,566,Colorado Rockies,Skyler Messinger,,3B,1998-11-01,R/R,,Texas,Big 12,0,0,20000,0,No,,False,4YR 5S,No,Yes,23.723287671232878,,F,M,N
2022,19,567,Detroit Tigers,Albert Oliva,,P,2002-10-18,R/R,,New Mexico Military Institute,,0,0,130000,0,No,,False,JC J2,Yes,Yes,19.75890410958904,,F,I,N
2022,19,568,Los Angeles Angels,Luke Franzoni,563,CF,1999-12-20,R/R,,Xavier,Big East,0,0,75000,0,No,,False,4YR SR,No,Yes,22.589041095890412,-5,F,L,P
2022,19,569,New York Mets,Jackson Lovich,279,SS,2003-11-18,R/R,Missouri,,,0,0,,0,No,,True,HS SR,No,No,18.673972602739727,-290,F,H,O
2022,19,570,San Diego Padres,Spence Coffman,,SS,2004-01-07,R/R,Southeastern Louisiana,,,0,0,130000,0,No,,True,HS SR,No,Yes,18.53698630136986,,F,H,N
2022,19,571,Cleveland Guardians,Geo Rivera,449,P,2000-11-15,R/R,,Walters State (Tenn.) JC,,0,0,160000,30000,No,0.23076923076923078,False,JC J1,Yes,Yes,21.682191780821917,-122,F,K,O
2022,19,572,Philadelphia Phillies,Drew Garrett,,P,2000-06-20,R/R,,Missouri,SEC,0,0,50000,0,No,,False,4YR SR,No,Yes,22.087671232876712,,F,L,N
2022,19,573,Cincinnati Reds,Tyler Chadwick,429,P,2001-09-04,S/R,,Iowa Western JC,,0,0,,0,No,,False,JC J2,Yes,No,20.87945205479452,-144,F,J,O
2022,19,574,Oakland Athletics,Tommy Stevenson,,1B,2000-09-13,R/R,,Missouri Southern State,,0,0,100000,0,No,,False,4YR JR,No,Yes,21.854794520547944,,F,K,N
2022,19,575,Atlanta Braves,Christian Jackson,,OF,2003-10-23,R/R,Georgia State,,,0,0,130000,0,No,,True,HS SR,No,Yes,18.745205479452054,,F,H,N
2022,19,576,Seattle Mariners,Curtis Washington,,CF,2000-05-22,S/R,,Purdue,Big Ten,0,0,50000,0,No,,False,4YR SR,No,Yes,22.167123287671235,,F,L,N
2022,19,577,St. Louis Cardinals,Chris Rotondo,,CF,1999-06-15,R/R,,Villanova,Big East,0,0,25000,0,No,,False,4YR SR,No,Yes,23.104109589041094,,F,M,N
2022,19,578,Toronto Blue Jays,Gage Stanifer,593,P,2003-11-18,R/R,Cincinnati,,,0,0,130000,0,No,,True,HS SR,No,Yes,18.673972602739727,15,F,H,Q
2022,19,579,Boston Red Sox,Jaret Godman,,P,2000-05-07,L/R,,Oklahoma,Big 12,0,0,120000,0,No,,False,4YR SR,No,Yes,22.208219178082192,,F,L,N
2022,19,580,New York Yankees,Beau Brewer,,3B,2001-10-28,R/R,,Paris JC,,0,0,130000,0,No,,False,JC J2,Yes,Yes,20.731506849315068,,F,J,N
2022,19,581,Chicago White Sox,Drake Logan,,3B,2000-09-05,R/R,,Shelton State CC,,0,0,130000,0,No,,False,JC J3,Yes,Yes,21.876712328767123,,F,K,N
2022,19,582,Milwaukee Brewers,Jaden Noot,73,P,2003-10-13,R/R,LSU,,,0,0,,0,No,,True,HS SR,No,No,18.77260273972603,-509,F,H,O
2022,19,583,Houston Astros,John Garcia,,C,2000-09-25,R/R,,Grambling State,,0,0,75000,0,No,,False,4YR JR,No,Yes,21.82191780821918,,F,K,N
2022,19,584,Tampa Bay Rays,Quinn Mathews,230,P,2000-10-04,L/L,,Stanford,Pac-12,0,0,,0,No,,False,4YR JR,No,No,21.797260273972604,-354,F,K,O
2022,19,585,Los Angeles Dodgers,Chris Alleyne,392,OF,1998-11-13,S/R,,Maryland,Big Ten,0,0,130000,0,No,,False,4YR 5S,No,Yes,23.69041095890411,-193,F,M,O
2022,19,586,San Francisco Giants,Cade Perkins,,P,2004-04-15,L/L,Cowley County CC,,,0,0,,0,No,,True,HS SR,No,No,18.265753424657536,,F,H,N
2022,20,587,Baltimore Orioles,Reese Sharp,,P,2000-08-07,R/R,,Indiana,Big Ten,0,0,130000,0,No,,False,4YR JR,No,Yes,21.956164383561642,,F,K,N
2022,20,588,Arizona Diamondbacks,Riley Kelly,96,P,2004-04-21,R/R,UC Irvine,,,0,0,,0,No,,True,HS SR,No,No,18.24931506849315,-492,F,H,O
2022,20,589,Texas Rangers,Matt Scott,167,P,2004-01-13,R/R,Stanford,,,0,0,,0,No,,True,HS SR,No,No,18.52054794520548,-422,F,H,O
2022,20,590,Pittsburgh Pirates,Joshua Loeschorn,,P,2000-03-10,L/R,,Long Island,Northeast,0,0,25000,0,No,,False,4YR SR,No,Yes,22.367123287671234,,F,L,N
2022,20,591,Washington Nationals,JeanPierre Ortiz,367,SS,2004-02-18,R/R,Florida International,,,0,0,,0,No,,True,HS SR,No,No,18.421917808219177,-224,F,H,O
2022,20,592,Miami Marlins,Jack Gowen,,P,1999-10-29,R/R,,Georgia,SEC,0,0,75000,0,No,,False,4YR SR,No,Yes,22.731506849315068,,F,L,N
2022,20,593,Chicago Cubs,Ke'Shun Collier,,OF,2000-12-21,L/R,,Meridian CC,,0,0,100000,0,No,,False,JC J2,Yes,Yes,21.583561643835615,,F,K,N
2022,20,594,Minnesota Twins,Korbyn Dickerson,194,OF,2003-10-30,R/R,Louisville,,,0,0,,0,No,,True,HS SR,No,No,18.726027397260275,-400,F,H,O
2022,20,595,Kansas City Royals,Austin Charles,142,SS,2003-11-13,R/R,UC Santa Barbara,,,0,0,430000,300000,No,2.3076923076923075,True,HS SR,No,Yes,18.687671232876713,-453,F,H,O
2022,20,596,Colorado Rockies,Carlos Torres,,P,2001-05-03,R/R,,Lehigh,Patriot,0,0,100000,0,No,,False,4YR JR,No,Yes,21.21917808219178,,F,K,N
2022,20,597,Detroit Tigers,Drew Conover,,P,2001-07-27,R/R,,Rutgers,Big Ten,0,0,,0,No,,False,4YR SO,No,No,20.986301369863014,,F,J,N
2022,20,598,Los Angeles Angels,Brendan Tinsman,,C,1999-12-06,R/R,,Wake Forest,ACC,0,0,25000,0,No,,False,4YR SR,No,Yes,22.627397260273973,,F,L,N
2022,20,599,New York Mets,Eli Ankeney,,P,2001-01-10,L/L,,Grand Canyon,WAC,0,0,100000,0,No,,False,4YR JR,No,Yes,21.528767123287672,,F,K,N
2022,20,600,San Diego Padres,Andrew Vail,,P,2000-08-12,L/L,,Rowan,,0,0,150000,20000,No,0.15384615384615385,False,4YR SR,No,Yes,21.942465753424656,,F,K,N
2022,20,601,Cleveland Guardians,Shawn Rapp,,P,2000-07-03,R/L,,North Carolina,ACC,0,0,50000,0,No,,False,4YR JR,No,Yes,22.052054794520547,,F,L,N
2022,20,602,Philadelphia Phillies,Nathan Karaffa,,P,2001-01-04,R/R,,Ohio State,Big Ten,0,0,75000,0,No,,False,4YR JR,No,Yes,21.545205479452054,,F,K,N
2022,20,603,Cincinnati Reds,Joseph Menefee,,P,1999-10-06,L/L,,George Ranch,,0,0,130000,0,No,,False,4YR SR,No,Yes,22.794520547945204,,F,L,N
2022,20,604,Oakland Athletics,Derek True,,P,2001-04-25,R/R,,Cal Poly,Big West,0,0,,0,No,,False,4YR JR,No,No,21.24109589041096,,F,K,N
2022,20,605,Atlanta Braves,Keshawn Ogans,,SS,2001-08-26,R/R,,California,Pac-12,0,0,130000,0,No,,False,4YR JR,No,Yes,20.904109589041095,,F,J,N
2022,20,606,Seattle Mariners,Nick Zona,,2B,1999-07-09,R/R,,James Madison,Sun Belt,0,0,5000,0,No,,False,4YR SR,No,Yes,23.03835616438356,,F,M,N
2022,20,607,St. Louis Cardinals,Gavin Van Kempen,287,P,2004-09-10,R/R,West Virginia,,,0,0,,0,No,,True,HS SR,No,No,17.86027397260274,-320,F,G,O
2022,20,608,Toronto Blue Jays,Greg Pace,,OF,2004-08-03,R/R,,,,0,0,,0,No,,True,HS SR,No,No,17.964383561643835,,F,G,N
2022,20,609,Boston Red Sox,Connor Butler,,P,2000-04-22,L/L,,Biola,DII,0,0,73000,0,No,,False,4YR SR,No,Yes,22.24931506849315,,F,L,N
2022,20,610,New York Yankees,Trevor Kirk,465,P,2000-10-04,R/R,,Elon,CAA,0,0,130000,0,No,,False,4YR JR,No,Yes,21.797260273972604,-145,F,K,O
2022,20,611,Chicago White Sox,Ethan Hammerberg,,P,2000-12-18,L/R,,Ohio State,Big Ten,0,0,100000,0,No,,False,4YR JR,No,Yes,21.59178082191781,,F,K,N
2022,20,612,Milwaukee Brewers,Noah Hall,,P,2001-03-30,R/R,,South Carolina,SEC,0,0,,0,No,,False,4YR JR,No,No,21.312328767123287,,F,K,N
2022,20,613,Houston Astros,Ryan Wrobleski,,C,2000-02-02,R/R,,Dallas Baptist,MVC,0,0,30000,0,No,,False,4YR SR,No,Yes,22.46849315068493,,F,L,N
2022,20,614,Tampa Bay Rays,Matt Wyatt,448,P,2000-09-26,R/R,,Virginia,ACC,0,0,260000,130000,No,1,False,4YR JR,No,Yes,21.81917808219178,-166,F,K,O
2022,20,615,Los Angeles Dodgers,Carter McCulley,,SS,2004-06-25,S/R,Pensacola State,,,0,0,,0,No,,True,HS SR,No,No,18.07123287671233,,F,H,N
2022,20,616,San Francisco Giants,Ethan Long,281,1B,2001-05-10,R/R,,Arizona State,Pac-12,0,0,,0,No,,False,4YR SO,No,No,21.2,-335,F,K,O
2021,1,1,Pirates,Henry Davis,3,C,1999-09-21,R/R,,Louisville,ACC,8415300,8415300,6500000,-6500000,Yes,-0.2275973524413865,False,4YR JR,No,Yes,21.791780821917808,2,S,K,Q
2021,1,2,Rangers,Jack Leiter,4,RHP,2000-04-21,R/R,,Vanderbilt,SEC,7789900,7789900,7922000,-7922000,Yes,0.016957855684925353,False,4YR SO,No,Yes,21.208219178082192,2,S,K,Q
2021,1,3,Tigers,Jackson Jobe,5,RHP,2002-07-30,R/R,Ole Miss,,,7221200,7221200,6900000,-6900000,Yes,-0.0444801418046862,True,HS SR,No,Yes,18.934246575342467,2,S,H,Q
2021,1,4,Red Sox,Marcelo Mayer,1,SS,2002-12-12,L/R,USC,,,6664000,6664000,6664000,-6664000,Yes,0,True,HS SR,No,Yes,18.564383561643837,-3,S,H,P
2021,1,5,Orioles,Colton Cowser,12,OF,2000-03-20,L/R,,Sam Houston State,Southland,6180700,6180700,4900000,-4900000,Yes,-0.20720953937256298,False,4YR JR,No,Yes,21.295890410958904,7,S,K,Q
2021,1,6,Diamondbacks,Jordan Lawlar,2,SS,2002-07-17,R/R,Vanderbilt,,,5742900,5742900,6713300,-6713300,Yes,0.168973863379129,True,HS SR,No,Yes,18.96986301369863,-4,T,H,P
2021,1,7,Royals,Frank Mozzicato,49,LHP,2003-06-19,L/L,UConn,,,5432400,5432400,3550000,-3550000,Yes,-0.3465135115234519,True,HS SR,No,Yes,18.046575342465754,42,T,H,Q
2021,1,8,Rockies,Benny Montgomery,20,OF,2002-09-09,R/R,Virginia,,,5176900,5176900,5000000,-5000000,Yes,-0.03417102899418571,True,HS SR,No,Yes,18.82191780821918,12,T,H,Q
2021,1,9,Angels,Sam Bachman,18,RHP,1999-09-30,R/R,,Miami (OH),MAC,4949100,4949100,3847500,-3847500,Yes,-0.2225859247135843,False,4YR JR,No,Yes,21.767123287671232,9,T,K,Q
2021,1,10,Mets,Kumar Rocker,7,RHP,1999-11-22,R/R,,Vanderbilt,SEC,4739900,4739900,,-4739900,Yes,,False,4YR JR,No,No,21.621917808219177,-3,T,K,P
2021,1,11,Nationals,Brady House,6,SS,2003-06-04,R/R,Tennessee,,,4547500,4547500,5000000,-5000000,Yes,0.09950522264980759,True,HS SR,No,Yes,18.087671232876712,-5,U,H,P
2021,1,12,Mariners,Harry Ford,9,C,2003-02-21,R/R,Georgia Tech,,,4366400,4366400,4366400,-4366400,Yes,0,True,HS SR,No,Yes,18.36986301369863,-3,U,H,P
2021,1,13,Phillies,Andrew Painter,25,RHP,2003-04-10,R/R,Florida,,,4197300,4197300,3900000,-3900000,Yes,-0.07083124865985277,True,HS SR,No,Yes,18.23835616438356,12,U,H,Q
2021,1,14,Giants,Will Bednar,16,RHP,2000-06-13,R/R,,Mississippi State,SEC,4036800,4036800,3650000,-3650000,Yes,-0.09581847007530718,False,4YR SO,No,Yes,21.063013698630137,2,U,K,Q
2021,1,15,Brewers,Sal Frelick,10,OF,2000-04-19,L/R,,Boston College,ACC,3885800,3885800,4000000,-4000000,Yes,0.029389057594317772,False,4YR JR,No,Yes,21.213698630136985,-5,U,K,P
2021,1,16,Marlins,Kahlil Watson,8,SS,2003-04-16,L/R,North Carolina State,,,3745500,3745500,4540790,-4540790,Yes,0.21233213189160327,True,HS SR,No,Yes,18.221917808219178,-8,V,H,P
2021,1,17,Reds,Matt McLain,11,SS,1999-08-06,R/R,,UCLA,Pac-12,3609700,3609700,4625000,-4625000,Yes,0.281269911627005,False,4YR JR,No,Yes,21.91780821917808,-6,V,K,P
2021,1,18,Cardinals,Michael McGreevy,62,RHP,2000-07-08,R/R,,UC-Santa Barbara,Big West,3481300,3481300,2750000,-2750000,Yes,-0.21006520552667107,False,4YR JR,No,Yes,20.994520547945207,44,V,J,Q
2021,1,19,Blue Jays,Gunnar Hoglund,15,RHP,1999-12-17,L/R,,Ole Miss,SEC,3359000,3359000,3247500,-3247500,Yes,-0.03319440309615957,False,4YR JR,No,Yes,21.553424657534247,-4,V,K,P
2021,1,20,Yankees,Trey Sweeney,30,SS,2000-04-24,L/R,,Eastern Illinois,OVC,3242900,3242900,3000000,-3000000,Yes,-0.07490209380492768,False,4YR JR,No,Yes,21.2,10,V,K,Q
2021,1,21,Cubs,Jordan Wicks,17,LHP,1999-09-01,L/L,,Kansas State,Big 12,3132300,3132300,3132300,-3132300,Yes,0,False,4YR JR,No,Yes,21.846575342465755,-4,A,K,P
2021,1,22,White Sox,Colson Montgomery,19,SS,2002-02-27,L/R,Indiana,,,3027000,3027000,3027000,-3027000,Yes,0,True,HS SR,No,Yes,19.353424657534248,-3,A,I,P
2021,1,23,Indians,Gavin Williams,14,RHP,1999-07-26,L/R,,East Carolina,AAC,2926800,2926800,2250000,-2250000,Yes,-0.23124231242312424,False,4YR SR,No,Yes,21.947945205479453,-9,A,K,P
2021,1,24,Braves,Ryan Cusick,24,RHP,1999-11-12,R/R,,Wake Forest,ACC,2831300,2831300,2700000,-2700000,Yes,-0.04637445696323244,False,4YR JR,No,Yes,21.649315068493152,0,A,K,P
2021,1,25,Athletics,Max Muncy,54,SS,2002-08-25,R/R,Arkansas,,,2740300,2740300,2850000,-2850000,Yes,0.04003211327226946,True,HS SR,No,Yes,18.863013698630137,29,A,H,Q
2021,1,26,Twins,Chase Petty,22,RHP,2003-04-04,R/R,Florida,,,2653400,2653400,2500000,-2500000,Yes,-0.05781261777342278,True,HS SR,No,Yes,18.254794520547946,-4,A,H,P
2021,1,27,Padres,Jackson Merrill,69,SS,2003-04-19,L/R,Kentucky,,,2570100,2570100,1800000,-1800000,Yes,-0.2996381463756274,True,HS SR,No,Yes,18.213698630136985,42,A,H,Q
2021,1,28,Rays,Carson Williams,47,SS,2003-06-25,R/R,California,,,2493900,2493900,2347500,-2347500,Yes,-0.05870323589558523,True,HS SR,No,Yes,18.03013698630137,19,A,H,Q
2021,1,29,Dodgers,Maddux Bruns,68,LHP,2002-06-20,L/L,Mississippi State,,,2424600,2424600,2200000,-2200000,Yes,-0.0926338365091149,True,HS SR,No,Yes,19.043835616438358,39,A,I,Q
2021,1,30,Reds,Jay Allen,38,OF,2002-11-22,R/R,Florida,,,2365500,2365500,2400000,-2400000,Yes,0.014584654407102092,True,HS SR,No,Yes,18.61917808219178,8,A,H,Q
2021,1,31,Marlins,Joe Mack,28,C,2002-12-27,L/R,Clemson,,,2312000,2312000,2500000,-2500000,Yes,0.08131487889273356,True,HS SR,No,Yes,18.523287671232875,-3,A,H,P
2021,1,32,Tigers,Ty Madden,13,RHP,2000-02-21,R/R,,Texas,Big 12,2257300,2257300,2500000,-2500000,Yes,0.1075178310370797,False,4YR JR,No,Yes,21.372602739726027,-19,A,K,P
2021,1,33,Brewers,Tyler Black,67,2B,2000-07-26,L/R,,Wright State,Horizon,2202200,2202200,2202200,-2202200,Yes,0,False,4YR JR,No,Yes,20.945205479452056,34,A,J,Q
2021,1,34,Rays,Cooper Kinney,61,2B,2003-01-27,L/R,South Carolina,,,2148100,2148100,2148100,-2148100,Yes,0,True,HS SR,No,Yes,18.438356164383563,27,A,H,Q
2021,1,35,Reds,Matheu Nelson,57,C,1999-01-14,R/R,,Florida State,ACC,2095800,2095800,2095800,-2095800,Yes,0,False,4YR JR,No,Yes,22.476712328767125,22,A,L,Q
2021,1,36,Twins,Noah Miller,89,SS,2002-11-12,S/R,Alabama,,,2045400,2045400,1700000,-1700000,Yes,-0.16886672533489783,True,HS SR,No,Yes,18.646575342465752,53,A,H,R
2021,2,37,Pirates,Anthony Solometo,34,LHP,2002-12-02,L/L,North Carolina,,,1999300,1999300,2797500,-2797500,Yes,0.3992397339068674,True,HS SR,No,Yes,18.59178082191781,-3,B,H,P
2021,2,38,Rangers,Aaron Zavala,93,OF,2000-06-23,L/R,,Oregon,Pac-12,1952300,1952300,830000,-830000,Yes,-0.5748604210418481,False,4YR JR,No,Yes,21.035616438356165,55,B,K,R
2021,2,39,Tigers,Izaac Pacheco,45,SS,2002-11-18,L/R,Texas A&M,,,1906800,1906800,2750000,-2750000,Yes,0.4422068386826096,True,HS SR,No,Yes,18.63013698630137,6,B,H,Q
2021,2,40,Red Sox,Jud Fabian,26,OF,2000-09-27,R/L,,Florida,SEC,1856700,1856700,,-1856700,Yes,,False,4YR JR,No,No,20.77260273972603,-14,B,J,P
2021,2,41,Orioles,Connor Norby,43,2B,2000-06-08,R/R,,East Carolina,AAC,1813500,1813500,1700000,-1700000,Yes,-0.0625861593603529,False,4YR JR,No,Yes,21.076712328767123,2,B,K,Q
2021,2,42,Diamondbacks,Ryan Bliss,48,SS,1999-12-13,R/R,,Auburn,SEC,1771100,1771100,1250000,-1250000,Yes,-0.29422392863192365,False,4YR JR,No,Yes,21.564383561643837,6,B,K,Q
2021,2,43,Royals,Ben Kudrna,31,RHP,2003-01-30,R/R,LSU,,,1729800,1729800,1729800,-1729800,Yes,0,True,HS SR,No,Yes,18.43013698630137,-12,B,H,P
2021,2,44,Rockies,Jaden Hill,79,RHP,1999-12-22,R/R,,LSU,SEC,1689500,1689500,1689500,-1689500,Yes,0,False,4YR JR,No,Yes,21.53972602739726,35,B,K,Q
2021,2,45,Angels,Ky Bush,,LHP,1999-11-12,L/L,,St. Mary's,WCC,1650200,1650200,1750000,-1750000,Yes,0.06047751787662101,False,4YR JR,No,Yes,21.649315068493152,,B,K,N
2021,2,46,Mets,Calvin Ziegler,180,RHP,2002-10-03,R/R,Auburn,,,1617400,1617400,910000,-910000,Yes,-0.43736861629776186,True,HS SR,No,Yes,18.756164383561643,134,B,H,R
2021,2,47,Nationals,Daylen Lile,29,OF,2002-11-30,L/R,Louisville,,,1580200,1580200,1750000,-1750000,Yes,0.10745475256296672,True,HS SR,No,Yes,18.5972602739726,-18,B,H,P
2021,2,48,Mariners,Edwin Arroyo,78,SS,2003-08-25,S/S,Florida State,,,1543600,1543600,1650000,-1650000,Yes,0.068929774552993,True,HS SR,No,Yes,17.863013698630137,30,B,G,Q
2021,2,49,Phillies,Ethan Wilson,32,OF,1999-11-07,L/L,,South Alabama,Sun Belt,1507600,1507600,1507600,-1507600,Yes,0,False,4YR JR,No,Yes,21.663013698630138,-17,B,K,P
2021,2,50,Giants,Matt Mikulski,51,LHP,1999-05-08,L/L,,Fordham,Atlantic 10,1469900,1469900,1200000,-1200000,Yes,-0.1836179331927342,False,4YR SR,No,Yes,22.164383561643834,1,B,L,Q
2021,2,51,Brewers,Russell Smith,170,LHP,1998-09-10,L/L,,TCU,Big 12,1436900,1436900,1000000,-1000000,Yes,-0.30405734567471643,False,4YR SR,No,Yes,22.82191780821918,119,B,L,R
2021,2,52,Marlins,Cody Morissette,72,SS,2000-01-16,L/R,,Boston College,ACC,1403200,1403200,1403200,-1403200,Yes,0,False,4YR JR,No,Yes,21.471232876712328,20,B,K,Q
2021,2,53,Reds,Andrew Abbott,55,LHP,1999-06-01,L/L,,Virginia,ACC,1370400,1370400,1300000,-1300000,Yes,-0.05137186223000584,False,4YR SR,No,Yes,22.0986301369863,2,B,L,Q
2021,2,54,Cardinals,Joshua Baez,27,OF,2003-06-28,R/R,Vanderbilt,,,1338500,1338500,2250000,-2250000,Yes,0.6809861785580874,True,HS SR,No,Yes,18.02191780821918,-27,B,H,P
2021,2,55,Yankees,Branden Beck,157,RHP,1998-10-06,R/R,,Stanford,Pac-12,1307000,1307000,1050000,-1050000,Yes,-0.1966335118592196,False,4YR SR,No,Yes,22.75068493150685,102,B,L,R
2021,2,56,Cubs,James Triantos,154,SS,2003-01-29,R/R,North Carolina,,,1276400,1276400,2100000,-2100000,Yes,0.6452522720150423,True,HS SR,No,Yes,18.432876712328767,98,B,H,R
2021,2,57,White Sox,Wes Kath,33,3B,2002-08-03,L/R,Arizona State,,,1243600,1243600,1800000,-1800000,Yes,0.44741074300418143,True,HS SR,No,Yes,18.923287671232877,-24,B,H,P
2021,2,58,Indians,Doug Nikhazy,44,LHP,1999-08-11,L/L,,Ole Miss,SEC,1214300,1214300,1200000,-1200000,Yes,-0.011776332043152433,False,4YR JR,No,Yes,21.904109589041095,-14,B,K,P
2021,2,59,Braves,Spencer Schwellenbach,56,RHP,2000-05-31,R/R,,Nebraska,Big Ten,1185500,1185500,1000000,-1000000,Yes,-0.1564740615773935,False,4YR JR,No,Yes,21.0986301369863,-3,B,K,P
2021,2,60,Athletics,Zack Gelof,99,3B,1999-10-19,R/R,,Virginia,ACC,1157400,1157400,1157400,-1157400,Yes,0,False,4YR JR,No,Yes,21.715068493150685,39,B,K,Q
2021,2,61,Twins,Steve Hajjar,114,LHP,2000-08-07,R/L,,Michigan,Big Ten,1129700,1129700,1129700,-1129700,Yes,0,False,4YR JR,No,Yes,20.912328767123288,53,B,J,R
2021,2,62,Padres,James Wood,37,OF,2002-09-17,L/R,Mississippi State,,,1102700,1102700,2600000,-2600000,Yes,1.3578489162963634,True,HS SR,No,Yes,18.8,-25,B,H,P
2021,2,63,Dodgers,Kyle Manzardo,97,1B,2000-07-18,L/R,,Washington State,Pac-12,1076300,1076300,750000,-750000,Yes,-0.30316826163709004,False,4YR JR,No,Yes,20.96712328767123,34,B,J,Q
2021,2,64,Pirates,Lonnie White,35,OF,2002-12-31,R/R,Penn State,,,1050300,1050300,1500000,-1500000,Yes,0.4281633818908883,True,HS SR,No,Yes,18.512328767123286,-29,B,H,P
2021,2,65,Orioles,Reed Trimble,148,OF,2000-06-06,S/R,,Southern Miss,C-USA,1025100,1025100,800000,-800000,Yes,-0.21958833284557605,False,4YR SO,No,Yes,21.08219178082192,83,B,K,R
2021,2,66,Royals,Peyton Wilson,92,2B,1999-11-01,S/R,,Alabama,SEC,1003300,1003300,1003300,-1003300,Yes,0,False,4YR SO,No,Yes,21.67945205479452,26,B,K,Q
2021,2,67,Diamondbacks,Adrian Del Castillo,52,C,1999-09-27,L/R,,Miami (FL),ACC,976700,976700,1000000,-1000000,Yes,0.023855841097573462,False,4YR SO,No,Yes,21.775342465753425,-15,B,K,P
2021,2,68,Rockies,Joe Rock,101,LHP,2000-07-29,L/L,,Ohio,MAC,953100,953100,953100,-953100,Yes,0,False,4YR JR,No,Yes,20.936986301369863,33,B,J,Q
2021,2,69,Indians,Tommy Mace,42,RHP,1998-11-11,R/R,,Florida,SEC,929800,929800,1100000,-1100000,Yes,0.18305011830501183,False,4YR JR,No,Yes,22.65205479452055,-27,B,L,P
2021,2,70,Cardinals,Ryan Holgate,76,OF,2000-06-08,L/L,,Arizona,Pac-12,906800,906800,875000,-875000,Yes,-0.035068372298191444,False,4YR JR,No,Yes,21.076712328767123,6,B,K,Q
2021,2,71,Padres,Robert Gasser,108,LHP,1999-05-31,L/L,,Houston,AAC,884200,884200,884200,-884200,Yes,0,False,4YR JR,No,Yes,22.101369863013698,37,B,L,Q
2021,3,72,Pirates,Bubba Chandler,21,RHP,2002-09-14,S/R,Clemson,,,870700,870700,3000000,-3000000,Yes,2.4455036177787988,True,HS SR,No,Yes,18.80821917808219,-51,B,H,O
2021,3,73,Rangers,Cameron Cauley,230,SS,2003-02-06,R/R,Texas Tech,,,857400,857400,1000000,-1000000,Yes,0.1663167716351761,True,HS SR,No,Yes,18.410958904109588,157,B,H,R
2021,3,74,Tigers,Dylan Smith,58,RHP,2000-05-28,R/R,,Alabama,SEC,844200,844200,1115000,-1115000,Yes,0.3207770670457238,False,4YR JR,No,Yes,21.106849315068494,-16,B,K,P
2021,3,75,Red Sox,Tyler McDonough,207,2B,1999-04-02,S/R,,North Carolina State,ACC,831100,831100,831100,-831100,Yes,0,False,4YR JR,No,Yes,22.263013698630136,132,B,L,R
2021,3,76,Orioles,John Rhodes,125,OF,2000-08-15,R/R,,Kentucky,SEC,818200,818200,1375000,-1375000,Yes,0.6805182107064287,False,4YR SO,No,Yes,20.89041095890411,49,B,J,Q
2021,3,77,Diamondbacks,Jacob Steinmetz,134,RHP,2003-07-19,R/R,Fordham,,,805600,805600,500000,-500000,Yes,-0.37934458788480635,True,HS SR,No,Yes,17.964383561643835,57,B,G,R
2021,3,78,Royals,Carter Jensen,112,C,2003-07-03,L/R,LSU,,,793000,793000,1097500,-1097500,Yes,0.38398486759142497,True,HS SR,No,Yes,18.008219178082193,34,B,H,Q
2021,3,79,Rockies,McCade Brown,94,RHP,2000-05-15,R/R,,Indiana,Big Ten,780400,780400,780400,-780400,Yes,0,False,4YR JR,No,Yes,21.14246575342466,15,B,K,Q
2021,3,80,Angels,Landon Marceaux,136,RHP,1999-10-08,R/R,,LSU,SEC,767800,767800,767800,-767800,Yes,0,False,4YR JR,No,Yes,21.745205479452054,56,B,K,R
2021,3,81,Mets,Dominic Hamel,193,RHP,1999-03-02,R/R,,Dallas Baptist,MVC,755300,755300,755300,-755300,Yes,0,False,4YR SR,No,Yes,22.34794520547945,112,B,L,R
2021,3,82,Nationals,Branden Boissiere,276,OF,2000-03-23,L/L,,Arizona,Pac-12,744200,744200,600000,-600000,Yes,-0.19376511690405804,False,4YR JR,No,Yes,21.28767123287671,194,B,K,R
2021,3,83,Mariners,Michael Morales,130,RHP,2002-08-13,R/R,Vanderbilt,,,733100,733100,1500000,-1500000,Yes,1.0461055790478788,True,HS SR,No,Yes,18.895890410958906,47,B,H,Q
2021,3,84,Phillies,Jordan Viars,,OF,2003-07-18,L/L,Arkansas,,,721900,721900,747500,-747500,Yes,0.03546197534284527,True,HS SR,No,Yes,17.96712328767123,,B,G,N
2021,3,85,Giants,Mason Black,90,RHP,1999-12-10,R/R,,Lehigh,Patriot,710700,710700,710700,-710700,Yes,0,False,4YR JR,No,Yes,21.572602739726026,5,B,K,Q
2021,3,86,Brewers,Alex Binelas,63,3B,2000-05-26,L/R,,Louisville,ACC,699700,699700,700000,-700000,Yes,0.0004287551807917679,False,4YR JR,No,Yes,21.112328767123287,-23,B,K,P
2021,3,87,Astros,Tyler Whitaker,161,SS,2002-08-02,R/R,Arizona,,,689300,689300,1500000,-1500000,Yes,1.1761207021616131,True,HS SR,No,Yes,18.926027397260274,74,B,H,R
2021,3,88,Marlins,Jordan McCants,152,SS,2002-05-21,L/R,Mississippi State,,,678600,678600,800000,-800000,Yes,0.17889773062186856,True,HS SR,No,Yes,19.126027397260273,64,B,I,R
2021,3,89,Reds,Jose Torres,85,SS,1999-09-28,R/R,,North Carolina State,ACC,667900,667900,622500,-622500,Yes,-0.06797424764186255,False,4YR SO,No,Yes,21.77260273972603,-4,B,K,P
2021,3,90,Cardinals,Austin Love,168,RHP,1999-01-26,R/R,,North Carolina,ACC,657600,657600,600000,-600000,Yes,-0.08759124087591241,False,4YR JR,No,Yes,22.443835616438356,78,B,L,R
2021,3,91,Blue Jays,Ricky Tiedemann,91,LHP,2002-08-18,L/L,JUCO,,,647300,647300,644800,-644800,Yes,-0.003862196817549822,False,No,No,Yes,18.882191780821916,0,B,H,P
2021,3,92,Yankees,Brock Selvidge,182,LHP,2002-08-28,R/L,LSU,,,637600,637600,1500000,-1500000,Yes,1.3525721455457966,True,HS SR,No,Yes,18.854794520547944,90,B,H,R
2021,3,93,Cubs,Drew Gray,159,OF,2003-05-10,L/L,Arkansas,,,627900,627900,900000,-900000,Yes,0.43334925943621594,True,HS SR,No,Yes,18.156164383561645,66,B,H,R
2021,3,94,White Sox,Sean Burke,64,RHP,1999-12-18,R/R,,Maryland,Big Ten,618200,618200,900000,-900000,Yes,0.4558395341313491,False,4YR JR,No,Yes,21.55068493150685,-30,B,K,P
2021,3,95,Indians,Jake Fox,229,SS,2003-02-12,L/R,Florida,,,610800,610800,850000,-850000,Yes,0.39161755075311067,True,HS SR,No,Yes,18.394520547945206,134,B,H,R
2021,3,96,Braves,Dylan Dodd,,LHP,1998-06-06,L/L,,SEMO,OVC,604800,604800,122500,-122500,Yes,-0.7974537037037037,False,4YR 5S,No,Yes,23.084931506849315,,B,M,N
2021,3,97,Athletics,Mason Miller,218,RHP,1998-08-24,R/R,,Gardner-Webb,Big South,599100,599100,599100,-599100,Yes,0,False,4YR 5S,No,Yes,22.86849315068493,121,B,L,R
2021,3,98,Twins,Cade Povich,537,LHP,2000-04-12,L/L,,Nebraska,Big Ten,593100,593100,500000,-500000,Yes,-0.1569718428595515,False,4YR JR,No,Yes,21.232876712328768,439,B,K,R
2021,3,99,Padres,Kevin Kopps,189,RHP,1997-03-02,R/R,,Arkansas,SEC,587400,587400,300000,-300000,Yes,-0.48927477017364657,False,4YR SR,No,Yes,24.34794520547945,90,B,M,R
2021,3,100,Rays,Ryan Spikes,104,SS,2003-03-13,R/R,Tennessee,,,581600,581600,1097500,-1097500,Yes,0.8870357634112792,True,HS SR,No,Yes,18.315068493150687,4,B,H,Q
2021,3,101,Dodgers,Peter Heubeck,50,RHP,2002-07-22,R/R,Wake Forest,,,577000,577000,1272000,-1272000,Yes,1.2045060658578857,True,HS SR,No,Yes,18.956164383561642,-51,B,H,O
2021,4,102,Pirates,Owen Kellington,,RHP,2003-02-05,L/R,UConn,,,571400,571400,600000,-600000,Yes,0.05005250262513126,True,HS SR,No,Yes,18.413698630136988,,C,H,N
2021,4,103,Rangers,Ian Moller,118,C,2002-10-26,R/R,LSU,,,565600,565600,700000,-700000,Yes,0.2376237623762376,True,HS SR,No,Yes,18.693150684931506,15,C,H,Q
2021,4,104,Tigers,Tyler Mattison,,RHP,1999-09-05,R/R,,Bryant,NEC,560000,560000,400000,-400000,Yes,-0.2857142857142857,False,4YR SR,No,Yes,21.835616438356166,,C,K,N
2021,4,105,Red Sox,Elmer Rodriguez-Cruz,,RHP,2003-08-18,L/R,Oregon,,,554300,554300,497500,-497500,Yes,-0.10247158578387155,True,HS SR,No,Yes,17.882191780821916,,C,G,N
2021,4,106,Orioles,Donta' Williams,333,OF,1999-06-30,L/L,,Arizona,Pac-12,549000,549000,400000,-400000,Yes,-0.27140255009107467,False,4YR SR,No,Yes,22.019178082191782,227,C,L,R
2021,4,107,Diamondbacks,Chad Patrick,,RHP,1998-08-14,R/R,,Purdue-Northwest,DII,543500,543500,350000,-350000,Yes,-0.3560257589696412,False,4YR SR,No,Yes,22.895890410958906,,C,L,N
2021,4,108,Royals,Shane Panzini,113,RHP,2001-10-30,R/R,Virginia,,,538200,538200,1000000,-1000000,Yes,0.8580453363062058,True,HS SR,No,Yes,19.682191780821917,5,C,I,Q
2021,4,109,Rockies,Hunter Goodman,66,C,1999-10-08,R/R,,Memphis,AAC,533000,533000,600000,-600000,Yes,0.12570356472795496,False,4YR JR,No,Yes,21.745205479452054,-43,C,K,P
2021,4,110,Angels,Luke Murphy,,RHP,1999-11-05,R/R,,Vanderbilt,SEC,527800,527800,750000,-750000,Yes,0.4209928003031451,False,4YR JR,No,Yes,21.66849315068493,,C,K,N
2021,4,111,Mets,JT Schwartz,232,1B,1999-12-17,L/R,,UCLA,Pac-12,522600,522600,475000,-475000,Yes,-0.0910830463069269,False,4YR JR,No,Yes,21.553424657534247,121,C,K,R
2021,4,112,Nationals,Dustin Saenz,103,LHP,1999-06-02,L/L,,Texas A&M,SEC,517400,517400,500000,-500000,Yes,-0.03362968689601856,False,4YR SR,No,Yes,22.095890410958905,-9,C,L,P
2021,4,113,Mariners,Bryce Miller,122,RHP,1998-08-23,R/R,,Texas A&M,SEC,512400,512400,400000,-400000,Yes,-0.21935987509758,False,4YR JR,No,Yes,22.87123287671233,9,C,L,Q
2021,4,114,Phillies,Micah Ottenbreit,155,RHP,2003-05-07,R/R,Michigan State,,,507400,507400,775000,-775000,Yes,0.5273945605045329,True,HS SR,No,Yes,18.164383561643834,41,C,H,Q
2021,4,115,Giants,Eric Silva,162,RHP,2002-10-03,R/R,UCLA,,,502300,502300,1497500,-1497500,Yes,1.9812860840135378,True,HS SR,No,Yes,18.756164383561643,47,C,H,Q
2021,4,116,Brewers,Logan Henderson,268,RHP,2002-03-02,R/R,Texas A&M,,,497500,497500,497500,-497500,Yes,0,False,JC J1,Yes,Yes,19.345205479452055,152,C,I,R
2021,4,117,Astros,Alex Ulloa,120,SS,2002-11-08,R/R,Oklahoma State,,,492700,492700,,-492700,Yes,,True,HS SR,No,No,18.65753424657534,3,C,H,Q
2021,4,118,Marlins,Tanner Allen,119,1B,1998-06-05,L/R,,Mississippi State,SEC,487900,487900,247500,-247500,Yes,-0.492723918835827,False,4YR SR,No,Yes,23.087671232876712,1,C,M,Q
2021,4,119,Reds,Ruben Ibarra,,1B,1999-04-26,R/R,,San Jose State,MWC,483000,483000,172500,-172500,Yes,-0.6428571428571429,False,4YR SR,No,Yes,22.197260273972603,,C,L,N
2021,4,120,Cardinals,Zane Mills,286,RHP,2000-07-04,R/R,,Washington State,Pac-12,478300,478300,375000,-375000,Yes,-0.2159732385532093,False,4YR JR,No,Yes,21.005479452054793,166,C,K,R
2021,4,121,Blue Jays,Chad Dallas,185,RHP,2000-06-26,R/R,,Tennessee,SEC,473700,473700,497500,-497500,Yes,0.05024276968545493,False,4YR JR,No,Yes,21.027397260273972,64,C,K,R
2021,4,122,Yankees,Cooper Bowman,186,SS,2000-01-25,R/R,,Louisville,ACC,469000,469000,353000,-353000,Yes,-0.24733475479744135,False,4YR JR,No,Yes,21.446575342465753,64,C,K,R
2021,4,123,Cubs,Christian Franklin,39,OF,1999-11-30,R/R,,Arkansas,SEC,464500,464500,425000,-425000,Yes,-0.08503767491926803,False,4YR JR,No,Yes,21.6,-84,C,K,O
2021,4,124,White Sox,Brooks Gosswein,215,LHP,1998-10-09,L/L,,Bradley,MVC,460000,460000,200000,-200000,Yes,-0.5652173913043478,False,4YR SR,No,Yes,22.742465753424657,91,C,L,R
2021,4,125,Indians,Ryan Webb,77,LHP,1999-04-19,L/L,,Georgia,SEC,455600,455600,400000,-400000,Yes,-0.12203687445127305,False,4YR SR,No,Yes,22.216438356164385,-48,C,L,P
2021,4,126,Braves,Cal Conley,105,SS,1999-07-17,S/R,,Texas Tech,Big 12,451800,451800,422500,-422500,Yes,-0.06485170429393537,False,4YR JR,No,Yes,21.972602739726028,-21,C,K,P
2021,4,127,Athletics,Denzel Clarke,139,OF,2000-05-01,R/R,,Cal State-Northridge,Big West,447400,447400,700000,-700000,Yes,0.5645954403218596,False,4YR JR,No,Yes,21.18082191780822,12,C,K,Q
2021,4,128,Twins,Christian Encarnacion-Strand,177,3B,1999-12-01,R/R,,Oklahoma State,Big 12,442900,442900,442900,-442900,Yes,0,False,4YR JR,No,Yes,21.5972602739726,49,C,K,Q
2021,4,129,Padres,Jackson Wolf,475,LHP,1999-04-22,L/L,,West Virginia,Big 12,438700,438700,300000,-300000,Yes,-0.31616138591292453,False,4YR JR,No,Yes,22.208219178082192,346,C,L,R
2021,4,130,Rays,Dru Baker,,3B,2000-03-22,R/R,,Texas Tech,Big 12,434300,434300,431800,-431800,Yes,-0.005756389592447617,False,4YR JR,No,Yes,21.29041095890411,,C,K,N
2021,4,131,Dodgers,Nick Nastrini,172,RHP,2000-02-18,R/R,,UCLA,Pac-12,430800,430800,500000,-500000,Yes,0.1606313834726091,False,4YR SO,No,Yes,21.38082191780822,41,C,K,Q
2021,4,132,Astros,Chayce McDermott,111,RHP,1998-08-22,L/R,,Ball State,MAC,426600,426600,375000,-375000,Yes,-0.1209563994374121,False,4YR SR,No,Yes,22.873972602739727,-21,C,L,P
2021,5,133,Pirates,Jackson Glenn,238,3B,1997-10-24,R/R,,Dallas Baptist,MVC,422300,422300,12500,-12500,Yes,-0.9704001894387876,False,4YR 5S,No,Yes,23.7013698630137,105,C,M,R
2021,5,134,Rangers,Mitch Bratt,287,LHP,2003-07-03,L/L,Florida State,,,418200,418200,850000,-850000,Yes,1.032520325203252,True,HS SR,No,Yes,18.008219178082193,153,C,H,R
2021,5,135,Tigers,Tanner Kohlhepp,,RHP,1999-05-27,L/R,,Notre Dame,ACC,414000,414000,400000,-400000,Yes,-0.033816425120772944,False,4YR JR,No,Yes,22.112328767123287,,C,L,N
2021,5,136,Red Sox,Nathan Hickey,60,C,1999-11-23,L/R,,Florida,SEC,410100,410100,1000000,-1000000,Yes,1.4384296513045598,False,4YR SO,No,Yes,21.61917808219178,-76,C,K,O
2021,5,137,Orioles,Carlos Tavera,160,RHP,1998-10-06,R/R,,UT-Arlington,Sun Belt,406000,406000,375000,-375000,Yes,-0.07635467980295567,False,4YR SR,No,Yes,22.75068493150685,23,C,L,Q
2021,5,138,Diamondbacks,Caleb Roberts,344,C,2000-02-09,L/R,,North Carolina,ACC,402000,402000,402000,-402000,Yes,0,False,4YR JR,No,Yes,21.405479452054795,206,C,K,R
2021,5,139,Royals,Eric Cerantola,166,RHP,2000-05-02,R/R,,Mississippi State,SEC,398000,398000,500000,-500000,Yes,0.2562814070351759,False,4YR JR,No,Yes,21.17808219178082,27,C,K,Q
2021,5,140,Rockies,Evan Justice,406,LHP,1998-07-07,L/L,,North Carolina State,ACC,394300,394300,150000,-150000,Yes,-0.619579000760842,False,4YR SR,No,Yes,23,266,C,M,R
2021,5,141,Angels,Brett Kerry,,RHP,1999-04-12,R/R,,South Carolina,SEC,390400,390400,300000,-300000,Yes,-0.23155737704918034,False,4YR JR,No,Yes,22.235616438356164,,C,L,N
2021,5,142,Mets,Christian Scott,330,RHP,1999-06-15,R/R,,Florida,SEC,386600,386600,350000,-350000,Yes,-0.09467149508535955,False,4YR JR,No,Yes,22.06027397260274,188,C,L,R
2021,5,143,Nationals,T.J. White,,OF,2003-07-23,S/R,Indiana,,,382700,382700,400000,-400000,Yes,0.045205121505095376,True,HS SR,No,Yes,17.953424657534246,,C,G,N
2021,5,144,Mariners,Andy Thomas,,C,1998-06-17,L/R,,Baylor,Big 12,379000,379000,25000,-25000,Yes,-0.9340369393139841,False,4YR SR,No,Yes,23.054794520547944,,C,M,N
2021,5,145,Phillies,Griff McGarry,267,RHP,1999-06-08,R/R,,Virginia,ACC,375200,375200,322500,-322500,Yes,-0.1404584221748401,False,4YR SR,No,Yes,22.07945205479452,122,C,L,R
2021,5,146,Giants,Rohan Handa,231,LHP,2000-02-28,L/L,,Yale,Ivy,371600,371600,347500,-347500,Yes,-0.06485468245425188,False,4YR JR,No,Yes,21.353424657534248,85,C,K,R
2021,5,147,Brewers,Ethan Murray,179,SS,2000-05-13,R/R,,Duke,ACC,367900,367900,272500,-272500,Yes,-0.2593095949986409,False,4YR JR,No,Yes,21.147945205479452,32,C,K,Q
2021,5,148,Astros,Quincy Hamilton,,OF,1998-06-12,L/L,,Wright State,Horizon,364400,364400,47500,-47500,Yes,-0.8696487376509331,False,4YR 5S,No,Yes,23.068493150684933,,C,M,N
2021,5,149,Marlins,Brady Allen,331,OF,1999-09-03,R/L,,South Carolina,SEC,360800,360800,358300,-358300,Yes,-0.006929046563192905,False,4YR JR,No,Yes,21.84109589041096,182,C,K,R
2021,5,150,Reds,Thomas Farr,214,RHP,1999-04-29,R/R,,South Carolina,SEC,357100,357100,297500,-297500,Yes,-0.1669000280033604,False,4YR JR,No,Yes,22.18904109589041,64,C,L,R
2021,5,151,Cardinals,Gordon Graceffo,,RHP,2000-03-17,R/R,,Villanova,Big East,353700,353700,300000,-300000,Yes,-0.15182357930449533,False,4YR JR,No,Yes,21.304109589041097,,C,K,N
2021,5,152,Blue Jays,Irv Carter,86,RHP,2002-10-09,R/R,Miami (FL),,,350300,350300,850000,-850000,Yes,1.4264915786468741,True,HS SR,No,Yes,18.73972602739726,-66,C,H,O
2021,5,153,Yankees,Tyler Hardman,454,1B,1999-01-27,R/R,,Oklahoma,Big 12,346800,346800,200000,-200000,Yes,-0.4232987312572088,False,4YR SR,No,Yes,22.44109589041096,301,C,L,R
2021,5,154,Cubs,Liam Spence,190,SS,1998-04-09,R/R,,Tennessee,SEC,343400,343400,135000,-135000,Yes,-0.6068724519510774,False,4YR SR,No,Yes,23.243835616438357,36,C,M,Q
2021,5,155,White Sox,Tanner McDougal,255,RHP,2003-04-03,R/R,Oregon,,,340000,340000,850000,-850000,Yes,1.5,True,HS SR,No,Yes,18.257534246575343,100,C,H,R
2021,5,156,Indians,Tanner Bibee,224,RHP,1999-03-05,R/R,,Cal State-Fullerton,Big West,336600,336600,259400,-259400,Yes,-0.22935234699940582,False,4YR SR,No,Yes,22.339726027397262,68,C,L,R
2021,5,157,Braves,Luke Waddell,169,SS,1998-07-13,L/R,,Georgia Tech,ACC,333300,333300,247500,-247500,Yes,-0.25742574257425743,False,4YR SR,No,Yes,22.983561643835618,12,C,L,Q
2021,5,158,Athletics,CJ Rodriguez,327,C,2000-07-07,R/R,,Vanderbilt,SEC,330100,330100,400000,-400000,Yes,0.21175401393517115,False,4YR SO,No,Yes,20.997260273972604,169,C,J,R
2021,5,159,Twins,Christian MacLeod,,LHP,2000-04-12,L/L,,Mississippi State,SEC,327200,327200,500000,-500000,Yes,0.5281173594132029,False,4YR JR,No,Yes,21.232876712328768,,C,K,N
2021,5,160,Padres,Max Ferguson,171,2B,1999-08-23,L/R,,Tennessee,SEC,324100,324100,324100,-324100,Yes,0,False,4YR JR,No,Yes,21.87123287671233,11,C,K,Q
2021,5,161,Rays,Mason Auer,,OF,2001-03-01,R/R,Oregon,,,321100,321100,315000,-315000,Yes,-0.018997197134848955,False,JC J2,Yes,Yes,20.34794520547945,,C,J,N
2021,5,162,Dodgers,Ben Casparius,187,RHP,1999-02-11,R/R,,UConn,Big East,318200,318200,247500,-247500,Yes,-0.22218730358265243,False,4YR SR,No,Yes,22.4,25,C,L,Q
2021,6,163,Pirates,Mike Jarvis,,2B,1998-05-12,R/R,,San Diego State,MWC,315400,315400,7500,-7500,Yes,-0.9762206721623335,False,4YR SR,No,Yes,23.153424657534245,,C,M,N
2021,6,164,Rangers,Chase Lee,,RHP,1998-08-13,R/R,,Alabama,SEC,312400,312400,75000,-75000,Yes,-0.7599231754161332,False,4YR SR,No,Yes,22.898630136986302,,C,L,N
2021,6,165,Tigers,Austin Murr,348,1B,1999-01-26,L/L,,North Carolina State,ACC,309500,309500,200000,-200000,Yes,-0.35379644588045234,False,4YR JR,No,Yes,22.443835616438356,183,C,L,R
2021,6,166,Red Sox,Daniel McElveny,,SS,2003-04-21,R/R,San Diego State,,,306800,306800,197500,-197500,Yes,-0.35625814863103,True,HS SR,No,Yes,18.208219178082192,,C,H,N
2021,6,167,Orioles,Collin Burns,582,SS,2000-05-20,L/R,,Tulane,AAC,304200,304200,375000,-375000,Yes,0.23274161735700197,False,4YR JR,No,Yes,21.12876712328767,415,C,K,R
2021,6,168,Diamondbacks,Luke Albright,147,RHP,1999-12-13,R/R,,Kent State,MAC,301600,301600,301600,-301600,Yes,0,False,4YR JR,No,Yes,21.564383561643837,-21,C,K,P
2021,6,169,Royals,Dayton Dooney,210,2B,1999-08-21,S/R,Tennessee,,,299000,299000,297500,-297500,Yes,-0.005016722408026756,False,JC J3,Yes,Yes,21.876712328767123,41,C,K,Q
2021,6,170,Rockies,Braxton Fulford,,C,1998-12-09,R/R,,Texas Tech,Big 12,296400,296400,280000,-280000,Yes,-0.0553306342780027,False,4YR SR,No,Yes,22.575342465753426,,C,L,N
2021,6,171,Angels,Jake Smith,352,RHP,1999-10-04,R/R,,Miami (FL),ACC,293800,293800,247500,-247500,Yes,-0.15759019741320626,False,4YR JR,No,Yes,21.756164383561643,181,C,K,R
2021,6,172,Mets,Carson Seymour,245,RHP,1998-12-16,R/R,,Kansas State,Big 12,291400,291400,291400,-291400,Yes,0,False,4YR SR,No,Yes,22.556164383561644,73,C,L,R
2021,6,173,Nationals,Michael Kirian,200,LHP,1999-02-01,R/L,,Louisville,ACC,289000,289000,200000,-200000,Yes,-0.3079584775086505,False,4YR SR,No,Yes,22.427397260273974,27,C,L,Q
2021,6,174,Mariners,Bryan Woo,343,RHP,2000-01-30,R/R,,Cal Poly,Big West,286500,286500,318200,-318200,Yes,0.11064572425828971,False,4YR JR,No,Yes,21.432876712328767,169,C,K,R
2021,6,175,Phillies,Jose Pena Jr.,,RHP,2003-07-08,R/R,Florida International,,,284200,284200,222500,-222500,Yes,-0.217100633356791,True,HS SR,No,Yes,17.994520547945207,,C,G,N
2021,6,176,Giants,Seth Lonsway,,LHP,1998-10-07,L/L,,Ohio State,Big Ten,281800,281800,300000,-300000,Yes,0.06458481192334989,False,4YR SR,No,Yes,22.747945205479454,,C,L,N
2021,6,177,Brewers,Carlos Rodriguez,401,RHP,2001-11-27,R/R,JUCO,,,279500,279500,250000,-250000,Yes,-0.10554561717352415,False,No,No,Yes,19.605479452054794,224,C,I,R
2021,6,178,Astros,Spencer Arrighetti,,RHP,2000-01-22,R/R,,LA-Lafayette,Sun Belt,277100,277100,147500,-147500,Yes,-0.4677011909058102,False,4YR JR,No,Yes,21.454794520547946,,C,K,N
2021,6,179,Marlins,Sam Praytor,447,C,1999-04-04,R/R,,Alabama,SEC,274800,274800,197500,-197500,Yes,-0.28129548762736534,False,4YR SR,No,Yes,22.257534246575343,268,C,L,R
2021,6,180,Reds,Justice Thompson,59,OF,2000-07-08,R/R,,North Carolina,ACC,272500,272500,250000,-250000,Yes,-0.08256880733944955,False,4YR JR,No,Yes,20.994520547945207,-121,C,J,O
2021,6,181,Cardinals,Alfredo Ruiz,416,LHP,2000-03-12,L/L,,Long Beach State,Big West,270300,270300,50000,-50000,Yes,-0.8150203477617463,False,4YR JR,No,Yes,21.317808219178083,235,C,K,R
2021,6,182,Blue Jays,Hayden Juenger,,RHP,2000-08-09,R/R,,Missouri State,MVC,268200,268200,197500,-197500,Yes,-0.26360924683072334,False,4YR JR,No,Yes,20.90684931506849,,C,J,N
2021,6,183,Yankees,Richard Fitts,129,RHP,1999-12-17,R/R,,Auburn,SEC,266000,266000,346800,-346800,Yes,0.3037593984962406,False,4YR JR,No,Yes,21.553424657534247,-54,C,K,O
2021,6,184,Cubs,Riley Martin,,LHP,1998-03-19,L/L,,Quincy Univ.,DII,263700,263700,1000,-1000,Yes,-0.9962078119074707,False,4YR 5S,No,Yes,23.301369863013697,,C,M,N
2021,6,185,White Sox,Taylor Broadway,,RHP,1997-04-08,R/R,,Ole Miss,SEC,261600,261600,30000,-30000,Yes,-0.8853211009174312,False,4YR 5S,No,Yes,24.246575342465754,,C,M,N
2021,6,186,Indians,Aaron Davenport,,RHP,2000-07-25,R/R,,Hawaii,Big West,259400,259400,450000,-450000,Yes,0.7347725520431766,False,4YR JR,No,Yes,20.947945205479453,,C,J,N
2021,6,187,Braves,Justyn-Henry Malloy,,3B,2000-02-19,R/R,,Georgia Tech,ACC,257400,257400,297500,-297500,Yes,0.15578865578865578,False,4YR JR,No,Yes,21.378082191780823,,C,K,N
2021,6,188,Athletics,Grant Holman,195,RHP,2000-05-31,R/R,,California,Pac-12,255300,255300,375000,-375000,Yes,0.4688601645123384,False,4YR JR,No,Yes,21.0986301369863,7,C,K,Q
2021,6,189,Twins,Travis Adams,598,RHP,2000-01-19,R/R,,Sacramento State,WAC,253300,253300,253300,-253300,Yes,0,False,4YR JR,No,Yes,21.46301369863014,409,C,K,R
2021,6,190,Padres,Ryan Bergert,,RHP,2000-03-08,R/R,,West Virginia,Big 12,251100,251100,500000,-500000,Yes,0.9912385503783353,False,4YR JR,No,Yes,21.328767123287673,,C,K,N
2021,6,191,Rays,Mason Montgomery,353,LHP,2000-06-17,L/L,,Texas Tech,Big 12,249000,249000,222500,-222500,Yes,-0.10642570281124498,False,4YR JR,No,Yes,21.052054794520547,162,C,K,R
2021,6,192,Dodgers,Emmet Sheehan,,RHP,1999-11-15,R/R,,Boston College,ACC,247000,247000,244500,-244500,Yes,-0.010121457489878543,False,4YR JR,No,Yes,21.64109589041096,,C,K,N
2021,7,193,Pirates,Wyatt Hendrie,559,C,1999-02-08,R/R,,San Diego State,MWC,244900,244900,177500,-177500,Yes,-0.2752143732135566,False,4YR JR,No,Yes,22.40821917808219,366,D,L,R
2021,7,194,Rangers,Bradford Webb,,RHP,1998-04-20,R/R,,VCU,Atlantic 10,243000,243000,10000,-10000,Yes,-0.9588477366255144,False,4YR 5S,No,Yes,23.213698630136985,,D,M,N
2021,7,195,Tigers,Brant Hurter,137,LHP,1998-09-06,L/L,,Georgia Tech,ACC,241000,241000,241000,-241000,Yes,0,False,4YR 5S,No,Yes,22.832876712328765,-58,D,L,O
2021,7,196,Red Sox,Wyatt Olds,319,RHP,1999-08-05,R/R,,Oklahoma,Big 12,239000,239000,236500,-236500,Yes,-0.010460251046025104,False,4YR JR,No,Yes,21.92054794520548,123,D,K,R
2021,7,197,Orioles,Connor Pavolony,318,C,1999-10-25,R/R,,Tennessee,SEC,237000,237000,325000,-325000,Yes,0.37130801687763715,False,4YR JR,No,Yes,21.698630136986303,121,D,K,R
2021,7,198,Diamondbacks,Scott Randall,,RHP,1998-08-03,R/R,,Sacramento State,WAC,235100,235100,125000,-125000,Yes,-0.4683113568694173,False,4YR SR,No,Yes,22.926027397260274,,D,L,N
2021,7,199,Royals,Noah Cameron,,LHP,1999-07-17,L/L,,Central Arkansas,ASUN,233000,233000,197500,-197500,Yes,-0.15236051502145923,False,4YR JR,No,Yes,21.972602739726028,,D,K,N
2021,7,200,Rockies,Evan Shawver,262,LHP,1999-09-11,R/L,,Cincinnati,AAC,231100,231100,231100,-231100,Yes,0,False,4YR JR,No,Yes,21.81917808219178,62,D,K,R
2021,7,201,Angels,Ryan Costeiu,,RHP,2000-11-28,R/R,,Arkansas,SEC,229700,229700,222500,-222500,Yes,-0.03134523291249456,False,4YR JR,No,Yes,20.602739726027398,,D,J,N
2021,7,202,Mets,Kevin Kendall,,SS,1999-06-25,L/R,,UCLA,Pac-12,227700,227700,200000,-200000,Yes,-0.12165129556433904,False,4YR SR,No,Yes,22.03287671232877,,D,L,N
2021,7,203,Nationals,Jacob Young,220,OF,1999-07-27,R/R,,Florida,SEC,225800,225800,275000,-275000,Yes,0.2178919397697077,False,4YR JR,No,Yes,21.945205479452056,17,D,K,Q
2021,7,204,Mariners,Colin Davis,,OF,1999-02-08,R/R,,Wofford,SoCon,224000,224000,150000,-150000,Yes,-0.33035714285714285,False,4YR SR,No,Yes,22.40821917808219,,D,L,N
2021,7,205,Phillies,Christian McGowan,223,RHP,2000-03-07,R/R,Texas Tech,,,222100,222100,577000,-577000,Yes,1.5979288608734805,False,JC J3,Yes,Yes,21.33150684931507,18,D,K,Q
2021,7,206,Giants,Nick Sinacola,441,RHP,1999-10-29,L/R,,Maine,America East,220200,220200,197500,-197500,Yes,-0.1030881017257039,False,4YR JR,No,Yes,21.687671232876713,235,D,K,R
2021,7,207,Brewers,Tristan Peters,,OF,2000-02-29,L/R,,Southern Illinois,MVC,218500,218500,147500,-147500,Yes,-0.32494279176201374,False,4YR JR,No,Yes,21.350684931506848,,D,K,N
2021,7,208,Astros,Joey Loperfido,,OF,1999-05-11,L/R,,Duke,ACC,216600,216600,72500,-72500,Yes,-0.6652816251154201,False,4YR SR,No,Yes,22.156164383561645,,D,L,N
2021,7,209,Marlins,Gabe Bierman,,RHP,1999-09-03,R/R,,Indiana,Big Ten,214900,214900,197500,-197500,Yes,-0.08096789204281062,False,4YR SO,No,Yes,21.84109589041096,,D,K,N
2021,7,210,Reds,Kevin Abel,132,RHP,1999-02-19,R/R,,Oregon State,Pac-12,213300,213300,175000,-175000,Yes,-0.17955930614158463,False,4YR JR,No,Yes,22.378082191780823,-78,D,L,O
2021,7,211,Cardinals,Alec Willis,96,RHP,2003-03-30,R/R,Minnesota,,,211500,211500,1000000,-1000000,Yes,3.728132387706856,True,HS SR,No,Yes,18.268493150684932,-115,D,H,O
2021,7,212,Blue Jays,Jaden Rudd,,OF,2002-08-16,L/L,Notre Dame,,,209800,209800,197500,-197500,Yes,-0.05862726406101049,True,HS SR,No,Yes,18.887671232876713,,D,H,N
2021,7,213,Yankees,Robert Ahlstrom,,LHP,1999-06-19,L/L,,Oregon,Pac-12,208200,208200,140000,-140000,Yes,-0.3275696445725264,False,4YR SR,No,Yes,22.04931506849315,,D,L,N
2021,7,214,Cubs,Parker Chavers,212,OF,1998-07-25,L/R,,Coastal Carolina,Sun Belt,206500,206500,125000,-125000,Yes,-0.3946731234866828,False,4YR SR,No,Yes,22.95068493150685,-2,D,L,P
2021,7,215,White Sox,Theo Denlinger,,RHP,1996-07-10,R/R,,Bradley,MVC,204800,204800,10000,-10000,Yes,-0.951171875,False,4YR 5S,No,Yes,24.991780821917807,,D,M,N
2021,7,216,Indians,Jack Leftwich,167,RHP,1998-09-26,R/R,,Florida,SEC,203400,203400,167000,-167000,Yes,-0.17895771878072764,False,4YR JR,No,Yes,22.778082191780822,-49,D,L,P
2021,7,217,Braves,AJ Smith-Shawver,540,RHP,2002-11-20,R/R,Texas Tech,,,201600,201600,997500,-997500,Yes,3.9479166666666665,True,HS SR,No,Yes,18.624657534246577,323,D,H,R
2021,7,218,Athletics,Brett Harris,,3B,1998-06-24,R/R,,Gonzaga,WCC,200100,200100,120000,-120000,Yes,-0.4002998500749625,False,4YR SR,No,Yes,23.035616438356165,,D,M,N
2021,7,219,Twins,Jake Rucker,133,3B,1999-09-14,R/R,,Tennessee,SEC,198500,198500,250000,-250000,Yes,0.2594458438287154,False,4YR JR,No,Yes,21.81095890410959,-86,D,K,O
2021,7,220,Padres,Ryan Och,,LHP,1998-07-18,R/L,,Southern Miss,C-USA,197300,197300,150000,-150000,Yes,-0.2397364419665484,False,4YR SR,No,Yes,22.96986301369863,,D,L,N
2021,7,221,Rays,Logan Workman,,RHP,1998-12-06,R/R,,Lee Univ.,DII,195700,195700,125000,-125000,Yes,-0.3612672457843638,False,4YR SR,No,Yes,22.583561643835615,,D,L,N
2021,7,222,Dodgers,Ryan Sublette,,RHP,1998-10-01,R/R,,Texas Tech,Big 12,194400,194400,150000,-150000,Yes,-0.22839506172839505,False,4YR SR,No,Yes,22.764383561643836,,D,L,N
2021,8,223,Pirates,Sean Sullivan,335,RHP,2000-10-02,R/R,,California,Pac-12,192900,192900,175000,-175000,Yes,-0.09279419388284085,False,4YR JR,No,Yes,20.75890410958904,112,D,J,R
2021,8,224,Rangers,Larson Kindreich,228,LHP,1999-06-21,L/L,,Biola,DII,191500,191500,150000,-150000,Yes,-0.21671018276762402,False,4YR JR,No,Yes,22.043835616438358,4,D,L,Q
2021,8,225,Tigers,Jordan Marks,417,RHP,1999-04-29,L/R,,USC-Upstate,Big South,190100,190100,150000,-150000,Yes,-0.21094160967911627,False,4YR JR,No,Yes,22.18904109589041,192,D,L,R
2021,8,226,Red Sox,Hunter Dobbins,,RHP,1999-08-30,R/R,,Texas Tech,Big 12,188900,188900,197500,-197500,Yes,0.04552673372154579,False,4YR JR,No,Yes,21.852054794520548,,D,K,N
2021,8,227,Orioles,Creed Willems,,C,2003-06-04,L/R,TCU,,,187700,187700,1000000,-1000000,Yes,4.3276505061267985,True,HS SR,No,Yes,18.087671232876712,,D,H,N
2021,8,228,Diamondbacks,Gavin Conticello,198,3B,2003-06-11,L/R,South Florida,,,186300,186300,500000,-500000,Yes,1.6838432635534084,True,HS SR,No,Yes,18.068493150684933,-30,D,H,P
2021,8,229,Royals,Ryan Cepero,,SS,2003-02-11,R/R,JUCO,,,184700,184700,208500,-208500,Yes,0.12885760693015702,False,No,No,Yes,18.397260273972602,,D,H,N
2021,8,230,Rockies,Robby Martin Jr.,,OF,1999-08-17,L/R,,Florida State,ACC,183700,183700,200000,-200000,Yes,0.08873162765378334,False,4YR JR,No,Yes,21.887671232876713,,D,K,N
2021,8,231,Angels,Nick Jones,,LHP,1999-01-22,L/L,,Georgia Southern,Sun Belt,182300,182300,122500,-122500,Yes,-0.32803071859572136,False,4YR SR,No,Yes,22.454794520547946,,D,L,N
2021,8,232,Mets,Mike Vasil,126,RHP,2000-03-19,L/R,,Virginia,ACC,181200,181200,181200,-181200,Yes,0,False,4YR JR,No,Yes,21.2986301369863,-106,D,K,O
2021,8,233,Nationals,Will Frizzell,235,1B,1999-02-21,L/R,,Texas A&M,SEC,179800,359600,179800,-179800,Yes,0,False,4YR SR,No,Yes,22.372602739726027,2,D,L,Q
2021,8,234,Mariners,James Parker,,SS,2000-03-26,R/R,,Clemson,ACC,178600,357200,150000,-150000,Yes,-0.1601343784994401,False,4YR JR,No,Yes,21.279452054794522,,D,K,N
2021,8,235,Phillies,Jason Ruffcorn,,RHP,1998-07-21,R/R,,Oklahoma,Big 12,177400,354800,147500,-147500,Yes,-0.1685456595264938,False,4YR 5S,No,Yes,22.96164383561644,,D,L,N
2021,8,236,Giants,Ian Villers,374,RHP,2000-09-01,R/R,,California,Pac-12,176300,352600,220000,-220000,Yes,0.24787294384571754,False,4YR JR,No,Yes,20.843835616438355,138,D,J,R
2021,8,237,Brewers,Zack Raabe,323,2B,1999-08-18,R/R,,Minnesota,Big Ten,175000,350000,150000,-150000,Yes,-0.14285714285714285,False,4YR JR,No,Yes,21.884931506849316,86,D,K,R
2021,8,238,Astros,Colton Gordon,,LHP,1998-12-20,L/L,,UCF,AAC,174000,348000,127500,-127500,Yes,-0.2672413793103448,False,4YR SR,No,Yes,22.545205479452054,,D,L,N
2021,8,239,Marlins,Pat Monteverde,239,LHP,1997-09-24,R/L,,Texas Tech,Big 12,173000,346000,47500,-47500,Yes,-0.7254335260115607,False,4YR 5S,No,Yes,23.783561643835615,0,D,M,P
2021,8,240,Reds,Hunter Parks,209,RHP,2001-04-28,R/R,South Carolina,,,172100,344200,142500,-142500,Yes,-0.17199302730970367,False,JC J2,Yes,Yes,20.18904109589041,-31,D,J,P
2021,8,241,Cardinals,Mike Antico,,OF,1998-02-16,L/R,,Texas,Big 12,171200,342400,20000,-20000,Yes,-0.883177570093458,False,4YR 5S,No,Yes,23.386301369863013,,D,M,N
2021,8,242,Blue Jays,Hunter Gregory,,RHP,1998-11-16,R/R,,Old Dominion,Sun Belt,170300,340600,127500,-127500,Yes,-0.25132119788608337,False,4YR JR,No,Yes,22.638356164383563,,D,L,N
2021,8,243,Yankees,Will Warren,379,RHP,1999-06-16,R/R,,SELA,Southland,169500,339000,150000,-150000,Yes,-0.11504424778761062,False,4YR SR,No,Yes,22.057534246575344,136,D,L,R
2021,8,244,Cubs,Casey Opitz,145,C,1998-07-30,S/R,,Arkansas,SEC,168500,337000,90000,-90000,Yes,-0.4658753709198813,False,4YR SR,No,Yes,22.936986301369863,-99,D,L,O
2021,8,245,White Sox,Fraser Ellard,,LHP,1997-11-06,L/L,,Liberty,ASUN,167800,335600,20000,-20000,Yes,-0.8808104886769964,False,4YR 5S,No,Yes,23.665753424657535,,D,M,N
2021,8,246,Indians,Rodney Boone,226,LHP,2000-04-09,L/L,,UC-Santa Barbara,Big West,167000,334000,167000,-167000,Yes,0,False,4YR JR,No,Yes,21.24109589041096,-20,D,K,P
2021,8,247,Braves,Tyler Collins,358,OF,2003-03-06,L/R,Oklahoma State,,,166100,332200,447500,-447500,Yes,1.6941601444912704,True,HS SR,No,Yes,18.334246575342465,111,D,H,R
2021,8,248,Athletics,Drew Swift,,SS,1999-02-15,R/R,,Arizona State,Pac-12,165400,330800,125000,-125000,Yes,-0.24425634824667472,False,4YR SR,No,Yes,22.389041095890413,,D,L,N
2021,8,249,Twins,Noah Cardenas,316,C,1999-09-10,R/R,,UCLA,Pac-12,164700,329400,200000,-200000,Yes,0.2143290831815422,False,4YR JR,No,Yes,21.82191780821918,67,D,K,R
2021,8,250,Padres,Lucas Dunn,382,2B,1999-04-30,R/R,,Louisville,ACC,163900,327800,100000,-100000,Yes,-0.3898718730933496,False,4YR SR,No,Yes,22.186301369863013,132,D,L,R
2021,8,251,Rays,Patrick Wicklander,221,LHP,1999-12-31,R/L,,Arkansas,SEC,163400,326800,147500,-147500,Yes,-0.09730722154222766,False,4YR JR,No,Yes,21.515068493150686,-30,D,K,P
2021,8,252,Dodgers,Ben Harris,,LHP,2000-02-22,L/L,,Georgia,SEC,162700,325400,197500,-197500,Yes,0.21389059618930548,False,4YR JR,No,Yes,21.36986301369863,,D,K,N
2021,9,253,Pirates,Luke Brown,278,OF,1999-03-12,L/R,,Louisville,ACC,162000,324000,72500,-72500,Yes,-0.5524691358024691,False,4YR SR,No,Yes,22.32054794520548,25,D,L,Q
2021,9,254,Rangers,Liam Hicks,,C,1999-06-02,L/R,,Arkansas State,Sun Belt,161400,161400,30000,-30000,Yes,-0.8141263940520446,False,4YR JR,No,Yes,22.095890410958905,,D,L,N
2021,9,255,Tigers,Garrett Burhenn,309,RHP,1999-09-12,R/R,,Ohio State,Big Ten,160800,160800,160800,-160800,Yes,0,False,4YR JR,No,Yes,21.816438356164383,54,D,K,R
2021,9,256,Red Sox,Tyler Miller,,1B,1999-12-17,L/R,,Auburn,SEC,160300,160300,160300,-160300,Yes,0,False,4YR JR,No,Yes,21.553424657534247,,D,K,N
2021,9,257,Orioles,Ryan Higgins,,3B,2000-01-25,R/R,,Fresno State,MWC,159700,159700,159700,-159700,Yes,0,False,4YR JR,No,Yes,21.446575342465753,,D,K,N
2021,9,258,Diamondbacks,Jake Rice,,LHP,1997-07-19,L/L,,Kennesaw State,ASUN,159200,159200,30000,-30000,Yes,-0.8115577889447236,False,4YR 5S,No,Yes,23.96712328767123,,D,M,N
2021,9,259,Royals,Parker Bates,586,OF,1997-11-16,L/R,,Louisiana Tech,C-USA,158600,158600,17500,-17500,Yes,-0.8896595208070618,False,4YR 5S,No,Yes,23.638356164383563,327,D,M,R
2021,9,260,Rockies,Cullen Kafka,,RHP,1999-04-16,R/R,,Oregon,Pac-12,158100,158100,158100,-158100,Yes,0,False,4YR JR,No,Yes,22.224657534246575,,D,L,N
2021,9,261,Angels,Braden Olthoff,153,RHP,1999-03-12,R/R,,Tulane,AAC,157600,157600,122500,-122500,Yes,-0.22271573604060912,False,4YR SR,No,Yes,22.32054794520548,-108,D,L,O
2021,9,262,Mets,Levi David,,RHP,1999-06-14,R/R,,Northwestern State,Southland,157200,157200,120000,-120000,Yes,-0.2366412213740458,False,4YR SR,No,Yes,22.063013698630137,,D,L,N
2021,9,263,Nationals,Cole Quintanilla,,RHP,1999-05-13,R/R,,Texas,Big 12,156600,156600,130000,-130000,Yes,-0.1698595146871009,False,4YR SR,No,Yes,22.15068493150685,,D,L,N
2021,9,264,Mariners,Spencer Packard,,OF,1997-10-12,L/R,,Campbell,Big South,156100,156100,25000,-25000,Yes,-0.8398462524023063,False,4YR SR,No,Yes,23.734246575342464,,D,M,N
2021,9,265,Phillies,Gavin Tonkel,,OF,2002-11-06,R/R,Sacramento State,,,155800,155800,247500,-247500,Yes,0.5885750962772786,True,HS SR,No,Yes,18.663013698630138,,D,H,N
2021,9,266,Giants,Mat Olsen,,RHP,2000-07-08,R/R,Arizona,,,155300,155300,147500,-147500,Yes,-0.050225370251126854,False,JC J2,Yes,Yes,20.994520547945207,,D,J,N
2021,9,267,Brewers,Brannon Jordan,282,RHP,1998-07-20,R/R,,South Carolina,SEC,154900,154900,47500,-47500,Yes,-0.6933505487411233,False,4YR JR,No,Yes,22.964383561643835,15,D,L,Q
2021,9,268,Astros,Aaron Brown,,RHP,1999-03-19,R/R,,Middle Tennessee,C-USA,154600,154600,57500,-57500,Yes,-0.628072445019405,False,4YR SR,No,Yes,22.301369863013697,,D,L,N
2021,9,269,Marlins,Jake Schrand,383,RHP,1999-08-08,R/R,,Wright State,Horizon,154100,154100,97500,-97500,Yes,-0.3672939649578196,False,4YR SR,No,Yes,21.912328767123288,114,D,K,R
2021,9,270,Reds,Jack Rogers,346,OF,1999-04-05,L/L,,Sam Houston State,Southland,153600,153600,127500,-127500,Yes,-0.169921875,False,4YR SR,No,Yes,22.254794520547946,76,D,L,R
2021,9,271,Cardinals,Trent Baker,,RHP,1998-12-28,R/R,,Angelo State,DII,153300,153300,75000,-75000,Yes,-0.5107632093933464,False,4YR SR,No,Yes,22.523287671232875,,D,L,N
2021,9,272,Blue Jays,Conor Larkin,,RHP,1999-03-17,R/R,,Penn State,Big Ten,152900,152900,77500,-77500,Yes,-0.49313276651406146,False,4YR SR,No,Yes,22.306849315068494,,D,L,N
2021,9,273,Yankees,Chandler Champlain,,RHP,1999-07-23,R/R,,USC,Pac-12,152600,152600,150000,-150000,Yes,-0.01703800786369594,False,4YR JR,No,Yes,21.956164383561642,,D,K,N
2021,9,274,Cubs,Chase Watkins,,LHP,1999-10-04,L/L,,Oregon State,Pac-12,152300,152300,125000,-125000,Yes,-0.1792514773473408,False,4YR JR,No,Yes,21.756164383561643,,D,K,N
2021,9,275,White Sox,Gil Luna Jr.,,LHP,1999-07-29,L/L,,Arizona,Pac-12,152000,152000,10000,-10000,Yes,-0.9342105263157895,False,4YR SR,No,Yes,21.93972602739726,,D,K,N
2021,9,276,Indians,Will Dion,,LHP,2000-04-17,L/L,,McNeese State,Southland,151600,151600,125000,-125000,Yes,-0.17546174142480211,False,4YR JR,No,Yes,21.21917808219178,,D,K,N
2021,9,277,Braves,Liam McGill,,C,1997-12-19,R/R,,Bryant,NEC,151300,151300,7500,-7500,Yes,-0.9504296100462657,False,4YR 5S,No,Yes,23.54794520547945,,D,M,N
2021,9,278,Athletics,Shane McGuire,527,C,1999-04-12,L/R,,San Diego,WCC,150800,150800,100000,-100000,Yes,-0.33687002652519893,False,4YR SR,No,Yes,22.235616438356164,249,D,L,R
2021,9,279,Twins,Patrick Winkel,389,C,2000-01-27,L/R,,UConn,Big East,150500,150500,500000,-500000,Yes,2.3222591362126246,False,4YR JR,No,Yes,21.44109589041096,110,D,K,R
2021,9,280,Padres,Garrett Hawkins,,RHP,2000-02-10,R/R,,Univ. of British Colombia,NAIA,150300,150300,75000,-75000,Yes,-0.500998003992016,False,4YR JR,No,Yes,21.4027397260274,,D,K,N
2021,9,281,Rays,Alex Ayala Jr.,,LHP,2001-11-26,R/L,JUCO,,,150100,150100,147600,-147600,Yes,-0.016655562958027982,False,No,No,Yes,19.60821917808219,,D,I,N
2021,9,282,Dodgers,Lael Lockhart,,LHP,1997-12-31,S/L,,Arkansas,SEC,149800,149800,2500,-2500,Yes,-0.9833110814419226,False,4YR 5S,No,Yes,23.515068493150686,,D,M,N
2021,10,283,Pirates,Justin Meis,549,RHP,1999-11-23,R/R,,Eastern Michigan,MAC,149500,149500,127500,-127500,Yes,-0.14715719063545152,False,4YR JR,No,Yes,21.61917808219178,266,D,K,R
2021,10,284,Rangers,C.J. Widger,,LHP,1999-05-25,L/L,JUCO,,,149300,149300,20000,-20000,Yes,-0.8660415271265908,False,No,No,Yes,22.117808219178084,,D,L,N
2021,10,285,Tigers,Austin Schultz,311,SS,2000-02-21,R/R,,Kentucky,SEC,148900,148900,148900,-148900,Yes,0,False,4YR JR,No,Yes,21.372602739726027,26,D,K,Q
2021,10,286,Red Sox,Matt Litwicki,,RHP,1998-08-03,R/R,,Indiana,Big Ten,148400,148400,47500,-47500,Yes,-0.6799191374663073,False,4YR SR,No,Yes,22.926027397260274,,D,L,N
2021,10,287,Orioles,Billy Cook,,3B,1999-01-07,R/R,,Pepperdine,WCC,148200,148200,100000,-100000,Yes,-0.3252361673414305,False,4YR SR,No,Yes,22.495890410958904,,D,L,N
2021,10,288,Diamondbacks,Hugh Fisher,106,LHP,1999-02-11,R/L,,Vanderbilt,SEC,147900,147900,100000,-100000,Yes,-0.32386747802569305,False,4YR SR,No,Yes,22.4,-182,D,L,O
2021,10,289,Royals,Shane Connolly,485,LHP,1999-02-13,L/L,,Virginia Tech,ACC,147700,147700,72500,-72500,Yes,-0.5091401489505755,False,4YR SR,No,Yes,22.394520547945206,196,D,L,R
2021,10,290,Rockies,Zach Kokoska,175,OF,1998-10-20,L/L,,Kansas State,Big 12,147400,147400,130000,-130000,Yes,-0.11804613297150611,False,4YR SR,No,Yes,22.71232876712329,-115,D,L,O
2021,10,291,Angels,Andrew Peters,,RHP,1998-11-25,R/R,,South Carolina,SEC,147200,147200,144700,-144700,Yes,-0.016983695652173912,False,4YR JR,No,Yes,22.613698630136987,,D,L,N
2021,10,292,Mets,Keyshawn Askew,,LHP,2000-01-05,L/L,,Clemson,ACC,147000,147000,125000,-125000,Yes,-0.14965986394557823,False,4YR JR,No,Yes,21.5013698630137,,D,K,N
2021,10,293,Nationals,Darren Baker,491,2B,1999-02-11,L/R,,California,Pac-12,146800,146800,146800,-146800,Yes,0,False,4YR SR,No,Yes,22.4,198,D,L,R
2021,10,294,Mariners,Jordan Jackson,,RHP,1998-10-14,R/R,,Georgia Southern,Sun Belt,146300,146300,25000,-25000,Yes,-0.8291182501708817,False,4YR JR,No,Yes,22.72876712328767,,D,L,N
2021,10,295,Phillies,Logan Cerny,116,OF,1999-09-28,R/R,,Troy,Sun Belt,146100,146100,146100,-146100,Yes,0,False,4YR JR,No,Yes,21.77260273972603,-179,D,K,O
2021,10,296,Giants,Vaun Brown,,OF,1998-06-23,R/R,,Florida Southern,DII,145700,145700,7500,-7500,Yes,-0.9485243651338366,False,4YR SR,No,Yes,23.03835616438356,,D,M,N
2021,10,297,Brewers,Wes Clarke,163,1B,1999-10-13,R/R,,South Carolina,SEC,145500,145500,75000,-75000,Yes,-0.4845360824742268,False,4YR JR,No,Yes,21.731506849315068,-134,D,K,O
2021,10,298,Astros,Michael Sandle,,OF,1998-09-21,R/R,,South Alabama,Sun Belt,145300,145300,47500,-47500,Yes,-0.6730901582931865,False,4YR 5S,No,Yes,22.791780821917808,,D,L,N
2021,10,299,Marlins,Hunter Perdue,,RHP,1999-03-04,R/R,,Florida State,ACC,145000,145000,57500,-57500,Yes,-0.603448275862069,False,4YR JR,No,Yes,22.34246575342466,,D,L,N
2021,10,300,Reds,Donovan Benoit,,RHP,1999-01-22,R/R,,Tulane,AAC,144800,144800,130000,-130000,Yes,-0.10220994475138122,False,4YR SR,No,Yes,22.454794520547946,,D,L,N
2021,10,301,Cardinals,Osvaldo Tovalin,,3B,1999-10-31,L/R,,Azusa Pacific,DII,144600,144600,50000,-50000,Yes,-0.6542185338865837,False,4YR JR,No,Yes,21.682191780821917,,D,K,N
2021,10,302,Blue Jays,Connor Cooke,,RHP,1999-11-02,R/R,,LA-Lafayette,Sun Belt,144400,144400,141900,-141900,Yes,-0.01731301939058172,False,4YR JR,No,Yes,21.676712328767124,,D,K,N
2021,10,303,Yankees,Benjamin Cowles,,SS,2000-02-15,R/R,,Maryland,Big Ten,144100,144100,140000,-140000,Yes,-0.028452463566967384,False,4YR JR,No,Yes,21.389041095890413,,D,K,N
2021,10,304,Cubs,Peter Matt,,OF,1998-05-22,R/R,,Duke,ACC,143900,143900,5000,-5000,Yes,-0.9652536483669215,False,4YR 5S,No,Yes,23.126027397260273,,D,M,N
2021,10,305,White Sox,Tommy Sommer,,LHP,1998-09-25,L/L,,Indiana,Big Ten,143600,143600,20000,-20000,Yes,-0.8607242339832869,False,4YR SR,No,Yes,22.78082191780822,,D,L,N
2021,10,306,Indians,Franco Aleman,338,RHP,2000-06-26,R/R,,Florida,SEC,143500,143500,175000,-175000,Yes,0.21951219512195122,False,4YR JR,No,Yes,21.027397260273972,32,D,K,Q
2021,10,307,Braves,Dylan Spain,,RHP,1998-06-21,R/R,,Hawaii-Hilo,DII,143200,143200,17500,-17500,Yes,-0.8777932960893855,False,No,No,Yes,23.043835616438358,,D,M,N
2021,10,308,Athletics,Jack Winkler,,SS,1998-11-04,R/R,,San Francisco,WCC,143000,143000,50000,-50000,Yes,-0.6503496503496503,False,4YR SR,No,Yes,22.671232876712327,,D,L,N
2021,10,309,Twins,Ernie Yake,461,SS,1997-11-20,L/R,,Gonzaga,WCC,142700,142700,10000,-10000,Yes,-0.9299229152067274,False,4YR SR,No,Yes,23.627397260273973,152,D,M,R
2021,10,310,Padres,Colton Bender,,C,1999-01-13,R/R,,Quinnipiac,MAAC,142500,142500,5000,-5000,Yes,-0.9649122807017544,False,4YR SR,No,Yes,22.47945205479452,,D,L,N
2021,10,311,Rays,Austin Vernon,184,RHP,1999-02-08,R/R,,North Carolina Central,MEAC,142300,142300,142300,-142300,Yes,0,False,4YR SR,No,Yes,22.40821917808219,-127,D,L,O
2021,10,312,Dodgers,Michael Hobbs,,RHP,1999-07-10,R/R,,St. Mary's,WCC,142200,142200,25000,-25000,Yes,-0.8241912798874824,False,4YR SR,No,Yes,21.991780821917807,,D,K,N
2021,11,313,Pirates,Jack Carey,,RHP,1999-09-20,R/R,,Duke,ACC,0,0,125000,0,No,,False,4YR JR,No,Yes,21.794520547945204,,E,K,N
2021,11,314,Rangers,Jojo Blackmon,,OF,2003-03-31,L/L,UAB,,,0,0,250000,120000,No,0.9230769230769231,True,HS SR,No,Yes,18.265753424657536,,E,H,N
2021,11,315,Tigers,Josh Crouch,,C,1998-12-07,R/R,,UCF,AAC,0,0,125000,0,No,,False,4YR JR,No,Yes,22.58082191780822,,E,L,N
2021,11,316,Red Sox,Niko Kavadas,144,1B,1998-10-27,L/R,,Notre Dame,ACC,0,0,250000,120000,No,0.9230769230769231,False,4YR SR,No,Yes,22.693150684931506,-172,E,L,O
2021,11,317,Orioles,Dylan Heid,242,RHP,1998-05-18,R/R,,Pittsburgh-Johnstown,DII,0,0,75000,0,No,,False,4YR SR,No,Yes,23.136986301369863,-75,E,M,O
2021,11,318,Diamondbacks,Tim Tawa,,2B,1999-04-07,R/R,,Stanford,Pac-12,0,0,125000,0,No,,False,4YR SR,No,Yes,22.24931506849315,,E,L,N
2021,11,319,Royals,Brennon McNair,521,SS,2002-09-15,R/R,South Alabama,,,0,0,347500,217500,No,1.6730769230769231,True,HS SR,No,Yes,18.805479452054794,202,E,H,R
2021,11,320,Rockies,Nic Kent,240,SS,2000-04-10,R/R,,Virginia,ACC,0,0,175000,45000,No,0.34615384615384615,False,4YR JR,No,Yes,21.23835616438356,-80,E,K,O
2021,11,321,Angels,Chase Silseth,217,RHP,2000-05-18,R/R,,Arizona,Pac-12,0,0,485000,355000,No,2.730769230769231,False,4YR JR,No,Yes,21.134246575342466,-104,E,K,O
2021,11,322,Mets,Rowdey Jordan,271,OF,1999-01-27,S/R,,Mississippi State,SEC,0,0,125000,0,No,,False,4YR SR,No,Yes,22.44109589041096,-51,E,L,O
2021,11,323,Nationals,Marc Davis,,RHP,1999-11-11,R/R,Pittsburgh,,,0,0,125000,0,No,,False,JC J3,Yes,Yes,21.65205479452055,,E,K,N
2021,11,324,Mariners,William Fleming,,RHP,1999-03-06,R/R,,Wake Forest,ACC,0,0,125000,0,No,,False,4YR SR,No,Yes,22.336986301369862,,E,L,N
2021,11,325,Phillies,Andrew Baker,,RHP,2000-03-24,R/R,South Carolina,,,0,0,200000,70000,No,0.5384615384615384,False,JC J3,Yes,Yes,21.284931506849315,,E,K,N
2021,11,326,Giants,Donovan McIntyre,,OF,2002-12-10,L/L,Kent State,,,0,0,297500,167500,No,1.2884615384615385,True,HS SR,No,Yes,18.56986301369863,,E,H,N
2021,11,327,Brewers,Roc Riggio,140,OF,2002-06-11,L/R,Oklahoma State,,,0,0,,0,No,,True,HS SR,No,No,19.068493150684933,-187,E,I,O
2021,11,328,Astros,Chad Stevens,498,OF,1999-02-03,R/R,,Portland,WCC,0,0,125000,0,No,,False,4YR SR,No,Yes,22.421917808219177,170,E,L,R
2021,11,329,Marlins,Jesse Bergin,244,RHP,1999-10-08,R/R,,UCLA,Pac-12,0,0,125000,0,No,,False,4YR JR,No,Yes,21.745205479452054,-85,E,K,O
2021,11,330,Reds,Shawn Guilliams,272,RHP,2002-06-10,R/R,Florida,,,0,0,272500,142500,No,1.0961538461538463,False,JC J1,Yes,Yes,19.07123287671233,-58,E,I,O
2021,11,331,Cardinals,Mack Chambers,,SS,1999-08-10,S/R,,New Mexico,MWC,0,0,175000,45000,No,0.34615384615384615,False,4YR JR,No,Yes,21.90684931506849,,E,K,N
2021,11,332,Blue Jays,Trenton Wallace,345,LHP,1999-03-31,L/L,,Iowa,Big Ten,0,0,172500,42500,No,0.3269230769230769,False,4YR SR,No,Yes,22.268493150684932,13,E,L,Q
2021,11,333,Yankees,Jack Neely,400,RHP,2000-06-05,R/R,,Ohio State,Big Ten,0,0,150000,20000,No,0.15384615384615385,False,4YR JR,No,Yes,21.084931506849315,67,E,K,R
2021,11,334,Cubs,Gage Ziehl,452,RHP,2003-05-15,R/R,Miami (FL),,,0,0,,0,No,,True,HS SR,No,No,18.14246575342466,118,E,H,R
2021,11,335,White Sox,Christian Edwards,367,RHP,1999-03-04,R/R,,Jacksonville State,ASUN,0,0,150000,20000,No,0.15384615384615385,False,4YR SR,No,Yes,22.34246575342466,32,E,L,Q
2021,11,336,Indians,Hunter Stanley,524,RHP,1997-11-25,R/R,,Southern Miss,C-USA,0,0,125000,0,No,,False,4YR 5S,No,Yes,23.613698630136987,188,E,M,R
2021,11,337,Braves,Adam Shoemaker,,LHP,2002-08-24,L/L,St. John's,,,0,0,480000,350000,No,2.6923076923076925,True,HS SR,No,Yes,18.865753424657534,,E,H,N
2021,11,338,Athletics,Eduardo Rivera,,LHP,2003-06-13,L/L,N/A,,,0,0,125000,0,No,,False,No,No,Yes,18.063013698630137,,E,H,N
2021,11,339,Twins,Brandon Birdsell,291,RHP,2000-03-23,R/R,,Texas Tech,Big 12,0,0,,0,No,,False,4YR JR,No,No,21.28767123287671,-48,E,K,P
2021,11,340,Padres,River Ryan,,RHP,1998-08-17,R/R,,UNC-Pembroke,DII,0,0,100000,0,No,,False,4YR SR,No,Yes,22.887671232876713,,E,L,N
2021,11,341,Rays,Sean Mullen,,RHP,1999-09-18,R/R,,UCLA,Pac-12,0,0,125000,0,No,,False,4YR JR,No,Yes,21.8,,E,K,N
2021,11,342,Dodgers,Justin Wrobleski,275,LHP,2000-07-14,L/L,,Oklahoma State,Big 12,0,0,197500,67500,No,0.5192307692307693,False,4YR JR,No,Yes,20.97808219178082,-67,E,J,O
2021,12,343,Pirates,Chazz Martinez,,LHP,2000-01-06,L/L,TCU,,,0,0,,0,No,,False,JC J3,Yes,No,21.4986301369863,,E,K,N
2021,12,344,Rangers,Jackson Leath,289,RHP,1999-06-20,R/R,,Tennessee,SEC,0,0,125000,0,No,,False,4YR SR,No,Yes,22.046575342465754,-55,E,L,O
2021,12,345,Tigers,Mike Rothenberg,,C,1998-10-05,S/R,,Duke,ACC,0,0,125000,0,No,,False,4YR SR,No,Yes,22.753424657534246,,E,L,N
2021,12,346,Red Sox,Christopher Troye,,RHP,1999-02-08,R/R,,UC-Santa Barbara,Big West,0,0,100000,0,No,,False,4YR SR,No,Yes,22.40821917808219,,E,L,N
2021,12,347,Orioles,Justin Armbruester,,RHP,1998-10-21,R/R,,New Mexico,MWC,0,0,100000,0,No,,False,4YR JR,No,Yes,22.70958904109589,,E,L,N
2021,12,348,Diamondbacks,Davis Diaz,84,SS,2003-03-02,R/R,Vanderbilt,,,0,0,,0,No,,True,HS SR,No,No,18.345205479452055,-264,E,H,O
2021,12,349,Royals,Tyson Guerrero,422,LHP,1999-02-16,L/L,,Washington,Pac-12,0,0,127500,0,No,,False,4YR JR,No,Yes,22.386301369863013,73,E,L,R
2021,12,350,Rockies,Mason Green,,LHP,1999-02-05,L/L,,Central Missouri,DII,0,0,125000,0,No,,False,4YR SR,No,Yes,22.416438356164385,,E,L,N
2021,12,351,Angels,Mason Albright,151,LHP,2002-11-26,L/L,Virginia Tech,,,0,0,1250000,1120000,No,8.615384615384615,True,HS SR,No,Yes,18.60821917808219,-200,E,H,O
2021,12,352,Mets,Jack-Thomas Wold,,OF,1999-09-16,L/L,,UNLV,MWC,0,0,125000,0,No,,False,4YR SR,No,Yes,21.805479452054794,,E,K,N
2021,12,353,Nationals,Andrew Alvarez,,LHP,1999-06-13,L/L,,Cal Poly,Big West,0,0,125000,0,No,,False,4YR SR,No,Yes,22.065753424657533,,E,L,N
2021,12,354,Mariners,Corey Rosier,,OF,1999-09-07,L/R,,UNC-Greensboro,SoCon,0,0,125000,0,No,,False,4YR JR,No,Yes,21.83013698630137,,E,K,N
2021,12,355,Phillies,T.J. Rumfield,,3B,2000-05-17,L/R,,Virginia Tech,ACC,0,0,125000,0,No,,False,4YR JR,No,Yes,21.136986301369863,,E,K,N
2021,12,356,Giants,Landen Roupp,,RHP,1998-09-10,R/R,,UNC-Wilmington,CAA,0,0,75000,0,No,,False,4YR SR,No,Yes,22.82191780821918,,E,L,N
2021,12,357,Brewers,Caden Vire,392,LHP,2003-09-09,L/L,Arizona State,,,0,0,497500,367500,No,2.826923076923077,True,HS SR,No,Yes,17.82191780821918,35,E,G,Q
2021,12,358,Astros,Rhett Kouba,256,RHP,1999-09-03,R/R,,Dallas Baptist,MVC,0,0,125000,0,No,,False,4YR JR,No,Yes,21.84109589041096,-102,E,K,O
2021,12,359,Marlins,Brandon White,402,RHP,1999-11-26,R/R,,Washington State,Pac-12,0,0,125000,0,No,,False,4YR JR,No,Yes,21.610958904109587,43,E,K,Q
2021,12,360,Reds,Julian Aguiar,,RHP,2001-06-05,L/R,Tennessee,,,0,0,125000,0,No,,False,JC J2,Yes,Yes,20.084931506849315,,E,J,N
2021,12,361,Cardinals,Chris Gerard,,LHP,1999-11-23,R/L,,Virginia Tech,ACC,0,0,250000,120000,No,0.9230769230769231,False,4YR JR,No,Yes,21.61917808219178,,E,K,N
2021,12,362,Blue Jays,Riley Tirotta,115,3B,1998-08-21,R/R,,Dayton,Atlantic 10,0,0,125000,0,No,,False,4YR SR,No,Yes,22.876712328767123,-247,E,L,O
2021,12,363,Yankees,Ben Rice,,C,1999-02-22,L/R,,Dartmouth,Ivy,0,0,125000,0,No,,False,4YR JR,No,Yes,22.36986301369863,,E,L,N
2021,12,364,Cubs,Teo Banks,,OF,2003-07-10,R/R,Tulane,,,0,0,,0,No,,True,HS SR,No,No,17.98904109589041,,E,G,N
2021,12,365,White Sox,Johnny Ray,283,RHP,1998-10-10,R/R,,TCU,Big 12,0,0,150000,20000,No,0.15384615384615385,False,4YR SR,No,Yes,22.73972602739726,-82,E,L,O
2021,12,366,Indians,Connor Kokx,,OF,2000-02-24,R/R,,Long Beach State,Big West,0,0,125000,0,No,,False,4YR JR,No,Yes,21.364383561643837,,E,K,N
2021,12,367,Braves,Andrew Hoffmann,,RHP,2000-02-02,R/R,,Illinois,Big Ten,0,0,125000,0,No,,False,4YR JR,No,Yes,21.424657534246574,,E,K,N
2021,12,368,Athletics,Mitch Myers,359,RHP,1999-01-08,R/R,,Pittsburgh,ACC,0,0,125000,0,No,,False,4YR SR,No,Yes,22.493150684931507,-9,E,L,P
2021,12,369,Twins,Kyler Fedko,,OF,1999-09-21,R/R,,UConn,Big East,0,0,125000,0,No,,False,4YR FR,No,Yes,21.791780821917808,,E,K,N
2021,12,370,Padres,Marcos Castanon,,SS,1999-03-23,R/R,,UC-Santa Barbara,Big West,0,0,125000,0,No,,False,4YR SR,No,Yes,22.29041095890411,,E,L,N
2021,12,371,Rays,Jonny Cuevas,,RHP,2000-11-20,R/R,Cal State-Fullerton,,,0,0,197500,67500,No,0.5192307692307693,False,JC J2,Yes,Yes,20.624657534246577,,E,J,N
2021,12,372,Dodgers,Ronan Kopp,350,LHP,2002-07-29,L/L,JUCO,,,0,0,125000,0,No,,False,No,No,Yes,18.936986301369863,-22,E,H,P
2021,13,373,Pirates,Owen Sharts,206,RHP,1999-11-23,R/R,,Nevada,MWC,0,0,125000,0,No,,False,4YR JR,No,Yes,21.61917808219178,-167,E,K,O
2021,13,374,Rangers,Thomas Ireland,,LHP,2002-06-27,L/L,JUCO,,,0,0,125000,0,No,,False,No,No,Yes,19.024657534246575,,E,I,N
2021,13,375,Tigers,Chris Meyers,,3B,1999-04-27,L/R,,Toledo,MAC,0,0,125000,0,No,,False,4YR SR,No,Yes,22.194520547945206,,E,L,N
2021,13,376,Red Sox,Zach Ehrhard,,SS,2003-01-21,L/L,Oklahoma State,,,0,0,,0,No,,True,HS SR,No,No,18.454794520547946,,E,H,N
2021,13,377,Orioles,Jacob Teter,496,1B,1999-02-26,R/R,,Florida Southern,DII,0,0,100000,0,No,,False,4YR SR,No,Yes,22.35890410958904,119,E,L,R
2021,13,378,Diamondbacks,Josh Swales,440,RHP,2001-10-28,R/R,Grand Canyon,,,0,0,125000,0,No,,False,JC J1,Yes,Yes,19.687671232876713,62,E,I,R
2021,13,379,Royals,Patrick Halligan,,RHP,1999-10-04,R/R,JUCO,,,0,0,132500,2500,No,0.019230769230769232,False,No,No,Yes,21.756164383561643,,E,K,N
2021,13,380,Rockies,EJ Andrews Jr.,,OF,2000-09-28,L/L,,Fresno State,MWC,0,0,125000,0,No,,False,4YR JR,No,Yes,20.76986301369863,,E,J,N
2021,13,381,Angels,Mo Hanley,292,LHP,1999-07-19,L/L,,Adrian College,DIII,0,0,125000,0,No,,False,4YR SR,No,Yes,21.96712328767123,-89,E,K,O
2021,13,382,Mets,Matt Rudick,,OF,1998-07-02,R/R,,San Diego State,MWC,0,0,125000,0,No,,False,4YR JR,No,Yes,23.013698630136986,,E,M,N
2021,13,383,Nationals,Mack Anglin,204,RHP,2000-07-05,L/R,,Clemson,ACC,0,0,,0,No,,False,4YR SO,No,No,21.002739726027396,-179,E,K,O
2021,13,384,Mariners,Ben Ramirez,,SS,1998-12-02,L/R,,USC,Pac-12,0,0,100000,0,No,,False,4YR SR,No,Yes,22.594520547945205,,E,L,N
2021,13,385,Phillies,Jared Carr,,OF,1999-05-24,L/R,,Shepherd Univ.,DII,0,0,50000,0,No,,False,4YR JR,No,Yes,22.12054794520548,,E,L,N
2021,13,386,Giants,Jared Dupere,,OF,1999-01-23,L/R,,Northeastern,CAA,0,0,125000,0,No,,False,4YR JR,No,Yes,22.45205479452055,,E,L,N
2021,13,387,Brewers,Quinton Low,,RHP,2002-09-05,L/R,Santa Clara,,,0,0,347500,217500,No,1.6730769230769231,True,HS SR,No,Yes,18.832876712328765,,E,H,N
2021,13,388,Astros,Kobe Kato,,2B,1999-03-19,L/L,,Arizona,Pac-12,0,0,125000,0,No,,False,4YR SR,No,Yes,22.301369863013697,,E,L,N
2021,13,389,Marlins,Chandler Jozwiak,,LHP,1999-02-15,L/R,,Texas A&M,SEC,0,0,125000,0,No,,False,4YR SR,No,Yes,22.389041095890413,,E,L,N
2021,13,390,Reds,Michael Trautwein,,C,1999-09-13,L/L,,Northwestern,Big Ten,0,0,125000,0,No,,False,4YR JR,No,Yes,21.813698630136987,,E,K,N
2021,13,391,Cardinals,Hayes Heinecke,590,LHP,1999-06-28,R/R,,Wofford,SoCon,0,0,125000,0,No,,False,4YR JR,No,Yes,22.024657534246575,199,E,L,R
2021,13,392,Blue Jays,Matt Svanson,,RHP,1999-01-31,R/R,,Lehigh,Patriot,0,0,50000,0,No,,False,4YR SR,No,Yes,22.43013698630137,,E,L,N
2021,13,393,Cubs,Erian Rodriguez,308,RHP,2001-11-23,R/R,JUCO,,,0,0,125000,0,No,,False,No,No,Yes,19.616438356164384,-85,E,I,O
2021,13,393,Yankees,Zach Messinger,,RHP,1999-10-04,R/R,,Virginia,ACC,0,0,225000,95000,No,0.7307692307692307,False,4YR JR,No,Yes,21.756164383561643,,E,K,N
2021,13,395,White Sox,Colby Smelley,,C,2000-03-15,R/R,LA-Lafayette,,,0,0,125000,0,No,,False,JC J3,Yes,Yes,21.30958904109589,,E,K,N
2021,13,396,Indians,Davis Sharpe,252,RHP,2000-01-30,R/R,,Clemson,ACC,0,0,150000,20000,No,0.15384615384615385,False,4YR JR,No,Yes,21.432876712328767,-144,E,K,O
2021,13,397,Braves,Adam Zebrowski,,C,2000-09-28,R/R,,St. John Fisher College,DIII,0,0,125000,0,No,,False,4YR JR,No,Yes,20.76986301369863,,E,J,N
2021,13,398,Athletics,Aaron Holiday,,RHP,2000-05-28,R/R,,Old Dominion,Sun Belt,0,0,125000,0,No,,False,4YR JR,No,Yes,21.106849315068494,,E,K,N
2021,13,399,Twins,David Festa,,RHP,2000-03-08,R/R,,Seton Hall,Big East,0,0,125000,0,No,,False,4YR JR,No,Yes,21.328767123287673,,E,K,N
2021,13,400,Padres,Kobe Robinson,,RHP,2001-03-03,L/R,Southern,,,0,0,125000,0,No,,False,JC J2,Yes,Yes,20.34246575342466,,E,J,N
2021,13,401,Rays,Bobby Seymour,481,1B,1998-10-07,R/R,,Wake Forest,ACC,0,0,125000,0,No,,False,4YR SR,No,Yes,22.747945205479454,80,E,L,R
2021,13,402,Dodgers,Antonio Knowles,,RHP,2000-01-15,L/L,Florida,,,0,0,125000,0,No,,False,JC J3,Yes,Yes,21.473972602739725,,E,K,N
2021,14,403,Pirates,Braylon Bishop,201,OF,2003-04-23,R/R,Arkansas,,,0,0,268700,138700,No,1.0669230769230769,True,HS SR,No,Yes,18.202739726027396,-202,E,H,O
2021,14,404,Rangers,Tucker Mitchell,,C,2001-02-10,R/R,North Carolina State,,,0,0,325000,195000,No,1.5,False,JC J2,Yes,Yes,20.4,,E,J,N
2021,14,405,Tigers,RJ Petit,,RHP,1999-09-23,L/R,,Charleston Southern,Big South,0,0,125000,0,No,,False,4YR JR,No,Yes,21.786301369863015,,E,K,N
2021,14,406,Red Sox,Jacob Webb,,RHP,1999-03-23,R/R,,Miami (OH),MAC,0,0,122500,0,No,,False,4YR SR,No,Yes,22.29041095890411,,E,L,N
2021,14,407,Orioles,Daniel Lloyd,,RHP,2000-08-08,S/R,,South Carolina,SEC,0,0,155000,25000,No,0.19230769230769232,False,4YR JR,No,Yes,20.90958904109589,,E,J,N
2021,14,408,Diamondbacks,Channy Ortiz,,SS,1999-04-11,L/L,,Grand Canyon,WAC,0,0,125000,0,No,,False,4YR SR,No,Yes,22.23835616438356,,E,L,N
2021,14,409,Royals,Caden Monke,,LHP,1999-09-02,S/R,,Arkansas,SEC,0,0,125000,0,No,,False,4YR JR,No,Yes,21.843835616438355,,E,K,N
2021,14,410,Rockies,Tyler Ras,413,RHP,1999-11-09,L/L,,Alabama,SEC,0,0,125000,0,No,,False,4YR JR,No,Yes,21.65753424657534,3,E,K,Q
2021,14,411,Angels,Eric Torres,,LHP,1999-09-22,L/L,,Kansas State,Big 12,0,0,125000,0,No,,False,4YR JR,No,Yes,21.78904109589041,,E,K,N
2021,14,412,Mets,Nathan Lavender,,LHP,2000-01-20,L/L,,Illinois,Big Ten,0,0,125000,0,No,,False,4YR JR,No,Yes,21.46027397260274,,E,K,N
2021,14,413,Nationals,Erik Tolman,543,LHP,1999-06-03,L/R,,Arizona State,Pac-12,0,0,125000,0,No,,False,4YR JR,No,Yes,22.09315068493151,130,E,L,R
2021,14,414,Mariners,Andrew Moore,,RHP,1999-08-11,L/L,Georgia State,,,0,0,125000,0,No,,False,JC J3,Yes,Yes,21.904109589041095,,E,K,N
2021,14,415,Phillies,Jose Valadez-Acuna,425,OF,2002-09-25,R/R,Texas Tech,,,0,0,125000,0,No,,True,HS SR,No,Yes,18.778082191780822,10,E,H,Q
2021,14,416,Giants,Tyler Myrick,564,RHP,1998-06-25,R/R,,Florida International,C-USA,0,0,125000,0,No,,False,4YR 5S,No,Yes,23.03287671232877,148,E,M,R
2021,14,417,Brewers,Jace Avina,419,OF,2003-06-06,R/R,Nevada,,,0,0,255900,125900,No,0.9684615384615385,True,HS SR,No,Yes,18.08219178082192,2,E,H,Q
2021,14,418,Astros,Bryant Salgado,,RHP,2000-03-02,R/R,,Oregon State,Pac-12,0,0,125000,0,No,,False,4YR JR,No,Yes,21.345205479452055,,E,K,N
2021,14,419,Marlins,Holt Jones Jr.,,RHP,1999-05-08,R/R,,Kentucky,SEC,0,0,125000,0,No,,False,4YR SR,No,Yes,22.164383561643834,,E,L,N
2021,14,420,Reds,Carter Raffield,273,RHP,2000-02-28,R/R,,Clemson,ACC,0,0,125000,0,No,,False,4YR JR,No,Yes,21.353424657534248,-147,E,K,O
2021,14,421,Cardinals,Andre Granillo,,RHP,2000-05-12,R/R,,UC-Riverside,Big West,0,0,125000,0,No,,False,4YR JR,No,Yes,21.15068493150685,,E,K,N
2021,14,422,Blue Jays,Damiano Palmegiani,270,3B,2000-01-24,R/R,Arizona,,,0,0,157500,27500,No,0.21153846153846154,False,JC J3,Yes,Yes,21.44931506849315,-152,E,K,O
2021,14,423,Yankees,Sean Hermann,,RHP,2003-06-13,R/R,South Florida,,,0,0,135000,5000,No,0.038461538461538464,True,HS SR,No,Yes,18.063013698630137,,E,H,N
2021,14,424,Cubs,Frankie Scalzo Jr.,,RHP,1999-11-25,L/R,,Grand Canyon,WAC,0,0,125000,0,No,,False,4YR SR,No,Yes,21.613698630136987,,E,K,N
2021,14,425,White Sox,Noah Owen,,RHP,2000-10-01,R/R,Washington State,,,0,0,125000,0,No,,False,JC J2,Yes,Yes,20.76164383561644,,E,J,N
2021,14,426,Indians,Trenton Denholm,202,RHP,1999-11-29,R/R,,UC-Irvine,Big West,0,0,150000,20000,No,0.15384615384615385,False,4YR JR,No,Yes,21.602739726027398,-224,E,K,O
2021,14,427,Braves,Caleb Durbin,,SS,2000-02-22,L/R,,Washington,Pac-12,0,0,50000,0,No,,False,4YR JR,No,Yes,21.36986301369863,,E,K,N
2021,14,428,Athletics,Jonny Butler,,OF,1999-02-12,R/R,,North Carolina State,ACC,0,0,125000,0,No,,False,4YR SR,No,Yes,22.397260273972602,,E,L,N
2021,14,429,Twins,Pierson Ohl,,RHP,1999-09-10,R/R,,Grand Canyon,WAC,0,0,100000,0,No,,False,4YR JR,No,Yes,21.82191780821918,,E,K,N
2021,14,430,Padres,Adam Smith,,RHP,2000-05-09,R/R,,UNC-Wilmington,CAA,0,0,125000,0,No,,False,4YR JR,No,Yes,21.15890410958904,,E,K,N
2021,14,431,Rays,Antonio Menendez,,RHP,1999-03-11,R/R,,Wake Forest,ACC,0,0,100000,0,No,,False,4YR SR,No,Yes,22.323287671232876,,E,L,N
2021,14,432,Dodgers,Jordan Leasure,,RHP,1998-08-15,R/L,,Univ. of Tampa,DII,0,0,125000,0,No,,False,4YR 5S,No,Yes,22.893150684931506,,E,L,N
2021,15,433,Pirates,Tyler Samaniego,,LHP,1999-01-30,R/R,,South Alabama,Sun Belt,0,0,75000,0,No,,False,4YR SR,No,Yes,22.432876712328767,,E,L,N
2021,15,434,Rangers,Evan Elliott,,RHP,2001-01-10,R/R,JUCO,,,0,0,125000,0,No,,False,No,No,Yes,20.484931506849314,,E,J,N
2021,15,435,Tigers,Blake Holub,,RHP,1998-10-23,R/R,,St. Edwards Univ.,DII,0,0,100000,0,No,,False,4YR SR,No,Yes,22.704109589041096,,E,L,N
2021,15,436,Red Sox,Payton Green,174,SS,2003-01-17,R/R,North Carolina State,,,0,0,,0,No,,True,HS SR,No,No,18.465753424657535,-262,E,H,O
2021,15,437,Orioles,Keagan Gillies,,RHP,1998-01-27,R/R,,Tulane,AAC,0,0,50000,0,No,,False,4YR 5S,No,Yes,23.44109589041096,,E,M,N
2021,15,438,Diamondbacks,Shane Muntz,,C,1999-02-23,L/R,,Wake Forest,ACC,0,0,125000,0,No,,False,4YR SR,No,Yes,22.367123287671234,,E,L,N
2021,15,439,Royals,River Town,,OF,1999-07-08,L/R,,Dallas Baptist,MVC,0,0,125000,0,No,,False,4YR JR,No,Yes,21.997260273972604,,E,K,N
2021,15,440,Rockies,Benjamin Sems,,SS,1998-02-16,R/R,,Michigan,Big Ten,0,0,25000,0,No,,False,4YR 5S,No,Yes,23.386301369863013,,E,M,N
2021,15,441,Angels,Glenn Albanese Jr.,,RHP,1998-10-22,L/R,,Louisville,ACC,0,0,125000,0,No,,False,4YR SR,No,Yes,22.706849315068492,,E,L,N
2021,15,442,Mets,Wyatt Young,381,SS,1999-12-05,R/R,,Pepperdine,WCC,0,0,125000,0,No,,False,4YR JR,No,Yes,21.586301369863012,-61,E,K,O
2021,15,443,Nationals,Jaden Fein,,OF,2000-08-15,R/R,,San Diego State,MWC,0,0,125000,0,No,,False,4YR JR,No,Yes,20.89041095890411,,E,J,N
2021,15,444,Mariners,Cole Barr,,3B,1998-05-23,L/L,,Indiana,Big Ten,0,0,25000,0,No,,False,4YR SR,No,Yes,23.123287671232877,,E,M,N
2021,15,445,Phillies,Matt Osterberg,,LHP,1999-04-21,S/R,,St. Cloud State,DII,0,0,100000,0,No,,False,4YR SR,No,Yes,22.21095890410959,,E,L,N
2021,15,446,Giants,Brooks Baldwin,,SS,2000-08-15,L/L,,UNC-Wilmington,CAA,0,0,,0,No,,False,4YR JR,No,No,20.89041095890411,,E,J,N
2021,15,447,Brewers,Hunter Hollan,,LHP,2002-03-05,R/R,TCU,,,0,0,,0,No,,False,JC J1,Yes,No,19.336986301369862,,E,I,N
2021,15,448,Astros,Adrian Chaidez,,RHP,1999-06-10,L/L,,UCLA,Pac-12,0,0,75000,0,No,,False,4YR JR,No,Yes,22.073972602739726,,E,L,N
2021,15,449,Marlins,Caleb Wurster,,LHP,1998-09-21,R/R,,UConn,Big East,0,0,25000,0,No,,False,4YR SR,No,Yes,22.791780821917808,,E,L,N
2021,15,450,Reds,Blake Dunn,237,OF,1998-09-05,L/L,,Western Michigan,MAC,0,0,125000,0,No,,False,4YR SR,No,Yes,22.835616438356166,-213,E,L,O
2021,15,451,Cardinals,Alex Cornwell,,LHP,1999-05-09,L/R,,USC,Pac-12,0,0,50000,0,No,,False,4YR SR,No,Yes,22.161643835616438,,E,L,N
2021,15,452,Blue Jays,Garrett Spain,,OF,2000-09-21,R/R,,Austin Peay,OVC,0,0,125000,0,No,,False,4YR JR,No,Yes,20.78904109589041,,E,J,N
2021,15,453,Yankees,Danny Watson,432,RHP,2000-10-06,S/R,,VCU,Atlantic 10,0,0,125000,0,No,,False,4YR JR,No,Yes,20.747945205479454,-21,E,J,P
2021,15,454,Cubs,BJ Murray Jr.,,3B,2000-01-05,R/R,,Florida Atlantic,C-USA,0,0,125000,0,No,,False,4YR JR,No,Yes,21.5013698630137,,E,K,N
2021,15,455,White Sox,Cameron Butler,,OF,2002-10-03,R/R,Cal Poly,,,0,0,150000,20000,No,0.15384615384615385,True,HS SR,No,Yes,18.756164383561643,,E,H,N
2021,15,456,Indians,Alaska Abney,,RHP,2000-05-05,L/L,,Coastal Carolina,Sun Belt,0,0,125000,0,No,,False,4YR JR,No,Yes,21.16986301369863,,E,K,N
2021,15,457,Braves,Christian Robinson,,OF,1999-11-23,R/R,,Stanford,Pac-12,0,0,125000,0,No,,False,4YR SR,No,Yes,21.61917808219178,,E,K,N
2021,15,458,Athletics,Luke Anderson,,RHP,1998-08-05,R/R,,Central Oklahoma,DII,0,0,75000,0,No,,False,4YR JR,No,Yes,22.92054794520548,,E,L,N
2021,15,459,Twins,Mikey Perez,,SS,1999-08-24,L/R,,UCLA,Pac-12,0,0,75000,0,No,,False,4YR SR,No,Yes,21.86849315068493,,E,K,N
2021,15,460,Padres,Anthony Vilar,,2B,1999-04-01,R/R,,Miami (FL),ACC,0,0,125000,0,No,,False,4YR SO,No,Yes,22.265753424657536,,E,L,N
2021,15,461,Rays,Conor Angel,405,RHP,1999-09-30,L/R,,LA-Lafayette,Sun Belt,0,0,90000,0,No,,False,4YR SR,No,Yes,21.767123287671232,-56,E,K,O
2021,15,462,Dodgers,Madison Jeffrey,,RHP,2000-03-14,L/R,,West Virginia,Big 12,0,0,125000,0,No,,False,4YR JR,No,Yes,21.312328767123287,,E,K,N
2021,16,463,Pirates,Daniel Corona,385,SS,2003-07-22,R/L,Wake Forest,,,0,0,,0,No,,True,HS SR,No,No,17.956164383561642,-78,F,G,O
2021,16,464,Rangers,Ryan Ure,517,LHP,2002-08-29,R/R,Oklahoma State,,,0,0,,0,No,,True,HS SR,No,No,18.852054794520548,53,F,H,R
2021,16,465,Tigers,Jack Anderson,,RHP,1999-11-23,R/R,,Florida State,ACC,0,0,125000,0,No,,False,4YR JR,No,Yes,21.61917808219178,,F,K,N
2021,16,466,Red Sox,B.J. Vela,,2B,1999-10-02,R/R,JUCO,,,0,0,122500,0,No,,False,No,No,Yes,21.76164383561644,,F,K,N
2021,16,467,Orioles,Peter Van Loon,,RHP,1999-02-18,L/L,,UC-Irvine,Big West,0,0,75000,0,No,,False,4YR JR,No,Yes,22.38082191780822,,F,L,N
2021,16,468,Diamondbacks,Jacen Roberson,,OF,2000-05-23,R/R,,Cal State-Bakersfield,Big West,0,0,125000,0,No,,False,4YR JR,No,Yes,21.12054794520548,,F,K,N
2021,16,469,Royals,Anthony Simonelli,,RHP,1998-12-23,L/R,,Virginia Tech,ACC,0,0,75000,0,No,,False,4YR SR,No,Yes,22.53698630136986,,F,L,N
2021,16,470,Rockies,Braiden Ward,516,OF,1999-01-18,R/R,,Washington,Pac-12,0,0,125000,0,No,,False,4YR JR,No,Yes,22.465753424657535,46,F,L,Q
2021,16,471,Angels,Brandon Dufault,,RHP,1998-10-19,R/R,,Northeastern,CAA,0,0,125000,0,No,,False,4YR SR,No,Yes,22.715068493150685,,F,L,N
2021,16,472,Mets,Trey McLoughlin,,RHP,1999-06-11,R/R,,Fairfield,MAAC,0,0,30000,0,No,,False,4YR SR,No,Yes,22.07123287671233,,F,L,N
2021,16,473,Nationals,Jack Sinclair,570,RHP,1999-05-03,R/R,,UCF,AAC,0,0,100000,0,No,,False,4YR SR,No,Yes,22.17808219178082,97,F,L,R
2021,16,474,Mariners,Jimmy Joyce,,RHP,1999-01-13,L/R,,Hofstra,CAA,0,0,25000,0,No,,False,4YR SR,No,Yes,22.47945205479452,,F,L,N
2021,16,475,Phillies,Ty Collins,,RHP,2001-08-29,L/L,JUCO,,,0,0,135000,5000,No,0.038461538461538464,False,No,No,Yes,19.852054794520548,,F,I,N
2021,16,476,Giants,Julian Bosnic,211,LHP,1999-12-28,S/R,,South Carolina,SEC,0,0,,0,No,,False,4YR JR,No,No,21.523287671232875,-265,F,K,O
2021,16,477,Brewers,Kaylan Nicasia,,SS,2002-04-10,R/R,N/A,,,0,0,125000,0,No,,False,No,No,Yes,19.23835616438356,,F,I,N
2021,16,478,Astros,Nic Swanson,,RHP,1999-07-08,R/R,,Northeastern State,DII,0,0,125000,0,No,,False,4YR JR,No,Yes,21.997260273972604,,F,K,N
2021,16,479,Marlins,Ivan Melendez,562,3B,2000-01-24,R/R,,Texas,Big 12,0,0,,0,No,,False,4YR JR,No,No,21.44931506849315,83,F,K,R
2021,16,480,Reds,Owen Holt,,RHP,1999-04-22,R/R,JUCO,,,0,0,80000,0,No,,False,No,No,Yes,22.208219178082192,,F,L,N
2021,16,481,Cardinals,Aaron McKeithan,,C,1999-12-13,R/R,,Charlotte,C-USA,0,0,50000,0,No,,False,4YR JR,No,Yes,21.564383561643837,,F,K,N
2021,16,482,Blue Jays,Micah Bucknam,,RHP,2003-08-26,R/R,Washington,,,0,0,,0,No,,True,HS SR,No,No,17.86027397260274,,F,G,N
2021,16,483,Yankees,Cole Ayers,,RHP,1999-08-17,R/R,TCU,,,0,0,125000,0,No,,False,JC J3,Yes,Yes,21.887671232876713,,F,K,N
2021,16,484,Cubs,Zachary Leigh,,RHP,1997-11-14,L/L,,Texas State,Sun Belt,0,0,50000,0,No,,False,4YR SR,No,Yes,23.643835616438356,,F,M,N
2021,16,485,White Sox,Terrell Tatum,,OF,1999-07-27,R/R,,North Carolina State,ACC,0,0,125000,0,No,,False,4YR JR,No,Yes,21.945205479452056,,F,K,N
2021,16,486,Indians,Zach Pettway,266,RHP,1999-01-29,L/L,,UCLA,Pac-12,0,0,75000,0,No,,False,4YR SR,No,Yes,22.435616438356163,-220,F,L,O
2021,16,487,Braves,Kris Anglin,,LHP,2001-08-09,L/L,Texas Tech,,,0,0,125000,0,No,,False,JC J1,Yes,Yes,19.90684931506849,,F,I,N
2021,16,488,Athletics,Colton Johnson,567,LHP,1998-07-28,R/R,,Illinois State,MVC,0,0,10000,0,No,,False,4YR SR,No,Yes,22.942465753424656,79,F,L,R
2021,16,489,Twins,Johnathan Lavallee,,RHP,1999-08-11,L/R,,Long Beach State,Big West,0,0,75000,0,No,,False,4YR SR,No,Yes,21.904109589041095,,F,K,N
2021,16,490,Padres,Alek Jacob,,RHP,1998-06-16,R/R,,Gonzaga,WCC,0,0,75000,0,No,,False,4YR SR,No,Yes,23.057534246575344,,F,M,N
2021,16,491,Rays,Ian Leatherman,,RHP,1999-02-26,R/R,,Central Michigan,MAC,0,0,90000,0,No,,False,4YR SO,No,Yes,22.35890410958904,,F,L,N
2021,16,492,Dodgers,Michael Sirota,,SS,2003-06-16,R/R,Northeastern,,,0,0,,0,No,,True,HS SR,No,No,18.054794520547944,,F,H,N
2021,17,493,Pirates,Carlos Lomeli,,RHP,1999-03-19,R/R,,St. Mary's,WCC,0,0,25000,0,No,,False,4YR SR,No,Yes,22.301369863013697,,F,L,N
2021,17,494,Rangers,Michael Alfonso,,SS,2003-01-08,R/R,JUCO,,,0,0,125000,0,No,,False,No,No,Yes,18.49041095890411,,F,H,N
2021,17,495,Tigers,Aaron Haase,,RHP,2000-05-24,R/R,,Wichita State,AAC,0,0,125000,0,No,,False,4YR JR,No,Yes,21.117808219178084,,F,K,N
2021,17,496,Red Sox,Luis Guerrero,,RHP,2000-08-05,R/R,JUCO,,,0,0,125000,0,No,,False,No,No,Yes,20.91780821917808,,F,J,N
2021,17,497,Orioles,Ryan Long,,RHP,1999-10-19,R/R,,Pomona-Pitzer College,DIII,0,0,125000,0,No,,False,4YR JR,No,Yes,21.715068493150685,,F,K,N
2021,17,498,Diamondbacks,Drake Varnado,117,SS,2002-11-29,R/R,Arkansas,,,0,0,,0,No,,True,HS SR,No,No,18.6,-381,F,H,O
2021,17,499,Royals,Luca Tresh,80,C,2000-01-11,R/R,,North Carolina State,ACC,0,0,423000,293000,No,2.253846153846154,False,4YR JR,No,Yes,21.484931506849314,-419,F,K,O
2021,17,500,Rockies,Jarrod Cande,,OF,1999-08-16,R/R,,Florida Southern,DII,0,0,125000,0,No,,False,4YR JR,No,Yes,21.89041095890411,,F,K,N
2021,17,501,Angels,Mason Erla,233,RHP,1997-08-19,L/L,,Michigan State,Big Ten,0,0,125000,0,No,,False,4YR SR,No,Yes,23.882191780821916,-268,F,M,O
2021,17,502,Mets,Nick Zwack,,LHP,1998-08-01,R/R,,Xavier,Big East,0,0,50000,0,No,,False,4YR SR,No,Yes,22.931506849315067,,F,L,N
2021,17,503,Nationals,Brendan Collins,548,RHP,1999-09-10,R/R,,UNC-Greensboro,SoCon,0,0,100000,0,No,,False,4YR JR,No,Yes,21.82191780821918,45,F,K,Q
2021,17,504,Mariners,Jimmy Kingsbury,,RHP,1999-02-13,R/R,,Villanova,Big East,0,0,25000,0,No,,False,4YR SR,No,Yes,22.394520547945206,,F,L,N
2021,17,505,Phillies,Alex Garbrick,,RHP,1998-06-04,R/R,,USC-Upstate,Big South,0,0,30000,0,No,,False,4YR 5S,No,Yes,23.09041095890411,,F,M,N
2021,17,506,Giants,Brett Standlee,,RHP,1998-09-14,R/R,,Oklahoma State,Big 12,0,0,75000,0,No,,False,4YR JR,No,Yes,22.81095890410959,,F,L,N
2021,17,507,Brewers,Will Rogers,315,C,2003-02-19,R/R,Arizona State,,,0,0,,0,No,,True,HS SR,No,No,18.375342465753423,-192,F,H,O
2021,17,508,Astros,Justin Williams,495,3B,2000-06-26,L/L,,Penn State,Big Ten,0,0,125000,0,No,,False,4YR JR,No,Yes,21.027397260273972,-13,F,K,P
2021,17,509,Marlins,Justin Fall,340,LHP,1999-06-11,R/R,,Arizona State,Pac-12,0,0,125000,0,No,,False,4YR SR,No,Yes,22.07123287671233,-169,F,L,O
2021,17,510,Reds,Dennis Boatman,,RHP,1999-11-20,R/R,JUCO,,,0,0,100000,0,No,,False,No,No,Yes,21.627397260273973,,F,K,N
2021,17,511,Cardinals,Elijah Cabell,196,OF,1999-06-30,L/L,,Florida State,ACC,0,0,125000,0,No,,False,4YR JR,No,Yes,22.019178082191782,-315,F,L,O
2021,17,512,Blue Jays,Cooper Benson,486,LHP,2000-08-03,L/L,,Arizona State,Pac-12,0,0,125000,0,No,,False,4YR SO,No,Yes,20.923287671232877,-26,F,J,P
2021,17,513,Yankees,Grant Richardson,339,OF,1999-07-13,R/R,,Indiana,Big Ten,0,0,125000,0,No,,False,4YR SO,No,Yes,21.983561643835618,-174,F,K,O
2021,17,514,Cubs,Christian Olivo,,SS,2003-10-29,R/R,JUCO,,,0,0,75000,0,No,,False,No,No,Yes,17.684931506849313,,F,G,N
2021,17,515,White Sox,Jayson Gonzalez,,3B,1999-04-26,L/R,,Vanderbilt,SEC,0,0,125000,0,No,,False,4YR SR,No,Yes,22.197260273972603,,F,L,N
2021,17,516,Indians,Tyler Thornton,203,RHP,2000-07-08,L/R,,Arizona State,Pac-12,0,0,50000,0,No,,False,4YR JR,No,Yes,20.994520547945207,-313,F,J,O
2021,17,517,Braves,Tyler Tolve,,C,2000-07-16,R/R,,Kennesaw State,ASUN,0,0,125000,0,No,,False,4YR SO,No,Yes,20.972602739726028,,F,J,N
2021,17,518,Athletics,Kyle Virbitsky,,RHP,1998-10-08,R/R,,Penn State,Big Ten,0,0,50000,0,No,,False,4YR SR,No,Yes,22.745205479452054,,F,L,N
2021,17,519,Twins,Dylan Neuse,313,2B,1998-12-22,R/R,,Texas Tech,Big 12,0,0,100000,0,No,,False,4YR SR,No,Yes,22.53972602739726,-206,F,L,O
2021,17,520,Padres,Luke Boyd,,RHP,1997-11-21,L/R,,Baylor,Big 12,0,0,25000,0,No,,False,4YR 5S,No,Yes,23.624657534246577,,F,M,N
2021,17,521,Rays,Conor Dryer,,RHP,1998-08-18,L/L,,Central Missouri,DII,0,0,30000,0,No,,False,4YR SR,No,Yes,22.884931506849316,,F,L,N
2021,17,522,Dodgers,Adam Tulloch,,LHP,2000-07-01,R/R,,West Virginia,Big 12,0,0,,0,No,,False,4YR JR,No,No,21.013698630136986,,F,K,N
2021,18,523,Pirates,A.J. Graham,,SS,2002-10-02,R/R,N/A,,,0,0,125000,0,No,,False,No,No,Yes,18.75890410958904,,F,H,N
2021,18,524,Rangers,Kyle Larsen,468,RHP,2003-06-14,R/R,Florida,,,0,0,575000,445000,No,3.423076923076923,True,HS SR,No,Yes,18.06027397260274,-56,F,H,O
2021,18,525,Tigers,Ben Malgeri,,OF,2000-01-12,R/R,,Northeastern,CAA,0,0,125000,0,No,,False,4YR JR,No,Yes,21.482191780821918,,F,K,N
2021,18,526,Red Sox,Phillip Sikes,,OF,1999-04-27,R/R,,TCU,Big 12,0,0,97500,0,No,,False,4YR SR,No,Yes,22.194520547945206,,F,L,N
2021,18,527,Orioles,Conor Grady,,RHP,1998-10-31,L/R,,Florida State,ACC,0,0,50000,0,No,,False,4YR SR,No,Yes,22.682191780821917,,F,L,N
2021,18,528,Diamondbacks,Joey Spence,448,C,2002-10-16,R/R,Notre Dame,,,0,0,,0,No,,True,HS SR,No,No,18.720547945205478,-80,F,H,O
2021,18,529,Royals,Harrison Beethe,,RHP,1998-04-03,R/R,,TCU,Big 12,0,0,125000,0,No,,False,4YR 5S,No,Yes,23.26027397260274,,F,M,N
2021,18,530,Rockies,Bryce McGowan,156,RHP,2000-03-20,L/L,,Charlotte,C-USA,0,0,300000,170000,No,1.3076923076923077,False,4YR JR,No,Yes,21.295890410958904,-374,F,K,O
2021,18,531,Angels,Nick Mondak,,LHP,1998-06-02,R/R,,St. John's,Big East,0,0,50000,0,No,,False,4YR 5S,No,Yes,23.095890410958905,,F,M,N
2021,18,532,Mets,Kolby Kubichek,321,RHP,1999-11-28,L/R,,Texas,Big 12,0,0,125000,0,No,,False,4YR JR,No,Yes,21.605479452054794,-211,F,K,O
2021,18,533,Nationals,Steven Williams,,OF,1999-02-18,R/R,,Auburn,SEC,0,0,100000,0,No,,False,4YR SR,No,Yes,22.38082191780822,,F,L,N
2021,18,534,Mariners,Riley Davis,,RHP,1998-11-10,R/R,,UAB,C-USA,0,0,75000,0,No,,False,4YR SR,No,Yes,22.654794520547945,,F,L,N
2021,18,535,Phillies,Malik Binns,,RHP,1999-01-05,L/R,,Benedictine Univ.-Mesa,NAIA,0,0,125000,0,No,,False,4YR SR,No,Yes,22.5013698630137,,F,L,N
2021,18,536,Giants,Hunter Dula,,RHP,1999-03-08,R/R,,Wingate Univ.,DII,0,0,125000,0,No,,False,4YR SR,No,Yes,22.33150684931507,,F,L,N
2021,18,537,Brewers,Ryne Moore,,RHP,1998-11-27,L/R,,Old Dominion,Sun Belt,0,0,60000,0,No,,False,4YR SR,No,Yes,22.60821917808219,,F,L,N
2021,18,538,Astros,Will Wagner,,2B,1998-07-29,R/R,,Liberty,ASUN,0,0,50000,0,No,,False,4YR SR,No,Yes,22.93972602739726,,F,L,N
2021,18,539,Marlins,Bennett Hostetler,,SS,1997-09-23,L/R,,North Dakota State,Summit,0,0,60000,0,No,,False,4YR 5S,No,Yes,23.786301369863015,,F,M,N
2021,18,540,Reds,Austin Callahan,,3B,2001-06-06,R/R,Omaha,,,0,0,125000,0,No,,False,JC J2,Yes,Yes,20.08219178082192,,F,J,N
2021,18,541,Cardinals,Andrew Marrero,,RHP,2000-05-08,L/L,,UConn,Big East,0,0,100000,0,No,,False,4YR SO,No,Yes,21.161643835616438,,F,K,N
2021,18,542,Blue Jays,Jimmy Burnette,,LHP,1998-10-19,R/R,,Saint Leo Univ.,DII,0,0,50000,0,No,,False,4YR SR,No,Yes,22.715068493150685,,F,L,N
2021,18,543,Yankees,Bailey Dees,,RHP,1999-02-05,R/R,,Penn State,Big Ten,0,0,50000,0,No,,False,4YR SR,No,Yes,22.416438356164385,,F,L,N
2021,18,544,Cubs,Dominic Hambley,,RHP,2003-04-24,R/R,Oregon State,,,0,0,200000,70000,No,0.5384615384615384,True,HS SR,No,Yes,18.2,,F,H,N
2021,18,545,White Sox,Adam Hackenberg,,C,1999-09-08,R/R,,Clemson,ACC,0,0,125000,0,No,,False,4YR JR,No,Yes,21.827397260273973,,F,K,N
2021,18,546,Indians,Tommy Ventimiglia,,RHP,2003-10-01,R/R,Stony Brook,,,0,0,150000,20000,No,0.15384615384615385,True,HS SR,No,Yes,17.76164383561644,,F,G,N
2021,18,547,Braves,Austin Smith,584,RHP,1999-06-22,L/R,,Arizona,Pac-12,0,0,80000,0,No,,False,4YR SR,No,Yes,22.041095890410958,37,F,L,Q
2021,18,548,Athletics,Mariano Ricciardi,,2B,1998-06-29,R/R,,Dayton,Atlantic 10,0,0,10000,0,No,,False,4YR SR,No,Yes,23.02191780821918,,F,M,N
2021,18,549,Twins,Mike Paredes,,RHP,2000-07-27,L/L,,San Diego State,MWC,0,0,75000,0,No,,False,4YR JR,No,Yes,20.942465753424656,,F,J,N
2021,18,550,Padres,Gage Jump,40,LHP,2003-04-12,R/R,UCLA,,,0,0,,0,No,,True,HS SR,No,No,18.232876712328768,-510,F,H,O
2021,18,551,Rays,Kenny Piper,,C,1998-07-12,R/R,,Columbia College,NAIA,0,0,25000,0,No,,False,4YR 5S,No,Yes,22.986301369863014,,F,L,N
2021,18,552,Dodgers,Damon Keith,,OF,2000-05-28,S/R,,California Baptist,WAC,0,0,125000,0,No,,False,4YR JR,No,Yes,21.106849315068494,,F,K,N
2021,19,553,Pirates,Drew Irvine,,RHP,1999-12-17,R/R,,Iowa,Big Ten,0,0,100000,0,No,,False,4YR JR,No,Yes,21.553424657534247,,F,K,N
2021,19,554,Rangers,Will Taylor,36,OF,2003-01-10,R/R,Clemson,,,0,0,,0,No,,True,HS SR,No,No,18.484931506849314,-518,F,H,O
2021,19,555,Tigers,Justice Bigbie,551,3B,1999-01-24,R/R,,Western Carolina,SoCon,0,0,100000,0,No,,False,4YR JR,No,Yes,22.44931506849315,-4,F,L,P
2021,19,556,Red Sox,Tyler Uberstine,,RHP,1999-06-01,R/R,,Northwestern,Big Ten,0,0,97500,0,No,,False,4YR SR,No,Yes,22.0986301369863,,F,L,N
2021,19,557,Orioles,Alex Pham,,RHP,1999-10-10,R/R,,San Francisco,WCC,0,0,25000,0,No,,False,4YR SR,No,Yes,21.73972602739726,,F,K,N
2021,19,558,Diamondbacks,Eric Hammond,87,RHP,2002-11-21,S/R,USC,,,0,0,,0,No,,True,HS SR,No,No,18.621917808219177,-471,F,H,O
2021,19,559,Royals,Cam Williams,,SS,1998-02-07,L/R,,Texas,Big 12,0,0,20000,0,No,,False,4YR SR,No,Yes,23.410958904109588,,F,M,N
2021,19,560,Rockies,Elijah Trest,,RHP,2000-04-22,R/R,,Arkansas,SEC,0,0,,0,No,,False,4YR JR,No,No,21.205479452054796,,F,K,N
2021,19,561,Angels,Nathan Burns,,RHP,1999-06-01,R/R,,Oregon State,Pac-12,0,0,50000,0,No,,False,4YR SR,No,Yes,22.0986301369863,,F,L,N
2021,19,562,Mets,Drake Osborn,,C,1998-07-22,R/R,,LA-Lafayette,Sun Belt,0,0,30000,0,No,,False,4YR 5S,No,Yes,22.958904109589042,,F,L,N
2021,19,563,Nationals,Riggs Threadgill,,RHP,1999-09-14,R/R,Auburn,,,0,0,125000,0,No,,False,JC J3,Yes,Yes,21.81095890410959,,F,K,N
2021,19,564,Mariners,Charlie Welch,,C,2000-02-08,R/R,,Arkansas,SEC,0,0,125000,0,No,,False,4YR SR,No,Yes,21.40821917808219,,F,K,N
2021,19,565,Phillies,Seth Halvorsen,325,RHP,2000-02-18,R/R,,Tennessee,SEC,0,0,,0,No,,False,4YR JR,No,No,21.38082191780822,-240,F,K,O
2021,19,566,Giants,Irvin Murr III,,3B,2003-03-12,L/L,JUCO,,,0,0,125000,0,No,,False,No,No,Yes,18.317808219178083,,F,H,N
2021,19,567,Brewers,Carter Holton,83,LHP,2002-09-04,L/R,Vanderbilt,,,0,0,,0,No,,True,HS SR,No,No,18.835616438356166,-484,F,H,O
2021,19,568,Astros,Hector G. Nieves,,SS,2003-07-08,R/R,JUCO,,,0,0,180000,50000,No,0.38461538461538464,False,No,No,Yes,17.994520547945207,,F,G,N
2021,19,569,Marlins,Noah Williamson,,OF,2000-08-23,R/R,JUCO,,,0,0,75000,0,No,,False,No,No,Yes,20.86849315068493,,F,J,N
2021,19,570,Reds,Ryan Cardona,518,RHP,2000-05-07,L/R,,Marist,MAAC,0,0,110000,0,No,,False,4YR JR,No,Yes,21.164383561643834,-52,F,K,O
2021,19,571,Cardinals,Thomas Francisco,,1B,1999-06-26,R/R,,East Carolina,AAC,0,0,100000,0,No,,False,4YR JR,No,Yes,22.03013698630137,,F,L,N
2021,19,572,Blue Jays,Juan Gonzalez,,C,2001-02-20,R/R,JUCO,,,0,0,100000,0,No,,False,No,No,Yes,20.372602739726027,,F,J,N
2021,19,573,Yankees,Dominic Keegan,257,C,2000-08-01,R/R,,Vanderbilt,SEC,0,0,,0,No,,False,4YR JR,No,No,20.92876712328767,-316,F,J,O
2021,19,574,Cubs,Daniel Avitia,,RHP,2003-05-16,R/R,Grand Canyon,,,0,0,,0,No,,True,HS SR,No,No,18.13972602739726,,F,H,N
2021,19,575,White Sox,Shawn Goosenberg,,SS,1999-12-05,L/R,,Northwestern,Big Ten,0,0,125000,0,No,,False,4YR JR,No,Yes,21.586301369863012,,F,K,N
2021,19,576,Indians,Reid Johnston,,RHP,1999-04-07,R/L,,North Carolina State,ACC,0,0,75000,0,No,,False,4YR JR,No,Yes,22.24931506849315,,F,L,N
2021,19,577,Braves,Samuel Strickland,588,LHP,1999-03-26,R/R,,Samford,SoCon,0,0,100000,0,No,,False,4YR SR,No,Yes,22.28219178082192,11,F,L,Q
2021,19,578,Athletics,Blake Beers,513,RHP,1998-07-15,L/L,,Michigan,Big Ten,0,0,40000,0,No,,False,4YR SR,No,Yes,22.97808219178082,-65,F,L,O
2021,19,579,Twins,Jaylen Nowlin,,LHP,2001-01-29,L/R,UAB,,,0,0,160000,30000,No,0.23076923076923078,False,JC J2,Yes,Yes,20.432876712328767,,F,J,N
2021,19,580,Padres,Gabriel Rincones,,OF,2001-03-03,R/R,JUCO,,,0,0,,0,No,,False,No,No,No,20.34246575342466,,F,J,N
2021,19,581,Rays,Sean Hunley,,RHP,1999-07-05,R/R,,Tennessee,SEC,0,0,25000,0,No,,False,4YR SR,No,Yes,22.005479452054793,,F,L,N
2021,19,582,Dodgers,Gabe Emmett,,RHP,2001-05-22,R/R,JUCO,,,0,0,125000,0,No,,False,No,No,Yes,20.123287671232877,,F,J,N
2021,20,583,Pirates,Brenden Dixon,,2B,2000-11-20,S/R,Arkansas,,,0,0,125000,0,No,,False,JC J2,Yes,Yes,20.624657534246577,,F,J,N
2021,20,584,Rangers,Joseph Montalvo,,RHP,2002-05-04,R/R,JUCO,,,0,0,125000,0,No,,False,No,No,Yes,19.172602739726027,,F,I,N
2021,20,585,Tigers,J.D. McLaughlin,,OF,2000-12-28,R/R,JUCO,,,0,0,125000,0,No,,False,No,No,Yes,20.52054794520548,,F,J,N
2021,20,586,Red Sox,Josh Hood,293,SS,2000-07-21,R/R,,Penn,Ivy,0,0,,0,No,,False,4YR JR,No,No,20.958904109589042,-293,F,J,O
2021,20,587,Orioles,Trendon Craig,,OF,2000-07-11,R/R,North Carolina State,,,0,0,250000,120000,No,0.9230769230769231,False,JC J2,Yes,Yes,20.986301369863014,,F,J,N
2021,20,588,Diamondbacks,John Carver,,RHP,1999-08-27,L/L,,Dallas Baptist,MVC,0,0,50000,0,No,,False,4YR JR,No,Yes,21.86027397260274,,F,K,N
2021,20,589,Royals,Jack Aldrich,,LHP,1999-06-12,R/R,,Tulane,AAC,0,0,125000,0,No,,False,4YR SR,No,Yes,22.068493150684933,,F,L,N
2021,20,590,Rockies,Tyler Ahearn,,RHP,1998-08-25,R/R,,Florida State,ACC,0,0,75000,0,No,,False,4YR SR,No,Yes,22.865753424657534,,F,L,N
2021,20,591,Angels,Marcelo Perez,,RHP,1999-11-16,R/R,,TCU,Big 12,0,0,,0,No,,False,4YR JR,No,No,21.638356164383563,,F,K,N
2021,20,592,Mets,Justin Guerrera,,SS,2000-01-11,S/R,,Fairfield,MAAC,0,0,75000,0,No,,False,4YR JR,No,Yes,21.484931506849314,,F,K,N
2021,20,593,Nationals,Elie Kligman,,C,2003-01-20,R/R,Wake Forest,,,0,0,,0,No,,False,No,No,No,18.457534246575342,,F,H,N
2021,20,594,Mariners,Troy Taylor,,RHP,2001-09-09,R/R,UC-Irvine,,,0,0,,0,No,,False,JC J1,Yes,No,19.82191780821918,,F,I,N
2021,20,595,Phillies,Cam Wynne,,RHP,1999-01-11,R/R,,Nebraska,Big Ten,0,0,50000,0,No,,False,4YR SR,No,Yes,22.484931506849314,,F,L,N
2021,20,596,Giants,Vance Honeycutt,,SS,2003-05-17,R/R,North Carolina,,,0,0,,0,No,,True,HS SR,No,No,18.136986301369863,,F,H,N
2021,20,597,Brewers,Samuel Mendez,,RHP,1993-02-26,R/R,JUCO,,,0,0,,0,No,,False,No,No,No,28.361643835616437,,F,M,N
2021,20,598,Astros,Jackson Linn,329,OF,2003-05-24,R/R,Tulane,,,0,0,,0,No,,True,HS SR,No,No,18.117808219178084,-269,F,H,O
2021,20,599,Marlins,Zach Zubia,,1B,1997-11-04,R/R,,Texas,Big 12,0,0,25000,0,No,,False,4YR 5S,No,Yes,23.671232876712327,,F,M,N
2021,20,600,Reds,Javi Rivera,,RHP,1999-11-27,R/R,,Florida Atlantic,C-USA,0,0,125000,0,No,,False,4YR JR,No,Yes,21.60821917808219,,F,K,N
2021,20,601,Cardinals,Xavier Casserilla,,3B,2003-05-16,R/R,Wichita State,,,0,0,,0,No,,True,HS SR,No,No,18.13972602739726,,F,H,N
2021,20,602,Blue Jays,Luke Holman,458,RHP,2003-01-06,R/R,Alabama,,,0,0,,0,No,,True,HS SR,No,No,18.495890410958904,-144,F,H,O
2021,20,603,Yankees,Sean Hard,124,RHP,2002-09-20,L/L,Boston College,,,0,0,,0,No,,True,HS SR,No,No,18.791780821917808,-479,F,H,O
2021,20,604,Cubs,Wilson Cunningham,,LHP,2003-05-19,L/L,Univ. of Chicago,,,0,0,10000,0,No,,False,No,No,Yes,18.13150684931507,,F,H,N
2021,20,605,White Sox,Haylen Green,,LHP,1997-08-12,R/R,,TCU,Big 12,0,0,20000,0,No,,False,4YR 5S,No,Yes,23.9013698630137,,F,M,N
2021,20,606,Indians,Jake Miller,,RHP,2000-07-14,R/R,,Univ. of San Diego,WCC,0,0,300000,170000,No,1.3076923076923077,False,4YR JR,No,Yes,20.97808219178082,,F,J,N
2021,20,607,Braves,Ty Evans,128,OF,2003-03-25,R/R,Florida,,,0,0,,0,No,,True,HS SR,No,No,18.28219178082192,-479,F,H,O
2021,20,608,Athletics,Hunter Breault,,RHP,1999-06-12,R/R,,Oregon,Pac-12,0,0,35000,0,No,,False,4YR SR,No,Yes,22.068493150684933,,F,L,N
2021,20,609,Twins,Dillon Tatum,,C,2000-05-24,R/R,,UC-Irvine,Big West,0,0,25000,0,No,,False,4YR JR,No,Yes,21.117808219178084,,F,K,N
2021,20,610,Padres,Chase Burns,81,RHP,2003-01-16,R/R,Tennessee,,,0,0,,0,No,,True,HS SR,No,No,18.46849315068493,-529,F,H,O
2021,20,611,Rays,Kamron Fields,,RHP,1998-09-24,R/R,,Texas Southern,SWAC,0,0,25000,0,No,,False,4YR SR,No,Yes,22.783561643835615,,F,L,N
2021,20,612,Dodgers,Charlie Connolly,,RHP,1999-03-19,,,Navy,Patriot,0,0,,0,No,,False,4YR SR,No,No,22.301369863013697,,F,L,N
2023,1,1,Pittsburgh Pirates,Paul Skenes,2,P,2002-05-29,R-R,,LSU,SEC,9721000,,9200000,9200000,Yes,-0.05359530912457566,False,4YR JR,No,Yes,21.126027397260273,1,S,K,Q
2023,1,2,Washington Nationals,Dylan Crews,1,OF,2002-02-26,R-R,,LSU,SEC,8998500,,9000000,9000000,Yes,0.0001666944490748458,False,4YR JR,No,Yes,21.378082191780823,-1,S,K,P
2023,1,3,Detroit Tigers,Max Clark,5,OF,2004-12-21,L-L,Vanderbilt,Franklin Community HS,,8341700,,7700000,7700000,Yes,-0.07692676552741048,True,HS SR,No,Yes,18.55890410958904,2,S,H,Q
2023,1,4,Texas Rangers,Wyatt Langford,3,OF,2001-11-15,R-R,,Florida,SEC,7698000,,8000000,8000000,Yes,0.03923096908287867,False,4YR JR,No,Yes,21.660273972602738,-1,S,K,P
2023,1,5,Minnesota Twins,Walker Jenkins,4,OF,2005-02-19,L-R,North Carolina,South Brunswick HS,,7139700,,7140000,7140000,Yes,4.201857220891634e-05,True,HS SR,No,Yes,18.394520547945206,-1,S,H,P
2023,1,6,Oakland Athletics,Jacob Wilson,12,SS,2002-03-30,R-R,,Grand Canyon University,WCC,6634000,,5500000,5500000,Yes,-0.170937594211637,False,4YR JR,No,Yes,21.29041095890411,6,T,K,Q
2023,1,7,Cincinnati Reds,Rhett Lowder,10,P,2002-03-08,R-R,,Wake Forest,ACC,6275200,,5700000,5700000,Yes,-0.09166241713411524,False,4YR JR,No,Yes,21.350684931506848,3,T,K,Q
2023,1,8,Kansas City Royals,Blake Mitchell,14,C,2004-08-03,L-R,LSU,Sinton HS,,5980100,,4900000,4900000,Yes,-0.18061570876741193,True,HS SR,No,Yes,18.942465753424656,6,T,H,Q
2023,1,9,Colorado Rockies,Chase Dollander,6,P,2001-10-26,R-R,,Tennessee,SEC,5716900,,5720000,5720000,Yes,0.0005422519197467159,False,4YR JR,No,Yes,21.715068493150685,-3,T,K,P
2023,1,10,Miami Marlins,Noble Meyer,8,P,2005-01-10,R-R,Oregon,Jesuit HS,,5475300,,4500000,4500000,Yes,-0.17812722590542984,True,HS SR,No,Yes,18.504109589041096,-2,T,H,P
2023,1,11,Los Angeles Angels,Nolan Schanuel,24,1B,2002-02-14,L-R,,Florida Atlantic,C-USA,5253000,,5250000,5250000,Yes,-0.0005711022272986865,False,4YR JR,No,Yes,21.410958904109588,13,U,K,Q
2023,1,12,Arizona Diamondbacks,Tommy Troy,13,SS,2002-01-17,R-R,,Stanford,Pac-12,5043800,,4400000,4400000,Yes,-0.12764185732979103,False,4YR JR,No,Yes,21.487671232876714,1,U,K,Q
2023,1,13,Chicago Cubs,Matt Shaw,16,SS,2001-11-06,R-R,,Maryland,Big Ten,4848500,,4850000,4850000,Yes,0.00030937403320614623,False,4YR JR,No,Yes,21.684931506849313,3,U,K,Q
2023,1,14,Boston Red Sox,Kyle Teel,7,C,2002-02-15,L-R,,Virginia,ACC,4663100,,4000000,4000000,Yes,-0.14220153974823616,False,4YR JR,No,Yes,21.40821917808219,-7,U,K,P
2023,1,15,Chicago White Sox,Jacob Gonzalez,9,SS,2002-05-30,L-R,,Ole Miss,SEC,4488600,,3900000,3900000,Yes,-0.13113220157732924,False,4YR JR,No,Yes,21.123287671232877,-6,U,K,P
2023,1,16,San Francisco Giants,Bryce Eldridge,21,P,2004-10-20,L-R,Alabama,James Madison HS,,4326600,,4000000,4000000,Yes,-0.07548652521610502,True,HS SR,No,Yes,18.72876712328767,5,V,H,Q
2023,1,17,Baltimore Orioles,Enrique Bradfield,15,OF,2001-12-02,L-L,,Vanderbilt,SEC,4169700,,4170000,4170000,Yes,7.194762213108857e-05,False,4YR JR,No,Yes,21.613698630136987,-2,V,K,P
2023,1,18,Milwaukee Brewers,Brock Wilken,27,3B,2002-06-17,R-R,,Wake Forest,ACC,4021400,,3150000,3150000,Yes,-0.21669070472969612,False,4YR JR,No,Yes,21.073972602739726,9,V,K,Q
2023,1,19,Tampa Bay Rays,Brayden Taylor,17,3B,2002-05-22,L-R,,TCU,Big 12,3880100,,3880000,3880000,Yes,-2.5772531635782584e-05,False,4YR JR,No,Yes,21.145205479452056,-2,V,K,P
2023,1,20,Toronto Blue Jays,Arjun Nimmala,11,SS,2005-10-16,R-R,Florida State,Strawberry Crest HS,,3746000,,3000000,3000000,Yes,-0.19914575547250402,True,HS SR,No,Yes,17.73972602739726,-9,V,G,P
2023,1,21,St. Louis Cardinals,Chase Davis,22,OF,2001-12-05,L-L,,Arizona,Pac-12,3618200,,3620000,3620000,Yes,0.0004974849372616218,False,4YR JR,No,Yes,21.605479452054794,1,A,K,Q
2023,1,22,Seattle Mariners,Colt Emerson,29,SS,2005-07-20,L-R,Auburn,John Glenn HS,,3496600,,3800000,3800000,Yes,0.08677000514785792,True,HS SR,No,Yes,17.980821917808218,7,A,G,Q
2023,1,23,Cleveland Guardians,Ralphy Velazquez,35,C,2005-05-28,L-R,Arizona State,Huntington Beach HS,,3380900,,2500000,2500000,Yes,-0.26055192404389366,True,HS SR,No,Yes,18.126027397260273,12,A,H,Q
2023,1,24,Atlanta Braves,Hurston Waldrep,18,P,2002-03-01,R-R,,Florida,SEC,3270500,,3000000,3000000,Yes,-0.08270906589206543,False,4YR JR,No,Yes,21.36986301369863,-6,A,K,P
2023,1,25,San Diego Padres,Dillon Head,32,OF,2004-10-11,L-L,Clemson,Homewood Flossmoor HS,,3165400,,2800000,2800000,Yes,-0.11543564794338788,True,HS SR,No,Yes,18.753424657534246,7,A,H,Q
2023,1,26,New York Yankees,George Lombard,31,SS,2005-06-02,R-R,Vanderbilt,Gulliver Prep School,,3065000,,3300000,3300000,Yes,0.0766721044045677,True,HS SR,No,Yes,18.112328767123287,5,A,H,Q
2023,1,27,Philadelphia Phillies,Aidan Miller,19,3B,2004-06-09,R-R,Arkansas,J.W. Mitchell HS,,2968800,,3100000,3100000,Yes,0.04419293990838049,True,HS SR,No,Yes,19.09315068493151,-8,A,I,P
2023,1,28,Houston Astros,Brice Matthews,40,SS,2002-03-16,R-R,,Nebraska,Big Ten,2880700,,2480000,2480000,Yes,-0.1390981358697539,False,4YR JR,No,Yes,21.328767123287673,12,A,K,Q
2023,1,29,Seattle Mariners,Jonny Farmelo,44,OF,2004-09-09,L-R,Virginia,Westfield HS,,2800700,,3200000,3200000,Yes,0.14257149998214733,True,HS SR,No,Yes,18.84109589041096,15,A,H,Q
2023,1,30,Seattle Mariners,Tai Peete,81,SS,2005-08-11,L-R,Georgia Tech,Trinity Christian School,,2732500,,2500000,2500000,Yes,-0.08508691674290943,True,HS SR,No,Yes,17.92054794520548,51,A,G,R
2023,1,31,Tampa Bay Rays,Adrian Santana,34,SS,2005-07-18,S-R,Miami,Doral Academy,,2670600,,2000000,2000000,Yes,-0.25110462068449035,True,HS SR,No,Yes,17.986301369863014,3,A,G,Q
2023,1,32,New York Mets,Colin Houck,20,SS,2004-09-30,R-R,Mississippi State,Parkview HS,,2607500,,2750000,2750000,Yes,0.05465004793863854,True,HS SR,No,Yes,18.783561643835615,-12,A,H,P
2023,1,33,Milwaukee Brewers,Josh Knoth,63,P,2005-08-10,R-R,Ole Miss,Patchogue Medford HS,,2543800,,2000000,2000000,Yes,-0.21377466781979715,True,HS SR,No,Yes,17.923287671232877,30,A,G,Q
2023,1,34,Minnesota Twins,Charlee Soto,30,P,2005-08-31,S-R,UCF,Reborn Christian Academy,,2481400,,2480000,2480000,Yes,-0.0005641976303699524,True,HS SR,No,Yes,17.865753424657534,-4,A,G,P
2023,1,35,Miami Marlins,Thomas White,23,P,2004-09-29,L-L,Vanderbilt,Phillips Academy,,2420900,,4100000,4100000,Yes,0.6935850303606097,True,HS SR,No,Yes,18.786301369863015,-12,A,H,P
2023,1,36,Los Angeles Dodgers,Kendall George,64,OF,2004-10-29,L-L,Arkansas,Atascocita HS,,2362700,,1850000,1850000,Yes,-0.216997502856901,True,HS SR,No,Yes,18.704109589041096,28,A,H,Q
2023,1,37,Detroit Tigers,Kevin McGonigle,25,SS,2004-08-18,L-R,Auburn,Monsignor Bonner HS,,2309500,,2850000,2850000,Yes,0.23403334054990257,True,HS SR,No,Yes,18.9013698630137,-12,A,H,P
2023,1,38,Cincinnati Reds,Ty Floyd,72,P,2001-08-28,R-R,,LSU,SEC,2255100,,2100000,2100000,Yes,-0.06877743780763602,False,4YR JR,No,Yes,21.876712328767123,34,A,K,Q
2023,1,39,Oakland Athletics,Myles Naylor,68,3B,2005-04-15,R-R,Texas Tech,St Joan of Arc Catholic SS,,2202500,,2200000,2200000,Yes,-0.0011350737797956867,True,HS SR,No,Yes,18.243835616438357,29,A,H,Q
2023,2,40,Washington Nationals,Yohandy Morales,28,3B,2001-10-09,R-R,,Miami,ACC,2144700,,2600000,2600000,Yes,0.21229076327691518,False,4YR JR,No,Yes,21.76164383561644,-12,B,K,P
2023,2,41,Oakland Athletics,Ryan Lasko,69,OF,2002-06-24,R-R,,Rutgers,Big Ten,2094900,,1700000,1700000,Yes,-0.18850541791970976,False,4YR JR,No,Yes,21.054794520547944,28,B,K,Q
2023,2,42,Pittsburgh Pirates,Mitch Jebb,50,SS,2002-05-13,L-R,,Michigan State,Big Ten,2045900,,1650000,1650000,Yes,-0.19350896915782784,False,4YR JR,No,Yes,21.16986301369863,8,B,K,Q
2023,2,43,Cincinnati Reds,Sammy Stafura,47,SS,2004-11-15,R-R,Clemson,Walter Panas HS,,1998200,,2500000,2500000,Yes,0.25112601341207086,True,HS SR,No,Yes,18.65753424657534,4,B,H,Q
2023,2,44,Kansas City Royals,Blake Wolters,39,P,2004-10-25,R-R,Arizona,Mahomet-Seymour HS,,1951600,,2800000,2800000,Yes,0.4347202295552367,True,HS SR,No,Yes,18.715068493150685,-5,B,H,P
2023,2,45,Detroit Tigers,Max Anderson,57,2B,2002-02-28,R-R,,Nebraska,Big Ten,1906200,,1430000,1430000,Yes,-0.24981638862658692,False,4YR JR,No,Yes,21.372602739726027,12,B,K,Q
2023,2,46,Colorado Rockies,Sean Sullivan,75,P,2002-07-22,R-L,,Wake Forest,ACC,1868400,,1700000,1700000,Yes,-0.09013059302076643,False,4YR SO,No,Yes,20.97808219178082,29,B,J,Q
2023,2,47,Miami Marlins,Kemp Alderman,80,OF,2002-08-20,R-R,,Ole Miss,SEC,1825300,,1400000,1400000,Yes,-0.2330027940612502,False,4YR JR,No,Yes,20.898630136986302,33,B,J,Q
2023,2,48,Arizona Diamondbacks,Gino Groover,45,3B,2002-04-16,R-R,,NC State,ACC,1783000,,1780000,1780000,Yes,-0.0016825574873808188,False,4YR JR,No,Yes,21.243835616438357,-3,B,K,P
2023,2,49,Minnesota Twins,Luke Keaschall,66,2B,2002-08-15,R-R,,Arizona State,Pac-12,1741500,,1500000,1500000,Yes,-0.13867355727820843,False,4YR JR,No,Yes,20.912328767123288,17,B,J,Q
2023,2,50,Boston Red Sox,Nazzan Zanetello,73,SS,2005-05-25,R-R,Arkansas,Christian Brothers College HS,,1698000,,3000000,3000000,Yes,0.7667844522968198,True,HS SR,No,Yes,18.134246575342466,23,B,H,Q
2023,2,51,Chicago White Sox,Grant Taylor,74,P,2002-05-20,R-R,,LSU,SEC,1659800,,1660000,1660000,Yes,0.00012049644535486203,False,4YR SO,No,Yes,21.15068493150685,23,B,K,Q
2023,2,52,San Francisco Giants,Walker Martin,26,SS,2004-02-20,L-R,Arkansas,Eaton HS,,1620800,,3000000,3000000,Yes,0.8509378084896347,True,HS SR,No,Yes,19.394520547945206,-26,B,I,P
2023,2,53,Baltimore Orioles,Mac Horvath,67,3B,2002-01-28,R-R,,North Carolina,ACC,1582900,,1400000,1400000,Yes,-0.11554741297618296,False,4YR JR,No,Yes,21.457534246575342,14,B,K,Q
2023,2,54,Milwaukee Brewers,Mike Boeve,71,3B,2002-05-05,L-R,,Nebraska-Omaha,Summit,1546100,,1250000,1250000,Yes,-0.19151413233296682,False,4YR JR,No,Yes,21.19178082191781,17,B,K,Q
2023,2,55,Tampa Bay Rays,Colton Ledbetter,37,OF,2001-11-15,L-R,,Mississippi State,SEC,1509800,,1300000,1300000,Yes,-0.13895880249039608,False,4YR JR,No,Yes,21.660273972602738,-18,B,K,P
2023,2,56,New York Mets,Brandon Sproat,52,P,2000-09-17,R-R,,Florida,SEC,1474500,,1470000,1470000,Yes,-0.003051881993896236,False,4YR SR,No,Yes,22.82191780821918,-4,B,L,P
2023,2,57,Seattle Mariners,Ben Williamson,295,3B,2000-11-05,R-R,,William & Mary,CAA,1436500,,600000,600000,Yes,-0.5823181343543334,False,4YR SR,No,Yes,22.687671232876713,238,B,L,R
2023,2,58,Cleveland Guardians,Alexander Clemmey,49,P,2005-07-18,L-L,Vanderbilt,Bishop Hendricken School,,1402600,,2300000,2300000,Yes,0.6398117781263368,True,HS SR,No,Yes,17.986301369863014,-9,B,G,P
2023,2,59,Atlanta Braves,Drue Hackenberg,154,P,2002-04-01,R-R,,Virginia Tech,ACC,1369300,,2000000,2000000,Yes,0.4606003067260644,False,4YR SO,No,Yes,21.284931506849315,95,B,K,R
2023,2,60,Los Angeles Dodgers,Jake Gelof,43,3B,2002-02-25,R-R,,Virginia,ACC,1336900,,1330000,1330000,Yes,-0.005161193806567432,False,4YR JR,No,Yes,21.38082191780822,-17,B,K,P
2023,2,61,Houston Astros,Alonzo Tredwell,58,P,2002-05-08,L-R,,UCLA,Pac-12,1304900,,1500000,1500000,Yes,0.1495133726722354,False,4YR SO,No,Yes,21.183561643835617,-3,B,K,P
2023,2,62,Cleveland Guardians,Andrew Walters,91,P,2000-12-08,R-R,,Miami,ACC,1273700,,955280,955280,Yes,-0.2499960744288294,False,4YR SR,No,Yes,22.5972602739726,29,B,L,Q
2023,2,63,Baltimore Orioles,Jackson Baumeister,76,P,2002-07-10,R-R,,Florida State,ACC,1243300,,1610000,1610000,Yes,0.29494088313359607,False,4YR SO,No,Yes,21.01095890410959,13,B,K,Q
2023,2,64,Arizona Diamondbacks,Caden Grice,128,P,2002-06-15,L-L,,Clemson,ACC,1213200,,1250000,1250000,Yes,0.030333003626772173,False,4YR JR,No,Yes,21.07945205479452,64,B,K,R
2023,2,65,Colorado Rockies,Cole Carrigg,101,SS,2002-05-08,S-R,,San Diego State,MWC,1184100,,1300000,1300000,Yes,0.09788024660079385,False,4YR JR,No,Yes,21.183561643835617,36,B,K,Q
2023,2,66,Kansas City Royals,Carson Roccaforte,162,OF,2002-03-29,L-L,,University of Louisiana at Lafayette,Sun Belt,1158900,,897500,897500,Yes,-0.22555871947536457,False,4YR JR,No,Yes,21.293150684931508,96,B,K,R
2023,2,67,Pittsburgh Pirates,Zander Mueth,106,P,2005-06-22,R-R,Ole Miss,Belleville East HS,,1128200,,1800000,1800000,Yes,0.5954617975536253,True,HS SR,No,Yes,18.057534246575344,39,B,H,Q
2023,2,68,Chicago Cubs,Jaxon Wiggins,142,P,2001-10-03,R-R,,Arkansas,SEC,1101000,,1400000,1400000,Yes,0.27157129881925524,False,4YR JR,No,Yes,21.778082191780822,74,B,K,R
2023,2,69,San Francisco Giants,Joe Whitman,53,P,2001-09-17,L-L,,Kent State,MAC,1074100,,805580,805580,Yes,-0.24999534493994974,False,4YR JR,No,Yes,21.82191780821918,-16,B,K,P
2023,2,70,Atlanta Braves,Cade Kuehler,41,P,2002-05-24,R-R,,Campbell University,Big South,1047500,,1050000,1050000,Yes,0.002386634844868735,False,4YR JR,No,Yes,21.13972602739726,-29,B,K,P
2023,3,71,Washington Nationals,Travis Sykora,38,P,2004-04-28,R-R,Texas,Round Rock HS,,1021300,,2600000,2600000,Yes,1.5457749926564184,True,HS SR,No,Yes,19.208219178082192,-33,B,I,P
2023,3,72,Oakland Athletics,Steven Echavarria,107,P,2005-08-06,R-R,Florida,Millburn HS,,1005700,,3000000,3000000,Yes,1.9829969175698519,True,HS SR,No,Yes,17.934246575342467,35,B,G,Q
2023,3,73,Pittsburgh Pirates,Garret Forrester,134,1B,2001-11-11,R-R,,Oregon State,Pac-12,990300,,772500,772500,Yes,-0.21993335352923357,False,4YR JR,No,Yes,21.671232876712327,61,B,K,R
2023,3,74,Cincinnati Reds,Hunter Hollan,117,P,2002-03-05,L-L,,Arkansas,SEC,975100,,597500,597500,Yes,-0.3872423341195775,False,4YR JR,No,Yes,21.35890410958904,43,B,K,Q
2023,3,75,Kansas City Royals,Hiro Wyatt,159,P,2004-08-25,R-R,Southern California,Staples HS,,960000,,1500000,1500000,Yes,0.5625,True,HS SR,No,Yes,18.882191780821916,84,B,H,R
2023,3,76,Detroit Tigers,Paul Wilson,59,P,2004-12-11,R-L,Oregon State,Lakeridge HS,,945100,,1700000,1700000,Yes,0.7987514548725002,True,HS SR,No,Yes,18.586301369863012,-17,B,H,P
2023,3,77,Colorado Rockies,Jack Mahoney,118,P,2001-08-13,R-R,,South Carolina,SEC,930600,,925000,925000,Yes,-0.006017623038899635,False,4YR JR,No,Yes,21.91780821917808,41,B,K,Q
2023,3,78,Miami Marlins,Brock Vradenburg,145,1B,2002-03-20,L-R,,Michigan State,Big Ten,916000,,916000,916000,Yes,0,False,4YR JR,No,Yes,21.317808219178083,67,B,K,R
2023,3,79,Los Angeles Angels,Alberto Rios,185,C,2002-03-19,R-R,,Stanford,Pac-12,901500,,847500,847500,Yes,-0.059900166389351084,False,4YR JR,No,Yes,21.32054794520548,106,B,K,R
2023,3,80,Arizona Diamondbacks,Jack Hurley,33,OF,2002-03-13,L-R,,Virginia Tech,ACC,887000,,887000,887000,Yes,0,False,4YR JR,No,Yes,21.336986301369862,-47,B,K,P
2023,3,81,Chicago Cubs,Josh Rivera,108,SS,2000-10-10,R-R,,Florida,SEC,872400,,725000,725000,Yes,-0.16895919303071985,False,4YR SR,No,Yes,22.75890410958904,27,B,L,Q
2023,3,82,Minnesota Twins,Brandon Winokur,126,3B,2004-12-16,R-R,UCLA,Edison HS,,859700,,1500000,1500000,Yes,0.7447946958241247,True,HS SR,No,Yes,18.572602739726026,44,B,H,Q
2023,3,83,Boston Red Sox,Antonio Anderson,61,SS,2005-06-28,S-R,Georgia Tech,North Atlanta HS,,846800,,1500000,1500000,Yes,0.7713745866792631,True,HS SR,No,Yes,18.041095890410958,-22,B,H,P
2023,3,84,Chicago White Sox,Seth Keener,95,P,2001-10-04,R-R,,Wake Forest,ACC,833900,,800000,800000,Yes,-0.0406523563976496,False,4YR JR,No,Yes,21.775342465753425,11,B,K,Q
2023,3,85,San Francisco Giants,Cole Foster,104,SS,2001-10-08,S-R,,Auburn,SEC,820900,,747500,747500,Yes,-0.08941405774150323,False,4YR JR,No,Yes,21.764383561643836,19,B,K,Q
2023,3,86,Baltimore Orioles,Kiefer Lord,87,P,2002-06-22,R-R,,Washington,Pac-12,808200,,760000,760000,Yes,-0.05963870329126454,False,4YR JR,No,Yes,21.06027397260274,1,B,K,Q
2023,3,87,Milwaukee Brewers,Eric Bitonti,54,SS,2005-11-17,L-R,Oregon,Aquinas HS,,796200,,1750000,1750000,Yes,1.197940216026124,True,HS SR,No,Yes,17.65205479452055,-33,B,G,P
2023,3,88,Tampa Bay Rays,Tre' Morgan,86,1B,2002-07-16,L-L,,LSU,SEC,783800,,781300,781300,Yes,-0.003189589180913498,False,4YR JR,No,Yes,20.994520547945207,-2,B,J,P
2023,3,89,Toronto Blue Jays,Juaron Watts-Brown,48,P,2002-02-23,R-R,,Oklahoma State,Big 12,771500,,1000000,1000000,Yes,0.2961762799740765,False,4YR JR,No,Yes,21.386301369863013,-41,B,K,P
2023,3,90,St. Louis Cardinals,Travis Honeyman,56,OF,2001-10-02,R-R,,Boston College,ACC,759600,,700000,700000,Yes,-0.0784623486045287,False,4YR JR,No,Yes,21.78082191780822,-34,B,K,P
2023,3,91,New York Mets,Nolan McLean,167,P,2001-07-24,R-R,,Oklahoma State,Big 12,747600,,747600,747600,Yes,0,False,4YR JR,No,Yes,21.972602739726028,76,B,K,R
2023,3,92,Seattle Mariners,Teddy McGraw,110,P,2001-10-30,R-R,,Wake Forest,ACC,736400,,600000,600000,Yes,-0.18522542096686584,False,4YR JR,No,Yes,21.704109589041096,18,B,K,Q
2023,3,93,Cleveland Guardians,CJ Kayfus,116,1B,2001-10-28,L-L,,Miami,ACC,725300,,700000,700000,Yes,-0.03488211774438164,False,4YR JR,No,Yes,21.70958904109589,23,B,K,Q
2023,3,94,Atlanta Braves,Sabin Ceballos,140,SS,2002-08-17,R-R,,Oregon,Pac-12,714100,,597500,597500,Yes,-0.16328245343789385,False,4YR SO,No,Yes,20.90684931506849,46,B,J,Q
2023,3,95,Los Angeles Dodgers,Brady Smith,353,P,2005-01-27,R-R,Virginia Tech,Grainger HS,,705500,,703000,703000,Yes,-0.003543586109142452,True,HS SR,No,Yes,18.457534246575342,258,B,H,R
2023,3,96,San Diego Padres,Jandaniel Gonzalez,279,C,2005-10-03,L-R,Indiana State,Anita Otero Hernandez HS,,698600,,550000,550000,Yes,-0.21271113655883195,True,HS SR,No,Yes,17.775342465753425,183,B,G,R
2023,3,97,New York Yankees,Kyle Carr,188,P,2002-05-06,L-L,TCU,Palomar College,,692000,,692000,692000,Yes,0,False,JC J1,Yes,Yes,21.18904109589041,91,B,K,R
2023,3,98,Philadelphia Phillies,Devin Saltiban,240,OF,2005-02-14,R-R,Hawaii,Hilo HS,,685100,,602500,602500,Yes,-0.12056634068019267,True,HS SR,No,Yes,18.40821917808219,142,B,H,R
2023,3,99,Houston Astros,Jake Bloss,160,P,2001-06-23,R-R,,Georgetown,Big East,678500,,497500,497500,Yes,-0.26676492262343404,False,--,No,Yes,22.057534246575344,61,B,L,R
2023,3,100,Baltimore Orioles,Tavian Josenberger,137,OF,2001-10-23,S-R,,Arkansas,SEC,671800,,603000,603000,Yes,-0.10241143197380173,False,4YR JR,No,Yes,21.723287671232878,37,B,K,Q
2023,3,101,New York Mets,Kade Morris,115,P,2002-06-21,R-R,,Nevada,MWC,666500,,666500,666500,Yes,0,False,4YR JR,No,Yes,21.063013698630137,14,B,K,Q
2023,4,102,Washington Nationals,Andrew Pinckney,180,OF,2000-12-07,R-R,,Alabama,SEC,660000,,500000,500000,Yes,-0.24242424242424243,False,4YR SR,No,Yes,22.6,78,C,L,R
2023,4,103,Oakland Athletics,Cole Miller,96,P,2005-05-02,R-R,UCLA,Newbury Park HS,,653300,,1000000,1000000,Yes,0.5306903413439461,True,HS SR,No,Yes,18.197260273972603,-7,C,H,P
2023,4,104,Pittsburgh Pirates,Carlson Reed,135,P,2002-11-27,L-R,,West Virginia,Big 12,646900,,600000,600000,Yes,-0.07249961354150564,False,4YR JR,No,Yes,20.627397260273973,31,C,J,Q
2023,4,105,Cincinnati Reds,Cole Schoenwetter,51,P,2004-10-01,R-R,UC Santa Barbara,San Marcos HS,,640300,,1900000,1900000,Yes,1.967359050445104,True,HS SR,No,Yes,18.78082191780822,-54,C,H,O
2023,4,106,Kansas City Royals,Hunter Owen,151,P,2002-01-30,R-L,,Vanderbilt,SEC,634200,,631700,631700,Yes,-0.003941974140649638,False,4YR JR,No,Yes,21.45205479452055,45,C,K,Q
2023,4,107,Detroit Tigers,Carson Rucker,281,3B,2004-08-18,R-R,Tennessee,Goodpasture Christian School,,627900,,772500,772500,Yes,0.23029144768275203,True,HS SR,No,Yes,18.9013698630137,174,C,H,R
2023,4,108,Texas Rangers,Skylar Hales,241,P,2001-10-24,R-R,,Santa Clara,WCC,621700,,565000,565000,Yes,-0.09120154415312852,False,4YR JR,No,Yes,21.720547945205478,133,C,K,R
2023,4,109,Colorado Rockies,Isaiah Coupet,123,P,2002-09-27,L-L,,Ohio State,Big Ten,615500,,600000,600000,Yes,-0.025182778229082048,False,4YR JR,No,Yes,20.794520547945204,14,C,J,Q
2023,4,110,Miami Marlins,Emmett Olson,254,P,2002-05-15,L-L,,Nebraska,Big Ten,609600,,460000,460000,Yes,-0.24540682414698162,False,4YR JR,No,Yes,21.164383561643834,144,C,K,R
2023,4,111,Los Angeles Angels,Joe Redfield,330,OF,2001-10-18,L-R,,Sam Houston,C-USA,603600,,472500,472500,Yes,-0.21719681908548708,False,4YR JR,No,Yes,21.736986301369864,219,C,K,R
2023,4,112,Arizona Diamondbacks,Grayson Hitt,119,P,2001-12-11,R-L,,Alabama,SEC,597500,,1200000,1200000,Yes,1.00836820083682,False,4YR JR,No,Yes,21.589041095890412,7,C,K,Q
2023,4,113,Chicago Cubs,Will Sanders,78,P,2002-03-30,L-R,,South Carolina,SEC,591800,,600000,600000,Yes,0.013856032443393038,False,4YR JR,No,Yes,21.29041095890411,-35,C,K,P
2023,4,114,Minnesota Twins,Tanner Hall,94,P,2002-03-18,R-R,,Southern Miss,C-USA,586000,,510000,510000,Yes,-0.1296928327645051,False,4YR JR,No,Yes,21.323287671232876,-20,C,K,P
2023,4,115,Boston Red Sox,Matt Duffy,338,P,2001-10-04,L-R,,Canisius College,MAAC,580200,,350000,350000,Yes,-0.39675973802137193,False,4YR JR,No,Yes,21.775342465753425,223,C,K,R
2023,4,116,Chicago White Sox,Calvin Harris,129,C,2001-11-15,L-R,,Ole Miss,SEC,574600,,600000,600000,Yes,0.044204664114166375,False,4YR JR,No,Yes,21.660273972602738,13,C,K,Q
2023,4,117,San Francisco Giants,Maui Ahuna,79,SS,2002-03-11,L-R,,Tennessee,SEC,569100,,497500,497500,Yes,-0.12581268669829557,False,4YR JR,No,Yes,21.34246575342466,-38,C,K,P
2023,4,118,Baltimore Orioles,Levi Wells,83,P,2001-09-21,R-R,,Texas State,Sun Belt,563600,,500000,500000,Yes,-0.11284599006387509,False,4YR JR,No,Yes,21.81095890410959,-35,C,K,P
2023,4,119,Milwaukee Brewers,Jason Woodward,680,P,2002-07-02,R-R,,Florida Gulf Coast,ASUN,557900,,247500,247500,Yes,-0.5563721096970783,False,4YR JR,No,Yes,21.03287671232877,561,C,K,R
2023,4,120,Tampa Bay Rays,Hunter Haas,276,SS,2002-04-07,R-R,,Texas A&M,SEC,552500,,534000,534000,Yes,-0.0334841628959276,False,4YR JR,No,Yes,21.268493150684932,156,C,K,R
2023,4,121,Toronto Blue Jays,Landen Maroudis,60,P,2004-12-16,R-R,North Carolina State,Calvary Christian HS,,547100,,1500000,1500000,Yes,1.7417291171632243,True,HS SR,No,Yes,18.572602739726026,-61,C,H,O
2023,4,122,St. Louis Cardinals,Quinn Mathews,121,P,2000-10-04,L-L,,Stanford,Pac-12,541700,,600000,600000,Yes,0.1076241462063873,False,4YR SR,No,Yes,22.775342465753425,-1,C,L,P
2023,4,123,New York Mets,Wyatt Hudepohl,225,P,2001-09-25,R-R,,Charlotte,C-USA,536500,,500000,500000,Yes,-0.06803355079217148,False,4YR JR,No,Yes,21.8,102,C,K,R
2023,4,124,Seattle Mariners,Aidan Smith,250,OF,2004-07-23,R-R,Mississippi State,Lovejoy HS,,531300,,1200000,1200000,Yes,1.258610954263128,True,HS SR,No,Yes,18.972602739726028,126,C,H,R
2023,4,125,Cleveland Guardians,Cooper Ingle,183,C,2002-02-23,L-R,,Clemson,ACC,526200,,400000,400000,Yes,-0.23983276320790575,False,4YR JR,No,Yes,21.386301369863013,58,C,K,R
2023,4,126,Atlanta Braves,Garrett Baumann,181,P,2004-08-15,L-R,UCF,Hagerty HS,,521800,,747500,747500,Yes,0.43254120352625525,True,HS SR,No,Yes,18.90958904109589,55,C,H,R
2023,4,127,Los Angeles Dodgers,Wyatt Crowell,150,P,2001-10-13,L-L,,Florida State,ACC,516800,,647500,647500,Yes,0.25290247678018574,False,4YR JR,No,Yes,21.75068493150685,23,C,K,Q
2023,4,128,San Diego Padres,Homer Bush,85,OF,2001-10-13,R-R,,Grand Canyon University,WCC,511600,,511600,511600,Yes,0,False,4YR JR,No,Yes,21.75068493150685,-43,C,K,P
2023,4,129,New York Yankees,Roc Riggio,153,2B,2002-06-11,L-R,,Oklahoma State,Big 12,506800,,693000,693000,Yes,0.3674033149171271,False,4YR SO,No,Yes,21.09041095890411,24,C,K,Q
2023,4,130,Philadelphia Phillies,TayShaun Walton,198,OF,2005-01-29,R-R,Miami,IMG Academy,,501600,,499100,499100,Yes,-0.004984051036682616,True,HS SR,No,Yes,18.45205479452055,68,C,H,R
2023,4,131,Houston Astros,Cam Fisher,147,OF,2001-06-12,L-R,,Charlotte,C-USA,497600,,497500,497500,Yes,-0.00020096463022508038,False,4YR SR,No,Yes,22.087671232876712,16,C,L,Q
2023,4,132,Boston Red Sox,Kristian Campbell,194,SS,2002-06-28,R-R,,Georgia Tech,ACC,492700,,492700,492700,Yes,0,False,4YR SO,No,Yes,21.043835616438358,62,C,K,R
2023,4,133,Boston Red Sox,Justin Riemer,277,SS,2002-02-06,S-R,,Wright State,Horizon,487800,,500000,500000,Yes,0.025010250102501026,False,4YR JR,No,Yes,21.432876712328767,144,C,K,R
2023,4,134,New York Mets,AJ Ewing,132,SS,2004-08-10,L-R,Alabama,Springboro HS,,483000,,675000,675000,Yes,0.39751552795031053,True,HS SR,No,Yes,18.923287671232877,-2,C,H,P
2023,4,135,New York Mets,Austin Troesser,237,P,2002-03-29,R-R,,Missouri,SEC,478200,,350000,350000,Yes,-0.2680886658301966,False,4YR JR,No,Yes,21.293150684931508,102,C,K,R
2023,4,136,Los Angeles Dodgers,Dylan Campbell,321,OF,2002-07-02,R-R,,Texas,Big 12,473700,,497500,497500,Yes,0.05024276968545493,False,4YR JR,No,Yes,21.03287671232877,185,C,K,R
2023,4,137,Los Angeles Dodgers,Eriq Swan,221,P,2001-10-31,R-R,,Middle Tennessee,C-USA,469000,,466500,466500,Yes,-0.005330490405117271,False,4YR JR,No,Yes,21.7013698630137,84,C,K,R
2023,5,138,Washington Nationals,Marcus Brown,173,SS,2001-09-14,L-R,,Oklahoma State,Big 12,464400,,350000,350000,Yes,-0.2463393626184324,False,4YR JR,No,Yes,21.83013698630137,35,C,K,Q
2023,5,139,Oakland Athletics,Nathan Dettmer,139,P,2002-04-26,R-R,,Texas A&M,SEC,459800,,425000,425000,Yes,-0.07568508046976946,False,4YR JR,No,Yes,21.216438356164385,0,C,K,P
2023,5,140,Pittsburgh Pirates,Patrick Reilly,270,P,2001-10-07,R-R,,Vanderbilt,SEC,455600,,453100,453100,Yes,-0.005487269534679543,False,4YR JR,No,Yes,21.767123287671232,130,C,K,R
2023,5,141,Cincinnati Reds,Connor Burns,219,C,2001-12-25,R-R,,Long Beach State,Big West,451100,,448600,448600,Yes,-0.005542008423852805,False,4YR JR,No,Yes,21.55068493150685,78,C,K,R
2023,5,142,Kansas City Royals,Spencer Nivens,90,OF,2001-11-16,L-R,,Missouri State,MVC,446700,,472500,472500,Yes,0.0577568838146407,False,4YR JR,No,Yes,21.65753424657534,-52,C,K,O
2023,5,143,Detroit Tigers,Jaden Hamm,158,P,2002-09-05,R-R,,Middle Tennessee,C-USA,442200,,397500,397500,Yes,-0.1010854816824966,False,4YR JR,No,Yes,20.854794520547944,15,C,J,Q
2023,5,144,Texas Rangers,Alejandro Rosario,177,P,2002-01-06,R-R,,Miami,ACC,437900,,437900,437900,Yes,0,False,4YR JR,No,Yes,21.517808219178082,33,C,K,Q
2023,5,145,Colorado Rockies,Kyle Karros,120,3B,2002-07-26,R-R,,UCLA,Pac-12,433500,,433500,433500,Yes,0,False,4YR JR,No,Yes,20.96712328767123,-25,C,J,P
2023,5,146,Miami Marlins,Andrew Lindsey,196,P,1999-11-15,R-R,,Tennessee,SEC,429400,,340000,340000,Yes,-0.20819748486259898,False,4YR 5S,No,Yes,23.663013698630138,50,C,M,Q
2023,5,147,Los Angeles Angels,Chris Clark,443,P,2001-08-14,R-R,,Harvard,Ivy,425100,,318830,318830,Yes,-0.24998823806163256,False,4YR JR,No,Yes,21.915068493150685,296,C,K,R
2023,5,148,Arizona Diamondbacks,Kevin Sim,171,3B,2002-02-07,R-R,,San Diego,WCC,421100,,375000,375000,Yes,-0.10947518404179529,False,4YR JR,No,Yes,21.43013698630137,23,C,K,Q
2023,5,149,Chicago Cubs,Michael Carico,82,C,2002-09-04,L-R,,Davidson,Atlantic 10,416900,,400000,400000,Yes,-0.040537299112497004,False,4YR JR,No,Yes,20.85753424657534,-67,C,J,O
2023,5,150,Minnesota Twins,Dylan Questad,213,P,2004-11-02,R-R,Arkansas,Waterford HS,,412600,,500000,500000,Yes,0.21182743577314592,True,HS SR,No,Yes,18.693150684931506,63,C,H,R
2023,5,151,Boston Red Sox,Connelly Early,423,P,2002-04-03,L-L,,Virginia,ACC,408500,,408500,408500,Yes,0,False,4YR JR,No,Yes,21.279452054794522,272,C,K,R
2023,5,152,Chicago White Sox,Christian Oppor,360,P,2004-07-23,L-L,,Gulf Coast CC,,404700,,550000,550000,Yes,0.3590313812700766,False,JC J1,Yes,Yes,18.972602739726028,208,C,H,R
2023,5,153,San Francisco Giants,Quinn McDaniel,232,2B,2002-09-27,R-R,,University of Maine,America East,400600,,300450,300450,Yes,-0.25,False,4YR JR,No,Yes,20.794520547945204,79,C,J,R
2023,5,154,Baltimore Orioles,Jake Cunningham,127,OF,2002-07-03,R-R,,UNC Charlotte,C-USA,396700,,375000,375000,Yes,-0.05470128560625157,False,4YR JR,No,Yes,21.03013698630137,-27,C,K,P
2023,5,155,Milwaukee Brewers,Ryan Birchard,449,P,2003-07-12,L-R,,Niagara County CC,,392700,,322500,322500,Yes,-0.1787624140565317,False,JC J2,Yes,Yes,20.005479452054793,294,C,J,R
2023,5,156,Tampa Bay Rays,Trevor Harrison,373,P,2005-08-08,R-R,Florida State,J.W. Mitchell HS,,388900,,847500,847500,Yes,1.1792234507585497,True,HS SR,No,Yes,17.92876712328767,217,C,G,R
2023,5,157,Toronto Blue Jays,Connor O'Halloran,184,P,2002-09-01,R-L,,Michigan,Big Ten,385000,,337500,337500,Yes,-0.12337662337662338,False,4YR JR,No,Yes,20.865753424657534,27,C,J,Q
2023,5,158,St. Louis Cardinals,Zach Levenson,166,OF,2002-03-06,R-R,,Miami,ACC,381300,,381300,381300,Yes,0,False,4YR JR,No,Yes,21.356164383561644,8,C,K,Q
2023,5,159,New York Mets,Zach Thornton,239,P,2002-01-17,L-L,,Grand Canyon University,WCC,378000,,350000,350000,Yes,-0.07407407407407407,False,4YR JR,No,Yes,21.487671232876714,80,C,K,R
2023,5,160,Seattle Mariners,Brock Rodden,247,2B,2000-05-25,S-R,,Wichita State,AAC,374400,,200000,200000,Yes,-0.4658119658119658,False,4YR JR,No,Yes,23.136986301369863,87,C,M,R
2023,5,161,Cleveland Guardians,Christian Knapczyk,98,SS,2001-12-16,L-R,,Louisville,ACC,371000,,385000,385000,Yes,0.03773584905660377,False,4YR JR,No,Yes,21.575342465753426,-63,C,K,O
2023,5,162,Atlanta Braves,Isaiah Drake,291,OF,2005-07-15,L-R,Georgia Tech,North Atlanta HS,,367500,,747500,747500,Yes,1.034013605442177,True,HS SR,No,Yes,17.994520547945207,129,C,G,R
2023,5,163,Philadelphia Phillies,Joe Vetrano,259,P,2002-05-10,L-L,,Boston College,ACC,"$364,400​",,397500,397500,Yes,0.09203296703296704,False,4YR JR,No,Yes,21.17808219178082,96,C,K,R
2023,5,164,Houston Astros,Chase Jaworsky,512,OF,2004-07-31,L-R,Utah Valley University,Rock Canyon HS,,360800,,847500,847500,Yes,1.3489467849223946,True,HS SR,No,Yes,18.95068493150685,348,C,H,R
2023,6,165,Washington Nationals,Gavin Dugas,577,2B,2000-05-19,R-R,,LSU,SEC,357500,,20000,20000,Yes,-0.9440559440559441,False,4YR 5S,No,Yes,23.153424657534245,412,C,M,R
2023,6,166,Oakland Athletics,Jonah Cox,309,OF,2001-08-04,R-R,,Oral Roberts,Summit,354500,,300000,300000,Yes,-0.153737658674189,False,4YR JR,No,Yes,21.942465753424656,143,C,K,R
2023,6,167,Pittsburgh Pirates,Hunter Furtado,294,P,2002-02-18,R-L,,Alabama,SEC,351400,,348900,348900,Yes,-0.0071143995446784295,False,4YR JR,No,Yes,21.4,127,C,K,R
2023,6,168,Cincinnati Reds,Ethan O'Donnell,125,OF,2002-03-26,L-R,,Virginia,ACC,348400,,307500,307500,Yes,-0.11739380022962112,False,4YR JR,No,Yes,21.301369863013697,-43,C,K,P
2023,6,169,Kansas City Royals,Coleman Picard,344,P,2001-10-27,R-R,,Bryant University,NEC,345500,,343000,343000,Yes,-0.00723589001447178,False,4YR JR,No,Yes,21.71232876712329,175,C,K,R
2023,6,170,Detroit Tigers,Bennett Lee,681,C,2002-04-26,R-R,,Wake Forest,ACC,342400,,297500,297500,Yes,-0.13113317757009346,False,4YR JR,No,Yes,21.216438356164385,511,C,K,R
2023,6,171,Texas Rangers,Caden Scarborough,682,P,2005-04-01,R-R,Dallas Baptist,Harmony HS (FL),,339400,,515000,515000,Yes,0.5173836181496759,True,HS SR,No,Yes,18.28219178082192,511,C,H,R
2023,6,172,Colorado Rockies,Cade Denton,255,P,2001-12-28,R-R,,Oral Roberts,Summit,336700,,500000,500000,Yes,0.485001485001485,False,4YR JR,No,Yes,21.542465753424658,83,C,K,R
2023,6,173,Miami Marlins,Jake DeLeo,214,OF,2001-05-30,R-R,,Georgia Tech,ACC,333900,,300000,300000,Yes,-0.10152740341419586,False,4YR JR,No,Yes,22.123287671232877,41,C,L,Q
2023,6,174,Los Angeles Angels,Camden Minacci,131,P,2002-01-14,R-R,,Wake Forest,ACC,331000,,328500,328500,Yes,-0.0075528700906344415,False,4YR JR,No,Yes,21.495890410958904,-43,C,K,P
2023,6,175,Arizona Diamondbacks,Philip Abner,404,P,2002-05-05,L-L,,Florida,SEC,328300,,300000,300000,Yes,-0.08620164483703929,False,4YR SO,No,Yes,21.19178082191781,229,C,K,R
2023,6,176,Chicago Cubs,Alfonsin Rosario,243,OF,2004-06-21,R-R,Chipola College,P27 Academy,,325600,,325600,325600,Yes,0,True,HS SR,No,Yes,19.06027397260274,67,C,I,R
2023,6,177,Minnesota Twins,Jay Harry,352,SS,2002-07-18,L-R,,Penn State,Big Ten,322900,,175000,175000,Yes,-0.4580365438216166,False,4YR JR,No,Yes,20.98904109589041,175,C,J,R
2023,6,178,Boston Red Sox,CJ Weins,536,P,2000-08-15,R-R,,Western Kentucky,C-USA,320200,,50000,50000,Yes,-0.8438475952529669,False,4YR 5S,No,Yes,22.912328767123288,358,C,L,R
2023,6,179,Chicago White Sox,Lucas Gordon,431,P,2002-02-13,L-L,,Texas,Big 12,317400,,300000,300000,Yes,-0.054820415879017016,False,4YR JR,No,Yes,21.413698630136988,252,C,K,R
2023,6,180,San Francisco Giants,Luke Shliger,114,C,2001-09-25,L-R,,Maryland,Big Ten,314800,,272500,272500,Yes,-0.1343710292249047,False,4YR JR,No,Yes,21.8,-66,C,K,O
2023,6,181,Baltimore Orioles,Jacob Cravey,289,P,2001-09-28,L-R,,Samford University,SoCon,312300,,300000,300000,Yes,-0.0393852065321806,False,4YR JR,No,Yes,21.791780821917808,108,C,K,R
2023,6,182,Milwaukee Brewers,Cooper Pratt,46,SS,2004-08-18,R-R,Ole Miss,Magnolia Heights HS,,309900,,1350000,1350000,Yes,3.356243949661181,True,HS SR,No,Yes,18.9013698630137,-136,C,H,O
2023,6,183,Tampa Bay Rays,TJ Nichols,141,P,2002-06-24,R-R,,Arizona,Pac-12,307300,,304800,304800,Yes,-0.008135372600065083,False,4YR JR,No,Yes,21.054794520547944,-42,C,K,P
2023,6,184,Toronto Blue Jays,Jace Bohrofen,77,OF,2001-10-19,L-R,,Arkansas,SEC,304700,,302200,302200,Yes,-0.008204791598293404,False,4YR JR,No,Yes,21.734246575342464,-107,C,K,O
2023,6,185,St. Louis Cardinals,Jason Savacool,187,P,2002-05-21,R-R,,Maryland,Big Ten,302300,,302300,302300,Yes,0,False,4YR JR,No,Yes,21.147945205479452,2,C,K,Q
2023,6,186,New York Mets,Jack Wenninger,313,P,2002-03-14,L-R,,Illinois,Big Ten,299800,,225000,225000,Yes,-0.2494996664442962,False,4YR JR,No,Yes,21.334246575342465,127,C,K,R
2023,6,187,Seattle Mariners,Brody Hopkins,199,P,2002-01-18,R-R,,Winthrop,Big South,297400,,225000,225000,Yes,-0.24344317417619368,False,4YR JR,No,Yes,21.484931506849314,12,C,K,Q
2023,6,188,Cleveland Guardians,Tommy Hawke,176,OF,2002-07-07,L-R,,Wake Forest,ACC,295000,,295000,295000,Yes,0,False,4YR SO,No,Yes,21.019178082191782,-12,C,K,P
2023,6,189,Atlanta Braves,Lucas Braun,683,P,2001-08-26,R-R,,Cal State Northridge,Big West,292700,,347500,347500,Yes,0.18722241202596515,False,4YR SR,No,Yes,21.882191780821916,494,C,K,R
2023,6,190,Los Angeles Dodgers,Bryan Gonzalez,301,SS,2005-07-15,R-R,Illinois State,Carlos Beltran Baseball Academy,,290100,,397500,397500,Yes,0.3702171664943123,True,HS SR,No,Yes,17.994520547945207,111,C,G,R
2023,6,191,San Diego Padres,Jay Beshears,300,2B,2002-05-06,R-R,,Duke,ACC,287700,,250000,250000,Yes,-0.1310392770246785,False,4YR JR,No,Yes,21.18904109589041,109,C,K,R
2023,6,192,New York Yankees,Cade Smith,358,P,2002-04-09,L-R,,Mississippi State,SEC,285400,,282900,282900,Yes,-0.008759635599159075,False,4YR JR,No,Yes,21.263013698630136,166,C,K,R
2023,6,193,Philadelphia Phillies,George Klassen,172,P,2002-01-26,R-R,,Minnesota,Big Ten,282900,,297500,297500,Yes,0.05160834217037823,False,4YR JR,No,Yes,21.46301369863014,-21,C,K,P
2023,6,194,Houston Astros,Ethan Pecko,686,P,2002-08-25,R-R,,Towson,CAA,280700,,247500,247500,Yes,-0.11827573922337015,False,4YR JR,No,Yes,20.884931506849316,492,C,J,R
2023,7,195,Washington Nationals,Ryan Snell,684,C,2000-04-14,R-R,,Lamar University,WAC,278400,,20000,20000,Yes,-0.9281609195402298,False,4YR 5S,No,Yes,23.24931506849315,489,D,M,R
2023,7,196,Oakland Athletics,Nate Nankil,368,OF,2002-10-16,R-R,,Cal State Fullerton,Big West,276100,,300000,300000,Yes,0.08656283955088737,False,4YR JR,No,Yes,20.742465753424657,172,D,J,R
2023,7,197,Pittsburgh Pirates,Jaden Woods,144,P,2002-02-01,L-L,,Georgia,SEC,273800,,271300,271300,Yes,-0.009130752373995616,False,4YR JR,No,Yes,21.446575342465753,-53,D,K,O
2023,7,198,Cincinnati Reds,Dominic Pitelli,267,SS,2002-01-18,L-R,,Miami,ACC,271600,,222500,222500,Yes,-0.18078055964653902,False,4YR JR,No,Yes,21.484931506849314,69,D,K,R
2023,7,199,Kansas City Royals,Trevor Werner,638,3B,2000-09-03,R-R,,Texas A&M,SEC,269200,,350000,350000,Yes,0.300148588410104,False,4YR SR,No,Yes,22.86027397260274,439,D,L,R
2023,7,200,Detroit Tigers,John Peck,155,SS,2002-07-18,R-R,,Pepperdine,WCC,267000,,222500,222500,Yes,-0.16666666666666666,False,4YR JR,No,Yes,20.98904109589041,-45,D,J,P
2023,7,201,Texas Rangers,Izack Tiger,685,P,2001-02-08,R-R,,Butler County CC,,265500,,180000,180000,Yes,-0.3220338983050847,False,JC J3,Yes,Yes,22.427397260273974,484,D,L,R
2023,7,202,Colorado Rockies,Seth Halvorsen,332,P,2000-02-18,R-R,,Tennessee,SEC,263200,,200000,200000,Yes,-0.24012158054711247,False,4YR 5S,No,Yes,23.4027397260274,130,D,M,R
2023,7,203,Miami Marlins,Justin Storm,308,P,2001-09-12,R-L,,Southern Miss,C-USA,261000,,241000,241000,Yes,-0.07662835249042145,False,4YR JR,No,Yes,21.835616438356166,105,D,K,R
2023,7,204,Los Angeles Angels,Cole Fontenelle,414,SS,2002-03-11,S-R,,TCU,Big 12,258900,,256400,256400,Yes,-0.009656237929702587,False,4YR JR,No,Yes,21.34246575342466,210,D,K,R
2023,7,205,Arizona Diamondbacks,Ryan Bruno,236,P,2002-01-04,L-L,,Stanford,Pac-12,256700,,140000,140000,Yes,-0.45461628359953254,False,4YR JR,No,Yes,21.523287671232875,31,D,K,Q
2023,7,206,Chicago Cubs,Yahil Melendez,687,SS,2005-09-05,L-R,Rice,B You Academy,,254500,,400000,400000,Yes,0.5717092337917485,True,HS SR,No,Yes,17.852054794520548,481,D,G,R
2023,7,207,Minnesota Twins,Nolan Santos,542,P,2000-12-07,R-R,,Bethune-Cookman University,SWAC,252500,,75000,75000,Yes,-0.7029702970297029,False,4YR SR,No,Yes,22.6,335,D,L,R
2023,7,208,Boston Red Sox,Caden Rose,688,OF,2001-10-07,R-R,,Alabama,SEC,250300,,150000,150000,Yes,-0.40071913703555734,False,4YR JR,No,Yes,21.767123287671232,480,D,K,R
2023,7,209,Chicago White Sox,George Wolkow,122,OF,2006-01-11,L-R,South Carolina,Downers Grove North HS,,248300,,1000000,1000000,Yes,3.027386226339106,True,HS SR,No,Yes,17.5013698630137,-87,D,G,O
2023,7,210,San Francisco Giants,Scott Bandura,326,OF,2001-08-02,L-R,,Princeton,Ivy,246500,,197500,197500,Yes,-0.19878296146044624,False,4YR JR,No,Yes,21.947945205479453,116,D,K,R
2023,7,211,Baltimore Orioles,Teddy Sharkey,306,P,2001-08-01,R-R,,Coastal Carolina,Sun Belt,244400,,215000,215000,Yes,-0.12029459901800327,False,4YR JR,No,Yes,21.95068493150685,95,D,K,R
2023,7,212,Milwaukee Brewers,Tate Kuehner,689,P,2001-02-07,L-L,,Louisville,ACC,242400,,72500,72500,Yes,-0.7009075907590759,False,4YR SR,No,Yes,22.43013698630137,477,D,L,R
2023,7,213,Tampa Bay Rays,Owen Wild,303,P,2002-07-30,R-R,,Gonzaga,WCC,240600,,238100,238100,Yes,-0.010390689941812137,False,4YR JR,No,Yes,20.956164383561642,90,D,J,R
2023,7,214,Toronto Blue Jays,Nick Goodwin,102,SS,2001-09-06,R-R,,Kansas State,Big 12,238700,,236200,236200,Yes,-0.010473397570171765,False,4YR JR,No,Yes,21.852054794520548,-112,D,K,O
2023,7,215,St. Louis Cardinals,Charles Harrison,310,P,2001-12-23,R-R,,UCLA,Pac-12,236700,,236700,236700,Yes,0,False,4YR SR,No,Yes,21.556164383561644,95,D,K,R
2023,7,216,New York Mets,Noah Hall,249,P,2001-03-30,R-R,,South Carolina,SEC,235000,,162250,162250,Yes,-0.30957446808510636,False,4YR SR,No,Yes,22.29041095890411,33,D,L,Q
2023,7,217,Seattle Mariners,Ty Cummings,204,P,2001-11-01,R-R,,Campbell University,Big South,232900,,225000,225000,Yes,-0.0339201373980249,False,4YR JR,No,Yes,21.698630136986303,-13,D,K,P
2023,7,218,Cleveland Guardians,Alex Mooney,88,SS,2002-07-06,R-R,,Duke,ACC,231300,,1000000,1000000,Yes,3.3233895373973197,False,4YR SO,No,Yes,21.02191780821918,-130,D,K,O
2023,7,219,Atlanta Braves,Justin Long,690,P,2002-03-04,R-R,,Rice,C-USA,229400,,172500,172500,Yes,-0.24803836094158674,False,4YR JR,No,Yes,21.361643835616437,471,D,K,R
2023,7,220,Los Angeles Dodgers,Patrick Copen,476,P,2002-02-15,R-R,,Marshall,SBC,228000,,225500,225500,Yes,-0.010964912280701754,False,4YR JR,No,Yes,21.40821917808219,256,D,K,R
2023,7,221,San Diego Padres,Tucker Musgrove,691,TWP,2002-02-01,R-R,,University of Mobile,SSAC,226100,,175000,175000,Yes,-0.2260061919504644,False,4YR JR,No,Yes,21.446575342465753,470,D,K,R
2023,7,222,New York Yankees,Kiko Romero,273,C,2000-09-18,L-R,,Arizona,Pac-12,224700,,197500,197500,Yes,-0.12105028927458834,False,4YR JR,No,Yes,22.81917808219178,51,D,L,R
2023,7,223,Philadelphia Phillies,Jake Eddington,242,P,2001-04-26,R-R,,Missouri State,MVC,222900,,222500,222500,Yes,-0.001794526693584567,False,4YR JR,No,Yes,22.216438356164385,19,D,L,Q
2023,7,224,Houston Astros,Joey Dixon,573,P,2002-01-01,R-R,,Stanford,Pac-12,221300,,218800,218800,Yes,-0.011296882060551287,False,4YR JR,No,Yes,21.53150684931507,349,D,K,R
2023,8,225,Washington Nationals,Jared Simpson,692,P,2000-06-28,L-L,,Iowa,Big Ten,219700,,20000,20000,Yes,-0.9089667728720983,False,4YR 5S,No,Yes,23.043835616438358,467,D,M,R
2023,8,226,Oakland Athletics,Jackson Finley,363,P,2000-09-15,R-R,,Georgia Tech,ACC,218300,,180000,180000,Yes,-0.17544663307375172,False,4YR SR,No,Yes,22.827397260273973,137,D,L,R
2023,8,227,Pittsburgh Pirates,Austin Strickland,386,P,2002-05-31,R-R,,Kentucky,SEC,216900,,197500,197500,Yes,-0.08944213923467036,False,4YR JR,No,Yes,21.12054794520548,159,D,K,R
2023,8,228,Cincinnati Reds,Carter Graham,268,1B,2001-09-17,R-R,,Stanford,Pac-12,215400,,212900,212900,Yes,-0.01160631383472609,False,4YR JR,No,Yes,21.82191780821918,40,D,K,Q
2023,8,229,Kansas City Royals,Dustin Dickerson,693,SS,2001-03-28,R-R,,Southern Miss,C-USA,213500,,197500,197500,Yes,-0.07494145199063232,False,4YR SR,No,Yes,22.295890410958904,464,D,L,R
2023,8,230,Detroit Tigers,Jatnk Diaz,694,P,2004-08-19,R-R,,Hazleton Area HS,,212300,,247500,247500,Yes,0.16580310880829016,True,HS SR,No,Yes,18.898630136986302,464,D,H,R
2023,8,231,Texas Rangers,Julian Brock,257,C,2001-06-03,R-R,,University of Louisiana at Lafayette,Sun Belt,210600,,255000,255000,Yes,0.21082621082621084,False,4YR SR,No,Yes,22.112328767123287,26,D,L,Q
2023,8,232,Colorado Rockies,Braylen Wimmer,245,2B,2000-12-27,R-R,,South Carolina,SEC,209400,,157050,157050,Yes,-0.25,False,4YR SR,No,Yes,22.545205479452054,13,D,L,Q
2023,8,233,Miami Marlins,Nick Maldonado,161,P,2000-06-12,R-R,,Vanderbilt,SEC,207800,,160000,160000,Yes,-0.2300288739172281,False,4YR SR,No,Yes,23.087671232876712,-72,D,M,O
2023,8,234,Los Angeles Angels,Barrett Kent,89,P,2004-09-29,R-R,Arkansas,Pottsboro HS,,206500,,997500,997500,Yes,3.830508474576271,True,HS SR,No,Yes,18.786301369863015,-145,D,H,O
2023,8,235,Arizona Diamondbacks,Jackson Feltner,695,1B,2001-09-19,R-R,,Morehead State,OVC,204900,,175000,175000,Yes,-0.14592484138604198,False,4YR JR,No,Yes,21.816438356164383,460,D,K,R
2023,8,236,Chicago Cubs,Brett Bateman,696,OF,2002-03-19,L-L,,Minnesota,Big Ten,203600,,180000,180000,Yes,-0.11591355599214145,False,4YR JR,No,Yes,21.32054794520548,460,D,K,R
2023,8,237,Minnesota Twins,Jace Stoffal,361,P,2002-07-19,R-R,,Oregon,Pac-12,202200,,150000,150000,Yes,-0.258160237388724,False,4YR JR,No,Yes,20.986301369863014,124,D,J,R
2023,8,238,Boston Red Sox,Trennor O'Donnell,697,P,2001-06-06,R-R,,Ball State,MAC,201000,,50000,50000,Yes,-0.7512437810945274,False,4YR SR,No,Yes,22.104109589041094,459,D,L,R
2023,8,239,Chicago White Sox,Eddie Park,269,OF,2001-08-22,L-L,,Stanford,Pac-12,199900,,200000,200000,Yes,0.0005002501250625312,False,4YR JR,No,Yes,21.893150684931506,30,D,K,Q
2023,8,240,San Francisco Giants,Josh Bostick,591,P,2001-10-20,R-R,,Grayson County College,,198800,,397500,397500,Yes,0.9994969818913481,False,JC J3,Yes,Yes,21.731506849315068,351,D,K,R
2023,8,241,Baltimore Orioles,Braxton Bragg,465,P,2000-10-28,R-R,,Dallas Baptist,MVC,197800,,100000,100000,Yes,-0.49443882709807885,False,4YR SR,No,Yes,22.70958904109589,224,D,L,R
2023,8,242,Milwaukee Brewers,Craig Yoho,362,P,1999-10-23,R-R,,Indiana,Big Ten,196700,,10000,10000,Yes,-0.949161159125572,False,4YR 5S,No,Yes,23.726027397260275,120,D,M,R
2023,8,243,Tampa Bay Rays,Drew Dowd,674,P,2002-01-03,L-L,,Stanford,Pac-12,195800,,397500,397500,Yes,1.0301327885597549,False,4YR JR,No,Yes,21.526027397260275,431,D,K,R
2023,8,244,Toronto Blue Jays,Braden Barry,698,OF,2002-02-06,R-R,,West Virginia,Big 12,194600,,147500,147500,Yes,-0.2420349434737924,False,4YR JR,No,Yes,21.432876712328767,454,D,K,R
2023,8,245,St. Louis Cardinals,Ixan Henderson,298,P,2002-01-29,L-L,,Fresno State,MWC,193800,,230000,230000,Yes,0.1867905056759546,False,4YR JR,No,Yes,21.454794520547946,53,D,K,R
2023,8,246,New York Mets,Boston Baro,130,SS,2004-08-23,L-R,UCLA,Capistrano Valley HS,,192900,,700000,700000,Yes,2.6288232244686367,True,HS SR,No,Yes,18.887671232876713,-116,D,H,O
2023,8,247,Seattle Mariners,Ryan Hawks,256,P,2000-11-24,R-R,,Louisville,ACC,191900,,75000,75000,Yes,-0.6091714434601355,False,4YR SR,No,Yes,22.635616438356163,9,D,L,Q
2023,8,248,Cleveland Guardians,Jonah Advincula,329,OF,2001-01-06,L-R,,Washington State,Pac-12,191100,,150000,150000,Yes,-0.2150706436420722,False,4YR JR,No,Yes,22.517808219178082,81,D,L,R
2023,8,249,Atlanta Braves,Cory Wall,699,P,2000-03-14,R-R,,William & Mary,CAA,190300,,47500,47500,Yes,-0.7503941145559643,False,4YR SR,No,Yes,23.334246575342465,450,D,M,R
2023,8,250,Los Angeles Dodgers,Jaron Elkins,700,OF,2004-11-04,R-R,Wright State,Goodpasture Christian School,,189300,,407500,407500,Yes,1.1526677231907025,True,HS SR,No,Yes,18.687671232876713,450,D,H,R
2023,8,251,San Diego Padres,Kannon Kemp,284,P,2004-09-03,R-R,Oklahoma,Weatherford HS,,188800,,625000,625000,Yes,2.3103813559322033,True,HS SR,No,Yes,18.85753424657534,33,D,H,Q
2023,8,252,New York Yankees,Nicholas Judice,217,P,2001-04-28,R-R,,University of Louisiana - Monroe,Sun Belt,188000,,185500,185500,Yes,-0.013297872340425532,False,4YR SR,No,Yes,22.21095890410959,-35,D,L,P
2023,8,253,Philadelphia Phillies,Bryson Ware,314,OF,2000-12-28,R-R,,Auburn,SEC,187100,,152500,152500,Yes,-0.18492784607161947,False,4YR SR,No,Yes,22.542465753424658,61,D,L,R
2023,8,254,Houston Astros,Ryan Johnson,701,2B,2000-12-27,R-R,,Pepperdine,WCC,186500,,97500,97500,Yes,-0.4772117962466488,False,4YR SR,No,Yes,22.545205479452054,447,D,L,R
2023,9,255,Washington Nationals,Thomas Schultz,702,P,1999-08-03,R-R,,Vanderbilt,SEC,185800,,20000,20000,Yes,-0.8923573735199138,False,4YR SR,No,Yes,23.947945205479453,447,D,M,R
2023,9,256,Oakland Athletics,Corey Avant,703,P,2001-11-06,R-R,,Wingate,SAC,185100,,185100,185100,Yes,0,False,4YR SR,No,Yes,21.684931506849313,447,D,K,R
2023,9,257,Pittsburgh Pirates,Danny Carrion,704,P,2001-08-12,R-R,,California,Pac-12,184500,,157500,157500,Yes,-0.14634146341463414,False,4YR SR,No,Yes,21.92054794520548,447,D,K,R
2023,9,258,Cincinnati Reds,Logan Van Treeck,481,P,2000-12-26,L-L,,Lipscomb University,ASUN,183900,,122500,122500,Yes,-0.33387710712343666,False,4YR SR,No,Yes,22.54794520547945,223,D,L,R
2023,9,259,Kansas City Royals,Jacob Widener,393,P,2001-06-15,R-L,,Oral Roberts,Summit,183200,,137500,137500,Yes,-0.24945414847161573,False,4YR SO,No,Yes,22.07945205479452,134,D,L,R
2023,9,260,Detroit Tigers,Hayden Minton,664,P,2001-03-14,L-R,,Missouri State,MVC,182600,,162500,162500,Yes,-0.11007667031763417,False,4YR SR,No,Yes,22.334246575342465,404,D,L,R
2023,9,261,Texas Rangers,Quincy Scott,705,OF,2003-01-15,R-R,,Palomar College,,182100,,200000,200000,Yes,0.09829763866007687,False,JC J2,Yes,Yes,20.493150684931507,444,D,J,R
2023,9,262,Colorado Rockies,Ben McCabe,706,C,2000-02-04,R-R,,UCF,AAC,181600,,150000,150000,Yes,-0.17400881057268722,False,4YR 5S,No,Yes,23.44109589041096,444,D,M,R
2023,9,263,Miami Marlins,Colby Shade,278,OF,2001-08-18,R-R,,Oregon,Pac-12,180900,,180900,180900,Yes,0,False,4YR JR,No,Yes,21.904109589041095,15,D,K,Q
2023,9,264,Los Angeles Angels,Chase Gockel,707,P,2000-01-01,R-R,,Quincy,GLVC,180300,,1000,1000,Yes,-0.9944536882972823,False,4YR 5S,No,Yes,23.534246575342465,443,D,M,R
2023,9,265,Arizona Diamondbacks,Kyle Amendt,336,P,2000-04-05,R-R,,Dallas Baptist,MVC,180000,,135000,135000,Yes,-0.25,False,--,No,Yes,23.273972602739725,71,D,M,R
2023,9,266,Chicago Cubs,Jonathon Long,588,1B,2002-01-20,R-R,,Long Beach State,Big West,179400,,179400,179400,Yes,0,False,4YR JR,No,Yes,21.47945205479452,322,D,K,R
2023,9,267,Minnesota Twins,Jack Dougherty,525,P,2001-10-05,R-R,,Ole Miss,SEC,179000,,160000,160000,Yes,-0.10614525139664804,False,4YR JR,No,Yes,21.77260273972603,258,D,K,R
2023,9,268,Boston Red Sox,Blake Wehunt,708,P,2000-11-09,R-R,,Kennesaw State,ASUN,178600,,100000,100000,Yes,-0.4400895856662934,False,4YR JR,No,Yes,22.676712328767124,440,D,L,R
2023,9,269,Chicago White Sox,Jake Peppers,205,P,2001-12-26,R-R,,Jacksonville State,ASUN,178000,,178000,178000,Yes,0,False,--,No,Yes,21.54794520547945,-64,D,K,O
2023,9,270,San Francisco Giants,Charlie Szykowny,709,3B,2000-06-30,L-R,,University of Illinois at Chicago,Valley,177500,,47500,47500,Yes,-0.7323943661971831,False,4YR 5S,No,Yes,23.03835616438356,439,D,M,R
2023,9,271,Baltimore Orioles,Zach Fruit,364,P,2000-04-12,R-R,,Troy University,,177100,,40000,40000,Yes,-0.7741389045736872,False,--,No,Yes,23.254794520547946,93,D,M,R
2023,9,272,Milwaukee Brewers,Mark Manfredi,710,P,2000-01-28,R-R,,Dayton,Atlantic 10,176700,,27500,27500,Yes,-0.844368986983588,False,4YR 5S,No,Yes,23.46027397260274,438,D,M,R
2023,9,273,Tampa Bay Rays,Dalton Fowler,514,P,2000-01-07,L-L,,University of Memphis,AAC,176200,,22500,22500,Yes,-0.8723041997729852,False,4YR SR,No,Yes,23.517808219178082,241,D,M,R
2023,9,274,Toronto Blue Jays,Sam Shaw,711,OF,2005-02-26,L-R,Xavier,Lambrick Park SS,,175900,,282500,282500,Yes,0.6060261512222854,True,HS SR,No,Yes,18.375342465753423,437,D,H,R
2023,9,275,St. Louis Cardinals,Christian Worley,307,P,2002-06-14,R-R,,Virginia Tech,ACC,175600,,200000,200000,Yes,0.13895216400911162,False,4YR JR,No,Yes,21.08219178082192,32,D,K,Q
2023,9,276,New York Mets,Nick Lorusso,271,3B,2000-09-11,R-R,,Maryland,Big Ten,175100,,50000,50000,Yes,-0.7144488863506567,False,4YR SR,No,Yes,22.838356164383562,-5,D,L,P
2023,9,277,Seattle Mariners,RJ Schreck,495,OF,2000-07-12,L-R,,Vanderbilt,SEC,174800,,75000,75000,Yes,-0.5709382151029748,False,--,No,Yes,23.005479452054793,218,D,M,R
2023,9,278,Cleveland Guardians,Jay Driver,287,P,2002-02-25,R-R,,Harvard,Ivy,174300,,151000,151000,Yes,-0.13367756741250716,False,4YR JR,No,Yes,21.38082191780822,9,D,K,Q
2023,9,279,Atlanta Braves,Riley Gowens,251,P,1999-10-18,R-R,,Illinois,Big Ten,173800,,47500,47500,Yes,-0.7266973532796318,False,4YR 5S,No,Yes,23.73972602739726,-28,D,M,P
2023,9,280,Los Angeles Dodgers,Ryan Brown,244,P,2002-10-09,R-R,,Ball State,MAC,173600,,171100,171100,Yes,-0.014400921658986175,False,4YR JR,No,Yes,20.76164383561644,-36,D,J,P
2023,9,281,San Diego Padres,Ryan Wilson,712,OF,2002-01-12,R-R,,Davidson,Atlantic 10,173400,,125000,125000,Yes,-0.279123414071511,False,4YR JR,No,Yes,21.5013698630137,431,D,K,R
2023,9,282,New York Yankees,Jared Wegner,261,OF,1999-07-25,R-R,,Arkansas,SEC,173100,,72500,72500,Yes,-0.5811669555170422,False,4YR 5S,No,Yes,23.972602739726028,-21,D,M,P
2023,9,283,Philadelphia Phillies,Avery Owusu-Asiedu,713,OF,2003-06-16,R-R,,Southern Illinois University Edwardsville (IL),MVC,172700,,147500,147500,Yes,-0.1459177764910249,False,4YR JR,No,Yes,20.076712328767123,430,D,J,R
2023,9,284,Houston Astros,Jeron Williams,398,SS,2000-09-29,R-R,,Toledo,MAC,172500,,147500,147500,Yes,-0.14492753623188406,False,4YR SR,No,Yes,22.78904109589041,114,D,L,R
2023,10,285,Washington Nationals,Phillip Glasser,639,SS,1999-12-03,L-R,,Indiana,Big Ten,172100,,20000,20000,Yes,-0.8837884950610111,False,--,No,Yes,23.613698630136987,354,D,M,R
2023,10,286,Oakland Athletics,Tom Reisinger,714,P,2001-03-17,R-R,,East Stroudsburg,PSAC,171400,,125000,125000,Yes,-0.2707117852975496,False,4YR JR,No,Yes,22.326027397260273,428,D,L,R
2023,10,287,Pittsburgh Pirates,Landon Tomkins,715,P,2000-06-23,R-R,,Louisiana Tech,C-USA,171200,,15000,15000,Yes,-0.9123831775700935,False,4YR 5S,No,Yes,23.057534246575344,428,D,M,R
2023,10,288,Cincinnati Reds,Graham Osman,319,P,2001-01-29,L-L,,Long Beach State,Big West,170900,,122500,122500,Yes,-0.2832065535400819,False,4YR SR,No,Yes,22.454794520547946,31,D,L,Q
2023,10,289,Kansas City Royals,Justin Johnson,716,SS,2000-04-03,R-R,,Wake Forest,ACC,170600,,57500,57500,Yes,-0.6629542790152403,False,4YR 5S,No,Yes,23.279452054794522,427,D,M,R
2023,10,290,Detroit Tigers,Andrew Sears,663,P,2002-10-30,L-L,,Connecticut,Big East,170300,,167800,167800,Yes,-0.014679976512037582,False,4YR JR,No,Yes,20.704109589041096,373,D,J,R
2023,10,291,Texas Rangers,Case Matter,222,P,2002-01-16,R-R,,Washington,Pac-12,170100,,155000,155000,Yes,-0.08877131099353322,False,4YR JR,No,Yes,21.49041095890411,-69,D,K,O
2023,10,292,Colorado Rockies,Jace Kaminska,717,P,2001-12-09,R-R,,Nebraska,Big Ten,169900,,150000,150000,Yes,-0.11712772218952325,False,4YR JR,No,Yes,21.594520547945205,425,D,K,R
2023,10,293,Miami Marlins,Xavier Meachem,718,P,2002-09-06,R-R,,North Carolina A&T,CAA,169500,,169500,169500,Yes,0,False,4YR JR,No,Yes,20.852054794520548,425,D,J,R
2023,10,294,Los Angeles Angels,Chris Barraza,612,P,1999-12-03,R-R,,Arizona,Pac-12,169000,,7500,7500,Yes,-0.9556213017751479,False,4YR 5S,No,Yes,23.613698630136987,318,D,M,R
2023,10,295,Arizona Diamondbacks,Zane Russell,719,P,2002-06-12,R-R,,Dallas Baptist,MVC,168800,,155000,155000,Yes,-0.08175355450236967,False,4YR SR,No,Yes,21.087671232876712,424,D,K,R
2023,10,296,Chicago Cubs,Luis Martinez-Gomez,720,P,2003-05-27,R-R,,Temple College,,168300,,100000,100000,Yes,-0.4058229352346999,False,JC J2,Yes,Yes,20.13150684931507,424,D,J,R
2023,10,297,Minnesota Twins,Ross Dunn,138,P,2002-02-20,R-L,,Arizona State,Pac-12,168100,,150000,150000,Yes,-0.10767400356930398,False,4YR JR,No,Yes,21.394520547945206,-159,D,K,O
2023,10,298,Boston Red Sox,Ryan Ammons,721,P,2001-04-17,L-L,,Clemson,ACC,167900,,50000,50000,Yes,-0.7022036926742108,False,4YR SR,No,Yes,22.24109589041096,423,D,L,R
2023,10,299,Chicago White Sox,Zach Franklin,722,P,1998-10-27,R-R,,Missouri,SEC,167600,,10000,10000,Yes,-0.9403341288782816,False,4YR SR,No,Yes,24.715068493150685,423,D,M,R
2023,10,300,San Francisco Giants,Ryan Vanderhei,340,P,2001-06-01,R-R,,TCU,Big 12,167200,,47500,47500,Yes,-0.7159090909090909,False,4YR SR,No,Yes,22.117808219178084,40,D,L,Q
2023,10,301,Baltimore Orioles,Matthew Etzel,220,OF,2002-04-30,L-R,,Southern Miss,C-USA,167000,,167000,167000,Yes,0,False,4YR JR,No,Yes,21.205479452054796,-81,D,K,O
2023,10,302,Milwaukee Brewers,Morris Austin,723,P,2000-03-27,R-R,,Houston Christian,SLC,166800,,17500,17500,Yes,-0.895083932853717,False,4YR 5S,No,Yes,23.2986301369863,421,D,M,R
2023,10,303,Tampa Bay Rays,Adam Boucher,216,P,2001-10-29,R-R,,Duke,ACC,166500,,148500,148500,Yes,-0.10810810810810811,False,4YR JR,No,Yes,21.706849315068492,-87,D,K,O
2023,10,304,Toronto Blue Jays,Josh Mollerus,724,P,1999-10-06,R-R,,Oregon,Pac-12,166200,,47500,47500,Yes,-0.7141997593261131,False,4YR 5S,No,Yes,23.77260273972603,420,D,M,R
2023,10,305,St. Louis Cardinals,Caden Kendle,350,OF,2002-03-13,R-R,,University of California - Irvine,Big West,165900,,,165900,Yes,,False,4YR JR,No,No,21.336986301369862,45,D,K,Q
2023,10,306,New York Mets,Christian Pregent,725,C,2000-12-26,R-R,,Stetson,ASUN,165800,,50000,50000,Yes,-0.6984318455971049,False,4YR SR,No,Yes,22.54794520547945,419,D,L,R
2023,10,307,Seattle Mariners,Jared Sundstrom,666,OF,2001-06-21,R-R,,UC Santa Barbara,Big West,165500,,165500,165500,Yes,0,False,4YR SR,No,Yes,22.063013698630137,359,D,L,R
2023,10,308,Cleveland Guardians,Matt Wilkinson,726,P,2002-12-10,R-L,,Central Arizona College,,165300,,110000,110000,Yes,-0.33454325468844526,False,JC J2,Yes,Yes,20.59178082191781,418,D,J,R
2023,10,309,Atlanta Braves,Pier-Olivier Boucher,727,P,2001-10-29,R-R,,Duke,ACC,164800,,1000,1000,Yes,-0.9939320388349514,False,4YR JR,No,Yes,21.706849315068492,418,D,K,R
2023,10,310,Los Angeles Dodgers,Sam Mongelli,728,SS,2001-03-06,R-R,,Sacred Heart,NEC,164600,,47500,47500,Yes,-0.7114216281895505,False,4YR SR,No,Yes,22.356164383561644,418,D,L,R
2023,10,311,San Diego Padres,Nik McClaughry,729,SS,1999-09-14,R-R,,Arizona,Pac-12,164400,,25000,25000,Yes,-0.8479318734793188,False,4YR 5S,No,Yes,23.832876712328765,418,D,M,R
2023,10,312,New York Yankees,Brian Hendry,730,P,1999-10-11,R-R,,Oklahoma State,Big 12,164400,,47500,47500,Yes,-0.7110705596107056,False,4YR 5S,No,Yes,23.75890410958904,418,D,M,R
2023,10,313,Philadelphia Phillies,Cam Brown,165,P,2001-10-15,R-R,,TCU,Big 12,164400,,154500,154500,Yes,-0.060218978102189784,False,4YR JR,No,Yes,21.745205479452054,-148,D,K,O
2023,10,314,Houston Astros,Austin Demin,731,3B,1999-12-21,R-R,,BYU,WCC,164400,,7500,7500,Yes,-0.9543795620437956,False,4YR 5S,No,Yes,23.564383561643837,417,D,M,R
2023,11,315,Washington Nationals,Gavin Adams,272,P,2003-02-08,R-R,Florida State,Indian River State,,0,,,0,No,,False,JC J2,Yes,No,20.427397260273974,-43,E,J,P
2023,11,316,Oakland Athletics,Drew Conover,285,P,2001-07-27,R-R,,Rutgers,Big Ten,0,,150000,0,No,,False,4YR JR,No,Yes,21.964383561643835,-31,E,K,P
2023,11,317,Pittsburgh Pirates,Magdiel Cotto,315,P,2002-06-24,L-L,,Kentucky,SEC,0,,197500,47500,No,0.5192307692307693,False,4YR JR,No,Yes,21.054794520547944,-2,E,K,P
2023,11,318,Cincinnati Reds,Jack Moss,197,1B,2001-10-30,L-R,,Texas A&M,SEC,0,,150000,0,No,,False,4YR JR,No,Yes,21.704109589041096,-121,E,K,O
2023,11,319,Kansas City Royals,Jared Dickey,100,OF,2002-03-01,L-R,,Tennessee,SEC,0,,572500,422500,No,3.4038461538461537,False,4YR JR,No,Yes,21.36986301369863,-219,E,K,O
2023,11,320,Detroit Tigers,Jim Jarvis,432,SS,2000-11-06,L-R,,Alabama,SEC,0,,175000,25000,No,0.34615384615384615,False,4YR SR,No,Yes,22.684931506849313,112,E,L,R
2023,11,321,Texas Rangers,Max Martin,732,OF,2005-05-05,L-R,,Southridge HS,,0,,250000,100000,No,0.9230769230769231,True,HS SR,No,Yes,18.18904109589041,411,E,H,R
2023,11,322,Colorado Rockies,Stu Flesland,610,P,2000-10-01,R-L,,Washington,Pac-12,0,,150000,0,No,,False,4YR SR,No,Yes,22.783561643835615,288,E,L,R
2023,11,323,Miami Marlins,Jake Brooks,347,P,2001-07-08,R-R,,UCLA,Pac-12,0,,150000,0,No,,False,4YR JR,No,Yes,22.016438356164382,24,E,L,Q
2023,11,324,Los Angeles Angels,John Wimmer,734,SS,2005-03-21,R-R,,Rock Hill HS,,0,,397500,247500,No,2.0576923076923075,True,HS SR,No,Yes,18.312328767123287,410,E,H,R
2023,11,325,Arizona Diamondbacks,Casey Anderson,735,P,2000-08-31,R-R,,Utah Valley,,0,,150000,0,No,,False,4YR SR,No,Yes,22.86849315068493,410,E,L,R
2023,11,326,Chicago Cubs,Zyhir Hope,258,OF,2005-01-19,L-L,North Carolina,Colonial Forge High School,,0,,400000,250000,No,2.076923076923077,True,HS SR,No,Yes,18.47945205479452,-68,E,H,O
2023,11,327,Minnesota Twins,Ty Langenberg,264,P,2001-12-08,R-R,,Iowa,Big Ten,0,,150000,0,No,,False,4YR JR,No,Yes,21.5972602739726,-63,E,K,O
2023,11,328,Boston Red Sox,Nelson Taylor,534,OF,2003-01-22,L-L,,Polk State College,,0,,300000,150000,No,1.3076923076923077,False,JC J2,Yes,Yes,20.473972602739725,206,E,J,R
2023,11,329,Chicago White Sox,Rikuu Nishida,420,2B,2001-05-06,L-R,,Oregon,Pac-12,0,,170000,20000,No,0.3076923076923077,False,4YR JR,No,Yes,22.18904109589041,91,E,L,R
2023,11,330,San Francisco Giants,Jack Payton,192,C,2001-08-07,R-R,,Louisville,ACC,0,,175000,25000,No,0.34615384615384615,False,4YR JR,No,Yes,21.934246575342467,-138,E,K,O
2023,11,331,Baltimore Orioles,Nestor German,737,P,2002-02-26,R-R,,Seattle University,,0,,150000,0,No,,False,4YR JR,No,Yes,21.378082191780823,406,E,K,R
2023,11,332,Milwaukee Brewers,Bishop Letson,163,P,2004-09-15,R-R,Purdue,Floyd Central HS,,0,,482600,332600,No,2.712307692307692,True,HS SR,No,Yes,18.824657534246576,-169,E,H,O
2023,11,333,Tampa Bay Rays,Garrett Edwards,355,P,2002-01-03,R-R,,LSU,SEC,0,,499850,349850,No,2.845,False,4YR JR,No,Yes,21.526027397260275,22,E,K,Q
2023,11,334,Toronto Blue Jays,Grant Rogers,738,P,2001-05-22,R-R,,McNeese State,Southland,0,,150000,0,No,,False,4YR SR,No,Yes,22.145205479452056,404,E,L,R
2023,11,335,St. Louis Cardinals,Dakota Harris,739,SS,2002-02-19,S-R,,Oklahoma,Big 12,0,,150000,0,No,,False,4YR JR,No,Yes,21.397260273972602,404,E,K,R
2023,11,336,New York Mets,Brett Banks,367,P,2001-10-03,L-R,,UNC Wilmington,CAA,0,,200000,50000,No,0.5384615384615384,False,4YR SR,No,Yes,21.778082191780822,31,E,K,Q
2023,11,337,Seattle Mariners,Brandyn Garcia,740,P,2000-05-27,L-L,,Texas A&M,SEC,0,,150000,0,No,,False,4YR JR,No,Yes,23.13150684931507,403,E,M,R
2023,11,338,Cleveland Guardians,Johnny Tincher,741,C,2001-08-25,R-R,,Washington,Pac-12,0,,150000,0,No,,False,4YR SR,No,Yes,21.884931506849316,403,E,K,R
2023,11,339,Atlanta Braves,Jace Grady,616,OF,2001-05-25,S-R,,Dallas Baptist,MVC,0,,150000,0,No,,False,4YR SR,No,Yes,22.136986301369863,277,E,L,R
2023,11,340,Los Angeles Dodgers,Carson Hobbs,442,P,2002-02-27,R-R,,Samford University,SoCon,0,,150000,0,No,,False,4YR JR,No,Yes,21.375342465753423,102,E,K,R
2023,11,341,San Diego Padres,Carson Montgomery,200,P,2002-08-13,R-R,,Florida State,ACC,0,,200000,50000,No,0.5384615384615384,False,4YR JR,No,Yes,20.91780821917808,-141,E,J,O
2023,11,342,New York Yankees,Josh Grosz,283,P,2002-09-05,R-R,,East Carolina,AAC,0,,150000,0,No,,False,4YR JR,No,Yes,20.854794520547944,-59,E,J,O
2023,11,343,Philadelphia Phillies,Kehden Hettiger,451,C,2004-05-25,S-R,Oregon,Sierra Canyon School,,0,,397500,247500,No,2.0576923076923075,True,HS SR,No,Yes,19.134246575342466,108,E,I,R
2023,11,344,Houston Astros,Nehomar Ochoa,419,OF,2005-07-31,R-R,Houston,Galena Park HS,,0,,300000,150000,No,1.3076923076923077,True,HS SR,No,Yes,17.95068493150685,75,E,G,R
2023,12,345,Washington Nationals,Travis Sthele,742,P,2001-09-21,R-R,,Texas,Big 12,0,,150000,0,No,,False,4YR JR,No,Yes,21.81095890410959,397,E,K,R
2023,12,346,Oakland Athletics,Cole Conn,743,C,2001-07-11,S-R,,University of Illinois at Chicago,Valley,0,,150000,0,No,,False,4YR JR,No,Yes,22.008219178082193,397,E,L,R
2023,12,347,Pittsburgh Pirates,Khristian Curtis,124,P,2002-05-09,R-R,,Arizona State,Pac-12,0,,497500,347500,No,2.826923076923077,False,4YR JR,No,Yes,21.18082191780822,-223,E,K,O
2023,12,348,Cincinnati Reds,Simon Miller,516,P,2000-09-08,R-R,,University of Texas - San Antonio,,0,,150000,0,No,,False,4YR JR,No,Yes,22.846575342465755,168,E,L,R
2023,12,349,Kansas City Royals,Logan Martin,252,P,2001-07-17,R-R,,Kentucky,SEC,0,,297500,147500,No,1.2884615384615385,False,4YR SR,No,Yes,21.991780821917807,-97,E,K,O
2023,12,350,Detroit Tigers,Andrew Dunford,744,P,2005-01-05,R-R,,Houston County HS,,0,,367500,217500,No,1.8269230769230769,True,HS SR,No,Yes,18.517808219178082,394,E,H,R
2023,12,351,Texas Rangers,Paul Bonzagni,745,P,2002-04-01,R-R,,Southern Illinois University Carbondale,,0,,150000,0,No,,False,4YR JR,No,Yes,21.284931506849315,394,E,K,R
2023,12,352,Colorado Rockies,Bryson Hammer,230,P,2001-10-08,L-L,,Dallas Baptist,MVC,0,,200000,50000,No,0.5384615384615384,False,4YR JR,No,Yes,21.764383561643836,-122,E,K,O
2023,12,353,Miami Marlins,Josh Ekness,227,P,2002-02-07,R-R,,Houston,AAC,0,,150000,0,No,,False,4YR JR,No,Yes,21.43013698630137,-126,E,K,O
2023,12,354,Los Angeles Angels,Sam Brown,274,1B,2001-09-12,L-L,,Washington State,Pac-12,0,,150000,0,No,,False,4YR JR,No,Yes,21.835616438356166,-80,E,K,O
2023,12,355,Arizona Diamondbacks,Sam Knowlton,320,P,2000-06-15,R-R,,University of South Alabama,,0,,150000,0,No,,False,4YR 5S,No,Yes,23.07945205479452,-35,E,M,P
2023,12,356,Chicago Cubs,Carter Trice,377,OF,2002-08-23,R-R,,NC State,ACC,0,,150000,0,No,,False,4YR JR,No,Yes,20.89041095890411,21,E,J,Q
2023,12,357,Minnesota Twins,Paulshawn Pasqualotto,387,P,2001-06-14,R-R,,California,Pac-12,0,,150000,0,No,,False,4YR JR,No,Yes,22.08219178082192,30,E,L,Q
2023,12,358,Boston Red Sox,Max Carlson,466,P,2001-09-13,R-R,,North Carolina,ACC,0,,150000,0,No,,False,4YR JR,No,Yes,21.832876712328765,108,E,K,R
2023,12,359,Chicago White Sox,Mathias LaCombe,544,P,2002-06-12,R-R,,Cochise College,,0,,450000,300000,No,2.4615384615384617,False,JC J2,Yes,Yes,21.087671232876712,185,E,K,R
2023,12,360,San Francisco Giants,Timmy Manning,746,P,2001-09-10,L-L,,Arizona State,Pac-12,0,,150000,0,No,,False,4YR JR,No,Yes,21.84109589041096,386,E,K,R
2023,12,361,Baltimore Orioles,Blake Money,335,P,2001-11-14,R-R,,LSU,SEC,0,,150000,0,No,,False,4YR JR,No,Yes,21.663013698630138,-26,E,K,P
2023,12,362,Milwaukee Brewers,Bjorn Johnson,299,P,2005-01-11,L-L,Auburn,Lincoln HS,,0,,420500,270500,No,2.2346153846153847,True,HS SR,No,Yes,18.5013698630137,-63,E,H,O
2023,12,363,Tampa Bay Rays,Chandler Murphy,494,P,2000-12-18,L-R,,Missouri,SEC,0,,150000,0,No,,False,4YR SR,No,Yes,22.56986301369863,131,E,L,R
2023,12,364,Toronto Blue Jays,Chay Yeager,747,P,2002-09-11,S-R,,Pasco Hernando CC,,0,,150000,0,No,,False,JC J2,Yes,Yes,20.838356164383562,383,E,J,R
2023,12,365,St. Louis Cardinals,Brayden Jobert,433,OF,2000-11-14,L-R,,LSU,SEC,0,,150000,0,No,,False,4YR SR,No,Yes,22.663013698630138,68,E,L,R
2023,12,366,New York Mets,Brady Kirtner,641,P,2001-11-21,R-R,,Virginia Tech,ACC,0,,,0,No,,False,4YR JR,No,No,21.643835616438356,275,E,K,R
2023,12,367,Seattle Mariners,Logan Evans,748,P,2001-06-05,R-R,,Pittsburgh,ACC,0,,100000,0,No,,False,4YR SR,No,Yes,22.106849315068494,381,E,L,R
2023,12,368,Cleveland Guardians,Keegan Zinn,749,P,2005-03-30,R-R,,Lake Minneola HS,,0,,150000,0,No,,True,HS SR,No,Yes,18.28767123287671,381,E,H,R
2023,12,369,Atlanta Braves,Brady Day,750,2B,2002-03-06,L-R,,Kansas State,Big 12,0,,,0,No,,False,4YR JR,No,No,21.356164383561644,381,E,K,R
2023,12,370,Los Angeles Dodgers,Noah Ruen,751,P,2003-03-21,R-R,,Tyler JC,,0,,247500,97500,No,0.9038461538461539,False,JC J2,Yes,Yes,20.315068493150687,381,E,J,R
2023,12,371,San Diego Padres,Blake Dickerson,226,P,2005-01-07,L-L,Virginia Tech,Ocean Lakes HS,,0,,500000,350000,No,2.8461538461538463,True,HS SR,No,Yes,18.512328767123286,-145,E,H,O
2023,12,372,New York Yankees,Brady Rose,752,P,2000-10-26,L-L,,Dallas Baptist,MVC,0,,150000,0,No,,False,4YR SR,No,Yes,22.715068493150685,380,E,L,R
2023,12,373,Philadelphia Phillies,Brandon Beckel,599,P,2001-10-20,R-R,,Texas Tech,Big 12,0,,162500,12500,No,0.25,False,4YR JR,No,Yes,21.731506849315068,226,E,K,R
2023,12,374,Houston Astros,Anthony Huezo,325,OF,2005-11-02,L-R,UC Irvine,Etiwanda HS,,0,,397500,247500,No,2.0576923076923075,True,HS SR,No,Yes,17.693150684931506,-49,E,G,P
2023,13,375,Washington Nationals,Liam Sullivan,207,P,2002-05-16,L-L,,Georgia,SEC,0,,150000,0,No,,False,4YR JR,No,Yes,21.161643835616438,-168,E,K,O
2023,13,376,Oakland Athletics,Will Johnston,753,P,2000-12-12,L-L,,Texas A&M,SEC,0,,150000,0,No,,False,4YR SR,No,Yes,22.586301369863012,377,E,L,R
2023,13,377,Pittsburgh Pirates,Charles McAdoo,477,2B,2002-03-06,R-R,,San Jose State,MWC,0,,150000,0,No,,False,4YR JR,No,Yes,21.356164383561644,100,E,K,R
2023,13,378,Cincinnati Reds,Cody Adcock,754,P,2002-06-21,R-R,,Arkansas,SEC,0,,150000,0,No,,False,4YR JR,No,Yes,21.063013698630137,376,E,K,R
2023,13,379,Kansas City Royals,Ethan Bosacker,755,P,2001-02-20,R-R,,Xavier,Big East,0,,150000,0,No,,False,4YR SR,No,Yes,22.394520547945206,376,E,L,R
2023,13,380,Detroit Tigers,Brett Callahan,572,OF,2001-11-02,L-R,,Saint Joseph's,Atlantic 10,0,,197500,47500,No,0.5192307692307693,False,4YR JR,No,Yes,21.695890410958903,192,E,K,R
2023,13,381,Texas Rangers,William Privette,193,P,2002-02-01,R-R,,College of Charleston,,0,,150000,0,No,,False,4YR JR,No,Yes,21.446575342465753,-188,E,K,O
2023,13,382,Colorado Rockies,Caleb Hobson,756,OF,2002-01-24,R-R,,U Tennessee Martin,,0,,150000,0,No,,False,4YR JR,No,Yes,21.46849315068493,374,E,K,R
2023,13,383,Miami Marlins,Colson Lawrence,384,OF,2002-03-03,R-R,,University of South Alabama,,0,,150000,0,No,,False,4YR JR,No,Yes,21.364383561643837,1,E,K,Q
2023,13,384,Los Angeles Angels,Riley Bauman,757,P,2002-08-30,R-R,,Abilene Christian U,,0,,135000,0,No,,False,4YR JR,No,Yes,20.87123287671233,373,E,J,R
2023,13,385,Arizona Diamondbacks,Hayden Durke,390,P,2002-05-01,R-R,,Rice,C-USA,0,,350000,200000,No,1.6923076923076923,False,4YR JR,No,Yes,21.202739726027396,5,E,K,Q
2023,13,386,Chicago Cubs,Sam Armstrong,758,P,2000-09-26,R-R,,Old Dominion,Sun Belt,0,,135000,0,No,,False,4YR SR,No,Yes,22.797260273972604,372,E,L,R
2023,13,387,Minnesota Twins,Jeremy Lee,581,P,2001-09-07,R-R,,University of South Alabama,,0,,150000,0,No,,False,4YR JR,No,Yes,21.84931506849315,194,E,K,R
2023,13,388,Boston Red Sox,Cade Feeney,759,P,2001-07-31,R-R,,North Dakota State,Summit,0,,150000,0,No,,False,4YR JR,No,Yes,21.953424657534246,371,E,K,R
2023,13,389,Chicago White Sox,Ryan Galanie,760,3B,2000-06-20,R-R,,Wofford,SoCon,0,,150000,0,No,,False,4YR SR,No,Yes,23.065753424657533,371,E,M,R
2023,13,390,San Francisco Giants,Jose Ortiz,374,OF,2005-02-13,R-R,,Leadership Christian Academy,,0,,150000,0,No,,True,HS SR,No,Yes,18.410958904109588,-16,E,H,P
2023,13,391,Baltimore Orioles,Riley Cooper,761,P,2001-10-19,L-L,,LSU,SEC,0,,150000,0,No,,False,4YR JR,No,Yes,21.734246575342464,370,E,K,R
2023,13,392,Milwaukee Brewers,Brett Wichrowski,762,P,2002-08-15,L-R,,Bryant University,NEC,0,,100000,0,No,,False,4YR JR,No,Yes,20.912328767123288,370,E,J,R
2023,13,393,Tampa Bay Rays,Bryan Broecker,763,C,2002-01-26,R-R,,Michigan State,Big Ten,0,,150000,0,No,,False,4YR JR,No,Yes,21.46301369863014,370,E,K,R
2023,13,394,Toronto Blue Jays,Brennan Orf,478,OF,2001-09-06,L-R,,Southern Illinois University Edwardsville,,0,,150000,0,No,,False,4YR JR,No,Yes,21.852054794520548,84,E,K,R
2023,13,395,St. Louis Cardinals,William Sullivan,764,1B,2000-11-25,L-R,,Troy University,,0,,150000,0,No,,False,4YR SR,No,Yes,22.632876712328766,369,E,L,R
2023,13,396,New York Mets,Ben Simon,765,P,2002-03-22,R-R,,Elon University,,0,,150000,0,No,,False,4YR JR,No,Yes,21.312328767123287,369,E,K,R
2023,13,397,Seattle Mariners,Elijah Dale,379,P,2001-01-07,S-R,,Illinois State,MVC,0,,125000,0,No,,False,4YR SR,No,Yes,22.515068493150686,-18,E,L,P
2023,13,398,Cleveland Guardians,Jacob Bresnahan,661,P,2005-06-27,L-L,Oregon,Summer HS,,0,,375000,225000,No,1.8846153846153846,True,HS SR,No,Yes,18.043835616438358,263,E,H,R
2023,13,399,Atlanta Braves,Will Verdung,766,3B,2003-06-08,R-R,,Itawamba JC,,0,,150000,0,No,,False,JC J2,Yes,Yes,20.0986301369863,367,E,J,R
2023,13,400,Los Angeles Dodgers,Alex Makarewich,590,P,2002-01-17,R-R,,Northwestern State,Southland,0,,150000,0,No,,False,4YR JR,No,Yes,21.487671232876714,190,E,K,R
2023,13,401,San Diego Padres,Dane Lais,767,P,2005-06-18,R-R,,Oregon City HS,,0,,350000,200000,No,1.6923076923076923,True,HS SR,No,Yes,18.068493150684933,366,E,H,R
2023,13,402,New York Yankees,Josh Tiedemann,567,SS,2004-06-09,R-R,TCU,Hamilton HS,,0,,150000,0,No,,True,HS SR,No,Yes,19.09315068493151,165,E,I,R
2023,13,403,Philadelphia Phillies,Marty Gair,496,P,2003-07-17,R-R,,Florida SouthWestern State College,,0,,150000,0,No,,False,JC J2,Yes,Yes,19.991780821917807,93,E,I,R
2023,13,404,Houston Astros,James Hicks,511,P,2001-05-09,R-R,,South Carolina,SEC,0,,150000,0,No,,False,4YR SR,No,Yes,22.18082191780822,107,E,L,R
2023,14,405,Washington Nationals,Elijah Nunez,446,OF,2001-12-06,L-L,,TCU,Big 12,0,,150000,0,No,,False,4YR JR,No,Yes,21.602739726027398,41,E,K,Q
2023,14,406,Oakland Athletics,Luke Mann,324,3B,2000-04-13,L-R,,Missouri,SEC,0,,50000,0,No,,False,4YR 5S,No,Yes,23.252054794520546,-82,E,M,O
2023,14,407,Pittsburgh Pirates,Garrett McMillan,769,P,2001-02-10,L-R,,Alabama,SEC,0,,150000,0,No,,False,4YR SR,No,Yes,22.421917808219177,362,E,L,R
2023,14,408,Cincinnati Reds,Kyle Henley,403,OF,2004-12-15,R-R,Georgia Tech,Denmark HS,,0,,395000,245000,No,2.0384615384615383,True,HS SR,No,Yes,18.575342465753426,-5,E,H,P
2023,14,409,Kansas City Royals,Mason Miller,770,P,2002-03-30,L-L,,Florida Gulf Coast University,,0,,150000,0,No,,False,4YR JR,No,Yes,21.29041095890411,361,E,K,R
2023,14,410,Detroit Tigers,David Smith,473,2B,2001-02-20,S-R,,Connecticut,Big East,0,,150000,0,No,,False,4YR SR,No,Yes,22.394520547945206,63,E,L,R
2023,14,411,Texas Rangers,Josh Trentadue,771,P,2002-01-25,L-L,,College of Southern Idaho,,0,,125000,0,No,,False,JC J2,Yes,Yes,21.465753424657535,360,E,K,R
2023,14,412,Colorado Rockies,Hunter Mann,772,P,2001-08-15,R-R,,Tennessee Tech,,0,,130000,0,No,,False,4YR SR,No,Yes,21.912328767123288,360,E,K,R
2023,14,413,Miami Marlins,Jack Sellinger,633,P,1999-11-20,R-L,,UNLV,MWC,0,,100000,0,No,,False,4YR JR,No,Yes,23.649315068493152,220,E,M,R
2023,14,414,Los Angeles Angels,Zach Joyce,773,P,2000-09-17,R-R,,Tennessee,SEC,0,,150000,0,No,,False,4YR SR,No,Yes,22.82191780821918,359,E,L,R
2023,14,415,Arizona Diamondbacks,Jake Fitzgibbons,774,P,2002-03-21,L-L,,Tennessee,SEC,0,,150000,0,No,,False,4YR JR,No,Yes,21.315068493150687,359,E,K,R
2023,14,416,Chicago Cubs,Grayson Moore,775,P,2001-07-09,S-R,,Vanderbilt,SEC,0,,150000,0,No,,False,4YR JR,No,Yes,22.013698630136986,359,E,L,R
2023,14,417,Minnesota Twins,Xander Hamilton,776,P,2001-07-07,L-R,,Appalachian State,,0,,100000,0,No,,False,4YR SR,No,Yes,22.019178082191782,359,E,L,R
2023,14,418,Boston Red Sox,Jojo Ingrassia,777,P,2002-07-24,L-L,,Cal State Fullerton,Big West,0,,150000,0,No,,False,4YR JR,No,Yes,20.972602739726028,359,E,J,R
2023,14,419,Chicago White Sox,Edrick Felix,778,2B,2002-01-14,R-R,,Florida Gulf Coast University,,0,,150000,0,No,,False,4YR JR,No,Yes,21.495890410958904,359,E,K,R
2023,14,420,San Francisco Giants,Cale Lansville,779,P,2003-01-06,R-R,,San Jacinto College North,,0,,150000,0,No,,False,JC J1,Yes,Yes,20.517808219178082,359,E,J,R
2023,14,421,Baltimore Orioles,Michael Forret,569,P,2004-04-06,L-R,,State College of Florida Manatee - Sarasota,,0,,450000,300000,No,2.4615384615384617,False,JC J1,Yes,Yes,19.268493150684932,148,E,I,R
2023,14,422,Milwaukee Brewers,Hayden Robinson,780,P,2005-07-12,R-R,,Berwick HS,,0,,347500,197500,No,1.6730769230769231,True,HS SR,No,Yes,18.002739726027396,358,E,H,R
2023,14,423,Tampa Bay Rays,TJ Fondtain,781,P,2001-02-22,L-L,,San Diego State,MWC,0,,150000,0,No,,False,4YR SR,No,Yes,22.389041095890413,358,E,L,R
2023,14,424,Toronto Blue Jays,Joe Vogatsky,782,P,2001-12-27,R-R,,James Madison University,,0,,,0,No,,False,4YR JR,No,No,21.545205479452054,358,E,K,R
2023,14,425,St. Louis Cardinals,Jacob Odle,783,P,2003-11-30,R-R,,Orange Coast College,,0,,250000,100000,No,0.9230769230769231,False,JC J2,Yes,Yes,19.61917808219178,358,E,I,R
2023,14,426,New York Mets,John Valle,784,P,2004-11-24,R-R,,Jefferson HS,,0,,150000,0,No,,True,HS SR,No,Yes,18.632876712328766,358,E,H,R
2023,14,427,Seattle Mariners,Ernie Day,543,P,2001-10-24,R-R,,Campbell University,Big South,0,,150000,0,No,,False,4YR JR,No,Yes,21.720547945205478,116,E,K,R
2023,14,428,Cleveland Guardians,Zane Morehouse,464,P,1999-11-16,R-R,,Texas,Big 12,0,,150000,0,No,,False,4YR SR,No,Yes,23.660273972602738,36,E,M,Q
2023,14,429,Atlanta Braves,Mitch Farris,457,P,2001-02-14,L-L,,Wingate,SAC,0,,125000,0,No,,False,4YR SR,No,Yes,22.410958904109588,28,E,L,Q
2023,14,430,Los Angeles Dodgers,Jaxon Jelkin,460,P,2002-12-11,R-R,,South Mountain CC,,0,,,0,No,,False,JC J2,Yes,No,20.589041095890412,30,E,J,Q
2023,14,431,San Diego Padres,Tyler Morgan,785,P,2000-11-04,R-R,,Abilene Christian,,0,,125000,0,No,,False,4YR SR,No,Yes,22.69041095890411,354,E,L,R
2023,14,432,New York Yankees,Danny Flatt,786,P,2004-06-06,R-R,,P27 Academy,,0,,150000,0,No,,True,HS SR,No,Yes,19.101369863013698,354,E,I,R
2023,14,433,Philadelphia Phillies,Zach Arnold,787,SS,2001-06-13,R-R,,Houston,AAC,0,,150000,0,No,,False,4YR SR,No,Yes,22.084931506849315,354,E,L,R
2023,14,434,Houston Astros,Jackson Nezuh,788,P,2002-02-11,R-R,,University of Louisiana at Lafayette,Sun Belt,0,,150000,0,No,,False,4YR JR,No,Yes,21.41917808219178,354,E,K,R
2023,15,435,Washington Nationals,Mikey Tepper,345,P,2002-06-02,L-R,,Liberty University,,0,,150000,0,No,,False,4YR JR,No,Yes,21.115068493150684,-90,E,K,O
2023,15,436,Oakland Athletics,Will Simpson,530,1B,2001-08-28,R-R,,Washington,Pac-12,0,,150000,0,No,,False,4YR SR,No,Yes,21.876712328767123,94,E,K,R
2023,15,437,Pittsburgh Pirates,John Lopez,789,C,2005-10-06,R-R,,Puerto Rico Baseball Academy,,0,,125000,0,No,,True,HS SR,No,Yes,17.767123287671232,352,E,G,R
2023,15,438,Cincinnati Reds,Dylan Simmons,504,P,2000-10-05,R-R,,Pittsburgh,ACC,0,,100000,0,No,,False,4YR SR,No,Yes,22.77260273972603,66,E,L,R
2023,15,439,Kansas City Royals,Chase Isbell,790,P,2000-09-12,R-R,,Auburn,SEC,0,,150000,0,No,,False,4YR SR,No,Yes,22.835616438356166,351,E,L,R
2023,15,440,Detroit Tigers,Brady Cerkownyk,791,C,2003-02-02,R-R,,Connors State,,0,,397500,247500,No,2.0576923076923075,False,JC J1,Yes,Yes,20.443835616438356,351,E,J,R
2023,15,441,Texas Rangers,Michael Trausch,792,P,2004-02-13,L-L,,Central Arizona Col,,0,,150000,0,No,,False,JC J1,Yes,Yes,19.413698630136988,351,E,I,R
2023,15,442,Colorado Rockies,Darius Perry,532,C,2001-05-03,R-R,,UCLA,Pac-12,0,,150000,0,No,,False,4YR SR,No,Yes,22.197260273972603,90,E,L,R
2023,15,443,Miami Marlins,Nigel Belgrave,201,P,2002-05-12,R-R,,Maryland,Big Ten,0,,150000,0,No,,False,4YR JR,No,Yes,21.172602739726027,-242,E,K,O
2023,15,444,Los Angeles Angels,Caleb Ketchup,793,SS,2002-01-04,R-R,,Lipscomb University,ASUN,0,,150000,0,No,,False,4YR JR,No,Yes,21.523287671232875,349,E,K,R
2023,15,445,Arizona Diamondbacks,Rio Britton,794,P,2002-12-23,S-L,,NC State,ACC,0,,150000,0,No,,False,4YR JR,No,Yes,20.556164383561644,349,E,J,R
2023,15,446,Chicago Cubs,Ty Johnson,795,P,2001-09-25,R-R,,Ball State,MAC,0,,125000,0,No,,False,4YR JR,No,Yes,21.8,349,E,K,R
2023,15,447,Minnesota Twins,Spencer Bengard,796,P,2002-04-19,R-R,,California Baptist U,,0,,100000,0,No,,False,4YR JR,No,Yes,21.235616438356164,349,E,K,R
2023,15,448,Boston Red Sox,Phoenix Call,223,SS,2004-08-23,R-R,UCLA,Calabasas HS,,0,,,0,No,,True,HS SR,No,No,18.887671232876713,-225,E,H,O
2023,15,449,Chicago White Sox,Carlton Perkins,797,P,2002-11-09,R-R,,Cowley County CC,,0,,150000,0,No,,False,JC J2,Yes,Yes,20.676712328767124,348,E,J,R
2023,15,450,San Francisco Giants,Dylan Carmouche,670,P,2001-08-22,S-L,,Tulane,AAC,0,,150000,0,No,,False,4YR JR,No,Yes,21.893150684931506,220,E,K,R
2023,15,451,Baltimore Orioles,Qrey Lott,798,OF,2004-11-10,R-R,,Lowndes HS,,0,,,0,No,,True,HS SR,No,No,18.671232876712327,347,E,H,R
2023,15,452,Milwaukee Brewers,Josh Adamczewski,799,SS,2005-05-10,L-R,,Lake Central HS,,0,,252500,102500,No,0.9423076923076923,True,HS SR,No,Yes,18.175342465753424,347,E,H,R
2023,15,453,Tampa Bay Rays,Will Stevens,800,P,2001-07-18,R-R,,Tarleton State,WAC,0,,150000,0,No,,False,4YR SR,No,Yes,21.98904109589041,347,E,K,R
2023,15,454,Toronto Blue Jays,Kelena Sauer,411,P,2002-09-26,R-R,,San Diego State,MWC,0,,150000,0,No,,False,4YR JR,No,Yes,20.797260273972604,-43,E,J,P
2023,15,455,St. Louis Cardinals,Tre Richardson,644,SS,2001-12-02,R-R,,TCU,Big 12,0,,150000,0,No,,False,4YR SR,No,Yes,21.613698630136987,189,E,K,R
2023,15,456,New York Mets,Justin Lawson,801,P,2000-12-01,R-R,,NC State,ACC,0,,125000,0,No,,False,4YR SR,No,Yes,22.616438356164384,345,E,L,R
2023,15,457,Seattle Mariners,Carson Jones,802,OF,2000-09-29,L-L,,Virginia Tech,ACC,0,,150000,0,No,,False,4YR SR,No,Yes,22.78904109589041,345,E,L,R
2023,15,458,Cleveland Guardians,Kyle Scott,803,P,2002-04-16,R-R,,Lackawanna College,,0,,150000,0,No,,False,JC J3,Yes,Yes,21.243835616438357,345,E,K,R
2023,15,459,Atlanta Braves,David Rodriguez,804,P,2001-12-31,L-R,,San Joaquin Delta College,,0,,150000,0,No,,False,JC J3,Yes,Yes,21.534246575342465,345,E,K,R
2023,15,460,Los Angeles Dodgers,Jordan Thompson,246,OF,2000-08-31,R-R,,Texas A&M,SEC,0,,197500,47500,No,0.5192307692307693,False,4YR 5S,No,Yes,22.86849315068493,-214,E,L,O
2023,15,461,San Diego Padres,Zac Addkison,805,P,2002-06-24,R-R,,Marshall,SBC,0,,150000,0,No,,False,4YR JR,No,Yes,21.054794520547944,344,E,K,R
2023,15,462,New York Yankees,Tomas Frick,553,C,2000-10-11,R-R,,North Carolina,ACC,0,,150000,0,No,,False,4YR JR,No,Yes,22.756164383561643,91,E,L,R
2023,15,463,Philadelphia Phillies,Jared Thomas,565,C,2000-12-03,L-R,,Loyola Marymount University,,0,,100000,0,No,,False,4YR JR,No,Yes,22.610958904109587,102,E,L,R
2023,15,464,Houston Astros,Garret Guillemette,382,C,2001-09-04,R-R,,Texas,Big 12,0,,150000,0,No,,False,4YR JR,No,Yes,21.85753424657534,-82,E,K,O
2023,16,465,Washington Nationals,Austin Amaral,312,P,2001-12-04,R-R,,Stetson,ASUN,0,,150000,0,No,,False,4YR JR,No,Yes,21.60821917808219,-153,F,K,O
2023,16,466,Oakland Athletics,Ryan Brown,244,P,2002-10-09,R-R,,Ball State,MAC,0,,140000,0,No,,False,4YR JR,No,Yes,20.76164383561644,-222,F,J,O
2023,16,467,Pittsburgh Pirates,Justin Miknis,806,C,2000-09-06,L-R,,Kent State,MAC,0,,75000,0,No,,False,4YR SR,No,Yes,22.852054794520548,339,F,L,R
2023,16,468,Cincinnati Reds,Bernard Moon,807,SS,2005-04-15,R-R,,Redan HS,,0,,150000,0,No,,True,HS SR,No,Yes,18.243835616438357,339,F,H,R
2023,16,469,Kansas City Royals,Josh Hansell,808,P,2002-02-07,R-R,,Arizona State,Pac-12,0,,150000,0,No,,False,4YR JR,No,Yes,21.43013698630137,339,F,K,R
2023,16,470,Detroit Tigers,Donye Evans,472,P,2002-02-15,R-R,,UNC Charlotte,C-USA,0,,150000,0,No,,False,4YR JR,No,Yes,21.40821917808219,2,F,K,Q
2023,16,471,Texas Rangers,Jake Brown,105,P,2005-01-12,L-L,LSU,Sulphur HS,,0,,,0,No,,True,HS SR,No,No,18.4986301369863,-366,F,H,O
2023,16,472,Colorado Rockies,Austin Emener,809,P,2002-06-01,L-L,,East Tennessee St U,,0,,150000,0,No,,False,4YR JR,No,Yes,21.117808219178084,337,F,K,R
2023,16,473,Miami Marlins,Kevin Vaupel,810,P,2001-08-03,R-L,,Seton Hill University,,0,,75000,0,No,,False,4YR SR,No,Yes,21.945205479452056,337,F,K,R
2023,16,474,Los Angeles Angels,Rio Foster,811,--,2003-06-18,R-R,,Florence-Darlington Tech,,0,,100000,0,No,,False,JC J1,Yes,Yes,20.07123287671233,337,F,J,R
2023,16,475,Arizona Diamondbacks,Matthew Linskey,812,P,2002-04-19,R-R,,Rice,C-USA,0,,150000,0,No,,False,4YR JR,No,Yes,21.235616438356164,337,F,K,R
2023,16,476,Chicago Cubs,Daniel Brown,634,P,2002-10-22,L-L,,Campbell University,Big South,0,,150000,0,No,,False,4YR SR,No,Yes,20.726027397260275,158,F,J,R
2023,16,477,Minnesota Twins,Anthony Silvas,813,P,2002-09-02,R-R,,Riverside CC,,0,,100000,0,No,,False,JC J2,Yes,Yes,20.863013698630137,336,F,J,R
2023,16,478,Boston Red Sox,Isaac Stebens,814,P,2001-12-05,L-R,,Oklahoma State,Big 12,0,,150000,0,No,,False,4YR JR,No,Yes,21.605479452054794,336,F,K,R
2023,16,479,Chicago White Sox,Weston Eberly,815,C,2001-01-07,R-R,,Columbia,,0,,150000,0,No,,False,4YR SR,No,Yes,22.515068493150686,336,F,L,R
2023,16,480,San Francisco Giants,Justin Wishkoski,668,3B,2001-01-19,R-R,,Sam Houston,C-USA,0,,125000,0,No,,False,4YR SR,No,Yes,22.482191780821918,188,F,L,R
2023,16,481,Baltimore Orioles,Cole Urman,676,C,2001-07-28,R-R,,Cal State Fullerton,Big West,0,,150000,0,No,,False,4YR SR,No,Yes,21.96164383561644,195,F,K,R
2023,16,482,Milwaukee Brewers,Josh Timmerman,816,P,2002-08-04,R-R,,Ohio State,Big Ten,0,,150000,0,No,,False,4YR JR,No,Yes,20.942465753424656,334,F,J,R
2023,16,483,Tampa Bay Rays,Wooyeoul Shin,817,1B,2001-12-30,R-R,,Miami Dade College,,0,,150000,0,No,,False,JC J2,Yes,Yes,21.53698630136986,334,F,K,R
2023,16,484,Toronto Blue Jays,Jackson Hornung,818,C,2001-02-06,R-R,,Skidmore Col,,0,,150000,0,No,,False,4YR SR,No,Yes,22.432876712328767,334,F,L,R
2023,16,485,St. Louis Cardinals,Tyler Bradt,447,P,2001-02-11,R-R,,East Carolina,AAC,0,,75000,0,No,,False,4YR SR,No,Yes,22.41917808219178,-38,F,L,P
2023,16,486,New York Mets,Jake Zitella,646,3B,2005-02-24,R-R,Illinois,St Charles East HS,,0,,200000,50000,No,0.5384615384615384,True,HS SR,No,Yes,18.38082191780822,160,F,H,R
2023,16,487,Seattle Mariners,Caleb Cali,819,3B,2000-08-20,R-R,,Arkansas,SEC,0,,150000,0,No,,False,4YR SR,No,Yes,22.898630136986302,332,F,L,R
2023,16,488,Cleveland Guardians,Mac Heuer,208,P,2004-07-07,R-R,Texas Tech,Georgia Home Education Association,,0,,,0,No,,True,HS SR,No,No,19.016438356164382,-280,F,I,O
2023,16,489,Atlanta Braves,Isaac Gallegos,669,P,2002-09-17,R-R,,New Mexico,MWC,0,,100000,0,No,,False,4YR JR,No,Yes,20.82191780821918,180,F,J,R
2023,16,490,Los Angeles Dodgers,Javen Coleman,820,P,2001-12-03,L-L,,LSU,SEC,0,,,0,No,,False,4YR JR,No,No,21.610958904109587,330,F,K,R
2023,16,491,San Diego Padres,Sam Whiting,821,P,2000-12-15,R-R,,UC Santa Barbara,Big West,0,,150000,0,No,,False,4YR SR,No,Yes,22.578082191780823,330,F,L,R
2023,16,492,New York Yankees,Andrew Landry,822,P,2002-02-20,R-R,,Southeastern Louisiana University,,0,,150000,0,No,,False,4YR JR,No,Yes,21.394520547945206,330,F,K,R
2023,16,493,Philadelphia Phillies,Luke Russo,823,P,2001-02-21,L-R,,Eastern Michigan,MAC,0,,100000,0,No,,False,4YR SR,No,Yes,22.39178082191781,330,F,L,R
2023,16,494,Houston Astros,Will Bush,824,C,2004-03-04,L-R,,Tyler JC,,0,,150000,0,No,,False,JC J1,Yes,Yes,19.35890410958904,330,F,I,R
2023,17,495,Washington Nationals,Merrick Baldo,825,P,2000-07-17,R-R,,Loyola Marymount University,,0,,100000,0,No,,False,4YR SR,No,Yes,22.991780821917807,330,F,L,R
2023,17,496,Oakland Athletics,Colby Halter,323,SS,2001-08-24,L-R,,Florida,SEC,0,,125000,0,No,,False,4YR JR,No,Yes,21.887671232876713,-173,F,K,O
2023,17,497,Pittsburgh Pirates,Daniel Cuvet,218,3B,2005-05-13,R-R,Miami,Florida Virtual School,,0,,,0,No,,True,HS SR,No,No,18.167123287671235,-279,F,H,O
2023,17,498,Cincinnati Reds,JeanPierre Ortiz,826,TWP,2004-02-18,R-R,,Chipola College,,0,,,0,No,,False,JC J1,Yes,No,19.4,328,F,I,R
2023,17,499,Kansas City Royals,Connor Oliver,827,P,2001-05-26,L-L,,Miami University,,0,,100000,0,No,,False,4YR SR,No,Yes,22.134246575342466,328,F,L,R
2023,17,500,Detroit Tigers,Bradley Stewart,828,P,2004-09-15,L-L,,Cooper City HS,,0,,,0,No,,True,HS SR,No,No,18.824657534246576,328,F,H,R
2023,17,501,Texas Rangers,Kamdyn Perry,647,P,2005-08-09,R-R,St. Mary's,Bishop Gorman HS,,0,,160000,10000,No,0.23076923076923078,True,HS SR,No,Yes,17.926027397260274,146,F,G,R
2023,17,502,Colorado Rockies,Aidan Longwell,547,OF,2001-10-17,L-L,,Kent State,MAC,0,,130000,0,No,,False,4YR JR,No,Yes,21.73972602739726,45,F,K,Q
2023,17,503,Miami Marlins,Mark Coley,829,OF,2000-11-22,R-R,,University of Rhode Island,,0,,50000,0,No,,False,4YR 5S,No,Yes,22.64109589041096,326,F,L,R
2023,17,504,Los Angeles Angels,Logan Britt,830,P,2000-07-16,R-R,,Abilene Christian,,0,,150000,0,No,,False,4YR SR,No,Yes,22.994520547945207,326,F,L,R
2023,17,505,Arizona Diamondbacks,Carlos Rey,549,P,2002-05-19,L-L,,Nova Southeastern University,,0,,100000,0,No,,False,4YR JR,No,Yes,21.153424657534245,44,F,K,Q
2023,17,506,Chicago Cubs,Ethan Flanagan,405,P,2002-06-05,L-L,,UCLA,Pac-12,0,,150000,0,No,,False,4YR SO,No,Yes,21.106849315068494,-101,F,K,O
2023,17,507,Minnesota Twins,Kade Bragg,831,P,2001-07-02,R-L,,Angelo State,DII,0,,100000,0,No,,False,4YR SR,No,Yes,22.03287671232877,324,F,L,R
2023,17,508,Boston Red Sox,Dylan Schlaegel,557,OF,2004-09-17,R-R,,Legacy HS,,0,,,0,No,,True,HS SR,No,No,18.81917808219178,49,F,H,Q
2023,17,509,Chicago White Sox,Mikey Kane,491,SS,2001-07-11,R-R,,Oregon State,Pac-12,0,,150000,0,No,,False,4YR JR,No,Yes,22.008219178082193,-18,F,L,P
2023,17,510,San Francisco Giants,Drew Cavanaugh,832,C,2002-01-27,L-R,,Florida Southern,DII,0,,50000,0,No,,False,4YR SO,No,Yes,21.46027397260274,322,F,K,R
2023,17,511,Baltimore Orioles,Zane Barnhart,833,P,2002-05-30,R-R,,Hillsdale College,,0,,,0,No,,False,4YR JR,No,No,21.123287671232877,322,F,K,R
2023,17,512,Milwaukee Brewers,Jacob Gholston,311,P,2004-12-15,R-R,Oklahoma,Flower Mound HS,,0,,,0,No,,True,HS SR,No,No,18.575342465753426,-201,F,H,O
2023,17,513,Tampa Bay Rays,Hayden Snelsire,834,P,2001-01-16,R-R,,Randolph-Macon College,,0,,,0,No,,False,4YR SR,No,No,22.49041095890411,321,F,L,R
2023,17,514,Toronto Blue Jays,Sam Kulasingam,835,1B,2001-07-10,S-R,,Air Force,,0,,,0,No,,False,4YR JR,No,No,22.01095890410959,321,F,L,R
2023,17,515,St. Louis Cardinals,Trey Paige,836,3B,2000-11-09,L-R,,Delaware State University,,0,,,0,No,,False,4YR SR,No,No,22.676712328767124,321,F,L,R
2023,17,516,New York Mets,Bryce Jenkins,837,P,2001-04-03,R-R,,Tennessee,SEC,0,,,0,No,,False,4YR SR,No,No,22.279452054794522,321,F,L,R
2023,17,517,Seattle Mariners,Jacob Sharp,838,C,2001-09-15,R-R,,UNLV,MWC,0,,,0,No,,False,4YR JR,No,No,21.827397260273973,321,F,K,R
2023,17,518,Cleveland Guardians,Barrett Riebock,839,OF,2002-07-30,L-L,,Paris JC,,0,,,0,No,,False,JC J2,Yes,No,20.956164383561642,321,F,J,R
2023,17,519,Atlanta Braves,Kade Kern,175,OF,2001-09-18,R-R,,Ohio State,Big Ten,0,,,0,No,,False,4YR JR,No,No,21.81917808219178,-344,F,K,O
2023,17,520,Los Angeles Dodgers,Luke Fox,613,P,2002-01-04,L-L,,Duke,ACC,0,,,0,No,,False,4YR JR,No,No,21.523287671232875,93,F,K,R
2023,17,521,San Diego Padres,Eric Yost,840,P,2002-10-15,R-R,,Northeastern,CAA,0,,,0,No,,False,4YR JR,No,No,20.745205479452054,319,F,J,R
2023,17,522,New York Yankees,Wilson Rodriguez,841,OF,2004-09-10,L-L,,Academia Presbiteriana HS,,0,,,0,No,,True,HS SR,No,No,18.838356164383562,319,F,H,R
2023,17,523,Philadelphia Phillies,AJ Shaver,842,OF,2001-10-08,R-R,,Florida SouthWestern State College,,0,,,0,No,,False,JC J3,Yes,No,21.764383561643836,319,F,K,R
2023,17,524,Houston Astros,Colby Langford,843,P,2002-04-30,L-L,,Murray State Col,,0,,,0,No,,False,JC J2,Yes,No,21.205479452054796,319,F,K,R
2023,18,525,Washington Nationals,Nate Rombach,844,C,2000-11-26,R-R,,Dallas Baptist,MVC,0,,,0,No,,False,4YR SR,No,No,22.63013698630137,319,F,L,R
2023,18,526,Oakland Athletics,Derrick Tarpley,845,OF,2005-08-04,R-R,,Brownsville Area HS,,0,,,0,No,,True,HS SR,No,No,17.93972602739726,319,F,G,R
2023,18,527,Pittsburgh Pirates,Kalae Harrison,846,SS,2002-06-05,L-R,,NC State,ACC,0,,,0,No,,False,4YR JR,No,No,21.106849315068494,319,F,K,R
2023,18,528,Cincinnati Reds,Drew Pestka,847,P,2004-05-18,R-R,,John A. Logan College,,0,,,0,No,,False,JC J1,Yes,No,19.153424657534245,319,F,I,R
2023,18,529,Kansas City Royals,Stone Russell,848,C,2004-06-17,R-R,,IMG Academy,,0,,,0,No,,True,HS SR,No,No,19.07123287671233,319,F,I,R
2023,18,530,Detroit Tigers,Ethan Farris,849,3B,2005-01-20,R-R,,Cypress Woods HS,,0,,,0,No,,True,HS SR,No,No,18.476712328767125,319,F,H,R
2023,18,531,Texas Rangers,Brendan Morse,850,P,2004-05-24,R-R,,Niagara County CC,,0,,,0,No,,False,JC J1,Yes,No,19.136986301369863,319,F,I,R
2023,18,532,Colorado Rockies,Yanzel Correa,851,P,2004-12-17,S-R,,International Baseball Academy,,0,,,0,No,,True,HS SR,No,No,18.56986301369863,319,F,H,R
2023,18,533,Miami Marlins,Tristan Dietrich,233,P,2005-01-06,R-L,Florida International,Owen J. Roberts HS,,0,,,0,No,,True,HS SR,No,No,18.515068493150686,-300,F,H,O
2023,18,534,Los Angeles Angels,Dalton Kendrick,852,P,2000-09-26,L-L,,University of Memphis,AAC,0,,,0,No,,False,4YR SR,No,No,22.797260273972604,318,F,L,R
2023,18,535,Arizona Diamondbacks,Alec Baker,853,P,1999-12-04,R-R,,Dallas Baptist,MVC,0,,,0,No,,False,4YR 5S,No,No,23.610958904109587,318,F,M,R
2023,18,536,Chicago Cubs,Brian Kalmer,499,3B,2000-08-17,R-R,,Gonzaga,WCC,0,,,0,No,,False,4YR SR,No,No,22.90684931506849,-37,F,L,P
2023,18,537,Minnesota Twins,Hector Garcia,854,P,2001-10-12,R-R,,Hope International U,,0,,,0,No,,False,4YR SR,No,No,21.753424657534246,317,F,K,R
2023,18,538,Boston Red Sox,Zach Fogell,855,P,2000-07-23,L-L,,Connecticut,Big East,0,,,0,No,,False,4YR GR,No,No,22.975342465753425,317,F,L,R
2023,18,539,Chicago White Sox,Anthony Imhoff,856,P,2001-10-03,L-L,,Pima CC,,0,,,0,No,,False,JC J3,Yes,No,21.778082191780822,317,F,K,R
2023,18,540,San Francisco Giants,Michael Rodriguez,857,P,2000-01-08,L-L,,North Greenville University,,0,,,0,No,,False,4YR JR,No,No,23.515068493150686,317,F,M,R
2023,18,541,Baltimore Orioles,Tanner Witt,55,P,2002-07-11,R-R,,Texas,Big 12,0,,,0,No,,False,4YR JR,No,No,21.008219178082193,-486,F,K,O
2023,18,542,Milwaukee Brewers,Dylan Watts,858,P,2004-07-15,R-R,,Tacoma CC,,0,,,0,No,,False,JC J1,Yes,No,18.994520547945207,316,F,H,R
2023,18,543,Tampa Bay Rays,Jeremy Pilon,576,P,2005-09-11,L-L,Alabama,Ecole Secondaire du Chene-Bleu,,0,,172500,22500,No,0.3269230769230769,True,HS SR,No,Yes,17.835616438356166,33,F,G,Q
2023,18,544,Toronto Blue Jays,Chase Brunson,859,OF,2005-07-07,R-R,,San Clemente HS,,0,,,0,No,,True,HS SR,No,No,18.016438356164382,315,F,H,R
2023,18,545,St. Louis Cardinals,Hunter Kublick,860,P,2003-07-01,R-R,,Umpqua CC,,0,,150000,0,No,,False,JC J2,Yes,Yes,20.035616438356165,315,F,J,R
2023,18,546,New York Mets,Gavyn Jones,238,P,2004-09-13,L-L,Texas Tech,White Oak HS,,0,,,0,No,,True,HS SR,No,No,18.83013698630137,-308,F,H,O
2023,18,547,Seattle Mariners,Daniel Ouderkirk,861,P,2000-03-16,R-R,,Penn State,Big Ten,0,,50000,0,No,,False,4YR GR,No,Yes,23.328767123287673,314,F,M,R
2023,18,548,Cleveland Guardians,Matt Jachec,679,P,2001-07-25,R-R,,Indiana State,,0,,50000,0,No,,False,4YR SR,No,Yes,21.96986301369863,131,F,K,R
2023,18,549,Atlanta Braves,Cam Magee,862,SS,2002-06-01,L-R,,Washington State,Pac-12,0,,150000,0,No,,False,4YR SO,No,Yes,21.117808219178084,313,F,K,R
2023,18,550,Los Angeles Dodgers,Sterling Patick,863,P,2005-06-09,L-L,,South Hills HS,,0,,347500,197500,No,1.6730769230769231,True,HS SR,No,Yes,18.09315068493151,313,F,H,R
2023,18,551,San Diego Padres,Harry Gustin,864,P,2002-05-06,S-L,,Hawaii,Big West,0,,150000,0,No,,False,4YR SO,No,Yes,21.18904109589041,313,F,K,R
2023,18,552,New York Yankees,Coby Morales,865,OF,2001-12-05,L-R,,Washington,Pac-12,0,,150000,0,No,,False,4YR JR,No,Yes,21.605479452054794,313,F,K,R
2023,18,553,Philadelphia Phillies,Ethan Chenault,438,P,2001-03-28,R-R,,UNC Wilmington,CAA,0,,125000,0,No,,False,4YR JR,No,Yes,22.295890410958904,-115,F,L,O
2023,18,554,Houston Astros,Derek True,866,P,2001-04-25,R-R,,Cal Poly,Big West,0,,100000,0,No,,False,4YR JR,No,Yes,22.21917808219178,312,F,L,R
2023,19,555,Washington Nationals,James Ellwanger,109,P,2004-05-15,R-R,Dallas Baptist,Magnolia West HS,,0,,,0,No,,True,HS SR,No,No,19.161643835616438,-446,F,I,O
2023,19,556,Oakland Athletics,Derek Salata,867,P,1999-12-13,R-R,,Illinois State,MVC,0,,,0,No,,False,4YR 5S,No,No,23.586301369863012,311,F,M,R
2023,19,557,Pittsburgh Pirates,Tyler Kennedy,868,P,2002-06-07,R-R,,Florida SouthWestern State College,,0,,172500,22500,No,0.3269230769230769,False,JC J2,Yes,Yes,21.101369863013698,311,F,K,R
2023,19,558,Cincinnati Reds,Herick Hernandez,869,P,2003-08-11,L-L,,Miami Dade College,,0,,,0,No,,False,JC J2,Yes,No,19.923287671232877,311,F,I,R
2023,19,559,Kansas City Royals,Donovan LaSalle,870,OF,2004-12-16,R-R,,Barbe HS,,0,,,0,No,,True,HS SR,No,No,18.572602739726026,311,F,H,R
2023,19,560,Detroit Tigers,Blake Pivaroff,871,P,2001-06-01,L-R,,Arizona State,Pac-12,0,,,0,No,,False,4YR JR,No,No,22.117808219178084,311,F,L,R
2023,19,561,Texas Rangers,Elijah Ickes,872,OF,2005-02-11,R-R,,Kamehameha HS,,0,,,0,No,,True,HS SR,No,No,18.416438356164385,311,F,H,R
2023,19,562,Colorado Rockies,Kannon Handy,873,P,2000-06-01,L-L,,Colorado Mesa U,,0,,100000,0,No,,False,4YR SR,No,Yes,23.117808219178084,311,F,M,R
2023,19,563,Miami Marlins,Johnny Olmstead,874,3B,2000-07-10,R-R,,USC,Pac-12,0,,25000,0,No,,False,4YR 5S,No,Yes,23.01095890410959,311,F,M,R
2023,19,564,Los Angeles Angels,Raudi Rodriguez,875,OF,2003-07-07,R-R,,Georgia Premier Academy,,0,,100000,0,No,,True,HS SR,No,Yes,20.019178082191782,311,F,J,R
2023,19,565,Arizona Diamondbacks,Wyatt Crenshaw,876,2B,2000-04-21,L-R,,Arizona St U,,0,,5000,0,No,,False,4YR 5S,No,Yes,23.23013698630137,311,F,M,R
2023,19,566,Chicago Cubs,Nick Dean,551,P,2000-12-26,R-R,,Maryland,Big Ten,0,,75000,0,No,,False,4YR SR,No,Yes,22.54794520547945,-15,F,L,P
2023,19,567,Minnesota Twins,Sam Parker,877,1B,2004-10-13,L-L,,Kennesaw Mountain HS,,0,,,0,No,,True,HS SR,No,No,18.747945205479454,310,F,H,R
2023,19,568,Boston Red Sox,Stanley Tucker,878,OF,2002-04-22,R-R,,Texas A&M,SEC,0,,150000,0,No,,False,4YR JR,No,Yes,21.22739726027397,310,F,K,R
2023,19,569,Chicago White Sox,Caden Connor,582,OF,2000-08-02,L-L,,Cal State Fullerton,Big West,0,,100000,0,No,,False,4YR SR,No,Yes,22.947945205479453,13,F,L,Q
2023,19,570,San Francisco Giants,Tom Kane,879,P,2001-10-31,L-L,,Maryland,Big Ten,0,,75000,0,No,,False,4YR JR,No,Yes,21.7013698630137,309,F,K,R
2023,19,571,Baltimore Orioles,Kollin Ritchie,635,SS,2004-09-27,L-R,,Atoka HS,,0,,,0,No,,True,HS SR,No,No,18.791780821917808,64,F,H,R
2023,19,572,Milwaukee Brewers,Isaac Morton,880,P,2004-09-14,R-R,,Spring Lake Park HS,,0,,,0,No,,True,HS SR,No,No,18.827397260273973,308,F,H,R
2023,19,573,Tampa Bay Rays,Owen Stevenson,881,P,2002-09-01,R-R,,Arizona State,Pac-12,0,,197500,47500,No,0.5192307692307693,False,4YR JR,No,Yes,20.865753424657534,308,F,J,R
2023,19,574,Toronto Blue Jays,Aaron Munson,882,P,2002-03-15,L-R,,Angelo St U,,0,,100000,0,No,,False,4YR JR,No,Yes,21.33150684931507,308,F,K,R
2023,19,575,St. Louis Cardinals,Graysen Tarlow,883,C,2001-07-07,R-R,,Cal State Northridge,Big West,0,,125000,0,No,,False,4YR JR,No,Yes,22.019178082191782,308,F,L,R
2023,19,576,New York Mets,Christian Little,174,P,2003-07-05,R-R,,LSU,SEC,0,,,0,No,,False,4YR JR,No,No,20.024657534246575,-402,F,J,O
2023,19,577,Seattle Mariners,Charlie Pagliarini,884,3B,2000-12-12,L-R,,Fairfield,MAAC,0,,,0,No,,False,4YR SR,No,No,22.586301369863012,307,F,L,R
2023,19,578,Cleveland Guardians,Josh Harlow,885,P,2001-04-18,R-R,,Mercer U,,0,,100000,0,No,,False,4YR SR,No,Yes,22.23835616438356,307,F,L,R
2023,19,579,Atlanta Braves,Riley Frey,436,P,2002-04-19,L-L,,Milwaukee,,0,,,0,No,,False,4YR JR,No,No,21.235616438356164,-143,F,K,O
2023,19,580,Los Angeles Dodgers,Spencer Green,652,P,2004-10-28,R-R,Oregon State,Richland HS,,0,,150000,0,No,,True,HS SR,No,Yes,18.706849315068492,72,F,H,R
2023,19,581,San Diego Padres,Adler Cecil,654,P,2005-05-01,L-L,Uncommitted,Temecula Valley HS,,0,,175000,25000,No,0.34615384615384615,True,HS SR,No,Yes,18.2,73,F,H,R
2023,19,582,New York Yankees,Cade Austin,886,P,2001-09-28,R-R,,South Carolina,SEC,0,,150000,0,No,,False,4YR JR,No,Yes,21.791780821917808,304,F,K,R
2023,19,583,Philadelphia Phillies,Casey Steward,887,P,2001-08-02,R-R,,Washburn University,,0,,150000,0,No,,False,4YR SR,No,Yes,21.947945205479453,304,F,K,R
2023,19,584,Houston Astros,Andrew Duncan,211,OF,2005-01-03,R-R,Florida State,A3 Academy,,0,,,0,No,,True,HS SR,No,No,18.523287671232875,-373,F,H,O
2023,20,585,Washington Nationals,Isaac Ayon,678,P,2002-06-14,R-R,,Oregon,Pac-12,0,,,0,No,,False,4YR JR,No,No,21.08219178082192,93,F,K,R
2023,20,586,Oakland Athletics,Diego Barrera,888,P,2000-05-05,L-L,,Loyola Marymount University,,0,,,0,No,,False,4YR GR,No,No,23.19178082191781,302,F,M,R
2023,20,587,Pittsburgh Pirates,Peyton Stumbo,889,P,2002-06-28,R-R,,Nevada,MWC,0,,150000,0,No,,False,4YR JR,No,Yes,21.043835616438358,302,F,K,R
2023,20,588,Cincinnati Reds,Gabe Gaeckle,168,P,2004-09-28,R-R,Arkansas,Aptos HS,,0,,,0,No,,True,HS SR,No,No,18.78904109589041,-420,F,H,O
2023,20,589,Kansas City Royals,Blake Wilson,890,SS,2004-09-16,R-R,,Santa Margarita Catholic HS,,0,,,0,No,,True,HS SR,No,No,18.82191780821918,301,F,H,R
2023,20,590,Detroit Tigers,Johnathan Rogers,376,P,2004-09-05,R-R,LA-Lafayette,Tupelo HS,,0,,150000,0,No,,True,HS SR,No,Yes,18.852054794520548,-214,F,H,O
2023,20,591,Texas Rangers,Laif Palmer,202,P,2005-04-13,R-R,Oregon State,Golden HS,,0,,,0,No,,True,HS SR,No,No,18.24931506849315,-389,F,H,O
2023,20,592,Colorado Rockies,Troy Butler,891,P,2003-03-22,R-R,,Herkimer County CC,,0,,100000,0,No,,False,JC J2,Yes,Yes,20.312328767123287,299,F,J,R
2023,20,593,Miami Marlins,Ryan Ignoffo,892,TWP,2000-07-21,R-R,,Eastern Illinois,OVC,0,,75000,0,No,,False,4YR 5S,No,Yes,22.980821917808218,299,F,L,R
2023,20,594,Los Angeles Angels,Mac McCroskey,893,SS,1999-12-31,R-R,,Oral Roberts,Summit,0,,,0,No,,False,4YR 5S,No,No,23.53698630136986,299,F,M,R
2023,20,595,Arizona Diamondbacks,Dominic Voegele,894,P,2005-02-19,R-R,,Columbia HS,,0,,,0,No,,True,HS SR,No,No,18.394520547945206,299,F,H,R
2023,20,596,Chicago Cubs,Drew Bowser,305,3B,2001-10-02,R-R,,Stanford,Pac-12,0,,150000,0,No,,False,4YR JR,No,Yes,21.78082191780822,-291,F,K,O
2023,20,597,Minnesota Twins,Ashton Larson,266,OF,2005-02-13,L-L,LSU,Saint Thomas Aquinas HS,,0,,,0,No,,True,HS SR,No,No,18.410958904109588,-331,F,H,O
2023,20,598,Boston Red Sox,Robert Orloski,625,P,2004-10-06,R-R,Texas San Antonio,Middleton HS,,0,,,0,No,,True,HS SR,No,No,18.767123287671232,27,F,H,Q
2023,20,599,Chicago White Sox,Garrett Wright,621,P,2002-02-11,R-R,,TCU,Big 12,0,,,0,No,,False,4YR JR,No,No,21.41917808219178,22,F,K,Q
2023,20,600,San Francisco Giants,Nadir Lewis,895,OF,2000-11-22,L-L,,Princeton,Ivy,0,,50000,0,No,,False,4YR SR,No,Yes,22.64109589041096,295,F,L,R
2023,20,601,Baltimore Orioles,Jalen Vasquez,896,SS,2002-01-18,L-R,,North Greenville University,,0,,30000,0,No,,False,4YR JR,No,Yes,21.484931506849314,295,F,K,R
2023,20,602,Milwaukee Brewers,Justin Chambers,897,P,2005-08-14,L-L,,Basha HS,,0,,547500,397500,No,3.2115384615384617,True,HS SR,No,Yes,17.912328767123288,295,F,G,R
2023,20,603,Tampa Bay Rays,Max Stanley,410,P,2004-11-20,L-R,Brigham Young,Douglas County HS,,0,,,0,No,,True,HS SR,No,No,18.643835616438356,-193,F,H,O
2023,20,604,Toronto Blue Jays,Kai Peterson,898,P,2002-08-14,L-L,,Sierra JC,,0,,150000,0,No,,False,JC J3,Yes,Yes,20.915068493150685,294,F,J,R
2023,20,605,St. Louis Cardinals,Cameron Johnson,42,P,2005-01-11,L-L,LSU,IMG Academy,,0,,,0,No,,True,HS SR,No,No,18.5013698630137,-563,F,H,O
2023,20,606,New York Mets,Kellum Clark,399,OF,2001-04-21,L-R,,Mississippi State,SEC,0,,150000,0,No,,False,4YR JR,No,Yes,22.23013698630137,-207,F,L,O
2023,20,607,Seattle Mariners,William Watson,899,P,2002-11-07,R-R,,San Joaquin Delta College,,0,,,0,No,,False,JC J2,Yes,No,20.682191780821917,292,F,J,R
2023,20,608,Cleveland Guardians,Ryan Marohn,535,P,2005-03-08,L-L,North Carolina State,Freedom HS,,0,,,0,No,,True,HS SR,No,No,18.34794520547945,-73,F,H,O
2023,20,609,Atlanta Braves,Will King,900,C,2003-09-02,R-R,,Eastern Kentucky U,,0,,,0,No,,False,4YR JR,No,No,19.863013698630137,291,F,I,R
2023,20,610,Los Angeles Dodgers,DJ Uiagalelei,901,P,2001-04-17,R-R,,Oregon St U,,0,,,0,No,,False,4YR GR,No,No,22.24109589041096,291,F,L,R
2023,20,611,San Diego Padres,BY Choi,902,SS,2002-04-30,L-R,,New Mexico Military Institute,,0,,,0,No,,False,JC J2,Yes,No,21.205479452054796,291,F,K,R
2023,20,612,New York Yankees,Bryce Warrecker,388,P,2001-09-13,L-R,,Cal Poly,Big West,0,,150000,0,No,,False,4YR JR,No,Yes,21.832876712328765,-224,F,K,O
2023,20,613,Philadelphia Phillies,Pierce Bennett,417,2B,2001-06-28,R-R,,Wake Forest,ACC,0,,100000,0,No,,False,4YR SR,No,Yes,22.043835616438358,-196,F,L,O
2023,20,614,Houston Astros,Pascanel Ferreras,637,SS,2001-11-25,R-R,,Western Carolina,SoCon,0,,150000,0,No,,False,4YR JR,No,Yes,21.632876712328766,23,F,K,Q
2024,1,1,Cleveland Guardians,Travis Bazzana,2,2B,2002-08-28,L-R,,Oregon St.,Pac-12,10570600,9324737.601015573,8950000,8950000,Yes,-0.15331201634722721,False,4YR JR,No,Yes,21.893150684931506,1,S,K,Q
2024,1,2,Cincinnati Reds,Chase Burns,6,RHP,2003-01-16,R-R,,Wake Forest,ACC,9785000,8631729.27042338,9250000,9250000,Yes,-0.054675523760858456,False,4YR JR,No,Yes,21.506849315068493,4,S,K,Q
2024,1,3,Colorado Rockies,Charlie Condon,1,OF,2003-04-14,R-R,,Georgia,SEC,9070800,9249484.163182821,9250000,9250000,Yes,0.01975569960753186,False,4YR JR,No,Yes,21.265753424657536,-2,S,K,P
2024,1,4,Oakland Athletics,Nick Kurtz,8,1B,2003-03-12,L-L,,Wake Forest,ACC,8370800,7384208.418687792,7000000,7000000,Yes,-0.16375973622592824,False,4YR JR,No,Yes,21.356164383561644,4,S,K,Q
2024,1,5,Chicago White Sox,Hagen Smith,4,LHP,2003-08-19,L-L,,Arkansas,SEC,7763700,7291564.861223292,8000000,8000000,Yes,0.030436518670221673,False,4YR JR,No,Yes,20.91780821917808,-1,S,J,P
2024,1,6,Kansas City Royals,Jac Caglianone,3,1B,2003-02-09,L-L,,Florida,SEC,7213800,7328918.568964753,7497500,7497500,Yes,0.03932740026061161,False,4YR JR,No,Yes,21.44109589041096,-3,T,K,P
2024,1,7,St. Louis Cardinals,JJ Wetherholt,5,SS,2002-09-10,L-R,,West Virginia,Big 12,6823700,6932593.312684686,6900000,6900000,Yes,0.011181617011298856,False,4YR JR,No,Yes,21.85753424657534,-2,T,K,P
2024,1,8,Los Angeles Angels,Christian Moore,24,2B,2002-10-21,R-R,,Tennessee,SEC,6502800,5862983.65854425,4997500,4997500,Yes,-0.23148489881281908,False,4YR JR,No,Yes,21.745205479452054,16,T,K,Q
2024,1,9,Pittsburgh Pirates,Konnor Griffin,9,OF,2006-04-24,R-R,LSU,,,6216600,6188148.603259499,6532025,6532025,Yes,0.05073915001769456,True,HS SR,No,Yes,18.235616438356164,0,T,H,P
2024,1,10,Washington Nationals,Seaver King,13,SS,2003-04-25,R-R,,Wake Forest,ACC,5953800,5368000.26238555,5150000,5150000,Yes,-0.1350062145184588,False,4YR JR,No,Yes,21.235616438356164,3,T,K,Q
2024,1,11,Detroit Tigers,Bryce Rainer,10,SS,2005-07-03,L-R,Texas,,,5712100,5436355.426902867,5797500,5797500,Yes,0.014950718649883581,True,HS SR,No,Yes,19.043835616438358,-1,U,I,P
2024,1,12,Boston Red Sox,Braden Montgomery,7,OF,2003-04-26,S-R,,Texas A&M,SEC,5484600,5153012.694781123,5000000,5000000,Yes,-0.08835648907851074,False,4YR JR,No,Yes,21.232876712328768,-5,U,K,P
2024,1,13,San Francisco Giants,James Tibbs,12,1B,2002-10-01,L-L,,Florida St.,ACC,5272300,4953547.903346555,4747500,4747500,Yes,-0.09953910058228857,False,4YR SR,No,Yes,21.8,-1,U,K,P
2024,1,14,Chicago Cubs,Cam Smith,14,3B,2003-02-22,R-R,,Florida St.,ACC,5070700,4764136.212563658,5070700,5070700,Yes,0,False,4YR SO,No,Yes,21.405479452054795,0,U,K,P
2024,1,15,Seattle Mariners,Jurrangelo Cijntje,33,SHP,2003-05-31,S-S,,Mississippi St.,SEC,4880900,4460634.085918156,4880900,4880900,Yes,0,False,4YR SO,No,Yes,21.136986301369863,18,U,K,Q
2024,1,16,Miami Marlins,P.J. Morlando,40,1B,2005-05-16,L-R,South Carolina,,,4704700,4641011.580771646,3400000,3400000,Yes,-0.27731842625459646,True,HS SR,No,Yes,19.175342465753424,24,V,I,Q
2024,1,17,Milwaukee Brewers,Braylon Payne,62,OF,2006-08-14,L-L,Houston,,,4534100,4472721.025437694,3440000,3440000,Yes,-0.2413047793387883,True,HS SR,No,Yes,17.92876712328767,45,V,G,Q
2024,1,18,Tampa Bay Rays,Theodore Gillen,21,SS,2005-09-12,L-R,Texas,,,4372900,3688881.6609410127,4370400,4370400,Yes,-0.0005717029888632258,True,HS SR,No,Yes,18.84931506849315,3,V,H,Q
2024,1,19,New York Mets,Carson Benge,17,OF,2003-01-20,L-R,,Oklahoma St.,Big 12,4219200,4421119.233496157,3997500,3997500,Yes,-0.05254550625711035,False,4YR JR,No,Yes,21.495890410958904,-2,V,K,P
2024,1,20,Toronto Blue Jays,Trey Yesavage,11,RHP,2003-07-28,R-R,,East Carolina,AAC,4073400,4018257.609011249,4175000,4175000,Yes,0.02494230863651986,False,4YR JR,No,Yes,20.97808219178082,-9,V,J,P
2024,1,21,Minnesota Twins,Kaelen Culpepper,28,SS,2002-12-29,R-R,,Kansas St.,Big 12,3934400,3703168.151309902,3934400,3934400,Yes,0,False,4YR JR,No,Yes,21.556164383561644,7,A,K,Q
2024,1,22,Baltimore Orioles,Vance Honeycutt,16,OF,2003-05-17,R-R,,North Carolina,ACC,3802200,3633228.3365496397,4000000,4000000,Yes,0.05202251328178423,False,4YR JR,No,Yes,21.175342465753424,-6,A,K,P
2024,1,23,Los Angeles Dodgers,Kellon Lindsey,36,SS,2005-09-21,R-R,Florida,,,3676400,3513630.926914524,3297500,3297500,Yes,-0.10306277880535307,True,HS SR,No,Yes,18.824657534246576,13,A,H,Q
2024,1,24,Atlanta Braves,Cam Caminiti,15,LHP,2006-08-08,L-L,LSU,,,3556300,3554293.543967115,3553800,3553800,Yes,-0.0007029778140201895,True,HS SR,No,Yes,17.945205479452056,-9,A,G,P
2024,1,25,San Diego Padres,Kash Mayfield,22,LHP,2005-02-08,L-L,Oklahoma St.,,,3442100,3518158.2592293187,3442100,3442100,Yes,0,True,HS SR,No,Yes,19.44109589041096,-3,A,I,P
2024,1,26,New York Yankees,Ben Hess,44,RHP,2002-09-03,R-R,,Alabama,SEC,3332900,3137019.401052453,2747500,2747500,Yes,-0.17564283356836388,False,4YR JR,No,Yes,21.876712328767123,18,A,K,Q
2024,1,27,Philadelphia Phillies,Dante Nori,81,OF,2004-10-07,L-L,Mississippi St.,,,3228300,3172576.6956795314,2497500,2497500,Yes,-0.2263730136604405,True,HS SR,No,Yes,19.78082191780822,54,A,I,R
2024,1,28,Houston Astros,Walker Janek,25,C,2002-09-24,R-R,,Sam Houston,C-USA,3132500,2993290.138404541,3130000,3130000,Yes,-0.0007980845969672786,False,4YR JR,No,Yes,21.81917808219178,-3,A,K,P
2024,1,29,Arizona Diamondbacks,Slade Caldwell,20,OF,2006-06-18,L-L,Ole Miss,,,3045500,3700090.812236357,3087000,3087000,Yes,0.013626662288622558,True,HS SR,No,Yes,18.084931506849315,-9,A,H,P
2024,1,30,Texas Rangers,Malcolm Moore,23,C,2003-07-31,L-R,,Stanford,Pac-12,2971300,2823575.655479245,3000000,3000000,Yes,0.009659071786760004,False,4YR SO,No,Yes,20.96986301369863,-7,A,J,P
2024,1,31,Arizona Diamondbacks,Ryan Waldschmidt,31,OF,2002-10-07,R-R,,Kentucky,SEC,2904000,2774944.792315016,2904000,2904000,Yes,0,False,4YR JR,No,Yes,21.783561643835615,0,A,K,P
2024,1,32,Baltimore Orioles,Griff O'Ferrall,56,SS,2003-02-02,R-R,,Virginia,ACC,2835400,2668758.381512834,2697500,2697500,Yes,-0.04863511321153982,False,4YR JR,No,Yes,21.46027397260274,24,A,K,Q
2024,1,33,Minnesota Twins,Kyle DeBarge,60,SS,2003-07-15,R-R,,Lafayette,Sun Belt,2766100,2603531.2686402802,2400000,2400000,Yes,-0.1323524095296627,False,4YR JR,No,Yes,21.013698630136986,27,A,K,Q
2024,1,34,Milwaukee Brewers,Blake Burke,52,1B,2003-06-11,L-L,,Tennessee,SEC,2698300,2539715.998037695,2100000,2100000,Yes,-0.2217322017566616,False,4YR JR,No,Yes,21.106849315068494,18,A,K,Q
2024,1,35,Arizona Diamondbacks,J.D. Dix,102,SS,2005-10-12,S-R,Wake Forest,,,2632500,2268069.09645459,2150000,2150000,Yes,-0.18328584995251662,True,HS SR,No,Yes,18.767123287671232,67,A,H,R
2024,1,36,Cleveland Guardians,Braylon Doughty,35,RHP,2005-12-07,R-R,Oklahoma St.,,,2569200,3121416.2911829413,2569200,2569200,Yes,0,True,HS SR,No,Yes,18.613698630136987,-1,A,H,P
2024,1,37,Pittsburgh Pirates,Levi Sterling,51,RHP,2006-09-02,R-R,Texas,,,2511400,2194872.1152595542,2508900,2508900,Yes,-0.0009954606992115952,True,HS SR,No,Yes,17.876712328767123,14,A,G,Q
2024,1,38,Colorado Rockies,Brody Brecht,19,RHP,2002-09-27,R-R,,Iowa,Big Ten,2452200,2343223.009543692,2700000,2700000,Yes,0.1010521164668461,False,4YR JR,No,Yes,21.81095890410959,-19,A,K,P
2024,1,39,Washington Nationals,Caleb Lomavita,29,C,2002-11-18,R-R,,California,Pac-12,2395000,2288565.0060586995,2325000,2325000,Yes,-0.029227557411273485,False,4YR JR,No,Yes,21.66849315068493,-10,A,K,P
2024,2,40,Oakland Athletics,Tommy White,27,3B,2003-03-02,R-R,,LSU,SEC,2332100,2495932.043803781,3000000,3000000,Yes,0.28639423695381844,False,4YR JR,No,Yes,21.383561643835616,-13,B,K,P
2024,2,41,Kansas City Royals,David Shields,55,LHP,2006-09-09,B-L,Miami (FL),,,2278000,4615144.50232792,2300000,2300000,Yes,0.009657594381035996,True,HS SR,No,Yes,17.85753424657534,14,B,G,Q
2024,2,42,Colorado Rockies,Jared Thomas,53,OF,2003-07-01,L-L,,Texas,Big 12,2224700,2071948.0764986475,2000000,2000000,Yes,-0.10100238234368679,False,4YR SO,No,Yes,21.052054794520547,11,B,K,Q
2024,2,43,Chicago White Sox,Caleb Bonemer,47,SS,2005-10-05,R-R,Virginia,,,2172800,3426211.5503238887,2997500,2997500,Yes,0.3795563328424153,True,HS SR,No,Yes,18.786301369863015,4,B,H,Q
2024,2,44,Washington Nationals,Luke Dickerson,67,SS,2005-08-09,R-R,Virginia,,,2122200,3346422.1981302267,3800000,3800000,Yes,0.7905946659127321,True,HS SR,No,Yes,18.942465753424656,23,B,H,Q
2024,2,45,Los Angeles Angels,Chris Cortez,107,RHP,2002-10-06,R-R,,Texas A&M,SEC,2072800,1947666.6957899889,1597500,1597500,Yes,-0.2293033577769201,False,4YR JR,No,Yes,21.786301369863015,62,B,K,R
2024,2,46,New York Mets,Jonathan Santucci,38,LHP,2002-12-28,L-L,,Duke,ACC,2031700,2174428.6837597624,2031700,2031700,Yes,0,False,4YR JR,No,Yes,21.55890410958904,-8,B,K,P
2024,2,47,Pittsburgh Pirates,Wyatt Sanford,34,SS,2005-11-24,L-R,Texas A&M,,,1984800,3193961.481398101,2497500,2497500,Yes,0.25831318016928656,True,HS SR,No,Yes,18.649315068493152,-13,B,H,P
2024,2,48,Cleveland Guardians,Jacob Cozart,43,C,2003-01-09,L-R,,NC State,ACC,1938800,2075002.3783400243,2050000,2050000,Yes,0.057355064988652775,False,4YR JR,No,Yes,21.526027397260275,-5,B,K,P
2024,2,49,Detroit Tigers,Owen Hall,75,RHP,2005-11-14,R-R,Vanderbilt,,,1893700,2986108.6215244606,1747500,1747500,Yes,-0.07720335850451497,True,HS SR,No,Yes,18.676712328767124,26,B,H,Q
2024,2,50,Boston Red Sox,Payton Tolle,70,LHP,2002-11-01,L-L,,TCU,Big 12,1846400,1719622.838336451,2000000,2000000,Yes,0.0831889081455806,False,4YR JR,No,Yes,21.715068493150685,20,B,K,Q
2024,2,51,Cincinnati Reds,Tyson Lewis,39,SS,2006-01-10,L-R,Arkansas,,,1804900,2904464.468850984,3047500,3047500,Yes,0.6884591944152031,True,HS SR,No,Yes,18.52054794520548,-12,B,H,P
2024,2,52,San Diego Padres,Boston Bateman,72,LHP,2005-09-20,R-L,LSU,,,1762500,2779223.977101369,2500000,2500000,Yes,0.41843971631205673,True,HS SR,No,Yes,18.827397260273973,20,B,H,Q
2024,2,53,New York Yankees,Bryce Cunningham,45,RHP,2002-12-20,R-R,,Vanderbilt,SEC,1721200,1842115.789972586,2297500,2297500,Yes,0.3348245410178945,False,4YR JR,No,Yes,21.58082191780822,-8,B,K,P
2024,2,54,Chicago Cubs,Cole Mathis,85,1B,2003-07-25,R-R,,Col. of Charleston,CAA,1681200,1776270.3096131017,1681200,1681200,Yes,0,False,4YR JR,No,Yes,20.986301369863014,31,B,J,Q
2024,2,55,Seattle Mariners,Ryan Sloan,26,RHP,2006-01-29,R-R,Wake Forest,,,1641800,2642002.1967751924,3000000,3000000,Yes,0.8272627603849434,True,HS SR,No,Yes,18.46849315068493,-29,B,H,P
2024,2,56,Miami Marlins,Carter Johnson,37,SS,2006-02-22,L-R,Alabama,,,1603400,2580208.504269304,2800000,2800000,Yes,0.7462891355868779,True,HS SR,No,Yes,18.4027397260274,-19,B,H,P
2024,2,57,Milwaukee Brewers,Bryce Meccage,58,RHP,2006-03-21,B-R,Virginia,,,1562100,2463220.297662439,2500000,2500000,Yes,0.6004097048844504,True,HS SR,No,Yes,18.328767123287673,1,B,H,Q
2024,2,58,Tampa Bay Rays,Emilien Pitre,166,2B,2002-10-04,L-R,,Kentucky,SEC,1525200,1433124.876697651,1522700,1522700,Yes,-0.0016391292945187516,False,4YR JR,No,Yes,21.791780821917808,108,B,K,R
2024,2,59,Toronto Blue Jays,Khal Stephen,99,RHP,2002-12-21,R-R,,Mississippi St.,SEC,1489000,1386762.5683941592,1116750,1116750,Yes,-0.25,False,4YR JR,No,Yes,21.578082191780823,40,B,K,Q
2024,2,60,Minnesota Twins,Billy Amick,32,3B,2002-11-04,R-R,,Tennessee,SEC,1453700,1555823.6834087546,1453700,1453700,Yes,0,False,4YR JR,No,Yes,21.706849315068492,-28,B,K,P
2024,2,61,Baltimore Orioles,Ethan Anderson,78,1B,2003-09-21,S-R,,Virginia,ACC,1418900,1499137.4865037056,1172500,1172500,Yes,-0.17365564874198322,False,4YR JR,No,Yes,20.827397260273973,17,B,J,Q
2024,2,62,Atlanta Braves,Carter Holton,57,LHP,2002-09-04,L-L,,Vanderbilt,SEC,1385000,1482297.4489379686,1347500,1347500,Yes,-0.02707581227436823,False,4YR JR,No,Yes,21.873972602739727,-5,B,K,P
2024,2,63,Philadelphia Phillies,Griffin Burkholder,49,OF,2005-08-30,R-R,West Virginia,,,1352000,2175652.923644817,2497500,2497500,Yes,0.8472633136094675,True,HS SR,No,Yes,18.884931506849316,-14,B,H,P
2024,2,64,Arizona Diamondbacks,Ivan Luciano,592,C,2006-11-24,L-R,Miami (Ohio),,,1319200,928680.0441569763,990000,990000,Yes,-0.2495451788963008,True,HS SR,No,Yes,17.649315068493152,528,B,G,R
2024,2,65,Texas Rangers,Dylan Dreiling,68,OF,2003-04-17,L-L,,Tennessee,SEC,1287600,1199191.056456897,1287600,1287600,Yes,0,False,4YR SO,No,Yes,21.257534246575343,3,B,K,Q
2024,2,66,Tampa Bay Rays,Tyler Bell,65,SS,2005-06-30,B-R,Kentucky,,,1260200,2770368.736002128,,,Yes,,True,HS SR,No,No,19.052054794520547,-1,B,I,P
2024,2,67,Milwaukee Brewers,Chris Levonas,69,RHP,2006-02-11,L-R,Wake Forest,,,1226800,1934497.5745293386,,,Yes,,True,HS SR,No,No,18.432876712328767,2,B,H,Q
2024,2,68,Chicago White Sox,Blake Larson,105,LHP,2006-02-17,L-L,TCU,,,1197200,1887822.3803607142,1397500,1397500,Yes,0.1673070497828266,True,HS SR,No,Yes,18.416438356164385,37,B,H,Q
2024,2,69,Minnesota Twins,Dasan Hill,61,LHP,2005-12-25,R-L,DBU,,,1168000,1879558.147054102,1997500,1997500,Yes,0.7101883561643836,True,HS SR,No,Yes,18.564383561643837,-8,B,H,P
2024,2,70,Milwaukee Brewers,Aiden May,80,RHP,2003-04-22,R-R,,Oregon St.,Pac-12,1139100,1060887.3348944169,900000,900000,Yes,-0.20990255464840663,False,4YR JR,No,Yes,21.243835616438357,10,B,K,Q
2024,2,71,Cincinnati Reds,Luke Holman,42,RHP,2003-01-06,R-R,,LSU,SEC,1110600,1188620.6114010888,997500,997500,Yes,-0.1018368449486764,False,4YR JR,No,Yes,21.534246575342465,-29,B,K,P
2024,2,72,Detroit Tigers,Ethan Scheifelbein,74,LHP,2006-04-11,L-L,UCLA,,,1093600,1724459.2007705288,1797500,1797500,Yes,0.6436539868324799,True,HS SR,No,Yes,18.27123287671233,2,B,H,Q
2024,2,73,Oakland Athletics,Gage Jump,64,LHP,2003-04-12,L-L,,LSU,SEC,1076900,1152553.1572283744,2000000,2000000,Yes,0.8571826539140125,False,4YR SO,No,Yes,21.27123287671233,-9,B,K,P
2024,2,74,Los Angeles Angels,Ryan Johnson,46,RHP,2002-08-05,S-R,,DBU,MVC,1060300,1134786.992858432,1747500,1747500,Yes,0.6481184570404602,False,4YR JR,No,Yes,21.956164383561642,-28,B,K,P
2024,3,75,Oakland Athletics,Josh Kuroda-Grauner,77,SS,2003-01-31,R-R,,Rutgers,Big Ten,1043900,972223.9389836553,1043900,1043900,Yes,0,False,4YR JR,No,Yes,21.465753424657535,2,B,K,Q
2024,3,76,Kansas City Royals,Drew Beam,48,RHP,2003-02-14,R-R,,Tennessee,SEC,1027700,1099896.8146379425,1097500,1097500,Yes,0.06791865330349324,False,4YR JR,No,Yes,21.427397260273974,-28,B,K,P
2024,3,77,Colorado Rockies,Cole Messina,95,C,2003-05-14,R-R,,South Carolina,SEC,1011900,942421.1168287775,1011900,1011900,Yes,0,False,4YR JR,No,Yes,21.183561643835617,18,B,K,Q
2024,3,78,Chicago White Sox,Nick McLain,194,OF,2002-12-16,S-L,,Arizona St.,Pac-12,996100,935966.2271692435,800000,800000,Yes,-0.1968677843590001,False,4YR JR,No,Yes,21.59178082191781,116,B,K,R
2024,3,79,Washington Nationals,Kevin Bazzell,54,C,2003-03-29,R-R,,Texas Tech,Big 12,980300,1049166.9236056972,980300,980300,Yes,0,False,4YR JR,No,Yes,21.30958904109589,-25,B,K,P
2024,3,80,St. Louis Cardinals,Brian Holiday,184,RHP,2003-05-29,R-R,,Oklahoma St.,Big 12,964500,906273.894292476,800000,800000,Yes,-0.17055469155002592,False,4YR JR,No,Yes,21.14246575342466,104,B,K,R
2024,3,81,Los Angeles Angels,Ryan Prager,63,LHP,2002-10-26,L-L,,Texas A&M,SEC,948600,1015239.9711643012,,,Yes,,False,4YR JR,No,No,21.731506849315068,-18,B,K,P
2024,3,82,New York Mets,Nate Dohm,164,RHP,2003-01-09,R-R,,Mississippi St.,SEC,934800,878366.8599114636,797500,797500,Yes,-0.14687633718442447,False,4YR JR,No,Yes,21.526027397260275,82,B,K,R
2024,3,83,Pittsburgh Pirates,Josh Hartle,76,LHP,2003-03-24,L-L,,Wake Forest,ACC,920800,985486.9970989758,850000,850000,Yes,-0.07688966116420504,False,4YR JR,No,Yes,21.323287671232876,-7,B,K,P
2024,3,84,Cleveland Guardians,Joey Oakie,41,RHP,2006-05-09,R-R,Iowa,,,906800,1459232.3011546745,2000000,2000000,Yes,1.2055580061755624,True,HS SR,No,Yes,18.194520547945206,-43,B,H,P
2024,3,85,Detroit Tigers,Josh Randall,151,RHP,2002-10-15,R-R,,San Diego,WCC,892600,838714.4406899576,697500,697500,Yes,-0.21857494958548063,False,4YR JR,No,Yes,21.76164383561644,66,B,K,R
2024,3,86,Boston Red Sox,Brandon Neely,173,RHP,2003-07-08,R-R,,Florida,SEC,878800,825747.5358260528,700000,700000,Yes,-0.20345926263086025,False,4YR JR,No,Yes,21.03287671232877,87,B,K,R
2024,3,87,Cincinnati Reds,Mike Sirota,50,OF,2003-06-16,R-R,,Northeastern,CAA,865800,926623.1994877207,863300,863300,Yes,-0.0028875028875028877,False,4YR JR,No,Yes,21.09315068493151,-37,B,K,P
2024,3,88,San Diego Padres,Cobb Hightower,320,SS,2005-03-20,R-R,North Carolina,,,852300,1004774.5358090186,852300,852300,Yes,0,True,HS SR,No,Yes,19.33150684931507,232,B,I,R
2024,3,89,New York Yankees,Thatcher Hurd,97,RHP,2002-12-09,R-R,,LSU,SEC,838900,781299.6095539692,836400,836400,Yes,-0.002980092978900942,False,4YR JR,No,Yes,21.610958904109587,8,B,K,Q
2024,3,90,Chicago Cubs,Ronny Cruz,466,SS,2006-08-24,R-R,Miami (FL),,,826000,581480.9858047775,620000,620000,Yes,-0.24939467312348668,True,HS SR,No,Yes,17.9013698630137,376,B,G,R
2024,3,91,Seattle Mariners,Hunter Cranton,577,RHP,2000-10-24,R-R,,Kansas,Big 12,812900,415168.53932584263,50000,50000,Yes,-0.9384918194119818,False,4YR 5S,No,Yes,23.736986301369864,486,B,M,R
2024,3,92,Miami Marlins,Gage Miller,96,3B,2003-03-01,R-R,,Alabama,SEC,800800,745815.6244258177,800800,800800,Yes,0,False,4YR JR,No,Yes,21.386301369863013,4,B,K,Q
2024,3,93,Milwaukee Brewers,Jaron DeBerry,325,RHP,2002-08-28,R-R,,DBU,MVC,788700,741086.8018957758,25000,25000,Yes,-0.9683022695574997,False,4YR SR,No,Yes,21.893150684931506,232,B,K,R
2024,3,94,Tampa Bay Rays,Nathan Flewelling,282,C,2006-11-11,L-R,Gonzaga,,,776500,546634.3649847575,774000,774000,Yes,-0.003219575016097875,True,HS SR,No,Yes,17.684931506849313,188,B,G,R
2024,3,95,Toronto Blue Jays,Johnny King,91,LHP,2006-07-26,L-L,Miami (FL),,,767200,1356078.6278136421,1247500,1247500,Yes,0.6260427528675704,True,HS SR,No,Yes,17.980821917808218,-4,B,G,P
2024,3,96,Minnesota Twins,Khadim Diaw,254,C,2003-08-23,R-R,,LMU (CA),WCC,759700,792863.5890830258,597500,597500,Yes,-0.21350533105173095,False,4YR JR,No,Yes,20.90684931506849,158,B,J,R
2024,3,97,Baltimore Orioles,Austin Overn,140,OF,2003-05-10,L-R,,Southern California,Pac-12,752500,700831.989735799,847500,847500,Yes,0.12624584717607973,False,4YR SO,No,Yes,21.194520547945206,43,B,K,Q
2024,3,98,Los Angeles Dodgers,Chase Harlan,83,3B,2006-07-09,R-R,Clemson,,,745000,1198862.0030439263,1747500,1747500,Yes,1.3456375838926173,True,HS SR,No,Yes,18.027397260273972,-15,B,H,P
2024,3,99,Atlanta Braves,Luke Sinnard,215,RHP,2002-10-21,R-R,,Indiana,Big Ten,737800,693259.5948252864,735300,735300,Yes,-0.0033884521550555705,False,4YR JR,No,Yes,21.745205479452054,116,B,K,R
2024,3,100,Philadelphia Phillies,John Spikerman,149,OF,2003-04-02,S-R,,Oklahoma,Big 12,730500,680342.5495043206,672500,672500,Yes,-0.07939767282683094,False,4YR JR,No,Yes,21.2986301369863,49,B,K,Q
2024,3,101,Houston Astros,Ryan Forcucci,82,RHP,2002-12-02,R-R,,UC San Diego,Big West,724800,775717.827429776,997500,997500,Yes,0.37624172185430466,False,4YR JR,No,Yes,21.63013698630137,-19,B,K,P
2024,3,102,Arizona Diamondbacks,Daniel Eagen,98,RHP,2002-11-23,R-R,,Presbyterian,Big South,717700,768119.0462835957,650000,650000,Yes,-0.09432910686916539,False,4YR JR,No,Yes,21.654794520547945,-4,B,K,P
2024,3,103,Texas Rangers,Casey Cook,138,OF,2002-10-02,L-R,,North Carolina,ACC,710400,661622.651838288,700000,700000,Yes,-0.01463963963963964,False,4YR JR,No,Yes,21.797260273972604,35,B,K,Q
2024,4,104,Oakland Athletics,Rodney Green,125,OF,2003-04-12,L-L,,California,Pac-12,703400,728930.9369799335,1000000,1000000,Yes,0.42166619277793577,False,4YR JR,No,Yes,21.27123287671233,21,C,K,Q
2024,4,105,Kansas City Royals,LP Langevin,174,RHP,2003-07-04,R-R,,Lafayette,Sun Belt,696300,622855.4329859434,597500,597500,Yes,-0.1418928622720092,False,4YR JR,No,Yes,21.043835616438358,69,C,K,R
2024,4,106,Colorado Rockies,Blake Wright,336,3B,2002-02-12,R-R,,Clemson,ACC,689600,506699.15198110597,250000,250000,Yes,-0.6374709976798144,False,4YR SR,No,Yes,22.432876712328767,230,C,L,R
2024,4,107,Chicago White Sox,Casey Saucke,121,OF,2003-07-24,R-R,,Virginia,ACC,682800,588827.7746022722,847500,847500,Yes,0.24121265377855888,False,4YR JR,No,Yes,20.98904109589041,14,C,J,Q
2024,4,108,Washington Nationals,Jackson Kent,197,LHP,2003-02-10,L-L,,Arizona,Pac-12,676000,604696.6432550593,625000,625000,Yes,-0.07544378698224852,False,4YR JR,No,Yes,21.438356164383563,89,C,K,R
2024,4,109,St. Louis Cardinals,Ryan Campos,137,C,2002-10-16,L-R,,Arizona St.,Pac-12,669300,693593.2273538094,669300,669300,Yes,0,False,4YR JR,No,Yes,21.75890410958904,28,C,K,Q
2024,4,110,Los Angeles Angels,Austin Gordon,399,RHP,2003-06-14,R-R,,Clemson,ACC,662900,592978.4094878384,572500,572500,Yes,-0.13637049328707196,False,4YR JR,No,Yes,21.0986301369863,289,C,K,R
2024,4,111,New York Mets,Eli Serrano,146,1B,2003-05-01,L-L,,NC State,ACC,656400,680225.0028911408,697500,697500,Yes,0.06261425959780621,False,4YR SO,No,Yes,21.21917808219178,35,C,K,Q
2024,4,112,Pittsburgh Pirates,Eddie Rynders,206,SS,2005-10-31,L-R,Kent St.,,,649700,1093577.0233881366,647200,647200,Yes,-0.003847929813760197,True,HS SR,No,Yes,18.715068493150685,94,C,H,R
2024,4,113,Cleveland Guardians,Rafe Schlesinger,130,LHP,2003-01-22,L-L,,Miami (FL),ACC,643500,666856.7784284721,466900,466900,Yes,-0.2744366744366744,False,4YR JR,No,Yes,21.49041095890411,17,C,K,Q
2024,4,114,Detroit Tigers,Michael Massey,89,RHP,2003-04-05,R-R,,Wake Forest,ACC,637200,623437.1261008035,522500,522500,Yes,-0.18000627746390457,False,4YR JR,No,Yes,21.29041095890411,-25,C,K,P
2024,4,115,Boston Red Sox,Zach Ehrhard,277,OF,2003-01-21,R-R,,Oklahoma St.,Big 12,630900,564353.7163160013,500000,500000,Yes,-0.2074813758123316,False,4YR JR,No,Yes,21.493150684931507,162,C,K,R
2024,4,116,San Francisco Giants,Dakota Jordan,30,OF,2003-05-09,R-R,,Mississippi St.,SEC,624800,749560.979396803,1997500,1997500,Yes,2.19702304737516,False,4YR SO,No,Yes,21.197260273972603,-86,C,K,O
2024,4,117,Cincinnati Reds,Peyton Stovall,92,2B,2003-02-14,L-R,,Arkansas,SEC,618800,605434.5474437809,625000,625000,Yes,0.01001939237233355,False,4YR JR,No,Yes,21.427397260273974,-25,C,K,P
2024,4,118,San Diego Padres,Tyson Neighbors,103,RHP,2002-10-09,R-R,,Kansas St.,Big 12,612900,599661.981461366,600000,600000,Yes,-0.021047479197258932,False,4YR JR,No,Yes,21.778082191780822,-15,C,K,P
2024,4,119,New York Yankees,Gage Ziehl,86,RHP,2003-05-15,R-R,,Miami (FL),ACC,606700,593595.8951747607,637000,637000,Yes,0.04994231086204055,False,4YR JR,No,Yes,21.18082191780822,-33,C,K,P
2024,4,120,Chicago Cubs,Ty Southisene,158,SS,2005-07-08,R-R,Tennessee,,,600800,1116313.6380527683,1000000,1000000,Yes,0.6644474034620506,True,HS SR,No,Yes,19.03013698630137,38,C,I,Q
2024,4,121,Seattle Mariners,Josh Caron,172,C,2003-08-03,R-R,,Nebraska,Big Ten,594900,543747.672334498,594000,594000,Yes,-0.0015128593040847202,False,4YR JR,No,Yes,20.96164383561644,51,C,J,R
2024,4,122,Miami Marlins,Fenwick Trimble,203,OF,2002-08-29,R-R,,James Madison,Sun Belt,589000,526873.2586941271,550000,550000,Yes,-0.06621392190152801,False,4YR JR,No,Yes,21.89041095890411,81,C,K,R
2024,4,123,Milwaukee Brewers,Marco Dinges,440,C,2003-09-05,R-R,,Florida St.,ACC,583400,533236.4969573813,500000,500000,Yes,-0.14295509084676036,False,4YR JR,No,Yes,20.87123287671233,317,C,J,R
2024,4,124,Tampa Bay Rays,Nate Knowles,205,RHP,2003-09-21,R-R,,William & Mary,CAA,577700,528026.6100313321,397500,397500,Yes,-0.3119266055045872,False,4YR JR,No,Yes,20.827397260273973,81,C,J,R
2024,4,125,Toronto Blue Jays,Sean Keys,179,3B,2003-05-26,L-R,,Bucknell,Patriot,572200,511845.29477891256,569700,569700,Yes,-0.004369101712687872,False,4YR JR,No,Yes,21.15068493150685,54,C,K,R
2024,4,126,Minnesota Twins,Jaime Ferrer,366,OF,2002-12-27,R-R,,Florida St.,ACC,567400,507551.590803137,425550,425550,Yes,-0.25,False,4YR JR,No,Yes,21.561643835616437,240,C,K,R
2024,4,127,Baltimore Orioles,Chase Allsup,208,RHP,2003-04-21,R-R,,Auburn,SEC,562000,502721.17383038945,522500,522500,Yes,-0.07028469750889679,False,4YR JR,No,Yes,21.246575342465754,81,C,K,R
2024,4,128,Los Angeles Dodgers,Jakob Wright,169,LHP,2003-05-30,L-L,,Cal Poly,Big West,556300,576491.7262467118,553800,553800,Yes,-0.004493978069387021,False,4YR JR,No,Yes,21.13972602739726,41,C,K,Q
2024,4,129,Atlanta Braves,Herick Hernandez,322,LHP,2003-08-11,L-L,,Miami (FL),ACC,551100,503713.8043764361,472500,472500,Yes,-0.14262384322264562,False,4YR JR,No,Yes,20.93972602739726,193,C,J,R
2024,4,130,Philadelphia Phillies,Carson DeMartini,59,3B,2002-12-27,L-R,,Virginia Tech,ACC,545400,654306.2710675678,542900,542900,Yes,-0.004583791712504583,False,4YR JR,No,Yes,21.561643835616437,-71,C,K,O
2024,4,131,Houston Astros,Parker Smith,229,RHP,2003-03-05,R-R,,Rice,C-USA,541100,484025.67110253335,447500,447500,Yes,-0.1729809647015339,False,4YR JR,No,Yes,21.375342465753423,98,C,K,R
2024,4,132,Arizona Diamondbacks,Tytus Cissell,201,SS,2006-04-06,B-R,Missouri,,,535800,901860.1956770258,800000,800000,Yes,0.49309443822321763,True,HS SR,No,Yes,18.284931506849315,69,C,H,R
2024,4,133,Texas Rangers,David Hagaman,222,RHP,2003-04-16,R-R,,West Virginia,Big 12,530400,474454.2893232003,515000,515000,Yes,-0.029034690799396683,False,4YR JR,No,Yes,21.26027397260274,89,C,K,R
2024,4,134,San Diego Padres,Kavares Tears,66,OF,2002-08-25,L-L,,Tennessee,SEC,525200,630072.7054724727,525200,525200,Yes,0,False,4YR JR,No,Yes,21.9013698630137,-68,C,K,O
2024,4,135,San Diego Padres,Clark Candiotti,589,RHP,2000-09-02,R-R,,Arizona,Pac-12,520000,116508.39408546839,80000,80000,Yes,-0.8461538461538461,False,4YR 5S,No,Yes,23.87945205479452,454,C,M,R
2024,4,136,Toronto Blue Jays,Nick Mitchell,266,OF,2003-09-03,L-R,,Indiana,Big Ten,515100,470809.2553698099,467500,467500,Yes,-0.0924092409240924,False,4YR JR,No,Yes,20.876712328767123,130,C,J,R
2024,5,137,Oakland Athletics,Sam Stuhr,186,RHP,2002-08-08,R-R,,Portland,WCC,510000,528511.199686901,510000,510000,Yes,0,False,4YR SR,No,Yes,21.947945205479453,49,C,K,Q
2024,5,138,Kansas City Royals,AJ Causey,283,RHP,2002-11-19,R-R,,Tennessee,SEC,505000,451733.4391180546,477500,477500,Yes,-0.054455445544554455,False,4YR JR,No,Yes,21.665753424657535,145,C,K,R
2024,5,139,Colorado Rockies,Lebarron Johnson,213,RHP,2002-06-19,R-R,,Texas,Big 12,500000,367386.2760883889,500000,500000,Yes,0,False,4YR SR,No,Yes,22.084931506849315,74,C,L,R
2024,5,140,Chicago White Sox,Sam Antonacci,195,3B,2003-02-06,L-R,,Coastal Carolina,Sun Belt,495400,443146.03116650344,572500,572500,Yes,0.15563181267662496,False,4YR JR,No,Yes,21.44931506849315,55,C,K,R
2024,5,141,Washington Nationals,Randal Diaz,368,SS,2003-05-20,R-R,,Indiana St.,MVC,490500,438762.8750245659,420000,420000,Yes,-0.1437308868501529,False,4YR JR,No,Yes,21.167123287671235,227,C,K,R
2024,5,142,St. Louis Cardinals,Braden Davis,298,LHP,2003-04-09,L-L,,Oklahoma,Big 12,485700,434469.17104879033,485700,485700,Yes,0,False,4YR JR,No,Yes,21.279452054794522,156,C,K,R
2024,5,143,Los Angeles Angels,Dylan Jordan,156,RHP,2005-10-15,R-R,Florida St.,,,480800,796459.1206383375,1247500,1247500,Yes,1.5946339434276207,True,HS SR,No,Yes,18.75890410958904,13,C,H,Q
2024,5,144,New York Mets,Trey Snyder,113,SS,2005-09-21,R-R,Tennessee,,,476200,624106.1483312558,1322500,1322500,Yes,1.7771944561108777,True,HS SR,No,Yes,18.824657534246576,-31,C,H,P
2024,5,145,Pittsburgh Pirates,Will Taylor,116,OF,2003-01-10,R-R,,Clemson,ACC,471400,461218.23798480665,497500,497500,Yes,0.05536699193890539,False,4YR JR,No,Yes,21.523287671232875,-29,C,K,P
2024,5,146,Cleveland Guardians,Aidan Major,136,RHP,2003-05-22,L-R,,West Virginia,Big 12,466900,456815.4334219479,425000,425000,Yes,-0.0897408438637824,False,4YR JR,No,Yes,21.161643835616438,-10,C,K,P
2024,5,147,Detroit Tigers,Jack Penney,464,3B,2002-08-19,L-R,,Notre Dame,ACC,462300,413537.36416688445,397500,397500,Yes,-0.14016872160934457,False,4YR JR,No,Yes,21.91780821917808,317,C,K,R
2024,5,148,Boston Red Sox,Brandon Clarke,413,LHP,2003-04-10,L-L,South Carolina,,,457900,409601.46885575686,400000,400000,Yes,-0.12644682245031666,False,JC J3,Yes,Yes,21.276712328767122,265,C,K,R
2024,5,149,San Francisco Giants,Jakob Christian,301,1B,2002-09-17,R-R,,San Diego,WCC,453300,405486.6692123052,397500,397500,Yes,-0.12309728656518862,False,4YR JR,No,Yes,21.838356164383562,152,C,K,R
2024,5,150,Cincinnati Reds,Tristan Smith,114,LHP,2003-05-25,R-L,,Clemson,ACC,448700,439008.534967719,600000,600000,Yes,0.337196344996657,False,4YR SO,No,Yes,21.153424657534245,-36,C,K,P
2024,5,151,San Diego Padres,Kale Fountain,123,3B,2005-08-14,R-R,LSU,,,444200,582167.053945283,1700000,1700000,Yes,2.8271049076992347,True,HS SR,No,Yes,18.92876712328767,-28,C,H,P
2024,5,152,New York Yankees,Greysen Carter,177,RHP,2002-12-15,S-R,,Vanderbilt,SEC,440100,456074.0764356963,440100,440100,Yes,0,False,4YR JR,No,Yes,21.594520547945205,25,C,K,Q
2024,5,153,Chicago Cubs,Ariel Armas,791,C,2002-11-29,R-R,,San Diego,WCC,435600,389653.63580163283,375000,375000,Yes,-0.13911845730027547,False,4YR JR,No,Yes,21.638356164383563,638,C,K,R
2024,5,154,Seattle Mariners,Charlie Beilenson,1042,RHP,1999-12-10,R-R,,Duke,ACC,431400,96657.15617013666,25000,25000,Yes,-0.9420491423273064,False,4YR GR,No,Yes,24.610958904109587,888,C,M,R
2024,5,155,Miami Marlins,Grant Shepardson,142,RHP,2005-10-04,R-R,San Francisco,,,427000,559624.7907128228,897500,897500,Yes,1.1018735362997658,True,HS SR,No,Yes,18.78904109589041,-13,C,H,P
2024,5,156,Milwaukee Brewers,John Holobetz,674,RHP,2002-07-31,R-R,,Old Dominion,Sun Belt,422900,378293.21069906,322500,322500,Yes,-0.23740837077323243,False,4YR JR,No,Yes,21.96986301369863,518,C,K,R
2024,5,157,Tampa Bay Rays,Jacob Kmatz,341,RHP,2002-09-28,R-R,,Oregon St.,Pac-12,418600,374446.7675540944,397500,397500,Yes,-0.05040611562350693,False,4YR JR,No,Yes,21.80821917808219,184,C,K,R
2024,5,158,Toronto Blue Jays,Jackson Wentworth,237,RHP,2002-08-08,R-R,,Kansas St.,Big 12,414600,370868.6809076147,412100,412100,Yes,-0.00602990834539315,False,4YR JR,No,Yes,21.947945205479453,79,C,K,R
2024,5,159,Minnesota Twins,Caden Kendle,420,OF,2002-03-13,R-R,,UC Irvine,Big West,411000,301991.5189446557,147500,147500,Yes,-0.6411192214111923,False,4YR SR,No,Yes,22.353424657534248,261,C,L,R
2024,5,160,Baltimore Orioles,Ryan Stafford,255,C,2003-01-15,R-R,,Cal Poly,Big West,407100,364159.7684454654,404500,404500,Yes,-0.006386637189879637,False,4YR JR,No,Yes,21.50958904109589,95,C,K,R
2024,5,161,Atlanta Braves,Nicholas Montgomery,152,C,2005-11-07,R-R,Arizona St.,,,403400,528694.7086031679,997500,997500,Yes,1.4727317798710957,True,HS SR,No,Yes,18.695890410958903,-9,C,H,P
2024,5,162,Philadelphia Phillies,Carter Mathison,163,OF,2003-01-26,L-L,,Indiana,Big Ten,399600,414104.0694017365,447500,447500,Yes,0.11986986986986987,False,4YR JR,No,Yes,21.47945205479452,1,C,K,Q
2024,5,163,Houston Astros,Cole Hertzler,454,RHP,2003-06-21,R-R,,Liberty,ASUN,396200,354409.4823338084,393700,393700,Yes,-0.0063099444724886425,False,4YR JR,No,Yes,21.07945205479452,291,C,K,R
2024,5,164,Arizona Diamondbacks,Connor Foley,101,RHP,2003-07-14,R-R,,Indiana,Big Ten,392300,470635.03876018856,1000000,1000000,Yes,1.5490695895997961,False,4YR SO,No,Yes,21.016438356164382,-63,C,K,O
2024,5,165,Texas Rangers,Devin Fitz-Gerald,265,SS,2005-08-17,B-R,NC St.,,,388700,654261.0266137737,900000,900000,Yes,1.315410342166195,True,HS SR,No,Yes,18.92054794520548,100,C,H,R
2024,6,166,Oakland Athletics,Josiah Romeo,361,RHP,2006-01-11,R-R,Florida St.,,,385500,648874.7768448925,550000,550000,Yes,0.4267185473411154,True,HS SR,No,Yes,18.517808219178082,195,C,H,R
2024,6,167,Kansas City Royals,Tanner Jones,661,RHP,2003-06-21,R-R,,Texas A&M,SEC,382100,341796.7269049676,379600,379600,Yes,-0.00654278984559016,False,4YR JR,No,Yes,21.07945205479452,494,C,K,R
2024,6,168,Colorado Rockies,Konner Eaton,227,LHP,2002-10-30,R-L,,George Mason,Atlantic 10,378900,338934.2575877839,378900,378900,Yes,0,False,4YR JR,No,Yes,21.720547945205478,59,C,K,R
2024,6,169,Chicago White Sox,Jackson Appel,475,C,2001-08-31,S-R,,Texas A&M,SEC,375700,276054.0478528154,122500,122500,Yes,-0.6739419749800373,False,4YR 5S,No,Yes,22.884931506849316,306,C,L,R
2024,6,170,Washington Nationals,Davian Garcia,1209,RHP,2003-10-10,R-R,,FGCU,ASUN,372300,340287.87764352595,425000,425000,Yes,0.1415525114155251,False,4YR JR,No,Yes,20.775342465753425,1039,C,J,R
2024,6,171,St. Louis Cardinals,Josh Kross,639,C,2003-02-02,S-R,,Cincinnati,AAC,369100,330167.94530390884,369100,369100,Yes,0,False,4YR JR,No,Yes,21.46027397260274,468,C,K,R
2024,6,172,Los Angeles Angels,Peyton Olejnik,2224,RHP,2002-12-04,L-R,,Miami (OH),MAC,366100,327484.38031904906,197500,197500,Yes,-0.4605299098606938,False,4YR JR,No,Yes,21.624657534246577,2052,C,K,R
2024,6,173,New York Mets,Corey Collins,210,1B,2001-10-10,L-R,,Georgia,SEC,363100,268035.4901303891,272500,272500,Yes,-0.24951803910768383,False,4YR SR,No,Yes,22.775342465753425,37,C,L,Q
2024,6,174,Pittsburgh Pirates,Matt Ager,134,RHP,2003-05-21,R-R,,UC Santa Barbara,Big West,359900,352126.5249273057,357400,357400,Yes,-0.006946373992775771,False,4YR JR,No,Yes,21.164383561643834,-40,C,K,P
2024,6,175,Cleveland Guardians,Caden Favors,427,LHP,2001-08-29,R-L,,Wichita St.,AAC,357000,262313.8011271097,75000,75000,Yes,-0.7899159663865546,False,4YR SR,No,Yes,22.89041095890411,252,C,L,R
2024,6,176,Detroit Tigers,Woody Hadeen,211,SS,2002-07-16,S-R,,UC Irvine,Big West,354100,261391.8123248989,297500,297500,Yes,-0.15984185258401581,False,4YR SR,No,Yes,22.01095890410959,35,C,L,Q
2024,6,177,Boston Red Sox,Blake Aita,515,RHP,2003-06-11,R-R,,Kennesaw St.,ASUN,351100,314066.55539475044,300000,300000,Yes,-0.145542580461407,False,4YR SO,No,Yes,21.106849315068494,338,C,K,R
2024,6,178,San Francisco Giants,Robert Hipwell,228,3B,2003-03-06,L-R,,Santa Clara,WCC,348200,360838.43084505666,345700,345700,Yes,-0.007179781734635267,False,4YR JR,No,Yes,21.372602739726027,50,C,K,Q
2024,6,179,Cincinnati Reds,Jacob Friend,242,C,2003-02-21,L-R,,Davidson,Atlantic 10,345100,308699.425425031,272500,272500,Yes,-0.2103738046942915,False,4YR JR,No,Yes,21.40821917808219,63,C,K,R
2024,6,180,San Diego Padres,Darrien McDowell,1206,1B,2002-02-07,R-L,,West Florida,Gulf South,342300,251512.64461011105,50000,50000,Yes,-0.8539293017820625,False,4YR SR,No,Yes,22.446575342465753,1026,C,L,R
2024,6,181,New York Yankees,Griffin Herring,167,LHP,2003-05-07,R-L,,LSU,SEC,339600,332264.9843437428,797500,797500,Yes,1.3483510011778563,False,4YR SO,No,Yes,21.202739726027396,-14,C,K,P
2024,6,182,Chicago Cubs,Ryan Gallagher,633,RHP,2003-01-19,L-R,,UC Santa Barbara,Big West,337000,301453.7999659097,300000,300000,Yes,-0.10979228486646884,False,4YR JR,No,Yes,21.4986301369863,451,C,K,R
2024,6,183,Seattle Mariners,Grant Knipp,330,C,2001-11-29,R-R,,Campbell,Big South,334200,245560.98693747915,275000,275000,Yes,-0.17713943746259725,False,4YR SR,No,Yes,22.638356164383563,147,C,L,R
2024,6,184,Miami Marlins,Payton Green,147,SS,2003-01-17,R-R,,Georgia Tech,ACC,331300,324144.2559278032,328800,328800,Yes,-0.007546030787805615,False,4YR JR,No,Yes,21.504109589041096,-37,C,K,P
2024,6,185,Milwaukee Brewers,Chandler Welch,1040,RHP,2003-03-05,R-R,,Tulane,AAC,328700,294029.27017446444,237500,237500,Yes,-0.2774566473988439,False,4YR JR,No,Yes,21.375342465753423,855,C,K,R
2024,6,186,Tampa Bay Rays,Janzen Keisel,170,RHP,2003-02-24,R-R,Oregon,Oklahoma St.,Big 12,326000,318958.73055376956,272500,272500,Yes,-0.16411042944785276,False,4YR JR,No,Yes,21.4,-16,C,K,P
2024,6,187,Toronto Blue Jays,Aaron Parker,422,C,2003-01-17,R-R,,UC Santa Barbara,Big West,323400,289288.30536787893,297500,297500,Yes,-0.08008658008658008,False,4YR JR,No,Yes,21.504109589041096,235,C,K,R
2024,6,188,Minnesota Twins,Derek Bender,159,1B,2003-01-09,R-R,,Coastal Carolina,Sun Belt,320800,313871.04528113274,297500,297500,Yes,-0.07263092269326683,False,4YR JR,No,Yes,21.526027397260275,-29,C,K,P
2024,6,189,Baltimore Orioles,DJ Layton,479,SS,2006-07-21,S-R,Southern Miss,,,318300,631172.2543110752,715800,715800,Yes,1.2488218661639963,True,HS SR,No,Yes,17.994520547945207,290,C,G,R
2024,6,190,Los Angeles Dodgers,Brooks Auger,396,RHP,2001-10-20,R-R,,Mississippi St.,SEC,315500,231820.7402117734,197500,197500,Yes,-0.37400950871632327,False,4YR SR,No,Yes,22.747945205479454,206,C,L,R
2024,6,191,Atlanta Braves,Ethan Bagwell,355,RHP,2006-02-24,R-R,Missouri,,,312800,526505.9149081255,822500,822500,Yes,1.6294757033248082,True,HS SR,No,Yes,18.397260273972602,164,C,H,R
2024,6,192,Philadelphia Phillies,Kodey Shojinaga,296,2B,2003-02-22,R-R,,Kansas,Big 12,310300,277570.0716006581,257500,257500,Yes,-0.17015791169835642,False,4YR SO,No,Yes,21.405479452054795,104,C,K,R
2024,6,193,Houston Astros,Caden Powell,969,SS,2003-10-24,R-R,Oklahoma St.,,,307600,281151.0909566172,422500,422500,Yes,0.3735370611183355,False,JC J2,Yes,Yes,20.736986301369864,776,C,J,R
2024,6,194,Arizona Diamondbacks,Mason Marriott,652,RHP,2002-08-14,L-R,,Baylor,Big 12,305200,273008.01112639654,241000,241000,Yes,-0.21035386631716907,False,4YR JR,No,Yes,21.931506849315067,458,C,K,R
2024,6,195,Texas Rangers,Garrett Horn,349,LHP,2003-03-23,L-L,,Liberty,ASUN,302700,270771.70697234676,250000,250000,Yes,-0.17409976874793526,False,4YR JR,No,Yes,21.326027397260273,154,C,K,R
2024,7,196,Oakland Athletics,Dylan Fien,376,C,2005-10-20,S-R,UCLA,,,300200,658019.9231039351,550000,550000,Yes,0.832111925383078,True,HS SR,No,Yes,18.745205479452054,180,D,H,R
2024,7,197,Kansas City Royals,Dennis Colleran,269,RHP,2003-08-20,R-R,,Northeastern,CAA,297700,275248.6664865382,247500,247500,Yes,-0.16862613369163587,False,4YR JR,No,Yes,20.915068493150685,72,D,J,R
2024,7,198,Colorado Rockies,Fidel Ulloa,337,RHP,2003-01-03,R-R,,LSU,SEC,295300,298254.27785433957,295300,295300,Yes,0,False,4YR JR,No,Yes,21.542465753424658,139,D,K,R
2024,7,199,Chicago White Sox,Phil Fox,683,RHP,2002-10-26,R-R,,Pittsburgh,ACC,292700,295628.26660333626,197500,197500,Yes,-0.3252476938845234,False,4YR JR,No,Yes,21.731506849315068,484,D,K,R
2024,7,200,Washington Nationals,Robert Cranz,2285,RHP,2003-05-28,R-R,,Oklahoma St.,Big 12,290300,293204.2562177947,190000,190000,Yes,-0.3455046503616948,False,4YR JR,No,Yes,21.145205479452056,2085,D,K,R
2024,7,201,St. Louis Cardinals,Andrew Dutkanych IV,462,RHP,2003-07-31,R-R,,Vanderbilt,SEC,288700,266927.4101936969,300000,300000,Yes,0.039140976792518184,False,4YR SO,No,Yes,20.96986301369863,261,D,J,R
2024,7,202,Los Angeles Angels,Bridger Holmes,252,RHP,2002-08-27,R-R,,Oregon St.,Pac-12,286200,305195.4190506222,215000,215000,Yes,-0.2487770789657582,False,4YR JR,No,Yes,21.895890410958906,50,D,K,Q
2024,7,203,New York Mets,Will Watson,295,RHP,2002-11-07,R-R,,Southern California,Pac-12,283800,286639.2280902864,281300,281300,Yes,-0.008809020436927413,False,4YR JR,No,Yes,21.698630136986303,92,D,K,R
2024,7,204,Pittsburgh Pirates,Connor Wietgrefe,1151,LHP,2002-06-06,R-L,,Minnesota,Big Ten,281500,197576.07523792936,247500,247500,Yes,-0.12078152753108348,False,4YR JR,No,Yes,22.12054794520548,947,D,L,R
2024,7,205,Cleveland Guardians,Cam Sullivan,117,RHP,2006-03-22,R-R,Notre Dame,,,279100,1172710.5074379493,525000,525000,Yes,0.8810462199928341,True,HS SR,No,Yes,18.326027397260273,-88,D,H,O
2024,7,206,Detroit Tigers,Jackson Strong,276,OF,2003-08-26,L-L,Kentucky,Canisius,MAAC,276700,255832.4018032419,222500,222500,Yes,-0.19588001445608963,False,4YR JR,No,Yes,20.898630136986302,70,D,J,R
2024,7,207,Boston Red Sox,Will Turner,183,OF,2002-09-18,L-L,,South Alabama,Sun Belt,274600,260741.8613772683,250000,250000,Yes,-0.08958485069191552,False,4YR JR,No,Yes,21.835616438356166,-24,D,K,P
2024,7,208,San Francisco Giants,Greg Farone,257,LHP,2002-05-03,L-L,,Alabama,SEC,272200,201666.007279633,204150,204150,Yes,-0.25,False,4YR SR,No,Yes,22.213698630136985,49,D,L,Q
2024,7,209,Cincinnati Reds,Myles Smith,2111,OF,2002-07-09,L-R,,UC Irvine,Big West,270000,189504.58370955923,247500,247500,Yes,-0.08333333333333333,False,4YR JR,No,Yes,22.03013698630137,1902,D,L,R
2024,7,210,San Diego Padres,Kai Roberts,1835,OF,2001-03-15,L-R,,Utah,Pac-12,268000,72967.47229725478,10000,10000,Yes,-0.9626865671641791,False,4YR SR,No,Yes,23.34794520547945,1625,D,M,R
2024,7,211,New York Yankees,Wyatt Parliament,356,RHP,2004-01-29,R-R,,Virginia Tech,ACC,265800,245754.4358485786,199350,199350,Yes,-0.25,False,4YR JR,No,Yes,20.471232876712328,145,D,J,R
2024,7,212,Chicago Cubs,Ivan Brethowr,246,OF,2003-02-27,R-R,,UC Santa Barbara,Big West,263600,281095.43138275336,245000,245000,Yes,-0.07056145675265554,False,4YR JR,No,Yes,21.39178082191781,34,D,K,Q
2024,7,213,Seattle Mariners,Brock Moore,309,RHP,2000-05-17,R-R,,Oregon,Pac-12,261600,71224.9654961263,200000,200000,Yes,-0.23547400611620795,False,4YR 5S,No,Yes,24.175342465753424,96,D,M,R
2024,7,214,Miami Marlins,Nick Brink,231,RHP,2001-09-27,R-R,,Portland,WCC,259600,192330.99004332375,195000,195000,Yes,-0.24884437596302003,False,4YR SR,No,Yes,22.81095890410959,17,D,L,Q
2024,7,215,Milwaukee Brewers,Mason Molina,202,LHP,2003-07-08,R-L,,Arkansas,SEC,257400,244409.88754009054,254900,254900,Yes,-0.009712509712509712,False,4YR JR,No,Yes,21.03287671232877,-13,D,K,P
2024,7,216,Tampa Bay Rays,Ryan Andrade,360,RHP,2003-03-17,R-R,,Pittsburgh,ACC,255500,258056.10562744248,253000,253000,Yes,-0.009784735812133072,False,4YR JR,No,Yes,21.34246575342466,144,D,K,R
2024,7,217,Toronto Blue Jays,Austin Cates,405,RHP,2003-05-20,L-R,,UNLV,MWC,253300,255834.09610736274,222500,222500,Yes,-0.12159494670351362,False,4YR JR,No,Yes,21.167123287671235,188,D,K,R
2024,7,218,Minnesota Twins,Eli Jones,285,RHP,2003-06-17,R-R,,South Carolina,SEC,251500,254016.08831820657,212500,212500,Yes,-0.1550695825049702,False,4YR JR,No,Yes,21.09041095890411,67,D,K,R
2024,7,219,Baltimore Orioles,Carson Dorsey,351,LHP,2003-02-25,L-L,,Florida St.,ACC,249400,251895.07923085775,246500,246500,Yes,-0.011627906976744186,False,4YR JR,No,Yes,21.397260273972602,132,D,K,R
2024,7,220,Los Angeles Dodgers,Elijah Hainline,244,SS,2002-12-20,R-R,,Oregon St.,Pac-12,247900,264353.40455153474,197500,197500,Yes,-0.20330778539733763,False,4YR JR,No,Yes,21.58082191780822,24,D,K,Q
2024,7,221,Atlanta Braves,Brett Sears,916,RHP,2000-05-02,R-R,,Nebraska,Big Ten,245900,66950.37849960802,12500,12500,Yes,-0.9491663277755185,False,4YR 5S,No,Yes,24.216438356164385,695,D,M,R
2024,7,222,Philadelphia Phillies,Joel Dragoo,363,OF,2003-01-08,R-R,,Presbyterian,Big South,244300,246744.057161582,222500,222500,Yes,-0.08923454768726975,False,4YR JR,No,Yes,21.528767123287672,141,D,K,R
2024,7,223,Houston Astros,Joseph Sullivan,239,OF,2002-07-01,L-L,,South Alabama,Sun Belt,242400,179587.9506413778,239900,239900,Yes,-0.010313531353135313,False,4YR JR,No,Yes,22.052054794520547,16,D,L,Q
2024,7,224,Arizona Diamondbacks,Luke Craig,1971,LHP,2001-08-06,L-L,,UNCW,CAA,240600,168869.6401500739,190000,190000,Yes,-0.21030756442227763,False,4YR SR,No,Yes,22.953424657534246,1747,D,L,R
2024,7,225,Texas Rangers,Rafe Perich,225,3B,2002-05-22,S-R,,Lehigh,Patriot,238900,161175.22278275402,175000,175000,Yes,-0.2674759313520301,False,4YR JR,No,Yes,22.161643835616438,0,D,L,P
2024,9,226,Oakland Athletics,Davis Diaz,262,3B,2003-03-02,R-R,,Vanderbilt,SEC,237400,253156.50762619745,250000,250000,Yes,0.05307497893850042,False,4YR JR,No,Yes,21.383561643835616,36,D,K,Q
2024,8,227,Kansas City Royals,Nick Conte,2150,RHP,2002-04-25,R-R,Bryant,Duke,ACC,235900,165570.85665587045,157500,157500,Yes,-0.3323442136498516,False,4YR SR,No,Yes,22.235616438356164,1923,D,L,R
2024,8,228,Colorado Rockies,Luke Jewett,442,RHP,2002-11-16,R-R,,UCLA,Pac-12,234200,236543.01345576136,234200,234200,Yes,0,False,4YR JR,No,Yes,21.673972602739727,214,D,K,R
2024,8,229,Chicago White Sox,Aaron Combs,610,RHP,2001-12-28,R-R,,Tennessee,SEC,232200,162973.94199022095,247500,247500,Yes,0.06589147286821706,False,4YR SR,No,Yes,22.55890410958904,381,D,L,R
2024,8,230,Washington Nationals,Sam Petersen,192,OF,2003-01-20,R-R,,Iowa,Big Ten,230900,219247.25343048526,230900,230900,Yes,0,False,4YR JR,No,Yes,21.495890410958904,-38,D,K,P
2024,8,231,St. Louis Cardinals,Jack Findlay,480,LHP,2002-08-18,L-L,,Notre Dame,ACC,229000,231290.9909537547,400000,400000,Yes,0.7467248908296943,False,4YR JR,No,Yes,21.92054794520548,249,D,K,R
2024,8,232,Los Angeles Angels,Randy Flores,2614,SS,2000-09-18,L-R,,Alabama St.,SWAC,227700,61995.12478389892,1000,1000,Yes,-0.9956082564778217,False,4YR GR,No,Yes,23.835616438356166,2382,D,M,R
2024,8,233,New York Mets,Ryan Lambert,2312,RHP,2002-09-02,R-R,,Oklahoma,Big 12,226000,228260.9779718278,172500,172500,Yes,-0.23672566371681417,False,4YR JR,No,Yes,21.87945205479452,2079,D,K,R
2024,8,234,Pittsburgh Pirates,Gavin Adams,328,RHP,2003-02-08,R-R,,Florida St.,ACC,224500,226745.97148086433,172500,172500,Yes,-0.23162583518930957,False,4YR JR,No,Yes,21.443835616438356,94,D,K,R
2024,8,235,Cleveland Guardians,Donovan Zsak,318,LHP,2003-07-12,L-L,,Rutgers,Big Ten,222800,225028.96412443908,200000,200000,Yes,-0.10233393177737882,False,4YR SO,No,Yes,21.02191780821918,83,D,K,R
2024,8,236,Detroit Tigers,Ethan Sloan,1361,LHP,2002-08-04,L-L,,Regis (CO),RMAC,221400,223614.9580662065,27500,27500,Yes,-0.8757904245709124,False,4YR SR,No,Yes,21.958904109589042,1125,D,K,R
2024,8,237,Boston Red Sox,Conrad Cason,122,SS,2006-08-07,R-R,Mississippi St.,,,219900,1310837.4313754584,1250000,1250000,Yes,4.684402000909504,True,HS SR,No,Yes,17.947945205479453,-115,D,G,O
2024,8,238,San Francisco Giants,Niko Mazza,576,RHP,2002-02-20,R-R,,Southern Miss.,Sun Belt,218600,153428.52592188757,202500,202500,Yes,-0.0736505032021958,False,4YR JR,No,Yes,22.410958904109588,338,D,L,R
2024,8,239,Cincinnati Reds,Luke Hayden,370,RHP,2002-12-05,R-R,LSU,Indiana St.,MVC,217400,219574.9407569706,197500,197500,Yes,-0.09153633854645814,False,4YR JR,No,Yes,21.621917808219177,131,D,K,R
2024,8,240,San Diego Padres,Nick Wissman,2615,RHP,2000-09-18,R-R,,Dayton,Atlantic 10,216200,58864.0578756212,10000,10000,Yes,-0.9537465309898242,False,4YR GR,No,Yes,23.835616438356166,2375,D,M,R
2024,8,241,New York Yankees,Tyler Wilson,2542,1B,2002-07-10,S-R,,Grand Canyon,WAC,215100,150971.98502194884,47500,47500,Yes,-0.7791724779172478,False,4YR SR,No,Yes,22.027397260273972,2301,D,L,R
2024,8,242,Chicago Cubs,Edgar Alvarez,401,1B,2001-02-19,L-R,,Nicholls,Southland,213900,58237.844493965655,125000,125000,Yes,-0.415614773258532,False,4YR 5S,No,Yes,23.413698630136988,159,D,M,R
2024,8,243,Seattle Mariners,Will Riley,449,UT,2002-04-13,R-R,Virginia,VMI,SoCon,212900,149427.87359913022,120000,120000,Yes,-0.4363550962893377,False,4YR SR,No,Yes,22.268493150684932,206,D,L,R
2024,8,244,Miami Marlins,Jacob Jenkins-Cowart,135,OF,2002-12-24,L-R,,East Carolina,AAC,211600,241650.86390733338,211600,211600,Yes,0,False,4YR JR,No,Yes,21.56986301369863,-109,D,K,O
2024,8,245,Milwaukee Brewers,Sam Garcia,503,LHP,2002-05-22,L-L,,Oklahoma St.,Big 12,210700,147883.7621763116,55000,55000,Yes,-0.7389653535832937,False,4YR SR,No,Yes,22.161643835616438,258,D,L,R
2024,8,246,Tampa Bay Rays,Jayden Voelker,636,RHP,2003-02-13,L-R,Old Dominion,,,209800,211898.90786942243,147500,147500,Yes,-0.2969494756911344,False,JC J3,Yes,Yes,21.43013698630137,390,D,K,R
2024,8,247,Toronto Blue Jays,Eddie Micheletti Jr.,495,C,2001-12-29,L-R,,Virginia Tech,ACC,208700,146480.02451920375,147500,147500,Yes,-0.29324389075227597,False,4YR SR,No,Yes,22.556164383561644,248,D,L,R
2024,8,248,Minnesota Twins,Jakob Hall,451,RHP,2002-08-14,R-R,,Oral Roberts,Summit,207800,209878.8992148045,147500,147500,Yes,-0.29018286814244465,False,4YR JR,No,Yes,21.931506849315067,203,D,K,R
2024,8,249,Baltimore Orioles,Colin Tuft,1121,C,2003-01-24,R-R,,Tulane,AAC,206900,208969.8953202264,182500,182500,Yes,-0.1179313678105365,False,4YR JR,No,Yes,21.484931506849314,872,D,K,R
2024,8,250,Los Angeles Dodgers,Brendan Tunink,348,OF,2005-10-02,L-L,Notre Dame,,,205800,451100.9332937703,410000,410000,Yes,0.9922254616132167,True,HS SR,No,Yes,18.794520547945204,98,D,H,R
2024,8,251,Atlanta Braves,Logan Samuels,1946,RHP,2002-02-18,R-R,,Montevallo,Gulf South,205300,144093.6705021204,7500,7500,Yes,-0.9634680954700439,False,4YR SR,No,Yes,22.416438356164385,1695,D,L,R
2024,8,252,Philadelphia Phillies,Camron Hill,275,LHP,2003-06-15,L-L,,Georgia Tech,ACC,204400,217966.26014656594,197500,197500,Yes,-0.0337573385518591,False,4YR JR,No,Yes,21.095890410958905,23,D,K,Q
2024,8,253,Houston Astros,Dylan Howard,682,RHP,2003-05-03,R-R,,Radford,Big South,203500,205535.8806073759,201000,201000,Yes,-0.012285012285012284,False,4YR SO,No,Yes,21.213698630136985,429,D,K,R
2024,8,254,Arizona Diamondbacks,Travis Garnett,425,LHP,2003-01-19,R-L,,William & Mary,CAA,202800,204828.87757825962,175000,175000,Yes,-0.13708086785009863,False,4YR JR,No,Yes,21.4986301369863,171,D,K,R
2024,8,255,Texas Rangers,Anthony Susac,787,RHP,2002-07-31,R-R,,Arizona,Pac-12,202000,204020.87411641245,200000,200000,Yes,-0.009900990099009901,False,4YR JR,No,Yes,21.96986301369863,532,D,K,R
2024,9,256,Oakland Athletics,Jared Sprague-Lott,484,SS,2001-10-10,R-R,,Arkansas,SEC,201300,141286.19518790473,50000,50000,Yes,-0.7516145057128664,False,4YR SR,No,Yes,22.775342465753425,228,D,L,R
2024,9,257,Kansas City Royals,Canyon Brown,501,C,2003-08-07,R-R,,N.C. A&T,CAA,200600,185471.55692710634,197500,197500,Yes,-0.015453639082751745,False,4YR JR,No,Yes,20.95068493150685,244,D,J,R
2024,9,258,Colorado Rockies,Tommy Hopfe,2458,C,2002-10-11,S-R,,Fresno St.,MWC,200000,202000.86546179448,100000,100000,Yes,-0.5,False,4YR SR,No,Yes,21.77260273972603,2200,D,K,R
2024,9,259,Chicago White Sox,Jack Young,2616,RHP,2002-01-25,R-R,,Iowa,Big Ten,199200,139812.27064794148,7500,7500,Yes,-0.9623493975903614,False,4YR 5S,No,Yes,22.482191780821918,2357,D,L,R
2024,9,260,Washington Nationals,Jackson Ross,1568,3B,2000-04-05,R-R,,Ole Miss,SEC,198600,54072.1641725179,2000,2000,Yes,-0.9899295065458208,False,4YR GR,No,Yes,24.29041095890411,1308,D,M,R
2024,9,261,St. Louis Cardinals,Cade McGee,306,3B,2003-01-12,R-R,,Texas Tech,Big 12,198000,211141.48487778893,275000,275000,Yes,0.3888888888888889,False,4YR JR,No,Yes,21.517808219178082,45,D,K,Q
2024,9,262,Los Angeles Angels,Derek Clark,616,LHP,2001-12-25,L-L,,West Virginia,Big 12,197500,138619.0936393998,1000,1000,Yes,-0.9949367088607595,False,4YR SR,No,Yes,22.567123287671233,354,D,L,R
2024,9,263,New York Mets,Jaxon Jelkin,171,RHP,2002-12-11,R-R,,Houston,AAC,196700,224634.80591007785,,,Yes,,False,4YR JR,No,No,21.605479452054794,-92,D,K,O
2024,9,264,Pittsburgh Pirates,Duce Gourson,188,2B,2002-09-20,L-R,,UCLA,Pac-12,196100,223949.59552092664,187500,187500,Yes,-0.04385517593064763,False,4YR JR,No,Yes,21.83013698630137,-76,D,K,O
2024,9,265,Cleveland Guardians,Sean Matson,365,RHP,2002-06-02,B-R,,Harvard,Ivy,195700,137355.72974800275,175000,175000,Yes,-0.10577414409810935,False,4YR JR,No,Yes,22.13150684931507,100,D,L,R
2024,9,266,Detroit Tigers,Zach Swanson,165,RHP,2005-09-12,R-R,Oregon St.,,,195100,819762.880692024,722500,722500,Yes,2.7032291132752433,True,HS SR,No,Yes,18.84931506849315,-101,D,H,O
2024,9,267,Boston Red Sox,Hudson White,317,C,2002-08-09,R-R,,Arkansas,SEC,194600,207515.82301625115,185000,185000,Yes,-0.04933196300102775,False,4YR JR,No,Yes,21.945205479452056,50,D,K,Q
2024,9,268,San Francisco Giants,Zane Zielinski,2610,SS,2001-07-28,R-R,,UIC,Valley,194200,136302.92650517187,17500,17500,Yes,-0.9098867147270855,False,4YR SR,No,Yes,22.97808219178082,2342,D,L,R
2024,9,269,Cincinnati Reds,Ryan McCrystal,2318,C,2002-10-04,L-R,,East Carolina,AAC,193600,195536.83776701707,147500,147500,Yes,-0.2381198347107438,False,4YR JR,No,Yes,21.791780821917808,2049,D,K,R
2024,9,270,San Diego Padres,Zach Evans,2617,SS,2002-07-16,R-R,,Lenoir-Rhyne,SAC,193000,135460.68391090716,10000,10000,Yes,-0.9481865284974094,False,4YR SR,No,Yes,22.01095890410959,2347,D,L,R
2024,9,271,New York Yankees,Tanner Bauman,555,RHP,2002-05-07,R-L,,Auburn,SEC,192600,135179.9363794856,37500,37500,Yes,-0.8052959501557633,False,4YR SR,No,Yes,22.202739726027396,284,D,L,R
2024,9,272,Chicago Cubs,Brooks Caple,931,RHP,2002-08-23,R-R,,Lamar University,WAC,192100,194021.83127605362,125000,125000,Yes,-0.3492972410203019,False,4YR SR,No,Yes,21.90684931506849,659,D,K,R
2024,9,273,Seattle Mariners,Aiden Butler,716,RHP,2003-09-25,R-R,Florida St.,,,191600,177150.3006342651,250000,250000,Yes,0.3048016701461378,False,JC J2,Yes,Yes,20.816438356164383,443,D,J,R
2024,9,274,Miami Marlins,Dub Gleed,516,3B,2002-09-01,R-R,,UC Irvine,Big West,191300,193213.82781420645,188800,188800,Yes,-0.013068478829064296,False,4YR JR,No,Yes,21.882191780821916,242,D,K,R
2024,9,275,Milwaukee Brewers,Griffin Tobias,1435,RHP,2005-07-20,R-R,Indiana,,,190900,418441.0503682252,247500,247500,Yes,0.2964903090623363,True,HS SR,No,Yes,18.997260273972604,1160,D,H,R
2024,9,276,Tampa Bay Rays,Garrett Gainey,1398,LHP,2000-06-22,L-L,,South Carolina,SEC,190400,51839.57733357205,97500,97500,Yes,-0.4879201680672269,False,4YR 5S,No,Yes,24.076712328767123,1122,D,M,R
2024,9,277,Toronto Blue Jays,Colby Holcombe,507,RHP,2002-12-12,R-R,,Mississippi St.,SEC,190100,192001.82262143568,197500,197500,Yes,0.0389268805891636,False,4YR JR,No,Yes,21.602739726027398,230,D,K,R
2024,9,278,Minnesota Twins,Jason Doktorczyk,461,RHP,2003-04-03,R-R,,Nevada,MWC,189500,191395.82002505029,187000,187000,Yes,-0.013192612137203167,False,4YR JR,No,Yes,21.295890410958904,183,D,K,R
2024,9,279,Baltimore Orioles,Jack Crowder,1531,RHP,2002-07-25,R-R,,Illinois,Big Ten,189000,190890.8178613958,27500,27500,Yes,-0.8544973544973545,False,4YR SR,No,Yes,21.986301369863014,1252,D,K,R
2024,9,280,Los Angeles Dodgers,Kole Myers,1891,OF,2000-12-28,L-R,,Troy,Sun Belt,188800,51403.95063328993,2500,2500,Yes,-0.9867584745762712,False,4YR 5S,No,Yes,23.55890410958904,1611,D,M,R
2024,9,281,Atlanta Braves,Owen Hackman,2197,RHP,2001-11-02,R-R,,LMU (CA),WCC,188600,132372.4610652699,2500,2500,Yes,-0.986744432661718,False,4YR SR,No,Yes,22.71232876712329,1916,D,L,R
2024,9,282,Philadelphia Phillies,Marcus Morgan,193,RHP,2002-12-27,L-R,,Iowa,Big Ten,188200,214927.65873043545,185700,185700,Yes,-0.013283740701381509,False,4YR JR,No,Yes,21.561643835616437,-89,D,K,O
2024,9,283,Houston Astros,Ryan Smith,2329,RHP,2002-11-15,R-R,,UIC,Valley,187800,189678.81266862503,177500,177500,Yes,-0.05484558040468584,False,4YR JR,No,Yes,21.676712328767124,2046,D,K,R
2024,9,284,Arizona Diamondbacks,Ben McLaughlin,834,3B,2002-05-30,L-R,,Arkansas,SEC,187600,131670.59223671598,75000,75000,Yes,-0.6002132196162047,False,4YR SR,No,Yes,22.13972602739726,550,D,L,R
2024,9,285,Texas Rangers,Keith Jones II,417,OF,2002-04-29,L-L,,New Mexico St.,WAC,187100,131319.657822439,30000,30000,Yes,-0.8396579369321219,False,4YR SR,No,Yes,22.224657534246575,132,D,L,R
2024,10,286,Oakland Athletics,Cameron Leary,998,OF,2001-11-13,L-L,,Boston College,ACC,186400,130828.34964245126,50000,50000,Yes,-0.7317596566523605,False,4YR SR,No,Yes,22.682191780821917,712,D,L,R
2024,10,287,Kansas City Royals,Nate Ackenhausen,2114,LHP,2001-09-23,L-L,,LSU,SEC,186200,130687.97587674047,47500,47500,Yes,-0.7448979591836735,False,4YR SR,No,Yes,22.82191780821918,1827,D,L,R
2024,10,288,Colorado Rockies,Fisher Jameson,1378,RHP,2003-05-05,R-R,,Florida,SEC,185800,187658.8040140071,185800,185800,Yes,0,False,4YR JR,No,Yes,21.208219178082192,1090,D,K,R
2024,10,289,Chicago White Sox,Cole McConnell,1108,OF,2000-09-05,L-L,,Louisiana Tech,C-USA,185500,50505.470563958064,7500,7500,Yes,-0.9595687331536388,False,4YR 5S,No,Yes,23.87123287671233,819,D,M,R
2024,10,290,Washington Nationals,Luke Johnson,2618,RHP,2002-04-15,R-R,,UMBC,America East,185200,129986.10704818655,2000,2000,Yes,-0.9892008639308856,False,4YR SR,No,Yes,22.263013698630136,2328,D,L,R
2024,10,291,St. Louis Cardinals,Bryce Madron,945,OF,2001-07-01,L-L,,Oklahoma,Big 12,185000,50369.3372201199,50000,50000,Yes,-0.7297297297297297,False,4YR SR,No,Yes,23.052054794520547,654,D,M,R
2024,10,292,Los Angeles Angels,Ryan Nicholson,2319,1B,2000-08-29,L-L,,Kentucky,SEC,184700,50287.657213817,1000,1000,Yes,-0.9945858148348673,False,4YR 5S,No,Yes,23.89041095890411,2027,D,M,R
2024,10,293,New York Mets,Brendan Girton,525,RHP,2001-11-10,R-R,,Oklahoma,Big 12,184300,129354.42510248802,122500,122500,Yes,-0.33532284319045036,False,4YR SR,No,Yes,22.69041095890411,232,D,L,R
2024,10,294,Pittsburgh Pirates,Derek Berg,1237,C,2001-09-21,R-R,,Army West Point,Patriot,183800,129003.49068821107,172500,172500,Yes,-0.06147986942328618,False,4YR SR,No,Yes,22.827397260273973,943,D,L,R
2024,10,295,Cleveland Guardians,Chase Mobley,73,RHP,2006-06-05,R-R,Florida St.,,,183600,771442.6698875224,1800000,1800000,Yes,8.803921568627452,True,HS SR,No,Yes,18.12054794520548,-222,D,H,O
2024,10,296,Detroit Tigers,R.J. Sales,391,RHP,2003-07-22,R-R,,UNCW,CAA,183000,169198.877954439,147500,147500,Yes,-0.19398907103825136,False,4YR JR,No,Yes,20.994520547945207,95,D,J,R
2024,10,297,Boston Red Sox,Devin Futrell,290,LHP,2002-09-20,L-L,,Vanderbilt,SEC,182800,173574.69868814512,250000,250000,Yes,0.3676148796498906,False,4YR JR,No,Yes,21.83013698630137,-7,D,K,P
2024,10,298,San Francisco Giants,Cade Vernon,966,RHP,2002-01-17,S-R,,Murray St.,MVC,182600,128161.24809394636,17500,17500,Yes,-0.9041621029572837,False,4YR SR,No,Yes,22.504109589041096,668,D,L,R
2024,10,299,Cincinnati Reds,Yanuel Casiano,606,C,2007-02-07,R-R,Uncommitted,,,182200,301649.5396773927,122500,122500,Yes,-0.32766190998902306,True,HS SR,No,Yes,17.443835616438356,307,D,G,R
2024,10,300,San Diego Padres,Jack Costello,1530,3B,2001-05-17,R-R,,San Diego,WCC,181800,49498.083819555664,10000,10000,Yes,-0.944994499449945,False,4YR SR,No,Yes,23.175342465753424,1230,D,M,R
2024,10,301,New York Yankees,Joe Delossantos,613,OF,2001-06-26,R-R,,William & Mary,CAA,181600,49443.6304820204,7500,7500,Yes,-0.9587004405286343,False,4YR 5S,No,Yes,23.065753424657533,312,D,M,R
2024,10,302,Chicago Cubs,Matt Halbach,329,3B,2003-01-17,R-R,,UC San Diego,Big West,181400,193439.72402439854,180000,180000,Yes,-0.007717750826901874,False,4YR JR,No,Yes,21.504109589041096,27,D,K,Q
2024,10,303,Seattle Mariners,Anthony Donofrio,271,OF,2000-06-28,L-R,,North Carolina,ACC,181100,58356.58737207621,50000,50000,Yes,-0.7239094422970734,False,4YR GR,No,Yes,24.06027397260274,-32,D,M,P
2024,10,304,Miami Marlins,Michael Snyder,2085,3B,2000-09-16,R-R,,Oklahoma,Big 12,180700,49198.59046311171,17500,17500,Yes,-0.9031543995572773,False,4YR SR,No,Yes,23.84109589041096,1781,D,M,R
2024,10,305,Milwaukee Brewers,Ethan Dorchies,2619,RHP,2006-10-22,R-R,UIC,,,180400,298669.4673863976,162500,162500,Yes,-0.0992239467849224,True,HS SR,No,Yes,17.73972602739726,2314,D,G,R
2024,10,306,Tampa Bay Rays,Trey Pooser,2491,RHP,2001-07-30,R-R,,Kentucky,SEC,180300,126546.94978827234,72500,72500,Yes,-0.5978924015529673,False,4YR GR,No,Yes,22.972602739726028,2185,D,L,R
2024,10,307,Toronto Blue Jays,Carter Cunningham,1017,OF,2000-11-06,L-R,,East Carolina,AAC,180000,49008.00378173828,22500,22500,Yes,-0.875,False,4YR GR,No,Yes,23.7013698630137,710,D,M,R
2024,10,308,Minnesota Twins,Peyton Carr,390,INF,2002-03-26,R-R,,High Point,Big South,179700,126125.82849113998,42500,42500,Yes,-0.763494713411241,False,4YR SR,No,Yes,22.317808219178083,82,D,L,R
2024,10,309,Baltimore Orioles,Christian Rodriguez,1079,RHP,2002-01-12,R-R,Hawaii,Cal St. Fullerton,Big West,179200,125774.89407686301,147500,147500,Yes,-0.17689732142857142,False,4YR SR,No,Yes,22.517808219178082,770,D,L,R
2024,10,310,Los Angeles Dodgers,Seamus Barrett,2365,RHP,2000-12-26,R-R,,LMU (CA),WCC,179000,48735.73709406196,5000,5000,Yes,-0.9720670391061452,False,4YR SR,No,Yes,23.564383561643837,2055,D,M,R
2024,10,311,Atlanta Braves,Jacob Kroeger,2620,LHP,2000-05-18,L-L,,Maryville (MO),GLVC,178800,48681.28375652669,2500,2500,Yes,-0.9860178970917226,False,4YR 5S,No,Yes,24.172602739726027,2309,D,M,R
2024,10,312,Philadelphia Phillies,Brady Day,411,2B,2002-03-06,L-R,,Kansas St.,Big 12,178800,125494.14654544144,176300,176300,Yes,-0.013982102908277404,False,4YR SR,No,Yes,22.372602739726027,99,D,L,R
2024,10,313,Houston Astros,Ramsey David,2243,RHP,2001-02-08,R-R,,Southeastern University (FL),NAIA,178800,48681.28375652669,105000,105000,Yes,-0.412751677852349,False,4YR SR,No,Yes,23.443835616438356,1930,D,M,R
2024,10,314,Arizona Diamondbacks,Trent Youngblood,2478,OF,2001-09-04,L-R,Kentucky,Transylvania,HCAC,178800,125494.14654544144,50000,50000,Yes,-0.7203579418344519,False,4YR SR,No,Yes,22.873972602739727,2164,D,L,R
2024,10,315,Texas Rangers,Jake Jekielek,1620,RHP,2002-09-04,R-R,,Northwood,G-MAC,178800,180588.7737228443,20000,0,No,,False,4YR SR,No,Yes,21.873972602739727,1305,D,K,R
2024,11,316,Oakland Athletics,Kyle Robinson,154,RHP,2003-07-17,R-R,,Texas Tech,Big 12,0,0,150000,0,No,,False,4YR JR,No,Yes,21.008219178082193,-162,E,K,O
2024,11,317,Kansas City Royals,Zachary Cawyer,2599,RHP,2002-12-02,R-R,,TCU,Big 12,0,0,150000,0,No,,False,4YR JR,No,Yes,21.63013698630137,2282,E,K,R
2024,11,318,Colorado Rockies,Alan Espinal,722,C,2002-01-16,R-R,,Vanderbilt,SEC,0,0,200000,50000,No,0.5384615384615384,False,4YR SR,No,Yes,22.506849315068493,404,E,L,R
2024,11,319,Chicago White Sox,Blake Shepardson,499,RHP,2003-07-06,R-R,,San Francisco,WCC,0,0,150000,0,No,,False,4YR JR,No,Yes,21.03835616438356,180,E,K,R
2024,11,320,Washington Nationals,Merritt Beeker,2065,LHP,2001-11-12,R-L,,Ball St.,MAC,0,0,150000,0,No,,False,4YR JR,No,Yes,22.684931506849313,1745,E,L,R
2024,11,321,St. Louis Cardinals,Jon Jon Gazdar,248,2B,2002-03-03,R-R,,Austin Peay,OVC,0,0,250000,100000,No,0.9230769230769231,False,4YR SR,No,Yes,22.38082191780822,-73,E,L,O
2024,11,322,Los Angeles Angels,Trey Gregory-Alford,104,RHP,2006-05-04,R-R,Virginia,,,0,0,1957500,1807500,No,14.057692307692308,True,HS SR,No,Yes,18.208219178082192,-218,E,H,O
2024,11,323,New York Mets,Nick Roselli,433,2B,2003-03-31,L-R,,Binghamton,America East,0,0,150000,0,No,,False,4YR JR,No,Yes,21.304109589041097,110,E,K,R
2024,11,324,Pittsburgh Pirates,Jacob Bimbi,1573,LHP,2002-06-05,L-L,,Western Ky.,C-USA,0,0,180000,30000,No,0.38461538461538464,False,4YR SR,No,Yes,22.123287671232877,1249,E,L,R
2024,11,325,Cleveland Guardians,Garrett Howe,416,SS,2002-07-12,L-R,,Samford,SoCon,0,0,150000,0,No,,False,4YR SR,No,Yes,22.02191780821918,91,E,L,R
2024,11,326,Detroit Tigers,Micah Ashman,386,LHP,2002-08-22,L-L,,Utah,Pac-12,0,0,150000,0,No,,False,4YR JR,No,Yes,21.90958904109589,60,E,K,R
2024,11,327,Boston Red Sox,Steven Brooks,2396,RHP,2002-09-20,R-R,,Cal Poly,Big West,0,0,200000,50000,No,0.5384615384615384,False,4YR JR,No,Yes,21.83013698630137,2069,E,K,R
2024,11,328,San Francisco Giants,Andy Polanco,2622,OF,2005-04-29,R-R,College of Central Florida,,,0,0,150000,0,No,,True,HS SR,No,Yes,19.221917808219178,2294,E,I,R
2024,11,329,Cincinnati Reds,Edgar Colon,1324,RHP,2006-03-13,R-R,Miami (FL),,,0,0,247500,97500,No,0.9038461538461539,True,HS SR,No,Yes,18.350684931506848,995,E,H,R
2024,11,330,San Diego Padres,Sean Barnett,2366,OF,2003-06-22,R-R,Missouri,Wingate,SAC,0,0,175000,25000,No,0.34615384615384615,False,4YR JR,No,Yes,21.076712328767123,2036,E,K,R
2024,11,331,New York Yankees,Mack Estrada,289,RHP,2004-09-12,R-R,Florida St.,,,0,0,640340,490340,No,3.925692307692308,False,JC J1,Yes,Yes,19.84931506849315,-42,E,I,P
2024,11,332,Chicago Cubs,Eli Lovich,236,LHP,2005-08-02,L-L,Arkansas,,,0,0,650000,500000,No,4,True,HS SR,No,Yes,18.96164383561644,-96,E,H,O
2024,11,333,Seattle Mariners,Christian Little,313,RHP,2003-07-05,R-R,,LSU,SEC,0,0,200000,50000,No,0.5384615384615384,False,4YR SR,No,Yes,21.041095890410958,-20,E,K,P
2024,11,334,Miami Marlins,Jake Faherty,660,RHP,2003-06-11,R-R,,Arkansas,SEC,0,0,200000,50000,No,0.5384615384615384,False,4YR JR,No,Yes,21.106849315068494,326,E,K,R
2024,11,335,Milwaukee Brewers,Caedmon Parker,659,RHP,2003-06-03,R-R,,TCU,Big 12,0,0,,,No,,False,4YR JR,No,No,21.12876712328767,324,E,K,R
2024,11,336,Tampa Bay Rays,Cade Citelli,958,RHP,2001-08-10,R-R,,Houston,AAC,0,0,150000,0,No,,False,4YR SR,No,Yes,22.942465753424656,622,E,L,R
2024,11,337,Toronto Blue Jays,Troy Guthrie,486,RHP,2005-11-03,R-R,FGCU,,,0,0,200000,50000,No,0.5384615384615384,True,HS SR,No,Yes,18.706849315068492,149,E,H,R
2024,11,338,Minnesota Twins,Michael Carpenter,2071,LHP,2004-07-28,R-L,Madison College,,,0,0,508500,358500,No,2.9115384615384614,False,JC J2,Yes,Yes,19.975342465753425,1733,E,I,R
2024,11,339,Baltimore Orioles,Sebastian Gongora,377,LHP,2001-09-01,L-L,,Louisville,ACC,0,0,150000,0,No,,False,4YR SR,No,Yes,22.882191780821916,38,E,L,Q
2024,11,340,Los Angeles Dodgers,Aidan Foeller,712,RHP,2002-03-26,R-R,,Southern Ill.,MVC,0,0,147500,0,No,,False,4YR SR,No,Yes,22.317808219178083,372,E,L,R
2024,11,341,Atlanta Braves,Patrick Clohisy,561,OF,2001-12-06,L-L,,Saint Louis,Atlantic 10,0,0,150000,0,No,,False,4YR SR,No,Yes,22.61917808219178,220,E,L,R
2024,11,342,Philadelphia Phillies,Titan Hayes,2444,RHP,2001-11-12,R-R,,Austin Peay,OVC,0,0,150000,0,No,,False,4YR SR,No,Yes,22.684931506849313,2102,E,L,R
2024,11,343,Houston Astros,Jason Schiavone,1664,C,2003-03-19,R-R,,James Madison,Sun Belt,0,0,150000,0,No,,False,4YR JR,No,Yes,21.336986301369862,1321,E,K,R
2024,11,344,Arizona Diamondbacks,Bo Walker,333,OF,2006-03-14,R-R,Georgia Tech,,,0,0,500000,350000,No,2.8461538461538463,True,HS SR,No,Yes,18.34794520547945,-11,E,H,P
2024,11,345,Texas Rangers,Dalton Pence,312,LHP,2002-08-28,L-L,,North Carolina,ACC,0,0,350000,200000,No,1.6923076923076923,False,4YR JR,No,Yes,21.893150684931506,-33,E,K,P
2024,12,346,Oakland Athletics,Ali Camarillo,223,SS,2003-05-15,R-R,,Texas A&M,SEC,0,0,250000,100000,No,0.9230769230769231,False,4YR JR,No,Yes,21.18082191780822,-123,E,K,O
2024,12,347,Kansas City Royals,Tommy Molsky,2459,RHP,2003-02-06,R-R,,Oklahoma St.,Big 12,0,0,150000,0,No,,False,4YR JR,No,Yes,21.44931506849315,2112,E,K,R
2024,12,348,Colorado Rockies,Everett Catlett,253,LHP,2002-07-17,L-L,Oregon,Georgetown,Big East,0,0,200000,50000,No,0.5384615384615384,False,4YR SR,No,Yes,22.008219178082193,-95,E,L,O
2024,12,349,Chicago White Sox,Nathan Archer,2128,OF,2003-03-14,L-R,,Bowling Green,MAC,0,0,150000,0,No,,False,4YR JR,No,Yes,21.350684931506848,1779,E,K,R
2024,12,350,Washington Nationals,Alexander Meckley,347,RHP,2003-07-12,R-R,,Coastal Carolina,Sun Belt,0,0,150000,0,No,,False,4YR JR,No,Yes,21.02191780821918,-3,E,K,P
2024,12,351,St. Louis Cardinals,Ian Petrutz,247,OF,2002-08-26,L-L,,Alabama,SEC,0,0,250000,100000,No,0.9230769230769231,False,4YR JR,No,Yes,21.898630136986302,-104,E,K,O
2024,12,352,Los Angeles Angels,Fran Oschell,220,RHP,2002-10-18,R-R,,Duke,ACC,0,0,150000,0,No,,False,4YR JR,No,Yes,21.753424657534246,-132,E,K,O
2024,12,353,New York Mets,Ethan Lanthier,680,RHP,2003-06-10,R-R,,Kansas,Big 12,0,0,150000,0,No,,False,4YR JR,No,Yes,21.10958904109589,327,E,K,R
2024,12,354,Pittsburgh Pirates,Camden Janik,453,C,2002-07-16,R-R,,Illinois,Big Ten,0,0,120000,0,No,,False,4YR JR,No,Yes,22.01095890410959,99,E,L,R
2024,12,355,Cleveland Guardians,Sean Heppner,2621,0,2002-09-14,R-R,,British Columbia,NAIA,0,0,150000,0,No,,False,4YR SR,No,Yes,21.846575342465755,2266,E,K,R
2024,12,356,Detroit Tigers,Jaren Warwick,1658,RHP,2001-10-10,R-R,,Southeastern University (FL),NAIA,0,0,247500,97500,No,0.9038461538461539,False,4YR SR,No,Yes,22.775342465753425,1302,E,L,R
2024,12,357,Boston Red Sox,Brady Tygart,162,RHP,2003-01-12,R-R,,Arkansas,SEC,0,0,300000,150000,No,1.3076923076923077,False,4YR JR,No,Yes,21.517808219178082,-195,E,K,O
2024,12,358,San Francisco Giants,Zander Darby,161,3B,2002-11-26,L-R,,UC Santa Barbara,Big West,0,0,150000,0,No,,False,4YR JR,No,Yes,21.646575342465752,-197,E,K,O
2024,12,359,Cincinnati Reds,Will Cannon,553,RHP,2003-07-08,R-R,,Auburn,SEC,0,0,150000,0,No,,False,4YR JR,No,Yes,21.03287671232877,194,E,K,R
2024,12,360,San Diego Padres,Brandon Butterworth,380,SS,2002-08-29,R-R,,NC State,ACC,0,0,150000,0,No,,False,4YR JR,No,Yes,21.89041095890411,20,E,K,Q
2024,12,361,New York Yankees,Brendan Jones,906,OF,2002-04-24,L-L,,Kansas St.,Big 12,0,0,150000,0,No,,False,4YR JR,No,Yes,22.23835616438356,545,E,L,R
2024,12,362,Chicago Cubs,Daniel Avitia,224,RHP,2003-05-16,R-R,,Grand Canyon,WAC,0,0,150000,0,No,,False,4YR JR,No,Yes,21.17808219178082,-138,E,K,O
2024,12,363,Seattle Mariners,Evan Truitt,1368,RHP,2003-05-02,R-R,,Charleston So.,Big South,0,0,150000,0,No,,False,4YR JR,No,Yes,21.216438356164385,1005,E,K,R
2024,12,364,Miami Marlins,Connor Caskenette,1139,C,2002-06-14,R-R,,Purdue,Big Ten,0,0,100000,0,No,,False,4YR SR,No,Yes,22.0986301369863,775,E,L,R
2024,12,365,Milwaukee Brewers,Tyson Hardin,2548,RHP,2001-11-19,R-R,,Mississippi St.,SEC,0,0,147500,0,No,,False,4YR SR,No,Yes,22.665753424657535,2183,E,L,R
2024,12,366,Tampa Bay Rays,Jack Lines,1538,SS,2005-11-08,L-R,Florida St.,,,0,0,397500,247500,No,2.0576923076923075,True,HS SR,No,Yes,18.693150684931506,1172,E,H,R
2024,12,367,Toronto Blue Jays,Carson Messina,189,RHP,2006-04-15,R-R,South Carolina,,,0,0,550000,400000,No,3.230769230769231,True,HS SR,No,Yes,18.26027397260274,-178,E,H,O
2024,12,368,Minnesota Twins,Christian Becerra,1071,RHP,2003-06-02,R-R,,California,Pac-12,0,0,150000,0,No,,False,4YR JR,No,Yes,21.13150684931507,703,E,K,R
2024,12,369,Baltimore Orioles,Andrew Tess,771,C,2006-08-18,R-R,Pittsburgh,,,0,0,347500,197500,No,1.6730769230769231,True,HS SR,No,Yes,17.91780821917808,402,E,G,R
2024,12,370,Los Angeles Dodgers,Cody Morse,1092,LHP,2003-04-25,L-L,Oklahoma,,,0,0,147500,0,No,,False,JC J3,Yes,Yes,21.235616438356164,722,E,K,R
2024,12,371,Atlanta Braves,Cayman Goode,1033,RHP,2005-07-11,R-R,VCU,,,0,0,161500,11500,No,0.2423076923076923,True,HS SR,No,Yes,19.02191780821918,662,E,I,R
2024,12,372,Philadelphia Phillies,A.J. Wilson,677,LHP,2000-12-17,L-L,,Charlotte,C-USA,0,0,50000,0,No,,False,4YR GR,No,Yes,23.589041095890412,305,E,M,R
2024,12,373,Houston Astros,Ryan Verdugo,345,RHP,2003-01-26,R-R,Kentucky,CSU Bakersfield,Big West,0,0,172500,22500,No,0.3269230769230769,False,4YR JR,No,Yes,21.47945205479452,-28,E,K,P
2024,12,374,Arizona Diamondbacks,John West,1731,RHP,2001-10-05,R-R,,Boston College,ACC,0,0,150000,0,No,,False,4YR SR,No,Yes,22.78904109589041,1357,E,L,R
2024,12,375,Texas Rangers,Josh Springer,369,C,2006-06-12,R-R,Oregon,,,0,0,200000,50000,No,0.5384615384615384,True,HS SR,No,Yes,18.101369863013698,-6,E,H,P
2024,13,376,Oakland Athletics,Riley Huge,273,LHP,2002-05-14,L-L,,Winthrop,Big South,0,0,150000,0,No,,False,4YR SR,No,Yes,22.183561643835617,-103,E,L,O
2024,13,377,Kansas City Royals,Sam Kulasingam,2350,1B,2001-07-10,S-R,,Air Force,MWC,0,0,150000,0,No,,False,4YR SR,No,Yes,23.027397260273972,1973,E,M,R
2024,13,378,Colorado Rockies,Justin Loer,284,LHP,2003-02-25,R-L,,LSU,SEC,0,0,150000,0,No,,False,4YR JR,No,Yes,21.397260273972602,-94,E,K,O
2024,13,379,Chicago White Sox,Pierce George,181,RHP,2003-06-10,R-R,,Alabama,SEC,0,0,197500,47500,No,0.5192307692307693,False,4YR SO,No,Yes,21.10958904109589,-198,E,K,O
2024,13,380,Washington Nationals,Bryant Olson,937,LHP,2002-12-19,L-L,,Mercer,SoCon,0,0,150000,0,No,,False,4YR JR,No,Yes,21.583561643835615,557,E,K,R
2024,13,381,St. Louis Cardinals,Nolan Sparks,2186,RHP,2002-08-12,R-R,Boston College,Rochester (NY),Liberty,0,0,250000,100000,No,0.9230769230769231,False,4YR SR,No,Yes,21.936986301369863,1805,E,K,R
2024,13,382,Los Angeles Angels,Fulton Lockhart,1383,RHP,2003-12-30,R-R,Uncommitted,,,0,0,150000,0,No,,False,JC J2,Yes,Yes,20.553424657534247,1001,E,J,R
2024,13,383,New York Mets,R.J. Gordon,591,RHP,2001-10-21,R-R,,Oregon,Pac-12,0,0,150000,0,No,,False,4YR SR,No,Yes,22.745205479452054,208,E,L,R
2024,13,384,Pittsburgh Pirates,Matt McShane,2024,RHP,2002-11-17,R-R,,Saint Joseph's,Atlantic 10,0,0,150000,0,No,,False,4YR JR,No,Yes,21.671232876712327,1640,E,K,R
2024,13,385,Cleveland Guardians,Bennett Thompson,334,C,2002-12-16,R-R,,Oregon,Pac-12,0,0,150000,0,No,,False,4YR JR,No,Yes,21.59178082191781,-51,E,K,O
2024,13,386,Detroit Tigers,Lucas Elissalt,393,RHP,2004-07-20,R-R,Southern Miss,,,0,0,187500,37500,No,0.4423076923076923,False,JC J2,Yes,Yes,19.997260273972604,7,E,I,Q
2024,13,387,Boston Red Sox,Shea Sprague,2384,LHP,2003-01-03,R-L,,North Carolina,ACC,0,0,155000,5000,No,0.19230769230769232,False,4YR JR,No,Yes,21.542465753424658,1997,E,K,R
2024,13,388,San Francisco Giants,Drake George,1279,RHP,2001-09-30,R-R,,Lewis-Clark State (ID),NAIA,0,0,150000,0,No,,False,4YR SR,No,Yes,22.802739726027397,891,E,L,R
2024,13,389,Cincinnati Reds,Anthony Stephan,786,OF,2002-12-16,L-R,,Virginia,ACC,0,0,150000,0,No,,False,4YR JR,No,Yes,21.59178082191781,397,E,K,R
2024,13,390,San Diego Padres,Matthew Watson,2045,RHP,2001-10-11,R-R,Kentucky,A&M-Corpus Christi,Southland,0,0,150000,0,No,,False,4YR SR,No,Yes,22.77260273972603,1655,E,L,R
2024,13,391,New York Yankees,Dillon Lewis,630,OF,2003-06-12,R-R,,Queens (NC),ASUN,0,0,150000,0,No,,False,4YR JR,No,Yes,21.104109589041094,239,E,K,R
2024,13,392,Chicago Cubs,Evan Aschenbeck,513,LHP,2001-06-26,R-L,,Texas A&M,SEC,0,0,150000,0,No,,False,4YR SR,No,Yes,23.065753424657533,121,E,M,R
2024,13,393,Seattle Mariners,Brandon Eike,887,3B,2001-10-01,R-R,,VCU,Atlantic 10,0,0,150000,0,No,,False,4YR SR,No,Yes,22.8,494,E,L,R
2024,13,394,Miami Marlins,Cody Schrier,196,SS,2003-03-03,R-R,,UCLA,Pac-12,0,0,150000,0,No,,False,4YR JR,No,Yes,21.38082191780822,-198,E,K,O
2024,13,395,Milwaukee Brewers,Joseph Broughton,182,LHP,2005-12-13,R-L,Pittsburgh,,,0,0,535000,385000,No,3.1153846153846154,True,HS SR,No,Yes,18.5972602739726,-213,E,H,O
2024,13,396,Tampa Bay Rays,Connor Hujsak,1140,SS,2002-01-25,R-R,,Mississippi St.,SEC,0,0,150000,0,No,,False,4YR SR,No,Yes,22.482191780821918,744,E,L,R
2024,13,397,Toronto Blue Jays,Brock Tibbitts,353,1B,2002-10-04,R-R,,Indiana,Big Ten,0,0,150000,0,No,,False,4YR JR,No,Yes,21.791780821917808,-44,E,K,P
2024,13,398,Minnesota Twins,Xavier Kolhosser,2623,RHP,2003-07-02,R-R,,St. John's (NY),MIAC,0,0,150000,0,No,,False,4YR JR,No,Yes,21.04931506849315,2225,E,K,R
2024,13,399,Baltimore Orioles,Brandon Downer,886,RHP,2003-05-10,R-R,Kansas,California Baptist,WAC,0,0,150000,0,No,,False,4YR JR,No,Yes,21.194520547945206,487,E,K,R
2024,13,400,Los Angeles Dodgers,Mike Villani,609,RHP,2003-01-04,R-R,,Long Beach St.,Big West,0,0,147500,0,No,,False,4YR JR,No,Yes,21.53972602739726,209,E,K,R
2024,13,401,Atlanta Braves,Colby Jones,2624,SS,2003-09-30,R-R,Alabama,,,0,0,150000,0,No,,False,JC J2,Yes,Yes,20.802739726027397,2223,E,J,R
2024,13,402,Philadelphia Phillies,Tegan Cain,470,RHP,2002-12-02,L-R,,Kansas,Big 12,0,0,150000,0,No,,False,4YR JR,No,Yes,21.63013698630137,68,E,K,R
2024,13,403,Houston Astros,Bryce Boettcher,939,OF,2002-07-08,R-R,,Oregon,Pac-12,0,0,150000,0,No,,False,4YR SR,No,Yes,22.03287671232877,536,E,L,R
2024,13,404,Arizona Diamondbacks,Kyle Ayers,1898,RHP,2003-03-03,L-R,,TCU,Big 12,0,0,150000,0,No,,False,4YR JR,No,Yes,21.38082191780822,1494,E,K,R
2024,13,405,Texas Rangers,Aidan Deakins,711,LHP,2004-03-06,L-L,Troy,,,0,0,150000,0,No,,False,JC J2,Yes,Yes,20.36986301369863,306,E,J,R
2024,14,406,Oakland Athletics,Ryan Magdic,2315,LHP,2000-06-04,L-L,,Missouri,SEC,0,0,35000,0,No,,False,4YR GR,No,Yes,24.126027397260273,1909,E,M,R
2024,14,407,Kansas City Royals,Kyle DeGroat,245,RHP,2006-01-30,L-R,Texas,,,0,0,347500,197500,No,1.6730769230769231,True,HS SR,No,Yes,18.465753424657535,-162,E,H,O
2024,14,408,Colorado Rockies,Sam Gerth,579,RHP,2004-09-29,R-R,DBU,,,0,0,300000,150000,No,1.3076923076923077,False,JC J1,Yes,Yes,19.802739726027397,171,E,I,R
2024,14,409,Chicago White Sox,Justin Sinibaldi,1818,LHP,2002-03-03,L-L,,Rutgers,Big Ten,0,0,150000,0,No,,False,4YR SR,No,Yes,22.38082191780822,1409,E,L,R
2024,14,410,Washington Nationals,Yoel Tejeda Jr.,437,RHP,2003-07-08,S-R,Stetson,Florida St.,ACC,0,0,225000,75000,No,0.7307692307692307,False,4YR SO,No,Yes,21.03287671232877,27,E,K,Q
2024,14,411,St. Louis Cardinals,Mason Burns,2006,RHP,2002-04-04,R-R,,Western Ky.,C-USA,0,0,80000,0,No,,False,4YR SR,No,Yes,22.293150684931508,1595,E,L,R
2024,14,412,Los Angeles Angels,Najer Victor,2113,RHP,2001-11-28,R-R,,UCF,AAC,0,0,150000,0,No,,False,4YR SR,No,Yes,22.64109589041096,1701,E,L,R
2024,14,413,New York Mets,Tanner Witt,569,RHP,2002-07-11,R-R,,Texas,Big 12,0,0,222500,72500,No,0.7115384615384616,False,4YR SR,No,Yes,22.024657534246575,156,E,L,R
2024,14,414,Pittsburgh Pirates,Ian Farrow,1487,OF,2002-07-26,R-R,,FGCU,ASUN,0,0,25000,0,No,,False,4YR SR,No,Yes,21.983561643835618,1073,E,K,R
2024,14,415,Cleveland Guardians,Ryan Cesarini,614,OF,2002-12-16,L-R,,Saint Joseph's,Atlantic 10,0,0,150000,0,No,,False,4YR JR,No,Yes,21.59178082191781,199,E,K,R
2024,14,416,Detroit Tigers,Preston Howey,2235,RHP,2002-06-20,R-R,,Saint Mary's (CA),WCC,0,0,150000,0,No,,False,4YR SR,No,Yes,22.08219178082192,1819,E,L,R
2024,14,417,Boston Red Sox,Alex Bouchard,732,RHP,2003-08-11,R-R,,Lehigh,Patriot,0,0,150000,0,No,,False,4YR JR,No,Yes,20.93972602739726,315,E,J,R
2024,14,418,San Francisco Giants,Jeremiah Jenkins,415,1B,2003-05-05,L-L,,Maine,America East,0,0,150000,0,No,,False,4YR JR,No,Yes,21.208219178082192,-3,E,K,P
2024,14,419,Cincinnati Reds,Adrian Areizaga,568,SS,2006-05-17,R-R,Miami (FL),,,0,0,,,No,,True,HS SR,No,No,18.172602739726027,149,E,H,R
2024,14,420,San Diego Padres,Brendan Durfee,905,C,2001-07-31,L-R,,UC Santa Barbara,Big West,0,0,150000,0,No,,False,4YR JR,No,Yes,22.96986301369863,485,E,L,R
2024,14,421,New York Yankees,Austin Green,344,2B,2002-05-20,S-R,,Texas Tech,Big 12,0,0,150000,0,No,,False,4YR 5S,No,Yes,22.167123287671235,-77,E,L,O
2024,14,422,Chicago Cubs,Cameron Sisneros,999,1B,2001-06-01,L-L,,ETSU,SoCon,0,0,100000,0,No,,False,4YR SR,No,Yes,23.134246575342466,577,E,M,R
2024,14,423,Seattle Mariners,Austin St. Laurent,815,SS,2002-07-13,R-R,,App State,Sun Belt,0,0,75000,0,No,,False,4YR SR,No,Yes,22.019178082191782,392,E,L,R
2024,14,424,Miami Marlins,Cam Clayton,477,SS,2002-07-06,R-R,,Washington,Pac-12,0,0,150000,0,No,,False,4YR JR,No,Yes,22.03835616438356,53,E,L,R
2024,14,425,Milwaukee Brewers,James Nunnallee,187,C,2006-04-17,L-R,Virginia,,,0,0,,,No,,True,HS SR,No,No,18.254794520547946,-238,E,H,O
2024,14,426,Tampa Bay Rays,Ryan Schiefer,482,RHP,2003-08-19,R-R,,Arizona St.,Pac-12,0,0,150000,0,No,,False,4YR JR,No,Yes,20.91780821917808,56,E,J,R
2024,14,427,Toronto Blue Jays,J.R. Freethy,1523,SS,2002-12-23,S-R,Georgia,Nevada,MWC,0,0,150000,0,No,,False,4YR JR,No,Yes,21.572602739726026,1096,E,K,R
2024,14,428,Minnesota Twins,Jacob Kisting,1582,RHP,2003-04-09,R-R,Iowa,Bradley,MVC,0,0,125000,0,No,,False,4YR JR,No,Yes,21.279452054794522,1154,E,K,R
2024,14,429,Baltimore Orioles,Cohen Achen,2630,RHP,2001-07-31,R-R,,Lindsey Wilson Col (KY),NAIA,0,0,25000,0,No,,False,4YR 5S,No,Yes,22.96986301369863,2201,E,L,R
2024,14,430,Los Angeles Dodgers,Will Gagnon,2564,RHP,2004-02-03,L-R,UCLA,,,0,0,147500,0,No,,False,JC J2,Yes,Yes,20.457534246575342,2134,E,J,R
2024,14,431,Atlanta Braves,Mason Guerra,339,2B,2002-08-28,R-R,,Oregon St.,Pac-12,0,0,150000,0,No,,False,4YR JR,No,Yes,21.893150684931506,-92,E,K,O
2024,14,432,Philadelphia Phillies,Jared Spencer,185,LHP,2003-07-01,L-L,,Indiana St.,MVC,0,0,,,No,,False,4YR JR,No,No,21.052054794520547,-247,E,K,O
2024,14,433,Houston Astros,Ryan Mathiesen,2316,RHP,2003-06-10,R-R,,The Master's University (CA),NAIA,0,0,150000,0,No,,False,4YR JR,No,Yes,21.10958904109589,1883,E,K,R
2024,14,434,Arizona Diamondbacks,Braden Quinn,871,LHP,2003-06-24,L-L,,UConn,Big East,0,0,150000,0,No,,False,4YR JR,No,Yes,21.07123287671233,437,E,K,R
2024,14,435,Texas Rangers,Ben Hartl,832,C,2003-01-07,R-R,,Kansas,Big 12,0,0,150000,0,No,,False,4YR JR,No,Yes,21.53150684931507,397,E,K,R
2024,15,436,Oakland Athletics,Blake Hammond,450,RHP,2003-07-13,R-R,,Santa Clara,WCC,0,0,150000,0,No,,False,4YR JR,No,Yes,21.019178082191782,14,E,K,Q
2024,15,437,Kansas City Royals,Tyler Davis,2517,LHP,2002-02-02,L-L,,Mississippi St.,SEC,0,0,100000,0,No,,False,4YR SR,No,Yes,22.46027397260274,2080,E,L,R
2024,15,438,Colorado Rockies,Luke Thelen,656,RHP,2002-09-18,R-R,,Western Mich.,MAC,0,0,150000,0,No,,False,4YR JR,No,Yes,21.835616438356166,218,E,K,R
2024,15,439,Chicago White Sox,Mason Moore,2012,RHP,2001-09-29,R-R,,Kentucky,SEC,0,0,150000,0,No,,False,4YR JR,No,Yes,22.805479452054794,1573,E,L,R
2024,15,440,Washington Nationals,Sir Jamison Jones,434,C,2006-05-19,R-R,Oklahoma St.,,,0,0,500000,350000,No,2.8461538461538463,True,HS SR,No,Yes,18.167123287671235,-6,E,H,P
2024,15,441,St. Louis Cardinals,Sam Brodersen,383,RHP,2002-05-17,R-R,,Louisiana Tech,C-USA,0,0,150000,0,No,,False,4YR SR,No,Yes,22.175342465753424,-58,E,L,O
2024,15,442,Los Angeles Angels,Bailan Caraballo,823,OF,2006-03-06,R-R,Miami (FL),,,0,0,150000,0,No,,True,HS SR,No,Yes,18.36986301369863,381,E,H,R
2024,15,443,New York Mets,Owen Woodward,2201,RHP,2001-11-16,R-R,,Houston,AAC,0,0,150000,0,No,,False,4YR SR,No,Yes,22.673972602739727,1758,E,L,R
2024,15,444,Pittsburgh Pirates,Ethan Lege,1357,OF,2001-03-12,R-R,,Ole Miss,SEC,0,0,25000,0,No,,False,4YR 5S,No,Yes,23.356164383561644,913,E,M,R
2024,15,445,Cleveland Guardians,Conner Whittaker,1136,RHP,2003-06-30,R-R,,Florida St.,ACC,0,0,150000,0,No,,False,4YR JR,No,Yes,21.054794520547944,691,E,K,R
2024,15,446,Detroit Tigers,Zach MacDonald,666,OF,2003-08-03,R-R,,Miami (OH),MAC,0,0,150000,0,No,,False,4YR JR,No,Yes,20.96164383561644,220,E,J,R
2024,15,447,Boston Red Sox,Joey Gartrell,1714,RHP,2003-07-09,R-R,,Portland,WCC,0,0,150000,0,No,,False,4YR JR,No,Yes,21.03013698630137,1267,E,K,R
2024,15,448,San Francisco Giants,Evan Gray,1363,RHP,2001-04-10,R-R,,Saint Louis,Atlantic 10,0,0,25000,0,No,,False,4YR 5S,No,Yes,23.276712328767122,915,E,M,R
2024,15,449,Cincinnati Reds,Jordan Little,1753,RHP,2002-09-27,L-R,,Virginia Tech,ACC,0,0,150000,0,No,,False,4YR JR,No,Yes,21.81095890410959,1304,E,K,R
2024,15,450,San Diego Padres,Tanner Smith,407,RHP,2002-08-05,R-R,,Harvard,Ivy,0,0,150000,0,No,,False,4YR JR,No,Yes,21.956164383561642,-43,E,K,P
2024,15,451,New York Yankees,Marshall Toole,552,OF,2003-03-17,L-R,,Wofford,SoCon,0,0,150000,0,No,,False,4YR JR,No,Yes,21.34246575342466,101,E,K,R
2024,15,452,Chicago Cubs,Hayden Frank,1448,LHP,2002-12-16,R-L,,Lipscomb,ASUN,0,0,150000,0,No,,False,4YR JR,No,Yes,21.59178082191781,996,E,K,R
2024,15,453,Seattle Mariners,Thomas Higgins,2437,RHP,2003-03-17,R-R,,Ga. Southern,Sun Belt,0,0,150000,0,No,,False,4YR JR,No,Yes,21.34246575342466,1984,E,K,R
2024,15,454,Miami Marlins,Coen Niclai,268,C,2005-12-07,R-R,Oregon,,,0,0,,,No,,True,HS SR,No,No,18.613698630136987,-186,E,H,O
2024,15,455,Milwaukee Brewers,Travis Smith,256,RHP,2002-11-09,R-R,Mississippi St.,Kentucky,SEC,0,0,462500,312500,No,2.5576923076923075,False,4YR JR,No,Yes,21.693150684931506,-199,E,K,O
2024,15,456,Tampa Bay Rays,Derek Datil,1241,OF,2005-11-09,L-L,Uncommitted,,,0,0,150000,0,No,,True,HS SR,No,Yes,18.69041095890411,785,E,H,R
2024,15,457,Toronto Blue Jays,Jonathan Todd,2625,0,2001-08-21,L-R,,Western Caro.,SoCon,0,0,5000,0,No,,False,4YR SR,No,Yes,22.912328767123288,2168,E,L,R
2024,15,458,Minnesota Twins,Cole Peschl,2626,0,2002-11-26,R-R,,Campbell,Big South,0,0,150000,0,No,,False,4YR JR,No,Yes,21.646575342465752,2168,E,K,R
2024,15,459,Baltimore Orioles,Carter Rustad,1025,RHP,2001-04-23,R-R,,Missouri,SEC,0,0,50000,0,No,,False,4YR 5S,No,Yes,23.24109589041096,566,E,M,R
2024,15,460,Los Angeles Dodgers,Erik Parker,153,SS,2006-05-09,R-R,Georgia,,,0,0,,,No,,True,HS SR,No,No,18.194520547945206,-307,E,H,O
2024,15,461,Atlanta Braves,Owen Carey,2627,OF,2006-07-22,L-L,Rutgers,,,0,0,150000,0,No,,True,HS SR,No,Yes,17.991780821917807,2166,E,G,R
2024,15,462,Philadelphia Phillies,Luke Gabrysh,1975,RHP,2003-04-16,R-R,,Saint Joseph's,Atlantic 10,0,0,100000,0,No,,False,4YR JR,No,Yes,21.26027397260274,1513,E,K,R
2024,15,463,Houston Astros,Drew Vogel,1295,SS,2002-05-28,R-R,,Murray St.,MVC,0,0,130000,0,No,,False,4YR SR,No,Yes,22.145205479452056,832,E,L,R
2024,15,464,Arizona Diamondbacks,Rocco Reid,2290,LHP,2002-10-16,R-L,,Clemson,ACC,0,0,150000,0,No,,False,4YR JR,No,Yes,21.75890410958904,1826,E,K,R
2024,15,465,Texas Rangers,Brooks Fowler,932,RHP,2003-01-29,R-R,,Oral Roberts,Summit,0,0,150000,0,No,,False,4YR JR,No,Yes,21.471232876712328,467,E,K,R
2024,16,466,Oakland Athletics,Connor Spencer,1149,RHP,2000-11-04,R-R,,Ole Miss,SEC,0,0,,,No,,False,4YR 5S,No,No,23.706849315068492,683,F,M,R
2024,16,467,Kansas City Royals,Andrew Morones,766,RHP,2000-12-19,R-R,,Cal St. Fullerton,Big West,0,0,50000,0,No,,False,4YR 5S,No,Yes,23.583561643835615,299,F,M,R
2024,16,468,Colorado Rockies,Kevin Fitzer,543,1B,2001-10-16,R-R,Oklahoma,CSUN,Big West,0,0,100000,0,No,,False,4YR SR,No,Yes,22.75890410958904,75,F,L,R
2024,16,469,Chicago White Sox,T.J. McCants,551,OF,2001-06-06,L-R,,Alabama,SEC,0,0,75000,0,No,,False,4YR SR,No,Yes,23.12054794520548,82,F,M,R
2024,16,470,Washington Nationals,Nolan Hughes,2184,LHP,2002-03-07,L-L,,Xavier,Big East,0,0,150000,0,No,,False,4YR SR,No,Yes,22.36986301369863,1714,F,L,R
2024,16,471,St. Louis Cardinals,Deniel Ortiz,1236,3B,2004-08-24,R-R,Uncommitted,,,0,0,200000,50000,No,0.5384615384615384,False,JC J2,Yes,Yes,19.9013698630137,765,F,I,R
2024,16,472,Los Angeles Angels,Will Gervase,2565,LHP,2002-05-02,L-L,,Wake Forest,ACC,0,0,150000,0,No,,False,4YR SO,No,Yes,22.216438356164385,2093,F,L,R
2024,16,473,New York Mets,Josh Blum,612,RHP,2003-05-01,R-R,,Southern California,Pac-12,0,0,150000,0,No,,False,4YR JR,No,Yes,21.21917808219178,139,F,K,R
2024,16,474,Pittsburgh Pirates,Brian Curley,919,RHP,2003-06-01,R-R,Georgia,VCU,Atlantic 10,0,0,,,No,,False,4YR SO,No,No,21.134246575342466,445,F,K,R
2024,16,475,Cleveland Guardians,Jacob Remily,1586,RHP,2006-05-08,R-R,San Jose St,,,0,0,150000,0,No,,True,HS SR,No,Yes,18.197260273972603,1111,F,H,R
2024,16,476,Detroit Tigers,Anson Seibert,145,RHP,2005-07-20,L-R,Tennessee,,,0,0,,,No,,True,HS SR,No,No,18.997260273972604,-331,F,H,O
2024,16,477,Boston Red Sox,Griffin Kilander,2628,RHP,2003-06-30,R-R,,Wayen St U (MI),GLIAC,0,0,60000,0,No,,False,4YR JR,No,Yes,21.054794520547944,2151,F,K,R
2024,16,478,San Francisco Giants,Tyler Switalski,2538,LHP,2003-06-18,R-L,,West Virginia,Big 12,0,0,162500,12500,No,0.25,False,4YR JR,No,Yes,21.087671232876712,2060,F,K,R
2024,16,479,Cincinnati Reds,Jimmy Romano,1704,RHP,2003-06-11,R-R,,Duke,ACC,0,0,150000,0,No,,False,4YR JR,No,Yes,21.106849315068494,1225,F,K,R
2024,16,480,San Diego Padres,Kasen Wells,1850,OF,2003-08-08,L-R,DBU,,,0,0,150000,0,No,,False,JC J2,Yes,Yes,20.947945205479453,1370,F,J,R
2024,16,481,New York Yankees,Xavier Rivas,2584,LHP,2002-07-11,L-L,,Ole Miss,SEC,0,0,150000,0,No,,False,4YR SR,No,Yes,22.024657534246575,2103,F,L,R
2024,16,482,Chicago Cubs,Christian Gordon,1074,LHP,2001-01-22,R-L,,VCU,Atlantic 10,0,0,90000,0,No,,False,4YR 5S,No,Yes,23.49041095890411,592,F,M,R
2024,16,483,Seattle Mariners,Wyatt Lunsford-Shenkman,240,RHP,2003-06-09,R-R,,East Carolina,AAC,0,0,150000,0,No,,False,4YR JR,No,Yes,21.112328767123287,-243,F,K,O
2024,16,484,Miami Marlins,Eric Rataczak,554,1B,2001-01-19,R-R,Tennessee,Niagara,MAAC,0,0,75000,0,No,,False,4YR JR,No,Yes,23.4986301369863,70,F,M,R
2024,16,485,Milwaukee Brewers,Jayden Dubanewicz,2629,RHP,2006-03-23,R-R,Florida,,,0,0,665000,515000,No,4.115384615384615,True,HS SR,No,Yes,18.323287671232876,2144,F,H,R
2024,16,486,Tampa Bay Rays,Brady Marget,671,1B,2002-09-15,L-R,,Tulane,AAC,0,0,125000,0,No,,False,4YR JR,No,Yes,21.843835616438355,185,F,K,R
2024,16,487,Toronto Blue Jays,Colby Martin,651,RHP,2001-04-02,R-R,,Southeastern University (FL),NAIA,0,0,75000,0,No,,False,4YR SR,No,Yes,23.2986301369863,164,F,M,R
2024,16,488,Minnesota Twins,Aidan Haugh,406,RHP,2003-04-28,R-R,,North Carolina,ACC,0,0,,,No,,False,4YR JR,No,No,21.22739726027397,-82,F,K,O
2024,16,489,Baltimore Orioles,Nate George,233,OF,2006-06-04,R-R,Eastern Illinois,,,0,0,455000,305000,No,2.5,True,HS SR,No,Yes,18.123287671232877,-256,F,H,O
2024,16,490,Los Angeles Dodgers,Evan Shaw,1366,LHP,2001-02-02,L-L,,Kansas,Big 12,0,0,122500,0,No,,False,4YR SR,No,Yes,23.46027397260274,876,F,M,R
2024,16,491,Atlanta Braves,Titus Dumitru,443,OF,2003-05-17,R-R,,New Mexico St.,WAC,0,0,150000,0,No,,False,4YR JR,No,Yes,21.175342465753424,-48,F,K,P
2024,16,492,Philadelphia Phillies,Eli Trop,1333,RHP,2002-05-04,R-R,Texas,Penn,Ivy,0,0,100000,0,No,,False,4YR SR,No,Yes,22.21095890410959,841,F,L,R
2024,16,493,Houston Astros,Bryce Mayer,947,RHP,2002-02-11,R-R,,Missouri,SEC,0,0,175812,25812,No,0.3524,False,4YR SR,No,Yes,22.435616438356163,454,F,L,R
2024,16,494,Arizona Diamondbacks,Dawson Brown,1227,RHP,2001-06-28,R-R,,Georgia Tech,ACC,0,0,50000,0,No,,False,4YR SR,No,Yes,23.06027397260274,733,F,M,R
2024,16,495,Texas Rangers,Eric Loomis,627,RHP,2002-03-27,R-R,,Missouri St.,MVC,0,0,150000,0,No,,False,4YR SR,No,Yes,22.315068493150687,132,F,L,R
2024,17,496,Oakland Athletics,Aidan Layton,2631,RHP,2002-01-31,R-R,,Seton Hill,PSAC,0,0,25000,0,No,,False,4YR SR,No,Yes,22.465753424657535,2135,F,L,R
2024,17,497,Kansas City Royals,Dane Burns,2632,LHP,2004-09-28,R-L,,,,0,0,,,No,,False,,,No,19.805479452054794,2135,F,I,R
2024,17,498,Colorado Rockies,Nolan Clifford,2183,SS,2002-02-04,L-R,,Creighton,Big East,0,0,50000,0,No,,False,4YR SR,No,Yes,22.454794520547946,1685,F,L,R
2024,17,499,Chicago White Sox,Lyle Miller-Green,394,OF,2000-09-04,R-R,,Austin Peay,OVC,0,0,25000,0,No,,False,4YR 5S,No,Yes,23.873972602739727,-105,F,M,O
2024,17,500,Washington Nationals,Gavin Bruni,483,LHP,2002-10-12,L-L,,Ohio St.,Big Ten,0,0,150000,0,No,,False,4YR JR,No,Yes,21.76986301369863,-17,F,K,P
2024,17,501,St. Louis Cardinals,Brandt Thompson,894,RHP,2002-07-04,R-R,,Missouri St.,MVC,0,0,10000,0,No,,False,4YR SR,No,Yes,22.043835616438358,393,F,L,R
2024,17,502,Los Angeles Angels,Lucas Ramirez,1959,OF,2006-01-16,L-R,Tennessee,,,0,0,150000,0,No,,True,HS SR,No,Yes,18.504109589041096,1457,F,H,R
2024,17,503,New York Mets,Jacoby Long,1594,OF,2002-06-26,R-R,,Miami (FL),ACC,0,0,150000,0,No,,False,4YR SR,No,Yes,22.065753424657533,1091,F,L,R
2024,17,504,Pittsburgh Pirates,Andrew Patrick,438,OF,2003-01-19,R-R,,Wright St.,Horizon,0,0,150000,0,No,,False,4YR JR,No,Yes,21.4986301369863,-66,F,K,O
2024,17,505,Cleveland Guardians,Logan McGuire,249,RHP,2002-09-12,R-R,,Georgia Tech,ACC,0,0,150000,0,No,,False,4YR JR,No,Yes,21.852054794520548,-256,F,K,O
2024,17,506,Detroit Tigers,Gabriel Rosado,1392,C,2006-02-08,L-R,San Jacinto CC,,,0,0,150000,0,No,,True,HS SR,No,Yes,18.44109589041096,886,F,H,R
2024,17,507,Boston Red Sox,Yan Cruz,2587,OF,2006-10-31,L-L,Gulf Coast State College,,,0,0,150000,0,No,,True,HS SR,No,Yes,17.715068493150685,2080,F,G,R
2024,17,508,San Francisco Giants,Hunter Dryden,1470,RHP,2002-06-10,R-R,,Whitworth,NWC,0,0,50000,0,No,,False,4YR SR,No,Yes,22.10958904109589,962,F,L,R
2024,17,509,Cincinnati Reds,Trent Hodgdon,2476,RHP,2003-07-09,R-R,Alabama,USC Upstate,Big South,0,0,150000,0,No,,False,4YR JR,No,Yes,21.03013698630137,1967,F,K,R
2024,17,510,San Diego Padres,Ryan Jackson,2309,SS,2001-11-27,R-R,,Southern California,Pac-12,0,0,100000,0,No,,False,4YR SR,No,Yes,22.643835616438356,1799,F,L,R
2024,17,511,New York Yankees,JoJo Jackson,1734,OF,2002-10-06,S-L,Georgia,Georgia St.,Sun Belt,0,0,150000,0,No,,False,4YR JR,No,Yes,21.786301369863015,1223,F,K,R
2024,17,512,Chicago Cubs,Ben Johnson,833,RHP,2001-09-20,R-R,,Ga. Southern,Sun Belt,0,0,50000,0,No,,False,4YR SR,No,Yes,22.83013698630137,321,F,L,R
2024,17,513,Seattle Mariners,Harrison Kreiling,2633,RHP,2002-03-24,R-R,,Omaha,Summit,0,0,50000,0,No,,False,4YR SR,No,Yes,22.323287671232876,2120,F,L,R
2024,17,514,Miami Marlins,Micah McDowell,2067,OF,2001-01-27,L-R,,Oregon St.,Pac-12,0,0,100000,0,No,,False,4YR 5S,No,Yes,23.476712328767125,1553,F,M,R
2024,17,515,Milwaukee Brewers,Cooper Malamazian,1156,SS,2006-06-27,R-R,Indiana,,,0,0,,,No,,True,HS SR,No,No,18.06027397260274,641,F,H,R
2024,17,516,Tampa Bay Rays,Andres Galan,759,RHP,2003-07-04,R-R,,California,Pac-12,0,0,180000,30000,No,0.38461538461538464,False,4YR JR,No,Yes,21.043835616438358,243,F,K,R
2024,17,517,Toronto Blue Jays,Gavin Smith,582,SS,2005-11-27,R-R,Harvard,,,0,0,200000,50000,No,0.5384615384615384,True,HS SR,No,Yes,18.64109589041096,65,F,H,R
2024,17,518,Minnesota Twins,Jay Thomason,1675,3B,2002-04-11,L-R,,Air Force,MWC,0,0,50000,0,No,,False,4YR SR,No,Yes,22.273972602739725,1157,F,L,R
2024,17,519,Baltimore Orioles,Iziah Salinas,2634,LHP,2005-01-25,L-L,Uncommitted,,,0,0,150000,0,No,,False,JC J1,Yes,Yes,19.47945205479452,2115,F,I,R
2024,17,520,Los Angeles Dodgers,Jackson Nicklaus,472,2B,2002-09-26,L-R,,Oklahoma,Big 12,0,0,147500,0,No,,False,4YR JR,No,Yes,21.813698630136987,-48,F,K,P
2024,17,521,Atlanta Braves,Jacob Shafer,1588,RHP,2002-04-30,R-R,Duke,UNCW,CAA,0,0,75000,0,No,,False,4YR SR,No,Yes,22.221917808219178,1067,F,L,R
2024,17,522,Philadelphia Phillies,Ryan Degges,545,RHP,2002-09-09,R-R,,Charlotte,C-USA,0,0,150000,0,No,,False,4YR JR,No,Yes,21.86027397260274,23,F,K,Q
2024,17,523,Houston Astros,Ethan Wagner,2635,OF,2005-08-05,R-R,Tennessee,,,0,0,150000,0,No,,True,HS SR,No,Yes,18.953424657534246,2112,F,H,R
2024,17,524,Arizona Diamondbacks,Drake Frize,1278,RHP,2001-07-02,L-R,,San Diego,WCC,0,0,,,No,,False,4YR SR,No,No,23.04931506849315,754,F,M,R
2024,17,525,Texas Rangers,Joey Danielson,2636,RHP,2001-01-11,R-R,,North Dakota St.,Summit,0,0,25000,0,No,,False,4YR 5S,No,Yes,23.52054794520548,2111,F,M,R
2024,18,526,Oakland Athletics,Tucker Novotny,2501,LHP,2002-11-22,R-L,,Minnesota,Big Ten,0,0,125000,0,No,,False,4YR JR,No,Yes,21.65753424657534,1975,F,K,R
2024,18,527,Kansas City Royals,Corey Cousin Jr.,2637,RHP,2006-09-28,R-R,Oklahoma,,,0,0,347500,197500,No,1.6730769230769231,True,HS SR,No,Yes,17.805479452054794,2110,F,G,R
2024,18,528,Colorado Rockies,Tyler Hampu,2524,RHP,2002-07-14,R-R,,Austin Peay,OVC,0,0,50000,0,No,,False,4YR SR,No,Yes,22.016438356164382,1996,F,L,R
2024,18,529,Chicago White Sox,Liam Paddack,1933,LHP,2003-07-23,L-L,,Gonzaga,WCC,0,0,172500,22500,No,0.3269230769230769,False,4YR JR,No,Yes,20.991780821917807,1404,F,J,R
2024,18,530,Washington Nationals,Teo Banks,653,OF,2003-07-10,R-R,,Tulane,AAC,0,0,150000,0,No,,False,4YR JR,No,Yes,21.027397260273972,123,F,K,R
2024,18,531,St. Louis Cardinals,Christian Martin,392,2B,2003-01-16,L-R,,Virginia Tech,ACC,0,0,150000,0,No,,False,4YR JR,No,Yes,21.506849315068493,-139,F,K,O
2024,18,532,Los Angeles Angels,David Mershon,397,SS,2003-05-24,S-R,,Mississippi St.,SEC,0,0,405000,255000,No,2.1153846153846154,False,4YR SO,No,Yes,21.156164383561645,-135,F,K,O
2024,18,533,New York Mets,Jace Hampson,1526,SS,2005-08-04,L-R,Oregon,,,0,0,150000,0,No,,True,HS SR,No,Yes,18.956164383561642,993,F,H,R
2024,18,534,Pittsburgh Pirates,Jake Shirk,1635,RHP,2002-06-05,R-R,,Wright St.,Horizon,0,0,25000,0,No,,False,4YR SR,No,Yes,22.123287671232877,1101,F,L,R
2024,18,535,Cleveland Guardians,Izaak Martinez,1505,LHP,2001-09-12,L-L,,UC San Diego,Big West,0,0,25000,0,No,,False,4YR GR,No,Yes,22.852054794520548,970,F,L,R
2024,18,536,Detroit Tigers,Bryce Alewine,2639,RHP,2004-11-18,R-R,Michigan St,,,0,0,150000,0,No,,False,JC J1,Yes,Yes,19.665753424657535,2103,F,I,R
2024,18,537,Boston Red Sox,Cole Tolbert,2640,RHP,2002-12-02,R-R,Troy,Ole Miss,SEC,0,0,50000,0,No,,False,4YR SR,No,Yes,21.63013698630137,2103,F,K,R
2024,18,538,San Francisco Giants,Ryan Slater,2327,RHP,2002-05-23,R-R,,Florida,SEC,0,0,125000,0,No,,False,4YR SR,No,Yes,22.15890410958904,1789,F,L,R
2024,18,539,Cincinnati Reds,Jalen Hairston,1641,3B,2004-03-04,L-R,Kentucky,,,0,0,297500,147500,No,1.2884615384615385,False,JC J2,Yes,Yes,20.375342465753423,1102,F,J,R
2024,18,540,San Diego Padres,Victor Figueroa,2641,1B,2003-12-31,L-R,Pittsburgh,,,0,0,150000,0,No,,False,JC J2,Yes,Yes,20.55068493150685,2101,F,J,R
2024,18,541,New York Yankees,Gus Hughes,1437,RHP,2002-05-01,R-R,,High Point,Big South,0,0,50000,0,No,,False,4YR SR,No,Yes,22.21917808219178,896,F,L,R
2024,18,542,Chicago Cubs,Thomas Mangus,496,RHP,2003-06-18,R-R,Oklahoma,,,0,0,220000,70000,No,0.6923076923076923,False,JC J3,Yes,Yes,21.087671232876712,-46,F,K,P
2024,18,543,Seattle Mariners,Matt Tiberia,2642,RHP,2002-06-12,R-R,,Lynn,Sunshine,0,0,100000,0,No,,False,4YR SR,No,Yes,22.104109589041094,2099,F,L,R
2024,18,544,Miami Marlins,Nate Payne,2120,LHP,2005-08-19,L-L,George Mason,,,0,0,235000,85000,No,0.8076923076923077,True,HS SR,No,Yes,18.915068493150685,1576,F,H,R
2024,18,545,Milwaukee Brewers,Tyler Renz,288,RHP,2006-11-24,R-R,St. John’s,,,0,0,850000,700000,No,5.538461538461538,True,HS SR,No,Yes,17.649315068493152,-257,F,G,O
2024,18,546,Tampa Bay Rays,Dominic Niman,1269,LHP,2000-08-25,L-L,,Kentucky,SEC,0,0,50000,0,No,,False,4YR GR,No,Yes,23.9013698630137,723,F,M,R
2024,18,547,Toronto Blue Jays,Holden Wilkerson,1458,RHP,2003-06-07,R-R,,VMI,SoCon,0,0,150000,0,No,,False,4YR JR,No,Yes,21.117808219178084,911,F,K,R
2024,18,548,Minnesota Twins,Michael Ross,2083,RHP,2002-07-04,L-R,Florida,Samford,SoCon,0,0,150000,0,No,,False,4YR SR,No,Yes,22.043835616438358,1535,F,L,R
2024,18,549,Baltimore Orioles,Michael Caldon,2643,RHP,2002-10-14,R-R,,Felician,CACC,0,0,100000,0,No,,False,4YR JR,No,Yes,21.764383561643836,2094,F,K,R
2024,18,550,Los Angeles Dodgers,Isaac Ayon,1494,RHP,2002-06-14,R-R,,Oregon,Pac-12,0,0,147500,0,No,,False,4YR SR,No,Yes,22.0986301369863,944,F,L,R
2024,18,551,Atlanta Braves,Jake Steels,1637,OF,2002-06-17,R-R,,Cal Poly,Big West,0,0,75000,0,No,,False,4YR SR,No,Yes,22.09041095890411,1086,F,L,R
2024,18,552,Philadelphia Phillies,Kevin Warunek,1881,LHP,2002-11-19,L-L,Coastal Carolina,Longwood,Big South,0,0,150000,0,No,,False,4YR JR,No,Yes,21.665753424657535,1329,F,K,R
2024,18,553,Houston Astros,Grant Burleson,387,RHP,2002-09-12,R-R,,Western Ky.,C-USA,0,0,125000,0,No,,False,4YR JR,No,Yes,21.852054794520548,-166,F,K,O
2024,18,554,Arizona Diamondbacks,Jackson Hotchkiss,250,OF,2006-04-06,R-R,Washington,,,0,0,,,No,,True,HS SR,No,No,18.284931506849315,-304,F,H,O
2024,18,555,Texas Rangers,Kadyn Leon,2644,RHP,2005-11-22,R-R,Uncommitted,,,0,0,,,No,,True,HS SR,No,No,18.654794520547945,2089,F,H,R
2024,19,556,Oakland Athletics,Gunner Gouldsmith,1436,SS,2001-09-12,S-R,,Sacramento St.,WAC,0,0,20000,0,No,,False,4YR SR,No,Yes,22.852054794520548,880,F,L,R
2024,19,557,Kansas City Royals,Dash Albus,2645,LHP,2002-07-24,L-L,,Abilene Christian,WAC,0,0,150000,0,No,,False,4YR JR,No,Yes,21.98904109589041,2088,F,K,R
2024,19,558,Colorado Rockies,Nathan Blasick,2129,RHP,2001-06-26,L-R,,New Orleans,SLC,0,0,50000,0,No,,False,4YR SR,No,Yes,23.065753424657533,1571,F,M,R
2024,19,559,Chicago White Sox,Nick Pinto,2160,LHP,2000-06-22,L-L,,UC Irvine,Big West,0,0,25000,0,No,,False,4YR GR,No,Yes,24.076712328767123,1601,F,M,R
2024,19,560,Washington Nationals,Ryan Minckler,2646,RHP,2002-10-01,R-R,Arizona St.,Niagara,MAAC,0,0,150000,0,No,,False,4YR JR,No,Yes,21.8,2086,F,K,R
2024,19,561,St. Louis Cardinals,Brendan Lawson,176,SS,2005-12-07,L-R,Florida,,,0,0,,,No,,True,HS SR,No,No,18.613698630136987,-385,F,H,O
2024,19,562,Los Angeles Angels,Connor Gatwood,106,RHP,2005-10-14,R-R,Auburn,,,0,0,,,No,,True,HS SR,No,No,18.76164383561644,-456,F,H,O
2024,19,563,New York Mets,Frank Elissalt,1381,RHP,2002-03-25,S-R,,Nova Southeastern,Sunshine,0,0,50000,0,No,,False,4YR SR,No,Yes,22.32054794520548,818,F,L,R
2024,19,564,Pittsburgh Pirates,Joe Vogatsky,573,RHP,2001-12-27,R-R,,James Madison,Sun Belt,0,0,25000,0,No,,False,4YR SR,No,Yes,22.561643835616437,9,F,L,Q
2024,19,565,Cleveland Guardians,Cam Schuelke,990,RHP,2002-01-14,R-R,,Mississippi St.,SEC,0,0,55000,0,No,,False,4YR SR,No,Yes,22.512328767123286,425,F,L,R
2024,19,566,Detroit Tigers,Chase Davis,1050,LHP,2006-08-23,L-L,South Alabama,,,0,0,,,No,,True,HS SR,No,No,17.904109589041095,484,F,G,R
2024,19,567,Boston Red Sox,D'Angelo Ortiz,2647,3B,2004-07-04,R-R,Uncommitted,,,0,0,150000,0,No,,False,JC J2,Yes,Yes,20.041095890410958,2080,F,J,R
2024,19,568,San Francisco Giants,Ryan Ure,538,LHP,2002-08-29,R-L,,Oklahoma St.,Big 12,0,0,,,No,,False,4YR JR,No,No,21.89041095890411,-30,F,K,P
2024,19,569,Cincinnati Reds,Owen Pote,2648,RHP,2005-10-20,R-R,USC Upstate,NS,,0,0,,,No,,False,NS,No,No,18.745205479452054,2079,F,H,R
2024,19,570,San Diego Padres,Vicarte Domingo,2649,RHP,2002-11-18,R-R,,British Columbia,NAIA,0,0,50000,0,No,,False,4YR SR,No,Yes,21.66849315068493,2079,F,K,R
2024,19,571,New York Yankees,Brandon Decker,885,RHP,2002-07-10,R-R,,Oakland,Horizon,0,0,50000,0,No,,False,4YR SR,No,Yes,22.027397260273972,314,F,L,R
2024,19,572,Chicago Cubs,Owen Ayers,2193,C,2001-06-07,S-R,,Marshall,SBC,0,0,50000,0,No,,False,4YR 5S,No,Yes,23.117808219178084,1621,F,M,R
2024,19,573,Seattle Mariners,Brian Walters,375,RHP,2002-11-28,R-R,,Miami (FL),ACC,0,0,,,No,,False,4YR JR,No,No,21.64109589041096,-198,F,K,O
2024,19,574,Miami Marlins,Luke Lashutka,2650,RHP,2002-05-24,R-R,,St Leo,Sunshine,0,0,10000,0,No,,False,4YR SR,No,Yes,22.156164383561645,2076,F,L,R
2024,19,575,Milwaukee Brewers,Noah Wech,632,RHP,2006-03-29,R-R,Oklahoma St.,,,0,0,,,No,,True,HS SR,No,No,18.306849315068494,57,F,H,R
2024,19,576,Tampa Bay Rays,Tony Santa Maria,352,2B,2002-04-06,R-R,,Rutgers,Big Ten,0,0,50000,0,No,,False,4YR SR,No,Yes,22.28767123287671,-224,F,L,O
2024,19,577,Toronto Blue Jays,Dmarion Terrell,115,OF,2006-02-10,L-L,Auburn,,,0,0,,,No,,True,HS SR,No,No,18.435616438356163,-462,F,H,O
2024,19,578,Minnesota Twins,Logan Whitaker,1950,RHP,2000-05-25,R-R,,NC State,ACC,0,0,10000,0,No,,False,4YR GR,No,Yes,24.153424657534245,1372,F,M,R
2024,19,579,Baltimore Orioles,Braylon Whitaker,2651,OF,2006-03-02,L-L,Wingate,,,0,0,150000,0,No,,True,HS SR,No,Yes,18.38082191780822,2072,F,H,R
2024,19,580,Los Angeles Dodgers,Chase Williams,261,OF,2005-10-23,S-R,Florida St.,,,0,0,,,No,,False,JC J1,Yes,No,18.736986301369864,-319,F,H,O
2024,19,581,Atlanta Braves,Dalton McIntyre,635,OF,2003-07-17,L-L,,Southern Miss.,Sun Belt,0,0,100000,0,No,,False,4YR JR,No,Yes,21.008219178082193,54,F,K,R
2024,19,582,Philadelphia Phillies,Erik Ritchie,1351,LHP,2003-06-22,L-L,,East Carolina,AAC,0,0,112000,0,No,,False,4YR JR,No,Yes,21.076712328767123,769,F,K,R
2024,19,583,Houston Astros,Twine Palmer,2652,RHP,2004-08-31,R-R,Uncommitted,,,0,0,197500,47500,No,0.5192307692307693,False,JC J1,Yes,Yes,19.882191780821916,2069,F,I,R
2024,19,584,Arizona Diamondbacks,Tyler Bayer,624,RHP,2006-04-21,S-R,Kennesaw St.,,,0,0,,,No,,True,HS SR,No,No,18.243835616438357,40,F,H,Q
2024,19,585,Texas Rangers,Cade Obermueller,198,LHP,2003-07-28,L-L,,Iowa,Big Ten,0,0,,,No,,False,4YR SO,No,No,20.97808219178082,-387,F,J,O
2024,20,586,Oakland Athletics,Dylan Volantis,190,LHP,2005-10-07,L-L,USC,,,0,0,,,No,,True,HS SR,No,No,18.78082191780822,-396,F,H,O
2024,20,587,Kansas City Royals,Carter Frederick,1021,OF,2002-07-02,R-R,,Oklahoma,Big 12,0,0,150000,0,No,,False,4YR SR,No,Yes,22.04931506849315,434,F,L,R
2024,20,588,Colorado Rockies,Hunter Omlid,1477,RHP,2000-05-31,R-R,,Arizona,Pac-12,0,0,50000,0,No,,False,4YR 5S,No,Yes,24.136986301369863,889,F,M,R
2024,20,589,Chicago White Sox,Myles Bailey,207,1B,2005-07-07,L-R,Florida St.,,,0,0,,,No,,True,HS SR,No,No,19.03287671232877,-382,F,I,O
2024,20,590,Washington Nationals,Colby Shelton,93,SS,2002-12-06,L-R,,Florida,SEC,0,0,,,No,,False,4YR SO,No,No,21.61917808219178,-497,F,K,O
2024,20,591,St. Louis Cardinals,Owen Rice,2200,LHP,2003-03-29,L-L,,Milwaukee,Horizon,0,0,150000,0,No,,False,4YR JR,No,Yes,21.30958904109589,1609,F,K,R
2024,20,592,Los Angeles Angels,Zachary Redner,2653,RHP,2004-12-06,L-R,Tampa,,,0,0,150000,0,No,,False,JC J2,Yes,Yes,19.616438356164384,2061,F,I,R
2024,20,593,New York Mets,Adam Haight,160,SS,2006-05-26,R-R,Oregon St.,,,0,0,,,No,,True,HS SR,No,No,18.147945205479452,-433,F,H,O
2024,20,594,Pittsburgh Pirates,Taylor Penn,2654,RHP,2006-03-17,R-R,Western Ky.,,,0,0,,,No,,True,HS SR,No,No,18.339726027397262,2060,F,H,R
2024,20,595,Cleveland Guardians,Cam Walty,991,RHP,2002-05-14,R-R,,Arizona,Pac-12,0,0,50000,0,No,,False,4YR SR,No,Yes,22.183561643835617,396,F,L,R
2024,20,596,Detroit Tigers,Dawson Price,2655,RHP,2004-09-29,R-R,Uncommitted,,,0,0,150000,0,No,,False,JC J1,Yes,Yes,19.802739726027397,2059,F,I,R
2024,20,597,Boston Red Sox,Ben Hansen,830,RHP,2002-03-12,R-R,,BYU,WCC,0,0,50000,0,No,,False,4YR SO,No,Yes,22.356164383561644,233,F,L,R
2024,20,598,San Francisco Giants,Fernando Gonzalez,1375,C,2001-12-02,R-R,,Georgia,SEC,0,0,35000,0,No,,False,4YR SR,No,Yes,22.63013698630137,777,F,L,R
2024,20,599,Cincinnati Reds,Mason Russell,90,LHP,2006-04-06,B-L,Arizona,,,0,0,,,No,,True,HS SR,No,No,18.284931506849315,-509,F,H,O
2024,20,600,San Diego Padres,Chase Fralick,226,C,2005-09-02,L-R,Auburn,,,0,0,,,No,,True,HS SR,No,No,18.876712328767123,-374,F,H,O
2024,20,601,New York Yankees,Cole Royer,404,RHP,2005-07-23,R-R,Georgia Tech,,,0,0,,,No,,True,HS SR,No,No,18.98904109589041,-197,F,H,O
2024,20,602,Chicago Cubs,Brayden Risedorph,902,RHP,2003-07-30,R-R,,Indiana,Big Ten,0,0,150000,0,No,,False,4YR SO,No,Yes,20.972602739726028,300,F,J,R
2024,20,603,Seattle Mariners,Ryan Picollo,2323,OF,2002-04-25,R-R,,Saint Joseph's,Atlantic 10,0,0,10000,0,No,,False,4YR SR,No,Yes,22.235616438356164,1720,F,L,R
2024,20,604,Miami Marlins,Chase Centala,1049,RHP,2002-03-18,R-R,,UCF,AAC,0,0,50000,0,No,,False,4YR SR,No,Yes,22.339726027397262,445,F,L,R
2024,20,605,Milwaukee Brewers,Henry Brummel,594,RHP,2006-03-06,R-R,Indiana,,,0,0,,,No,,True,HS SR,No,No,18.36986301369863,-11,F,H,P
2024,20,606,Tampa Bay Rays,Kaleb Corbett,1838,RHP,2001-12-06,R-R,,Louisville,ACC,0,0,20000,0,No,,False,4YR SR,No,Yes,22.61917808219178,1232,F,L,R
2024,20,607,Toronto Blue Jays,Bryce Martin-Grudzielanek,663,SS,2003-06-04,R-R,,UC San Diego,Big West,0,0,,,No,,False,4YR JR,No,No,21.126027397260273,56,F,K,R
2024,20,608,Minnesota Twins,Merit Jones,2064,RHP,2003-07-26,R-R,,Utah,Pac-12,0,0,,,No,,False,4YR SO,No,No,20.983561643835618,1456,F,J,R
2024,20,609,Baltimore Orioles,Evan Yates,1369,RHP,2002-09-17,R-R,,Cal St. Fullerton,Big West,0,0,150000,0,No,,False,4YR JR,No,Yes,21.838356164383562,760,F,K,R
2024,20,610,Los Angeles Dodgers,Hunter Elliott,1471,LHP,2002-08-27,L-L,,Ole Miss,SEC,0,0,,,No,,False,4YR JR,No,No,21.895890410958906,861,F,K,R
2024,20,611,Atlanta Braves,Eric Hartman,1349,OF,2006-06-16,L-R,Michigan,,,0,0,337500,187500,No,1.5961538461538463,True,HS SR,No,Yes,18.09041095890411,738,F,H,R
2024,20,612,Philadelphia Phillies,Kyler Carmack,528,RHP,2003-01-06,R-R,Arkansas St.,Ole Miss,SEC,0,0,125000,0,No,,False,4YR JR,No,Yes,21.534246575342465,-84,F,K,O
2024,20,613,Houston Astros,Ky McGary,200,OF,2005-08-14,R-R,Arizona St.,,,0,0,,,No,,True,HS SR,No,No,18.92876712328767,-413,F,H,O
2024,20,614,Arizona Diamondbacks,Hunter Carns,118,C,2005-04-06,R-R,Florida St.,,,0,0,,,No,,True,HS SR,No,No,19.284931506849315,-496,F,I,O
2024,20,615,Texas Rangers,Mac Rose,1989,C,2004-04-19,L-R,Uncommitted,,,0,0,,,No,,False,JC J2,Yes,No,20.24931506849315,1374,F,J,R
2025,1,1,Washington Nationals,Eli Willits,4,SS,2007-12-09,S/R,Oklahoma,Fort Cobb-Broxton HS (OK),,11075900,10392654.048412351,8200000,8200000,Yes,-0.2596538430285575,True,HS SR,No,Yes,17.605479452054794,3,S,G,Q
2025,1,2,Los Angeles Angels,Tyler Bremner,13,P,2004-04-20,R/R,,UC Santa Barbara,Big West,10252700,9017701.32304981,7689525,7689525,Yes,-0.25,False,4YR JR,No,Yes,21.243835616438357,11,S,K,Q
2025,1,3,Seattle Mariners,Kade Anderson,2,P,2004-07-06,L/L,,LSU,Southeastern Conference,9504400,9691805.741540976,8800000,8800000,Yes,-0.0741130423803712,False,4YR SO,No,Yes,21.03287671232877,-1,S,K,P
2025,1,4,Colorado Rockies,Ethan Holliday,1,SS,2007-02-23,L/R,Oklahoma St.,Stillwater HS (OK),,8770900,8822490.846612923,9000000,9000000,Yes,0.02612046654277212,True,HS SR,No,Yes,18.397260273972602,-3,S,H,P
2025,1,5,St. Louis Cardinals,Liam Doyle,7,P,2004-06-03,R/L,,Tennessee,Southeastern Conference,8134800,7154914.97095844,7250000,7250000,Yes,-0.10876727147563554,False,4YR JR,No,Yes,21.123287671232877,2,S,K,Q
2025,1,6,Pittsburgh Pirates,Seth Hernandez,3,P,2006-06-28,R/R,Vanderbilt,Corona Senior HS (CA),,7558600,6920240.556573483,7250000,7250000,Yes,-0.04082766649908713,True,HS SR,No,Yes,19.054794520547944,-3,T,I,P
2025,1,7,Miami Marlins,Aiva Arquette,6,SS,2003-10-17,R/R,,Oregon State,DI Independent,7149900,7290586.192198857,7149900,7149900,Yes,0,False,4YR JR,No,Yes,21.753424657534246,-1,T,K,P
2025,1,8,Toronto Blue Jays,JoJo Parker,9,SS,2006-08-08,L/R,Mississippi St.,Purvis HS (MS),,6813600,5538774.8738237955,6197500,6197500,Yes,-0.09042209698250557,True,HS SR,No,Yes,18.942465753424656,1,T,H,Q
2025,1,9,Cincinnati Reds,Steele Hall,12,SS,2007-07-24,R/R,Tennessee,Hewitt Trussville HS (AL),,6513800,5963678.847591929,5747500,5747500,Yes,-0.11764254352298198,True,HS SR,No,Yes,17.983561643835618,3,T,G,Q
2025,1,10,Chicago White Sox,Billy Carlson,8,SS,2006-07-29,R/R,Tennessee,Corona Senior HS (CA),,6238400,6324876.258895436,6235900,6235900,Yes,-0.0004007437804565273,True,HS SR,No,Yes,18.96986301369863,-2,T,H,P
2025,1,11,Oakland Athletics,Jamie Arnold,5,P,2004-03-21,L/L,,Florida State,Atlantic Coast Conference,5985100,5617677.17194813,5985100,5985100,Yes,0,False,4YR JR,No,Yes,21.326027397260273,-6,U,K,P
2025,1,12,Texas Rangers,Gavin Fien,20,3B,2007-03-08,R/R,Texas,Great Oak HS (CA),,5746800,5310492.746427656,4800000,4800000,Yes,-0.16475255794529128,True,HS SR,No,Yes,18.361643835616437,8,U,H,Q
2025,1,13,San Francisco Giants,Gavin Kilen,18,SS,2004-03-28,L/R,,Tennessee,Southeastern Conference,5524300,5127912.211347236,5247500,5247500,Yes,-0.05010589576959977,False,4YR JR,No,Yes,21.306849315068494,5,U,K,Q
2025,1,14,Tampa Bay Rays,Daniel Pierce,16,SS,2006-08-04,R/R,Georgia,Mill Creek HS (GA),,5313100,4909720.020018929,4310600,4310600,Yes,-0.1886845720953869,True,HS SR,No,Yes,18.953424657534246,2,U,H,Q
2025,1,15,Boston Red Sox,Kyson Witherspoon,10,P,2004-08-12,R/R,,Oklahoma,Southeastern Conference,5114200,5348798.293136989,5000000,5000000,Yes,-0.02232998318407571,False,4YR JR,No,Yes,20.931506849315067,-5,U,J,P
2025,1,16,Minnesota Twins,Marek Houston,22,SS,2004-04-14,R/R,,Wake Forest,Atlantic Coast Conference,4929600,4210882.070171859,4497500,4497500,Yes,-0.08765417072379098,False,4YR JR,No,Yes,21.26027397260274,6,V,K,Q
2025,1,17,Chicago Cubs,Ethan Conrad,29,OF,2004-07-05,L/L,,Wake Forest,Atlantic Coast Conference,4750800,4058150.4663608545,3563100,3563100,Yes,-0.25,False,4YR JR,No,Yes,21.035616438356165,12,V,K,Q
2025,1,18,Arizona Diamondbacks,Kayson Cunningham,15,SS,2006-06-25,L/R,Texas,Lady Bird Johnson HS (TX),,4581900,4410111.748665294,4581900,4581900,Yes,0,True,HS SR,No,Yes,19.063013698630137,-3,V,I,P
2025,1,19,Baltimore Orioles,Ike Irish,11,C,2003-11-26,L/R,,Auburn,Southeastern Conference,4420900,4558493.626233086,4418400,4418400,Yes,-0.0005654957135424913,False,4YR JR,No,Yes,21.643835616438356,-8,V,K,P
2025,1,20,Milwaukee Brewers,Andrew Fischer,28,3B,2004-05-25,L/R,,Tennessee,Southeastern Conference,4268100,3645826.388287186,3500000,3500000,Yes,-0.17996298118600781,False,4YR JR,No,Yes,21.147945205479452,8,V,K,Q
2025,1,21,Houston Astros,Xavier Neyens,23,SS,2006-10-29,L/R,Oregon St.,Mt. Vernon HS (WA),,4122500,3923823.172974862,4120000,4120000,Yes,-0.0006064281382656155,True,HS SR,No,Yes,18.71780821917808,2,A,H,Q
2025,1,22,Atlanta Braves,Tate Southisene,35,SS,2006-10-06,R/R,Southern California,Basic HS (NV),,3983900,3791902.7625990426,2622500,2622500,Yes,-0.34172544491578605,True,HS SR,No,Yes,18.78082191780822,13,A,H,Q
2025,1,23,Kansas City Royals,Sean Gamble,31,OF,2006-07-06,L/R,Vanderbilt,IMG Academy (FL),,3852100,3845726.2811088306,3997500,3997500,Yes,0.0377456452324706,True,HS SR,No,Yes,19.03287671232877,8,A,I,Q
2025,1,24,Detroit Tigers,Jordan Yost,56,SS,2006-12-21,L/R,Florida,Sickles HS (FL),,3726300,3546717.353415701,3247500,3247500,Yes,-0.12849206988165204,True,HS SR,No,Yes,18.572602739726026,32,A,H,Q
2025,1,25,San Diego Padres,Kruz Schoolcraft,24,P,2007-04-18,L/L,Tennessee,Sunset HS (OR),,3606600,4214987.76569735,3606600,3606600,Yes,0,True,HS SR,No,Yes,18.24931506849315,-1,A,H,P
2025,1,26,Philadelphia Phillies,Gage Wood,17,P,2003-12-15,R/R,,Arkansas,Southeastern Conference,3492200,3423125.40677058,3000000,3000000,Yes,-0.14094267224099422,False,4YR JR,No,Yes,21.59178082191781,-9,A,K,P
2025,1,27,Cleveland Guardians,Jace LaViolette,21,OF,2003-12-04,L/L,,Texas A&M,Southeastern Conference,3382600,3315693.259533292,4000000,4000000,Yes,0.18252232010879205,False,4YR JR,No,Yes,21.621917808219177,-6,A,K,P
2025,1,28,Kansas City Royals,Josh Hammond,25,3B,2006-09-21,R/R,Wake Forest,Wesleyan Christian Academy (NC),,3282200,3835865.592128831,3197500,3197500,Yes,-0.025805861921881664,True,HS SR,No,Yes,18.82191780821918,-3,A,H,P
2025,1,29,Arizona Diamondbacks,Patrick Forbes,32,P,2004-07-11,R/R,,Louisville,Atlantic Coast Conference,3191100,2938704.7462241123,3000000,3000000,Yes,-0.0598853060073329,False,4YR JR,No,Yes,21.019178082191782,3,A,K,Q
2025,1,30,Baltimore Orioles,Caden Bodine,27,C,2003-12-02,S/R,,Coastal Carolina,Sun Belt,3113300,3051719.9269511616,3110800,3110800,Yes,-0.0008030064561719076,False,4YR JR,No,Yes,21.627397260273973,-3,A,K,P
2025,1,31,Baltimore Orioles,Wehiwa Aloy,14,SS,2004-02-04,R/R,,Arkansas,Southeastern Conference,3042800,2982614.3942848407,3040300,3040300,Yes,-0.0008216116734586565,False,4YR JR,No,Yes,21.45205479452055,-17,A,K,P
2025,1,32,Milwaukee Brewers,Brady Ebel,70,SS,2007-07-25,L/R,LSU,Corona Senior HS (CA),,2970900,2689329.428971274,2750000,2750000,Yes,-0.07435457268841092,True,HS SR,No,Yes,17.980821917808218,38,A,G,Q
2025,1,33,Boston Red Sox,Marcus Phillips,46,P,2004-07-26,R/R,,Tennessee,Southeastern Conference,2898300,2898300,2500000,2500000,Yes,-0.1374253872960011,False,4YR JR,No,Yes,20.97808219178082,13,A,J,Q
2025,1,34,Detroit Tigers,Michael Oliveto,100,C,2007-02-03,L/R,Yale,Hauppauge HS (NY),,2827300,2404200.4054338257,2447500,2447500,Yes,-0.13433310932691966,True,HS SR,No,Yes,18.45205479452055,66,A,H,R
2025,1,35,Seattle Mariners,Luke Stevenson,30,C,2004-07-22,L/R,,North Carolina,Atlantic Coast Conference,2758300,2703054.005066537,2800000,2800000,Yes,0.015118007468368198,False,4YR SO,No,Yes,20.98904109589041,-5,A,J,P
2025,1,36,Minnesota Twins,Riley Quick,36,P,2004-04-29,R/R,,Alabama,Southeastern Conference,2692000,2638753.1054998,2692000,2692000,Yes,0,False,4YR JR,No,Yes,21.21917808219178,0,A,K,P
2025,1,37,Baltimore Orioles,Slater de Brun,26,OF,2007-06-08,L/L,Vanderbilt,Summit HS (OR),,2631400,3075283.87030888,4000000,4000000,Yes,0.520103367028958,True,HS SR,No,Yes,18.10958904109589,-11,A,H,P
2025,1,38,New York Mets,Mitch Voit,76,P,2004-09-30,R/R,,Michigan,Big Ten,2569400,2569400,1750000,1750000,Yes,-0.3189071378531953,False,4YR JR,No,Yes,20.797260273972604,38,A,J,Q
2025,1,39,New York Yankees,Dax Kilby,48,SS,2006-11-17,L/R,Clemson,Newnan HS (GA),,2509500,2388558.945440974,2797500,2797500,Yes,0.11476389719067544,True,HS SR,No,Yes,18.665753424657535,9,A,H,Q
2025,1,40,Los Angeles Dodgers,Zach Root,37,P,2004-02-06,L/L,,Arkansas,Southeastern Conference,2443600,2395266.3776371884,2197500,2197500,Yes,-0.10071206416762155,False,4YR JR,No,Yes,21.446575342465753,-3,A,K,P
2025,1,41,Los Angeles Dodgers,Charles Davalan,55,OF,2003-12-16,L/R,,Arkansas,Southeastern Conference,2386900,2198111.735377247,1997500,1997500,Yes,-0.16314047509321714,False,4YR SO,No,Yes,21.589041095890412,14,A,K,Q
2025,1,42,Tampa Bay Rays,Brendan Summerhill,19,OF,2003-11-13,L/R,,Arizona,Big 12,2331000,2284893.5694353767,1997500,1997500,Yes,-0.14307164307164308,False,4YR JR,No,Yes,21.67945205479452,-23,A,K,P
2025,1,43,Miami Marlins,Cam Cannarella,33,OF,2003-09-06,L/R,,Clemson,Atlantic Coast Conference,2276700,2231667.605977487,2277425,2277425,Yes,0.00031844336100496335,False,4YR JR,No,Yes,21.865753424657534,-10,A,K,P
2025,2,44,Chicago White Sox,Jaden Fauske,42,C,2006-11-21,L/R,LSU,Nazareth Academy (IL),,2223600,3734363.1283347337,2997500,2997500,Yes,0.3480392156862745,True,HS SR,No,Yes,18.654794520547945,-2,B,H,P
2025,2,45,Colorado Rockies,JB Middleton,44,P,2003-11-24,R/R,,Southern Mississippi,Sun Belt,2171900,2376647.003908664,2071900,2071900,Yes,-0.0460426354804549,False,4YR JR,No,Yes,21.649315068493152,-1,B,K,P
2025,2,46,Miami Marlins,Brandon Compton,45,OF,2003-10-27,L/L,,Arizona State,Big 12,2128800,2329483.927400324,2000000,2000000,Yes,-0.06050357008643367,False,4YR JR,No,Yes,21.726027397260275,-1,B,K,P
2025,2,47,Los Angeles Angels,Chase Shores,75,P,2004-05-21,R/R,,LSU,Southeastern Conference,2079700,1951636.7160011113,2077200,2077200,Yes,-0.001202096456219647,False,4YR JR,No,Yes,21.15890410958904,28,B,K,Q
2025,2,48,Oakland Athletics,Devin Taylor,34,OF,2004-01-06,L/R,,Indiana,Big Ten,2031500,2223011.367208643,2500000,2500000,Yes,0.23061777012060053,False,4YR JR,No,Yes,21.53150684931507,-14,B,K,P
2025,2,49,Washington Nationals,Ethan Petry,57,OF,2004-06-17,R/R,,South Carolina,Southeastern Conference,1984200,1862017.3928400273,2090000,2090000,Yes,0.05332123777844975,False,4YR JR,No,Yes,21.084931506849315,8,B,K,Q
2025,2,50,Pittsburgh Pirates,Angel Cervantes,54,P,2007-08-21,R/R,UCLA,Warren HS (CA),,1934700,3264215.7063663527,Unsigned,1934700,Yes,,True,HS SR,No,No,17.90684931506849,4,B,G,Q
2025,2,51,Cincinnati Reds,Aaron Watson,43,P,2007-01-05,R/R,Florida,Trinity Christian Academy (FL),,1891200,3176123.2003537724,2750000,2750000,Yes,0.4541032148900169,True,HS SR,No,Yes,18.53150684931507,-8,B,H,P
2025,2,52,Texas Rangers,AJ Russell,47,P,2004-06-29,R/R,,Tennessee,Southeastern Conference,1846700,2020790.1018086146,2600000,2600000,Yes,0.40791682460605405,False,4YR JR,No,Yes,21.052054794520547,-5,B,K,P
2025,2,53,Tampa Bay Rays,Cooper Flemming,67,SS,2006-08-05,L/R,Vanderbilt,Ganesha HS (CA),,1803500,2683253.891746056,2297500,2297500,Yes,0.2739118380925977,True,HS SR,No,Yes,18.95068493150685,14,B,H,Q
2025,2,54,Minnesota Twins,Quentin Young,41,SS,2007-03-02,R/R,LSU,Oaks Christian HS (CA),,1761600,2958470.0876391735,1761600,1761600,Yes,0,True,HS SR,No,Yes,18.378082191780823,-13,B,H,P
2025,2,55,St. Louis Cardinals,Ryan Mitchell,50,SS,2007-01-21,L/R,Georgia Tech,Houston HS (TN),,1720300,2889109.9521830557,2250000,2250000,Yes,0.30791141080044176,True,HS SR,No,Yes,18.487671232876714,-5,B,H,P
2025,2,56,Chicago Cubs,Kane Kepley,68,OF,2004-02-14,L/L,,North Carolina,Atlantic Coast Conference,1680000,1576549.3498494336,1400000,1400000,Yes,-0.16666666666666666,False,4YR SO,No,Yes,21.424657534246574,12,B,K,Q
2025,2,57,Seattle Mariners,Nick Becker,49,SS,2006-12-04,R/R,Virginia,Don Bosco Prep HS (NJ),,1636800,2748878.201321412,2750000,2750000,Yes,0.6801075268817204,True,HS SR,No,Yes,18.61917808219178,-8,B,H,P
2025,2,58,Baltimore Orioles,Joseph Dzierwa,62,P,2004-04-21,R/L,,Michigan State,Big Ten,1598100,1499692.5690442736,1497500,1497500,Yes,-0.06294975283148739,False,4YR JR,No,Yes,21.24109589041096,4,B,K,Q
2025,2,59,Milwaukee Brewers,J.D. Thompson,64,P,2003-09-28,R/L,,Vanderbilt,Southeastern Conference,1560200,1464126.3664494562,1560200,1560200,Yes,0,False,4YR JR,No,Yes,21.805479452054794,5,B,K,Q
2025,2,60,Atlanta Braves,Alex Lodise,38,SS,2004-03-10,R/R,,Florida State,Atlantic Coast Conference,1523200,1666793.4602668986,1297500,1297500,Yes,-0.1481748949579832,False,4YR JR,No,Yes,21.356164383561644,-22,B,K,P
2025,2,61,Kansas City Royals,Michael Lombardi,77,P,2003-09-20,R/R,,Tulane,American Athletic Conference,1486700,1395152.3323935433,1297500,1297500,Yes,-0.12726172058922447,False,4YR JR,No,Yes,21.827397260273973,16,B,K,Q
2025,2,62,Detroit Tigers,Malachi Witherspoon,87,P,2004-08-12,R/R,,Oklahoma,Southeastern Conference,1451200,1505521.546991064,1448700,1448700,Yes,-0.0017227122381477398,False,4YR JR,No,Yes,20.931506849315067,25,B,J,Q
2025,2,63,Philadelphia Phillies,Cade Obermueller,88,P,2003-07-28,L/L,,Iowa,Big Ten,1416600,1329368.9339266117,1197500,1197500,Yes,-0.15466610193420866,False,4YR JR,No,Yes,21.975342465753425,25,B,K,Q
2025,2,64,Cleveland Guardians,Dean Curley,52,SS,2004-04-15,R/R,,Tennessee,Southeastern Conference,1382300,1512610.6881085439,1733905,1733905,Yes,0.254362294726181,False,4YR SO,No,Yes,21.257534246575343,-12,B,K,P
2025,2,65,Los Angeles Dodgers,Cam Leiter,92,P,2004-01-28,R/R,,Florida State,Atlantic Coast Conference,1349100,1266025.4332630183,1346600,1346600,Yes,-0.0018530872433474169,False,4YR JR,No,Yes,21.471232876712328,27,B,K,Q
2025,2,66,Cleveland Guardians,Aaron Walton,127,OF,2004-05-14,R/R,,Arizona,Big 12,1320400,1174848.2590104907,1100000,1100000,Yes,-0.16691911541956983,False,4YR JR,No,Yes,21.17808219178082,61,B,K,R
2025,2,67,Tampa Bay Rays,Dean Moss,73,OF,2006-04-17,L/R,LSU,IMG Academy (FL),,1285400,1473043.124485259,2097500,2097500,Yes,0.6317877703438618,True,HS SR,No,Yes,19.252054794520546,6,B,I,Q
2025,2,68,Milwaukee Brewers,Frank Cairone,132,P,2007-09-14,R/L,Coastal Carolina,Delsea Reg HS (NJ),,1254400,979883.302796817,1097500,1097500,Yes,-0.1250797193877551,True,HS SR,No,Yes,17.84109589041096,64,B,G,R
2025,2,69,Baltimore Orioles,JT Quinn,118,P,2004-04-22,R/R,,Georgia,Southeastern Conference,1223800,1148441.1275867482,1147500,1147500,Yes,-0.06234678869096258,False,4YR JR,No,Yes,21.23835616438356,49,B,K,Q
2025,2,70,Cleveland Guardians,Will Hynes,183,P,2007-07-07,R/R,Wake Forest,Lorne Park SS (ON),,1193500,1690741.9564121838,950000,950000,Yes,-0.20402178466694595,True,HS SR,No,Yes,18.03013698630137,113,B,H,R
2025,2,71,Kansas City Royals,Justin Lamkin,116,P,2004-06-01,R/L,,Texas A&M,Southeastern Conference,1163700,1092041.9514403488,1161200,1161200,Yes,-0.0021483200137492483,False,4YR JR,No,Yes,21.12876712328767,45,B,K,Q
2025,2,72,St. Louis Cardinals,Tanner Franklin,110,P,2004-05-25,R/R,,Tennessee,Southeastern Conference,1145900,1075338.0357098011,1145900,1145900,Yes,0,False,4YR JR,No,Yes,21.147945205479452,38,B,K,Q
2025,2,73,Pittsburgh Pirates,Murf Gray,115,3B,2003-12-30,R/R,,Fresno State,Mountain West,1128400,1058915.6466488696,997500,997500,Yes,-0.11600496277915633,False,4YR JR,No,Yes,21.55068493150685,42,B,K,Q
2025,2,74,Colorado Rockies,Max Belyeu,60,OF,2003-12-15,L/R,,Texas,Southeastern Conference,1111000,1215734.988416836,1111000,1111000,Yes,0,False,4YR JR,No,Yes,21.59178082191781,-14,B,K,P
2025,2,75,Boston Red Sox,Henry Godbout,79,2B,2003-11-06,R/R,,Virginia,Atlantic Coast Conference,1093800,1026446.2374198276,1093800,1093800,Yes,0,False,4YR JR,No,Yes,21.698630136986303,4,B,K,Q
2025,3,76,Chicago White Sox,Kyle Lodise,66,SS,2003-10-17,R/R,,Georgia Tech,Atlantic Coast Conference,1076800,1178310.9230668307,922500,922500,Yes,-0.14329494799405645,False,4YR JR,No,Yes,21.753424657534246,-10,B,K,P
2025,3,77,Colorado Rockies,Ethan Hedges,171,3B,2004-04-19,R/R,,USC,Big Ten,1060300,943419.8796037742,950000,950000,Yes,-0.1040271621239272,False,4YR JR,No,Yes,21.246575342465754,94,B,K,R
2025,3,78,Miami Marlins,Max Williams,90,OF,2004-08-18,L/L,,Florida State,Atlantic Coast Conference,1043700,1082767.9428022143,897500,897500,Yes,-0.14007856663792279,False,4YR JR,No,Yes,20.915068493150685,12,B,J,Q
2025,3,79,Los Angeles Angels,Johnny Slawinski,69,P,2007-02-26,L/L,Texas A&M,Lyndon B. Johnson HS (TX),,1027200,1725102.448923115,2497500,2497500,Yes,1.4313668224299065,True,HS SR,No,Yes,18.389041095890413,-10,B,H,P
2025,3,80,Washington Nationals,Landon Harmon,65,P,2006-09-09,R/R,Mississippi St.,East Union Attendance Center HS (MS),,1010600,1697224.040967387,2500000,2500000,Yes,1.4737779536908766,True,HS SR,No,Yes,18.854794520547944,-15,B,H,P
2025,3,81,Toronto Blue Jays,Jake Cook,101,P,2003-07-13,L/L,,Southern Mississippi,Sun Belt,993900,843395.657998113,922500,922500,Yes,-0.07183821309990945,False,4YR JR,No,Yes,22.016438356164382,20,B,L,Q
2025,3,82,Pittsburgh Pirates,Easton Carmichael,80,C,2003-11-03,R/R,,Oklahoma,Southeastern Conference,979500,1071838.3628751491,977000,977000,Yes,-0.002552322613578356,False,4YR JR,No,Yes,21.706849315068492,-2,B,K,P
2025,3,83,Cincinnati Reds,Mason Morris,106,P,2003-08-21,R/R,,Ole Miss,Southeastern Conference,964800,905389.7694849605,897500,897500,Yes,-0.06975538971807628,False,4YR JR,No,Yes,21.90958904109589,23,B,K,Q
2025,3,84,Texas Rangers,Josh Owens,72,SS,2007-01-08,L/R,Ga. Southern,Providence Academy (TN),,950100,1595618.9999239207,1100000,1100000,Yes,0.15777286601410379,True,HS SR,No,Yes,18.523287671232875,-12,B,H,P
2025,3,85,San Francisco Giants,Trevor Cohen,389,OF,2003-10-29,L/L,,Rutgers,Big Ten,935300,832199.0129146562,847500,847500,Yes,-0.09387362343633059,False,4YR JR,No,Yes,21.720547945205478,304,B,K,R
2025,3,86,Tampa Bay Rays,Taitn Gray,71,C,2007-08-16,S/R,Oregon,Dallas Center Grimes HS (IA),,920800,1594997.914974063,918300,918300,Yes,-0.0027150304083405734,True,HS SR,No,Yes,17.92054794520548,-15,B,G,P
2025,3,87,Boston Red Sox,Anthony Eyanson,39,P,2004-10-09,R/R,,LSU,Southeastern Conference,907200,905753.2023475376,1750000,1750000,Yes,0.9290123456790124,False,4YR JR,No,Yes,20.77260273972603,-48,B,J,P
2025,3,88,Minnesota Twins,James Ellwanger,85,P,2004-05-15,R/R,,Dallas Baptist,Conference USA,893000,977183.9285834694,1000000,1000000,Yes,0.11982082866741321,False,4YR SO,No,Yes,21.175342465753424,-3,B,K,P
2025,3,89,St. Louis Cardinals,Jack Gurevitch,137,1B,2004-03-09,L/R,,University of San Diego,West Coast Conference,879000,824873.1419747929,879000,879000,Yes,0,False,4YR SO,No,Yes,21.35890410958904,48,B,K,Q
2025,3,90,Chicago Cubs,Dominick Reid,258,P,2003-11-28,R/R,,Abilene Christian,Western Athletic Conference,865500,770093.2809554527,649125,649125,Yes,-0.25,False,4YR JR,No,Yes,21.638356164383563,168,B,K,R
2025,3,91,Seattle Mariners,Griffin Hugus,141,P,2004-02-25,L/R,,Miami,Atlantic Coast Conference,851800,799348.057262945,640000,640000,Yes,-0.24864991782108475,False,4YR JR,No,Yes,21.394520547945206,50,B,K,Q
2025,3,92,Arizona Diamondbacks,Brian Curley,140,P,2003-06-01,R/R,,Georgia,Southeastern Conference,839100,712036.7206220109,700000,700000,Yes,-0.16577285186509355,False,4YR JR,No,Yes,22.13150684931507,48,B,L,Q
2025,3,93,Baltimore Orioles,RJ Austin,117,OF,2003-12-18,R/R,,Vanderbilt,Southeastern Conference,826400,775512.1325687928,823900,823900,Yes,-0.003025169409486931,False,4YR JR,No,Yes,21.583561643835615,24,B,K,Q
2025,3,94,Milwaukee Brewers,Jacob Morrison,157,P,2003-09-13,R/R,,Coastal Carolina,Sun Belt,813600,723914.3771061309,697500,697500,Yes,-0.1426991150442478,False,4YR JR,No,Yes,21.846575342465755,63,B,K,R
2025,3,95,Houston Astros,Ethan Frey,211,OF,2004-03-15,R/R,,LSU,Southeastern Conference,803900,715283.6378510554,997500,997500,Yes,0.2408259733797736,False,4YR JR,No,Yes,21.34246575342466,116,B,K,R
2025,3,96,Atlanta Braves,Cody Miller,462,SS,2004-07-01,R/R,,East Tennessee State,SoCon,796000,708254.4790763032,297500,297500,Yes,-0.6262562814070352,False,4YR JR,No,Yes,21.046575342465754,366,B,K,R
2025,3,97,Kansas City Royals,Cameron Millar,145,P,2007-05-05,R/R,Arizona,Alhambra HS (CA),,788500,1173133.1819471943,1497500,1497500,Yes,0.8991756499682942,True,HS SR,No,Yes,18.202739726027396,48,B,H,Q
2025,3,98,Detroit Tigers,Ben Jacobs,103,P,2004-06-11,L/L,,Arizona State,Big 12,780600,732532.3943407547,722500,722500,Yes,-0.07442992569818088,False,4YR JR,No,Yes,21.101369863013698,5,B,K,Q
2025,3,99,San Diego Padres,Ryan Wideman,122,OF,2003-11-04,R/R,,Western Kentucky,Conference USA,773100,725494.2276003554,650000,650000,Yes,-0.15922907773897296,False,4YR JR,No,Yes,21.704109589041096,23,B,K,Q
2025,3,100,Philadelphia Phillies,Cody Bowker,184,P,2003-12-18,R/R,,Vanderbilt,Southeastern Conference,765400,681027.610910807,700000,700000,Yes,-0.08544551868304155,False,4YR JR,No,Yes,21.583561643835615,84,B,K,R
2025,3,101,Cleveland Guardians,Nolan Schubart,95,OF,2004-05-10,L/R,,Oklahoma St.,Big 12,759400,830989.3341167823,730000,730000,Yes,-0.03871477482222808,False,4YR JR,No,Yes,21.18904109589041,-6,B,K,P
2025,3,102,New York Mets,Antonio Jimenez,221,SS,2004-06-15,R/R,,Central Florida,Big 12,752000,669104.7340017336,564000,564000,Yes,-0.25,False,4YR SO,No,Yes,21.09041095890411,119,B,K,R
2025,3,103,New York Yankees,Kaeden Kent,208,SS,2003-08-29,L/R,,Texas A&M,Southeastern Conference,744400,662342.5053070353,741900,741900,Yes,-0.0033584094572810318,False,4YR JR,No,Yes,21.887671232876713,105,B,K,R
2025,3,104,Los Angeles Dodgers,Landyn Vidourek,256,OF,2003-11-06,L/R,,Cincinnati,Big 12,737000,655758.2299990394,552750,552750,Yes,-0.25,False,4YR JR,No,Yes,21.698630136986303,152,B,K,R
2025,3,105,Los Angeles Angels,Nate Snead,136,P,2004-03-16,R/R,,Tennessee,Southeastern Conference,729600,684672.8605060397,597500,597500,Yes,-0.18105811403508773,False,4YR JR,No,Yes,21.339726027397262,31,B,K,Q
2025,4,106,Chicago White Sox,Landon Hodge,167,C,2007-02-18,L/R,LSU,Crespi Carmelite HS (CA),,722600,1231589.1152725953,1097500,1097500,Yes,0.518820924439524,True,HS SR,No,Yes,18.410958904109588,61,C,H,R
2025,4,107,Colorado Rockies,Riley Kelly,181,P,2004-04-21,R/R,,University of California - Irvine,Big West,715400,638602.5436150342,700000,700000,Yes,-0.021526418786692758,False,4YR JR,No,Yes,21.24109589041096,74,C,K,R
2025,4,108,Miami Marlins,Drew Faurot,180,2B,2003-10-09,S/R,,Florida State,Atlantic Coast Conference,708300,632264.7213342588,531225,531225,Yes,-0.25,False,4YR JR,No,Yes,21.775342465753425,72,C,K,R
2025,4,109,Los Angeles Angels,Jake Munroe,232,3B,2003-09-14,R/R,,Louisville,Atlantic Coast Conference,701300,626016.1641560295,597500,597500,Yes,-0.1480108370169685,False,4YR JR,No,Yes,21.843835616438355,123,C,K,R
2025,4,110,Oakland Athletics,Gavin Turley,86,OF,2003-11-12,R/R,,Oregon State,DI Independent,694600,708095.3840216971,600000,600000,Yes,-0.1361934926576447,False,4YR JR,No,Yes,21.682191780821917,-24,C,K,P
2025,4,111,Washington Nationals,Miguel Sime,89,P,2007-05-08,R/R,LSU,Poly Prep Country Day School (NY),,687800,1484733.695538059,2000000,2000000,Yes,1.907822041291073,True,HS SR,No,Yes,18.194520547945206,-22,C,H,P
2025,4,112,Toronto Blue Jays,Micah Bucknam,163,P,2003-08-26,R/R,,Dallas Baptist,Conference USA,680800,607716.8181340722,678300,678300,Yes,-0.003672150411280846,False,4YR JR,No,Yes,21.895890410958906,51,C,K,R
2025,4,113,Pittsburgh Pirates,Gustavo Melendez,120,SS,2007-10-20,L/R,Wake Forest,Colegio Nuestra Señora de la Merced (PR),,674300,1215392.9343907714,671800,671800,Yes,-0.0037075485688862525,True,HS SR,No,Yes,17.742465753424657,7,C,G,Q
2025,4,114,Cincinnati Reds,Mason Neville,40,OF,2004-01-13,L/L,,Oregon,Big Ten,667700,964768.6641649798,697500,697500,Yes,0.0446308222255504,False,4YR JR,No,Yes,21.512328767123286,-74,C,K,O
2025,4,115,Texas Rangers,Mason McConnaughey,377,P,2004-04-27,R/R,,Nebraska,Big Ten,661100,590131.5929324841,495825,495825,Yes,-0.25,False,4YR JR,No,Yes,21.224657534246575,262,C,K,R
2025,4,116,San Francisco Giants,Lorenzo Meola,170,SS,2003-12-17,R/R,,Stetson,Atlantic Sun Conference,654700,584418.6263695316,652200,652200,Yes,-0.0038185428440507103,False,4YR JR,No,Yes,21.586301369863012,54,C,K,R
2025,4,117,Tampa Bay Rays,Dominic Fritton,334,P,2003-04-01,L/L,,NC State,Atlantic Coast Conference,648400,431134.5122841816,497500,497500,Yes,-0.23272671190623073,False,4YR JR,No,Yes,22.2986301369863,217,C,L,R
2025,4,118,Boston Red Sox,Mason White,164,SS,2003-09-21,L/R,,Arizona,Big 12,642200,665386.4569934879,642200,642200,Yes,0,False,4YR JR,No,Yes,21.824657534246576,46,C,K,Q
2025,4,119,Minnesota Twins,Jason Reitz,204,P,2004-07-23,R/R,,Oregon,Big Ten,635700,597947.3338447253,633200,633200,Yes,-0.003932672644329086,False,4YR JR,No,Yes,20.986301369863014,85,C,J,R
2025,4,120,St. Louis Cardinals,Cade Crossland,202,P,2004-02-01,R/L,,Oklahoma,Southeastern Conference,629500,561923.8205279062,729500,729500,Yes,0.15885623510722796,False,4YR JR,No,Yes,21.46027397260274,82,C,K,R
2025,4,121,Chicago Cubs,Kaleb Wing,123,P,2007-01-12,R/R,LMU (CA),Scotts Valley HS (CA),,623300,1129967.9698659799,1500000,1500000,Yes,1.4065458045884807,True,HS SR,No,Yes,18.512328767123286,2,C,H,Q
2025,4,122,Seattle Mariners,Mason Peters,210,P,2003-12-18,L/L,,Dallas Baptist,Conference USA,617200,550944.2129147318,550000,550000,Yes,-0.10887880751782242,False,4YR JR,No,Yes,21.583561643835615,88,C,K,R
2025,4,123,Arizona Diamondbacks,Dean Livingston,119,P,2006-09-07,R/R,Georgia,Hebron Christian Academy (GA),,611300,1319595.3883140674,1000000,1000000,Yes,0.6358580075249468,True,HS SR,No,Yes,18.86027397260274,-4,C,H,P
2025,4,124,Baltimore Orioles,Colin Yeaman,112,3B,2004-04-15,R/R,,University of California - Irvine,Big West,605300,617060.3742417697,602800,602800,Yes,-0.004130183380142078,False,4YR JR,No,Yes,21.257534246575343,-12,C,K,P
2025,4,125,Milwaukee Brewers,Josh Flores,313,P,2007-06-14,R/R,Kentucky,Lake Central HS (IN),,599600,1021949.672733806,722500,722500,Yes,0.20496997998665778,True,HS SR,No,Yes,18.09315068493151,188,C,H,R
2025,4,126,Houston Astros,Nick Monistere,363,2B,2004-01-27,R/R,,Southern Mississippi,Sun Belt,594500,530681.0346367597,397500,397500,Yes,-0.3313708999158957,False,4YR JR,No,Yes,21.473972602739725,237,C,K,R
2025,4,127,Atlanta Braves,Briggs McKenzie,59,P,2006-10-11,L/L,LSU,Corinth Holders HS (NC),,588900,1839108.7436312896,2997500,2997500,Yes,4.089998301918832,True,HS SR,No,Yes,18.767123287671232,-68,C,H,O
2025,4,128,Kansas City Royals,Nolan Sailors,409,OF,2003-07-04,L/R,,Creighton,Big East,582900,387582.21346460434,147500,147500,Yes,-0.746954880768571,False,4YR SR,No,Yes,22.041095890410958,281,C,L,R
2025,4,129,Detroit Tigers,Caleb Leys,402,P,2003-07-08,R/L,,University of Maine,America East,577400,383925.1502049452,574900,574900,Yes,-0.004329754069968826,False,4YR SR,No,Yes,22.03013698630137,273,C,L,R
2025,4,130,San Diego Padres,Michael Salina,309,P,2004-01-30,R/R,,St. Bonaventure,Atlantic 10,571500,510150.0610511491,571500,571500,Yes,0,False,4YR JR,No,Yes,21.465753424657535,179,C,K,R
2025,4,131,Philadelphia Phillies,Sean Youngerman,192,P,2004-07-09,R/R,,Oklahoma State,Big 12,567000,506133.1314365731,564500,564500,Yes,-0.004409171075837742,False,4YR JR,No,Yes,21.024657534246575,61,C,K,R
2025,4,132,Cleveland Guardians,Luke Hill,98,SS,2004-04-09,R/R,,Ole Miss,Southeastern Conference,561400,572307.4411024773,722600,722600,Yes,0.2871392946205914,False,4YR JR,No,Yes,21.273972602739725,-34,C,K,P
2025,4,133,New York Mets,Peter Kussow,455,P,2006-12-08,R/R,,Arrowhead Union HS (WI),,555800,947297.5785614566,897500,897500,Yes,0.6147894926232458,True,HS SR,No,Yes,18.60821917808219,322,C,H,R
2025,4,134,New York Yankees,Pico Kohn,148,P,2002-10-02,L/L,,Mississippi State,Southeastern Conference,550300,411940.46799666644,547800,547800,Yes,-0.004542976558240959,False,4YR SR,No,Yes,22.794520547945204,14,C,L,Q
2025,4,135,Los Angeles Dodgers,Aidan West,129,SS,2007-04-24,L/R,NC State,Long Reach HS (MD),,544900,1176259.6549850078,1272500,1272500,Yes,1.3352908790603781,True,HS SR,No,Yes,18.232876712328768,-6,C,H,P
2025,4,136,Atlanta Braves,Dixon Williams,366,2B,2003-12-19,L/R,,East Carolina,American Athletic Conference,539700,481763.7584414788,497500,497500,Yes,-0.07819158791921438,False,4YR JR,No,Yes,21.58082191780822,230,C,K,R
2025,5,137,Chicago White Sox,Gabe Davis,153,P,2003-10-21,R/R,,Oklahoma State,Big 12,534400,553694.3672023044,587500,587500,Yes,0.09936377245508982,False,4YR JR,No,Yes,21.742465753424657,16,C,K,Q
2025,5,138,Colorado Rockies,Cam Nelson,890,OF,2004-05-27,L/L,,Wake Forest,Atlantic Coast Conference,529100,472301.65757158876,600000,600000,Yes,0.134001134001134,False,4YR SO,No,Yes,21.14246575342466,752,C,K,R
2025,5,139,Miami Marlins,Chris Arroyo,209,OF,2004-09-17,L/L,,Virginia,Atlantic Coast Conference,523900,492786.8620438124,521400,521400,Yes,-0.00477190303493033,False,4YR JR,No,Yes,20.832876712328765,70,C,J,R
2025,5,140,Los Angeles Angels,CJ Gray,149,P,2007-01-25,R/R,NC State,A.L. Brown HS (NC),,519100,941065.8962897966,1247500,1247500,Yes,1.4031978424195723,True,HS SR,No,Yes,18.476712328767125,9,C,H,Q
2025,5,141,Oakland Athletics,Zane Taylor,197,P,2002-06-01,R/R,,UNC Wilmington,Colonial Athletic Association,513900,97792.96988922243,513900,513900,Yes,0,False,4YR SR,No,Yes,23.13150684931507,56,C,M,R
2025,5,142,Washington Nationals,Coy James,63,SS,2007-02-16,R/R,Ole Miss,Davie HS (NC),,508900,1589272.269712962,2500000,2500000,Yes,3.9125564943996856,True,HS SR,No,Yes,18.416438356164385,-79,C,H,O
2025,5,143,Toronto Blue Jays,Tim Piasentin,107,3B,2007-03-25,L/R,Miami (FL),Foothills Composite HS (AB),,503800,1087538.2899274123,747500,747500,Yes,0.48372369988090513,True,HS SR,No,Yes,18.315068493150687,-36,C,H,P
2025,5,144,Pittsburgh Pirates,Adonys Guzman,332,C,2003-12-04,R/R,,Arizona,Big 12,499000,445432.8617052028,496500,496500,Yes,-0.00501002004008016,False,4YR JR,No,Yes,21.621917808219177,188,C,K,R
2025,5,145,Cincinnati Reds,Eli Pitts,249,OF,2006-11-22,R/R,South Fla.,North Atlanta HS (GA),,493900,841796.103007383,572500,572500,Yes,0.15914152662482284,True,HS SR,No,Yes,18.65205479452055,104,C,H,R
2025,5,146,Texas Rangers,Ben Abeldt,240,P,2003-12-01,R/L,,TCU,Big 12,489200,436684.88165568176,450000,450000,Yes,-0.08013082583810302,False,4YR JR,No,Yes,21.63013698630137,94,C,K,R
2025,5,147,Tampa Bay Rays,James Quinn-Irons,99,OF,2003-06-28,R/R,,George Mason,Atlantic 10,484400,437225.0263680478,481900,481900,Yes,-0.005161023947151115,False,4YR JR,No,Yes,22.057534246575344,-48,C,L,P
2025,5,148,Boston Red Sox,Christian Foutch,291,P,2003-12-16,R/R,,Arkansas,Southeastern Conference,479800,428293.9620163453,400000,400000,Yes,-0.16631929970821174,False,4YR JR,No,Yes,21.589041095890412,143,C,K,R
2025,5,149,Minnesota Twins,Matt Barr,174,P,2006-01-16,R/R,Tennessee,Niagara County CC (NY),,475000,836592.0256949608,762500,762500,Yes,0.6052631578947368,False,JC J1,Yes,Yes,19.5013698630137,25,C,I,Q
2025,5,150,St. Louis Cardinals,Ethan Young,340,P,2004-02-03,R/R,,East Carolina,American Athletic Conference,470100,419635.2470693704,630000,630000,Yes,0.34014039566049775,False,4YR JR,No,Yes,21.454794520547946,190,C,K,R
2025,5,151,Chicago Cubs,Kade Snell,303,OF,2002-07-29,L/L,,Alabama,Southeastern Conference,465400,309454.0438264314,200000,200000,Yes,-0.5702621400945423,False,4YR GR,No,Yes,22.972602739726028,152,C,L,R
2025,5,152,Seattle Mariners,Korbyn Dickerson,84,OF,2003-10-30,R/R,,Indiana,Big Ten,461100,666249.5597520926,461100,461100,Yes,0,False,4YR JR,No,Yes,21.71780821917808,-68,C,K,O
2025,5,153,Arizona Diamondbacks,Nathan Hall,286,OF,2003-09-17,R/R,,South Carolina,Southeastern Conference,456400,407405.92802055023,456400,456400,Yes,0,False,4YR JR,No,Yes,21.835616438356166,133,C,K,R
2025,5,154,Baltimore Orioles,Jaiden Lo Re,432,SS,2007-02-10,R/R,BYU,Corona Del Sol HS (AZ),,452000,770382.3416872587,562500,562500,Yes,0.24446902654867256,True,HS SR,No,Yes,18.432876712328767,278,C,H,R
2025,5,155,Milwaukee Brewers,Sean Episcope,276,P,2004-02-11,R/R,,Princeton,Ivy League,447400,399372.06879139825,335550,335550,Yes,-0.25,False,4YR SO,No,Yes,21.432876712328767,121,C,K,R
2025,5,156,Houston Astros,Nick Potter,498,P,2004-02-11,R/R,,Wichita State,American Athletic Conference,443100,395533.66938191454,336600,336600,Yes,-0.24035206499661477,False,4YR JR,No,Yes,21.432876712328767,342,C,K,R
2025,5,157,Atlanta Braves,Conor Essenburg,233,P,2006-09-18,R/L,Kentucky,Lincoln-Way West HS (IL),,438600,747543.5731505125,1197500,1197500,Yes,1.7302781577747377,True,HS SR,No,Yes,18.83013698630137,76,C,H,R
2025,5,158,Kansas City Royals,Aiden Jimenez,655,P,2003-10-11,R/R,,Arkansas,Southeastern Conference,434400,387767.605460401,431900,431900,Yes,-0.005755064456721915,False,4YR JR,No,Yes,21.76986301369863,497,C,K,R
2025,5,159,Detroit Tigers,Ryan Hall,344,P,2007-04-05,R/R,Georgia Tech,North Gwinnett HS (GA),,430600,733908.4874569328,997500,997500,Yes,1.3165350673478866,True,HS SR,No,Yes,18.284931506849315,185,C,H,R
2025,5,160,San Diego Padres,Ty Harvey,229,C,2006-07-28,R/R,Florida St.,Inspiration Academy (FL),,426600,727090.9446101428,1500000,1500000,Yes,2.5161744022503516,True,HS SR,No,Yes,18.972602739726028,69,C,H,R
2025,5,161,Philadelphia Phillies,Gabe Craig,429,P,2001-07-03,R/R,,Baylor,Big 12,422700,80438.00033503468,197500,197500,Yes,-0.5327655547669742,False,4YR GR,No,Yes,24.043835616438358,268,C,M,R
2025,5,162,Cleveland Guardians,Riley Nelson,349,1B,2003-12-21,L/R,,Vanderbilt,Southeastern Conference,418700,373752.98436065816,350000,350000,Yes,-0.16407929304991642,False,4YR JR,No,Yes,21.575342465753426,187,C,K,R
2025,5,163,New York Mets,Peyton Prescott,275,P,2004-05-14,R/R,,Florida State,Atlantic Coast Conference,415100,370539.44066899735,197500,197500,Yes,-0.524211033485907,False,4YR SO,No,Yes,21.17808219178082,112,C,K,R
2025,5,164,New York Yankees,Core Jackson,330,SS,2003-10-11,L/R,,Utah,Big 12,411100,366968.83656715206,147500,147500,Yes,-0.6412065190951107,False,4YR SR,No,Yes,21.76986301369863,166,C,K,R
2025,5,165,Los Angeles Dodgers,Davion Hickson,370,P,2003-10-13,R/R,,Rice,American Athletic Conference,407300,363576.762670399,404800,404800,Yes,-0.006137981831573778,False,4YR JR,No,Yes,21.764383561643836,205,C,K,R
2025,6,166,Chicago White Sox,Colby Shelton,109,SS,2002-12-06,L/R,,Florida,Southeastern Conference,403900,426558.6209436537,447500,447500,Yes,0.10794751176033672,False,4YR JR,No,Yes,22.616438356164384,-57,C,L,O
2025,6,167,Colorado Rockies,Matt Klein,234,C,2003-10-12,L/R,,Louisville,Atlantic Coast Conference,400400,357417.47059471585,425000,425000,Yes,0.06143856143856144,False,4YR JR,No,Yes,21.767123287671232,67,C,K,R
2025,6,168,Miami Marlins,Joey Volini,367,P,2002-12-24,L/L,,Florida State,Atlantic Coast Conference,397000,263973.47528812476,297750,297750,Yes,-0.25,False,4YR SR,No,Yes,22.567123287671233,199,C,L,R
2025,6,169,Los Angeles Angels,Luke Lacourse,179,P,2006-10-17,R/R,Michigan St.,Bay City Western HS (MI),,393700,713730.7712758484,512500,512500,Yes,0.301752603505207,True,HS SR,No,Yes,18.75068493150685,10,C,H,Q
2025,6,170,Oakland Athletics,Grant Richardson,213,P,2003-11-08,R/L,,Grand Canyon University,Western Athletic Conference,390100,404184.4548009337,400000,400000,Yes,0.02537810817739041,False,4YR JR,No,Yes,21.693150684931506,43,C,K,Q
2025,6,171,Washington Nationals,Boston Smith,633,C,2002-11-28,L/R,,Wright State,Horizon,386700,257124.79318367215,50000,50000,Yes,-0.8707008016550297,False,4YR SR,No,Yes,22.638356164383563,462,C,L,R
2025,6,172,Toronto Blue Jays,Eric Snow,253,SS,2004-03-10,R/R,,Auburn,Southeastern Conference,383600,342420.9333669655,381100,381100,Yes,-0.006517205422314911,False,4YR JR,No,Yes,21.356164383561644,81,C,K,R
2025,6,173,Pittsburgh Pirates,Jack Anker,548,P,2004-04-08,R/R,,Fresno State,Mountain West,380500,339653.7151880354,347500,347500,Yes,-0.08672798948751642,False,4YR JR,No,Yes,21.276712328767122,375,C,K,R
2025,6,174,Cincinnati Reds,Braden Osbolt,446,P,2004-08-20,R/R,,Kennesaw State,Conference USA,377100,354704.9545270503,297500,297500,Yes,-0.21108459294616813,False,4YR JR,No,Yes,20.90958904109589,272,C,J,R
2025,6,175,Texas Rangers,Jack Wheeler,1391,3B,2006-07-11,R/R,,Morris HS (IL),,374100,349231.9026764757,525000,525000,Yes,0.4033680834001604,True,HS SR,No,Yes,19.019178082191782,1216,C,I,R
2025,6,176,San Francisco Giants,Jordan Gottesman,1580,P,2002-08-29,L/L,,Northeastern,Colonial Athletic Association,371000,246685.53987882694,197500,197500,Yes,-0.46765498652291104,False,4YR 5S,No,Yes,22.887671232876713,1404,C,L,R
2025,6,177,Tampa Bay Rays,Aidan Haugh,578,P,2003-04-28,R/R,,North Carolina,Atlantic Coast Conference,367900,244624.28604156448,157500,157500,Yes,-0.5718945365588475,False,4YR SR,No,Yes,22.224657534246575,401,C,L,R
2025,6,178,Boston Red Sox,Leighton Finley,404,P,2004-03-11,R/R,,Georgia,Southeastern Conference,364800,325639.09408829256,364800,364800,Yes,0,False,4YR JR,No,Yes,21.353424657534248,226,C,K,R
2025,6,179,Minnesota Twins,Bruin Agbayani,394,SS,2007-03-26,L/R,Michigan,Saint Louis School (HI),,361600,616305.873349807,380600,380600,Yes,0.05254424778761062,True,HS SR,No,Yes,18.312328767123287,215,C,H,R
2025,6,180,St. Louis Cardinals,Matthew Miura,302,OF,2003-09-23,R/R,,Hawaii,Big West,358700,320193.9228329784,358700,358700,Yes,0,False,4YR JR,No,Yes,21.81917808219178,122,C,K,R
2025,6,181,Chicago Cubs,Josiah Hartshorn,97,OF,2007-02-02,S/L,Texas A&M,Orange Lutheran HS (CA),,355800,1111147.7177517624,2000000,2000000,Yes,4.621135469364812,True,HS SR,No,Yes,18.454794520547946,-84,C,H,O
2025,6,182,Seattle Mariners,Lucas Kelly,223,P,2003-07-26,R/R,,Arizona State,Big 12,353100,365848.57982622326,325000,325000,Yes,-0.07958085528178986,False,4YR JR,No,Yes,21.980821917808218,41,C,K,Q
2025,6,183,Arizona Diamondbacks,Sawyer Hawks,515,P,2003-06-25,R/R,,Vanderbilt,Southeastern Conference,350200,232855.19155138865,250000,250000,Yes,-0.28612221587664194,False,4YR SR,No,Yes,22.065753424657533,332,C,L,R
2025,6,184,Baltimore Orioles,Caden Hunter,216,P,2003-10-16,R/L,,USC,Big Ten,347100,359631.9514519459,344600,344600,Yes,-0.007202535292422933,False,4YR JR,No,Yes,21.756164383561643,32,C,K,Q
2025,6,185,Milwaukee Brewers,Daniel Dickinson,83,SS,2003-12-05,R/R,,LSU,Southeastern Conference,344400,497628.16824684595,325000,325000,Yes,-0.056329849012775844,False,4YR JR,No,Yes,21.61917808219178,-102,C,K,O
2025,6,186,Houston Astros,Gabel Pentecost,271,P,2003-07-27,R/R,,Taylor University,NAIA,341600,304929.5902975897,297500,297500,Yes,-0.1290983606557377,False,4YR JR,No,Yes,21.97808219178082,85,C,K,R
2025,6,187,Atlanta Braves,Landon Beidelschies,188,P,2004-03-28,L/L,,Arkansas,Southeastern Conference,338900,351135.8926737668,297500,297500,Yes,-0.12215992918264974,False,4YR JR,No,Yes,21.306849315068494,1,C,K,Q
2025,6,188,Kansas City Royals,Tyriq Kemp,2275,SS,2002-11-15,L/R,,Baylor,Big 12,336100,223479.8111948079,147500,147500,Yes,-0.5611425171080036,False,4YR SR,No,Yes,22.673972602739727,2087,C,L,R
2025,6,189,Detroit Tigers,Grayson Grinsell,444,P,2004-02-02,L/L,,Oregon,Big Ten,333500,297699.116991353,297500,297500,Yes,-0.10794602698650675,False,4YR JR,No,Yes,21.457534246575342,255,C,K,R
2025,6,190,San Diego Padres,Jaxon Dalena,1490,P,2002-03-28,L/R,,Shippensburg University,Pennsylvania State Athletic Conference,330600,62911.7646339306,10000,10000,Yes,-0.969751966122202,False,4YR 5S,No,Yes,23.30958904109589,1300,C,M,R
2025,6,191,Philadelphia Phillies,James Tallon,615,P,2003-09-29,L/L,,Duke,Atlantic Coast Conference,327800,292611.0061462234,325300,325300,Yes,-0.00762660158633313,False,4YR JR,No,Yes,21.802739726027397,424,C,K,R
2025,6,192,Cleveland Guardians,Nelson Keljo,261,P,2003-09-26,L/L,,Oregon State,DI Independent,325100,290200.8483774778,325100,325100,Yes,0,False,4YR JR,No,Yes,21.81095890410959,69,C,K,R
2025,6,193,New York Mets,Nathan Hall2,1930,P,2004-02-05,R/R,,University of Central Missouri,Mid-America Intercollegiate,322300,287701.4255061861,297500,297500,Yes,-0.0769469438411418,False,4YR JR,No,Yes,21.44931506849315,1737,C,K,R
2025,6,194,New York Yankees,Rory Fox,237,P,2004-02-03,L/R,,Notre Dame,Atlantic Coast Conference,319800,331346.2923489839,411100,411100,Yes,0.28549093183239527,False,4YR JR,No,Yes,21.454794520547946,43,C,K,Q
2025,6,195,Los Angeles Dodgers,Mason Ligenza,220,OF,2007-01-15,L/L,Pittsburgh,Tamaqua Area HS (PA),,317200,575045.4677386312,Unsigned,317200,Yes,,True,HS SR,No,No,18.504109589041096,25,C,H,Q
2025,7,196,Chicago White Sox,Anthony DePino,504,3B,2003-02-19,R/R,,University of Rhode Island,Atlantic 10,314500,186990.9272253488,147500,147500,Yes,-0.5310015898251192,False,4YR SR,No,Yes,22.410958904109588,308,D,L,R
2025,7,197,Colorado Rockies,Antoine Jean,348,P,2001-08-01,R/L,,Houston,Big 12,311900,74221.57222907344,200000,200000,Yes,-0.35876883616543764,False,4YR GR,No,Yes,23.964383561643835,151,D,M,R
2025,7,198,Miami Marlins,Jake Clemente,207,P,2003-11-10,R/R,,Florida,Southeastern Conference,309400,320485.6342584938,500000,500000,Yes,0.6160310277957337,False,4YR JR,No,Yes,21.687671232876713,9,D,K,Q
2025,7,199,Los Angeles Angels,Lucas Mahlstedt,1772,P,2003-03-26,R/R,,Clemson,Atlantic Coast Conference,306700,182353.31440386162,47500,47500,Yes,-0.8451255298337137,False,4YR SR,No,Yes,22.315068493150687,1573,D,L,R
2025,7,200,Oakland Athletics,Logan Sauve,311,C,2003-07-18,R/R,,West Virginia,Big 12,304200,180866.90003800034,304200,304200,Yes,0,False,4YR JR,No,Yes,22.002739726027396,111,D,L,R
2025,7,201,Washington Nationals,Julian Tonghini,1631,P,2001-11-20,R/R,,Arizona,Big 12,302500,71984.69252739569,10000,10000,Yes,-0.9669421487603306,False,4YR SR,No,Yes,23.660273972602738,1430,D,M,R
2025,7,202,Toronto Blue Jays,Dylan Watts,425,P,2004-07-15,R/R,,Auburn,Southeastern Conference,299900,284289.008539369,197500,197500,Yes,-0.3414471490496832,False,4YR JR,No,Yes,21.008219178082193,223,D,K,R
2025,7,203,Pittsburgh Pirates,Brent Iredale,206,3B,2003-07-12,R/R,,Arkansas,Southeastern Conference,297400,225028.29546445265,294900,294900,Yes,-0.008406186953597848,False,4YR JR,No,Yes,22.019178082191782,3,D,L,Q
2025,7,204,Cincinnati Reds,Justin Henschel,391,P,2004-04-14,R/R,,Florida Gulf Coast University,Atlantic Sun Conference,295000,279644.07308807556,222500,222500,Yes,-0.2457627118644068,False,4YR JR,No,Yes,21.26027397260274,187,D,K,R
2025,7,205,Texas Rangers,Paxton Kling,217,OF,2003-05-28,R/R,,Penn State,Big Ten,292400,221245.03562140538,375000,375000,Yes,0.28248974008207933,False,4YR JR,No,Yes,22.14246575342466,12,D,L,Q
2025,7,206,San Francisco Giants,Cam Maldonado,200,OF,2003-11-08,R/R,,Northeastern,Colonial Athletic Association,289900,288900.3579781993,387400,387400,Yes,0.336322869955157,False,4YR JR,No,Yes,21.693150684931506,-6,D,K,P
2025,7,207,Tampa Bay Rays,Jacob Kuhn,1424,P,2004-06-16,R/R,,Midland College (TX),,287700,272724.06721165875,262500,262500,Yes,-0.08759124087591241,False,JC J1,Yes,Yes,21.087671232876712,1217,D,K,R
2025,7,208,Boston Red Sox,Myles Patton,147,P,2003-09-02,R/L,,Texas A&M,Southeastern Conference,285200,317212.41582117026,285200,285200,Yes,0,False,4YR JR,No,Yes,21.876712328767123,-61,D,K,O
2025,7,209,Minnesota Twins,Jacob McCombs,214,OF,2004-07-07,L/R,,University of California - Irvine,Big West,282900,293036.15362549416,280400,280400,Yes,-0.008837044892188053,False,4YR SO,No,Yes,21.03013698630137,5,D,K,Q
2025,7,210,St. Louis Cardinals,Payton Graham,341,P,2003-11-04,R/R,,Gonzaga,West Coast Conference,280800,266183.2397394292,280800,280800,Yes,0,False,4YR JR,No,Yes,21.704109589041096,131,D,K,R
2025,7,211,Chicago Cubs,Pierce Coppola,268,P,2002-12-17,L/L,,Florida,Southeastern Conference,278500,165586.5603569464,278500,278500,Yes,0,False,4YR SR,No,Yes,22.586301369863012,57,D,L,R
2025,7,212,Seattle Mariners,Colton Shaw,1014,P,2003-06-26,R/R,,Yale,Ivy League,276200,164219.05914035402,100000,100000,Yes,-0.6379435191889935,False,4YR SR,No,Yes,22.063013698630137,802,D,L,R
2025,7,213,Arizona Diamondbacks,Joe Ariola,282,P,2004-02-05,L/L,,Wake Forest,Atlantic Coast Conference,274100,259832.00146929326,250000,250000,Yes,-0.08792411528639182,False,4YR JR,No,Yes,21.44931506849315,69,D,K,R
2025,7,214,Baltimore Orioles,Hunter Allen,492,P,2003-07-23,R/R,,Ashland University,Great Midwest Athletic Conference,272000,257841.31484731034,147500,147500,Yes,-0.4577205882352941,False,4YR SR,No,Yes,21.98904109589041,278,D,K,R
2025,7,215,Milwaukee Brewers,Josiah Ragsdale,539,OF,2003-12-21,L/L,,Boston College,Atlantic Coast Conference,269700,255661.0390232338,237500,237500,Yes,-0.11939191694475343,False,4YR JR,No,Yes,21.575342465753426,324,D,K,R
2025,7,216,Houston Astros,Jase Mitchell,622,C,2006-09-30,L/R,,Cape Henlopen HS (DE),,267700,547831.9038273749,797500,797500,Yes,1.979081060889055,True,HS SR,No,Yes,18.797260273972604,406,D,H,R
2025,7,217,Atlanta Braves,Zach Royse,293,P,2004-03-11,R/R,,University of Texas - San Antonio,American Athletic Conference,265400,251584.8711782212,197500,197500,Yes,-0.25584024114544085,False,4YR JR,No,Yes,21.353424657534248,76,D,K,R
2025,7,218,Kansas City Royals,Bryson Dudley,859,P,2004-02-17,R/R,,Texas State,Sun Belt,263500,249783.7737583319,261000,261000,Yes,-0.009487666034155597,False,4YR JR,No,Yes,21.416438356164385,641,D,K,R
2025,7,219,Detroit Tigers,Cale Wetwiska,2339,0,2005-04-11,R/R,,Northern Oklahoma Col Enid,,261300,242289.2367612883,647500,647500,Yes,1.4779946421737467,False,JC J2,Yes,Yes,20.268493150684932,2120,D,J,R
2025,7,220,San Diego Padres,Kerrington Cross,247,3B,2002-04-15,R/R,,Cincinnati,Big 12,259700,61055.76817933296,20000,20000,Yes,-0.9229880631497882,False,4YR 5S,No,Yes,23.26027397260274,27,D,M,Q
2025,7,221,Philadelphia Phillies,Matthew Fisher,53,P,2006-03-14,R/R,Indiana,Memorial HS (IN),,257700,214373.90797243264,1250000,1250000,Yes,3.8506014745828483,True,HS SR,No,Yes,19.345205479452055,-168,D,I,O
2025,7,222,Cleveland Guardians,Will McCausland,289,P,2003-10-19,R/R,,Ole Miss,Southeastern Conference,256000,242674.1786798215,235000,235000,Yes,-0.08203125,False,4YR JR,No,Yes,21.747945205479454,67,D,K,R
2025,7,223,New York Mets,Cam Tilly,294,P,2004-06-27,R/R,,Auburn,Southeastern Conference,254000,240778.2866588854,397500,397500,Yes,0.5649606299212598,False,4YR SO,No,Yes,21.057534246575344,71,D,K,R
2025,7,224,New York Yankees,Richie Bonomolo Jr.,314,OF,2003-10-30,R/R,,Alabama,Southeastern Conference,252100,238977.1892389961,222500,222500,Yes,-0.1174137247124157,False,4YR JR,No,Yes,21.71780821917808,90,D,K,R
2025,7,225,Los Angeles Dodgers,Mason Estrada,493,P,2004-05-12,L/R,,MIT,New England Women's and Men's Athletic Conference,250300,237270.8864201536,447500,447500,Yes,0.7878545745105873,False,4YR SO,No,Yes,21.183561643835617,268,D,K,R
2025,8,226,Chicago White Sox,Blaine Wynk,430,P,2004-05-12,R/R,,Ohio State,Big Ten,248700,235754.1728034047,246200,246200,Yes,-0.010052271813429835,False,4YR JR,No,Yes,21.183561643835617,204,D,K,R
2025,8,227,Colorado Rockies,Tanner Thach,244,1B,2004-03-11,L/L,,UNC Wilmington,Colonial Athletic Association,247200,256057.04198028333,325000,325000,Yes,0.31472491909385114,False,4YR JR,No,Yes,21.353424657534248,17,D,K,Q
2025,8,228,Miami Marlins,Emilio Barreras,447,SS,2003-09-12,L/R,,Grand Canyon University,Western Athletic Conference,245400,232625.95096886012,122500,122500,Yes,-0.5008149959250203,False,4YR JR,No,Yes,21.84931506849315,219,D,K,R
2025,8,229,Los Angeles Angels,Isaiah Jackson,283,OF,2004-05-16,L/R,,Arizona State,Big 12,243300,230635.26434687723,297500,297500,Yes,0.22277024249897245,False,4YR JR,No,Yes,21.172602739726027,54,D,K,R
2025,8,230,Oakland Athletics,Corey Braun,1044,P,2002-12-10,L/L,,South Florida,American Athletic Conference,241900,143825.4540407373,200000,200000,Yes,-0.17321207110376188,False,4YR SR,No,Yes,22.605479452054794,814,D,L,R
2025,8,231,Washington Nationals,Riley Maddox,2048,P,2002-10-03,R/R,,Ole Miss,Southeastern Conference,239900,142636.32254804825,10000,10000,Yes,-0.9583159649854106,False,4YR SR,No,Yes,22.791780821917808,1817,D,L,R
2025,8,232,Toronto Blue Jays,Danny Thompson Jr.,1081,P,2002-08-09,R/R,,UNC Greensboro,SoCon,238600,141863.3870778004,5000,5000,Yes,-0.9790444258172674,False,4YR 5S,No,Yes,22.942465753424656,849,D,L,R
2025,8,233,Pittsburgh Pirates,Josh Tate,390,SS,2003-09-01,R/R,,Georgia Southern,Sun Belt,236800,224473.61527883488,234300,234300,Yes,-0.010557432432432432,False,4YR JR,No,Yes,21.87945205479452,157,D,K,R
2025,8,234,Cincinnati Reds,Kyle McCoy,262,P,2004-03-19,L/L,,Maryland,Big Ten,235200,243627.0884860948,232700,232700,Yes,-0.010629251700680272,False,4YR JR,No,Yes,21.33150684931507,28,D,K,Q
2025,8,235,Texas Rangers,Evan Siary,1239,P,2003-10-18,R/R,,Mississippi State,Southeastern Conference,233400,221250.5988432435,300000,300000,Yes,0.2853470437017995,False,4YR JR,No,Yes,21.75068493150685,1004,D,K,R
2025,8,236,San Francisco Giants,Ben Bybee,600,P,2003-09-02,R/R,,Arkansas,Southeastern Conference,232000,219923.47442858823,229500,229500,Yes,-0.010775862068965518,False,4YR JR,No,Yes,21.876712328767123,364,D,K,R
2025,8,237,Tampa Bay Rays,Aidan Cremarosa,680,P,2003-10-09,R/R,,Fresno State,Mountain West,230400,218406.76081183934,182500,182500,Yes,-0.20789930555555555,False,4YR JR,No,Yes,21.775342465753425,443,D,K,R
2025,8,238,Boston Red Sox,Dylan Brown,295,P,2004-06-27,R/L,,Old Dominion,Sun Belt,229000,217079.63639718408,229000,229000,Yes,0,False,4YR JR,No,Yes,21.057534246575344,57,D,K,R
2025,8,239,Minnesota Twins,Ryan Sprock,385,3B,2004-09-27,R/R,,Elon University,Colonial Athletic Association,227800,211226.5140995847,225300,225300,Yes,-0.010974539069359086,False,4YR JR,No,Yes,20.805479452054794,146,D,J,R
2025,8,240,St. Louis Cardinals,Ryan Weingartner,274,SS,2004-07-05,R/R,,Penn State,Big Ten,226500,234615.37220280815,226500,226500,Yes,0,False,4YR JR,No,Yes,21.035616438356165,34,D,K,Q
2025,8,241,Chicago Cubs,Jake Knapp,373,P,2000-08-30,R/R,,North Carolina,Atlantic Coast Conference,225400,53637.51965512393,175000,175000,Yes,-0.2236024844720497,False,4YR GR,No,Yes,24.884931506849316,132,D,M,R
2025,8,242,Seattle Mariners,Danny Macchiarola,1079,P,2004-09-02,L/R,,Holy Cross,Patriot,224100,207795.70592500846,175000,175000,Yes,-0.21909861668897815,False,4YR JR,No,Yes,20.873972602739727,837,D,J,R
2025,8,243,Arizona Diamondbacks,Jack Martinez,387,P,2003-03-12,R/R,,Arizona State,Big 12,223100,132647.61800946048,167326,167326,Yes,-0.249995517705065,False,4YR SR,No,Yes,22.353424657534248,144,D,L,R
2025,8,244,Baltimore Orioles,Kailen Hamson,532,P,2002-04-01,L/L,,University of the Cumberlands,NAIA,221700,52757.04572999546,97500,97500,Yes,-0.5602165087956699,False,4YR SR,No,Yes,23.2986301369863,288,D,M,R
2025,8,245,Milwaukee Brewers,Hayden Vucinovich,2340,0,2007-06-19,R/R,,Bloomington Jefferson HS,,220800,451853.8825740919,150000,150000,Yes,-0.32065217391304346,True,HS SR,No,Yes,18.07945205479452,2095,D,H,R
2025,8,246,Houston Astros,Kyle Walker,248,2B,2003-01-11,R/R,,Arizona State,Big 12,219800,166312.10270035875,152500,152500,Yes,-0.3061874431301183,False,4YR JR,No,Yes,22.517808219178082,2,D,L,Q
2025,8,247,Atlanta Braves,Carter Lovasz,924,P,2003-01-31,R/R,,William & Mary,Colonial Athletic Association,218700,130031.52872554463,7500,7500,Yes,-0.9657064471879286,False,4YR SR,No,Yes,22.46301369863014,677,D,L,R
2025,8,248,Kansas City Royals,Brooks Bryan,215,C,2004-07-14,L/R,,Troy University,Sun Belt,217700,216949.32022026216,197500,197500,Yes,-0.09278824069820854,False,4YR JR,No,Yes,21.01095890410959,-33,D,K,P
2025,8,249,Detroit Tigers,Nick Dumesnil,104,OF,2004-03-27,R/R,,California Baptist University,Western Athletic Conference,216800,241134.8238079583,214300,214300,Yes,-0.011531365313653136,False,4YR JR,No,Yes,21.30958904109589,-145,D,K,O
2025,8,250,San Diego Padres,Jamie Hitt,1471,P,2002-07-08,L/L,,Oklahoma,Southeastern Conference,215600,51305.45358316202,10000,10000,Yes,-0.9536178107606679,False,4YR 5S,No,Yes,23.03013698630137,1221,D,M,R
2025,8,251,Philadelphia Phillies,Brian Walters,505,P,2002-11-28,R/R,,Miami,Atlantic Coast Conference,215100,127891.09203870439,309400,309400,Yes,0.4384007438400744,False,4YR SR,No,Yes,22.638356164383563,254,D,L,R
2025,8,252,Cleveland Guardians,Anthony Martinez,219,1B,2004-04-12,L/R,,University of California - Irvine,Big West,214200,213461.38902701036,214200,214200,Yes,0,False,4YR JR,No,Yes,21.265753424657536,-33,D,K,P
2025,8,253,New York Mets,Camden Lohman,557,P,2006-11-05,R/R,,Ft. Zumwalt North HS (MO),,213200,436300.94096375175,797500,797500,Yes,2.7406191369606003,True,HS SR,No,Yes,18.698630136986303,304,D,H,R
2025,8,254,New York Yankees,Mac Heuer,537,P,2004-07-07,R/R,,Texas Tech,Big 12,212500,201438.5272244612,400000,400000,Yes,0.8823529411764706,False,4YR SO,No,Yes,21.03013698630137,283,D,K,R
2025,8,255,Los Angeles Dodgers,Jack O'Connor,267,P,2004-01-16,R/R,,Virginia,Atlantic Coast Conference,211700,219285.09622664232,158775,158775,Yes,-0.25,False,4YR JR,No,Yes,21.504109589041096,12,D,K,Q
2025,9,256,Chicago White Sox,Riley Eikhoff,2046,P,2001-11-16,R/R,,Coastal Carolina,Sun Belt,210900,50187.01373232315,7500,7500,Yes,-0.9644381223328592,False,4YR GR,No,Yes,23.671232876712327,1790,D,M,R
2025,9,257,Colorado Rockies,Zach Rogacki,2341,C,2003-07-19,L/R,,SUNY Binghamton,America East,210200,124977.71988161629,50000,50000,Yes,-0.7621313035204567,False,4YR SR,No,Yes,22,2084,D,L,R
2025,9,258,Miami Marlins,Kaiden Wilson,569,P,2004-05-20,L/L,,Texas A&M,Southeastern Conference,209600,198689.48379410384,697500,697500,Yes,2.327767175572519,False,4YR SO,No,Yes,21.161643835616438,311,D,K,R
2025,9,259,Los Angeles Angels,Slate Alford,2151,3B,2002-08-23,R/R,,Georgia,Southeastern Conference,208700,124085.8712620995,17500,17500,Yes,-0.9161475802587447,False,4YR SR,No,Yes,22.904109589041095,1892,D,L,R
2025,9,260,Oakland Athletics,Daniel Bucciero,566,3B,2004-10-08,R/R,,Fordham,Atlantic 10,208100,192959.77868359777,208100,208100,Yes,0,False,4YR JR,No,Yes,20.775342465753425,306,D,J,R
2025,9,261,Washington Nationals,Wyatt Henseler,487,3B,2001-08-06,R/R,,Texas A&M,Southeastern Conference,207500,49377.92958490779,10000,10000,Yes,-0.9518072289156626,False,4YR 5S,No,Yes,23.95068493150685,226,D,M,R
2025,9,262,Toronto Blue Jays,Karson Ligon,356,P,2003-02-14,R/R,,Mississippi State,Southeastern Conference,206900,123015.65291867939,125000,125000,Yes,-0.3958434026099565,False,4YR SR,No,Yes,22.424657534246574,94,D,L,R
2025,9,263,Pittsburgh Pirates,Jared Jones,173,1B,2003-08-01,R/R,,LSU,Southeastern Conference,206100,229233.7969871781,203600,203600,Yes,-0.012130033964095099,False,4YR JR,No,Yes,21.964383561643835,-90,D,K,O
2025,9,264,Cincinnati Reds,Kien Vu,278,OF,2003-10-13,L/L,,Arizona State,Big 12,205500,212862.95358797823,172500,172500,Yes,-0.16058394160583941,False,4YR JR,No,Yes,21.764383561643836,14,D,K,Q
2025,9,265,Texas Rangers,Owen Proksch,305,P,2003-12-25,S/L,,Duke,Atlantic Coast Conference,205100,212448.62180483862,200000,200000,Yes,-0.024865919063871283,False,4YR JR,No,Yes,21.564383561643837,40,D,K,Q
2025,9,266,San Francisco Giants,Reid Worley,288,P,2006-06-27,R/R,Kennesaw St.,Cherokee HS (GA),,204400,170035.0282870207,747500,747500,Yes,2.657045009784736,True,HS SR,No,Yes,19.057534246575344,22,D,I,Q
2025,9,267,Tampa Bay Rays,Mason Nichols,1832,P,2003-04-23,R/R,,Ole Miss,Southeastern Conference,203900,121231.95567964586,37500,37500,Yes,-0.8160863168219715,False,4YR SR,No,Yes,22.23835616438356,1565,D,L,R
2025,9,268,Boston Red Sox,Jacob Mayers,483,P,2004-06-10,R/R,,LSU,Southeastern Conference,203500,192907.01313024873,190000,190000,Yes,-0.06633906633906633,False,4YR JR,No,Yes,21.104109589041094,215,D,K,R
2025,9,269,Minnesota Twins,Justin Mitrovich,277,P,2003-10-27,R/R,,Elon University,Colonial Athletic Association,202900,210169.79699757072,172500,172500,Yes,-0.14982750123213406,False,4YR JR,No,Yes,21.726027397260275,8,D,K,Q
2025,9,270,St. Louis Cardinals,Michael Dattalo,525,3B,2004-01-22,R/R,,Dallas Baptist,Conference USA,202200,191674.68331664026,202200,202200,Yes,0,False,4YR JR,No,Yes,21.487671232876714,255,D,K,R
2025,9,271,Chicago Cubs,Colton Book,528,P,2002-08-21,R/L,,Saint Joseph's,Atlantic 10,201800,119983.36761232238,100000,100000,Yes,-0.5044598612487612,False,4YR JR,No,Yes,22.90958904109589,257,D,L,R
2025,9,272,Seattle Mariners,Jackson Steensma,551,P,2004-03-12,S/R,,Appalachian State,Sun Belt,201300,190821.531907219,201300,201300,Yes,0,False,4YR JR,No,Yes,21.350684931506848,279,D,K,R
2025,9,273,Arizona Diamondbacks,Wallace Clark,2287,SS,2002-06-08,S/R,,Duke,Atlantic Coast Conference,200800,47783.557882648114,25000,25000,Yes,-0.8754980079681275,False,4YR SR,No,Yes,23.112328767123287,2014,D,M,R
2025,9,274,Baltimore Orioles,Cam Lee,506,OF,2005-10-18,R/R,,Mineral Area JC (MO),,200400,203946.90265486727,197540,197540,Yes,-0.014271457085828344,False,JC J1,Yes,Yes,19.747945205479454,232,D,I,R
2025,9,275,Milwaukee Brewers,Andrew Healy,618,P,2003-07-11,L/L,,Duke,Atlantic Coast Conference,200000,118913.14926890226,147500,147500,Yes,-0.2625,False,4YR JR,No,Yes,22.02191780821918,343,D,L,R
2025,9,276,Houston Astros,Kellan Oakes,1686,P,2004-06-08,R/R,,Oregon State,DI Independent,199500,189115.2290883765,247500,247500,Yes,0.24060150375939848,False,4YR JR,No,Yes,21.10958904109589,1410,D,K,R
2025,9,277,Atlanta Braves,Logan Braunschweig,105,OF,2002-11-29,L/R,,UAB,American Athletic Conference,199200,166419.32397643302,2500,2500,Yes,-0.9874497991967871,False,4YR SR,No,Yes,22.635616438356163,-172,D,L,O
2025,9,278,Kansas City Royals,Shane Van Dam,392,P,2004-04-10,R/R,,NC State,Atlantic Coast Conference,198600,188262.07767895528,196100,196100,Yes,-0.012588116817724069,False,4YR JR,No,Yes,21.27123287671233,114,D,K,R
2025,9,279,Detroit Tigers,Trevor Heishman,2219,P,2006-10-20,R/L,,St. John Bosco HS (CA),,198000,405195.0577430715,347500,347500,Yes,0.7550505050505051,True,HS SR,No,Yes,18.742465753424657,1940,D,H,R
2025,9,280,San Diego Padres,Will Koger,2305,P,2002-11-10,L/R,,Arizona State,Big 12,197800,117605.10462694433,5000,5000,Yes,-0.974721941354904,False,4YR SR,No,Yes,22.687671232876713,2025,D,L,R
2025,9,281,Philadelphia Phillies,Matthew Ferrara,353,SS,2007-06-04,R/R,,Toms River HS East (NJ),,197600,404376.4818688431,597500,597500,Yes,2.0237854251012144,True,HS SR,No,Yes,18.12054794520548,72,D,H,R
2025,9,282,Cleveland Guardians,Ryan Prager,143,P,2002-10-26,L/L,,Texas A&M,Southeastern Conference,197200,164748.4472296817,197200,197200,Yes,0,False,4YR SR,No,Yes,22.72876712328767,-139,D,L,O
2025,9,283,New York Mets,Anthony Frobose,614,SS,2007-07-17,R/R,,Lakeland HS (NY),,196800,402739.3301203862,387500,387500,Yes,0.9690040650406504,True,HS SR,No,Yes,18.002739726027396,331,D,H,R
2025,9,284,New York Yankees,Blake Gillespie,238,P,2003-10-27,S/R,,UNC Charlotte,American Athletic Conference,196600,195922.07788380128,187300,187300,Yes,-0.04730417090539166,False,4YR JR,No,Yes,21.726027397260275,-46,D,K,P
2025,9,285,Los Angeles Dodgers,Conner O'Neal,2342,0,2002-09-06,L/R,,Southeasern Louisiana U,Southland,196000,116534.88628352422,2500,2500,Yes,-0.9872448979591837,False,4YR SR,No,Yes,22.865753424657534,2057,D,L,R
2025,10,286,Chicago White Sox,Daniel Wright,1075,P,2002-06-13,R/R,,Iowa,Big Ten,195300,46474.74529124092,7500,7500,Yes,-0.9615975422427036,False,4YR GR,No,Yes,23.0986301369863,789,D,M,R
2025,10,287,Colorado Rockies,Austin Newton,2343,P,2004-04-29,R/R,,Southern Florida,American Athletic Conference,195100,184944.2666423171,195100,195100,Yes,0,False,4YR JR,No,Yes,21.21917808219178,2056,D,K,R
2025,10,288,Miami Marlins,Jake McCutcheon,486,SS,2003-11-06,L/R,,Missouri State,Missouri Valley Conference,194700,184565.08823812986,192200,192200,Yes,-0.012840267077555213,False,4YR JR,No,Yes,21.698630136986303,198,D,K,R
2025,10,289,Los Angeles Angels,Nick Rodriguez,1950,SS,2002-10-29,L/R,,Missouri State,Missouri Valley Conference,194400,115583.581089373,47500,47500,Yes,-0.7556584362139918,False,4YR SR,No,Yes,22.720547945205478,1661,D,L,R
2025,10,290,Oakland Athletics,Samuel Dutton,470,P,2003-05-05,L/R,,Auburn,Southeastern Conference,194100,115405.21136546964,150000,150000,Yes,-0.22720247295208656,False,4YR SR,No,Yes,22.205479452054796,180,D,L,R
2025,10,291,Washington Nationals,Hunter Hines,1329,3B,2002-11-02,L/R,,Mississippi State,Southeastern Conference,193800,115226.8416415663,5000,5000,Yes,-0.9742002063983488,False,4YR SR,No,Yes,22.70958904109589,1038,D,L,R
2025,10,292,Toronto Blue Jays,Austin Smith,749,OF,2003-04-11,L/L,,University of San Diego,West Coast Conference,193500,115048.47191766294,5000,5000,Yes,-0.9741602067183462,False,4YR SR,No,Yes,22.27123287671233,457,D,L,R
2025,10,293,Pittsburgh Pirates,Matt King,603,SS,2002-08-25,R/R,,Arizona State,Big 12,193100,114810.64561912513,22500,22500,Yes,-0.8834800621439669,False,4YR SR,No,Yes,22.898630136986302,310,D,L,R
2025,10,294,Cincinnati Reds,Ty Doucette,511,1B,2004-02-06,L/R,,Rutgers,Big Ten,192600,182574.40161614696,157500,157500,Yes,-0.1822429906542056,False,4YR SO,No,Yes,21.446575342465753,217,D,K,R
2025,10,295,Texas Rangers,J.D. McReynolds,1361,P,2003-03-19,L/R,,University of Central Missouri,Mid-America Intercollegiate,192400,114394.44959668397,25000,25000,Yes,-0.8700623700623701,False,4YR SR,No,Yes,22.334246575342465,1066,D,L,R
2025,10,296,San Francisco Giants,Isaiah Barkett,1352,SS,2003-11-17,R/R,,Stetson,Atlantic Sun Conference,191700,181721.2502067257,747500,747500,Yes,2.899321857068336,False,4YR JR,No,Yes,21.66849315068493,1056,D,K,R
2025,10,297,Tampa Bay Rays,Trendan Parish,2215,P,2002-02-14,R/R,,Texas Tech,Big 12,191500,45570.474773541406,500,500,Yes,-0.9973890339425587,False,4YR SR,No,Yes,23.424657534246574,1918,D,M,R
2025,10,298,Boston Red Sox,Maximus Martin,260,SS,2003-09-29,R/R,,Kansas State,Big 12,191300,190640.35350544855,191300,191300,Yes,0,False,4YR JR,No,Yes,21.802739726027397,-38,D,K,P
2025,10,299,Minnesota Twins,Shai Robinson,582,SS,2004-05-12,R/R,,Illinois State,Missouri Valley Conference,190900,180962.89339835127,147500,147500,Yes,-0.22734415924567836,False,4YR JR,No,Yes,21.183561643835617,283,D,K,R
2025,10,300,St. Louis Cardinals,Ty Van Dyke,627,P,2003-08-04,R/R,,Stetson,Atlantic Sun Conference,190500,180583.71499416404,150000,150000,Yes,-0.2125984251968504,False,4YR SR,No,Yes,21.956164383561642,327,D,K,R
2025,10,301,Chicago Cubs,Justin Stransky,383,C,2002-09-10,R/R,,Fresno State,Mountain West,190300,113145.8615293605,140000,140000,Yes,-0.26431949553336836,False,4YR SR,No,Yes,22.854794520547944,82,D,L,R
2025,10,302,Seattle Mariners,Isaac Lyon,442,P,2004-01-26,R/R,,Grand Canyon University,Western Athletic Conference,190100,180204.5365899768,190100,190100,Yes,0,False,4YR JR,No,Yes,21.476712328767125,140,D,K,R
2025,10,303,Arizona Diamondbacks,Brady Counsell,802,SS,2003-05-03,R/R,,Kansas,Big 12,189800,112848.57865618824,50000,50000,Yes,-0.7365648050579557,False,4YR SR,No,Yes,22.21095890410959,499,D,L,R
2025,10,304,Baltimore Orioles,Dalton Neuschwander,1060,P,2002-04-11,R/R,,University of West Florida,Gulf South,189300,45046.94973697853,27500,27500,Yes,-0.8547279450607501,False,4YR 5S,No,Yes,23.27123287671233,756,D,M,R
2025,10,305,Milwaukee Brewers,Braylon Owens,823,P,2002-12-11,R/R,,University of Texas - San Antonio,American Athletic Conference,189000,112372.92605911264,10000,10000,Yes,-0.9470899470899471,False,4YR SR,No,Yes,22.602739726027398,518,D,L,R
2025,10,306,Houston Astros,Zach Daudet,2344,0,2003-06-10,R/R,,Cal Poly San Luis Obispo,Big West,188900,112313.46948447819,7500,7500,Yes,-0.9602964531498147,False,4YR SR,No,Yes,22.106849315068494,2038,D,L,R
2025,10,307,Atlanta Braves,Kade Woods,1654,P,2002-09-04,R/R,,LSU,Southeastern Conference,188600,112135.09976057483,2500,2500,Yes,-0.986744432661718,False,4YR SR,No,Yes,22.87123287671233,1347,D,L,R
2025,10,308,Kansas City Royals,Max Martin,346,P,2003-09-29,R/R,,University of California - Irvine,Big West,188300,195046.68691297472,185800,185800,Yes,-0.013276686139139671,False,4YR JR,No,Yes,21.802739726027397,38,D,K,Q
2025,10,309,Detroit Tigers,Edian Espinal,1196,2B,2004-09-24,S/R,,Central Florida,Big 12,187800,174136.69599605797,185300,185300,Yes,-0.013312034078807242,False,4YR JR,No,Yes,20.813698630136987,887,D,J,R
2025,10,310,San Diego Padres,Justin DeCriscio,1638,SS,2003-03-24,R/R,,NC State,Atlantic Coast Conference,187600,111540.53401423032,15000,15000,Yes,-0.920042643923241,False,4YR SR,No,Yes,22.32054794520548,1328,D,L,R
2025,10,311,Philadelphia Phillies,Cole Gilley,992,P,2001-07-22,R/R,,Indiana,Big Ten,187300,44571.01788555773,7500,7500,Yes,-0.9599572877736252,False,4YR GR,No,Yes,23.991780821917807,681,D,M,R
2025,10,312,Cleveland Guardians,Harrison Bodendorf,352,P,2004-02-18,R/L,,Oklahoma State,Big 12,187300,194010.85745512566,150000,150000,Yes,-0.19914575547250402,False,4YR JR,No,Yes,21.413698630136988,40,D,K,Q
2025,10,313,New York Mets,Tyler McLoughlin,2262,P,2002-07-01,R/R,,Georgia,Southeastern Conference,187300,44571.01788555773,7500,7500,Yes,-0.9599572877736252,False,4YR 5S,No,Yes,23.04931506849315,1949,D,M,R
2025,10,314,New York Yankees,Connor McGinnis,1024,SS,2002-12-09,L/R,,Houston,Big 12,187300,111362.16429032697,172500,172500,Yes,-0.07901761879337961,False,4YR JR,No,Yes,22.60821917808219,710,D,L,R
2025,10,315,Los Angeles Dodgers,Jacob Frost,575,P,2003-05-14,L/L,,Kansas State,Big 12,187300,111362.16429032697,47500,47500,Yes,-0.7463961558996263,False,4YR SR,No,Yes,22.18082191780822,260,D,L,R
2025,11,316,Chicago White Sox,Matthew Boughton,1854,SS,2005-09-10,R/R,,Covenant HS (TX),,0,0,197500,47500,No,0.5192307692307693,True,HS SR,No,Yes,19.852054794520548,1538,E,I,R
2025,11,317,Colorado Rockies,Zach Harris,480,P,2003-10-21,R/R,,Georgia,Southeastern Conference,0,0,200000,50000,No,0.5384615384615384,False,4YR JR,No,Yes,21.742465753424657,163,E,K,R
2025,11,318,Miami Marlins,Jadon Williamson,2345,P,2002-09-01,R/R,,Lewis-Clark State,NWC,0,0,100000,0,No,,False,4YR 5S,No,Yes,22.87945205479452,2027,E,L,R
2025,11,319,Los Angeles Angels,Alton Davis II,287,P,2003-12-18,L/L,,Georgia,Southeastern Conference,0,0,397500,247500,No,2.0576923076923075,False,4YR JR,No,Yes,21.583561643835615,-32,E,K,P
2025,11,320,Oakland Athletics,Bobby Boser,335,3B,2002-12-05,R/R,,Florida,Southeastern Conference,0,0,150000,0,No,,False,4YR SR,No,Yes,22.61917808219178,15,E,L,Q
2025,11,321,Washington Nationals,Jack Moroknek,263,OF,2003-06-29,L/R,,Butler,Big East,0,0,200000,50000,No,0.5384615384615384,False,4YR SR,No,Yes,22.054794520547944,-58,E,L,O
2025,11,322,Toronto Blue Jays,Jared Spencer,108,P,2003-07-01,L/L,,Texas,Southeastern Conference,0,0,165000,15000,No,0.2692307692307692,False,4YR SR,No,Yes,22.04931506849315,-214,E,L,O
2025,11,323,Pittsburgh Pirates,Dylan Palmer,597,2B,2003-10-05,L/R,,Hofstra,Colonial Athletic Association,0,0,150000,0,No,,False,4YR JR,No,Yes,21.786301369863015,274,E,K,R
2025,11,324,Cincinnati Reds,Jake Brink,151,P,2003-05-11,R/R,,College of Charleston,Colonial Athletic Association,0,0,150000,0,No,,False,4YR JR,No,Yes,22.18904109589041,-173,E,L,O
2025,11,325,Texas Rangers,Jacob Johnson,306,P,2006-05-17,R/R,,Pearl River CC (MS),,0,0,300000,150000,No,1.3076923076923077,False,JC J1,Yes,Yes,19.16986301369863,-19,E,I,P
2025,11,326,San Francisco Giants,Rod Barajas Jr.,2066,C,2004-07-12,L/R,,Saddleback College (CA),,0,0,247500,97500,No,0.9038461538461539,False,JC J3,Yes,Yes,21.016438356164382,1740,E,K,R
2025,11,327,Tampa Bay Rays,Luke Jackson,178,P,2004-04-21,R/R,,Texas A&M,Southeastern Conference,0,0,497500,347500,No,2.826923076923077,False,4YR JR,No,Yes,21.24109589041096,-149,E,K,O
2025,11,328,Boston Red Sox,Barrett Morgan,616,P,2005-03-12,R/R,,Cowley County CC (KS),,0,0,500000,350000,No,2.8461538461538463,False,JC J2,Yes,Yes,20.350684931506848,288,E,J,R
2025,11,329,Minnesota Twins,Ryan Daniels,2078,SS,2003-08-13,L/R,,Connecticut,Big East,0,0,150000,0,No,,False,4YR JR,No,Yes,21.931506849315067,1749,E,K,R
2025,11,330,St. Louis Cardinals,Jalin Flores,235,SS,2003-07-31,R/R,,Texas,Southeastern Conference,0,0,175000,25000,No,0.34615384615384615,False,4YR JR,No,Yes,21.96712328767123,-95,E,K,O
2025,11,331,Chicago Cubs,Eli Jerzembeck,369,P,2003-06-17,R/R,,South Carolina,Southeastern Conference,0,0,150000,0,No,,False,4YR JR,No,Yes,22.087671232876712,38,E,L,Q
2025,11,332,Seattle Mariners,Dusty Revis,408,P,2003-07-25,R/R,,Western Carolina,SoCon,0,0,150000,0,No,,False,4YR SR,No,Yes,21.983561643835618,76,E,K,R
2025,11,333,Arizona Diamondbacks,Luke Dotson,327,P,2004-06-10,L/L,,Mississippi State,Southeastern Conference,0,0,500000,350000,No,2.8461538461538463,False,4YR SO,No,Yes,21.104109589041094,-6,E,K,P
2025,11,334,Baltimore Orioles,Holden deJong,1320,P,2004-03-12,L/L,,New Jersey Institute of Technology,America East,0,0,150000,0,No,,False,4YR JR,No,Yes,21.350684931506848,986,E,K,R
2025,11,335,Milwaukee Brewers,CJ Hughes,196,SS,2007-09-09,S/R,,Junipero Serra HS (CA),,0,0,700000,550000,No,4.384615384615385,True,HS SR,No,Yes,17.854794520547944,-139,E,G,O
2025,11,336,Houston Astros,Justin Thomas,571,OF,2003-09-29,R/R,,Arkansas,Southeastern Conference,0,0,177500,27500,No,0.36538461538461536,False,4YR JR,No,Yes,21.802739726027397,235,E,K,R
2025,11,337,Atlanta Braves,Colin Daniel,2346,P,2003-09-10,R/R,,UAB,American Athletic Conference,0,0,150000,0,No,,False,4YR JR,No,Yes,21.854794520547944,2009,E,K,R
2025,11,338,Kansas City Royals,Hunter Alberini,398,P,2001-12-20,R/R,,Arizona,Big 12,0,0,150000,0,No,,False,4YR JR,No,Yes,23.578082191780823,60,E,M,R
2025,11,339,Detroit Tigers,River Hamilton,175,P,2006-10-04,R/R,LSU,Sam Barlow HS (OR),,0,0,497500,347500,No,2.826923076923077,True,HS SR,No,Yes,18.786301369863015,-164,E,H,O
2025,11,340,San Diego Padres,Truitt Madonna,497,C,2007-03-12,R/R,,Ballard HS (WA),,0,0,654000,504000,No,4.030769230769231,True,HS SR,No,Yes,18.350684931506848,157,E,H,R
2025,11,341,Philadelphia Phillies,Will Vierling,2311,C,2003-08-23,L/R,,Murray State University,Missouri Valley Conference,0,0,150000,0,No,,False,4YR JR,No,Yes,21.904109589041095,1970,E,K,R
2025,11,342,Cleveland Guardians,Tyler Howard,2261,C,2004-03-26,R/R,,University of Portland,West Coast Conference,0,0,150000,0,No,,False,4YR JR,No,Yes,21.312328767123287,1919,E,K,R
2025,11,343,New York Mets,Wyatt Vincent,292,OF,2006-08-22,R/R,,Nixa HS (MO),,0,0,272500,122500,No,1.0961538461538463,True,HS SR,No,Yes,18.904109589041095,-51,E,H,O
2025,11,344,New York Yankees,Ben Grable,763,P,2002-05-03,L/R,,Indiana,Big Ten,0,0,150000,0,No,,False,4YR 5S,No,Yes,23.21095890410959,419,E,M,R
2025,11,345,Los Angeles Dodgers,Dylan Tate,1184,P,2004-05-09,R/R,,Oklahoma,Southeastern Conference,0,0,251500,101500,No,0.9346153846153846,False,4YR JR,No,Yes,21.19178082191781,839,E,K,R
2025,12,346,Chicago White Sox,Ely Brown,2347,0,2004-07-13,L/L,,Mercer,SoCon,0,0,172500,22500,No,0.3269230769230769,False,4YR JR,No,Yes,21.013698630136986,2001,E,K,R
2025,12,347,Colorado Rockies,Brady Parker Jr.,2348,0,2004-05-24,L/L,,U Houston Victoria,NAIA,0,0,150000,0,No,,False,4YR JR,No,Yes,21.15068493150685,2001,E,K,R
2025,12,348,Miami Marlins,Wilson Weber,2313,C,2002-05-16,R/R,,Oregon State,DI Independent,0,0,100000,0,No,,False,4YR SR,No,Yes,23.175342465753424,1965,E,M,R
2025,12,349,Los Angeles Angels,Talon Haley,91,P,2006-01-22,R/L,Vanderbilt,Lewisburg HS (MS),,0,0,897500,747500,No,5.903846153846154,True,HS SR,No,Yes,19.484931506849314,-258,E,I,O
2025,12,350,Oakland Athletics,Alex Barr,579,P,2006-11-09,L/L,,Kankakee Valley HS (IN),,0,0,350000,200000,No,1.6923076923076923,True,HS SR,No,Yes,18.687671232876713,229,E,H,R
2025,12,351,Washington Nationals,Ben Moore,312,P,2004-03-24,L/L,,Old Dominion,Sun Belt,0,0,150000,0,No,,False,4YR JR,No,Yes,21.317808219178083,-39,E,K,P
2025,12,352,Toronto Blue Jays,Blaine Bullard,113,OF,2006-08-16,S/L,Texas A&M,Klein Cain HS (TX),,0,0,1697500,1547500,No,12.057692307692308,True,HS SR,No,Yes,18.92054794520548,-239,E,H,O
2025,12,353,Pittsburgh Pirates,Cameron Keshock,621,P,2003-10-29,R/R,,Samford University,SoCon,0,0,150000,0,No,,False,4YR JR,No,Yes,21.720547945205478,268,E,K,R
2025,12,354,Cincinnati Reds,Carson Latimer,913,P,2004-02-11,L/R,,Sacramento State,Western Athletic Conference,0,0,150000,0,No,,False,4YR JR,No,Yes,21.432876712328767,559,E,K,R
2025,12,355,Texas Rangers,Jake Barbee,1443,P,2006-08-27,R/R,,Jay M Robinson HS (NC),,0,0,300000,150000,No,1.3076923076923077,True,HS SR,No,Yes,18.89041095890411,1088,E,H,R
2025,12,356,San Francisco Giants,Cody Delvecchio,452,P,2004-01-15,R/R,,UCLA,Big Ten,0,0,150000,0,No,,False,4YR JR,No,Yes,21.506849315068493,96,E,K,R
2025,12,357,Tampa Bay Rays,Brady Jones,595,P,2004-07-02,R/R,,Georgia Tech,Atlantic Coast Conference,0,0,150000,0,No,,False,4YR JR,No,Yes,21.043835616438358,238,E,K,R
2025,12,358,Boston Red Sox,Ethan Walker,1230,P,2004-06-29,L/L,,Kentucky,Southeastern Conference,0,0,500000,350000,No,2.8461538461538463,False,4YR JR,No,Yes,21.052054794520547,872,E,K,R
2025,12,359,Minnesota Twins,Kolten Smith,336,P,2003-12-31,R/R,,Georgia,Southeastern Conference,0,0,200000,50000,No,0.5384615384615384,False,4YR JR,No,Yes,21.54794520547945,-23,E,K,P
2025,12,360,St. Louis Cardinals,Kaden Echeman,160,P,2002-12-16,L/R,,Northern Kentucky,Horizon,0,0,175000,25000,No,0.34615384615384615,False,4YR SR,No,Yes,22.589041095890412,-200,E,L,O
2025,12,361,Chicago Cubs,Connor Spencer,1027,P,2000-11-04,R/R,,Ole Miss,Southeastern Conference,0,0,100000,0,No,,False,4YR GR,No,Yes,24.704109589041096,666,E,M,R
2025,12,362,Seattle Mariners,Grant Jay,194,C,2003-09-23,R/R,,Dallas Baptist,Conference USA,0,0,150000,0,No,,False,4YR JR,No,Yes,21.81917808219178,-168,E,K,O
2025,12,363,Arizona Diamondbacks,Tayler Montiel,527,P,2002-07-05,L/L,,Tulane,American Athletic Conference,0,0,100000,0,No,,False,4YR SR,No,Yes,23.03835616438356,164,E,M,R
2025,12,364,Baltimore Orioles,Daniel Lopez,1073,P,2006-07-14,R/R,,Odessa College (TX),,0,0,Unsigned,,No,,False,JC J1,Yes,No,19.01095890410959,709,E,I,R
2025,12,365,Milwaukee Brewers,Cooper Underwood,195,P,2007-01-08,R/L,,Allatoona HS (GA),,0,0,Unsigned,,No,,True,HS SR,No,No,18.523287671232875,-170,E,H,O
2025,12,366,Houston Astros,Elijah Farley,2349,OF,2006-05-31,L/R,,Navarro HS,,0,0,150000,0,No,,True,HS SR,No,Yes,19.13150684931507,1983,E,I,R
2025,12,367,Atlanta Braves,Jay Woolfolk,310,P,2002-11-27,R/R,,Virginia,Atlantic Coast Conference,0,0,150000,0,No,,False,4YR SR,No,Yes,22.64109589041096,-57,E,L,O
2025,12,368,Kansas City Royals,Matthew Hoskins,436,P,2003-09-29,R/R,,Georgia,Southeastern Conference,0,0,150000,0,No,,False,4YR JR,No,Yes,21.802739726027397,68,E,K,R
2025,12,369,Detroit Tigers,Cash Kuiper,935,P,2004-12-26,R/R,,Murray State College (OK),,0,0,150000,0,No,,False,JC J2,Yes,Yes,20.55890410958904,566,E,J,R
2025,12,370,San Diego Padres,George Bilecki,2350,OF,2003-09-26,L/L,,Lewis,Great Lakes Valley Conference,0,0,150000,0,No,,False,4YR JR,No,Yes,21.81095890410959,1980,E,K,R
2025,12,371,Philadelphia Phillies,Tyler Bowen,508,P,2002-12-30,R/R,,Lander University,Peach Belt,0,0,150000,0,No,,False,4YR SR,No,Yes,22.55068493150685,137,E,L,R
2025,12,372,Cleveland Guardians,Ryan DeSanto,604,P,2003-10-05,L/L,,Penn State,Big Ten,0,0,150000,0,No,,False,4YR JR,No,Yes,21.786301369863015,232,E,K,R
2025,12,373,New York Mets,Truman Pauley,643,P,2003-12-26,R/R,,Harvard,Ivy League,0,0,400000,250000,No,2.076923076923077,False,4YR SO,No,Yes,21.561643835616437,270,E,K,R
2025,12,374,New York Yankees,Camden Troyer,892,OF,2002-08-03,L/L,,Liberty University,Conference USA,0,0,150000,0,No,,False,4YR SR,No,Yes,22.958904109589042,518,E,L,R
2025,12,375,Los Angeles Dodgers,Logan Lunceford,152,P,2003-11-13,R/R,,Wake Forest,Atlantic Coast Conference,0,0,150000,0,No,,False,4YR JR,No,Yes,21.67945205479452,-223,E,K,O
2025,13,376,Chicago White Sox,Rylan Galvan,257,C,2003-06-12,R/R,,Texas,Southeastern Conference,0,0,150000,0,No,,False,4YR JR,No,Yes,22.101369863013698,-119,E,L,O
2025,13,377,Colorado Rockies,Izeah Muniz,1357,P,2003-11-14,R/R,,Mt. San Antonio College (CA),,0,0,150000,0,No,,False,JC J2,Yes,Yes,21.676712328767124,980,E,K,R
2025,13,378,Miami Marlins,Chase Renner,958,P,2003-08-03,R/R,,Penn State,Big Ten,0,0,150000,0,No,,False,4YR SR,No,Yes,21.958904109589042,580,E,K,R
2025,13,379,Los Angeles Angels,Xavier Mitchell,172,P,2006-07-13,L/L,Texas,Prestonwood Christian Academy (TX),,0,0,872500,722500,No,5.711538461538462,True,HS SR,No,Yes,19.013698630136986,-207,E,I,O
2025,13,380,Oakland Athletics,Bryan Arendt,843,C,2003-04-05,R/R,,UNC Wilmington,Colonial Athletic Association,0,0,100000,0,No,,False,4YR SR,No,Yes,22.28767123287671,463,E,L,R
2025,13,381,Washington Nationals,Tucker Biven,491,P,2004-02-21,R/R,,Louisville,Atlantic Coast Conference,0,0,150000,0,No,,False,4YR JR,No,Yes,21.405479452054795,110,E,K,R
2025,13,382,Toronto Blue Jays,Trace Baker,331,P,2003-12-18,R/R,,UNC Wilmington,Colonial Athletic Association,0,0,150000,0,No,,False,4YR JR,No,Yes,21.583561643835615,-51,E,K,O
2025,13,383,Pittsburgh Pirates,Dylan Mathiesen,1177,P,2004-05-25,R/R,,Liberty University,Conference USA,0,0,150000,0,No,,False,4YR JR,No,Yes,21.147945205479452,794,E,K,R
2025,13,384,Cincinnati Reds,Brady Afthim,801,P,2002-11-25,R/R,,Connecticut,Big East,0,0,150000,0,No,,False,4YR SR,No,Yes,22.646575342465752,417,E,L,R
2025,13,385,Texas Rangers,Aiden Robertson,384,P,2005-04-12,R/R,,Walters State CC (TN),,0,0,Unsigned,,No,,False,JC J2,Yes,No,20.265753424657536,-1,E,J,P
2025,13,386,San Francisco Giants,Broedy Poppell,644,C,2002-06-13,S/R,,Florida A&M,Southwestern Athletic Conference,0,0,50000,0,No,,False,4YR SR,No,Yes,23.0986301369863,258,E,M,R
2025,13,387,Tampa Bay Rays,Ethan Storm,1228,P,2004-05-18,R/R,,Rock Valley College (IL),,0,0,150000,0,No,,False,JC J3,Yes,Yes,21.167123287671235,841,E,K,R
2025,13,388,Boston Red Sox,Jack Winnay,564,3B,2003-06-05,R/R,,Wake Forest,Atlantic Coast Conference,0,0,150000,0,No,,False,4YR JR,No,Yes,22.12054794520548,176,E,L,R
2025,13,389,Minnesota Twins,Callan Fang,639,P,2003-10-29,L/R,,Harvard,Ivy League,0,0,177500,27500,No,0.36538461538461536,False,4YR JR,No,Yes,21.720547945205478,250,E,K,R
2025,13,390,St. Louis Cardinals,Jake Shelagowski,1461,P,2003-11-17,R/R,,Saginaw Valley State,Great Lakes Intercollegiate Athletic Conference,0,0,150000,0,No,,False,4YR JR,No,Yes,21.66849315068493,1071,E,K,R
2025,13,391,Chicago Cubs,Nate Williams,419,P,2001-09-26,R/R,,Mississippi State,Southeastern Conference,0,0,150000,0,No,,False,4YR SR,No,Yes,23.81095890410959,28,E,M,Q
2025,13,392,Seattle Mariners,Aiden Taurek,2351,OF,2003-10-21,R/R,,Saint Mary's (CA),West Coast Conference,0,0,150000,0,No,,False,NS,No,Yes,21.742465753424657,1959,E,K,R
2025,13,393,Arizona Diamondbacks,Alex Galvan,712,P,2001-07-10,R/R,,Central Florida,Big 12,0,0,100000,0,No,,False,4YR 5S,No,Yes,24.024657534246575,319,E,M,R
2025,13,394,Baltimore Orioles,Brayden Smith,637,2B,2003-12-15,L/R,,Oklahoma State,Big 12,0,0,150000,0,No,,False,4YR JR,No,Yes,21.59178082191781,243,E,K,R
2025,13,395,Milwaukee Brewers,Gavin Lauridsen,315,P,2006-11-28,R/R,,Foothill HS (CA),,0,0,Unsigned,,No,,True,HS SR,No,No,18.635616438356163,-80,E,H,O
2025,13,396,Houston Astros,Aubrey Smith,2352,P,2004-03-15,L/R,,UNCW,Colonial Athletic Association,0,0,150000,0,No,,False,4YR JR,No,Yes,21.34246575342466,1956,E,K,R
2025,13,397,Atlanta Braves,Logan Forsythe,1755,P,2003-07-29,R/R,,Louisiana Tech,Conference USA,0,0,150000,0,No,,False,4YR JR,No,Yes,21.972602739726028,1358,E,K,R
2025,13,398,Kansas City Royals,Tyson Moran,2353,SS,2006-01-25,R/R,,No School,,0,0,247500,97500,No,0.9038461538461539,True,HS SR,No,Yes,19.476712328767125,1955,E,I,R
2025,13,399,Detroit Tigers,Jack Goodman,524,SS,2003-10-03,R/R,,Northeastern,Colonial Athletic Association,0,0,150000,0,No,,False,4YR JR,No,Yes,21.791780821917808,125,E,K,R
2025,13,400,San Diego Padres,Dylan Grego,1166,SS,2004-03-16,S/R,,Ball State,Mid-American Conference,0,0,150000,0,No,,False,4YR JR,No,Yes,21.339726027397262,766,E,K,R
2025,13,401,Philadelphia Phillies,Jack Barker,2354,OF,2005-06-23,L/L,,Col of Southern Idaho (ID),,0,0,150000,0,No,,False,JC J2,Yes,Yes,20.068493150684933,1953,E,J,R
2025,13,402,Cleveland Guardians,Aaron Savary,613,P,2004-07-21,R/R,,Iowa,Big Ten,0,0,150000,0,No,,False,4YR JR,No,Yes,20.991780821917807,211,E,J,R
2025,13,403,New York Mets,Frank Camarillo,1253,P,2004-02-03,R/R,,UC Santa Barbara,Big West,0,0,150000,0,No,,False,4YR JR,No,Yes,21.454794520547946,850,E,K,R
2025,13,404,New York Yankees,Kyle West,1724,OF,2002-11-02,L/R,,West Virginia,Big 12,0,0,150000,0,No,,False,4YR SR,No,Yes,22.70958904109589,1320,E,L,R
2025,13,405,Los Angeles Dodgers,Robby Porco,453,P,2004-04-04,R/R,,West Virginia,Big 12,0,0,147500,0,No,,False,4YR JR,No,Yes,21.28767123287671,48,E,K,Q
2025,14,406,Chicago White Sox,Max Banks,534,P,2003-05-07,R/R,,Washington,Big Ten,0,0,150000,0,No,,False,4YR SR,No,Yes,22.2,128,E,L,R
2025,14,407,Colorado Rockies,Luke Broderick,1781,P,2004-03-11,R/R,,Nebraska,Big Ten,0,0,165000,15000,No,0.2692307692307692,False,4YR JR,No,Yes,21.353424657534248,1374,E,K,R
2025,14,408,Miami Marlins,Carson Laws,609,P,2003-03-31,R/R,,Texas State,Sun Belt,0,0,150000,0,No,,False,4YR JR,No,Yes,22.301369863013697,201,E,L,R
2025,14,409,Los Angeles Angels,TJ Ford,2186,OF,2006-03-09,S/R,,Trinity Christian School (GA),,0,0,272500,122500,No,1.0961538461538463,True,HS SR,No,Yes,19.35890410958904,1777,E,I,R
2025,14,410,Oakland Athletics,Griffin Kirn,1304,P,2002-04-19,L/L,,West Virginia,Big 12,0,0,150000,0,No,,False,4YR 5S,No,Yes,23.24931506849315,894,E,M,R
2025,14,411,Washington Nationals,Nick Hollifield,2355,C,2003-07-25,R/R,,UAB,American Athletic Conference,0,0,150000,0,No,,False,4YR JR,No,Yes,21.983561643835618,1944,E,K,R
2025,14,412,Toronto Blue Jays,Noah Palmese,577,P,2003-07-23,R/R,,Webber International University,NAIA,0,0,150000,0,No,,False,4YR SR,No,Yes,21.98904109589041,165,E,K,R
2025,14,413,Pittsburgh Pirates,Connor Hamilton,522,P,2006-03-13,R/R,,Montgomery Bell Academy (TN),,0,0,Unsigned,,No,,True,HS SR,No,No,19.34794520547945,109,E,I,R
2025,14,414,Cincinnati Reds,Bryce Archie,847,P,2004-04-27,R/R,,South Florida,American Athletic Conference,0,0,150000,0,No,,False,4YR JR,No,Yes,21.224657534246575,433,E,K,R
2025,14,415,Texas Rangers,Landon Manzi,2356,P,2007-11-08,R/R,,Killingly HS (CT),,0,0,Unsigned,,No,,True,HS SR,No,No,17.69041095890411,1941,E,G,R
2025,14,416,San Francisco Giants,Trey Seeley,2228,P,2002-06-28,R/R,,Hope International University,Michigan Intercol. Ath. Assn.,0,0,25000,0,No,,False,4YR SR,No,Yes,23.057534246575344,1812,E,M,R
2025,14,417,Tampa Bay Rays,Jacob Hartlaub,1419,P,2002-09-04,R/R,,Ball State,Mid-American Conference,0,0,150000,0,No,,False,4YR SR,No,Yes,22.87123287671233,1002,E,L,R
2025,14,418,Boston Red Sox,Carter Rasmussen,927,P,2004-06-09,R/R,,Wofford,SoCon,0,0,150000,0,No,,False,4YR JR,No,Yes,21.106849315068494,509,E,K,R
2025,14,419,Minnesota Twins,Merit Jones,1877,P,2003-07-26,R/R,,Utah,Big 12,0,0,150000,0,No,,False,4YR JR,No,Yes,21.980821917808218,1458,E,K,R
2025,14,420,St. Louis Cardinals,Anthony Watts,2357,P,2004-03-08,R/R,,Iowa,Big Ten,0,0,150000,0,No,,False,4YR JR,No,Yes,21.361643835616437,1937,E,K,R
2025,14,421,Chicago Cubs,Kaemyn Franklin,1659,P,2006-01-10,R/R,,Victory Christian (OK),,0,0,200000,50000,No,0.5384615384615384,True,HS SR,No,Yes,19.517808219178082,1238,E,I,R
2025,14,422,Seattle Mariners,Luke Heyman,162,C,2003-07-09,R/R,,Florida,Southeastern Conference,0,0,230000,80000,No,0.7692307692307693,False,4YR JR,No,Yes,22.027397260273972,-260,E,L,O
2025,14,423,Arizona Diamondbacks,Blake Fields,782,OF,2007-06-08,R/R,,The First Academy (FL),,0,0,Unsigned,,No,,True,HS SR,No,No,18.10958904109589,359,E,H,R
2025,14,424,Baltimore Orioles,Brayan Orrantia,817,P,2005-08-22,R/R,,New Mexico JC (NM),,0,0,151000,1000,No,0.16153846153846155,False,JC J2,Yes,Yes,19.904109589041095,393,E,I,R
2025,14,425,Milwaukee Brewers,Brendan Brock,414,C,2004-08-03,R/R,,Southwestern Illinois College (IL),,0,0,Unsigned,,No,,False,JC J3,Yes,No,20.956164383561642,-11,E,J,P
2025,14,426,Houston Astros,Josh Wakefield,1617,OF,2004-06-08,L/L,,Grand Canyon University,Western Athletic Conference,0,0,150000,0,No,,False,4YR JR,No,Yes,21.10958904109589,1191,E,K,R
2025,14,427,Atlanta Braves,Mathieu Curtis,2358,P,2004-08-24,R/R,,Virginia Tech,Atlantic Coast Conference,0,0,150000,0,No,,False,4YR JR,No,Yes,20.898630136986302,1931,E,J,R
2025,14,428,Kansas City Royals,JC Vanek,189,1B,2004-09-10,L/L,,Chipola College (FL),,0,0,347500,197500,No,1.6730769230769231,False,JC J1,Yes,Yes,20.852054794520548,-239,E,J,O
2025,14,429,Detroit Tigers,Beau Ankeney,550,1B,2003-04-02,R/R,,Loyola Marymount University,West Coast Conference,0,0,150000,0,No,,False,4YR SR,No,Yes,22.295890410958904,121,E,L,R
2025,14,430,San Diego Padres,Clay Edmondson,554,P,2003-06-24,R/R,,UNC Asheville,Big South,0,0,100000,0,No,,False,4YR SR,No,Yes,22.068493150684933,124,E,L,R
2025,14,431,Philadelphia Phillies,Jonathan Gonzalez,1563,P,2002-08-09,L/L,,Stetson,Atlantic Sun Conference,0,0,50000,0,No,,False,4YR GR,No,Yes,22.942465753424656,1132,E,L,R
2025,14,432,Cleveland Guardians,Anthony Silva,2359,SS,2003-07-17,R/R,,TCU,Big 12,0,0,150000,0,No,,False,4YR JR,No,Yes,22.005479452054793,1927,E,L,R
2025,14,433,New York Mets,James Smith IV,1469,OF,2003-06-27,R/R,,University of Memphis,American Athletic Conference,0,0,Unsigned,,No,,False,4YR JR,No,No,22.06027397260274,1036,E,L,R
2025,14,434,New York Yankees,Brennan Stuprich,827,P,2001-11-09,R/R,,Southeastern Louisiana University,Southland,0,0,150000,0,No,,False,4YR GR,No,Yes,23.69041095890411,393,E,M,R
2025,14,435,Los Angeles Dodgers,Davis Chastain,2360,P,2004-06-23,R/R,,Georgia,Southeastern Conference,0,0,147500,0,No,,False,4YR JR,No,Yes,21.068493150684933,1925,E,K,R
2025,15,436,Chicago White Sox,Caedmon Parker,555,P,2003-06-03,R/R,,TCU,Big 12,0,0,150000,0,No,,False,4YR JR,No,Yes,22.126027397260273,119,E,L,R
2025,15,437,Colorado Rockies,Dylan Crooks,1162,P,2003-03-03,R/R,,Oklahoma,Southeastern Conference,0,0,175000,25000,No,0.34615384615384615,False,4YR SR,No,Yes,22.378082191780823,725,E,L,R
2025,15,438,Miami Marlins,Josh Hogue,1607,OF,2004-01-01,L/R,,NC State,Atlantic Coast Conference,0,0,150000,0,No,,False,4YR JR,No,Yes,21.545205479452054,1169,E,K,R
2025,15,439,Los Angeles Angels,Mikey Cascino,1908,P,2007-01-09,R/R,,A3 Academy (FL),,0,0,165000,15000,No,0.2692307692307692,True,HS SR,No,Yes,18.52054794520548,1469,E,H,R
2025,15,440,Oakland Athletics,Diego Rosa,1123,C,2006-11-12,R/R,,International Baseball Academy (PR),,0,0,125000,0,No,,True,HS SR,No,Yes,18.67945205479452,683,E,H,R
2025,15,441,Washington Nationals,Jacob Walsh,264,1B,2003-03-11,L/L,,Oregon,Big Ten,0,0,150000,0,No,,False,4YR SR,No,Yes,22.356164383561644,-177,E,L,O
2025,15,442,Toronto Blue Jays,Jake Casey,358,OF,2003-04-17,L/R,,Kent State,Mid-American Conference,0,0,150000,0,No,,False,4YR SR,No,Yes,22.254794520547946,-84,E,L,O
2025,15,443,Pittsburgh Pirates,McLane Moody,225,P,2006-09-05,R/R,,Northside Senior HS (AR),,0,0,463100,313100,No,2.562307692307692,True,HS SR,No,Yes,18.865753424657534,-218,E,H,O
2025,15,444,Cincinnati Reds,Andrew Shaffner,590,P,2002-12-31,R/R,,NC State,Atlantic Coast Conference,0,0,240000,90000,No,0.8461538461538461,False,4YR JR,No,Yes,22.54794520547945,146,E,L,R
2025,15,445,Texas Rangers,Luke Hanson,1784,SS,2003-08-26,R/R,,Virginia,Atlantic Coast Conference,0,0,150000,0,No,,False,4YR JR,No,Yes,21.895890410958906,1339,E,K,R
2025,15,446,San Francisco Giants,Damian Bravo,301,3B,2003-09-08,R/R,,Texas Tech,Big 12,0,0,150000,0,No,,False,4YR JR,No,Yes,21.86027397260274,-145,E,K,O
2025,15,447,Tampa Bay Rays,Alex Wallace,718,P,2004-04-13,R/R,,McLennan CC (TX),,0,0,150000,0,No,,False,JC J2,Yes,Yes,21.263013698630136,271,E,K,R
2025,15,448,Boston Red Sox,Skylar King,2150,OF,2003-11-21,L/L,,West Virginia,Big 12,0,0,150000,0,No,,False,4YR JR,No,Yes,21.65753424657534,1702,E,K,R
2025,15,449,Minnesota Twins,Reed Moring,2027,P,2004-07-26,R/R,,UC Santa Barbara,Big West,0,0,100000,0,No,,False,4YR JR,No,Yes,20.97808219178082,1578,E,J,R
2025,15,450,St. Louis Cardinals,Trevor Haskins,518,SS,2003-03-16,R/R,,Stanford,Atlantic Coast Conference,0,0,100000,0,No,,False,4YR SR,No,Yes,22.34246575342466,68,E,L,R
2025,15,451,Chicago Cubs,Noah Edders,485,P,2003-06-06,R/R,,Troy University,Sun Belt,0,0,100000,0,No,,False,4YR SR,No,Yes,22.117808219178084,34,E,L,Q
2025,15,452,Seattle Mariners,Brayden Corn,2361,OF,2003-08-10,R/R,,Western Carolina,SoCon,0,0,150000,0,No,,False,4YR JR,No,Yes,21.93972602739726,1909,E,K,R
2025,15,453,Arizona Diamondbacks,Hayden Murphy,325,P,2003-08-10,R/R,,Auburn,Southeastern Conference,0,0,150000,0,No,,False,4YR JR,No,Yes,21.93972602739726,-128,E,K,O
2025,15,454,Baltimore Orioles,KK Clark,2362,P,2004-08-24,R/R,,Pearl River CC (MS),,0,0,150000,0,No,,False,JC J2,Yes,Yes,20.898630136986302,1908,E,J,R
2025,15,455,Milwaukee Brewers,Dominic Cadiz,2363,3B,2006-11-21,R/R,,Notre Dame HS (CA),,0,0,Unsigned,,No,,True,HS SR,No,No,18.654794520547945,1908,E,H,R
2025,15,456,Houston Astros,DJ Newman,559,P,2003-08-17,R/R,,Bowling Green,Mid-American Conference,0,0,202500,52500,No,0.5576923076923077,False,4YR JR,No,Yes,21.92054794520548,103,E,K,R
2025,15,457,Atlanta Braves,Dallas Macias,568,OF,2003-10-28,L/R,,Oregon State,DI Independent,0,0,150000,0,No,,False,4YR JR,No,Yes,21.723287671232878,111,E,K,R
2025,15,458,Kansas City Royals,Connor Rasmussen,1026,SS,2004-03-01,L/R,,Tulane,American Athletic Conference,0,0,150000,0,No,,False,4YR JR,No,Yes,21.38082191780822,568,E,K,R
2025,15,459,Detroit Tigers,Charlie Christensen,2364,P,2003-10-13,R/R,,Central Ark.,Atlantic Sun Conference,0,0,150000,0,No,,False,4YR JR,No,Yes,21.764383561643836,1905,E,K,R
2025,15,460,San Diego Padres,Ryan Reed,2090,P,2003-12-26,L/L,,Pittsburgh,Atlantic Coast Conference,0,0,150000,0,No,,False,4YR JR,No,Yes,21.561643835616437,1630,E,K,R
2025,15,461,Philadelphia Phillies,Jacob Pruitt,420,P,2003-08-14,R/R,,Mississippi State,Southeastern Conference,0,0,150000,0,No,,False,4YR JR,No,Yes,21.92876712328767,-41,E,K,P
2025,15,462,Cleveland Guardians,Evan Chrest,396,P,2004-01-05,R/R,,Florida State,Atlantic Coast Conference,0,0,150000,0,No,,False,4YR JR,No,Yes,21.534246575342465,-66,E,K,O
2025,15,463,New York Mets,Conner Ware,329,P,2003-08-25,L/L,,LSU,Southeastern Conference,0,0,150000,0,No,,False,4YR JR,No,Yes,21.898630136986302,-134,E,K,O
2025,15,464,New York Yankees,Jack Cebert,1374,P,2002-04-01,R/R,,Texas Tech,Big 12,0,0,150000,0,No,,False,4YR SR,No,Yes,23.2986301369863,910,E,M,R
2025,15,465,Los Angeles Dodgers,Matt Lanzendorfer,1845,P,2001-11-22,L/L,,Virginia,Atlantic Coast Conference,0,0,147500,0,No,,False,4YR GR,No,Yes,23.654794520547945,1380,E,M,R
2025,16,466,Chicago White Sox,Kaleb Freeman,410,C,2002-11-11,S/R,,Georgia State,Sun Belt,0,0,150000,0,No,,False,4YR SR,No,Yes,22.684931506849313,-56,F,L,O
2025,16,467,Colorado Rockies,Seth Clausen,2140,P,2003-03-08,R/R,,Minnesota,Big Ten,0,0,50000,0,No,,False,4YR SR,No,Yes,22.364383561643837,1673,F,L,R
2025,16,468,Miami Marlins,RJ Shunck,2365,P,2003-12-31,R/L,,Toledo,Mid-American Conference,0,0,100000,0,No,,False,4YR JR,No,Yes,21.54794520547945,1897,F,K,R
2025,16,469,Los Angeles Angels,Gage Harrelson,653,OF,2004-04-27,L/L,,Florida State,Atlantic Coast Conference,0,0,150000,0,No,,False,4YR JR,No,Yes,21.224657534246575,184,F,K,R
2025,16,470,Oakland Athletics,Jackson Phipps,376,P,2001-10-01,L/L,,Jacksonville State,Conference USA,0,0,100000,0,No,,False,4YR 5S,No,Yes,23.797260273972604,-94,F,M,O
2025,16,471,Washington Nationals,Levi Huesman,1748,P,2003-08-10,R/L,,Vanderbilt,Southeastern Conference,0,0,150000,0,No,,False,4YR JR,No,Yes,21.93972602739726,1277,F,K,R
2025,16,472,Toronto Blue Jays,Jaxson West,1498,C,2003-08-08,L/R,,Florida State,Atlantic Coast Conference,0,0,150000,0,No,,False,4YR JR,No,Yes,21.945205479452056,1026,F,K,R
2025,16,473,Pittsburgh Pirates,Eddie King Jr.,580,OF,2003-01-07,R/R,,Louisville,Atlantic Coast Conference,0,0,125000,0,No,,False,4YR SR,No,Yes,22.528767123287672,107,F,L,R
2025,16,474,Cincinnati Reds,Maison Martinez,1805,P,2003-11-01,R/R,,Florida State,Atlantic Coast Conference,0,0,147500,0,No,,False,4YR JR,No,Yes,21.71232876712329,1331,F,K,R
2025,16,475,Texas Rangers,Jaxon Grossman,1492,P,2004-03-25,R/R,,Salt Lake CC (UT),,0,0,Unsigned,,No,,False,JC J2,Yes,No,21.315068493150687,1017,F,K,R
2025,16,476,San Francisco Giants,Garrett Langrell,2366,P,2001-05-05,R/R,,Creighton,Big East,0,0,50000,0,No,,False,4YR GR,No,Yes,24.205479452054796,1890,F,M,R
2025,16,477,Tampa Bay Rays,Riley Stanford,2051,OF,2003-06-14,R/R,,Georgia Tech,Atlantic Coast Conference,0,0,150000,0,No,,False,4YR JR,No,Yes,22.095890410958905,1574,F,L,R
2025,16,478,Boston Red Sox,Jason Gilman,2367,P,2003-04-26,L/L,,Kean,New Jersey Athletic Conference,0,0,150000,0,No,,False,4YR GR,No,Yes,22.23013698630137,1889,F,L,R
2025,16,479,Minnesota Twins,Jonathan Stevens,2368,P,2004-06-24,R/R,,Alabama,Southeastern Conference,0,0,172400,22400,No,0.3261538461538461,False,4YR SO,No,Yes,21.065753424657533,1889,F,K,R
2025,16,480,St. Louis Cardinals,Alex Breckheimer,549,P,2003-09-12,R/R,,Kansas,Big 12,0,0,200000,50000,No,0.5384615384615384,False,4YR JR,No,Yes,21.84931506849315,69,F,K,R
2025,16,481,Chicago Cubs,Riely Hunsaker,2369,P,2003-03-24,R/R,,Lamar,Southland,0,0,45000,0,No,,False,4YR SR,No,Yes,22.32054794520548,1888,F,L,R
2025,16,482,Seattle Mariners,Casey Hintz,565,P,2003-11-04,R/R,,Arizona,Big 12,0,0,150000,0,No,,False,4YR JR,No,Yes,21.704109589041096,83,F,K,R
2025,16,483,Arizona Diamondbacks,Collin Rothermel,1008,P,2002-08-28,R/R,,Jacksonville University,Atlantic Sun Conference,0,0,100000,0,No,,False,4YR SR,No,Yes,22.89041095890411,525,F,L,R
2025,16,484,Baltimore Orioles,Denton Biller,1109,P,2004-12-08,R/R,,Johnson County CC (KS),,0,0,151000,1000,No,0.16153846153846155,False,JC J1,Yes,Yes,20.60821917808219,625,F,J,R
2025,16,485,Milwaukee Brewers,Parker Coil,434,P,2004-01-06,R/L,,Arkansas,Southeastern Conference,0,0,Unsigned,,No,,False,4YR JR,No,No,21.53150684931507,-51,F,K,O
2025,16,486,Houston Astros,Chase Call,950,OF,2002-05-18,R/R,,University of California - Irvine,Big West,0,0,20000,0,No,,False,4YR SR,No,Yes,23.16986301369863,464,F,M,R
2025,16,487,Atlanta Braves,Nico Wagner,1956,P,2005-08-26,R/R,,West Valley College (CA),,0,0,150000,0,No,,False,JC J2,Yes,Yes,19.893150684931506,1469,F,I,R
2025,16,488,Kansas City Royals,Randy Ramnarace,2016,P,2004-09-27,L/R,,University of New Haven,Northeast 10,0,0,150000,0,No,,False,4YR JR,No,Yes,20.805479452054794,1528,F,J,R
2025,16,489,Detroit Tigers,Joe Ruzicka,1540,P,2003-12-14,R/R,,Belmont University,Missouri Valley Conference,0,0,150000,0,No,,False,4YR SR,No,Yes,21.594520547945205,1051,F,K,R
2025,16,490,San Diego Padres,Cardell Thibodeaux,624,OF,2003-12-18,L/L,,Southern,Southwestern Athletic Conference,0,0,150000,0,No,,False,4YR JR,No,Yes,21.583561643835615,134,F,K,R
2025,16,491,Philadelphia Phillies,Logan Dawson,360,SS,2006-06-15,L/R,,Eastern HS (NJ),,0,0,242500,92500,No,0.8653846153846154,True,HS SR,No,Yes,19.09041095890411,-131,F,I,O
2025,16,492,Cleveland Guardians,Luke Fernandez,168,P,2004-03-12,R/R,,Wallace State CC (AL),,0,0,100000,0,No,,False,JC J3,Yes,Yes,21.350684931506848,-324,F,K,O
2025,16,493,New York Mets,Zack Mack,2331,P,2002-10-18,R/R,,Loyola Marymount University,West Coast Conference,0,0,150000,0,No,,False,4YR SR,No,Yes,22.75068493150685,1838,F,L,R
2025,16,494,New York Yankees,Jackson Lovich,596,SS,2003-11-18,R/R,,Missouri,Southeastern Conference,0,0,150000,0,No,,False,4YR JR,No,Yes,21.665753424657535,102,F,K,R
2025,16,495,Los Angeles Dodgers,AJ Soldra,697,OF,2004-04-02,L/L,,Seton Hall,Big East,0,0,147500,0,No,,False,4YR SO,No,Yes,21.293150684931508,202,F,K,R
2025,17,496,Chicago White Sox,Derek Cerda,1111,OF,2003-02-10,R/R,,Kansas,Big 12,0,0,150000,0,No,,False,4YR JR,No,Yes,22.435616438356163,615,F,L,R
2025,17,497,Colorado Rockies,Derrick Smith,488,P,2003-12-01,R/R,,NC State,Atlantic Coast Conference,0,0,100000,0,No,,False,4YR JR,No,Yes,21.63013698630137,-9,F,K,P
2025,17,498,Miami Marlins,Xavier Cardenas III,2319,P,2003-06-12,R/R,,San Diego State,Mountain West,0,0,100000,0,No,,False,4YR JR,No,Yes,22.101369863013698,1821,F,L,R
2025,17,499,Los Angeles Angels,Cole Raymond,421,P,2006-09-22,L/R,,Avon Old Farms School (CT),,0,0,150000,0,No,,True,HS SR,No,Yes,18.81917808219178,-78,F,H,O
2025,17,500,Oakland Athletics,Jared Davis,1474,SS,2004-03-26,R/R,,Virginia Tech,Atlantic Coast Conference,0,0,100000,0,No,,False,4YR JR,No,Yes,21.312328767123287,974,F,K,R
2025,17,501,Washington Nationals,Bryce Molinaro,605,3B,2003-11-26,R/R,,Penn State,Big Ten,0,0,Unsigned,,No,,False,4YR JR,No,No,21.643835616438356,104,F,K,R
2025,17,502,Toronto Blue Jays,Jordan Rich,1587,OF,2007-06-18,L/L,,American Heritage School (FL),,0,0,150000,0,No,,True,HS SR,No,Yes,18.08219178082192,1085,F,H,R
2025,17,503,Pittsburgh Pirates,Carter Gwost,2370,OF,2007-02-16,L/L,,Little Falls HS (MN),,0,0,497500,347500,No,2.826923076923077,True,HS SR,No,Yes,18.416438356164385,1867,F,H,R
2025,17,504,Cincinnati Reds,Dylan King,1171,P,2002-06-24,R/R,,Troy University,Sun Belt,0,0,150000,0,No,,False,4YR SR,No,Yes,23.068493150684933,667,F,M,R
2025,17,505,Texas Rangers,Noah Franklin,284,C,2006-09-12,R/R,,TNXL Academy (FL),,0,0,275000,125000,No,1.1153846153846154,True,HS SR,No,Yes,18.846575342465755,-221,F,H,O
2025,17,506,San Francisco Giants,Luke Mensik,1791,P,2007-07-30,R/R,,Lincoln-Way Central HS (IL),,0,0,482500,332500,No,2.7115384615384617,True,HS SR,No,Yes,17.96712328767123,1285,F,G,R
2025,17,507,Tampa Bay Rays,Brody Donay,477,C,2003-09-29,R/R,,Florida,Southeastern Conference,0,0,150000,0,No,,False,4YR JR,No,Yes,21.802739726027397,-30,F,K,P
2025,17,508,Boston Red Sox,Patrick Galle,1988,P,2004-04-05,R/R,,Ole Miss,Southeastern Conference,0,0,150000,0,No,,False,4YR SO,No,Yes,21.284931506849315,1480,F,K,R
2025,17,509,Minnesota Twins,JP Smith,1624,3B,2004-10-31,R/R,,Sacramento State,Western Athletic Conference,0,0,75000,0,No,,False,4YR JR,No,Yes,20.71232876712329,1115,F,J,R
2025,17,510,St. Louis Cardinals,Cameron Nickens,636,OF,2003-07-11,R/R,,Austin Peay,Atlantic Sun Conference,0,0,50000,0,No,,False,4YR SR,No,Yes,22.02191780821918,126,F,L,R
2025,17,511,Chicago Cubs,Logan Poteet,1760,C,2003-11-12,R/R,,UNC Charlotte,American Athletic Conference,0,0,180000,30000,No,0.38461538461538464,False,4YR JR,No,Yes,21.682191780821917,1249,F,K,R
2025,17,512,Seattle Mariners,Anthony Karoly,2371,P,2004-03-17,R/R,,Nova Southeastern,Sunshine State,0,0,50000,0,No,,False,4YR JR,No,Yes,21.336986301369862,1859,F,K,R
2025,17,513,Arizona Diamondbacks,Joel Sarver,2372,P,2001-12-04,R/R,,UNC Charlotte,American Athletic Conference,0,0,75000,0,No,,False,4YR 5S,No,Yes,23.621917808219177,1859,F,M,R
2025,17,514,Baltimore Orioles,Braeden Sloan,339,P,2003-07-10,L/L,,TCU,Big 12,0,0,150000,0,No,,False,4YR JR,No,Yes,22.024657534246575,-175,F,L,O
2025,17,515,Milwaukee Brewers,Luke Roupe,533,P,2006-08-18,R/R,,Grace Christian School (NC),,0,0,225000,75000,No,0.7307692307692307,True,HS SR,No,Yes,18.915068493150685,18,F,H,Q
2025,17,516,Houston Astros,Grayson Saunier,1299,P,2004-04-24,L/R,,Texas,Southeastern Conference,0,0,150000,0,No,,False,4YR JR,No,Yes,21.232876712328768,783,F,K,R
2025,17,517,Atlanta Braves,Brody Fowler,2373,P,2003-10-09,R/R,,North Greenville University,Conference Carolinas,0,0,150000,0,No,,False,4YR JR,No,Yes,21.775342465753425,1856,F,K,R
2025,17,518,Kansas City Royals,Luke Nowak,1793,OF,2002-12-25,L/L,,UIC,Missouri Valley Conference,0,0,100000,0,No,,False,4YR SR,No,Yes,22.564383561643837,1275,F,L,R
2025,17,519,Detroit Tigers,Joey Wimpelberg,1548,P,2005-03-24,R/R,,Central Florida (FL),,0,0,197500,47500,No,0.5192307692307693,False,JC J2,Yes,Yes,20.317808219178083,1029,F,J,R
2025,17,520,San Diego Padres,Tyler Schmitt,2268,P,2004-08-10,R/R,,Illinois,Big Ten,0,0,150000,0,No,,False,4YR JR,No,Yes,20.936986301369863,1748,F,J,R
2025,17,521,Philadelphia Phillies,Richie Cortese,2041,P,2003-04-22,L/R,,Lander University,Peach Belt,0,0,150000,0,No,,False,4YR SR,No,Yes,22.24109589041096,1520,F,L,R
2025,17,522,Cleveland Guardians,Cannon Peebles,612,C,2004-01-16,S/R,,Tennessee,Southeastern Conference,0,0,150000,0,No,,False,4YR JR,No,Yes,21.504109589041096,90,F,K,R
2025,17,523,New York Mets,Sam Robertson,2374,SS,2004-07-17,R/R,,Northwest Shoals CC (AL),,0,0,150000,0,No,,False,JC J2,Yes,Yes,21.002739726027396,1851,F,K,R
2025,17,524,New York Yankees,Ryan Osinski,2087,P,2003-08-11,R/R,,Virginia,Atlantic Coast Conference,0,0,150000,0,No,,False,4YR JR,No,Yes,21.936986301369863,1563,F,K,R
2025,17,525,Los Angeles Dodgers,Sam Horn,128,P,2003-08-21,R/R,,Missouri,Southeastern Conference,0,0,497500,347500,No,2.826923076923077,False,4YR JR,No,Yes,21.90958904109589,-397,F,K,O
2025,18,526,Chicago White Sox,Landen Payne,1732,P,2003-05-17,R/R,,Southern Mississippi,Sun Belt,0,0,150000,0,No,,False,4YR SR,No,Yes,22.172602739726027,1206,F,L,R
2025,18,527,Colorado Rockies,Tyrelle Chadwick,2274,P,2003-06-22,R/R,,Illinois State,Missouri Valley Conference,0,0,125000,0,No,,False,4YR JR,No,Yes,22.073972602739726,1747,F,L,R
2025,18,528,Miami Marlins,Hayden Cutherbertson,2375,P,2004-01-19,L/L,,Miami (OH),Mid-American Conference,0,0,100000,0,No,,False,4YR JR,No,Yes,21.495890410958904,1847,F,K,R
2025,18,529,Los Angeles Angels,Angelo Smith,646,P,2004-04-23,R/R,,UCF,Big 12,0,0,150000,0,No,,False,4YR JR,No,Yes,21.235616438356164,117,F,K,R
2025,18,530,Oakland Athletics,Jay Dill,1499,P,2002-11-19,R/R,,Troy University,Sun Belt,0,0,100000,0,No,,False,4YR SR,No,Yes,22.663013698630138,969,F,L,R
2025,18,531,Washington Nationals,Owen Puk,1977,P,2002-10-27,R/R,,Florida International,Conference USA,0,0,150000,0,No,,False,4YR SR,No,Yes,22.726027397260275,1446,F,L,R
2025,18,532,Toronto Blue Jays,Will Cresswell,2299,C,2003-08-18,R/R,,Washington State,Mountain West,0,0,100000,0,No,,False,4YR SR,No,Yes,21.91780821917808,1767,F,K,R
2025,18,533,Pittsburgh Pirates,Canon Reeder,903,OF,2003-04-23,R/R,,Oregon State,DI Independent,0,0,150000,0,No,,False,4YR JR,No,Yes,22.23835616438356,370,F,L,R
2025,18,534,Cincinnati Reds,Ethan Moore,158,SS,2006-10-11,S/R,Tennessee,Oak Park and River Forest HS (IL),,0,0,Unsigned,,No,,True,HS SR,No,No,18.767123287671232,-376,F,H,O
2025,18,535,Texas Rangers,Julius Sanchez,1634,P,2003-10-19,R/R,,Illinois,Big Ten,0,0,150000,0,No,,False,4YR JR,No,Yes,21.747945205479454,1099,F,K,R
2025,18,536,San Francisco Giants,Cooper McGrath,1036,P,2001-05-25,R/R,,Northeastern,Colonial Athletic Association,0,0,10000,0,No,,False,4YR GR,No,Yes,24.15068493150685,500,F,M,R
2025,18,537,Tampa Bay Rays,Brayden Jones,820,P,2004-07-02,R/R,,Ole Miss,Southeastern Conference,0,0,75000,0,No,,False,4YR GR,No,Yes,21.043835616438358,283,F,K,R
2025,18,538,Boston Red Sox,Cade Fisher,635,P,2003-09-04,L/L,,Auburn,Southeastern Conference,0,0,150000,0,No,,False,4YR JR,No,Yes,21.87123287671233,97,F,K,R
2025,18,539,Minnesota Twins,Matthew Dalquist,2376,P,2003-02-25,S/R,,UC San Diego,Big West,0,0,150000,0,No,,False,4YR SR,No,Yes,22.394520547945206,1837,F,L,R
2025,18,540,St. Louis Cardinals,Dylan Driessen,1163,P,2004-09-17,R/R,,South Dakota State,Summit League,0,0,125000,0,No,,False,4YR JR,No,Yes,20.832876712328765,623,F,J,R
2025,18,541,Chicago Cubs,Connor Knox,1021,P,2004-06-29,L/R,,George Mason,Atlantic 10,0,0,140000,0,No,,False,4YR JR,No,Yes,21.052054794520547,480,F,K,R
2025,18,542,Seattle Mariners,Griffin Stieg,328,P,2004-01-08,R/R,,Virginia Tech,Atlantic Coast Conference,0,0,Unsigned,,No,,False,4YR JR,No,No,21.526027397260275,-214,F,K,O
2025,18,543,Arizona Diamondbacks,Raul Garayzar,2019,P,2003-05-09,R/R,,Arizona,Big 12,0,0,100000,0,No,,False,4YR SR,No,Yes,22.194520547945206,1476,F,L,R
2025,18,544,Baltimore Orioles,Cole Johnson,475,OF,2006-12-21,L/L,,Oconee County HS (GA),,0,0,Unsigned,,No,,True,HS SR,No,No,18.572602739726026,-69,F,H,O
2025,18,545,Milwaukee Brewers,Rylan Mills,2377,C,2006-06-28,R/R,,Oran HS (MO),,0,0,247500,97500,No,0.9038461538461539,True,HS SR,No,Yes,19.054794520547944,1832,F,I,R
2025,18,546,Houston Astros,Landon Arroyos,2378,SS,2007-04-24,R/R,,Grayson HS (GA),,0,0,252500,102500,No,0.9423076923076923,True,HS SR,No,Yes,18.232876712328768,1832,F,H,R
2025,18,547,Atlanta Braves,Aiven Cabral,461,P,2003-10-08,R/R,,Northeastern,Colonial Athletic Association,0,0,100000,0,No,,False,4YR JR,No,Yes,21.778082191780822,-86,F,K,O
2025,18,548,Kansas City Royals,Grayson Boles,375,P,2006-09-18,R/R,,St. Augustine HS (CA),,0,0,500000,350000,No,2.8461538461538463,True,HS SR,No,Yes,18.83013698630137,-173,F,H,O
2025,18,549,Detroit Tigers,Ethan Rogers,322,P,2007-03-19,L/L,,Lone Jack HS (MO),,0,0,Unsigned,,No,,True,HS SR,No,No,18.33150684931507,-227,F,H,O
2025,18,550,San Diego Padres,Landry Jurecka,2379,P,2003-01-21,R/R,,Queens (NC),Atlantic Sun Conference,0,0,75000,0,No,,False,4YR SR,No,Yes,22.49041095890411,1829,F,L,R
2025,18,551,Philadelphia Phillies,Matthew Potok,1860,P,2003-06-02,R/R,,Coastal Carolina,Sun Belt,0,0,150000,0,No,,False,4YR SR,No,Yes,22.12876712328767,1309,F,L,R
2025,18,552,Cleveland Guardians,Zane Petty,2335,P,2003-12-19,R/R,,Texas Tech,Big 12,0,0,100000,0,No,,False,4YR JR,No,Yes,21.58082191780822,1783,F,K,R
2025,18,553,New York Mets,Dillon Stiltner,561,P,2006-12-22,R/R,,Trinity Christian School (GA),,0,0,222690,72690,No,0.713,True,HS SR,No,Yes,18.56986301369863,8,F,H,Q
2025,18,554,New York Yankees,Justin West,1650,P,2003-09-19,R/L,,Louisville,Atlantic Coast Conference,0,0,150000,0,No,,False,4YR JR,No,Yes,21.83013698630137,1096,F,K,R
2025,18,555,Los Angeles Dodgers,Finn Edwards,1248,P,2005-08-30,R/R,,Iowa Western CC (IA),,0,0,Unsigned,,No,,False,JC J1,Yes,No,19.882191780821916,693,F,I,R
2025,19,556,Chicago White Sox,Nicholas Weyrich,1939,P,2003-03-11,R/R,,Marshall,Sun Belt,0,0,10000,0,No,,False,4YR SR,No,Yes,22.356164383561644,1383,F,L,R
2025,19,557,Colorado Rockies,Easton Marks,1187,P,2003-11-15,R/R,,Florida International,Conference USA,0,0,150000,0,No,,False,4YR JR,No,Yes,21.673972602739727,630,F,K,R
2025,19,558,Miami Marlins,Peyton Fosher,2000,P,2003-04-30,R/R,,Nevada,Mountain West,0,0,100000,0,No,,False,4YR SR,No,Yes,22.21917808219178,1442,F,L,R
2025,19,559,Los Angeles Angels,Ivan Tatis,2380,SS,2006-04-23,R/R,,Georgia Premier Academy (GA),,0,0,100000,0,No,,True,HS SR,No,Yes,19.235616438356164,1821,F,I,R
2025,19,560,Oakland Athletics,Itsuki Takemoto,1355,P,2004-04-09,L/R,,Hawaii,Big West,0,0,125000,0,No,,False,4YR SO,No,Yes,21.273972602739725,795,F,K,R
2025,19,561,Washington Nationals,Mason Pike,78,SS,2006-08-28,S/R,,Puyallup HS (WA),,0,0,Unsigned,,No,,True,HS SR,No,No,18.887671232876713,-483,F,H,O
2025,19,562,Toronto Blue Jays,Luke Kovach,1788,P,2003-03-24,L/L,,Cal Poly,Big West,0,0,150000,0,No,,False,4YR SR,No,Yes,22.32054794520548,1226,F,L,R
2025,19,563,Pittsburgh Pirates,Brandon Cain,651,OF,2004-08-30,R/R,,Oklahoma,Southeastern Conference,0,0,100000,0,No,,False,4YR JR,No,Yes,20.882191780821916,88,F,J,R
2025,19,564,Cincinnati Reds,Myles Upchurch,166,P,2006-11-28,R/R,,St. Albans HS (DC),,0,0,Unsigned,,No,,True,HS SR,No,No,18.635616438356163,-398,F,H,O
2025,19,565,Texas Rangers,Cory Geinzer,2381,P,2006-07-02,R/R,,Col Of Central Florida (FL),,0,0,225000,75000,No,0.7307692307692307,False,JC J1,Yes,Yes,19.043835616438358,1816,F,I,R
2025,19,566,San Francisco Giants,Braydon Risley,2393,P,2005-03-30,L/L,,Grayson College (TX),,0,0,100000,0,No,,False,JC J2,Yes,Yes,20.301369863013697,1827,F,J,R
2025,19,567,Tampa Bay Rays,Blake Morgan,785,P,2003-06-21,L/L,,Old Dominion,Sun Belt,0,0,50000,0,No,,False,4YR SR,No,Yes,22.076712328767123,218,F,L,R
2025,19,568,Boston Red Sox,Fabian Bonilla,1244,OF,2007-07-09,R/R,,Christian Military Academy (PR),,0,0,150000,0,No,,True,HS SR,No,Yes,18.024657534246575,676,F,H,R
2025,19,569,Minnesota Twins,Matthew Becker,1853,P,2003-01-14,R/L,,South Carolina,Southeastern Conference,0,0,25000,0,No,,False,4YR SR,No,Yes,22.50958904109589,1284,F,L,R
2025,19,570,St. Louis Cardinals,Liam Best,1749,P,2003-08-06,R/R,,Appalachian State,Sun Belt,0,0,100000,0,No,,False,4YR SR,No,Yes,21.95068493150685,1179,F,K,R
2025,19,571,Chicago Cubs,Caleb Barnett,333,3B,2006-09-19,R/R,,Mountain Brook HS (AL),,0,0,Unsigned,,No,,True,HS SR,No,No,18.827397260273973,-238,F,H,O
2025,19,572,Seattle Mariners,Cameron Appenzeller,58,P,2007-01-18,L/L,,Glenwood HS (IL),,0,0,Unsigned,,No,,True,HS SR,No,No,18.495890410958904,-514,F,H,O
2025,19,573,Arizona Diamondbacks,Jacob Parker,102,OF,2006-08-08,L/R,,Purvis HS (MS),,0,0,Unsigned,,No,,True,HS SR,No,No,18.942465753424656,-471,F,H,O
2025,19,574,Baltimore Orioles,Jimmy Anderson,2382,SS,2005-09-07,R/R,,Heartland CC (IL),,0,0,Unsigned,,No,,False,JC J1,Yes,No,19.86027397260274,1808,F,I,R
2025,19,575,Milwaukee Brewers,Chase Bentley,949,P,2007-05-10,R/R,,IMG Academy (FL),,0,0,757500,607500,No,4.826923076923077,True,HS SR,No,Yes,18.18904109589041,374,F,H,R
2025,19,576,Houston Astros,Joey McLaughlin,1544,OF,2007-07-12,L/L,,Harrah HS (OK),,0,0,Unsigned,,No,,True,HS SR,No,No,18.016438356164382,968,F,H,R
2025,19,577,Atlanta Braves,Ryan Heppner,2383,P,2004-11-25,R/R,,U British Columbia (BC),NAIA,0,0,100000,0,No,,False,4YR JR,No,Yes,20.643835616438356,1806,F,J,R
2025,19,578,Kansas City Royals,Dylan Wood,523,P,2006-12-28,R/R,,Franklin HS (CA),,0,0,Unsigned,,No,,True,HS SR,No,No,18.553424657534247,-55,F,H,O
2025,19,579,Detroit Tigers,Meridian Leffew,2384,SS,2007-02-19,R/R,,Gaston Christian School (NC),,0,0,164500,14500,No,0.2653846153846154,True,HS SR,No,Yes,18.40821917808219,1805,F,H,R
2025,19,580,San Diego Padres,Jonathan Vastine,1570,SS,2002-10-17,L/R,,Vanderbilt,Southeastern Conference,0,0,50000,0,No,,False,4YR SR,No,Yes,22.753424657534246,990,F,L,R
2025,19,581,Philadelphia Phillies,Robert Phelps,2062,SS,2004-01-30,R/R,,Reinhardt University,NAIA,0,0,75000,0,No,,False,4YR JR,No,Yes,21.465753424657535,1481,F,K,R
2025,19,582,Cleveland Guardians,Derek Munoz,2385,P,2007-09-21,R/R,,Miami Christain School (FL),,0,0,Unsigned,,No,,True,HS SR,No,No,17.82191780821918,1803,F,G,R
2025,19,583,New York Mets,Joe Scarborough,1541,P,2004-04-18,L/R,,Jacksonville State,Conference USA,0,0,150000,0,No,,False,4YR JR,No,Yes,21.24931506849315,958,F,K,R
2025,19,584,New York Yankees,Hayden Morris,1314,P,2005-01-24,R/R,,Blinn College (TX),,0,0,Unsigned,,No,,False,JC J1,Yes,No,20.47945205479452,730,F,J,R
2025,19,585,Los Angeles Dodgers,Anson Aroz,608,C,2002-10-31,S/R,,Oregon,Big Ten,0,0,147500,0,No,,False,4YR SR,No,Yes,22.715068493150685,23,F,L,Q
2025,20,586,Chicago White Sox,Andrew Sentlinger,738,P,2003-10-13,L/L,,Virginia Tech,Atlantic Coast Conference,0,0,150000,0,No,,False,4YR JR,No,Yes,21.764383561643836,152,F,K,R
2025,20,587,Colorado Rockies,Ethan Cole,2386,P,2003-11-26,L/L,,Augustana (SD),Northern Sun Intercollegiate Conference,0,0,150000,0,No,,False,4YR JR,No,Yes,21.643835616438356,1799,F,K,R
2025,20,588,Miami Marlins,Cannon Pickell,902,P,2002-10-03,R/R,,Western Carolina,SoCon,0,0,5000,0,No,,False,4YR 5S,No,Yes,22.791780821917808,314,F,L,R
2025,20,589,Los Angeles Angels,Sam Tookoian,2118,P,2003-05-25,L/R,,Ole Miss,Southeastern Conference,0,0,50000,0,No,,False,4YR JR,No,Yes,22.15068493150685,1529,F,L,R
2025,20,590,Oakland Athletics,Kade Brown,589,P,2004-04-28,R/R,,Sacramento State,Western Athletic Conference,0,0,125000,0,No,,False,4YR JR,No,Yes,21.221917808219178,-1,F,K,P
2025,20,591,Washington Nationals,Juan Cruz,465,1B,2004-09-09,R/R,,Alabama State University,Southwestern Athletic Conference,0,0,150000,0,No,,False,4YR JR,No,Yes,20.854794520547944,-126,F,J,O
2025,20,592,Toronto Blue Jays,Ty Peeples,241,OF,2006-10-17,L/R,,Franklin County HS (GA),,0,0,Unsigned,,No,,True,HS SR,No,No,18.75068493150685,-351,F,H,O
2025,20,593,Pittsburgh Pirates,Nick Frusco,407,P,2007-05-09,L/L,,Miller Place HS (NY),,0,0,Unsigned,,No,,True,HS SR,No,No,18.19178082191781,-186,F,H,O
2025,20,594,Cincinnati Reds,Leamsi Montanez,1745,C,2006-12-28,L/R,,Leadership Christian Academy (PR),,0,0,Unsigned,,No,,True,HS SR,No,No,18.553424657534247,1151,F,H,R
2025,20,595,Texas Rangers,Jay McQueen,464,OF,2006-10-12,R/L,,Brandon HS (MS),,0,0,280000,130000,No,1.1538461538461537,True,HS SR,No,Yes,18.764383561643836,-131,F,H,O
2025,20,596,San Francisco Giants,Elijah McNeal,1207,SS,2007-02-23,R/R,,Dublin HS (CA),,0,0,Unsigned,,No,,True,HS SR,No,No,18.397260273972602,611,F,H,R
2025,20,597,Tampa Bay Rays,Ike Young,1344,SS,2007-07-23,R/R,,Monticello HS (IL),,0,0,Unsigned,,No,,True,HS SR,No,No,17.986301369863014,747,F,G,R
2025,20,598,Boston Red Sox,Garrison Sumner,2387,P,2004-01-27,R/R,,BYU,Big 12,0,0,Unsigned,,No,,False,4YR JR,No,No,21.473972602739725,1789,F,K,R
2025,20,599,Minnesota Twins,Michael Hilker,2388,P,2004-08-24,R/R,,Arizona,Big 12,0,0,125000,0,No,,False,4YR JR,No,Yes,20.898630136986302,1789,F,J,R
2025,20,600,St. Louis Cardinals,Chase Heath,2389,C,2003-07-14,R/R,,Central Mo.,Mid-America Intercollegiate,0,0,5000,0,No,,False,4YR SR,No,Yes,22.013698630136986,1789,F,L,R
2025,20,601,Chicago Cubs,Freddy Rodriguez,2390,P,2004-04-13,R/R,,Hawaii,Big West,0,0,50000,0,No,,False,4YR JR,No,Yes,21.263013698630136,1789,F,K,R
2025,20,602,Seattle Mariners,Estevan Moreno,1218,SS,2003-10-18,R/R,,Notre Dame,Atlantic Coast Conference,0,0,150000,0,No,,False,4YR JR,No,Yes,21.75068493150685,616,F,K,R
2025,20,603,Arizona Diamondbacks,Ethin Bingaman,154,P,2006-09-30,R/R,,Corona Senior HS (CA),,0,0,Unsigned,,No,,True,HS SR,No,No,18.797260273972604,-449,F,H,O
2025,20,604,Baltimore Orioles,Connor Gehr,2391,P,2006-02-01,L/R,,Meridian CC (MS),,0,0,230500,80500,No,0.7730769230769231,False,JC J1,Yes,Yes,19.457534246575342,1787,F,I,R
2025,20,605,Milwaukee Brewers,Ma'Kale Holden,405,P,2007-02-19,R/R,,Thompson HS (AL),,0,0,410000,260000,No,2.1538461538461537,True,HS SR,No,Yes,18.40821917808219,-200,F,H,O
2025,20,606,Houston Astros,Curtis Hebert,1052,SS,2003-08-22,R/R,,University of Portland,West Coast Conference,0,0,150000,0,No,,False,4YR JR,No,Yes,21.90684931506849,446,F,K,R
2025,20,607,Atlanta Braves,Hayden Friese,1310,OF,2004-08-16,L/R,,Western Carolina,SoCon,0,0,100000,0,No,,False,4YR JR,No,Yes,20.92054794520548,703,F,J,R
2025,20,608,Kansas City Royals,Kamden Edge,1669,P,2004-09-23,R/R,,Northern Oklahoma JC (OK),,0,0,150000,0,No,,False,JC J1,Yes,Yes,20.816438356164383,1061,F,J,R
2025,20,609,Detroit Tigers,Kameron Douglas,2392,OF,2004-07-03,R/R,,Alabama St.,Southwestern Athletic Conference,0,0,150000,0,No,,False,4YR JR,No,Yes,21.041095890410958,1783,F,K,R
2025,20,610,San Diego Padres,Luke Cantwell,1782,1B,2003-01-14,L/R,,Pittsburgh,Atlantic Coast Conference,0,0,50000,0,No,,False,4YR SR,No,Yes,22.50958904109589,1172,F,L,R
2025,20,611,Philadelphia Phillies,Landon Schaefer,131,SS,2006-08-24,R/R,Arkansas,Fayetteville Sr HS (AR),,0,0,Unsigned,,No,,True,HS SR,No,No,18.898630136986302,-480,F,H,O
2025,20,612,Cleveland Guardians,Vaughn Neckar,250,P,2006-12-26,R/R,,Vista Murrieta HS (CA),,0,0,Unsigned,,No,,True,HS SR,No,No,18.55890410958904,-362,F,H,O
2025,20,613,New York Mets,Garrett Stratton,1273,P,2003-08-01,R/R,,Rice,American Athletic Conference,0,0,150000,0,No,,False,4YR JR,No,Yes,21.964383561643835,660,F,K,R
2025,20,614,New York Yankees,Bryce Martin-Grudzielanek,855,SS,2003-06-04,R/R,,USC,Big Ten,0,0,150000,0,No,,False,4YR SR,No,Yes,22.123287671232877,241,F,L,R
2025,20,615,Los Angeles Dodgers,Shane Brinham,583,P,2007-08-13,R/L,,Handsworth SS (BC),,0,0,Unsigned,,No,,True,HS JR,No,No,17.92876712328767,-32,F,G,P
2025,1,1,Washington Nationals,Eli Willits,4,SS,2007-12-09,S/R,Oklahoma,Fort Cobb-Broxton HS (OK),,11075900,8200000,8200000,8200000,Yes,-0.2596538430285575,True,HS SR,No,Yes,17.605479452054794,3,S,G,Q
2025,1,2,Los Angeles Angels,Tyler Bremner,13,P,2004-04-20,R/R,,UC Santa Barbara,Big West,10252700,8883441.784121158,7689525,7689525,Yes,-0.25,False,4YR JR,No,Yes,21.243835616438357,11,S,K,Q
2025,1,3,Seattle Mariners,Kade Anderson,2,P,2004-07-06,L/L,,LSU,Southeastern Conference,9504400,9468854.30615573,8800000,8800000,Yes,-0.0741130423803712,False,4YR SO,No,Yes,21.03287671232877,-1,S,K,P
2025,1,4,Colorado Rockies,Ethan Holliday,1,SS,2007-02-23,L/R,Oklahoma St.,Stillwater HS (OK),,8770900,8852075.70551077,9000000,9000000,Yes,0.02612046654277212,True,HS SR,No,Yes,18.397260273972602,-3,S,H,P
2025,1,5,St. Louis Cardinals,Liam Doyle,7,P,2004-06-03,R/L,,Tennessee,Southeastern Conference,8134800,7048389.4218565645,7250000,7250000,Yes,-0.10876727147563554,False,4YR JR,No,Yes,21.123287671232877,2,S,K,Q
2025,1,6,Pittsburgh Pirates,Seth Hernandez,3,P,2006-06-28,R/R,Vanderbilt,Corona Senior HS (CA),,7558600,7250000,7250000,7250000,Yes,-0.04082766649908713,True,HS SR,No,Yes,19.054794520547944,-3,T,I,P
2025,1,7,Miami Marlins,Aiva Arquette,6,SS,2003-10-17,R/R,,Oregon State,DI Independent,7149900,7267138.493499048,7149900,7149900,Yes,0,False,4YR JR,No,Yes,21.753424657534246,-1,T,K,P
2025,1,8,Toronto Blue Jays,JoJo Parker,9,SS,2006-08-08,L/R,Mississippi St.,Purvis HS (MS),,6813600,5703456.155367847,6197500,6197500,Yes,-0.09042209698250557,True,HS SR,No,Yes,18.942465753424656,1,T,H,Q
2025,1,9,Cincinnati Reds,Steele Hall,12,SS,2007-07-24,R/R,Tennessee,Hewitt Trussville HS (AL),,6513800,5747500,5747500,5747500,Yes,-0.11764254352298198,True,HS SR,No,Yes,17.983561643835618,3,T,G,Q
2025,1,10,Chicago White Sox,Billy Carlson,8,SS,2006-07-29,R/R,Tennessee,Corona Senior HS (CA),,6238400,6302632.194171579,6235900,6235900,Yes,-0.0004007437804565273,True,HS SR,No,Yes,18.96986301369863,-2,T,H,P
2025,1,11,Oakland Athletics,Jamie Arnold,5,P,2004-03-21,L/L,,Florida State,Atlantic Coast Conference,5985100,5663605.025454613,5985100,5985100,Yes,0,False,4YR JR,No,Yes,21.326027397260273,-6,U,K,P
2025,1,12,Texas Rangers,Gavin Fien,20,3B,2007-03-08,R/R,Texas,Great Oak HS (CA),,5746800,5020863.248484385,4800000,4800000,Yes,-0.16475255794529128,True,HS SR,No,Yes,18.361643835616437,8,U,H,Q
2025,1,13,San Francisco Giants,Gavin Kilen,18,SS,2004-03-28,L/R,,Tennessee,Southeastern Conference,5524300,5144996.181154774,5247500,5247500,Yes,-0.05010589576959977,False,4YR JR,No,Yes,21.306849315068494,5,U,K,Q
2025,1,14,Tampa Bay Rays,Daniel Pierce,16,SS,2006-08-04,R/R,Georgia,Mill Creek HS (GA),,5313100,4641948.306104682,4310600,4310600,Yes,-0.1886845720953869,True,HS SR,No,Yes,18.953424657534246,2,U,H,Q
2025,1,15,Boston Red Sox,Kyson Witherspoon,10,P,2004-08-12,R/R,,Oklahoma,Southeastern Conference,5114200,5174399.146568494,5000000,5000000,Yes,-0.02232998318407571,False,4YR JR,No,Yes,20.931506849315067,-5,U,J,P
2025,1,16,Minnesota Twins,Marek Houston,22,SS,2004-04-14,R/R,,Wake Forest,Atlantic Coast Conference,4929600,4131783.7256578347,4497500,4497500,Yes,-0.08765417072379098,False,4YR JR,No,Yes,21.26027397260274,6,V,K,Q
2025,1,17,Chicago Cubs,Ethan Conrad,29,OF,2004-07-05,L/L,,Wake Forest,Atlantic Coast Conference,4750800,3981921.0734857274,3563100,3563100,Yes,-0.25,False,4YR JR,No,Yes,21.035616438356165,12,V,K,Q
2025,1,18,Arizona Diamondbacks,Kayson Cunningham,15,SS,2006-06-25,L/R,Texas,Lady Bird Johnson HS (TX),,4581900,4581900,4581900,4581900,Yes,0,True,HS SR,No,Yes,19.063013698630137,-3,V,I,P
2025,1,19,Baltimore Orioles,Ike Irish,11,C,2003-11-26,L/R,,Auburn,Southeastern Conference,4420900,4538480.251056931,4418400,4418400,Yes,-0.0005654957135424913,False,4YR JR,No,Yes,21.643835616438356,-8,V,K,P
2025,1,20,Milwaukee Brewers,Andrew Fischer,28,3B,2004-05-25,L/R,,Tennessee,Southeastern Conference,4268100,3577342.202101632,3500000,3500000,Yes,-0.17996298118600781,False,4YR JR,No,Yes,21.147945205479452,8,V,K,Q
2025,1,21,Houston Astros,Xavier Neyens,23,SS,2006-10-29,L/R,Oregon St.,Mt. Vernon HS (WA),,4122500,3888394.2134757396,4120000,4120000,Yes,-0.0006064281382656155,True,HS SR,No,Yes,18.71780821917808,2,A,H,Q
2025,1,22,Atlanta Braves,Tate Southisene,35,SS,2006-10-06,R/R,Southern California,Basic HS (NV),,3983900,3757664.9380390537,2622500,2622500,Yes,-0.34172544491578605,True,HS SR,No,Yes,18.78082191780822,13,A,H,Q
2025,1,23,Kansas City Royals,Sean Gamble,31,OF,2006-07-06,L/R,Vanderbilt,IMG Academy (FL),,3852100,3896317.52073922,3997500,3997500,Yes,0.0377456452324706,True,HS SR,No,Yes,19.03287671232877,8,A,I,Q
2025,1,24,Detroit Tigers,Jordan Yost,56,SS,2006-12-21,L/R,Florida,Sickles HS (FL),,3726300,3514693.3554092534,3247500,3247500,Yes,-0.12849206988165204,True,HS SR,No,Yes,18.572602739726026,32,A,H,Q
2025,1,25,San Diego Padres,Kruz Schoolcraft,24,P,2007-04-18,L/L,Tennessee,Sunset HS (OR),,3606600,4211451.939432944,3606600,3606600,Yes,0,True,HS SR,No,Yes,18.24931506849315,-1,A,H,P
2025,1,26,Philadelphia Phillies,Gage Wood,17,P,2003-12-15,R/R,,Arkansas,Southeastern Conference,3492200,3415938.9661420044,3000000,3000000,Yes,-0.14094267224099422,False,4YR JR,No,Yes,21.59178082191781,-9,A,K,P
2025,1,27,Cleveland Guardians,Jace LaViolette,21,OF,2003-12-04,L/L,,Texas A&M,Southeastern Conference,3382600,3308732.35979381,4000000,4000000,Yes,0.18252232010879205,False,4YR JR,No,Yes,21.621917808219177,-6,A,K,P
2025,1,28,Kansas City Royals,Josh Hammond,25,3B,2006-09-21,R/R,Wake Forest,Wesleyan Christian Academy (NC),,3282200,3832647.80003516,3197500,3197500,Yes,-0.025805861921881664,True,HS SR,No,Yes,18.82191780821918,-3,A,H,P
2025,1,29,Arizona Diamondbacks,Patrick Forbes,32,P,2004-07-11,R/R,,Louisville,Atlantic Coast Conference,3191100,2925773.054816725,3000000,3000000,Yes,-0.0598853060073329,False,4YR JR,No,Yes,21.019178082191782,3,A,K,Q
2025,1,30,Baltimore Orioles,Caden Bodine,27,C,2003-12-02,S/R,,Coastal Carolina,Sun Belt,3113300,3045313.2075167233,3110800,3110800,Yes,-0.0008030064561719076,False,4YR JR,No,Yes,21.627397260273973,-3,A,K,P
2025,1,31,Baltimore Orioles,Wehiwa Aloy,14,SS,2004-02-04,R/R,,Arkansas,Southeastern Conference,3042800,2976352.7536157407,3040300,3040300,Yes,-0.0008216116734586565,False,4YR JR,No,Yes,21.45205479452055,-17,A,K,P
2025,1,32,Milwaukee Brewers,Brady Ebel,70,SS,2007-07-25,L/R,LSU,Corona Senior HS (CA),,2970900,2701463.5431770193,2750000,2750000,Yes,-0.07435457268841092,True,HS SR,No,Yes,17.980821917808218,38,A,G,Q
2025,1,33,Boston Red Sox,Marcus Phillips,46,P,2004-07-26,R/R,,Tennessee,Southeastern Conference,2898300,2457437.1474533617,2500000,2500000,Yes,-0.1374253872960011,False,4YR JR,No,Yes,20.97808219178082,13,A,J,Q
2025,1,34,Detroit Tigers,Michael Oliveto,100,C,2007-02-03,L/R,Yale,Hauppauge HS (NY),,2827300,2412860.3243470606,2447500,2447500,Yes,-0.13433310932691966,True,HS SR,No,Yes,18.45205479452055,66,A,H,R
2025,1,35,Seattle Mariners,Luke Stevenson,30,C,2004-07-22,L/R,,North Carolina,Atlantic Coast Conference,2758300,2735369.3367110244,2800000,2800000,Yes,0.015118007468368198,False,4YR SO,No,Yes,20.98904109589041,-5,A,J,P
2025,1,36,Minnesota Twins,Riley Quick,36,P,2004-04-29,R/R,,Alabama,Southeastern Conference,2692000,2633213.360304185,2692000,2692000,Yes,0,False,4YR JR,No,Yes,21.21917808219178,0,A,K,P
2025,1,37,Baltimore Orioles,Slater de Brun,26,OF,2007-06-08,L/L,Vanderbilt,Summit HS (OR),,2631400,3072704.10730989,4000000,4000000,Yes,0.520103367028958,True,HS SR,No,Yes,18.10958904109589,-11,A,H,P
2025,1,38,New York Mets,Mitch Voit,76,P,2004-09-30,R/R,,Michigan,Big Ten,2569400,2178566.403293885,1750000,1750000,Yes,-0.3189071378531953,False,4YR JR,No,Yes,20.797260273972604,38,A,J,Q
2025,1,39,New York Yankees,Dax Kilby,48,SS,2006-11-17,L/R,Clemson,Newnan HS (GA),,2509500,2366992.1840430247,2797500,2797500,Yes,0.11476389719067544,True,HS SR,No,Yes,18.665753424657535,9,A,H,Q
2025,1,40,Los Angeles Dodgers,Zach Root,37,P,2004-02-06,L/L,,Arkansas,Southeastern Conference,2443600,2390237.8035807232,2197500,2197500,Yes,-0.10071206416762155,False,4YR JR,No,Yes,21.446575342465753,-3,A,K,P
2025,1,41,Los Angeles Dodgers,Charles Davalan,55,OF,2003-12-16,L/R,,Arkansas,Southeastern Conference,2386900,2188439.003648285,1997500,1997500,Yes,-0.16314047509321714,False,4YR SO,No,Yes,21.589041095890412,14,A,K,Q
2025,1,42,Tampa Bay Rays,Brendan Summerhill,19,OF,2003-11-13,L/R,,Arizona,Big 12,2331000,2280096.709832487,1997500,1997500,Yes,-0.14307164307164308,False,4YR JR,No,Yes,21.67945205479452,-23,A,K,P
2025,1,43,Miami Marlins,Cam Cannarella,33,OF,2003-09-06,L/R,,Clemson,Atlantic Coast Conference,2276700,2226982.4878917304,2277425,2277425,Yes,0.00031844336100496335,False,4YR JR,No,Yes,21.865753424657534,-10,A,K,P
2025,2,44,Chicago White Sox,Jaden Fauske,42,C,2006-11-21,L/R,LSU,Nazareth Academy (IL),,2223600,3695126.80896603,2997500,2997500,Yes,0.3480392156862745,True,HS SR,No,Yes,18.654794520547945,-2,B,H,P
2025,2,45,Colorado Rockies,JB Middleton,44,P,2003-11-24,R/R,,Southern Mississippi,Sun Belt,2171900,2360142.503979008,2071900,2071900,Yes,-0.0460426354804549,False,4YR JR,No,Yes,21.649315068493152,-1,B,K,P
2025,2,46,Miami Marlins,Brandon Compton,45,OF,2003-10-27,L/L,,Arizona State,Big 12,2128800,2313306.948971183,2000000,2000000,Yes,-0.06050357008643367,False,4YR JR,No,Yes,21.726027397260275,-1,B,K,P
2025,2,47,Los Angeles Angels,Chase Shores,75,P,2004-05-21,R/R,,LSU,Southeastern Conference,2079700,1947466.7609563335,2077200,2077200,Yes,-0.001202096456219647,False,4YR JR,No,Yes,21.15890410958904,28,B,K,Q
2025,2,48,Oakland Athletics,Devin Taylor,34,OF,2004-01-06,L/R,,Indiana,Big Ten,2031500,2207573.7818653504,2500000,2500000,Yes,0.23061777012060053,False,4YR JR,No,Yes,21.53150684931507,-14,B,K,P
2025,2,49,Washington Nationals,Ethan Petry,57,OF,2004-06-17,R/R,,South Carolina,Southeastern Conference,1984200,1858038.922483799,2090000,2090000,Yes,0.05332123777844975,False,4YR JR,No,Yes,21.084931506849315,8,B,K,Q
2025,2,50,Pittsburgh Pirates,Angel Cervantes,54,P,2007-08-21,R/R,UCLA,Warren HS (CA),,1934700,2931836.7797747646,Unsigned,1934700,Yes,,True,HS SR,No,No,17.90684931506849,4,B,G,Q
2025,2,51,Cincinnati Reds,Aaron Watson,43,P,2007-01-05,R/R,Florida,Trinity Christian Academy (FL),,1891200,3142752.2131303092,2750000,2750000,Yes,0.4541032148900169,True,HS SR,No,Yes,18.53150684931507,-8,B,H,P
2025,2,52,Texas Rangers,AJ Russell,47,P,2004-06-29,R/R,,Tennessee,Southeastern Conference,1846700,2006756.8313909639,2600000,2600000,Yes,0.40791682460605405,False,4YR JR,No,Yes,21.052054794520547,-5,B,K,P
2025,2,53,Tampa Bay Rays,Cooper Flemming,67,SS,2006-08-05,L/R,Vanderbilt,Ganesha HS (CA),,1803500,2700213.677518708,2297500,2297500,Yes,0.2739118380925977,True,HS SR,No,Yes,18.95068493150685,14,B,H,Q
2025,2,54,Minnesota Twins,Quentin Young,41,SS,2007-03-02,R/R,LSU,Oaks Christian HS (CA),,1761600,2927385.9447178263,1761600,1761600,Yes,0,True,HS SR,No,Yes,18.378082191780823,-13,B,H,P
2025,2,55,St. Louis Cardinals,Ryan Mitchell,50,SS,2007-01-21,L/R,Georgia Tech,Houston HS (TN),,1720300,2858754.5644289716,2250000,2250000,Yes,0.30791141080044176,True,HS SR,No,Yes,18.487671232876714,-5,B,H,P
2025,2,56,Chicago Cubs,Kane Kepley,68,OF,2004-02-14,L/L,,North Carolina,Atlantic Coast Conference,1680000,1573180.8233911816,1400000,1400000,Yes,-0.16666666666666666,False,4YR SO,No,Yes,21.424657534246574,12,B,K,Q
2025,2,57,Seattle Mariners,Nick Becker,49,SS,2006-12-04,R/R,Virginia,Don Bosco Prep HS (NJ),,1636800,2719996.2047650646,2750000,2750000,Yes,0.6801075268817204,True,HS SR,No,Yes,18.61917808219178,-8,B,H,P
2025,2,58,Baltimore Orioles,Joseph Dzierwa,62,P,2004-04-21,R/L,,Michigan State,Big Ten,1598100,1496488.2582508614,1497500,1497500,Yes,-0.06294975283148739,False,4YR JR,No,Yes,21.24109589041096,4,B,K,Q
2025,2,59,Milwaukee Brewers,J.D. Thompson,64,P,2003-09-28,R/L,,Vanderbilt,Southeastern Conference,1560200,1460998.0480088817,1560200,1560200,Yes,0,False,4YR JR,No,Yes,21.805479452054794,5,B,K,Q
2025,2,60,Atlanta Braves,Alex Lodise,38,SS,2004-03-10,R/R,,Florida State,Atlantic Coast Conference,1523200,1655218.5008797941,1297500,1297500,Yes,-0.1481748949579832,False,4YR JR,No,Yes,21.356164383561644,-22,B,K,P
2025,2,61,Kansas City Royals,Michael Lombardi,77,P,2003-09-20,R/R,,Tulane,American Athletic Conference,1486700,1392171.3869855176,1297500,1297500,Yes,-0.12726172058922447,False,4YR JR,No,Yes,21.827397260273973,16,B,K,Q
2025,2,62,Detroit Tigers,Malachi Witherspoon,87,P,2004-08-12,R/R,,Oklahoma,Southeastern Conference,1451200,1487025.952291824,1448700,1448700,Yes,-0.0017227122381477398,False,4YR JR,No,Yes,20.931506849315067,25,B,J,Q
2025,2,63,Philadelphia Phillies,Cade Obermueller,88,P,2003-07-28,L/L,,Iowa,Big Ten,1416600,1326528.5442952071,1197500,1197500,Yes,-0.15466610193420866,False,4YR JR,No,Yes,21.975342465753425,25,B,K,Q
2025,2,64,Cleveland Guardians,Dean Curley,52,SS,2004-04-15,R/R,,Tennessee,Southeastern Conference,1382300,1502106.4428611735,1733905,1733905,Yes,0.254362294726181,False,4YR SO,No,Yes,21.257534246575343,-12,B,K,P
2025,2,65,Los Angeles Dodgers,Cam Leiter,92,P,2004-01-28,R/R,,Florida State,Atlantic Coast Conference,1349100,1263320.3862125257,1346600,1346600,Yes,-0.0018530872433474169,False,4YR JR,No,Yes,21.471232876712328,27,B,K,Q
2025,2,66,Cleveland Guardians,Aaron Walton,127,OF,2004-05-14,R/R,,Arizona,Big 12,1320400,1158905.518468415,1100000,1100000,Yes,-0.16691911541956983,False,4YR JR,No,Yes,21.17808219178082,61,B,K,R
2025,2,67,Tampa Bay Rays,Dean Moss,73,OF,2006-04-17,L/R,LSU,IMG Academy (FL),,1285400,1681195.4163235058,2097500,2097500,Yes,0.6317877703438618,True,HS SR,No,Yes,19.252054794520546,6,B,I,Q
2025,2,68,Milwaukee Brewers,Frank Cairone,132,P,2007-09-14,R/L,Coastal Carolina,Delsea Reg HS (NJ),,1254400,999486.0856640142,1097500,1097500,Yes,-0.1250797193877551,True,HS SR,No,Yes,17.84109589041096,64,B,G,R
2025,2,69,Baltimore Orioles,JT Quinn,118,P,2004-04-22,R/R,,Georgia,Southeastern Conference,1223800,1145987.3164679334,1147500,1147500,Yes,-0.06234678869096258,False,4YR JR,No,Yes,21.23835616438356,49,B,K,Q
2025,2,70,Cleveland Guardians,Will Hynes,183,P,2007-07-07,R/R,Wake Forest,Lorne Park SS (ON),,1193500,1623401.7785565308,950000,950000,Yes,-0.20402178466694595,True,HS SR,No,Yes,18.03013698630137,113,B,H,R
2025,2,71,Kansas City Royals,Justin Lamkin,116,P,2004-06-01,R/L,,Texas A&M,Southeastern Conference,1163700,1089708.6453454273,1161200,1161200,Yes,-0.0021483200137492483,False,4YR JR,No,Yes,21.12876712328767,45,B,K,Q
2025,2,72,St. Louis Cardinals,Tanner Franklin,110,P,2004-05-25,R/R,,Tennessee,Southeastern Conference,1145900,1073040.419954735,1145900,1145900,Yes,0,False,4YR JR,No,Yes,21.147945205479452,38,B,K,Q
2025,2,73,Pittsburgh Pirates,Murf Gray,115,3B,2003-12-30,R/R,,Fresno State,Mountain West,1128400,1056653.1197110768,997500,997500,Yes,-0.11600496277915633,False,4YR JR,No,Yes,21.55068493150685,42,B,K,Q
2025,2,74,Colorado Rockies,Max Belyeu,60,OF,2003-12-15,L/R,,Texas,Southeastern Conference,1111000,1207292.3808281587,1111000,1111000,Yes,0,False,4YR JR,No,Yes,21.59178082191781,-14,B,K,P
2025,2,75,Boston Red Sox,Henry Godbout,79,2B,2003-11-06,R/R,,Virginia,Atlantic Coast Conference,1093800,1024253.0860864728,1093800,1093800,Yes,0,False,4YR JR,No,Yes,21.698630136986303,4,B,K,Q
2025,3,76,Chicago White Sox,Kyle Lodise,66,SS,2003-10-17,R/R,,Georgia Tech,Atlantic Coast Conference,1076800,1170128.204928678,922500,922500,Yes,-0.14329494799405645,False,4YR JR,No,Yes,21.753424657534246,-10,B,K,P
2025,3,77,Colorado Rockies,Ethan Hedges,171,3B,2004-04-19,R/R,,USC,Big Ten,1060300,930617.6319539989,950000,950000,Yes,-0.1040271621239272,False,4YR JR,No,Yes,21.246575342465754,94,B,K,R
2025,3,78,Miami Marlins,Max Williams,90,OF,2004-08-18,L/L,,Florida State,Atlantic Coast Conference,1043700,1069465.9498394271,897500,897500,Yes,-0.14007856663792279,False,4YR JR,No,Yes,20.915068493150685,12,B,J,Q
2025,3,79,Los Angeles Angels,Johnny Slawinski,69,P,2007-02-26,L/L,Texas A&M,Lyndon B. Johnson HS (TX),,1027200,1706977.0903804218,2497500,2497500,Yes,1.4313668224299065,True,HS SR,No,Yes,18.389041095890413,-10,B,H,P
2025,3,80,Washington Nationals,Landon Harmon,65,P,2006-09-09,R/R,Mississippi St.,East Union Attendance Center HS (MS),,1010600,1679391.5961238847,2500000,2500000,Yes,1.4737779536908766,True,HS SR,No,Yes,18.854794520547944,-15,B,H,P
2025,3,81,Toronto Blue Jays,Jake Cook,101,P,2003-07-13,L/L,,Southern Mississippi,Sun Belt,993900,850600.8853908972,922500,922500,Yes,-0.07183821309990945,False,4YR JR,No,Yes,22.016438356164382,20,B,L,Q
2025,3,82,Pittsburgh Pirates,Easton Carmichael,80,C,2003-11-03,R/R,,Oklahoma,Southeastern Conference,979500,1064395.0378228456,977000,977000,Yes,-0.002552322613578356,False,4YR JR,No,Yes,21.706849315068492,-2,B,K,P
2025,3,83,Cincinnati Reds,Mason Morris,106,P,2003-08-21,R/R,,Ole Miss,Southeastern Conference,964800,903455.2728617928,897500,897500,Yes,-0.06975538971807628,False,4YR JR,No,Yes,21.90958904109589,23,B,K,Q
2025,3,84,Texas Rangers,Josh Owens,72,SS,2007-01-08,L/R,Ga. Southern,Providence Academy (TN),,950100,1578854.1019961436,1100000,1100000,Yes,0.15777286601410379,True,HS SR,No,Yes,18.523287671232875,-12,B,H,P
2025,3,85,San Francisco Giants,Trevor Cohen,389,OF,2003-10-29,L/L,,Rutgers,Big Ten,935300,820906.0371277707,847500,847500,Yes,-0.09387362343633059,False,4YR JR,No,Yes,21.720547945205478,304,B,K,R
2025,3,86,Tampa Bay Rays,Taitn Gray,71,C,2007-08-16,S/R,Oregon,Dallas Center Grimes HS (IA),,920800,1459658.3319792503,918300,918300,Yes,-0.0027150304083405734,True,HS SR,No,Yes,17.92054794520548,-15,B,G,P
2025,3,87,Boston Red Sox,Anthony Eyanson,39,P,2004-10-09,R/R,,LSU,Southeastern Conference,907200,1187168.801565025,1750000,1750000,Yes,0.9290123456790124,False,4YR JR,No,Yes,20.77260273972603,-48,B,J,P
2025,3,88,Minnesota Twins,James Ellwanger,85,P,2004-05-15,R/R,,Dallas Baptist,Conference USA,893000,970397.9262642176,1000000,1000000,Yes,0.11982082866741321,False,4YR SO,No,Yes,21.175342465753424,-3,B,K,P
2025,3,89,St. Louis Cardinals,Jack Gurevitch,137,1B,2004-03-09,L/R,,University of San Diego,West Coast Conference,879000,823110.6808100289,879000,879000,Yes,0,False,4YR SO,No,Yes,21.35890410958904,48,B,K,Q
2025,3,90,Chicago Cubs,Dominick Reid,258,P,2003-11-28,R/R,,Abilene Christian,Western Athletic Conference,865500,759643.0825768048,649125,649125,Yes,-0.25,False,4YR JR,No,Yes,21.638356164383563,168,B,K,R
2025,3,91,Seattle Mariners,Griffin Hugus,141,P,2004-02-25,L/R,,Miami,Atlantic Coast Conference,851800,797640.1341456003,640000,640000,Yes,-0.24864991782108475,False,4YR JR,No,Yes,21.394520547945206,50,B,K,Q
2025,3,92,Arizona Diamondbacks,Brian Curley,140,P,2003-06-01,R/R,,Georgia,Southeastern Conference,839100,718119.7333046603,700000,700000,Yes,-0.16577285186509355,False,4YR JR,No,Yes,22.13150684931507,48,B,L,Q
2025,3,93,Baltimore Orioles,RJ Austin,117,OF,2003-12-18,R/R,,Vanderbilt,Southeastern Conference,826400,773855.1383633765,823900,823900,Yes,-0.003025169409486931,False,4YR JR,No,Yes,21.583561643835615,24,B,K,Q
2025,3,94,Milwaukee Brewers,Jacob Morrison,157,P,2003-09-13,R/R,,Coastal Carolina,Sun Belt,813600,714090.8284049548,697500,697500,Yes,-0.1426991150442478,False,4YR JR,No,Yes,21.846575342465755,63,B,K,R
2025,3,95,Houston Astros,Ethan Frey,211,OF,2004-03-15,R/R,,LSU,Southeastern Conference,803900,705577.2086464395,997500,997500,Yes,0.2408259733797736,False,4YR JR,No,Yes,21.34246575342466,116,B,K,R
2025,3,96,Atlanta Braves,Cody Miller,462,SS,2004-07-01,R/R,,East Tennessee State,SoCon,796000,698643.4358534218,297500,297500,Yes,-0.6262562814070352,False,4YR JR,No,Yes,21.046575342465754,366,B,K,R
2025,3,97,Kansas City Royals,Cameron Millar,145,P,2007-05-05,R/R,Arizona,Alhambra HS (CA),,788500,1180548.0924444145,1497500,1497500,Yes,0.8991756499682942,True,HS SR,No,Yes,18.202739726027396,48,B,H,Q
2025,3,98,Detroit Tigers,Ben Jacobs,103,P,2004-06-11,L/L,,Arizona State,Big 12,780600,730967.2325828312,722500,722500,Yes,-0.07442992569818088,False,4YR JR,No,Yes,21.101369863013698,5,B,K,Q
2025,3,99,San Diego Padres,Ryan Wideman,122,OF,2003-11-04,R/R,,Western Kentucky,Conference USA,773100,723944.1039069777,650000,650000,Yes,-0.15922907773897296,False,4YR JR,No,Yes,21.704109589041096,23,B,K,Q
2025,3,100,Philadelphia Phillies,Cody Bowker,184,P,2003-12-18,R/R,,Vanderbilt,Southeastern Conference,765400,671786.0374399611,700000,700000,Yes,-0.08544551868304155,False,4YR JR,No,Yes,21.583561643835615,84,B,K,R
2025,3,101,Cleveland Guardians,Nolan Schubart,95,OF,2004-05-10,L/R,,Oklahoma St.,Big 12,759400,825218.5724580592,730000,730000,Yes,-0.03871477482222808,False,4YR JR,No,Yes,21.18904109589041,-6,B,K,P
2025,3,102,New York Mets,Antonio Jimenez,221,SS,2004-06-15,R/R,,Central Florida,Big 12,752000,660024.9544745894,564000,564000,Yes,-0.25,False,4YR SO,No,Yes,21.09041095890411,119,B,K,R
2025,3,103,New York Yankees,Kaeden Kent,208,SS,2003-08-29,L/R,,Texas A&M,Southeastern Conference,744400,653354.4895091548,741900,741900,Yes,-0.0033584094572810318,False,4YR JR,No,Yes,21.887671232876713,105,B,K,R
2025,3,104,Los Angeles Dodgers,Landyn Vidourek,256,OF,2003-11-06,L/R,,Cincinnati,Big 12,737000,646859.5630954421,552750,552750,Yes,-0.25,False,4YR JR,No,Yes,21.698630136986303,152,B,K,R
2025,3,105,Los Angeles Angels,Nate Snead,136,P,2004-03-16,R/R,,Tennessee,Southeastern Conference,729600,683209.9575870275,597500,597500,Yes,-0.18105811403508773,False,4YR JR,No,Yes,21.339726027397262,31,B,K,Q
2025,4,106,Chicago White Sox,Landon Hodge,167,C,2007-02-18,L/R,LSU,Crespi Carmelite HS (CA),,722600,1256115.3978115544,1097500,1097500,Yes,0.518820924439524,True,HS SR,No,Yes,18.410958904109588,61,C,H,R
2025,4,107,Colorado Rockies,Riley Kelly,181,P,2004-04-21,R/R,,University of California - Irvine,Big West,715400,642626.4379203774,700000,700000,Yes,-0.021526418786692758,False,4YR JR,No,Yes,21.24109589041096,74,C,K,R
2025,4,108,Miami Marlins,Drew Faurot,180,2B,2003-10-09,S/R,,Florida State,Atlantic Coast Conference,708300,636248.6804291351,531225,531225,Yes,-0.25,False,4YR JR,No,Yes,21.775342465753425,72,C,K,R
2025,4,109,Los Angeles Angels,Jake Munroe,232,3B,2003-09-14,R/R,,Louisville,Atlantic Coast Conference,701300,629960.7505081921,597500,597500,Yes,-0.1480108370169685,False,4YR JR,No,Yes,21.843835616438355,123,C,K,R
2025,4,110,Oakland Athletics,Gavin Turley,86,OF,2003-11-12,R/R,,Oregon State,DI Independent,694600,709632.6834367602,600000,600000,Yes,-0.1361934926576447,False,4YR JR,No,Yes,21.682191780821917,-24,C,K,P
2025,4,111,Washington Nationals,Miguel Sime,89,P,2007-05-08,R/R,LSU,Poly Prep Country Day School (NY),,687800,1467727.021248899,2000000,2000000,Yes,1.907822041291073,True,HS SR,No,Yes,18.194520547945206,-22,C,H,P
2025,4,112,Toronto Blue Jays,Micah Bucknam,163,P,2003-08-26,R/R,,Dallas Baptist,Conference USA,680800,611546.0985968589,678300,678300,Yes,-0.003672150411280846,False,4YR JR,No,Yes,21.895890410958906,51,C,K,R
2025,4,113,Pittsburgh Pirates,Gustavo Melendez,120,SS,2007-10-20,L/R,Wake Forest,Colegio Nuestra Señora de la Merced (PR),,674300,943596.4671953858,671800,671800,Yes,-0.0037075485688862525,True,HS SR,No,Yes,17.742465753424657,7,C,G,Q
2025,4,114,Cincinnati Reds,Mason Neville,40,OF,2004-01-13,L/L,,Oregon,Big Ten,667700,904834.1686529286,697500,697500,Yes,0.0446308222255504,False,4YR JR,No,Yes,21.512328767123286,-74,C,K,O
2025,4,115,Texas Rangers,Mason McConnaughey,377,P,2004-04-27,R/R,,Nebraska,Big Ten,661100,593850.0672479193,495825,495825,Yes,-0.25,False,4YR JR,No,Yes,21.224657534246575,262,C,K,R
2025,4,116,San Francisco Giants,Lorenzo Meola,170,SS,2003-12-17,R/R,,Stetson,Atlantic Sun Conference,654700,588101.1027487714,652200,652200,Yes,-0.0038185428440507103,False,4YR JR,No,Yes,21.586301369863012,54,C,K,R
2025,4,117,Tampa Bay Rays,Dominic Fritton,334,P,2003-04-01,L/L,,NC State,Atlantic Coast Conference,648400,411000.9529217456,497500,497500,Yes,-0.23272671190623073,False,4YR JR,No,Yes,22.2986301369863,217,C,L,R
2025,4,118,Boston Red Sox,Mason White,164,SS,2003-09-21,L/R,,Arizona,Big 12,642200,664751.1284023854,642200,642200,Yes,0,False,4YR JR,No,Yes,21.824657534246576,46,C,K,Q
2025,4,119,Minnesota Twins,Jason Reitz,204,P,2004-07-23,R/R,,Oregon,Big Ten,635700,596554.5982642326,633200,633200,Yes,-0.003932672644329086,False,4YR JR,No,Yes,20.986301369863014,85,C,J,R
2025,4,120,St. Louis Cardinals,Cade Crossland,202,P,2004-02-01,R/L,,Oklahoma,Southeastern Conference,629500,565464.5550333764,729500,729500,Yes,0.15885623510722796,False,4YR JR,No,Yes,21.46027397260274,82,C,K,R
2025,4,121,Chicago Cubs,Kaleb Wing,123,P,2007-01-12,R/R,LMU (CA),Scotts Valley HS (CA),,623300,1121240.3432140795,1500000,1500000,Yes,1.4065458045884807,True,HS SR,No,Yes,18.512328767123286,2,C,H,Q
2025,4,122,Seattle Mariners,Mason Peters,210,P,2003-12-18,L/L,,Dallas Baptist,Conference USA,617200,554415.7638865766,550000,550000,Yes,-0.10887880751782242,False,4YR JR,No,Yes,21.583561643835615,88,C,K,R
2025,4,123,Arizona Diamondbacks,Dean Livingston,119,P,2006-09-07,R/R,Georgia,Hebron Christian Academy (GA),,611300,1304480.267649683,1000000,1000000,Yes,0.6358580075249468,True,HS SR,No,Yes,18.86027397260274,-4,C,H,P
2025,4,124,Baltimore Orioles,Colin Yeaman,112,3B,2004-04-15,R/R,,University of California - Irvine,Big West,605300,618400.0335218413,602800,602800,Yes,-0.004130183380142078,False,4YR JR,No,Yes,21.257534246575343,-12,C,K,P
2025,4,125,Milwaukee Brewers,Josh Flores,313,P,2007-06-14,R/R,Kentucky,Lake Central HS (IN),,599600,1042301.1244503293,722500,722500,Yes,0.20496997998665778,True,HS SR,No,Yes,18.09315068493151,188,C,H,R
2025,4,126,Houston Astros,Nick Monistere,363,2B,2004-01-27,R/R,,Southern Mississippi,Sun Belt,594500,534024.9054286614,397500,397500,Yes,-0.3313708999158957,False,4YR JR,No,Yes,21.473972602739725,237,C,K,R
2025,4,127,Atlanta Braves,Briggs McKenzie,59,P,2006-10-11,L/L,LSU,Corinth Holders HS (NC),,588900,2365318.024569439,2997500,2997500,Yes,4.089998301918832,True,HS SR,No,Yes,18.767123287671232,-68,C,H,O
2025,4,128,Kansas City Royals,Nolan Sailors,409,OF,2003-07-04,L/R,,Creighton,Big East,582900,369482.5037910017,147500,147500,Yes,-0.746954880768571,False,4YR SR,No,Yes,22.041095890410958,281,C,L,R
2025,4,129,Detroit Tigers,Caleb Leys,402,P,2003-07-08,R/L,,University of Maine,America East,577400,365996.22180292394,574900,574900,Yes,-0.004329754069968826,False,4YR SR,No,Yes,22.03013698630137,273,C,L,R
2025,4,130,San Diego Padres,Michael Salina,309,P,2004-01-30,R/R,,St. Bonaventure,Atlantic 10,571500,513364.56425984856,571500,571500,Yes,0,False,4YR JR,No,Yes,21.465753424657535,179,C,K,R
2025,4,131,Philadelphia Phillies,Sean Youngerman,192,P,2004-07-09,R/R,,Oklahoma State,Big 12,567000,509322.3235963852,564500,564500,Yes,-0.004409171075837742,False,4YR JR,No,Yes,21.024657534246575,61,C,K,R
2025,4,132,Cleveland Guardians,Luke Hill,98,SS,2004-04-09,R/R,,Ole Miss,Southeastern Conference,561400,573549.9402266012,722600,722600,Yes,0.2871392946205914,False,4YR JR,No,Yes,21.273972602739725,-34,C,K,P
2025,4,133,New York Mets,Peter Kussow,455,P,2006-12-08,R/R,,Arrowhead Union HS (WI),,555800,966162.3832046248,897500,897500,Yes,0.6147894926232458,True,HS SR,No,Yes,18.60821917808219,322,C,H,R
2025,4,134,New York Yankees,Pico Kohn,148,P,2002-10-02,L/L,,Mississippi State,Southeastern Conference,550300,423262.0956636109,547800,547800,Yes,-0.004542976558240959,False,4YR SR,No,Yes,22.794520547945204,14,C,L,Q
2025,4,135,Los Angeles Dodgers,Aidan West,129,SS,2007-04-24,L/R,NC State,Long Reach HS (MD),,544900,1162786.3534145465,1272500,1272500,Yes,1.3352908790603781,True,HS SR,No,Yes,18.232876712328768,-6,C,H,P
2025,4,136,Atlanta Braves,Dixon Williams,366,2B,2003-12-19,L/R,,East Carolina,American Athletic Conference,539700,484799.39690470736,497500,497500,Yes,-0.07819158791921438,False,4YR JR,No,Yes,21.58082191780822,230,C,K,R
2025,5,137,Chicago White Sox,Gabe Davis,153,P,2003-10-21,R/R,,Oklahoma State,Big 12,534400,553165.6851732089,587500,587500,Yes,0.09936377245508982,False,4YR JR,No,Yes,21.742465753424657,16,C,K,Q
2025,5,138,Colorado Rockies,Cam Nelson,890,OF,2004-05-27,L/L,,Wake Forest,Atlantic Coast Conference,529100,475277.67445299367,600000,600000,Yes,0.134001134001134,False,4YR SO,No,Yes,21.14246575342466,752,C,K,R
2025,5,139,Miami Marlins,Chris Arroyo,209,OF,2004-09-17,L/L,,Virginia,Atlantic Coast Conference,523900,491639.06564516516,521400,521400,Yes,-0.00477190303493033,False,4YR JR,No,Yes,20.832876712328765,70,C,J,R
2025,5,140,Los Angeles Angels,CJ Gray,149,P,2007-01-25,R/R,NC State,A.L. Brown HS (NC),,519100,933797.3081380213,1247500,1247500,Yes,1.4031978424195723,True,HS SR,No,Yes,18.476712328767125,9,C,H,Q
2025,5,141,Oakland Athletics,Zane Taylor,197,P,2002-06-01,R/R,,UNC Wilmington,Colonial Athletic Association,513900,145410.70352396092,513900,513900,Yes,0,False,4YR SR,No,Yes,23.13150684931507,56,C,M,R
2025,5,142,Washington Nationals,Coy James,63,SS,2007-02-16,R/R,Ole Miss,Davie HS (NC),,508900,2043997.8650082992,2500000,2500000,Yes,3.9125564943996856,True,HS SR,No,Yes,18.416438356164385,-79,C,H,O
2025,5,143,Toronto Blue Jays,Tim Piasentin,107,3B,2007-03-25,L/R,Miami (FL),Foothills Composite HS (AB),,503800,1075081.2348141833,747500,747500,Yes,0.48372369988090513,True,HS SR,No,Yes,18.315068493150687,-36,C,H,P
2025,5,144,Pittsburgh Pirates,Adonys Guzman,332,C,2003-12-04,R/R,,Arizona,Big 12,499000,448239.57579293865,496500,496500,Yes,-0.00501002004008016,False,4YR JR,No,Yes,21.621917808219177,188,C,K,R
2025,5,145,Cincinnati Reds,Eli Pitts,249,OF,2006-11-22,R/R,South Fla.,North Atlanta HS (GA),,493900,858559.9155537318,572500,572500,Yes,0.15914152662482284,True,HS SR,No,Yes,18.65205479452055,104,C,H,R
2025,5,146,Texas Rangers,Ben Abeldt,240,P,2003-12-01,R/L,,TCU,Big 12,489200,439436.4739036184,450000,450000,Yes,-0.08013082583810302,False,4YR JR,No,Yes,21.63013698630137,94,C,K,R
2025,5,147,Tampa Bay Rays,James Quinn-Irons,99,OF,2003-06-28,R/R,,George Mason,Atlantic 10,484400,442809.3980720418,481900,481900,Yes,-0.005161023947151115,False,4YR JR,No,Yes,22.057534246575344,-48,C,L,P
2025,5,148,Boston Red Sox,Christian Foutch,291,P,2003-12-16,R/R,,Arkansas,Southeastern Conference,479800,430992.6822954949,400000,400000,Yes,-0.16631929970821174,False,4YR JR,No,Yes,21.589041095890412,143,C,K,R
2025,5,149,Minnesota Twins,Matt Barr,174,P,2006-01-16,R/R,Tennessee,Niagara County CC (NY),,475000,811894.6837966407,762500,762500,Yes,0.6052631578947368,False,JC J1,Yes,Yes,19.5013698630137,25,C,I,Q
2025,5,150,St. Louis Cardinals,Ethan Young,340,P,2004-02-03,R/R,,East Carolina,American Athletic Conference,470100,422279.40797647386,630000,630000,Yes,0.34014039566049775,False,4YR JR,No,Yes,21.454794520547946,190,C,K,R
2025,5,151,Chicago Cubs,Kade Snell,303,OF,2002-07-29,L/L,,Alabama,Southeastern Conference,465400,295002.84313661384,200000,200000,Yes,-0.5702621400945423,False,4YR GR,No,Yes,22.972602739726028,152,C,L,R
2025,5,152,Seattle Mariners,Korbyn Dickerson,84,OF,2003-10-30,R/R,,Indiana,Big Ten,461100,624860.0197182348,461100,461100,Yes,0,False,4YR JR,No,Yes,21.71780821917808,-68,C,K,O
2025,5,153,Arizona Diamondbacks,Nathan Hall,286,OF,2003-09-17,R/R,,South Carolina,Southeastern Conference,456400,409973.03084548534,456400,456400,Yes,0,False,4YR JR,No,Yes,21.835616438356166,133,C,K,R
2025,5,154,Baltimore Orioles,Jaiden Lo Re,432,SS,2007-02-10,R/R,BYU,Corona Del Sol HS (AZ),,452000,785723.9964168593,562500,562500,Yes,0.24446902654867256,True,HS SR,No,Yes,18.432876712328767,278,C,H,R
2025,5,155,Milwaukee Brewers,Sean Episcope,276,P,2004-02-11,R/R,,Princeton,Ivy League,447400,401888.5495185586,335550,335550,Yes,-0.25,False,4YR SO,No,Yes,21.432876712328767,121,C,K,R
2025,5,156,Houston Astros,Nick Potter,498,P,2004-02-11,R/R,,Wichita State,American Athletic Conference,443100,398025.9639956936,336600,336600,Yes,-0.24035206499661477,False,4YR JR,No,Yes,21.432876712328767,342,C,K,R
2025,5,157,Atlanta Braves,Conor Essenburg,233,P,2006-09-18,R/L,Kentucky,Lincoln-Way West HS (IL),,438600,762430.4089124657,1197500,1197500,Yes,1.7302781577747377,True,HS SR,No,Yes,18.83013698630137,76,C,H,R
2025,5,158,Kansas City Royals,Aiden Jimenez,655,P,2003-10-11,R/R,,Arkansas,Southeastern Conference,434400,390210.96537966444,431900,431900,Yes,-0.005755064456721915,False,4YR JR,No,Yes,21.76986301369863,497,C,K,R
2025,5,159,Detroit Tigers,Ryan Hall,344,P,2007-04-05,R/R,Georgia Tech,North Gwinnett HS (GA),,430600,748523.7895068575,997500,997500,Yes,1.3165350673478866,True,HS SR,No,Yes,18.284931506849315,185,C,H,R
2025,5,160,San Diego Padres,Ty Harvey,229,C,2006-07-28,R/R,Florida St.,Inspiration Academy (FL),,426600,741570.4798040536,1500000,1500000,Yes,2.5161744022503516,True,HS SR,No,Yes,18.972602739726028,69,C,H,R
2025,5,161,Philadelphia Phillies,Gabe Craig,429,P,2001-07-03,R/R,,Baylor,Big 12,422700,119605.18462653877,197500,197500,Yes,-0.5327655547669742,False,4YR GR,No,Yes,24.043835616438358,268,C,M,R
2025,5,162,Cleveland Guardians,Riley Nelson,349,1B,2003-12-21,L/R,,Vanderbilt,Southeastern Conference,418700,376108.0368426922,350000,350000,Yes,-0.16407929304991642,False,4YR JR,No,Yes,21.575342465753426,187,C,K,R
2025,5,163,New York Mets,Peyton Prescott,275,P,2004-05-14,R/R,,Florida State,Atlantic Coast Conference,415100,372874.2443119215,197500,197500,Yes,-0.524211033485907,False,4YR SO,No,Yes,21.17808219178082,112,C,K,R
2025,5,164,New York Yankees,Core Jackson,330,SS,2003-10-11,L/R,,Utah,Big 12,411100,369281.14149995404,147500,147500,Yes,-0.6412065190951107,False,4YR SR,No,Yes,21.76986301369863,166,C,K,R
2025,5,165,Los Angeles Dodgers,Davion Hickson,370,P,2003-10-13,R/R,,Rice,American Athletic Conference,407300,365867.693828585,404800,404800,Yes,-0.006137981831573778,False,4YR JR,No,Yes,21.764383561643836,205,C,K,R
2025,6,166,Chicago White Sox,Colby Shelton,109,SS,2002-12-06,L/R,,Florida,Southeastern Conference,403900,447500.00000000006,447500,447500,Yes,0.10794751176033672,False,4YR JR,No,Yes,22.616438356164384,-57,C,L,O
2025,6,167,Colorado Rockies,Matt Klein,234,C,2003-10-12,L/R,,Louisville,Atlantic Coast Conference,400400,359669.59147794114,425000,425000,Yes,0.06143856143856144,False,4YR JR,No,Yes,21.767123287671232,67,C,K,R
2025,6,168,Miami Marlins,Joey Volini,367,P,2002-12-24,L/L,,Florida State,Atlantic Coast Conference,397000,251646.1725939744,297750,297750,Yes,-0.25,False,4YR SR,No,Yes,22.567123287671233,199,C,L,R
2025,6,169,Los Angeles Angels,Luke Lacourse,179,P,2006-10-17,R/R,Michigan St.,Bay City Western HS (MI),,393700,708218.0701482161,512500,512500,Yes,0.301752603505207,True,HS SR,No,Yes,18.75068493150685,10,C,H,Q
2025,6,170,Oakland Athletics,Grant Richardson,213,P,2003-11-08,R/L,,Grand Canyon University,Western Athletic Conference,390100,403798.5287912964,400000,400000,Yes,0.02537810817739041,False,4YR JR,No,Yes,21.693150684931506,43,C,K,Q
2025,6,171,Washington Nationals,Boston Smith,633,C,2002-11-28,L/R,,Wright State,Horizon,386700,245117.31723448337,50000,50000,Yes,-0.8707008016550297,False,4YR SR,No,Yes,22.638356164383563,462,C,L,R
2025,6,172,Toronto Blue Jays,Eric Snow,253,SS,2004-03-10,R/R,,Auburn,Southeastern Conference,383600,344578.55966767785,381100,381100,Yes,-0.006517205422314911,False,4YR JR,No,Yes,21.356164383561644,81,C,K,R
2025,6,173,Pittsburgh Pirates,Jack Anker,548,P,2004-04-08,R/R,,Fresno State,Mountain West,380500,341793.9049884031,347500,347500,Yes,-0.08672798948751642,False,4YR JR,No,Yes,21.276712328767122,375,C,K,R
2025,6,174,Cincinnati Reds,Braden Osbolt,446,P,2004-08-20,R/R,,Kennesaw State,Conference USA,377100,353878.77773390297,297500,297500,Yes,-0.21108459294616813,False,4YR JR,No,Yes,20.90958904109589,272,C,J,R
2025,6,175,Texas Rangers,Jack Wheeler,1391,3B,2006-07-11,R/R,,Morris HS (IL),,374100,384385.5221411805,525000,525000,Yes,0.4033680834001604,True,HS SR,No,Yes,19.019178082191782,1216,C,I,R
2025,6,176,San Francisco Giants,Jordan Gottesman,1580,P,2002-08-29,L/L,,Northeastern,Colonial Athletic Association,371000,235165.5668321524,197500,197500,Yes,-0.46765498652291104,False,4YR 5S,No,Yes,22.887671232876713,1404,C,L,R
2025,6,177,Tampa Bay Rays,Aidan Haugh,578,P,2003-04-28,R/R,,North Carolina,Atlantic Coast Conference,367900,233200.5715297813,157500,157500,Yes,-0.5718945365588475,False,4YR SR,No,Yes,22.224657534246575,401,C,L,R
2025,6,178,Boston Red Sox,Leighton Finley,404,P,2004-03-11,R/R,,Georgia,Southeastern Conference,364800,327690.9764514309,364800,364800,Yes,0,False,4YR JR,No,Yes,21.353424657534248,226,C,K,R
2025,6,179,Minnesota Twins,Bruin Agbayani,394,SS,2007-03-26,L/R,Michigan,Saint Louis School (HI),,361600,628579.1971334874,380600,380600,Yes,0.05254424778761062,True,HS SR,No,Yes,18.312328767123287,215,C,H,R
2025,6,180,St. Louis Cardinals,Matthew Miura,302,OF,2003-09-23,R/R,,Hawaii,Big West,358700,322211.49466318055,358700,358700,Yes,0,False,4YR JR,No,Yes,21.81917808219178,122,C,K,R
2025,6,181,Chicago Cubs,Josiah Hartshorn,97,OF,2007-02-02,S/L,Texas A&M,Orange Lutheran HS (CA),,355800,1429071.4096481684,2000000,2000000,Yes,4.621135469364812,True,HS SR,No,Yes,18.454794520547946,-84,C,H,O
2025,6,182,Seattle Mariners,Lucas Kelly,223,P,2003-07-26,R/R,,Arizona State,Big 12,353100,365499.2579241393,325000,325000,Yes,-0.07958085528178986,False,4YR JR,No,Yes,21.980821917808218,41,C,K,Q
2025,6,183,Arizona Diamondbacks,Sawyer Hawks,515,P,2003-06-25,R/R,,Vanderbilt,Southeastern Conference,350200,221981.0822226948,250000,250000,Yes,-0.28612221587664194,False,4YR SR,No,Yes,22.065753424657533,332,C,L,R
2025,6,184,Baltimore Orioles,Caden Hunter,216,P,2003-10-16,R/L,,USC,Big Ten,347100,359288.56535108684,344600,344600,Yes,-0.007202535292422933,False,4YR JR,No,Yes,21.756164383561643,32,C,K,Q
2025,6,185,Milwaukee Brewers,Daniel Dickinson,83,SS,2003-12-05,R/R,,LSU,Southeastern Conference,344400,466713.9249424421,325000,325000,Yes,-0.056329849012775844,False,4YR JR,No,Yes,21.61917808219178,-102,C,K,O
2025,6,186,Houston Astros,Gabel Pentecost,271,P,2003-07-27,R/R,,Taylor University,NAIA,341600,306850.9801420197,297500,297500,Yes,-0.1290983606557377,False,4YR JR,No,Yes,21.97808219178082,85,C,K,R
2025,6,187,Atlanta Braves,Landon Beidelschies,188,P,2004-03-28,L/L,,Arkansas,Southeastern Conference,338900,350800.61883458175,297500,297500,Yes,-0.12215992918264974,False,4YR JR,No,Yes,21.306849315068494,1,C,K,Q
2025,6,188,Kansas City Royals,Tyriq Kemp,2275,SS,2002-11-15,L/R,,Baylor,Big 12,336100,213043.52294416825,147500,147500,Yes,-0.5611425171080036,False,4YR SR,No,Yes,22.673972602739727,2087,C,L,R
2025,6,189,Detroit Tigers,Grayson Grinsell,444,P,2004-02-02,L/L,,Oregon,Big Ten,333500,299574.9469477856,297500,297500,Yes,-0.10794602698650675,False,4YR JR,No,Yes,21.457534246575342,255,C,K,R
2025,6,190,San Diego Padres,Jaxon Dalena,1490,P,2002-03-28,L/R,,Shippensburg University,Pennsylvania State Athletic Conference,330600,93545.00600315524,10000,10000,Yes,-0.969751966122202,False,4YR 5S,No,Yes,23.30958904109589,1300,C,M,R
2025,6,191,Philadelphia Phillies,James Tallon,615,P,2003-09-29,L/L,,Duke,Atlantic Coast Conference,327800,294454.775440732,325300,325300,Yes,-0.00762660158633313,False,4YR JR,No,Yes,21.802739726027397,424,C,K,R
2025,6,192,Cleveland Guardians,Nelson Keljo,261,P,2003-09-26,L/L,,Oregon State,DI Independent,325100,292029.43104265403,325100,325100,Yes,0,False,4YR JR,No,Yes,21.81095890410959,69,C,K,R
2025,6,193,New York Mets,Nathan Hall2,1930,P,2004-02-05,R/R,,University of Central Missouri,Mid-America Intercollegiate,322300,289514.2590742768,297500,297500,Yes,-0.0769469438411418,False,4YR JR,No,Yes,21.44931506849315,1737,C,K,R
2025,6,194,New York Yankees,Rory Fox,237,P,2004-02-03,L/R,,Notre Dame,Atlantic Coast Conference,319800,331029.914143698,411100,411100,Yes,0.28549093183239527,False,4YR JR,No,Yes,21.454794520547946,43,C,K,Q
2025,6,195,Los Angeles Dodgers,Mason Ligenza,220,OF,2007-01-15,L/L,Pittsburgh,Tamaqua Area HS (PA),,317200,570603.9417094593,Unsigned,317200,Yes,,True,HS SR,No,No,18.504109589041096,25,C,H,Q
2025,7,196,Chicago White Sox,Anthony DePino,504,3B,2003-02-19,R/R,,University of Rhode Island,Atlantic 10,314500,165834.4709676289,147500,147500,Yes,-0.5310015898251192,False,4YR SR,No,Yes,22.410958904109588,308,D,L,R
2025,7,197,Colorado Rockies,Antoine Jean,348,P,2001-08-01,R/L,,Houston,Big 12,311900,71093.044238158,200000,200000,Yes,-0.35876883616543764,False,4YR GR,No,Yes,23.964383561643835,151,D,M,R
2025,7,198,Miami Marlins,Jake Clemente,207,P,2003-11-10,R/R,,Florida,Southeastern Conference,309400,317932.773133532,500000,500000,Yes,0.6160310277957337,False,4YR JR,No,Yes,21.687671232876713,9,D,K,Q
2025,7,199,Los Angeles Angels,Lucas Mahlstedt,1772,P,2003-03-26,R/R,,Clemson,Atlantic Coast Conference,306700,161721.56516938563,47500,47500,Yes,-0.8451255298337137,False,4YR SR,No,Yes,22.315068493150687,1573,D,L,R
2025,7,200,Oakland Athletics,Logan Sauve,311,C,2003-07-18,R/R,,West Virginia,Big 12,304200,160403.32613148715,304200,304200,Yes,0,False,4YR JR,No,Yes,22.002739726027396,111,D,L,R
2025,7,201,Washington Nationals,Julian Tonghini,1631,P,2001-11-20,R/R,,Arizona,Big 12,302500,68950.45168978133,10000,10000,Yes,-0.9669421487603306,False,4YR SR,No,Yes,23.660273972602738,1430,D,M,R
2025,7,202,Toronto Blue Jays,Dylan Watts,425,P,2004-07-15,R/R,,Auburn,Southeastern Conference,299900,301802.6569113976,197500,197500,Yes,-0.3414471490496832,False,4YR JR,No,Yes,21.008219178082193,223,D,K,R
2025,7,203,Pittsburgh Pirates,Brent Iredale,206,3B,2003-07-12,R/R,,Arkansas,Southeastern Conference,297400,235406.66630046043,294900,294900,Yes,-0.008406186953597848,False,4YR JR,No,Yes,22.019178082191782,3,D,L,Q
2025,7,204,Cincinnati Reds,Justin Henschel,391,P,2004-04-14,R/R,,Florida Gulf Coast University,Atlantic Sun Conference,295000,296871.56981948076,222500,222500,Yes,-0.2457627118644068,False,4YR JR,No,Yes,21.26027397260274,187,D,K,R
2025,7,205,Texas Rangers,Paxton Kling,217,OF,2003-05-28,R/R,,Penn State,Big Ten,292400,231448.92140637065,375000,375000,Yes,0.28248974008207933,False,4YR JR,No,Yes,22.14246575342466,12,D,L,Q
2025,7,206,San Francisco Giants,Cam Maldonado,200,OF,2003-11-08,R/R,,Northeastern,Colonial Athletic Association,289900,293026.052643874,387400,387400,Yes,0.336322869955157,False,4YR JR,No,Yes,21.693150684931506,-6,D,K,P
2025,7,207,Tampa Bay Rays,Jacob Kuhn,1424,P,2004-06-16,R/R,,Midland College (TX),,287700,289525.2563968292,262500,262500,Yes,-0.08759124087591241,False,JC J1,Yes,Yes,21.087671232876712,1217,D,K,R
2025,7,208,Boston Red Sox,Myles Patton,147,P,2003-09-02,R/L,,Texas A&M,Southeastern Conference,285200,312929.6875487734,285200,285200,Yes,0,False,4YR JR,No,Yes,21.876712328767123,-61,D,K,O
2025,7,209,Minnesota Twins,Jacob McCombs,214,OF,2004-07-07,L/R,,University of California - Irvine,Big West,282900,290701.9441482747,280400,280400,Yes,-0.008837044892188053,False,4YR SO,No,Yes,21.03013698630137,5,D,K,Q
2025,7,210,St. Louis Cardinals,Payton Graham,341,P,2003-11-04,R/R,,Gonzaga,West Coast Conference,280800,282581.4806959668,280800,280800,Yes,0,False,4YR JR,No,Yes,21.704109589041096,131,D,K,R
2025,7,211,Chicago Cubs,Pierce Coppola,268,P,2002-12-17,L/L,,Florida,Southeastern Conference,278500,146851.82882189078,278500,278500,Yes,0,False,4YR SR,No,Yes,22.586301369863012,57,D,L,R
2025,7,212,Seattle Mariners,Colton Shaw,1014,P,2003-06-26,R/R,,Yale,Ivy League,276200,145639.04890702417,100000,100000,Yes,-0.6379435191889935,False,4YR SR,No,Yes,22.063013698630137,802,D,L,R
2025,7,213,Arizona Diamondbacks,Joe Ariola,282,P,2004-02-05,L/L,,Wake Forest,Atlantic Coast Conference,274100,275838.9738559989,250000,250000,Yes,-0.08792411528639182,False,4YR JR,No,Yes,21.44931506849315,69,D,K,R
2025,7,214,Baltimore Orioles,Hunter Allen,492,P,2003-07-23,R/R,,Ashland University,Great Midwest Athletic Conference,272000,273725.650816606,147500,147500,Yes,-0.4577205882352941,False,4YR SR,No,Yes,21.98904109589041,278,D,K,R
2025,7,215,Milwaukee Brewers,Josiah Ragsdale,539,OF,2003-12-21,L/L,,Boston College,Atlantic Coast Conference,269700,271411.0589163185,237500,237500,Yes,-0.11939191694475343,False,4YR JR,No,Yes,21.575342465753426,324,D,K,R
2025,7,216,Houston Astros,Jase Mitchell,622,C,2006-09-30,L/R,,Cape Henlopen HS (DE),,267700,579090.0600621611,797500,797500,Yes,1.979081060889055,True,HS SR,No,Yes,18.797260273972604,406,D,H,R
2025,7,217,Atlanta Braves,Zach Royse,293,P,2004-03-11,R/R,,University of Texas - San Antonio,American Athletic Conference,265400,267083.7784070854,197500,197500,Yes,-0.25584024114544085,False,4YR JR,No,Yes,21.353424657534248,76,D,K,R
2025,7,218,Kansas City Royals,Bryson Dudley,859,P,2004-02-17,R/R,,Texas State,Sun Belt,263500,265171.72422858706,261000,261000,Yes,-0.009487666034155597,False,4YR JR,No,Yes,21.416438356164385,641,D,K,R
2025,7,219,Detroit Tigers,Cale Wetwiska,2339,0,2005-04-11,R/R,,Northern Oklahoma Col Enid,,261300,260448.2483303802,647500,647500,Yes,1.4779946421737467,False,JC J2,Yes,Yes,20.268493150684932,2120,D,J,R
2025,7,220,San Diego Padres,Kerrington Cross,247,3B,2002-04-15,R/R,,Cincinnati,Big 12,259700,40527.884089666484,20000,20000,Yes,-0.9229880631497882,False,4YR 5S,No,Yes,23.26027397260274,27,D,M,Q
2025,7,221,Philadelphia Phillies,Matthew Fisher,53,P,2006-03-14,R/R,Indiana,Memorial HS (IN),,257700,1250000.0000000002,1250000,1250000,Yes,3.8506014745828483,True,HS SR,No,Yes,19.345205479452055,-168,D,I,O
2025,7,222,Cleveland Guardians,Will McCausland,289,P,2003-10-19,R/R,,Ole Miss,Southeastern Conference,256000,257624.14194504096,235000,235000,Yes,-0.08203125,False,4YR JR,No,Yes,21.747945205479454,67,D,K,R
2025,7,223,New York Mets,Cam Tilly,294,P,2004-06-27,R/R,,Auburn,Southeastern Conference,254000,255611.45333609532,397500,397500,Yes,0.5649606299212598,False,4YR SO,No,Yes,21.057534246575344,71,D,K,R
2025,7,224,New York Yankees,Richie Bonomolo Jr.,314,OF,2003-10-30,R/R,,Alabama,Southeastern Conference,252100,253699.39915759696,222500,222500,Yes,-0.1174137247124157,False,4YR JR,No,Yes,21.71780821917808,90,D,K,R
2025,7,225,Los Angeles Dodgers,Mason Estrada,493,P,2004-05-12,L/R,,MIT,New England Women's and Men's Athletic Conference,250300,251887.9794095459,447500,447500,Yes,0.7878545745105873,False,4YR SO,No,Yes,21.183561643835617,268,D,K,R
2025,8,226,Chicago White Sox,Blaine Wynk,430,P,2004-05-12,R/R,,Ohio State,Big Ten,248700,250277.82852238938,246200,246200,Yes,-0.010052271813429835,False,4YR JR,No,Yes,21.183561643835617,204,D,K,R
2025,8,227,Colorado Rockies,Tanner Thach,244,1B,2004-03-11,L/L,,UNC Wilmington,Colonial Athletic Association,247200,254017.39340209798,325000,325000,Yes,0.31472491909385114,False,4YR JR,No,Yes,21.353424657534248,17,D,K,Q
2025,8,228,Miami Marlins,Emilio Barreras,447,SS,2003-09-12,L/R,,Grand Canyon University,Western Athletic Conference,245400,246956.8923176291,122500,122500,Yes,-0.5008149959250203,False,4YR JR,No,Yes,21.84931506849315,219,D,K,R
2025,8,229,Los Angeles Angels,Isaiah Jackson,283,OF,2004-05-16,L/R,,Arizona State,Big 12,243300,244843.5692782362,297500,297500,Yes,0.22277024249897245,False,4YR JR,No,Yes,21.172602739726027,54,D,K,R
2025,8,230,Oakland Athletics,Corey Braun,1044,P,2002-12-10,L/L,,South Florida,American Athletic Conference,241900,127552.80930705702,200000,200000,Yes,-0.17321207110376188,False,4YR SR,No,Yes,22.605479452054794,814,D,L,R
2025,8,231,Washington Nationals,Riley Maddox,2048,P,2002-10-03,R/R,,Ole Miss,Southeastern Conference,239900,126498.21807673824,10000,10000,Yes,-0.9583159649854106,False,4YR SR,No,Yes,22.791780821917808,1817,D,L,R
2025,8,232,Toronto Blue Jays,Danny Thompson Jr.,1081,P,2002-08-09,R/R,,UNC Greensboro,SoCon,238600,125812.73377703103,5000,5000,Yes,-0.9790444258172674,False,4YR 5S,No,Yes,22.942465753424656,849,D,L,R
2025,8,233,Pittsburgh Pirates,Josh Tate,390,SS,2003-09-01,R/R,,Georgia Southern,Sun Belt,236800,238302.33129916288,234300,234300,Yes,-0.010557432432432432,False,4YR JR,No,Yes,21.87945205479452,157,D,K,R
2025,8,234,Cincinnati Reds,Kyle McCoy,262,P,2004-03-19,L/L,,Maryland,Big Ten,235200,241686.45197481167,232700,232700,Yes,-0.010629251700680272,False,4YR JR,No,Yes,21.33150684931507,28,D,K,Q
2025,8,235,Texas Rangers,Evan Siary,1239,P,2003-10-18,R/R,,Mississippi State,Southeastern Conference,233400,234880.7606639553,300000,300000,Yes,0.2853470437017995,False,4YR JR,No,Yes,21.75068493150685,1004,D,K,R
2025,8,236,San Francisco Giants,Ben Bybee,600,P,2003-09-02,R/R,,Arkansas,Southeastern Conference,232000,233471.87863769336,229500,229500,Yes,-0.010775862068965518,False,4YR JR,No,Yes,21.876712328767123,364,D,K,R
2025,8,237,Tampa Bay Rays,Aidan Cremarosa,680,P,2003-10-09,R/R,,Fresno State,Mountain West,230400,231861.72775053684,182500,182500,Yes,-0.20789930555555555,False,4YR JR,No,Yes,21.775342465753425,443,D,K,R
2025,8,238,Boston Red Sox,Dylan Brown,295,P,2004-06-27,R/L,,Old Dominion,Sun Belt,229000,230452.8457242749,229000,229000,Yes,0,False,4YR JR,No,Yes,21.057534246575344,57,D,K,R
2025,8,239,Minnesota Twins,Ryan Sprock,385,3B,2004-09-27,R/R,,Elon University,Colonial Athletic Association,227800,227057.44726238272,225300,225300,Yes,-0.010974539069359086,False,4YR JR,No,Yes,20.805479452054794,146,D,J,R
2025,8,240,St. Louis Cardinals,Ryan Weingartner,274,SS,2004-07-05,R/R,,Penn State,Big Ten,226500,232746.5194400291,226500,226500,Yes,0,False,4YR JR,No,Yes,21.035616438356165,34,D,K,Q
2025,8,241,Chicago Cubs,Jake Knapp,373,P,2000-08-30,R/R,,North Carolina,Atlantic Coast Conference,225400,51376.63408554285,175000,175000,Yes,-0.2236024844720497,False,4YR GR,No,Yes,24.884931506849316,132,D,M,R
2025,8,242,Seattle Mariners,Danny Macchiarola,1079,P,2004-09-02,L/R,,Holy Cross,Patriot,224100,223369.50803994716,175000,175000,Yes,-0.21909861668897815,False,4YR JR,No,Yes,20.873972602739727,837,D,J,R
2025,8,243,Arizona Diamondbacks,Jack Martinez,387,P,2003-03-12,R/R,,Arizona State,Big 12,223100,117639.65174206044,167326,167326,Yes,-0.249995517705065,False,4YR SR,No,Yes,22.353424657534248,144,D,L,R
2025,8,244,Baltimore Orioles,Kailen Hamson,532,P,2002-04-01,L/L,,University of the Cumberlands,NAIA,221700,50533.27318884139,97500,97500,Yes,-0.5602165087956699,False,4YR SR,No,Yes,23.2986301369863,288,D,M,R
2025,8,245,Milwaukee Brewers,Hayden Vucinovich,2340,0,2007-06-19,R/R,,Bloomington Jefferson HS,,220800,477635.7312727873,150000,150000,Yes,-0.32065217391304346,True,HS SR,No,Yes,18.07945205479452,2095,D,H,R
2025,8,246,Houston Astros,Kyle Walker,248,2B,2003-01-11,R/R,,Arizona State,Big 12,219800,173982.46554418697,152500,152500,Yes,-0.3061874431301183,False,4YR JR,No,Yes,22.517808219178082,2,D,L,Q
2025,8,247,Atlanta Braves,Carter Lovasz,924,P,2003-01-31,R/R,,William & Mary,Colonial Athletic Association,218700,115319.55103535911,7500,7500,Yes,-0.9657064471879286,False,4YR SR,No,Yes,22.46301369863014,677,D,L,R
2025,8,248,Kansas City Royals,Brooks Bryan,215,C,2004-07-14,L/R,,Troy University,Sun Belt,217700,220047.50486571703,197500,197500,Yes,-0.09278824069820854,False,4YR JR,No,Yes,21.01095890410959,-33,D,K,P
2025,8,249,Detroit Tigers,Nick Dumesnil,104,OF,2004-03-27,R/R,,California Baptist University,Western Athletic Conference,216800,237879.22952515454,214300,214300,Yes,-0.011531365313653136,False,4YR JR,No,Yes,21.30958904109589,-145,D,K,O
2025,8,250,San Diego Padres,Jamie Hitt,1471,P,2002-07-08,L/L,,Oklahoma,Southeastern Conference,215600,49142.86738617142,10000,10000,Yes,-0.9536178107606679,False,4YR 5S,No,Yes,23.03013698630137,1221,D,M,R
2025,8,251,Philadelphia Phillies,Brian Walters,505,P,2002-11-28,R/R,,Miami,Atlantic Coast Conference,215100,113421.2868207853,309400,309400,Yes,0.4384007438400744,False,4YR SR,No,Yes,22.638356164383563,254,D,L,R
2025,8,252,Cleveland Guardians,Anthony Martinez,219,1B,2004-04-12,L/R,,University of California - Irvine,Big West,214200,216509.7636299338,214200,214200,Yes,0,False,4YR JR,No,Yes,21.265753424657536,-33,D,K,P
2025,8,253,New York Mets,Camden Lohman,557,P,2006-11-05,R/R,,Ft. Zumwalt North HS (MO),,213200,461195.3709572385,797500,797500,Yes,2.7406191369606003,True,HS SR,No,Yes,18.698630136986303,304,D,H,R
2025,8,254,New York Yankees,Mac Heuer,537,P,2004-07-07,R/R,,Texas Tech,Big 12,212500,213848.16470047346,400000,400000,Yes,0.8823529411764706,False,4YR SO,No,Yes,21.03013698630137,283,D,K,R
2025,8,255,Los Angeles Dodgers,Jack O'Connor,267,P,2004-01-16,R/R,,Virginia,Atlantic Coast Conference,211700,217538.358346376,158775,158775,Yes,-0.25,False,4YR JR,No,Yes,21.504109589041096,12,D,K,Q
2025,9,256,Chicago White Sox,Riley Eikhoff,2046,P,2001-11-16,R/R,,Coastal Carolina,Sun Belt,210900,48071.57111198308,7500,7500,Yes,-0.9644381223328592,False,4YR GR,No,Yes,23.671232876712327,1790,D,M,R
2025,9,257,Colorado Rockies,Zach Rogacki,2341,C,2003-07-19,L/R,,SUNY Binghamton,America East,210200,110837.53830650428,50000,50000,Yes,-0.7621313035204567,False,4YR SR,No,Yes,22,2084,D,L,R
2025,9,258,Miami Marlins,Kaiden Wilson,569,P,2004-05-20,L/L,,Texas A&M,Southeastern Conference,209600,210929.76621750227,697500,697500,Yes,2.327767175572519,False,4YR SO,No,Yes,21.161643835616438,311,D,K,R
2025,9,259,Los Angeles Angels,Slate Alford,2151,3B,2002-08-23,R/R,,Georgia,Southeastern Conference,208700,110046.5948837652,17500,17500,Yes,-0.9161475802587447,False,4YR SR,No,Yes,22.904109589041095,1892,D,L,R
2025,9,260,Oakland Athletics,Daniel Bucciero,566,3B,2004-10-08,R/R,,Fordham,Atlantic 10,208100,207421.66275373942,208100,208100,Yes,0,False,4YR JR,No,Yes,20.775342465753425,306,D,J,R
2025,9,261,Washington Nationals,Wyatt Henseler,487,3B,2001-08-06,R/R,,Texas A&M,Southeastern Conference,207500,47296.59082852769,10000,10000,Yes,-0.9518072289156626,False,4YR 5S,No,Yes,23.95068493150685,226,D,M,R
2025,9,262,Toronto Blue Jays,Karson Ligon,356,P,2003-02-14,R/R,,Mississippi State,Southeastern Conference,206900,109097.46277647828,125000,125000,Yes,-0.3958434026099565,False,4YR SR,No,Yes,22.424657534246574,94,D,L,R
2025,9,263,Pittsburgh Pirates,Jared Jones,173,1B,2003-08-01,R/R,,LSU,Southeastern Conference,206100,226138.88009748317,203600,203600,Yes,-0.012130033964095099,False,4YR JR,No,Yes,21.964383561643835,-90,D,K,O
2025,9,264,Cincinnati Reds,Kien Vu,278,OF,2003-10-13,L/L,,Arizona State,Big 12,205500,211167.37194227806,172500,172500,Yes,-0.16058394160583941,False,4YR JR,No,Yes,21.764383561643836,14,D,K,Q
2025,9,265,Texas Rangers,Owen Proksch,305,P,2003-12-25,S/L,,Duke,Atlantic Coast Conference,205100,210756.3405613685,200000,200000,Yes,-0.024865919063871283,False,4YR JR,No,Yes,21.564383561643837,40,D,K,Q
2025,9,266,San Francisco Giants,Reid Worley,288,P,2006-06-27,R/R,Kennesaw St.,Cherokee HS (GA),,204400,747500,747500,747500,Yes,2.657045009784736,True,HS SR,No,Yes,19.057534246575344,22,D,I,Q
2025,9,267,Tampa Bay Rays,Mason Nichols,1832,P,2003-04-23,R/R,,Ole Miss,Southeastern Conference,203900,107515.5759310001,37500,37500,Yes,-0.8160863168219715,False,4YR SR,No,Yes,22.23835616438356,1565,D,L,R
2025,9,268,Boston Red Sox,Jacob Mayers,483,P,2004-06-10,R/R,,LSU,Southeastern Conference,203500,204791.06596021808,190000,190000,Yes,-0.06633906633906633,False,4YR JR,No,Yes,21.104109589041094,215,D,K,R
2025,9,269,Minnesota Twins,Justin Mitrovich,277,P,2003-10-27,R/R,,Elon University,Colonial Athletic Association,202900,208495.66796636602,172500,172500,Yes,-0.14982750123213406,False,4YR JR,No,Yes,21.726027397260275,8,D,K,Q
2025,9,270,St. Louis Cardinals,Michael Dattalo,525,3B,2004-01-22,R/R,,Dallas Baptist,Conference USA,202200,203482.81836440344,202200,202200,Yes,0,False,4YR JR,No,Yes,21.487671232876714,255,D,K,R
2025,9,271,Chicago Cubs,Colton Book,528,P,2002-08-21,R/L,,Saint Joseph's,Atlantic 10,201800,106408.25513916538,100000,100000,Yes,-0.5044598612487612,False,4YR JR,No,Yes,22.90958904109589,257,D,L,R
2025,9,272,Seattle Mariners,Jackson Steensma,551,P,2004-03-12,S/R,,Appalachian State,Sun Belt,201300,202577.1084903779,201300,201300,Yes,0,False,4YR JR,No,Yes,21.350684931506848,279,D,K,R
2025,9,273,Arizona Diamondbacks,Wallace Clark,2287,SS,2002-06-08,S/R,,Duke,Atlantic Coast Conference,200800,45769.42379936559,25000,25000,Yes,-0.8754980079681275,False,4YR SR,No,Yes,23.112328767123287,2014,D,M,R
2025,9,274,Baltimore Orioles,Cam Lee,506,OF,2005-10-18,R/R,,Mineral Area JC (MO),,200400,200743.45132743364,197540,197540,Yes,-0.014271457085828344,False,JC J1,Yes,Yes,19.747945205479454,232,D,I,R
2025,9,275,Milwaukee Brewers,Andrew Healy,618,P,2003-07-11,L/L,,Duke,Atlantic Coast Conference,200000,105459.12303187848,147500,147500,Yes,-0.2625,False,4YR JR,No,Yes,22.02191780821918,343,D,L,R
2025,9,276,Houston Astros,Kellan Oakes,1686,P,2004-06-08,R/R,,Oregon State,DI Independent,199500,200765.68874232683,247500,247500,Yes,0.24060150375939848,False,4YR JR,No,Yes,21.10958904109589,1410,D,K,R
2025,9,277,Atlanta Braves,Logan Braunschweig,105,OF,2002-11-29,L/R,,UAB,American Athletic Conference,199200,153305.45918114643,2500,2500,Yes,-0.9874497991967871,False,4YR SR,No,Yes,22.635616438356163,-172,D,L,O
2025,9,278,Kansas City Royals,Shane Van Dam,392,P,2004-04-10,R/R,,NC State,Atlantic Coast Conference,198600,199859.9788683013,196100,196100,Yes,-0.012588116817724069,False,4YR JR,No,Yes,21.27123287671233,114,D,K,R
2025,9,279,Detroit Tigers,Trevor Heishman,2219,P,2006-10-20,R/L,,St. John Bosco HS (CA),,198000,428314.6503261408,347500,347500,Yes,0.7550505050505051,True,HS SR,No,Yes,18.742465753424657,1940,D,H,R
2025,9,280,San Diego Padres,Will Koger,2305,P,2002-11-10,L/R,,Arizona State,Big 12,197800,104299.07267852781,5000,5000,Yes,-0.974721941354904,False,4YR SR,No,Yes,22.687671232876713,2025,D,L,R
2025,9,281,Philadelphia Phillies,Matthew Ferrara,353,SS,2007-06-04,R/R,,Toms River HS East (NJ),,197600,427449.3682042698,597500,597500,Yes,2.0237854251012144,True,HS SR,No,Yes,18.12054794520548,72,D,H,R
2025,9,282,Cleveland Guardians,Ryan Prager,143,P,2002-10-26,L/L,,Texas A&M,Southeastern Conference,197200,151766.2477435847,197200,197200,Yes,0,False,4YR SR,No,Yes,22.72876712328767,-139,D,L,O
2025,9,283,New York Mets,Anthony Frobose,614,SS,2007-07-17,R/R,,Lakeland HS (NY),,196800,425718.8039605278,387500,387500,Yes,0.9690040650406504,True,HS SR,No,Yes,18.002739726027396,331,D,H,R
2025,9,284,New York Yankees,Blake Gillespie,238,P,2003-10-27,S/R,,UNC Charlotte,American Athletic Conference,196600,198719.97912999528,187300,187300,Yes,-0.04730417090539166,False,4YR JR,No,Yes,21.726027397260275,-46,D,K,P
2025,9,285,Los Angeles Dodgers,Conner O'Neal,2342,0,2002-09-06,L/R,,Southeasern Louisiana U,Southland,196000,103349.9405712409,2500,2500,Yes,-0.9872448979591837,False,4YR SR,No,Yes,22.865753424657534,2057,D,L,R
2025,10,286,Chicago White Sox,Daniel Wright,1075,P,2002-06-13,R/R,,Iowa,Big Ten,195300,44515.77922318775,7500,7500,Yes,-0.9615975422427036,False,4YR GR,No,Yes,23.0986301369863,789,D,M,R
2025,10,287,Colorado Rockies,Austin Newton,2343,P,2004-04-29,R/R,,Southern Florida,American Athletic Conference,195100,196337.77380264644,195100,195100,Yes,0,False,4YR JR,No,Yes,21.21917808219178,2056,D,K,R
2025,10,288,Miami Marlins,Jake McCutcheon,486,SS,2003-11-06,L/R,,Missouri State,Missouri Valley Conference,194700,195935.2360808573,192200,192200,Yes,-0.012840267077555213,False,4YR JR,No,Yes,21.698630136986303,198,D,K,R
2025,10,289,Los Angeles Angels,Nick Rodriguez,1950,SS,2002-10-29,L/R,,Missouri State,Missouri Valley Conference,194400,102506.26758698588,47500,47500,Yes,-0.7556584362139918,False,4YR SR,No,Yes,22.720547945205478,1661,D,L,R
2025,10,290,Oakland Athletics,Samuel Dutton,470,P,2003-05-05,L/R,,Auburn,Southeastern Conference,194100,102348.07890243806,150000,150000,Yes,-0.22720247295208656,False,4YR SR,No,Yes,22.205479452054796,180,D,L,R
2025,10,291,Washington Nationals,Hunter Hines,1329,3B,2002-11-02,L/R,,Mississippi State,Southeastern Conference,193800,102189.89021789025,5000,5000,Yes,-0.9742002063983488,False,4YR SR,No,Yes,22.70958904109589,1038,D,L,R
2025,10,292,Toronto Blue Jays,Austin Smith,749,OF,2003-04-11,L/L,,University of San Diego,West Coast Conference,193500,102031.70153334242,5000,5000,Yes,-0.9741602067183462,False,4YR SR,No,Yes,22.27123287671233,457,D,L,R
2025,10,293,Pittsburgh Pirates,Matt King,603,SS,2002-08-25,R/R,,Arizona State,Big 12,193100,101820.78328727867,22500,22500,Yes,-0.8834800621439669,False,4YR SR,No,Yes,22.898630136986302,310,D,L,R
2025,10,294,Cincinnati Reds,Ty Doucette,511,1B,2004-02-06,L/R,,Rutgers,Big Ten,192600,193821.9130414644,157500,157500,Yes,-0.1822429906542056,False,4YR SO,No,Yes,21.446575342465753,217,D,K,R
2025,10,295,Texas Rangers,J.D. McReynolds,1361,P,2003-03-19,L/R,,University of Central Missouri,Mid-America Intercollegiate,192400,101451.6763566671,25000,25000,Yes,-0.8700623700623701,False,4YR SR,No,Yes,22.334246575342465,1066,D,L,R
2025,10,296,San Francisco Giants,Isaiah Barkett,1352,SS,2003-11-17,R/R,,Stetson,Atlantic Sun Conference,191700,192916.20316743886,747500,747500,Yes,2.899321857068336,False,4YR JR,No,Yes,21.66849315068493,1056,D,K,R
2025,10,297,Tampa Bay Rays,Trendan Parish,2215,P,2002-02-14,R/R,,Texas Tech,Big 12,191500,43649.6247887376,500,500,Yes,-0.9973890339425587,False,4YR SR,No,Yes,23.424657534246574,1918,D,M,R
2025,10,298,Boston Red Sox,Maximus Martin,260,SS,2003-09-29,R/R,,Kansas State,Big 12,191300,193362.8281158092,191300,191300,Yes,0,False,4YR JR,No,Yes,21.802739726027397,-38,D,K,P
2025,10,299,Minnesota Twins,Shai Robinson,582,SS,2004-05-12,R/R,,Illinois State,Missouri Valley Conference,190900,192111.1277238606,147500,147500,Yes,-0.22734415924567836,False,4YR JR,No,Yes,21.183561643835617,283,D,K,R
2025,10,300,St. Louis Cardinals,Ty Van Dyke,627,P,2003-08-04,R/R,,Stetson,Atlantic Sun Conference,190500,191708.5900020715,150000,150000,Yes,-0.2125984251968504,False,4YR SR,No,Yes,21.956164383561642,327,D,K,R
2025,10,301,Chicago Cubs,Justin Stransky,383,C,2002-09-10,R/R,,Fresno State,Mountain West,190300,100344.35556483237,140000,140000,Yes,-0.26431949553336836,False,4YR SR,No,Yes,22.854794520547944,82,D,L,R
2025,10,302,Seattle Mariners,Isaac Lyon,442,P,2004-01-26,R/R,,Grand Canyon University,Western Athletic Conference,190100,191306.05228028237,190100,190100,Yes,0,False,4YR JR,No,Yes,21.476712328767125,140,D,K,R
2025,10,303,Arizona Diamondbacks,Brady Counsell,802,SS,2003-05-03,R/R,,Kansas,Big 12,189800,100080.70775725268,50000,50000,Yes,-0.7365648050579557,False,4YR SR,No,Yes,22.21095890410959,499,D,L,R
2025,10,304,Baltimore Orioles,Dalton Neuschwander,1060,P,2002-04-11,R/R,,University of West Florida,Gulf South,189300,43148.16695826646,27500,27500,Yes,-0.8547279450607501,False,4YR 5S,No,Yes,23.27123287671233,756,D,M,R
2025,10,305,Milwaukee Brewers,Braylon Owens,823,P,2002-12-11,R/R,,University of Texas - San Antonio,American Athletic Conference,189000,99658.87126512516,10000,10000,Yes,-0.9470899470899471,False,4YR SR,No,Yes,22.602739726027398,518,D,L,R
2025,10,306,Houston Astros,Zach Daudet,2344,0,2003-06-10,R/R,,Cal Poly San Luis Obispo,Big West,188900,99606.14170360922,7500,7500,Yes,-0.9602964531498147,False,4YR SR,No,Yes,22.106849315068494,2038,D,L,R
2025,10,307,Atlanta Braves,Kade Woods,1654,P,2002-09-04,R/R,,LSU,Southeastern Conference,188600,99447.9530190614,2500,2500,Yes,-0.986744432661718,False,4YR SR,No,Yes,22.87123287671233,1347,D,L,R
2025,10,308,Kansas City Royals,Max Martin,346,P,2003-09-29,R/R,,University of California - Irvine,Big West,188300,193493.02256316767,185800,185800,Yes,-0.013276686139139671,False,4YR JR,No,Yes,21.802739726027397,38,D,K,Q
2025,10,309,Detroit Tigers,Edian Espinal,1196,2B,2004-09-24,S/R,,Central Florida,Big 12,187800,187187.83404686337,185300,185300,Yes,-0.013312034078807242,False,4YR JR,No,Yes,20.813698630136987,887,D,J,R
2025,10,310,San Diego Padres,Justin DeCriscio,1638,SS,2003-03-24,R/R,,NC State,Atlantic Coast Conference,187600,98920.657403902,15000,15000,Yes,-0.920042643923241,False,4YR SR,No,Yes,22.32054794520548,1328,D,L,R
2025,10,311,Philadelphia Phillies,Cole Gilley,992,P,2001-07-22,R/R,,Indiana,Big Ten,187300,42692.2962032927,7500,7500,Yes,-0.9599572877736252,False,4YR GR,No,Yes,23.991780821917807,681,D,M,R
2025,10,312,Cleveland Guardians,Harrison Bodendorf,352,P,2004-02-18,R/L,,Oklahoma State,Big 12,187300,192465.44411089382,150000,150000,Yes,-0.19914575547250402,False,4YR JR,No,Yes,21.413698630136988,40,D,K,Q
2025,10,313,New York Mets,Tyler McLoughlin,2262,P,2002-07-01,R/R,,Georgia,Southeastern Conference,187300,42692.2962032927,7500,7500,Yes,-0.9599572877736252,False,4YR 5S,No,Yes,23.04931506849315,1949,D,M,R
2025,10,314,New York Yankees,Connor McGinnis,1024,SS,2002-12-09,L/R,,Houston,Big 12,187300,98762.46871935419,172500,172500,Yes,-0.07901761879337961,False,4YR JR,No,Yes,22.60821917808219,710,D,L,R
2025,10,315,Los Angeles Dodgers,Jacob Frost,575,P,2003-05-14,L/L,,Kansas State,Big 12,187300,98762.46871935419,47500,47500,Yes,-0.7463961558996263,False,4YR SR,No,Yes,22.18082191780822,260,D,L,R
2025,11,316,Chicago White Sox,Matthew Boughton,1854,SS,2005-09-10,R/R,,Covenant HS (TX),,0,0,197500,47500,No,0.5192307692307693,True,HS SR,No,Yes,19.852054794520548,1538,E,I,R
2025,11,317,Colorado Rockies,Zach Harris,480,P,2003-10-21,R/R,,Georgia,Southeastern Conference,0,0,200000,50000,No,0.5384615384615384,False,4YR JR,No,Yes,21.742465753424657,163,E,K,R
2025,11,318,Miami Marlins,Jadon Williamson,2345,P,2002-09-01,R/R,,Lewis-Clark State,NWC,0,0,100000,0,No,,False,4YR 5S,No,Yes,22.87945205479452,2027,E,L,R
2025,11,319,Los Angeles Angels,Alton Davis II,287,P,2003-12-18,L/L,,Georgia,Southeastern Conference,0,0,397500,247500,No,2.0576923076923075,False,4YR JR,No,Yes,21.583561643835615,-32,E,K,P
2025,11,320,Oakland Athletics,Bobby Boser,335,3B,2002-12-05,R/R,,Florida,Southeastern Conference,0,0,150000,0,No,,False,4YR SR,No,Yes,22.61917808219178,15,E,L,Q
2025,11,321,Washington Nationals,Jack Moroknek,263,OF,2003-06-29,L/R,,Butler,Big East,0,0,200000,50000,No,0.5384615384615384,False,4YR SR,No,Yes,22.054794520547944,-58,E,L,O
2025,11,322,Toronto Blue Jays,Jared Spencer,108,P,2003-07-01,L/L,,Texas,Southeastern Conference,0,0,165000,15000,No,0.2692307692307692,False,4YR SR,No,Yes,22.04931506849315,-214,E,L,O
2025,11,323,Pittsburgh Pirates,Dylan Palmer,597,2B,2003-10-05,L/R,,Hofstra,Colonial Athletic Association,0,0,150000,0,No,,False,4YR JR,No,Yes,21.786301369863015,274,E,K,R
2025,11,324,Cincinnati Reds,Jake Brink,151,P,2003-05-11,R/R,,College of Charleston,Colonial Athletic Association,0,0,150000,0,No,,False,4YR JR,No,Yes,22.18904109589041,-173,E,L,O
2025,11,325,Texas Rangers,Jacob Johnson,306,P,2006-05-17,R/R,,Pearl River CC (MS),,0,0,300000,150000,No,1.3076923076923077,False,JC J1,Yes,Yes,19.16986301369863,-19,E,I,P
2025,11,326,San Francisco Giants,Rod Barajas Jr.,2066,C,2004-07-12,L/R,,Saddleback College (CA),,0,0,247500,97500,No,0.9038461538461539,False,JC J3,Yes,Yes,21.016438356164382,1740,E,K,R
2025,11,327,Tampa Bay Rays,Luke Jackson,178,P,2004-04-21,R/R,,Texas A&M,Southeastern Conference,0,0,497500,347500,No,2.826923076923077,False,4YR JR,No,Yes,21.24109589041096,-149,E,K,O
2025,11,328,Boston Red Sox,Barrett Morgan,616,P,2005-03-12,R/R,,Cowley County CC (KS),,0,0,500000,350000,No,2.8461538461538463,False,JC J2,Yes,Yes,20.350684931506848,288,E,J,R
2025,11,329,Minnesota Twins,Ryan Daniels,2078,SS,2003-08-13,L/R,,Connecticut,Big East,0,0,150000,0,No,,False,4YR JR,No,Yes,21.931506849315067,1749,E,K,R
2025,11,330,St. Louis Cardinals,Jalin Flores,235,SS,2003-07-31,R/R,,Texas,Southeastern Conference,0,0,175000,25000,No,0.34615384615384615,False,4YR JR,No,Yes,21.96712328767123,-95,E,K,O
2025,11,331,Chicago Cubs,Eli Jerzembeck,369,P,2003-06-17,R/R,,South Carolina,Southeastern Conference,0,0,150000,0,No,,False,4YR JR,No,Yes,22.087671232876712,38,E,L,Q
2025,11,332,Seattle Mariners,Dusty Revis,408,P,2003-07-25,R/R,,Western Carolina,SoCon,0,0,150000,0,No,,False,4YR SR,No,Yes,21.983561643835618,76,E,K,R
2025,11,333,Arizona Diamondbacks,Luke Dotson,327,P,2004-06-10,L/L,,Mississippi State,Southeastern Conference,0,0,500000,350000,No,2.8461538461538463,False,4YR SO,No,Yes,21.104109589041094,-6,E,K,P
2025,11,334,Baltimore Orioles,Holden deJong,1320,P,2004-03-12,L/L,,New Jersey Institute of Technology,America East,0,0,150000,0,No,,False,4YR JR,No,Yes,21.350684931506848,986,E,K,R
2025,11,335,Milwaukee Brewers,CJ Hughes,196,SS,2007-09-09,S/R,,Junipero Serra HS (CA),,0,0,700000,550000,No,4.384615384615385,True,HS SR,No,Yes,17.854794520547944,-139,E,G,O
2025,11,336,Houston Astros,Justin Thomas,571,OF,2003-09-29,R/R,,Arkansas,Southeastern Conference,0,0,177500,27500,No,0.36538461538461536,False,4YR JR,No,Yes,21.802739726027397,235,E,K,R
2025,11,337,Atlanta Braves,Colin Daniel,2346,P,2003-09-10,R/R,,UAB,American Athletic Conference,0,0,150000,0,No,,False,4YR JR,No,Yes,21.854794520547944,2009,E,K,R
2025,11,338,Kansas City Royals,Hunter Alberini,398,P,2001-12-20,R/R,,Arizona,Big 12,0,0,150000,0,No,,False,4YR JR,No,Yes,23.578082191780823,60,E,M,R
2025,11,339,Detroit Tigers,River Hamilton,175,P,2006-10-04,R/R,LSU,Sam Barlow HS (OR),,0,0,497500,347500,No,2.826923076923077,True,HS SR,No,Yes,18.786301369863015,-164,E,H,O
2025,11,340,San Diego Padres,Truitt Madonna,497,C,2007-03-12,R/R,,Ballard HS (WA),,0,0,654000,504000,No,4.030769230769231,True,HS SR,No,Yes,18.350684931506848,157,E,H,R
2025,11,341,Philadelphia Phillies,Will Vierling,2311,C,2003-08-23,L/R,,Murray State University,Missouri Valley Conference,0,0,150000,0,No,,False,4YR JR,No,Yes,21.904109589041095,1970,E,K,R
2025,11,342,Cleveland Guardians,Tyler Howard,2261,C,2004-03-26,R/R,,University of Portland,West Coast Conference,0,0,150000,0,No,,False,4YR JR,No,Yes,21.312328767123287,1919,E,K,R
2025,11,343,New York Mets,Wyatt Vincent,292,OF,2006-08-22,R/R,,Nixa HS (MO),,0,0,272500,122500,No,1.0961538461538463,True,HS SR,No,Yes,18.904109589041095,-51,E,H,O
2025,11,344,New York Yankees,Ben Grable,763,P,2002-05-03,L/R,,Indiana,Big Ten,0,0,150000,0,No,,False,4YR 5S,No,Yes,23.21095890410959,419,E,M,R
2025,11,345,Los Angeles Dodgers,Dylan Tate,1184,P,2004-05-09,R/R,,Oklahoma,Southeastern Conference,0,0,251500,101500,No,0.9346153846153846,False,4YR JR,No,Yes,21.19178082191781,839,E,K,R
2025,12,346,Chicago White Sox,Ely Brown,2347,0,2004-07-13,L/L,,Mercer,SoCon,0,0,172500,22500,No,0.3269230769230769,False,4YR JR,No,Yes,21.013698630136986,2001,E,K,R
2025,12,347,Colorado Rockies,Brady Parker Jr.,2348,0,2004-05-24,L/L,,U Houston Victoria,NAIA,0,0,150000,0,No,,False,4YR JR,No,Yes,21.15068493150685,2001,E,K,R
2025,12,348,Miami Marlins,Wilson Weber,2313,C,2002-05-16,R/R,,Oregon State,DI Independent,0,0,100000,0,No,,False,4YR SR,No,Yes,23.175342465753424,1965,E,M,R
2025,12,349,Los Angeles Angels,Talon Haley,91,P,2006-01-22,R/L,Vanderbilt,Lewisburg HS (MS),,0,0,897500,747500,No,5.903846153846154,True,HS SR,No,Yes,19.484931506849314,-258,E,I,O
2025,12,350,Oakland Athletics,Alex Barr,579,P,2006-11-09,L/L,,Kankakee Valley HS (IN),,0,0,350000,200000,No,1.6923076923076923,True,HS SR,No,Yes,18.687671232876713,229,E,H,R
2025,12,351,Washington Nationals,Ben Moore,312,P,2004-03-24,L/L,,Old Dominion,Sun Belt,0,0,150000,0,No,,False,4YR JR,No,Yes,21.317808219178083,-39,E,K,P
2025,12,352,Toronto Blue Jays,Blaine Bullard,113,OF,2006-08-16,S/L,Texas A&M,Klein Cain HS (TX),,0,0,1697500,1547500,No,12.057692307692308,True,HS SR,No,Yes,18.92054794520548,-239,E,H,O
2025,12,353,Pittsburgh Pirates,Cameron Keshock,621,P,2003-10-29,R/R,,Samford University,SoCon,0,0,150000,0,No,,False,4YR JR,No,Yes,21.720547945205478,268,E,K,R
2025,12,354,Cincinnati Reds,Carson Latimer,913,P,2004-02-11,L/R,,Sacramento State,Western Athletic Conference,0,0,150000,0,No,,False,4YR JR,No,Yes,21.432876712328767,559,E,K,R
2025,12,355,Texas Rangers,Jake Barbee,1443,P,2006-08-27,R/R,,Jay M Robinson HS (NC),,0,0,300000,150000,No,1.3076923076923077,True,HS SR,No,Yes,18.89041095890411,1088,E,H,R
2025,12,356,San Francisco Giants,Cody Delvecchio,452,P,2004-01-15,R/R,,UCLA,Big Ten,0,0,150000,0,No,,False,4YR JR,No,Yes,21.506849315068493,96,E,K,R
2025,12,357,Tampa Bay Rays,Brady Jones,595,P,2004-07-02,R/R,,Georgia Tech,Atlantic Coast Conference,0,0,150000,0,No,,False,4YR JR,No,Yes,21.043835616438358,238,E,K,R
2025,12,358,Boston Red Sox,Ethan Walker,1230,P,2004-06-29,L/L,,Kentucky,Southeastern Conference,0,0,500000,350000,No,2.8461538461538463,False,4YR JR,No,Yes,21.052054794520547,872,E,K,R
2025,12,359,Minnesota Twins,Kolten Smith,336,P,2003-12-31,R/R,,Georgia,Southeastern Conference,0,0,200000,50000,No,0.5384615384615384,False,4YR JR,No,Yes,21.54794520547945,-23,E,K,P
2025,12,360,St. Louis Cardinals,Kaden Echeman,160,P,2002-12-16,L/R,,Northern Kentucky,Horizon,0,0,175000,25000,No,0.34615384615384615,False,4YR SR,No,Yes,22.589041095890412,-200,E,L,O
2025,12,361,Chicago Cubs,Connor Spencer,1027,P,2000-11-04,R/R,,Ole Miss,Southeastern Conference,0,0,100000,0,No,,False,4YR GR,No,Yes,24.704109589041096,666,E,M,R
2025,12,362,Seattle Mariners,Grant Jay,194,C,2003-09-23,R/R,,Dallas Baptist,Conference USA,0,0,150000,0,No,,False,4YR JR,No,Yes,21.81917808219178,-168,E,K,O
2025,12,363,Arizona Diamondbacks,Tayler Montiel,527,P,2002-07-05,L/L,,Tulane,American Athletic Conference,0,0,100000,0,No,,False,4YR SR,No,Yes,23.03835616438356,164,E,M,R
2025,12,364,Baltimore Orioles,Daniel Lopez,1073,P,2006-07-14,R/R,,Odessa College (TX),,0,0,Unsigned,,No,,False,JC J1,Yes,No,19.01095890410959,709,E,I,R
2025,12,365,Milwaukee Brewers,Cooper Underwood,195,P,2007-01-08,R/L,,Allatoona HS (GA),,0,0,Unsigned,,No,,True,HS SR,No,No,18.523287671232875,-170,E,H,O
2025,12,366,Houston Astros,Elijah Farley,2349,OF,2006-05-31,L/R,,Navarro HS,,0,0,150000,0,No,,True,HS SR,No,Yes,19.13150684931507,1983,E,I,R
2025,12,367,Atlanta Braves,Jay Woolfolk,310,P,2002-11-27,R/R,,Virginia,Atlantic Coast Conference,0,0,150000,0,No,,False,4YR SR,No,Yes,22.64109589041096,-57,E,L,O
2025,12,368,Kansas City Royals,Matthew Hoskins,436,P,2003-09-29,R/R,,Georgia,Southeastern Conference,0,0,150000,0,No,,False,4YR JR,No,Yes,21.802739726027397,68,E,K,R
2025,12,369,Detroit Tigers,Cash Kuiper,935,P,2004-12-26,R/R,,Murray State College (OK),,0,0,150000,0,No,,False,JC J2,Yes,Yes,20.55890410958904,566,E,J,R
2025,12,370,San Diego Padres,George Bilecki,2350,OF,2003-09-26,L/L,,Lewis,Great Lakes Valley Conference,0,0,150000,0,No,,False,4YR JR,No,Yes,21.81095890410959,1980,E,K,R
2025,12,371,Philadelphia Phillies,Tyler Bowen,508,P,2002-12-30,R/R,,Lander University,Peach Belt,0,0,150000,0,No,,False,4YR SR,No,Yes,22.55068493150685,137,E,L,R
2025,12,372,Cleveland Guardians,Ryan DeSanto,604,P,2003-10-05,L/L,,Penn State,Big Ten,0,0,150000,0,No,,False,4YR JR,No,Yes,21.786301369863015,232,E,K,R
2025,12,373,New York Mets,Truman Pauley,643,P,2003-12-26,R/R,,Harvard,Ivy League,0,0,400000,250000,No,2.076923076923077,False,4YR SO,No,Yes,21.561643835616437,270,E,K,R
2025,12,374,New York Yankees,Camden Troyer,892,OF,2002-08-03,L/L,,Liberty University,Conference USA,0,0,150000,0,No,,False,4YR SR,No,Yes,22.958904109589042,518,E,L,R
2025,12,375,Los Angeles Dodgers,Logan Lunceford,152,P,2003-11-13,R/R,,Wake Forest,Atlantic Coast Conference,0,0,150000,0,No,,False,4YR JR,No,Yes,21.67945205479452,-223,E,K,O
2025,13,376,Chicago White Sox,Rylan Galvan,257,C,2003-06-12,R/R,,Texas,Southeastern Conference,0,0,150000,0,No,,False,4YR JR,No,Yes,22.101369863013698,-119,E,L,O
2025,13,377,Colorado Rockies,Izeah Muniz,1357,P,2003-11-14,R/R,,Mt. San Antonio College (CA),,0,0,150000,0,No,,False,JC J2,Yes,Yes,21.676712328767124,980,E,K,R
2025,13,378,Miami Marlins,Chase Renner,958,P,2003-08-03,R/R,,Penn State,Big Ten,0,0,150000,0,No,,False,4YR SR,No,Yes,21.958904109589042,580,E,K,R
2025,13,379,Los Angeles Angels,Xavier Mitchell,172,P,2006-07-13,L/L,Texas,Prestonwood Christian Academy (TX),,0,0,872500,722500,No,5.711538461538462,True,HS SR,No,Yes,19.013698630136986,-207,E,I,O
2025,13,380,Oakland Athletics,Bryan Arendt,843,C,2003-04-05,R/R,,UNC Wilmington,Colonial Athletic Association,0,0,100000,0,No,,False,4YR SR,No,Yes,22.28767123287671,463,E,L,R
2025,13,381,Washington Nationals,Tucker Biven,491,P,2004-02-21,R/R,,Louisville,Atlantic Coast Conference,0,0,150000,0,No,,False,4YR JR,No,Yes,21.405479452054795,110,E,K,R
2025,13,382,Toronto Blue Jays,Trace Baker,331,P,2003-12-18,R/R,,UNC Wilmington,Colonial Athletic Association,0,0,150000,0,No,,False,4YR JR,No,Yes,21.583561643835615,-51,E,K,O
2025,13,383,Pittsburgh Pirates,Dylan Mathiesen,1177,P,2004-05-25,R/R,,Liberty University,Conference USA,0,0,150000,0,No,,False,4YR JR,No,Yes,21.147945205479452,794,E,K,R
2025,13,384,Cincinnati Reds,Brady Afthim,801,P,2002-11-25,R/R,,Connecticut,Big East,0,0,150000,0,No,,False,4YR SR,No,Yes,22.646575342465752,417,E,L,R
2025,13,385,Texas Rangers,Aiden Robertson,384,P,2005-04-12,R/R,,Walters State CC (TN),,0,0,Unsigned,,No,,False,JC J2,Yes,No,20.265753424657536,-1,E,J,P
2025,13,386,San Francisco Giants,Broedy Poppell,644,C,2002-06-13,S/R,,Florida A&M,Southwestern Athletic Conference,0,0,50000,0,No,,False,4YR SR,No,Yes,23.0986301369863,258,E,M,R
2025,13,387,Tampa Bay Rays,Ethan Storm,1228,P,2004-05-18,R/R,,Rock Valley College (IL),,0,0,150000,0,No,,False,JC J3,Yes,Yes,21.167123287671235,841,E,K,R
2025,13,388,Boston Red Sox,Jack Winnay,564,3B,2003-06-05,R/R,,Wake Forest,Atlantic Coast Conference,0,0,150000,0,No,,False,4YR JR,No,Yes,22.12054794520548,176,E,L,R
2025,13,389,Minnesota Twins,Callan Fang,639,P,2003-10-29,L/R,,Harvard,Ivy League,0,0,177500,27500,No,0.36538461538461536,False,4YR JR,No,Yes,21.720547945205478,250,E,K,R
2025,13,390,St. Louis Cardinals,Jake Shelagowski,1461,P,2003-11-17,R/R,,Saginaw Valley State,Great Lakes Intercollegiate Athletic Conference,0,0,150000,0,No,,False,4YR JR,No,Yes,21.66849315068493,1071,E,K,R
2025,13,391,Chicago Cubs,Nate Williams,419,P,2001-09-26,R/R,,Mississippi State,Southeastern Conference,0,0,150000,0,No,,False,4YR SR,No,Yes,23.81095890410959,28,E,M,Q
2025,13,392,Seattle Mariners,Aiden Taurek,2351,OF,2003-10-21,R/R,,Saint Mary's (CA),West Coast Conference,0,0,150000,0,No,,False,NS,No,Yes,21.742465753424657,1959,E,K,R
2025,13,393,Arizona Diamondbacks,Alex Galvan,712,P,2001-07-10,R/R,,Central Florida,Big 12,0,0,100000,0,No,,False,4YR 5S,No,Yes,24.024657534246575,319,E,M,R
2025,13,394,Baltimore Orioles,Brayden Smith,637,2B,2003-12-15,L/R,,Oklahoma State,Big 12,0,0,150000,0,No,,False,4YR JR,No,Yes,21.59178082191781,243,E,K,R
2025,13,395,Milwaukee Brewers,Gavin Lauridsen,315,P,2006-11-28,R/R,,Foothill HS (CA),,0,0,Unsigned,,No,,True,HS SR,No,No,18.635616438356163,-80,E,H,O
2025,13,396,Houston Astros,Aubrey Smith,2352,P,2004-03-15,L/R,,UNCW,Colonial Athletic Association,0,0,150000,0,No,,False,4YR JR,No,Yes,21.34246575342466,1956,E,K,R
2025,13,397,Atlanta Braves,Logan Forsythe,1755,P,2003-07-29,R/R,,Louisiana Tech,Conference USA,0,0,150000,0,No,,False,4YR JR,No,Yes,21.972602739726028,1358,E,K,R
2025,13,398,Kansas City Royals,Tyson Moran,2353,SS,2006-01-25,R/R,,No School,,0,0,247500,97500,No,0.9038461538461539,True,HS SR,No,Yes,19.476712328767125,1955,E,I,R
2025,13,399,Detroit Tigers,Jack Goodman,524,SS,2003-10-03,R/R,,Northeastern,Colonial Athletic Association,0,0,150000,0,No,,False,4YR JR,No,Yes,21.791780821917808,125,E,K,R
2025,13,400,San Diego Padres,Dylan Grego,1166,SS,2004-03-16,S/R,,Ball State,Mid-American Conference,0,0,150000,0,No,,False,4YR JR,No,Yes,21.339726027397262,766,E,K,R
2025,13,401,Philadelphia Phillies,Jack Barker,2354,OF,2005-06-23,L/L,,Col of Southern Idaho (ID),,0,0,150000,0,No,,False,JC J2,Yes,Yes,20.068493150684933,1953,E,J,R
2025,13,402,Cleveland Guardians,Aaron Savary,613,P,2004-07-21,R/R,,Iowa,Big Ten,0,0,150000,0,No,,False,4YR JR,No,Yes,20.991780821917807,211,E,J,R
2025,13,403,New York Mets,Frank Camarillo,1253,P,2004-02-03,R/R,,UC Santa Barbara,Big West,0,0,150000,0,No,,False,4YR JR,No,Yes,21.454794520547946,850,E,K,R
2025,13,404,New York Yankees,Kyle West,1724,OF,2002-11-02,L/R,,West Virginia,Big 12,0,0,150000,0,No,,False,4YR SR,No,Yes,22.70958904109589,1320,E,L,R
2025,13,405,Los Angeles Dodgers,Robby Porco,453,P,2004-04-04,R/R,,West Virginia,Big 12,0,0,147500,0,No,,False,4YR JR,No,Yes,21.28767123287671,48,E,K,Q
2025,14,406,Chicago White Sox,Max Banks,534,P,2003-05-07,R/R,,Washington,Big Ten,0,0,150000,0,No,,False,4YR SR,No,Yes,22.2,128,E,L,R
2025,14,407,Colorado Rockies,Luke Broderick,1781,P,2004-03-11,R/R,,Nebraska,Big Ten,0,0,165000,15000,No,0.2692307692307692,False,4YR JR,No,Yes,21.353424657534248,1374,E,K,R
2025,14,408,Miami Marlins,Carson Laws,609,P,2003-03-31,R/R,,Texas State,Sun Belt,0,0,150000,0,No,,False,4YR JR,No,Yes,22.301369863013697,201,E,L,R
2025,14,409,Los Angeles Angels,TJ Ford,2186,OF,2006-03-09,S/R,,Trinity Christian School (GA),,0,0,272500,122500,No,1.0961538461538463,True,HS SR,No,Yes,19.35890410958904,1777,E,I,R
2025,14,410,Oakland Athletics,Griffin Kirn,1304,P,2002-04-19,L/L,,West Virginia,Big 12,0,0,150000,0,No,,False,4YR 5S,No,Yes,23.24931506849315,894,E,M,R
2025,14,411,Washington Nationals,Nick Hollifield,2355,C,2003-07-25,R/R,,UAB,American Athletic Conference,0,0,150000,0,No,,False,4YR JR,No,Yes,21.983561643835618,1944,E,K,R
2025,14,412,Toronto Blue Jays,Noah Palmese,577,P,2003-07-23,R/R,,Webber International University,NAIA,0,0,150000,0,No,,False,4YR SR,No,Yes,21.98904109589041,165,E,K,R
2025,14,413,Pittsburgh Pirates,Connor Hamilton,522,P,2006-03-13,R/R,,Montgomery Bell Academy (TN),,0,0,Unsigned,,No,,True,HS SR,No,No,19.34794520547945,109,E,I,R
2025,14,414,Cincinnati Reds,Bryce Archie,847,P,2004-04-27,R/R,,South Florida,American Athletic Conference,0,0,150000,0,No,,False,4YR JR,No,Yes,21.224657534246575,433,E,K,R
2025,14,415,Texas Rangers,Landon Manzi,2356,P,2007-11-08,R/R,,Killingly HS (CT),,0,0,Unsigned,,No,,True,HS SR,No,No,17.69041095890411,1941,E,G,R
2025,14,416,San Francisco Giants,Trey Seeley,2228,P,2002-06-28,R/R,,Hope International University,Michigan Intercol. Ath. Assn.,0,0,25000,0,No,,False,4YR SR,No,Yes,23.057534246575344,1812,E,M,R
2025,14,417,Tampa Bay Rays,Jacob Hartlaub,1419,P,2002-09-04,R/R,,Ball State,Mid-American Conference,0,0,150000,0,No,,False,4YR SR,No,Yes,22.87123287671233,1002,E,L,R
2025,14,418,Boston Red Sox,Carter Rasmussen,927,P,2004-06-09,R/R,,Wofford,SoCon,0,0,150000,0,No,,False,4YR JR,No,Yes,21.106849315068494,509,E,K,R
2025,14,419,Minnesota Twins,Merit Jones,1877,P,2003-07-26,R/R,,Utah,Big 12,0,0,150000,0,No,,False,4YR JR,No,Yes,21.980821917808218,1458,E,K,R
2025,14,420,St. Louis Cardinals,Anthony Watts,2357,P,2004-03-08,R/R,,Iowa,Big Ten,0,0,150000,0,No,,False,4YR JR,No,Yes,21.361643835616437,1937,E,K,R
2025,14,421,Chicago Cubs,Kaemyn Franklin,1659,P,2006-01-10,R/R,,Victory Christian (OK),,0,0,200000,50000,No,0.5384615384615384,True,HS SR,No,Yes,19.517808219178082,1238,E,I,R
2025,14,422,Seattle Mariners,Luke Heyman,162,C,2003-07-09,R/R,,Florida,Southeastern Conference,0,0,230000,80000,No,0.7692307692307693,False,4YR JR,No,Yes,22.027397260273972,-260,E,L,O
2025,14,423,Arizona Diamondbacks,Blake Fields,782,OF,2007-06-08,R/R,,The First Academy (FL),,0,0,Unsigned,,No,,True,HS SR,No,No,18.10958904109589,359,E,H,R
2025,14,424,Baltimore Orioles,Brayan Orrantia,817,P,2005-08-22,R/R,,New Mexico JC (NM),,0,0,151000,1000,No,0.16153846153846155,False,JC J2,Yes,Yes,19.904109589041095,393,E,I,R
2025,14,425,Milwaukee Brewers,Brendan Brock,414,C,2004-08-03,R/R,,Southwestern Illinois College (IL),,0,0,Unsigned,,No,,False,JC J3,Yes,No,20.956164383561642,-11,E,J,P
2025,14,426,Houston Astros,Josh Wakefield,1617,OF,2004-06-08,L/L,,Grand Canyon University,Western Athletic Conference,0,0,150000,0,No,,False,4YR JR,No,Yes,21.10958904109589,1191,E,K,R
2025,14,427,Atlanta Braves,Mathieu Curtis,2358,P,2004-08-24,R/R,,Virginia Tech,Atlantic Coast Conference,0,0,150000,0,No,,False,4YR JR,No,Yes,20.898630136986302,1931,E,J,R
2025,14,428,Kansas City Royals,JC Vanek,189,1B,2004-09-10,L/L,,Chipola College (FL),,0,0,347500,197500,No,1.6730769230769231,False,JC J1,Yes,Yes,20.852054794520548,-239,E,J,O
2025,14,429,Detroit Tigers,Beau Ankeney,550,1B,2003-04-02,R/R,,Loyola Marymount University,West Coast Conference,0,0,150000,0,No,,False,4YR SR,No,Yes,22.295890410958904,121,E,L,R
2025,14,430,San Diego Padres,Clay Edmondson,554,P,2003-06-24,R/R,,UNC Asheville,Big South,0,0,100000,0,No,,False,4YR SR,No,Yes,22.068493150684933,124,E,L,R
2025,14,431,Philadelphia Phillies,Jonathan Gonzalez,1563,P,2002-08-09,L/L,,Stetson,Atlantic Sun Conference,0,0,50000,0,No,,False,4YR GR,No,Yes,22.942465753424656,1132,E,L,R
2025,14,432,Cleveland Guardians,Anthony Silva,2359,SS,2003-07-17,R/R,,TCU,Big 12,0,0,150000,0,No,,False,4YR JR,No,Yes,22.005479452054793,1927,E,L,R
2025,14,433,New York Mets,James Smith IV,1469,OF,2003-06-27,R/R,,University of Memphis,American Athletic Conference,0,0,Unsigned,,No,,False,4YR JR,No,No,22.06027397260274,1036,E,L,R
2025,14,434,New York Yankees,Brennan Stuprich,827,P,2001-11-09,R/R,,Southeastern Louisiana University,Southland,0,0,150000,0,No,,False,4YR GR,No,Yes,23.69041095890411,393,E,M,R
2025,14,435,Los Angeles Dodgers,Davis Chastain,2360,P,2004-06-23,R/R,,Georgia,Southeastern Conference,0,0,147500,0,No,,False,4YR JR,No,Yes,21.068493150684933,1925,E,K,R
2025,15,436,Chicago White Sox,Caedmon Parker,555,P,2003-06-03,R/R,,TCU,Big 12,0,0,150000,0,No,,False,4YR JR,No,Yes,22.126027397260273,119,E,L,R
2025,15,437,Colorado Rockies,Dylan Crooks,1162,P,2003-03-03,R/R,,Oklahoma,Southeastern Conference,0,0,175000,25000,No,0.34615384615384615,False,4YR SR,No,Yes,22.378082191780823,725,E,L,R
2025,15,438,Miami Marlins,Josh Hogue,1607,OF,2004-01-01,L/R,,NC State,Atlantic Coast Conference,0,0,150000,0,No,,False,4YR JR,No,Yes,21.545205479452054,1169,E,K,R
2025,15,439,Los Angeles Angels,Mikey Cascino,1908,P,2007-01-09,R/R,,A3 Academy (FL),,0,0,165000,15000,No,0.2692307692307692,True,HS SR,No,Yes,18.52054794520548,1469,E,H,R
2025,15,440,Oakland Athletics,Diego Rosa,1123,C,2006-11-12,R/R,,International Baseball Academy (PR),,0,0,125000,0,No,,True,HS SR,No,Yes,18.67945205479452,683,E,H,R
2025,15,441,Washington Nationals,Jacob Walsh,264,1B,2003-03-11,L/L,,Oregon,Big Ten,0,0,150000,0,No,,False,4YR SR,No,Yes,22.356164383561644,-177,E,L,O
2025,15,442,Toronto Blue Jays,Jake Casey,358,OF,2003-04-17,L/R,,Kent State,Mid-American Conference,0,0,150000,0,No,,False,4YR SR,No,Yes,22.254794520547946,-84,E,L,O
2025,15,443,Pittsburgh Pirates,McLane Moody,225,P,2006-09-05,R/R,,Northside Senior HS (AR),,0,0,463100,313100,No,2.562307692307692,True,HS SR,No,Yes,18.865753424657534,-218,E,H,O
2025,15,444,Cincinnati Reds,Andrew Shaffner,590,P,2002-12-31,R/R,,NC State,Atlantic Coast Conference,0,0,240000,90000,No,0.8461538461538461,False,4YR JR,No,Yes,22.54794520547945,146,E,L,R
2025,15,445,Texas Rangers,Luke Hanson,1784,SS,2003-08-26,R/R,,Virginia,Atlantic Coast Conference,0,0,150000,0,No,,False,4YR JR,No,Yes,21.895890410958906,1339,E,K,R
2025,15,446,San Francisco Giants,Damian Bravo,301,3B,2003-09-08,R/R,,Texas Tech,Big 12,0,0,150000,0,No,,False,4YR JR,No,Yes,21.86027397260274,-145,E,K,O
2025,15,447,Tampa Bay Rays,Alex Wallace,718,P,2004-04-13,R/R,,McLennan CC (TX),,0,0,150000,0,No,,False,JC J2,Yes,Yes,21.263013698630136,271,E,K,R
2025,15,448,Boston Red Sox,Skylar King,2150,OF,2003-11-21,L/L,,West Virginia,Big 12,0,0,150000,0,No,,False,4YR JR,No,Yes,21.65753424657534,1702,E,K,R
2025,15,449,Minnesota Twins,Reed Moring,2027,P,2004-07-26,R/R,,UC Santa Barbara,Big West,0,0,100000,0,No,,False,4YR JR,No,Yes,20.97808219178082,1578,E,J,R
2025,15,450,St. Louis Cardinals,Trevor Haskins,518,SS,2003-03-16,R/R,,Stanford,Atlantic Coast Conference,0,0,100000,0,No,,False,4YR SR,No,Yes,22.34246575342466,68,E,L,R
2025,15,451,Chicago Cubs,Noah Edders,485,P,2003-06-06,R/R,,Troy University,Sun Belt,0,0,100000,0,No,,False,4YR SR,No,Yes,22.117808219178084,34,E,L,Q
2025,15,452,Seattle Mariners,Brayden Corn,2361,OF,2003-08-10,R/R,,Western Carolina,SoCon,0,0,150000,0,No,,False,4YR JR,No,Yes,21.93972602739726,1909,E,K,R
2025,15,453,Arizona Diamondbacks,Hayden Murphy,325,P,2003-08-10,R/R,,Auburn,Southeastern Conference,0,0,150000,0,No,,False,4YR JR,No,Yes,21.93972602739726,-128,E,K,O
2025,15,454,Baltimore Orioles,KK Clark,2362,P,2004-08-24,R/R,,Pearl River CC (MS),,0,0,150000,0,No,,False,JC J2,Yes,Yes,20.898630136986302,1908,E,J,R
2025,15,455,Milwaukee Brewers,Dominic Cadiz,2363,3B,2006-11-21,R/R,,Notre Dame HS (CA),,0,0,Unsigned,,No,,True,HS SR,No,No,18.654794520547945,1908,E,H,R
2025,15,456,Houston Astros,DJ Newman,559,P,2003-08-17,R/R,,Bowling Green,Mid-American Conference,0,0,202500,52500,No,0.5576923076923077,False,4YR JR,No,Yes,21.92054794520548,103,E,K,R
2025,15,457,Atlanta Braves,Dallas Macias,568,OF,2003-10-28,L/R,,Oregon State,DI Independent,0,0,150000,0,No,,False,4YR JR,No,Yes,21.723287671232878,111,E,K,R
2025,15,458,Kansas City Royals,Connor Rasmussen,1026,SS,2004-03-01,L/R,,Tulane,American Athletic Conference,0,0,150000,0,No,,False,4YR JR,No,Yes,21.38082191780822,568,E,K,R
2025,15,459,Detroit Tigers,Charlie Christensen,2364,P,2003-10-13,R/R,,Central Ark.,Atlantic Sun Conference,0,0,150000,0,No,,False,4YR JR,No,Yes,21.764383561643836,1905,E,K,R
2025,15,460,San Diego Padres,Ryan Reed,2090,P,2003-12-26,L/L,,Pittsburgh,Atlantic Coast Conference,0,0,150000,0,No,,False,4YR JR,No,Yes,21.561643835616437,1630,E,K,R
2025,15,461,Philadelphia Phillies,Jacob Pruitt,420,P,2003-08-14,R/R,,Mississippi State,Southeastern Conference,0,0,150000,0,No,,False,4YR JR,No,Yes,21.92876712328767,-41,E,K,P
2025,15,462,Cleveland Guardians,Evan Chrest,396,P,2004-01-05,R/R,,Florida State,Atlantic Coast Conference,0,0,150000,0,No,,False,4YR JR,No,Yes,21.534246575342465,-66,E,K,O
2025,15,463,New York Mets,Conner Ware,329,P,2003-08-25,L/L,,LSU,Southeastern Conference,0,0,150000,0,No,,False,4YR JR,No,Yes,21.898630136986302,-134,E,K,O
2025,15,464,New York Yankees,Jack Cebert,1374,P,2002-04-01,R/R,,Texas Tech,Big 12,0,0,150000,0,No,,False,4YR SR,No,Yes,23.2986301369863,910,E,M,R
2025,15,465,Los Angeles Dodgers,Matt Lanzendorfer,1845,P,2001-11-22,L/L,,Virginia,Atlantic Coast Conference,0,0,147500,0,No,,False,4YR GR,No,Yes,23.654794520547945,1380,E,M,R
2025,16,466,Chicago White Sox,Kaleb Freeman,410,C,2002-11-11,S/R,,Georgia State,Sun Belt,0,0,150000,0,No,,False,4YR SR,No,Yes,22.684931506849313,-56,F,L,O
2025,16,467,Colorado Rockies,Seth Clausen,2140,P,2003-03-08,R/R,,Minnesota,Big Ten,0,0,50000,0,No,,False,4YR SR,No,Yes,22.364383561643837,1673,F,L,R
2025,16,468,Miami Marlins,RJ Shunck,2365,P,2003-12-31,R/L,,Toledo,Mid-American Conference,0,0,100000,0,No,,False,4YR JR,No,Yes,21.54794520547945,1897,F,K,R
2025,16,469,Los Angeles Angels,Gage Harrelson,653,OF,2004-04-27,L/L,,Florida State,Atlantic Coast Conference,0,0,150000,0,No,,False,4YR JR,No,Yes,21.224657534246575,184,F,K,R
2025,16,470,Oakland Athletics,Jackson Phipps,376,P,2001-10-01,L/L,,Jacksonville State,Conference USA,0,0,100000,0,No,,False,4YR 5S,No,Yes,23.797260273972604,-94,F,M,O
2025,16,471,Washington Nationals,Levi Huesman,1748,P,2003-08-10,R/L,,Vanderbilt,Southeastern Conference,0,0,150000,0,No,,False,4YR JR,No,Yes,21.93972602739726,1277,F,K,R
2025,16,472,Toronto Blue Jays,Jaxson West,1498,C,2003-08-08,L/R,,Florida State,Atlantic Coast Conference,0,0,150000,0,No,,False,4YR JR,No,Yes,21.945205479452056,1026,F,K,R
2025,16,473,Pittsburgh Pirates,Eddie King Jr.,580,OF,2003-01-07,R/R,,Louisville,Atlantic Coast Conference,0,0,125000,0,No,,False,4YR SR,No,Yes,22.528767123287672,107,F,L,R
2025,16,474,Cincinnati Reds,Maison Martinez,1805,P,2003-11-01,R/R,,Florida State,Atlantic Coast Conference,0,0,147500,0,No,,False,4YR JR,No,Yes,21.71232876712329,1331,F,K,R
2025,16,475,Texas Rangers,Jaxon Grossman,1492,P,2004-03-25,R/R,,Salt Lake CC (UT),,0,0,Unsigned,,No,,False,JC J2,Yes,No,21.315068493150687,1017,F,K,R
2025,16,476,San Francisco Giants,Garrett Langrell,2366,P,2001-05-05,R/R,,Creighton,Big East,0,0,50000,0,No,,False,4YR GR,No,Yes,24.205479452054796,1890,F,M,R
2025,16,477,Tampa Bay Rays,Riley Stanford,2051,OF,2003-06-14,R/R,,Georgia Tech,Atlantic Coast Conference,0,0,150000,0,No,,False,4YR JR,No,Yes,22.095890410958905,1574,F,L,R
2025,16,478,Boston Red Sox,Jason Gilman,2367,P,2003-04-26,L/L,,Kean,New Jersey Athletic Conference,0,0,150000,0,No,,False,4YR GR,No,Yes,22.23013698630137,1889,F,L,R
2025,16,479,Minnesota Twins,Jonathan Stevens,2368,P,2004-06-24,R/R,,Alabama,Southeastern Conference,0,0,172400,22400,No,0.3261538461538461,False,4YR SO,No,Yes,21.065753424657533,1889,F,K,R
2025,16,480,St. Louis Cardinals,Alex Breckheimer,549,P,2003-09-12,R/R,,Kansas,Big 12,0,0,200000,50000,No,0.5384615384615384,False,4YR JR,No,Yes,21.84931506849315,69,F,K,R
2025,16,481,Chicago Cubs,Riely Hunsaker,2369,P,2003-03-24,R/R,,Lamar,Southland,0,0,45000,0,No,,False,4YR SR,No,Yes,22.32054794520548,1888,F,L,R
2025,16,482,Seattle Mariners,Casey Hintz,565,P,2003-11-04,R/R,,Arizona,Big 12,0,0,150000,0,No,,False,4YR JR,No,Yes,21.704109589041096,83,F,K,R
2025,16,483,Arizona Diamondbacks,Collin Rothermel,1008,P,2002-08-28,R/R,,Jacksonville University,Atlantic Sun Conference,0,0,100000,0,No,,False,4YR SR,No,Yes,22.89041095890411,525,F,L,R
2025,16,484,Baltimore Orioles,Denton Biller,1109,P,2004-12-08,R/R,,Johnson County CC (KS),,0,0,151000,1000,No,0.16153846153846155,False,JC J1,Yes,Yes,20.60821917808219,625,F,J,R
2025,16,485,Milwaukee Brewers,Parker Coil,434,P,2004-01-06,R/L,,Arkansas,Southeastern Conference,0,0,Unsigned,,No,,False,4YR JR,No,No,21.53150684931507,-51,F,K,O
2025,16,486,Houston Astros,Chase Call,950,OF,2002-05-18,R/R,,University of California - Irvine,Big West,0,0,20000,0,No,,False,4YR SR,No,Yes,23.16986301369863,464,F,M,R
2025,16,487,Atlanta Braves,Nico Wagner,1956,P,2005-08-26,R/R,,West Valley College (CA),,0,0,150000,0,No,,False,JC J2,Yes,Yes,19.893150684931506,1469,F,I,R
2025,16,488,Kansas City Royals,Randy Ramnarace,2016,P,2004-09-27,L/R,,University of New Haven,Northeast 10,0,0,150000,0,No,,False,4YR JR,No,Yes,20.805479452054794,1528,F,J,R
2025,16,489,Detroit Tigers,Joe Ruzicka,1540,P,2003-12-14,R/R,,Belmont University,Missouri Valley Conference,0,0,150000,0,No,,False,4YR SR,No,Yes,21.594520547945205,1051,F,K,R
2025,16,490,San Diego Padres,Cardell Thibodeaux,624,OF,2003-12-18,L/L,,Southern,Southwestern Athletic Conference,0,0,150000,0,No,,False,4YR JR,No,Yes,21.583561643835615,134,F,K,R
2025,16,491,Philadelphia Phillies,Logan Dawson,360,SS,2006-06-15,L/R,,Eastern HS (NJ),,0,0,242500,92500,No,0.8653846153846154,True,HS SR,No,Yes,19.09041095890411,-131,F,I,O
2025,16,492,Cleveland Guardians,Luke Fernandez,168,P,2004-03-12,R/R,,Wallace State CC (AL),,0,0,100000,0,No,,False,JC J3,Yes,Yes,21.350684931506848,-324,F,K,O
2025,16,493,New York Mets,Zack Mack,2331,P,2002-10-18,R/R,,Loyola Marymount University,West Coast Conference,0,0,150000,0,No,,False,4YR SR,No,Yes,22.75068493150685,1838,F,L,R
2025,16,494,New York Yankees,Jackson Lovich,596,SS,2003-11-18,R/R,,Missouri,Southeastern Conference,0,0,150000,0,No,,False,4YR JR,No,Yes,21.665753424657535,102,F,K,R
2025,16,495,Los Angeles Dodgers,AJ Soldra,697,OF,2004-04-02,L/L,,Seton Hall,Big East,0,0,147500,0,No,,False,4YR SO,No,Yes,21.293150684931508,202,F,K,R
2025,17,496,Chicago White Sox,Derek Cerda,1111,OF,2003-02-10,R/R,,Kansas,Big 12,0,0,150000,0,No,,False,4YR JR,No,Yes,22.435616438356163,615,F,L,R
2025,17,497,Colorado Rockies,Derrick Smith,488,P,2003-12-01,R/R,,NC State,Atlantic Coast Conference,0,0,100000,0,No,,False,4YR JR,No,Yes,21.63013698630137,-9,F,K,P
2025,17,498,Miami Marlins,Xavier Cardenas III,2319,P,2003-06-12,R/R,,San Diego State,Mountain West,0,0,100000,0,No,,False,4YR JR,No,Yes,22.101369863013698,1821,F,L,R
2025,17,499,Los Angeles Angels,Cole Raymond,421,P,2006-09-22,L/R,,Avon Old Farms School (CT),,0,0,150000,0,No,,True,HS SR,No,Yes,18.81917808219178,-78,F,H,O
2025,17,500,Oakland Athletics,Jared Davis,1474,SS,2004-03-26,R/R,,Virginia Tech,Atlantic Coast Conference,0,0,100000,0,No,,False,4YR JR,No,Yes,21.312328767123287,974,F,K,R
2025,17,501,Washington Nationals,Bryce Molinaro,605,3B,2003-11-26,R/R,,Penn State,Big Ten,0,0,Unsigned,,No,,False,4YR JR,No,No,21.643835616438356,104,F,K,R
2025,17,502,Toronto Blue Jays,Jordan Rich,1587,OF,2007-06-18,L/L,,American Heritage School (FL),,0,0,150000,0,No,,True,HS SR,No,Yes,18.08219178082192,1085,F,H,R
2025,17,503,Pittsburgh Pirates,Carter Gwost,2370,OF,2007-02-16,L/L,,Little Falls HS (MN),,0,0,497500,347500,No,2.826923076923077,True,HS SR,No,Yes,18.416438356164385,1867,F,H,R
2025,17,504,Cincinnati Reds,Dylan King,1171,P,2002-06-24,R/R,,Troy University,Sun Belt,0,0,150000,0,No,,False,4YR SR,No,Yes,23.068493150684933,667,F,M,R
2025,17,505,Texas Rangers,Noah Franklin,284,C,2006-09-12,R/R,,TNXL Academy (FL),,0,0,275000,125000,No,1.1153846153846154,True,HS SR,No,Yes,18.846575342465755,-221,F,H,O
2025,17,506,San Francisco Giants,Luke Mensik,1791,P,2007-07-30,R/R,,Lincoln-Way Central HS (IL),,0,0,482500,332500,No,2.7115384615384617,True,HS SR,No,Yes,17.96712328767123,1285,F,G,R
2025,17,507,Tampa Bay Rays,Brody Donay,477,C,2003-09-29,R/R,,Florida,Southeastern Conference,0,0,150000,0,No,,False,4YR JR,No,Yes,21.802739726027397,-30,F,K,P
2025,17,508,Boston Red Sox,Patrick Galle,1988,P,2004-04-05,R/R,,Ole Miss,Southeastern Conference,0,0,150000,0,No,,False,4YR SO,No,Yes,21.284931506849315,1480,F,K,R
2025,17,509,Minnesota Twins,JP Smith,1624,3B,2004-10-31,R/R,,Sacramento State,Western Athletic Conference,0,0,75000,0,No,,False,4YR JR,No,Yes,20.71232876712329,1115,F,J,R
2025,17,510,St. Louis Cardinals,Cameron Nickens,636,OF,2003-07-11,R/R,,Austin Peay,Atlantic Sun Conference,0,0,50000,0,No,,False,4YR SR,No,Yes,22.02191780821918,126,F,L,R
2025,17,511,Chicago Cubs,Logan Poteet,1760,C,2003-11-12,R/R,,UNC Charlotte,American Athletic Conference,0,0,180000,30000,No,0.38461538461538464,False,4YR JR,No,Yes,21.682191780821917,1249,F,K,R
2025,17,512,Seattle Mariners,Anthony Karoly,2371,P,2004-03-17,R/R,,Nova Southeastern,Sunshine State,0,0,50000,0,No,,False,4YR JR,No,Yes,21.336986301369862,1859,F,K,R
2025,17,513,Arizona Diamondbacks,Joel Sarver,2372,P,2001-12-04,R/R,,UNC Charlotte,American Athletic Conference,0,0,75000,0,No,,False,4YR 5S,No,Yes,23.621917808219177,1859,F,M,R
2025,17,514,Baltimore Orioles,Braeden Sloan,339,P,2003-07-10,L/L,,TCU,Big 12,0,0,150000,0,No,,False,4YR JR,No,Yes,22.024657534246575,-175,F,L,O
2025,17,515,Milwaukee Brewers,Luke Roupe,533,P,2006-08-18,R/R,,Grace Christian School (NC),,0,0,225000,75000,No,0.7307692307692307,True,HS SR,No,Yes,18.915068493150685,18,F,H,Q
2025,17,516,Houston Astros,Grayson Saunier,1299,P,2004-04-24,L/R,,Texas,Southeastern Conference,0,0,150000,0,No,,False,4YR JR,No,Yes,21.232876712328768,783,F,K,R
2025,17,517,Atlanta Braves,Brody Fowler,2373,P,2003-10-09,R/R,,North Greenville University,Conference Carolinas,0,0,150000,0,No,,False,4YR JR,No,Yes,21.775342465753425,1856,F,K,R
2025,17,518,Kansas City Royals,Luke Nowak,1793,OF,2002-12-25,L/L,,UIC,Missouri Valley Conference,0,0,100000,0,No,,False,4YR SR,No,Yes,22.564383561643837,1275,F,L,R
2025,17,519,Detroit Tigers,Joey Wimpelberg,1548,P,2005-03-24,R/R,,Central Florida (FL),,0,0,197500,47500,No,0.5192307692307693,False,JC J2,Yes,Yes,20.317808219178083,1029,F,J,R
2025,17,520,San Diego Padres,Tyler Schmitt,2268,P,2004-08-10,R/R,,Illinois,Big Ten,0,0,150000,0,No,,False,4YR JR,No,Yes,20.936986301369863,1748,F,J,R
2025,17,521,Philadelphia Phillies,Richie Cortese,2041,P,2003-04-22,L/R,,Lander University,Peach Belt,0,0,150000,0,No,,False,4YR SR,No,Yes,22.24109589041096,1520,F,L,R
2025,17,522,Cleveland Guardians,Cannon Peebles,612,C,2004-01-16,S/R,,Tennessee,Southeastern Conference,0,0,150000,0,No,,False,4YR JR,No,Yes,21.504109589041096,90,F,K,R
2025,17,523,New York Mets,Sam Robertson,2374,SS,2004-07-17,R/R,,Northwest Shoals CC (AL),,0,0,150000,0,No,,False,JC J2,Yes,Yes,21.002739726027396,1851,F,K,R
2025,17,524,New York Yankees,Ryan Osinski,2087,P,2003-08-11,R/R,,Virginia,Atlantic Coast Conference,0,0,150000,0,No,,False,4YR JR,No,Yes,21.936986301369863,1563,F,K,R
2025,17,525,Los Angeles Dodgers,Sam Horn,128,P,2003-08-21,R/R,,Missouri,Southeastern Conference,0,0,497500,347500,No,2.826923076923077,False,4YR JR,No,Yes,21.90958904109589,-397,F,K,O
2025,18,526,Chicago White Sox,Landen Payne,1732,P,2003-05-17,R/R,,Southern Mississippi,Sun Belt,0,0,150000,0,No,,False,4YR SR,No,Yes,22.172602739726027,1206,F,L,R
2025,18,527,Colorado Rockies,Tyrelle Chadwick,2274,P,2003-06-22,R/R,,Illinois State,Missouri Valley Conference,0,0,125000,0,No,,False,4YR JR,No,Yes,22.073972602739726,1747,F,L,R
2025,18,528,Miami Marlins,Hayden Cutherbertson,2375,P,2004-01-19,L/L,,Miami (OH),Mid-American Conference,0,0,100000,0,No,,False,4YR JR,No,Yes,21.495890410958904,1847,F,K,R
2025,18,529,Los Angeles Angels,Angelo Smith,646,P,2004-04-23,R/R,,UCF,Big 12,0,0,150000,0,No,,False,4YR JR,No,Yes,21.235616438356164,117,F,K,R
2025,18,530,Oakland Athletics,Jay Dill,1499,P,2002-11-19,R/R,,Troy University,Sun Belt,0,0,100000,0,No,,False,4YR SR,No,Yes,22.663013698630138,969,F,L,R
2025,18,531,Washington Nationals,Owen Puk,1977,P,2002-10-27,R/R,,Florida International,Conference USA,0,0,150000,0,No,,False,4YR SR,No,Yes,22.726027397260275,1446,F,L,R
2025,18,532,Toronto Blue Jays,Will Cresswell,2299,C,2003-08-18,R/R,,Washington State,Mountain West,0,0,100000,0,No,,False,4YR SR,No,Yes,21.91780821917808,1767,F,K,R
2025,18,533,Pittsburgh Pirates,Canon Reeder,903,OF,2003-04-23,R/R,,Oregon State,DI Independent,0,0,150000,0,No,,False,4YR JR,No,Yes,22.23835616438356,370,F,L,R
2025,18,534,Cincinnati Reds,Ethan Moore,158,SS,2006-10-11,S/R,Tennessee,Oak Park and River Forest HS (IL),,0,0,Unsigned,,No,,True,HS SR,No,No,18.767123287671232,-376,F,H,O
2025,18,535,Texas Rangers,Julius Sanchez,1634,P,2003-10-19,R/R,,Illinois,Big Ten,0,0,150000,0,No,,False,4YR JR,No,Yes,21.747945205479454,1099,F,K,R
2025,18,536,San Francisco Giants,Cooper McGrath,1036,P,2001-05-25,R/R,,Northeastern,Colonial Athletic Association,0,0,10000,0,No,,False,4YR GR,No,Yes,24.15068493150685,500,F,M,R
2025,18,537,Tampa Bay Rays,Brayden Jones,820,P,2004-07-02,R/R,,Ole Miss,Southeastern Conference,0,0,75000,0,No,,False,4YR GR,No,Yes,21.043835616438358,283,F,K,R
2025,18,538,Boston Red Sox,Cade Fisher,635,P,2003-09-04,L/L,,Auburn,Southeastern Conference,0,0,150000,0,No,,False,4YR JR,No,Yes,21.87123287671233,97,F,K,R
2025,18,539,Minnesota Twins,Matthew Dalquist,2376,P,2003-02-25,S/R,,UC San Diego,Big West,0,0,150000,0,No,,False,4YR SR,No,Yes,22.394520547945206,1837,F,L,R
2025,18,540,St. Louis Cardinals,Dylan Driessen,1163,P,2004-09-17,R/R,,South Dakota State,Summit League,0,0,125000,0,No,,False,4YR JR,No,Yes,20.832876712328765,623,F,J,R
2025,18,541,Chicago Cubs,Connor Knox,1021,P,2004-06-29,L/R,,George Mason,Atlantic 10,0,0,140000,0,No,,False,4YR JR,No,Yes,21.052054794520547,480,F,K,R
2025,18,542,Seattle Mariners,Griffin Stieg,328,P,2004-01-08,R/R,,Virginia Tech,Atlantic Coast Conference,0,0,Unsigned,,No,,False,4YR JR,No,No,21.526027397260275,-214,F,K,O
2025,18,543,Arizona Diamondbacks,Raul Garayzar,2019,P,2003-05-09,R/R,,Arizona,Big 12,0,0,100000,0,No,,False,4YR SR,No,Yes,22.194520547945206,1476,F,L,R
2025,18,544,Baltimore Orioles,Cole Johnson,475,OF,2006-12-21,L/L,,Oconee County HS (GA),,0,0,Unsigned,,No,,True,HS SR,No,No,18.572602739726026,-69,F,H,O
2025,18,545,Milwaukee Brewers,Rylan Mills,2377,C,2006-06-28,R/R,,Oran HS (MO),,0,0,247500,97500,No,0.9038461538461539,True,HS SR,No,Yes,19.054794520547944,1832,F,I,R
2025,18,546,Houston Astros,Landon Arroyos,2378,SS,2007-04-24,R/R,,Grayson HS (GA),,0,0,252500,102500,No,0.9423076923076923,True,HS SR,No,Yes,18.232876712328768,1832,F,H,R
2025,18,547,Atlanta Braves,Aiven Cabral,461,P,2003-10-08,R/R,,Northeastern,Colonial Athletic Association,0,0,100000,0,No,,False,4YR JR,No,Yes,21.778082191780822,-86,F,K,O
2025,18,548,Kansas City Royals,Grayson Boles,375,P,2006-09-18,R/R,,St. Augustine HS (CA),,0,0,500000,350000,No,2.8461538461538463,True,HS SR,No,Yes,18.83013698630137,-173,F,H,O
2025,18,549,Detroit Tigers,Ethan Rogers,322,P,2007-03-19,L/L,,Lone Jack HS (MO),,0,0,Unsigned,,No,,True,HS SR,No,No,18.33150684931507,-227,F,H,O
2025,18,550,San Diego Padres,Landry Jurecka,2379,P,2003-01-21,R/R,,Queens (NC),Atlantic Sun Conference,0,0,75000,0,No,,False,4YR SR,No,Yes,22.49041095890411,1829,F,L,R
2025,18,551,Philadelphia Phillies,Matthew Potok,1860,P,2003-06-02,R/R,,Coastal Carolina,Sun Belt,0,0,150000,0,No,,False,4YR SR,No,Yes,22.12876712328767,1309,F,L,R
2025,18,552,Cleveland Guardians,Zane Petty,2335,P,2003-12-19,R/R,,Texas Tech,Big 12,0,0,100000,0,No,,False,4YR JR,No,Yes,21.58082191780822,1783,F,K,R
2025,18,553,New York Mets,Dillon Stiltner,561,P,2006-12-22,R/R,,Trinity Christian School (GA),,0,0,222690,72690,No,0.713,True,HS SR,No,Yes,18.56986301369863,8,F,H,Q
2025,18,554,New York Yankees,Justin West,1650,P,2003-09-19,R/L,,Louisville,Atlantic Coast Conference,0,0,150000,0,No,,False,4YR JR,No,Yes,21.83013698630137,1096,F,K,R
2025,18,555,Los Angeles Dodgers,Finn Edwards,1248,P,2005-08-30,R/R,,Iowa Western CC (IA),,0,0,Unsigned,,No,,False,JC J1,Yes,No,19.882191780821916,693,F,I,R
2025,19,556,Chicago White Sox,Nicholas Weyrich,1939,P,2003-03-11,R/R,,Marshall,Sun Belt,0,0,10000,0,No,,False,4YR SR,No,Yes,22.356164383561644,1383,F,L,R
2025,19,557,Colorado Rockies,Easton Marks,1187,P,2003-11-15,R/R,,Florida International,Conference USA,0,0,150000,0,No,,False,4YR JR,No,Yes,21.673972602739727,630,F,K,R
2025,19,558,Miami Marlins,Peyton Fosher,2000,P,2003-04-30,R/R,,Nevada,Mountain West,0,0,100000,0,No,,False,4YR SR,No,Yes,22.21917808219178,1442,F,L,R
2025,19,559,Los Angeles Angels,Ivan Tatis,2380,SS,2006-04-23,R/R,,Georgia Premier Academy (GA),,0,0,100000,0,No,,True,HS SR,No,Yes,19.235616438356164,1821,F,I,R
2025,19,560,Oakland Athletics,Itsuki Takemoto,1355,P,2004-04-09,L/R,,Hawaii,Big West,0,0,125000,0,No,,False,4YR SO,No,Yes,21.273972602739725,795,F,K,R
2025,19,561,Washington Nationals,Mason Pike,78,SS,2006-08-28,S/R,,Puyallup HS (WA),,0,0,Unsigned,,No,,True,HS SR,No,No,18.887671232876713,-483,F,H,O
2025,19,562,Toronto Blue Jays,Luke Kovach,1788,P,2003-03-24,L/L,,Cal Poly,Big West,0,0,150000,0,No,,False,4YR SR,No,Yes,22.32054794520548,1226,F,L,R
2025,19,563,Pittsburgh Pirates,Brandon Cain,651,OF,2004-08-30,R/R,,Oklahoma,Southeastern Conference,0,0,100000,0,No,,False,4YR JR,No,Yes,20.882191780821916,88,F,J,R
2025,19,564,Cincinnati Reds,Myles Upchurch,166,P,2006-11-28,R/R,,St. Albans HS (DC),,0,0,Unsigned,,No,,True,HS SR,No,No,18.635616438356163,-398,F,H,O
2025,19,565,Texas Rangers,Cory Geinzer,2381,P,2006-07-02,R/R,,Col Of Central Florida (FL),,0,0,225000,75000,No,0.7307692307692307,False,JC J1,Yes,Yes,19.043835616438358,1816,F,I,R
2025,19,566,San Francisco Giants,Braydon Risley,2393,P,2005-03-30,L/L,,Grayson College (TX),,0,0,100000,0,No,,False,JC J2,Yes,Yes,20.301369863013697,1827,F,J,R
2025,19,567,Tampa Bay Rays,Blake Morgan,785,P,2003-06-21,L/L,,Old Dominion,Sun Belt,0,0,50000,0,No,,False,4YR SR,No,Yes,22.076712328767123,218,F,L,R
2025,19,568,Boston Red Sox,Fabian Bonilla,1244,OF,2007-07-09,R/R,,Christian Military Academy (PR),,0,0,150000,0,No,,True,HS SR,No,Yes,18.024657534246575,676,F,H,R
2025,19,569,Minnesota Twins,Matthew Becker,1853,P,2003-01-14,R/L,,South Carolina,Southeastern Conference,0,0,25000,0,No,,False,4YR SR,No,Yes,22.50958904109589,1284,F,L,R
2025,19,570,St. Louis Cardinals,Liam Best,1749,P,2003-08-06,R/R,,Appalachian State,Sun Belt,0,0,100000,0,No,,False,4YR SR,No,Yes,21.95068493150685,1179,F,K,R
2025,19,571,Chicago Cubs,Caleb Barnett,333,3B,2006-09-19,R/R,,Mountain Brook HS (AL),,0,0,Unsigned,,No,,True,HS SR,No,No,18.827397260273973,-238,F,H,O
2025,19,572,Seattle Mariners,Cameron Appenzeller,58,P,2007-01-18,L/L,,Glenwood HS (IL),,0,0,Unsigned,,No,,True,HS SR,No,No,18.495890410958904,-514,F,H,O
2025,19,573,Arizona Diamondbacks,Jacob Parker,102,OF,2006-08-08,L/R,,Purvis HS (MS),,0,0,Unsigned,,No,,True,HS SR,No,No,18.942465753424656,-471,F,H,O
2025,19,574,Baltimore Orioles,Jimmy Anderson,2382,SS,2005-09-07,R/R,,Heartland CC (IL),,0,0,Unsigned,,No,,False,JC J1,Yes,No,19.86027397260274,1808,F,I,R
2025,19,575,Milwaukee Brewers,Chase Bentley,949,P,2007-05-10,R/R,,IMG Academy (FL),,0,0,757500,607500,No,4.826923076923077,True,HS SR,No,Yes,18.18904109589041,374,F,H,R
2025,19,576,Houston Astros,Joey McLaughlin,1544,OF,2007-07-12,L/L,,Harrah HS (OK),,0,0,Unsigned,,No,,True,HS SR,No,No,18.016438356164382,968,F,H,R
2025,19,577,Atlanta Braves,Ryan Heppner,2383,P,2004-11-25,R/R,,U British Columbia (BC),NAIA,0,0,100000,0,No,,False,4YR JR,No,Yes,20.643835616438356,1806,F,J,R
2025,19,578,Kansas City Royals,Dylan Wood,523,P,2006-12-28,R/R,,Franklin HS (CA),,0,0,Unsigned,,No,,True,HS SR,No,No,18.553424657534247,-55,F,H,O
2025,19,579,Detroit Tigers,Meridian Leffew,2384,SS,2007-02-19,R/R,,Gaston Christian School (NC),,0,0,164500,14500,No,0.2653846153846154,True,HS SR,No,Yes,18.40821917808219,1805,F,H,R
2025,19,580,San Diego Padres,Jonathan Vastine,1570,SS,2002-10-17,L/R,,Vanderbilt,Southeastern Conference,0,0,50000,0,No,,False,4YR SR,No,Yes,22.753424657534246,990,F,L,R
2025,19,581,Philadelphia Phillies,Robert Phelps,2062,SS,2004-01-30,R/R,,Reinhardt University,NAIA,0,0,75000,0,No,,False,4YR JR,No,Yes,21.465753424657535,1481,F,K,R
2025,19,582,Cleveland Guardians,Derek Munoz,2385,P,2007-09-21,R/R,,Miami Christain School (FL),,0,0,Unsigned,,No,,True,HS SR,No,No,17.82191780821918,1803,F,G,R
2025,19,583,New York Mets,Joe Scarborough,1541,P,2004-04-18,L/R,,Jacksonville State,Conference USA,0,0,150000,0,No,,False,4YR JR,No,Yes,21.24931506849315,958,F,K,R
2025,19,584,New York Yankees,Hayden Morris,1314,P,2005-01-24,R/R,,Blinn College (TX),,0,0,Unsigned,,No,,False,JC J1,Yes,No,20.47945205479452,730,F,J,R
2025,19,585,Los Angeles Dodgers,Anson Aroz,608,C,2002-10-31,S/R,,Oregon,Big Ten,0,0,147500,0,No,,False,4YR SR,No,Yes,22.715068493150685,23,F,L,Q
2025,20,586,Chicago White Sox,Andrew Sentlinger,738,P,2003-10-13,L/L,,Virginia Tech,Atlantic Coast Conference,0,0,150000,0,No,,False,4YR JR,No,Yes,21.764383561643836,152,F,K,R
2025,20,587,Colorado Rockies,Ethan Cole,2386,P,2003-11-26,L/L,,Augustana (SD),Northern Sun Intercollegiate Conference,0,0,150000,0,No,,False,4YR JR,No,Yes,21.643835616438356,1799,F,K,R
2025,20,588,Miami Marlins,Cannon Pickell,902,P,2002-10-03,R/R,,Western Carolina,SoCon,0,0,5000,0,No,,False,4YR 5S,No,Yes,22.791780821917808,314,F,L,R
2025,20,589,Los Angeles Angels,Sam Tookoian,2118,P,2003-05-25,L/R,,Ole Miss,Southeastern Conference,0,0,50000,0,No,,False,4YR JR,No,Yes,22.15068493150685,1529,F,L,R
2025,20,590,Oakland Athletics,Kade Brown,589,P,2004-04-28,R/R,,Sacramento State,Western Athletic Conference,0,0,125000,0,No,,False,4YR JR,No,Yes,21.221917808219178,-1,F,K,P
2025,20,591,Washington Nationals,Juan Cruz,465,1B,2004-09-09,R/R,,Alabama State University,Southwestern Athletic Conference,0,0,150000,0,No,,False,4YR JR,No,Yes,20.854794520547944,-126,F,J,O
2025,20,592,Toronto Blue Jays,Ty Peeples,241,OF,2006-10-17,L/R,,Franklin County HS (GA),,0,0,Unsigned,,No,,True,HS SR,No,No,18.75068493150685,-351,F,H,O
2025,20,593,Pittsburgh Pirates,Nick Frusco,407,P,2007-05-09,L/L,,Miller Place HS (NY),,0,0,Unsigned,,No,,True,HS SR,No,No,18.19178082191781,-186,F,H,O
2025,20,594,Cincinnati Reds,Leamsi Montanez,1745,C,2006-12-28,L/R,,Leadership Christian Academy (PR),,0,0,Unsigned,,No,,True,HS SR,No,No,18.553424657534247,1151,F,H,R
2025,20,595,Texas Rangers,Jay McQueen,464,OF,2006-10-12,R/L,,Brandon HS (MS),,0,0,280000,130000,No,1.1538461538461537,True,HS SR,No,Yes,18.764383561643836,-131,F,H,O
2025,20,596,San Francisco Giants,Elijah McNeal,1207,SS,2007-02-23,R/R,,Dublin HS (CA),,0,0,Unsigned,,No,,True,HS SR,No,No,18.397260273972602,611,F,H,R
2025,20,597,Tampa Bay Rays,Ike Young,1344,SS,2007-07-23,R/R,,Monticello HS (IL),,0,0,Unsigned,,No,,True,HS SR,No,No,17.986301369863014,747,F,G,R
2025,20,598,Boston Red Sox,Garrison Sumner,2387,P,2004-01-27,R/R,,BYU,Big 12,0,0,Unsigned,,No,,False,4YR JR,No,No,21.473972602739725,1789,F,K,R
2025,20,599,Minnesota Twins,Michael Hilker,2388,P,2004-08-24,R/R,,Arizona,Big 12,0,0,125000,0,No,,False,4YR JR,No,Yes,20.898630136986302,1789,F,J,R
2025,20,600,St. Louis Cardinals,Chase Heath,2389,C,2003-07-14,R/R,,Central Mo.,Mid-America Intercollegiate,0,0,5000,0,No,,False,4YR SR,No,Yes,22.013698630136986,1789,F,L,R
2025,20,601,Chicago Cubs,Freddy Rodriguez,2390,P,2004-04-13,R/R,,Hawaii,Big West,0,0,50000,0,No,,False,4YR JR,No,Yes,21.263013698630136,1789,F,K,R
2025,20,602,Seattle Mariners,Estevan Moreno,1218,SS,2003-10-18,R/R,,Notre Dame,Atlantic Coast Conference,0,0,150000,0,No,,False,4YR JR,No,Yes,21.75068493150685,616,F,K,R
2025,20,603,Arizona Diamondbacks,Ethin Bingaman,154,P,2006-09-30,R/R,,Corona Senior HS (CA),,0,0,Unsigned,,No,,True,HS SR,No,No,18.797260273972604,-449,F,H,O
2025,20,604,Baltimore Orioles,Connor Gehr,2391,P,2006-02-01,L/R,,Meridian CC (MS),,0,0,230500,80500,No,0.7730769230769231,False,JC J1,Yes,Yes,19.457534246575342,1787,F,I,R
2025,20,605,Milwaukee Brewers,Ma'Kale Holden,405,P,2007-02-19,R/R,,Thompson HS (AL),,0,0,410000,260000,No,2.1538461538461537,True,HS SR,No,Yes,18.40821917808219,-200,F,H,O
2025,20,606,Houston Astros,Curtis Hebert,1052,SS,2003-08-22,R/R,,University of Portland,West Coast Conference,0,0,150000,0,No,,False,4YR JR,No,Yes,21.90684931506849,446,F,K,R
2025,20,607,Atlanta Braves,Hayden Friese,1310,OF,2004-08-16,L/R,,Western Carolina,SoCon,0,0,100000,0,No,,False,4YR JR,No,Yes,20.92054794520548,703,F,J,R
2025,20,608,Kansas City Royals,Kamden Edge,1669,P,2004-09-23,R/R,,Northern Oklahoma JC (OK),,0,0,150000,0,No,,False,JC J1,Yes,Yes,20.816438356164383,1061,F,J,R
2025,20,609,Detroit Tigers,Kameron Douglas,2392,OF,2004-07-03,R/R,,Alabama St.,Southwestern Athletic Conference,0,0,150000,0,No,,False,4YR JR,No,Yes,21.041095890410958,1783,F,K,R
2025,20,610,San Diego Padres,Luke Cantwell,1782,1B,2003-01-14,L/R,,Pittsburgh,Atlantic Coast Conference,0,0,50000,0,No,,False,4YR SR,No,Yes,22.50958904109589,1172,F,L,R
2025,20,611,Philadelphia Phillies,Landon Schaefer,131,SS,2006-08-24,R/R,Arkansas,Fayetteville Sr HS (AR),,0,0,Unsigned,,No,,True,HS SR,No,No,18.898630136986302,-480,F,H,O
2025,20,612,Cleveland Guardians,Vaughn Neckar,250,P,2006-12-26,R/R,,Vista Murrieta HS (CA),,0,0,Unsigned,,No,,True,HS SR,No,No,18.55890410958904,-362,F,H,O
2025,20,613,New York Mets,Garrett Stratton,1273,P,2003-08-01,R/R,,Rice,American Athletic Conference,0,0,150000,0,No,,False,4YR JR,No,Yes,21.964383561643835,660,F,K,R
2025,20,614,New York Yankees,Bryce Martin-Grudzielanek,855,SS,2003-06-04,R/R,,USC,Big Ten,0,0,150000,0,No,,False,4YR SR,No,Yes,22.123287671232877,241,F,L,R
2025,20,615,Los Angeles Dodgers,Shane Brinham,583,P,2007-08-13,R/L,,Handsworth SS (BC),,0,0,Unsigned,,No,,True,HS JR,No,No,17.92876712328767,-32,F,G,P
