year,ncaa_id,first_name,last_name,transfer_date,update_date,division,institution,sport,multi_sport,conference,status,notes
2023-24,1911741368,BREANNA,RICE,08/02/2023,08/02/2023,II,Alderson Broaddus University,Softball,,Sport not sponsored,Active,
2023-24,2210700121,ISABELA,GALLARDO,08/02/2023,08/02/2023,II,Belmont Abbey College,Softball,,Conference Carolinas,Active,
2023-24,1809310538,BRENAY,HOWARD,08/03/2023,08/03/2023,II,Claflin University,Softball,,Central Intercollegiate Athletic Association,Active,
2023-24,2207624010,JENNA,BONEYSTEELE,08/07/2023,08/07/2023,II,Alderson Broaddus University,Softball,,Sport not sponsored,Active,
2023-24,2206588104,CECELIA,HOGEL,08/14/2023,08/14/2023,II,Coker University,Softball,,South Atlantic Conference,Active,
2023-24,2008901366,BREONNA,MARIETTA,08/03/2023,08/22/2023,II,Alderson Broaddus University,Softball,,Sport not sponsored,Matriculated,
2023-24,2008904986,LAWSON,GERLAND,08/04/2023,08/22/2023,II,Alderson Broaddus University,Softball,,Sport not sponsored,Matriculated,
2023-24,2104141969,AMBER,CORLEY,08/18/2023,08/22/2023,II,Alderson Broaddus University,Softball,,Sport not sponsored,Matriculated,
2023-24,1907640967,GRACE,SOBECK,08/07/2023,08/22/2023,II,Alderson Broaddus University,Softball,,Sport not sponsored,Matriculated,
2023-24,1904537472,BRIANNA,SERSEVIC,08/08/2023,08/23/2023,II,Alderson Broaddus University,Softball,,Sport not sponsored,Matriculated,
2023-24,2108303946,MALEAH,MURPHY,08/24/2023,08/24/2023,II,Kentucky State University,Softball,,Southern Intercol. Ath. Conf.,Active,
2023-24,2006881069,MEGAN,ASHER,08/03/2023,08/24/2023,III,DePauw University,Softball,,North Coast Athletic Conference,Matriculated,
2023-24,1711955556,KATHRYN,VERMEULEN,08/25/2023,08/25/2023,III,Grinnell College,Softball,,Midwest Conference,Active,
2023-24,1606511333,SAMANTHA,GOODCASE,08/25/2023,08/25/2023,I,Yale University,Softball,,The Ivy League,Active,
2023-24,1801101141,MIRANDA,STODDARD,08/18/2023,08/25/2023,I,University of Kentucky,Softball,,Southeastern Conference,Matriculated,
2023-24,2110342320,MALIAH,LEE,08/27/2023,08/27/2023,II,Georgia College,Softball,,Peach Belt Conference,Active,
2023-24,2012973327,ALEXA,LEE,08/25/2023,08/28/2023,II,Caldwell University,Softball,,Central Atlantic Collegiate Conference,Active,
2023-24,1909695371,KAMARIA,KELLY,08/11/2023,08/28/2023,II,Alderson Broaddus University,Women's Acrobatics and Tumbling|Softball,,Sport not sponsored|Sport not sponsored,Active,
2023-24,1911734724,CORTNEY,FIZER,08/03/2023,08/28/2023,II,Alderson Broaddus University,Softball,,Sport not sponsored,Matriculated,
2023-24,2207603082,RYLEE,VERCANDE,08/13/2023,08/28/2023,I,University of Northern Iowa,Softball,,Missouri Valley Conference,Active,
2023-24,2104157262,ANGELINA,BORJA,08/17/2023,08/28/2023,II,Alderson Broaddus University,Softball,,Sport not sponsored,Active,
2023-24,1809299315,MOLLY,CHAMBERS,08/29/2023,08/29/2023,I,Princeton University,Softball,,The Ivy League,Active,
2023-24,2204494210,FRANCHESCA,ALVARO,08/30/2023,09/01/2023,II,Alderson Broaddus University,Softball,,Sport not sponsored,Matriculated,
2023-24,1711964498,RYLEE,NISHIMOTO,08/30/2023,09/01/2023,II,Sonoma State University,Softball,,California Collegiate Athletic Association,Active,
2023-24,2306937356,GILLIAN,ZACK,08/29/2023,09/01/2023,III,Muhlenberg College,Softball,,Centennial Conference,Active,
2023-24,2101993632,GABRIELLA,GOSMAN,09/03/2023,09/08/2023,I,Norfolk State University,Softball,,Mid-Eastern Athletic Conf.,Active,
2023-24,1903467675,MORGAN,TESSER,09/07/2023,09/08/2023,II,Adelphi University,Softball,,Northeast-10 Conference,Active,
2023-24,2106183786,AVERY,CURRAN,08/05/2023,09/11/2023,II,"Pennsylvania Western University, California",Softball,,Pennsylvania State Athletic Conference,Matriculated,
2023-24,2101984126,MADISON,LESTER,08/02/2023,09/11/2023,II,"Pennsylvania Western University, California",Softball,,Pennsylvania State Athletic Conference,Matriculated,
2023-24,2309108194,LAUREN,HARRIS,09/12/2023,09/12/2023,III,Grove City College,Softball,,Presidents' Athletic Conference,Active,
2023-24,1711956779,ELIZABETH,VERMEULEN,09/13/2023,09/13/2023,III,Grinnell College,Softball,,Midwest Conference,Active,
2023-24,2308993164,ABIGAIL,ORSO,08/28/2023,09/14/2023,III,Colby College,Softball,,New England Small College Athletic Conference,Active,
2023-24,1904505372,ERIN,MURPHY,08/10/2023,09/15/2023,II,University of Mary,Softball,,Northern Sun Intercollegiate Conference,Matriculated,
2023-24,2111365503,AVERY,SICKERI,09/15/2023,09/15/2023,II,West Chester University of Pennsylvania,Softball,,Pennsylvania State Athletic Conference,Active,
2023-24,2007896106,AUBRIE,HENDERSON,08/07/2023,09/21/2023,III,McMurry University,Softball,,American Southwest Conference,Active,
2023-24,2109319948,MARISSA,METZ,09/21/2023,09/21/2023,I,Georgia State University,Softball,,Sun Belt Conference,Active,
2023-24,2109313952,KATRINA,DAVIS,09/25/2023,09/25/2023,II,Kutztown University of Pennsylvania,Softball,,Pennsylvania State Athletic Conference,Active,
2023-24,2109319903,KAILEE,RICHMOND,09/26/2023,09/27/2023,II,Lincoln University (Pennsylvania),Softball,,Central Intercollegiate Athletic Association,Active,
2023-24,2206590393,MIRALBA,SANDEZ,09/26/2023,09/27/2023,II,Virginia Union University,Softball,,Central Intercollegiate Athletic Association,Active,
2023-24,2310126356,EMILY,BINDER,10/04/2023,10/04/2023,II,Kutztown University of Pennsylvania,Softball,,Pennsylvania State Athletic Conference,Active,
2023-24,2305910318,AMAYIA,HERNANDEZ,10/04/2023,10/04/2023,II,Rollins College,Softball,,Sunshine State Conference,Active,
2023-24,2111365946,KAITLYN,JAGIELSKI,10/05/2023,10/05/2023,II,Goldey-Beacom College,Softball,,Central Atlantic Collegiate Conference,Active,
2023-24,2108289038,AUBREY,MARX,10/06/2023,10/06/2023,I,Oregon State University,Softball,,Pac-12 Conference,Active,
2023-24,1810318306,MEREDITH,PAVLIK,08/11/2023,10/06/2023,III,Susquehanna University,Softball,,Landmark Conference,Matriculated,
2023-24,1910712615,MEKIELA,SIBLEY,10/09/2023,10/09/2023,II,New Mexico Highlands University,Softball,,Rocky Mountain Athletic Conference,Active,
2023-24,2107242966,KRISTAL,TORRES,10/12/2023,10/12/2023,II,East Stroudsburg University of Pennsylvania,Softball,,Pennsylvania State Athletic Conference,Active,
2023-24,1911732804,SARA,FREDERICKSON,10/12/2023,10/13/2023,III,Baldwin Wallace University,Softball,,Ohio Athletic Conference,Active,
2023-24,1905579722,KATHERINE,CHAPPLE,10/16/2023,10/16/2023,II,Frostburg State University,Softball,,Mountain East Conference,Active,
2023-24,2310133909,ARABELLE,WALTON,10/18/2023,10/18/2023,III,Crown College (Minnesota),Softball,,Upper Midwest Athletic Conference,Active,
2023-24,2310138534,ASHLYN,RAPACZ,10/17/2023,10/18/2023,III,Aurora University,Softball,,Northern Athletics Collegiate Conference,Active,
2023-24,2205567356,ALEXIS,ADKINS,10/17/2023,10/18/2023,II,Concord University,Softball,,Mountain East Conference,Active,
2023-24,1909684878,GABRIELLA,PANEBIANCO,10/19/2023,10/19/2023,III,Alvernia University,Softball,,Middle Atlantic Conference Commonwealth,Active,
2023-24,2210684790,MADISON,STURTZ,10/19/2023,10/19/2023,II,East Stroudsburg University of Pennsylvania,Softball,,Pennsylvania State Athletic Conference,Active,
2023-24,2310140112,MADISON,LOURENCO,10/19/2023,10/19/2023,III,University of Redlands,Softball,,Southern California Intercollegiate Athletic Conf.,Active,
2023-24,2211731710,MARAH,WYRICK,10/20/2023,10/20/2023,II,Quincy University,Softball,,Great Lakes Valley Conference,Active,
2023-24,2209673591,MICHAELA,HARRISON,10/23/2023,10/24/2023,II,Lander University,Softball,,Peach Belt Conference,Active,
2023-24,1905578767,MADISON,PRIDE,10/26/2023,10/26/2023,II,North Greenville University,Softball,,Conference Carolinas,Active,
2023-24,2210706141,MADISON,HANDY,11/02/2023,11/02/2023,II,North Greenville University,Softball,,Conference Carolinas,Active,
2023-24,2311151886,SOPHIA,VILCHEZ,11/02/2023,11/02/2023,III,Eastern Connecticut State University,Softball,,Little East Conference,Active,
2023-24,1707853441,GRETCHEN,BUNOVSKY,11/02/2023,11/02/2023,I,Yale University,Softball,,The Ivy League,Active,
2023-24,1809278534,LAUREN,BOBOWSKI,11/08/2023,11/08/2023,I,Harvard University,Softball,,The Ivy League,Active,
2023-24,2007885008,PARIS,BALILONIS,11/08/2023,11/08/2023,II,Caldwell University,Softball,,Central Atlantic Collegiate Conference,Active,
2023-24,2307953601,HOPE,FICHER,11/07/2023,11/08/2023,II,The University of Texas Permian Basin,Softball,,Lone Star Conference,Active,
2023-24,2110345782,RILEE,IRBY,11/09/2023,11/09/2023,II,Lincoln University (Pennsylvania),Softball,,Central Intercollegiate Athletic Association,Active,
2023-24,2101991915,SOPHIA,CURRAO,11/14/2023,11/14/2023,II,Saint Anselm College,Softball,,Northeast-10 Conference,Active,
2023-24,2206592226,BRIDGETTE,MONTES,11/14/2023,11/14/2023,II,Texas A&M International University,Softball,,Lone Star Conference,Active,
2023-24,2210707756,ELAYNA,GOFF,11/15/2023,11/15/2023,II,Upper Iowa University,Softball,,Great Lakes Valley Conference,Active,
2023-24,1807230933,AMANDA,CERRETANI,11/15/2023,11/15/2023,III,Keene State College,Softball,,Little East Conference,Active,
2023-24,1909699841,SIERRA,SANDERSON,11/16/2023,11/16/2023,II,Frostburg State University,Softball,,Mountain East Conference,Active,
2023-24,2010947755,SOFIA,ZAYAS,11/17/2023,11/18/2023,III,Kenyon College,Softball,,North Coast Athletic Conference,Active,
2023-24,2005854766,ABBEY,UNDERDAHL,11/20/2023,11/20/2023,III,Crown College (Minnesota),Softball,,Upper Midwest Athletic Conference,Active,
2023-24,2306917278,KENZIE,TUCK,11/20/2023,11/21/2023,II,Southwestern Oklahoma State University,Softball,,Great American Conference,Active,
2023-24,1708872227,KACI,ALDERSON,08/22/2023,11/27/2023,II,Mercyhurst University,Softball,,Pennsylvania State Athletic Conference,Matriculated,
2023-24,2307957074,ABIGAIL,CLARK,11/28/2023,11/28/2023,II,American International College,Field Hockey|Softball,,Northeast-10 Conference|Northeast-10 Conference,Active,
2023-24,2105174136,ABBIE,LANDRUM,09/26/2023,11/29/2023,I,Saint Peter's University,Softball,,Metro Atlantic Athletic Conference,Active,
2023-24,1907633390,LEA,WHITE,11/30/2023,11/30/2023,I,University of Massachusetts Lowell,Softball,,America East Conference,Active,
2023-24,1905584352,KAYLEE,BARRETT,11/30/2023,11/30/2023,II,Shorter University,Softball,,Gulf South Conference,Active,
2023-24,2009913738,KAITLYN,BELFIELD,09/19/2023,11/30/2023,III,Brooklyn College,Softball,,City University of New York Athletic Conference,Withdrawn,
2023-24,2211725144,LEAH,SAUNDERS,11/30/2023,11/30/2023,III,Eastern Nazarene College,Softball|Women's Soccer,,North Atlantic Conference|North Atlantic Conference,Active,
2023-24,2004851774,CAMRYN,ALTIMUS,12/01/2023,12/01/2023,I,South Dakota State University,Softball,,The Summit League,Active,
2023-24,1909674270,MADISON,OGDEN,12/01/2023,12/01/2023,I,Morehead State University,Softball,,Ohio Valley Conference,Active,
2023-24,1810333733,KAILEY,SAMORA,12/01/2023,12/01/2023,I,"California State University, Bakersfield",Softball,,Big West Conference,Active,
2023-24,2011959600,SYDNEY,REID,12/01/2023,12/02/2023,I,University of Missouri-Kansas City,Softball,,The Summit League,Active,
2023-24,2111369216,CYDNEY,KIEDAISCH,12/02/2023,12/02/2023,II,West Chester University of Pennsylvania,Softball,,Pennsylvania State Athletic Conference,Active,
2023-24,2002801623,VICTORIA,WASHINSKI,12/04/2023,12/05/2023,II,Glenville State University,Softball,,Mountain East Conference,Active,
2023-24,2011957352,ABIGAYLE,RUSSELL,11/22/2023,12/06/2023,II,Southwest Minnesota State University,Softball,,Northern Sun Intercollegiate Conference,Withdrawn,
2023-24,1805195378,KASSIDY,STETLER,12/06/2023,12/06/2023,II,"California State University, Monterey Bay",Softball,,California Collegiate Athletic Association,Active,
2023-24,2007890821,ANGELINA,CRAIG,12/01/2023,12/06/2023,I,Oklahoma State University,Softball,Yes - Softball,Big 12 Conference,Withdrawn,
2023-24,1710953069,MEGAN,DONAHUE,08/17/2023,12/07/2023,I,University of Wisconsin-Madison,Softball,,Big Ten Conference,Withdrawn,
2023-24,2210688214,KAYLA,SETO,12/07/2023,12/07/2023,I,South Dakota State University,Softball,,The Summit League,Active,
2023-24,2102105769,AVERY,BYRNES,12/07/2023,12/07/2023,III,Cabrini University,Softball,,Atlantic East Conference,Withdrawn,
2023-24,2106209062,ALEXANDRA,SCIARRETTO,12/01/2023,12/09/2023,I,Stonehill College,Softball,,Northeast Conference,Withdrawn,
2023-24,2011966631,AALIYAH,MARRERO,12/11/2023,12/12/2023,III,Hendrix College,Softball,,Southern Athletic Association,Active,
2023-24,2110345527,KAITLYN,RODRIGUEZ,12/01/2023,12/15/2023,I,Hampton University,Softball,,Coastal Athletic Association,Active,
2023-24,2308991905,MADISON,HEUER,12/18/2023,12/19/2023,II,Bloomfield College,Softball,,Central Atlantic Collegiate Conference,Active,
2023-24,2107250351,SUMMER,LAGOMARSINO,12/20/2023,12/20/2023,II,New Mexico Highlands University,Softball,,Rocky Mountain Athletic Conference,Active,
2023-24,2009918314,JUSTICE,PALMER,12/06/2023,12/22/2023,I,Ohio University,Softball,,Mid-American Conference,Active,
2023-24,2109319495,HAYLE,WITHEE,12/18/2023,12/22/2023,II,The College of Saint Rose,Softball,,Northeast-10 Conference,Active,
2023-24,1910705508,ALYSE,HARVEY,09/07/2023,12/22/2023,II,"Minnesota State University, Mankato",Softball,,Northern Sun Intercollegiate Conference,Active,
2023-24,1810336996,KAILA,EASTBURN,08/10/2023,12/27/2023,I,Grand Canyon University,Softball,,Western Athletic Conference,Active,
2023-24,2107274941,ASHLEY,BUSH,11/30/2023,01/03/2024,I,James Madison University,Softball,,Sun Belt Conference,Active,
2023-24,1810322027,MARGO,HOPPER,08/18/2023,01/03/2024,III,St. Lawrence University,Softball,,Liberty League,Active,
2023-24,1808261937,CIARRA,MATA,11/17/2023,01/03/2024,I,University of Texas at San Antonio,Softball,,American Athletic Conference,Active,
2023-24,1810326610,EMMA,FROST,09/13/2023,01/04/2024,II,Lincoln Memorial University,Softball,,South Atlantic Conference,Matriculated,
2023-24,1706821528,ALYSSA,WONG,10/18/2023,01/04/2024,II,Fort Lewis College,Softball,,Rocky Mountain Athletic Conference,Matriculated,
2023-24,2310149272,LAUREN,CREON,11/13/2023,01/05/2024,III,Albion College,Softball,Yes - Softball,Michigan Intercol. Ath. Assn.,Active,
2023-24,2102106758,KAYLA,EVANS,08/02/2023,01/05/2024,II,Bowie State University,Softball,,Central Intercollegiate Athletic Association,Active,
2023-24,2010942379,JAYLEE,MARSHALL,12/07/2023,01/07/2024,I,Santa Clara University,Softball,,West Coast Conference,Active,
2023-24,2306925121,JAEDA,FIGUEROA,12/01/2023,01/08/2024,I,St. John's University (New York),Softball,,Big East Conference,Active,
2023-24,2109327561,MAKAYLA,COOPER,12/06/2023,01/09/2024,I,East Tennessee State University,Softball,,Southern Conference,Active,
2023-24,2007889833,KEIRA,CARRILLO,12/07/2023,01/10/2024,I,"California State University, Fresno",Softball,Yes - Softball,Mountain West Conference,Matriculated,
2023-24,2312176843,ELLEN,TARJAN,12/06/2023,01/12/2024,III,Salisbury University,Softball,,Coast-To-Coast Athletic Conference,Matriculated,
2023-24,2204492878,KENDAL,MILLER,12/01/2023,01/12/2024,II,University of Alabama in Huntsville,Softball,,Gulf South Conference,Matriculated,
2023-24,2009928709,ELLA,CORWELL,01/12/2024,01/12/2024,III,Wilkes University,Women's Basketball|Softball,,Landmark Conference|Landmark Conference,Active,
2023-24,2108297348,REILLY,AUSTIN,10/17/2023,01/12/2024,I,Stonehill College,Softball,,Northeast Conference,Active,
2023-24,1710940141,BRIDGET,DUNHAM,01/02/2024,01/13/2024,I,Florida International University,Softball,,Conference USA,Active,
2023-24,2009914722,DESIREE,RIVERA,12/01/2023,01/16/2024,I,Oregon State University,Softball,,Pac-12 Conference,Matriculated,
2023-24,2010941695,GABRIELLE,MCCONNELL,11/28/2023,01/16/2024,II,West Texas A&M University,Softball,,Lone Star Conference,Matriculated,
2023-24,2211731672,SOPHIA,PROPPS,12/06/2023,01/16/2024,I,Oakland University,Softball,,Horizon League,Matriculated,
2023-24,1509286049,MADELYN,WRIGHT,11/01/2023,01/17/2024,I,The University of North Carolina at Charlotte,Softball,,American Athletic Conference,Matriculated,
2023-24,1912765959,DESMYN,OWENS,01/16/2024,01/17/2024,II,Virginia State University,Softball,,Central Intercollegiate Athletic Association,Active,
2023-24,1710936079,MADISON,COLLINS,12/01/2023,01/17/2024,I,Tarleton State University,Softball,,Western Athletic Conference,Matriculated,
2023-24,1710933920,TAYLOR,MARCHIN,11/09/2023,01/17/2024,II,Southwestern Oklahoma State University,Softball,,Great American Conference,Matriculated,
2023-24,1904514536,MORGAN,BRUMBAUGH,12/12/2023,01/18/2024,II,Shippensburg University of Pennsylvania,Softball,,Pennsylvania State Athletic Conference,Matriculated,
2023-24,2005854701,RILEY,MCDANIEL,12/01/2023,01/19/2024,I,California Baptist University,Softball,Yes - Softball,Western Athletic Conference,Matriculated,
2023-24,2206586608,GIANNA,MISSITI,01/19/2024,01/20/2024,III,Norwich University,Softball|Women's Soccer,,Great Northeast Athletic Conference|Great Northeast Athletic Conference,Active,
2023-24,2210704363,HALEY,DYSON,09/21/2023,01/21/2024,I,Alabama State University,Softball,,Southwestern Athletic Conf.,Matriculated,
2023-24,2202428139,SOFIA,MAZZOLA,01/22/2024,01/22/2024,III,Catholic University,Softball,,Landmark Conference,Active,
2023-24,2006876676,MIKAYLA,O'BRIEN,09/27/2023,01/22/2024,III,University of Scranton,Softball,,Landmark Conference,Matriculated,
2023-24,2008901138,CAITLYN,BAUER,10/05/2023,01/22/2024,II,Concord University,Softball,,Mountain East Conference,Matriculated,
2023-24,2012979535,KAILA,POLLARD,12/01/2023,01/22/2024,I,University of Florida,Softball,,Southeastern Conference,Matriculated,
2023-24,2302779545,SAVANNAH,CLAUSEN,12/01/2023,01/23/2024,I,"California State University, Bakersfield",Softball,,Big West Conference,Matriculated,
2023-24,2312174151,BROOKE,VENTRELLE,12/03/2023,01/24/2024,III,Middlebury College,Softball,,New England Small College Athletic Conference,Matriculated,
2023-24,1908671102,ISABELLA,MILAZZO,12/03/2023,01/24/2024,II,The College of Saint Rose,Softball,,Northeast-10 Conference,Matriculated,
2023-24,2004836216,ABIGAIL,RHOADS,01/25/2024,01/25/2024,III,North Park University,Softball,,College Conference of Illinois & Wisconsin,Active,
2023-24,1905586405,SOFIA,KNOPF,01/25/2024,01/25/2024,III,Wheaton College (Massachusetts),Softball,,New England Women's and Men's Athletic Conference,Active,
2023-24,2109336929,JORDAN,RIVERA,11/10/2023,01/25/2024,II,Francis Marion University,Softball,,Conference Carolinas,Matriculated,
2023-24,2204519082,TATIANNA,MATUZ,01/24/2024,01/25/2024,III,Baldwin Wallace University,Softball,,Ohio Athletic Conference,Active,
2023-24,2110359777,VIVIAN,MEDINILLA,01/25/2024,01/26/2024,II,Newman University,Softball,,Mid-America Intercollegiate Athletics Association,Active,
2023-24,2106215047,ZOEY,MCDONOUGH,12/20/2023,01/26/2024,I,College of the Holy Cross,Softball,,Patriot League,Matriculated,
2023-24,1910719991,MAVICA,MENDEZ,01/26/2024,01/27/2024,II,East Stroudsburg University of Pennsylvania,Softball,,Pennsylvania State Athletic Conference,Active,
2023-24,2005866527,ALIVIA,MACALUSO,12/01/2023,01/29/2024,I,Seton Hall University,Softball,,Big East Conference,Matriculated,
2023-24,2208645543,GIANNA,POLETTI,09/08/2023,01/29/2024,I,Auburn University,Softball,,Southeastern Conference,Matriculated,
2023-24,2209677989,KINSLEY,DUNN,11/07/2023,01/30/2024,II,North Greenville University,Softball,,Conference Carolinas,Matriculated,
2023-24,2109337208,ANGELYNA,RODRIGUEZ,10/02/2023,01/30/2024,II,East Stroudsburg University of Pennsylvania,Softball,,Pennsylvania State Athletic Conference,Matriculated,
2023-24,2402210204,STEPHANIE,GRIFFIN,02/02/2024,02/02/2024,III,The College of Wooster,Softball,,North Coast Athletic Conference,Active,
2023-24,2108298396,TRISLYNN,PANGANORAN,10/27/2023,02/05/2024,II,West Virginia Wesleyan College,Softball,,Mountain East Conference,Matriculated,
2023-24,2109330293,MADISON,BACHMAN,12/07/2023,02/05/2024,I,University of Texas at El Paso,Softball,Yes - Softball,Conference USA,Matriculated,
2023-24,1801997403,JULIA,BOYET,09/07/2023,02/06/2024,I,Duke University,Softball,,Atlantic Coast Conference,Matriculated,
2023-24,2008912985,MACY,KROHMAN,12/01/2023,02/07/2024,I,University of Illinois Urbana-Champaign,Softball,,Big Ten Conference,Matriculated,
2023-24,1907638911,MEGHAN,CONNOR,02/08/2024,02/08/2024,II,Saint Michael's College,Softball,,Northeast-10 Conference,Active,
2023-24,2105177748,HANNAH,BURNETT,09/29/2023,02/08/2024,I,Grand Canyon University,Softball,,Western Athletic Conference,Matriculated,
2023-24,2209673728,KARISSA,WILLIAMS,02/07/2024,02/09/2024,I,University of the Incarnate Word,Softball,,Southland Conference,Active,
2023-24,2102114361,MAKAYLA,VINSON,01/31/2024,02/10/2024,II,Bowie State University,Softball,,Central Intercollegiate Athletic Association,Active,
2023-24,2402217444,ALEXANDRIA,PAINTNER,02/12/2024,02/12/2024,III,Greenville University,Softball,,St. Louis Intercollegiate Athletic Conference,Active,
2023-24,2206592533,JAZMYN,THOMPSON,02/12/2024,02/12/2024,II,Emmanuel University (Georgia),Softball,,Conference Carolinas,Active,
2023-24,1910731760,RAVEN,DEFRAIN,02/13/2024,02/13/2024,II,Northwest Missouri State University,Softball,,Mid-America Intercollegiate Athletics Association,Active,
2023-24,2211710768,KINSLEY,HALL,01/05/2024,02/13/2024,II,University of Mount Olive,Softball,,Conference Carolinas,Matriculated,
2023-24,2106212318,RILEY,MARSHALL,02/15/2024,02/15/2024,II,Adams State University,Softball,,Rocky Mountain Athletic Conference,Active,
2023-24,2109321237,GEORGIA,POLYDOROS,12/01/2023,02/16/2024,I,California Baptist University,Softball,,Western Athletic Conference,Matriculated,
2023-24,1909672777,DAHLIA,FINK,10/24/2023,02/19/2024,II,Bentley University,Softball,,Northeast-10 Conference,Matriculated,
2023-24,2108291983,BIANCA,POLISTINA,10/19/2023,02/21/2024,II,Saint Leo University,Softball,,Sunshine State Conference,Active,
2023-24,2108294366,KATHRYN,ROSE,09/26/2023,02/22/2024,II,Lincoln Memorial University,Softball,,South Atlantic Conference,Active,
2023-24,2003831983,EMELIA,CARVALHO,02/23/2024,02/23/2024,II,Southern New Hampshire University,Softball,,Northeast-10 Conference,Active,
2023-24,2402224341,JAMISIN,MANZANARES,02/22/2024,02/23/2024,III,Lyon College,Softball,,St. Louis Intercollegiate Athletic Conference,Active,
2023-24,1911738527,JORDAN,KAVANAGH,08/08/2023,02/24/2024,I,Western Michigan University,Softball,,Mid-American Conference,Active,
2023-24,2109328330,AMBER,HUGHES,02/27/2024,02/27/2024,II,North Greenville University,Softball,,Conference Carolinas,Active,
2023-24,2308982924,VICTORIA,QUINTANA,03/04/2024,03/05/2024,III,Houghton University,Softball,,Empire 8,Active,
2023-24,2403233441,INEZ,HATORI-LAA,03/06/2024,03/06/2024,III,St. Catherine University,Softball,,Minnesota Intercollegiate Athletic Conference,Active,
2023-24,2206574627,MEGAN,MURPHY,03/07/2024,03/07/2024,II,University of Wisconsin-Parkside,Softball,,Great Lakes Intercollegiate Athletic Conference,Active,
2023-24,2403233423,VICTORIA,VALENTINE,03/06/2024,03/07/2024,III,Vermont State University Lyndon,Softball,,North Atlantic Conference,Active,
2023-24,2207620267,MADISON,ADAMS,03/08/2024,03/08/2024,III,Illinois Wesleyan University,Softball,,College Conference of Illinois & Wisconsin,Active,
2023-24,2202435861,ALEXSA,BEDNAREK,10/31/2023,03/08/2024,III,"Concordia College, Moorhead",Softball,,Minnesota Intercollegiate Athletic Conference,Matriculated,
2023-24,2111371563,JORDAN,CHAMBERLAIN,12/05/2023,03/08/2024,I,University of Massachusetts Lowell,Softball,,America East Conference,Matriculated,
2023-24,2010948501,CHELSEA,THOMPSON,11/29/2023,03/12/2024,II,University of Charleston (West Virginia),Softball,,Mountain East Conference,Matriculated,
2023-24,2403234463,HANNAH,CORVINO,03/07/2024,03/12/2024,III,Vermont State University Lyndon,Softball,,North Atlantic Conference,Active,
2023-24,2112397162,RYLEIGH,CARRAWAY,12/01/2023,03/14/2024,I,Purdue University Fort Wayne,Softball,,Horizon League,Active,
2023-24,2207599887,MIA,AMORINO,03/20/2024,03/20/2024,III,Marywood University,Softball,,Atlantic East Conference,Active,
2023-24,2005866625,KORI,ROMINGER,03/20/2024,03/20/2024,II,Southern Wesleyan University,Softball,,Conference Carolinas,Active,
2023-24,2208644059,TAYLOR,SAIN,03/22/2024,03/22/2024,II,West Virginia Wesleyan College,Softball,,Mountain East Conference,Active,
2023-24,2402225212,EMILY,DOYLE,03/26/2024,03/26/2024,III,Bethany Lutheran College,Softball,,Upper Midwest Athletic Conference,Active,
2023-24,2101983812,MADILYN,CICERO,03/26/2024,03/26/2024,III,Waynesburg University,Softball,,Presidents' Athletic Conference,Active,
2023-24,2208633483,CORRIN,KENNEDY,03/26/2024,03/26/2024,I,Jacksonville University,Softball,,Atlantic Sun Conference,Active,
2023-24,1909677265,SARA,ROLLINS,03/28/2024,03/28/2024,I,Coastal Carolina University,Softball,,Sun Belt Conference,Active,
2023-24,2111367963,JACEY,POWER,03/29/2024,03/29/2024,II,East Central University,Softball,,Great American Conference,Active,
2023-24,2001794927,MACKIENZEE,RASHEED,04/02/2024,04/02/2024,II,Lincoln University (Pennsylvania),Softball,,Central Intercollegiate Athletic Association,Active,
2023-24,2202441104,CAITLIN,JORDAN,04/03/2024,04/03/2024,III,Immaculata University,Softball,,Atlantic East Conference,Active,
2023-24,1706828438,KRISTYN,SMITH,04/04/2024,04/04/2024,I,Manhattan University,Softball,,Metro Atlantic Athletic Conference,Active,
2023-24,1903451601,MIYAH,JACKSON,04/05/2024,04/05/2024,II,Henderson State University,Softball,,Great American Conference,Active,
2023-24,2004843779,BAILEY,QUIRE,04/04/2024,04/05/2024,III,Vermont State University Lyndon,Softball,,North Atlantic Conference,Active,
2023-24,1604458895,ERICKA,YOUNG,04/05/2024,04/05/2024,II,Benedict College,Softball,,Southern Intercol. Ath. Conf.,Active,
2023-24,2305915160,ALEXIA,MARTINEZ,04/08/2024,04/08/2024,II,Palm Beach Atlantic University,Softball,,Sunshine State Conference,Active,
2023-24,1709913255,JADE,GOMEZ-CHAVARRIA,08/31/2023,04/09/2024,III,Rosemont College,Softball,,United East Conference,Withdrawn,
2023-24,2004843832,RACHEL,VARGA,04/09/2024,04/09/2024,II,Lake Erie College,Softball,,Great Midwest Athletic Conference,Active,
2023-24,2111367950,NATALIE,JOHNSON,04/10/2024,04/10/2024,II,Grand Valley State University,Softball,,Great Lakes Intercollegiate Athletic Conference,Active,
2023-24,2008898980,ALYSSA,BUKSZAR,04/11/2024,04/11/2024,II,Converse University,Softball,,Conference Carolinas,Active,
2023-24,2404266792,ARIEL,LASHINSKY,04/12/2024,04/13/2024,III,Occidental College,Softball,,Southern California Intercollegiate Athletic Conf.,Active,
2023-24,2211713538,ABBY,RAGAN,04/15/2024,04/15/2024,II,Erskine College,Softball,,Conference Carolinas,Active,
2023-24,2109314190,JACLYN,MORALES,04/16/2024,04/16/2024,II,New Mexico Highlands University,Softball,,Rocky Mountain Athletic Conference,Active,
2023-24,2208630562,EMMA,WHITE,04/15/2024,04/16/2024,II,Virginia State University,Softball,,Central Intercollegiate Athletic Association,Active,
2023-24,1609573317,ALEXIS,DETWILER,09/19/2023,04/16/2024,I,Troy University,Softball,,Sun Belt Conference,Matriculated,
2023-24,2112401636,KAITLYN,BAYDIAN,04/16/2024,04/16/2024,I,George Washington University,Softball,,Atlantic 10 Conference,Active,
2023-24,2306933266,SAMANTHA,JENKINS,04/17/2024,04/17/2024,II,University of Findlay,Softball,,Great Midwest Athletic Conference,Active,
2023-24,2404272670,EMMA,CRAIG,04/17/2024,04/17/2024,III,Averett University,Softball,,Old Dominion Athletic Conf.,Active,
2023-24,2011955356,MACKENZIE,TURNER,04/15/2024,04/17/2024,II,Newberry College,Softball,,South Atlantic Conference,Active,
2023-24,2404274016,DALLAS,ROARK,04/18/2024,04/18/2024,III,Vermont State University-Johnson,Softball,,North Atlantic Conference,Active,
2023-24,2105180958,ABBY,WRINN,12/05/2023,04/18/2024,III,"University of Maine, Farmington",Softball|Women's Volleyball,,North Atlantic Conference|Sport not sponsored,Withdrawn,
2023-24,2212745011,BAILEY,FORD,04/19/2024,04/19/2024,III,University of Dubuque,Softball,,American Rivers Conference,Active,
2023-24,1810315648,TAYLOR,MCNEAL,04/22/2024,04/22/2024,II,Benedict College,Softball,,Southern Intercol. Ath. Conf.,Active,
2023-24,2305910947,FAITH,THIGPEN,04/22/2024,04/22/2024,II,The University of Texas Permian Basin,Softball,,Lone Star Conference,Active,
2023-24,2404276481,SAMANTHA,SOK,04/22/2024,04/22/2024,III,University of Dubuque,Softball,,American Rivers Conference,Active,
2023-24,2206581998,MIA,MICUCCI,04/23/2024,04/23/2024,III,University of New England,Softball,,Commonwealth Coast Conference,Active,
2023-24,2202444241,NOVALEE,BYBEL,04/25/2024,04/25/2024,II,Shippensburg University of Pennsylvania,Softball,,Pennsylvania State Athletic Conference,Active,
2023-24,2106194694,MADISON,SHEADEL,04/25/2024,04/25/2024,II,Converse University,Softball,,Conference Carolinas,Active,
2023-24,2204522876,NEOMI,THOMAS,04/25/2024,04/25/2024,II,Kentucky State University,Softball,,Southern Intercol. Ath. Conf.,Active,
2023-24,2009914560,CHEYENNE,DEGROSS,03/10/2024,04/27/2024,I,George Mason University,Softball,,Atlantic 10 Conference,Withdrawn,
2023-24,1805192114,JAZMYN,CAMERON,02/16/2024,04/27/2024,II,Texas A&M International University,Softball,,Lone Star Conference,Active,
2023-24,1909672759,DELANEY,MILLS,04/29/2024,04/29/2024,II,Northeastern State University,Softball,,Mid-America Intercollegiate Athletics Association,Active,
2023-24,2211721626,ANNA,CHAPMAN,04/23/2024,04/29/2024,II,D'Youville University,Softball,,East Coast Conference,Withdrawn,
2023-24,2109309841,MCKAYLA,MANDINA,04/26/2024,04/29/2024,II,West Virginia Wesleyan College,Softball,,Mountain East Conference,Active,
2023-24,2005866500,SOPHIA,MEDINA,04/29/2024,04/29/2024,II,Chowan University,Softball,,Conference Carolinas,Active,
2023-24,2111376226,KRISTA,HEALY,04/29/2024,04/29/2024,II,Adams State University,Softball,,Rocky Mountain Athletic Conference,Active,
2023-24,2307952735,KATHRYN,SEXTON,04/29/2024,04/29/2024,II,Florida Institute of Technology,Softball,,Sunshine State Conference,Active,
2023-24,2005863751,MCKENNA,MORRIS,04/29/2024,04/29/2024,II,Upper Iowa University,Softball,,Great Lakes Valley Conference,Active,
2023-24,2210691914,RILEY,WILSON,04/29/2024,04/30/2024,II,Southern Wesleyan University,Softball,,Conference Carolinas,Active,
2023-24,2108309109,LAYNNE,MILLER,04/30/2024,04/30/2024,II,Biola University,Softball,,Pacific West Conference,Active,
2023-24,2109323046,ISABELLA,THEUS,04/30/2024,04/30/2024,II,Georgia College,Softball,,Peach Belt Conference,Active,
2023-24,2006875539,COREYA,QUARTERMAN,04/30/2024,04/30/2024,II,Clark Atlanta University,Softball,,Southern Intercol. Ath. Conf.,Active,
2023-24,2010933451,MARLENA,PEREZ,04/30/2024,04/30/2024,II,University of South Carolina Aiken,Softball,,Peach Belt Conference,Active,
2023-24,2106189050,SOPHIE,STUART,04/30/2024,05/01/2024,II,Wayne State College (Nebraska),Softball,,Northern Sun Intercollegiate Conference,Active,
2023-24,2405285539,KATIE,TOBIN,05/01/2024,05/01/2024,III,Bridgewater State University,Softball,,Massachusetts State Collegiate Athletic Conference,Active,
2023-24,2110353675,CARA,DUNCAN,05/01/2024,05/01/2024,II,East Central University,Softball,,Great American Conference,Active,
2023-24,2211716491,ASHLEY,WORLEY,05/01/2024,05/01/2024,II,King University,Softball,,Conference Carolinas,Active,
2023-24,2111385791,MADISON,EDWARDS,05/01/2024,05/01/2024,II,College of Staten Island,Softball,,East Coast Conference,Active,
2023-24,2110353637,GAEL,SOLIS,05/01/2024,05/01/2024,II,East Central University,Softball,,Great American Conference,Withdrawn,
2023-24,2208651772,TAYLOR,PERRY,05/01/2024,05/01/2024,II,Belmont Abbey College,Softball,,Conference Carolinas,Active,
2023-24,2304891608,ASHLEY,RIVAS,05/01/2024,05/01/2024,III,University of Dallas,Softball,,Southern Collegiate Athletic Conference,Active,
2023-24,2204531963,OLIVIA,CHESTNUT,04/30/2024,05/01/2024,II,Newberry College,Softball,,South Atlantic Conference,Active,
2023-24,2202433958,OLIVIA,HUCKABEE,05/01/2024,05/01/2024,III,University of the Ozarks (Arkansas),Softball,,American Southwest Conference,Active,
2023-24,2209681028,KASEY,JONES,05/01/2024,05/01/2024,II,Barton College,Softball,,Conference Carolinas,Active,
2023-24,1811356908,KAILEY,COLLINS-FIORE,05/01/2024,05/01/2024,III,Bridgewater State University,Softball,,Massachusetts State Collegiate Athletic Conference,Active,
2023-24,2109323989,TEAGAN,SEETON,05/02/2024,05/02/2024,II,Montana State University Billings,Softball,,Great Northwest Athletic Conference,Active,
2023-24,2212733619,KENNEDY,JONES,05/02/2024,05/02/2024,III,Bates College,Softball,,New England Small College Athletic Conference,Active,
2023-24,2301753136,ISABELLA,CARUSO,12/28/2023,05/02/2024,II,Wheeling University,Softball,,Mountain East Conference,Matriculated,
2023-24,2210701787,SHELBY,AIKEN,05/02/2024,05/02/2024,II,Emmanuel University (Georgia),Softball,,Conference Carolinas,Active,
2023-24,2405287224,KATHERINE,HANSON,05/02/2024,05/02/2024,III,Buena Vista University,Softball,,American Rivers Conference,Active,
2023-24,2009924635,ZEALIE,KIMZEY,05/02/2024,05/02/2024,II,North Greenville University,Softball,,Conference Carolinas,Active,
2023-24,2102115354,NAIARA,MOSES,05/02/2024,05/02/2024,III,Pacific University (Oregon),Softball,,Northwest Conference,Active,
2023-24,2308995844,EMMA,BRESCHARD,05/02/2024,05/02/2024,III,Albright College,Softball,,Middle Atlantic Conference Commonwealth,Active,
2023-24,2211713934,SHAYLENE,SALADIN,05/02/2024,05/02/2024,II,New Mexico Highlands University,Softball,,Rocky Mountain Athletic Conference,Active,
2023-24,2405288373,MORGEN,BURGARDT,05/03/2024,05/03/2024,III,Chatham University,Softball,,Presidents' Athletic Conference,Active,
2023-24,2211716327,JADA,MONTOYA,05/03/2024,05/03/2024,II,University of Colorado Colorado Springs,Softball,,Rocky Mountain Athletic Conference,Active,
2023-24,2010948190,KAMDYN,BARRIENTOS,05/03/2024,05/03/2024,II,Northern State University,Softball,,Northern Sun Intercollegiate Conference,Active,
2023-24,1907630089,DAYLIE,RICKARD,05/03/2024,05/03/2024,II,Malone University,Softball,,Great Midwest Athletic Conference,Active,
2023-24,2405286577,GIANNA,ALVAREZ,05/03/2024,05/03/2024,III,University of Dallas,Softball,,Southern Collegiate Athletic Conference,Active,
2023-24,2109335675,ANJELLET,CORNER,05/03/2024,05/03/2024,II,Allen University,Softball,,Southern Intercol. Ath. Conf.,Active,
2023-24,2305910760,LINA,SCHWIPPERT,05/04/2024,05/04/2024,II,Limestone University,Softball,,South Atlantic Conference,Active,
2023-24,2304882593,JOSLYN,SOINILA,05/02/2024,05/04/2024,II,Lane College,Softball,,Southern Intercol. Ath. Conf.,Active,
2023-24,2208645679,LIAHNA,MESSIER,05/06/2024,05/06/2024,III,Gordon College,Softball,,Commonwealth Coast Conference,Active,
2023-24,2204516467,ZARIYAH,STRIPLING,05/06/2024,05/06/2024,II,Allen University,Softball,,Southern Intercol. Ath. Conf.,Active,
2023-24,2110349446,SKYLER,CALMES,05/06/2024,05/06/2024,II,Winona State University,Softball,,Northern Sun Intercollegiate Conference,Active,
2023-24,2107246686,KYLEE,MILLER,05/06/2024,05/06/2024,III,Clarks Summit University,Softball,,United East Conference,Active,
2023-24,2112397797,BROOKE,USREY,05/06/2024,05/06/2024,II,Henderson State University,Softball,,Great American Conference,Active,
2023-24,2210704128,RYLEE,RIESBERG,05/06/2024,05/06/2024,II,University of Sioux Falls,Softball,,Northern Sun Intercollegiate Conference,Active,
2023-24,1808264413,ADRIANNA,ERICHSEN,05/07/2024,05/07/2024,II,"University of Arkansas, Monticello",Softball,,Great American Conference,Active,
2023-24,2306920296,MALLORY,PITRE,05/07/2024,05/07/2024,II,"University of Arkansas, Monticello",Softball,,Great American Conference,Active,
2023-24,2005861489,CAMPBELL,PETRICK,05/07/2024,05/07/2024,II,University of Sioux Falls,Softball,,Northern Sun Intercollegiate Conference,Active,
2023-24,2105172105,DANIELLE,RODRIGUEZ,05/06/2024,05/07/2024,II,Newman University,Softball,,Mid-America Intercollegiate Athletics Association,Active,
2023-24,2405292602,EMILY,WEHNERT,05/07/2024,05/07/2024,III,Howard Payne University,Softball,,American Southwest Conference,Active,
2023-24,2104157751,LILLIAN,SAPP,05/07/2024,05/07/2024,II,Arkansas Tech University,Softball,,Great American Conference,Active,
2023-24,1809302681,SOPHIA,CONGER,05/06/2024,05/07/2024,II,Concord University,Softball,,Mountain East Conference,Active,
2023-24,2303827122,MADISON,YOAK,05/06/2024,05/07/2024,II,Glenville State University,Softball,,Mountain East Conference,Active,
2023-24,2112387945,KAYLA,WEST,05/07/2024,05/07/2024,II,Kentucky State University,Softball,,Southern Intercol. Ath. Conf.,Active,
2023-24,1910710728,ASHLEY,APPLE,03/14/2024,05/08/2024,II,Notre Dame College (Ohio),Softball,,Mountain East Conference,Active,
2023-24,1906606358,ALYSSA,WAHL,03/20/2024,05/08/2024,II,Notre Dame College (Ohio),Softball,,Mountain East Conference,Active,
2023-24,2211727716,MADALYNN,ANDERSON,05/08/2024,05/08/2024,II,Truman State University,Softball,,Great Lakes Valley Conference,Active,
2023-24,2211719416,AMARISA,GARZA,05/08/2024,05/08/2024,III,University of Dallas,Softball,,Southern Collegiate Athletic Conference,Active,
2023-24,2106183593,DESTRY,LAMBERT,05/08/2024,05/08/2024,II,University of West Georgia,Softball,,Gulf South Conference,Active,
2023-24,2207618386,KENNEDY,BRAY,03/25/2024,05/08/2024,II,Notre Dame College (Ohio),Softball,,Mountain East Conference,Active,
2023-24,2203459288,AVERY,ROBINSON,03/14/2024,05/08/2024,II,Notre Dame College (Ohio),Softball,,Mountain East Conference,Active,
2023-24,2405286400,MORGAN,MAYBEE,05/08/2024,05/08/2024,III,"University of Pittsburgh, Bradford",Softball,,Allegheny Mountain Collegiate Conference,Active,
2023-24,2203481435,CAITLYNN,EDWARDS,03/18/2024,05/08/2024,II,Notre Dame College (Ohio),Softball,,Mountain East Conference,Active,
2023-24,2203475784,CAITLIN,MITCHELL,03/14/2024,05/08/2024,II,Notre Dame College (Ohio),Softball,,Mountain East Conference,Active,
2023-24,2011963897,BIANCA,GALLEGOS,05/08/2024,05/08/2024,II,Davenport University,Softball,,Great Lakes Intercollegiate Athletic Conference,Active,
2023-24,2209665633,TIONNA,BRIGHT,03/14/2024,05/08/2024,II,Notre Dame College (Ohio),Softball,,Mountain East Conference,Active,
2023-24,2201407242,MILANI,DUNNING,05/06/2024,05/08/2024,II,Savannah State University,Softball,,Southern Intercol. Ath. Conf.,Active,
2023-24,2311161188,ITZEL,VALLES,03/14/2024,05/08/2024,II,Notre Dame College (Ohio),Softball,,Mountain East Conference,Active,
2023-24,2209672719,ALLISON,DELGADO,03/14/2024,05/08/2024,II,Notre Dame College (Ohio),Softball,,Mountain East Conference,Active,
2023-24,2209672717,JOCELYN,QUIOR,03/14/2024,05/08/2024,II,Notre Dame College (Ohio),Softball,,Mountain East Conference,Active,
2023-24,2208646380,MEGAN,SCHMIDT,03/14/2024,05/08/2024,II,Notre Dame College (Ohio),Softball,,Mountain East Conference,Active,
2023-24,2207613334,MCKENNA,HOGAN,03/14/2024,05/08/2024,II,Notre Dame College (Ohio),Softball,,Mountain East Conference,Active,
2023-24,2009917424,ANGELINA,GRANADOS,05/08/2024,05/08/2024,II,University of Colorado Colorado Springs,Softball,,Rocky Mountain Athletic Conference,Active,
2023-24,2301771010,PATRINA,MARSH,05/08/2024,05/08/2024,II,Davenport University,Softball,,Great Lakes Intercollegiate Athletic Conference,Active,
2023-24,2312180679,AILENE,WALKER,05/08/2024,05/08/2024,II,Quincy University,Softball,,Great Lakes Valley Conference,Active,
2023-24,2106182982,HOPE,BARRETT,03/14/2024,05/08/2024,II,Notre Dame College (Ohio),Softball,,Mountain East Conference,Active,
2023-24,1904543815,GWYN,HAMMOND,05/08/2024,05/08/2024,II,Southern New Hampshire University,Softball,,Northeast-10 Conference,Active,
2023-24,2011961540,KELSEY,BARKS,05/09/2024,05/09/2024,II,Millersville University of Pennsylvania,Softball,,Pennsylvania State Athletic Conference,Active,
2023-24,1908663524,ALEXIS,HRIVNAK,05/08/2024,05/09/2024,II,"University of Pittsburgh, Johnstown",Softball,,Pennsylvania State Athletic Conference,Active,
2023-24,2106233916,MADISON,GRANT,05/07/2024,05/09/2024,II,University of Sioux Falls,Softball,,Northern Sun Intercollegiate Conference,Active,
2023-24,2210684901,ANSLEY,AUSBORN,05/09/2024,05/09/2024,II,University of West Alabama,Softball,,Gulf South Conference,Active,
2023-24,2107279322,AUBREY,MARTINEZ,05/09/2024,05/09/2024,II,Fort Hays State University,Softball,,Mid-America Intercollegiate Athletics Association,Active,
2023-24,2405296445,KAITLYN,BEARLEY,05/09/2024,05/09/2024,III,Mississippi University for Women,Softball,,St. Louis Intercollegiate Athletic Conference,Active,
2023-24,2012978117,FAITH,KELLEY,05/10/2024,05/10/2024,II,Southwestern Oklahoma State University,Softball,,Great American Conference,Active,
2023-24,2111380758,MADISON,GASCA REYES,05/10/2024,05/10/2024,III,Whittier College,Softball,,Southern California Intercollegiate Athletic Conf.,Active,
2023-24,2106186765,KILEY,YULE,05/10/2024,05/10/2024,III,University of the Ozarks (Arkansas),Softball,,American Southwest Conference,Active,
2023-24,2110350953,XITLALI,TREJO,05/11/2024,05/11/2024,II,Western New Mexico University,Softball,,Lone Star Conference,Active,
2023-24,2206575536,DANIELLE,PROCOPIO,05/10/2024,05/11/2024,III,"Penn State University, Abington",Softball,,United East Conference,Active,
2023-24,2207610436,RILEY,WILLIAMS,09/15/2023,05/13/2024,I,Saint Peter's University,Softball,,Metro Atlantic Athletic Conference,Matriculated,
2023-24,2105174172,AMANDA,CHAVARRIA,05/13/2024,05/13/2024,III,Utica University,Softball,,Empire 8,Active,
2023-24,1907638585,AALIYAH,BYRD,05/13/2024,05/13/2024,II,Tuskegee University,Softball,,Southern Intercol. Ath. Conf.,Active,
2023-24,1809287112,KATIE,BRUNNER,10/19/2023,05/13/2024,I,Rider University,Softball,,Metro Atlantic Athletic Conference,Matriculated,
2023-24,1910732411,ALEXIS,MURPHY,05/13/2024,05/13/2024,II,Lynn University,Softball,,Sunshine State Conference,Active,
2023-24,1806213663,DEMPSIE,LINDSEY,05/14/2024,05/14/2024,II,Southern Arkansas University,Softball,,Great American Conference,Active,
2023-24,1903438097,LAUREN,SANDOR,02/14/2024,05/14/2024,I,College of Charleston (South Carolina),Softball,,Coastal Athletic Association,Active,
2023-24,2112398350,ELLIE,ALVAREZ,05/14/2024,05/14/2024,II,"California State University, San Marcos",Softball,,California Collegiate Athletic Association,Active,
2023-24,2106224110,CARLA,ARELLANO,05/13/2024,05/14/2024,II,Texas A&M International University,Softball,,Lone Star Conference,Active,
2023-24,2004841608,ASHLEIGH,STEWART,04/18/2024,05/14/2024,II,D'Youville University,Softball,,East Coast Conference,Active,
2023-24,2110350738,ATHENA,GRIMLEY,05/13/2024,05/14/2024,III,"University of Minnesota, Morris",Softball,,Upper Midwest Athletic Conference,Active,
2023-24,1911749660,DILLYN,COLLINS,05/14/2024,05/14/2024,II,"California State University, San Marcos",Softball,,California Collegiate Athletic Association,Active,
2023-24,2108309303,MARLEE,TODD,10/17/2023,05/14/2024,I,Stonehill College,Softball,Yes - Softball,Northeast Conference,Matriculated,
2023-24,1812380407,OLIVIA,BERGERT,05/14/2024,05/15/2024,II,University of Montevallo,Softball,,Gulf South Conference,Active,
2023-24,2109310543,ALLISON,MONROE,05/09/2024,05/15/2024,II,Midwestern State University,Softball,,Lone Star Conference,Active,
2023-24,2004840611,AVERY,ROHLMAN,05/08/2024,05/15/2024,II,Midwestern State University,Softball,,Lone Star Conference,Active,
2023-24,2207624776,KINLEI,BOLEY,05/15/2024,05/15/2024,II,Washburn University,Softball,,Mid-America Intercollegiate Athletics Association,Active,
2023-24,1809294530,DAISY,TORRES,05/15/2024,05/15/2024,II,"California State University, San Bernardino",Softball,,California Collegiate Athletic Association,Active,
2023-24,2106203041,ALEXIS,WAGNER,05/15/2024,05/15/2024,II,University of Colorado Colorado Springs,Softball,,Rocky Mountain Athletic Conference,Active,
2023-24,1909677030,ALEIAH,KUPIHEA,04/08/2024,05/15/2024,III,University of La Verne,Softball,,Southern California Intercollegiate Athletic Conf.,Withdrawn,
2023-24,2008902387,ASHLYNN,WOLFF,05/15/2024,05/15/2024,II,Washburn University,Softball,,Mid-America Intercollegiate Athletics Association,Active,
2023-24,2008910113,ANISSA,ARREDONDO,05/15/2024,05/15/2024,I,East Texas A&M University,Softball,,Southland Conference,Active,
2023-24,1802134390,DEVAN,RYAN,08/30/2023,05/15/2024,I,Youngstown State University,Softball,,Horizon League,Active,
2023-24,2405308621,LAKYN,HACKER,05/15/2024,05/15/2024,III,Covenant College,Softball,,Collegiate Conference of the South,Active,
2023-24,2108295600,ELIZABETH,SOLIZ,05/16/2024,05/16/2024,II,St. Mary's University (Texas),Softball,,Lone Star Conference,Active,
2023-24,2201418100,KELLY,TROUP,10/17/2023,05/16/2024,II,Notre Dame College (Ohio),Softball,,Mountain East Conference,Active,
2023-24,1901392948,HALLE,HOWES,05/15/2024,05/16/2024,II,University of Central Missouri,Softball,,Mid-America Intercollegiate Athletics Association,Active,
2023-24,2011956121,KATELYN,BURRIS,05/15/2024,05/16/2024,II,Angelo State University,Softball,,Lone Star Conference,Active,
2023-24,2109336789,ISABELLA,COFFMAN,05/06/2024,05/17/2024,II,Bluefield State University,Softball,,Central Intercollegiate Athletic Association,Active,
2023-24,2108301896,CALLIE,BAILEY,05/16/2024,05/17/2024,II,Texas Woman's University,Softball,,Lone Star Conference,Active,
2023-24,1709901498,KAITLYN,ROCCO,04/04/2024,05/17/2024,I,University of Iowa,Softball,,Big Ten Conference,Active,
2023-24,2007895617,KENNEDY,UPSHIRE,05/17/2024,05/17/2024,I,Appalachian State University,Softball,,Sun Belt Conference,Active,
2023-24,2109322636,SAMANTHA,SAENZ,05/08/2024,05/17/2024,II,Texas A&M University-Kingsville,Softball,,Lone Star Conference,Active,
2023-24,1909695380,MADISON,COSGROVE,05/17/2024,05/17/2024,II,University of North Georgia,Softball,,Peach Belt Conference,Active,
2023-24,2307957180,JESSICA,KEEFE,05/16/2024,05/17/2024,III,University of Massachusetts Boston,Softball,,Little East Conference,Active,
2023-24,1507226074,GABRIELLE,BAYLOG,05/02/2024,05/17/2024,I,Florida Atlantic University,Softball,,American Athletic Conference,Active,
2023-24,2108307123,NATALIE,CUADRAS,05/16/2024,05/17/2024,II,Missouri University of Science and Technology,Softball,,Great Lakes Valley Conference,Active,
2023-24,2209655812,SARAH,PHILIPS,05/17/2024,05/17/2024,II,Harding University,Softball,,Great American Conference,Active,
2023-24,1809302985,RYLIE,GILBREATH,05/17/2024,05/18/2024,I,Norfolk State University,Softball,,Mid-Eastern Athletic Conf.,Active,
2023-24,2108304118,HAILEY,BROOKS,05/19/2024,05/19/2024,I,"California State University, Bakersfield",Softball,,Big West Conference,Active,
2023-24,2106220141,MARIANNA,NARVAIZ,05/19/2024,05/19/2024,I,Long Island University,Softball,,Northeast Conference,Active,
2023-24,1909699552,CARMELLA,MUCCILLI,05/19/2024,05/19/2024,I,Nicholls State University,Softball,,Southland Conference,Active,
2023-24,2307954567,CARTER,THORNTON,05/19/2024,05/19/2024,I,"California State University, Bakersfield",Softball,,Big West Conference,Active,
2023-24,2301758575,ABRYANNA,NEWCOMB,05/19/2024,05/19/2024,I,"California State University, Bakersfield",Softball,,Big West Conference,Active,
2023-24,1906597966,OLIVIA,SANTOS,05/19/2024,05/19/2024,I,St. Bonaventure University,Softball,,Atlantic 10 Conference,Active,
2023-24,2305907557,SAMANTHA,CERVANTES,05/19/2024,05/19/2024,I,Morehead State University,Softball,,Ohio Valley Conference,Active,
2023-24,2011954538,ALAYNA,HARBAUGH,05/19/2024,05/19/2024,I,Binghamton University,Softball,,America East Conference,Active,
2023-24,2111371336,AMELIA,SANTOS,05/19/2024,05/19/2024,I,St. Bonaventure University,Softball,,Atlantic 10 Conference,Active,
2023-24,2109310015,KASSIDY,PONTBRIANT,05/19/2024,05/19/2024,I,Jacksonville University,Softball,,Atlantic Sun Conference,Active,
2023-24,2111378147,SARA,WATSON,05/19/2024,05/19/2024,I,University of Nebraska at Omaha,Softball,,The Summit League,Active,
2023-24,2202431596,GLEENABAH,TSOSIE,05/19/2024,05/19/2024,I,Mississippi Valley State University,Softball,,Southwestern Athletic Conf.,Active,
2023-24,2101987542,REAGAN,SCHULTZ,05/19/2024,05/19/2024,I,Kent State University,Softball,,Mid-American Conference,Active,
2023-24,2105166990,PAIGE,MCLAUGHLIN,05/19/2024,05/19/2024,I,Manhattan University,Softball,,Metro Atlantic Athletic Conference,Active,
2023-24,2005854670,JULIA,HARSCHE,05/19/2024,05/19/2024,I,Rider University,Softball,,Metro Atlantic Athletic Conference,Active,
2023-24,2006881576,REBEKAH,ZACHRICH,05/19/2024,05/19/2024,I,Kent State University,Softball,,Mid-American Conference,Active,
2023-24,2306945515,YISELA,REYNOSO,05/19/2024,05/19/2024,I,"California State University, Bakersfield",Softball,,Big West Conference,Active,
2023-24,2009917464,ABIGAIL,GOLD,05/19/2024,05/19/2024,I,College of the Holy Cross,Softball,,Patriot League,Active,
2023-24,2201406597,SAVANNAH,SMITH,05/20/2024,05/20/2024,I,Boise State University,Softball,,Mountain West Conference,Active,
2023-24,2207599722,RYLEE,PETERS,05/20/2024,05/20/2024,I,Idaho State University,Softball,,Big Sky Conference,Active,
2023-24,2210696723,LAUREN,BELLES,05/20/2024,05/20/2024,II,Pace University,Softball,,Northeast-10 Conference,Active,
2023-24,2207604787,ABBY,MORAN,05/20/2024,05/20/2024,I,Wagner College,Softball,,Northeast Conference,Active,
2023-24,1912764133,KATELYN,SMITCHKO,05/20/2024,05/20/2024,I,University of Maryland Eastern Shore,Softball,,Mid-Eastern Athletic Conf.,Active,
2023-24,2004836355,LILLY,STUMP,05/20/2024,05/20/2024,I,Winthrop University,Softball,,Big South Conference,Active,
2023-24,1910716227,MADELYN,EDWARDS,05/20/2024,05/20/2024,I,Delaware State University,Softball,,Mid-Eastern Athletic Conf.,Active,
2023-24,2211716602,BROOKE,HILTON,05/20/2024,05/20/2024,I,East Texas A&M University,Softball,,Southland Conference,Active,
2023-24,1710947805,EMMA,KOENEKE,05/20/2024,05/20/2024,I,University of North Alabama,Softball,,Atlantic Sun Conference,Active,
2023-24,1905586636,KAILEY,HERRERA,05/20/2024,05/20/2024,I,Prairie View A&M University,Softball,,Southwestern Athletic Conf.,Active,
2023-24,2401200102,ANNA,FRAZER,05/20/2024,05/20/2024,I,University of Toledo,Softball,,Mid-American Conference,Active,
2023-24,2205569730,TAVERLI,TENNANT,05/20/2024,05/20/2024,I,Oregon State University,Softball,,Pac-12 Conference,Active,
2023-24,2207599599,HANNAH,BATTLES,05/20/2024,05/20/2024,I,Bethune-Cookman University,Softball,,Southwestern Athletic Conf.,Active,
2023-24,2110337622,ANSLEY,HIGHT,05/20/2024,05/20/2024,I,The University of Southern Mississippi,Softball,,Sun Belt Conference,Active,
2023-24,2112388788,PRECIOUS,AHOLELEI,05/20/2024,05/20/2024,I,Texas A&M University-Corpus Christi,Softball,,Southland Conference,Active,
2023-24,2305902138,CHARLIZE TAYLOR,TAYLOR,05/20/2024,05/20/2024,I,North Carolina A&T State University,Softball,,Coastal Athletic Association,Active,
2023-24,2112388246,ASHLYNN,BRICE,05/20/2024,05/20/2024,I,George Washington University,Softball,,Atlantic 10 Conference,Active,
2023-24,2109312498,VALERIA,SANTOS,05/20/2024,05/20/2024,I,Delaware State University,Softball,,Mid-Eastern Athletic Conf.,Active,
2023-24,2112398118,JAIDA,MCCORD,05/20/2024,05/20/2024,I,Troy University,Softball,,Sun Belt Conference,Active,
2023-24,2010937548,PAMELA,HALL,05/19/2024,05/20/2024,I,Mercer University,Softball,,Southern Conference,Active,
2023-24,2104156233,CELESTE,GONZALES,05/20/2024,05/20/2024,I,Coppin State University,Softball,,Mid-Eastern Athletic Conf.,Active,
2023-24,1706822060,MIREYA,AMEZCUA,05/20/2024,05/20/2024,II,"California State University, San Marcos",Softball,,California Collegiate Athletic Association,Active,
2023-24,1911746220,RAGAN,HOLLOMAN,05/20/2024,05/20/2024,I,East Carolina University,Softball,,American Athletic Conference,Active,
2023-24,2112394559,JULIANA,GARCIA,05/20/2024,05/20/2024,I,Texas A&M University-Corpus Christi,Softball,,Southland Conference,Active,
2023-24,2211712004,JESSICA,ORLANDO,05/20/2024,05/20/2024,I,Western Michigan University,Softball,,Mid-American Conference,Active,
2023-24,2307969098,ALYSSA,PENA,05/19/2024,05/20/2024,I,Texas Southern University,Softball,,Southwestern Athletic Conf.,Active,
2023-24,2109309865,LILY,STRAND,05/20/2024,05/20/2024,I,Saint Louis University,Softball,,Atlantic 10 Conference,Active,
2023-24,2405312357,KAYLA,CAMACHO,05/20/2024,05/20/2024,III,Howard Payne University,Softball,,American Southwest Conference,Active,
2023-24,2212748133,KYLEE,SANDINO,05/20/2024,05/20/2024,I,Bethune-Cookman University,Softball,,Southwestern Athletic Conf.,Active,
2023-24,1708861625,LAYLA,STOUDER,05/20/2024,05/20/2024,I,"University of Arkansas, Pine Bluff",Softball,,Southwestern Athletic Conf.,Active,
2023-24,2209673583,GRACEY,ARNOLD,05/20/2024,05/20/2024,II,West Virginia Wesleyan College,Softball,,Mountain East Conference,Active,
2023-24,2010952370,XOCHILT,HERNANDEZ,05/20/2024,05/20/2024,II,University of Colorado Colorado Springs,Softball,,Rocky Mountain Athletic Conference,Active,
2023-24,2103130378,TESSA,D'AQUILA,05/20/2024,05/20/2024,III,University of Saint Joseph (Connecticut),Softball,,Great Northeast Athletic Conference,Active,
2023-24,2211716455,MADISON,SINCLAIR,05/20/2024,05/21/2024,II,Mississippi College,Softball,,Gulf South Conference,Active,
2023-24,2109321024,KAYLA,PALOMINO,05/21/2024,05/21/2024,I,Stephen F. Austin State University,Softball,,Western Athletic Conference,Active,
2023-24,2010942611,LEXIS,WILKINSON,05/07/2024,05/21/2024,II,North Greenville University,Softball,,Conference Carolinas,Active,
2023-24,2201411431,HANNAH,SMITH,12/04/2023,05/21/2024,II,The College of Saint Rose,Softball,,Northeast-10 Conference,Active,
2023-24,2201404306,MIRANDA,FIMBRES,05/20/2024,05/21/2024,I,Prairie View A&M University,Softball,,Southwestern Athletic Conf.,Active,
2023-24,2211715467,DANNI,FARRIS,05/20/2024,05/21/2024,I,University of Pittsburgh,Softball,,Atlantic Coast Conference,Active,
2023-24,2209662714,ROXANNE,HENSEL,05/20/2024,05/21/2024,I,Queens University of Charlotte,Softball,,Atlantic Sun Conference,Active,
2023-24,2102109717,BAILEY,CATLIN,12/03/2023,05/21/2024,II,The College of Saint Rose,Softball,,Northeast-10 Conference,Active,
2023-24,2011964936,TAYLOR,PERRY,05/21/2024,05/21/2024,I,Gardner-Webb University,Softball,,Big South Conference,Active,
2023-24,2208650866,ANGELA,TUCKER,05/08/2024,05/21/2024,II,University of West Georgia,Softball,,Gulf South Conference,Active,
2023-24,2201408003,CAMI,BRITTON,05/02/2024,05/21/2024,II,Regis University (Colorado),Softball,,Rocky Mountain Athletic Conference,Active,
2023-24,2210686540,EMMA,URBAN,05/20/2024,05/21/2024,I,Tarleton State University,Softball,,Western Athletic Conference,Active,
2023-24,1711968614,TAYLOR,ANDOLSEK,05/21/2024,05/21/2024,I,Iona University,Softball,,Metro Atlantic Athletic Conference,Active,
2023-24,2102107764,MADISON,LUX,05/20/2024,05/21/2024,I,Tarleton State University,Softball,,Western Athletic Conference,Active,
2023-24,2109331018,MADISON,ESMOND,05/20/2024,05/21/2024,III,The State University of New York at Fredonia,Softball,,State University of New York Athletic Conference,Active,
2023-24,2208640775,EMILIE,CASTILLO,05/21/2024,05/21/2024,I,"Southern University, Baton Rouge",Softball,,Southwestern Athletic Conf.,Active,
2023-24,2209662516,ALEXIA,RAMIREZ,05/20/2024,05/21/2024,I,"California State University, Northridge",Softball,,Big West Conference,Active,
2023-24,1910726136,ASHANTI,EUBANKS,05/20/2024,05/21/2024,I,North Carolina Central University,Softball,,Mid-Eastern Athletic Conf.,Active,
2023-24,1607533544,CARIDAD,ESTES,05/21/2024,05/21/2024,I,Florida Gulf Coast University,Softball,,Atlantic Sun Conference,Active,
2023-24,2304885046,MACKENZIE,GUESS,05/17/2024,05/21/2024,II,Delta State University,Softball,,Gulf South Conference,Active,
2023-24,1709904289,KENNETH,LITANA,05/21/2024,05/21/2024,I,California Polytechnic State University,Softball,,Big West Conference,Active,
2023-24,2402218183,IANINA,RIVERA-MILLAN,02/13/2024,05/21/2024,III,Catholic University,Softball,,Landmark Conference,Active,
2023-24,2205560281,ZOE,RENSEL,05/20/2024,05/21/2024,I,University of Rhode Island,Softball,,Atlantic 10 Conference,Active,
2023-24,2109313448,JENNA,FRASER,04/30/2024,05/21/2024,II,Regis University (Colorado),Softball,,Rocky Mountain Athletic Conference,Active,
2023-24,1907642028,ASHLEE,LARUE,05/16/2024,05/21/2024,I,Tarleton State University,Softball,,Western Athletic Conference,Active,
2023-24,1711971000,AMEENAH,BALLENGER,05/21/2024,05/21/2024,I,University of Maryland Eastern Shore,Softball,,Mid-Eastern Athletic Conf.,Active,
2023-24,2208634898,FAITH,DRISSEL,05/20/2024,05/21/2024,I,Tarleton State University,Softball,,Western Athletic Conference,Active,
2023-24,2111368343,HAILEY,WEDDINGTON,05/21/2024,05/21/2024,II,San Francisco State University,Softball,,California Collegiate Athletic Association,Active,
2023-24,2004840834,EMMALYN,BRINKA,05/19/2024,05/21/2024,I,University of Montana,Softball,,Big Sky Conference,Active,
2023-24,2009916242,MALLORY,SLUDER,01/08/2024,05/21/2024,I,University of Illinois Urbana-Champaign,Softball,,Big Ten Conference,Active,
2023-24,2305915794,ALEXANDRA,ORLOWSKI,05/20/2024,05/21/2024,I,Queens University of Charlotte,Softball,,Atlantic Sun Conference,Active,
2023-24,2209666605,KIRSTEN,WRIGHT,05/21/2024,05/22/2024,II,Thomas More University,Softball,,Great Midwest Athletic Conference,Active,
2023-24,2207606946,MADELINE,DEGNAN,05/22/2024,05/22/2024,II,Rollins College,Softball,,Sunshine State Conference,Active,
2023-24,2205565602,KASSIDY,LATOUR,05/01/2024,05/22/2024,II,College of Staten Island,Softball,,East Coast Conference,Active,
2023-24,2405312858,LAUREN,ENGEL,05/22/2024,05/22/2024,III,Greensboro College,Softball,,USA South Athletic Conference,Active,
2023-24,2101100076,HALEY,HURLEY,03/14/2024,05/22/2024,II,Notre Dame College (Ohio),Softball,,Mountain East Conference,Active,
2023-24,1808276404,ASHLEY,DAUGHERTY,05/22/2024,05/22/2024,I,University of San Diego,Softball,,West Coast Conference,Active,
2023-24,2110356401,GRACI,HOCK,05/23/2024,05/23/2024,II,Delta State University,Softball,,Gulf South Conference,Active,
2023-24,2109311756,MIKAELA,FRANCOIS,05/23/2024,05/23/2024,I,Delaware State University,Softball,,Mid-Eastern Athletic Conf.,Active,
2023-24,2009928916,ZOEY,NEAL,05/06/2024,05/23/2024,II,Union University,Softball,,Gulf South Conference,Active,
2023-24,1610623958,OLIVIA,GUINDON,05/22/2024,05/23/2024,I,Southern Utah University,Softball,,Western Athletic Conference,Active,
2023-24,2112392220,LAURYN,PACKARD,05/23/2024,05/23/2024,II,Delta State University,Softball,,Gulf South Conference,Active,
2023-24,1803161090,SAMANTHA,BRIGGS,05/20/2024,05/23/2024,I,University of North Alabama,Softball,,Atlantic Sun Conference,Active,
2023-24,2004850089,KASSIDY,MOORE,05/23/2024,05/24/2024,I,Mercer University,Softball,,Southern Conference,Active,
2023-24,2110352193,MIKAYLA,CHAIREZ,05/20/2024,05/24/2024,I,Creighton University,Softball,,Big East Conference,Active,
2023-24,2202437085,EMILY,VANDERBILT,05/24/2024,05/24/2024,II,"California State University, Monterey Bay",Softball,,California Collegiate Athletic Association,Active,
2023-24,1804171628,XOPHIA,VENEGAS,05/24/2024,05/24/2024,I,New Mexico State University,Softball,,Conference USA,Active,
2023-24,1609591143,EMMA,SOUTHERLAND,05/24/2024,05/24/2024,II,Eastern New Mexico University,Softball,,Lone Star Conference,Active,
2023-24,1707849009,MCKENZIE,WITTENBERG,05/25/2024,05/25/2024,I,Florida Gulf Coast University,Softball,,Atlantic Sun Conference,Active,
2023-24,2103133069,KENDAL,LUNAR,05/19/2024,05/25/2024,I,New Mexico State University,Softball,,Conference USA,Withdrawn,
2023-24,1910711224,BREANNA,HAYWARD,05/19/2024,05/25/2024,I,Brigham Young University,Softball,,Big 12 Conference,Active,
2023-24,1809284657,KAITLYN,BRANNSTROM,05/21/2024,05/25/2024,I,Grand Canyon University,Softball,,Western Athletic Conference,Active,
2023-24,1905576218,LOGAN,MUELLER,05/24/2024,05/25/2024,I,Miami University (Ohio),Softball,,Mid-American Conference,Active,
2023-24,2008913149,NICOLE,MCGAFFIN,05/23/2024,05/25/2024,I,"University of Arkansas, Fayetteville",Softball,,Southeastern Conference,Active,
2023-24,1709904276,BRYN,BOZNANSKI,05/15/2024,05/25/2024,I,University of Notre Dame,Softball,,Atlantic Coast Conference,Active,
2023-24,2201408820,LAUREN,ERVIN,05/26/2024,05/26/2024,I,Grambling State University,Softball,,Southwestern Athletic Conf.,Active,
2023-24,1910709830,ABBY,FORD,05/27/2024,05/27/2024,I,Missouri State University,Softball,,Missouri Valley Conference,Active,
2023-24,2105170706,ALYSSA,DEANDA,05/28/2024,05/28/2024,II,Cameron University,Softball,,Lone Star Conference,Active,
2023-24,2208629294,BAILEE,WALTERS,05/28/2024,05/28/2024,I,Marshall University,Softball,,Sun Belt Conference,Active,
2023-24,2405317914,ELLA,SALINAS,05/28/2024,05/28/2024,III,Hardin-Simmons University,Softball,,American Southwest Conference,Active,
2023-24,1711965440,GABRIELLA,GUERRERO,05/28/2024,05/28/2024,I,Binghamton University,Softball,,America East Conference,Active,
2023-24,2405316286,CLAIRE,OVERTON,05/28/2024,05/28/2024,III,Emerson College,Softball,,New England Women's and Men's Athletic Conference,Active,
2023-24,2009927788,KAYLIN,JACKSON,05/28/2024,05/28/2024,I,New Mexico State University,Softball,,Conference USA,Active,
2023-24,2210699653,AUSTYN,DIXON,05/29/2024,05/29/2024,II,University of South Carolina Aiken,Softball,,Peach Belt Conference,Active,
2023-24,2209676099,KAITLYN,CABRAL,04/23/2024,05/29/2024,II,West Virginia State University,Softball|Women's Volleyball,,Mountain East Conference|Mountain East Conference,Active,
2023-24,2109317447,SYDNEY,JACOBS,05/29/2024,05/29/2024,III,Bethany Lutheran College,Softball,,Upper Midwest Athletic Conference,Active,
2023-24,2204503565,ALEXIA,CASTRO,05/29/2024,05/29/2024,I,Long Island University,Softball,,Northeast Conference,Active,
2023-24,1909675845,KENDAL,WADSWORTH,05/29/2024,05/29/2024,II,"Pennsylvania Western University, Edinboro",Softball,,Pennsylvania State Athletic Conference,Active,
2023-24,1809278515,LEAH,HENSARLING,05/28/2024,05/29/2024,II,The University of Texas at Tyler,Softball,,Lone Star Conference,Active,
2023-24,2205564286,LILLY,COMPTON,05/29/2024,05/29/2024,I,Wofford College,Softball,,Southern Conference,Active,
2023-24,2008907267,KAYLA,TIERNEY,05/15/2024,05/29/2024,I,"University of Hawaii, Manoa",Softball,,Big West Conference,Active,
2023-24,2212736389,BROOKLYN,HOLT,05/30/2024,05/30/2024,II,Kentucky State University,Softball,,Southern Intercol. Ath. Conf.,Active,
2023-24,2209677308,ZIAHYA,GRIFFIN,05/30/2024,05/30/2024,II,Savannah State University,Softball,,Southern Intercol. Ath. Conf.,Active,
2023-24,2112388354,GABRIELLA,VAZQUEZ,05/30/2024,05/30/2024,II,East Stroudsburg University of Pennsylvania,Softball,,Pennsylvania State Athletic Conference,Active,
2023-24,2210697077,PIPER,MORTON,05/29/2024,05/30/2024,II,Texas Woman's University,Softball,,Lone Star Conference,Active,
2023-24,2007896442,ASHLEY,NICKERSON,11/01/2023,05/30/2024,II,The University of Texas at Tyler,Softball,,Lone Star Conference,Active,
2023-24,2405318882,JALEY,DAVIS,05/29/2024,05/30/2024,III,Birmingham-Southern College,Softball,,Southern Athletic Association,Active,
2023-24,2105178603,NATALIA,HERRERA,05/30/2024,05/30/2024,II,Georgia Southwestern State University,Softball,,Peach Belt Conference,Active,
2023-24,1706834444,STEPHANIE,JIMENEZ,05/30/2024,05/30/2024,II,The University of Texas Permian Basin,Softball,,Lone Star Conference,Active,
2023-24,2209673025,GRACEIGH,BOOTH,05/29/2024,05/30/2024,I,Mercer University,Softball,,Southern Conference,Active,
2023-24,1905571485,AMAYA,RUIZ,05/29/2024,05/30/2024,I,Jackson State University,Softball,,Southwestern Athletic Conf.,Active,
2023-24,2105177805,LACEY,RUTLEDGE,05/30/2024,05/30/2024,II,Georgia Southwestern State University,Softball,,Peach Belt Conference,Active,
2023-24,2106187072,KEMAYA,MAYS,05/30/2024,05/30/2024,III,Agnes Scott College,Softball,,Collegiate Conference of the South,Active,
2023-24,2106207557,DORIAN,ILYES,03/13/2024,05/31/2024,III,Cabrini University,Softball,,Atlantic East Conference,Active,
2023-24,1808271250,RYLIE,COSTA,05/30/2024,05/31/2024,I,"University of California, Davis",Softball,,Big West Conference,Active,
2023-24,2211717316,DESTINY,MARTINEZ,05/20/2024,05/31/2024,I,East Texas A&M University,Softball,,Southland Conference,Active,
2023-24,2106214894,ABIGAIL,TOBELMANN,12/07/2023,05/31/2024,III,Cabrini University,Softball,,Atlantic East Conference,Active,
2023-24,2405320256,GIULIA,OLEAR,05/31/2024,05/31/2024,III,"Rutgers, The State Univ. of New Jersey, Newark",Softball,,New Jersey Athletic Conference,Active,
2023-24,2012976510,SAMANTHA,MARCHANT,12/05/2023,06/01/2024,III,Alverno College,Softball,,Northern Athletics Collegiate Conference,Active,
2023-24,1810329740,ALEXIS,GALVAN,05/31/2024,06/01/2024,I,"University of California, Riverside",Softball,,Big West Conference,Active,
2023-24,2304866541,MEAGAN,POSTMA,05/31/2024,06/01/2024,II,Davenport University,Softball,,Great Lakes Intercollegiate Athletic Conference,Active,
2023-24,1910713908,JOCELYNN,MOLINA,06/03/2024,06/03/2024,II,University of Nebraska at Kearney,Softball,,Mid-America Intercollegiate Athletics Association,Active,
2023-24,2012973455,MEGAN,SHOEMAKER,10/23/2023,06/03/2024,II,West Virginia State University,Softball,,Mountain East Conference,Active,
2023-24,1909677012,ANAIYA,MITCHELL,06/03/2024,06/03/2024,I,"California State University, Fullerton",Softball,,Big West Conference,Active,
2023-24,1609603162,RAWNIE,WESTSTRATE,05/13/2024,06/04/2024,II,Colorado Christian University,Softball,,Rocky Mountain Athletic Conference,Active,
2023-24,2011961102,ANIYAH,JACKSON,05/12/2024,06/04/2024,II,Winston-Salem State University,Softball,,Central Intercollegiate Athletic Association,Active,
2023-24,1608552397,RILEY,MCNEMAR,05/22/2024,06/04/2024,I,Auburn University,Softball,,Southeastern Conference,Active,
2023-24,2109324529,KEELIN,WHEATON,05/07/2024,06/04/2024,II,Ferris State University,Softball,,Great Lakes Intercollegiate Athletic Conference,Active,
2023-24,2304865604,ASHLEY,WEBB,05/07/2024,06/04/2024,II,Ferris State University,Softball,,Great Lakes Intercollegiate Athletic Conference,Active,
2023-24,2209668186,SAMANTHA,CHAVEZ,06/04/2024,06/04/2024,I,Jackson State University,Softball,,Southwestern Athletic Conf.,Active,
2023-24,2209657130,OLIVIA,LANEY,05/19/2024,06/04/2024,I,Brigham Young University,Softball,,Big 12 Conference,Active,
2023-24,2209676658,KELSEY,HARPER,05/21/2024,06/04/2024,I,Georgia Southern University,Softball,,Sun Belt Conference,Active,
2023-24,2303801550,CLARISA,ZAPATA,06/03/2024,06/04/2024,II,The University of Texas at Tyler,Softball,,Lone Star Conference,Active,
2023-24,2008912137,ANGELA,BALTZELL,05/13/2024,06/04/2024,III,Trinity University (Texas),Softball,,Southern Collegiate Athletic Conference,Withdrawn,
2023-24,2209682919,CHLOE,MAKINNEY,06/04/2024,06/05/2024,II,Minnesota State University Moorhead,Softball,,Northern Sun Intercollegiate Conference,Active,
2023-24,2109315543,MADISON,HAND,05/28/2024,06/05/2024,I,University of Maine,Softball,,America East Conference,Withdrawn,
2023-24,2109311466,MARY,OWENS,05/19/2024,06/05/2024,I,Middle Tennessee State University,Softball,,Conference USA,Active,
2023-24,2204500026,VIRGINIA,WRIGHT,05/14/2024,06/05/2024,II,University of West Alabama,Softball,,Gulf South Conference,Withdrawn,
2023-24,2111372113,KELLY,GREENE,05/19/2024,06/05/2024,I,University of Wisconsin-Green Bay,Softball,,Horizon League,Active,
2023-24,1701688864,KENNEDY,ROGERS,09/07/2023,06/05/2024,III,Trinity College (Connecticut),Softball,,New England Small College Athletic Conference,Withdrawn,
2023-24,2008910972,MOLLY,VANDENBOUT,05/19/2024,06/05/2024,I,Nicholls State University,Softball,,Southland Conference,Active,
2023-24,2206576572,GIANNA,SANCHEZ,05/21/2024,06/05/2024,I,University of Wisconsin-Green Bay,Softball,,Horizon League,Active,
2023-24,2203457200,SOPHIA,GIMLA,05/19/2024,06/05/2024,I,University of Wisconsin-Green Bay,Softball,,Horizon League,Active,
2023-24,2208635499,ABAGAYLE,ROBAKOWSKI,06/05/2024,06/06/2024,I,Indiana State University,Softball,,Missouri Valley Conference,Active,
2023-24,2207614943,SHELBY,HILL,05/21/2024,06/06/2024,II,Thomas More University,Softball,,Great Midwest Athletic Conference,Matriculated,
2023-24,2209680401,KIARA,SOLER,06/06/2024,06/06/2024,II,Christian Brothers University,Softball,,Gulf South Conference,Active,
2023-24,2003818087,BAILLIE,MURRAY,05/29/2024,06/06/2024,II,King University,Softball,,Conference Carolinas,Active,
2023-24,1802137079,JAELA,HAYNES,06/06/2024,06/06/2024,I,Stetson University,Softball,,Atlantic Sun Conference,Active,
2023-24,2205564755,MADISON,FABIA,05/16/2024,06/06/2024,II,Emporia State University,Softball,,Mid-America Intercollegiate Athletics Association,Active,
2023-24,2006881855,ALEXANDRA,KELLY,05/10/2024,06/06/2024,III,Salve Regina University,Softball,,New England Women's and Men's Athletic Conference,Active,
2023-24,2405311452,NATALIE,SNOW,05/18/2024,06/07/2024,III,Birmingham-Southern College,Softball,,Southern Athletic Association,Active,
2023-24,2404255476,ANNA MORGAN,SHELTON,04/02/2024,06/07/2024,III,Birmingham-Southern College,Softball,,Southern Athletic Association,Active,
2023-24,1810342360,MALORIE,REEVES,05/19/2024,06/07/2024,I,Radford University,Softball,,Big South Conference,Active,
2023-24,2306937510,MARQUILA,HOWELL,05/08/2024,06/07/2024,II,Lee University,Softball,,Gulf South Conference,Active,
2023-24,1809283081,LEAH,WOOD,05/13/2024,06/07/2024,III,Birmingham-Southern College,Softball,,Southern Athletic Association,Active,
2023-24,2205563959,ELLA,EBERT,05/09/2024,06/07/2024,II,University of Colorado Colorado Springs,Softball,,Rocky Mountain Athletic Conference,Active,
2023-24,2103122497,MAILE,WHITE,04/04/2024,06/07/2024,III,Birmingham-Southern College,Softball,,Southern Athletic Association,Active,
2023-24,2002800567,MOLLIE,FURR,04/08/2024,06/07/2024,III,Birmingham-Southern College,Softball,,Southern Athletic Association,Active,
2023-24,2403249333,MORGAN,MCGUIRE,03/27/2024,06/07/2024,III,Birmingham-Southern College,Softball,,Southern Athletic Association,Active,
2023-24,2103122584,EMMA,JOLLEY,03/30/2024,06/07/2024,III,Birmingham-Southern College,Softball,,Southern Athletic Association,Active,
2023-24,2306923992,ABBE,SITO,05/03/2024,06/07/2024,II,Salem University (West Virginia),Softball,,Independent,Active,
2023-24,2105166094,KATELYN,HARMON,06/07/2024,06/07/2024,II,Delta State University,Softball,,Gulf South Conference,Active,
2023-24,2011962633,MEGAN,LEICK,05/21/2024,06/08/2024,III,University of Dubuque,Softball,,American Rivers Conference,Withdrawn,
2023-24,2009919258,DANIELLE,HOFFMAN,06/07/2024,06/08/2024,II,Ursuline College,Softball,,Great Midwest Athletic Conference,Active,
2023-24,1906593279,ARAYA,OGDEN,05/28/2024,06/08/2024,I,University of Northern Colorado,Softball,,Big Sky Conference,Active,
2023-24,2404284095,ISABELLE,WILSON,04/30/2024,06/08/2024,III,St. Lawrence University,Softball,,Liberty League,Active,
2023-24,1707854102,MELISSA,FELIX,06/08/2024,06/08/2024,II,Sonoma State University,Softball,,California Collegiate Athletic Association,Active,
2023-24,2004847338,ARISSA,LUGO,05/19/2024,06/09/2024,I,"University of Nevada, Las Vegas",Softball,,Mountain West Conference,Active,
2023-24,2112391169,LILLIA,SHERMAN,04/23/2024,06/09/2024,II,Northwood University,Softball,,Great Midwest Athletic Conference,Active,
2023-24,2305899651,MADISON RIVER,RILEY,05/22/2024,06/10/2024,II,Southern Nazarene University,Softball,,Great American Conference,Withdrawn,
2023-24,2308992391,ALLIE,MOSS,06/10/2024,06/10/2024,III,Trine University,Softball,,Michigan Intercol. Ath. Assn.,Active,
2023-24,2211721934,MHASIAH,PATTERSON,06/10/2024,06/10/2024,II,Edward Waters University,Softball,,Southern Intercol. Ath. Conf.,Active,
2023-24,2009930458,JASMINE,ROGERS,06/10/2024,06/10/2024,I,Alabama State University,Softball,,Southwestern Athletic Conf.,Active,
2023-24,2209670049,EMILY,REILLY,12/04/2023,06/10/2024,II,The College of Saint Rose,Softball,,Northeast-10 Conference,Active,
2023-24,2305912888,ALLYSON,AMATO,06/11/2024,06/11/2024,I,California Baptist University,Softball,,Western Athletic Conference,Active,
2023-24,1911739639,AJAH,MALLARY,06/11/2024,06/11/2024,I,Bethune-Cookman University,Softball,,Southwestern Athletic Conf.,Active,
2023-24,2406327350,ADELE ZUREK,ZUREK,06/11/2024,06/11/2024,III,Aurora University,Softball,,Northern Athletics Collegiate Conference,Active,
2023-24,2011965397,NATALIE,GRAHAM,06/11/2024,06/11/2024,II,East Stroudsburg University of Pennsylvania,Softball,,Pennsylvania State Athletic Conference,Active,
2023-24,2110343381,MADISON,PECK,05/20/2024,06/11/2024,I,"University of Maryland, Baltimore County",Softball,,America East Conference,Active,
2023-24,2106197723,MEGAN,WALKER,05/20/2024,06/11/2024,III,Millikin University,Softball,,College Conference of Illinois & Wisconsin,Active,
2023-24,2109328134,KYLEIGH,PETERS,05/20/2024,06/11/2024,I,Jackson State University,Softball,,Southwestern Athletic Conf.,Active,
2023-24,2110343993,SYDNI,TAYLOR,06/10/2024,06/11/2024,II,Ursuline College,Softball,,Great Midwest Athletic Conference,Active,
2023-24,2003835164,CALLIE,ALLISON,06/06/2024,06/11/2024,III,Worcester Polytechnic Institute,Softball,,New England Women's and Men's Athletic Conference,Active,
2023-24,2202443812,ARIYA,DEANS,04/24/2024,06/12/2024,II,Converse University,Softball,,Conference Carolinas,Active,
2023-24,2109328459,KARLEIGH,CRABILL,04/24/2024,06/12/2024,II,Converse University,Softball,,Conference Carolinas,Active,
2023-24,1811357723,RACHEL,WILLIAMS,06/11/2024,06/12/2024,II,Regis University (Colorado),Softball,,Rocky Mountain Athletic Conference,Active,
2023-24,2207621258,JULIA,SANCHEZ,10/24/2023,06/12/2024,II,Bowie State University,Softball,,Central Intercollegiate Athletic Association,Matriculated,
2023-24,1807233461,MADISEN,MELICE,06/13/2024,06/13/2024,I,University of Rhode Island,Softball,,Atlantic 10 Conference,Active,
2023-24,1701691341,JESSICA,GORDON,04/24/2024,06/13/2024,II,Hawaii Pacific University,Softball,,Pacific West Conference,Active,
2023-24,1804177519,ALYSSA,POLEMENI,06/13/2024,06/13/2024,I,Long Island University,Softball,,Northeast Conference,Active,
2023-24,2208654312,MADISON,LEVSEY,06/13/2024,06/13/2024,I,Nicholls State University,Softball,,Southland Conference,Active,
2023-24,1711968198,LINDSEY,COWANS,05/19/2024,06/13/2024,I,Long Island University,Softball,,Northeast Conference,Active,
2023-24,2301751518,KYLEE,COLE,06/14/2024,06/14/2024,III,Clarks Summit University,Softball|Women's Volleyball,,United East Conference|United East Conference,Active,
2023-24,2108290200,AUDRY,RUMSEY,06/14/2024,06/14/2024,II,Delta State University,Softball,,Gulf South Conference,Active,
2023-24,2101992296,OLIVIA,ALVAREZ,06/14/2024,06/14/2024,II,Rollins College,Softball,,Sunshine State Conference,Active,
2023-24,2004841703,MEGAN,LEON,06/14/2024,06/14/2024,II,Chowan University,Softball,,Conference Carolinas,Active,
2023-24,2211730398,JESSICA,GUTIERREZ,05/07/2024,06/15/2024,II,"California State University, Stanislaus",Softball,,California Collegiate Athletic Association,Active,
2023-24,2406330920,MALLARIE,MUNSON,06/14/2024,06/15/2024,III,University of St. Thomas (Texas),Softball,,Southern Collegiate Athletic Conference,Active,
2023-24,2201408662,KAYLEE,HEATH,04/30/2024,06/15/2024,II,"California State University, Stanislaus",Softball,,California Collegiate Athletic Association,Active,
2023-24,2109311553,RYLEE,ALFARO,06/14/2024,06/15/2024,I,"University of California, Riverside",Softball,,Big West Conference,Active,
2023-24,1711962602,ISABELLA,ANDUJAR,06/16/2024,06/16/2024,II,University of Charleston (West Virginia),Softball,,Mountain East Conference,Active,
2023-24,2208642510,ALAINAH,FELTON,06/17/2024,06/17/2024,I,"Southern University, Baton Rouge",Softball,,Southwestern Athletic Conf.,Active,
2023-24,2308992455,LAUREN,GANNON,06/17/2024,06/17/2024,III,Trine University,Softball,,Michigan Intercol. Ath. Assn.,Active,
2023-24,2211710801,JESSICA,PURGASON,06/17/2024,06/17/2024,I,Mount St. Mary's University,Softball,,Metro Atlantic Athletic Conference,Active,
2023-24,2206573385,LARK,COLLINS,06/18/2024,06/18/2024,II,University of Mount Olive,Softball,,Conference Carolinas,Active,
2023-24,2109313477,AVA,LOMONACO,06/17/2024,06/18/2024,I,"Fairleigh Dickinson University, Metropolitan Campus",Softball,,Northeast Conference,Active,
2023-24,2205571177,MACKENZIE,MYERS,05/24/2024,06/18/2024,I,"Fairleigh Dickinson University, Metropolitan Campus",Softball,,Northeast Conference,Active,
2023-24,2109331596,KATELYN,BARNHART,05/23/2024,06/18/2024,II,Ohio Dominican University,Softball,,Great Midwest Athletic Conference,Active,
2023-24,2108296536,ALEXIS,HOUGE,06/17/2024,06/19/2024,I,DePaul University,Softball,,Big East Conference,Withdrawn,
2023-24,1602435961,SHELBIE,SUMMERLIN,06/18/2024,06/19/2024,II,Augusta University,Softball,,Peach Belt Conference,Active,
2023-24,2405315901,KATELYN,HUTCHISON,05/24/2024,06/19/2024,III,McDaniel College,Softball,,Centennial Conference,Withdrawn,
2023-24,1910717464,CASSITI,BARONI,05/19/2024,06/19/2024,I,Morehead State University,Softball,,Ohio Valley Conference,Active,
2023-24,1909682831,SOPHIA,MARIOTTINI,05/17/2024,06/19/2024,II,Molloy University,Softball,,East Coast Conference,Matriculated,
2023-24,2307955722,MIKAYLA,HOSE,05/06/2024,06/20/2024,II,Davis & Elkins College,Softball,,Mountain East Conference,Active,
2023-24,2009926991,RUBY,MEYLAN,05/23/2024,06/20/2024,I,University of Washington,Softball,,Pac-12 Conference,Matriculated,
2023-24,1911732874,AMANDA,HASLER,05/19/2024,06/20/2024,I,North Carolina State University,Softball,,Atlantic Coast Conference,Matriculated,
2023-24,2111385947,TEHYA,PITTS,05/20/2024,06/21/2024,I,East Texas A&M University,Softball,,Southland Conference,Active,
2023-24,1904495499,SHELBY,CARSON,05/19/2024,06/21/2024,I,Mississippi Valley State University,Softball,,Southwestern Athletic Conf.,Active,
2023-24,2009918059,ARYANA,MUNOZ,05/08/2024,06/21/2024,II,Western New Mexico University,Softball,,Lone Star Conference,Active,
2023-24,2210700975,MARLY,HOEFLER,06/20/2024,06/21/2024,III,Christopher Newport University,Softball,,Coast-To-Coast Athletic Conference,Active,
2023-24,1909672221,KELSEY,ZAMPA,06/06/2024,06/21/2024,I,Duke University,Softball,,Atlantic Coast Conference,Withdrawn,
2023-24,2108302655,LANDRY,STEWART,05/20/2024,06/22/2024,I,University of South Carolina Upstate,Softball,,Big South Conference,Active,
2023-24,2108286084,MORGAN,HOWEY,05/20/2024,06/22/2024,I,Oregon State University,Softball,,Pac-12 Conference,Withdrawn,
2023-24,2301761666,EMMA,ROACH,05/22/2024,06/22/2024,II,Colorado Mesa University,Softball,,Rocky Mountain Athletic Conference,Active,
2023-24,2010938110,TAYLER,STEVENS,12/03/2023,06/22/2024,I,Morehead State University,Softball,,Ohio Valley Conference,Withdrawn,
2023-24,1909675820,CASSANDRA,MILLER,06/23/2024,06/23/2024,III,Salem College (North Carolina),Softball,,USA South Athletic Conference,Active,
2023-24,2012978441,AILEEN,BALDERAS,05/01/2024,06/24/2024,II,College of Staten Island,Softball,,East Coast Conference,Withdrawn,
2023-24,2105170223,SAMANTHA,PETERKOSKI,05/10/2024,06/25/2024,II,Tiffin University,Softball,,Great Midwest Athletic Conference,Active,
2023-24,1910707200,EMILY,JOHNSON,05/19/2024,06/25/2024,I,University of Texas at San Antonio,Softball,,American Athletic Conference,Active,
2023-24,2011955996,ABIGAIL,BEHRIKIS,12/13/2023,06/26/2024,II,The College of Saint Rose,Softball,,Northeast-10 Conference,Active,
2023-24,1907625938,MCKENNA,KOSTYSZYN,04/04/2024,06/26/2024,I,"University of Hawaii, Manoa",Softball,,Big West Conference,Active,
2023-24,2105166157,LAUREN,HENDRICKS,05/08/2024,06/26/2024,III,New England College,Softball,,Great Northeast Athletic Conference,Active,
2023-24,1809296240,FAITH,CAMILLERI,12/04/2023,06/26/2024,II,Adelphi University,Softball,,Northeast-10 Conference,Matriculated,
2023-24,2404265225,ISABELLA,KIERAN,04/11/2024,06/26/2024,III,New England College,Softball,,Great Northeast Athletic Conference,Active,
2023-24,2008913438,AUTUMN,COURTNEY,05/20/2024,06/28/2024,I,Queens University of Charlotte,Softball,,Atlantic Sun Conference,Matriculated,
2023-24,2107280256,CIARA,GIBSON,05/22/2024,06/28/2024,I,Liberty University,Softball,,Conference USA,Matriculated,
2023-24,2209659064,KILEY,SHELTON,05/20/2024,06/28/2024,I,Colgate University,Softball,,Patriot League,Matriculated,
2023-24,2110339192,CHLOE,YEATTS,05/19/2024,06/28/2024,I,University of New Mexico,Softball,,Mountain West Conference,Matriculated,
2023-24,2010938823,BAYLEA,SMITH,04/30/2024,06/28/2024,II,Northeastern State University,Softball,,Mid-America Intercollegiate Athletics Association,Active,
2023-24,2002803766,AMANDA,DEMMERLE,05/14/2024,06/29/2024,II,St. Thomas Aquinas College,Softball,,East Coast Conference,Active,
2023-24,2406338768,KATE,GAGNE,06/30/2024,06/30/2024,III,Worcester Polytechnic Institute,Softball,,New England Women's and Men's Athletic Conference,Active,
2023-24,2006871877,LIBERTI,FAIR,07/01/2024,07/01/2024,II,Grand Valley State University,Softball,,Great Lakes Intercollegiate Athletic Conference,Active,
2023-24,2111369218,MADDISON,ATKINS,07/01/2024,07/01/2024,III,Clarks Summit University,Softball,,United East Conference,Active,
2023-24,2407345720,ALYSSA,TAYLOR,07/02/2024,07/02/2024,III,Clarks Summit University,Softball,,United East Conference,Active,
2023-24,2002803059,LAUREN,HUEBSCH,05/19/2024,07/02/2024,I,Florida Gulf Coast University,Softball,,Atlantic Sun Conference,Active,
2023-24,2105168328,OLIVIA,WILLIAMS,06/16/2024,07/02/2024,I,The University of North Carolina at Charlotte,Softball,,American Athletic Conference,Withdrawn,
2023-24,1610626571,E'MYA,MUNFORD,05/20/2024,07/02/2024,I,University of Memphis,Softball,,American Athletic Conference,Withdrawn,
2023-24,2407346761,TORI,REICHERT,07/03/2024,07/03/2024,I,James Madison University,No Sport|Softball,,Sun Belt Conference|Sun Belt Conference,Active,
2023-24,2209680097,MOLLY,WHITMYER,07/03/2024,07/03/2024,II,Lock Haven University of Pennsylvania,Softball,,Pennsylvania State Athletic Conference,Active,
2023-24,1909672257,ANNIKA,LITTERIO,05/19/2024,07/04/2024,I,University of Texas at El Paso,Softball,,Conference USA,Active,
2023-24,1809283808,GRACE,JACKSON,08/01/2023,07/04/2024,I,Princeton University,Softball,,The Ivy League,Active,
2023-24,2404255901,MELANIE,FIUMARA,04/08/2024,07/04/2024,III,Western Connecticut State University,Softball,,Little East Conference,Active,
2023-24,2110353465,ALEXCIA,KOONZ,12/03/2023,07/07/2024,II,The College of Saint Rose,Softball,,Northeast-10 Conference,Active,
2023-24,1808265302,KATHERINE,RODRIGUEZ,05/07/2024,07/08/2024,I,University of Pittsburgh,Softball,,Atlantic Coast Conference,Matriculated,
2023-24,2209666680,KYLIE,PRICE,07/08/2024,07/08/2024,II,University of Charleston (West Virginia),Softball,,Mountain East Conference,Active,
2023-24,2004849556,ADRIANA,ROMANO,05/20/2024,07/08/2024,I,University of Pittsburgh,Softball,,Atlantic Coast Conference,Withdrawn,
2023-24,2208633624,CHRISTA,KOAGEL,04/30/2024,07/09/2024,III,Wells College,Softball,,Allegheny Mountain Collegiate Conference,Active,
2023-24,2406327407,MADDISON,CASON,06/11/2024,07/09/2024,III,Howard Payne University,Softball,,American Southwest Conference,Active,
2023-24,2405285443,PAIGE,PARSONS,05/02/2024,07/09/2024,III,Wells College,Softball,,Allegheny Mountain Collegiate Conference,Active,
2023-24,2109321193,BAILEY,EDWARDS,05/28/2024,07/09/2024,I,North Carolina State University,Softball,,Atlantic Coast Conference,Withdrawn,
2023-24,2111375934,TAYLOR,ROBINSON,05/02/2024,07/09/2024,III,Wells College,Softball,,Allegheny Mountain Collegiate Conference,Active,
2023-24,1904523106,SKYLER,DIETZ,05/12/2024,07/09/2024,II,Colorado Christian University,Softball,,Rocky Mountain Athletic Conference,Active,
2023-24,2205565666,RAMONA,FOSSUM,06/03/2024,07/09/2024,II,Western New Mexico University,Softball,,Lone Star Conference,Active,
2023-24,2302786031,KYLIE,OLAY,04/30/2024,07/10/2024,III,Wells College,Softball,,Allegheny Mountain Collegiate Conference,Active,
2023-24,1908661963,HARLEIGH,BRASWELL,05/20/2024,07/10/2024,I,Oregon State University,Softball,,Pac-12 Conference,Active,
2023-24,2402224576,ISABELLA,BOISSONNAULT,02/23/2024,07/10/2024,III,Wells College,Field Hockey|Softball,,North Atlantic Conference|Allegheny Mountain Collegiate Conference,Active,
2023-24,2109318017,TAYLOR,SMRT,10/20/2023,07/10/2024,I,University of Memphis,Softball,,American Athletic Conference,Active,
2023-24,2005866080,JASMINE,TREVINO,07/09/2024,07/10/2024,II,Midwestern State University,Softball,,Lone Star Conference,Active,
2023-24,2101102472,REAGAN,WINN,05/21/2024,07/11/2024,II,Adelphi University,Softball,,Northeast-10 Conference,Matriculated,
2023-24,2110358334,ALINA,GUERRERO,05/19/2024,07/11/2024,I,"California State University, Bakersfield",Softball,,Big West Conference,Active,
2023-24,2009918429,ASHLEY,WOLFE,05/20/2024,07/11/2024,I,Oregon State University,Softball,,Pac-12 Conference,Active,
2023-24,2112402029,CHLOE,TREADWAY,06/26/2024,07/12/2024,II,University of Charleston (West Virginia),Softball,,Mountain East Conference,Active,
2023-24,2105176944,EMILY,PERRY,05/24/2024,07/12/2024,II,Newberry College,Softball,,South Atlantic Conference,Active,
2023-24,2109321920,MELANIE,CARR,05/24/2024,07/12/2024,II,Newberry College,Softball,,South Atlantic Conference,Active,
2023-24,2002808128,KELLEY,BICKERS,06/04/2024,07/13/2024,I,Jackson State University,Softball,,Southwestern Athletic Conf.,Active,
2023-24,2203456822,HAYLEY,OLIVAS,06/17/2024,07/13/2024,I,Loyola Marymount University,Softball,,West Coast Conference,Active,
2023-24,1705792458,BRIANNA,RODRIGUEZ,09/21/2023,07/13/2024,I,Brown University,Softball,,The Ivy League,Active,
2023-24,2109331478,VICTORIA,OWENS,05/20/2024,07/16/2024,II,Lubbock Christian University,Softball,,Lone Star Conference,Matriculated,
2023-24,2207620199,NEVAEH,LANTER,02/29/2024,07/16/2024,II,Texas A&M International University,Softball,,Lone Star Conference,Active,
2023-24,2001773711,SAVANNAH,BRAUN,05/08/2024,07/16/2024,I,University of New Mexico,Softball,,Mountain West Conference,Active,
2023-24,2208628598,DAKOTA,FARMER,05/20/2024,07/17/2024,I,University of Pennsylvania,Softball,,The Ivy League,Matriculated,
2023-24,1909671636,KASSIDY,AMERSON-FOX,07/17/2024,07/17/2024,I,Kennesaw State University,Softball,,Atlantic Sun Conference,Active,
2023-24,2106204022,KAELYN,MATHIS,05/20/2024,07/17/2024,I,James Madison University,Softball,,Sun Belt Conference,Matriculated,
2023-24,2109329993,JULIANA,MENDOZA-HALLOCK,02/21/2024,07/17/2024,II,North Greenville University,Softball,,Conference Carolinas,Active,
2023-24,1907640462,NADIA,MARTYNIUK,12/01/2023,07/17/2024,I,Towson University,Softball,,Coastal Athletic Association,Active,
2023-24,2104155073,MARTHA,MILLER,05/19/2024,07/18/2024,I,University of Wisconsin-Green Bay,Softball,,Horizon League,Matriculated,
2023-24,2209682007,KAYLA,TALBERT,05/19/2024,07/18/2024,I,Saint Peter's University,Softball,,Metro Atlantic Athletic Conference,Active,
2023-24,2109319887,RYLEE,CRANDALL,05/28/2024,07/18/2024,I,Baylor University,Softball,,Big 12 Conference,Matriculated,
2023-24,2110354372,AVA,KUSZAK,05/21/2024,07/19/2024,I,University of Wisconsin-Madison,Softball,,Big Ten Conference,Matriculated,
2023-24,2108292042,OLIVIA,DINARDO,05/31/2024,07/19/2024,I,University of Arizona,Softball,,Pac-12 Conference,Matriculated,
2023-24,2108308483,LAUREN,CAMENZIND,05/21/2024,07/19/2024,I,"University of Arkansas, Fayetteville",Softball,,Southeastern Conference,Matriculated,
2023-24,2002807819,LINDSEY,BAYES,07/19/2024,07/19/2024,I,East Carolina University,"Softball|Women's Track, Indoor|Women's Track, Outdoor",,American Athletic Conference|American Athletic Conference|American Athletic Conference,Active,
2023-24,1708872880,KACIE,HOFFMANN,06/03/2024,07/19/2024,I,"University of Arkansas, Fayetteville",Softball,,Southeastern Conference,Matriculated,
2023-24,2109328412,KYLEE,MAGEE,05/28/2024,07/19/2024,I,Arizona State University,Softball,,Pac-12 Conference,Matriculated,
2023-24,1904514545,TAYLER,GRAHAM,06/03/2024,07/19/2024,I,Grambling State University,Softball,,Southwestern Athletic Conf.,Active,
2023-24,2108308455,HANNAH,CAMENZIND,05/21/2024,07/19/2024,I,"University of Arkansas, Fayetteville",Softball,,Southeastern Conference,Matriculated,
2023-24,2209665908,KARLIE,GIBSON,05/19/2024,07/19/2024,I,Morehead State University,Softball,,Ohio Valley Conference,Active,
2023-24,2209676465,ABIGAIL,STANSBURY,04/18/2024,07/20/2024,III,Eastern Nazarene College,Softball,,North Atlantic Conference,Active,
2023-24,2406340149,CAOIMHE,WERNSING,06/26/2024,07/20/2024,III,Eastern Nazarene College,Softball,,North Atlantic Conference,Active,
2023-24,2407345002,MADISON,MURRAY,07/03/2024,07/20/2024,III,Eastern Nazarene College,Softball,,North Atlantic Conference,Active,
2023-24,2010943908,JUSTICE,WALTON,06/03/2024,07/20/2024,I,"University of Arkansas, Pine Bluff",Softball,,Southwestern Athletic Conf.,Active,
2023-24,2207626137,CAYLEY,MCCURDY,03/25/2024,07/20/2024,III,Eastern Nazarene College,Softball,,North Atlantic Conference,Active,
2023-24,2407347287,MACKENZIE,MURRAY,07/04/2024,07/20/2024,III,Eastern Nazarene College,Softball,,North Atlantic Conference,Active,
2023-24,1910731901,IZABEL,POZAR,12/11/2023,07/20/2024,III,Eastern Nazarene College,Softball,,North Atlantic Conference,Active,
2023-24,2204545516,ELIZABETH,DERUSHA,06/29/2024,07/20/2024,III,Eastern Nazarene College,Softball,,North Atlantic Conference,Active,
2023-24,2306926508,GRACIE,ASHLEY,03/06/2024,07/22/2024,II,University of West Florida,Softball,,Gulf South Conference,Matriculated,
2023-24,2109314610,MCKENZIE,JONES,05/19/2024,07/22/2024,I,University of New Mexico,Softball,,Mountain West Conference,Matriculated,
2023-24,2004848821,ELEANOR,JOHNSON,07/11/2024,07/22/2024,II,The University of Texas Permian Basin,Softball,,Lone Star Conference,Withdrawn,
2023-24,1901391472,MEGAN,WEISS,05/20/2024,07/22/2024,I,Idaho State University,Softball,,Big Sky Conference,Matriculated,
2023-24,1910706862,SKYLAR,BRANDEMARTE,05/21/2024,07/23/2024,I,Stonehill College,Softball,,Northeast Conference,Matriculated,
2023-24,1909699240,MAKENZIE,FOSTER,06/03/2024,07/23/2024,I,Syracuse University,Softball,,Atlantic Coast Conference,Active,
2023-24,2112399472,MARIANA,CARO,06/24/2024,07/23/2024,II,Harding University,Softball,,Great American Conference,Active,
2023-24,1910727400,TAYLOR,ZATYK,05/15/2024,07/23/2024,I,University of Connecticut,Softball,,Big East Conference,Active,
2023-24,1806211064,ALEXANDRA,DAVIS,05/31/2024,07/23/2024,II,"California State University, Dominguez Hills",Softball,,California Collegiate Athletic Association,Withdrawn,
2023-24,2108286907,JAZLYN,GOMEZ,05/20/2024,07/23/2024,I,"University of Arkansas, Pine Bluff",Softball,,Southwestern Athletic Conf.,Active,
2023-24,2203469399,ALAYNA,PINKELMAN,05/23/2024,07/23/2024,II,Davenport University,Softball,,Great Lakes Intercollegiate Athletic Conference,Active,
2023-24,2211730728,KAMYLA,CERDA,05/14/2024,07/23/2024,II,University of Hawaii at Hilo,Softball,,Pacific West Conference,Active,
2023-24,2107245497,MARIN,FRAZEE,12/03/2023,07/24/2024,II,The College of Saint Rose,Softball,,Northeast-10 Conference,Active,
2023-24,2202436107,GRACE,KISSICK,05/29/2024,07/24/2024,II,Malone University,Softball,,Great Midwest Athletic Conference,Active,
2023-24,2309123413,ZOE,RIVERA,04/16/2024,07/24/2024,II,Mercy University,Softball,,East Coast Conference,Active,
2023-24,2209670515,CASAUNDRA,SEIFERT,06/11/2024,07/24/2024,I,Longwood University,Softball,,Big South Conference,Active,
2023-24,2405306282,COURTNEY,KELLER,05/16/2024,07/24/2024,III,Mount St. Joseph University,Softball,,Heartland Collegiate Athletic Conference,Active,
2023-24,2403247668,KYLEIGH,BRANDT,03/25/2024,07/24/2024,III,Aurora University,Softball,,Northern Athletics Collegiate Conference,Active,
2023-24,2104150395,I'YANNA,VELEZ,06/09/2024,07/24/2024,II,Emory & Henry University,Softball,,South Atlantic Conference,Active,
2023-24,1904507925,MOLLY,GILBERT,05/15/2024,07/25/2024,II,Washburn University,Softball,,Mid-America Intercollegiate Athletics Association,Active,
2023-24,2010940671,CIERRA,FLEMING,06/06/2024,07/25/2024,I,Virginia Polytechnic Institute and State University,Softball,,Atlantic Coast Conference,Active,
2023-24,1712994336,ABBY,FLANAGAN,05/21/2024,07/26/2024,I,University of Nebraska at Omaha,Softball,,The Summit League,Active,
2023-24,2109321880,TAYLOR,APPLEFELD,04/17/2024,07/26/2024,III,McDaniel College,Softball,,Centennial Conference,Withdrawn,
2023-24,2002809672,TRINADEY,SANTIAGO,05/19/2024,07/26/2024,I,University of Massachusetts Lowell,Softball,,America East Conference,Matriculated,
2023-24,2008901358,JUSTYCE,RICHARD,04/15/2024,07/29/2024,II,Shippensburg University of Pennsylvania,Softball,,Pennsylvania State Athletic Conference,Matriculated,
2023-24,2405292675,MADELYN,GILLEY,05/08/2024,07/30/2024,III,Transylvania University,Softball,,Heartland Collegiate Athletic Conference,Active,
2023-24,1909693839,EMMA,COLDSNOW,05/28/2024,07/31/2024,III,Salisbury University,Softball,,Coast-To-Coast Athletic Conference,Matriculated,
2023-24,2201426816,DAPHNE,FOWLER,07/31/2024,07/31/2024,II,University of West Alabama,Softball,,Gulf South Conference,Active,
2023-24,1910718965,THESSA,MALAUULU,04/04/2024,08/01/2024,I,"University of California, Los Angeles",Softball,,Pac-12 Conference,Matriculated,
2023-24,2211731102,CLARE,JOHNS,05/17/2024,08/06/2024,III,Keystone College,Softball,,United East Conference,Active,
2024-25,1910713739,ANNALISE,KNOP,08/06/2024,08/06/2024,III,Amherst College,Softball,,New England Small College Athletic Conference,Active,
2023-24,2211732730,ALYSSA,FULLMER,07/29/2024,08/06/2024,II,Academy of Art University,Softball,,Pacific West Conference,Active,
2023-24,2211714506,JANIYAH,GLENN,04/09/2024,08/07/2024,II,Newberry College,Softball,,South Atlantic Conference,Active,
2023-24,2109327786,BRILEE,FORD,05/19/2024,08/07/2024,I,McNeese State University,Softball,,Southland Conference,Matriculated,
2023-24,2010952339,ZOE,ACOSTA,06/09/2024,08/09/2024,II,East Central University,Softball,,Great American Conference,Active,
2023-24,2110362871,GRACELYNN,KELLY,06/06/2024,08/09/2024,II,"University of Minnesota, Crookston",Softball,,Northern Sun Intercollegiate Conference,Matriculated,
2023-24,2008909275,HALEY,FOX,07/03/2024,08/09/2024,I,Stetson University,Softball,,Atlantic Sun Conference,Active,
2023-24,2205551426,TRENDEE,KAHUNAHANA,07/12/2024,08/10/2024,I,"University of California, Riverside",Softball,,Big West Conference,Withdrawn,
2023-24,1609574833,BRAYDEN,LICKEY,05/19/2024,08/13/2024,I,Purdue University Fort Wayne,Softball,,Horizon League,Active,
2023-24,2109321164,SANTANA,ANDERSON,04/04/2024,08/13/2024,II,Limestone University,Softball,,South Atlantic Conference,Matriculated,
2023-24,2201421505,SAMANTHA,GUERCIA,03/28/2024,08/13/2024,II,Goldey-Beacom College,Softball,,Central Atlantic Collegiate Conference,Matriculated,
2023-24,1910718426,KASEY,AGUINAGA,05/19/2024,08/14/2024,I,Boise State University,Softball,,Mountain West Conference,Active,
2023-24,2211729003,SOFIA,HOLLINGSWORTH,05/20/2024,08/15/2024,I,University of Delaware,Softball,,Coastal Athletic Association,Active,
2023-24,2005868179,NATALIA,LOCURTO,05/19/2024,08/16/2024,I,Lafayette College,Softball,Yes - Softball,Patriot League,Matriculated,
2023-24,1901388612,MADILYN,GILLESPIE,05/19/2024,08/16/2024,I,Campbell University,Softball,,Coastal Athletic Association,Matriculated,
2023-24,1910730568,VALERIE,COMBS,05/19/2024,08/16/2024,I,Western Illinois University,Softball,,Ohio Valley Conference,Matriculated,
2024-25,2207617575,A'MIYAH,COLLIER,08/15/2024,08/17/2024,I,University of Central Arkansas,Softball,,Atlantic Sun Conference,Active,
2023-24,2106234463,CAMRYN,LOOKADOO,05/20/2024,08/19/2024,I,University of Kentucky,Softball,,Southeastern Conference,Matriculated,
2023-24,1908655163,MCKENZIE,BUMP,06/05/2024,08/19/2024,I,The Ohio State University,Softball,,Big Ten Conference,Matriculated,
2023-24,2109323422,MAKAYLA,NAVARRO,05/20/2024,08/19/2024,I,Florida International University,Softball,,Conference USA,Matriculated,
2023-24,1910707093,MADISON,SIMON,05/14/2024,08/19/2024,I,Oregon State University,Softball,,Pac-12 Conference,Matriculated,
2023-24,2103132927,CARISSA,BALL,04/11/2024,08/19/2024,II,Lane College,Softball,,Southern Intercol. Ath. Conf.,Matriculated,
2023-24,2208631997,MACI,MASTERS,05/24/2024,08/19/2024,I,Virginia Polytechnic Institute and State University,Softball,,Atlantic Coast Conference,Matriculated,
2023-24,2102120018,KAIDEN,HICKMAN,05/16/2024,08/19/2024,I,University of Central Arkansas,Softball,,Atlantic Sun Conference,Matriculated,
2023-24,1709893555,ELLEE,ECK,06/11/2024,08/19/2024,I,Stanford University,Softball,,Pac-12 Conference,Matriculated,
2023-24,1808268799,JENNA,BLANTON,05/21/2024,08/19/2024,I,University of Kentucky,Softball,,Southeastern Conference,Matriculated,
2023-24,2107281645,KAMERYNN,CORDOVA,05/23/2024,08/19/2024,II,Western New Mexico University,Softball,,Lone Star Conference,Matriculated,
2023-24,2109328424,LENA,ELKINS,05/19/2024,08/19/2024,I,The University of North Carolina at Charlotte,Softball,Yes - Softball,American Athletic Conference,Matriculated,
2023-24,2102105860,JAIDYN,GAMBLE,04/29/2024,08/19/2024,II,"California State Polytechnic University, Humboldt",Softball,,California Collegiate Athletic Association,Matriculated,
2023-24,2002807284,BRIANNA,DESPINES,06/06/2024,08/19/2024,I,Kent State University,Softball,,Mid-American Conference,Matriculated,
2023-24,1908666905,MARTHA,HENKEL,05/19/2024,08/19/2024,I,Bowling Green State University,Softball,,Mid-American Conference,Matriculated,
2023-24,2006875692,MADYSON,CLARK,05/20/2024,08/19/2024,I,Oregon State University,Softball,,Pac-12 Conference,Matriculated,
2023-24,2109310928,JODIE,EPPERSON,05/27/2024,08/19/2024,I,University of North Texas,Softball,Yes - Softball,American Athletic Conference,Matriculated,
2023-24,2009914522,JOCELYN,MOODY,05/06/2024,08/19/2024,II,Bloomfield College,Softball,,Central Atlantic Collegiate Conference,Matriculated,
2023-24,2108296488,OLIVIA,TYSON,05/06/2024,08/20/2024,II,Lee University,Softball,,Gulf South Conference,Matriculated,
2023-24,2009924255,DELANEY,REEFE,06/06/2024,08/20/2024,I,"University of Maryland, College Park",Softball,,Big Ten Conference,Matriculated,
2023-24,2110341366,VICTORIA,ASH,05/20/2024,08/20/2024,I,Stetson University,Softball,,Atlantic Sun Conference,Matriculated,
2023-24,1908663355,RANCI,WILLIS,07/07/2024,08/20/2024,I,Texas Tech University,Softball,,Big 12 Conference,Matriculated,
2023-24,2112400538,DAKOTA,STAFFAN,05/19/2024,08/20/2024,I,Cleveland State University,Softball,,Horizon League,Active,
2023-24,2211719943,DENISE,PAULETICH,05/02/2024,08/20/2024,II,Midwestern State University,Softball,,Lone Star Conference,Matriculated,
2023-24,2112398636,RYLEE,MOORE,06/06/2024,08/20/2024,II,Washburn University,Softball,,Mid-America Intercollegiate Athletics Association,Matriculated,
2023-24,2111386414,KENDALL,WYLIE,05/19/2024,08/20/2024,I,Wofford College,Softball,,Southern Conference,Matriculated,
2023-24,1908671026,MADISON,GEORGE,03/22/2024,08/20/2024,II,Wheeling University,Softball,,Mountain East Conference,Active,
2023-24,2011969402,SKYLAR,JACOB,06/10/2024,08/20/2024,II,Carson-Newman University,Softball,,South Atlantic Conference,Matriculated,
2023-24,2304866203,MACIE,JACQUET,05/21/2024,08/20/2024,I,Towson University,Softball,,Coastal Athletic Association,Matriculated,
2023-24,1809285684,GABRIELLE,RAWLS,05/19/2024,08/20/2024,I,Texas Tech University,Softball,,Big 12 Conference,Matriculated,
2023-24,2111367057,MAKENNA,MITCHELL,05/19/2024,08/20/2024,I,Texas Tech University,Softball,,Big 12 Conference,Matriculated,
2023-24,2107269730,AVA BROOKE,STRICKLAND,05/20/2024,08/20/2024,I,Coastal Carolina University,Softball,,Sun Belt Conference,Matriculated,
2023-24,2110351508,ALORA,BEVILY,06/26/2024,08/20/2024,I,Alabama State University,Softball,,Southwestern Athletic Conf.,Matriculated,
2023-24,2102108483,PAYTON,BROWN,05/20/2024,08/20/2024,I,Illinois State University,Softball,,Missouri Valley Conference,Matriculated,
2023-24,2004840718,HALLE GRACE,PATTON,05/20/2024,08/20/2024,II,Trevecca Nazarene University,Softball,,Great Midwest Athletic Conference,Matriculated,
2023-24,1609597652,ERIKA,ANDAL,05/10/2024,08/20/2024,I,Boston College,Softball,,Atlantic Coast Conference,Active,
2023-24,2205552731,BRIANNA,BAER,05/20/2024,08/20/2024,II,Nova Southeastern University,Softball,,Sunshine State Conference,Matriculated,
2023-24,2108308245,KRISTIN,GRIFFIN,06/03/2024,08/20/2024,II,Newberry College,Softball,,South Atlantic Conference,Matriculated,
2023-24,2205566967,MARY,BEYER,05/21/2024,08/21/2024,I,The University of North Carolina at Charlotte,Softball,,American Athletic Conference,Matriculated,
2023-24,2011962247,JUSTICE,TIBERI,05/29/2024,08/21/2024,III,Colby College,Softball,,New England Small College Athletic Conference,Matriculated,
2023-24,1709905834,GEORGIA,HEATHCOCK,05/28/2024,08/21/2024,I,"University of California, San Diego",Softball,,Big West Conference,Matriculated,
2023-24,2108302320,TAYLOR,BARLOW,06/16/2024,08/21/2024,I,The University of North Carolina at Charlotte,Softball,,American Athletic Conference,Matriculated,
2023-24,1709911104,KAYLA,RODGERS,06/16/2024,08/21/2024,I,Grand Canyon University,Softball,,Western Athletic Conference,Matriculated,
2023-24,2111372145,MIKAYLA,BROWN,04/29/2024,08/21/2024,II,Upper Iowa University,Softball,,Great Lakes Valley Conference,Matriculated,
2023-24,1809306407,MARY,PERTEE,05/13/2024,08/21/2024,I,Eastern Kentucky University,Softball,,Atlantic Sun Conference,Matriculated,
2023-24,2008905346,ALEXIS,ATCITTY,05/30/2024,08/21/2024,I,Brigham Young University,Softball,,Big 12 Conference,Matriculated,
2023-24,2210708120,MAKAYLA,HUDDLESTON,05/19/2024,08/21/2024,I,Michigan State University,Softball,,Big Ten Conference,Matriculated,
2023-24,1704769178,MARIYN,WATERMAN,06/11/2024,08/21/2024,I,University of North Alabama,Softball,,Atlantic Sun Conference,Matriculated,
2023-24,2203485047,EMMA,CURRY,05/16/2024,08/21/2024,II,Spring Hill College,Softball,,Southern Intercol. Ath. Conf.,Withdrawn,
2023-24,2203450139,AYELLAD,HOWARD,04/25/2024,08/21/2024,II,Converse University,Softball,,Conference Carolinas,Matriculated,
2023-24,2111367379,MAKENZIE,HENDERSON,05/28/2024,08/21/2024,I,East Tennessee State University,Softball,,Southern Conference,Matriculated,
2023-24,2110351045,KELSEA,MOODY,04/18/2024,08/21/2024,III,LaGrange College,Softball,,Collegiate Conference of the South,Matriculated,
2023-24,2209661646,MARINA,TINARI,05/29/2024,08/21/2024,I,Florida Gulf Coast University,Softball,,Atlantic Sun Conference,Matriculated,
2023-24,2112389793,CHESNEY,MILES,04/25/2024,08/21/2024,II,Converse University,Softball,,Conference Carolinas,Matriculated,
2023-24,2009914780,HANNAH,TOMLIANOVICH,05/20/2024,08/22/2024,I,Illinois State University,Softball,,Missouri Valley Conference,Matriculated,
2023-24,1712985354,SAMANTHA,GRESS,06/12/2024,08/22/2024,I,The University of North Carolina at Charlotte,Softball,,American Athletic Conference,Matriculated,
2023-24,2010937607,NEALY,LAMB,05/20/2024,08/22/2024,I,Charleston Southern University,Softball,,Big South Conference,Matriculated,
2023-24,2009915443,GABRIELLA,EVANS,05/20/2024,08/22/2024,I,Western Michigan University,Softball,,Mid-American Conference,Matriculated,
2023-24,2007895113,BRINKLEY,KITA,12/01/2023,08/22/2024,I,Lipscomb University,Softball,,Atlantic Sun Conference,Matriculated,
2023-24,2002808184,HAILEY,WEBB,02/13/2024,08/22/2024,I,Appalachian State University,Softball,,Sun Belt Conference,Matriculated,
2023-24,2009926725,QUINCEE,LILIO,06/10/2024,08/22/2024,I,University of Oklahoma,Softball,,Big 12 Conference,Matriculated,
2023-24,1904501925,HALEY,RAINEY,07/24/2024,08/22/2024,I,"California State University, Fullerton",Softball,,Big West Conference,Matriculated,
2024-25,1903432603,NAZIHA,ALFRID,08/22/2024,08/22/2024,II,Allen University,Softball,,Southern Intercol. Ath. Conf.,Active,
2023-24,2011954534,RAELIN,CHAFFIN,05/29/2024,08/22/2024,I,Louisiana State University,Softball,,Southeastern Conference,Matriculated,
2023-24,2008899113,KADIE,BECKER,06/16/2024,08/22/2024,I,The University of North Carolina at Charlotte,Softball,,American Athletic Conference,Matriculated,
2023-24,2010951556,ELLA,CHANCEY,06/17/2024,08/22/2024,I,The University of North Carolina at Charlotte,Softball,,American Athletic Conference,Matriculated,
2023-24,2201424626,AZALYA,LOPEZ,06/05/2024,08/22/2024,II,Minnesota State University Moorhead,Softball,,Northern Sun Intercollegiate Conference,Matriculated,
2023-24,2108297347,ELLA,WHITNEY,05/30/2024,08/22/2024,I,Florida International University,Softball,,Conference USA,Matriculated,
2023-24,2109326483,ARIANNA,RODI,06/12/2024,08/22/2024,I,The University of North Carolina at Charlotte,Softball,,American Athletic Conference,Matriculated,
2023-24,1908664435,EMILY,VINSON,06/17/2024,08/22/2024,I,Longwood University,Softball,,Big South Conference,Matriculated,
2023-24,2009915719,AMANDA,LAUTH,05/20/2024,08/22/2024,I,George Washington University,Softball,,Atlantic 10 Conference,Matriculated,
2023-24,2010950127,KEY-ANNAH,CAMPBELL PU'A,05/30/2024,08/22/2024,I,"University of Hawaii, Manoa",Softball,,Big West Conference,Matriculated,
2023-24,2005868682,SASHA,BUCKBERGER,05/07/2024,08/22/2024,II,Wayne State University (Michigan),Softball,,Great Lakes Intercollegiate Athletic Conference,Matriculated,
2023-24,2109310209,KILEY,CONNER,05/18/2024,08/22/2024,I,Northern Illinois University,Softball,,Mid-American Conference,Matriculated,
2023-24,2207615043,LUCY,BROOKS,05/08/2024,08/22/2024,III,Whittier College,Softball,,Southern California Intercollegiate Athletic Conf.,Matriculated,
2023-24,1801106404,KARA,GUNTER,03/08/2024,08/22/2024,I,University of Dayton,Softball,,Atlantic 10 Conference,Matriculated,
2023-24,1801109500,ABIGAIL,KNIGHT,06/18/2024,08/22/2024,I,The University of North Carolina at Charlotte,Softball,,American Athletic Conference,Matriculated,
2023-24,2102120152,MACKENZIE,GALLAGHER,06/04/2024,08/22/2024,II,Minnesota State University Moorhead,Softball,,Northern Sun Intercollegiate Conference,Matriculated,
2023-24,2008904936,ALEXIS,WINTERS,06/12/2024,08/22/2024,I,The University of North Carolina at Charlotte,Softball,,American Athletic Conference,Matriculated,
2023-24,2001794971,ASHLEY,SMETTER,05/19/2024,08/23/2024,I,University of Nebraska-Lincoln,Softball,,Big Ten Conference,Matriculated,
2023-24,2201412334,AVERY,BARNARD,05/19/2024,08/23/2024,I,Wichita State University,Softball,,American Athletic Conference,Matriculated,
2023-24,1806225925,JORJA,BARRETT,06/11/2024,08/23/2024,I,Utah Valley University,Softball,,Western Athletic Conference,Matriculated,
2023-24,2008910560,ADDISON,LESCHBER,05/19/2024,08/23/2024,I,"University of Minnesota, Twin Cities",Softball,,Big Ten Conference,Matriculated,
2023-24,1906590765,KYLIE,LAROUSA,06/07/2024,08/23/2024,I,Appalachian State University,Softball,,Sun Belt Conference,Matriculated,
2023-24,1807227483,ELIANA,GOTTLIEB,05/14/2024,08/23/2024,I,Oregon State University,Softball,,Pac-12 Conference,Matriculated,
2023-24,1809309713,HANNAH,POOLE,05/14/2024,08/23/2024,I,Furman University,Softball,,Southern Conference,Matriculated,
2023-24,1910711419,HAILEY,DETER,05/21/2024,08/23/2024,I,Liberty University,Softball,,Conference USA,Matriculated,
2023-24,2305893521,DEVON,WELLER,10/22/2023,08/23/2024,II,University of South Carolina Beaufort,Softball,,Peach Belt Conference,Matriculated,
2023-24,2106184933,NIJAREE,CANADY,06/17/2024,08/23/2024,I,Stanford University,Softball,,Pac-12 Conference,Matriculated,
2023-24,1912764719,KAYLA,LYON,05/22/2024,08/23/2024,I,California Baptist University,Softball,,Western Athletic Conference,Matriculated,
2023-24,1905572099,ADDISON,ABELL,05/06/2024,08/26/2024,II,Union University,Softball,Yes - Softball,Gulf South Conference,Matriculated,
2023-24,2007887779,JENNIFER,WRIGHTSMAN,06/12/2024,08/26/2024,I,Coastal Carolina University,Softball,,Sun Belt Conference,Matriculated,
2023-24,1910722621,KATHRYN,STEINMETZ,05/16/2024,08/26/2024,II,Felician University,Softball,,Central Atlantic Collegiate Conference,Matriculated,
2023-24,2005858008,REGANNE,BENNETT,05/21/2024,08/26/2024,I,"University of South Carolina, Columbia",Softball,,Southeastern Conference,Matriculated,
2023-24,2108308691,VICTORIA,VALDEZ,06/25/2024,08/26/2024,I,University of Louisiana at Lafayette,Softball,,Sun Belt Conference,Matriculated,
2023-24,2006871531,JULIA,SITTERDING,05/19/2024,08/26/2024,I,Middle Tennessee State University,Softball,,Conference USA,Matriculated,
2023-24,2108301222,CHLOE,RIASSETTO,06/25/2024,08/26/2024,I,University of Louisiana at Lafayette,Softball,,Sun Belt Conference,Matriculated,
2023-24,2003826678,KENDALL,THACKSTON,05/20/2024,08/26/2024,I,East Tennessee State University,Softball,,Southern Conference,Matriculated,
2023-24,2109325284,MARISSA,ESPINOZA,05/19/2024,08/26/2024,I,University of the Incarnate Word,Softball,,Southland Conference,Matriculated,
2023-24,2110343991,GRACYN,HYATT,06/17/2024,08/26/2024,I,Presbyterian College,Softball,,Big South Conference,Matriculated,
2023-24,2209671376,MALARIE,MEDINA,05/19/2024,08/26/2024,I,University of the Incarnate Word,Softball,,Southland Conference,Matriculated,
2023-24,2107251246,ALANA,JOHNSON,05/24/2024,08/26/2024,I,University of Washington,Softball,,Pac-12 Conference,Matriculated,
2023-24,2106215248,SYDNEY,LINN,05/08/2024,08/26/2024,II,Embry-Riddle Aeronautical University (Florida),Softball,,Sunshine State Conference,Matriculated,
2023-24,2010939152,NICOLE,MAGDZIASZ,04/22/2024,08/26/2024,II,Saint Leo University,Softball,,Sunshine State Conference,Matriculated,
2023-24,1908647399,ALEXA,LANGELIERS,07/16/2024,08/26/2024,I,University of Louisiana at Lafayette,Softball,,Sun Belt Conference,Matriculated,
2023-24,2209658878,MAKAYLA,GARCIA,05/28/2024,08/26/2024,II,The University of Texas at Tyler,Softball,,Lone Star Conference,Matriculated,
2023-24,1907621584,AUSTY,MILLER,05/20/2024,08/26/2024,I,Ohio University,Softball,,Mid-American Conference,Matriculated,
2023-24,2009919835,EMILY,JANEK,05/14/2024,08/26/2024,II,Southern Arkansas University,Softball,,Great American Conference,Matriculated,
2023-24,2102117968,CASHIA,HERBER,07/29/2024,08/26/2024,II,Pittsburg State University,Softball,Yes - Softball,Mid-America Intercollegiate Athletics Association,Matriculated,
2023-24,2101986342,COLLEEN,BARE,05/17/2024,08/26/2024,I,University of Central Arkansas,Softball,,Atlantic Sun Conference,Matriculated,
2023-24,2111372123,KARLY,SMITH,05/19/2024,08/26/2024,I,University of New Mexico,Softball,,Mountain West Conference,Matriculated,
2023-24,2001773998,KYARA,ESCOBAR,05/20/2024,08/26/2024,I,Oregon State University,Softball,,Pac-12 Conference,Matriculated,
2023-24,2106234225,RILEY,TODD,05/20/2024,08/26/2024,I,Texas A&M University-Corpus Christi,Softball,,Southland Conference,Matriculated,
2023-24,2109327725,GEANICE,MORALES,05/19/2024,08/26/2024,I,Providence College,Softball,,Big East Conference,Matriculated,
2023-24,1809295067,SYDNEY,STEWART,05/28/2024,08/26/2024,I,University of Washington,Softball,,Pac-12 Conference,Matriculated,
2023-24,1907639946,MACKENZIE,FRITSCHE,06/07/2024,08/26/2024,III,East Texas Baptist University,Softball,,American Southwest Conference,Matriculated,
2023-24,2112397566,KAYLEIGH,BOWERS,06/05/2024,08/26/2024,II,Carson-Newman University,Softball,,South Atlantic Conference,Matriculated,
2023-24,2103120750,MADISYN,HAYS,05/19/2024,08/26/2024,I,University of Texas at San Antonio,Softball,,American Athletic Conference,Matriculated,
2023-24,1906597319,ALICE,WILKINSON,05/14/2024,08/26/2024,III,"University of Minnesota, Morris",Women's Basketball|Softball,,Upper Midwest Athletic Conference|Upper Midwest Athletic Conference,Matriculated,
2023-24,2010934200,RILEY,PENNINGTON,05/20/2024,08/26/2024,I,Presbyterian College,Softball,,Big South Conference,Matriculated,
2023-24,2002795923,ASHBEE,STANDRIDGE,05/19/2024,08/26/2024,I,The University of North Carolina at Greensboro,Softball,,Southern Conference,Matriculated,
2023-24,2111366630,BRITNEY,PHALLY,05/20/2024,08/26/2024,I,Delaware State University,Softball,,Mid-Eastern Athletic Conf.,Matriculated,
2023-24,2109314552,STELLA,HENRY,05/20/2024,08/26/2024,I,Kennesaw State University,Softball,,Atlantic Sun Conference,Matriculated,
2023-24,1809286137,SAYA,SWAIN,05/22/2024,08/26/2024,I,Iowa State University,Softball,,Big 12 Conference,Matriculated,
2023-24,2109315473,MIHYIA,DAVIS,06/25/2024,08/26/2024,I,University of Louisiana at Lafayette,Softball,,Sun Belt Conference,Matriculated,
2023-24,2008898342,KATHERINE,LOTT,06/04/2024,08/26/2024,I,Oklahoma State University,Softball,,Big 12 Conference,Matriculated,
2023-24,2108292803,MADISON,ALTIERS,05/19/2024,08/26/2024,I,University of North Carolina Wilmington,Softball,,Coastal Athletic Association,Matriculated,
2023-24,2110360427,BAILEY,OLERICH,03/08/2024,08/26/2024,I,University of Iowa,Softball,,Big Ten Conference,Matriculated,
2023-24,1910708360,LAUREN,ALLRED,06/25/2024,08/26/2024,I,University of Louisiana at Lafayette,Softball,,Sun Belt Conference,Matriculated,
2023-24,1812383536,ISABELL,ALLEY,05/21/2024,08/26/2024,I,University of Tennessee at Chattanooga,Softball,,Southern Conference,Matriculated,
2023-24,1908656202,KYLEIGH,PITZER,05/20/2024,08/26/2024,I,University of North Alabama,Softball,,Atlantic Sun Conference,Matriculated,
2023-24,2110353828,RYLEE,BUTLER,06/27/2024,08/26/2024,I,Samford University,Softball,,Southern Conference,Matriculated,
2023-24,1908668098,DELANEY,NAGY,05/20/2024,08/27/2024,I,University of Connecticut,Softball,,Big East Conference,Matriculated,
2023-24,1909681099,ELLA,HILL,05/28/2024,08/27/2024,I,Texas Tech University,Softball,,Big 12 Conference,Matriculated,
2023-24,2108293100,ARIANA,MIRENDA,12/07/2023,08/27/2024,III,Cabrini University,Softball,,Atlantic East Conference,Matriculated,
2023-24,2208634183,GEORGIA,LESSMANN,05/20/2024,08/27/2024,I,University of Iowa,Softball,,Big Ten Conference,Matriculated,
2023-24,2108299893,CAMRYN,MURPHY,05/09/2024,08/27/2024,II,Seton Hill University,Softball,,Pennsylvania State Athletic Conference,Matriculated,
2023-24,2111385869,KAYLIN,FAHY,05/22/2024,08/27/2024,I,University of Wisconsin-Green Bay,Softball,,Horizon League,Matriculated,
2023-24,2209659628,KENDALL,SMILEY,05/22/2024,08/27/2024,I,Alabama State University,Softball,,Southwestern Athletic Conf.,Matriculated,
2023-24,2102113065,MADISON,MIKLESH,06/17/2024,08/27/2024,I,DePaul University,Softball,,Big East Conference,Matriculated,
2023-24,2206597534,ANA,RICHIEZ,06/20/2024,08/27/2024,I,Alabama State University,Softball,,Southwestern Athletic Conf.,Matriculated,
2023-24,2010945449,KENDAL,LEITNER,05/19/2024,08/27/2024,I,Binghamton University,Softball,,America East Conference,Matriculated,
2023-24,2202436350,OLIVIA,REGENFUSS,06/09/2024,08/27/2024,II,Davenport University,Softball,,Great Lakes Intercollegiate Athletic Conference,Matriculated,
2023-24,2109312311,KYLIE,BROCKMAN,05/22/2024,08/27/2024,I,"University of Arkansas, Fayetteville",Softball,,Southeastern Conference,Matriculated,
2023-24,1904537302,ABIGAEL,POCHIE,06/17/2024,08/27/2024,I,DePaul University,Softball,,Big East Conference,Matriculated,
2023-24,2305914331,CAMRYN,MILLEY,05/19/2024,08/27/2024,I,New Mexico State University,Softball,,Conference USA,Matriculated,
2023-24,2109313109,RYLIE,PINDEL,05/20/2024,08/27/2024,I,Southern Illinois University Edwardsville,Softball,,Ohio Valley Conference,Matriculated,
2023-24,2210706512,AARALYN,NOGAY,06/11/2024,08/27/2024,I,Bowling Green State University,Softball,,Mid-American Conference,Matriculated,
2023-24,1807239553,SAVANNAH,GEURIN,06/10/2024,08/27/2024,I,University of Oklahoma,Softball,,Big 12 Conference,Matriculated,
2023-24,2008906432,TIELEY,VAUGHN,05/20/2024,08/27/2024,I,University of South Florida,Softball,,American Athletic Conference,Matriculated,
2023-24,1908650608,SAMANTHA,LESKI,05/20/2024,08/27/2024,I,Florida Gulf Coast University,Softball,,Atlantic Sun Conference,Matriculated,
2023-24,1912768345,ALLISON,HOPPE,05/20/2024,08/27/2024,I,Drexel University,Softball,,Coastal Athletic Association,Matriculated,
2023-24,2108306226,MADISON,CONNOLLY HOJAS,05/16/2024,08/27/2024,I,University of Central Arkansas,Softball,,Atlantic Sun Conference,Matriculated,
2023-24,2108294359,TACI,HAASE,05/19/2024,08/27/2024,I,Boise State University,Softball,,Mountain West Conference,Matriculated,
2023-24,2109325419,KATIE,RAPER,05/19/2024,08/27/2024,I,North Carolina State University,Softball,,Atlantic Coast Conference,Matriculated,
2023-24,1808262019,GABRIELLE,COFFEY,05/20/2024,08/27/2024,I,Mississippi State University,Softball,,Southeastern Conference,Matriculated,
2023-24,1910712953,HANNAH,GREER,05/20/2024,08/27/2024,I,University of Pittsburgh,Softball,,Atlantic Coast Conference,Matriculated,
2023-24,2210692049,MA'NIA,WOMACK,05/24/2024,08/27/2024,I,University of Mississippi,Softball,,Southeastern Conference,Matriculated,
2023-24,2303813856,JORDYN,AGES,05/20/2024,08/27/2024,I,Florida International University,Softball,,Conference USA,Matriculated,
2023-24,2108307162,CARLY,LIMOSNERO,05/20/2024,08/27/2024,I,California Baptist University,Softball,,Western Athletic Conference,Matriculated,
2023-24,1909683238,SARAH,HAENDIGES,05/20/2024,08/27/2024,I,Oregon State University,Softball,,Pac-12 Conference,Matriculated,
2023-24,1808270609,KATIE,MOERY,05/19/2024,08/27/2024,I,University of Maine,Softball,,America East Conference,Matriculated,
2023-24,1911741657,MALIA,JONES,05/19/2024,08/27/2024,I,"University of Nevada, Las Vegas",Softball,,Mountain West Conference,Matriculated,
2023-24,1908650625,KAYLEIGH,ROPER,05/14/2024,08/27/2024,I,Florida Gulf Coast University,Softball,,Atlantic Sun Conference,Matriculated,
2023-24,2009922453,KAM,UTENDORF,05/19/2024,08/27/2024,I,Valparaiso University,Softball,,Missouri Valley Conference,Matriculated,
2023-24,1706820301,SALEYNA,DANIEL,05/19/2024,08/27/2024,I,Mississippi State University,Softball,,Southeastern Conference,Matriculated,
2023-24,1904502347,TAYLOR,EBBS,05/21/2024,08/28/2024,I,University of Kentucky,Softball,,Southeastern Conference,Matriculated,
2023-24,2405313383,OLIVIA,TROUT,05/21/2024,08/28/2024,III,Birmingham-Southern College,Softball,,Southern Athletic Association,Matriculated,
2023-24,2102117090,DANYELLE,LEONE,05/20/2024,08/28/2024,I,Utah Tech University,Softball,,Western Athletic Conference,Matriculated,
2023-24,2311155333,SARAH,TALBOTT,11/07/2023,08/28/2024,III,Elms College,Softball,,Great Northeast Athletic Conference,Matriculated,
2023-24,2105178551,HAILEE,BUSTOS,05/21/2024,08/28/2024,I,Utah Valley University,Softball,Yes - Softball,Western Athletic Conference,Matriculated,
2023-24,2106193023,ASHLEY,ROCHA,05/22/2024,08/28/2024,II,"California State University, Chico",Softball,,California Collegiate Athletic Association,Matriculated,
2023-24,2012971915,ANGELIA,DAVIS,05/19/2024,08/28/2024,I,Bradley University,Softball,,Missouri Valley Conference,Matriculated,
2023-24,2208647431,MAKAYLA,VEGLIA,04/29/2024,08/28/2024,II,Adams State University,Softball,,Rocky Mountain Athletic Conference,Matriculated,
2023-24,1704767137,CLAIRE,GINDER,04/29/2024,08/28/2024,I,Texas State University,Softball,,Sun Belt Conference,Matriculated,
2023-24,1911735129,SADIE,SAUL,05/16/2024,08/28/2024,I,University of Central Arkansas,Softball,,Atlantic Sun Conference,Matriculated,
2023-24,2006876945,CAROLINE,HOGIE,05/20/2024,08/28/2024,I,University of North Florida,Softball,,Atlantic Sun Conference,Matriculated,
2023-24,2304873260,ABIGAIL,MORGAN,05/20/2024,08/28/2024,I,University of Memphis,Softball,,American Athletic Conference,Matriculated,
2023-24,1909677768,EMMA,MAURER,06/07/2024,08/28/2024,II,West Chester University of Pennsylvania,Softball,,Pennsylvania State Athletic Conference,Matriculated,
2023-24,2109326065,LEINANI,LUTU,05/21/2024,08/28/2024,I,Grand Canyon University,Softball,,Western Athletic Conference,Matriculated,
2023-24,2111367828,ALEXA,ORTIZ,05/20/2024,08/28/2024,I,"California State University, Northridge",Softball,,Big West Conference,Matriculated,
2023-24,1909696225,CLAIRE,CZAJKOWSKI,05/06/2024,08/28/2024,I,Middle Tennessee State University,Softball,,Conference USA,Active,
2024-25,2311155333,SARAH,TALBOTT,08/28/2024,08/28/2024,III,Hunter College,Softball,,City University of New York Athletic Conference,Active,
2023-24,2007886680,CAMERON,WHITEFORD,05/21/2024,08/28/2024,I,University of Rhode Island,Softball,,Atlantic 10 Conference,Matriculated,
2023-24,2011956291,KATHERINE,HART,06/11/2024,08/28/2024,III,Birmingham-Southern College,Softball,,Southern Athletic Association,Matriculated,
2023-24,2203458026,SHANNON,HOWES,12/14/2023,08/28/2024,I,University of Massachusetts Lowell,Softball,,America East Conference,Matriculated,
2023-24,2109321315,ALEXANDRIA,CAOUETTE,05/20/2024,08/28/2024,I,Western Michigan University,Softball,Yes - Softball,Mid-American Conference,Matriculated,
2023-24,1910719229,KARADYN,FULLER,04/30/2024,08/28/2024,II,University of Mary,Softball,,Northern Sun Intercollegiate Conference,Matriculated,
2023-24,2110338808,RYLEE,PRICE,05/19/2024,08/28/2024,I,"California State University, Bakersfield",Softball,,Big West Conference,Matriculated,
2023-24,2111374764,FAITH,KIVETT,05/20/2024,08/28/2024,I,Southeastern Louisiana University,Softball,,Southland Conference,Matriculated,
2023-24,2010948164,HAIDYN,SOKOLOSKI,06/03/2024,08/28/2024,I,Oklahoma State University,Softball,,Big 12 Conference,Matriculated,
2023-24,1907625177,MADELYN,ENGLAND,05/21/2024,08/28/2024,I,University of Louisiana Monroe,Softball,,Sun Belt Conference,Matriculated,
2023-24,1904493310,ELLA,CARTER,05/24/2024,08/28/2024,I,"Indiana University, Bloomington",Softball,,Big Ten Conference,Matriculated,
2023-24,2405314751,KATHERINE,HART,05/23/2024,08/28/2024,III,Birmingham-Southern College,Softball,,Southern Athletic Association,Matriculated,
2023-24,2009917414,JANESSA,SANTOS,04/19/2024,08/29/2024,III,Pacific University (Oregon),Softball,,Northwest Conference,Matriculated,
2023-24,2011966479,BRELI,AGBAYANI SHIBAO,12/04/2023,08/29/2024,I,"California State University, Northridge",Softball,,Big West Conference,Matriculated,
2023-24,2109319647,AIYANA,COLEMAN,05/29/2024,08/29/2024,I,"Texas A&M University, College Station",Softball,,Southeastern Conference,Matriculated,
2023-24,2107272944,KATE,BUBELA,05/19/2024,08/29/2024,I,"University of North Carolina, Chapel Hill",Softball,,Atlantic Coast Conference,Matriculated,
2023-24,2109319656,KARLIE,DAVISON,06/06/2024,08/29/2024,I,University of Utah,Softball,,Pac-12 Conference,Matriculated,
2023-24,2208631610,TALLULAH,PASCUCCI,05/17/2024,08/29/2024,I,University of Central Arkansas,Softball,,Atlantic Sun Conference,Matriculated,
2023-24,2203479042,AYDENNE,BROWN,05/28/2024,08/29/2024,I,Stephen F. Austin State University,Softball,,Western Athletic Conference,Matriculated,
2023-24,2102109329,EMMA,STROOD,05/30/2024,08/29/2024,I,Louisiana State University,Softball,,Southeastern Conference,Matriculated,
2023-24,2101984534,DANIELLE,HOOD,04/17/2024,08/29/2024,II,Adams State University,Softball,,Rocky Mountain Athletic Conference,Matriculated,
2023-24,2109311921,RANDI,ROELLING,05/21/2024,08/29/2024,I,"University of California, Berkeley",Softball,,Pac-12 Conference,Matriculated,
2023-24,2208629081,BRIANAH,HAMILTON,06/14/2024,08/29/2024,I,New Mexico State University,Softball,Yes - Softball,Conference USA,Matriculated,
2023-24,2004850719,MEGAN,DAVIDSON,05/21/2024,08/29/2024,I,Mississippi State University,Softball,,Southeastern Conference,Matriculated,
2023-24,1908657836,HANNAH,MARIEN,05/20/2024,08/29/2024,I,Stetson University,Softball,,Atlantic Sun Conference,Matriculated,
2023-24,2104142765,MARIN,BEESON,05/14/2024,08/29/2024,II,Delta State University,Softball,,Gulf South Conference,Active,
2023-24,2111364125,OLIVIA,CATO,05/20/2024,08/29/2024,I,Troy University,Softball,,Sun Belt Conference,Matriculated,
2023-24,1801119626,MEGAN,DELGADILLO,04/23/2024,08/29/2024,I,"California State University, Fullerton",Softball,,Big West Conference,Matriculated,
2023-24,1909684880,JASMIN,SPETH,05/20/2024,08/29/2024,I,Indiana University Indianapolis,Softball,,Horizon League,Matriculated,
2023-24,1909700002,PAIGE,KNIGHT,05/19/2024,08/29/2024,I,New Mexico State University,Softball,,Conference USA,Matriculated,
2023-24,1906603265,EMILY,BROUSE,05/19/2024,08/29/2024,I,University of New Mexico,Softball,,Mountain West Conference,Matriculated,
2023-24,2211714016,KENDALL,BOGGS,04/24/2024,08/29/2024,II,Emory & Henry University,Softball,,South Atlantic Conference,Matriculated,
2023-24,1606517061,RACHAEL,HATHOOT,05/06/2024,08/29/2024,I,University of New Mexico,Softball,,Mountain West Conference,Matriculated,
2023-24,2110341837,AVA,HAMPTON,05/20/2024,08/29/2024,I,Coastal Carolina University,Softball,,Sun Belt Conference,Matriculated,
2023-24,2203449239,MEGAN,NUECHTERLEIN,05/19/2024,08/29/2024,I,Kent State University,Softball,,Mid-American Conference,Matriculated,
2023-24,1909681900,BILLI,CONNELL,12/01/2023,08/29/2024,I,"University of Minnesota, Twin Cities",Softball,,Big Ten Conference,Matriculated,
2023-24,2110355795,ELLA,ESTERBY,05/19/2024,08/29/2024,I,Kent State University,Softball,,Mid-American Conference,Matriculated,
2023-24,2108309017,KEELY,WILLIAMS,05/28/2024,08/29/2024,I,"Texas A&M University, College Station",Softball,,Southeastern Conference,Matriculated,
2023-24,2211713873,HALEY,CARMONA,05/19/2024,08/29/2024,I,University of Texas at San Antonio,Softball,,American Athletic Conference,Matriculated,
2023-24,2204508079,EMMA,HENRY,05/20/2024,08/29/2024,I,Central Connecticut State University,Softball,,Northeast Conference,Matriculated,
2023-24,2008911309,BRAYLIN,PANNILL,05/19/2024,08/30/2024,I,Texas State University,Softball,,Sun Belt Conference,Matriculated,
2023-24,1709887425,JORDAN,SMITH,05/22/2024,08/30/2024,I,Central Michigan University,Softball,,Mid-American Conference,Matriculated,
2024-25,2304882985,MARIAH,VASQUEZ,08/29/2024,08/30/2024,II,Texas A&M University-Kingsville,Softball,,Lone Star Conference,Active,
2023-24,1904533138,DESTINEE,NOURY,06/11/2024,08/30/2024,I,The Ohio State University,Softball,,Big Ten Conference,Matriculated,
2023-24,1805199129,DIAMOND,SEFE,05/20/2024,08/30/2024,I,East Texas A&M University,Softball,,Southland Conference,Matriculated,
2023-24,1909700615,KINSEY,FIEDLER,05/22/2024,08/30/2024,I,University of Washington,Softball,,Pac-12 Conference,Matriculated,
2023-24,2108284301,BROOKE,PISCIOTTA,05/20/2024,08/30/2024,I,Utah Tech University,Softball,Yes - Softball,Western Athletic Conference,Matriculated,
2023-24,1901393874,MALLORY,CLARK,05/20/2024,08/30/2024,I,University of South Carolina Upstate,Softball,,Big South Conference,Matriculated,
2023-24,2008913391,JADEYN,MERRILL,05/19/2024,08/30/2024,I,Rider University,Softball,,Metro Atlantic Athletic Conference,Matriculated,
2023-24,2304856235,JAKIYA,LEWIS,06/01/2024,08/30/2024,II,LeMoyne-Owen College,"Softball|Women's Track, Indoor|Women's Track, Outdoor",,Southern Intercol. Ath. Conf.|Southern Intercol. Ath. Conf.|Southern Intercol. Ath. Conf.,Matriculated,
2023-24,2109310581,SAGE,MARDJETKO,06/17/2024,08/30/2024,I,"University of South Carolina, Columbia",Softball,,Southeastern Conference,Matriculated,
2023-24,2108290876,MAKAYLA,MCCLAIN,05/29/2024,08/30/2024,I,Campbell University,Softball,,Coastal Athletic Association,Matriculated,
2023-24,2103127167,MACKENZIE,NICHOLSON,06/10/2024,08/30/2024,I,Jacksonville State University,Softball,,Conference USA,Matriculated,
2023-24,2312175184,CAITLYN,BURCH,12/04/2023,08/30/2024,III,University of Mary Washington,Softball,,Coast-To-Coast Athletic Conference,Active,
2023-24,2109323418,TRISTEN,HEAD,05/19/2024,08/30/2024,I,Tennessee Technological University,Softball,,Ohio Valley Conference,Matriculated,
2023-24,2006880966,AMELIA,WEBER,05/20/2024,08/30/2024,I,Howard University,Softball,,Mid-Eastern Athletic Conf.,Matriculated,
2023-24,1909674502,AUBREY,BARNHART,07/01/2024,08/30/2024,I,Texas Tech University,Softball,,Big 12 Conference,Matriculated,
2023-24,2109323003,RYAN,BROWN,06/11/2024,08/30/2024,I,University of Texas at Austin,Softball,Yes - Softball,Big 12 Conference,Matriculated,
2023-24,2001774449,CHELSEA,WEATHERFORD,05/19/2024,08/30/2024,I,Rider University,Softball,,Metro Atlantic Athletic Conference,Matriculated,
2023-24,2107277291,BROOKE,CAREY,05/19/2024,08/30/2024,I,Campbell University,Softball,,Coastal Athletic Association,Matriculated,
2023-24,2109333504,KINZY,BOWEN,05/20/2024,08/30/2024,I,Oregon State University,Softball,,Pac-12 Conference,Matriculated,
2023-24,2209663204,BROOKLYN,LORENZO,05/19/2024,08/30/2024,I,Florida Atlantic University,Softball,,American Athletic Conference,Matriculated,
2023-24,2002812877,ANNAMARIA,NUNO,05/07/2024,08/31/2024,I,"University of Hawaii, Manoa",Softball,,Big West Conference,Matriculated,
2023-24,2011954249,ALINA,GILES,02/16/2024,08/31/2024,II,Concordia University Irvine,Softball,,Pacific West Conference,Active,
2023-24,2208650627,SAVANNAH,BREHM,05/06/2024,08/31/2024,II,Glenville State University,Softball,,Mountain East Conference,Active,
2023-24,2109336496,HANNAH,GREEN,05/20/2024,09/02/2024,I,Florida Atlantic University,Softball,,American Athletic Conference,Matriculated,
2023-24,2109322579,MEAGHAN,DEAN,05/06/2024,09/02/2024,II,Bloomfield College,Softball,,Central Atlantic Collegiate Conference,Matriculated,
2023-24,1711957284,MACKENSIE,BALDWIN,05/14/2024,09/02/2024,II,Southern Arkansas University,Softball,,Great American Conference,Matriculated,
2023-24,2108289406,PRESLEY,HOSICK,05/22/2024,09/03/2024,I,California Baptist University,Softball,,Western Athletic Conference,Matriculated,
2023-24,2405292246,VALERY,BAXTER,05/07/2024,09/03/2024,III,Covenant College,Softball,,Collegiate Conference of the South,Matriculated,
2023-24,2204507128,ARIANA,BATTLE,04/18/2024,09/03/2024,II,Lane College,Softball,,Southern Intercol. Ath. Conf.,Matriculated,
2023-24,2110350920,BROOKLYN,CARTER,05/29/2024,09/03/2024,I,University of Washington,Softball,,Pac-12 Conference,Matriculated,
2023-24,1709906889,SAGE,HOOVER,07/08/2024,09/03/2024,I,Texas Tech University,Softball,,Big 12 Conference,Matriculated,
2023-24,2108300974,VANGILEES,CHAMBERS,04/25/2024,09/03/2024,II,Lane College,Softball,,Southern Intercol. Ath. Conf.,Matriculated,
2023-24,2105179918,JUSTINE,LAMBERT,05/20/2024,09/03/2024,I,Howard University,Softball,,Mid-Eastern Athletic Conf.,Matriculated,
2023-24,1606513704,RAQUEL,REYES,09/05/2023,09/03/2024,I,Columbia University-Barnard College,Softball,,The Ivy League,Matriculated,
2023-24,1911742691,REAGAN,GOLDSMITH,11/03/2023,09/03/2024,III,Juniata College,Softball,,Landmark Conference,Withdrawn,
2023-24,1908648760,OLIVIA,JOHNSON,05/22/2024,09/03/2024,I,University of Washington,Softball,,Pac-12 Conference,Matriculated,
2023-24,2204523832,JOELNA,ARNOLD,05/28/2024,09/03/2024,II,Bluefield State University,Softball,,Central Intercollegiate Athletic Association,Matriculated,
2023-24,1908666627,TYRA,CLARY,07/02/2024,09/03/2024,I,"University of Nevada, Reno",Softball,,Mountain West Conference,Matriculated,
2023-24,2109329767,CIARRA,JEFFERSON,05/19/2024,09/03/2024,I,University of Texas at El Paso,Softball,,Conference USA,Matriculated,
2024-25,1806214438,SAVANNAH,WHITE,08/12/2024,09/03/2024,I,Campbell University,Softball,,Coastal Athletic Association,Matriculated,
2023-24,2208653377,LIBBY,WALSH,05/31/2024,09/03/2024,I,Arizona State University,Softball,,Pac-12 Conference,Matriculated,
2023-24,2010946984,TURIYA,COLEMAN,05/22/2024,09/03/2024,I,University of Houston,Softball,,Big 12 Conference,Matriculated,
2023-24,2108290740,LAUREN,ASIA,05/21/2024,09/03/2024,I,University of San Diego,Softball,,West Coast Conference,Matriculated,
2023-24,2009926549,BROOKE,OTTO,05/19/2024,09/03/2024,I,McNeese State University,Softball,,Southland Conference,Matriculated,
2023-24,1812368904,BAILEY,KROLCZYK,05/29/2024,09/03/2024,I,Southeastern Louisiana University,Softball,,Southland Conference,Matriculated,
2023-24,1909681579,ALEYA,HILL,05/21/2024,09/03/2024,I,Louisiana Tech University,Softball,,Conference USA,Matriculated,
2023-24,1911742837,HAILEY,MCLEAN,05/19/2024,09/03/2024,I,Utah State University,Softball,,Mountain West Conference,Matriculated,
2023-24,2001781578,PAYTON,O'CONNOR,05/20/2024,09/03/2024,I,Western Kentucky University,Softball,,Conference USA,Matriculated,
2023-24,2009926970,SOPHIA,TASSINARI,05/17/2024,09/03/2024,II,"California State University, Chico",Softball,,California Collegiate Athletic Association,Matriculated,
2023-24,1908646551,MARGARET,TOBIAS,05/21/2024,09/03/2024,I,University of Kentucky,Softball,,Southeastern Conference,Matriculated,
2023-24,1910710933,RYLEE,HOLTORF,05/22/2024,09/03/2024,I,University of Washington,Softball,,Pac-12 Conference,Matriculated,
2023-24,2008913076,SYDNEY,MALOTT,05/28/2024,09/03/2024,I,University of Illinois Urbana-Champaign,Softball,,Big Ten Conference,Matriculated,
2023-24,1904481827,REAGAN,BARTHOLOMEW,06/11/2024,09/03/2024,I,Miami University (Ohio),Softball,,Mid-American Conference,Matriculated,
2023-24,2110348872,SIDNE,PETERS,05/22/2024,09/03/2024,I,University of Washington,Softball,,Pac-12 Conference,Matriculated,
2023-24,1808270656,CARSON,FRIER,05/22/2024,09/03/2024,I,University of Central Florida,Softball,,Big 12 Conference,Matriculated,
2023-24,1907638696,KARA,HAMMOCK,06/06/2024,09/03/2024,I,University of North Carolina Wilmington,Softball,,Coastal Athletic Association,Matriculated,
2023-24,1802124849,CERA,BLANCHARD,05/23/2024,09/03/2024,I,Southeastern Louisiana University,Softball,,Southland Conference,Matriculated,
2023-24,2010950857,ERIELLE,REID,03/19/2024,09/03/2024,II,Miles College,Softball,,Southern Intercol. Ath. Conf.,Matriculated,
2023-24,1910726923,KA'LYN,WATSON,05/23/2024,09/03/2024,I,Southeastern Louisiana University,Softball,,Southland Conference,Matriculated,
2023-24,2001792194,ABIGAIL,BEHE,11/27/2023,09/03/2024,II,Lander University,Softball,,Peach Belt Conference,Matriculated,
2023-24,2102110293,KENLEIGH,CAHALAN,06/03/2024,09/03/2024,I,University of Alabama,Softball,,Southeastern Conference,Matriculated,
2023-24,2202429547,KELSEY,PARLOR,06/07/2024,09/03/2024,II,Georgia College,Softball,,Peach Belt Conference,Matriculated,
2023-24,2109327007,MAREN,BERGER,05/19/2024,09/03/2024,I,Texas Southern University,Softball,,Southwestern Athletic Conf.,Matriculated,
2023-24,2109318786,KILEY,ARNOLD,05/14/2024,09/03/2024,II,University of West Alabama,Softball,,Gulf South Conference,Matriculated,
2023-24,2108296034,SIERA,HOEKSTRA,05/19/2024,09/03/2024,I,Wichita State University,Softball,,American Athletic Conference,Matriculated,
2023-24,2111378004,KAITLYN,WILLIAMS,04/22/2024,09/03/2024,II,Emory & Henry University,Softball,,South Atlantic Conference,Matriculated,
2023-24,2208634223,ELIZABETH,LYNCH,05/23/2024,09/03/2024,I,Drake University,Softball,"Yes - Women's Track, Indoor|Yes - Women's Track, Outdoor",Missouri Valley Conference,Matriculated,
2023-24,2112388786,PRIMROSE,AHOLELEI,05/16/2024,09/03/2024,I,Texas A&M University-Corpus Christi,Softball,,Southland Conference,Matriculated,
2023-24,2008906823,MIA,LISCANO,07/15/2024,09/03/2024,I,Northwestern State University,Softball,,Southland Conference,Matriculated,
2023-24,2209682144,DEVIN,DAVIS,05/19/2024,09/03/2024,I,"California State University, Bakersfield",Softball,,Big West Conference,Matriculated,
2023-24,2104156157,ERIN,ARDOIN,05/19/2024,09/03/2024,I,McNeese State University,Softball,,Southland Conference,Matriculated,
2023-24,2010939149,MIIA,CAMPOS,06/14/2024,09/03/2024,II,Regis University (Colorado),Softball,,Rocky Mountain Athletic Conference,Matriculated,
2023-24,2306923327,ANGELINA,BADALAMENT,05/20/2024,09/03/2024,I,Bethune-Cookman University,Softball,,Southwestern Athletic Conf.,Matriculated,
2023-24,2109331509,SYDNEE,BOWLIN,05/09/2024,09/03/2024,II,Lubbock Christian University,Softball,,Lone Star Conference,Matriculated,
2023-24,2208647561,ALEXIS,OGORMAN,05/19/2024,09/03/2024,I,"University of California, San Diego",Softball,,Big West Conference,Matriculated,
2023-24,1909678226,MEGAN,COYLE,05/19/2024,09/03/2024,I,Lafayette College,Softball,,Patriot League,Matriculated,
2023-24,2109334990,GRACE,SPARKS,05/23/2024,09/03/2024,I,University of Mississippi,Softball,,Southeastern Conference,Matriculated,
2023-24,1907631637,CAROLINE,CONNER,05/20/2024,09/03/2024,I,College of Charleston (South Carolina),Softball,,Coastal Athletic Association,Matriculated,
2023-24,1908669598,TESS,BUMILLER,05/19/2024,09/03/2024,I,Utah State University,Softball,,Mountain West Conference,Matriculated,
2023-24,1603445136,MCKENZIE,BARBARA,11/01/2023,09/03/2024,I,San Diego State University,Softball,,Mountain West Conference,Matriculated,
2023-24,1709910029,ROWAN,MULHOLLAND,05/20/2024,09/03/2024,I,Colgate University,Softball,,Patriot League,Matriculated,
2023-24,1802132674,LYNDSEY,MADRIGAL,05/19/2024,09/03/2024,I,Brigham Young University,Softball,,Big 12 Conference,Matriculated,
2023-24,2201422829,MARVET,HEJAZIN,05/12/2024,09/03/2024,III,Capital University,Softball,,Ohio Athletic Conference,Matriculated,
2023-24,2001776769,JERSEY,CABANA,05/09/2024,09/04/2024,II,Lane College,Softball,,Southern Intercol. Ath. Conf.,Matriculated,
2023-24,1908652088,EMMA,FALEN,06/14/2024,09/04/2024,I,"University of California, Riverside",Softball,,Big West Conference,Matriculated,
2023-24,2105175463,BROOKLYN,THOMPSON,10/06/2023,09/04/2024,I,Arizona State University,Softball,,Pac-12 Conference,Matriculated,
2023-24,2101992270,KAYLEE,STINNETT,05/02/2024,09/04/2024,II,Lane College,Softball,,Southern Intercol. Ath. Conf.,Matriculated,
2023-24,2107278367,NEHANDA,LEWIS,05/19/2024,09/04/2024,I,University of Central Florida,Softball,Yes - Softball,Big 12 Conference,Matriculated,
2023-24,2109315665,SARAH,TROSIN,05/20/2024,09/04/2024,I,Winthrop University,Softball,,Big South Conference,Matriculated,
2023-24,1903442249,ABIGAYLE,BARDONARO,04/24/2024,09/04/2024,II,Converse University,Softball,,Conference Carolinas,Matriculated,
2023-24,2006876975,SYDNEY,ORNDORFF,05/19/2024,09/04/2024,I,Saint Peter's University,Softball,,Metro Atlantic Athletic Conference,Matriculated,
2023-24,2107268171,KATIE,CHESTER,05/28/2024,09/04/2024,I,"University of Missouri, Columbia",Softball,,Southeastern Conference,Matriculated,
2023-24,2110345650,MEREDITH,WAYLAND,05/22/2024,09/04/2024,I,Gardner-Webb University,Softball,,Big South Conference,Matriculated,
2023-24,1609599403,MADISON,HUDSON,05/23/2024,09/04/2024,I,Coastal Carolina University,Softball,,Sun Belt Conference,Matriculated,
2023-24,2001779126,REAGAN,SMITH,05/21/2024,09/04/2024,I,University of Texas at San Antonio,Softball,,American Athletic Conference,Matriculated,
2023-24,2206584121,PENELOPE,FOOTE,06/21/2024,09/04/2024,II,Lane College,Softball,,Southern Intercol. Ath. Conf.,Matriculated,
2023-24,2108298314,ADDY,EDGMON,05/20/2024,09/04/2024,I,Western Kentucky University,Softball,,Conference USA,Matriculated,
2023-24,2305904495,KYRA,VIEUX,05/10/2024,09/04/2024,II,Lee University,Softball,,Gulf South Conference,Matriculated,
2023-24,2007892192,TAYLOR,QUINN,05/06/2024,09/04/2024,II,Caldwell University,Softball,,Central Atlantic Collegiate Conference,Matriculated,
2023-24,2108301344,SYDNEY,SAENZ,05/20/2024,09/04/2024,I,Oregon State University,Softball,,Pac-12 Conference,Matriculated,
2023-24,1808261940,ANNISTON,ORMAN,05/24/2024,09/04/2024,I,University of Mississippi,Softball,,Southeastern Conference,Matriculated,
2023-24,2102108614,HALEY,BRAG,07/01/2024,09/04/2024,III,Clarks Summit University,Softball,,United East Conference,Matriculated,
2023-24,1910704300,IMARA,HARRELL,04/26/2024,09/05/2024,I,North Carolina Central University,Softball,,Mid-Eastern Athletic Conf.,Matriculated,
2023-24,2201424687,RACHEL,BARRIGA,07/18/2024,09/05/2024,II,Regis University (Colorado),Softball,,Rocky Mountain Athletic Conference,Matriculated,
2023-24,2112390185,SIENNA,REED,06/17/2024,09/05/2024,II,Regis University (Colorado),Softball,,Rocky Mountain Athletic Conference,Matriculated,
2023-24,1809288406,CHEYANNE,SALES,05/21/2024,09/05/2024,I,Western Kentucky University,Softball,,Conference USA,Matriculated,
2023-24,1909678736,CHRISTINA,HOUSLEY,06/27/2024,09/05/2024,III,Eastern Nazarene College,Softball,,North Atlantic Conference,Matriculated,
2023-24,1809281026,TAYLOR,STRAIN,06/16/2024,09/05/2024,I,Baylor University,Softball,,Big 12 Conference,Matriculated,
2023-24,2103128604,KYRA,KNUDTSON,05/03/2024,09/05/2024,II,Northern State University,Softball,,Northern Sun Intercollegiate Conference,Matriculated,
2023-24,2110345271,SYDNEY,YOUNG,06/11/2024,09/05/2024,II,Regis University (Colorado),Softball,,Rocky Mountain Athletic Conference,Matriculated,
2023-24,2001791888,DANIELLE,ROSNER,05/20/2024,09/05/2024,I,Colgate University,Softball,,Patriot League,Matriculated,
2023-24,2004850773,KAYLYN,BELFIELD,05/19/2024,09/05/2024,I,Lipscomb University,Softball,,Atlantic Sun Conference,Matriculated,
2023-24,2212735937,JADYN,BURNEY,05/21/2024,09/05/2024,I,Mississippi State University,Softball,,Southeastern Conference,Matriculated,
2023-24,1908664640,ALISON,COOPER,05/20/2024,09/05/2024,I,Wichita State University,Softball,,American Athletic Conference,Matriculated,
2023-24,2010950399,LAIRDUSONT,BEAUTAE,05/23/2024,09/05/2024,I,University of Houston,Softball,,Big 12 Conference,Matriculated,
2023-24,1908649741,MEAGAN,RICKS,05/22/2024,09/05/2024,I,Florida Gulf Coast University,Softball,,Atlantic Sun Conference,Matriculated,
2023-24,2108300566,JORDAN,GEORGE,05/20/2024,09/05/2024,I,University of Pittsburgh,Softball,,Atlantic Coast Conference,Matriculated,
2023-24,2210695207,KAYLIE,WALTERS,05/20/2024,09/05/2024,I,Saint Francis University,Softball,,Northeast Conference,Matriculated,
2023-24,1507237011,TAYLOR,ROMAN,05/20/2024,09/05/2024,I,University of Louisiana at Lafayette,Softball,,Sun Belt Conference,Matriculated,
2023-24,2209679998,KHLOE,KUBITSCHEK,05/31/2024,09/05/2024,I,South Dakota State University,Softball,,The Summit League,Matriculated,
2023-24,2006879653,MADELYNN,BATES,08/03/2023,09/05/2024,III,Randolph-Macon College,Softball,,Old Dominion Athletic Conf.,Matriculated,
2023-24,2203448973,ASHTON,LANSDELL,05/20/2024,09/05/2024,I,Florida International University,Softball,,Conference USA,Matriculated,
2023-24,2106212757,CHLOE,GREENE,05/19/2024,09/05/2024,I,Radford University,Softball,,Big South Conference,Matriculated,
2023-24,2406342000,KATELYNN,GOODMAN,06/27/2024,09/05/2024,III,Eastern Nazarene College,Softball,,North Atlantic Conference,Matriculated,
2023-24,2110362218,JADA,CARHEE,05/20/2024,09/05/2024,I,"University of Arkansas, Pine Bluff",Softball,Yes - Softball,Southwestern Athletic Conf.,Matriculated,
2023-24,2108303989,JADEN,COLUNGA,05/29/2024,09/06/2024,I,Utah State University,Softball,,Mountain West Conference,Matriculated,
2023-24,2111369262,GRACE,ARAGON,05/19/2024,09/06/2024,I,University of Texas at El Paso,Softball,,Conference USA,Matriculated,
2023-24,1911747930,TAYLOR,HAMAKER,05/09/2024,09/06/2024,II,Drury University,Softball,,Great Lakes Valley Conference,Matriculated,
2023-24,2405293031,MORGAN,LINSTAD,05/07/2024,09/06/2024,III,"Concordia College, Moorhead",Softball,,Minnesota Intercollegiate Athletic Conference,Matriculated,
2023-24,2002808528,TRISTIN,DOSTER,06/17/2024,09/06/2024,I,Campbell University,Softball,,Coastal Athletic Association,Matriculated,
2023-24,2111378302,MAKAYLA,MADRID,05/19/2024,09/06/2024,I,Texas Tech University,Softball,,Big 12 Conference,Matriculated,
2023-24,1711956250,SHELBY,BARBEE,05/26/2024,09/06/2024,I,University of Virginia,Softball,,Atlantic Coast Conference,Matriculated,
2023-24,2209683552,MADISEN,ANTIOCO,05/19/2024,09/06/2024,I,Florida Atlantic University,Softball,,American Athletic Conference,Matriculated,
2023-24,1906599169,ALYSSA,HENAULT,06/16/2024,09/06/2024,I,Campbell University,Softball,,Coastal Athletic Association,Matriculated,
2023-24,2112397333,ADDISON,STEM,05/19/2024,09/06/2024,I,Morehead State University,Softball,,Ohio Valley Conference,Matriculated,
2023-24,1809302759,ALANNAH,HOPKINS,05/17/2024,09/06/2024,I,Appalachian State University,Softball,,Sun Belt Conference,Matriculated,
2023-24,2405296791,GADA,BRYANT,05/14/2024,09/06/2024,III,Eureka College,Softball|Women's Wrestling,,St. Louis Intercollegiate Athletic Conference|St. Louis Intercollegiate Athletic Conference,Matriculated,
2023-24,2106190274,PAIGE,DOERR,05/20/2024,09/06/2024,I,Oregon State University,Softball,,Pac-12 Conference,Matriculated,
2023-24,2104157654,MACI,GEORGE,05/19/2024,09/06/2024,I,University of North Texas,Softball,,American Athletic Conference,Matriculated,
2023-24,2112401435,JOHNNA,ARAGON,05/19/2024,09/06/2024,I,University of Texas at El Paso,Softball,,Conference USA,Matriculated,
2023-24,2211714260,IZABELLA,RODRIGUEZ,05/01/2024,09/06/2024,II,Seton Hill University,Softball,,Pennsylvania State Athletic Conference,Matriculated,
2023-24,2109313729,REBECCA,CESSNA,05/12/2024,09/06/2024,II,St. Thomas Aquinas College,Softball,,East Coast Conference,Matriculated,
2023-24,1908656612,KRISTIANA,WATSON,12/14/2023,09/06/2024,I,Duke University,Softball,,Atlantic Coast Conference,Matriculated,
2023-24,1609575120,SAVANAH LEE,WHATLEY,05/20/2024,09/06/2024,I,Oregon State University,Softball,,Pac-12 Conference,Matriculated,
2023-24,2108309253,SAGE,VANDEMARK,05/19/2024,09/06/2024,I,New Mexico State University,Softball,Yes - Softball,Conference USA,Matriculated,
2023-24,2112396755,FAITH,ARAGON,05/19/2024,09/06/2024,I,University of Texas at El Paso,Softball,,Conference USA,Matriculated,
2023-24,1907645283,HALEY,MCMANUS,05/24/2024,09/06/2024,I,Virginia Polytechnic Institute and State University,Softball,Yes - Softball,Atlantic Coast Conference,Matriculated,
2023-24,2010949875,CRISLYNE,MORENO,05/19/2024,09/06/2024,I,McNeese State University,Softball,,Southland Conference,Matriculated,
2023-24,2009914122,JENNA HOLLERICH,HOLLERICH,04/25/2024,09/07/2024,II,Wheeling University,Softball,,Mountain East Conference,Matriculated,
2023-24,1809278221,CHEYENNE,BEAYON,05/19/2024,09/07/2024,I,Towson University,Softball,,Coastal Athletic Association,Matriculated,
2023-24,2001779969,GRACYN,MILLSAPS,05/13/2024,09/07/2024,II,Lander University,Softball,,Peach Belt Conference,Matriculated,
2023-24,2103127371,LAKYN,BLACKBURN,04/25/2024,09/07/2024,II,Wheeling University,Softball,,Mountain East Conference,Matriculated,
2023-24,1910714930,LAUREN,BEVIS,05/20/2024,09/09/2024,I,University of South Florida,Softball,,American Athletic Conference,Matriculated,
2023-24,2209675843,MARY,PATTERSON,05/21/2024,09/09/2024,I,Florida Gulf Coast University,Softball,,Atlantic Sun Conference,Matriculated,
2023-24,1909672419,LIBERTY,HAWKS,07/09/2024,09/09/2024,I,University of Northern Colorado,Softball,,Big Sky Conference,Matriculated,
2023-24,2008897273,HOLLY,AYALA,05/20/2024,09/09/2024,I,Tennessee State University,Softball,,Ohio Valley Conference,Matriculated,
2023-24,2308980460,INDIGO,FISH,05/28/2024,09/09/2024,III,University of Wisconsin-Superior,Softball,,Upper Midwest Athletic Conference,Matriculated,
2023-24,1909689551,MOREA,HODGE,05/20/2024,09/09/2024,I,University of Maryland Eastern Shore,Softball,,Mid-Eastern Athletic Conf.,Matriculated,
2023-24,2008905728,KILEY,MCQUILLAN,05/19/2024,09/09/2024,I,The University of North Carolina at Greensboro,Softball,,Southern Conference,Matriculated,
2023-24,1806209164,REESE,BASINGER,05/20/2024,09/09/2024,I,Winthrop University,Softball,,Big South Conference,Matriculated,
2023-24,1907635300,HAILEY,HARRIS,07/03/2024,09/09/2024,I,"California State University, Fullerton",Softball,,Big West Conference,Matriculated,
2023-24,2106183828,JAMISON,BROCKENBROUGH,05/22/2024,09/09/2024,I,"University of Tennessee, Knoxville",Softball,,Southeastern Conference,Matriculated,
2023-24,2003818692,PARIS,RICHARDS,04/30/2024,09/09/2024,II,Saint Michael's College,Softball,,Northeast-10 Conference,Matriculated,
2023-24,2102118355,MORGAN,HICKS,05/19/2024,09/09/2024,I,Valparaiso University,Softball,,Missouri Valley Conference,Matriculated,
2023-24,2109312282,AIYANA,CURRY,05/19/2024,09/09/2024,I,Creighton University,Softball,,Big East Conference,Matriculated,
2023-24,1812370733,NATALIE,WESCOTT,05/20/2024,09/09/2024,I,Queens University of Charlotte,Softball,,Atlantic Sun Conference,Matriculated,
2023-24,1908659418,PAIGE,MILLER,05/20/2024,09/09/2024,I,University of Wisconsin-Madison,Softball,,Big Ten Conference,Matriculated,
2023-24,2009927836,KARMYNA,BECERRA,05/22/2024,09/09/2024,I,Southern Utah University,Softball,,Western Athletic Conference,Matriculated,
2023-24,2208635686,ZOE,HARDY,05/28/2024,09/09/2024,I,University of Central Arkansas,Softball,,Atlantic Sun Conference,Matriculated,
2023-24,1904498169,LAUREN,BROCK,05/14/2024,09/09/2024,I,University of Alabama at Birmingham,Softball,,American Athletic Conference,Matriculated,
2023-24,1809308759,ALINA,VARGA,05/22/2024,09/09/2024,I,Florida International University,Softball,,Conference USA,Matriculated,
2023-24,2202442043,RAQUELLE,JUSTICE,03/05/2024,09/09/2024,I,Utah Valley University,Softball,,Western Athletic Conference,Matriculated,
2023-24,2208631600,ASPYN,BEATTIE,06/25/2024,09/09/2024,II,Lane College,Softball,,Southern Intercol. Ath. Conf.,Matriculated,
2023-24,2109333804,ELISA,GULFIN,05/19/2024,09/09/2024,I,University of Nebraska-Lincoln,Softball,,Big Ten Conference,Matriculated,
2023-24,1905573185,PAYTON,HARRIS,05/19/2024,09/09/2024,I,Austin Peay State University,Softball,,Atlantic Sun Conference,Matriculated,
2023-24,1910709063,TATUM,KRESLEY,05/23/2024,09/09/2024,I,University of Maryland Eastern Shore,Softball,,Mid-Eastern Athletic Conf.,Matriculated,
2023-24,2102106875,KAILEY,WYCKOFF,06/10/2024,09/09/2024,I,Texas Tech University,Softball,,Big 12 Conference,Matriculated,
2023-24,2111371123,ELLA,FALCETTI,05/20/2024,09/09/2024,I,Delaware State University,Softball,,Mid-Eastern Athletic Conf.,Matriculated,
2023-24,2109318958,JACKLYN,ZUEGE,05/19/2024,09/09/2024,I,Austin Peay State University,Softball,,Atlantic Sun Conference,Matriculated,
2023-24,2208651857,PARIS,BRIENESSE,05/20/2024,09/09/2024,I,University of Texas at Arlington,Softball,,Western Athletic Conference,Matriculated,
2023-24,1803162199,BROOK,MELNYCHUK,05/17/2024,09/09/2024,I,Louisiana Tech University,Softball,,Conference USA,Matriculated,
2023-24,2009916085,BROOKE,KOEHLER,05/23/2024,09/09/2024,II,Wilmington University (Delaware),Softball,,Central Atlantic Collegiate Conference,Matriculated,
2023-24,2110346113,GABRIELLA,TAVARES,05/19/2024,09/09/2024,I,University of Texas at El Paso,Softball,,Conference USA,Matriculated,
2023-24,2107271681,AVARY,MAKAREWICZ,05/20/2024,09/09/2024,I,Eastern Illinois University,Softball,,Ohio Valley Conference,Matriculated,
2023-24,2108304160,KALYN,MCCARTHY,05/20/2024,09/09/2024,I,Arizona State University,Softball,,Pac-12 Conference,Matriculated,
2023-24,2110354220,JADYN,THOMPSON,06/16/2024,09/09/2024,I,Murray State University,Softball,,Missouri Valley Conference,Matriculated,
2023-24,2110351378,ALEXANDRA,DIFATO,05/20/2024,09/09/2024,I,University of South Carolina Upstate,Softball,,Big South Conference,Matriculated,
2023-24,2009921791,ASHLEY,CAIN,06/17/2024,09/09/2024,II,University of Charleston (West Virginia),Softball,,Mountain East Conference,Matriculated,
2023-24,2008897666,BRYN,ELSENPETER,05/20/2024,09/09/2024,I,Central Michigan University,Softball,,Mid-American Conference,Matriculated,
2023-24,2106214545,BLAKE,HOLTORF,05/20/2024,09/09/2024,I,Charleston Southern University,Softball,,Big South Conference,Matriculated,
2023-24,1702728581,KELSIE,HOUCHENS,05/15/2024,09/09/2024,I,Western Kentucky University,Softball,,Conference USA,Matriculated,
2023-24,2109327109,CHRISTI,CASTILLA,05/16/2024,09/09/2024,I,University of Central Arkansas,Softball,,Atlantic Sun Conference,Matriculated,
2023-24,2207627165,JORDYN,BRADSHAW,04/16/2024,09/10/2024,II,Virginia State University,Softball,,Central Intercollegiate Athletic Association,Matriculated,
2023-24,1908664518,SAVANNAH,ADAMS,05/19/2024,09/10/2024,I,University of Central Florida,Softball,,Big 12 Conference,Matriculated,
2023-24,2201425544,GIANNA,KERSCHBAUM,04/22/2024,09/10/2024,II,Hawaii Pacific University,Softball,,Pacific West Conference,Matriculated,
2023-24,2012983456,MCKENNA,BEACH,04/30/2024,09/10/2024,II,"California State Polytechnic University, Humboldt",Softball,,California Collegiate Athletic Association,Matriculated,
2023-24,2103132151,ABIGALE,DAYTON,05/22/2024,09/10/2024,I,University of Utah,Softball,,Pac-12 Conference,Matriculated,
2023-24,2009920845,IRIS,BEJARANO,05/20/2024,09/10/2024,I,Saint Mary's College of California,Softball,,West Coast Conference,Matriculated,
2023-24,1908660346,KAIEA,HIGA,05/20/2024,09/10/2024,I,Oregon State University,Softball,,Pac-12 Conference,Matriculated,
2023-24,1804169125,ISABELLA,BUCY,11/27/2023,09/10/2024,II,Indiana University of Pennsylvania,Softball,,Pennsylvania State Athletic Conference,Matriculated,
2023-24,1911739608,KATIE,HOGUE,04/25/2024,09/10/2024,II,Florida Institute of Technology,Softball,,Sunshine State Conference,Matriculated,
2023-24,2111374923,KAITLYN,MAZZOCCA,03/14/2024,09/10/2024,II,Notre Dame College (Ohio),Softball,,Mountain East Conference,Matriculated,
2023-24,2109309765,MADDIA,GROFF,05/24/2024,09/10/2024,I,Southern Illinois University at Carbondale,Softball,,Missouri Valley Conference,Matriculated,
2023-24,2211719333,KYLIE,JOHNSON,01/04/2024,09/10/2024,II,Limestone University,Softball,,South Atlantic Conference,Matriculated,
2023-24,1708880279,AMBER,DESENA,05/03/2024,09/10/2024,I,University of Iowa,Softball,,Big Ten Conference,Matriculated,
2023-24,2009919482,SHANNON,CUNNINGHAM,05/20/2024,09/10/2024,I,Arizona State University,Softball,,Pac-12 Conference,Matriculated,
2023-24,2109314941,CIANA,RODRIGUEZ,05/10/2024,09/10/2024,II,Texas Woman's University,Softball,,Lone Star Conference,Matriculated,
2023-24,2206588543,LACEY,CAMDEN,05/17/2024,09/10/2024,II,Felician University,Softball,,Central Atlantic Collegiate Conference,Matriculated,
2023-24,2109309750,RYLINN,GROFF,05/24/2024,09/10/2024,I,Southern Illinois University at Carbondale,Softball,,Missouri Valley Conference,Matriculated,
2023-24,1908663792,PAIGE,SCHEID,02/15/2024,09/10/2024,III,Albertus Magnus College,Softball,,Great Northeast Athletic Conference,Matriculated,
2023-24,1904508933,CARLEE,IANNONE,05/30/2024,09/10/2024,II,West Virginia Wesleyan College,Softball,,Mountain East Conference,Matriculated,
2023-24,2209666395,KAILEY,VAILLANCOURT,05/08/2024,09/10/2024,II,"Pennsylvania Western University, Clarion",Softball,,Pennsylvania State Athletic Conference,Matriculated,
2023-24,1909695804,CHRISTIN,HAYGOOD,05/28/2024,09/10/2024,II,The University of Texas at Tyler,Softball,,Lone Star Conference,Matriculated,
2023-24,2009926088,ALEXIS,WIGGINS,05/19/2024,09/10/2024,I,Creighton University,Softball,,Big East Conference,Matriculated,
2023-24,2209681127,JAZMIN,WILLIAMS,05/19/2024,09/10/2024,I,"California State University, Fullerton",Softball,,Big West Conference,Matriculated,
2023-24,1909674827,SAMANTHA,LANDRY,07/01/2024,09/10/2024,I,University of Louisiana at Lafayette,Softball,,Sun Belt Conference,Matriculated,
2023-24,1811361498,ISABELLA,NEWTON,06/16/2024,09/10/2024,I,Campbell University,Softball,,Coastal Athletic Association,Matriculated,
2023-24,1906595916,LAURALI,PATANE,05/28/2024,09/10/2024,I,New Mexico State University,Softball,,Conference USA,Active,
2023-24,2006874163,AVERY,MOCHRIE,05/06/2024,09/10/2024,II,College of Staten Island,Softball,,East Coast Conference,Matriculated,
2023-24,1910730402,ISABELA,EMERLING,05/15/2024,09/10/2024,I,"University of North Carolina, Chapel Hill",Softball,,Atlantic Coast Conference,Matriculated,
2023-24,2203461287,KATELYN,BEAGLE,05/01/2024,09/10/2024,II,University of Illinois Springfield,Softball,,Great Lakes Valley Conference,Matriculated,
2023-24,2005865667,STELLA,WULKER,10/02/2023,09/10/2024,III,Transylvania University,Softball,,Heartland Collegiate Athletic Conference,Matriculated,
2023-24,1908667454,MARISSA,MONTELONGO,03/25/2024,09/10/2024,I,Saint Mary's College of California,Softball,,West Coast Conference,Active,
2023-24,2109330790,MACY,VERBEEK,05/08/2024,09/10/2024,II,Ferris State University,Softball,,Great Lakes Intercollegiate Athletic Conference,Matriculated,
2023-24,2009924733,TAYLOR,PALMIERI,02/26/2024,09/10/2024,III,Stockton University,Softball,,New Jersey Athletic Conference,Matriculated,
2023-24,1910714160,KAMILA,VICENTE,05/20/2024,09/10/2024,I,University of South Carolina Upstate,Softball,,Big South Conference,Matriculated,
2023-24,1902421760,KAYLA,VONSTEIN,12/04/2023,09/10/2024,II,Mansfield University of Pennsylvania,Softball,,Pennsylvania State Athletic Conference,Matriculated,
2023-24,2108303053,AILANA,AGBAYANI,06/18/2024,09/10/2024,I,Brigham Young University,Softball,,Big 12 Conference,Matriculated,
2023-24,1809286357,GRACE,URIBE,04/22/2024,09/10/2024,I,"Texas A&M University, College Station",Softball,,Southeastern Conference,Matriculated,
2023-24,1809281796,JALYN,MCGUFFIN,10/11/2023,09/10/2024,I,Colorado State University,Softball,,Mountain West Conference,Matriculated,
2023-24,1908647928,JENNA,LORD,07/01/2024,09/10/2024,I,Texas Tech University,Softball,,Big 12 Conference,Matriculated,
2023-24,2404283562,BREANNA,BARNES,04/30/2024,09/10/2024,III,University of Dallas,Softball,,Southern Collegiate Athletic Conference,Withdrawn,
2023-24,2107268584,KATHERINE,JOHNSON,05/31/2024,09/10/2024,I,Southern Illinois University at Carbondale,Softball,,Missouri Valley Conference,Matriculated,
2023-24,1908667929,BAILEE,BERTANI,06/01/2024,09/11/2024,I,Robert Morris University,Softball,,Horizon League,Matriculated,
2023-24,1711955150,KASSIE,RHODES,05/16/2024,09/11/2024,I,University of Central Arkansas,Softball,,Atlantic Sun Conference,Matriculated,
2023-24,1909699589,SAVANNAH,BARCHUS,05/14/2024,09/11/2024,II,"California State University, East Bay",Softball,,California Collegiate Athletic Association,Matriculated,
2023-24,1705813669,MEAGHAN,HOUK,05/19/2024,09/11/2024,I,Tennessee Technological University,Softball,,Ohio Valley Conference,Matriculated,
2023-24,1607531717,TAYLOR,ERSCHEN,09/21/2023,09/11/2024,I,University of Dayton,Softball,,Atlantic 10 Conference,Matriculated,
2023-24,2206589928,HANNAH,HIGGINS,05/19/2024,09/11/2024,I,Saint Peter's University,Softball,,Metro Atlantic Athletic Conference,Matriculated,
2023-24,2011960588,KELSEY,FOX,05/01/2024,09/11/2024,II,Harding University,Softball,,Great American Conference,Matriculated,
2023-24,2009913960,RYLEIGH,PETERS,02/19/2024,09/11/2024,II,Wheeling University,Softball,,Mountain East Conference,Matriculated,
2023-24,2202442824,CHEYANNE,WILLOUGHBY,02/29/2024,09/11/2024,III,Rosemont College,Softball,,United East Conference,Matriculated,
2023-24,2011960794,MADISON,LUCERO,05/19/2024,09/11/2024,I,University of Nebraska at Omaha,Softball,,The Summit League,Matriculated,
2023-24,1808270717,LILY,GARNETT-BROWN,02/23/2024,09/11/2024,II,Cameron University,Softball,,Lone Star Conference,Active,
2023-24,1706830705,LILLYANNA,TRAVIESO,11/08/2023,09/11/2024,I,Cornell University,Softball,,The Ivy League,Matriculated,
2023-24,1912755417,ELIZABETH,BAYLOR,05/19/2024,09/11/2024,I,University of New Mexico,Softball,,Mountain West Conference,Matriculated,
2023-24,1709898593,ANNA,REED,10/11/2023,09/11/2024,I,Harvard University,Softball,,The Ivy League,Matriculated,
2023-24,2209666067,KAYLA,ROBERTS,05/19/2024,09/11/2024,I,Purdue University Fort Wayne,Softball,,Horizon League,Matriculated,
2023-24,2202442786,SHONA,WILLOUGHBY,02/29/2024,09/11/2024,III,Rosemont College,Softball,,United East Conference,Matriculated,
2023-24,1903472760,LILLIE,WALKER,02/22/2024,09/11/2024,I,Duke University,Softball,,Atlantic Coast Conference,Matriculated,
2023-24,2110354472,MARIAH,PENTA,06/10/2024,09/11/2024,I,Auburn University,Softball,,Southeastern Conference,Matriculated,
2023-24,1910720752,KATELYN,BALSTER,02/15/2024,09/11/2024,II,Barton College,Softball,,Conference Carolinas,Matriculated,
2024-25,2012974462,SHAYLIN,LOPES,09/10/2024,09/11/2024,II,Saint Martin's University,Softball,,Great Northwest Athletic Conference,Active,
2023-24,2006876985,KADIE,CAIN,05/21/2024,09/11/2024,II,Adelphi University,Softball,,Northeast-10 Conference,Matriculated,
2023-24,1910708927,JAIDEN,MCKENNA,07/30/2024,09/11/2024,III,University of New England,Softball,,Commonwealth Coast Conference,Matriculated,
2023-24,1810318330,MIA,WECKEL,04/02/2024,09/11/2024,I,"California State University, Fullerton",Softball,,Big West Conference,Matriculated,
2023-24,2208629973,JESSICA,GOLDHARDT,05/09/2024,09/11/2024,II,Purdue University Northwest,Softball,,Great Lakes Intercollegiate Athletic Conference,Matriculated,
2023-24,2209662199,MAKAYLA,VINSON,04/19/2024,09/11/2024,II,Bowie State University,Softball,,Central Intercollegiate Athletic Association,Matriculated,
2023-24,2005860381,EMILY,GONZALEZ,05/20/2024,09/11/2024,I,Southern Utah University,Softball,,Western Athletic Conference,Matriculated,
2023-24,1509304497,CAROLYN,SKOTZ,11/06/2023,09/11/2024,I,Yale University,Softball,,The Ivy League,Matriculated,
2023-24,2110345635,ELLA,STONE,05/21/2024,09/11/2024,II,University of South Carolina Aiken,Softball,,Peach Belt Conference,Matriculated,
2023-24,1510328602,MADELYN,MAYS,11/07/2023,09/11/2024,I,Harvard University,Softball,,The Ivy League,Matriculated,
2023-24,2102117251,DANI,BECKHAM,05/29/2024,09/11/2024,I,Iona University,Softball,,Metro Atlantic Athletic Conference,Matriculated,
2023-24,1910709929,LAUREN,GARCIA,05/19/2024,09/11/2024,I,University of New Mexico,Softball,,Mountain West Conference,Matriculated,
2023-24,2406338545,MEGAN,ACKERMAN,06/24/2024,09/11/2024,III,Maryville College (Tennessee),Softball,,Collegiate Conference of the South,Matriculated,
2023-24,2110355582,MAGGIE,PLACE,06/06/2024,09/11/2024,II,Oklahoma Baptist University,Softball,,Great American Conference,Matriculated,
2023-24,2205569866,DELIA,SMITH,06/17/2024,09/11/2024,II,Southern Arkansas University,Softball,,Great American Conference,Matriculated,
2023-24,1908659731,ANNEMARIE,MURPHY,05/22/2024,09/12/2024,I,San Diego State University,Softball,,Mountain West Conference,Matriculated,
2023-24,2109329764,BELLA,PEREZ,05/19/2024,09/12/2024,I,McNeese State University,Softball,,Southland Conference,Matriculated,
2023-24,2110350346,DEANNA,DECARO,05/07/2024,09/12/2024,II,St. Thomas Aquinas College,Softball,,East Coast Conference,Matriculated,
2023-24,1911735479,CHARLESTON,PURSLEY,05/19/2024,09/12/2024,I,Austin Peay State University,Softball,,Atlantic Sun Conference,Matriculated,
2023-24,2202431790,OLIVIA,SMITH,05/19/2024,09/12/2024,I,Rider University,Softball,,Metro Atlantic Athletic Conference,Matriculated,
2023-24,2007886134,JOSEPHINE,GEX,05/19/2024,09/12/2024,I,Bryant University,Softball,,America East Conference,Matriculated,
2023-24,1906598290,SIDNEY,ROSE,05/19/2024,09/12/2024,I,St. Bonaventure University,Softball,,Atlantic 10 Conference,Matriculated,
2023-24,2210692208,PAYTON,SMITH,06/08/2024,09/12/2024,I,Grand Canyon University,Softball,,Western Athletic Conference,Matriculated,
2023-24,1806215861,KELSIE,ADAMS,05/20/2024,09/12/2024,I,University of Memphis,Softball,,American Athletic Conference,Matriculated,
2023-24,2006871446,LORENZZA,MARCACCI,05/19/2024,09/12/2024,I,"University of Nevada, Las Vegas",Softball,,Mountain West Conference,Matriculated,
2023-24,2308994554,MARISSA,CORRERA,12/06/2023,09/12/2024,II,The College of Saint Rose,Softball,,Northeast-10 Conference,Matriculated,
2023-24,1908667222,MACKENZIE,RUTKOFF,05/13/2024,09/12/2024,II,University of Colorado Colorado Springs,Softball,,Rocky Mountain Athletic Conference,Matriculated,
2023-24,2009926073,EMILY,ALLEN,12/28/2023,09/12/2024,I,Marshall University,Softball,,Sun Belt Conference,Active,
2023-24,1909674712,SAMANTHA,GRAETER,05/22/2024,09/12/2024,I,University of Louisiana at Lafayette,Softball,,Sun Belt Conference,Matriculated,
2023-24,2110353554,ISABEL,HARRISON,07/24/2024,09/12/2024,II,Emmanuel University (Georgia),Softball,,Conference Carolinas,Matriculated,
2023-24,1910720480,IZZABELA,GOERKE,04/11/2024,09/12/2024,I,University of South Dakota,Softball,,The Summit League,Active,
2023-24,1906604466,ANNABELLE,WIDRA,05/28/2024,09/12/2024,I,Auburn University,Softball,,Southeastern Conference,Matriculated,
2023-24,2103128422,CHRISTAL,LOPEZ,05/23/2024,09/12/2024,I,San Diego State University,Softball,,Mountain West Conference,Matriculated,
2023-24,2207621140,AUBREY,YARNALL,05/23/2024,09/12/2024,I,University of Texas at Arlington,Softball,,Western Athletic Conference,Matriculated,
2023-24,2305912881,KYLEIGH,CLEMENTS,03/27/2024,09/12/2024,II,Texas Woman's University,Softball,,Lone Star Conference,Matriculated,
2023-24,2308990145,KELLEY,FEIGEN,07/22/2024,09/12/2024,II,Emmanuel University (Georgia),Softball,,Conference Carolinas,Matriculated,
2023-24,2004849828,EMALEE,ROMERO,05/15/2024,09/12/2024,II,Northwest Nazarene University,Softball,,Great Northwest Athletic Conference,Matriculated,
2023-24,1805207471,TAYLOR,BACHMEYER,05/20/2024,09/12/2024,I,Sam Houston State University,Softball,,Conference USA,Matriculated,
2023-24,2107253507,JAYLA,CADENA,03/27/2024,09/12/2024,II,Dominican University of California,Softball,,Pacific West Conference,Matriculated,
2023-24,2111377312,HAILEY,SANCHEZ,05/31/2024,09/12/2024,I,"California State University, Northridge",Softball,,Big West Conference,Matriculated,
2023-24,1806217006,KENDALL,DANIEL,06/10/2024,09/12/2024,I,Tarleton State University,Softball,,Western Athletic Conference,Matriculated,
2023-24,2111375089,MALEAH,BLOMENKAMP,05/20/2024,09/12/2024,I,Southern Illinois University Edwardsville,Softball,,Ohio Valley Conference,Matriculated,
2023-24,2208633284,RILEY,SCHWISOW,05/07/2024,09/12/2024,II,University of Sioux Falls,Softball,,Northern Sun Intercollegiate Conference,Matriculated,
2023-24,2108299616,HADLEY,PARISIEN,06/10/2024,09/13/2024,I,Miami University (Ohio),Softball,,Mid-American Conference,Matriculated,
2023-24,2110340401,SYDNEY,BLAIR,05/20/2024,09/13/2024,II,University of North Georgia,Softball,,Peach Belt Conference,Matriculated,
2023-24,1909684282,KAILYN,BEARPAW,06/14/2024,09/13/2024,I,The University of Tulsa,Softball,,American Athletic Conference,Matriculated,
2023-24,2009926854,JAYCIE,HALL,05/08/2024,09/13/2024,II,Texas Woman's University,Softball,,Lone Star Conference,Active,
2023-24,2203466131,MYKENZI,DUKE,05/19/2024,09/13/2024,I,Austin Peay State University,Softball,,Atlantic Sun Conference,Withdrawn,
2023-24,1708879654,SOPHIA,STODDARD,05/31/2024,09/13/2024,I,Southeastern Louisiana University,Softball,,Southland Conference,Matriculated,
2023-24,2004850189,KRISTA,FRANCIA,06/13/2024,09/13/2024,I,University of Maine,Softball,,America East Conference,Matriculated,
2023-24,2306936859,CLAIRE,STILLWELL,12/08/2023,09/13/2024,II,University of South Carolina Beaufort,Softball,,Peach Belt Conference,Matriculated,
2023-24,1801107709,EMMA,SIMONICH,06/17/2024,09/13/2024,I,Colorado State University,Softball,,Mountain West Conference,Withdrawn,
2023-24,2108302129,AVERY,HODGE,06/10/2024,09/13/2024,I,University of Oklahoma,Softball,,Big 12 Conference,Matriculated,
2023-24,2012973479,FIONA,CRANE,05/24/2024,09/13/2024,I,Northern Illinois University,Softball,,Mid-American Conference,Active,
2023-24,2107276977,MADISON,OKANO,05/28/2024,09/13/2024,II,The University of Texas at Tyler,Softball,Yes - Softball,Lone Star Conference,Matriculated,
2023-24,2009920417,JANIAH,WILSON,05/16/2024,09/13/2024,I,University of Central Arkansas,Softball,,Atlantic Sun Conference,Matriculated,
2023-24,2111364284,ALESSANDRA,GROOME,05/20/2024,09/13/2024,III,Denison University,Softball,,North Coast Athletic Conference,Active,
2023-24,1902425771,MORGAN,FRYE,03/11/2024,09/13/2024,III,Berry College,Softball,,Southern Athletic Association,Matriculated,
2023-24,2107265228,SAMANTHA,BEWICK,06/10/2024,09/13/2024,I,Miami University (Ohio),Softball,,Mid-American Conference,Matriculated,
2023-24,1904563668,SAMANTHA,SHELANDER,05/10/2024,09/13/2024,I,Abilene Christian University,Softball,,Western Athletic Conference,Matriculated,
2023-24,2109327897,TAYLOR,PALFREY,04/29/2024,09/13/2024,II,Southern Wesleyan University,Softball,,Conference Carolinas,Matriculated,
2023-24,2109310551,TALYN,FORDHAM,07/29/2024,09/13/2024,II,Academy of Art University,Softball,,Pacific West Conference,Matriculated,
2023-24,2112396352,EMMA,TOLLEY,06/27/2024,09/13/2024,I,"University of California, Riverside",Softball,,Big West Conference,Matriculated,
2023-24,1908660600,OLIVIA,MARBLE,05/10/2024,09/13/2024,I,Abilene Christian University,Softball,,Western Athletic Conference,Matriculated,
2023-24,2211715339,ANNA,WILMING,05/19/2024,09/13/2024,I,Valparaiso University,Softball,,Missouri Valley Conference,Matriculated,
2023-24,2210686587,ANNECA,ANDERSON,05/21/2024,09/13/2024,I,The University of Tulsa,Softball,,American Athletic Conference,Matriculated,
2023-24,2204508633,AVA,SULLIVAN,12/01/2023,09/13/2024,I,Purdue University Fort Wayne,Softball,,Horizon League,Matriculated,
2023-24,2009918145,AVERY,JEFFERSON,05/10/2024,09/13/2024,I,Abilene Christian University,Softball,,Western Athletic Conference,Matriculated,
2023-24,2301769256,KAYDEE,BENNETT,05/29/2024,09/13/2024,I,Abilene Christian University,Softball,,Western Athletic Conference,Matriculated,
2023-24,2110350934,RYLIE,RASMUSSEN,02/27/2024,09/14/2024,II,Bemidji State University,Softball,,Northern Sun Intercollegiate Conference,Active,
2023-24,2102112340,TEIAH,KELIIHOLOKAI,05/17/2024,09/14/2024,I,Abilene Christian University,Softball,,Western Athletic Conference,Active,
2023-24,2106220592,SHAWNA,MCNAIR,05/03/2024,09/15/2024,II,Lane College,Softball,,Southern Intercol. Ath. Conf.,Matriculated,
2023-24,2208648182,CECELIA,BELL,06/11/2024,09/15/2024,II,Davenport University,Softball,,Great Lakes Intercollegiate Athletic Conference,Matriculated,
2023-24,2203486997,AVA,MEARIDETH,04/24/2024,09/15/2024,II,Lane College,Softball,,Southern Intercol. Ath. Conf.,Matriculated,
2023-24,2106220580,SHANNA,MCNAIR,05/03/2024,09/15/2024,II,Lane College,Softball,,Southern Intercol. Ath. Conf.,Matriculated,
2023-24,1909673379,MCKENZIE,NEWCOMB,05/20/2024,09/16/2024,I,Samford University,Softball,,Southern Conference,Matriculated,
2023-24,1905577887,JULIANNA,SANZONE,05/23/2024,09/16/2024,I,Stony Brook University,Softball,,Coastal Athletic Association,Matriculated,
2023-24,2108306344,MADELYN,MAYO,05/25/2024,09/16/2024,I,Florida Atlantic University,Softball,,American Athletic Conference,Matriculated,
2023-24,2109317986,COURTNEY,KESSLER,05/13/2024,09/16/2024,II,"Minnesota State University, Mankato",Softball,,Northern Sun Intercollegiate Conference,Matriculated,
2023-24,2108298587,EMILY,WILLIAMS,05/19/2024,09/16/2024,I,Morehead State University,Softball,,Ohio Valley Conference,Matriculated,
2023-24,1810328174,LINDY,MILKOWSKI,05/14/2024,09/16/2024,I,Eastern Illinois University,Softball,,Ohio Valley Conference,Matriculated,
2023-24,2010950016,MADISON,MANGULIS,05/20/2024,09/16/2024,I,University of South Dakota,Softball,Yes - Softball,The Summit League,Matriculated,
2023-24,2111374480,CARLY,WYWODA,01/03/2024,09/16/2024,II,Mansfield University of Pennsylvania,Softball,,Pennsylvania State Athletic Conference,Matriculated,
2023-24,2206572916,QWEEN OLIVIA,EDMONDS,08/08/2023,09/17/2024,I,Radford University,Softball,,Big South Conference,Matriculated,
2023-24,2004849944,ALLISON,WEILNAU,03/14/2024,09/17/2024,II,Notre Dame College (Ohio),Softball,,Mountain East Conference,Matriculated,
2023-24,2207605392,JORDAN,KNOTT,12/19/2023,09/17/2024,I,Campbell University,Softball,,Coastal Athletic Association,Matriculated,
2023-24,2002811991,ELLA,COLLINSWORTH,03/14/2024,09/17/2024,II,Notre Dame College (Ohio),Softball,,Mountain East Conference,Matriculated,
2023-24,2210702876,AMBER,MORGAN,05/20/2024,09/17/2024,I,Southern Illinois University Edwardsville,Softball,,Ohio Valley Conference,Matriculated,
2023-24,2001788639,SAGE,HAGER,09/27/2023,09/17/2024,I,Santa Clara University,Softball,,West Coast Conference,Matriculated,
2023-24,1811360988,RILEY,GILMORE,05/19/2024,09/17/2024,I,Middle Tennessee State University,Softball,Yes - Softball,Conference USA,Matriculated,
2023-24,2209668774,EMMA,DENISON,05/19/2024,09/17/2024,I,Bowling Green State University,Softball,,Mid-American Conference,Matriculated,
2023-24,1805204557,SAMANTHA,FENTON,12/04/2023,09/17/2024,I,University of Pennsylvania,Softball,,The Ivy League,Matriculated,
2023-24,2201411874,CAMERON,ENOS,04/22/2024,09/17/2024,II,Wheeling University,Softball,,Mountain East Conference,Matriculated,
2023-24,2103129268,KATHERINE,HENRI,05/20/2024,09/17/2024,I,University of South Carolina Upstate,Softball,,Big South Conference,Matriculated,
2023-24,2110349108,GRACE,THOMPKINS,06/24/2024,09/17/2024,II,University of South Carolina Aiken,Softball,,Peach Belt Conference,Matriculated,
2023-24,2208651650,LINDSAY,LUMSDEN,06/13/2024,09/17/2024,I,Campbell University,Softball,,Coastal Athletic Association,Matriculated,
2023-24,1804169392,CHLOE,BOHUSLAVICKY,12/05/2023,09/17/2024,II,Northeastern State University,Softball,,Mid-America Intercollegiate Athletics Association,Matriculated,
2023-24,1610615129,SAVANNAH,EVANS,12/06/2023,09/17/2024,II,Northeastern State University,Softball,,Mid-America Intercollegiate Athletics Association,Matriculated,
2023-24,2308975875,RAYNA,BLACKWELL,06/17/2024,09/17/2024,I,The University of North Carolina at Charlotte,Softball,,American Athletic Conference,Matriculated,
2023-24,2109335280,CAITLIN,MURRAY,05/20/2024,09/17/2024,I,Colgate University,Softball,,Patriot League,Matriculated,
2023-24,2004845895,AINSLEY,PERDICARIS,05/17/2024,09/17/2024,II,Saint Leo University,Softball,,Sunshine State Conference,Matriculated,
2023-24,2009921178,TEAGAN,THRUNK,05/23/2024,09/17/2024,I,Virginia Polytechnic Institute and State University,Softball,,Atlantic Coast Conference,Matriculated,
2023-24,2208635267,PAYTON,LITTLE,06/13/2024,09/17/2024,II,Mars Hill University,Softball,,South Atlantic Conference,Matriculated,
2023-24,2207617450,KATELYN,BAKER,12/03/2023,09/17/2024,II,The College of Saint Rose,Softball,,Northeast-10 Conference,Active,
2023-24,1910711507,LILIAN,BERRY,05/20/2024,09/17/2024,I,University of North Alabama,Softball,,Atlantic Sun Conference,Matriculated,
2023-24,2208643776,KALEIGH,AYSCUE,05/20/2024,09/18/2024,I,East Carolina University,Softball,,American Athletic Conference,Matriculated,
2023-24,1903454840,JASMINE,SANCHEZ,05/20/2024,09/18/2024,I,East Tennessee State University,Softball,,Southern Conference,Matriculated,
2023-24,2107279028,CHARITY,BIBBS,05/29/2024,09/18/2024,I,Alabama State University,Softball,,Southwestern Athletic Conf.,Matriculated,
2023-24,2109318310,OLIVIA,MATLOCK,05/21/2024,09/18/2024,II,Saint Martin's University,Softball,,Great Northwest Athletic Conference,Matriculated,
2023-24,2209672667,NATALIE,AIELLO,09/27/2023,09/18/2024,I,Furman University,Softball,,Southern Conference,Matriculated,
2023-24,1706819183,KARI,SHEDRICK,05/19/2024,09/18/2024,I,Radford University,Softball,,Big South Conference,Matriculated,
2023-24,1912755378,REAGAN,MARCHANT,06/15/2024,09/18/2024,I,"University of South Carolina, Columbia",Softball,,Southeastern Conference,Matriculated,
2023-24,2108290800,ANAYA,TROY,05/20/2024,09/18/2024,I,University of Delaware,Softball,,Coastal Athletic Association,Matriculated,
2023-24,2208640684,TARYN,BENNETT,05/20/2024,09/18/2024,I,Hampton University,Softball,,Coastal Athletic Association,Matriculated,
2023-24,2209655970,TORI,CANDLER,05/06/2024,09/18/2024,III,Centre College,Softball,,Southern Athletic Association,Matriculated,
2023-24,2108294188,BRIYANA,WRIGHT,05/20/2024,09/18/2024,I,Lipscomb University,Softball,,Atlantic Sun Conference,Matriculated,
2023-24,2209669768,JENNA,GIATTINO,05/20/2024,09/18/2024,I,University of Delaware,Softball,,Coastal Athletic Association,Matriculated,
2023-24,2305893672,MORGAN,MCGAUGH,04/30/2024,09/19/2024,II,The University of Texas Permian Basin,Softball,,Lone Star Conference,Matriculated,
2023-24,2008899692,REESE,TORRES,05/20/2024,09/19/2024,I,George Washington University,Softball,,Atlantic 10 Conference,Matriculated,
2023-24,2110341961,ADDISON,SNYDER,05/19/2024,09/19/2024,I,"California State University, Fullerton",Softball,,Big West Conference,Matriculated,
2023-24,2109312810,BROOKLYN,GOBBLE,05/13/2024,09/19/2024,II,Oklahoma Baptist University,Softball,,Great American Conference,Active,
2023-24,2002800026,MADDALYNN,BLAND,12/06/2023,09/19/2024,II,The College of Saint Rose,Softball,,Northeast-10 Conference,Matriculated,
2023-24,2211725291,DELANEY,DOELITSCH,07/02/2024,09/19/2024,II,The University of Texas Permian Basin,Softball,,Lone Star Conference,Matriculated,
2023-24,1910722062,SOPHIE,CAMPBELL,05/19/2024,09/19/2024,I,University of Texas at San Antonio,Softball,,American Athletic Conference,Matriculated,
2023-24,2111366048,ALINA,JASSO,05/09/2024,09/19/2024,I,Texas A&M University-Corpus Christi,Softball,,Southland Conference,Matriculated,
2023-24,2008910017,KENNEDY,ALSBROOK,05/23/2024,09/20/2024,I,Alabama State University,Softball,,Southwestern Athletic Conf.,Matriculated,
2023-24,1807227717,ELLEN,FUDA,12/06/2023,09/20/2024,II,The College of Saint Rose,Softball,,Northeast-10 Conference,Active,
2023-24,2108286817,JALIA,LASSITER,05/23/2024,09/20/2024,I,University of Mississippi,Softball,,Southeastern Conference,Matriculated,
2023-24,1908653035,ASHLEY,VALLEJO,06/14/2024,09/20/2024,I,McNeese State University,Softball,,Southland Conference,Matriculated,
2023-24,2305896822,JULLIANNA,SAINT HILAIRE,05/02/2024,09/20/2024,II,Lane College,Softball,,Southern Intercol. Ath. Conf.,Matriculated,
2023-24,2203464963,LATAVIONA,PARKE,04/30/2024,09/20/2024,II,Savannah State University,Softball,,Southern Intercol. Ath. Conf.,Matriculated,
2023-24,1902426750,LILIANA,THOMAS,05/19/2024,09/20/2024,I,Loyola Marymount University,Softball,,West Coast Conference,Matriculated,
2023-24,2106201768,ALEXIS,BISHOFF,06/03/2024,09/20/2024,I,Drake University,Softball,,Missouri Valley Conference,Matriculated,
2023-24,2106223699,ANSLEY,HUDSON,04/30/2024,09/20/2024,II,University of Montevallo,Softball,,Gulf South Conference,Matriculated,
2023-24,2005865275,MILAN,AH YAT,05/19/2024,09/20/2024,I,Loyola Marymount University,Softball,,West Coast Conference,Matriculated,
2023-24,2108304808,NYJAH,FONTENOT,05/20/2024,09/20/2024,I,"University of Arkansas, Fayetteville",Softball,,Southeastern Conference,Matriculated,
2023-24,1908650034,CARYS,MURAKAMI,05/20/2024,09/20/2024,I,"California State University, Northridge",Softball,,Big West Conference,Matriculated,
2023-24,2102107054,CARA,RANKIN,05/06/2024,09/20/2024,II,Delta State University,Softball,,Gulf South Conference,Matriculated,
2023-24,2108306285,KAYLEE,LACOMB,05/19/2024,09/20/2024,I,Saint Peter's University,Softball,,Metro Atlantic Athletic Conference,Matriculated,
2023-24,1905581182,SHEYENNE,CHEEK,05/14/2024,09/20/2024,II,Washburn University,Softball,,Mid-America Intercollegiate Athletics Association,Matriculated,
2023-24,2207617022,MADISON,PUPPOLO,12/06/2023,09/20/2024,II,The College of Saint Rose,Softball,,Northeast-10 Conference,Active,
2023-24,2309124113,SOPHIA,GUERRA LEIVA,06/13/2024,09/23/2024,I,"California State University, Bakersfield",Softball,,Big West Conference,Matriculated,
2023-24,1908649908,GRACIE,JACOBS,06/17/2024,09/23/2024,I,DePaul University,Softball,,Big East Conference,Matriculated,
2023-24,2109315185,GRACE,HAUSAMANN,05/19/2024,09/23/2024,I,Lafayette College,Softball,,Patriot League,Matriculated,
2023-24,2205570686,DESTANY,BLAKE,03/14/2024,09/23/2024,II,Notre Dame College (Ohio),Softball,,Mountain East Conference,Matriculated,
2024-25,2208630731,CAMRYN,JORDAN,09/23/2024,09/23/2024,II,Erskine College,Softball,,Conference Carolinas,Active,
2023-24,2010936757,BILLIE,KERWOOD,06/06/2024,09/23/2024,I,Monmouth University,Softball,,Coastal Athletic Association,Matriculated,
2023-24,1908667855,MIA,MCNULTY,06/10/2024,09/23/2024,I,"University of California, Los Angeles",Softball,,Pac-12 Conference,Matriculated,
2024-25,2206595150,MICHAELA,SMITH,09/23/2024,09/23/2024,II,West Chester University of Pennsylvania,Softball,,Pennsylvania State Athletic Conference,Active,
2023-24,2109309324,MADISON,MCCLARITY,05/19/2024,09/23/2024,I,Texas Tech University,Softball,,Big 12 Conference,Matriculated,
2023-24,2109337156,DIXIANA,SIMS,05/19/2024,09/23/2024,I,Georgia Southern University,Softball,,Sun Belt Conference,Matriculated,
2023-24,2109316577,HANNAH,CHURCH,06/06/2024,09/23/2024,I,The Ohio State University,Softball,,Big Ten Conference,Matriculated,
2023-24,2202438329,ISABELLA,BASTIEN,05/20/2024,09/23/2024,III,University of La Verne,Softball,,Southern California Intercollegiate Athletic Conf.,Matriculated,
2023-24,1608558316,MARY,CAHALAN,12/01/2023,09/23/2024,I,Dartmouth College,Softball,,The Ivy League,Matriculated,
2023-24,2107258128,JACE,JACKSON,05/20/2024,09/23/2024,I,University of Pittsburgh,Softball,,Atlantic Coast Conference,Matriculated,
2023-24,2111374108,TIA,BECKHAM,05/19/2024,09/23/2024,I,North Carolina State University,Softball,,Atlantic Coast Conference,Matriculated,
2023-24,2111365301,ANNALISE,JARDIN,05/20/2024,09/23/2024,I,University of Rhode Island,Softball,,Atlantic 10 Conference,Matriculated,
2023-24,2109319874,ELLINGTON,WHITAKER,06/14/2024,09/23/2024,I,Baylor University,Softball,,Big 12 Conference,Matriculated,
2023-24,2109313110,MACKENZIE,WILLIS,05/02/2024,09/23/2024,II,"California State University, Monterey Bay",Softball,,California Collegiate Athletic Association,Matriculated,
2023-24,2404282862,AMAYA,RODRIGUEZ,04/29/2024,09/23/2024,III,New England College,Softball,,Great Northeast Athletic Conference,Matriculated,
2023-24,1808274595,OLIVIA,VEIDT,04/11/2024,09/24/2024,II,Lander University,Softball,,Peach Belt Conference,Matriculated,
2023-24,2002812366,AALIYAH,WALKER,06/11/2024,09/24/2024,II,Davenport University,Softball,,Great Lakes Intercollegiate Athletic Conference,Active,
2023-24,2103131096,KIERRA,WARRIX,04/26/2024,09/24/2024,II,Franklin Pierce University,Softball,,Northeast-10 Conference,Active,
2023-24,1912770163,TRINITY,NICHOLS,05/19/2024,09/24/2024,I,Syracuse University,Softball,,Atlantic Coast Conference,Matriculated,
2023-24,2105165921,SYDNEY,WARD,05/15/2024,09/24/2024,II,Southern Arkansas University,Softball,,Great American Conference,Matriculated,
2023-24,2010941028,AVERY,WEISBROOK,05/21/2024,09/24/2024,I,Florida State University,Softball,,Atlantic Coast Conference,Matriculated,
2024-25,2108306619,LAINEY,MUTTER,09/24/2024,09/24/2024,III,Randolph College,Softball,,Old Dominion Athletic Conf.,Active,
2023-24,1908650805,MADISON,CAMPBELL,03/12/2024,09/24/2024,I,Georgia Southern University,Softball,,Sun Belt Conference,Matriculated,
2023-24,2108301110,HALLIE,BURNS,05/24/2024,09/24/2024,I,University of Mississippi,Softball,,Southeastern Conference,Matriculated,
2023-24,2008905077,NYLA,SAPIA,01/17/2024,09/24/2024,I,Delaware State University,Softball,,Mid-Eastern Athletic Conf.,Matriculated,
2023-24,2008904210,CHLOE,GEIJER,05/30/2024,09/24/2024,I,"Indiana University, Bloomington",Softball,,Big Ten Conference,Matriculated,
2023-24,1804182932,KELLY,BEAUPRE,11/29/2023,09/25/2024,I,Dartmouth College,Softball,,The Ivy League,Matriculated,
2023-24,2109316759,MADISON,WEIR,05/19/2024,09/25/2024,I,Manhattan University,Softball,,Metro Atlantic Athletic Conference,Matriculated,
2023-24,2209676207,RYLEI,TRUJILLO,06/03/2024,09/25/2024,I,"University of Nevada, Las Vegas",Softball,,Mountain West Conference,Matriculated,
2023-24,2008913470,KENNEDY,CLARK,05/13/2024,09/25/2024,II,Oklahoma Baptist University,Softball,,Great American Conference,Matriculated,
2023-24,2103122028,TAYLOR,HESS,05/20/2024,09/25/2024,I,University of Kentucky,Softball,,Southeastern Conference,Matriculated,
2023-24,2012983304,RAYLEE,LEIMAN,05/19/2024,09/25/2024,I,North Carolina State University,Softball,,Atlantic Coast Conference,Matriculated,
2023-24,2210700014,JADA,LEWIS,05/20/2024,09/25/2024,I,Arizona State University,Softball,,Pac-12 Conference,Matriculated,
2023-24,2307952802,KEIVANA,DURAND,05/07/2024,09/25/2024,II,Rollins College,Softball,,Sunshine State Conference,Matriculated,
2023-24,1909674154,BROOKE,ELLESTAD,06/25/2024,09/25/2024,I,University of Louisiana at Lafayette,Softball,,Sun Belt Conference,Matriculated,
2023-24,2106235317,SAMANTHA,GUTIERREZ,05/23/2024,09/25/2024,II,Eastern New Mexico University,Softball,,Lone Star Conference,Matriculated,
2023-24,2009925743,TRISTIAN,THOMPSON,05/22/2024,09/25/2024,I,"Indiana University, Bloomington",Softball,,Big Ten Conference,Matriculated,
2023-24,2209677143,JULIANNA,KELLOGG,05/21/2024,09/25/2024,II,The University of Virginia's College at Wise,Softball,,South Atlantic Conference,Matriculated,
2023-24,2210687374,SEQUOIA,DUNLAP,05/19/2024,09/25/2024,I,Towson University,Softball,,Coastal Athletic Association,Active,
2023-24,2211711833,MAREN,METIKOSH,05/20/2024,09/25/2024,I,Central Connecticut State University,Softball,,Northeast Conference,Matriculated,
2023-24,1907627264,MADELYN,WILSON,05/20/2024,09/25/2024,I,Saint Francis University,Softball,,Northeast Conference,Matriculated,
2023-24,2004840587,PERI,ROUILLARD,05/21/2024,09/25/2024,I,Kennesaw State University,Softball,,Atlantic Sun Conference,Matriculated,
2023-24,2209679279,JAEYA,BUTLER,05/19/2024,09/25/2024,I,Michigan State University,Softball,,Big Ten Conference,Matriculated,
2023-24,1806225067,NICOLE,DONAHUE,06/05/2024,09/25/2024,I,University of Texas at Arlington,Softball,,Western Athletic Conference,Matriculated,
2023-24,1907629018,MACIE,ANDREWS,05/19/2024,09/25/2024,I,University of New Mexico,Softball,,Mountain West Conference,Matriculated,
2023-24,2110362921,SALEN,HAWKINS,05/23/2024,09/25/2024,I,Mississippi State University,Softball,,Southeastern Conference,Matriculated,
2024-25,2108300211,ALI,MOCKENHAUPT,09/24/2024,09/25/2024,III,Elmhurst University,Softball,,College Conference of Illinois & Wisconsin,Active,
2023-24,1906609943,MIKAYLA,LAPLACA,02/28/2024,09/25/2024,I,University of Notre Dame,Softball,,Atlantic Coast Conference,Matriculated,
2023-24,2107271869,KENZIE,BROMLEY,05/19/2024,09/25/2024,I,Kent State University,Softball,,Mid-American Conference,Matriculated,
2023-24,1901407050,MACY,IRELAN,05/19/2024,09/25/2024,I,Kent State University,Softball,,Mid-American Conference,Matriculated,
2023-24,2008902446,KAYLIN,CURRO,05/19/2024,09/25/2024,I,Binghamton University,Softball,,America East Conference,Matriculated,
2023-24,2112387610,JAYCEE,MCKEE,05/07/2024,09/26/2024,II,Arkansas Tech University,Softball,,Great American Conference,Matriculated,
2023-24,2206595562,REBECCA,BENTON,05/20/2024,09/26/2024,I,University of North Alabama,Softball,,Atlantic Sun Conference,Matriculated,
2023-24,2008910457,ALEXIS,PUPILLO,05/19/2024,09/26/2024,I,University of Northern Iowa,Softball,,Missouri Valley Conference,Matriculated,
2023-24,2012971252,EMMA,FAULK,05/20/2024,09/26/2024,I,Troy University,Softball,,Sun Belt Conference,Matriculated,
2023-24,2109311525,GRACELYN,WALLACE,05/19/2024,09/26/2024,I,Florida Gulf Coast University,Softball,,Atlantic Sun Conference,Matriculated,
2023-24,1909680548,CATELYN,RILEY,05/21/2024,09/26/2024,I,University of Mississippi,Softball,,Southeastern Conference,Matriculated,
2023-24,2307952803,DAZHA,DURAND,05/07/2024,09/26/2024,II,Rollins College,Softball,,Sunshine State Conference,Matriculated,
2023-24,2111367219,GRACE,FISHER,03/14/2024,09/26/2024,II,Notre Dame College (Ohio),Softball,,Mountain East Conference,Matriculated,
2023-24,2211720272,JASMINE,ALWAN,04/25/2024,09/26/2024,II,Albany State University (Georgia),Softball,,Southern Intercol. Ath. Conf.,Matriculated,
2023-24,1908671116,EMILY,WINSTEAD,06/06/2024,09/26/2024,I,University of North Carolina Wilmington,Softball,,Coastal Athletic Association,Matriculated,
2023-24,2009914677,SABRIE,PURNELL,05/20/2024,09/26/2024,I,Howard University,Softball,,Mid-Eastern Athletic Conf.,Matriculated,
2023-24,2110347358,DANIELLE,FICK,03/14/2024,09/26/2024,II,Notre Dame College (Ohio),Softball,,Mountain East Conference,Matriculated,
2023-24,2009914035,EMMA,GIESE,05/20/2024,09/26/2024,I,Northern Illinois University,Softball,,Mid-American Conference,Matriculated,
2023-24,1808258530,CASSIDY,DUSKIN,05/20/2024,09/27/2024,I,University of North Alabama,Softball,,Atlantic Sun Conference,Matriculated,
2023-24,2103133829,HAIVEN,SCHOOLCRAFT,05/19/2024,09/27/2024,I,New Mexico State University,Softball,,Conference USA,Matriculated,
2023-24,1909680797,KENDRA,LEVESQUE,05/19/2024,09/27/2024,I,New Mexico State University,Softball,,Conference USA,Matriculated,
2023-24,2406328883,JENNIFER,RODRIGUEZ,06/12/2024,09/27/2024,III,Utica University,Softball,,Empire 8,Active,
2023-24,1903433356,ALYSSA,CHARTER-SMITH,05/01/2024,09/27/2024,II,East Central University,Softball,,Great American Conference,Matriculated,
2023-24,2403249425,MADISON,BLAIR,04/10/2024,09/27/2024,I,University of Mississippi,Softball,,Southeastern Conference,Matriculated,
2023-24,2303796003,LYDIA,DRAKE,05/20/2024,09/27/2024,I,University of South Carolina Upstate,Softball,,Big South Conference,Matriculated,
2023-24,2008904313,SYDNEY,SHAMMO,05/28/2024,09/27/2024,I,Kent State University,Softball,,Mid-American Conference,Matriculated,
2023-24,1811348174,LAUREN,MARGOLIS,05/06/2024,09/27/2024,II,Eckerd College,Softball,,Sunshine State Conference,Matriculated,
2023-24,1903470245,KAWEHILEIPOMAIKAI,ILI,05/19/2024,09/27/2024,I,New Mexico State University,Softball,,Conference USA,Matriculated,
2023-24,2211723908,JODEE,MATOS,05/16/2024,09/28/2024,II,Rollins College,Softball,,Sunshine State Conference,Active,
2023-24,2004841095,KAYLEE,BLACKLEDGE,07/08/2024,09/29/2024,I,Texas Tech University,Softball,,Big 12 Conference,Matriculated,
2023-24,2209657433,AUDREY,GALLEGOS,05/19/2024,09/30/2024,I,University of the Incarnate Word,Softball,,Southland Conference,Matriculated,
2023-24,2112395323,ROSARIO,CANO,05/20/2024,09/30/2024,I,George Washington University,Softball,,Atlantic 10 Conference,Matriculated,
2023-24,1909695725,ANISA,REYNOLDS,05/19/2024,09/30/2024,I,"California State University, Bakersfield",Softball,,Big West Conference,Matriculated,
2023-24,1908655905,JESSICA,CLEMENTS,04/11/2024,09/30/2024,I,California Polytechnic State University,Softball,,Big West Conference,Matriculated,
2023-24,2103132240,ASHLYNN,GRIFFITH,05/20/2024,09/30/2024,I,East Texas A&M University,Softball,,Southland Conference,Matriculated,
2023-24,2108306341,LAUREN,HARDY,12/01/2023,09/30/2024,I,"Indiana University, Bloomington",Softball,,Big Ten Conference,Matriculated,
2023-24,2109326337,LYNDSEY,GREIN,05/24/2024,10/01/2024,I,Virginia Polytechnic Institute and State University,Softball,,Atlantic Coast Conference,Matriculated,
2023-24,2011956598,MATTISON,MULLER,12/04/2023,10/01/2024,II,The College of Saint Rose,Softball,,Northeast-10 Conference,Active,
2023-24,1907639525,STACI,CHAMBERS,07/27/2024,10/01/2024,I,"California State University, Fullerton",Softball,,Big West Conference,Matriculated,
2023-24,2107276433,SOPHIA,KLEIMAN,05/21/2024,10/01/2024,I,"Indiana University, Bloomington",Softball,,Big Ten Conference,Matriculated,
2023-24,1901387800,JADEN,HILL,09/05/2023,10/01/2024,I,Columbia University-Barnard College,Softball,,The Ivy League,Matriculated,
2024-25,2109315891,LILY,STONE,09/30/2024,10/01/2024,II,University of Montevallo,Softball,,Gulf South Conference,Active,
2023-24,2003835467,HANNAH,BREEN,12/02/2023,10/01/2024,II,The College of Saint Rose,Softball,,Northeast-10 Conference,Active,
2023-24,2007893697,DEZIANNA,PATMON,05/22/2024,10/01/2024,I,New Mexico State University,Softball,,Conference USA,Matriculated,
2023-24,1907635939,ELISE,NISHIMURA,06/15/2024,10/01/2024,I,"University of California, Riverside",Softball,,Big West Conference,Matriculated,
2023-24,2208643322,CHLOE,LESKO,05/20/2024,10/01/2024,I,University of Pennsylvania,Softball,Yes - Softball,The Ivy League,Matriculated,
2023-24,2208643636,NAYANA,DEAMELIA,12/04/2023,10/01/2024,II,The College of Saint Rose,Softball,,Northeast-10 Conference,Active,
2023-24,2112403165,ZARA,WASSERMAN,06/26/2024,10/01/2024,I,"University of California, Riverside",Softball,,Big West Conference,Matriculated,
2023-24,2102112398,GRACE,LUDERER,05/27/2024,10/01/2024,I,Seattle University,Softball,,Western Athletic Conference,Matriculated,
2023-24,2303824111,MACKENZIE,BABCOCK,12/02/2023,10/01/2024,II,The College of Saint Rose,Softball,,Northeast-10 Conference,Active,
2023-24,2010940510,KELSEY,HIGGINS,12/04/2023,10/01/2024,II,The College of Saint Rose,Softball,,Northeast-10 Conference,Active,
2024-25,1808272841,MAY,DAWES,10/01/2024,10/01/2024,I,Stonehill College,Softball,,Northeast Conference,Active,
2024-25,1906592836,PRISCILLA,GILLIES,10/02/2024,10/02/2024,I,Long Island University,Softball,,Northeast Conference,Active,
2023-24,2203448528,ANNA,RAHNER,06/17/2024,10/02/2024,III,Farmingdale State College,Softball,,Skyline Conference,Withdrawn,
2024-25,2107275393,JAMARIA,CHARLEY,08/07/2024,10/02/2024,I,Campbell University,Softball,,Coastal Athletic Association,Matriculated,
2023-24,2405317949,MADISON,TAYLOR,05/28/2024,10/02/2024,III,Salisbury University,Softball,,Coast-To-Coast Athletic Conference,Matriculated,
2024-25,1903477420,RAIGAN,BARRETT,10/01/2024,10/02/2024,I,Liberty University,Softball,,Conference USA,Withdrawn,
2023-24,2306938571,JAIBRIEL,TERRELL,07/23/2024,10/03/2024,I,Florida A&M University,Softball,,Southwestern Athletic Conf.,Matriculated,
2023-24,2102102860,MADELINE,MCGEE,05/29/2024,10/03/2024,I,South Dakota State University,Softball,,The Summit League,Matriculated,
2023-24,2202441889,RYLEE,REHBEIN,06/17/2024,10/03/2024,I,University of Montana,Softball,,Big Sky Conference,Matriculated,
2023-24,1910705990,MELINA,WILKISON,06/03/2024,10/03/2024,I,The Ohio State University,Softball,,Big Ten Conference,Matriculated,
2023-24,2006869561,LEAH,MAYS,05/21/2024,10/03/2024,I,Oregon State University,Softball,Yes - Softball,Pac-12 Conference,Matriculated,
2023-24,2306930491,SHENITA,TUCKER,05/29/2024,10/03/2024,I,Lamar University,Softball,,Southland Conference,Matriculated,
2023-24,1910730007,BRITNEY,LEWINSKI,05/25/2024,10/03/2024,I,Syracuse University,Softball,,Atlantic Coast Conference,Matriculated,
2023-24,1710932540,JULIA,APSEL,05/19/2024,10/03/2024,I,Hofstra University,Softball,,Coastal Athletic Association,Matriculated,
2023-24,2106217735,KAYELIN,LEBO,05/19/2024,10/03/2024,I,"California State University, Bakersfield",Softball,,Big West Conference,Matriculated,
2023-24,2112394520,AVA,FLEMING,05/20/2024,10/03/2024,I,University of Maryland Eastern Shore,Softball,,Mid-Eastern Athletic Conf.,Matriculated,
2023-24,1808273377,MADISON,BALK,05/29/2024,10/03/2024,I,Florida State University,Softball,Yes - Softball,Atlantic Coast Conference,Matriculated,
2023-24,1908664728,CHARITY,SEVAAETASI,05/15/2024,10/03/2024,I,Oregon State University,Softball,,Pac-12 Conference,Matriculated,
2024-25,2010934125,BRIANNA,FISCHER,08/16/2024,10/03/2024,II,Adelphi University,Softball,,Northeast-10 Conference,Matriculated,
2023-24,2208631768,RILEY,PESCHEK,05/16/2024,10/03/2024,I,University of Montana,Softball,,Big Sky Conference,Matriculated,
2023-24,1703757747,ALYCIA,FLORES,06/07/2024,10/03/2024,I,Boise State University,Softball,,Mountain West Conference,Matriculated,
2023-24,1910731673,SOPHIA,RAMUNO,06/13/2024,10/03/2024,I,California Polytechnic State University,Softball,,Big West Conference,Matriculated,
2023-24,1908649626,STEVIE,HANSEN,05/29/2024,10/03/2024,I,University of Oregon,Softball,,Pac-12 Conference,Matriculated,
2023-24,2109326306,PAIGE,SIMPSON,05/20/2024,10/04/2024,I,Idaho State University,Softball,,Big Sky Conference,Matriculated,
2024-25,2001776561,BRENNA,SNYDER,10/04/2024,10/04/2024,III,Shenandoah University,Softball,,Old Dominion Athletic Conf.,Active,
2023-24,2109330773,KELSEY,WINTERS,05/20/2024,10/04/2024,I,University of Iowa,Softball,,Big Ten Conference,Matriculated,
2023-24,2010943008,ABIGAIL,SULTE,06/06/2024,10/04/2024,II,Valdosta State University,Softball,,Gulf South Conference,Matriculated,
2023-24,1807246142,CANDACE,YINGLING,07/31/2024,10/04/2024,I,"California State University, Fullerton",Softball,,Big West Conference,Matriculated,
2024-25,1809311235,CHLOE,BEAN,10/04/2024,10/05/2024,I,Georgia Southern University,Softball,,Sun Belt Conference,Active,
2023-24,2010951447,MAKAYLA,VENEZIALE,05/19/2024,10/07/2024,I,Manhattan University,Softball,,Metro Atlantic Athletic Conference,Matriculated,
2023-24,1709901391,SYDNEY,HARRIS,06/17/2024,10/07/2024,I,University of North Alabama,Softball,,Atlantic Sun Conference,Matriculated,
2024-25,2109316504,LILY,RASMUSSEN,10/07/2024,10/07/2024,III,Chapman University,Softball,,Southern California Intercollegiate Athletic Conf.,Active,
2024-25,1907638819,JENA,WHIPPLE,10/07/2024,10/07/2024,I,College of the Holy Cross,Softball,,Patriot League,Active,
2023-24,2006871494,KENNEDY,GUSTIN,05/20/2024,10/08/2024,I,"California State University, Northridge",Softball,,Big West Conference,Matriculated,
2023-24,2105179929,KARISSA,RICE,05/19/2024,10/08/2024,I,St. John's University (New York),Softball,,Big East Conference,Matriculated,
2023-24,2111365203,ARIELLA,SAENZ,06/19/2024,10/08/2024,I,Texas A&M University-Corpus Christi,Softball,,Southland Conference,Matriculated,
2023-24,2002801177,BAILEY,MCDERMOTT,06/03/2024,10/09/2024,I,Merrimack College,Softball,,Northeast Conference,Active,
2023-24,2208635067,JOCELYNE,RINKER,02/22/2024,10/09/2024,I,Radford University,Softball,,Big South Conference,Matriculated,
2023-24,1909700941,JANAIYA,THOMAS,05/20/2024,10/09/2024,I,University of Houston,Softball,,Big 12 Conference,Matriculated,
2023-24,1906599657,LEXIE,ROBERTS,05/19/2024,10/09/2024,I,Radford University,Softball,,Big South Conference,Matriculated,
2023-24,2108305059,KAYLA,ZAID,05/24/2024,10/09/2024,I,University of Houston,Softball,,Big 12 Conference,Matriculated,
2023-24,2108298352,HANNAH,TAYLOR,07/12/2024,10/09/2024,I,Eastern Illinois University,Softball,,Ohio Valley Conference,Active,
2024-25,2207601459,ALYSSA,HENDERSON,10/09/2024,10/10/2024,III,Saint Vincent College,Softball,,Presidents' Athletic Conference,Withdrawn,
2023-24,2103128997,KELLY,COLLERAN,05/19/2024,10/10/2024,I,Boston University,Softball,,Patriot League,Matriculated,
2023-24,2009928310,MICAELA,HARTMAN,05/20/2024,10/11/2024,I,University of South Carolina Upstate,Softball,,Big South Conference,Matriculated,
2023-24,2209678053,FAITH,MILLS,05/19/2024,10/11/2024,I,University of Nebraska at Omaha,Softball,,The Summit League,Matriculated,
2023-24,2110345020,RAEGAN,GIBSON,05/19/2024,10/11/2024,I,University of Southern Indiana,Softball,,Ohio Valley Conference,Matriculated,
2023-24,2111381498,BROOKE,ZUBER,05/19/2024,10/11/2024,I,Towson University,Softball,,Coastal Athletic Association,Matriculated,
2023-24,2108298767,KAYLEE,OH,05/20/2024,10/11/2024,I,Oregon State University,Softball,,Pac-12 Conference,Matriculated,
2023-24,2210705013,OLIVIA,SCHULZ,05/24/2024,10/14/2024,II,Ohio Dominican University,Softball,,Great Midwest Athletic Conference,Matriculated,
2023-24,2302775744,IZABELLA,CHAVEZ,05/29/2024,10/14/2024,II,University of Charleston (West Virginia),Softball,,Mountain East Conference,Matriculated,
2023-24,1909700791,ASHLEY,OGATA,04/30/2024,10/14/2024,II,Chaminade University,Softball,,Pacific West Conference,Matriculated,
2023-24,2208645821,ALIVIA,HOLDEN,05/10/2024,10/14/2024,II,Western Oregon University,Softball,,Great Northwest Athletic Conference,Matriculated,
2023-24,2204538104,DYONI,GARCIA,05/14/2024,10/14/2024,II,University of Hawaii at Hilo,Softball,,Pacific West Conference,Matriculated,
2023-24,1808267699,MADISON,CARR,05/21/2024,10/14/2024,I,Florida Gulf Coast University,Softball,,Atlantic Sun Conference,Matriculated,
2023-24,2109315744,CLAIRE,MAULDING,05/21/2024,10/15/2024,I,Florida Gulf Coast University,Softball,,Atlantic Sun Conference,Matriculated,
2023-24,2105179014,HALEIGH,ADKINS,06/13/2024,10/15/2024,I,Miami University (Ohio),Softball,,Mid-American Conference,Matriculated,
2023-24,2105165667,CARSON,BRADSHER,05/20/2024,10/15/2024,I,University of South Carolina Upstate,Softball,,Big South Conference,Matriculated,
2023-24,2004844055,HALIE,FURKAS,04/10/2024,10/15/2024,II,D'Youville University,Softball,,East Coast Conference,Matriculated,
2023-24,2212740389,DANIELA,DAVID,05/03/2024,10/16/2024,II,University of West Georgia,Softball,,Gulf South Conference,Matriculated,
2023-24,2107280602,MAKAYLA,LAYTON,05/20/2024,10/16/2024,I,North Carolina A&T State University,Softball,,Coastal Athletic Association,Matriculated,
2023-24,1910714294,JASMIN,STEWART,06/14/2024,10/16/2024,II,Valdosta State University,Softball,,Gulf South Conference,Active,
2023-24,2006869653,BAILEY,BRUMLEY,05/19/2024,10/16/2024,I,University of Missouri-Kansas City,Softball,,The Summit League,Matriculated,
2023-24,2209662994,ALYSA,DEL VAL,05/20/2024,10/17/2024,I,Oregon State University,Softball,,Pac-12 Conference,Matriculated,
2023-24,2207616053,OLIVIA,YOUNG,05/14/2024,10/17/2024,II,University of Bridgeport,Softball,,Central Atlantic Collegiate Conference,Matriculated,
2023-24,1904563128,MADELYN,COLEMAN,05/19/2024,10/17/2024,I,Mount St. Mary's University,Softball,,Metro Atlantic Athletic Conference,Matriculated,
2023-24,2101984232,ZAILEES,SEDA FAS,07/09/2024,10/17/2024,I,Saint Peter's University,Softball,,Metro Atlantic Athletic Conference,Matriculated,
2023-24,2103125834,MAYA,RAMIREZ,05/19/2024,10/17/2024,I,Mississippi Valley State University,Softball,,Southwestern Athletic Conf.,Matriculated,
2023-24,2308986820,MCKENZIE,FAIRFAX,11/03/2023,10/17/2024,III,University of Saint Joseph (Connecticut),Field Hockey|Softball,,Great Northeast Athletic Conference|Great Northeast Athletic Conference,Matriculated,
2023-24,2105163792,AALIYAH,WILLIAMS,05/21/2024,10/18/2024,I,South Carolina State University,Softball,,Mid-Eastern Athletic Conf.,Matriculated,
2023-24,2308992767,ABBY,TOUCHET,05/21/2024,10/18/2024,III,Texas Lutheran University,Softball,,Southern Collegiate Athletic Conference,Matriculated,
2024-25,2108285234,BRADY,LAUCOMER,10/18/2024,10/19/2024,II,Chadron State College,Softball,,Rocky Mountain Athletic Conference,Active,
2024-25,2011967846,BRITTNEY,BABER,10/16/2024,10/19/2024,II,East Stroudsburg University of Pennsylvania,Softball,,Pennsylvania State Athletic Conference,Active,
2023-24,2212741731,ABIGAIL,MITCHELL,05/03/2024,10/21/2024,I,Western Michigan University,Softball,,Mid-American Conference,Matriculated,
2023-24,2010951012,TAYLOR,FRITZ,05/19/2024,10/21/2024,I,Ball State University,Softball,,Mid-American Conference,Matriculated,
2024-25,2209679882,MADISON,HANIK,10/21/2024,10/21/2024,II,Spring Hill College,Softball,,Southern Intercol. Ath. Conf.,Active,
2023-24,2209661010,PAYTON,NICHOLSON,06/12/2024,10/21/2024,I,Georgia State University,Softball,,Sun Belt Conference,Matriculated,
2023-24,2211721572,TAYLOR,COLEMAN,05/02/2024,10/21/2024,II,Northern State University,Softball,,Northern Sun Intercollegiate Conference,Matriculated,
2024-25,2111370944,JOSEPHINE,MARCINEK,10/21/2024,10/22/2024,II,St. Thomas Aquinas College,Softball,,East Coast Conference,Active,
2024-25,2201404183,CAITLIN,CASAS,10/22/2024,10/22/2024,II,The University of Texas at Tyler,Softball,,Lone Star Conference,Active,
2023-24,2006878992,RACHAEL,FUERST,05/20/2024,10/22/2024,I,University of Pittsburgh,Softball,,Atlantic Coast Conference,Matriculated,
2024-25,2110344633,CATHERINE,WELCH,10/23/2024,10/23/2024,II,West Virginia Wesleyan College,Softball,,Mountain East Conference,Active,
2023-24,2111384391,MOLLIE,WHITE,04/26/2024,10/23/2024,II,West Virginia Wesleyan College,Softball,,Mountain East Conference,Matriculated,
2023-24,2210710128,MAKENZIE,BURROUGHS,06/14/2024,10/23/2024,II,Chowan University,Softball,,Conference Carolinas,Matriculated,
2023-24,2305911694,SAMANTHA RODRIGUEZ,RODRIGUEZ,06/06/2024,10/24/2024,I,Alcorn State University,Softball,,Southwestern Athletic Conf.,Matriculated,
2024-25,2304891456,EVELYN,HAYS,10/24/2024,10/24/2024,III,Salisbury University,Softball,,Coast-To-Coast Athletic Conference,Active,
2024-25,1806225010,JANIA,DAVIS,10/25/2024,10/26/2024,I,Florida A&M University,Softball,,Southwestern Athletic Conf.,Active,
2024-25,2408384322,MADDISON,PACK,10/26/2024,10/27/2024,III,Houghton University,Softball,,Empire 8,Active,
2024-25,1902422288,MORGAN,COOK,10/28/2024,10/28/2024,I,Canisius University,Softball,,Metro Atlantic Athletic Conference,Active,
2023-24,1908665250,MACKENZIE,MAYNARD,05/24/2024,10/29/2024,I,Pennsylvania State University,Softball,,Big Ten Conference,Matriculated,
2024-25,2012977945,KAYLEE,TAYLOR,10/31/2024,10/31/2024,II,University of Mount Olive,Softball,,Conference Carolinas,Active,
2024-25,2310136657,MEGAN,DAISEY,11/01/2024,11/01/2024,III,Shenandoah University,Softball,,Old Dominion Athletic Conf.,Active,
2023-24,2002810169,HAILEY,MULLIGAN,05/23/2024,11/01/2024,I,"University of California, San Diego",Softball,,Big West Conference,Matriculated,
2024-25,2411446015,JULIA,REGAN,11/01/2024,11/01/2024,III,New York University,Softball,,University Athletic Association,Active,
2024-25,1903449638,KARLIE,BILBREY,10/31/2024,11/01/2024,II,"California State University, Chico",Softball,,California Collegiate Athletic Association,Active,
2023-24,2104154191,BROOKLYN,LEE,05/24/2024,11/01/2024,I,"University of California, San Diego",Softball,,Big West Conference,Matriculated,
2024-25,2405295000,JAILYN,STARNES,11/04/2024,11/04/2024,II,North Greenville University,Softball,,Conference Carolinas,Active,
2024-25,2211727715,ABBIGAIL,CATALDO,11/04/2024,11/04/2024,II,Delta State University,Softball,,Gulf South Conference,Active,
2023-24,2010946175,KATIE,WALLING,05/20/2024,11/05/2024,I,Seattle University,Softball,,Western Athletic Conference,Matriculated,
2023-24,2109310417,AMANDA,ROYAL,05/19/2024,11/06/2024,I,Rider University,Softball,,Metro Atlantic Athletic Conference,Active,
2024-25,2310145963,BRIANNA,DENAULT,11/06/2024,11/06/2024,II,Trevecca Nazarene University,Softball,,Gulf South Conference,Active,
2023-24,2208640991,TRISTEN,WREN,05/19/2024,11/06/2024,I,Rider University,Softball,,Metro Atlantic Athletic Conference,Active,
2024-25,2212745213,AUTUMN,DUFF,11/06/2024,11/06/2024,III,Union College (New York),Softball,,Liberty League,Active,
2024-25,2112397611,ADDISON,GOOKIN,11/07/2024,11/07/2024,II,Winona State University,Softball,,Northern Sun Intercollegiate Conference,Active,
2024-25,2103121123,LAYLA,OLIVER,11/07/2024,11/07/2024,II,University of Texas at Dallas,Softball,,Lone Star Conference,Active,
2023-24,2110348896,RILEY,DANIEL,04/30/2024,11/08/2024,II,University of South Carolina Aiken,Softball,,Peach Belt Conference,Matriculated,
2024-25,2108292661,ASHLEY,BURRIEL,11/08/2024,11/08/2024,II,Fort Lewis College,Softball,,Rocky Mountain Athletic Conference,Active,
2024-25,2109309444,MORGAN,SCOTT,11/11/2024,11/11/2024,II,Goldey-Beacom College,Softball,,Central Atlantic Collegiate Conference,Active,
2023-24,2108287986,SOPHIA,MOSHOS,06/21/2024,11/12/2024,III,Transylvania University,Softball,,Heartland Collegiate Athletic Conference,Matriculated,
2024-25,2411455186,ABIGAIL,MILLER,11/12/2024,11/13/2024,III,Trinity University (Texas),Softball,,Southern Collegiate Athletic Conference,Active,
2024-25,2405305476,ALEXIS,DUDECZKA,11/13/2024,11/13/2024,II,University of Texas at Dallas,Softball,,Lone Star Conference,Active,
2024-25,2303813176,ALEXIS,GARMAN,11/14/2024,11/14/2024,II,Minot State University,Softball,,Northern Sun Intercollegiate Conference,Active,
2024-25,2103132415,MARAH,SCHOTZ,11/14/2024,11/14/2024,II,Goldey-Beacom College,Softball,,Central Atlantic Collegiate Conference,Active,
2024-25,2001771592,JAYCEE,REYES,11/15/2024,11/15/2024,III,Alverno College,Softball,,Northern Athletics Collegiate Conference,Active,
2024-25,2305909446,GABRIELLA,BERNIER,11/18/2024,11/18/2024,II,Mars Hill University,Softball,,South Atlantic Conference,Active,
2024-25,2406322085,ARIANA,WILLIAMS,11/20/2024,11/20/2024,II,"California State University, East Bay",Softball,,California Collegiate Athletic Association,Active,
2024-25,2208628984,ZOE,QUINN,11/21/2024,11/21/2024,II,Washburn University,Softball,,Mid-America Intercollegiate Athletics Association,Active,
2024-25,2209668700,SALEEN,,11/21/2024,11/21/2024,II,Holy Family University,Softball,,Central Atlantic Collegiate Conference,Active,
2023-24,2105175576,MARISSA,SCARANO,12/01/2023,11/21/2024,I,University at Albany,Softball,,America East Conference,Matriculated,
2023-24,2109314883,SHELBY,EDWARDS,07/01/2024,11/26/2024,I,Alabama State University,Softball,,Southwestern Athletic Conf.,Matriculated,
2024-25,2109310934,MADISON,PETERSON,11/26/2024,11/26/2024,II,Davenport University,Softball,,Great Lakes Intercollegiate Athletic Conference,Active,
2024-25,2207621395,KEIRY,ABREU,12/02/2024,12/02/2024,I,Saint Peter's University,Softball,,Metro Atlantic Athletic Conference,Active,
2024-25,2104149639,KATHERYN,REARLEY,12/01/2024,12/02/2024,I,Mercer University,Softball,,Southern Conference,Active,
2023-24,1804180026,DALLAS,WATTERSON,02/05/2024,12/02/2024,II,Palm Beach Atlantic University,Softball,,Sunshine State Conference,Withdrawn,
2024-25,2405315093,ISABELLA,ROACH,12/02/2024,12/02/2024,I,Niagara University,Softball,,Metro Atlantic Athletic Conference,Active,
2024-25,2412468794,BAILEY,ROSE,12/02/2024,12/03/2024,III,Agnes Scott College,Softball,,Collegiate Conference of the South,Active,
2023-24,2112400221,MEGAN,MCPHERSON,05/13/2024,12/04/2024,II,Quincy University,Softball,,Great Lakes Valley Conference,Matriculated,
2024-25,2110347122,LAUREN,DOEPPING,12/04/2024,12/04/2024,I,"University of Nevada, Reno",Softball,,Mountain West Conference,Active,
2024-25,2308998042,KERI,WESNESKI,11/13/2024,12/04/2024,III,Houghton University,Softball,,Empire 8,Active,
2024-25,2009916682,KEARSTON,LUNSFORD,11/22/2024,12/04/2024,II,Tiffin University,"Softball|Women's Track, Indoor|Women's Track, Outdoor",,Great Midwest Athletic Conference|Great Midwest Athletic Conference|Great Midwest Athletic Conference,Withdrawn,
2024-25,1809288621,JOCELYN,ULRICH,12/02/2024,12/04/2024,I,Siena University,Softball,,Metro Atlantic Athletic Conference,Signed,
2024-25,2305915459,GRACE,REICH,11/12/2024,12/04/2024,III,Widener University,Softball,,Middle Atlantic Conference Commonwealth,Active,
2024-25,2205564417,VIVIAN,ACOSTA,12/04/2024,12/05/2024,I,South Dakota State University,Softball,,The Summit League,Active,
2024-25,2403233841,MIKAYLA,MARTINEZ,12/04/2024,12/06/2024,I,San Diego State University,Softball,,Mountain West Conference,Active,
2023-24,2211731893,EVA,DOBIE,11/28/2023,12/06/2024,II,Benedict College,Softball,,Southern Intercol. Ath. Conf.,Matriculated,
2023-24,2209672348,MARICLAIRE,SABADOS,05/13/2024,12/07/2024,II,Drury University,Softball,,Great Lakes Valley Conference,Active,
2024-25,2012974880,JUSTINE,DELACRUZ-CARRANZA,12/09/2024,12/09/2024,I,Wagner College,Softball,,Northeast Conference,Active,
2024-25,2204539688,KENLEIGH,SMITH,12/10/2024,12/10/2024,II,Florida Southern College,Softball,,Sunshine State Conference,Active,
2024-25,2310144177,EMMA,SIC,11/11/2024,12/10/2024,II,University of Tampa,Softball,,Sunshine State Conference,Withdrawn,
2024-25,2406339588,ALEXYS,ROSICK,10/24/2024,12/11/2024,II,Newberry College,Softball,,South Atlantic Conference,Active,
2024-25,2202436573,MANAIA,FONOTI,12/11/2024,12/11/2024,I,Coppin State University,Softball,,Mid-Eastern Athletic Conf.,Active,
2024-25,2105172558,RYLIE,BETSON,12/10/2024,12/11/2024,II,Davis & Elkins College,Softball,,Mountain East Conference,Active,
2023-24,2210709849,ELIZABETH,LEDUC,12/04/2023,12/13/2024,II,The College of Saint Rose,Softball,,Northeast-10 Conference,Matriculated,
2024-25,2212743219,MIA,PETTINE,12/13/2024,12/13/2024,II,West Chester University of Pennsylvania,Softball,,Pennsylvania State Athletic Conference,Active,
2024-25,2208637072,KARLA,CARANGELO,12/13/2024,12/13/2024,III,University of Massachusetts Boston,Softball,,Little East Conference,Active,
2024-25,2005854766,ABBEY,UNDERDAHL,12/13/2024,12/13/2024,III,Crown College (Minnesota),Softball,,Upper Midwest Athletic Conference,Active,
2023-24,2405288406,SOFIA,CATANZARO,05/03/2024,12/15/2024,III,Chatham University,Softball,,Presidents' Athletic Conference,Active,
2023-24,2004843671,JENNA,SAMUEL,06/05/2024,12/16/2024,I,Appalachian State University,Softball,,Sun Belt Conference,Matriculated,
2023-24,2103139083,FAITH,BONAR,06/06/2024,12/18/2024,III,Eastern Nazarene College,Softball,,North Atlantic Conference,Matriculated,
2024-25,2405316167,MIRANDA,DILLING,12/19/2024,12/19/2024,II,Florida Southern College,Softball,,Sunshine State Conference,Active,
2024-25,2103139083,FAITH,BONAR,12/18/2024,12/19/2024,III,Gordon College,Softball,,Conference of New England,Active,
2024-25,2111383397,GRACE,NARKUM,12/18/2024,12/20/2024,I,Cleveland State University,Softball,,Horizon League,Active,
2024-25,2301767154,ALYSSA,BALDENEGRO,12/26/2024,12/26/2024,II,Northwestern Oklahoma State University,Softball,,Great American Conference,Active,
2023-24,1709909333,HOPE,ALLEY,11/30/2023,12/31/2024,I,"University of California, Berkeley",Softball,,Pac-12 Conference,Matriculated,
2023-24,2011962903,JOSIE,KRIEMAN,05/03/2024,01/03/2025,III,Wells College,Softball,,Allegheny Mountain Collegiate Conference,Matriculated,
2024-25,2109330510,SHELBY,LAMONT,12/04/2024,01/03/2025,I,Saint Joseph's University,Softball,,Atlantic 10 Conference,Active,
2024-25,2207619670,MADDY,HAACK,11/04/2024,01/04/2025,II,Mercy University,Softball,,East Coast Conference,Active,
2024-25,2109336067,OLIVIA,MARTIN,12/04/2024,01/04/2025,I,Winthrop University,Softball,,Big South Conference,Active,
2024-25,2309101675,CALLI,WEAVING,01/06/2025,01/06/2025,II,Black Hills State University,Softball,,Rocky Mountain Athletic Conference,Active,
2023-24,2110357989,DOMINIQUE,WALICKE,05/06/2024,01/06/2025,II,University of Minnesota Duluth,Softball,,Northern Sun Intercollegiate Conference,Matriculated,
2024-25,1910707589,ABIGAIL,CARSLEY,12/06/2024,01/06/2025,I,University of Kansas,Softball,,Big 12 Conference,Matriculated,
2024-25,2501486467,GRACE,LORAH,01/06/2025,01/07/2025,III,Keystone College,Softball,,United East Conference,Active,
2023-24,2111380379,SYDNEY,HODGES,04/30/2024,01/07/2025,II,Limestone University,Softball,,South Atlantic Conference,Active,
2024-25,2410422608,CARA,POLK,10/14/2024,01/07/2025,I,Abilene Christian University,Women's Basketball|Softball|Women's Volleyball,,Western Athletic Conference|Western Athletic Conference|Western Athletic Conference,Active,
2024-25,2310145495,DANELLA,SILAGY,10/18/2024,01/08/2025,II,East Stroudsburg University of Pennsylvania,Softball,,Pennsylvania State Athletic Conference,Active,
2024-25,1810316875,JESSICA,OAKLAND,12/01/2024,01/08/2025,I,"University of Minnesota, Twin Cities",Softball,,Big Ten Conference,Matriculated,
2024-25,2306945224,HALEY,GARDELLA,11/20/2024,01/08/2025,II,Harding University,Softball,,Great American Conference,Matriculated,
2024-25,2205556059,SYDNEY,HAAKE,12/02/2024,01/08/2025,I,University of Texas at El Paso,Softball,,Conference USA,Active,
2024-25,2307960501,PARADISE,ANDREWS,08/26/2024,01/09/2025,II,Shaw University,Softball,,Central Intercollegiate Athletic Association,Withdrawn,
2024-25,2006871406,MEGAN,MATHEIS,11/05/2024,01/10/2025,II,Kentucky Wesleyan College,Softball,,Great Midwest Athletic Conference,Matriculated,
2024-25,2402227768,MICAELA,BARRAZA,01/10/2025,01/10/2025,III,Concordia University Chicago,Softball|Women's Beach Volleyball|Women's Volleyball,,Northern Athletics Collegiate Conference|Sport not sponsored|Northern Athletics Collegiate Conference,Active,
2024-25,2209670203,KIRSTEN,CHISOLM,01/13/2025,01/13/2025,II,University of North Georgia,Softball,,Peach Belt Conference,Active,
2024-25,2306939040,JOSALYN,MCMILLAN,10/22/2024,01/14/2025,II,Shepherd University,Softball,,Pennsylvania State Athletic Conference,Matriculated,
2024-25,2106207948,EMILY,TITUS,11/29/2024,01/14/2025,II,Southern Arkansas University,Softball,,Great American Conference,Active,
2023-24,2308984034,SOPHIE,RIVERA,04/30/2024,01/16/2025,II,Davenport University,Softball,,Great Lakes Intercollegiate Athletic Conference,Matriculated,
2024-25,2103132407,KATHERINE,DORAZIO,11/25/2024,01/16/2025,I,Syracuse University,Softball,,Atlantic Coast Conference,Withdrawn,
2024-25,1808277658,COURTNEY,DAY,11/05/2024,01/17/2025,I,University of Mississippi,Softball,,Southeastern Conference,Matriculated,
2023-24,2003824258,AMIAH,GALCATCHER,05/21/2024,01/18/2025,I,Stephen F. Austin State University,Softball,,Western Athletic Conference,Matriculated,
2024-25,2210702169,EMILY,WATTERS,11/08/2024,01/20/2025,II,Missouri Western State University,Softball,,Mid-America Intercollegiate Athletics Association,Matriculated,
2024-25,2210708023,WYNTER,HURST,11/08/2024,01/20/2025,II,Missouri Western State University,Softball,,Mid-America Intercollegiate Athletics Association,Matriculated,
2024-25,2009918178,KADIN,VIRE,12/01/2024,01/21/2025,I,University of Missouri-Kansas City,Softball,,The Summit League,Matriculated,
2024-25,2206585546,OLIVIA,MOSCARDI,12/06/2024,01/21/2025,I,"University of Nevada, Reno",Softball,,Mountain West Conference,Withdrawn,
2024-25,1611647439,VALERIE,ORNELAS,12/03/2024,01/22/2025,I,University of Texas at Arlington,Softball,,Western Athletic Conference,Matriculated,
2024-25,2009919453,GADDY,UTSEY,10/11/2024,01/22/2025,II,University of West Alabama,Softball,,Gulf South Conference,Matriculated,
2024-25,1806211030,ANA,MACHA,12/11/2024,01/22/2025,I,Indiana State University,Softball,,Missouri Valley Conference,Matriculated,
2024-25,1901399728,GENESIS,EGGART,08/15/2024,01/23/2025,II,Grand Valley State University,Softball,,Great Lakes Intercollegiate Athletic Conference,Matriculated,
2024-25,2009929944,BRIDGET,HALLER,12/04/2024,01/23/2025,I,Bucknell University,Softball,,Patriot League,Active,
2024-25,2309108327,ELLA,FITZPATRICK,12/08/2024,01/23/2025,I,Lipscomb University,Softball,,Atlantic Sun Conference,Matriculated,
2024-25,2210709849,ELIZABETH,LEDUC,12/13/2024,01/23/2025,I,Siena University,Softball,,Metro Atlantic Athletic Conference,Matriculated,
2024-25,2110339054,AVA,LUNSFORD,12/02/2024,01/24/2025,I,Western Kentucky University,Softball,,Conference USA,Matriculated,
2024-25,1804184263,SYDNEE,REAVES,11/20/2024,01/24/2025,II,University of Montevallo,Softball,,Gulf South Conference,Matriculated,
2024-25,1809287092,ALIYAH,PRITCHETT,11/22/2024,01/27/2025,I,Baylor University,Softball,,Big 12 Conference,Matriculated,
2024-25,1901405634,LILLY,WHITTEN,12/01/2024,01/27/2025,I,"University of Missouri, Columbia",Softball,,Southeastern Conference,Matriculated,
2023-24,2207617057,VICTORIA,DIPIPPO,05/29/2024,01/27/2025,III,Emmanuel College (Massachusetts),Softball,,Great Northeast Athletic Conference,Matriculated,
2024-25,2012979535,KAILA,POLLARD,12/02/2024,01/27/2025,I,University of Oregon,Softball,,Big Ten Conference,Matriculated,
2024-25,2108301096,ARIEL,KOWALEWSKI,12/03/2024,01/27/2025,I,University of Florida,Softball,,Southeastern Conference,Matriculated,
2024-25,2112389352,MARLEY,QUEEN,01/28/2025,01/28/2025,I,Cleveland State University,Softball,,Horizon League,Active,
2024-25,2208645311,GRACIE,MABREY,12/02/2024,01/28/2025,I,The University of North Carolina at Greensboro,Softball,,Southern Conference,Matriculated,
2023-24,2107259550,ASHLEY,GRIFFITH,03/01/2024,01/28/2025,II,University of Hawaii at Hilo,Softball,,Pacific West Conference,Active,
2024-25,2205567494,KASEY,XENIDIS,10/23/2024,01/28/2025,III,Rowan University,Softball,,New Jersey Athletic Conference,Matriculated,
2024-25,2308987754,HAISLEY,LESKINEN,12/12/2024,01/28/2025,I,Utah State University,Softball,,Mountain West Conference,Matriculated,
2024-25,2108306846,MARLEY,SMITH,01/29/2025,01/29/2025,I,Cleveland State University,Softball,,Horizon League,Active,
2024-25,2107243980,HAYLEE,MONDEN,01/20/2025,01/29/2025,II,Oklahoma Christian University,Softball,,Lone Star Conference,Matriculated,
2024-25,2104148489,RACHEL,MORI,11/07/2024,01/30/2025,III,William Peace University,Softball,,USA South Athletic Conference,Matriculated,
2024-25,2002810247,MAGDALENE,KLUG,01/30/2025,01/30/2025,I,Lafayette College,Softball,,Patriot League,Active,
2023-24,1709894989,LAURYN,DEGUZMAN,05/07/2024,01/30/2025,II,Minot State University,Softball,,Northern Sun Intercollegiate Conference,Matriculated,
2024-25,2106212593,REAGANN,HOBLIT,12/04/2024,01/30/2025,I,"University of Nevada, Reno",Softball,,Mountain West Conference,Matriculated,
2024-25,2303806968,ALEXIS,WHEELER,01/26/2025,01/31/2025,II,Thomas More University,Softball,,Great Midwest Athletic Conference,Matriculated,
2024-25,2209655097,MILA,GUTIERREZ,02/03/2025,02/03/2025,III,University of Mount Saint Vincent,Softball,,Skyline Conference,Active,
2024-25,1909673230,ELIZABETH,WOODS,11/11/2024,02/03/2025,I,Middle Tennessee State University,Softball,,Conference USA,Matriculated,
2024-25,2209683118,REESE,SHANAHAN,02/03/2025,02/03/2025,I,Cleveland State University,Softball,,Horizon League,Active,
2024-25,2107253270,LILY,WARREN,11/01/2024,02/04/2025,II,Henderson State University,Softball,,Great American Conference,Matriculated,
2024-25,2405305831,TAYLOR,RAMIREZ,12/11/2024,02/05/2025,II,Lubbock Christian University,Softball,,Lone Star Conference,Matriculated,
2024-25,1812367625,TAYLOR,BABCOCK,08/07/2024,02/05/2025,III,Rhode Island College,Softball,,Little East Conference,Matriculated,
2024-25,2401194969,AALIYAH,RODRIGUEZ,11/11/2024,02/07/2025,II,Upper Iowa University,Softball,,Great Lakes Valley Conference,Matriculated,
2024-25,2205565576,NEVAEH,CRUZ,01/06/2025,02/07/2025,III,Alverno College,Softball,,Northern Athletics Collegiate Conference,Matriculated,
2024-25,2104146058,MADALYN,MAURIN,02/07/2025,02/08/2025,II,University of Montevallo,Softball,,Gulf South Conference,Active,
2024-25,2211729305,MELINA,GRAZIANO,02/11/2025,02/11/2025,II,East Stroudsburg University of Pennsylvania,Softball,,Pennsylvania State Athletic Conference,Active,
2024-25,2411458517,KAI,MORTENSEN,11/18/2024,02/13/2025,III,Hiram College,Softball,,North Coast Athletic Conference,Matriculated,
2023-24,2007885646,SAMANTHA,TURNAGE,05/23/2024,02/13/2025,I,East Carolina University,Softball,,American Athletic Conference,Matriculated,
2023-24,2210699404,ALEXIS,MCCARTY,11/29/2023,02/14/2025,II,Northwood University,Softball,,Great Midwest Athletic Conference,Active,
2024-25,2009917832,MADISON,WINKLER,11/01/2024,02/17/2025,I,University of Louisville,Softball,,Atlantic Coast Conference,Matriculated,
2023-24,2111374527,MIANNA,LOPEZ DEL HARO,05/02/2024,02/18/2025,II,Chestnut Hill College,Softball,,Central Atlantic Collegiate Conference,Matriculated,
2024-25,2009923842,ALYSSA,KRAUSE,02/18/2025,02/19/2025,III,North Central University,Softball,,Upper Midwest Athletic Conference,Active,
2023-24,2207625809,LONNA,ADDISON,04/30/2024,02/21/2025,II,Lees-McRae College,Softball,,Conference Carolinas,Matriculated,
2023-24,2108284557,ANNELISA,WINEBARGER,05/20/2024,02/24/2025,I,Coastal Carolina University,Softball,,Sun Belt Conference,Matriculated,
2024-25,2111375797,ANNABELLA,PUTNAM,02/25/2025,02/25/2025,II,Mansfield University of Pennsylvania,Softball,,Pennsylvania State Athletic Conference,Active,
2024-25,2409420408,BOBBIE,MAYER,02/25/2025,02/25/2025,III,Gwynedd Mercy University,Softball,,Atlantic East Conference,Active,
2024-25,2210707153,DANYKA,PERREAULT,02/26/2025,02/26/2025,III,University of Massachusetts Boston,Softball,,Little East Conference,Active,
2024-25,2008904313,SYDNEY,SHAMMO,02/27/2025,02/27/2025,I,Cleveland State University,Softball,,Horizon League,Active,
2024-25,2209657456,KENDALL,KERSEY,12/01/2024,03/03/2025,I,University of Missouri-Kansas City,Softball,Yes - Softball,The Summit League,Matriculated,
2024-25,2502516855,ARIANA,DIAZ,03/03/2025,03/04/2025,III,Southern Virginia University,Softball,,USA South Athletic Conference,Active,
2023-24,2107273743,KAYLA,HERRERA,03/25/2024,03/05/2025,II,Texas A&M International University,Women's Basketball|Softball,,Lone Star Conference|Lone Star Conference,Matriculated,
2024-25,2104140823,KAELYN,LARKIN,12/02/2024,03/06/2025,I,Stony Brook University,Softball,,Coastal Athletic Association,Matriculated,
2024-25,2401196781,AALIYAH,WILSON,11/14/2024,03/08/2025,II,Shaw University,Softball,,Central Intercollegiate Athletic Association,Active,
2024-25,2009929079,CORINNE,DEMARTINI,03/14/2025,03/14/2025,II,College of Staten Island,Softball,,East Coast Conference,Active,
2024-25,2503536270,MIKAYLA,AMORUSO,03/17/2025,03/17/2025,I,Virginia Polytechnic Institute and State University,Softball,,Atlantic Coast Conference,Active,
2024-25,2212734343,JANA,HESS,10/11/2024,03/17/2025,II,University of South Carolina Beaufort,Softball,,Peach Belt Conference,Matriculated,
2023-24,1811344218,KATELYN,LIPSKY,04/19/2024,03/17/2025,III,Mitchell College,Softball,,Great Northeast Athletic Conference,Matriculated,
2023-24,2006876864,EMMA,DEBOER,05/20/2024,03/18/2025,I,Central Michigan University,Softball,,Mid-American Conference,Matriculated,
2024-25,2009916615,BETHANY,SHIH,03/26/2025,03/26/2025,I,Santa Clara University,Softball,,West Coast Conference,Active,
2024-25,2105175252,MAYA,DOUGLAS,03/26/2025,03/26/2025,I,Harvard University,Softball,,The Ivy League,Active,
2024-25,2309105565,SYDNEY,HOLDER,01/21/2025,03/26/2025,II,Belmont Abbey College,Softball,,Conference Carolinas,Active,
2024-25,2104142191,MALLORY,ROSNICK,03/27/2025,03/27/2025,II,West Liberty University,Softball,,Mountain East Conference,Active,
2024-25,2107254635,JASMINE,REYES,03/26/2025,03/27/2025,III,Concordia University Wisconsin,Softball,,Northern Athletics Collegiate Conference,Active,
2024-25,2201411457,KATELYNN,TUXBURY,04/02/2025,04/02/2025,II,Converse University,Softball,,Conference Carolinas,Active,
2024-25,2203456697,MIKAYLA,YURICHECK,04/02/2025,04/02/2025,II,Chestnut Hill College,Softball,,Central Atlantic Collegiate Conference,Active,
2024-25,2207627165,JORDYN,BRADSHAW,04/02/2025,04/02/2025,II,Livingstone College,Softball,,Central Intercollegiate Athletic Association,Active,
2023-24,2304846360,SYDNEY,LOYET,06/12/2024,04/03/2025,II,Eastern New Mexico University,Softball,,Lone Star Conference,Matriculated,
2024-25,2503538793,SAMANTHA,RATTI,03/26/2025,04/04/2025,III,Keystone College,Softball,,United East Conference,Active,
2024-25,2211721270,KYARA,MARQUEZ,04/04/2025,04/04/2025,III,New Jersey City University,Softball,,New Jersey Athletic Conference,Active,
2023-24,2211721270,KYARA,MARQUEZ,12/27/2023,04/04/2025,II,Lincoln University (Pennsylvania),Softball,,Central Intercollegiate Athletic Association,Matriculated,
2024-25,2504564206,CAILYN,LUCAS,04/10/2025,04/10/2025,III,Chatham University,Softball,,Presidents' Athletic Conference,Active,
2024-25,2311163473,ASHLYNNE,MCADOW,04/10/2025,04/10/2025,II,West Virginia Wesleyan College,Softball,,Mountain East Conference,Active,
2024-25,2001784047,LILLY,SAUCEDO,04/10/2025,04/11/2025,II,Davis & Elkins College,Softball,,Mountain East Conference,Active,
2024-25,2401190036,RHIANNON,GODLEY,04/10/2025,04/11/2025,II,West Virginia Wesleyan College,Softball,,Mountain East Conference,Active,
2024-25,2306942724,CALI,DELAWDER,08/28/2024,04/14/2025,I,University of Rhode Island,Softball,,Atlantic 10 Conference,Matriculated,
2024-25,2104156750,KYRA,WARD,04/14/2025,04/14/2025,II,Benedict College,Softball,,Southern Intercol. Ath. Conf.,Active,
2024-25,2306918916,ME'ALOHA,SLAYTON,04/15/2025,04/15/2025,III,University of St. Thomas (Texas),Softball,,Southern Collegiate Athletic Conference,Active,
2024-25,2409411314,JANAE,BLAND,04/15/2025,04/15/2025,III,Centenary College (Louisiana),Softball,,Southern Collegiate Athletic Conference,Active,
2024-25,2310149812,MADISON,PITTS,04/14/2025,04/15/2025,II,Glenville State University,Softball,,Mountain East Conference,Active,
2024-25,2110347308,MADISON,MCDOWELL,01/07/2025,04/17/2025,II,Tuskegee University,Softball,Yes - Softball,Southern Intercol. Ath. Conf.,Matriculated,
2024-25,2504569162,AZLYNN,DAY,04/17/2025,04/17/2025,III,Asbury University,Softball,,Collegiate Conference of the South,Active,
2024-25,2202440342,VIVIAN,STONE,04/18/2025,04/18/2025,II,Limestone University,Softball,,South Atlantic Conference,Active,
2024-25,2208653939,ALEXIS,JENKINS,04/18/2025,04/18/2025,II,Limestone University,Softball,,South Atlantic Conference,Active,
2024-25,2202433493,ALLIE,BOONE,04/18/2025,04/18/2025,II,Limestone University,Softball,,South Atlantic Conference,Active,
2024-25,2311168606,KARLY,GENTRY,04/18/2025,04/18/2025,II,Limestone University,Softball,,South Atlantic Conference,Active,
2024-25,2309109266,CARMEN,TURGEON,04/18/2025,04/18/2025,II,Limestone University,Softball,,South Atlantic Conference,Active,
2024-25,2310147292,ROBYN,WOOD,04/21/2025,04/21/2025,II,Limestone University,Softball,,South Atlantic Conference,Active,
2024-25,2201414893,EMMA,KAYLOR,04/21/2025,04/21/2025,II,University of Charleston (West Virginia),Softball,,Mountain East Conference,Active,
2024-25,2311156475,SAVANNAH,NEWTON,04/21/2025,04/21/2025,II,Limestone University,Softball,,South Atlantic Conference,Active,
2024-25,2311161398,LAUREN,HOMA,04/22/2025,04/22/2025,II,Frostburg State University,Softball,,Mountain East Conference,Active,
2024-25,2205548588,JAILYN,LATOUR,04/22/2025,04/22/2025,II,Livingstone College,Softball,,Central Intercollegiate Athletic Association,Active,
2024-25,1906592319,TAYLOR,BATES,03/26/2025,04/22/2025,II,Claflin University,Softball,,Central Intercollegiate Athletic Association,Active,
2024-25,2106215991,DREW,BUSLEE,04/23/2025,04/23/2025,II,University of Sioux Falls,Women's Basketball|Softball,,Northern Sun Intercollegiate Conference|Northern Sun Intercollegiate Conference,Active,
2024-25,2006872753,LEILA,HERNANDEZ,04/23/2025,04/23/2025,III,Marymount University (Virginia),Softball,,Atlantic East Conference,Active,
2024-25,2309115921,SARAH,HENRY,04/23/2025,04/23/2025,II,Allen University,Softball,,Southern Intercol. Ath. Conf.,Active,
2024-25,2303820077,CASSIDY,SHAY,12/16/2024,04/23/2025,III,Lebanon Valley College,Softball,,Middle Atlantic Conference Freedom,Active,
2024-25,2210696293,LAILA,PULACHET,04/24/2025,04/24/2025,II,Hawaii Pacific University,Softball,,Pacific West Conference,Active,
2024-25,2208646916,TAYLOR,FITZGERALD,04/25/2025,04/25/2025,II,Fort Hays State University,Softball,,Mid-America Intercollegiate Athletics Association,Active,
2024-25,2008906515,NICHOLE,REYES,04/25/2025,04/25/2025,III,University of Mount Saint Vincent,Softball,,Skyline Conference,Active,
2024-25,2004850681,EMMA,JOHNSON,04/27/2025,04/27/2025,II,Limestone University,Softball,,South Atlantic Conference,Active,
2024-25,2210687532,EVELYN,ZIMMERMAN,04/28/2025,04/28/2025,II,Cedarville University,Softball,,Great Midwest Athletic Conference,Active,
2024-25,2312183114,BRITTANY,GINGRICH,04/28/2025,04/28/2025,II,Lees-McRae College,Softball,,Conference Carolinas,Active,
2024-25,2405301714,MADISON,RUIZ,04/28/2025,04/28/2025,II,Lubbock Christian University,Softball,,Lone Star Conference,Active,
2024-25,2301770463,DOMINIQUE,FRANKLIN,04/28/2025,04/28/2025,II,Livingstone College,Softball,,Central Intercollegiate Athletic Association,Active,
2024-25,2407362817,VALERIE,OSTHOFF,03/20/2025,04/28/2025,III,Carroll University (Wisconsin),Softball,,College Conference of Illinois & Wisconsin,Withdrawn,
2024-25,2211712072,MCKENZEE,ROSEBURROUGH,04/28/2025,04/28/2025,II,Walsh University,Softball,,Great Midwest Athletic Conference,Active,
2024-25,2206575235,TAKEVIYA,SIMS,04/29/2025,04/29/2025,II,Allen University,Softball,,Southern Intercol. Ath. Conf.,Active,
2023-24,2210694449,ADYSON,ROBERTS,01/10/2024,04/29/2025,II,Oklahoma Christian University,Women's Basketball|Softball,,Lone Star Conference|Lone Star Conference,Signed,
2023-24,2403249768,BRENNA,FISHER,03/27/2024,04/29/2025,III,Transylvania University,Softball,,Heartland Collegiate Athletic Conference,Matriculated,
2024-25,2308997339,BRODIE,WILCOXEN,04/29/2025,04/29/2025,II,Adams State University,Softball,,Rocky Mountain Athletic Conference,Active,
2024-25,2311151789,JOSIE,SHOEMAKER,04/29/2025,04/29/2025,II,Southern Wesleyan University,Softball,,Conference Carolinas,Active,
2024-25,2504585701,VIVIANA,JIMENEZ,04/29/2025,04/29/2025,II,Sul Ross State University,Softball,,Lone Star Conference,Active,
2024-25,2110361984,AMANDA,BARNES,04/28/2025,04/29/2025,III,Agnes Scott College,Softball,,Collegiate Conference of the South,Active,
2024-25,2208642826,AVA,FAIR,04/29/2025,04/29/2025,II,Frostburg State University,Softball,,Mountain East Conference,Active,
2024-25,2308987644,MCKENZIE,FULLINGTON,04/30/2025,04/30/2025,II,Quincy University,Softball,,Great Lakes Valley Conference,Active,
2024-25,2504585702,MADISYN,ZIGAROVICH,04/30/2025,04/30/2025,III,Saint Vincent College,Softball,,Presidents' Athletic Conference,Active,
2024-25,2312178107,MCKAYLA,FACKLER,04/30/2025,04/30/2025,II,University of Sioux Falls,Softball,,Northern Sun Intercollegiate Conference,Active,
2024-25,2110343778,LINDSAY,CAHILL,10/30/2024,04/30/2025,III,Farmingdale State College,Softball,,Skyline Conference,Matriculated,
2024-25,2308989350,RILEY,SHUPE,04/30/2025,04/30/2025,III,Randolph College,Softball,,Old Dominion Athletic Conf.,Active,
2024-25,1903461552,MADELINE,PFLEGING,04/30/2025,04/30/2025,II,"University of Arkansas, Monticello",Softball,,Great American Conference,Active,
2024-25,2106225227,HANNAH,STRICKLAND,04/30/2025,04/30/2025,II,University of Sioux Falls,Softball,,Northern Sun Intercollegiate Conference,Active,
2024-25,2312173856,SHANNON,NELSON,04/30/2025,04/30/2025,II,Upper Iowa University,Softball,,Great Lakes Valley Conference,Active,
2024-25,2310135136,ARIAH,SMITH,05/01/2025,05/01/2025,II,Benedict College,Softball,,Southern Intercol. Ath. Conf.,Active,
2024-25,2207623091,ZALEY,PACKETT,04/18/2025,05/01/2025,II,Limestone University,Softball,,South Atlantic Conference,Active,
2024-25,2107250007,EMMA,SCALES,05/01/2025,05/01/2025,II,Ouachita Baptist University,Softball,,Great American Conference,Active,
2024-25,1910709883,KENNEDY,WILKIE,05/01/2025,05/01/2025,II,Ouachita Baptist University,Softball,,Great American Conference,Active,
2024-25,2202441453,HANNAH,LUTZ,05/01/2025,05/01/2025,II,Felician University,Softball,,Central Atlantic Collegiate Conference,Active,
2024-25,2407345453,MADISON,WHITE,04/30/2025,05/01/2025,III,Mount Saint Mary College (New York),Softball,,Skyline Conference,Active,
2024-25,2311162814,JULIANA,BOSCO,05/01/2025,05/01/2025,II,Fort Hays State University,Softball,,Mid-America Intercollegiate Athletics Association,Active,
2024-25,2307949627,KIERSTEN,NELSON,05/02/2025,05/02/2025,III,Salem College (North Carolina),Softball,,USA South Athletic Conference,Active,
2024-25,2308986693,ASHLEY,GARCIA,05/02/2025,05/02/2025,II,"California State Polytechnic University, Humboldt",Softball,,California Collegiate Athletic Association,Active,
2024-25,2302794970,ALANA,LANGFORD,05/02/2025,05/02/2025,II,Hawaii Pacific University,Softball,,Pacific West Conference,Active,
2024-25,2211717358,BREA,GRIMSLEY,05/02/2025,05/02/2025,II,"California State University, Monterey Bay",Softball,,California Collegiate Athletic Association,Active,
2024-25,2110345918,JAZLYN,ARVIZO,05/02/2025,05/02/2025,II,Chadron State College,Softball,,Rocky Mountain Athletic Conference,Active,
2024-25,2403248129,LAYNI,NOONKESTER,05/02/2025,05/02/2025,II,"California State Polytechnic University, Humboldt",Softball,,California Collegiate Athletic Association,Active,
2024-25,2208644046,HALEY,MCADAMS,05/02/2025,05/02/2025,II,Ouachita Baptist University,Softball,,Great American Conference,Active,
2024-25,2108305734,RILEY,CROWL,05/02/2025,05/02/2025,II,Mars Hill University,Softball,,South Atlantic Conference,Active,
2024-25,2108285359,ALEXIS,WHEELER,05/02/2025,05/02/2025,III,Alverno College,Softball,,Northern Athletics Collegiate Conference,Active,
2024-25,2407367875,EVA,TROMM,05/02/2025,05/02/2025,III,Alverno College,Softball,,Northern Athletics Collegiate Conference,Active,
2024-25,2310138983,MADISON,PACIFICI,05/03/2025,05/03/2025,II,College of Staten Island,Softball,,East Coast Conference,Active,
2024-25,2309120821,HARLEY,FURLONG,05/05/2025,05/05/2025,II,Oklahoma Baptist University,Softball,,Great American Conference,Active,
2024-25,2404281809,MALIA,COIT,05/05/2025,05/05/2025,II,Adams State University,Softball,,Rocky Mountain Athletic Conference,Active,
2024-25,2206578821,MACKENZIE,WILLIAMS,05/05/2025,05/05/2025,II,Henderson State University,Softball,,Great American Conference,Active,
2024-25,2106221306,CRISTYNA,DEL HIERRO,05/05/2025,05/05/2025,II,Texas Woman's University,Softball,,Lone Star Conference,Active,
2024-25,2310149823,AUNDREA,THOMPSON,05/05/2025,05/05/2025,II,Arkansas Tech University,Softball,,Great American Conference,Active,
2024-25,2112398419,MIKAH,FLUELLEN,05/05/2025,05/05/2025,II,Claflin University,Softball,,Central Intercollegiate Athletic Association,Active,
2024-25,2303827712,SAIGE,PAYNE,05/05/2025,05/05/2025,II,Point Park University,Softball,,Mountain East Conference,Active,
2024-25,2208647774,JULIA,LAPP,05/05/2025,05/05/2025,II,Georgian Court University,Softball,,Central Atlantic Collegiate Conference,Active,
2024-25,2110351829,KAMRYN,WALKER,05/05/2025,05/05/2025,II,"University of Arkansas, Monticello",Softball,,Great American Conference,Active,
2024-25,2207621469,CHLOE,CORRAL,05/06/2025,05/06/2025,II,New Mexico Highlands University,Softball,,Rocky Mountain Athletic Conference,Active,
2024-25,2107269174,AVERY,LOWE,05/06/2025,05/06/2025,III,Guilford College,Softball,,Old Dominion Athletic Conf.,Active,
2024-25,2505593540,LINDSEY,DALENBERG,05/06/2025,05/06/2025,III,Wilson College,Softball,,United East Conference,Active,
2024-25,2304831159,REESE,HOLDEN,05/06/2025,05/06/2025,II,Shippensburg University of Pennsylvania,Softball,,Pennsylvania State Athletic Conference,Active,
2024-25,1911742831,LAUREN,LOPEZ,05/06/2025,05/06/2025,II,The University of Texas Permian Basin,Softball,,Lone Star Conference,Active,
2024-25,2210692131,HAILEE,BRUNS,05/06/2025,05/06/2025,II,University of Sioux Falls,Softball,,Northern Sun Intercollegiate Conference,Active,
2024-25,2305894367,NIA,BROWN,05/06/2025,05/06/2025,II,The University of Texas Permian Basin,Softball,,Lone Star Conference,Active,
2024-25,2212741810,JOIE,STEINKAMP,05/06/2025,05/06/2025,II,"California State University, Dominguez Hills",Softball,,California Collegiate Athletic Association,Active,
2024-25,1910720752,KATELYN,BALSTER,05/07/2025,05/07/2025,II,Southern Arkansas University,Softball,,Great American Conference,Active,
2024-25,1905581966,GRACE,MANGAN,05/06/2025,05/07/2025,II,Walsh University,Women's Basketball|Softball,,Great Midwest Athletic Conference|Great Midwest Athletic Conference,Active,
2024-25,2106185173,MARTHA,PARLIER,05/07/2025,05/07/2025,III,William Peace University,Softball,,USA South Athletic Conference,Active,
2024-25,2306927167,MANDY,HOBACK,05/06/2025,05/07/2025,III,Centenary College (Louisiana),Softball,,Southern Collegiate Athletic Conference,Active,
2024-25,2303807699,HALEY,MYERS,05/07/2025,05/07/2025,II,Ohio Dominican University,Softball,,Great Midwest Athletic Conference,Active,
2024-25,2107264777,MARY ELENA,RODRIGUES,05/06/2025,05/07/2025,III,Curry College,Softball,,Conference of New England,Active,
2024-25,2502520114,ASHLYN,NESS,02/26/2025,05/08/2025,III,Northland College,Softball,,Upper Midwest Athletic Conference,Active,
2024-25,2208641850,SOPHIE,MISLEVY,04/30/2025,05/08/2025,II,Union University,Softball,,Gulf South Conference,Active,
2024-25,2306919269,CHLOE,HECKMAN,05/08/2025,05/08/2025,III,Gwynedd Mercy University,Softball,,Atlantic East Conference,Active,
2024-25,2111372168,EMMA,CRAIG,04/23/2025,05/08/2025,II,Livingstone College,Softball,,Central Intercollegiate Athletic Association,Active,
2024-25,2203457661,REYA,ADKINS,05/08/2025,05/08/2025,II,Western New Mexico University,Softball,,Lone Star Conference,Active,
2024-25,2207623683,AVA,PLANETA,05/08/2025,05/08/2025,II,Eckerd College,Softball,,Sunshine State Conference,Active,
2024-25,2303823456,ABIGAIL,PERONA,02/24/2025,05/08/2025,III,Northland College,Softball,,Upper Midwest Athletic Conference,Active,
2024-25,2304886416,HAYLA,WOODY,02/26/2025,05/08/2025,III,Northland College,Softball,,Upper Midwest Athletic Conference,Active,
2024-25,2307960504,PEYTON,WHITEHEAD,05/02/2025,05/08/2025,II,University of Mary,Softball,,Northern Sun Intercollegiate Conference,Active,
2024-25,2208645821,ALIVIA,HOLDEN,05/08/2025,05/08/2025,II,"California State University, Dominguez Hills",Softball,,California Collegiate Athletic Association,Active,
2024-25,2211731456,KATELYNN,GRISSOM,05/05/2025,05/09/2025,II,Claflin University,Softball,,Central Intercollegiate Athletic Association,Withdrawn,
2024-25,2212747546,AVA,FAIRBANKS,05/09/2025,05/09/2025,III,Roger Williams University,Softball,,Conference of New England,Active,
2024-25,2208635661,PEYTON,ROBERGE,05/09/2025,05/09/2025,II,Montana State University Billings,Softball,,Great Northwest Athletic Conference,Active,
2024-25,2206580336,ASHLEY,ABEL,05/08/2025,05/09/2025,III,Lyon College,Softball,,St. Louis Intercollegiate Athletic Conference,Active,
2024-25,2305913428,RAQUEL,CAMUGLIA,05/09/2025,05/09/2025,II,Lander University,Softball,,Peach Belt Conference,Active,
2024-25,2303805002,PAIGE,STEWART,05/02/2025,05/09/2025,II,Thomas More University,Softball,,Great Midwest Athletic Conference,Active,
2024-25,1807229422,ALYSSA,GRIMES,05/10/2025,05/10/2025,II,Lander University,Softball,,Peach Belt Conference,Active,
2024-25,2401201568,CAITLIN,FRAMPTON,04/24/2025,05/10/2025,II,Lees-McRae College,Softball,,Conference Carolinas,Active,
2024-25,1906598207,SARAH,THOMPSON,05/10/2025,05/11/2025,II,Union University,Softball,,Gulf South Conference,Active,
2024-25,2401200218,NATALIE,GOMEZ,05/12/2025,05/12/2025,II,Lewis University,Softball,,Great Lakes Valley Conference,Active,
2024-25,1908648943,KAYLEE,HICKMAN,05/12/2025,05/12/2025,II,Western New Mexico University,Softball,,Lone Star Conference,Active,
2024-25,2310132081,KARISA,HAWKINS,05/12/2025,05/12/2025,II,"California State University, Monterey Bay",Softball,,California Collegiate Athletic Association,Active,
2024-25,2208648157,KYNDAL,GARNER,05/12/2025,05/12/2025,III,University of the Ozarks (Arkansas),Softball,,Southern Collegiate Athletic Conference,Active,
2024-25,2208631010,BRIGID,O'SULLIVAN,05/12/2025,05/12/2025,II,St. Thomas Aquinas College,Softball,,East Coast Conference,Active,
2024-25,2212740778,TIA,GEASE,05/12/2025,05/12/2025,II,Black Hills State University,Softball,,Rocky Mountain Athletic Conference,Active,
2024-25,2312186075,JULIA,ABBOTT,05/07/2025,05/12/2025,II,Thomas More University,Softball,,Great Midwest Athletic Conference,Active,
2024-25,2308995854,TESSA,TWEDT,05/12/2025,05/12/2025,II,Black Hills State University,Softball,,Rocky Mountain Athletic Conference,Active,
2024-25,2207601255,KERRIGAN,WONDER,05/12/2025,05/12/2025,II,Barton College,Softball,,Conference Carolinas,Active,
2024-25,2108290139,CYDNEY,DROUSIAS,05/12/2025,05/12/2025,II,Lewis University,Softball,,Great Lakes Valley Conference,Active,
2024-25,2401208115,CASSIDY,SULLIVAN,05/12/2025,05/12/2025,II,Southern Connecticut State University,Softball,,Northeast-10 Conference,Active,
2024-25,2209667360,MARISSA,VALENZUELA,05/12/2025,05/12/2025,II,Newberry College,Softball,,South Atlantic Conference,Active,
2024-25,2311160008,JASELYN,COUCH,05/13/2025,05/13/2025,III,LaGrange College,Softball,,Collegiate Conference of the South,Active,
2024-25,2407344686,OLIVIA,BELL,04/16/2025,05/13/2025,II,West Virginia State University,Softball,,Mountain East Conference,Withdrawn,
2024-25,2302775744,IZABELLA,CHAVEZ,05/13/2025,05/13/2025,II,"California State University, Dominguez Hills",Softball,,California Collegiate Athletic Association,Active,
2024-25,2108289952,KADENCE,BACCAM,05/13/2025,05/13/2025,II,Lewis University,Softball,,Great Lakes Valley Conference,Active,
2024-25,2109336779,SELINA,VICKERY,04/29/2025,05/13/2025,II,Anderson University (South Carolina),Softball,,South Atlantic Conference,Active,
2024-25,2505607140,SYDNEY,GARDNER,05/13/2025,05/13/2025,III,Crown College (Minnesota),Softball,,Upper Midwest Athletic Conference,Active,
2024-25,2208631150,GRACE,JENKINS,05/13/2025,05/13/2025,II,Southern New Hampshire University,Softball,,Northeast-10 Conference,Active,
2024-25,1906593301,ISABELLA,SLAPE,02/06/2025,05/13/2025,I,Monmouth University,Softball,,Coastal Athletic Association,Active,
2024-25,2009929252,TERESA,JUETT,05/13/2025,05/13/2025,I,Western Carolina University,Softball,,Southern Conference,Active,
2024-25,2308977241,KENDRA,STEINBERG,05/02/2025,05/13/2025,II,Thomas More University,Softball,,Great Midwest Athletic Conference,Active,
2024-25,2304860900,SOFIA,DZIUBA,05/13/2025,05/13/2025,II,Lewis University,Softball,,Great Lakes Valley Conference,Active,
2024-25,2505604878,REBECCA,CASTILLO,05/13/2025,05/13/2025,III,Howard Payne University,Softball,,American Southwest Conference,Active,
2024-25,2505604725,MADILYN,CERAMI,05/13/2025,05/13/2025,III,Moravian University,Softball,,Landmark Conference,Active,
2024-25,2206579688,EBONY,GARZA,05/14/2025,05/14/2025,II,Texas A&M International University,Softball,,Lone Star Conference,Active,
2024-25,2009933264,ALISHA,LANYON,05/14/2025,05/14/2025,II,Nova Southeastern University,Softball,,Sunshine State Conference,Active,
2024-25,2110342991,NATALIE,RECTOR,05/14/2025,05/14/2025,II,Southern Arkansas University,Softball,,Great American Conference,Active,
2024-25,2311155385,ALEXIA,LOZANO,05/14/2025,05/14/2025,II,Menlo College,Softball,,Pacific West Conference,Active,
2024-25,2108300325,PEYTON,PECK,05/12/2025,05/14/2025,I,Northwestern State University,Softball,,Southland Conference,Active,
2024-25,1908666408,ANASTACIA,ARMIJO,05/14/2025,05/14/2025,II,Western New Mexico University,Softball,,Lone Star Conference,Active,
2023-24,2109315883,MOLLY,SKELLY,05/06/2024,05/14/2025,II,Goldey-Beacom College,Softball,,Central Atlantic Collegiate Conference,Matriculated,
2024-25,2109315883,MOLLY,SKELLY,05/14/2025,05/14/2025,III,"Rutgers, The State Univ. of New Jersey, Camden",Softball,,New Jersey Athletic Conference,Active,
2023-24,2306945485,SAMANTHA,SCHOLTZ,05/27/2024,05/15/2025,I,University of Dayton,Softball,,Atlantic 10 Conference,Signed,
2024-25,2311155285,DESTANEE,PEREZ,05/15/2025,05/15/2025,II,Menlo College,Softball,,Pacific West Conference,Active,
2024-25,2009917151,ALEXIS,HOLLOWAY,05/15/2025,05/15/2025,II,St. Edward's University,Softball,,Lone Star Conference,Active,
2024-25,2202444242,ANN,WATKINS,05/13/2025,05/15/2025,III,Vermont State University Lyndon,Softball,,North Atlantic Conference,Active,
2024-25,2403235816,EVA,VIOX,05/15/2025,05/15/2025,II,Truman State University,Softball,,Great Lakes Valley Conference,Active,
2024-25,2011955553,GRACE,MCDONALD,05/15/2025,05/15/2025,I,Northwestern State University,Softball,,Southland Conference,Active,
2024-25,2205559032,BRYNLIE,DUNKIN,05/14/2025,05/15/2025,II,Texas Woman's University,Softball,,Lone Star Conference,Active,
2024-25,2111371224,ANYSTEN,METCALF,05/15/2025,05/15/2025,II,Lee University,Softball,,Gulf South Conference,Active,
2024-25,2207627276,SHANNON,TIERNEY,05/16/2025,05/16/2025,II,San Francisco State University,Softball,,California Collegiate Athletic Association,Active,
2024-25,2310141214,AVA,BLOYD,05/16/2025,05/16/2025,II,Washburn University,Softball,,Mid-America Intercollegiate Athletics Association,Active,
2024-25,2209663331,ISABEL,TELLEZ,05/16/2025,05/16/2025,II,San Francisco State University,Softball,,California Collegiate Athletic Association,Active,
2024-25,1906590078,GRACE,GALLAGHER,05/16/2025,05/16/2025,II,Washburn University,Softball,,Mid-America Intercollegiate Athletics Association,Active,
2024-25,2401192286,XOCHITL,ATAYDE GUERRERO,05/16/2025,05/16/2025,II,San Francisco State University,Softball,,California Collegiate Athletic Association,Active,
2024-25,2110358149,PAIGE,WHITTINGTON,04/23/2025,05/16/2025,II,Bluefield State University,Softball,,Central Intercollegiate Athletic Association,Withdrawn,
2024-25,2504562873,AVA,THYS,04/10/2025,05/16/2025,III,State University of New York at Oneonta,Softball,,State University of New York Athletic Conference,Active,
2024-25,2110352712,SIARRA,SILVA,05/16/2025,05/16/2025,II,Bowie State University,Softball,,Central Intercollegiate Athletic Association,Active,
2024-25,1904563857,SAMANTHA,GACA,05/16/2025,05/16/2025,II,Maryville University of Saint Louis,Softball,,Great Lakes Valley Conference,Active,
2024-25,2208646405,ALISSANDRA,TOBAR,05/15/2025,05/16/2025,III,Austin College,Softball,,Southern Collegiate Athletic Conference,Active,
2024-25,2010951020,LAUREN,DE LA CRUZ,05/15/2025,05/16/2025,II,Angelo State University,Softball,,Lone Star Conference,Active,
2024-25,2311166403,MIKAYLAH,CHIMARA,04/23/2025,05/16/2025,II,Bluefield State University,Softball,,Central Intercollegiate Athletic Association,Withdrawn,
2024-25,2210688780,KYLIE,PYTLAK,05/16/2025,05/16/2025,II,Frostburg State University,Softball,,Mountain East Conference,Active,
2024-25,2111370397,ZOEY,DICKSON,05/16/2025,05/16/2025,II,Missouri Western State University,Softball,,Mid-America Intercollegiate Athletics Association,Active,
2024-25,2107236167,GABRIELA,FARRIS,05/17/2025,05/17/2025,I,Canisius University,Softball,,Metro Atlantic Athletic Conference,Active,
2024-25,2110346520,NATALYA,KNOTH,05/16/2025,05/17/2025,II,College of Staten Island,Softball,,East Coast Conference,Active,
2024-25,1905565570,HALEY,VENTURINI,05/12/2025,05/17/2025,I,Hofstra University,Softball,,Coastal Athletic Association,Active,
2024-25,2009925871,AVERY,KING,05/08/2025,05/17/2025,II,Cameron University,Softball,,Lone Star Conference,Active,
2024-25,2207603021,SANAI,SMITH,05/18/2025,05/18/2025,I,"California State University, Bakersfield",Softball,,Big West Conference,Active,
2023-24,2012976608,CADAN,BRINKMAN,05/23/2024,05/18/2025,I,Wofford College,Softball,,Southern Conference,Matriculated,
2024-25,2404276910,ADDISON,HAUCK,05/18/2025,05/18/2025,II,Drury University,Softball,,Great Lakes Valley Conference,Active,
2024-25,2012981621,TAYLOR,CHUMBLEY,05/18/2025,05/18/2025,I,Appalachian State University,Softball,,Sun Belt Conference,Active,
2024-25,2209666994,BROOKLYNN,POULLARD,05/18/2025,05/18/2025,I,Grambling State University,Softball,,Southwestern Athletic Conf.,Active,
2024-25,2303799677,SCARLETT,MCEWEN,05/18/2025,05/18/2025,I,Portland State University,Softball,,Big Sky Conference,Active,
2024-25,1811360988,RILEY,GILMORE,05/18/2025,05/18/2025,I,The University of North Carolina at Charlotte,Softball,Yes - Softball,American Athletic Conference,Active,
2024-25,1909687503,SEJAL,NEAS,05/18/2025,05/18/2025,I,Appalachian State University,Softball,,Sun Belt Conference,Active,
2024-25,2108296408,HANNAH,FORBES,05/18/2025,05/18/2025,I,Appalachian State University,Softball,,Sun Belt Conference,Active,
2024-25,2103123978,KAYTLIN,STACEY,05/18/2025,05/18/2025,I,College of Charleston (South Carolina),Softball,,Coastal Athletic Association,Active,
2024-25,2209665061,KATY,SANDERS,05/18/2025,05/18/2025,I,Nicholls State University,Softball,,Southland Conference,Active,
2024-25,2409397714,LYNDSEY,BRANDOW,05/18/2025,05/18/2025,I,Bryant University,Softball,,America East Conference,Active,
2024-25,2212745196,ASHLEY,LONG,05/18/2025,05/18/2025,I,University of Nebraska at Omaha,Softball,,The Summit League,Active,
2023-24,2108302121,KAYLIN,GARLICK,05/21/2024,05/19/2025,I,The University of North Carolina at Charlotte,Softball,,American Athletic Conference,Matriculated,
2024-25,2210701428,LAUREN,CHAPPELL,05/19/2025,05/19/2025,I,"Southern University, Baton Rouge",Softball,,Southwestern Athletic Conf.,Active,
2024-25,2306919493,NEVAEH,ROSS,05/19/2025,05/19/2025,I,Le Moyne College,Softball,,Northeast Conference,Active,
2024-25,2404259916,SARAH,HURLEY,05/18/2025,05/19/2025,I,"University of California, Riverside",Softball,,Big West Conference,Active,
2024-25,2108287108,LULA,SASSANO,05/19/2025,05/19/2025,II,Missouri University of Science and Technology,Softball,,Great Lakes Valley Conference,Active,
2024-25,2001771016,KRISTY,REGALADO,05/19/2025,05/19/2025,II,Georgian Court University,Softball,,Central Atlantic Collegiate Conference,Active,
2024-25,2210703922,REESE,RAY,05/19/2025,05/19/2025,I,Southern Illinois University Edwardsville,Softball,,Ohio Valley Conference,Active,
2023-24,1810332541,TAYLOR,NICHOLSON,05/22/2024,05/19/2025,I,Georgia State University,Softball,,Sun Belt Conference,Matriculated,
2024-25,2004845081,KYLA,CAMPBELL,05/19/2025,05/19/2025,III,Grove City College,Softball|Women's Volleyball,,Presidents' Athletic Conference|Presidents' Athletic Conference,Active,
2024-25,2412476321,KAYLIN,FINCHER,05/19/2025,05/19/2025,II,Spring Hill College,Softball,,Southern Intercol. Ath. Conf.,Active,
2024-25,2208654893,AMELIA,MORALES,05/19/2025,05/19/2025,II,"California State University, East Bay",Softball,,California Collegiate Athletic Association,Active,
2024-25,2211718845,ALEXIAH,STRUBLE,05/19/2025,05/19/2025,II,Tiffin University,Softball,,Great Midwest Athletic Conference,Active,
2024-25,2110339704,KAILEY,CANUPP,05/19/2025,05/19/2025,I,University of South Carolina Upstate,Softball,,Big South Conference,Active,
2024-25,2001774449,CHELSEA,WEATHERFORD,05/19/2025,05/19/2025,I,Western Michigan University,Softball,,Mid-American Conference,Active,
2024-25,2103120606,ALLIE,KIRKPATRICK,05/18/2025,05/19/2025,I,"University of California, Riverside",Softball,Yes - Softball,Big West Conference,Active,
2024-25,2109311410,GENEVIEVE,CHIELLINI,05/19/2025,05/19/2025,I,Bellarmine University,Softball,,Atlantic Sun Conference,Active,
2024-25,2311155108,VICTORIA,RECENDEZ,05/19/2025,05/19/2025,I,Morgan State University,Softball,,Mid-Eastern Athletic Conf.,Active,
2024-25,2211729679,KAYLIN,REEVES,05/19/2025,05/19/2025,I,University of Tennessee at Martin,Softball,,Ohio Valley Conference,Active,
2024-25,2204522839,REAGAN,WHEATLEY,05/18/2025,05/19/2025,I,Norfolk State University,Softball,,Mid-Eastern Athletic Conf.,Active,
2024-25,2108298237,LACI,SWIFT,05/19/2025,05/19/2025,II,Colorado State University Pueblo,Softball,,Rocky Mountain Athletic Conference,Active,
2024-25,2102107061,MEGHAN,KERNEA,05/18/2025,05/19/2025,I,University of Tennessee at Chattanooga,Softball,,Southern Conference,Active,
2024-25,2408384304,BROOKLYN,PORTER,05/18/2025,05/19/2025,I,"University of California, Riverside",Softball,Yes - Softball,Big West Conference,Active,
2024-25,2311157462,TAYLEE,HUNT,05/19/2025,05/19/2025,II,Northwest Nazarene University,Softball,,Great Northwest Athletic Conference,Active,
2024-25,2201420934,SKYLAR,SMITH,05/18/2025,05/19/2025,I,Purdue University Fort Wayne,Softball,Yes - Softball,Horizon League,Active,
2024-25,1705803019,ZAHRIA,JONES,05/18/2025,05/19/2025,I,Alabama A&M University,Softball,,Southwestern Athletic Conf.,Active,
2024-25,1807240919,MAKALA,STRICKLAND,05/19/2025,05/19/2025,I,Queens University of Charlotte,Softball,,Atlantic Sun Conference,Active,
2024-25,2304840816,ALEXIS,TANGUMA,05/19/2025,05/19/2025,II,Washburn University,Softball,,Mid-America Intercollegiate Athletics Association,Active,
2024-25,2108302121,KAYLIN,GARLICK,05/19/2025,05/19/2025,I,Queens University of Charlotte,Softball,,Atlantic Sun Conference,Active,
2024-25,2207609319,SHELBY,BUFFINGTON,05/19/2025,05/19/2025,I,University of North Texas,Softball,,American Athletic Conference,Active,
2023-24,2201407449,NEVAEH,TERRELL,05/20/2024,05/19/2025,I,University of Maryland Eastern Shore,Softball,Yes - Softball,Mid-Eastern Athletic Conf.,Matriculated,
2024-25,2412480512,BROOKE,LEBOEUF,05/19/2025,05/19/2025,I,"Southern University, Baton Rouge",Softball,,Southwestern Athletic Conf.,Active,
2024-25,2008904697,ELIZA,HUNT,05/19/2025,05/19/2025,III,Shenandoah University,Softball,,Old Dominion Athletic Conf.,Active,
2024-25,2110354311,ALEX,KIEMEYER,05/19/2025,05/19/2025,I,Indiana University Indianapolis,Softball,,Horizon League,Active,
2024-25,2105168020,MAKYIA,TAYLOR,05/19/2025,05/19/2025,I,"Southern University, Baton Rouge",Softball,,Southwestern Athletic Conf.,Active,
2024-25,2010933540,CAMERON,TIMMONS,05/20/2025,05/20/2025,II,Harding University,Softball,,Great American Conference,Active,
2024-25,2403241268,TAYLOR,JEFFERSON,05/20/2025,05/20/2025,I,"Southern University, Baton Rouge",Softball,,Southwestern Athletic Conf.,Active,
2024-25,2010935065,LAURYN,PEPPERS,04/25/2025,05/20/2025,I,Florida A&M University,Softball,,Southwestern Athletic Conf.,Active,
2024-25,2103138268,ELLA,WRIGHT,12/02/2024,05/20/2025,I,Louisiana Tech University,Softball,,Conference USA,Matriculated,
2024-25,2310141497,AVERY,WENDE,05/20/2025,05/20/2025,II,Washburn University,Softball,,Mid-America Intercollegiate Athletics Association,Active,
2024-25,2208654432,KARSON,CUOZZO,05/20/2025,05/20/2025,II,Francis Marion University,Softball,,Conference Carolinas,Active,
2024-25,2106189197,CAROLINE,FIGUEROA,04/30/2025,05/20/2025,II,Barry University,Softball,,Sunshine State Conference,Withdrawn,
2024-25,2306936859,CLAIRE,STILLWELL,05/19/2025,05/20/2025,I,Indiana University Indianapolis,Softball,,Horizon League,Active,
2024-25,2310145609,LEXIE,ONYETT,04/29/2025,05/20/2025,II,Kentucky Wesleyan College,Softball,,Great Midwest Athletic Conference,Active,
2024-25,2311155503,CEARA,SWANSON,05/05/2025,05/20/2025,II,Rockhurst University,Softball,,Great Lakes Valley Conference,Active,
2024-25,2206590664,BROOKLYN,URY,05/20/2025,05/20/2025,II,"California State University, San Marcos",Softball,,California Collegiate Athletic Association,Active,
2024-25,2107250450,ELLE,NELSEN,05/20/2025,05/20/2025,I,Missouri State University,Softball,,Missouri Valley Conference,Active,
2024-25,2106197886,KALLIE,EARLINGTON,05/20/2025,05/20/2025,I,Bethune-Cookman University,Softball,,Southwestern Athletic Conf.,Active,
2024-25,2209657135,TAYLOR,MYDLARZ,04/30/2025,05/20/2025,II,Ursuline College,Softball,,Great Midwest Athletic Conference,Active,
2024-25,2405316344,ISELA,VILLARREAL,05/20/2025,05/20/2025,II,San Francisco State University,Softball,,California Collegiate Athletic Association,Active,
2024-25,2504560082,KIARA,COY,04/07/2025,05/20/2025,III,St. Joseph's University NY (Brooklyn),Softball,,Skyline Conference,Active,
2024-25,2109321237,GEORGIA,POLYDOROS,05/19/2025,05/20/2025,I,University of Louisiana Monroe,Softball,,Sun Belt Conference,Active,
2024-25,2108300971,MIKAYLAH,JONES,05/19/2025,05/20/2025,III,Lesley University,Softball,,North Atlantic Conference,Active,
2024-25,2210693403,GRACEN,HINSON,05/18/2025,05/20/2025,I,East Tennessee State University,Softball,,Southern Conference,Active,
2024-25,2012972837,ALEXANDRA,FRENZA,05/20/2025,05/20/2025,II,College of Staten Island,Softball,,East Coast Conference,Active,
2024-25,2210687729,DANIELLE,BELLIVEAU,05/20/2025,05/20/2025,II,Franklin Pierce University,Softball,,Northeast-10 Conference,Active,
2024-25,2308994637,LAINEE,BALLIN,05/20/2025,05/20/2025,I,Stephen F. Austin State University,Softball,Yes - Softball,Southland Conference,Active,
2024-25,2110344706,MIKAYLA,JANKOVIC,05/19/2025,05/20/2025,I,University of Pittsburgh,Softball,,Atlantic Coast Conference,Active,
2024-25,2211710755,KAYLIE,NOELL,05/20/2025,05/20/2025,I,Delaware State University,Softball,,Mid-Eastern Athletic Conf.,Active,
2024-25,1809301716,SERYNA,ESPARZA,05/20/2025,05/20/2025,I,Coppin State University,Softball,,Mid-Eastern Athletic Conf.,Active,
2024-25,2303803397,RILEY,GIBSON,05/20/2025,05/20/2025,I,University of South Carolina Upstate,Softball,,Big South Conference,Active,
2024-25,2201422481,JESSICA,MUNIZ,05/19/2025,05/20/2025,I,Seton Hall University,Softball,,Big East Conference,Active,
2024-25,2212736300,PAYTON,COLBERT,05/20/2025,05/20/2025,II,Belmont Abbey College,Softball,,Conference Carolinas,Active,
2024-25,1902414796,PAIGE,BELL,05/20/2025,05/20/2025,II,College of Staten Island,Softball,,East Coast Conference,Active,
2024-25,2001784218,ASHLEY,BLAYLOCK,05/20/2025,05/20/2025,III,Howard Payne University,Softball,,American Southwest Conference,Active,
2024-25,2307969083,GABRIELLE,PARR,05/20/2025,05/20/2025,I,"Southern University, Baton Rouge",Softball,,Southwestern Athletic Conf.,Active,
2024-25,2103122190,FAITH,LEMONDS,04/23/2025,05/20/2025,II,Upper Iowa University,Softball,,Great Lakes Valley Conference,Active,
2024-25,2405304038,ELIZABETH,STIVERSON,05/18/2025,05/20/2025,I,University of Illinois Urbana-Champaign,Softball,,Big Ten Conference,Active,
2024-25,2110352143,LAINEE,BAILEY,05/20/2025,05/20/2025,I,Southeastern Louisiana University,Softball,,Southland Conference,Active,
2024-25,2505615190,MIA,VANDERHEIDE,05/21/2025,05/21/2025,III,Hope College,Softball,,Michigan Intercollegiate Athletic Association,Active,
2024-25,2007889285,JILLIAN,JONES,04/08/2025,05/21/2025,II,The University of Virginia's College at Wise,Softball,,South Atlantic Conference,Active,
2024-25,1912756540,SAVANNAH,LOCKHART,05/18/2025,05/21/2025,I,College of Charleston (South Carolina),Softball,,Coastal Athletic Association,Active,
2024-25,2102107955,COLLEEN,KULIVAN,05/20/2025,05/21/2025,I,Southeastern Louisiana University,Softball,,Southland Conference,Withdrawn,
2024-25,1909675209,CHESNEE,FAILE,05/18/2025,05/21/2025,I,Sam Houston State University,Softball,,Conference USA,Active,
2024-25,2212738251,AVA,DOVER,03/06/2025,05/21/2025,II,Mississippi College,Softball,,Gulf South Conference,Active,
2024-25,2210699414,JOSEPHINE,MEYER,05/18/2025,05/21/2025,I,Lindenwood University,Softball,,Ohio Valley Conference,Active,
2024-25,2206574055,JANELLE,MARTINEZ,05/18/2025,05/21/2025,I,Florida International University,Softball,Yes - Softball,Conference USA,Active,
2024-25,2106230111,ALEXANDRA,POLE,05/19/2025,05/21/2025,I,University of North Dakota,Softball,,The Summit League,Active,
2024-25,2210702099,CARLEENA,CRAMER,05/02/2025,05/21/2025,II,Thomas More University,Softball,,Great Midwest Athletic Conference,Active,
2024-25,2309118058,TAYLOR,MORGAN,05/18/2025,05/21/2025,I,University of New Mexico,Softball,,Mountain West Conference,Active,
2024-25,2201414153,HAILEY,SCATURRO,05/21/2025,05/21/2025,II,Saint Anselm College,Softball,,Northeast-10 Conference,Active,
2024-25,2308998043,MCKENZYE,BOBLITT,05/21/2025,05/21/2025,II,Metropolitan State University of Denver,Softball,,Rocky Mountain Athletic Conference,Active,
2024-25,2209662726,CAITLIN,ESTEVES,05/20/2025,05/21/2025,I,University of Pittsburgh,Softball,,Atlantic Coast Conference,Active,
2024-25,2006869138,PIPER,TAGO,05/21/2025,05/21/2025,I,Idaho State University,Softball,,Big Sky Conference,Active,
2024-25,2308973658,ALYSSA,FRY,05/21/2025,05/21/2025,I,Indiana University Indianapolis,Softball,,Horizon League,Active,
2024-25,2505588369,RILEY,MURRISH,05/05/2025,05/22/2025,III,Guilford College,Softball,,Old Dominion Athletic Conf.,Withdrawn,
2024-25,2202431797,MAKENNA,KING,05/20/2025,05/22/2025,I,South Carolina State University,Softball,,Mid-Eastern Athletic Conf.,Active,
2024-25,2207626742,SELBY,PATBERG,05/21/2025,05/22/2025,I,Southeast Missouri State University,Softball,,Ohio Valley Conference,Active,
2024-25,2312182227,GABRIELLA,BONILLA,05/20/2025,05/22/2025,I,South Carolina State University,Softball,,Mid-Eastern Athletic Conf.,Active,
2024-25,2202441369,MADISON,CAMPEAU,05/18/2025,05/22/2025,I,Iona University,Softball,,Metro Atlantic Athletic Conference,Active,
2024-25,2108297531,BREIANA,BONKAVICH,05/20/2025,05/22/2025,I,University of Montana,Softball,,Big Sky Conference,Active,
2024-25,2111376041,COURTNEY,HENNEN,05/22/2025,05/22/2025,II,Northern State University,Softball,,Northern Sun Intercollegiate Conference,Active,
2024-25,2406338804,PEYTON,JOHNSON,05/07/2025,05/22/2025,II,Cameron University,Softball,,Lone Star Conference,Active,
2024-25,2407369411,JAELYNN,HUERTA,05/07/2025,05/22/2025,II,Cameron University,Softball,,Lone Star Conference,Active,
2024-25,2301751091,RYLEE,HRBACEK,05/06/2025,05/22/2025,II,Cameron University,Softball,,Lone Star Conference,Active,
2024-25,2501484332,MELAINA,HEATON,05/22/2025,05/22/2025,II,Rogers State University,Softball,,Mid-America Intercollegiate Athletics Association,Active,
2024-25,2306923136,CARLIE,DANOVICH,05/22/2025,05/22/2025,II,"California State University, Monterey Bay",Softball,,California Collegiate Athletic Association,Active,
2024-25,2211713800,KURSTYN,PATNODE,05/21/2025,05/23/2025,II,"Minnesota State University, Mankato",Softball,,Northern Sun Intercollegiate Conference,Active,
2024-25,1807241145,LINZIE,WILSON,05/18/2025,05/23/2025,I,Alabama A&M University,Softball,,Southwestern Athletic Conf.,Active,
2024-25,2201415666,KI,DAVIS,05/18/2025,05/23/2025,I,Alabama A&M University,Softball,,Southwestern Athletic Conf.,Active,
2024-25,2006880104,LOGAN,COLE,05/23/2025,05/23/2025,I,University of Arizona,Softball,,Big 12 Conference,Active,
2024-25,2308988430,KAILEY,HARIDN,05/18/2025,05/23/2025,I,Alabama A&M University,Softball,,Southwestern Athletic Conf.,Active,
2024-25,2505615176,ABIGALE,DEROCK,05/22/2025,05/23/2025,III,Keuka College,Softball,,Empire 8,Active,
2024-25,1906599535,SYDNEY,MILLER,05/18/2025,05/23/2025,I,Ball State University,Softball,,Mid-American Conference,Active,
2024-25,2012977866,SOFIA,GONZALEZ,05/23/2025,05/23/2025,I,Jackson State University,Softball,,Southwestern Athletic Conf.,Active,
2024-25,2301771353,LOGAN,KELLEY,05/19/2025,05/23/2025,I,Drake University,Softball,,Missouri Valley Conference,Active,
2024-25,2201409839,AVERY,EVANS,05/23/2025,05/23/2025,I,North Carolina A&T State University,Softball,Yes - Softball,Coastal Athletic Association,Active,
2023-24,2102117966,KAYLA,LEE,05/19/2024,05/23/2025,I,"University of North Carolina, Chapel Hill",Softball,,Atlantic Coast Conference,Withdrawn,
2024-25,2407352221,BRIANNA,LACHERMEIER,05/18/2025,05/23/2025,I,University of Montana,Softball,,Big Sky Conference,Active,
2024-25,2009914027,HANNAH,WILLIAMS,05/06/2025,05/23/2025,II,Cameron University,Softball,,Lone Star Conference,Active,
2024-25,1808262019,GABRIELLE,COFFEY,05/23/2025,05/23/2025,I,Stephen F. Austin State University,Softball,,Southland Conference,Active,
2024-25,2205557293,ALANNAH,NAUMANN,05/14/2025,05/23/2025,II,University of Sioux Falls,Softball,,Northern Sun Intercollegiate Conference,Active,
2024-25,2108294962,BROOKE,LICKEY,05/23/2025,05/24/2025,I,Purdue University Fort Wayne,Softball,Yes - Softball,Horizon League,Active,
2024-25,2009916229,KENNEDY,PECKINPAUGH,05/23/2025,05/24/2025,I,Purdue University Fort Wayne,Softball,Yes - Softball,Horizon League,Active,
2024-25,2111367552,ZY'AVA,LANE,05/24/2025,05/24/2025,I,"University of Arkansas, Pine Bluff",Softball,,Southwestern Athletic Conf.,Active,
2024-25,2208649851,MACKENZIE,ARROYO,05/23/2025,05/24/2025,I,Purdue University Fort Wayne,Softball,Yes - Softball,Horizon League,Active,
2024-25,2002797280,FAITH,MCCLAIN,05/23/2025,05/24/2025,I,Purdue University Fort Wayne,Softball,Yes - Softball,Horizon League,Active,
2024-25,2105165523,VICTORIA,COUNTRYMAN,05/23/2025,05/24/2025,I,Purdue University Fort Wayne,Softball,Yes - Softball,Horizon League,Active,
2024-25,2009917363,MCKENNA,MINTON,05/23/2025,05/24/2025,I,Purdue University Fort Wayne,Softball,Yes - Softball,Horizon League,Active,
2024-25,2204546859,RYLAN,GICK,04/28/2025,05/24/2025,II,Purdue University Northwest,Softball,,Great Lakes Intercollegiate Athletic Conference,Active,
2024-25,2109318338,ALYSSA,HERRERA,05/22/2025,05/26/2025,I,"University of California, Berkeley",Softball,,Atlantic Coast Conference,Withdrawn,
2024-25,2406328261,NEELIE,REED,05/26/2025,05/26/2025,I,Delaware State University,Softball,,Mid-Eastern Athletic Conf.,Active,
2024-25,2305911694,SAMANTHA RODRIGUEZ,RODRIGUEZ,05/27/2025,05/27/2025,II,The University of Texas Permian Basin,Softball,,Lone Star Conference,Active,
2024-25,1708865107,JADEYN,RUSZKOWSKI,05/27/2025,05/27/2025,I,Clemson University,Softball,,Atlantic Coast Conference,Active,
2024-25,2211723599,EMILY,MADRIGAL,05/28/2025,05/28/2025,II,San Francisco State University,Softball,,California Collegiate Athletic Association,Active,
2024-25,2206578258,DEVYN,CARLSON,05/28/2025,05/28/2025,I,Delaware State University,Softball,,Mid-Eastern Athletic Conf.,Active,
2024-25,2207622166,MATTILYNN,PETERS,05/28/2025,05/28/2025,II,Missouri Western State University,Softball,,Mid-America Intercollegiate Athletics Association,Active,
2024-25,2505619459,EMMA,STEIBEL,05/28/2025,05/28/2025,III,Blackburn College,Softball,,St. Louis Intercollegiate Athletic Conference,Active,
2024-25,2112393178,LIANA,GONZALEZ,05/28/2025,05/28/2025,II,San Francisco State University,Softball,,California Collegiate Athletic Association,Active,
2024-25,2212743351,REAGAN,LOCKE,05/28/2025,05/28/2025,II,Trevecca Nazarene University,Softball,,Gulf South Conference,Active,
2024-25,2106233160,ODHI,VASQUEZ,05/19/2025,05/29/2025,I,Saint Mary's College of California,Softball,,West Coast Conference,Withdrawn,
2024-25,2105179842,RILEY,VALENTINE,05/29/2025,05/29/2025,I,University of Alabama,Softball,,Southeastern Conference,Active,
2024-25,2102116523,KENNEDY,STRAUSHEIM,05/30/2025,05/30/2025,II,Adams State University,Softball,,Rocky Mountain Athletic Conference,Active,
2024-25,2505620980,LEAH,CHLADNY,05/30/2025,05/30/2025,III,Moravian University,Softball,,Landmark Conference,Active,
2024-25,2306945719,ARIANNA,ROUDABUSH,05/30/2025,05/30/2025,II,Coker University,Softball,,South Atlantic Conference,Active,
2024-25,2505620908,HONESTY,OWENS,05/30/2025,05/30/2025,III,Moravian University,Softball,,Landmark Conference,Withdrawn,
2024-25,2206589097,TAYLOR,WOOD,05/31/2025,05/31/2025,II,Missouri Western State University,"Softball|Women's Track, Indoor|Women's Track, Outdoor",,Mid-America Intercollegiate Athletics Association|Mid-America Intercollegiate Athletics Association|Mid-America Intercollegiate Athletics Association,Active,
2024-25,2207612980,GABRIELLE,MITCHELL,06/02/2025,06/02/2025,I,Southeastern Louisiana University,Softball,,Southland Conference,Active,
2024-25,2411458309,AVERY,TOTH,06/02/2025,06/02/2025,II,Nova Southeastern University,Softball,,Sunshine State Conference,Active,
2024-25,1710934701,AVERY,MERCER,06/03/2025,06/03/2025,II,Southern Wesleyan University,Softball,,Conference Carolinas,Active,
2024-25,2109313004,JORDAN,LUCAS,05/08/2025,06/03/2025,I,St. Bonaventure University,Softball,,Atlantic 10 Conference,Active,
2024-25,2302778627,CALI,PERILLO,06/03/2025,06/03/2025,II,University of Tampa,Softball,,Sunshine State Conference,Active,
2024-25,2110342421,JESSICA,JONES,06/04/2025,06/04/2025,III,Southern Virginia University,Softball,,USA South Athletic Conference,Active,
2024-25,2212741571,RYLEE,HENDERSON,06/04/2025,06/04/2025,I,North Dakota State University,Softball,,The Summit League,Active,
2024-25,2308987762,ANNIKA,HOLLINGSWORTH,05/15/2025,06/05/2025,I,California Baptist University,Softball,,Western Athletic Conference,Withdrawn,
2024-25,2102109066,AVELI,GONZALEZ,06/05/2025,06/05/2025,II,Northwestern Oklahoma State University,Softball,,Great American Conference,Active,
2024-25,2212736800,JASYL,WITHERS,05/16/2025,06/05/2025,II,Ferris State University,Softball,,Great Lakes Intercollegiate Athletic Conference,Withdrawn,
2024-25,1807227699,JACELYN,KEPAA,06/10/2025,06/10/2025,I,Grand Canyon University,Softball,,Western Athletic Conference,Active,
2024-25,2106189987,ISABELLA,WELLBAUM,05/19/2025,06/10/2025,I,California Baptist University,Softball,,Western Athletic Conference,Withdrawn,
2024-25,2310127874,LAURA LEIGH,WHEELER,06/02/2025,06/10/2025,I,University of North Alabama,Softball,,Atlantic Sun Conference,Withdrawn,
2024-25,2005864855,CHARLOTTE,FORNISS,06/13/2025,06/13/2025,II,Northwest Nazarene University,Softball,,Great Northwest Athletic Conference,Active,
2024-25,2207616032,ERIN,SMITH,06/13/2025,06/13/2025,III,DePauw University,Softball,,North Coast Athletic Conference,Active,
2024-25,2201408937,MORGAN,PASTERNAK,05/18/2025,06/14/2025,I,Saint Francis University,Softball,,Northeast Conference,Withdrawn,
2024-25,2307952802,KEIVANA,DURAND,06/15/2025,06/15/2025,II,Edward Waters University,Softball,,Southern Intercol. Ath. Conf.,Active,
2024-25,1908664517,ELIZABETH,MOFFITT,05/22/2025,06/16/2025,I,University of North Texas,Softball,,American Athletic Conference,Withdrawn,
2024-25,2011967290,MAKAYLA JORDAN,PAGAMPAO,05/22/2025,06/16/2025,II,Hawaii Pacific University,Softball,,Pacific West Conference,Withdrawn,
2024-25,2207612977,OLIVIA,OTT,06/16/2025,06/16/2025,II,University of Sioux Falls,Softball,,Northern Sun Intercollegiate Conference,Active,
2024-25,2107279028,CHARITY,BIBBS,06/16/2025,06/16/2025,I,Alabama A&M University,Softball,,Southwestern Athletic Conf.,Active,
2024-25,1812383536,ISABELL,ALLEY,06/12/2025,06/17/2025,I,College of Charleston (South Carolina),Softball,,Coastal Athletic Association,Withdrawn,
2024-25,2211727158,ISABELLE,POORTENGA,06/17/2025,06/17/2025,II,Lewis University,Softball,,Great Lakes Valley Conference,Active,
2024-25,2210686587,ANNECA,ANDERSON,05/20/2025,06/17/2025,I,University of North Texas,Softball,,American Athletic Conference,Withdrawn,
2023-24,2208645708,TIARA,WESTBROOK,05/20/2024,06/17/2025,I,Oregon State University,Softball,,Pac-12 Conference,Matriculated,
2024-25,2108293374,SIANNI,SAKAI,06/14/2025,06/17/2025,I,University of Utah,Softball,,Big 12 Conference,Withdrawn,
2024-25,2210702123,HILARY,PILLARO,06/18/2025,06/18/2025,III,Belhaven University,Softball,,Collegiate Conference of the South,Active,
2024-25,2311158442,LYDIA,WELDON,05/07/2025,06/19/2025,II,Newman University,Softball,,Mid-America Intercollegiate Athletics Association,Withdrawn,
2024-25,1904479813,ELLE,JARRETT,06/03/2025,06/20/2025,I,University of Evansville,Softball,,Missouri Valley Conference,Withdrawn,
2024-25,2309115147,LORRAINE,CLOUTIER,01/31/2025,06/23/2025,III,University of Saint Joseph (Connecticut),Softball,,Great Northeast Athletic Conference,Matriculated,
2024-25,2109329776,MACKENZIE,KILA,06/17/2025,06/23/2025,I,"California State University, Northridge",Softball,,Big West Conference,Withdrawn,
2024-25,2209666180,LILLIAN,BUCKLEY,05/27/2025,06/23/2025,I,Tennessee State University,Softball,,Ohio Valley Conference,Active,
2024-25,2209680221,MCKENZIE,OSLANZI,05/21/2025,06/24/2025,I,Eastern Illinois University,Softball,,Ohio Valley Conference,Matriculated,
2024-25,1912768181,CARLY,SLEEMAN,05/19/2025,06/24/2025,I,Central Michigan University,Softball,,Mid-American Conference,Matriculated,
2024-25,2111366561,NICOLE,BODE,06/13/2025,06/24/2025,I,University of Evansville,Softball,,Missouri Valley Conference,Withdrawn,
2024-25,2301761984,REAGHAN,ONEY,05/18/2025,06/24/2025,I,Troy University,Softball,,Sun Belt Conference,Matriculated,
2024-25,2304847440,ALEXA,HOPKINS,05/24/2025,06/25/2025,I,The University of Tulsa,Softball,,American Athletic Conference,Withdrawn,
2024-25,2105180455,OLIVIA,KOLOWITZ,05/18/2025,06/27/2025,I,Saint Francis University,Softball,,Northeast Conference,Withdrawn,
2024-25,2007894766,RYLEE,LEMOS,06/09/2025,06/28/2025,II,University of Central Oklahoma,Softball,,Mid-America Intercollegiate Athletics Association,Withdrawn,
2024-25,2106183867,PEYTON,WELKER,05/18/2025,06/28/2025,I,Texas A&M University-Corpus Christi,Softball,,Southland Conference,Withdrawn,
2024-25,2103136930,CAITLIN,TIGHE,06/16/2025,06/30/2025,I,Western Michigan University,Softball,,Mid-American Conference,Withdrawn,
2024-25,1907636825,MAYA,JOHNSON,05/22/2025,06/30/2025,I,Belmont University,Softball,,Missouri Valley Conference,Withdrawn,
2024-25,2110346909,RAEGAN,JACKSON,06/17/2025,07/01/2025,I,"California State University, Northridge",Softball,,Big West Conference,Withdrawn,
2023-24,2211710969,EMMA,DUNCAN,11/27/2023,07/03/2025,II,The University of Texas at Tyler,Softball,,Lone Star Conference,Matriculated,
2024-25,2008913479,BLAIRE,BALESTRINI,05/21/2025,07/07/2025,II,Lock Haven University of Pennsylvania,Softball,,Pennsylvania State Athletic Conference,Withdrawn,
2024-25,2306932082,ELIZABETH,PHILLIPS,05/22/2025,07/07/2025,I,Oregon State University,Softball,Yes - Softball,West Coast Conference,Active,
2024-25,2002817335,JACQUELINE,KIRKPATRICK,06/11/2025,07/08/2025,I,"University of Tennessee, Knoxville",Softball,Yes - Softball,Southeastern Conference,Withdrawn,
2024-25,2210692406,JAYDN,KIMBALL,07/08/2025,07/08/2025,III,University of New England,Softball,,Conference of New England,Active,
2024-25,2207625977,VICTORIA,CLAYTON,05/19/2025,07/10/2025,I,Northwestern State University,Softball,,Southland Conference,Withdrawn,
2024-25,2109324950,CAMERAN,JORDAN-RUFFIN,07/14/2025,07/14/2025,II,Livingstone College,Softball|Women's Volleyball,,Central Intercollegiate Athletic Association|Central Intercollegiate Athletic Association,Active,
2024-25,2504585745,CHLOE,SANTILLI,07/14/2025,07/14/2025,III,Trinity College (Connecticut),Softball,,New England Small College Athletic Conference,Withdrawn,
2024-25,2505617577,LOGAN,MASINSKY,05/27/2025,07/15/2025,III,Brevard College,Softball,,USA South Athletic Conference,Matriculated,
2024-25,2208633327,SKYLAR,BLEDSOE,05/18/2025,07/15/2025,I,Alabama A&M University,Softball,,Southwestern Athletic Conf.,Matriculated,
2024-25,2012972517,KAYLA,ALDRIDGE,06/14/2025,07/15/2025,I,Florida A&M University,Softball,,Southwestern Athletic Conf.,Withdrawn,
2024-25,2309105811,SARAH,CIERESZEWSKI,04/28/2025,07/15/2025,II,Ursuline College,Softball,,Great Midwest Athletic Conference,Matriculated,
2024-25,2109326370,DAUNA,JOHNSON,05/22/2025,07/17/2025,I,"University of California, Berkeley",Softball,,Atlantic Coast Conference,Withdrawn,
2024-25,1905579354,CASSIDY,ROSS,05/18/2025,07/17/2025,I,University of West Georgia,Softball,,Atlantic Sun Conference,Matriculated,
2024-25,2202439919,CARLEE,MCBRIDE,05/12/2025,07/17/2025,II,Converse University,Softball,,Conference Carolinas,Matriculated,
2024-25,2209669665,VICTORIA,WEHRBERGER,06/17/2025,07/19/2025,III,Bethany College (West Virginia),Softball,,Presidents' Athletic Conference,Active,
2024-25,2208654822,ALYSSA,TERRY,05/18/2025,07/21/2025,I,University of Texas at Arlington,Softball,,Western Athletic Conference,Withdrawn,
2024-25,2002797150,SOPHIA,MARRERO,06/27/2025,07/22/2025,I,Niagara University,Softball,,Metro Atlantic Athletic Conference,Withdrawn,
2024-25,2301750298,BROOKLYN,SWANEPOEL,06/12/2025,07/22/2025,III,University of Wisconsin-Eau Claire,Softball,,Wisconsin Intercollegiate Athletic Conference,Withdrawn,
2024-25,1703757752,SUSANNA JANE,MULL,12/16/2024,07/22/2025,I,Yale University,Softball,,The Ivy League,Matriculated,
2024-25,2210697840,ALYANA,SALAZAR,07/23/2025,07/23/2025,III,Howard Payne University,Softball,,American Southwest Conference,Active,
2024-25,2210709537,SHAYNA,WOOLWINE,05/08/2025,07/23/2025,II,Winona State University,Softball,,Northern Sun Intercollegiate Conference,Matriculated,
2024-25,2208642818,CAITLYN,CORNWELL,05/18/2025,07/23/2025,I,"University of Maryland, College Park",Softball,,Big Ten Conference,Withdrawn,
2024-25,2205570394,KAYLA,RUDD,07/16/2025,07/23/2025,II,University of Mount Olive,Softball,,Conference Carolinas,Active,
2024-25,2211711719,LILY,YEPEZ,05/18/2025,07/24/2025,I,Hofstra University,Softball,Yes - Softball,Coastal Athletic Association,Withdrawn,
2024-25,2309111964,CARISSA -CJ,HANEY,07/16/2025,07/25/2025,I,Niagara University,Softball,,Metro Atlantic Athletic Conference,Withdrawn,
2024-25,2208649409,JESSE,FARRELL,05/18/2025,07/27/2025,I,"University of Nevada, Las Vegas",Softball,,Mountain West Conference,Matriculated,
2024-25,1808252464,TATIANNA,DAVIS,05/16/2025,07/28/2025,I,Florida A&M University,Softball,,Southwestern Athletic Conf.,Withdrawn,
2023-24,2206578733,JORDAN,MENG,05/19/2024,07/29/2025,I,University of Wisconsin-Green Bay,Softball,,Horizon League,Matriculated,
2024-25,1710943945,ZOE,THORNSBURY,05/13/2025,07/30/2025,II,University of Mount Olive,Softball,,Conference Carolinas,Signed,
2024-25,2104152922,HAYLEE,LINDSEY,05/24/2025,07/30/2025,I,"University of California, Riverside",Softball,,Big West Conference,Withdrawn,
2024-25,2301760499,CIANNA,BULLOCK,04/22/2025,07/31/2025,II,Livingstone College,Softball,,Central Intercollegiate Athletic Association,Matriculated,
2024-25,1910720547,HANNAH,COOR,06/05/2025,08/04/2025,I,University of Oklahoma,Softball,,Southeastern Conference,Matriculated,
2024-25,2311160306,HALLE,KLAIBER,05/18/2025,08/05/2025,I,Lipscomb University,Softball,,Atlantic Sun Conference,Matriculated,
2024-25,2404258114,ANDIE,SUHAI,05/19/2025,08/05/2025,I,"Southern University, Baton Rouge",Softball,,Southwestern Athletic Conf.,Signed,
2024-25,2006878885,CHARLIE,JOHNSON,01/27/2025,08/07/2025,II,Sonoma State University,Softball,,California Collegiate Athletic Association,Matriculated,
2024-25,2108298767,KAYLEE,OH,06/06/2025,08/07/2025,I,Miami University (Ohio),Softball,,Mid-American Conference,Matriculated,
2024-25,2406338773,SKYLER,SECONDINO,07/29/2025,08/07/2025,II,Molloy University,Softball,,East Coast Conference,Withdrawn,
2024-25,2002804113,AVELYN,VAN HEYST,05/12/2025,08/09/2025,I,"University at Buffalo, the State University of New York",Softball,,Mid-American Conference,Matriculated,
2024-25,2302792854,KAYLA,ZIMMERMAN,04/28/2025,08/11/2025,II,American International College,Softball,,Northeast-10 Conference,Matriculated,
2024-25,2211719275,BRYNN,WEBBER,05/02/2025,08/11/2025,II,Southwest Minnesota State University,Softball,,Northern Sun Intercollegiate Conference,Matriculated,
2024-25,2212748539,CATHERINE,SEAY,05/08/2025,08/12/2025,II,Southern New Hampshire University,Softball,,Northeast-10 Conference,Matriculated,
2024-25,2207603840,HOLLY,MEDINA,05/21/2025,08/12/2025,I,"University of California, Berkeley",Softball,,Atlantic Coast Conference,Matriculated,
2024-25,2010953796,MADALYN,JOHNSON,05/18/2025,08/12/2025,I,James Madison University,Softball,,Sun Belt Conference,Matriculated,
2024-25,2108289382,KENLEY,HILLEARY,05/15/2025,08/12/2025,I,Kennesaw State University,Softball,,Conference USA,Matriculated,
2024-25,2012972021,RAEGAN,WALL,05/18/2025,08/12/2025,I,James Madison University,Softball,,Sun Belt Conference,Matriculated,
2024-25,2206582309,KILEY,HUFFMAN,06/10/2025,08/13/2025,I,Texas Tech University,Softball,,Big 12 Conference,Matriculated,
2024-25,2209681060,KAMRYN,MUNSON,05/18/2025,08/13/2025,I,North Carolina State University,Softball,,Atlantic Coast Conference,Matriculated,
2024-25,2109315527,AMIAH,RICKS,05/18/2025,08/13/2025,I,"University of South Carolina, Columbia",Softball,,Southeastern Conference,Matriculated,
2025-26,2207621278,ELIZABETH,MINOBE,08/13/2025,08/13/2025,III,DePauw University,Softball,,North Coast Athletic Conference,Active,
2024-25,2305916600,SOPHIA,NEWCOMB,05/13/2025,08/14/2025,II,Sonoma State University,Softball,,California Collegiate Athletic Association,Matriculated,
2024-25,2207623547,LILY,BOSWELL,05/22/2025,08/14/2025,I,University of North Alabama,Softball,,Atlantic Sun Conference,Active,
2024-25,2209668071,BAILEY,LINDEMUTH,06/16/2025,08/15/2025,I,Texas Tech University,Softball,,Big 12 Conference,Matriculated,
2024-25,2201407796,MADISON,JOHNSON,05/18/2025,08/15/2025,I,Georgia Southern University,Softball,,Sun Belt Conference,Matriculated,
2024-25,2210705136,DELANI,SULLIVAN,05/19/2025,08/15/2025,I,University of Kentucky,Softball,,Southeastern Conference,Matriculated,
2024-25,1802132831,KEIRSTIN,ROOSE,10/01/2024,08/15/2025,I,Coastal Carolina University,Softball,,Sun Belt Conference,Matriculated,
2024-25,2110352715,GRACIE,MALONEY,05/19/2025,08/15/2025,I,University of North Texas,Softball,,American Athletic Conference,Matriculated,
2024-25,2307964738,RILEY,LAYGO,04/05/2025,08/15/2025,III,University of Rochester,Softball,,Liberty League,Withdrawn,
2024-25,2207616924,ADDISEN,FISHER,06/06/2025,08/15/2025,I,"University of California, Los Angeles",Softball,,Big Ten Conference,Matriculated,
2024-25,2111369594,SERAH,SHAFER,04/29/2025,08/16/2025,II,Upper Iowa University,Softball,,Great Lakes Valley Conference,Matriculated,
2024-25,2009917041,KATE,PETERS,05/18/2025,08/18/2025,I,Troy University,Softball,,Sun Belt Conference,Matriculated,
2024-25,1911734385,PARRIS,WIGGS,05/27/2025,08/18/2025,I,Mercer University,Softball,,Southern Conference,Matriculated,
2024-25,2301759749,SIETSKE,DRIJVERS,05/27/2025,08/18/2025,I,Mercer University,Softball,,Southern Conference,Matriculated,
2024-25,2107274549,SELENA,PEREZ,07/07/2025,08/18/2025,I,Long Beach State University,Softball,Yes - Softball,Big West Conference,Matriculated,
2024-25,2007897168,ALENA,HILLYARD,05/19/2025,08/18/2025,I,Eastern Kentucky University,Softball,,Atlantic Sun Conference,Matriculated,
2024-25,2108305760,AYDEN,ALLEN,06/15/2025,08/18/2025,I,Arizona State University,Softball,Yes - Softball,Big 12 Conference,Matriculated,
2024-25,2110359157,IZABELLA,CIMINO,05/19/2025,08/18/2025,I,Florida Atlantic University,Softball,,American Athletic Conference,Matriculated,
2024-25,2209659144,REESE,GREEN,05/18/2025,08/18/2025,I,Troy University,Softball,,Sun Belt Conference,Matriculated,
2024-25,2110342299,HANNAH,DAVILA,05/29/2025,08/18/2025,I,University of Georgia,Softball,,Southeastern Conference,Matriculated,
2024-25,2309103035,KIERA,DANIELS,05/26/2025,08/18/2025,I,Mercer University,Softball,,Southern Conference,Matriculated,
2024-25,2109335329,GRACE,TAYLOR,05/30/2025,08/18/2025,I,Mercer University,Softball,,Southern Conference,Matriculated,
2024-25,2308977745,CAIDEN,OLIVA,05/19/2025,08/18/2025,I,Troy University,Softball,,Sun Belt Conference,Matriculated,
2024-25,2208649326,ALEXEA,CLARK,04/26/2025,08/18/2025,II,Lees-McRae College,Softball,,Conference Carolinas,Active,
2024-25,2111373172,ASHLYN,PORTER,05/18/2025,08/18/2025,I,Campbell University,Softball,,Coastal Athletic Association,Matriculated,
2024-25,2203470255,JAYDEN,JONES,05/20/2025,08/18/2025,I,Virginia Polytechnic Institute and State University,Softball,,Atlantic Coast Conference,Matriculated,
2024-25,2308974973,LAUREN,HAUN,05/13/2025,08/18/2025,II,University of Alabama in Huntsville,Softball,,Gulf South Conference,Matriculated,
2024-25,2212739765,KADYN,CAMPER,06/02/2025,08/18/2025,I,Purdue University,Softball,,Big Ten Conference,Matriculated,
2024-25,2306929695,KAYA,BOOKER,06/02/2025,08/18/2025,I,Georgia Institute of Technology,Softball,Yes - Softball,Atlantic Coast Conference,Matriculated,
2024-25,2110349292,AZIZA,RODRIGUEZ,05/19/2025,08/19/2025,I,Iowa State University,Softball,,Big 12 Conference,Active,
2024-25,2301750321,OLIVIA,GOFORTH,05/18/2025,08/19/2025,I,Presbyterian College,Softball,,Big South Conference,Active,
2024-25,2109332944,TARYN,WEATHERFORD,05/18/2025,08/19/2025,I,Winthrop University,Softball,,Big South Conference,Active,
2024-25,2112398577,KALEIGH,SMALL,05/18/2025,08/19/2025,I,South Dakota State University,Softball,,The Summit League,Active,
2024-25,2201403561,JAYCEE,KNIGHTON,05/18/2025,08/19/2025,I,University of Texas at Arlington,Softball,,Western Athletic Conference,Active,
2024-25,2009914002,SOPHIA,GLEIM,05/13/2025,08/19/2025,II,University of Mount Olive,Softball,,Conference Carolinas,Active,
2024-25,2209657138,ARIYAH,MORGAN,05/19/2025,08/19/2025,I,Brigham Young University,Softball,Yes - Softball,Big 12 Conference,Active,
2024-25,1709894989,LAURYN,DEGUZMAN,04/23/2025,08/19/2025,II,Bluefield State University,Softball,,Central Intercollegiate Athletic Association,Active,
2024-25,2311156273,HAYELI,ACOSTA,05/15/2025,08/19/2025,II,Lubbock Christian University,Softball,,Lone Star Conference,Active,
2024-25,2012974637,TAYLOR,JONES,05/19/2025,08/19/2025,I,Queens University of Charlotte,Softball,,Atlantic Sun Conference,Signed,
2024-25,2311160012,KAYDEN,RADCLIFF,06/11/2025,08/19/2025,I,Alabama A&M University,Softball,,Southwestern Athletic Conf.,Active,
2024-25,2208651785,KILEY,SHEA,05/18/2025,08/19/2025,I,University of the Pacific,Softball,,West Coast Conference,Active,
2024-25,2305897073,HEAVEN,BIBBS,05/28/2025,08/19/2025,I,Alabama A&M University,Softball,,Southwestern Athletic Conf.,Active,
2024-25,2210698813,ALEXANDRA,GARCIA,05/18/2025,08/19/2025,I,Utah State University,Softball,,Mountain West Conference,Active,
2024-25,2105169434,CHLOE,WILSON,05/18/2025,08/19/2025,I,Grambling State University,Softball,,Southwestern Athletic Conf.,Matriculated,
2024-25,2106218628,ELANA,ROUSH,06/03/2025,08/19/2025,I,Florida Gulf Coast University,Softball,,Atlantic Sun Conference,Active,
2024-25,1903475659,MAKENAE,STONE,06/10/2025,08/19/2025,I,Abilene Christian University,Softball,,Western Athletic Conference,Active,
2024-25,2204539987,GRACE,MCCARTY,04/28/2025,08/19/2025,II,Emporia State University,Softball,,Mid-America Intercollegiate Athletics Association,Active,
2024-25,2305893672,MORGAN,MCGAUGH,06/06/2025,08/19/2025,II,Texas A&M University-Kingsville,Softball,,Lone Star Conference,Active,
2024-25,2204541310,BRIA,FINLEY,06/09/2025,08/19/2025,I,Howard University,Softball,,Mid-Eastern Athletic Conf.,Active,
2024-25,1905575321,LANEY,LEAVITT,05/20/2025,08/19/2025,I,Grand Canyon University,Softball,,Western Athletic Conference,Active,
2024-25,2203476727,LANEY,HATRIDGE,04/29/2025,08/19/2025,II,Wheeling University,Softball,,Mountain East Conference,Active,
2024-25,2311155625,SCARLETTE,CHAPMAN,05/28/2025,08/19/2025,I,"University of California, San Diego",Softball,Yes - Softball,Big West Conference,Active,
2024-25,1907636309,JORDAN,ANDERSON,03/30/2025,08/19/2025,I,George Mason University,Softball,,Atlantic 10 Conference,Active,
2024-25,2404254382,KEIRA,BELL,04/24/2025,08/19/2025,II,Catawba College,Softball,,South Atlantic Conference,Active,
2023-24,2208650529,AMANDA,SMITH,12/15/2023,08/19/2025,I,Portland State University,Softball,,Big Sky Conference,Signed,
2024-25,1802132674,LYNDSEY,MADRIGAL,05/12/2025,08/19/2025,I,Utah State University,Softball,,Mountain West Conference,Active,
2024-25,2208651435,AUBREY,MILLER,04/21/2025,08/19/2025,II,Lander University,Softball,,Peach Belt Conference,Active,
2024-25,2309107642,MYA,CHACON,05/01/2025,08/19/2025,II,Regis University (Colorado),Softball,,Rocky Mountain Athletic Conference,Signed,
2024-25,2207624111,LIDA,WOS,06/05/2025,08/19/2025,II,Academy of Art University,Softball,,Pacific West Conference,Active,
2024-25,2207623072,REECE,CAMMARN,05/19/2025,08/19/2025,I,University of Houston,Softball,Yes - Softball,Big 12 Conference,Active,
2024-25,1810326859,MADELINE,JANSSEN,05/13/2025,08/19/2025,II,University of Nebraska at Kearney,Softball,,Mid-America Intercollegiate Athletics Association,Signed,
2024-25,2209673141,EMERSON,WALDOW,06/17/2025,08/19/2025,I,University of South Dakota,Softball,,The Summit League,Active,
2024-25,2407353811,MARKESSA,JENSEN,05/18/2025,08/19/2025,I,Oregon State University,Softball,Yes - Softball,West Coast Conference,Active,
2024-25,2206589015,ALAINA,HARVEY,04/22/2025,08/19/2025,II,Allen University,Softball,,Southern Intercol. Ath. Conf.,Active,
2024-25,2005868713,KAYLYN,LITTLE,05/18/2025,08/19/2025,I,Winthrop University,Softball,,Big South Conference,Active,
2024-25,2202429580,JULIA,SANDLES,05/09/2025,08/19/2025,II,University of Missouri-St. Louis,Softball,,Great Lakes Valley Conference,Active,
2024-25,2308977663,ANNA,WISE,05/18/2025,08/19/2025,I,Ohio University,Softball,,Mid-American Conference,Signed,
2024-25,2109316803,JULIEANN,LOPEZ,05/27/2025,08/19/2025,I,Jackson State University,Softball,,Southwestern Athletic Conf.,Active,
2024-25,2110346769,LESLIE,SULLIVAN,05/05/2025,08/19/2025,III,Oberlin College,Softball,,North Coast Athletic Conference,Active,
2024-25,2109333978,HELENA,WOLBERT,04/30/2025,08/19/2025,II,Gannon University,Softball,,Pennsylvania State Athletic Conference,Active,
2024-25,2212741568,TANIA,SHOULDERS,04/29/2025,08/19/2025,II,Allen University,Softball,,Southern Intercol. Ath. Conf.,Signed,
2024-25,2201410740,ZARIA,TURNER,05/18/2025,08/19/2025,I,Houston Christian University,Softball,,Southland Conference,Signed,
2024-25,2305895663,SYMONE,ABRAHAM,04/28/2025,08/19/2025,II,Livingstone College,Softball,,Central Intercollegiate Athletic Association,Matriculated,
2024-25,2208652411,JOSIE,SMYTHE,05/18/2025,08/19/2025,I,Winthrop University,Softball,,Big South Conference,Active,
2024-25,2209663895,BROOKLYN,RAGLAND,05/01/2025,08/19/2025,II,Georgian Court University,Softball,,Central Atlantic Collegiate Conference,Active,
2024-25,2102118544,ALYSSA,WALTERMEYER,05/01/2025,08/19/2025,I,University of the Pacific,Softball,,West Coast Conference,Active,
2024-25,2112390376,MIKALAH,NITTA,06/03/2025,08/19/2025,I,University of Houston,Softball,,Big 12 Conference,Active,
2024-25,2208650548,QUINNLYN,BALLENGEE,05/18/2025,08/19/2025,I,East Tennessee State University,Softball,,Southern Conference,Signed,
2024-25,2203482577,RYLEIGH,MELENDEZ,04/01/2025,08/19/2025,II,Mercy University,Softball,,East Coast Conference,Active,
2024-25,2108295807,HALEY,WEBB,05/18/2025,08/19/2025,I,University of Kansas,Softball,,Big 12 Conference,Active,
2024-25,2212742759,LIZA,BARBATO,05/29/2025,08/19/2025,II,Ursuline College,Softball,,Great Midwest Athletic Conference,Active,
2024-25,2201413100,HALIEGH,ROKOS,05/16/2025,08/19/2025,III,Sweet Briar College,Softball,,Old Dominion Athletic Conf.,Active,
2024-25,2110345374,AVA,LANZA,06/17/2025,08/19/2025,II,Bentley University,Softball,,Northeast-10 Conference,Active,
2024-25,2201415489,KORYNN,TINDEL,05/12/2025,08/19/2025,II,Northeastern State University,Softball,,Mid-America Intercollegiate Athletics Association,Active,
2024-25,2008912985,MACY,KROHMAN,06/16/2025,08/19/2025,I,Austin Peay State University,Softball,,Atlantic Sun Conference,Active,
2024-25,2204500026,VIRGINIA,WRIGHT,05/02/2025,08/19/2025,II,University of West Alabama,Softball,,Gulf South Conference,Active,
2024-25,2208635058,OLIVIA,ACKERSON,04/23/2025,08/19/2025,II,Mansfield University of Pennsylvania,Softball,,Pennsylvania State Athletic Conference,Active,
2024-25,2208635465,LORYN,BARNEY,05/18/2025,08/19/2025,I,University of St. Thomas (Minnesota),Softball,,The Summit League,Active,
2024-25,1909672139,EMILY,BUDELLI,05/02/2025,08/19/2025,I,University of the Pacific,Softball,,West Coast Conference,Active,
2024-25,2006876583,GIANNA,SLOAN-LEBRON,05/08/2025,08/19/2025,II,Concord University,Softball,,Mountain East Conference,Active,
2024-25,2007894534,SIERRA,EMERY,06/05/2025,08/19/2025,III,Messiah University,Softball,,Middle Atlantic Conference Commonwealth,Active,
2024-25,2106201154,HALLE,HANCE,05/12/2025,08/19/2025,II,Rogers State University,Softball,,Mid-America Intercollegiate Athletics Association,Active,
2024-25,2104145363,TALYNN,WILLIAMS,05/13/2025,08/19/2025,I,"University at Buffalo, the State University of New York",Softball,,Mid-American Conference,Active,
2024-25,2010940747,ABRIANA,GARCIA,06/16/2025,08/19/2025,I,Houston Christian University,Softball,,Southland Conference,Active,
2023-24,2210700307,MARY JANE,NICHOLSON,05/21/2024,08/19/2025,I,Iona University,Softball,,Metro Atlantic Athletic Conference,Active,
2024-25,2105173626,HANNAH,GLAD,05/09/2025,08/19/2025,I,University of the Pacific,Softball,,West Coast Conference,Active,
2024-25,2110338702,DESTINY,ORTEGA RODRIGUEZ,05/19/2025,08/19/2025,I,"University of Tennessee, Knoxville",Softball,,Southeastern Conference,Matriculated,
2024-25,1910722664,EMMORIE,BURKE,05/19/2025,08/19/2025,I,University of Alabama at Birmingham,Softball,Yes - Softball,American Athletic Conference,Active,
2024-25,2310137278,SIERRA,SOTO,05/09/2025,08/19/2025,II,Black Hills State University,Softball,,Rocky Mountain Athletic Conference,Signed,
2024-25,2212744533,SAVANNAH,RICHARDS,05/06/2025,08/19/2025,III,Misericordia University,Softball,,Middle Atlantic Conference Freedom,Active,
2024-25,2212741374,JORDYN,DE LOS SANTOS,05/31/2025,08/19/2025,II,The University of Texas at Tyler,Softball,,Lone Star Conference,Active,
2024-25,1607532366,AVERIE,GUNTHER,05/15/2025,08/19/2025,II,Angelo State University,Softball,,Lone Star Conference,Active,
2024-25,2108285288,ALEXIS,SHADOWENS,04/30/2025,08/19/2025,II,Bluefield State University,Softball,,Central Intercollegiate Athletic Association,Active,
2024-25,2405306496,JENSYN,ELDER,05/13/2025,08/19/2025,II,Rogers State University,Softball,,Mid-America Intercollegiate Athletics Association,Active,
2024-25,2011953974,ALYSSA,HABERSTROH,05/16/2025,08/19/2025,II,University of Colorado Colorado Springs,Softball,,Rocky Mountain Athletic Conference,Active,
2024-25,2208633119,SAVANNA,PARKER,04/23/2025,08/19/2025,II,Lander University,Softball,,Peach Belt Conference,Active,
2024-25,1902411354,MADISON,LOWRY,10/22/2024,08/19/2025,I,Iona University,Softball,,Metro Atlantic Athletic Conference,Signed,
2024-25,2111380872,MIA,KRUEGER,06/04/2025,08/19/2025,I,California Baptist University,Softball,,Western Athletic Conference,Active,
2024-25,2109312894,HALEY,CROYLE,05/18/2025,08/19/2025,I,University of Akron,Softball,,Mid-American Conference,Active,
2024-25,2110347985,KARI,SORENSEN,06/23/2025,08/19/2025,III,Lesley University,Softball,,North Atlantic Conference,Active,
2024-25,1908666051,AUDREY,ALLEN,04/10/2025,08/19/2025,II,Academy of Art University,Softball,,Pacific West Conference,Active,
2024-25,1806214293,JADYN,MUNS,06/03/2025,08/19/2025,II,Northwestern Oklahoma State University,Softball,,Great American Conference,Active,
2024-25,2109327124,MCKAELA,WALKER,05/27/2025,08/19/2025,I,Louisiana State University,Softball,,Southeastern Conference,Matriculated,
2024-25,2206577905,FELINE,POOT,06/12/2025,08/19/2025,I,Southeastern Louisiana University,Softball,,Southland Conference,Active,
2024-25,1905580049,MAKENNA,DASHIELL,06/12/2025,08/19/2025,I,California Baptist University,Softball,,Western Athletic Conference,Active,
2024-25,2306935268,HUNTER,JACKSON,07/19/2025,08/19/2025,I,"University of Hawaii, Manoa",Softball,Yes - Softball,Big West Conference,Active,
2024-25,2208639234,KIRSTYN,HERMAN,05/16/2025,08/19/2025,II,Catawba College,Softball,,South Atlantic Conference,Active,
2024-25,1906592954,OLIVIA,PASTIN,05/10/2025,08/19/2025,I,Northern Kentucky University,Softball,,Horizon League,Matriculated,
2024-25,2306936470,JENNAKA,FABELA,06/16/2025,08/19/2025,II,Texas A&M International University,Softball,,Lone Star Conference,Active,
2024-25,2210709215,RYLEIGH,GARRETT,05/18/2025,08/19/2025,I,Georgia State University,Softball,,Sun Belt Conference,Active,
2024-25,2006876864,EMMA,DEBOER,05/23/2025,08/19/2025,I,University of Maine,Softball,,America East Conference,Active,
2024-25,2307972938,EMILY,BALDUCCI,06/04/2025,08/19/2025,II,Assumption University,Softball,,Northeast-10 Conference,Active,
2024-25,1909677549,LYLA,GREGORY,05/16/2025,08/19/2025,I,University of North Alabama,Softball,,Atlantic Sun Conference,Signed,
2024-25,2209656298,AMYAH,STARKS,05/14/2025,08/19/2025,I,Abilene Christian University,Softball,,Western Athletic Conference,Active,
2024-25,2210702565,KAILANI,OLIVAS,05/18/2025,08/19/2025,I,"University of Nevada, Las Vegas",Softball,Yes - Softball,Mountain West Conference,Active,
2024-25,2209666982,RIANNAH,MAULUPE,04/10/2025,08/19/2025,II,Academy of Art University,Softball,,Pacific West Conference,Active,
2024-25,2007885646,SAMANTHA,TURNAGE,05/26/2025,08/19/2025,II,Francis Marion University,Softball,,Conference Carolinas,Active,
2024-25,2108302772,MARIAH,BAZILE,05/19/2025,08/19/2025,I,Liberty University,Softball,Yes - Softball,Conference USA,Active,
2024-25,2010947209,KAITLYN,BROOKS,06/03/2025,08/19/2025,I,University of Kansas,Softball,,Big 12 Conference,Active,
2024-25,2012978441,AILEEN,BALDERAS,05/21/2025,08/19/2025,II,College of Staten Island,Softball,,East Coast Conference,Signed,
2024-25,2405317416,ALLISON,MIENALTOWSKI,05/09/2025,08/19/2025,III,Elmira College,Softball,,Empire 8,Active,
2024-25,2203474564,LAURA,VIGNA,05/29/2025,08/19/2025,I,Mercer University,Softball,,Southern Conference,Active,
2024-25,2305892335,LAUREN,FALK,05/20/2025,08/19/2025,II,University of Colorado Colorado Springs,Softball,,Rocky Mountain Athletic Conference,Active,
2024-25,2302785180,BELINDA,LUJANO,05/19/2025,08/19/2025,II,"California State University, San Bernardino",Softball,,California Collegiate Athletic Association,Active,
2024-25,2108301019,ATINAELEILA,FONOTI,05/22/2025,08/19/2025,I,University of Illinois Chicago,Softball,,Missouri Valley Conference,Active,
2024-25,1901385774,JULIA,HILL,05/20/2025,08/19/2025,II,Point Park University,Softball,,Mountain East Conference,Active,
2024-25,2407366281,DANIELLE,SHINKO,04/30/2025,08/19/2025,II,Academy of Art University,Softball,,Pacific West Conference,Active,
2024-25,2203450124,FAITH,YOHO,05/06/2025,08/19/2025,II,Malone University,Softball,,Great Midwest Athletic Conference,Active,
2024-25,2103127564,ANNA,MAUCK,05/19/2025,08/19/2025,I,University of Kentucky,Softball,,Southeastern Conference,Matriculated,
2024-25,2210693573,AUDREY,RICHARDSON,05/18/2025,08/19/2025,I,Grambling State University,Softball,,Southwestern Athletic Conf.,Active,
2024-25,2409410741,MALAYNA,BLANCO,04/02/2025,08/19/2025,III,Rosemont College,Softball,,Sport not sponsored,Active,
2024-25,2110337558,KAMRYN,AKINS,04/28/2025,08/19/2025,II,Lander University,Softball,,Peach Belt Conference,Active,
2024-25,2210689611,AVRELLE,HARRELL,05/20/2025,08/19/2025,I,North Carolina A&T State University,Softball,,Coastal Athletic Association,Active,
2024-25,1812378928,OLIVIA,GLOVER,06/05/2025,08/19/2025,II,Academy of Art University,Softball,,Pacific West Conference,Active,
2024-25,2111377521,EMMIE,WILLS,05/19/2025,08/19/2025,I,University of South Dakota,Softball,,The Summit League,Active,
2024-25,2211731672,SOPHIA,PROPPS,03/17/2025,08/19/2025,II,Davenport University,Softball,,Great Lakes Intercollegiate Athletic Conference,Active,
2024-25,2106213479,MEGAN,ELLIS,05/19/2025,08/19/2025,I,North Carolina A&T State University,Softball,,Coastal Athletic Association,Signed,
2024-25,2505604100,EMILIE,GOLDSTEIN,05/12/2025,08/19/2025,III,Albion College,Softball,,Michigan Intercollegiate Athletic Association,Active,
2024-25,2111378455,SIENNA,FRANKLIN,12/06/2024,08/19/2025,I,University of Missouri-Kansas City,Softball,Yes - Softball,The Summit League,Active,
2024-25,2106204837,REGHAN,STEPHANY,05/18/2025,08/19/2025,I,Bowling Green State University,Softball,,Mid-American Conference,Active,
2024-25,2302779407,ROSE,CHANDO,04/04/2025,08/19/2025,III,Rosemont College,Softball,,Sport not sponsored,Active,
2024-25,1806219338,MIKELLE,ANTHONY,05/13/2025,08/19/2025,I,Michigan State University,Softball,Yes - Softball,Big Ten Conference,Active,
2024-25,1910726923,KA'LYN,WATSON,06/09/2025,08/19/2025,II,The University of Texas at Tyler,Softball,,Lone Star Conference,Active,
2024-25,2309123603,AMBER,SAVAGE,05/24/2025,08/19/2025,II,Fayetteville State University,Softball,,Central Intercollegiate Athletic Association,Active,
2024-25,2210688135,HAYDEN,COOK,03/20/2025,08/19/2025,II,Wilmington University (Delaware),Softball,,Central Atlantic Collegiate Conference,Active,
2024-25,2202446523,WHITLEY,WISCHMEIER,05/19/2025,08/19/2025,I,Indiana State University,Softball,,Missouri Valley Conference,Signed,
2024-25,2110361786,AMAYA,PAGE,05/30/2025,08/19/2025,II,Molloy University,Softball,,East Coast Conference,Active,
2024-25,2306926326,GALILEA,PENA,05/27/2025,08/19/2025,II,Texas A&M University-Kingsville,Softball,,Lone Star Conference,Active,
2024-25,2109310861,GWEN,MCMENEMY,05/23/2025,08/19/2025,I,Purdue University Fort Wayne,Softball,Yes - Softball,Horizon League,Signed,
2024-25,2201406014,LILLIAN,NOYES,04/30/2025,08/19/2025,II,Georgian Court University,Softball,,Central Atlantic Collegiate Conference,Active,
2024-25,2209674230,MACIE,SELFORS,05/22/2025,08/19/2025,I,Grand Canyon University,Softball,,Western Athletic Conference,Active,
2024-25,1705809771,KATIE,VANDERMARK,05/19/2025,08/19/2025,I,Ball State University,Softball,,Mid-American Conference,Active,
2024-25,2210704529,CHARLEE-ROSE,STEVENS,06/15/2025,08/19/2025,I,University of Utah,Softball,,Big 12 Conference,Active,
2024-25,2403249768,BRENNA,FISHER,05/22/2025,08/19/2025,III,Kalamazoo College,Softball,,Michigan Intercollegiate Athletic Association,Active,
2024-25,2109310210,RYANNE,HAYNES,05/19/2025,08/19/2025,I,Providence College,Softball,,Big East Conference,Active,
2024-25,2109315218,MARISSA,MENARD,04/10/2025,08/19/2025,II,Academy of Art University,Softball,,Pacific West Conference,Active,
2024-25,2006873828,OLIVIA,TOWNSEND,03/27/2025,08/19/2025,II,Benedict College,Softball,,Southern Intercol. Ath. Conf.,Active,
2024-25,2110349976,AUBREY,ZACHARY,05/23/2025,08/19/2025,I,Purdue University Fort Wayne,Softball,Yes - Softball,Horizon League,Active,
2024-25,2310133602,CIERA,DIAZ,05/18/2025,08/19/2025,I,Florida International University,Softball,,Conference USA,Active,
2024-25,2108295224,CARSON,KUHLMANN,05/18/2025,08/19/2025,I,Valparaiso University,Softball,,Missouri Valley Conference,Active,
2024-25,2108287699,RAEGHAN,CARLSON,05/22/2025,08/19/2025,I,"University of North Carolina, Chapel Hill",Softball,Yes - Softball,Atlantic Coast Conference,Active,
2024-25,2505588826,DELANEY,SIPES,05/01/2025,08/19/2025,III,Randolph College,Softball,,Old Dominion Athletic Conf.,Active,
2024-25,2101990141,CORIN,DAMMEIER,05/21/2025,08/19/2025,I,Florida Atlantic University,Softball,,American Athletic Conference,Active,
2024-25,2203470075,FAITH,VALENZUELA,05/18/2025,08/19/2025,I,Bryant University,Softball,,America East Conference,Active,
2024-25,1802124849,CERA,BLANCHARD,06/12/2025,08/19/2025,II,The University of Texas at Tyler,Softball,,Lone Star Conference,Active,
2024-25,2311165334,NATALIE,KINNEY,05/08/2025,08/19/2025,III,Albion College,Softball,,Michigan Intercollegiate Athletic Association,Active,
2024-25,1909697751,MICHAELA,HOBSON,05/12/2025,08/19/2025,I,Elon University,Softball,,Coastal Athletic Association,Active,
2024-25,2204522815,CHARLIZE,GONZALEZ,05/29/2025,08/19/2025,III,Dominican University (Illinois),Softball,,Northern Athletics Collegiate Conference,Active,
2024-25,2307951595,ALYSON,SMITH,06/11/2025,08/19/2025,I,Murray State University,Softball,,Missouri Valley Conference,Active,
2024-25,2204499431,ANNIKA,DUGENSKE,05/18/2025,08/19/2025,I,Creighton University,Softball,,Big East Conference,Active,
2024-25,2106182018,ALLISON,ROBINSON,05/23/2025,08/19/2025,I,Boston College,Softball,,Atlantic Coast Conference,Signed,
2024-25,1909682583,SAMANTHA,ALLRED,05/06/2025,08/19/2025,II,University of North Carolina at Pembroke,Softball,,Conference Carolinas,Active,
2024-25,2101101915,JENNA,TEAKERT,06/02/2025,08/19/2025,I,Eastern Illinois University,Softball,,Ohio Valley Conference,Active,
2024-25,1909672180,KATHRYN,PIERCE,05/14/2025,08/19/2025,I,DePaul University,Softball,,Big East Conference,Active,
2024-25,2208645703,KERISSA,HOWELL,05/21/2025,08/19/2025,I,Liberty University,Softball,Yes - Softball,Conference USA,Active,
2024-25,1712980860,HALLIE,BRYANT,06/04/2025,08/19/2025,I,Mercer University,Softball,,Southern Conference,Signed,
2024-25,2307965686,KYLIE,SHAW,06/04/2025,08/19/2025,I,University of Florida,Softball,,Southeastern Conference,Matriculated,
2024-25,2207610695,FRANCESCA,LUMPP,05/19/2025,08/19/2025,I,University of Memphis,Softball,,American Athletic Conference,Active,
2024-25,2209662747,ANNALYN,DUNCAN,06/03/2025,08/19/2025,I,Florida Gulf Coast University,Softball,,Atlantic Sun Conference,Active,
2024-25,2406340304,KAMRYN,MESSICK,06/02/2025,08/19/2025,I,"University of Nevada, Las Vegas",Softball,,Mountain West Conference,Active,
2024-25,2204545651,EMILY,COLE,05/19/2025,08/19/2025,I,Marshall University,Softball,,Sun Belt Conference,Active,
2024-25,2209683390,JULISSA,VASQUEZ,06/02/2025,08/19/2025,II,The University of Texas at Tyler,Softball,,Lone Star Conference,Signed,
2024-25,2407357253,EMILY,HINCHEY,02/11/2025,08/19/2025,II,Sonoma State University,Softball,,California Collegiate Athletic Association,Active,
2024-25,2012974466,JAZMYN,CASAS,05/21/2025,08/19/2025,I,University of Illinois Chicago,Softball,,Missouri Valley Conference,Active,
2024-25,2210706294,KAYLEE,COLE,05/19/2025,08/19/2025,I,Bowling Green State University,Softball,,Mid-American Conference,Active,
2024-25,2211722812,CHANNING,SMITH,04/22/2025,08/19/2025,II,Georgia Southwestern State University,Softball,,Peach Belt Conference,Active,
2024-25,2106201754,RAEGAN,SUCHER,05/23/2025,08/19/2025,II,Angelo State University,Softball,,Lone Star Conference,Signed,
2024-25,2208645662,BROOKLYNN,COUCH,05/18/2025,08/19/2025,I,Valparaiso University,Softball,,Missouri Valley Conference,Signed,
2024-25,2211712060,CHLOE,SAYRE,04/29/2025,08/19/2025,II,Walsh University,Softball,,Great Midwest Athletic Conference,Active,
2024-25,2106181310,MIA,MONTES,05/18/2025,08/19/2025,I,University of New Mexico,Softball,,Mountain West Conference,Active,
2024-25,2208653312,ALEXIS,GUZMAN,03/26/2025,08/19/2025,II,Colorado Christian University,Softball,,Rocky Mountain Athletic Conference,Active,
2024-25,2310138916,SHELBY,KILHOFFER,05/30/2025,08/19/2025,II,University of Central Oklahoma,Softball,,Mid-America Intercollegiate Athletics Association,Active,
2024-25,2208645990,MAKENA,MAKEKAU,05/30/2025,08/19/2025,I,Oregon State University,Softball,Yes - Softball,West Coast Conference,Active,
2024-25,2207612970,ABIGAIL,HERNDON,06/03/2025,08/19/2025,I,University of Mississippi,Softball,,Southeastern Conference,Matriculated,
2024-25,2110351296,KAMIELLE,POWELL,06/05/2025,08/19/2025,II,Academy of Art University,Softball,,Pacific West Conference,Active,
2024-25,2204544998,CAMRYN,CERNUTO,05/28/2025,08/19/2025,I,University of Tennessee at Chattanooga,Softball,,Southern Conference,Active,
2024-25,2110340094,ELLA,HARRISON,05/18/2025,08/19/2025,I,"Rutgers, The State University of New Jersey, New Brunswick",Softball,,Big Ten Conference,Matriculated,
2024-25,2111366483,ABBY,BODE,06/11/2025,08/19/2025,I,University of Evansville,Softball,,Missouri Valley Conference,Active,
2024-25,2103123830,GABRIELLE,ENYART,01/24/2025,08/19/2025,II,Sonoma State University,Softball,,California Collegiate Athletic Association,Active,
2024-25,2405320054,ASHLYN,VANFLEET,06/16/2025,08/19/2025,III,Elmira College,Softball,,Empire 8,Active,
2024-25,2210694163,SUMMER,RAY,05/19/2025,08/19/2025,I,Murray State University,Softball,,Missouri Valley Conference,Active,
2024-25,2101100438,EMILEE,DICKINSON,04/04/2025,08/19/2025,III,Rosemont College,Softball,,Sport not sponsored,Active,
2024-25,2303803402,HOUSTYN,MCCONAGHY,05/26/2025,08/19/2025,III,Mitchell College,Softball,,Great Northeast Athletic Conference,Active,
2024-25,2307955659,TAHJZHA,BOTTS,05/19/2025,08/19/2025,I,University of South Dakota,Softball,,The Summit League,Active,
2024-25,2108289847,ALYSSA,HASTINGS,05/19/2025,08/19/2025,I,Lipscomb University,Softball,,Atlantic Sun Conference,Matriculated,
2024-25,2211717610,SYDNEY,REYNOLDS,03/10/2025,08/19/2025,II,Glenville State University,Softball,,Mountain East Conference,Active,
2024-25,2301756108,MCKENZIE,COX,06/03/2025,08/19/2025,I,Florida Gulf Coast University,Softball,,Atlantic Sun Conference,Active,
2024-25,2307965408,ARYANNE,MUNOZ,06/06/2025,08/19/2025,I,"University of California, Los Angeles",Softball,,Big Ten Conference,Active,
2024-25,2208640635,KHAYLANI,BAILEY,06/07/2025,08/19/2025,II,LeMoyne-Owen College,Softball,,Southern Intercol. Ath. Conf.,Active,
2024-25,2107267903,JACQUELYN,CAPERS,05/05/2025,08/19/2025,II,Wheeling University,Softball,,Mountain East Conference,Active,
2024-25,1910705990,MELINA,WILKISON,05/19/2025,08/19/2025,I,"Indiana University, Bloomington",Softball,,Big Ten Conference,Matriculated,
2024-25,1907635300,HAILEY,HARRIS,12/07/2024,08/19/2025,II,Oklahoma Christian University,Softball,,Lone Star Conference,Active,
2024-25,2110350119,MAKIYA,GRAVES,05/22/2025,08/19/2025,I,North Carolina Central University,Softball,,Mid-Eastern Athletic Conf.,Active,
2024-25,2209682534,DESRAI,BROWN,12/13/2024,08/19/2025,II,Albany State University (Georgia),Softball,,Southern Intercol. Ath. Conf.,Signed,
2024-25,2206597061,HAYLEE,TRULL,05/09/2025,08/19/2025,II,University of Mount Olive,Softball,,Conference Carolinas,Active,
2024-25,2001781580,KAILANI,TATRO,05/19/2025,08/19/2025,I,Robert Morris University,Softball,,Horizon League,Matriculated,
2024-25,2109316901,KAYTLAN,KEMP,05/19/2025,08/20/2025,I,Western Kentucky University,Softball,,Conference USA,Active,
2024-25,1908659136,LINDSAY,HENSON,05/22/2025,08/20/2025,I,Marshall University,Softball,,Sun Belt Conference,Matriculated,
2024-25,2009914722,DESIREE,RIVERA,06/02/2025,08/20/2025,I,University of Iowa,Softball,,Big Ten Conference,Matriculated,
2024-25,2101999728,ELLA,CUNNINGHAM,05/18/2025,08/20/2025,I,Michigan State University,Softball,,Big Ten Conference,Matriculated,
2024-25,2106182810,KELLY,NUTTER,10/08/2024,08/20/2025,III,Whittier College,Softball,,Southern California Intercollegiate Athletic Conf.,Withdrawn,
2024-25,2102115844,ALYSSA,FAIRCLOTH,05/18/2025,08/20/2025,I,Troy University,Softball,,Sun Belt Conference,Matriculated,
2024-25,2301767339,TAYLOR,MCKEE,05/07/2025,08/20/2025,II,Southwest Baptist University,Softball,,Great Lakes Valley Conference,Active,
2024-25,2110341657,SYDNEY,GILBERT,05/21/2025,08/20/2025,I,Miami University (Ohio),Softball,Yes - Softball,Mid-American Conference,Matriculated,
2024-25,2008910581,ANNA,CARDER,05/19/2025,08/20/2025,I,Southern Illinois University at Carbondale,Softball,,Missouri Valley Conference,Matriculated,
2024-25,2207612426,LEILA,AMMON,05/29/2025,08/20/2025,I,Middle Tennessee State University,Softball,,Conference USA,Matriculated,
2024-25,2012975255,PEJA,GOOLD,05/18/2025,08/20/2025,I,University of Tennessee at Chattanooga,Softball,,Southern Conference,Matriculated,
2024-25,2109312301,TATUM,SILVA,05/18/2025,08/20/2025,I,Utah State University,Softball,,Mountain West Conference,Matriculated,
2024-25,2009930563,SAVANNAH,JONES,10/07/2024,08/21/2025,I,Bucknell University,Softball,,Patriot League,Matriculated,
2024-25,1904528016,SYHIA,MARKS,03/12/2025,08/21/2025,II,Shaw University,Softball,,Central Intercollegiate Athletic Association,Active,
2024-25,1904491689,COURTNEY,BALDWIN,02/10/2025,08/21/2025,II,Limestone University,Women's Basketball|Softball,,South Atlantic Conference|South Atlantic Conference,Active,
2024-25,2003824967,CHEYENNE,FLOYD,07/07/2025,08/21/2025,II,Angelo State University,Softball,,Lone Star Conference,Matriculated,
2024-25,1909677347,REBECCA,MILLER,02/13/2025,08/21/2025,II,Barry University,Softball,,Sunshine State Conference,Active,
2024-25,1905579521,TAYLOR,RAPP,05/20/2025,08/21/2025,II,Sonoma State University,Softball,,California Collegiate Athletic Association,Matriculated,
2024-25,2104142656,MALIA,ROBERTSON,05/18/2025,08/21/2025,I,Western Illinois University,Softball,,Ohio Valley Conference,Matriculated,
2024-25,2401196320,HOPE,GUNN,03/18/2025,08/21/2025,II,Clark Atlanta University,Softball,,Southern Intercol. Ath. Conf.,Signed,
2024-25,2009919393,MACKENZIE,CHILDERS,05/19/2025,08/21/2025,I,University of North Texas,Softball,,American Athletic Conference,Matriculated,
2024-25,2112399049,REAGAN,TROY,05/29/2025,08/21/2025,I,Virginia Polytechnic Institute and State University,Softball,,Atlantic Coast Conference,Matriculated,
2024-25,2111366173,VIRGINIA,ALVARADO,05/19/2025,08/21/2025,II,New Mexico Highlands University,Softball,,Rocky Mountain Athletic Conference,Active,
2024-25,2506654157,RYLINN,MACDONALD,06/30/2025,08/21/2025,III,Wheaton College (Illinois),Softball,,College Conference of Illinois & Wisconsin,Active,
2024-25,2507661728,RIGDON,LAMBETH,08/07/2025,08/21/2025,III,Greensboro College,Softball,,USA South Athletic Conference,Active,
2024-25,1712994479,KAELIN,CASH,05/21/2025,08/21/2025,I,Michigan State University,Softball,,Big Ten Conference,Matriculated,
2024-25,2009930575,SARAH-FRANCES,CURRIE,05/19/2025,08/21/2025,I,Jacksonville State University,Softball,,Conference USA,Matriculated,
2024-25,2209668370,BERKELEY,WHITTEN,05/18/2025,08/21/2025,I,Longwood University,Softball,,Big South Conference,Matriculated,
2024-25,2102115096,SIERRA,MILLER,06/01/2025,08/21/2025,III,Misericordia University,Softball,,Middle Atlantic Conference Freedom,Active,
2024-25,2210708708,VICTORIA,MARTINEZ LLOYD,05/18/2025,08/21/2025,I,University of the Pacific,Softball,,West Coast Conference,Matriculated,
2024-25,2310128125,BREE,BARNER,04/30/2025,08/21/2025,II,"California State University, Stanislaus",Softball,,California Collegiate Athletic Association,Active,
2024-25,2210695774,HANNAH,BENDLE,05/19/2025,08/21/2025,I,Saint Francis University,Softball,,Northeast Conference,Matriculated,
2024-25,2010938117,ARIANA,MALLARI,04/28/2025,08/21/2025,II,Academy of Art University,Softball,,Pacific West Conference,Matriculated,
2024-25,2309116975,ALINA,ORTIZ,05/18/2025,08/21/2025,I,University of New Mexico,Softball,,Mountain West Conference,Active,
2024-25,2011962973,TRINITY,BRANDON,06/12/2025,08/21/2025,I,Lamar University,Softball,,Southland Conference,Matriculated,
2024-25,2110352370,ELLA,MORRIS,05/19/2025,08/22/2025,I,University of Rhode Island,Softball,,Atlantic 10 Conference,Matriculated,
2024-25,2209655650,GRACEE,GREER,05/05/2025,08/22/2025,II,The University of Virginia's College at Wise,Softball,,South Atlantic Conference,Matriculated,
2024-25,2109310718,ADRIANNA,GREEN,05/19/2025,08/22/2025,I,Central Connecticut State University,Softball,,Northeast Conference,Active,
2024-25,2001770963,TAELA,BELCHER,03/14/2025,08/22/2025,III,Salem College (North Carolina),Softball,,USA South Athletic Conference,Matriculated,
2024-25,2207627585,EMILIE,CHING,05/19/2025,08/22/2025,I,Florida Atlantic University,Softball,,American Athletic Conference,Matriculated,
2024-25,1906595266,CHARLOTTE,ROSE,05/06/2025,08/22/2025,II,University of North Carolina at Pembroke,Softball,,Conference Carolinas,Matriculated,
2024-25,2208654532,IVY,WALKER,05/18/2025,08/22/2025,I,South Dakota State University,Softball,,The Summit League,Matriculated,
2024-25,2109315596,MADDISON,RUTAN,05/18/2025,08/22/2025,I,Eastern Kentucky University,Softball,,Atlantic Sun Conference,Matriculated,
2024-25,2206573660,MAKENZIE,BUTT,05/18/2025,08/22/2025,I,Boise State University,Softball,,Mountain West Conference,Matriculated,
2024-25,2109327553,KAYLA,PILSON,06/16/2025,08/22/2025,I,Towson University,Softball,,Coastal Athletic Association,Active,
2024-25,2507654997,RILEY,KRIDER,07/01/2025,08/22/2025,III,Manchester University,Softball,,Heartland Collegiate Athletic Conference,Active,
2024-25,2108300784,KALEE,ROCHINSKI,05/19/2025,08/22/2025,I,University of Texas at San Antonio,Softball,,American Athletic Conference,Matriculated,
2024-25,2007888512,DAKOTA,DANIEL,05/28/2025,08/22/2025,I,Alabama A&M University,Softball,,Southwestern Athletic Conf.,Matriculated,
2024-25,2201403384,OLIVIA,LENZEN,05/18/2025,08/22/2025,I,Wofford College,Softball,,Southern Conference,Matriculated,
2024-25,2010947189,KATELYN,KILGORE,05/16/2025,08/22/2025,II,University of Colorado Colorado Springs,Softball,,Rocky Mountain Athletic Conference,Matriculated,
2024-25,2108302255,CHARLOTTE,JENKS,06/24/2025,08/22/2025,II,Saint Leo University,Softball,,Sunshine State Conference,Active,
2024-25,2208653381,SOPHIA,KNIGHT,05/18/2025,08/22/2025,I,Boise State University,Softball,,Mountain West Conference,Matriculated,
2024-25,2201421402,LOGAN,FORMAN,05/06/2025,08/22/2025,II,Wayne State University (Michigan),Softball,,Great Lakes Intercollegiate Athletic Conference,Matriculated,
2024-25,2107269055,ALLI,BORDWINE,05/07/2025,08/22/2025,II,Oklahoma Baptist University,Softball,,Great American Conference,Matriculated,
2024-25,2112388786,PRIMROSE,AHOLELEI,07/23/2025,08/22/2025,II,The University of Texas at Tyler,Softball,,Lone Star Conference,Active,
2024-25,2103121246,GRACE,MCKILLOP,05/18/2025,08/22/2025,I,Bryant University,Softball,,America East Conference,Matriculated,
2024-25,2311162398,HALLIE,TURNER,11/08/2024,08/22/2025,II,Goldey-Beacom College,Softball,,Central Atlantic Collegiate Conference,Matriculated,
2024-25,1809286291,DARIEN,MCDONOUGH,05/06/2025,08/22/2025,I,Boston College,Softball,,Atlantic Coast Conference,Matriculated,
2024-25,2403229910,CHLOE,RANDALL,05/19/2025,08/22/2025,I,University of Louisiana Monroe,Softball,,Sun Belt Conference,Matriculated,
2024-25,1802138573,ANNA,REIMERS,05/20/2025,08/22/2025,I,"University of California, Berkeley",Softball,,Atlantic Coast Conference,Matriculated,
2023-24,1706822997,MOLLY,JACOBSON,05/01/2024,08/22/2025,I,Virginia Polytechnic Institute and State University,Softball,,Atlantic Coast Conference,Matriculated,
2024-25,1801995826,EMILY,ROSE,05/05/2025,08/22/2025,II,University of North Carolina at Pembroke,Softball,,Conference Carolinas,Matriculated,
2024-25,2308976988,RACHEL,SYSUM,05/18/2025,08/22/2025,I,"California State University, Fresno",Softball,,Mountain West Conference,Matriculated,
2024-25,2109336544,EMMA,BANKS,05/19/2025,08/22/2025,I,McNeese State University,Softball,,Southland Conference,Matriculated,
2024-25,2110345650,MEREDITH,WAYLAND,05/18/2025,08/22/2025,I,George Mason University,Softball,,Atlantic 10 Conference,Matriculated,
2024-25,2206578578,KIARA,TAYLOR,02/25/2025,08/23/2025,III,Keystone College,Softball,,United East Conference,Active,
2024-25,2408375600,CAITLIN,LAGRECA,04/10/2025,08/23/2025,III,Rosemont College,Softball,,Sport not sponsored,Active,
2024-25,2204536885,ALISE,MEDLOCK,06/13/2025,08/23/2025,II,LeMoyne-Owen College,Softball,,Southern Intercol. Ath. Conf.,Active,
2023-24,2404277761,LENINA,EBERT,04/23/2024,08/23/2025,III,Westminster College (Pennsylvania),Softball,,Presidents' Athletic Conference,Active,
2024-25,2309108486,AVA,CYPHERS,05/12/2025,08/23/2025,III,Ohio Northern University,Softball,,Ohio Athletic Conference,Active,
2024-25,2202433971,TAYLOR,KELLY,06/16/2025,08/23/2025,II,Shaw University,Softball,,Central Intercollegiate Athletic Association,Active,
2024-25,2111366723,NEVEAH,HALLMARK,05/19/2025,08/24/2025,I,Lamar University,Softball,,Southland Conference,Matriculated,
2024-25,2208629081,BRIANAH,HAMILTON,05/18/2025,08/24/2025,I,"University of Nevada, Las Vegas",Softball,Yes - Softball,Mountain West Conference,Active,
2024-25,2208639677,MIA,BROWN,05/19/2025,08/24/2025,I,University of Memphis,Softball,,American Athletic Conference,Matriculated,
2024-25,2407357375,GRACIE,SUGGS,05/27/2025,08/24/2025,I,The University of North Carolina at Charlotte,Softball,Yes - Softball,American Athletic Conference,Matriculated,
2024-25,2206575838,JAEDA,ABCEDE,07/20/2025,08/24/2025,I,"University of Hawaii, Manoa",Softball,Yes - Softball,Big West Conference,Matriculated,
2024-25,2201417258,ANSLEY,WATSON,05/27/2025,08/24/2025,II,University of North Georgia,Softball,,Peach Belt Conference,Matriculated,
2024-25,2303802539,SADE,DAVIS,05/19/2025,08/25/2025,I,Drake University,Softball,,Missouri Valley Conference,Active,
2024-25,1907644085,CHLOE,SCROGGINS,12/03/2024,08/25/2025,I,Southern Illinois University at Carbondale,Softball,,Missouri Valley Conference,Matriculated,
2024-25,2008902446,KAYLIN,CURRO,05/13/2025,08/25/2025,II,Georgian Court University,Softball,,Central Atlantic Collegiate Conference,Matriculated,
2024-25,2210698056,GRACIE,WALKER,04/18/2025,08/25/2025,II,Limestone University,Softball,,South Atlantic Conference,Matriculated,
2024-25,2009914339,SKYLINN,POGUE,05/19/2025,08/25/2025,I,University of Iowa,Softball,,Big Ten Conference,Matriculated,
2024-25,2003835132,SHELBY,ALLEN,05/18/2025,08/25/2025,I,The University of Southern Mississippi,Softball,,Sun Belt Conference,Matriculated,
2024-25,2009930782,ZOEY,NUSSBAUM,05/18/2025,08/25/2025,I,Saint Francis University,Softball,,Northeast Conference,Matriculated,
2024-25,1912765090,MADILYN,REEVES,05/20/2025,08/25/2025,I,Miami University (Ohio),Softball,,Mid-American Conference,Matriculated,
2024-25,2107265254,MEAGAN,RAMOS,05/18/2025,08/25/2025,I,Hampton University,Softball,,Coastal Athletic Association,Matriculated,
2024-25,2109322129,HANNAH,MCGONIGLE,05/12/2025,08/25/2025,I,"University at Buffalo, the State University of New York",Softball,,Mid-American Conference,Matriculated,
2024-25,2111376765,OLIVIA,KOTOWSKI,05/28/2025,08/25/2025,I,"University of South Carolina, Columbia",Softball,,Southeastern Conference,Matriculated,
2024-25,1909695595,TYRINA,JONES,06/11/2025,08/25/2025,I,Purdue University,Softball,,Big Ten Conference,Matriculated,
2024-25,2110351594,NATALIE,BURNS,05/18/2025,08/25/2025,I,Florida International University,Softball,,Conference USA,Matriculated,
2024-25,2207614367,FRANCESCA,MORRIS,05/18/2025,08/25/2025,I,Niagara University,Softball,,Metro Atlantic Athletic Conference,Matriculated,
2024-25,2004841095,KAYLEE,BLACKLEDGE,06/15/2025,08/25/2025,I,University of Louisiana Monroe,Softball,,Sun Belt Conference,Matriculated,
2024-25,2109328626,AVERY,SAPP,05/19/2025,08/25/2025,I,Utah Valley University,Softball,,Western Athletic Conference,Matriculated,
2024-25,2205570439,CARLEY,ERNST,07/02/2025,08/25/2025,I,Hofstra University,Softball,,Coastal Athletic Association,Matriculated,
2024-25,2110351994,LARISSA,JACQUEZ,05/27/2025,08/25/2025,I,University of the Incarnate Word,Softball,,Southland Conference,Matriculated,
2024-25,2202445658,ADDISON,SMITH,05/18/2025,08/25/2025,I,Saint Francis University,Softball,,Northeast Conference,Matriculated,
2024-25,2308975755,HOPE,MARSHBURN,06/17/2025,08/25/2025,I,Furman University,Softball,,Southern Conference,Withdrawn,
2024-25,2208642067,CARAH,SWEET,06/16/2025,08/25/2025,I,Sacred Heart University,Softball,,Metro Atlantic Athletic Conference,Matriculated,
2024-25,2105180431,KATE,PENBERTHY,05/09/2025,08/25/2025,I,California Baptist University,Softball,,Western Athletic Conference,Matriculated,
2024-25,2209665499,MALLORY,WHEELER,06/12/2025,08/25/2025,I,University of Louisiana at Lafayette,Softball,,Sun Belt Conference,Matriculated,
2024-25,1909684764,KATE,BLUNT,05/01/2025,08/25/2025,I,"University of California, Los Angeles",Softball,,Big Ten Conference,Matriculated,
2024-25,2001791847,LINDSEY,DEROECK,05/19/2025,08/25/2025,I,Queens University of Charlotte,Softball,,Atlantic Sun Conference,Matriculated,
2024-25,2208654601,ADDISON,ZIMPLEMAN,05/24/2025,08/25/2025,I,Purdue University Fort Wayne,Softball,Yes - Softball,Horizon League,Matriculated,
2024-25,2308973925,HAILEY,HAAS,05/15/2025,08/25/2025,II,Western New Mexico University,Softball,,Lone Star Conference,Matriculated,
2024-25,2011965158,MYA,BOOS,05/19/2025,08/25/2025,I,McNeese State University,Softball,,Southland Conference,Matriculated,
2024-25,2005863460,CARLEY,PENNER,06/16/2025,08/25/2025,I,Kent State University,Softball,,Mid-American Conference,Matriculated,
2024-25,2207623788,CAELIN,KOSVITCH,05/18/2025,08/25/2025,I,Iona University,Softball,,Metro Atlantic Athletic Conference,Matriculated,
2024-25,2012975086,SAMANTHA,MUNDINE,05/19/2025,08/25/2025,I,McNeese State University,Softball,,Southland Conference,Matriculated,
2024-25,2211724557,TAYLOR,ERB,05/06/2025,08/25/2025,II,Carson-Newman University,Softball,,South Atlantic Conference,Matriculated,
2024-25,2209665646,RACHEL,WELLS,06/16/2025,08/25/2025,I,University of Texas at Austin,Softball,,Southeastern Conference,Active,
2024-25,1909683375,ABBIGAIL,PERKINS,06/10/2025,08/25/2025,I,Jacksonville State University,Softball,,Conference USA,Matriculated,
2024-25,2008905987,NAILYN ZURI,MARSHALL,05/21/2025,08/25/2025,I,"University of California, Berkeley",Softball,,Atlantic Coast Conference,Matriculated,
2024-25,2107270158,DESTINY,WASHINGTON,12/02/2024,08/25/2025,I,Marshall University,Softball,,Sun Belt Conference,Matriculated,
2024-25,1911754997,GABRIELLE,ELLIS,05/23/2025,08/25/2025,I,Mercer University,Softball,,Southern Conference,Matriculated,
2024-25,2009923305,ALI,BUNCH,05/12/2025,08/25/2025,II,Barton College,Softball,,Conference Carolinas,Matriculated,
2024-25,2312178894,ABIGAIL,HAYES,05/19/2025,08/25/2025,I,The University of Tulsa,Softball,Yes - Softball,American Athletic Conference,Matriculated,
2024-25,2206580493,KAIANA,KONG,05/29/2025,08/25/2025,II,Western Washington University,Softball,,Great Northwest Athletic Conference,Matriculated,
2024-25,2107281735,MALONE,MOORE,06/10/2025,08/25/2025,I,Coastal Carolina University,Softball,,Sun Belt Conference,Matriculated,
2023-24,2103135798,ELLIOTT,STINSON,05/21/2024,08/25/2025,I,Southern Illinois University at Carbondale,Softball,,Missouri Valley Conference,Active,
2024-25,2109329831,ELLA,LUDDEN,06/02/2025,08/25/2025,II,Maryville University of Saint Louis,Softball,,Great Lakes Valley Conference,Matriculated,
2024-25,1610632631,KRISTIN,INGRAM,04/04/2025,08/25/2025,II,"California State Polytechnic University, Humboldt",Softball,,California Collegiate Athletic Association,Matriculated,
2024-25,2110349517,LEAH,MCANALLY,05/18/2025,08/25/2025,I,Boise State University,Softball,,Mountain West Conference,Matriculated,
2024-25,2302783881,JULIANNAH,JIMENEZ,05/15/2025,08/25/2025,II,Colorado State University Pueblo,Softball,,Rocky Mountain Athletic Conference,Matriculated,
2024-25,2012972199,EMMA,HICKS,05/16/2025,08/25/2025,I,Illinois State University,Softball,,Missouri Valley Conference,Matriculated,
2024-25,2308994935,JORJA,CRIDER,05/20/2025,08/25/2025,I,Utah Tech University,Softball,,Western Athletic Conference,Matriculated,
2024-25,2208651395,CAMERON,GRAYSON,05/18/2025,08/25/2025,I,"University of Minnesota, Twin Cities",Softball,,Big Ten Conference,Matriculated,
2024-25,2208654939,BROOKE,WELLS,06/02/2025,08/25/2025,I,University of Houston,Softball,,Big 12 Conference,Matriculated,
2024-25,2306934620,KARLIE,KEMPER,04/24/2025,08/25/2025,II,Lees-McRae College,Softball,,Conference Carolinas,Matriculated,
2024-25,2210703050,LAUREN,KARLE,05/01/2025,08/25/2025,II,Hawaii Pacific University,Softball,,Pacific West Conference,Matriculated,
2024-25,2107270195,KYLEI,GRIFFIN,05/22/2025,08/25/2025,I,"Texas A&M University, College Station",Softball,,Southeastern Conference,Matriculated,
2024-25,1909673616,KATE,LINKLETTER,05/16/2025,08/25/2025,I,University of Wisconsin-Madison,Softball,,Big Ten Conference,Matriculated,
2024-25,1904493725,JENA,YOUNG,06/02/2025,08/25/2025,I,University of Iowa,Softball,,Big Ten Conference,Matriculated,
2024-25,2109322739,JESLYN,BURGHARDT,05/22/2025,08/25/2025,I,Merrimack College,Softball,,Metro Atlantic Athletic Conference,Matriculated,
2024-25,2109323422,MAKAYLA,NAVARRO,05/18/2025,08/25/2025,I,Wichita State University,Softball,,American Athletic Conference,Matriculated,
2024-25,2210704062,SYDNEY,ADOLFSON,05/30/2025,08/25/2025,III,Salisbury University,Softball,,Coast-To-Coast Athletic Conference,Matriculated,
2024-25,2206578515,ABIGAIL,EVANS,05/27/2025,08/25/2025,III,Wilson College,Softball,,United East Conference,Matriculated,
2024-25,2107282283,JORDYN,THURMAN,05/18/2025,08/25/2025,I,"University of Missouri, Columbia",Softball,Yes - Softball,Southeastern Conference,Matriculated,
2024-25,2004849110,SERAYAH,NEISS,05/30/2025,08/25/2025,I,"California State University, Fresno",Softball,,Mountain West Conference,Matriculated,
2024-25,2111371329,ALANAH,JONES,05/23/2025,08/25/2025,I,Purdue University Fort Wayne,Softball,,Horizon League,Matriculated,
2024-25,2103134002,ADDA,PRESCOTT,04/30/2025,08/25/2025,II,Lenoir-Rhyne University,Softball,,South Atlantic Conference,Matriculated,
2024-25,2208653457,LAYLA,LAMAR,06/02/2025,08/25/2025,I,University of Florida,Softball,,Southeastern Conference,Matriculated,
2024-25,2309113391,MIKAYLA,HUSSAR,05/23/2025,08/25/2025,I,Canisius University,Softball,,Metro Atlantic Athletic Conference,Matriculated,
2024-25,2111383558,KATELYN,MACIEL,05/18/2025,08/25/2025,I,University of Missouri-Kansas City,Softball,,The Summit League,Matriculated,
2024-25,2012976608,CADAN,BRINKMAN,05/18/2025,08/25/2025,I,Campbell University,Softball,,Coastal Athletic Association,Matriculated,
2024-25,2207626136,HADLEY,DONNELLY,06/04/2025,08/25/2025,I,Iona University,Softball,,Metro Atlantic Athletic Conference,Matriculated,
2024-25,2110356591,JAYCEE,HOLT,06/10/2025,08/25/2025,I,University of Maryland Eastern Shore,Softball,,Mid-Eastern Athletic Conf.,Matriculated,
2024-25,2208637669,KALISTA,BIRKENSTOCK,05/28/2025,08/25/2025,I,Florida Gulf Coast University,Softball,,Atlantic Sun Conference,Matriculated,
2024-25,2209674625,KIARA,SIPE,06/06/2025,08/25/2025,I,"California State University, Fresno",Softball,,Mountain West Conference,Matriculated,
2024-25,2012983220,RYAN,HANSON,05/21/2025,08/25/2025,II,Augusta University,Softball,,Peach Belt Conference,Matriculated,
2024-25,2401202226,CHLOE,GRIMMER,05/14/2025,08/25/2025,II,Menlo College,Softball,,Pacific West Conference,Matriculated,
2024-25,2009915964,EMILEE,BAKER,05/18/2025,08/25/2025,I,Texas State University,Softball,,Sun Belt Conference,Matriculated,
2024-25,2310144907,ADDISYN,BERRY,06/05/2025,08/25/2025,I,The University of North Carolina at Greensboro,Softball,,Southern Conference,Matriculated,
2024-25,2011959109,MYA,FLINDT,05/29/2025,08/25/2025,I,"University of South Carolina, Columbia",Softball,,Southeastern Conference,Matriculated,
2024-25,1808257868,TAYLOR,SEDLACEK,05/18/2025,08/25/2025,I,Wichita State University,Softball,,American Athletic Conference,Matriculated,
2024-25,2209677284,ZOE,CALVEZ,05/31/2025,08/25/2025,I,Louisiana State University,Softball,,Southeastern Conference,Matriculated,
2024-25,2210691984,ISABELLA,DIGIANDOMENICO,05/22/2025,08/25/2025,I,"University of Maryland, Baltimore County",Softball,,America East Conference,Matriculated,
2024-25,2307969806,GABRIELLA,CASCO,04/29/2025,08/25/2025,II,Central Washington University,Softball,,Great Northwest Athletic Conference,Matriculated,
2024-25,2109326468,MADISON,FULFER,05/18/2025,08/25/2025,I,Nicholls State University,Softball,,Southland Conference,Signed,
2024-25,2103130706,JORDAN,GOEDEL,06/09/2025,08/25/2025,I,College of the Holy Cross,Softball,,Patriot League,Matriculated,
2024-25,1708880586,MARISSA,GONZALEZ,05/18/2025,08/25/2025,I,"University of South Carolina, Columbia",Softball,,Southeastern Conference,Matriculated,
2024-25,2302778418,LONDON,PARK,05/18/2025,08/25/2025,I,University of Illinois Urbana-Champaign,Softball,,Big Ten Conference,Matriculated,
2024-25,2310146553,ZOEY,LANGERAK,05/01/2025,08/25/2025,II,Fort Lewis College,Softball,,Rocky Mountain Athletic Conference,Matriculated,
2024-25,2306918862,MACKENZIE,JOHNSON,05/06/2025,08/25/2025,III,University of La Verne,Softball,,Southern California Intercollegiate Athletic Conf.,Matriculated,
2024-25,2311154983,KAYTEE,DAHLSTROM,05/19/2025,08/25/2025,I,Southern Illinois University at Carbondale,Softball,,Missouri Valley Conference,Matriculated,
2024-25,2207608381,ZAEDI,TAGALOG,05/21/2025,08/25/2025,I,University of Arizona,Softball,,Big 12 Conference,Matriculated,
2024-25,2109326032,TAYLOR,ANDERSON,05/20/2025,08/26/2025,I,Oklahoma State University,Softball,Yes - Softball,Big 12 Conference,Matriculated,
2024-25,2009933061,ISABELLA,ALONSO,06/17/2025,08/26/2025,I,"California State University, Northridge",Softball,,Big West Conference,Matriculated,
2024-25,2209673632,SOFIA,ELLIOTT,05/18/2025,08/26/2025,I,University of Iowa,Softball,,Big Ten Conference,Matriculated,
2024-25,2208654889,HARLEY,ACOSTA,04/28/2025,08/26/2025,II,"California State University, East Bay",Softball,,California Collegiate Athletic Association,Matriculated,
2024-25,2208645708,TIARA,WESTBROOK,06/17/2025,08/26/2025,I,"California State University, Northridge",Softball,,Big West Conference,Matriculated,
2024-25,2108290429,AUTUMN,BEHLKE,05/19/2025,08/26/2025,I,Youngstown State University,Softball,,Horizon League,Matriculated,
2024-25,2308977059,EMILY,FERRO,05/18/2025,08/26/2025,I,Troy University,Softball,,Sun Belt Conference,Active,
2024-25,2208638061,ALLY,FLECK,05/18/2025,08/26/2025,I,Troy University,Softball,,Sun Belt Conference,Active,
2024-25,2105171107,KENDRA,LEWIS,05/18/2025,08/26/2025,I,Morehead State University,Softball,,Ohio Valley Conference,Matriculated,
2024-25,2404284495,MELISA,KAHANU-LOSE,04/22/2025,08/26/2025,II,Jessup University,Softball,,Pacific West Conference,Matriculated,
2024-25,2104144918,KAYLA,VAUGHAN,04/17/2025,08/26/2025,II,Academy of Art University,Softball,,Pacific West Conference,Matriculated,
2024-25,2310150671,GIANNA,SPINELLI,05/19/2025,08/26/2025,I,Fordham University,Softball,,Atlantic 10 Conference,Matriculated,
2024-25,2208638594,AERYN,SHUMAN,05/16/2025,08/26/2025,I,University of Central Arkansas,Softball,,Atlantic Sun Conference,Matriculated,
2024-25,1910729518,CHLOE,RHINE,05/22/2025,08/26/2025,I,Saint Louis University,Softball,,Atlantic 10 Conference,Matriculated,
2024-25,2008911343,JADE,SANDERS,06/16/2025,08/26/2025,II,Rogers State University,Softball,,Mid-America Intercollegiate Athletics Association,Matriculated,
2024-25,2110348514,LAURYN,CARRANCO,05/18/2025,08/26/2025,I,"California State University, Northridge",Softball,,Big West Conference,Matriculated,
2024-25,2101102247,ALIVIA,LANTZY,05/13/2025,08/26/2025,II,University of North Carolina at Pembroke,Softball,,Conference Carolinas,Matriculated,
2024-25,1907645636,AVA,METZGER,10/01/2024,08/26/2025,I,Manhattan University,Softball,,Metro Atlantic Athletic Conference,Matriculated,
2024-25,1808266148,SAMANTHA,DERICKSON,05/13/2025,08/26/2025,II,East Stroudsburg University of Pennsylvania,Softball,,Pennsylvania State Athletic Conference,Active,
2024-25,2201425775,BROOKE,SUBIA,05/18/2025,08/26/2025,I,Portland State University,Softball,,Big Sky Conference,Matriculated,
2024-25,2109317277,LORRAINE,ALO,05/20/2025,08/26/2025,I,Portland State University,Softball,,Big Sky Conference,Matriculated,
2024-25,2106193687,VAYE,SAVAGE,05/18/2025,08/26/2025,I,Rider University,Softball,,Metro Atlantic Athletic Conference,Active,
2024-25,2209655945,AUSHA,MOORE,05/19/2025,08/26/2025,I,University of North Texas,Softball,,American Athletic Conference,Matriculated,
2024-25,1908671542,JOHNNA,SCHROEDER,04/01/2025,08/26/2025,I,Stanford University,Softball,,Atlantic Coast Conference,Matriculated,
2024-25,2207609838,ELISE,ST. JEAN,05/18/2025,08/26/2025,I,North Carolina State University,Softball,,Atlantic Coast Conference,Matriculated,
2024-25,2008908977,JAILYNN,BANDA,06/13/2025,08/26/2025,I,St. John's University (New York),Softball,,Big East Conference,Matriculated,
2024-25,2209677605,LARISSA,FLORES,06/17/2025,08/26/2025,I,"California State University, Northridge",Softball,,Big West Conference,Matriculated,
2024-25,2209657146,BRENLEE,GONZALES,06/10/2025,08/26/2025,I,Texas Tech University,Softball,,Big 12 Conference,Matriculated,
2024-25,2209683959,HALLIE,UEBERROTH,05/18/2025,08/26/2025,I,Troy University,Softball,,Sun Belt Conference,Active,
2024-25,2109312904,JANELLE,WILSON,05/20/2025,08/26/2025,I,"University of North Carolina, Chapel Hill",Softball,Yes - Softball,Atlantic Coast Conference,Matriculated,
2024-25,2209662059,DIMITRA,MILONOPOULOS,05/18/2025,08/26/2025,I,Middle Tennessee State University,Softball,,Conference USA,Matriculated,
2024-25,1902414369,ALLISON,MARIETTA,05/22/2025,08/26/2025,I,Saint Louis University,Softball,,Atlantic 10 Conference,Active,
2024-25,2110347445,GIZELLA,VARGAS SANDOVAL,06/18/2025,08/26/2025,I,"California State University, Northridge",Softball,,Big West Conference,Matriculated,
2024-25,1911737700,JULIANA,RAYMOND,05/18/2025,08/26/2025,I,Purdue University,Softball,,Big Ten Conference,Matriculated,
2024-25,2209657419,JISELLE,HERNANDEZ,05/18/2025,08/26/2025,I,Pennsylvania State University,Softball,,Big Ten Conference,Matriculated,
2024-25,2308983164,CAMERYN,JOHNSON,05/18/2025,08/26/2025,I,Rider University,Softball,,Metro Atlantic Athletic Conference,Active,
2024-25,2207621473,AVA,STERE,12/12/2024,08/26/2025,I,University of Maine,Softball,,America East Conference,Matriculated,
2024-25,2105180524,HALEY,WOLSKY,04/15/2025,08/26/2025,I,Grand Canyon University,Softball,,Western Athletic Conference,Matriculated,
2024-25,2205567714,ALLIE,BRALY,05/18/2025,08/26/2025,I,Saint Francis University,Softball,,Northeast Conference,Matriculated,
2024-25,2404254090,GABBY,FAKES,05/20/2025,08/26/2025,I,University of Wisconsin-Madison,Softball,,Big Ten Conference,Matriculated,
2024-25,2208634678,AUDREE,MENDOZA,05/18/2025,08/26/2025,I,Pennsylvania State University,Softball,,Big Ten Conference,Matriculated,
2024-25,2209661995,ZOE,MILONOPOULOS,05/18/2025,08/26/2025,I,Middle Tennessee State University,Softball,,Conference USA,Matriculated,
2024-25,2208634723,MIA,CASTILLO,07/12/2025,08/26/2025,II,Azusa Pacific University,Softball,,Pacific West Conference,Matriculated,
2024-25,2011962903,JOSIE,KRIEMAN,04/16/2025,08/27/2025,III,Rosemont College,Softball,,Sport not sponsored,Matriculated,
2024-25,2301763356,SARAH,BRAKE,05/14/2025,08/27/2025,I,Troy University,Softball,,Sun Belt Conference,Matriculated,
2024-25,2107261657,MILA,SEATON,05/18/2025,08/27/2025,I,Wichita State University,Softball,,American Athletic Conference,Matriculated,
2024-25,2206578561,LEAH,GRIMM,04/07/2025,08/27/2025,II,Upper Iowa University,Softball,,Great Lakes Valley Conference,Matriculated,
2024-25,2108294344,SASKIA,RAAB,06/13/2025,08/27/2025,I,"University of Nevada, Reno",Softball,,Mountain West Conference,Matriculated,
2024-25,2108292767,AALIYAH,GABORIAULT,05/01/2025,08/27/2025,II,Western Oregon University,Softball,,Great Northwest Athletic Conference,Matriculated,
2023-24,2107269755,JULIANNA,KING,07/02/2024,08/27/2025,II,Tiffin University,Softball,,Great Midwest Athletic Conference,Matriculated,
2024-25,2406338762,KENNEDY,MILLER,05/18/2025,08/27/2025,I,Central Michigan University,Softball,,Mid-American Conference,Matriculated,
2024-25,2201416470,SOPHIA,LUETTICKE,05/12/2025,08/27/2025,II,Drury University,Softball,,Great Lakes Valley Conference,Matriculated,
2024-25,1904500466,SAILOR,HALL,05/11/2025,08/27/2025,II,"Minnesota State University, Mankato",Softball,,Northern Sun Intercollegiate Conference,Matriculated,
2024-25,2009920845,IRIS,BEJARANO,06/02/2025,08/27/2025,II,Sonoma State University,Softball,,California Collegiate Athletic Association,Matriculated,
2024-25,2004850764,SAVANNAH,SIMONS,05/19/2025,08/27/2025,I,Monmouth University,Softball,,Coastal Athletic Association,Matriculated,
2024-25,2310133373,ANGELIA,RECROSIO,06/09/2025,08/27/2025,I,St. Bonaventure University,Softball,,Atlantic 10 Conference,Matriculated,
2024-25,2309103373,TAYLOR,NOE,05/18/2025,08/27/2025,I,University of Akron,Softball,,Mid-American Conference,Matriculated,
2024-25,2209656533,KENNEDY,MARCEAUX,05/26/2025,08/27/2025,I,University of Alabama,Softball,,Southeastern Conference,Matriculated,
2024-25,2205571282,KATHRYN,MCDONALD,01/28/2025,08/27/2025,I,Cleveland State University,Softball,,Horizon League,Matriculated,
2024-25,2010941006,SYDNEY,STEWART,02/27/2025,08/27/2025,II,Flagler College,Softball,,Peach Belt Conference,Matriculated,
2024-25,2411463905,ALEXANDRIA,HIMES,04/22/2025,08/27/2025,II,Jessup University,Softball,,Pacific West Conference,Matriculated,
2024-25,2111382542,MADISON,MENDOZA,05/18/2025,08/27/2025,I,University of Texas at El Paso,Softball,,Conference USA,Matriculated,
2024-25,2110340455,CRIMSON,BRYANT,03/27/2025,08/27/2025,II,The University of Texas at Tyler,Softball,,Lone Star Conference,Matriculated,
2024-25,2308984927,ALEXIS,CAMBEROS,03/12/2025,08/27/2025,II,Sonoma State University,Softball,,California Collegiate Athletic Association,Matriculated,
2024-25,2108298461,JORDYN,SMITH,07/09/2025,08/27/2025,II,The University of Texas at Tyler,Softball,,Lone Star Conference,Matriculated,
2024-25,2201414291,DANIELA,LUDEN,01/29/2025,08/27/2025,II,Sonoma State University,Softball,,California Collegiate Athletic Association,Matriculated,
2024-25,2210703778,ALLISON,SPARKMAN,06/04/2025,08/27/2025,I,Florida Gulf Coast University,Softball,,Atlantic Sun Conference,Matriculated,
2024-25,1908669937,KARENA,RECROSIO,06/04/2025,08/27/2025,I,St. Bonaventure University,Softball,,Atlantic 10 Conference,Matriculated,
2024-25,2209658162,BAYLEE,KING,05/06/2025,08/27/2025,II,Ouachita Baptist University,Softball,,Great American Conference,Matriculated,
2024-25,2111368231,MADILYN,HERNANDEZ,05/28/2025,08/27/2025,I,George Washington University,Softball,,Atlantic 10 Conference,Matriculated,
2024-25,2111382436,KATELYN,DUNAKIN,06/03/2025,08/27/2025,I,The University of Tulsa,Softball,Yes - Softball,American Athletic Conference,Matriculated,
2024-25,1907622019,AMELIA,HATTHORN,05/20/2025,08/27/2025,II,Angelo State University,Softball,,Lone Star Conference,Matriculated,
2024-25,1907633189,KATELYN,FALK,05/19/2025,08/27/2025,II,University of Mary,Softball,,Northern Sun Intercollegiate Conference,Matriculated,
2024-25,2112389207,MATTISON,BUSTER,05/18/2025,08/27/2025,I,Louisiana Tech University,Softball,,Conference USA,Matriculated,
2024-25,2109316076,KENDALL,GROVER,05/21/2025,08/27/2025,I,Eastern Illinois University,Softball,,Ohio Valley Conference,Matriculated,
2024-25,2108307901,MADISON,WALKER,05/18/2025,08/27/2025,I,"University of Missouri, Columbia",Softball,,Southeastern Conference,Matriculated,
2024-25,2208633452,MADISON,TIPTON,05/19/2025,08/27/2025,I,Arizona State University,Softball,,Big 12 Conference,Matriculated,
2024-25,2203480247,ANGELINA,BRANCH,05/18/2025,08/27/2025,I,Hampton University,Softball,,Coastal Athletic Association,Matriculated,
2024-25,2010938035,TARA,SKINNER,10/24/2024,08/27/2025,II,University of Hawaii at Hilo,Softball,,Pacific West Conference,Matriculated,
2024-25,2109332036,ERICA,SCHERTZ,05/18/2025,08/27/2025,I,Wichita State University,Softball,,American Athletic Conference,Matriculated,
2024-25,2011954248,MALIA,WILLIAMS,05/27/2025,08/27/2025,I,Texas A&M University-Corpus Christi,Softball,,Southland Conference,Matriculated,
2024-25,2112392097,LIBBY,MAY,05/18/2025,08/27/2025,I,Nicholls State University,Softball,,Southland Conference,Matriculated,
2024-25,2310146133,ERIN,KIRKLAND,05/18/2025,08/27/2025,I,Longwood University,Softball,,Big South Conference,Matriculated,
2024-25,2209683829,ISABELLA,VALDEZ,06/01/2025,08/27/2025,I,Oregon State University,Softball,Yes - Softball,West Coast Conference,Matriculated,
2024-25,2208642171,VANESSA,PEREZ,05/19/2025,08/27/2025,I,Liberty University,Softball,Yes - Softball,Conference USA,Matriculated,
2024-25,2010951567,GIULIA,DESIDERIO,05/18/2025,08/27/2025,I,"University of South Carolina, Columbia",Softball,,Southeastern Conference,Matriculated,
2024-25,1805206939,KAYDEN,DUNN,05/18/2025,08/27/2025,I,Troy University,Softball,,Sun Belt Conference,Matriculated,
2024-25,1909679029,BRITT,BOURGOYNE,05/19/2025,08/27/2025,I,University of Alabama at Birmingham,Softball,Yes - Softball,American Athletic Conference,Matriculated,
2024-25,2111386447,SYDNI,BURKO,05/19/2025,08/27/2025,I,"Indiana University, Bloomington",Softball,,Big Ten Conference,Matriculated,
2024-25,1912768790,AMBER,RIVAS,05/19/2025,08/27/2025,I,Morgan State University,Softball,,Mid-Eastern Athletic Conf.,Matriculated,
2024-25,2107276977,MADISON,OKANO,05/19/2025,08/27/2025,I,Arizona State University,Softball,Yes - Softball,Big 12 Conference,Matriculated,
2024-25,2305893356,BRIANA,JONES,05/18/2025,08/27/2025,I,Texas Tech University,Softball,,Big 12 Conference,Matriculated,
2024-25,2006874144,NATALIE,CAMARENA,05/19/2025,08/27/2025,I,California Polytechnic State University,Softball,,Big West Conference,Matriculated,
2024-25,2202436916,ELLA,WESOLOWSKI,05/20/2025,08/27/2025,I,Mississippi State University,Softball,,Southeastern Conference,Matriculated,
2024-25,2208645275,ELLA,USSERY,05/19/2025,08/27/2025,I,University of North Alabama,Softball,,Atlantic Sun Conference,Matriculated,
2024-25,2311155903,AVA,PAQUIN,01/29/2025,08/27/2025,II,Sonoma State University,Softball,,California Collegiate Athletic Association,Matriculated,
2024-25,2206581508,TEGAN,LIVESAY,05/19/2025,08/27/2025,I,Southeast Missouri State University,Softball,,Ohio Valley Conference,Matriculated,
2024-25,2505615145,BROOKLYN,HOFER,05/21/2025,08/27/2025,III,"Concordia College, Moorhead",Softball,Yes - Softball,Minnesota Intercollegiate Athletic Conference,Matriculated,
2024-25,2105165254,MADYSON,MANNING,05/29/2025,08/27/2025,I,Louisiana State University,Softball,,Southeastern Conference,Matriculated,
2024-25,2206597994,NADIA,ANDAROWSKI,05/28/2025,08/28/2025,I,Iona University,Softball,,Metro Atlantic Athletic Conference,Matriculated,
2024-25,2206584245,PRECIOUS,BROSS,06/09/2025,08/28/2025,I,University of Georgia,Softball,,Southeastern Conference,Matriculated,
2024-25,2009920805,ABIGAIL,DOWELL,05/18/2025,08/28/2025,I,Boise State University,Softball,,Mountain West Conference,Matriculated,
2024-25,2108307988,KATHERINE,BRUNNER,05/18/2025,08/28/2025,I,University of New Mexico,Softball,,Mountain West Conference,Matriculated,
2024-25,1908667958,ABIGAIL,DUNNING,05/06/2025,08/28/2025,I,Boston College,Softball,,Atlantic Coast Conference,Matriculated,
2024-25,2009915303,JOSEPHYNE,MARRON,05/20/2025,08/28/2025,I,Mississippi State University,Softball,,Southeastern Conference,Matriculated,
2024-25,2209658259,JUSTINE,DAVIDSON,05/18/2025,08/28/2025,I,Utah State University,Softball,Yes - Softball,Mountain West Conference,Matriculated,
2024-25,2208636439,PEYTON,TANNER,06/04/2025,08/28/2025,I,"University of Tennessee, Knoxville",Softball,,Southeastern Conference,Matriculated,
2024-25,2106215248,SYDNEY,LINN,05/12/2025,08/28/2025,II,Midwestern State University,Softball,,Lone Star Conference,Matriculated,
2024-25,2008913158,ALEXANDRA,AGUILAR,05/18/2025,08/28/2025,I,Wichita State University,Softball,,American Athletic Conference,Matriculated,
2024-25,2107249477,REESE,EVANS,05/07/2025,08/28/2025,I,Kennesaw State University,Softball,,Conference USA,Matriculated,
2024-25,2108308433,VERONICA,HARRISON,05/19/2025,08/28/2025,I,Lamar University,Softball,,Southland Conference,Matriculated,
2024-25,2203454491,MALIYAH,LAWSON,05/14/2025,08/28/2025,II,Nova Southeastern University,Softball,,Sunshine State Conference,Matriculated,
2024-25,2108291813,ALYSSA,HOVERMALE,06/02/2025,08/28/2025,I,University of Florida,Softball,,Southeastern Conference,Matriculated,
2024-25,1904501267,JAMIE,MACKAY,06/03/2025,08/28/2025,I,University of Mississippi,Softball,,Southeastern Conference,Matriculated,
2024-25,2209683565,KILEY,CHANNELL,05/21/2025,08/28/2025,I,Florida Atlantic University,Softball,,American Athletic Conference,Matriculated,
2024-25,1909672945,KAYLEE,CAVAZOS,05/23/2025,08/28/2025,I,University of Texas at Arlington,Softball,,Western Athletic Conference,Matriculated,
2024-25,2206592354,KENDALL,SELITZKY,05/19/2025,08/28/2025,II,West Texas A&M University,Softball,,Lone Star Conference,Matriculated,
2024-25,2301754944,MACIE,VICKERS,05/19/2025,08/28/2025,I,University of Nebraska-Lincoln,Softball,,Big Ten Conference,Matriculated,
2024-25,1905586782,JORDAN,HILL-COGILL,10/01/2024,08/28/2025,I,Columbia University-Barnard College,Softball,,The Ivy League,Matriculated,
2024-25,2109311500,TALLEN,EDWARDS,05/20/2025,08/28/2025,I,Oklahoma State University,Softball,,Big 12 Conference,Matriculated,
2024-25,2309120891,CASSIDY,GALL,06/09/2025,08/28/2025,I,University of Evansville,Softball,,Missouri Valley Conference,Matriculated,
2024-25,2008906658,MADISON,RUNYAN,05/18/2025,08/28/2025,I,"University of Maryland, College Park",Softball,,Big Ten Conference,Matriculated,
2024-25,2009915546,LAUREN,GRANGER,06/30/2025,08/28/2025,II,West Texas A&M University,Softball,,Lone Star Conference,Matriculated,
2024-25,2109316395,TRINITY,KENNEMER,05/18/2025,08/28/2025,I,South Dakota State University,Softball,,The Summit League,Matriculated,
2024-25,2009921021,ALEXIS,SEALEY,05/12/2025,08/28/2025,III,University of Hartford,Softball,,Conference of New England,Matriculated,
2024-25,2209666833,BROOKLYN,SHROYER,05/19/2025,08/28/2025,I,"Fairleigh Dickinson University, Metropolitan Campus",Softball,,Northeast Conference,Matriculated,
2024-25,1909671703,MAYA,THOMPSON,05/06/2025,08/28/2025,III,Kean University,Softball,,New Jersey Athletic Conference,Withdrawn,
2024-25,2306941913,BROOKE,CAMACHO,07/17/2025,08/28/2025,I,"University of Hawaii, Manoa",Softball,Yes - Softball,Big West Conference,Matriculated,
2024-25,2011960429,ALLISON,KIMBALL,05/26/2025,08/28/2025,II,Western Washington University,Softball,,Great Northwest Athletic Conference,Matriculated,
2024-25,2208645431,SA'MYA,JONES,05/26/2025,08/28/2025,I,Louisiana State University,Softball,,Southeastern Conference,Matriculated,
2024-25,2208648143,DEZIRAE,LOPEZ,05/18/2025,08/28/2025,I,Sam Houston State University,Softball,,Conference USA,Matriculated,
2024-25,2406320889,ALEXIS,SHAVER,06/27/2025,08/28/2025,I,Kennesaw State University,Softball,,Conference USA,Matriculated,
2024-25,2108299315,SAGE,SCARMARDO,06/17/2025,08/28/2025,I,Purdue University,Softball,,Big Ten Conference,Matriculated,
2024-25,2209655574,CORRI,HICKS,06/03/2025,08/28/2025,I,University of Oklahoma,Softball,,Southeastern Conference,Matriculated,
2024-25,2108298466,TORI,ENSLEY,05/18/2025,08/28/2025,I,North Carolina State University,Softball,,Atlantic Coast Conference,Matriculated,
2024-25,2207613490,CAMBREE,CREAGER,05/19/2025,08/28/2025,I,Arizona State University,Softball,,Big 12 Conference,Matriculated,
2024-25,2112393762,MADISON,WENDEL,05/18/2025,08/28/2025,I,Central Michigan University,Softball,,Mid-American Conference,Matriculated,
2024-25,2004843115,SIERRA,MANESS,05/19/2025,08/28/2025,I,University of South Carolina Upstate,Softball,,Big South Conference,Matriculated,
2024-25,2110354774,KATE,CALLAWAY,05/14/2025,08/29/2025,I,Cornell University,Softball,,The Ivy League,Withdrawn,
2024-25,2001785734,EMMA,LOPEZ,05/18/2025,08/29/2025,I,University of Texas at Arlington,Softball,,Western Athletic Conference,Matriculated,
2024-25,2008910344,MAIA,TOWNSEND,05/21/2025,08/29/2025,I,Louisiana State University,Softball,,Southeastern Conference,Matriculated,
2024-25,2202430355,MAKENNA,BALAY,04/07/2025,08/29/2025,II,Kutztown University of Pennsylvania,Softball,,Pennsylvania State Athletic Conference,Matriculated,
2024-25,2102108007,GAELEN,KELLY,05/18/2025,08/29/2025,I,"Rutgers, The State University of New Jersey, New Brunswick",Softball,,Big Ten Conference,Matriculated,
2024-25,2208651112,BROOKE,WILDES,05/27/2025,08/29/2025,I,Liberty University,Softball,,Conference USA,Matriculated,
2024-25,2111384231,BROOKE,MANNON,05/19/2025,08/29/2025,I,University of Arizona,Softball,,Big 12 Conference,Matriculated,
2024-25,2109310356,KAYLEY,YORK,05/18/2025,08/29/2025,I,Rider University,Softball,,Metro Atlantic Athletic Conference,Matriculated,
2024-25,2202441783,ADDISON,DUKE,06/05/2025,08/29/2025,I,University of Mississippi,Softball,,Southeastern Conference,Matriculated,
2024-25,2307951055,JULIE,KELLEY,05/19/2025,08/29/2025,I,University of Kentucky,Softball,,Southeastern Conference,Matriculated,
2024-25,2209667047,EMMA,FRIEDEL,05/07/2025,08/29/2025,I,Kennesaw State University,Softball,,Conference USA,Matriculated,
2024-25,2207616325,ELLA,TROUTT,05/29/2025,08/29/2025,I,University of Georgia,Softball,,Southeastern Conference,Matriculated,
2024-25,2205553001,SERENITI,TRICE,05/18/2025,08/29/2025,I,Iowa State University,Softball,,Big 12 Conference,Matriculated,
2024-25,2310131710,MORGAN,KINGSBURY,05/13/2025,08/29/2025,II,Sonoma State University,Softball,,California Collegiate Athletic Association,Matriculated,
2024-25,2209657206,JENAE,BERRY,05/28/2025,08/29/2025,I,"Indiana University, Bloomington",Softball,,Big Ten Conference,Matriculated,
2024-25,2106187223,MEGAN,GREGORY,05/18/2025,08/29/2025,I,Campbell University,Softball,,Coastal Athletic Association,Matriculated,
2024-25,2004844212,GRACE,JENKINS,06/09/2025,08/29/2025,I,University of Connecticut,Softball,,Big East Conference,Matriculated,
2024-25,2008903972,JALEN,ADAMS,06/02/2025,08/29/2025,I,University of Iowa,Softball,,Big Ten Conference,Matriculated,
2024-25,2110341220,TATE,DAVIS,06/03/2025,08/29/2025,I,University of Mississippi,Softball,,Southeastern Conference,Matriculated,
2024-25,2110353988,AMANDA,STALKER,05/15/2025,08/29/2025,II,College of Staten Island,Softball,,East Coast Conference,Matriculated,
2024-25,2008899113,KADIE,BECKER,05/29/2025,08/29/2025,I,"University of South Carolina, Columbia",Softball,,Southeastern Conference,Matriculated,
2024-25,2209657675,MADELYN,BODE,04/30/2025,08/29/2025,II,University of Sioux Falls,Softball,,Northern Sun Intercollegiate Conference,Matriculated,
2024-25,2012977809,BAILEY,SAMPLE,03/26/2025,08/29/2025,I,Bradley University,Softball,,Missouri Valley Conference,Matriculated,
2024-25,2102106830,JULIA,SHEARER,05/22/2025,08/29/2025,I,"University of Maryland, College Park",Softball,,Big Ten Conference,Matriculated,
2024-25,1903451069,CAYDENCE,MACIK,03/05/2025,08/29/2025,II,Mansfield University of Pennsylvania,Softball,,Pennsylvania State Athletic Conference,Matriculated,
2024-25,2209668503,FA'ATELE,JENNINGS,06/04/2025,08/29/2025,I,University of San Diego,Softball,,West Coast Conference,Matriculated,
2024-25,2310139329,ISABELLA,COULMAN,05/19/2025,08/30/2025,I,University of Wisconsin-Green Bay,Softball,,Horizon League,Matriculated,
2024-25,2111380332,TAYLOR,SEDAM,05/13/2025,08/30/2025,II,Upper Iowa University,Softball,,Great Lakes Valley Conference,Matriculated,
2024-25,2311155840,ALYSSA,DONOVAN,05/16/2025,09/01/2025,II,Menlo College,Softball,,Pacific West Conference,Matriculated,
2024-25,2211731263,SAMANTHA,ROHWER,05/18/2025,09/02/2025,I,Bryant University,Softball,,America East Conference,Matriculated,
2024-25,2308992553,SYDNEY,GARRETT,05/18/2025,09/02/2025,I,Georgia State University,Softball,,Sun Belt Conference,Matriculated,
2024-25,2109312255,CASSIE,REASNER,05/20/2025,09/02/2025,I,University of Kentucky,Softball,,Southeastern Conference,Matriculated,
2024-25,2203459288,AVERY,ROBINSON,01/27/2025,09/02/2025,I,Cleveland State University,Softball,,Horizon League,Matriculated,
2024-25,2011968970,MIA,MITCHELL,05/12/2025,09/02/2025,I,"University at Buffalo, the State University of New York",Softball,,Mid-American Conference,Matriculated,
2024-25,1909676741,LUCY,GOODWIN,01/30/2025,09/02/2025,I,Coastal Carolina University,Softball,,Sun Belt Conference,Matriculated,
2024-25,2203486443,ERIKA,BARELA,05/19/2025,09/02/2025,I,"Fairleigh Dickinson University, Metropolitan Campus",Softball,,Northeast Conference,Matriculated,
2024-25,2109310750,AVA,MULLEN,05/18/2025,09/02/2025,I,Michigan State University,Softball,Yes - Softball,Big Ten Conference,Matriculated,
2024-25,2106183868,RIPLEY,WELKER,05/18/2025,09/02/2025,I,Texas A&M University-Corpus Christi,Softball,,Southland Conference,Matriculated,
2024-25,2310126299,ANNABELLA,CIPALLA,05/18/2025,09/02/2025,I,Saint Francis University,Softball,,Northeast Conference,Matriculated,
2024-25,2207613494,KADENCE,SHEPHERD,05/18/2025,09/02/2025,I,"University of Missouri, Columbia",Softball,Yes - Softball,Southeastern Conference,Matriculated,
2024-25,2108284238,EMMA,WARDLAW,05/19/2025,09/02/2025,I,Lamar University,Softball,,Southland Conference,Matriculated,
2024-25,2112391459,MAKENNA,BELLAIRE,06/04/2025,09/02/2025,I,University of Florida,Softball,,Southeastern Conference,Matriculated,
2024-25,2004844298,KYRA,AYCOCK,06/03/2025,09/02/2025,I,Oklahoma State University,Softball,Yes - Softball,Big 12 Conference,Matriculated,
2025-26,2210702066,ALEXA,BRACERO,09/02/2025,09/02/2025,II,Georgian Court University,Softball,,Central Atlantic Collegiate Conference,Active,
2024-25,1910708285,CASSIDY,PATTERSON,05/14/2025,09/02/2025,II,Nova Southeastern University,Softball,,Sunshine State Conference,Matriculated,
2024-25,2107244545,TARA,VANDEWATER,05/20/2025,09/02/2025,I,Oklahoma State University,Softball,,Big 12 Conference,Matriculated,
2024-25,1905573949,LAYLONNA,APPLIN,05/14/2025,09/02/2025,II,Angelo State University,Softball,,Lone Star Conference,Matriculated,
2024-25,2206593369,NATALIE,TURNER,05/14/2025,09/02/2025,I,Troy University,Softball,,Sun Belt Conference,Matriculated,
2024-25,2205568516,LAUREN,ARCHAMBAULT,05/30/2025,09/02/2025,I,Florida Gulf Coast University,Softball,,Atlantic Sun Conference,Matriculated,
2024-25,2208629323,SAMANTHA,DELHOYO,06/16/2025,09/02/2025,I,University of Central Florida,Softball,,Big 12 Conference,Matriculated,
2024-25,2110347682,KEYANNAH,CHAVEZ,05/18/2025,09/02/2025,I,University of New Mexico,Softball,,Mountain West Conference,Matriculated,
2024-25,2107278015,KASSANDRA,GEWECKE,05/20/2025,09/02/2025,I,The Ohio State University,Softball,,Big Ten Conference,Matriculated,
2024-25,2309108997,GRACE,MOLITOR,07/15/2025,09/02/2025,I,Arizona State University,Softball,Yes - Softball,Big 12 Conference,Matriculated,
2024-25,2202434954,ADDISON,LUCIER,06/04/2025,09/02/2025,I,Boston University,Softball,,Patriot League,Matriculated,
2024-25,2210685836,PRESLEY,BARNES,05/18/2025,09/02/2025,I,University of the Pacific,Softball,,West Coast Conference,Matriculated,
2024-25,2009914023,EMILEE,BOYER,06/27/2025,09/02/2025,II,West Texas A&M University,Softball,,Lone Star Conference,Matriculated,
2024-25,1807243353,REILI,GARDNER,06/11/2025,09/02/2025,I,"University of Minnesota, Twin Cities",Softball,,Big Ten Conference,Matriculated,
2024-25,2010943891,CAITLIN,MULLEN,05/19/2025,09/02/2025,I,Stetson University,Softball,,Atlantic Sun Conference,Matriculated,
2024-25,2210695239,MEGHAN,SHIREY,06/02/2025,09/02/2025,I,"University of Maryland, Baltimore County",Softball,,America East Conference,Matriculated,
2024-25,2208642881,RAEGEN,EVERETT,05/18/2025,09/02/2025,I,"University of California, Riverside",Softball,,Big West Conference,Matriculated,
2024-25,2209673423,MAKENNA,COLEMAN,05/18/2025,09/02/2025,I,Bryant University,Softball,,America East Conference,Matriculated,
2024-25,2110350180,BROOKE,SHIFFLETT,05/18/2025,09/02/2025,I,Creighton University,Softball,,Big East Conference,Matriculated,
2024-25,2210694720,AVERY,FIELDEN,05/01/2025,09/02/2025,II,Young Harris College,Softball,,Conference Carolinas,Matriculated,
2024-25,2103138252,LIESL,OSTEEN,06/05/2025,09/02/2025,I,"University of California, Los Angeles",Softball,,Big Ten Conference,Matriculated,
2024-25,2109322297,RACHEL,COOK,05/12/2025,09/02/2025,I,Abilene Christian University,Softball,,Western Athletic Conference,Matriculated,
2024-25,2206575004,KYLIE,RAST,05/12/2025,09/02/2025,II,North Greenville University,Softball,,Conference Carolinas,Matriculated,
2024-25,2208649368,MADALYN,MARTIN,06/14/2025,09/02/2025,I,Long Beach State University,Softball,,Big West Conference,Matriculated,
2024-25,2004844246,HOPE,JENKINS,06/09/2025,09/02/2025,I,University of Connecticut,Softball,,Big East Conference,Matriculated,
2024-25,2209668582,SYDNEY,SHILLER,06/10/2025,09/02/2025,I,Texas Tech University,Softball,,Big 12 Conference,Matriculated,
2024-25,2209664591,EMERY,AGUILAR,05/07/2025,09/02/2025,II,The University of Texas Permian Basin,Softball,,Lone Star Conference,Matriculated,
2024-25,2201420100,MAKAYLA,MEDELLIN,06/16/2025,09/02/2025,I,Long Beach State University,Softball,,Big West Conference,Matriculated,
2024-25,2212743027,NATALIE,BUSH,05/18/2025,09/02/2025,I,Valparaiso University,Softball,,Missouri Valley Conference,Matriculated,
2024-25,1910724801,LILLIANNA,GARCIA,05/16/2025,09/02/2025,II,"California State University, Dominguez Hills",Softball,,California Collegiate Athletic Association,Matriculated,
2024-25,2011961936,KENNEDY,BUNKER,06/15/2025,09/02/2025,I,"California State University, Fresno",Softball,,Mountain West Conference,Matriculated,
2024-25,2306935944,MIRANDA,DE NAVA,06/09/2025,09/02/2025,I,"University of California, Berkeley",Softball,,Atlantic Coast Conference,Matriculated,
2024-25,2204547350,MIA,WILLIAMS,06/04/2025,09/03/2025,I,University of Florida,Softball,,Southeastern Conference,Matriculated,
2024-25,2301762563,VIOLET,MARTA,05/15/2025,09/03/2025,I,Drexel University,Softball,Yes - Softball,Coastal Athletic Association,Matriculated,
2024-25,2210703006,RYLEIGH,SAPP,05/18/2025,09/03/2025,I,Lipscomb University,Softball,,Atlantic Sun Conference,Matriculated,
2024-25,1907643455,BRIANA,BOWER,05/10/2025,09/03/2025,I,University of Illinois Urbana-Champaign,Softball,,Big Ten Conference,Matriculated,
2024-25,2007891176,JACLYN,LIS,05/18/2025,09/03/2025,I,Southern Illinois University at Carbondale,Softball,,Missouri Valley Conference,Matriculated,
2024-25,2304858657,ELLA,SULKAZI,05/20/2025,09/03/2025,I,University of Rhode Island,Softball,,Atlantic 10 Conference,Withdrawn,
2024-25,2308995319,CAMDEN,ANDERS,05/28/2025,09/03/2025,I,Georgia Institute of Technology,Softball,Yes - Softball,Atlantic Coast Conference,Matriculated,
2024-25,1811349621,ABBEY,NIXON,04/30/2025,09/03/2025,II,Lenoir-Rhyne University,Softball,,South Atlantic Conference,Matriculated,
2024-25,2309107362,GRACE,WALKER,05/19/2025,09/03/2025,I,Western Michigan University,Softball,,Mid-American Conference,Matriculated,
2024-25,2109309433,DESIRAE,SPEARMAN,05/21/2025,09/03/2025,I,New Mexico State University,Softball,,Conference USA,Matriculated,
2024-25,2111367774,GABRIELLA,GESUALDO,05/27/2025,09/03/2025,I,Monmouth University,Softball,,Coastal Athletic Association,Matriculated,
2024-25,2108291863,DAKOTA,KENNEDY,06/02/2025,09/03/2025,I,University of Arizona,Softball,,Big 12 Conference,Matriculated,
2024-25,1710943835,MCKENNA,MULHOLLAND,05/20/2025,09/03/2025,I,Ball State University,Softball,,Mid-American Conference,Matriculated,
2024-25,2108297762,TAYLOR,PANNELL,06/12/2025,09/03/2025,I,"University of Tennessee, Knoxville",Softball,,Southeastern Conference,Matriculated,
2024-25,2303804244,HANNAH,SODERBECK,04/30/2025,09/03/2025,II,University of Sioux Falls,Softball,,Northern Sun Intercollegiate Conference,Matriculated,
2024-25,2110353405,TIANNA,BELL,05/20/2025,09/03/2025,I,"University of California, Berkeley",Softball,,Atlantic Coast Conference,Matriculated,
2024-25,2208636633,MAKAYLA,REGISTER,05/20/2025,09/03/2025,I,University of West Georgia,Softball,,Atlantic Sun Conference,Matriculated,
2024-25,2012978816,KARSON,DAVEY,05/20/2025,09/03/2025,I,Eastern Illinois University,Softball,,Ohio Valley Conference,Matriculated,
2024-25,2306924339,MAKENNA,CURRAN,07/20/2025,09/03/2025,II,"Pennsylvania Western University, California",Softball,,Pennsylvania State Athletic Conference,Matriculated,
2024-25,1710920352,RYLEE,MCDANIEL,05/20/2025,09/03/2025,II,San Francisco State University,Softball,,California Collegiate Athletic Association,Matriculated,
2024-25,2301764003,LILA,MCNEILL,05/18/2025,09/03/2025,I,South Dakota State University,Softball,,The Summit League,Matriculated,
2024-25,2311172126,MARY,SCHMIDT,05/08/2025,09/03/2025,II,Minnesota State University Moorhead,Softball,,Northern Sun Intercollegiate Conference,Matriculated,
2024-25,2205566084,ISABELLA,SANTOS,05/24/2025,09/03/2025,II,Auburn University at Montgomery,Softball,,Gulf South Conference,Matriculated,
2024-25,2108298874,JASMYN,BURNS,05/29/2025,09/03/2025,I,The Ohio State University,Softball,,Big Ten Conference,Matriculated,
2024-25,2108296561,CORRINE,WRIGHT,06/06/2025,09/03/2025,II,Gannon University,Softball,,Pennsylvania State Athletic Conference,Matriculated,
2024-25,2108297523,KAITLYN,TERRY,06/04/2025,09/03/2025,I,"University of California, Los Angeles",Softball,,Big Ten Conference,Matriculated,
2024-25,2201404613,DANIELLE,LAUGHLIN,12/01/2024,09/03/2025,I,Texas State University,Softball,,Sun Belt Conference,Matriculated,
2024-25,2406328859,TARRYN,MORRIS,05/01/2025,09/03/2025,II,Lake Erie College,Softball,,Great Midwest Athletic Conference,Matriculated,
2024-25,2212738363,DILLYN,SUGGS,05/18/2025,09/03/2025,I,Campbell University,Softball,,Coastal Athletic Association,Matriculated,
2024-25,2210703029,HANNAH,RIVERS,05/27/2025,09/03/2025,I,Mercer University,Softball,,Southern Conference,Matriculated,
2024-25,2208653956,LILLIAN,HOLTJE,05/21/2025,09/03/2025,I,Arizona State University,Softball,Yes - Softball,Big 12 Conference,Matriculated,
2024-25,2505597274,RAEGAN,HALLETT,05/07/2025,09/03/2025,III,University of La Verne,Softball,,Southern California Intercollegiate Athletic Conf.,Matriculated,
2024-25,2307972043,TENISON,MYRICKS,05/09/2025,09/03/2025,II,Fort Valley State University,Softball,,Southern Intercol. Ath. Conf.,Matriculated,
2024-25,2101987271,MCKENNA,YOUNG,05/18/2025,09/03/2025,I,University of South Dakota,Softball,,The Summit League,Matriculated,
2024-25,1906603176,LOGAN-RAY,GASPAR,05/19/2025,09/03/2025,I,"California State University, Bakersfield",Softball,,Big West Conference,Matriculated,
2024-25,2201412722,RAYAH,SNYDER,05/23/2025,09/03/2025,I,University of Connecticut,Softball,,Big East Conference,Matriculated,
2024-25,2009915118,SYDNEY,ZENON,05/18/2025,09/03/2025,I,Wichita State University,Softball,,American Athletic Conference,Matriculated,
2024-25,2107238425,DAFNE,MERCADO,05/29/2025,09/03/2025,I,Texas A&M University-Corpus Christi,Softball,,Southland Conference,Matriculated,
2024-25,2011960495,SAVANNAH,NASH,05/19/2025,09/03/2025,I,Saint Francis University,Softball,,Northeast Conference,Matriculated,
2024-25,2008899993,ELLY,ECKRICH,05/19/2025,09/03/2025,I,University of Tennessee at Martin,Softball,,Ohio Valley Conference,Matriculated,
2024-25,2107251299,HANNAH,DUNCAN,05/18/2025,09/03/2025,I,"California State University, Fresno",Softball,,Mountain West Conference,Matriculated,
2024-25,2210708578,KALIYAH,HENSIC,05/08/2025,09/03/2025,II,University of South Carolina Aiken,Softball,,Peach Belt Conference,Matriculated,
2024-25,2407356450,ALLYSON,FUENTES,05/21/2025,09/03/2025,II,"California State University, Dominguez Hills",Softball,,California Collegiate Athletic Association,Matriculated,
2024-25,1708867929,ASHLEIGH,DENDAS,04/02/2025,09/03/2025,I,"California State University, Fullerton",Softball,,Big West Conference,Matriculated,
2024-25,2101989121,ALLISON,JONES,05/18/2025,09/03/2025,I,University of Rhode Island,Softball,,Atlantic 10 Conference,Matriculated,
2024-25,2012980161,ALYSSA,ONYEAGWA,05/12/2025,09/03/2025,I,California Baptist University,Softball,,Western Athletic Conference,Matriculated,
2024-25,2010933465,CARA,BOHNER,10/01/2024,09/03/2025,I,Towson University,Softball,,Coastal Athletic Association,Matriculated,
2024-25,1811349486,LEA,KOSINSKI,03/13/2025,09/03/2025,I,Providence College,Softball,,Big East Conference,Matriculated,
2024-25,2206577200,VIOLET,SALAZAR,05/19/2025,09/03/2025,I,"California State University, Bakersfield",Softball,,Big West Conference,Matriculated,
2024-25,2102107887,CAITLYN,HALL,05/09/2025,09/03/2025,I,Abilene Christian University,Softball,,Western Athletic Conference,Matriculated,
2024-25,2302791517,AALIYAH,DIXON,05/19/2025,09/03/2025,I,University of Memphis,Softball,,American Athletic Conference,Active,
2024-25,2212742226,CAMBRYIN,MANN,03/31/2025,09/03/2025,II,Kentucky Wesleyan College,Softball,,Great Midwest Athletic Conference,Matriculated,
2024-25,2109317433,ELLA,FOX,06/16/2025,09/03/2025,I,"University of North Carolina, Chapel Hill",Softball,Yes - Softball,Atlantic Coast Conference,Matriculated,
2024-25,1911745297,BRIANNA,PEARSON,06/01/2025,09/03/2025,II,Adelphi University,Softball,,Northeast-10 Conference,Matriculated,
2024-25,2208654940,BROOKE,MASINGALE,05/18/2025,09/03/2025,I,East Carolina University,Softball,,American Athletic Conference,Matriculated,
2024-25,2211728665,BAELEIGH,BURWELL,06/03/2025,09/03/2025,II,Lake Erie College,Softball,,Great Midwest Athletic Conference,Matriculated,
2024-25,1807235009,MADISON,INSCOE,05/18/2025,09/03/2025,I,North Carolina State University,Softball,,Atlantic Coast Conference,Matriculated,
2024-25,2103128422,CHRISTAL,LOPEZ,05/27/2025,09/03/2025,I,"California State University, Bakersfield",Softball,,Big West Conference,Matriculated,
2024-25,2208637831,ALEXA,CARTER,05/18/2025,09/03/2025,I,Purdue University Fort Wayne,Softball,Yes - Softball,Horizon League,Matriculated,
2024-25,2003823080,KELSEY,ENDRESS,05/21/2025,09/03/2025,I,Florida Atlantic University,Softball,,American Athletic Conference,Matriculated,
2024-25,2110343968,MADISYN,PARKER,06/16/2025,09/03/2025,I,University of Missouri-Kansas City,Softball,Yes - Softball,The Summit League,Matriculated,
2024-25,2109327541,AVA,PERKINS,05/02/2025,09/03/2025,II,Lee University,Softball,,Gulf South Conference,Matriculated,
2024-25,2109309466,IMOGEN,GIE,05/18/2025,09/03/2025,I,University of Maine,Softball,,America East Conference,Matriculated,
2024-25,2201407714,CARMEN,URIBE,05/17/2025,09/03/2025,I,University of Central Arkansas,Softball,,Atlantic Sun Conference,Matriculated,
2024-25,2206596873,ALANA,GARCIA,05/06/2025,09/03/2025,II,Texas A&M International University,Softball,,Lone Star Conference,Matriculated,
2024-25,2212747535,JESSIE,HENRY,05/08/2025,09/03/2025,II,Minnesota State University Moorhead,Softball,,Northern Sun Intercollegiate Conference,Matriculated,
2024-25,1909673164,MORRIGAN,GARDINER,10/01/2024,09/04/2025,I,Lafayette College,Softball,,Patriot League,Active,
2024-25,2208643629,KYNADEE,WARNER,06/11/2025,09/04/2025,I,University of Evansville,Softball,,Missouri Valley Conference,Matriculated,
2024-25,2003825422,BAILEY,MANOS,05/23/2025,09/04/2025,I,Purdue University Fort Wayne,Softball,Yes - Softball,Horizon League,Matriculated,
2024-25,2108294742,PAITYN,ENGEMANN,05/16/2025,09/04/2025,I,University of Central Arkansas,Softball,,Atlantic Sun Conference,Matriculated,
2024-25,2209659921,CASSANDRA,JOHNSON,05/18/2025,09/04/2025,I,Texas Tech University,Softball,,Big 12 Conference,Matriculated,
2024-25,1809310765,KAIAH,ALTMEYER,06/03/2025,09/04/2025,I,University of Arizona,Softball,,Big 12 Conference,Matriculated,
2024-25,2209659288,LINDSEY,MILLER,05/20/2025,09/04/2025,I,University of Kentucky,Softball,,Southeastern Conference,Matriculated,
2024-25,2302793719,ABIGAIL,PIPPEN,05/19/2025,09/04/2025,I,University of South Carolina Upstate,Softball,,Big South Conference,Matriculated,
2024-25,2202436661,SYDNEY,LEADBETTER,04/15/2025,09/04/2025,II,West Virginia Wesleyan College,Softball,,Mountain East Conference,Matriculated,
2024-25,2004841619,LILLIAN,SCHEIVERT,05/19/2025,09/04/2025,I,University of Delaware,Softball,,Coastal Athletic Association,Matriculated,
2024-25,2010936789,HALEY,CUMMINGS,06/30/2025,09/04/2025,II,Southern Arkansas University,Softball,,Great American Conference,Matriculated,
2024-25,2303801094,HAILEY,STRUNK,05/15/2025,09/04/2025,I,Jacksonville University,Softball,,Atlantic Sun Conference,Matriculated,
2024-25,2006874907,CHLOE,MONTALVO,05/18/2025,09/04/2025,I,Stony Brook University,Softball,,Coastal Athletic Association,Matriculated,
2024-25,2203452655,CANDACE,TARLE,05/19/2025,09/04/2025,I,University of Utah,Softball,,Big 12 Conference,Matriculated,
2024-25,2108289406,PRESLEY,HOSICK,06/05/2025,09/04/2025,I,"University of Minnesota, Twin Cities",Softball,,Big Ten Conference,Matriculated,
2024-25,2209656065,TAYLOR,HAYWOOD,05/15/2025,09/04/2025,I,Abilene Christian University,Softball,,Western Athletic Conference,Matriculated,
2024-25,2010950127,KEY-ANNAH,CAMPBELL PU'A,06/16/2025,09/04/2025,I,"California State University, Fresno",Softball,,Mountain West Conference,Matriculated,
2024-25,2004849556,ADRIANA,ROMANO,05/14/2025,09/04/2025,I,University of Pittsburgh,Softball,,Atlantic Coast Conference,Matriculated,
2024-25,2211732672,EMILY,SIUREK,05/18/2025,09/04/2025,I,South Dakota State University,Softball,,The Summit League,Matriculated,
2024-25,2208629613,GRACE,KRAMSCHUSTER,05/18/2025,09/04/2025,I,University of Tennessee at Chattanooga,Softball,,Southern Conference,Active,
2023-24,2004850097,BRYANA,MARTINEZ,05/21/2024,09/04/2025,I,St. Bonaventure University,Softball,,Atlantic 10 Conference,Matriculated,
2024-25,2210704593,MYA,JANUARY,05/18/2025,09/04/2025,I,University of Central Arkansas,Softball,,Atlantic Sun Conference,Matriculated,
2024-25,2103134596,FAITH,JORDAN,06/14/2025,09/04/2025,I,"California State University, Fresno",Softball,,Mountain West Conference,Matriculated,
2024-25,2207608054,RUBY,ANDERSON,05/18/2025,09/04/2025,I,"California State University, Fresno",Softball,,Mountain West Conference,Matriculated,
2024-25,2109330817,ELIANA,RAPOSO,09/18/2024,09/04/2025,II,St. Thomas Aquinas College,Softball,,East Coast Conference,Matriculated,
2024-25,2108305021,ASHLEY,MANDELL,05/19/2025,09/04/2025,II,West Texas A&M University,Softball,,Lone Star Conference,Matriculated,
2024-25,1703760475,HANNAH,ORTEGA,05/13/2025,09/04/2025,I,"California State University, Fresno",Softball,,Mountain West Conference,Matriculated,
2023-24,2102107006,EMILY,CHANDLER,05/29/2024,09/05/2025,I,The University of Southern Mississippi,Softball,,Sun Belt Conference,Matriculated,
2024-25,2103131748,OLIVIA,WANSER,05/12/2025,09/05/2025,II,College of Staten Island,Softball,,East Coast Conference,Matriculated,
2024-25,2302779917,RAENNA,LISCANO,05/19/2025,09/05/2025,I,University of Louisiana at Lafayette,Softball,,Sun Belt Conference,Matriculated,
2024-25,2101992495,CAMRYN,MARTIN,05/19/2025,09/05/2025,I,"University of North Carolina, Chapel Hill",Softball,,Atlantic Coast Conference,Matriculated,
2024-25,2209656886,BROOKLEY,FOSTER,06/04/2025,09/05/2025,I,The University of Tulsa,Softball,Yes - Softball,American Athletic Conference,Matriculated,
2024-25,2208649433,CAYLIN,HERRNG,05/18/2025,09/05/2025,I,Coastal Carolina University,Softball,,Sun Belt Conference,Matriculated,
2024-25,2203449467,ADDISON,DEAL,05/18/2025,09/05/2025,I,Saint Francis University,Softball,,Northeast Conference,Matriculated,
2024-25,2309108097,RIPLEY,BARRY,05/19/2025,09/05/2025,I,Wagner College,Softball,,Northeast Conference,Matriculated,
2024-25,2209658293,KARINE,MORRISON,04/30/2025,09/05/2025,II,University of Sioux Falls,Softball,,Northern Sun Intercollegiate Conference,Matriculated,
2024-25,2311165733,JAELEIGH,DARNELL,04/30/2025,09/05/2025,II,University of Sioux Falls,Softball,,Northern Sun Intercollegiate Conference,Matriculated,
2024-25,2107275149,EMILY,LEGETTE,05/20/2025,09/05/2025,I,Virginia Polytechnic Institute and State University,Softball,,Atlantic Coast Conference,Matriculated,
2024-25,2211711590,SYDNEY,POTTER,05/19/2025,09/05/2025,I,Creighton University,Softball,,Big East Conference,Matriculated,
2025-26,2301755125,TEA,CORNETT,09/04/2025,09/05/2025,II,Mars Hill University,Softball,,South Atlantic Conference,Active,
2024-25,2004842726,KYLIE,FORNEY,12/02/2024,09/05/2025,I,University of Texas at San Antonio,Softball,,American Athletic Conference,Active,
2024-25,2108308530,EMILY,DELGADO,05/20/2025,09/05/2025,I,Southern Utah University,Softball,,Western Athletic Conference,Matriculated,
2024-25,2307966828,GABRIELLE,PEROD,05/19/2025,09/05/2025,II,Ashland University,Softball,,Great Midwest Athletic Conference,Matriculated,
2024-25,2106211528,CAMPBELL,BEATTY,05/18/2025,09/05/2025,I,Northern Kentucky University,Softball,,Horizon League,Matriculated,
2024-25,2010942770,KATHRYN,OLIVE,05/20/2025,09/05/2025,I,University of Northern Iowa,Softball,,Missouri Valley Conference,Matriculated,
2024-25,2308974512,JACEY,HOLDER,02/06/2025,09/05/2025,III,Lyon College,Softball,,St. Louis Intercollegiate Athletic Conference,Withdrawn,
2024-25,2106208846,LILIANA,ARANA,05/14/2025,09/05/2025,I,California Baptist University,Softball,,Western Athletic Conference,Matriculated,
2024-25,2208654165,AMAYA,PITT,05/19/2025,09/05/2025,I,University of Pittsburgh,Softball,,Atlantic Coast Conference,Matriculated,
2024-25,2401191697,BAILEY,AST,04/28/2025,09/08/2025,II,Northwest Missouri State University,Softball,,Mid-America Intercollegiate Athletics Association,Matriculated,
2024-25,2309125388,CYDNEY,FULLERTON,06/12/2025,09/08/2025,I,Creighton University,Softball,Yes - Softball,Big East Conference,Matriculated,
2024-25,2205555143,TAYLOR,PEACOCK,06/27/2025,09/08/2025,I,San Jose State University,Softball,,Mountain West Conference,Matriculated,
2024-25,1912763225,ELOISE,FACHER,05/18/2025,09/08/2025,I,Kent State University,Softball,,Mid-American Conference,Matriculated,
2024-25,2103136744,ANYA,GERMAN,06/10/2025,09/08/2025,I,Texas Tech University,Softball,,Big 12 Conference,Matriculated,
2024-25,1711955059,BROOKLYN,ULRICH,05/12/2025,09/08/2025,I,Marshall University,Softball,,Sun Belt Conference,Matriculated,
2024-25,2208650285,SYDNEY,BRIGHT,05/19/2025,09/08/2025,I,Marshall University,Softball,,Sun Belt Conference,Matriculated,
2024-25,2309123511,GABRIELLE,SENERCHIA,05/14/2025,09/08/2025,II,Southern New Hampshire University,Softball,,Northeast-10 Conference,Matriculated,
2024-25,2109327007,MAREN,BERGER,05/21/2025,09/08/2025,I,Utah State University,Softball,,Mountain West Conference,Matriculated,
2024-25,2004838662,TRINITY,MARTIN,06/17/2025,09/08/2025,I,Virginia Polytechnic Institute and State University,Softball,,Atlantic Coast Conference,Matriculated,
2024-25,2204508538,AGLAIA,RUDD,05/23/2025,09/08/2025,I,Purdue University Fort Wayne,Softball,Yes - Softball,Horizon League,Matriculated,
2024-25,2506642578,KARMAN,ROWE,06/24/2025,09/08/2025,III,University of Wisconsin-Whitewater,Softball,,Wisconsin Intercollegiate Athletic Conference,Matriculated,
2024-25,1802125634,GIANNA,IAQUINTO,10/01/2024,09/08/2025,I,Hofstra University,Softball,,Coastal Athletic Association,Matriculated,
2024-25,2208650937,ASHLEY,ESPINO,05/18/2025,09/08/2025,I,"California State University, Bakersfield",Softball,,Big West Conference,Matriculated,
2024-25,2201420575,RAIGAN,BRANNON,05/27/2025,09/08/2025,I,Lamar University,Softball,,Southland Conference,Matriculated,
2024-25,2106207000,JENNA,LITTLE,05/23/2025,09/08/2025,I,Southern Illinois University Edwardsville,Softball,,Ohio Valley Conference,Matriculated,
2024-25,2010946333,KYLEE,EDWARDS,05/20/2025,09/08/2025,I,Mississippi State University,Softball,,Southeastern Conference,Matriculated,
2024-25,2206583996,AVA,HAZZARD,05/19/2025,09/08/2025,I,Marshall University,Softball,,Sun Belt Conference,Matriculated,
2024-25,2005861347,KATE,KASTELIC,05/15/2025,09/08/2025,I,Georgia State University,Softball,,Sun Belt Conference,Matriculated,
2024-25,2108306664,MADISON,REY,06/16/2025,09/08/2025,I,"California State University, Fresno",Softball,,Mountain West Conference,Matriculated,
2024-25,2108297625,ALLY,HUTCHINS,05/19/2025,09/08/2025,I,University of Kentucky,Softball,,Southeastern Conference,Matriculated,
2024-25,2211727405,RILEY,BEBB,05/18/2025,09/08/2025,I,University of Missouri-Kansas City,Softball,Yes - Softball,The Summit League,Matriculated,
2024-25,2005860558,TAMYA,GRANT-WAITERS,06/17/2025,09/08/2025,I,University of Houston,Softball,,Big 12 Conference,Matriculated,
2024-25,2211720604,NATALIE,FRITZ,05/18/2025,09/08/2025,I,University of New Mexico,Softball,,Mountain West Conference,Matriculated,
2024-25,2505615298,CHRISTINA,DENOVELLIS,05/22/2025,09/08/2025,III,Roger Williams University,Softball,,Conference of New England,Matriculated,
2024-25,2011968584,TAYLOR,KVALE,05/13/2025,09/08/2025,I,University of Missouri-Kansas City,Softball,,The Summit League,Matriculated,
2024-25,2210701412,KRISTA,BRUNSON,05/14/2025,09/08/2025,II,"University of Pittsburgh, Johnstown",Softball,,Pennsylvania State Athletic Conference,Matriculated,
2024-25,2207602981,RILEY,LAMB,05/18/2025,09/09/2025,I,University of Tennessee at Chattanooga,Softball,,Southern Conference,Matriculated,
2024-25,2206597534,ANA,RICHIEZ,05/30/2025,09/09/2025,I,Florida Gulf Coast University,Softball,,Atlantic Sun Conference,Matriculated,
2024-25,2102117742,TAYLOR,PANNELL,05/18/2025,09/09/2025,I,"University of Missouri, Columbia",Softball,,Southeastern Conference,Matriculated,
2024-25,2006882309,JAYLEEN,REEVES,05/18/2025,09/09/2025,I,"California State University, Bakersfield",Softball,,Big West Conference,Matriculated,
2024-25,2102106959,EDEN,ECHEVARRIA,05/19/2025,09/09/2025,I,University of Wisconsin-Madison,Softball,,Big Ten Conference,Matriculated,
2024-25,1909690952,KIRSTEN,CARAVACA,05/23/2025,09/09/2025,I,University of North Florida,Softball,,Atlantic Sun Conference,Matriculated,
2024-25,2011964780,QUINN,THOMPSON,06/16/2025,09/09/2025,III,Rhodes College,Softball,,Southern Athletic Association,Matriculated,
2024-25,2211721332,KINSLEY,PEEK,05/18/2025,09/09/2025,I,Winthrop University,Softball,,Big South Conference,Matriculated,
2024-25,2008900255,LEXIE,GRIFFIN,05/19/2025,09/09/2025,I,Illinois State University,Softball,,Missouri Valley Conference,Matriculated,
2024-25,2011957424,NORA,BRANDT,05/12/2025,09/09/2025,II,Winona State University,Softball,,Northern Sun Intercollegiate Conference,Matriculated,
2024-25,2306941773,BROOKLYN,PRITCHETT,05/09/2025,09/09/2025,I,Utah State University,Softball,,Mountain West Conference,Matriculated,
2024-25,2102119960,GRACE,CARRINGTON,05/18/2025,09/09/2025,I,"University of Maryland, College Park",Softball,,Big Ten Conference,Matriculated,
2024-25,2007891265,CHRISTINA,CRAWFORD,02/03/2025,09/09/2025,I,University of St. Thomas (Minnesota),Softball,,The Summit League,Matriculated,
2024-25,2309108688,MADISON,HUMBER,05/20/2025,09/09/2025,I,Georgia Southern University,Softball,,Sun Belt Conference,Matriculated,
2024-25,2112396816,MICAELA,BOOTH,05/19/2025,09/09/2025,I,Western Michigan University,Softball,,Mid-American Conference,Matriculated,
2024-25,2301753770,CHELSEY,STONESIFER,04/18/2025,09/09/2025,II,Limestone University,Softball,,South Atlantic Conference,Matriculated,
2024-25,2102108216,AYLANI,OTTLEY,12/02/2024,09/09/2025,I,"Southern University, Baton Rouge",Softball,,Southwestern Athletic Conf.,Matriculated,
2024-25,2208651720,ALEXANDRA,BACHER,05/29/2025,09/09/2025,I,"University of North Carolina, Chapel Hill",Softball,Yes - Softball,Atlantic Coast Conference,Matriculated,
2024-25,2209657127,AMIYA,HERNANDEZ,05/19/2025,09/09/2025,I,Brigham Young University,Softball,Yes - Softball,Big 12 Conference,Matriculated,
2024-25,2201418824,SAVANNA,ISAACSON,04/30/2025,09/09/2025,II,University of Sioux Falls,Softball,,Northern Sun Intercollegiate Conference,Matriculated,
2024-25,1809285335,HAILEY,SCOTT,05/19/2025,09/09/2025,I,University of Alabama at Birmingham,Softball,,American Athletic Conference,Matriculated,
2024-25,2110343935,RYAN,ALLEN,06/09/2025,09/09/2025,I,University of Georgia,Softball,,Southeastern Conference,Matriculated,
2024-25,2102107154,AUBRIE,CLAVERIE,05/19/2025,09/09/2025,I,University of North Alabama,Softball,,Atlantic Sun Conference,Matriculated,
2024-25,2208631600,ASPYN,BEATTIE,06/02/2025,09/09/2025,II,Embry-Riddle Aeronautical University (Florida),Softball,,Sunshine State Conference,Matriculated,
2024-25,2310149938,EMMA,SALZMAN,05/18/2025,09/09/2025,I,George Mason University,Softball,,Atlantic 10 Conference,Matriculated,
2024-25,1909679324,DAYLIN,HEJTMANEK,05/06/2025,09/09/2025,II,Palm Beach Atlantic University,Softball,,Sunshine State Conference,Matriculated,
2024-25,2111364309,TAYLOR,ROGERS,05/21/2025,09/09/2025,I,Mercer University,Softball,,Southern Conference,Matriculated,
2024-25,2110340977,JADA,WADE,05/19/2025,09/09/2025,I,University of North Carolina Wilmington,Softball,,Coastal Athletic Association,Matriculated,
2024-25,2207615865,CAMRYNN,GUTHRIE,05/21/2025,09/09/2025,I,Florida Atlantic University,Softball,,American Athletic Conference,Matriculated,
2024-25,2208638753,PEYTON,SIMMONS,05/18/2025,09/09/2025,I,Longwood University,Softball,,Big South Conference,Matriculated,
2024-25,2109320604,MAYA,BLAND,06/10/2025,09/09/2025,I,University of Oklahoma,Softball,,Southeastern Conference,Matriculated,
2024-25,2201424179,JORDAN,CREDEUR,05/18/2025,09/09/2025,I,Michigan State University,Softball,Yes - Softball,Big Ten Conference,Matriculated,
2024-25,2104158042,DANIELLA,SOFIA,05/18/2025,09/09/2025,I,Stony Brook University,Softball,,Coastal Athletic Association,Matriculated,
2024-25,2109318278,CATHERINE,O'DONOHUE,05/14/2025,09/09/2025,II,Ferris State University,Softball,,Great Lakes Intercollegiate Athletic Conference,Matriculated,
2024-25,2104144310,EMILY,GARCIA,05/18/2025,09/09/2025,I,Gardner-Webb University,Softball,,Big South Conference,Matriculated,
2024-25,2005856681,ABBY,SABALASKEY,05/18/2025,09/09/2025,I,Northern Kentucky University,Softball,,Horizon League,Matriculated,
2024-25,2106222234,MAZZI,JONES,05/16/2025,09/09/2025,I,University of Central Arkansas,Softball,,Atlantic Sun Conference,Matriculated,
2024-25,2012979221,CHLOE,BARBER,05/19/2025,09/09/2025,I,Wichita State University,Softball,,American Athletic Conference,Matriculated,
2024-25,1610616526,MICAELA,WARK,05/20/2025,09/09/2025,I,Oklahoma State University,Softball,,Big 12 Conference,Matriculated,
2024-25,2005866579,SAMANTHA,FLORES,05/28/2025,09/09/2025,I,Lamar University,Softball,,Southland Conference,Matriculated,
2025-26,2001788595,ELORA,WILMOT,09/04/2025,09/09/2025,II,Georgia College,Softball,,Peach Belt Conference,Active,
2024-25,2010933621,BRYNN,BURCHFIELD,04/30/2025,09/09/2025,II,Northeastern State University,Softball,,Mid-America Intercollegiate Athletics Association,Matriculated,
2024-25,1910718662,GABRIELLA,LIGOTTI,05/18/2025,09/09/2025,I,Gardner-Webb University,Softball,,Big South Conference,Matriculated,
2024-25,2305904413,RYLEE,TITTLE,05/19/2025,09/10/2025,I,University of Tennessee at Martin,Softball,,Ohio Valley Conference,Matriculated,
2024-25,2405300876,MAKAYLA,PETERS,05/18/2025,09/10/2025,I,The University of Southern Mississippi,Softball,,Sun Belt Conference,Matriculated,
2024-25,2310128816,JOLIE,ADAMS,05/18/2025,09/10/2025,I,Auburn University,Softball,,Southeastern Conference,Matriculated,
2024-25,2208636034,LANEY,WILLIAMS,05/18/2025,09/10/2025,I,Troy University,Softball,,Sun Belt Conference,Matriculated,
2024-25,2208633928,HALEY,CARDER,06/15/2025,09/10/2025,I,North Carolina State University,Softball,,Atlantic Coast Conference,Matriculated,
2024-25,2208640053,VICTORIA,MACIAS,05/12/2025,09/10/2025,II,University of Hawaii at Hilo,Softball,,Pacific West Conference,Matriculated,
2024-25,2311161509,VICTORIA,SANDOVAL,05/12/2025,09/10/2025,II,Rogers State University,Softball,,Mid-America Intercollegiate Athletics Association,Matriculated,
2024-25,1905586842,LAUREN,MORRELL,05/20/2025,09/10/2025,I,Marist University,Softball,,Metro Atlantic Athletic Conference,Matriculated,
2024-25,2308978081,ELLA,STEVINSON,05/18/2025,09/10/2025,I,"University of Massachusetts, Amherst",Softball,,Atlantic 10 Conference,Matriculated,
2024-25,2109323003,RYAN,BROWN,06/05/2025,09/10/2025,I,"University of Tennessee, Knoxville",Softball,Yes - Softball,Southeastern Conference,Matriculated,
2024-25,2207608851,TALIA,TRETTON,06/02/2025,09/10/2025,I,University of Iowa,Softball,,Big Ten Conference,Matriculated,
2024-25,2207612160,KENEDEE,GIDDENS,05/19/2025,09/10/2025,I,University of Maine,Softball,,America East Conference,Matriculated,
2024-25,1808262620,LOGAN,TURNER,06/11/2025,09/10/2025,I,University of North Florida,Softball,,Atlantic Sun Conference,Matriculated,
2024-25,2209666274,EMMA,BRINKMAN,05/07/2025,09/10/2025,I,Kennesaw State University,Softball,,Conference USA,Matriculated,
2024-25,2108293292,SAMANTHA,HOOD,05/20/2025,09/10/2025,I,Wichita State University,Softball,,American Athletic Conference,Matriculated,
2024-25,2210709085,ALIYA,FEERICK,05/12/2025,09/10/2025,II,St. Thomas Aquinas College,Softball,,East Coast Conference,Matriculated,
2024-25,2005857162,KENDALL,FROST,05/19/2025,09/10/2025,I,East Carolina University,Softball,,American Athletic Conference,Matriculated,
2025-26,2111371553,KAITLYNN,BAMLER,09/10/2025,09/10/2025,III,University of Mount Union,Softball,,Ohio Athletic Conference,Active,
2024-25,2207613706,JESYNE,ESPINAL,05/18/2025,09/10/2025,I,Middle Tennessee State University,Softball,,Conference USA,Matriculated,
2024-25,2109314509,JAYLEE,WILLIAMS,05/18/2025,09/10/2025,I,Appalachian State University,Softball,,Sun Belt Conference,Matriculated,
2024-25,2109311367,KAROLYN,GLOVER,05/20/2025,09/10/2025,I,Louisiana Tech University,Softball,,Conference USA,Matriculated,
2024-25,2101984021,CARLY,MAXTON,05/18/2025,09/10/2025,I,North Carolina State University,Softball,,Atlantic Coast Conference,Matriculated,
2024-25,2109311304,RAEGAN,JENNINGS,06/10/2025,09/10/2025,I,Texas Tech University,Softball,,Big 12 Conference,Matriculated,
2024-25,2109317389,CAROLINE,FOX,05/19/2025,09/10/2025,I,"University of North Carolina, Chapel Hill",Softball,Yes - Softball,Atlantic Coast Conference,Matriculated,
2024-25,2308988808,ANNA,MCGOWAN,05/18/2025,09/10/2025,I,North Carolina State University,Softball,,Atlantic Coast Conference,Matriculated,
2024-25,1909680549,ALISSA,EIMONT,05/12/2025,09/10/2025,I,Siena University,Softball,,Metro Atlantic Athletic Conference,Matriculated,
2024-25,2207615400,GWEN,BAKER,05/27/2025,09/10/2025,I,Butler University,Softball,,Big East Conference,Matriculated,
2024-25,2403249425,MADISON,BLAIR,05/13/2025,09/10/2025,II,Southern Arkansas University,Softball,,Great American Conference,Matriculated,
2024-25,2010937092,MICHELE,TARPEY,05/06/2025,09/10/2025,I,North Carolina State University,Softball,,Atlantic Coast Conference,Matriculated,
2024-25,2309108615,SAVANNAH,COLEMAN,05/19/2025,09/10/2025,I,Northwestern State University,Softball,,Southland Conference,Matriculated,
2024-25,1912769182,MARY,EATON,04/14/2025,09/10/2025,I,University of Virginia,Softball,,Atlantic Coast Conference,Matriculated,
2024-25,2009916565,CAITLIN,OLENSKY,05/27/2025,09/10/2025,I,University of Nebraska-Lincoln,Softball,,Big Ten Conference,Matriculated,
2024-25,2008898342,KATHERINE,LOTT,05/18/2025,09/10/2025,I,Texas Tech University,Softball,,Big 12 Conference,Matriculated,
2024-25,2009925676,JAYLA,MILLER,05/19/2025,09/10/2025,I,University of North Alabama,Softball,,Atlantic Sun Conference,Matriculated,
2024-25,2208651554,RYLIE,HAITH,05/19/2025,09/10/2025,I,Utah Tech University,Softball,,Western Athletic Conference,Matriculated,
2024-25,2211711869,JACKSON,VESTAL,05/21/2025,09/10/2025,I,"Texas A&M University, College Station",Softball,,Southeastern Conference,Matriculated,
2024-25,1910726676,TYLER,OUBRE,05/26/2025,09/10/2025,I,Liberty University,Softball,,Conference USA,Matriculated,
2024-25,1905584761,SOPHIE,JOHNSON,05/18/2025,09/10/2025,I,Wichita State University,Softball,,American Athletic Conference,Matriculated,
2024-25,2110338147,KAITLYN,CHRISTIE,05/18/2025,09/10/2025,I,"California State University, Fullerton",Softball,,Big West Conference,Matriculated,
2024-25,1902410973,JESSICA,WALTER,01/23/2025,09/10/2025,I,Providence College,Softball,,Big East Conference,Matriculated,
2024-25,2001791324,HAYLEE,WHITESIDES,05/14/2025,09/10/2025,I,Clemson University,Softball,,Atlantic Coast Conference,Matriculated,
2024-25,2110342133,GABRIELLA,MIKE,05/24/2025,09/10/2025,I,Duke University,Softball,,Atlantic Coast Conference,Matriculated,
2024-25,1908667923,LAUREN,CAYE,10/01/2024,09/10/2025,I,Seton Hall University,Softball,,Big East Conference,Matriculated,
2024-25,2208645426,ARIADNA,DIAZ-JIMENEZ,05/08/2025,09/11/2025,II,Savannah State University,Softball,,Southern Intercol. Ath. Conf.,Matriculated,
2025-26,2309121716,TIARA,STUECK,08/25/2025,09/11/2025,II,University of North Carolina at Pembroke,Softball,,Conference Carolinas,Matriculated,
2024-25,2302780160,RACHAEL,BROWN,05/14/2025,09/11/2025,I,Utah Valley University,Softball,,Western Athletic Conference,Matriculated,
2024-25,2007889678,ADDY,DONALD,04/21/2025,09/11/2025,II,Limestone University,Softball,,South Atlantic Conference,Matriculated,
2024-25,2209655383,MORGAN,SPODAREK,05/12/2025,09/11/2025,II,McKendree University,Softball,,Great Lakes Valley Conference,Matriculated,
2024-25,2109323997,NATIAH,TURNER,05/20/2025,09/11/2025,I,Saint Peter's University,Softball,,Metro Atlantic Athletic Conference,Matriculated,
2024-25,2201408293,SELAH,MOYER,06/30/2025,09/11/2025,I,Niagara University,Softball,,Metro Atlantic Athletic Conference,Matriculated,
2024-25,2209656889,MIQUELA LEOPOLDO,LEOPOLDO,05/07/2025,09/11/2025,II,University of Hawaii at Hilo,Softball,,Pacific West Conference,Matriculated,
2024-25,2106186716,ADDISON,BLOMBERG,05/18/2025,09/11/2025,I,South Dakota State University,Softball,,The Summit League,Matriculated,
2024-25,2201408612,ELISABETH,COLLIER,05/20/2025,09/11/2025,I,Coastal Carolina University,Softball,,Sun Belt Conference,Matriculated,
2024-25,2212745664,JAYCI,FINCH,03/12/2025,09/11/2025,I,Weber State University,Softball,,Big Sky Conference,Matriculated,
2024-25,2009915443,GABRIELLA,EVANS,05/18/2025,09/11/2025,I,Ball State University,Softball,,Mid-American Conference,Matriculated,
2024-25,2207607585,GERIELLE,DUMERVIL,04/15/2025,09/11/2025,II,Clark Atlanta University,Softball,,Southern Intercol. Ath. Conf.,Matriculated,
2024-25,2209658916,ALEX,WRIGHT,05/22/2025,09/11/2025,I,University of South Florida,Softball,Yes - Softball,American Athletic Conference,Matriculated,
2024-25,1904535749,EMMA,GILKERSON,01/29/2025,09/11/2025,I,Cleveland State University,Softball,,Horizon League,Matriculated,
2024-25,2202438329,ISABELLA,BASTIEN,05/19/2025,09/11/2025,I,"California State University, Northridge",Softball,,Big West Conference,Matriculated,
2024-25,2108303209,CAROLINE,JOHNSON,05/19/2025,09/11/2025,I,Queens University of Charlotte,Softball,,Atlantic Sun Conference,Matriculated,
2024-25,2009922453,KAM,UTENDORF,05/18/2025,09/11/2025,I,Kent State University,Softball,,Mid-American Conference,Matriculated,
2024-25,2103128011,ASHLEY,STURGILL,05/18/2025,09/11/2025,I,Ohio University,Softball,,Mid-American Conference,Matriculated,
2024-25,2310145915,ISABELLA,OBRIEN,05/16/2025,09/11/2025,II,Tiffin University,Softball,,Great Midwest Athletic Conference,Matriculated,
2024-25,1905567638,NATALIE,MARSHALL,10/16/2024,09/11/2025,I,University of Kansas,Softball,,Big 12 Conference,Matriculated,
2024-25,2102117966,KAYLA,LEE,05/23/2025,09/11/2025,I,"University of North Carolina, Chapel Hill",Softball,,Atlantic Coast Conference,Matriculated,
2024-25,2310145429,DANIELLE,STEWART,04/29/2025,09/11/2025,II,Walsh University,Softball,,Great Midwest Athletic Conference,Matriculated,
2024-25,2208649273,ABBY,RUSHER,05/23/2025,09/11/2025,I,Creighton University,Softball,,Big East Conference,Matriculated,
2024-25,2009915023,SYDNEY,BERZON,05/20/2025,09/11/2025,I,Louisiana State University,Softball,,Southeastern Conference,Matriculated,
2024-25,2009931079,ALYSSA,MCCORMICK,06/23/2025,09/11/2025,II,Fairmont State University,Softball,,Mountain East Conference,Matriculated,
2023-24,2210702059,AUDREY,LUEDTKE,05/13/2024,09/11/2025,II,Anderson University (South Carolina),Softball,,South Atlantic Conference,Matriculated,
2024-25,1910724458,PAYTN,MONTICELLI,07/24/2025,09/12/2025,I,University of Oklahoma,Softball,Yes - Softball,Southeastern Conference,Matriculated,
2024-25,2109313524,NATALIA,STEWART,11/09/2024,09/12/2025,II,St. Thomas Aquinas College,Softball,,East Coast Conference,Matriculated,
2024-25,2301751803,MEGAN,BLANKS,05/19/2025,09/12/2025,II,Benedict College,Softball,,Southern Intercol. Ath. Conf.,Active,
2024-25,2109310900,ANDREA,JASKOWIAK,05/18/2025,09/12/2025,I,University of Iowa,Softball,,Big Ten Conference,Matriculated,
2024-25,2101999792,PARIS,ENDRIS,05/18/2025,09/12/2025,I,Louisiana Tech University,Softball,,Conference USA,Matriculated,
2024-25,2207613752,MARLEY,QUAMMIE,05/20/2025,09/12/2025,I,South Carolina State University,Softball,,Mid-Eastern Athletic Conf.,Active,
2024-25,1910730007,BRITNEY,LEWINSKI,05/28/2025,09/12/2025,I,Southeastern Louisiana University,Softball,,Southland Conference,Matriculated,
2023-24,2210705160,GWENDOLYN,WHARTON,05/22/2024,09/12/2025,I,University of South Carolina Upstate,Softball,,Big South Conference,Matriculated,
2024-25,2109329470,DACIE,WATTERSON,06/09/2025,09/12/2025,II,University of Tampa,Softball,,Sunshine State Conference,Matriculated,
2024-25,2210694028,ELISE,ROY,05/16/2025,09/12/2025,II,San Francisco State University,Softball,,California Collegiate Athletic Association,Matriculated,
2024-25,2207625074,KEEGAN,ROWLAND,05/18/2025,09/12/2025,I,Tarleton State University,Softball,,Western Athletic Conference,Matriculated,
2024-25,1902414347,ASHLEY,MARIETTA,04/30/2025,09/12/2025,I,Saint Louis University,Softball,,Atlantic 10 Conference,Matriculated,
2024-25,2110341276,AVA,CASTILLO,05/18/2025,09/12/2025,I,University of New Mexico,Softball,,Mountain West Conference,Matriculated,
2024-25,2201405824,NATHALIE,HAGLE,05/19/2025,09/12/2025,I,Miami University (Ohio),Softball,,Mid-American Conference,Matriculated,
2024-25,2310145537,ARIAH,MITCHELL,06/04/2025,09/12/2025,II,University of Central Oklahoma,Softball,,Mid-America Intercollegiate Athletics Association,Matriculated,
2024-25,2112402347,MEGHAN,GRAY,05/18/2025,09/12/2025,I,"University of Maryland, College Park",Softball,,Big Ten Conference,Matriculated,
2024-25,2305898141,ZARIA,BRIGHAM,05/06/2025,09/12/2025,II,Texas A&M International University,Softball,,Lone Star Conference,Matriculated,
2024-25,2310149858,LEXIE,GERRITSON,04/08/2025,09/13/2025,II,"University of Minnesota, Crookston",Softball|Women's Volleyball,,Northern Sun Intercollegiate Conference|Northern Sun Intercollegiate Conference,Active,
2024-25,1909681071,MCKENZIE,COSLOR,05/20/2025,09/15/2025,I,Alabama State University,Softball,,Southwestern Athletic Conf.,Matriculated,
2024-25,1908661717,EMMA,JACKSON,05/18/2025,09/15/2025,I,East Carolina University,Softball,,American Athletic Conference,Matriculated,
2024-25,2210687140,KATELIN,VANCE,05/19/2025,09/15/2025,I,University of Arizona,Softball,,Big 12 Conference,Matriculated,
2024-25,2306930082,EMILY,KONZ,05/19/2025,09/15/2025,II,Francis Marion University,Softball,,Conference Carolinas,Matriculated,
2024-25,2207614032,HAILEY,SHULER,06/13/2025,09/15/2025,I,Duke University,Softball,,Atlantic Coast Conference,Matriculated,
2023-24,2403230817,AMELYA,MELCHIONE,03/03/2024,09/15/2025,III,Curry College,Softball,,Commonwealth Coast Conference,Matriculated,
2024-25,2207627195,KEELY,GOUSHA,05/18/2025,09/15/2025,I,Boise State University,Softball,,Mountain West Conference,Matriculated,
2024-25,2102106775,BRIANNA,PELLICONE,04/16/2025,09/15/2025,II,Barry University,Softball,,Sunshine State Conference,Matriculated,
2024-25,2208654516,EMMA,KING,04/21/2025,09/15/2025,II,Limestone University,Softball,,South Atlantic Conference,Matriculated,
2024-25,2111382091,RYLEE,MICHALAK,06/15/2025,09/15/2025,I,University of Houston,Softball,,Big 12 Conference,Matriculated,
2024-25,2105166478,SOPHIA,SIMMONS,12/17/2024,09/15/2025,I,Grambling State University,Softball,,Southwestern Athletic Conf.,Matriculated,
2024-25,2108305701,TONI,PURCHAS,05/18/2025,09/15/2025,I,Alabama A&M University,Softball,,Southwestern Athletic Conf.,Matriculated,
2024-25,2108291506,REBEKAH,JOHNSON,05/18/2025,09/15/2025,I,Troy University,Softball,,Sun Belt Conference,Matriculated,
2024-25,2301764615,DELANEY,HOYLE,05/20/2025,09/15/2025,I,Portland State University,Softball,,Big Sky Conference,Matriculated,
2024-25,2106185262,LAURYN,MEADE,04/26/2025,09/15/2025,III,Anna Maria College,Softball,,Great Northeast Athletic Conference,Matriculated,
2024-25,1907642669,KYNLEY,BREWER,04/30/2025,09/15/2025,II,University of North Carolina at Pembroke,Softball,,Conference Carolinas,Matriculated,
2024-25,2102111886,LEXUS,MCINTOSH,06/23/2025,09/15/2025,III,University of Southern Maine,Softball,,Little East Conference,Matriculated,
2024-25,2109313487,CHEYENNE,JACKSON,05/05/2025,09/16/2025,II,Georgian Court University,Softball,,Central Atlantic Collegiate Conference,Matriculated,
2024-25,1910711419,HAILEY,DETER,05/19/2025,09/16/2025,I,University of Utah,Softball,,Big 12 Conference,Matriculated,
2024-25,2110346999,DEANA,CUNNINGHAM,05/20/2025,09/16/2025,I,University of Central Florida,Softball,,Big 12 Conference,Matriculated,
2024-25,2208651857,PARIS,BRIENESSE,05/13/2025,09/16/2025,II,Angelo State University,Softball,,Lone Star Conference,Matriculated,
2024-25,1809293543,MARINA,EGBERT,02/21/2025,09/16/2025,III,New York University,Softball,,University Athletic Association,Matriculated,
2024-25,2005866643,ZERENITI,SOUSA,05/18/2025,09/16/2025,I,Utah State University,Softball,,Mountain West Conference,Matriculated,
2024-25,2103127167,MACKENZIE,NICHOLSON,06/02/2025,09/16/2025,I,New Mexico State University,Softball,,Conference USA,Matriculated,
2024-25,2001772061,RUIJIA,YANG,06/18/2025,09/16/2025,III,Wellesley College,Softball,,New England Women's and Men's Athletic Conference,Matriculated,
2024-25,2108302351,ERIN,PARKER,05/20/2025,09/16/2025,I,"University of North Carolina, Chapel Hill",Softball,Yes - Softball,Atlantic Coast Conference,Matriculated,
2024-25,2304840967,AUBREY,TAMAYO,06/30/2025,09/16/2025,I,Niagara University,Softball,,Metro Atlantic Athletic Conference,Matriculated,
2024-25,2209675437,JASMINE,MACK,05/18/2025,09/16/2025,I,George Mason University,Softball,,Atlantic 10 Conference,Matriculated,
2024-25,2106234497,MADILYN,GEROVAC,04/18/2025,09/16/2025,II,Limestone University,Softball,,South Atlantic Conference,Matriculated,
2024-25,1810332541,TAYLOR,NICHOLSON,05/19/2025,09/16/2025,I,New Mexico State University,Softball,,Conference USA,Matriculated,
2024-25,2207625748,TRINITY,BROOKS,05/07/2025,09/16/2025,II,Carson-Newman University,Softball,,South Atlantic Conference,Matriculated,
2024-25,1807237020,SARAH,STONE,05/19/2025,09/16/2025,I,"Indiana University, Bloomington",Softball,,Big Ten Conference,Matriculated,
2024-25,1904527613,SHAMYA,LINDER,05/18/2025,09/16/2025,I,University of Iowa,Softball,,Big Ten Conference,Matriculated,
2024-25,2009919153,ALEXIS,MORGAN,05/20/2025,09/16/2025,I,University of Central Florida,Softball,,Big 12 Conference,Matriculated,
2024-25,2308985347,TRINITY,WILLIAMS,06/13/2025,09/16/2025,I,"University at Buffalo, the State University of New York",Softball,,Mid-American Conference,Matriculated,
2024-25,2201422140,ADDISON,LUND,06/10/2025,09/16/2025,I,The University of North Carolina at Charlotte,Softball,Yes - Softball,American Athletic Conference,Matriculated,
2024-25,2005855336,RILEY,VENN,05/19/2025,09/16/2025,I,Stetson University,Softball,,Atlantic Sun Conference,Matriculated,
2024-25,2309109125,LILLIAN,MARTINEAU,05/21/2025,09/16/2025,I,Georgia Institute of Technology,Softball,Yes - Softball,Atlantic Coast Conference,Matriculated,
2024-25,2108303364,KASEY,WOLFE,05/18/2025,09/16/2025,I,Presbyterian College,Softball,,Big South Conference,Matriculated,
2024-25,1912762471,ALYSSA,PEARCE,05/19/2025,09/16/2025,I,Saint Francis University,Softball,,Northeast Conference,Matriculated,
2024-25,2209667378,ISABELLA,HUNE,06/13/2025,09/16/2025,I,Texas A&M University-Corpus Christi,Softball,,Southland Conference,Matriculated,
2024-25,2311172954,HAILEY,THURBER,05/06/2025,09/16/2025,II,Minnesota State University Moorhead,Softball,,Northern Sun Intercollegiate Conference,Matriculated,
2023-24,2101988722,MEGAN,CHRONIGER,05/21/2024,09/16/2025,I,University of South Carolina Upstate,Softball,,Big South Conference,Matriculated,
2024-25,2101990598,EMMA,WRENN,04/18/2025,09/16/2025,II,Limestone University,Softball,,South Atlantic Conference,Matriculated,
2024-25,2209659255,ABBY,HUHN,05/18/2025,09/16/2025,I,Iowa State University,Softball,,Big 12 Conference,Matriculated,
2024-25,1911742965,JULIA,APOSTOLAKOS,05/19/2025,09/16/2025,I,University of South Florida,Softball,,American Athletic Conference,Matriculated,
2024-25,2201415821,JAZMINE,CHAVEZ,05/18/2025,09/16/2025,I,"University of Nevada, Las Vegas",Softball,,Mountain West Conference,Matriculated,
2024-25,2112397895,JADE,MORENO,05/18/2025,09/17/2025,I,University of Texas at Arlington,Softball,,Western Athletic Conference,Matriculated,
2024-25,2108289488,EMMA,CARNEY,06/05/2025,09/17/2025,II,Hillsdale College,Softball,,Great Midwest Athletic Conference,Matriculated,
2024-25,2210692935,BROOKE,TRAN,05/18/2025,09/17/2025,I,University of New Mexico,Softball,,Mountain West Conference,Matriculated,
2023-24,2110350730,MARLEIGH,MANNS,05/19/2024,09/17/2025,I,New Mexico State University,Softball,,Conference USA,Active,
2024-25,2108309253,SAGE,VANDEMARK,05/18/2025,09/17/2025,I,"University of Nevada, Las Vegas",Softball,Yes - Softball,Mountain West Conference,Matriculated,
2024-25,2410433393,ALLYSON,LEIDY,03/27/2025,09/17/2025,II,Point Park University,Softball,,Mountain East Conference,Matriculated,
2024-25,2009918817,CARMEN,MCRAE,05/18/2025,09/17/2025,I,Gardner-Webb University,Softball,,Big South Conference,Matriculated,
2024-25,2208649608,TRINITY,JOHNSTON,05/19/2025,09/17/2025,I,Utah Valley University,Softball,,Western Athletic Conference,Matriculated,
2024-25,2209666295,KATHERINE,DAILOR,05/18/2025,09/17/2025,I,Bucknell University,Softball,,Patriot League,Matriculated,
2024-25,2108296095,HAILEE,SANCHEZ,05/18/2025,09/17/2025,I,University of Akron,Softball,,Mid-American Conference,Matriculated,
2024-25,2305916252,TABITHA,VON KOLEN,05/17/2025,09/17/2025,I,Canisius University,Softball,,Metro Atlantic Athletic Conference,Matriculated,
2024-25,2301759160,DELANEY,ELLIS,01/28/2025,09/17/2025,I,Cleveland State University,Softball,,Horizon League,Matriculated,
2024-25,2109333086,SARAH,SCOTT,06/12/2025,09/17/2025,I,Furman University,Softball,,Southern Conference,Matriculated,
2024-25,2102117825,KATINA,CLOUD,05/18/2025,09/17/2025,I,"University of Arkansas, Fayetteville",Softball,,Southeastern Conference,Matriculated,
2024-25,2308996926,BAILEE,GREISE,04/04/2025,09/17/2025,III,Rosemont College,Softball,,Sport not sponsored,Matriculated,
2024-25,2103125755,KYLIE,WILKERSON,05/18/2025,09/17/2025,I,George Mason University,Softball,,Atlantic 10 Conference,Matriculated,
2024-25,1906599414,BRIANNA,DELANEY,07/01/2025,09/17/2025,I,Niagara University,Softball,,Metro Atlantic Athletic Conference,Matriculated,
2024-25,2206579699,MIALI,GUACHINO,06/17/2025,09/17/2025,I,University of Mississippi,Softball,,Southeastern Conference,Matriculated,
2024-25,2209664696,NICOLE,ALLEN,05/18/2025,09/17/2025,I,Stony Brook University,Softball,,Coastal Athletic Association,Matriculated,
2023-24,1803155426,AMAYIAH,HALL,05/20/2024,09/17/2025,I,The University of Southern Mississippi,Softball,,Sun Belt Conference,Active,
2024-25,2401193850,VIVIANA,VARGAS,05/24/2025,09/17/2025,I,Canisius University,Softball,,Metro Atlantic Athletic Conference,Matriculated,
2024-25,2110363435,JORDYN,FRAY,05/18/2025,09/17/2025,I,Stony Brook University,Softball,,Coastal Athletic Association,Matriculated,
2024-25,2010951716,TAYLOR,AMES-ALEXANDER,05/20/2025,09/18/2025,I,South Carolina State University,Softball,,Mid-Eastern Athletic Conf.,Matriculated,
2024-25,2505606846,BAILEY,MARKUS,05/13/2025,09/18/2025,III,Muskingum University,Softball,,Ohio Athletic Conference,Matriculated,
2024-25,2209676491,GIANNA,LONGO,05/12/2025,09/18/2025,II,St. Thomas Aquinas College,Softball,,East Coast Conference,Matriculated,
2024-25,2210701348,LAYLA,ALBARRAN,04/25/2025,09/18/2025,II,Felician University,Softball,,Central Atlantic Collegiate Conference,Matriculated,
2024-25,2108288341,CAMRYN,FEAST,05/19/2025,09/18/2025,I,Florida Gulf Coast University,Softball,,Atlantic Sun Conference,Matriculated,
2024-25,2008905346,ALEXIS,ATCITTY,05/18/2025,09/18/2025,I,University of New Mexico,Softball,,Mountain West Conference,Matriculated,
2024-25,2309111591,MACKENZIE,NERVIS,05/21/2025,09/18/2025,I,Alabama State University,Softball,,Southwestern Athletic Conf.,Matriculated,
2024-25,2206589788,MADISON,MCDONALD,05/08/2025,09/18/2025,II,Columbus State University,Softball,,Peach Belt Conference,Active,
2024-25,2011960065,KAYLA,ADAMS,05/18/2025,09/18/2025,I,"University of Arkansas, Pine Bluff",Softball,,Southwestern Athletic Conf.,Matriculated,
2024-25,2209659392,SUMMER,SOLITARIA,01/28/2025,09/18/2025,I,Cleveland State University,Softball,,Horizon League,Matriculated,
2024-25,2208630398,AIKO,CONAWAY,05/19/2025,09/18/2025,I,Marshall University,Softball,,Sun Belt Conference,Matriculated,
2024-25,2310132280,MADISON,JOHNSON,05/18/2025,09/18/2025,I,George Mason University,Softball,,Atlantic 10 Conference,Matriculated,
2024-25,2208638754,MELANIE,RUSCOE,05/18/2025,09/18/2025,I,Presbyterian College,Softball,,Big South Conference,Matriculated,
2024-25,2212742009,BLAKE,VICK,05/19/2025,09/18/2025,I,North Carolina Central University,Softball,,Mid-Eastern Athletic Conf.,Matriculated,
2024-25,2109309339,LAUREN,HILLIARD,05/18/2025,09/19/2025,I,Quinnipiac University,Softball,,Metro Atlantic Athletic Conference,Active,
2024-25,1908654215,LEIGHTON,LANDRETH,07/21/2025,09/19/2025,III,LeTourneau University,Softball,,American Southwest Conference,Matriculated,
2024-25,2201407449,NEVAEH,TERRELL,05/19/2025,09/19/2025,I,East Texas A&M University,Softball,Yes - Softball,Southland Conference,Matriculated,
2024-25,2208644526,DESTINY,RUGGIERO,01/27/2025,09/19/2025,I,Cleveland State University,Softball,,Horizon League,Matriculated,
2024-25,2202430896,CAITLIN,COLLEY,05/05/2025,09/19/2025,II,Cedarville University,Softball,,Great Midwest Athletic Conference,Matriculated,
2024-25,2209659387,LEXI,PEREZ,05/18/2025,09/19/2025,I,Quinnipiac University,Softball,,Metro Atlantic Athletic Conference,Active,
2024-25,2102112917,AUDREY,THOMAS,05/19/2025,09/19/2025,I,Youngstown State University,Softball,,Horizon League,Matriculated,
2024-25,2301758101,KEIRA,ATKINSON,04/21/2025,09/19/2025,III,Montclair State University,Softball,,New Jersey Athletic Conference,Matriculated,
2024-25,2207616743,KAMI,DIAZ,05/19/2025,09/19/2025,I,Youngstown State University,Softball,,Horizon League,Matriculated,
2024-25,2105176445,MACI,BOGGESS,05/19/2025,09/19/2025,I,Youngstown State University,Softball,,Horizon League,Matriculated,
2024-25,1901405868,AMANDA,ENGEL,05/11/2025,09/19/2025,I,Quinnipiac University,Softball,,Metro Atlantic Athletic Conference,Active,
2024-25,2011954054,SYDNEY,BLEDSOE,04/09/2025,09/19/2025,II,Tuskegee University,Softball,,Southern Intercol. Ath. Conf.,Matriculated,
2024-25,2105162182,SAGE,FARMER,05/20/2025,09/19/2025,II,Belmont Abbey College,Softball,,Conference Carolinas,Matriculated,
2024-25,2310126452,CARA,EDWARDS,05/22/2025,09/19/2025,I,Canisius University,Softball,,Metro Atlantic Athletic Conference,Matriculated,
2024-25,2308979973,RYANNE,WILSON,03/27/2025,09/19/2025,II,Walsh University,Softball,,Great Midwest Athletic Conference,Matriculated,
2024-25,2207615717,MACKENZIE,FERGUSON,05/29/2025,09/19/2025,I,Colorado State University,Softball,,Mountain West Conference,Matriculated,
2024-25,2004846995,AMARI,HARPER,06/06/2025,09/19/2025,I,"Texas A&M University, College Station",Softball,,Southeastern Conference,Matriculated,
2024-25,2111378005,BROOKE,FRESCHI,06/14/2025,09/20/2025,II,Caldwell University,Softball,,Central Atlantic Collegiate Conference,Matriculated,
2024-25,2111368555,ONNIKA,SPENCER,05/19/2025,09/20/2025,I,Tennessee State University,Softball,,Ohio Valley Conference,Active,
2024-25,2209659027,MARY,BUCKNER,05/01/2025,09/22/2025,III,Guilford College,Softball,,Old Dominion Athletic Conf.,Matriculated,
2024-25,2110350346,DEANNA,DECARO,05/15/2025,09/22/2025,II,Southern Connecticut State University,Softball,,Northeast-10 Conference,Matriculated,
2024-25,2110339504,MADALYNN,LEAL,05/19/2025,09/22/2025,I,Southeastern Louisiana University,Softball,,Southland Conference,Matriculated,
2024-25,2304859919,MADISON,MOAK,05/18/2025,09/22/2025,I,The University of Southern Mississippi,Softball,,Sun Belt Conference,Matriculated,
2024-25,2505594844,SAMANTHA,GIANNIE,05/06/2025,09/22/2025,III,Farmingdale State College,Softball,,Skyline Conference,Matriculated,
2024-25,2101988442,CAROLINA,DELGADO,05/08/2025,09/22/2025,II,Missouri Western State University,Softball,,Mid-America Intercollegiate Athletics Association,Matriculated,
2024-25,2105163843,CERIANA,CELLURA,05/20/2025,09/22/2025,I,San Diego State University,Softball,,Mountain West Conference,Matriculated,
2024-25,2105161698,ARIANNA,COX,05/19/2025,09/22/2025,I,University of Memphis,Softball,,American Athletic Conference,Matriculated,
2024-25,2312177680,SIONA,HALWANI,05/19/2025,09/22/2025,I,University of Montana,Softball,,Big Sky Conference,Matriculated,
2024-25,2211710969,EMMA,DUNCAN,07/03/2025,09/22/2025,II,Colorado Christian University,Softball,,Rocky Mountain Athletic Conference,Matriculated,
2024-25,2109328261,SOPHIA,NAESE,05/18/2025,09/22/2025,I,Stony Brook University,Softball,,Coastal Athletic Association,Matriculated,
2024-25,2106204519,ELLA,CHRISTOPHER,05/18/2025,09/22/2025,I,Gardner-Webb University,Softball,,Big South Conference,Matriculated,
2024-25,2009918145,AVERY,JEFFERSON,05/27/2025,09/22/2025,I,Longwood University,Softball,,Big South Conference,Matriculated,
2024-25,2104157042,LEILA,DIXON,05/19/2025,09/23/2025,I,University of Illinois Chicago,Softball,,Missouri Valley Conference,Matriculated,
2024-25,2410421471,HANNAH,MITCHEM,10/01/2024,09/23/2025,III,Massachusetts College of Liberal Arts,Softball,,Massachusetts State Collegiate Athletic Conference,Withdrawn,
2024-25,2010935347,NATALEE,HARVEY,05/20/2025,09/23/2025,II,Kutztown University of Pennsylvania,Softball,,Pennsylvania State Athletic Conference,Matriculated,
2024-25,2111378007,TRINITY,NOWICKI,05/06/2025,09/23/2025,I,Kennesaw State University,Softball,,Conference USA,Matriculated,
2024-25,2209655643,MORGAN,CANTRELL,05/25/2025,09/23/2025,I,Purdue University Fort Wayne,Softball,Yes - Softball,Horizon League,Matriculated,
2024-25,2009920417,JANIAH,WILSON,05/07/2025,09/23/2025,II,Southern Arkansas University,Softball,,Great American Conference,Active,
2024-25,1709912801,MADELYN,WEEKS,05/14/2025,09/23/2025,I,The University of Southern Mississippi,Softball,,Sun Belt Conference,Signed,
2024-25,2210705610,SADIE,KITTOE,07/15/2025,09/23/2025,II,Felician University,Softball,,Central Atlantic Collegiate Conference,Matriculated,
2024-25,2505595373,GRACIE,KEYES,05/06/2025,09/23/2025,III,Curry College,Softball,,Conference of New England,Matriculated,
2024-25,2304879599,REAGAN,DREIBELBIS,05/18/2025,09/23/2025,I,University of Nebraska at Omaha,Softball,,The Summit League,Matriculated,
2024-25,2002806880,SKYLAR,WAGGONER,05/21/2025,09/24/2025,I,Jacksonville University,Softball,,Atlantic Sun Conference,Matriculated,
2024-25,2101997542,EMILY,LAMPELA WEBER,06/16/2025,09/24/2025,I,George Mason University,Softball,,Atlantic 10 Conference,Matriculated,
2024-25,2208652195,HANNAH,HERMAN,05/18/2025,09/24/2025,I,Michigan State University,Softball,,Big Ten Conference,Matriculated,
2024-25,2105179276,MADISON,KLOEPPER,04/24/2025,09/24/2025,II,Western New Mexico University,Softball,,Lone Star Conference,Matriculated,
2024-25,2008901718,RACHEL,LITTLE,05/19/2025,09/24/2025,III,Utica University,Softball,,Empire 8,Matriculated,
2024-25,2104150880,ELON,BUTLER,05/22/2025,09/24/2025,I,"University of California, Berkeley",Softball,,Atlantic Coast Conference,Matriculated,
2024-25,2208635686,ZOE,HARDY,06/02/2025,09/24/2025,I,Texas A&M University-Corpus Christi,Softball,,Southland Conference,Active,
2024-25,2008898164,SOPHIA,HONSE,05/18/2025,09/24/2025,I,Western Illinois University,Softball,,Ohio Valley Conference,Matriculated,
2024-25,1910715549,MADISON,STAMPER,05/18/2025,09/24/2025,I,Valparaiso University,Softball,,Missouri Valley Conference,Matriculated,
2024-25,2207616210,JENNA,MADISON,05/19/2025,09/24/2025,I,University of Alabama at Birmingham,Softball,Yes - Softball,American Athletic Conference,Signed,
2024-25,2009927793,ASHANTI,MCDADE,05/22/2025,09/24/2025,I,"University of California, Berkeley",Softball,,Atlantic Coast Conference,Matriculated,
2024-25,2310136183,KENDRA,HAMMONDS,05/19/2025,09/24/2025,II,Tiffin University,Softball,,Great Midwest Athletic Conference,Matriculated,
2024-25,2205548242,GRACIE,ALEJO,05/18/2025,09/24/2025,I,University of the Incarnate Word,Softball,,Southland Conference,Matriculated,
2024-25,2206580396,KYLIE,GORSUCH,01/28/2025,09/24/2025,I,Cleveland State University,Softball,,Horizon League,Matriculated,
2024-25,2004840833,PEYTON-LEILA,MUELLER-STENZ,01/30/2025,09/24/2025,I,Cleveland State University,Softball,,Horizon League,Matriculated,
2024-25,2505594612,DANIELLE,OLDFIELD,05/07/2025,09/25/2025,III,Asbury University,Softball,,Collegiate Conference of the South,Active,
2024-25,2009920607,EMERSON,MEGGERS,05/18/2025,09/25/2025,I,Utah State University,Softball,,Mountain West Conference,Matriculated,
2024-25,2205553226,MYIA,LAMBERT,05/02/2025,09/25/2025,II,Clark Atlanta University,Softball,,Southern Intercol. Ath. Conf.,Matriculated,
2024-25,2109321926,MAKAYLA,VALLE,05/19/2025,09/25/2025,I,Lamar University,Softball,,Southland Conference,Matriculated,
2024-25,2105162510,HANNAH,LEIERER,05/23/2025,09/25/2025,I,Campbell University,Softball,,Coastal Athletic Association,Matriculated,
2024-25,2110337636,RILEY,DAVIS,05/15/2025,09/25/2025,II,Wingate University,Softball,,South Atlantic Conference,Active,
2024-25,2210689012,RHEA,FURTADO,05/19/2025,09/25/2025,I,"California State University, Northridge",Softball,,Big West Conference,Matriculated,
2024-25,2309106913,OLIVIA,WOOTEN,05/18/2025,09/25/2025,I,University of West Georgia,Softball,,Atlantic Sun Conference,Matriculated,
2024-25,2207615063,ALAUNAH,ALMARAZ,06/13/2025,09/26/2025,II,The University of Texas at Tyler,Softball,,Lone Star Conference,Matriculated,
2023-24,2211718155,ANNALISE,BUNCY,11/20/2023,09/26/2025,I,Stetson University,Softball,,Atlantic Sun Conference,Active,
2024-25,2505597287,RYLEIGH,MANNING,05/16/2025,09/26/2025,III,The College of New Jersey,Softball,,New Jersey Athletic Conference,Matriculated,
2024-25,2109330629,EMMA,JACKSON,05/23/2025,09/26/2025,I,Boston College,Softball,,Atlantic Coast Conference,Matriculated,
2024-25,2207615565,MEGAN,GEYER,05/31/2025,09/26/2025,II,The University of Texas at Tyler,Softball,,Lone Star Conference,Matriculated,
2025-26,2405319920,NATALIA,SEWELL,09/26/2025,09/26/2025,II,Missouri Southern State University,Softball,,Mid-America Intercollegiate Athletics Association,Active,
2024-25,2401203654,AUDREY,NEWELL,05/13/2025,09/26/2025,II,Shaw University,Softball,,Central Intercollegiate Athletic Association,Matriculated,
2024-25,2209661535,DANYELLE,CASTILLO,04/28/2025,09/26/2025,II,Sonoma State University,Softball,,California Collegiate Athletic Association,Matriculated,
2024-25,2109313289,CARLY,MOCKENHAUPT,05/07/2025,09/26/2025,II,East Stroudsburg University of Pennsylvania,Softball,,Pennsylvania State Athletic Conference,Matriculated,
2024-25,2101101202,LAYNA,GERHARD,05/22/2025,09/26/2025,I,The Ohio State University,Softball,,Big Ten Conference,Matriculated,
2024-25,2108298825,KIERRA,GOOS,05/18/2025,09/26/2025,I,South Dakota State University,Softball,,The Summit League,Matriculated,
2024-25,2008910796,SYDNI,HOOBLER,05/18/2025,09/26/2025,I,University of Akron,Softball,,Mid-American Conference,Matriculated,
2024-25,2210686289,BROOKLYN,SCOTT,05/20/2025,09/27/2025,I,Bethune-Cookman University,Softball,,Southwestern Athletic Conf.,Active,
2024-25,1908668781,SOO-JIN,BERRY,06/09/2025,09/29/2025,I,University of Iowa,Softball,,Big Ten Conference,Matriculated,
2024-25,2210685414,HOLLY,MERRITT,05/29/2025,09/29/2025,I,Miami University (Ohio),Softball,,Mid-American Conference,Matriculated,
2024-25,2308980170,CHLOE,LACKEY,06/13/2025,09/29/2025,I,"University of South Carolina, Columbia",Softball,Yes - Softball,Southeastern Conference,Matriculated,
2024-25,2310128610,MIA,PHILLIPS,06/26/2025,09/29/2025,I,"University of California, Berkeley",Softball,,Atlantic Coast Conference,Matriculated,
2024-25,2103125168,ANNIKA,SEGEDI,05/28/2025,09/29/2025,I,Florida Atlantic University,Softball,,American Athletic Conference,Matriculated,
2024-25,2309124113,SOPHIA,GUERRA LEIVA,05/18/2025,09/29/2025,I,Portland State University,Softball,,Big Sky Conference,Matriculated,
2024-25,2208644549,BRYNNE,NALLY,06/10/2025,09/29/2025,I,Long Beach State University,Softball,,Big West Conference,Matriculated,
2024-25,2301762667,INDIA,STOKES,05/28/2025,09/29/2025,I,Bethune-Cookman University,Softball,,Southwestern Athletic Conf.,Matriculated,
2024-25,2107278416,CHARLIZE,LORENZ,05/27/2025,09/29/2025,I,University of Louisville,Softball,,Atlantic Coast Conference,Matriculated,
2024-25,2209659633,AUDREY,WILSON,05/29/2025,09/29/2025,I,"University of South Carolina, Columbia",Softball,,Southeastern Conference,Matriculated,
2024-25,1808266754,SYDNEY,SOMERNDIKE,05/20/2025,09/29/2025,I,University of Arizona,Softball,,Big 12 Conference,Matriculated,
2024-25,2310142189,REGHANN,FAIRBAIRN,05/09/2025,09/30/2025,II,Newman University,Softball,,Mid-America Intercollegiate Athletics Association,Matriculated,
2024-25,2206581237,BERGAN,NEEDLES,05/18/2025,09/30/2025,I,Wofford College,Softball,,Southern Conference,Matriculated,
2024-25,1909683755,JAYLENE,ROSS,05/05/2025,09/30/2025,II,"California State University, Dominguez Hills",Softball,,California Collegiate Athletic Association,Matriculated,
2024-25,2307950453,SOPHIA,GRILLO,12/09/2024,09/30/2025,I,"University of South Carolina, Columbia",Softball,,Southeastern Conference,Matriculated,
2024-25,2210709202,ADDISON,FOSTER,05/19/2025,09/30/2025,I,Stetson University,Softball,,Atlantic Sun Conference,Matriculated,
2024-25,1809282785,BRIONNA,WARREN,04/01/2025,09/30/2025,I,"University of South Carolina, Columbia",Softball,,Southeastern Conference,Matriculated,
2024-25,2002795681,HALEY,LUGINBILL,05/19/2025,09/30/2025,I,"University of Maryland, Baltimore County",Softball,,America East Conference,Matriculated,
2024-25,2108303121,ELLIE,BOSTEDT,07/22/2025,09/30/2025,I,"University of Nevada, Las Vegas",Softball,Yes - Softball,Mountain West Conference,Matriculated,
2024-25,2211713730,AUDRI,CASTILLO,05/13/2025,09/30/2025,II,St. Edward's University,Softball,,Lone Star Conference,Active,
2024-25,2303798601,ISABEL,MORENO,05/13/2025,10/01/2025,III,Skidmore College,Softball,,Liberty League,Active,
2024-25,2109317090,RYAN,MADDOX,05/21/2025,10/01/2025,I,University of Arizona,Softball,,Big 12 Conference,Matriculated,
2024-25,2207610062,LILLIAN,BURNS,05/19/2025,10/01/2025,I,Bellarmine University,Softball,,Atlantic Sun Conference,Matriculated,
2024-25,2207619944,SYDNEY,MOSHER,05/01/2025,10/01/2025,II,Cedarville University,Softball,,Great Midwest Athletic Conference,Active,
2024-25,2209662971,EMILEE,PROCHASKA,06/03/2025,10/01/2025,I,University of Houston,Softball,,Big 12 Conference,Matriculated,
2024-25,2207609803,GABRIELLA,ALEMAN,05/13/2025,10/01/2025,II,Georgian Court University,Softball,,Central Atlantic Collegiate Conference,Matriculated,
2025-26,1906589983,LAUREN,BEN-EZRA,10/01/2025,10/01/2025,I,Dartmouth College,Softball,,The Ivy League,Active,
2024-25,2306937758,KELSEY,CREECH,08/04/2025,10/02/2025,II,Cameron University,Softball,,Lone Star Conference,Matriculated,
2024-25,2308989574,GRACE,TAYLOR,05/18/2025,10/02/2025,I,Appalachian State University,Softball,,Sun Belt Conference,Matriculated,
2024-25,2504585509,EMILY,KURTH,05/27/2025,10/02/2025,III,Eastern University,Softball,,Middle Atlantic Conference Commonwealth,Matriculated,
2024-25,2105168668,ADDISON,AMARAL,05/21/2025,10/02/2025,I,University of Notre Dame,Softball,,Atlantic Coast Conference,Matriculated,
2024-25,2009921471,MADISON,FURNISS,05/20/2025,10/02/2025,I,Georgia Institute of Technology,Softball,,Atlantic Coast Conference,Matriculated,
2024-25,2102104097,GIOVANNA,LYNCH,05/18/2025,10/02/2025,I,University of West Georgia,Softball,,Atlantic Sun Conference,Matriculated,
2025-26,1809293225,ASHLEY,FRANTZ,10/02/2025,10/02/2025,I,Dartmouth College,Softball,,The Ivy League,Active,
2025-26,2510738318,NATALIE,NICOL,10/03/2025,10/03/2025,III,Wellesley College,Softball,,New England Women's and Men's Athletic Conference,Active,
2024-25,2109330293,MADISON,BACHMAN,05/26/2025,10/03/2025,I,Liberty University,Softball,Yes - Softball,Conference USA,Matriculated,
2025-26,2203448528,ANNA,RAHNER,10/03/2025,10/03/2025,II,Shippensburg University of Pennsylvania,Softball,,Pennsylvania State Athletic Conference,Active,
2024-25,2504568825,SAVANNAH,BARR,04/15/2025,10/03/2025,III,Brevard College,Softball,,USA South Athletic Conference,Matriculated,
2024-25,2109330626,PARKER,KRAUS,05/19/2025,10/03/2025,I,"University of Maryland, Baltimore County",Softball,,America East Conference,Matriculated,
2025-26,2206584801,MAURA,SAVOCA,10/03/2025,10/03/2025,III,Lebanon Valley College,Softball,,Middle Atlantic Conference Freedom,Active,
2024-25,2210704694,SUNNI,KAHANU,07/07/2025,10/03/2025,I,"University of Hawaii, Manoa",Softball,Yes - Softball,Big West Conference,Matriculated,
2024-25,2203448528,ANNA,RAHNER,11/05/2024,10/03/2025,III,Farmingdale State College,Softball,,Skyline Conference,Matriculated,
2024-25,2210687869,EMILY,SCHEPP,05/21/2025,10/06/2025,I,University of Arizona,Softball,,Big 12 Conference,Matriculated,
2024-25,2211713570,SARAH,BLASKIEWICZ,05/21/2025,10/06/2025,I,University of Connecticut,Softball,,Big East Conference,Matriculated,
2024-25,1809288731,KAYLEE,POND,05/21/2025,10/06/2025,I,"University of California, Berkeley",Softball,,Atlantic Coast Conference,Matriculated,
2024-25,2009914146,MILLIE,ROBERTS,12/13/2024,10/06/2025,I,Auburn University,Softball,,Southeastern Conference,Matriculated,
2024-25,2204548027,MARLEY,ESPIAU,05/29/2025,10/06/2025,I,University of Utah,Softball,,Big 12 Conference,Matriculated,
2024-25,1908650218,YASMINE,AVILA,05/24/2025,10/06/2025,I,University of Illinois Urbana-Champaign,Softball,,Big Ten Conference,Matriculated,
2024-25,2107258822,MAALIA,CHERRY,05/18/2025,10/06/2025,I,"California State University, Bakersfield",Softball,,Big West Conference,Matriculated,
2024-25,1906598693,AISSA,SILVA,05/20/2025,10/06/2025,I,University of Arizona,Softball,,Big 12 Conference,Matriculated,
2024-25,2011954452,LANEY,JENNINGS,05/19/2025,10/07/2025,I,Marshall University,Softball,,Sun Belt Conference,Matriculated,
2025-26,2302788780,CHRISTINA,CONTRERAS,10/07/2025,10/07/2025,II,Chestnut Hill College,Softball,,Central Atlantic Collegiate Conference,Active,
2024-25,2405315012,CHLOE,GUST,01/29/2025,10/07/2025,I,Cleveland State University,Softball,,Horizon League,Matriculated,
2024-25,2307953951,AALIYSAH,GOMEZ,05/18/2025,10/07/2025,I,South Dakota State University,Softball,,The Summit League,Matriculated,
2024-25,2209673078,KILEY,BUCKLEY,06/09/2025,10/07/2025,I,Stanford University,Softball,,Atlantic Coast Conference,Matriculated,
2024-25,2112395019,ABIGAIL,WILHELM,05/19/2025,10/07/2025,I,"University of Missouri, Columbia",Softball,,Southeastern Conference,Matriculated,
2024-25,2110338066,CHLOE,KOHNHORST,05/18/2025,10/07/2025,I,University of Missouri-Kansas City,Softball,,The Summit League,Matriculated,
2025-26,2009917105,JUSTYCE,PORTER,10/08/2025,10/08/2025,II,St. Cloud State University,Softball,,Northern Sun Intercollegiate Conference,Active,
2024-25,2110344746,HALONA,SAMPSON,04/28/2025,10/08/2025,II,Lander University,Softball,,Peach Belt Conference,Matriculated,
2024-25,2011956522,TATUM,SPARKS,05/19/2025,10/08/2025,I,University of North Texas,Softball,,American Athletic Conference,Matriculated,
2024-25,2106191290,ARRIANA,WRIGHT,05/20/2025,10/08/2025,I,Grand Canyon University,Softball,,Western Athletic Conference,Matriculated,
2024-25,2009923213,KIANA,ESTRADA,12/02/2024,10/08/2025,I,"University of South Carolina, Columbia",Softball,,Southeastern Conference,Matriculated,
2024-25,2303799103,JORDYN,FERRANDINO,05/19/2025,10/08/2025,I,Prairie View A&M University,Softball,,Southwestern Athletic Conf.,Active,
2024-25,2004847733,EMILY,DARWIN,04/10/2025,10/08/2025,I,Grand Canyon University,Softball|Women's Volleyball,,Western Athletic Conference|Western Athletic Conference,Matriculated,
2024-25,2208630971,AVERY,FLYNN,06/23/2025,10/08/2025,II,University of Findlay,Softball,,Great Midwest Athletic Conference,Matriculated,
2024-25,2208649442,MOLLIE,BULLA,05/18/2025,10/08/2025,I,Appalachian State University,Softball,,Sun Belt Conference,Matriculated,
2024-25,2003827076,MARGARET,DANIEL,06/06/2025,10/08/2025,I,"University of California, Los Angeles",Softball,,Big Ten Conference,Matriculated,
2025-26,1903455038,EMMA,KRUEGER,10/08/2025,10/08/2025,I,University of Wisconsin-Green Bay,Softball,Yes - Softball,Horizon League,Active,
2024-25,2207604726,VANESSA,KELLER,05/18/2025,10/08/2025,I,"California State University, Fresno",Softball,,Mountain West Conference,Matriculated,
2024-25,2208654718,CHLOE,PARKER,05/18/2025,10/08/2025,I,Central Michigan University,Softball,,Mid-American Conference,Matriculated,
2024-25,2001772152,SYDNEY,PETERSON,05/23/2025,10/09/2025,I,Louisiana State University,Softball,,Southeastern Conference,Matriculated,
2024-25,2210700509,CHANEY,PETERS,05/18/2025,10/09/2025,I,University of Illinois Urbana-Champaign,Softball,,Big Ten Conference,Matriculated,
2024-25,1808273998,AVREY,WOLVERTON,04/28/2025,10/10/2025,I,Saint Mary's College of California,Softball,,West Coast Conference,Active,
2024-25,2111364651,MARYANNA,GUY,05/18/2025,10/10/2025,I,Longwood University,Softball,,Big South Conference,Matriculated,
2024-25,2109326883,JORDYN,STUESSY,05/18/2025,10/13/2025,I,Southern Illinois University at Carbondale,Softball,,Missouri Valley Conference,Matriculated,
2024-25,2208654772,CORINNE,MARTZ,05/19/2025,10/13/2025,I,Indiana University Indianapolis,Softball,,Horizon League,Matriculated,
2024-25,2008907162,NATALIE,PACHECO,05/18/2025,10/13/2025,I,University of the Incarnate Word,Softball,,Southland Conference,Matriculated,
2024-25,2209657433,AUDREY,GALLEGOS,05/18/2025,10/14/2025,I,University of Texas at El Paso,Softball,,Conference USA,Matriculated,
2024-25,2209655880,TORI,TIUMALU,05/19/2025,10/14/2025,I,East Texas A&M University,Softball,,Southland Conference,Signed,
2024-25,2208638903,CATHERINE,CALZADA,05/19/2025,10/15/2025,I,Sacred Heart University,Softball,,Metro Atlantic Athletic Conference,Matriculated,
2024-25,1909702997,MEGAN,TOWERY,05/18/2025,10/15/2025,I,Wofford College,Softball,,Southern Conference,Matriculated,
2024-25,2310140299,PARIS,PINKSTON,05/19/2025,10/15/2025,I,Coppin State University,Softball,,Mid-Eastern Athletic Conf.,Active,
2024-25,2104156553,NANYE',CAIN DIXON,05/27/2025,10/17/2025,II,Bowie State University,Softball,,Central Intercollegiate Athletic Association,Matriculated,
2024-25,2202444262,AVA,BROWN,05/06/2025,10/17/2025,II,Claflin University,Softball,,Central Intercollegiate Athletic Association,Matriculated,
2024-25,2106187202,ABBY,RITCHHART,05/18/2025,10/17/2025,I,University of Texas at El Paso,Softball,,Conference USA,Matriculated,
2025-26,2105159980,PEYTON,BLANKENHEIM-BROWN,10/20/2025,10/20/2025,III,Wheaton College (Massachusetts),Softball,,New England Women's and Men's Athletic Conference,Active,
2024-25,2111373685,CECELIA,IMBIMBO,05/20/2025,10/20/2025,I,Merrimack College,Softball,,Metro Atlantic Athletic Conference,Matriculated,
2024-25,2004842260,BROOKE,PIPER,05/19/2025,10/20/2025,I,Queens University of Charlotte,Softball,,Atlantic Sun Conference,Matriculated,
2024-25,2005863302,SYDNEY,LEWIS,05/18/2025,10/21/2025,I,"University of Maryland, College Park",Softball,,Big Ten Conference,Matriculated,
2024-25,2010951846,ALLYSE,AGERS,05/10/2025,10/21/2025,II,Drury University,Softball,,Great Lakes Valley Conference,Matriculated,
2024-25,2103122253,MORGAN,WILLIAMS,05/06/2025,10/21/2025,II,Wayne State University (Michigan),Softball,,Great Lakes Intercollegiate Athletic Conference,Matriculated,
2025-26,2206579061,TAYLOR,ELLIS,08/28/2025,10/21/2025,II,Franklin Pierce University,Softball,,Northeast 10 Conference,Active,
2024-25,2010940622,AMELIA,FITZGERALD,11/18/2024,10/21/2025,I,University of Missouri-Kansas City,Softball,Yes - Softball,The Summit League,Matriculated,
2024-25,2108299007,OLIVIA,MUNOZ,05/19/2025,10/22/2025,I,Oakland University,Softball,,Horizon League,Matriculated,
2025-26,2108284631,CASSIDY,JENKINS,10/22/2025,10/22/2025,II,Emmanuel University (Georgia),Softball,,Conference Carolinas,Active,
2024-25,2210696615,ASHLEY,GOODALE,05/12/2025,10/23/2025,II,Saint Martin's University,Softball,,Great Northwest Athletic Conference,Matriculated,
2024-25,2308978137,HANNAH,MORENO,05/19/2025,10/23/2025,I,Oregon State University,Softball,Yes - Softball,West Coast Conference,Matriculated,
2025-26,2308982459,GIANNA,CIVITILLO,10/27/2025,10/27/2025,II,Southern New Hampshire University,Softball|Women's Volleyball,,Northeast 10 Conference|Northeast 10 Conference,Active,
2024-25,1904478413,SAMANTHA,TOURTILLOTT,05/19/2025,10/28/2025,I,Drake University,Softball,,Missouri Valley Conference,Matriculated,
2024-25,2210699087,ABEGAYLE,DRABEK,11/30/2024,10/28/2025,II,Southern Arkansas University,Softball,,Great American Conference,Active,
2025-26,2510754879,CHLOE,BAFUNDO,10/28/2025,10/28/2025,III,Rivier University,Softball,,Great Northeast Athletic Conference,Active,
2025-26,2510755520,JENNA,WISNIEWSKI,10/29/2025,10/29/2025,III,Pfeiffer University,Softball,,USA South Athletic Conference,Active,
2025-26,2301762301,EMMA,JACKSON,10/29/2025,10/29/2025,III,Bethany College (West Virginia),Softball,,Presidents' Athletic Conference,Active,
2023-24,2301762301,EMMA,JACKSON,05/02/2024,10/29/2025,II,West Virginia Wesleyan College,Softball,,Mountain East Conference,Matriculated,
2025-26,2510757016,ANITA,SZYMONIAK,10/29/2025,10/29/2025,III,Saint Vincent College,Softball,,Presidents' Athletic Conference,Active,
2025-26,2005854638,HAILEY,CONGER,10/30/2025,10/30/2025,I,Butler University,Softball,,BIG EAST Conference,Active,
2024-25,2407364672,DENAE,OJEDA,05/19/2025,10/30/2025,I,University of Maryland Eastern Shore,Softball,,Mid-Eastern Athletic Conf.,Matriculated,
2024-25,2310134250,ISABEL,RODRIGUEZ,06/04/2025,10/30/2025,II,Minnesota State University Moorhead,Softball,,Northern Sun Intercollegiate Conference,Matriculated,
2024-25,2102116800,DEVREE,GODINEZ,05/28/2025,10/30/2025,I,Jackson State University,Softball,,Southwestern Athletic Conf.,Matriculated,
2025-26,2310144297,ABIGAILE,WATKINS,10/31/2025,10/31/2025,II,Central Washington University,Softball,,Great Northwest Athletic Conference,Active,
2025-26,2209673067,ANNA,KLEIN,10/31/2025,10/31/2025,III,Hartwick College,Softball,,Empire 8,Active,
2024-25,2207621840,AVA,FISHER,05/18/2025,11/01/2025,I,East Carolina University,Softball,,American Athletic Conference,Matriculated,
2025-26,2108305203,KIARRA,THOMAS,11/03/2025,11/03/2025,II,Converse University,Softball,,Conference Carolinas,Active,
2025-26,2310134015,ADDISYN,COX,11/03/2025,11/03/2025,II,East Central University,Softball,,Great American Conference,Active,
2024-25,2010937531,DEVIN,LONG,05/18/2025,11/03/2025,I,East Carolina University,Softball,,American Athletic Conference,Matriculated,
2025-26,2009913960,RYLEIGH,PETERS,11/03/2025,11/03/2025,II,Northeastern State University,Softball,,Mid-America Intercollegiate Athletics Association,Active,
2024-25,2210709087,JESSICA,FEERICK,05/15/2025,11/03/2025,II,St. Thomas Aquinas College,Softball,,East Coast Conference,Active,
2024-25,2208654500,ELIZABETH,BAGLIERI,05/18/2025,11/04/2025,I,Boston University,Softball,,Patriot League,Matriculated,
2023-24,2010949505,LINDSAY,BREUER,03/14/2024,11/05/2025,II,Notre Dame College (Ohio),Softball,,Mountain East Conference,Matriculated,
2025-26,2002800968,EMILI,BLACKIE,11/05/2025,11/05/2025,II,Hillsdale College,Softball,,Great Midwest Athletic Conference,Active,
2025-26,2502511916,ADRIANNE-JADE,MAIAVA,11/06/2025,11/06/2025,II,New Mexico Highlands University,Softball,,Rocky Mountain Athletic Conference,Active,
2023-24,2009932120,GRACE,AVERY,05/20/2024,11/06/2025,I,Wagner College,Softball,,Northeast Conference,Matriculated,
2024-25,2102113721,KAHLEN,CORNELL,10/01/2024,11/06/2025,II,Georgian Court University,Softball,,Central Atlantic Collegiate Conference,Matriculated,
2025-26,2110353440,PAOLA,GARCIA,11/06/2025,11/07/2025,III,Pacific Lutheran University,Softball,,Northwest Conference,Active,
2025-26,2406343237,KAELIN,KUESTER,11/06/2025,11/07/2025,III,Widener University,Softball,,Middle Atlantic Conference Commonwealth,Active,
2025-26,2110362511,JALYN,KOPP,11/07/2025,11/07/2025,II,University of Indianapolis,Softball,,Great Lakes Valley Conference,Active,
2023-24,1907635048,CORYNNE,CHADWICK,02/23/2024,11/12/2025,III,Keene State College,Softball,,Little East Conference,Matriculated,
2025-26,2004847223,RAEGAN,MOORE,11/12/2025,11/12/2025,II,Northeastern State University,Softball,,Mid-America Intercollegiate Athletics Association,Active,
2025-26,2507678409,SARAH,LATHAM,11/12/2025,11/12/2025,II,Middle Georgia State University,Softball,,Peach Belt Conference,Withdrawn,
2025-26,2502514409,HANNAH,JACOBS,11/13/2025,11/13/2025,II,"Concordia University, St. Paul",Softball,,Northern Sun Intercollegiate Conference,Active,
2025-26,2105159720,MADISON,DAVIS,11/13/2025,11/13/2025,II,Converse University,Softball,,Conference Carolinas,Active,
2025-26,2204504334,ALEXIS,EMERY,11/13/2025,11/13/2025,II,Mars Hill University,Softball,,South Atlantic Conference,Active,
2025-26,2110362336,BAILEY,LEGERE,11/14/2025,11/14/2025,II,Francis Marion University,Softball,,Conference Carolinas,Active,
2025-26,2406334654,ISABEL JOSEFINE,LINDTNER,11/14/2025,11/15/2025,II,Davis & Elkins College,Softball,,Mountain East Conference,Active,
2025-26,2106205690,GISELLE,MARTINEZ,11/17/2025,11/17/2025,III,"Buffalo State, State University of New York",Softball,,State University of New York Athletic Conference,Active,
2024-25,2309998572,KAYLIN,RITENOUR,05/22/2025,11/18/2025,III,Keuka College,Softball,,Empire 8,Matriculated,
2025-26,2309114179,EMERSON,MCALLISTER,11/18/2025,11/18/2025,II,East Stroudsburg University of Pennsylvania,Softball,,Pennsylvania State Athletic Conference,Active,
2025-26,2507678436,JULIANNA,DAINA,11/13/2025,11/19/2025,III,St. Joseph's University NY (Brooklyn),Softball,,Skyline Conference,Active,
2024-25,2106221924,CAMRYN,JOHNSON,05/18/2025,11/20/2025,I,Seattle University,Softball,,Western Athletic Conference,Matriculated,
2025-26,2508703473,SIERRA,MESSIER,11/19/2025,11/20/2025,III,University of Saint Joseph (Connecticut),Softball,,Great Northeast Athletic Conference,Active,
2024-25,2009914468,J'LAILAH,DOTSON,05/19/2025,11/21/2025,I,East Texas A&M University,Softball,Yes - Softball,Southland Conference,Matriculated,
2025-26,2511774239,RILEY,MCNAMARA,11/21/2025,11/21/2025,III,Vermont State University Lyndon,Softball,,North Atlantic Conference,Active,
2025-26,2110363411,SAVANNAH,TEALE,11/25/2025,11/25/2025,II,St. Thomas Aquinas College,Softball,,East Coast Conference,Active,
2024-25,2110363411,SAVANNAH,TEALE,04/30/2025,11/25/2025,II,Kentucky State University,Softball,,Southern Intercol. Ath. Conf.,Matriculated,
2025-26,2410434497,SKYE,HARRINGTON,11/25/2025,11/25/2025,II,Francis Marion University,Softball,,Conference Carolinas,Active,
2025-26,2511776619,EMMA,HARRELL,11/25/2025,11/25/2025,III,University of Mary Washington,Softball,,Coast-To-Coast Athletic Conference,Active,
2025-26,2306945569,BROOKE,ALLEN,12/01/2025,12/01/2025,I,Coppin State University,Softball,,Mid-Eastern Athletic Conf.,Active,
2025-26,2411455260,EVELYN,HENSON,12/01/2025,12/01/2025,I,Marshall University,Softball,Yes - Softball,Sun Belt Conference,Active,
2025-26,2001772061,RUIJIA,YANG,12/01/2025,12/01/2025,I,Georgetown University,Softball,,BIG EAST Conference,Active,
2025-26,2207625399,SARAH,HANF,12/01/2025,12/01/2025,I,East Texas A&M University,Softball,,Southland Conference,Active,
2025-26,2309103105,IZEL,AVALOS,12/01/2025,12/01/2025,I,East Texas A&M University,Softball,,Southland Conference,Active,
2025-26,2104151018,ALEXANDRIA,TURNER,12/01/2025,12/01/2025,I,Alcorn State University,Softball,,Southwestern Athletic Conf.,Active,
2025-26,2305911564,SAYLOR,DAVIS,12/01/2025,12/02/2025,I,Oklahoma State University,Softball,Yes - Softball,Big 12 Conference,Active,
2024-25,2007888978,JAMIE,SUPPA,04/16/2025,12/03/2025,I,Gardner-Webb University,Softball,,Big South Conference,Matriculated,
2025-26,2112399667,LANA,RUDOLPH,12/01/2025,12/03/2025,I,Hofstra University,Softball,,Coastal Athletic Association,Active,
2025-26,2408385528,KACEY,PILLION,12/04/2025,12/04/2025,I,Wofford College,Softball,,Southern Conference,Active,
2025-26,2101996827,KYLA,GRAVES,12/04/2025,12/04/2025,I,North Carolina A&T State University,Softball,,Coastal Athletic Association,Active,
2025-26,2504559854,JORDYN,BROWN,12/05/2025,12/05/2025,II,University of Texas at Dallas,Softball,,Lone Star Conference,Active,
2025-26,2011955663,LAURYN,SAPP,12/04/2025,12/05/2025,I,Loyola Marymount University,Softball,,West Coast Conference,Active,
2025-26,2308974066,SYDNEY,MCAVOY,12/04/2025,12/05/2025,III,Lesley University,Softball,,North Atlantic Conference,Active,
2025-26,2505620925,EMMA,REYNOLDS,12/08/2025,12/08/2025,II,Lubbock Christian University,Softball,,Lone Star Conference,Active,
2025-26,2207620107,ALEXANDRA,SOUDERS,12/08/2025,12/08/2025,II,Belmont Abbey College,Softball,,Conference Carolinas,Active,
2025-26,2307962526,KYLIE,BAUMGARD,12/09/2025,12/09/2025,II,Upper Iowa University,Softball,,Great Lakes Valley Conference,Active,
2025-26,2208649485,HAILEE,KARA,12/05/2025,12/09/2025,I,Western Michigan University,Softball,,Mid-American Conference,Active,
2025-26,2410422948,BROOKE,OPPLIGER,12/09/2025,12/09/2025,II,Upper Iowa University,Softball,,Great Lakes Valley Conference,Active,
2025-26,2010941833,EMMA,NIECE,12/10/2025,12/11/2025,I,Long Island University,Softball,,Northeast Conference,Active,
2025-26,2112388881,VANESSA,FLORES,12/12/2025,12/12/2025,I,Syracuse University,Softball,,Atlantic Coast Conference,Active,
2025-26,1908653313,PEYTON,SCHEMMER,12/12/2025,12/12/2025,I,Syracuse University,Softball,,Atlantic Coast Conference,Active,
2025-26,2309104743,KYLIE,KALCHTHALER,12/10/2025,12/12/2025,II,Anderson University (South Carolina),Softball,,South Atlantic Conference,Active,
2025-26,2307963627,STEPHANIE,CRITTENDEN,12/12/2025,12/12/2025,I,University of Central Arkansas,Softball,,Atlantic Sun Conference,Active,
2025-26,2301771239,EMILY,CLAY,12/16/2025,12/16/2025,II,Valdosta State University,Softball,,Gulf South Conference,Active,
2024-25,2310137719,JALEILA,AUPONT,12/02/2024,12/16/2025,I,Central Connecticut State University,Softball,,Northeast Conference,Active,
2024-25,1911749071,ARIEL,GOMEZ,05/20/2025,12/17/2025,I,Southeastern Louisiana University,Softball,,Southland Conference,Active,
2025-26,2304884650,KYLAH,SHIFFLETT,10/27/2025,12/17/2025,II,Newberry College,Softball,,South Atlantic Conference,Active,
2024-25,2207620477,ANDREA,HATAWAY,05/06/2025,12/17/2025,II,Texas A&M International University,Softball,,Lone Star Conference,Matriculated,
2025-26,2208652273,RILEY,BEST,11/13/2025,12/20/2025,II,Lock Haven University of Pennsylvania,Softball,,Pennsylvania State Athletic Conference,Active,
2025-26,2206593106,SAVANNAH,CARTER,12/01/2025,12/20/2025,I,Texas State University,Softball,,Sun Belt Conference,Active,
2024-25,2209677952,KIRA,MANGANELLO,06/10/2025,12/23/2025,I,Eastern Illinois University,Softball,,Ohio Valley Conference,Active,
2025-26,2405300959,BRYNNA,SEITZ,11/04/2025,12/24/2025,I,Bradley University,Softball,,Missouri Valley Conference,Active,
2025-26,2311172126,MARY,SCHMIDT,12/26/2025,12/26/2025,II,Northern State University,Softball,,Northern Sun Intercollegiate Conference,Active,
2025-26,2410424280,EMMA,GOCHENOUR,12/01/2025,12/27/2025,I,Oregon State University,Softball,,West Coast Conference,Active,
2025-26,2407367234,HANNAH,WELSH,10/31/2025,01/05/2026,II,University of Mount Olive,Softball,,Conference Carolinas,Matriculated,
2025-26,2409401143,EMMA,EDWARDS,12/01/2025,01/06/2026,I,Tarleton State University,Softball,,Western Athletic Conference,Matriculated,
2025-26,2211721477,SIENNA,MELI,11/21/2025,01/06/2026,II,Felician University,Softball,,Central Atlantic Collegiate Conference,Active,
2025-26,2408385881,AYVAH,FALANIKO,11/07/2025,01/06/2026,II,New Mexico Highlands University,Softball,,Rocky Mountain Athletic Conference,Matriculated,
2025-26,2503526576,ALEXIS,LIVINGSTON,11/13/2025,01/06/2026,II,Bluefield State University,Softball,,Central Intercollegiate Athletic Association,Active,
2025-26,2205559265,ADISON,RUMLER,11/04/2025,01/06/2026,II,University of Illinois Springfield,Softball,,Great Lakes Valley Conference,Active,
2025-26,2205562564,ALLIE,COLE,12/03/2025,01/06/2026,I,University of Tennessee at Chattanooga,Softball,,Southern Conference,Active,
2025-26,2506649137,AVA,KUPCZYK,01/08/2026,01/08/2026,II,Western New Mexico University,Softball,,Lone Star Conference,Active,
2025-26,2308997679,MCKENZIE,SMITH,01/07/2026,01/08/2026,II,Auburn University at Montgomery,Softball,,Gulf South Conference,Active,
2024-25,2209678569,YASMYN,STEWART,05/19/2025,01/08/2026,I,Grambling State University,Softball,,Southwestern Athletic Conf.,Active,
2024-25,2206575811,ALEXIS,GATLIN,05/18/2025,01/09/2026,I,Alabama A&M University,Softball,,Southwestern Athletic Conf.,Matriculated,
2025-26,2309109517,MICAIAH,COOPER,12/03/2025,01/09/2026,II,Winston-Salem State University,Softball,,Central Intercollegiate Athletic Association,Active,
2025-26,2108303857,CAYDANCE,GADDIS,12/01/2025,01/10/2026,I,University of North Texas,Softball,,American Conference,Active,
2025-26,2206578664,MADELYN,DENN,12/03/2025,01/12/2026,II,University of Texas at Dallas,Softball,,Lone Star Conference,Matriculated,
2025-26,2211714640,AERYNNE,MAYS,01/12/2026,01/12/2026,III,Cairn University,Softball,,United East Conference,Active,
2025-26,2001785039,ANNIKA,SMITH,10/02/2025,01/13/2026,II,"Pennsylvania Western University, Clarion",Softball,,Pennsylvania State Athletic Conference,Matriculated,
2024-25,2105163055,ALEXA,COUTO,05/05/2025,01/14/2026,II,Concordia University Irvine,Softball,,Pacific West Conference,Matriculated,
2025-26,2403246653,CASSIDY,HORNUNG,01/16/2026,01/16/2026,I,Utah Tech University,Softball,,Western Athletic Conference,Active,
2024-25,2111366170,DESTINY,CALLOWAY,06/10/2025,01/19/2026,I,South Carolina State University,Softball,,Mid-Eastern Athletic Conf.,Matriculated,
2025-26,2102107252,CEARA,O'NEAL,11/25/2025,01/21/2026,I,Rider University,Softball,,Metro Atlantic Athletic Conference,Active,
2024-25,2304848643,SAVANNAH,PAUL,04/23/2025,01/21/2026,II,The University of Virginia's College at Wise,Softball,,South Atlantic Conference,Matriculated,
2024-25,2011962946,CARALIN,WILLIS,05/13/2025,01/22/2026,II,Converse University,Softball,,Conference Carolinas,Matriculated,
2025-26,2511766399,NADYA,HUDSON,11/12/2025,01/22/2026,III,Mitchell College,Softball,,Great Northeast Athletic Conference,Matriculated,
2025-26,2601807966,RILEY,STILES,01/25/2026,01/26/2026,III,Lake Forest College,Softball,,Midwest Conference,Active,
2025-26,2309101544,HOLLY,STEFFUS,12/04/2025,01/26/2026,I,The Ohio State University,Softball,,Big Ten Conference,Matriculated,
2025-26,2308988802,LEAH,GRAVES,01/27/2026,01/27/2026,II,Missouri Western State University,Softball,,Mid-America Intercollegiate Athletics Association,Active,
2024-25,2402224008,CATALINA,MENDOZA,07/09/2025,01/27/2026,II,Shaw University,Softball,,Central Intercollegiate Athletic Association,Matriculated,
2025-26,2106201256,DEANNA,DUBOIS,11/12/2025,01/27/2026,II,College of Staten Island,Softball,,East Coast Conference,Matriculated,
2024-25,2110344145,JERZIE,LIANA,06/17/2025,01/27/2026,I,"California State University, Northridge",Softball,,Big West Conference,Matriculated,
2024-25,2003828818,CAROLINE,BRANCH,01/08/2025,01/28/2026,II,University of North Georgia,Softball,,Peach Belt Conference,Active,
2025-26,2401206144,JADEN,FRASER,11/12/2025,01/28/2026,II,San Francisco State University,Softball,,California Collegiate Athletic Association,Active,
2023-24,2108302617,PEYTON,JONES,02/12/2024,01/28/2026,II,Simon Fraser University,Softball,,Great Northwest Athletic Conference,Active,
2025-26,2407367277,KELSEY,PARK,01/28/2026,01/28/2026,II,Salem University (West Virginia),Softball,,Independent,Active,
2025-26,2410427120,NADINE,GUTIERREZ,12/16/2025,01/28/2026,II,San Francisco State University,Softball,,California Collegiate Athletic Association,Active,
2025-26,2409412745,MEGAN,HASSAJ,10/16/2025,01/29/2026,II,Lock Haven University of Pennsylvania,Softball,,Pennsylvania State Athletic Conference,Active,
2025-26,2108295846,GRACE,ROARK,12/03/2025,01/29/2026,I,Mercer University,Softball,,Southern Conference,Active,
2024-25,2211712557,LORELEI,STANCAVAGE,05/09/2025,01/29/2026,II,Southern Connecticut State University,Softball,,Northeast-10 Conference,Active,
2025-26,2209677143,JULIANNA,KELLOGG,12/17/2025,01/30/2026,II,Georgian Court University,Softball,,Central Atlantic Collegiate Conference,Matriculated,
2025-26,2301766702,STEVIE,KNIGHT,12/02/2025,01/30/2026,I,Abilene Christian University,Softball,,Western Athletic Conference,Active,
2025-26,2306941860,AVERY,DESNER,12/01/2025,01/30/2026,I,Hofstra University,Softball,,Coastal Athletic Association,Active,
2024-25,2108293062,ALAINA,HAMPTON,05/18/2025,01/30/2026,I,University of Texas at Arlington,Softball,,Western Athletic Conference,Matriculated,
2025-26,2508696971,SAMANTHA,VANDEVELDE,12/12/2025,01/30/2026,II,Upper Iowa University,Softball,,Great Lakes Valley Conference,Matriculated,
2025-26,2103123642,ABIGAIL,GREENE,01/31/2026,02/01/2026,III,Curry College,Softball,,Conference of New England,Active,
2025-26,2509717877,EMILY,COLLINS,01/20/2026,02/02/2026,III,"University of Maine, Farmington",Softball,,North Atlantic Conference,Withdrawn,
2024-25,2307947479,LYRICAL,BENNETT,05/19/2025,02/02/2026,I,University of Memphis,Softball,,American Athletic Conference,Matriculated,
2025-26,2011969771,ANGELINA,VENTULLO,01/23/2026,02/02/2026,III,"University of Maine, Farmington",Softball,,North Atlantic Conference,Withdrawn,
2025-26,2405314634,MARISELA,LANDA,11/21/2025,02/03/2026,II,Fort Hays State University,Softball,,Mid-America Intercollegiate Athletics Association,Matriculated,
2025-26,2411450187,KAYLIN,SALAZAR,11/03/2025,02/03/2026,II,East Central University,Softball,,Great American Conference,Matriculated,
2024-25,2404283339,ALAINA,ELDRIDGE,05/16/2025,02/04/2026,II,University of Findlay,Softball,,Great Midwest Athletic Conference,Matriculated,
2025-26,2309100098,OLIVIA,PAYNE,02/04/2026,02/04/2026,II,University of West Alabama,Softball,,Gulf South Conference,Active,
2025-26,2410429161,SYDNEY,BEARDEN,02/04/2026,02/04/2026,III,University of Mary Hardin-Baylor,Softball,,American Southwest Conference,Active,
2025-26,2409417480,AZALEIGH,HAMMER,02/04/2026,02/04/2026,II,Tiffin University,Softball,,Great Midwest Athletic Conference,Active,
2025-26,2309108836,TAYLOR,YOUNG,11/26/2025,02/06/2026,II,Seton Hill University,Softball,,Pennsylvania State Athletic Conference,Matriculated,
2025-26,2304870423,MAHAILEY,NICHOLSON,09/24/2025,02/06/2026,II,Concord University,Softball,,Mountain East Conference,Matriculated,
2023-24,1909692382,ELLA,MILANTE,05/31/2024,02/06/2026,III,Chapman University,Softball,,Southern California Intercollegiate Athletic Conf.,Matriculated,
2025-26,2109311874,JASMINE,JONES,12/01/2025,02/08/2026,I,Jacksonville University,Softball,,Atlantic Sun Conference,Matriculated,
2024-25,2302776990,KATHRYN,NICHOLS,05/19/2025,02/09/2026,I,Western Michigan University,Softball,,Mid-American Conference,Withdrawn,
2025-26,2601806059,DELANEY,FIFIELD,01/26/2026,02/10/2026,III,Mitchell College,Softball,,Great Northeast Athletic Conference,Active,
2025-26,2301755726,KELSIE,RIGGAN,12/16/2025,02/10/2026,I,"Rutgers, The State University of New Jersey, New Brunswick",Softball,Yes - Softball,Big Ten Conference,Matriculated,
2025-26,2308989106,MASYN,BAKER,12/01/2025,02/10/2026,I,Bradley University,Softball,,Missouri Valley Conference,Matriculated,
2025-26,2301751800,LINSLEY,BROWN,01/06/2026,02/10/2026,II,University of North Georgia,Softball,,Peach Belt Conference,Matriculated,
2024-25,2107281208,KAYDEN,PORTER,05/18/2025,02/11/2026,I,Western Illinois University,Softball,,Ohio Valley Conference,Active,
2025-26,2109317801,NATALIE,RODMAN,02/11/2026,02/11/2026,II,Fort Lewis College,Softball,,Rocky Mountain Athletic Conference,Active,
2025-26,2109329470,DACIE,WATTERSON,02/11/2026,02/11/2026,II,Eckerd College,Softball,,Sunshine State Conference,Active,
2024-25,2108284314,GABRIELLA,AUGHTON,05/12/2025,02/12/2026,I,Boston College,Softball,,Atlantic Coast Conference,Matriculated,
2025-26,2101995150,MADDISON,DEPENCIER,02/12/2026,02/12/2026,I,University of Southern Indiana,Softball,,Ohio Valley Conference,Active,
2024-25,2008899561,JOLEE,BENSON,05/20/2025,02/13/2026,I,Arizona State University,Softball,Yes - Softball,Big 12 Conference,Matriculated,
2024-25,2201409656,ZAKAYIA,FREDRICK,05/06/2025,02/16/2026,II,Texas A&M International University,Softball,,Lone Star Conference,Matriculated,
2025-26,2408379930,BRYNLEY,JENNINGS,02/16/2026,02/16/2026,II,Harding University,Softball,,Great American Conference,Active,
2025-26,1908659136,LINDSAY,HENSON,12/02/2025,02/18/2026,I,Indiana State University,Softball,,Missouri Valley Conference,Matriculated,
2024-25,2209680053,MARIA,HARRISON,04/02/2025,02/18/2026,III,Rosemont College,Softball,,Sport not sponsored,Matriculated,
2024-25,2505615385,RACHAEL,MADSEN,05/21/2025,02/18/2026,III,North Central College,Softball,,College Conference of Illinois & Wisconsin,Matriculated,
2025-26,2401192543,TAYLOR,NICHOLS,09/29/2025,02/21/2026,II,Northeastern State University,Softball,,Mid-America Intercollegiate Athletics Association,Matriculated,
2024-25,2111383027,ISABEL,QUIROGA,06/17/2025,02/21/2026,I,"University of California, Berkeley",Softball,,Atlantic Coast Conference,Matriculated,
2024-25,2310148207,KAYLIE,FRYDENLUND,05/21/2025,02/21/2026,II,University of Minnesota Duluth,Softball,,Northern Sun Intercollegiate Conference,Signed,
2025-26,2009922115,NATALIE,RAY,11/13/2025,02/21/2026,II,University of North Georgia,Softball,,Peach Belt Conference,Matriculated,
2024-25,2109330402,RILEY,DEMERS,04/24/2025,02/21/2026,II,Lees-McRae College,Softball,,Conference Carolinas,Matriculated,
2024-25,2209659090,NATASHA,LIMBANI,07/01/2025,02/21/2026,I,Niagara University,Softball,,Metro Atlantic Athletic Conference,Matriculated,
2025-26,2003830390,LACI,PESKEY,10/21/2025,02/21/2026,II,Black Hills State University,Softball,,Rocky Mountain Athletic Conference,Matriculated,
2024-25,2211723058,KADEY,MCKAY,06/05/2025,02/21/2026,I,University of Oklahoma,Softball,,Southeastern Conference,Matriculated,
2025-26,2302795157,OLIVIA,BROWN,09/22/2025,02/21/2026,II,Northeastern State University,Softball,,Mid-America Intercollegiate Athletics Association,Matriculated,
2025-26,2004847733,EMILY,DARWIN,11/18/2025,02/21/2026,II,Colorado Christian University,Softball,,Rocky Mountain Athletic Conference,Matriculated,
2024-25,2105165149,SYDNEY,JONES,03/11/2025,02/21/2026,I,North Carolina Central University,Softball,,Mid-Eastern Athletic Conf.,Signed,
2024-25,2111373108,KILEY,STROTT,05/28/2025,02/21/2026,I,University of Central Florida,Softball,,Big 12 Conference,Matriculated,
2025-26,2309104833,BROOKLYNN,CLARK,11/19/2025,02/21/2026,II,Northwest Nazarene University,Softball,,Great Northwest Athletic Conference,Matriculated,
2025-26,2512787159,JOELLE,DAIGNEAULT,12/13/2025,02/21/2026,III,"University of Maine, Farmington",Softball,,North Atlantic Conference,Matriculated,
2025-26,2407355280,HANNAH,DEMOFF,12/04/2025,02/21/2026,I,Grand Canyon University,Softball,,Mountain West Conference,Signed,
2025-26,2208648994,MATTISON,BELIVEAU,12/01/2025,02/21/2026,I,University of Wisconsin-Madison,Softball,,Big Ten Conference,Matriculated,
2025-26,2101102472,REAGAN,WINN,09/23/2025,02/21/2026,II,Georgian Court University,Softball,,Central Atlantic Collegiate Conference,Matriculated,
2025-26,2202438573,SAMANTHA,RYAN,12/13/2025,02/21/2026,II,Saint Anselm College,Softball,,Northeast 10 Conference,Signed,
2025-26,2210687973,ANGELINA,EDWARDS,10/17/2025,02/21/2026,II,Millersville University of Pennsylvania,Softball,,Pennsylvania State Athletic Conference,Matriculated,
2025-26,2507666715,JAZMINE,MIKEL,12/11/2025,02/21/2026,II,Georgian Court University,Softball,,Central Atlantic Collegiate Conference,Matriculated,
2024-25,2008905011,KAYLA,ALEXANDRE,05/13/2025,02/21/2026,I,Florida A&M University,Softball,,Southwestern Athletic Conf.,Matriculated,
2025-26,2209660338,CLAIRE,WYNJA,12/01/2025,02/21/2026,I,South Dakota State University,Softball,Yes - Softball,The Summit League,Matriculated,
2025-26,2308995858,ALEXIS,GATTUSO,12/13/2025,02/21/2026,III,"University of Maine, Farmington",Baseball|Softball,,North Atlantic Conference|North Atlantic Conference,Matriculated,
2025-26,2210687225,MADGE,LAYFIELD,12/15/2025,02/21/2026,I,University of Central Arkansas,Softball,,Atlantic Sun Conference,Matriculated,
2025-26,2208645543,GIANNA,POLETTI,12/01/2025,02/21/2026,I,Pennsylvania State University,Softball,,Big Ten Conference,Matriculated,
2025-26,2007893850,RAELLE,GORMAN,11/18/2025,02/21/2026,II,Pace University,Women's Cross Country|Softball,,Northeast 10 Conference|Northeast 10 Conference,Matriculated,
2024-25,1903442988,HANNAH,PITTS,03/18/2025,02/21/2026,I,Mercer University,Softball,,Southern Conference,Signed,
2025-26,2512787274,MACKENZIE,BERGEN,12/15/2025,02/21/2026,III,"University of Maine, Farmington",Softball,,North Atlantic Conference,Matriculated,
2024-25,2111377330,TARYN,IRIMATA,05/19/2025,02/21/2026,I,"University of Nevada, Reno",Softball,,Mountain West Conference,Matriculated,
2025-26,2206577292,DANAE,LOPEZ,12/05/2025,02/21/2026,II,Colorado Christian University,Softball,,Rocky Mountain Athletic Conference,Matriculated,
2024-25,2406343594,YONAH,ROGERS,05/13/2025,02/21/2026,II,Virginia Union University,Softball,,Central Intercollegiate Athletic Association,Matriculated,
2025-26,2105180958,ABBY,WRINN,12/22/2025,02/21/2026,III,"University of Maine, Farmington",Softball,,North Atlantic Conference,Matriculated,
2025-26,2210689259,SOPHIA,BORDI,12/08/2025,02/21/2026,I,University of Oklahoma,Softball,Yes - Softball,Southeastern Conference,Matriculated,
2024-25,2208637052,ZOE,KRIZAN,05/22/2025,02/21/2026,I,Drexel University,Softball,Yes - Softball,Coastal Athletic Association,Matriculated,
2024-25,2310139791,GEORGIA,ANDREOLI,06/04/2025,02/21/2026,II,Caldwell University,Softball,,Central Atlantic Collegiate Conference,Matriculated,
2024-25,2009920375,BAILEY,COLLINS,05/21/2025,02/21/2026,I,University of Texas at Arlington,Softball,,Western Athletic Conference,Active,
2024-25,2108293355,BROOKE,PEREZ,07/31/2025,02/21/2026,I,"University of California, Riverside",Softball,Yes - Softball,Big West Conference,Matriculated,
2025-26,2408384809,SKAI,ALBURY,12/02/2025,02/21/2026,II,Lynn University,Softball,,Sunshine State Conference,Matriculated,
2024-25,1910723769,SYDNEY,FITTS-GROVES,05/18/2025,02/21/2026,I,Boise State University,Softball,,Mountain West Conference,Matriculated,
2025-26,2008908189,ELLIE,GOINS,10/01/2025,02/21/2026,I,North Carolina State University,Softball,,Atlantic Coast Conference,Matriculated,
2024-25,2405293319,KORALIE,MORIN,06/11/2025,02/21/2026,II,Lane College,Softball,,Southern Intercol. Ath. Conf.,Matriculated,
2024-25,2108293396,HAILEY,MASSARO,05/18/2025,02/21/2026,I,East Carolina University,Softball,,American Athletic Conference,Matriculated,
2025-26,2011955075,HALEY,PAINTER,10/16/2025,02/21/2026,I,"University of Nevada, Reno",Softball,,Mountain West Conference,Signed,
2025-26,2103129954,JAMIE,CALKINS,12/15/2025,02/21/2026,II,Saint Anselm College,Softball,,Northeast 10 Conference,Signed,
2025-26,2201413786,HAILEY,BURKE,09/18/2025,02/23/2026,III,Salisbury University,Softball,,Coast-To-Coast Athletic Conference,Matriculated,
2025-26,2002810790,CHARLI,ORSINI,10/01/2025,02/24/2026,I,"University of Tennessee, Knoxville",Softball,Yes - Softball,Southeastern Conference,Matriculated,
2024-25,2112398127,KENNEDI,CAINE,05/21/2025,02/24/2026,II,Northwestern Oklahoma State University,Softball,,Great American Conference,Matriculated,
2024-25,2110358126,GRACE,HOLLOPETER,05/23/2025,02/24/2026,I,Purdue University Fort Wayne,Softball,Yes - Softball,Horizon League,Matriculated,
2024-25,2107271429,LAUREN,JAMERSON,06/13/2025,02/26/2026,III,Sweet Briar College,Softball,,Old Dominion Athletic Conf.,Matriculated,
2025-26,2209683016,LAUREN,EDGAR,02/26/2026,02/26/2026,II,Valdosta State University,Softball,,Gulf South Conference,Active,
2024-25,2209683016,LAUREN,EDGAR,05/02/2025,02/26/2026,III,Covenant College,Softball,,Collegiate Conference of the South,Matriculated,
2025-26,2308997928,KIMBERLY,REYNOLDS,03/02/2026,03/02/2026,II,Georgia Southwestern State University,Softball,,Peach Belt Conference,Active,
2025-26,2503539136,EMMA,ZINKOWSKI,03/03/2026,03/03/2026,II,Dominican University New York,Softball|Women's Tennis,,Central Atlantic Collegiate Conference|Central Atlantic Collegiate Conference,Active,
2025-26,2501493469,JENNIE,CARMONA,03/05/2026,03/05/2026,III,New Jersey City University,Softball,,New Jersey Athletic Conference,Active,
2025-26,2209671548,SOPHIA,BRENNAN,03/05/2026,03/05/2026,II,Chadron State College,Softball,,Rocky Mountain Athletic Conference,Active,
2025-26,2603837161,ELYZE,LOPEZ,03/05/2026,03/05/2026,III,New Jersey City University,Softball,,New Jersey Athletic Conference,Active,
2025-26,2603838658,KATELYN,SERAFIN,03/06/2026,03/06/2026,III,Aurora University,Softball,,Northern Athletics Collegiate Conference,Active,
2025-26,2405316065,LAURA,HUGHES,03/09/2026,03/09/2026,II,Goldey-Beacom College,Softball,,Central Atlantic Collegiate Conference,Active,
2025-26,2211717473,EMMA,GROCHOWSKI,03/13/2026,03/13/2026,III,New Jersey City University,Softball,,New Jersey Athletic Conference,Active,
2025-26,2110350185,KATHERINE,WARD,01/27/2026,03/13/2026,II,University of North Georgia,Softball,,Peach Belt Conference,Active,
2025-26,2204530063,MARY,MCCLINTOCK,03/14/2026,03/14/2026,III,Wheaton College (Massachusetts),Women's Basketball|Softball,,New England Women's and Men's Athletic Conference|New England Women's and Men's Athletic Conference,Active,
2025-26,2405290950,TAYLOR,TERRAZAS,03/16/2026,03/16/2026,II,Sul Ross State University,Softball,,Lone Star Conference,Active,
2025-26,2603846461,RAILYNN,BROWN,03/18/2026,03/18/2026,III,Eureka College,Women's Basketball|Softball|Women's Volleyball,,St. Louis Intercollegiate Athletic Conference|St. Louis Intercollegiate Athletic Conference|St. Louis Intercollegiate Athletic Conference,Active,
2025-26,2201424686,DELANEY,LOPES,03/18/2026,03/18/2026,II,Henderson State University,Softball,,Great American Conference,Active,
2025-26,2509719019,SHYANNE,GLENCROSS,03/18/2026,03/18/2026,II,Southern New Hampshire University,Softball,,Northeast 10 Conference,Active,
2025-26,2603848297,JULIA,BARR,03/19/2026,03/19/2026,III,Washington and Jefferson College,Softball,,Presidents' Athletic Conference,Active,
2025-26,2110354782,EMMA,NIXON,03/23/2026,03/23/2026,I,University of West Georgia,Softball,,Atlantic Sun Conference,Active,
2025-26,2007890792,ALEXIS,VAIL,03/23/2026,03/24/2026,II,Bentley University,Softball,,Northeast 10 Conference,Active,
2025-26,2209670344,RAEGAN,LANE,03/25/2026,03/26/2026,II,Concord University,Softball,,Mountain East Conference,Active,
2025-26,2311151348,MADDIE,FULMER,03/26/2026,03/26/2026,II,Henderson State University,Softball,,Great American Conference,Active,
2025-26,2506651451,KRYSTYN,NOBLE,03/26/2026,03/26/2026,II,University of Sioux Falls,Softball,,Northern Sun Intercollegiate Conference,Active,
2025-26,2410428531,MYLEIGH,CARPER,03/26/2026,03/26/2026,II,University of Findlay,Softball,,Great Midwest Athletic Conference,Active,
2025-26,2306920402,KAMAN,RENO,03/27/2026,03/27/2026,II,Quincy University,Softball,,Great Lakes Valley Conference,Active,
2025-26,2210699750,PAYTON,PRISSEL,10/30/2025,03/27/2026,II,Bemidji State University,Softball,,Northern Sun Intercollegiate Conference,Active,
2025-26,2404283462,PAYTON,SULLIVAN,03/30/2026,03/30/2026,II,Chadron State College,Softball,,Rocky Mountain Athletic Conference,Active,
2025-26,2508708775,GRACE,GEDDES,03/30/2026,03/30/2026,III,Framingham State University,Softball,,Massachusetts State Collegiate Athletic Conference,Active,
2025-26,2208642992,MADISON,STOKES,03/31/2026,03/31/2026,II,West Virginia Wesleyan College,Softball,,Mountain East Conference,Active,
2025-26,2306939682,KEIRA,HOWLEY,04/01/2026,04/01/2026,III,University of Massachusetts Boston,Softball,,Little East Conference,Active,
2025-26,2410435556,HAILEY,PLATT,04/01/2026,04/01/2026,II,Quincy University,Softball,,Great Lakes Valley Conference,Active,
2025-26,2307952628,DAKOTA,HERSHBERGER,04/02/2026,04/02/2026,III,Saint Vincent College,Softball,,Presidents' Athletic Conference,Active,
2025-26,2602817895,AVERY,FOX,02/06/2026,04/02/2026,III,Aurora University,Softball,,Northern Athletics Collegiate Conference,Active,
2025-26,2308986898,SUJALEY,OCHOA-PEREZ,02/06/2026,04/03/2026,III,Aurora University,Softball,,Northern Athletics Collegiate Conference,Active,
2025-26,2008907324,SAMANTHA,WOODS,04/06/2026,04/06/2026,I,"University of Maryland, College Park",Softball,,Big Ten Conference,Active,
2025-26,2110348914,MARLEE,WARDEN,04/06/2026,04/06/2026,II,Southern Nazarene University,Softball,,Great American Conference,Active,
2025-26,2604870868,EMILY,KORDUPLEWSKI,04/08/2026,04/08/2026,III,Aurora University,Softball,,Northern Athletics Collegiate Conference,Active,
2025-26,2006873230,KASEY,MARKUSIC,04/08/2026,04/08/2026,I,Kent State University,Softball,,Mid-American Conference,Active,
2025-26,2106187456,PAETON,KRINGEL,04/08/2026,04/08/2026,I,University of Wisconsin-Green Bay,Softball,,Horizon League,Active,
2025-26,2312187314,AUBREY,GAHMAN,04/08/2026,04/08/2026,III,Lebanon Valley College,Softball,,Middle Atlantic Conference Freedom,Active,
2025-26,2601807116,JESSICA,TRACY,04/09/2026,04/09/2026,III,Cairn University,Softball,,United East Conference,Active,
2025-26,1911733840,HAILEY,SIMCO,04/09/2026,04/09/2026,II,Lee University,Softball,,Gulf South Conference,Active,
2025-26,2402225435,SABRINA,AMENDOLA,01/07/2026,04/09/2026,II,Felician University,Softball,,Central Atlantic Collegiate Conference,Signed,
2025-26,2209655218,ALLEY,KENNEDY,04/10/2026,04/10/2026,II,East Central University,Softball,,Great American Conference,Active,
2025-26,2412475804,JAELYN,RILEY,04/10/2026,04/10/2026,II,West Virginia Wesleyan College,Softball,,Mountain East Conference,Active,
2025-26,2307973463,SOPHIE,MANGIAMELI,04/10/2026,04/10/2026,II,Davis & Elkins College,Softball,,Mountain East Conference,Active,
2025-26,2307959847,MICHAELA,GOAD,12/01/2025,04/11/2026,II,Truman State University,Softball|Women's Volleyball,,Great Lakes Valley Conference|Great Lakes Valley Conference,Active,
2025-26,2301753207,KATCHEN,GILLIHAN,04/13/2026,04/13/2026,II,Harding University,Softball,,Great American Conference,Active,
2025-26,2204545120,KADY,HUGGINS,04/15/2026,04/15/2026,II,Southern Nazarene University,Softball,,Great American Conference,Active,
2024-25,2109320348,ISABELLA,HENSON,02/16/2025,04/15/2026,II,"University of California, Merced",Women's Basketball|Softball,,California Collegiate Athletic Association|Sport not sponsored,Signed,
2025-26,2012983431,NATALIE,SPAITIS,04/16/2026,04/16/2026,II,Tusculum University,Softball,,South Atlantic Conference,Active,
2025-26,2308981870,GRACYN,WHITSELL,04/16/2026,04/16/2026,II,Southern Nazarene University,Softball,,Great American Conference,Active,
2024-25,2203474733,MEADOW,TERRY,05/12/2025,04/16/2026,II,Lewis University,Softball,,Great Lakes Valley Conference,Signed,
2025-26,2604882411,HANNAH,ALLEN,04/17/2026,04/17/2026,III,Nebraska Wesleyan University,Softball,,American Rivers Conference,Active,
2025-26,2604882474,AARALYN,LOPEZ,04/17/2026,04/17/2026,III,Rivier University,Softball,,Great Northeast Athletic Conference,Active,
2025-26,2309100757,TENSLEE,WILSON,04/20/2026,04/20/2026,II,Lee University,Softball,,Gulf South Conference,Active,
2025-26,2504579742,SYDNEY,LETZING,04/22/2026,04/22/2026,II,"California State University, Dominguez Hills",Softball,,California Collegiate Athletic Association,Active,
2025-26,2106192326,HEATHER,ROTH,04/22/2026,04/22/2026,III,Trinity College (Connecticut),Softball,,New England Small College Athletic Conference,Active,
2025-26,2206578578,KIARA,TAYLOR,04/22/2026,04/22/2026,III,New Jersey City University,Softball,,New Jersey Athletic Conference,Active,
2025-26,1812367862,TESSA,THOMPSON,04/22/2026,04/22/2026,I,Monmouth University,Softball,,Coastal Athletic Association,Active,
2025-26,2211724800,JOCELYN,HERNANDEZ,04/23/2026,04/23/2026,II,"University of Minnesota, Crookston",Softball,,Northern Sun Intercollegiate Conference,Active,
2025-26,2409401504,ASHLEY,FOUNTAIN,04/23/2026,04/23/2026,II,Emmanuel University (Georgia),Softball,,Conference Carolinas,Active,
2025-26,2109326151,EMMA,KNIGHT,04/23/2026,04/23/2026,II,Emmanuel University (Georgia),Softball,,Conference Carolinas,Active,
2025-26,2111369120,ARLIE,GOODEN,04/23/2026,04/23/2026,II,Emmanuel University (Georgia),Softball,,Conference Carolinas,Active,
2025-26,2211729157,LILLIEANN,HOLLOM,04/23/2026,04/23/2026,II,Kentucky State University,Softball,,Southern Intercol. Ath. Conf.,Active,
2025-26,2310146615,KELSEY,LESTER,04/23/2026,04/23/2026,II,Emmanuel University (Georgia),Softball,,Conference Carolinas,Active,
2025-26,2002810995,REANNA,PERKINS,04/24/2026,04/24/2026,I,St. Bonaventure University,Softball,,Atlantic 10 Conference,Active,
2025-26,2307966985,MARISSA,KEMP,04/24/2026,04/24/2026,II,Kentucky State University,Softball,,Southern Intercol. Ath. Conf.,Active,
2025-26,2301749525,ALYSSA,PRATHER,04/24/2026,04/24/2026,II,Lees-McRae College,Softball,,Conference Carolinas,Active,
2025-26,2006883465,MAYA,SERVEDIO,11/18/2025,04/25/2026,I,Colgate University,Softball,,Patriot League,Active,
2025-26,2104141055,GENEVIEVE,HASTINGS,04/27/2026,04/27/2026,II,University of Mary,Softball,,Northern Sun Intercollegiate Conference,Active,
2025-26,2311162590,IVEE,JOHNSEN,04/27/2026,04/27/2026,II,University of Mary,Softball,,Northern Sun Intercollegiate Conference,Active,
2025-26,2203450272,GEORGIA,MCCONNELL,04/27/2026,04/27/2026,II,Lees-McRae College,Softball,,Conference Carolinas,Active,
2025-26,2212747010,DAYNA,PATTEN,04/27/2026,04/27/2026,II,Lees-McRae College,Softball,,Conference Carolinas,Active,
2025-26,2604892856,KEIAN,SWIFT,04/27/2026,04/27/2026,III,Elmhurst University,Softball,,College Conference of Illinois & Wisconsin,Active,
2025-26,2311153276,MADISON,HUNTER,04/27/2026,04/27/2026,II,University of Mary,Softball,,Northern Sun Intercollegiate Conference,Active,
2025-26,2604894993,MADELYNN,MACKISON,04/28/2026,04/28/2026,III,Lebanon Valley College,Softball,,Middle Atlantic Conference Freedom,Active,
2025-26,2311163837,LAUREN,RIDALL,02/21/2026,04/28/2026,II,Bloomsburg University of Pennsylvania,Softball,,Pennsylvania State Athletic Conference,Active,
2025-26,2105167674,AVA,SIN,12/02/2025,04/28/2026,I,Seattle University,Softball,,West Coast Conference,Signed,
2025-26,2209671582,TRINITY,KEHOE,04/28/2026,04/28/2026,III,Anna Maria College,Women's Ice Hockey|Softball,,Massachusetts State Collegiate Athletic Conference|Massachusetts State Collegiate Athletic Conference,Active,
2025-26,2604888892,ARIANNA,FIGUEROA,04/28/2026,04/28/2026,III,New Jersey City University,Softball,,New Jersey Athletic Conference,Active,
2025-26,2102115672,KENDALL,FRASER,04/28/2026,04/28/2026,II,Young Harris College,Softball,,Conference Carolinas,Active,
2025-26,1909698018,BRIANNA,GODFREY,04/27/2026,04/28/2026,I,"University of Maryland, College Park",Softball,,Big Ten Conference,Active,
2025-26,2208638903,CATHERINE,CALZADA,04/28/2026,04/28/2026,II,"California State University, Monterey Bay",Softball,,California Collegiate Athletic Association,Active,
2025-26,2210694939,JACI,JOINER,04/27/2026,04/28/2026,II,LeMoyne-Owen College,Softball,,Southern Intercol. Ath. Conf.,Active,
2025-26,2301761649,KATIE,GARRETT,04/28/2026,04/28/2026,II,Kentucky State University,Softball,,Southern Intercol. Ath. Conf.,Active,
2025-26,2106186753,JULIA,MOORE,04/28/2026,04/28/2026,II,Young Harris College,Softball,,Conference Carolinas,Active,
2025-26,2310139972,KAMILLE,CARTER,04/29/2026,04/29/2026,I,Grambling State University,Softball,,Southwestern Athletic Conf.,Active,
2025-26,2308981328,BAILEY,GOSSETT,04/29/2026,04/29/2026,II,Young Harris College,Softball,,Conference Carolinas,Active,
2025-26,2207621605,SIERRA,BROWN,04/29/2026,04/29/2026,III,University of Valley Forge,Softball,,United East Conference,Active,
2025-26,2304865053,EMMA,MCLEOD,04/29/2026,04/29/2026,II,University of Jamestown,Softball,,Northern Sun Intercollegiate Conference,Active,
2025-26,2210697920,MADELINE,KISH,04/29/2026,04/29/2026,II,Saint Anselm College,Softball,,Northeast 10 Conference,Active,
2025-26,2312183285,HANNAH,KEYES,04/27/2026,04/29/2026,II,LeMoyne-Owen College,Softball,,Southern Intercol. Ath. Conf.,Active,
2025-26,2501498918,DESTINY,VILLAS,04/29/2026,04/29/2026,II,Montana State University Billings,Softball,,Great Northwest Athletic Conference,Active,
2025-26,2409410470,DANICA,BUTLER,04/29/2026,04/29/2026,II,Montana State University Billings,Softball,,Great Northwest Athletic Conference,Active,
2025-26,2108296726,OLIVIA,DARROW,04/29/2026,04/29/2026,II,Barton College,Softball,,Conference Carolinas,Active,
2025-26,2505618691,LYLA,SMITH,04/29/2026,04/29/2026,III,University of Valley Forge,Softball,,United East Conference,Active,
2025-26,2309117305,KYNDALL,SHAPIRO,04/29/2026,04/29/2026,III,Randolph College,Softball,,Old Dominion Athletic Conf.,Active,
2025-26,2107260910,SHELBY,DURBIN,04/30/2026,04/30/2026,I,University of Memphis,Softball,,American Conference,Active,
2025-26,2604899413,ANDREA,FURR,04/30/2026,04/30/2026,III,Brevard College,Softball,,USA South Athletic Conference,Active,
2025-26,2203458835,DEMI,SILVA,04/30/2026,04/30/2026,II,Menlo College,Softball,,Pacific West Conference,Active,
2025-26,2209678323,ADDISON,GAVIGAN,04/30/2026,04/30/2026,II,Fort Lewis College,Softball,,Rocky Mountain Athletic Conference,Active,
2025-26,2405315449,ASHTON,GILMORE,04/30/2026,04/30/2026,II,Miles College,Softball,,Southern Intercol. Ath. Conf.,Active,
2025-26,2405313057,CARLIE,GRANGER,04/30/2026,04/30/2026,III,Roanoke College,Softball,,Old Dominion Athletic Conf.,Active,
2025-26,2503530024,KASSANDRA,SWINK,04/30/2026,04/30/2026,II,Southern Wesleyan University,Softball|Women's Volleyball,,Conference Carolinas|Conference Carolinas,Active,
2025-26,2410445160,TAKIYA,THOMAS,04/30/2026,04/30/2026,II,Allen University,Softball,,Southern Intercol. Ath. Conf.,Active,
2025-26,2408383842,ANDREA,DAVIS,04/30/2026,04/30/2026,II,Tusculum University,Softball,,South Atlantic Conference,Active,
2025-26,2508702866,ASHLEY,ALBERT,03/25/2026,04/30/2026,III,"University of Minnesota, Morris",Softball,,Upper Midwest Athletic Conference,Active,
2025-26,2012975037,KYRIE,DENNY,05/01/2026,05/01/2026,I,Cornell University,Softball,,The Ivy League,Active,
2025-26,2302783498,BRIELLE,RAUS,05/01/2026,05/01/2026,II,University of Findlay,Softball,,Great Midwest Athletic Conference,Active,
2025-26,2110360665,ABIGAIL,GREGUS,05/01/2026,05/01/2026,I,Loyola University Chicago,Softball,,Atlantic 10 Conference,Active,
2025-26,2305908439,JIANNA,COTA,05/01/2026,05/01/2026,II,University of Mary,Softball,,Northern Sun Intercollegiate Conference,Active,
2025-26,2303801987,OLIVIA,GOMEZ,05/01/2026,05/01/2026,II,University of Mary,Softball,,Northern Sun Intercollegiate Conference,Active,
2025-26,2311168478,MA'LIYAH,MARTIN,05/01/2026,05/01/2026,I,North Carolina A&T State University,Softball,Yes - Softball,Coastal Athletic Association,Active,
2025-26,2409410075,GALILEA,PEDRAZA- PAYTA,05/01/2026,05/01/2026,II,American International College,Softball,,Northeast 10 Conference,Active,
2025-26,2310147943,JADIN,BROADNAX,05/01/2026,05/01/2026,II,Clark Atlanta University,Softball,,Southern Intercol. Ath. Conf.,Active,
2025-26,2308992268,LALAINA,BAKER,05/01/2026,05/01/2026,II,University of Mary,Softball,,Northern Sun Intercollegiate Conference,Active,
2025-26,2211719758,KYNDALL,HARPER,05/01/2026,05/02/2026,II,Glenville State University,Softball,,Mountain East Conference,Active,
2025-26,2601806316,AMELIA,PLESCIA,05/01/2026,05/02/2026,III,Dickinson College,Softball,,Centennial Conference,Active,
2025-26,2306925121,JAEDA,FIGUEROA,05/03/2026,05/03/2026,III,New Jersey City University,Softball,,New Jersey Athletic Conference,Active,
2025-26,2604899594,MAURA,WADE,05/03/2026,05/03/2026,III,La Roche University,Softball,,Allegheny Mountain Collegiate Conference,Active,
2025-26,2310143741,JUNIPER,DANIEL,05/04/2026,05/04/2026,II,St. Edward's University,Softball,,Lone Star Conference,Active,
2025-26,2208641375,HAILIE,BOARDMAN,05/04/2026,05/04/2026,III,Edgewood University,Softball,,Northern Athletics Collegiate Conference,Active,
2025-26,1905565951,ANNA,REICHTER,05/04/2026,05/04/2026,II,Lincoln Memorial University,Softball,,South Atlantic Conference,Active,
2025-26,2207608753,MALLORY,JOHNSON,05/04/2026,05/04/2026,III,Penn State Berks College,Softball,,United East Conference,Active,
2025-26,2305912751,AYLENA THOMPSON,THOMPSON,05/04/2026,05/04/2026,I,University of Maryland Eastern Shore,Softball,,Mid-Eastern Athletic Conf.,Active,
2025-26,2309124052,JAYLEEN,ROJAS,05/04/2026,05/04/2026,II,University of Mary,Softball,,Northern Sun Intercollegiate Conference,Active,
2025-26,1906588746,GRACE,SPENCER,05/04/2026,05/04/2026,I,Ball State University,Softball,,Mid-American Conference,Active,
2025-26,2209657205,SKYLER,LEE,05/04/2026,05/04/2026,II,"Concordia University, St. Paul",Softball,,Northern Sun Intercollegiate Conference,Active,
2025-26,2404269749,TAYLOR,EVANS,05/04/2026,05/04/2026,II,Southern Wesleyan University,Softball,,Conference Carolinas,Active,
2025-26,2209667075,CHRISTALYN,HIGGINS,05/04/2026,05/04/2026,I,Grambling State University,Softball,,Southwestern Athletic Conf.,Active,
2025-26,2502505730,MIKAYLA,PENGELLY,05/04/2026,05/04/2026,II,Chestnut Hill College,Softball,,Central Atlantic Collegiate Conference,Active,
2025-26,2301771294,EMILY,BOBO,05/04/2026,05/04/2026,II,Barton College,Softball,,Conference Carolinas,Active,
2025-26,2201408781,CARLEE,TART,05/04/2026,05/04/2026,III,Salem College (North Carolina),Softball,,USA South Athletic Conference,Active,
2025-26,2308982266,CLARKE,CALVIN,05/04/2026,05/04/2026,I,University of Maryland Eastern Shore,Softball,,Mid-Eastern Athletic Conf.,Active,
2025-26,2206574023,ISABELLE,AKINS,05/04/2026,05/04/2026,II,Chadron State College,Softball,,Rocky Mountain Athletic Conference,Active,
2025-26,2301759504,LILLIE,MARKER,05/04/2026,05/04/2026,III,Ohio Northern University,Softball,,Ohio Athletic Conference,Active,
2025-26,2107253507,JAYLA,CADENA,05/04/2026,05/04/2026,I,Monmouth University,Softball,,Coastal Athletic Association,Active,
2025-26,2304851522,ALIYAH,VALDEZ,05/04/2026,05/04/2026,III,University of Dallas,Softball,,Southern Collegiate Athletic Conference,Active,
2025-26,2411456307,KAYLA,CHILDRESS,05/04/2026,05/04/2026,II,Chestnut Hill College,Softball,,Central Atlantic Collegiate Conference,Active,
2025-26,2302776429,NEVAEH,WOODHOUSE,05/04/2026,05/04/2026,III,Southern Virginia University,Softball,,USA South Athletic Conference,Active,
2025-26,2605902818,ZOEY,MOYER,05/04/2026,05/04/2026,III,Principia College,Softball,,St. Louis Intercollegiate Athletic Conference,Active,
2025-26,2407350558,BRADI,ODOM,05/05/2026,05/05/2026,II,East Central University,Softball,,Great American Conference,Active,
2025-26,2409398547,KENNEDI,ROBIEN,05/05/2026,05/05/2026,II,Roosevelt University,Softball,,Great Lakes Intercollegiate Athletic Conference,Active,
2025-26,2408383166,SHAMIYA,RAINES,05/05/2026,05/05/2026,II,Savannah State University,Softball,,Southern Intercol. Ath. Conf.,Active,
2025-26,2209662718,GEZZELLE,GUARDADO,05/05/2026,05/05/2026,II,Upper Iowa University,Softball,,Great Lakes Valley Conference,Active,
2025-26,2210699087,ABEGAYLE,DRABEK,05/05/2026,05/05/2026,II,Christian Brothers University,Softball,,Gulf South Conference,Active,
2025-26,2507678843,VALARIE,SCOTT,05/04/2026,05/05/2026,III,St. Joseph's University NY (Brooklyn),Softball,,Skyline Conference,Active,
2025-26,1906593301,ISABELLA,SLAPE,05/05/2026,05/05/2026,I,North Carolina Central University,Softball,,Mid-Eastern Athletic Conf.,Active,
2025-26,2408382878,JACLYN,PATE,05/05/2026,05/05/2026,II,Sul Ross State University,Softball,,Lone Star Conference,Active,
2025-26,2201404613,DANIELLE,LAUGHLIN,05/05/2026,05/05/2026,II,Upper Iowa University,Softball,,Great Lakes Valley Conference,Active,
2025-26,2209664785,KAYLEE,MARHEFKE,05/05/2026,05/05/2026,II,Upper Iowa University,Softball,,Great Lakes Valley Conference,Active,
2025-26,2311167360,LOLA,MEYER,05/05/2026,05/05/2026,I,University of Maryland Eastern Shore,Softball,,Mid-Eastern Athletic Conf.,Active,
2025-26,2409412583,KASSIDY,BRADBURY,05/04/2026,05/05/2026,II,Glenville State University,Softball,,Mountain East Conference,Active,
2025-26,2308996401,TEILAR,FRY,05/05/2026,05/05/2026,II,University of Nebraska at Kearney,Softball,,Mid-America Intercollegiate Athletics Association,Active,
2025-26,2307962610,MARYKATE,ARMSTRONG,05/05/2026,05/05/2026,II,Thomas Jefferson University,Softball,,Central Atlantic Collegiate Conference,Active,
2025-26,2403231500,BAYLIE,SAVAGE,05/05/2026,05/05/2026,II,Sul Ross State University,Softball,,Lone Star Conference,Active,
2025-26,2304857281,RAELYNN,SANDLIN,05/05/2026,05/05/2026,II,Northwestern Oklahoma State University,Softball,,Great American Conference,Active,
2025-26,2205568067,ZOE,BRIDGES,05/05/2026,05/05/2026,II,"University of Arkansas, Monticello",Softball,,Great American Conference,Active,
2025-26,2311151259,NATALIE,ACKENHAUSEN,05/05/2026,05/05/2026,II,Northwestern Oklahoma State University,Softball,,Great American Conference,Active,
2025-26,2311169364,ARACELI,MANZO,05/05/2026,05/05/2026,I,University of Maryland Eastern Shore,Softball,,Mid-Eastern Athletic Conf.,Active,
2025-26,2306936799,ASHLEY,WILLIAMSON,05/05/2026,05/05/2026,II,Christian Brothers University,Softball,,Gulf South Conference,Active,
2025-26,2404278920,MORGAN,WEBB,05/04/2026,05/05/2026,II,Glenville State University,Softball,,Mountain East Conference,Active,
2025-26,2101983921,IRELYN,SPENCER,05/05/2026,05/05/2026,II,"University of Minnesota, Crookston",Softball,,Northern Sun Intercollegiate Conference,Active,
2025-26,2204544764,ALYSSA,MORGAN,05/06/2026,05/06/2026,II,Cameron University,Softball,,Lone Star Conference,Active,
2025-26,2109322129,HANNAH,MCGONIGLE,05/06/2026,05/06/2026,I,North Carolina Central University,Softball,,Mid-Eastern Athletic Conf.,Active,
2025-26,2605905363,JULIA,CARSON,05/06/2026,05/06/2026,III,Montclair State University,Softball,,New Jersey Athletic Conference,Active,
2025-26,2408386976,RAEGAN,RANDALL,03/11/2026,05/06/2026,II,Truman State University,Softball,,Great Lakes Valley Conference,Withdrawn,
2025-26,2311170162,OLIVIA,GEORGE,05/06/2026,05/06/2026,II,Holy Family University,Softball,,Central Atlantic Collegiate Conference,Active,
2025-26,2406324827,GISELLE,BAUMBACH,05/06/2026,05/06/2026,II,Northwestern Oklahoma State University,Softball,,Great American Conference,Active,
2025-26,2409399942,SYDNEY,CAPELLO,05/06/2026,05/06/2026,II,Menlo College,Softball,,Pacific West Conference,Active,
2025-26,2506623280,CAMRYN,HUNKINS,05/06/2026,05/06/2026,II,Cameron University,Softball,,Lone Star Conference,Active,
2025-26,2109316376,BROGAN,ALLEN,05/06/2026,05/06/2026,II,Chadron State College,Softball,,Rocky Mountain Athletic Conference,Active,
2025-26,2405310049,ANGELA,HAMILTON,05/06/2026,05/06/2026,II,University of Texas at Dallas,Softball,,Lone Star Conference,Active,
2025-26,2202431231,KALIAH,MERRITT,05/06/2026,05/06/2026,II,Carson-Newman University,Softball,,South Atlantic Conference,Active,
2025-26,2304891204,ADILEEN,PAASCH,05/06/2026,05/06/2026,II,New Mexico Highlands University,Softball,,Rocky Mountain Athletic Conference,Active,
2025-26,2507658908,JOLIE,BAZAN,05/06/2026,05/06/2026,II,"University of Arkansas, Monticello",Softball,,Great American Conference,Active,
2025-26,2408388691,LEAH,MARRERO,05/05/2026,05/06/2026,II,Post University,Softball,,Central Atlantic Collegiate Conference,Active,
2025-26,2303804732,ISABELLE,INGERSOLL,05/06/2026,05/06/2026,II,Southern Connecticut State University,Softball,,Northeast 10 Conference,Active,
2025-26,2206592251,HEIDI,BUSKER,05/06/2026,05/06/2026,III,Gettysburg College,Softball,,Centennial Conference,Active,
2025-26,1908655171,MIRANDA,GUILLEN,05/05/2026,05/06/2026,II,Eastern New Mexico University,Softball,,Lone Star Conference,Active,
2025-26,2411462928,KINSLEY,WILLIAMS,05/06/2026,05/06/2026,II,Cameron University,Softball,,Lone Star Conference,Active,
2025-26,2411447510,KARISSA,VENTURA,05/06/2026,05/06/2026,II,Sul Ross State University,Softball,,Lone Star Conference,Active,
2025-26,2211732503,SHIYA,VICTORIAN,05/06/2026,05/06/2026,II,Cameron University,Softball,,Lone Star Conference,Active,
2025-26,2205566593,SKYLAR,BEDLAN,05/06/2026,05/06/2026,II,Black Hills State University,Softball,,Rocky Mountain Athletic Conference,Active,
2025-26,2310144126,ADRIANA,RODRIGUEZ,05/06/2026,05/06/2026,II,Central Washington University,Softball,,Great Northwest Athletic Conference,Active,
2025-26,2301750070,CLAUDIA,ROBBINS,05/06/2026,05/06/2026,II,William Jewell College,Softball,,Great Lakes Valley Conference,Active,
2025-26,2108301732,MACKENZIE,HUDSON,05/06/2026,05/06/2026,II,Fort Hays State University,Softball,,Mid-America Intercollegiate Athletics Association,Active,
2025-26,2310127039,HANNAH,TRZINSKI,05/06/2026,05/06/2026,II,"University of Minnesota, Crookston",Softball,,Northern Sun Intercollegiate Conference,Active,
2025-26,2411451652,ALLYSON,LEONARD,05/06/2026,05/06/2026,II,Cameron University,Softball,,Lone Star Conference,Active,
2025-26,2110345200,KATHRYN,JANSSEN,05/06/2026,05/06/2026,II,University of Nebraska at Kearney,Softball,,Mid-America Intercollegiate Athletics Association,Active,
2025-26,2504578931,KATIE,MURPHY,05/06/2026,05/06/2026,III,Johnson & Wales University Charlotte,Softball,,Coast-To-Coast Athletic Conference,Active,
2025-26,2502516618,DAKOTA,DAVIS,05/06/2026,05/06/2026,II,Christian Brothers University,Softball,,Gulf South Conference,Active,
2025-26,2408373775,ANGELINA,RUBALCAVA,05/05/2026,05/06/2026,II,Eastern New Mexico University,Softball,,Lone Star Conference,Active,
2025-26,2503524021,MIKAH,VANN,05/06/2026,05/06/2026,II,Cameron University,Softball,,Lone Star Conference,Active,
2025-26,2310127823,FINLEY,BURKE,05/06/2026,05/06/2026,III,Western Connecticut State University,Softball,,Little East Conference,Active,
2025-26,2506639954,ALYSON,LAWRENCE,05/06/2026,05/06/2026,I,Morehead State University,Softball,,Ohio Valley Conference,Active,
2025-26,2205562192,LEXI,MUSICK,05/06/2026,05/06/2026,II,Davis & Elkins College,Softball,,Mountain East Conference,Active,
2025-26,2401194812,REAGON,PROUD,05/06/2026,05/06/2026,II,Upper Iowa University,Softball,,Great Lakes Valley Conference,Active,
2025-26,2110337789,CHEYENNE,CHRISTMAN,05/06/2026,05/06/2026,I,Morehead State University,Softball,,Ohio Valley Conference,Active,
2025-26,2505616371,GRACE,HULSEY,05/06/2026,05/06/2026,II,Northwestern Oklahoma State University,Softball,,Great American Conference,Active,
2025-26,2301761053,ARIANNA,HARRIS,04/28/2026,05/07/2026,III,University of Valley Forge,Softball,,United East Conference,Active,
2025-26,2004840834,EMMALYN,BRINKA,05/04/2026,05/07/2026,I,Utah State University,Softball,,Mountain West Conference,Active,
2025-26,2605909406,JACYNDA,LINDSAY,05/06/2026,05/07/2026,III,Occidental College,Softball,,Southern California Intercollegiate Athletic Conf.,Active,
2025-26,2306945224,HALEY,GARDELLA,05/05/2026,05/07/2026,II,Cameron University,Softball,,Lone Star Conference,Active,
2025-26,2009915570,SYDNEY,TOTARSKY,05/07/2026,05/07/2026,I,St. John's University (New York),Softball,,BIG EAST Conference,Active,
2025-26,2302775744,IZABELLA,CHAVEZ,05/07/2026,05/07/2026,I,North Carolina Central University,Softball,,Mid-Eastern Athletic Conf.,Active,
2025-26,2406321121,MARSALA,VOURIOTIS,05/06/2026,05/07/2026,III,Gordon College,Women's Lacrosse|Softball,,Conference of New England|Conference of New England,Active,
2025-26,2605907326,GRACE,HABIB,05/06/2026,05/07/2026,III,Curry College,Softball,,Conference of New England,Active,
2025-26,2309120584,ALEXA,AYALA,05/06/2026,05/07/2026,II,Eastern New Mexico University,Softball,,Lone Star Conference,Active,
2025-26,2503526600,ABAGAYLE,BAGLIN,05/07/2026,05/07/2026,II,Northwestern Oklahoma State University,Softball,,Great American Conference,Active,
2025-26,2407369312,ELEANOR,FUNKE,05/07/2026,05/07/2026,II,University of Mary,Softball,,Northern Sun Intercollegiate Conference,Active,
2025-26,2309112794,CORTNEY,DOBBS,05/07/2026,05/07/2026,II,Davis & Elkins College,Softball,,Mountain East Conference,Active,
2025-26,2210698897,AVA,PILGRIM,05/07/2026,05/07/2026,III,Lawrence University,Softball,,Midwest Conference,Active,
2025-26,2501497498,PEYTON,PERRY,05/07/2026,05/07/2026,II,St. Mary's University (Texas),Softball,,Lone Star Conference,Active,
2025-26,2408387567,AVA JO,MCGOWAN,05/07/2026,05/07/2026,II,Vanguard University,Softball,,Pacific West Conference,Active,
2025-26,2410445771,MAYELI,OROZCO,05/07/2026,05/07/2026,II,Shaw University,Softball,,Central Intercollegiate Athletic Association,Active,
2025-26,2410444069,KENNEDY,KELLY,05/07/2026,05/07/2026,II,Northwestern Oklahoma State University,Softball,,Great American Conference,Active,
2025-26,2306928728,CORRYN,MCCUTCHEN,05/07/2026,05/07/2026,III,Guilford College,Softball,,Old Dominion Athletic Conf.,Active,
2025-26,2407346925,SOPHIA,GRABER,05/07/2026,05/07/2026,III,Carroll University (Wisconsin),Softball,,College Conference of Illinois & Wisconsin,Active,
2025-26,2309998572,KAYLIN,RITENOUR,05/07/2026,05/07/2026,III,La Roche University,Softball,,Allegheny Mountain Collegiate Conference,Active,
2025-26,2411459838,AMANDA,RODRIGUEZ,05/07/2026,05/07/2026,II,New Mexico Highlands University,Softball,,Rocky Mountain Athletic Conference,Active,
2025-26,2605912194,EMRIE,FINK,05/07/2026,05/07/2026,III,Hiram College,Softball|Women's Wrestling,,Presidents' Athletic Conference|Allegheny Mountain Collegiate Conference,Active,
2025-26,2206580150,KATELYN,JARZOBSKI,05/07/2026,05/07/2026,II,Black Hills State University,Softball,,Rocky Mountain Athletic Conference,Active,
2025-26,2509728227,TAYLOR,MARINO,05/07/2026,05/07/2026,III,Fitchburg State University,Softball,,Massachusetts State Collegiate Athletic Conference,Active,
2025-26,2309104593,COURTNEY,WARD,05/07/2026,05/07/2026,II,Elizabeth City State University,Softball,,Central Intercollegiate Athletic Association,Active,
2025-26,2209675348,AALIYAH,ZAMORA-MARTIN,05/07/2026,05/07/2026,II,Savannah State University,Softball,,Southern Intercol. Ath. Conf.,Active,
2025-26,2404283369,ELLA,PERKINS,05/07/2026,05/07/2026,II,Upper Iowa University,Softball,,Great Lakes Valley Conference,Active,
2025-26,2507684131,JESCIE,COMSTOCK,05/07/2026,05/07/2026,II,Upper Iowa University,Softball,,Great Lakes Valley Conference,Active,
2025-26,2505617398,LONDON,LAMB,05/07/2026,05/07/2026,II,New Mexico Highlands University,Softball,,Rocky Mountain Athletic Conference,Active,
2025-26,1812372290,ALIYAH,ROTHSTEIN,05/07/2026,05/07/2026,II,Chadron State College,Softball,,Rocky Mountain Athletic Conference,Active,
2025-26,2312176153,MARTHA,HURT,05/08/2026,05/08/2026,II,Tuskegee University,Softball,,Southern Intercol. Ath. Conf.,Active,
2025-26,2303797896,TEGAN,MEDINA,05/08/2026,05/08/2026,II,Colorado Mesa University,Softball,,Rocky Mountain Athletic Conference,Active,
2025-26,2409396003,RACHEL,CAIN,05/08/2026,05/08/2026,II,Missouri Western State University,Softball,,Mid-America Intercollegiate Athletics Association,Active,
2025-26,2605912185,AUSTIN,KING,05/07/2026,05/08/2026,III,Piedmont University,Softball,,Collegiate Conference of the South,Active,
2025-26,2412472385,ASPEN,THIEL,05/08/2026,05/08/2026,II,Northwestern Oklahoma State University,Softball,,Great American Conference,Active,
2025-26,2206581418,MIKAELA,SANTIAGO,05/08/2026,05/08/2026,II,Lynn University,Softball,,Sunshine State Conference,Active,
2025-26,2112390403,BRYNN,ESCOBAR,05/08/2026,05/08/2026,II,Colorado Mesa University,Softball,,Rocky Mountain Athletic Conference,Active,
2025-26,2412467900,BRYN,ERNEST,05/08/2026,05/08/2026,II,Elizabeth City State University,Softball,,Central Intercollegiate Athletic Association,Active,
2025-26,2409398205,ANSLEE,SAUNCHEGRAW,05/07/2026,05/08/2026,III,Piedmont University,Softball,,Collegiate Conference of the South,Active,
2025-26,2307965497,KELBY,HARVEY,05/07/2026,05/08/2026,II,LeMoyne-Owen College,Softball,,Southern Intercol. Ath. Conf.,Active,
2025-26,2411448392,NADIA,JUAREZ,05/07/2026,05/08/2026,II,"California State University, Dominguez Hills",Softball,,California Collegiate Athletic Association,Active,
2025-26,1809286818,AMAYA,CARROLL,05/07/2026,05/08/2026,I,"University of Maryland, Baltimore County",Softball,,America East Conference,Active,
2025-26,1811356692,EMILY,RIGGS,05/07/2026,05/08/2026,I,"University of Maryland, Baltimore County",Softball,,America East Conference,Active,
2025-26,2309998510,ADORIA,WALDIER,05/08/2026,05/08/2026,II,"Pennsylvania Western University, Edinboro",Softball,,Pennsylvania State Athletic Conference,Active,
2025-26,2209669665,VICTORIA,WEHRBERGER,05/08/2026,05/08/2026,III,Bethany College (West Virginia),Softball,,Presidents' Athletic Conference,Active,
2025-26,2503523477,KRISYANA,PELLETT,05/08/2026,05/08/2026,II,Cameron University,Softball,,Lone Star Conference,Active,
2025-26,2105172718,DANIELLA,MORILLAS,05/08/2026,05/08/2026,II,University of Nebraska at Kearney,Softball,,Mid-America Intercollegiate Athletics Association,Active,
2025-26,2403250964,HALEY,INMAN,05/08/2026,05/08/2026,II,Barton College,Softball,,Conference Carolinas,Active,
2025-26,2109318618,REESE,HUNKINS,05/06/2026,05/08/2026,I,University of Illinois Urbana-Champaign,Softball,,Big Ten Conference,Active,
2025-26,2203477512,MIA,DE LA FUENTE,05/08/2026,05/08/2026,I,North Carolina Central University,Softball,,Mid-Eastern Athletic Conf.,Active,
2025-26,2407363468,JORDAN,BOOKER,05/08/2026,05/08/2026,II,Shaw University,Softball,,Central Intercollegiate Athletic Association,Active,
2025-26,2410443413,AUBREY,PAUL,03/13/2026,05/09/2026,II,Tiffin University,Softball,,Great Midwest Athletic Conference,Active,
2025-26,2109313845,ALYSSA,CAMPOS,04/14/2026,05/09/2026,III,Concordia University Chicago,Softball,,Northern Athletics Collegiate Conference,Active,
2025-26,2308974305,HANNAH,ESCALANTE,05/08/2026,05/09/2026,II,Dominican University of California,Softball,,Pacific West Conference,Active,
2025-26,2403243721,STEPHANIE,CSONTOS,05/09/2026,05/09/2026,III,University of Mary Washington,Softball,,Coast-To-Coast Athletic Conference,Active,
2025-26,2108295670,GENEVIEVE,EBAUGH,12/10/2025,05/09/2026,I,"University of Maryland, College Park",Softball,,Big Ten Conference,Signed,
2025-26,2309105800,MELANIE,MARTIN,05/10/2026,05/10/2026,II,University of Bridgeport,Softball,,Central Atlantic Collegiate Conference,Active,
2025-26,2408388130,CHLOE,WEBER,05/10/2026,05/10/2026,I,University of Maryland Eastern Shore,Softball,,Mid-Eastern Athletic Conf.,Active,
2025-26,2209662535,JA'KAI,RAY,04/30/2026,05/11/2026,II,Lane College,Softball|Women's Volleyball,,Southern Intercol. Ath. Conf.|Southern Intercol. Ath. Conf.,Active,
2025-26,2301766442,CAMERON,KIMBALL,05/11/2026,05/11/2026,II,Northeastern State University,Softball,,Mid-America Intercollegiate Athletics Association,Active,
2025-26,2305915546,SKYLAR,SKINNER,05/11/2026,05/11/2026,I,University of Maryland Eastern Shore,Softball,,Mid-Eastern Athletic Conf.,Active,
2025-26,2311158917,CARLIN,KOGER,05/05/2026,05/11/2026,II,Lane College,Softball,,Southern Intercol. Ath. Conf.,Active,
2025-26,2310146229,MAKALAH,CLARK,05/11/2026,05/11/2026,I,University of Maryland Eastern Shore,Softball,,Mid-Eastern Athletic Conf.,Active,
2025-26,2210699865,LAYNE,BAILEY,05/11/2026,05/11/2026,II,Lee University,Softball,,Gulf South Conference,Active,
2025-26,2505590401,KAMAYA,SONIEA-HARRIS,05/11/2026,05/11/2026,II,Fort Hays State University,Softball,,Mid-America Intercollegiate Athletics Association,Active,
2025-26,2507661723,AALIYAH,DE JESUS,05/11/2026,05/11/2026,II,St. Mary's University (Texas),Softball,,Lone Star Conference,Active,
2025-26,2508708603,BAILEY,MELTON,05/11/2026,05/11/2026,II,East Central University,Softball,,Great American Conference,Active,
2025-26,2105180134,ILYSSA,CALDERON,05/11/2026,05/11/2026,III,Elmhurst University,Softball,,College Conference of Illinois & Wisconsin,Active,
2025-26,2408392209,ALYSSA,KUNZ,05/11/2026,05/11/2026,II,St. Cloud State University,Softball,,Northern Sun Intercollegiate Conference,Active,
2025-26,2208653708,DEIRDRE,CURLEY,05/11/2026,05/11/2026,II,American International College,Softball,,Northeast 10 Conference,Active,
2025-26,2305913864,KARINA,DE LA VEGA,05/11/2026,05/11/2026,II,Felician University,Softball,,Central Atlantic Collegiate Conference,Active,
2025-26,2212733239,HEIDI,LEITZ,05/11/2026,05/11/2026,II,Saint Martin's University,Softball,,Great Northwest Athletic Conference,Active,
2025-26,1901386090,OLIVIA,PICHARDO,05/11/2026,05/11/2026,I,Brown University,Softball,,The Ivy League,Active,
2025-26,2202446245,CATHLEEN,SIELAFF,05/11/2026,05/11/2026,II,Missouri Western State University,Softball,,Mid-America Intercollegiate Athletics Association,Active,
2025-26,2310135077,NICHELLE,MARSHALL,05/11/2026,05/11/2026,II,Oklahoma Baptist University,Softball,,Great American Conference,Active,
2025-26,2302793652,KAYLA,DICK,05/11/2026,05/11/2026,III,Salem College (North Carolina),Softball,,USA South Athletic Conference,Active,
2025-26,2208633459,ARIELA,YSLAVA,05/11/2026,05/11/2026,II,Menlo College,Softball,,Pacific West Conference,Active,
2025-26,2302777220,TAYLOR,ORGELES,05/11/2026,05/11/2026,II,Saint Martin's University,Softball,,Great Northwest Athletic Conference,Active,
2025-26,2302792257,JORJA,WHEELER,05/11/2026,05/11/2026,II,Harding University,Softball,,Great American Conference,Active,
2025-26,2201403379,PARKER,RODGERS,05/11/2026,05/11/2026,II,Ouachita Baptist University,Softball,,Great American Conference,Active,
2025-26,2305913962,KELSEY,VITALIS,05/11/2026,05/11/2026,II,Felician University,Softball,,Central Atlantic Collegiate Conference,Active,
2025-26,2306923080,AUSTYN,MARRIAGE,05/11/2026,05/11/2026,II,Texas A&M International University,Softball,,Lone Star Conference,Active,
2025-26,2409402482,SAVANNAH,OVERTON,05/11/2026,05/11/2026,III,Shenandoah University,Softball,,Old Dominion Athletic Conf.,Active,
2025-26,2108306297,MADYSON,BULL,05/11/2026,05/11/2026,II,Saint Michael's College,Softball,,Northeast 10 Conference,Active,
2025-26,2311158166,SHYLEE,KARENBAUER,05/11/2026,05/11/2026,II,Saint Michael's College,Softball,,Northeast 10 Conference,Active,
2025-26,2112398320,VICTORIA,MITERKO,05/11/2026,05/11/2026,II,Edward Waters University,Softball,,Southern Intercol. Ath. Conf.,Active,
2025-26,2408383574,KEARSTIN,MONDAY,05/11/2026,05/11/2026,II,Wheeling University,Softball,,Mountain East Conference,Active,
2025-26,2306939488,RYLEE,GENTZEL,05/11/2026,05/11/2026,II,Ouachita Baptist University,Softball,,Great American Conference,Active,
2025-26,2403229734,KYLEIGH,GOLDEN,05/11/2026,05/11/2026,II,Edward Waters University,Softball,,Southern Intercol. Ath. Conf.,Active,
2025-26,2110351695,MACKENZIE,KAUK,05/11/2026,05/11/2026,II,Lubbock Christian University,Softball,,Lone Star Conference,Active,
2025-26,2310146315,LORELEI,SPRADLIN,05/11/2026,05/11/2026,II,Carson-Newman University,Softball,,South Atlantic Conference,Active,
2025-26,2208638836,HANNA,RAETHZ,05/11/2026,05/11/2026,II,University of Sioux Falls,Softball,,Northern Sun Intercollegiate Conference,Active,
2025-26,2411459100,ALYSON,WALLING,05/11/2026,05/11/2026,II,Felician University,Softball,,Central Atlantic Collegiate Conference,Active,
2025-26,2106200895,OLIVIA,DAVIES,05/12/2026,05/12/2026,II,Northwest Nazarene University,Softball,,Great Northwest Athletic Conference,Active,
2025-26,2310134145,RILEY,MCGEE,05/12/2026,05/12/2026,II,Northwest Nazarene University,Softball,,Great Northwest Athletic Conference,Active,
2025-26,2506642578,KARMAN,ROWE,05/12/2026,05/12/2026,II,University of Central Missouri,Softball,,Mid-America Intercollegiate Athletics Association,Active,
2025-26,2110339118,JENTRY,HENDERSON,05/12/2026,05/12/2026,II,Southern Nazarene University,Softball,,Great American Conference,Active,
2025-26,2212742223,ALYSSA,JEFFREY,05/12/2026,05/12/2026,II,Northwest Nazarene University,Softball,,Great Northwest Athletic Conference,Active,
2025-26,2109318278,CATHERINE,O'DONOHUE,05/12/2026,05/12/2026,II,Tusculum University,Softball,,South Atlantic Conference,Active,
2025-26,2203450124,FAITH,YOHO,05/11/2026,05/12/2026,II,Glenville State University,Softball,,Mountain East Conference,Active,
2025-26,2209662714,ROXANNE,HENSEL,05/11/2026,05/12/2026,II,Glenville State University,Softball,,Mountain East Conference,Active,
2025-26,2411458794,JADE,BUCHANAN,05/04/2026,05/12/2026,II,Southern Arkansas University,Softball,,Great American Conference,Active,
2025-26,2208643322,CHLOE,LESKO,05/11/2026,05/12/2026,I,"University of California, San Diego",Softball,Yes - Softball,Big West Conference,Active,
2025-26,2212744735,AVERY,BOOKER,05/11/2026,05/12/2026,II,Harding University,Softball,,Great American Conference,Active,
2025-26,2302782490,LOGHAN,CROMER,05/11/2026,05/12/2026,II,Thomas More University,Softball,,Great Midwest Athletic Conference,Active,
2025-26,2207615017,LUCIA,MCLOGAN,05/12/2026,05/12/2026,II,Rollins College,Softball,,Sunshine State Conference,Active,
2025-26,2309998799,GABRIELLA,BELTRAN,05/12/2026,05/12/2026,I,University of Maryland Eastern Shore,Softball,,Mid-Eastern Athletic Conf.,Active,
2025-26,1912765031,HEATHER,MCQUEENEY,05/12/2026,05/12/2026,III,Roanoke College,Softball,,Old Dominion Athletic Conf.,Active,
2025-26,2307955742,LAUREN,STEINER,05/12/2026,05/12/2026,III,Franklin & Marshall College,Softball,,Centennial Conference,Active,
2025-26,2403237935,MADELEINE,HANSON,05/12/2026,05/12/2026,II,Simon Fraser University,Softball,,Great Northwest Athletic Conference,Active,
2025-26,2201415496,MORGAN,CORYELL,05/12/2026,05/12/2026,II,Northeastern State University,Softball,,Mid-America Intercollegiate Athletics Association,Active,
2025-26,2303819003,KIERRA,SOUPHAKHOT,05/12/2026,05/12/2026,II,Saint Anselm College,Softball,,Northeast 10 Conference,Active,
2025-26,2005866527,ALIVIA,MACALUSO,05/12/2026,05/12/2026,I,Fairfield University,Softball,,Metro Atlantic Athletic Conference,Active,
2025-26,2302786139,KIERSTEN,WILLIAMS,05/12/2026,05/12/2026,II,Seton Hill University,Softball,,Pennsylvania State Athletic Conference,Active,
2025-26,2301756744,ANNA,KALKOWSKI,05/12/2026,05/12/2026,II,Seton Hill University,Softball,,Pennsylvania State Athletic Conference,Active,
2025-26,2105162677,HALIE,PAPPION,05/12/2026,05/12/2026,I,Boston College,Softball,,Atlantic Coast Conference,Active,
2025-26,2009918813,KODIE,VANEYCKE,05/12/2026,05/12/2026,II,University of Missouri-St. Louis,Softball,,Great Lakes Valley Conference,Active,
2025-26,2209678985,KILEY,SULLIVAN,05/12/2026,05/12/2026,II,University of Missouri-St. Louis,Softball,,Great Lakes Valley Conference,Active,
2025-26,2605921971,NIKOLE,GALGANO,05/12/2026,05/12/2026,III,Farmingdale State College,Softball,,Skyline Conference,Active,
2025-26,2411450251,LILLIAN,BACON,05/12/2026,05/12/2026,II,East Central University,Softball,,Great American Conference,Active,
2025-26,2406333198,KLARA,BULLA,05/12/2026,05/12/2026,II,University of Missouri-St. Louis,Softball,,Great Lakes Valley Conference,Active,
2025-26,2307947643,SKYLAH,STEBAN,05/12/2026,05/12/2026,II,Seton Hill University,Softball,,Pennsylvania State Athletic Conference,Active,
2025-26,2112397566,KAYLEIGH,BOWERS,05/13/2026,05/13/2026,II,Midwestern State University,Softball,,Lone Star Conference,Active,
2025-26,2506633907,CYNDIA,DOBBINS,05/13/2026,05/13/2026,II,Shaw University,Softball,,Central Intercollegiate Athletic Association,Active,
2025-26,2407346674,HADASSAH,LEVERETTE,05/13/2026,05/13/2026,II,"Pennsylvania Western University, California",Softball,,Pennsylvania State Athletic Conference,Active,
2025-26,2207627367,OLIVIA,STAIGL,05/13/2026,05/13/2026,III,Franklin College,Softball,,Heartland Collegiate Athletic Conference,Active,
2025-26,2209674651,VICTORIA,GARRIDO,05/13/2026,05/13/2026,II,University of Sioux Falls,Softball,,Northern Sun Intercollegiate Conference,Active,
2025-26,2103134756,MARYSSA,ZENZEN,05/12/2026,05/13/2026,I,University of Louisiana Monroe,Softball,,Sun Belt Conference,Active,
2025-26,1808274494,REBECCA,ZAWISTOWSKI,05/12/2026,05/13/2026,I,University of Rhode Island,Softball,,Atlantic 10 Conference,Active,
2025-26,2306926049,STELLA,THOMAS,05/12/2026,05/13/2026,III,Manchester University,Softball,,Heartland Collegiate Athletic Conference,Active,
2025-26,2009919723,HAYLIE,RIMMEY,02/25/2026,05/13/2026,II,"Pennsylvania Western University, Clarion",Softball,,Pennsylvania State Athletic Conference,Active,
2025-26,2411461469,AUBREY,SMALLWOOD,05/13/2026,05/13/2026,II,University of Charleston (West Virginia),Softball,,Mountain East Conference,Active,
2025-26,2209677945,ZANIAH,COLEMAN,05/13/2026,05/13/2026,II,Southern Arkansas University,Softball,,Great American Conference,Active,
2025-26,2406341496,RYLEIGH,HALL,05/12/2026,05/13/2026,II,Flagler College,Softball,,Peach Belt Conference,Active,
2025-26,1905567638,NATALIE,MARSHALL,05/13/2026,05/13/2026,I,"University of California, Berkeley",Softball,,Atlantic Coast Conference,Active,
2025-26,2011956916,MOLLY,BUCKINGHAM,05/13/2026,05/13/2026,II,Northwest Nazarene University,Softball,,Great Northwest Athletic Conference,Active,
2025-26,2309101638,JACY,HARRELSON,05/13/2026,05/13/2026,I,Jacksonville University,Softball,,Atlantic Sun Conference,Withdrawn,
2025-26,2208650937,ASHLEY,ESPINO,05/13/2026,05/13/2026,II,Northwest Nazarene University,Softball,,Great Northwest Athletic Conference,Active,
2025-26,2209683028,ZAYNAH,WOTKOWICZ,05/13/2026,05/13/2026,II,Saint Anselm College,Softball,,Northeast 10 Conference,Active,
2025-26,2407358613,CHAYNIE,CORNWELL,05/12/2026,05/13/2026,II,Flagler College,Softball,,Peach Belt Conference,Active,
2025-26,2310136178,CHRISTINA,MENESES-IBARRA,05/06/2026,05/13/2026,II,Eastern New Mexico University,Softball,,Lone Star Conference,Signed,
2025-26,2112392390,CAMRYN,GANT,05/13/2026,05/13/2026,II,Barry University,Softball,,Sunshine State Conference,Active,
2025-26,2210691017,PAYTON,BRAGG,05/13/2026,05/13/2026,II,Oklahoma Baptist University,Softball,,Great American Conference,Active,
2025-26,2408376182,REESE,UPTON,05/01/2026,05/13/2026,III,Salem College (North Carolina),Softball,,USA South Athletic Conference,Active,
2025-26,2605923532,KIRA,LINSTAD,05/13/2026,05/13/2026,III,University of Mount Saint Vincent,Softball,,Skyline Conference,Active,
2025-26,2105166478,SOPHIA,SIMMONS,05/13/2026,05/13/2026,II,Elizabeth City State University,Softball,,Central Intercollegiate Athletic Association,Active,
2025-26,2208651149,GRACIE,CICCARELLO,05/13/2026,05/13/2026,II,Eckerd College,Softball,,Sunshine State Conference,Active,
2025-26,2207614100,KATHLEEN,DOLAN,05/13/2026,05/13/2026,II,Washburn University,Softball,,Mid-America Intercollegiate Athletics Association,Active,
2025-26,2301771725,GISELLE,DELUTRI,05/13/2026,05/13/2026,II,Southern Connecticut State University,Softball,,Northeast 10 Conference,Active,
2025-26,2302792007,GUINAIYA,AYUYU GARCIA,05/13/2026,05/13/2026,II,Northwest Nazarene University,Softball,,Great Northwest Athletic Conference,Active,
2025-26,2309100177,KRISTA,WALDUSKY,05/12/2026,05/13/2026,III,Millikin University,Softball,,College Conference of Illinois & Wisconsin,Active,
2025-26,2106191336,ALLY,FLEMING,05/14/2026,05/14/2026,II,University of South Carolina Aiken,Softball,,Peach Belt Conference,Active,
2025-26,2310139024,TAYLOR,MENZEL,05/14/2026,05/14/2026,III,The College of New Jersey,Softball,,New Jersey Athletic Conference,Active,
2025-26,2210707801,BLYTH,FREEMAN,05/14/2026,05/14/2026,II,Mars Hill University,Softball,,South Atlantic Conference,Active,
2025-26,2209658692,LAUREN,SMITH,05/14/2026,05/14/2026,II,University of South Carolina Aiken,Softball,,Peach Belt Conference,Active,
2025-26,2502512114,LINDSAY,HUNTER,05/14/2026,05/14/2026,II,Shepherd University,Softball,,Pennsylvania State Athletic Conference,Active,
2025-26,2208635151,MAKENZIE,FITHIAN,05/14/2026,05/14/2026,II,University of Central Oklahoma,Softball,,Mid-America Intercollegiate Athletics Association,Active,
2025-26,2211717627,KALEIGH,DURKIN,05/14/2026,05/14/2026,I,Seton Hall University,Softball,,BIG EAST Conference,Active,
2025-26,2408374777,HAILEY,TRUJILLO,05/14/2026,05/14/2026,II,Bluefield State University,Softball,,Central Intercollegiate Athletic Association,Active,
2025-26,2508692720,KAYLEE,CARY,05/14/2026,05/14/2026,II,College of Staten Island,Softball,,East Coast Conference,Active,
2025-26,2201408500,EMMA,POWELL,05/14/2026,05/14/2026,II,College of Staten Island,Softball,,East Coast Conference,Active,
2025-26,2210710213,J'ANNE,COLBOW,04/01/2026,05/14/2026,III,State University of New York at Morrisville,Women's Ice Hockey|Softball,,State University of New York Athletic Conference|State University of New York Athletic Conference,Withdrawn,
2025-26,2311153268,SOLEIL,SMITH,05/14/2026,05/14/2026,II,College of Staten Island,Softball,,East Coast Conference,Active,
2025-26,2404283168,CAYLA,SCHUBMEHL,05/14/2026,05/14/2026,III,Skidmore College,Softball,,Liberty League,Active,
2025-26,2109325982,SOPHIA,POLZELLA,05/14/2026,05/14/2026,III,Elmira College,Softball,,Empire 8,Active,
2025-26,2307949994,AMANDA,BARNACLE,05/14/2026,05/14/2026,II,"Concordia University, St. Paul",Softball,,Northern Sun Intercollegiate Conference,Active,
2025-26,2306929283,ASHLYN,GAUGHAN,05/14/2026,05/14/2026,II,Washburn University,Softball,,Mid-America Intercollegiate Athletics Association,Active,
2025-26,2505617780,MAYSON,LEATHERWOOD,05/14/2026,05/14/2026,II,Eckerd College,Softball,,Sunshine State Conference,Active,
2025-26,2305907791,PRESLEY,BORNE,05/14/2026,05/14/2026,II,College of Staten Island,Softball,,East Coast Conference,Active,
2025-26,2402219568,JULIA,HETER,05/14/2026,05/14/2026,II,Eckerd College,Softball,,Sunshine State Conference,Active,
2025-26,2504567853,JAHZIRA ANN,HOGAN,05/05/2026,05/14/2026,II,Johnson C. Smith University,Softball,,Central Intercollegiate Athletic Association,Active,
2025-26,2009921791,ASHLEY,CAIN,05/14/2026,05/14/2026,II,Eckerd College,Softball,,Sunshine State Conference,Active,
2025-26,2207624937,AVERY,BELLISH,05/13/2026,05/14/2026,II,"Pennsylvania Western University, Clarion",Softball,,Pennsylvania State Athletic Conference,Active,
2025-26,2205548910,ABBY,EMSWILER,05/06/2026,05/14/2026,II,Thomas More University,Softball,,Great Midwest Athletic Conference,Active,
2025-26,2403232827,ADELINE,GARR,05/13/2026,05/14/2026,III,Augustana College (Illinois),Softball,,College Conference of Illinois & Wisconsin,Active,
2025-26,2307954927,SOPHIA,NIEDBALA,01/14/2026,05/14/2026,II,"University of Pittsburgh, Johnstown",Softball,,Pennsylvania State Athletic Conference,Active,
2025-26,2502512514,MADISON,HALL,05/01/2026,05/14/2026,II,Thomas More University,Softball,,Great Midwest Athletic Conference,Active,
2025-26,2208636214,SARA,SOLBERG,05/05/2026,05/14/2026,II,"University of Pittsburgh, Johnstown",Softball,,Pennsylvania State Athletic Conference,Active,
2025-26,2404262876,KYLIE,METTRICK,05/06/2026,05/14/2026,II,"University of Pittsburgh, Johnstown",Softball,,Pennsylvania State Athletic Conference,Active,
2025-26,2110359138,LYNDA,ROBERTS,12/01/2025,05/14/2026,II,East Central University,Softball,,Great American Conference,Signed,
2025-26,2403250373,MADELIN,MARQUART,04/21/2026,05/14/2026,III,State University of New York at Canton,Softball,,State University of New York Athletic Conference,Active,
2025-26,2412468014,ARIANNA,STEELE,04/09/2026,05/14/2026,III,State University of New York at Canton,Softball,,State University of New York Athletic Conference,Active,
2025-26,2109320248,ALIYA,GARROWAY,10/01/2025,05/14/2026,I,Saint Francis University,Softball,,Northeast Conference,Active,
2025-26,2505616076,ALEXIS,FETZER,03/03/2026,05/14/2026,II,"University of Pittsburgh, Johnstown",Softball,,Pennsylvania State Athletic Conference,Active,
2025-26,2107282353,KENNEDIE,RUTH,05/15/2026,05/15/2026,II,College of Staten Island,Softball,,East Coast Conference,Active,
2025-26,2409420421,LILA,GRIMM,05/15/2026,05/15/2026,II,Salem University (West Virginia),Softball,,Independent,Active,
2025-26,2112395068,ALIVEAH,WARNER,05/15/2026,05/15/2026,II,College of Staten Island,Softball,,East Coast Conference,Active,
2025-26,2308996114,ALLISON,SPECHT,05/15/2026,05/15/2026,II,University of Tampa,Softball,,Sunshine State Conference,Active,
2025-26,2504585465,MADISON,VANALLEN,05/15/2026,05/15/2026,II,Valdosta State University,Softball,,Gulf South Conference,Active,
2025-26,2401198964,KRISLEY,ARNOLD,05/15/2026,05/15/2026,II,Valdosta State University,Softball,,Gulf South Conference,Active,
2025-26,2405320365,SAVANA,GUTHMILLER,05/15/2026,05/15/2026,II,University of Jamestown,Softball,,Northern Sun Intercollegiate Conference,Active,
2025-26,2010950615,KAYLEE,SHEETS,05/15/2026,05/15/2026,II,Lubbock Christian University,Softball,,Lone Star Conference,Active,
2025-26,2405291781,JAYLIN,OLGUIN,05/15/2026,05/15/2026,I,East Texas A&M University,Softball,,Southland Conference,Active,
2025-26,2605922611,EMILY,WINN,05/15/2026,05/15/2026,III,Adrian College,Softball,,Michigan Intercollegiate Athletic Association,Active,
2025-26,2106217871,BRIDGET,BERNARD,05/15/2026,05/15/2026,III,University of Hartford,Softball,,Conference of New England,Active,
2025-26,2405302992,BROOKLYNN,BLANKENSHIP,05/14/2026,05/15/2026,II,Concord University,Softball,,Mountain East Conference,Active,
2025-26,2107254679,CAYDEN,THOMAS,05/04/2026,05/15/2026,II,University of North Carolina at Pembroke,Softball,,Conference Carolinas,Active,
2025-26,2408379137,ALLIE,TOURNAS,05/14/2026,05/15/2026,II,Wilmington University (Delaware),Softball,,Central Atlantic Collegiate Conference,Active,
2025-26,2111366630,BRITNEY,PHALLY,04/01/2026,05/15/2026,I,Tennessee Technological University,Softball,,Ohio Valley Conference,Active,
2025-26,1903472489,EMMA,SCHMIDT,05/14/2026,05/15/2026,III,Augustana College (Illinois),Softball,,College Conference of Illinois & Wisconsin,Active,
2025-26,2208634700,ALISON,HARRIS,05/15/2026,05/15/2026,I,Portland State University,Softball,,Big Sky Conference,Active,
2025-26,2005860558,TAMYA,GRANT-WAITERS,05/15/2026,05/15/2026,I,"University of California, Berkeley",Softball,,Atlantic Coast Conference,Active,
2025-26,2004851800,LAUREN,PARHAM,05/15/2026,05/16/2026,II,Virginia State University,Softball,,Central Intercollegiate Athletic Association,Active,
2025-26,2205567494,KASEY,XENIDIS,05/15/2026,05/16/2026,II,Wilmington University (Delaware),Softball,,Central Atlantic Collegiate Conference,Active,
2025-26,2110363079,LOGAN,KIESELHORST,05/15/2026,05/16/2026,III,Southwestern University (Texas),Softball,,Southern Athletic Association,Active,
2025-26,2108308163,SYDNEY,FARMER,05/16/2026,05/16/2026,I,Morehead State University,Softball,,Ohio Valley Conference,Active,
2025-26,2111372367,MADISON,VOLLMAR,05/15/2026,05/16/2026,II,Wilmington University (Delaware),Softball,,Central Atlantic Collegiate Conference,Active,
2025-26,2502515789,SOPHIA,KELLOGG,05/17/2026,05/17/2026,I,Seattle University,Softball,,West Coast Conference,Active,
2025-26,2312183731,MACKENZIE,GRIFFITH,05/17/2026,05/17/2026,I,University of Massachusetts Lowell,Softball,,America East Conference,Active,
2025-26,2009931110,SAMANTHA,RODGERS,05/17/2026,05/17/2026,I,U.S. Military Academy,Softball,,Patriot League,Active,
2025-26,2207623735,ELYSSA,VERPLOEGEN,05/18/2026,05/18/2026,II,University of Mary,Softball,,Northern Sun Intercollegiate Conference,Active,
2025-26,2106194131,ARYANA,MEADOWS,05/18/2026,05/18/2026,II,Claflin University,Softball,,Central Intercollegiate Athletic Association,Active,
2025-26,2410444000,CHLOE,WALLS,05/18/2026,05/18/2026,II,Lubbock Christian University,Softball,,Lone Star Conference,Active,
2025-26,2410429401,CORA,ROBINSON,05/18/2026,05/18/2026,II,Lander University,Softball,,Peach Belt Conference,Active,
2025-26,2109312725,KASSIDY,WITTIG,05/18/2026,05/18/2026,II,Seton Hill University,Softball,,Pennsylvania State Athletic Conference,Active,
2025-26,2009924830,ARISSA,ZAJAC,05/18/2026,05/18/2026,II,Drury University,Softball,,Great Lakes Valley Conference,Active,
2025-26,2411458328,MAKENZIE,GILLEN,05/18/2026,05/18/2026,II,"Pennsylvania Western University, California",Softball,,Pennsylvania State Athletic Conference,Active,
2025-26,2305910772,ALYSSA,MILLER,05/18/2026,05/18/2026,III,Capital University,Softball,,Ohio Athletic Conference,Active,
2025-26,2009914640,SARAH,WALKER,05/18/2026,05/18/2026,II,Carson-Newman University,Softball,,South Atlantic Conference,Active,
2025-26,2308979312,KARA,VONACHEN,05/18/2026,05/18/2026,II,Lander University,Softball,,Peach Belt Conference,Active,
2025-26,2209666840,MADISON,TARRA,05/18/2026,05/18/2026,II,Caldwell University,Softball,,Central Atlantic Collegiate Conference,Active,
2025-26,2005860842,SYDNEE,KOOSH,05/18/2026,05/18/2026,I,University of Connecticut,Softball,,BIG EAST Conference,Active,
2025-26,2310133484,SHAINA,LUGO,05/18/2026,05/18/2026,II,Elizabeth City State University,Softball,,Central Intercollegiate Athletic Association,Active,
2025-26,2502507499,SIENNA,CARDELL,05/18/2026,05/18/2026,II,Felician University,Softball,,Central Atlantic Collegiate Conference,Active,
2025-26,2308994211,PEYTON,HULL,05/18/2026,05/18/2026,II,University of Montevallo,Softball,,Gulf South Conference,Active,
2025-26,2102104669,KAYLEE,YOUMANS,05/18/2026,05/18/2026,II,Lander University,Softball,,Peach Belt Conference,Active,
2025-26,2311154579,EMMA,REYNOLDS,05/18/2026,05/18/2026,II,University of South Carolina Beaufort,Softball,,Peach Belt Conference,Active,
2025-26,2312174873,JADA,DUNCAN,05/18/2026,05/18/2026,II,Claflin University,Softball,,Central Intercollegiate Athletic Association,Active,
2025-26,2304880497,ABBIE,KEGLEY,05/18/2026,05/18/2026,II,University of South Carolina Aiken,Softball,,Peach Belt Conference,Active,
2025-26,2310138928,BELLA,CAMPBELL,05/18/2026,05/18/2026,II,University of Tampa,Softball,,Sunshine State Conference,Active,
2025-26,2005867628,ALEENA,SANDY,05/18/2026,05/18/2026,I,Texas Southern University,Softball,Yes - Softball,Southwestern Athletic Conf.,Active,
2025-26,2409409629,BRIE,PELLAND,05/18/2026,05/18/2026,III,Transylvania University,Softball,,Heartland Collegiate Athletic Conference,Active,
2025-26,2102103577,AVERY,RIOS,05/18/2026,05/18/2026,II,University of Nebraska at Kearney,Softball,,Mid-America Intercollegiate Athletics Association,Active,
2025-26,2408373391,JANESSA,GIUGLIANO,05/18/2026,05/18/2026,II,University of Colorado Colorado Springs,Softball,,Rocky Mountain Athletic Conference,Active,
2025-26,2208632398,KRISTEN,DRIVER,05/18/2026,05/18/2026,I,Texas Southern University,Softball,Yes - Softball,Southwestern Athletic Conf.,Active,
2025-26,2605930137,TAYLOR,INGRAM,05/18/2026,05/18/2026,III,Transylvania University,Softball,,Heartland Collegiate Athletic Conference,Active,
2025-26,2111365936,NOELANI,CHING,05/19/2026,05/19/2026,II,Concordia University Irvine,Softball,,Pacific West Conference,Active,
2025-26,2505612938,ADDISON,CASTILLEJA,05/19/2026,05/19/2026,II,Sul Ross State University,Softball,,Lone Star Conference,Active,
2025-26,2505621233,SOPHIA,WRIGHT,05/19/2026,05/19/2026,II,Lincoln Memorial University,Softball,,South Atlantic Conference,Active,
2025-26,2306918138,ABIGALE,SHEARER,05/18/2026,05/19/2026,III,Rose-Hulman Institute of Technology,Softball,,Heartland Collegiate Athletic Conference,Active,
2025-26,2309105422,KINSLEY,BYRD,05/18/2026,05/19/2026,II,University of Montevallo,Softball,,Gulf South Conference,Active,
2025-26,2212737738,SELENA,ZUNIGA,05/19/2026,05/19/2026,II,Rogers State University,Softball,,Mid-America Intercollegiate Athletics Association,Active,
2025-26,2208645311,GRACIE,MABREY,04/25/2026,05/19/2026,II,Wilmington University (Delaware),Softball,,Central Atlantic Collegiate Conference,Active,
2025-26,1810332541,TAYLOR,NICHOLSON,05/18/2026,05/19/2026,I,"University of Maryland, Baltimore County",Softball,,America East Conference,Active,
2025-26,2411449245,HELEN,HERRERA,05/06/2026,05/19/2026,II,Goldey-Beacom College,Softball,,Central Atlantic Collegiate Conference,Active,
2025-26,2104157281,KAYTLIN,GREENWOOD,11/11/2025,05/19/2026,I,Wofford College,Softball,,Southern Conference,Signed,
2025-26,2311155626,EMALEA,BAILEY,05/19/2026,05/19/2026,II,Southern Arkansas University,Softball,,Great American Conference,Active,
2025-26,2210688889,HANNA,DAVIS,05/19/2026,05/19/2026,II,Lenoir-Rhyne University,Softball,,South Atlantic Conference,Active,
2025-26,2506644320,NOHEMI,LIVINGSTON,05/19/2026,05/19/2026,II,Jessup University,Softball,,Pacific West Conference,Active,
2025-26,2310130101,REESE,CARANNA,05/19/2026,05/19/2026,III,Pfeiffer University,Softball,,USA South Athletic Conference,Active,
2025-26,2304845120,OLIVIA,SHELTON,05/19/2026,05/19/2026,III,Guilford College,Softball,,Old Dominion Athletic Conf.,Active,
2025-26,2205568723,KIRA,MORRIS,05/19/2026,05/19/2026,II,Concordia University Irvine,Softball,,Pacific West Conference,Active,
2025-26,2209657957,VICTORIA,SPENCER,05/06/2026,05/19/2026,I,Morehead State University,Softball,,Ohio Valley Conference,Active,
2025-26,2107267329,KATELYN,COZORT,05/19/2026,05/19/2026,II,Lenoir-Rhyne University,Softball,,South Atlantic Conference,Active,
2025-26,1810315388,JADYN,NIELSEN,05/18/2026,05/19/2026,I,"California State University, Northridge",Softball,,Big West Conference,Active,
2025-26,2411449896,ABIGAIL,BRINKLEY,05/08/2026,05/19/2026,II,Henderson State University,Softball,,Great American Conference,Active,
2025-26,2411451617,AMBER,WATKINS,05/18/2026,05/19/2026,II,Lane College,Softball,,Southern Intercol. Ath. Conf.,Active,
2025-26,2108294077,GABRIELLE,GONZALEZ,12/09/2025,05/19/2026,I,Quinnipiac University,Softball,,Metro Atlantic Athletic Conference,Active,
2025-26,2408370349,TATUM,BITTICK,05/12/2026,05/19/2026,II,Henderson State University,Softball,,Great American Conference,Active,
2025-26,2307955971,MEEYA,JOHNSON,05/18/2026,05/19/2026,I,Loyola Marymount University,Softball,,West Coast Conference,Active,
2025-26,2311166403,MIKAYLAH,CHIMARA,05/19/2026,05/19/2026,II,Bluefield State University,Softball,,Central Intercollegiate Athletic Association,Active,
2025-26,2209657127,AMIYA,HERNANDEZ,05/19/2026,05/19/2026,II,Missouri Western State University,Softball,Yes - Softball,Mid-America Intercollegiate Athletics Association,Active,
2025-26,1905569143,IZABELLA,VALDEZ,05/18/2026,05/19/2026,II,St. Mary's University (Texas),Softball,,Lone Star Conference,Active,
2025-26,2406335229,LESLEIGH,MAYNARD,05/17/2026,05/19/2026,I,Southeast Missouri State University,Softball,,Ohio Valley Conference,Active,
2025-26,2410428816,DONNALEA,BARNETT,05/19/2026,05/19/2026,I,Niagara University,Softball,,Metro Atlantic Athletic Conference,Active,
2025-26,2208652107,WRIGLEY,FANTER,05/17/2026,05/19/2026,I,Lehigh University,Softball,,Patriot League,Withdrawn,
2025-26,2307968283,KAELINN,JOZSA,05/15/2026,05/20/2026,II,Ferris State University,Softball,,Great Lakes Intercollegiate Athletic Conference,Active,
2025-26,2305908851,MALLORY,SANDERS,05/11/2026,05/20/2026,I,Longwood University,Softball,,Big South Conference,Active,
2025-26,2405291778,KAYLIN,OLGUIN,05/20/2026,05/20/2026,I,East Texas A&M University,Softball,,Southland Conference,Active,
2025-26,2211722930,MAKENZIE,COWBURN,05/17/2026,05/20/2026,I,Bellarmine University,Softball,,Atlantic Sun Conference,Withdrawn,
2025-26,2107247735,MARIAH,BELZER,05/20/2026,05/20/2026,II,Rogers State University,Softball,,Mid-America Intercollegiate Athletics Association,Active,
2025-26,2109331593,IVANNEY,RAMIREZ,05/08/2026,05/20/2026,II,Ursuline College,Softball,,Great Midwest Athletic Conference,Active,
2025-26,2106197865,SIDNEY,CONTI,05/20/2026,05/20/2026,II,Malone University,Softball,,Great Midwest Athletic Conference,Active,
2025-26,2408380329,REESE,FALISH,05/20/2026,05/20/2026,II,"Minnesota State University, Mankato",Softball,,Northern Sun Intercollegiate Conference,Active,
2025-26,2211714169,ARIANNA,MACHADO,05/19/2026,05/20/2026,II,Auburn University at Montgomery,Softball,,Gulf South Conference,Active,
2025-26,2306920497,JAZMINE,MANAU,05/19/2026,05/20/2026,I,Southeast Missouri State University,Softball,,Ohio Valley Conference,Active,
2025-26,2108303989,JADEN,COLUNGA,05/19/2026,05/20/2026,I,California Baptist University,Softball,,Western Athletic Conference,Active,
2025-26,2408387358,SANAYA,RODRIGUEZ,05/20/2026,05/20/2026,II,Caldwell University,Softball,,Central Atlantic Collegiate Conference,Active,
2025-26,1907638807,ALYSSA,WILLIAMS,05/19/2026,05/20/2026,II,Lincoln Memorial University,Softball,,South Atlantic Conference,Active,
2025-26,2305894132,OLIVIA,COLEBANK,05/20/2026,05/20/2026,III,Transylvania University,Softball,,Heartland Collegiate Athletic Conference,Active,
2025-26,2210703138,MACIE,LEE,05/20/2026,05/20/2026,III,East Texas Baptist University,Softball,,American Southwest Conference,Active,
2025-26,2108290800,ANAYA,TROY,05/20/2026,05/20/2026,I,Towson University,Softball,,Coastal Athletic Association,Active,
2025-26,2505618228,ARYANNA,HAWK,05/07/2026,05/20/2026,II,Ursuline College,Softball,,Great Midwest Athletic Conference,Active,
2025-26,2010953281,KINSLEY,BIRDWELL,05/20/2026,05/20/2026,II,Southern Arkansas University,Softball,,Great American Conference,Active,
2025-26,2302787535,SOPHIA,HELM,05/12/2026,05/20/2026,II,Ferris State University,Softball,,Great Lakes Intercollegiate Athletic Conference,Active,
2025-26,2303803244,KARLEE,SMITH,05/20/2026,05/20/2026,II,Rogers State University,Softball,,Mid-America Intercollegiate Athletics Association,Active,
2025-26,2211713800,KURSTYN,PATNODE,05/20/2026,05/20/2026,II,St. Cloud State University,Softball,,Northern Sun Intercollegiate Conference,Active,
2025-26,2204517030,BROOKE,BENNETT,05/06/2026,05/20/2026,I,Longwood University,Softball,,Big South Conference,Active,
2025-26,2112392097,LIBBY,MAY,05/04/2026,05/20/2026,II,Southern Arkansas University,Softball,,Great American Conference,Active,
2025-26,2406323361,MELISSA,LUGO,05/20/2026,05/20/2026,II,Caldwell University,Softball,,Central Atlantic Collegiate Conference,Active,
2025-26,2410421599,MARISSA,MILLER,05/20/2026,05/20/2026,II,Caldwell University,Softball,,Central Atlantic Collegiate Conference,Active,
2025-26,2112398901,LIZA,MANNARINO,05/20/2026,05/20/2026,II,Caldwell University,Softball,,Central Atlantic Collegiate Conference,Active,
2025-26,2009927050,MAKAYLA,WINCHELL,04/13/2026,05/20/2026,I,University of Notre Dame,Softball,,Atlantic Coast Conference,Active,
2025-26,2209662842,KAILYN,BYAS,05/14/2026,05/20/2026,I,Longwood University,Softball,,Big South Conference,Active,
2025-26,2209664079,SOPHIA,GARCIA,05/21/2026,05/21/2026,II,Regis University (Colorado),Softball,,Rocky Mountain Athletic Conference,Active,
2025-26,2111365651,MADISON,PRIMM,05/21/2026,05/21/2026,II,Lenoir-Rhyne University,Softball,,South Atlantic Conference,Active,
2025-26,2604894502,CORA,MOINE,04/28/2026,05/21/2026,III,Muskingum University,Softball,,Ohio Athletic Conference,Active,
2025-26,2210703181,SAMYRAH,SANDERS,05/20/2026,05/21/2026,II,Eastern New Mexico University,Softball,,Lone Star Conference,Active,
2025-26,2309103442,MILLA,SANCHEZ,05/17/2026,05/21/2026,II,Gannon University,Softball,,Pennsylvania State Athletic Conference,Active,
2025-26,2312182327,LISA,FRIAS,05/20/2026,05/21/2026,II,Bowie State University,Softball,,Central Intercollegiate Athletic Association,Active,
2025-26,2410425643,ARIANNA,MEDINA,05/21/2026,05/21/2026,II,Sul Ross State University,Softball,,Lone Star Conference,Active,
2025-26,2605921261,OLIVIA,CAIN,05/21/2026,05/21/2026,III,Anderson University (Indiana),Softball,,Heartland Collegiate Athletic Conference,Active,
2025-26,2108284314,GABRIELLA,AUGHTON,05/21/2026,05/21/2026,I,Appalachian State University,Softball,,Sun Belt Conference,Active,
2025-26,2112391471,MARGUERITE,WERNER,05/21/2026,05/21/2026,I,"University of Minnesota, Twin Cities",Softball,,Big Ten Conference,Active,
2025-26,2408374676,MATEA,MURAOKA,05/21/2026,05/21/2026,II,"California State Polytechnic University, Humboldt",Softball,,California Collegiate Athletic Association,Active,
2025-26,2303798610,ALEISA,ROWE,05/21/2026,05/21/2026,III,Penn State Harrisburg,Softball,,United East Conference,Active,
2025-26,2306922794,AMAYA,CORONA,05/21/2026,05/21/2026,II,Bluefield State University,Softball,,Central Intercollegiate Athletic Association,Active,
2025-26,2108293182,KYLIE,HAMMONDS,05/21/2026,05/21/2026,I,Florida Atlantic University,Softball,,American Conference,Active,
2025-26,2506629738,PEYTON,WATSON,05/21/2026,05/21/2026,II,Northeastern State University,Softball,,Mid-America Intercollegiate Athletics Association,Active,
2025-26,2112387519,TAELYNN,BALLINGER,05/21/2026,05/21/2026,II,Rogers State University,Softball,,Mid-America Intercollegiate Athletics Association,Active,
2025-26,2209661856,FAITH,HEATER,05/21/2026,05/21/2026,II,Davis & Elkins College,Softball,,Mountain East Conference,Active,
2025-26,2406324901,ANDREA,GARCIA,05/05/2026,05/21/2026,II,Minnesota State University Moorhead,Softball,,Northern Sun Intercollegiate Conference,Active,
2025-26,2406324911,LISA,GARCIA-PALAFOX,05/05/2026,05/21/2026,II,Minnesota State University Moorhead,Softball,,Northern Sun Intercollegiate Conference,Active,
2025-26,2010948164,HAIDYN,SOKOLOSKI,12/01/2025,05/21/2026,I,"University of Missouri, Columbia",Softball|Women's Volleyball,,Southeastern Conference|Southeastern Conference,Signed,
2025-26,2310131710,MORGAN,KINGSBURY,05/04/2026,05/21/2026,II,Minnesota State University Moorhead,Softball,,Northern Sun Intercollegiate Conference,Active,
2025-26,2408380097,LISA,LIDDELL,05/21/2026,05/22/2026,II,Colorado Christian University,Softball,,Rocky Mountain Athletic Conference,Active,
2025-26,2306919502,BRITTANY,STEPHENS,05/22/2026,05/22/2026,II,University of Mount Olive,Softball,,Conference Carolinas,Active,
2025-26,2108306830,JAYLA,PLOTZ,05/08/2026,05/22/2026,II,University of Missouri-St. Louis,Softball,,Great Lakes Valley Conference,Active,
2025-26,2409414468,JAYCEE,KELLN,05/12/2026,05/22/2026,II,Oklahoma Baptist University,Softball,,Great American Conference,Signed,
2025-26,2102104516,BRIEANNA,HOWARD,05/11/2026,05/22/2026,I,Austin Peay State University,Softball,,Atlantic Sun Conference,Active,
2025-26,2306943499,LILY,REIDY,05/21/2026,05/22/2026,II,Seton Hill University,Softball,,Pennsylvania State Athletic Conference,Active,
2025-26,2405315012,CHLOE,GUST,05/21/2026,05/22/2026,II,Lewis University,Softball,,Great Lakes Valley Conference,Active,
2025-26,2102108602,LILLIAN,VALLIMONT,05/22/2026,05/22/2026,I,University of Michigan,Softball,,Big Ten Conference,Active,
2025-26,2102115723,EMMA,BAILEY,05/11/2026,05/22/2026,I,Purdue University,Softball,,Big Ten Conference,Active,
2025-26,2301764776,CLAIRE,RADFORD,05/18/2026,05/22/2026,II,University of South Carolina Aiken,Softball,,Peach Belt Conference,Active,
2025-26,2310140459,KEAGAN,NORFLEET,05/11/2026,05/22/2026,II,Saint Martin's University,Softball,,Great Northwest Athletic Conference,Active,
2025-26,2006871989,JAMAYA,BYRUM,05/22/2026,05/22/2026,I,Liberty University,Softball,,Conference USA,Active,
2025-26,2311160635,ERICA,ROSS,05/22/2026,05/22/2026,II,Rogers State University,Softball,,Mid-America Intercollegiate Athletics Association,Active,
2025-26,2106205773,LEATAATAOFITI,SHERLIN,05/17/2026,05/22/2026,I,San Jose State University,Softball,,Mountain West Conference,Withdrawn,
2025-26,2211717300,ABIGAIL,WALDEN,05/20/2026,05/22/2026,II,Colorado Christian University,Softball,,Rocky Mountain Athletic Conference,Active,
2025-26,2208639856,ARIANA,BOTTEL,05/22/2026,05/22/2026,II,"California State Polytechnic University, Humboldt",Softball,,California Collegiate Athletic Association,Active,
2025-26,2010953336,KORAL,KEEHNER,03/24/2026,05/22/2026,II,University of Illinois Springfield,Softball,,Great Lakes Valley Conference,Active,
2025-26,2206572553,RAYLIN,MORGAN,05/22/2026,05/22/2026,II,Rogers State University,Softball,,Mid-America Intercollegiate Athletics Association,Active,
2025-26,2209679848,MARISSA,FARIAS,05/22/2026,05/22/2026,II,"California State University, East Bay",Softball,,California Collegiate Athletic Association,Active,
2025-26,2210693709,JESSICA,MILLER,05/22/2026,05/22/2026,II,Tiffin University,Softball,,Great Midwest Athletic Conference,Active,
2025-26,2208654821,LAUREN,BALL,05/22/2026,05/22/2026,II,Tiffin University,Softball,,Great Midwest Athletic Conference,Active,
2025-26,2212740389,DANIELA,DAVID,05/22/2026,05/22/2026,II,Valdosta State University,Softball,,Gulf South Conference,Active,
2025-26,2605933058,MADYSON,STINGLE,05/22/2026,05/23/2026,III,Vermont State University-Johnson,Softball,,North Atlantic Conference,Active,
2025-26,2402219648,KARLYN,BOWMAN,05/23/2026,05/23/2026,II,Washburn University,Softball,,Mid-America Intercollegiate Athletics Association,Active,
2025-26,2605924435,KIELE,FRANCO,05/18/2026,05/23/2026,III,Aurora University,Softball,,Northern Athletics Collegiate Conference,Active,
2025-26,1906609763,TAEGAN,SMITH,05/22/2026,05/23/2026,I,Weber State University,Softball,,Big Sky Conference,Active,
2025-26,2211727119,SARA,PANIAGUA,05/22/2026,05/23/2026,II,Angelo State University,Softball,,Lone Star Conference,Active,
2025-26,2406334929,MAURA,SIMPSON,05/22/2026,05/23/2026,II,Thomas More University,Softball,,Great Midwest Athletic Conference,Active,
2025-26,2008898023,REAGAN,GARRETT,11/09/2025,05/23/2026,II,Emmanuel University (Georgia),Softball,,Conference Carolinas,Signed,
2025-26,2311156416,JORDYN,MARSH,05/08/2026,05/24/2026,II,Southwest Minnesota State University,Softball,,Northern Sun Intercollegiate Conference,Signed,
2025-26,2001787183,SYDNEY,SCHWARTZ,05/21/2026,05/24/2026,I,"University of Minnesota, Twin Cities",Softball,,Big Ten Conference,Signed,
2025-26,2605910002,ARMANI,HAPPY,05/06/2026,05/24/2026,III,Agnes Scott College,Softball,,Collegiate Conference of the South,Active,
2025-26,1909681440,BRIJANA,BURNETT,05/23/2026,05/24/2026,I,"University of Minnesota, Twin Cities",Softball,,Big Ten Conference,Active,
2025-26,2605902869,KAYLEE,HICKMAN,05/06/2026,05/24/2026,III,Agnes Scott College,Softball,,Collegiate Conference of the South,Active,
2025-26,2302792109,BRAEZEN,HENDERSON,05/18/2026,05/25/2026,II,Northwest Nazarene University,Softball,,Great Northwest Athletic Conference,Withdrawn,
2025-26,2209666776,KARHYS,PIERCE,05/21/2026,05/25/2026,I,University of South Florida,Softball,,American Conference,Active,
2025-26,2110343985,KAIRI,RODRIGUEZ,05/25/2026,05/26/2026,I,Duke University,Softball,,Atlantic Coast Conference,Active,
2025-26,2311151031,ANIYA,MERRITT,05/26/2026,05/26/2026,I,North Carolina A&T State University,Softball,,Coastal Athletic Association,Active,
2025-26,2204547024,GRACE,HORNBUCKLE,05/26/2026,05/26/2026,I,University of Nebraska at Omaha,Softball,,The Summit League,Withdrawn,
2025-26,2211722173,KYLEE,HOLT,04/30/2026,05/26/2026,II,The University of Virginia's College at Wise,Softball,,South Atlantic Conference,Active,
2025-26,2106189621,MEGAN,RASMUSSEN,05/26/2026,05/26/2026,I,Jacksonville State University,Softball,,Conference USA,Active,
2025-26,2402213230,GABRIELLE,BIBB,05/26/2026,05/26/2026,II,Fairmont State University,Softball,,Mountain East Conference,Active,
2025-26,2212733731,MADDELYNN,LEE,05/26/2026,05/26/2026,I,University of Akron,Softball,,Mid-American Conference,Withdrawn,
2025-26,2310142569,REESE,WATSON,05/26/2026,05/26/2026,II,Francis Marion University,Softball,,Conference Carolinas,Active,
2025-26,2301772905,SERAFINA,STEPIEN,05/26/2026,05/26/2026,III,Elmhurst University,Softball,,College Conference of Illinois & Wisconsin,Active,
2025-26,2108299315,SAGE,SCARMARDO,05/26/2026,05/26/2026,I,"University of South Carolina, Columbia",Softball,,Southeastern Conference,Active,
2025-26,2311153251,MORGAN,KOSTECKA,05/26/2026,05/26/2026,I,University of Wisconsin-Green Bay,Softball,,Horizon League,Withdrawn,
2025-26,2310140376,ALYSSA,DEMAIO,05/26/2026,05/26/2026,I,University of Wisconsin-Green Bay,Softball,Yes - Softball,Horizon League,Withdrawn,
2025-26,2405312906,EMILY,JONES,05/26/2026,05/26/2026,I,University of Wisconsin-Green Bay,Softball,,Horizon League,Withdrawn,
2025-26,2112402737,OLIVIA,ROSS,05/26/2026,05/26/2026,II,Central Washington University,Softball,,Great Northwest Athletic Conference,Active,
2025-26,2505612779,KATHERINE,HOFMANN,05/26/2026,05/26/2026,I,University of South Dakota,Softball,,The Summit League,Active,
2025-26,2208644920,GABRIELLE,SALAZAR,05/26/2026,05/26/2026,I,University of Nebraska at Omaha,Softball,,The Summit League,Withdrawn,
2025-26,2302782595,KEIRLYN,BANE,05/26/2026,05/26/2026,II,Kutztown University of Pennsylvania,Softball,,Pennsylvania State Athletic Conference,Active,
2025-26,2507668798,BAILEY,DOMINGUEZ,05/26/2026,05/26/2026,II,Winston-Salem State University,Softball,,Central Intercollegiate Athletic Association,Active,
2025-26,2310128709,SAMANTHA,VASQUEZ,05/26/2026,05/26/2026,II,University of Jamestown,Softball,,Northern Sun Intercollegiate Conference,Active,
2025-26,2306940942,ALI,SHRIEVE,05/26/2026,05/26/2026,II,Salem University (West Virginia),Softball,,Independent,Active,
2025-26,2508695070,ADDYSON,CARRASCO,05/26/2026,05/26/2026,III,Concordia University Texas,Softball,,Southern Collegiate Athletic Conference,Active,
2025-26,2402217323,ALEXIS,MARSCOLA,05/26/2026,05/26/2026,III,Mount St. Joseph University,Softball,,Heartland Collegiate Athletic Conference,Active,
2025-26,2109327401,SOFIA,KING,05/26/2026,05/26/2026,I,Missouri State University,Softball,,Conference USA,Withdrawn,
2025-26,2206589500,RILEY,BABER,05/26/2026,05/26/2026,I,Missouri State University,Softball,,Conference USA,Withdrawn,
2025-26,2111371378,BREANA,HOPKINS,05/26/2026,05/26/2026,I,Missouri State University,Softball,,Conference USA,Withdrawn,
2025-26,2306937165,REAGAN,STOUDT,05/26/2026,05/26/2026,I,University of Texas at San Antonio,Softball,,American Conference,Withdrawn,
2025-26,2011963184,JAEDEN,BURNHAM,05/26/2026,05/26/2026,I,University of Texas at San Antonio,Softball,,American Conference,Withdrawn,
2025-26,2109314439,MEREDITH,SCHMITT,05/26/2026,05/26/2026,I,University of Texas at San Antonio,Softball,,American Conference,Withdrawn,
2025-26,2309103944,HALEY,VASQUEZ,03/04/2026,05/26/2026,II,Texas A&M University-Kingsville,Softball,,Lone Star Conference,Active,
2025-26,2210704694,SUNNI,KAHANU,05/26/2026,05/26/2026,II,Chaminade University,Softball,Yes - Softball,Pacific West Conference,Active,
2025-26,2102105936,MADISON,EVANS,05/26/2026,05/26/2026,I,University of South Dakota,Softball,,The Summit League,Active,
2025-26,2006881678,KALLY,MEREDITH,05/23/2026,05/27/2026,I,Florida International University,Softball,,Conference USA,Active,
2025-26,2002798488,MEGAN,KRUGER,05/26/2026,05/27/2026,I,Florida International University,Softball,,Conference USA,Active,
2025-26,2109310256,SAMANTHA,SWAN,05/27/2026,05/27/2026,I,Arizona State University,Softball,,Big 12 Conference,Active,
2025-26,2111364572,MEIKA,LAUPPE,05/27/2026,05/27/2026,I,Arizona State University,Softball,,Big 12 Conference,Active,
2025-26,2210697840,ALYANA,SALAZAR,05/27/2026,05/27/2026,III,Howard Payne University,Softball,,American Southwest Conference,Active,
2025-26,2107280356,CLAIRE,NEELY,05/27/2026,05/27/2026,II,Francis Marion University,Softball,,Conference Carolinas,Active,
2025-26,2304845538,GIANA,MIRENDA,05/27/2026,05/27/2026,II,Francis Marion University,Softball,,Conference Carolinas,Active,
2025-26,2208652212,EMMA,YOUNG,05/27/2026,05/27/2026,II,Rogers State University,Softball,,Mid-America Intercollegiate Athletics Association,Active,
2025-26,2503539116,DANIELLE,HENDERSON,05/27/2026,05/27/2026,II,Tiffin University,Softball,,Great Midwest Athletic Conference,Active,
2025-26,2108302715,HANNAH,HUNT,05/08/2026,05/27/2026,I,Bowling Green State University,Softball,,Mid-American Conference,Active,
2025-26,2409415082,YASMIN,BURRELL,05/26/2026,05/27/2026,I,Coppin State University,Softball,,Mid-Eastern Athletic Conf.,Withdrawn,
2025-26,2605939086,ALEXANDRA,ANQUILLARE,05/27/2026,05/27/2026,III,Wheaton College (Massachusetts),Softball,,New England Women's and Men's Athletic Conference,Active,
2025-26,2111371020,MADELYNNE,PATTON,05/27/2026,05/27/2026,I,Miami University (Ohio),Softball,,Mid-American Conference,Active,
2025-26,2401208314,SALLY,LEASK,05/27/2026,05/27/2026,II,Ferris State University,Softball,,Great Lakes Intercollegiate Athletic Conference,Active,
2025-26,2109313998,MCKENZIE,MISENHEIMER,05/27/2026,05/27/2026,II,Chowan University,Softball,,Conference Carolinas,Active,
2025-26,2312184495,EMERY,MCREYNOLDS,05/03/2026,05/27/2026,II,Rockhurst University,Softball,,Great Lakes Valley Conference,Active,
2025-26,2009918485,KYLA,ACRES,05/14/2026,05/27/2026,I,Santa Clara University,Softball,,West Coast Conference,Active,
2025-26,2406338773,SKYLER,SECONDINO,05/26/2026,05/27/2026,II,Molloy University,Softball,,East Coast Conference,Active,
2025-26,2209657032,MAYA,MILLER,05/18/2026,05/27/2026,II,University of Minnesota Duluth,Softball,,Northern Sun Intercollegiate Conference,Active,
2025-26,2005860485,MACKENZIE,LANGAN,05/22/2026,05/27/2026,I,Central Michigan University,Softball,,Mid-American Conference,Active,
2025-26,2411455184,OLIVIA,RANSBOTTOM,04/06/2026,05/27/2026,II,Davenport University,Softball,,Great Lakes Intercollegiate Athletic Conference,Active,
2025-26,2302777033,MEGHAN,FISHER,05/21/2026,05/27/2026,II,Adelphi University,Softball,,Northeast 10 Conference,Active,
2025-26,2110346898,REEGHAN,MCCARTHY,05/26/2026,05/27/2026,II,Adelphi University,Softball|Women's Soccer,,Northeast 10 Conference|Northeast 10 Conference,Active,
2025-26,2001771717,JORDYN,PASQUERALLI,05/26/2026,05/27/2026,II,Adelphi University,Softball,,Northeast 10 Conference,Active,
2025-26,2603840998,AVERY,GREGORY,03/10/2026,05/27/2026,III,State University of New York at Oswego,Softball,,State University of New York Athletic Conference,Active,
2025-26,2109314917,JAIDYN,STUDEBAKER,11/04/2025,05/27/2026,I,Georgia Institute of Technology,Softball,Yes - Softball,Atlantic Coast Conference,Signed,
2025-26,1810317633,BRIANNA,ROBERTS,05/27/2026,05/27/2026,I,Binghamton University,Softball,,America East Conference,Active,
2025-26,1908659418,PAIGE,MILLER,05/27/2026,05/27/2026,I,Florida International University,Softball,,Conference USA,Active,
2025-26,2212743566,KAYLEE,SCHWARTZ,05/27/2026,05/27/2026,III,"University of Pittsburgh, Bradford",Softball,,Allegheny Mountain Collegiate Conference,Active,
2025-26,2004853998,VICTORIA,BRAZIL,05/27/2026,05/27/2026,II,Oklahoma Christian University,Softball,,Lone Star Conference,Active,
2025-26,2404279392,ALEXIS,PEREZ,05/27/2026,05/27/2026,II,San Francisco State University,Softball,,California Collegiate Athletic Association,Active,
2025-26,1907627264,MADELYN,WILSON,05/27/2026,05/27/2026,I,DePaul University,Softball,,BIG EAST Conference,Active,
2025-26,2504568161,TANIYAH,STAFFORD,05/19/2026,05/27/2026,I,Coppin State University,Softball,,Mid-Eastern Athletic Conf.,Withdrawn,
2025-26,2409396554,OLIVIA,HURTADO,05/27/2026,05/27/2026,II,"California State Polytechnic University, Humboldt",Softball,,California Collegiate Athletic Association,Active,
2025-26,2105174757,ISABELLA,HESSIAN,10/23/2025,05/27/2026,II,Coker University,Softball,,South Atlantic Conference,Matriculated,
2025-26,2409397998,HANNAH,BONE,05/27/2026,05/27/2026,III,University of Mount Saint Vincent,Softball,,Skyline Conference,Active,
2025-26,2307962726,RYLEE,BANKS,05/27/2026,05/27/2026,II,"California State Polytechnic University, Humboldt",Softball,,California Collegiate Athletic Association,Active,
2025-26,2410427603,MCKENZIE,NIEHUS,05/28/2026,05/28/2026,II,University of Central Oklahoma,Softball,,Mid-America Intercollegiate Athletics Association,Active,
2025-26,2212743656,ARLETTE,BATISTA,05/28/2026,05/28/2026,II,Caldwell University,Softball,,Central Atlantic Collegiate Conference,Active,
2025-26,1911743392,NADIA,CHERNICH,05/26/2026,05/28/2026,I,Southeastern Louisiana University,Softball,,Southland Conference,Withdrawn,
2025-26,2401194633,BRYANA,PANTALION,05/26/2026,05/28/2026,I,Southeastern Louisiana University,Softball,,Southland Conference,Withdrawn,
2025-26,2409419639,RACHAEL,BAN,05/28/2026,05/28/2026,II,Seton Hill University,Softball,,Pennsylvania State Athletic Conference,Active,
2025-26,2306918813,KAITLYN,DEBONDT,05/28/2026,05/28/2026,II,Felician University,Softball,,Central Atlantic Collegiate Conference,Active,
2025-26,2209671371,BROOKE,DOBSON,05/08/2026,05/28/2026,II,"Pennsylvania Western University, Clarion",Softball,,Pennsylvania State Athletic Conference,Active,
2025-26,2302793048,HUNTER,ST. PETER,05/07/2026,05/28/2026,III,Saint Mary's College (Indiana),Softball,,Michigan Intercollegiate Athletic Association,Active,
2025-26,2209661646,MARINA,TINARI,05/19/2026,05/28/2026,I,University of New Mexico,Softball,,Mountain West Conference,Active,
2025-26,2605938341,CEANA,EHNI,05/27/2026,05/28/2026,III,Alverno College,Softball,,Northern Athletics Collegiate Conference,Active,
2025-26,2108309069,HALLE,BIDDLE,05/11/2026,05/28/2026,I,University of Virginia,Softball,,Atlantic Coast Conference,Active,
2025-26,2303829526,ISABELLE,NOBLE,05/27/2026,05/28/2026,II,University of Indianapolis,Softball,,Great Lakes Valley Conference,Active,
2025-26,2311160172,AUTUMN,FISHER,05/18/2026,05/28/2026,II,University of South Carolina Aiken,Softball,,Peach Belt Conference,Withdrawn,
2025-26,2009931105,MACY,MCLENDON,05/28/2026,05/28/2026,I,University of Alabama at Birmingham,Softball,,American Conference,Active,
2025-26,2108293158,SKYLAR,BRENNAN,05/18/2026,05/28/2026,I,University of Illinois Urbana-Champaign,Softball,,Big Ten Conference,Active,
2025-26,2007889833,KEIRA,CARRILLO,05/28/2026,05/28/2026,I,South Dakota State University,Softball,Yes - Softball,The Summit League,Active,
2025-26,2405310399,CAITLYN,WILLIAMS,05/27/2026,05/28/2026,II,Miles College,Softball,,Southern Intercol. Ath. Conf.,Active,
2025-26,2310128674,CAITLYN,SENKOW,05/28/2026,05/28/2026,II,Thomas Jefferson University,Softball,,Central Atlantic Collegiate Conference,Active,
2025-26,2508687118,TARYN,MILLER,05/28/2026,05/28/2026,II,Middle Georgia State University,Softball,,Peach Belt Conference,Active,
2025-26,2102117968,CASHIA,HERBER,05/29/2026,05/29/2026,I,Northwestern State University,Softball,Yes - Softball,Southland Conference,Active,
2025-26,2107249829,KALEIGH,FRIEND,03/24/2026,05/29/2026,I,George Mason University,Softball,,Atlantic 10 Conference,Active,
2025-26,2207603132,KAITLYN,KING,05/05/2026,05/29/2026,II,University of North Carolina at Pembroke,Softball,,Conference Carolinas,Active,
2025-26,2305916733,HANNAH,NITEN,05/28/2026,05/29/2026,II,Concord University,Softball,,Mountain East Conference,Active,
2025-26,2206584351,GRACE,BAILEY,05/20/2026,05/29/2026,II,Augusta University,Softball,,Peach Belt Conference,Active,
2025-26,2411450619,KIRSTYN,BARNARD,05/29/2026,05/29/2026,II,University of Central Oklahoma,Softball,,Mid-America Intercollegiate Athletics Association,Active,
2025-26,2208652675,CAMRYN,BECNEL,05/29/2026,05/29/2026,I,Northwestern State University,Softball,Yes - Softball,Southland Conference,Active,
2025-26,2201404230,JASMINE,SIERRA,05/29/2026,05/29/2026,I,University of the Incarnate Word,Softball,,Southland Conference,Active,
2025-26,2206587462,ELIZABETH,PEOPLES,10/08/2025,05/29/2026,I,Yale University,Softball,,The Ivy League,Signed,
2025-26,2208654485,KAYLA,CHRISTENSEN,05/26/2026,05/29/2026,I,Georgia Southern University,Softball,,Sun Belt Conference,Active,
2025-26,2111384430,MEGHAN,SIDELL,05/29/2026,05/29/2026,II,Colorado Christian University,Softball,,Rocky Mountain Athletic Conference,Active,
2025-26,2106213479,MEGAN,ELLIS,05/05/2026,05/29/2026,II,University of North Carolina at Pembroke,Softball,,Conference Carolinas,Active,
2025-26,2011956600,BRITYN,BUCHANAN,05/29/2026,05/29/2026,I,Wagner College,Softball,,Northeast Conference,Active,
2025-26,2301772299,REAGAN,ECHELMEIER,05/29/2026,05/29/2026,II,Southwest Baptist University,Softball,,Great Lakes Valley Conference,Active,
2025-26,2207603801,MALANA,HAMM,05/29/2026,05/29/2026,III,Transylvania University,Softball,,Heartland Collegiate Athletic Conference,Active,
2025-26,2208633188,CASEY JO,VERMETT,05/29/2026,05/29/2026,II,University of Wisconsin-Parkside,Softball,,Great Lakes Intercollegiate Athletic Conference,Active,
2025-26,2207616046,CATHERINE,LUZZI,05/29/2026,05/29/2026,II,Roosevelt University,Softball,,Great Lakes Intercollegiate Athletic Conference,Active,
2025-26,2208649779,JULIA,SULLO,05/26/2026,05/30/2026,III,Washington University in St. Louis,Softball,,University Athletic Association,Active,
2025-26,2106198455,JILLIAN,GUTIERREZ,05/29/2026,05/30/2026,I,University of the Incarnate Word,Softball,,Southland Conference,Active,
2025-26,2110340626,KENNEDY,THOMPSON,05/20/2026,05/30/2026,I,"University of Hawaii, Manoa",Softball,,Big West Conference,Withdrawn,
2025-26,2405317589,IMARI,JORDAN,05/30/2026,05/30/2026,II,Shaw University,Softball,,Central Intercollegiate Athletic Association,Active,
2025-26,2504563814,SIERRA,HILGNER,05/30/2026,05/30/2026,I,University of Maryland Eastern Shore,Softball,,Mid-Eastern Athletic Conf.,Active,
2025-26,2109321164,SANTANA,ANDERSON,03/11/2026,05/30/2026,II,Carson-Newman University,Softball,,South Atlantic Conference,Signed,
2025-26,1806214332,PAIGE,LASSITER,05/06/2026,05/30/2026,I,University of Texas at El Paso,Softball,,Conference USA,Active,
2025-26,2209665566,PAYTON,TERRELL,05/11/2026,05/30/2026,II,Augusta University,Softball,,Peach Belt Conference,Active,
2025-26,1809288525,RYLEIGH,ASHFORD,05/31/2026,05/31/2026,I,Mississippi Valley State University,Softball,,Southwestern Athletic Conf.,Active,
2025-26,2305907437,KELSEY,KALUNA-THOMAS,05/31/2026,05/31/2026,I,Mississippi Valley State University,Softball,,Southwestern Athletic Conf.,Active,
2025-26,2210687208,ASHTYN,CLARK,05/31/2026,05/31/2026,I,Mississippi Valley State University,Softball,,Southwestern Athletic Conf.,Active,
2025-26,2011957260,CAYLEE,DEMEO,05/29/2026,05/31/2026,I,University of Connecticut,Softball,,BIG EAST Conference,Active,
2025-26,2009914468,J'LAILAH,DOTSON,05/31/2026,05/31/2026,I,Mississippi Valley State University,Softball,Yes - Softball,Southwestern Athletic Conf.,Active,
