year,sport,snapshot_date,is_selection,rank,yearId,name,w,l,wp,owp,oowp,rpi
2021,baseball,2021-02-22,False,2.0,508948,A&M-Corpus Christi,2,0,1.0,0.5,1.0,0.75
2021,baseball,2021-02-22,False,56.0,508954,Abilene Christian,2,1,0.66667,0.5,0.66667,0.58333
2021,baseball,2021-02-22,False,116.0,508902,Air Force,1,2,0.43333,0.5,0.33333,0.44167
2021,baseball,2021-02-22,False,,508890,Akron,0,0,0.5,0.5,0.5,0.5
2021,baseball,2021-02-22,False,2.0,508957,Alabama,3,0,1.0,0.5,1.0,0.75
2021,baseball,2021-02-22,False,,508955,Alabama A&M,0,0,0.5,0.5,0.5,0.5
2021,baseball,2021-02-22,False,143.0,508956,Alabama St.,0,3,0.0,0.5,0.44444,0.36111
2021,baseball,2021-02-22,False,,508960,Alcorn,0,0,0.5,0.5,0.5,0.5
2021,baseball,2021-02-22,False,38.0,508961,App State,2,1,0.78788,0.5,0.66667,0.61364
2021,baseball,2021-02-22,False,131.0,508963,Arizona,1,2,0.21212,0.5,0.33333,0.38636
2021,baseball,2021-02-22,False,65.0,508962,Arizona St.,2,1,0.51852,0.5,0.66667,0.5463
2021,baseball,2021-02-22,False,,508941,Ark.-Pine Bluff,0,0,0.5,0.5,0.5,0.5
2021,baseball,2021-02-22,False,90.0,508965,Arkansas,2,0,1.0,0.0,0.875,0.46875
2021,baseball,2021-02-22,False,,508964,Arkansas St.,0,0,0.5,0.5,0.5,0.5
2021,baseball,2021-02-22,False,148.0,508903,Army West Point,0,3,0.0,0.5,0.0,0.25
2021,baseball,2021-02-22,False,2.0,508967,Auburn,3,0,1.0,0.5,1.0,0.75
2021,baseball,2021-02-22,False,148.0,508968,Austin Peay,0,2,0.0,0.5,0.0,0.25
2021,baseball,2021-02-22,False,81.0,508977,BYU,1,1,0.65,0.5,0.5,0.5375
2021,baseball,2021-02-22,False,38.0,508969,Ball St.,2,1,0.78788,0.5,0.66667,0.61364
2021,baseball,2021-02-22,False,81.0,508971,Baylor,1,1,0.65,0.5,0.5,0.5375
2021,baseball,2021-02-22,False,148.0,509202,Bellarmine,0,3,0.0,0.5,0.0,0.25
2021,baseball,2021-02-22,False,,508946,Belmont,0,0,0.5,0.5,0.5,0.5
2021,baseball,2021-02-22,False,,508972,Bethune-Cookman,0,0,0.5,0.5,0.5,0.5
2021,baseball,2021-02-22,False,,508973,Binghamton,0,0,0.5,0.5,0.5,0.5
2021,baseball,2021-02-22,False,2.0,508974,Boston College,3,0,1.0,0.5,1.0,0.75
2021,baseball,2021-02-22,False,,508975,Bowling Green,0,0,0.5,0.5,0.5,0.5
2021,baseball,2021-02-22,False,,508976,Bradley,0,0,0.5,0.5,0.5,0.5
2021,baseball,2021-02-22,False,,508978,Brown,0,0,0.5,0.5,0.5,0.5
2021,baseball,2021-02-22,False,38.0,508979,Bryant,2,1,0.78788,0.5,0.66667,0.61364
2021,baseball,2021-02-22,False,,508980,Bucknell,0,0,0.5,0.5,0.5,0.5
2021,baseball,2021-02-22,False,,508981,Butler,0,0,0.5,0.5,0.5,0.5
2021,baseball,2021-02-22,False,,508983,CSU Bakersfield,0,0,0.5,0.5,0.5,0.5
2021,baseball,2021-02-22,False,,508987,CSUN,0,0,0.5,0.5,0.5,0.5
2021,baseball,2021-02-22,False,131.0,508982,Cal Poly,1,2,0.21212,0.5,0.33333,0.38636
2021,baseball,2021-02-22,False,2.0,508985,Cal St. Fullerton,2,0,1.0,0.5,1.0,0.75
2021,baseball,2021-02-22,False,129.0,508990,California,1,2,0.25926,0.5,0.33333,0.39815
2021,baseball,2021-02-22,False,56.0,508953,California Baptist,2,1,0.66667,0.5,0.66667,0.58333
2021,baseball,2021-02-22,False,65.0,508995,Campbell,2,1,0.51852,0.5,0.66667,0.5463
2021,baseball,2021-02-22,False,,508996,Canisius,0,0,0.5,0.5,0.5,0.5
2021,baseball,2021-02-22,False,,508930,Central Ark.,0,0,0.5,0.5,0.5,0.5
2021,baseball,2021-02-22,False,,508997,Central Conn. St.,0,0,0.5,0.5,0.5,0.5
2021,baseball,2021-02-22,False,148.0,508999,Central Mich.,0,2,0.0,0.5,0.0,0.25
2021,baseball,2021-02-22,False,148.0,508970,Charleston So.,0,3,0.0,0.5,0.0,0.25
2021,baseball,2021-02-22,False,99.0,509102,Charlotte,3,0,1.0,0.0,0.83333,0.45833
2021,baseball,2021-02-22,False,148.0,509001,Cincinnati,0,3,0.0,0.5,0.0,0.25
2021,baseball,2021-02-22,False,2.0,509003,Clemson,3,0,1.0,0.5,1.0,0.75
2021,baseball,2021-02-22,False,131.0,509004,Coastal Carolina,1,2,0.21212,0.5,0.33333,0.38636
2021,baseball,2021-02-22,False,65.0,508933,Col. of Charleston,2,1,0.51852,0.5,0.66667,0.5463
2021,baseball,2021-02-22,False,,509005,Columbia,0,0,0.5,0.5,0.5,0.5
2021,baseball,2021-02-22,False,148.0,509007,Coppin St.,0,1,0.0,0.5,0.0,0.25
2021,baseball,2021-02-22,False,,509008,Cornell,0,0,0.5,0.5,0.5,0.5
2021,baseball,2021-02-22,False,,509009,Creighton,0,0,0.5,0.5,0.5,0.5
2021,baseball,2021-02-22,False,2.0,508934,DBU,2,0,1.0,0.5,1.0,0.75
2021,baseball,2021-02-22,False,,509010,Dartmouth,0,0,0.5,0.5,0.5,0.5
2021,baseball,2021-02-22,False,179.0,509011,Davidson,1,2,0.33333,0.0,0.5,0.20833
2021,baseball,2021-02-22,False,148.0,509012,Dayton,0,3,0.0,0.5,0.0,0.25
2021,baseball,2021-02-22,False,,509014,Delaware,0,0,0.5,0.5,0.5,0.5
2021,baseball,2021-02-22,False,,509013,Delaware St.,0,0,0.5,0.5,0.5,0.5
2021,baseball,2021-02-22,False,38.0,509015,Duke,2,1,0.78788,0.5,0.66667,0.61364
2021,baseball,2021-02-22,False,65.0,509017,ETSU,2,1,0.51852,0.5,0.66667,0.5463
2021,baseball,2021-02-22,False,2.0,509016,East Carolina,3,0,1.0,0.5,1.0,0.75
2021,baseball,2021-02-22,False,38.0,509018,Eastern Ill.,2,1,0.78788,0.5,0.66667,0.61364
2021,baseball,2021-02-22,False,100.0,509019,Eastern Ky.,1,2,0.48148,0.5,0.33333,0.4537
2021,baseball,2021-02-22,False,,509020,Eastern Mich.,0,0,0.5,0.5,0.5,0.5
2021,baseball,2021-02-22,False,100.0,508935,Elon,1,2,0.48148,0.5,0.33333,0.4537
2021,baseball,2021-02-22,False,125.0,509021,Evansville,1,3,0.38235,0.5,0.25,0.40809
2021,baseball,2021-02-22,False,,509023,FDU,0,0,0.5,0.5,0.5,0.5
2021,baseball,2021-02-22,False,2.0,508950,FGCU,3,0,1.0,0.5,1.0,0.75
2021,baseball,2021-02-22,False,65.0,509026,FIU,2,1,0.51852,0.5,0.66667,0.5463
2021,baseball,2021-02-22,False,,509022,Fairfield,0,0,0.5,0.5,0.5,0.5
2021,baseball,2021-02-22,False,63.0,509025,Fla. Atlantic,2,1,0.60606,0.5,0.66667,0.56818
2021,baseball,2021-02-22,False,131.0,509028,Florida,1,2,0.21212,0.5,0.33333,0.38636
2021,baseball,2021-02-22,False,148.0,509024,Florida A&M,0,4,0.0,0.5,0.0,0.25
2021,baseball,2021-02-22,False,65.0,509027,Florida St.,2,1,0.51852,0.5,0.66667,0.5463
2021,baseball,2021-02-22,False,,509029,Fordham,0,0,0.5,0.5,0.5,0.5
2021,baseball,2021-02-22,False,,508984,Fresno St.,0,0,0.5,0.5,0.5,0.5
2021,baseball,2021-02-22,False,148.0,509034,Ga. Southern,0,3,0.0,0.5,0.0,0.25
2021,baseball,2021-02-22,False,129.0,508936,Gardner-Webb,1,2,0.25926,0.5,0.33333,0.39815
2021,baseball,2021-02-22,False,,509031,George Mason,0,0,0.5,0.5,0.5,0.5
2021,baseball,2021-02-22,False,,509032,George Washington,0,0,0.5,0.5,0.5,0.5
2021,baseball,2021-02-22,False,,509033,Georgetown,0,0,0.5,0.5,0.5,0.5
2021,baseball,2021-02-22,False,52.0,509037,Georgia,3,1,0.61765,0.5,0.75,0.59191
2021,baseball,2021-02-22,False,91.0,509035,Georgia St.,2,2,0.35,0.5,0.5,0.4625
2021,baseball,2021-02-22,False,65.0,509036,Georgia Tech,2,1,0.51852,0.5,0.66667,0.5463
2021,baseball,2021-02-22,False,65.0,509038,Gonzaga,2,1,0.66667,0.5,0.51852,0.5463
2021,baseball,2021-02-22,False,,509039,Grambling,0,0,0.5,0.5,0.5,0.5
2021,baseball,2021-02-22,False,52.0,508937,Grand Canyon,3,1,0.61765,0.5,0.75,0.59191
2021,baseball,2021-02-22,False,,509040,Hartford,0,0,0.5,0.5,0.5,0.5
2021,baseball,2021-02-22,False,,509041,Harvard,0,0,0.5,0.5,0.5,0.5
2021,baseball,2021-02-22,False,,509042,Hawaii,0,0,0.5,0.5,0.5,0.5
2021,baseball,2021-02-22,False,131.0,508947,High Point,1,2,0.21212,0.5,0.33333,0.38636
2021,baseball,2021-02-22,False,81.0,509043,Hofstra,1,1,0.65,0.5,0.5,0.5375
2021,baseball,2021-02-22,False,,509044,Holy Cross,0,0,0.5,0.5,0.5,0.5
2021,baseball,2021-02-22,False,2.0,509046,Houston,3,0,1.0,0.5,1.0,0.75
2021,baseball,2021-02-22,False,81.0,509045,Houston Christian,1,1,0.65,0.5,0.5,0.5375
2021,baseball,2021-02-22,False,,509048,Illinois,0,0,0.5,0.5,0.5,0.5
2021,baseball,2021-02-22,False,,509047,Illinois St.,0,0,0.5,0.5,0.5,0.5
2021,baseball,2021-02-22,False,,509051,Indiana,0,0,0.5,0.5,0.5,0.5
2021,baseball,2021-02-22,False,119.0,509050,Indiana St.,1,2,0.33333,0.5,0.33333,0.41667
2021,baseball,2021-02-22,False,,509053,Iona,0,0,0.5,0.5,0.5,0.5
2021,baseball,2021-02-22,False,,509054,Iowa,0,0,0.5,0.5,0.5,0.5
2021,baseball,2021-02-22,False,148.0,509055,Jackson St.,0,3,0.0,0.5,0.0,0.25
2021,baseball,2021-02-22,False,148.0,509057,Jacksonville,0,3,0.0,0.5,0.0,0.25
2021,baseball,2021-02-22,False,118.0,509056,Jacksonville St.,1,2,0.21212,0.5,0.48148,0.4234
2021,baseball,2021-02-22,False,148.0,509058,James Madison,0,3,0.0,0.5,0.0,0.25
2021,baseball,2021-02-22,False,56.0,509060,Kansas,2,1,0.66667,0.5,0.66667,0.58333
2021,baseball,2021-02-22,False,100.0,509059,Kansas St.,1,2,0.33333,0.5,0.48148,0.4537
2021,baseball,2021-02-22,False,52.0,508938,Kennesaw St.,3,1,0.61765,0.5,0.75,0.59191
2021,baseball,2021-02-22,False,148.0,509061,Kent St.,0,2,0.0,0.5,0.0,0.25
2021,baseball,2021-02-22,False,,509062,Kentucky,0,0,0.5,0.5,0.5,0.5
2021,baseball,2021-02-22,False,,509068,LIU,0,0,0.5,0.5,0.5,0.5
2021,baseball,2021-02-22,False,119.0,509074,LMU (CA),1,2,0.33333,0.5,0.33333,0.41667
2021,baseball,2021-02-22,False,147.0,509070,LSU,1,1,0.35,0.0,0.66667,0.25417
2021,baseball,2021-02-22,False,,509063,La Salle,0,0,0.5,0.5,0.5,0.5
2021,baseball,2021-02-22,False,,509064,Lafayette,0,0,0.5,0.5,0.5,0.5
2021,baseball,2021-02-22,False,,509065,Lamar University,0,0,0.5,0.5,0.5,0.5
2021,baseball,2021-02-22,False,,509066,Lehigh,0,0,0.5,0.5,0.5,0.5
2021,baseball,2021-02-22,False,100.0,509067,Liberty,1,2,0.48148,0.5,0.33333,0.4537
2021,baseball,2021-02-22,False,,508949,Lipscomb,0,0,0.5,0.5,0.5,0.5
2021,baseball,2021-02-22,False,2.0,508966,Little Rock,1,0,1.0,0.5,1.0,0.75
2021,baseball,2021-02-22,False,,508986,Long Beach St.,0,0,0.5,0.5,0.5,0.5
2021,baseball,2021-02-22,False,38.0,509069,Longwood,2,1,0.78788,0.5,0.66667,0.61364
2021,baseball,2021-02-22,False,38.0,509183,Louisiana,2,1,0.78788,0.5,0.66667,0.61364
2021,baseball,2021-02-22,False,35.0,509071,Louisiana Tech,1,0,1.0,0.5,0.66667,0.66667
2021,baseball,2021-02-22,False,2.0,509072,Louisville,3,0,1.0,0.5,1.0,0.75
2021,baseball,2021-02-22,False,,509075,Maine,0,0,0.5,0.5,0.5,0.5
2021,baseball,2021-02-22,False,,509076,Manhattan,0,0,0.5,0.5,0.5,0.5
2021,baseball,2021-02-22,False,,509077,Marist,0,0,0.5,0.5,0.5,0.5
2021,baseball,2021-02-22,False,,509078,Marshall,0,0,0.5,0.5,0.5,0.5
2021,baseball,2021-02-22,False,,509080,Maryland,0,0,0.5,0.5,0.5,0.5
2021,baseball,2021-02-22,False,,509082,Massachusetts,0,0,0.5,0.5,0.5,0.5
2021,baseball,2021-02-22,False,148.0,509083,McNeese,0,3,0.0,0.5,0.0,0.25
2021,baseball,2021-02-22,False,,509084,Memphis,0,0,0.5,0.5,0.5,0.5
2021,baseball,2021-02-22,False,2.0,509085,Mercer,3,0,1.0,0.5,1.0,0.75
2021,baseball,2021-02-22,False,,508931,Merrimack,0,0,0.5,0.5,0.5,0.5
2021,baseball,2021-02-22,False,38.0,509087,Miami (FL),2,1,0.78788,0.5,0.66667,0.61364
2021,baseball,2021-02-22,False,2.0,509086,Miami (OH),3,0,1.0,0.5,1.0,0.75
2021,baseball,2021-02-22,False,,509089,Michigan,0,0,0.5,0.5,0.5,0.5
2021,baseball,2021-02-22,False,,509088,Michigan St.,0,0,0.5,0.5,0.5,0.5
2021,baseball,2021-02-22,False,,509090,Middle Tenn.,0,0,0.5,0.5,0.5,0.5
2021,baseball,2021-02-22,False,,508925,Milwaukee,0,0,0.5,0.5,0.5,0.5
2021,baseball,2021-02-22,False,,509091,Minnesota,0,0,0.5,0.5,0.5,0.5
2021,baseball,2021-02-22,False,145.0,509092,Mississippi St.,1,1,0.5,0.0,0.75,0.3125
2021,baseball,2021-02-22,False,148.0,509093,Mississippi Val.,0,3,0.0,0.5,0.0,0.25
2021,baseball,2021-02-22,False,125.0,509095,Missouri,1,3,0.38235,0.5,0.25,0.40809
2021,baseball,2021-02-22,False,,509181,Missouri St.,0,0,0.5,0.5,0.5,0.5
2021,baseball,2021-02-22,False,,509096,Monmouth,0,0,0.5,0.5,0.5,0.5
2021,baseball,2021-02-22,False,180.0,509097,Morehead St.,0,4,0.0,0.0,0.16667,0.04167
2021,baseball,2021-02-22,False,,509098,Mount St. Mary's,0,0,0.5,0.5,0.5,0.5
2021,baseball,2021-02-22,False,,509099,Murray St.,0,0,0.5,0.5,0.5,0.5
2021,baseball,2021-02-22,False,100.0,509116,N.C. A&T,1,2,0.48148,0.5,0.33333,0.4537
2021,baseball,2021-02-22,False,2.0,509117,N.C. Central,3,0,1.0,0.5,1.0,0.75
2021,baseball,2021-02-22,False,1.0,509118,NC State,2,0,1.0,1.0,0.66667,0.91667
2021,baseball,2021-02-22,False,,509123,NIU,0,0,0.5,0.5,0.5,0.5
2021,baseball,2021-02-22,False,,509109,NJIT,0,0,0.5,0.5,0.5,0.5
2021,baseball,2021-02-22,False,2.0,508904,Navy,1,0,1.0,0.5,1.0,0.75
2021,baseball,2021-02-22,False,,509105,Nebraska,0,0,0.5,0.5,0.5,0.5
2021,baseball,2021-02-22,False,38.0,509108,Nevada,2,1,0.78788,0.5,0.66667,0.61364
2021,baseball,2021-02-22,False,100.0,509111,New Mexico,1,2,0.33333,0.5,0.48148,0.4537
2021,baseball,2021-02-22,False,,509110,New Mexico St.,0,0,0.5,0.5,0.5,0.5
2021,baseball,2021-02-22,False,65.0,509112,New Orleans,2,1,0.51852,0.5,0.66667,0.5463
2021,baseball,2021-02-22,False,,509113,Niagara,0,0,0.5,0.5,0.5,0.5
2021,baseball,2021-02-22,False,131.0,509114,Nicholls,1,2,0.21212,0.5,0.33333,0.38636
2021,baseball,2021-02-22,False,148.0,509115,Norfolk St.,0,2,0.0,0.5,0.0,0.25
2021,baseball,2021-02-22,False,,508952,North Ala.,0,0,0.5,0.5,0.5,0.5
2021,baseball,2021-02-22,False,2.0,509101,North Carolina,3,0,1.0,0.5,1.0,0.75
2021,baseball,2021-02-22,False,148.0,509119,North Dakota St.,0,1,0.0,0.5,0.0,0.25
2021,baseball,2021-02-22,False,100.0,508942,North Florida,1,2,0.48148,0.5,0.33333,0.4537
2021,baseball,2021-02-22,False,100.0,509121,Northeastern,1,2,0.48148,0.5,0.33333,0.4537
2021,baseball,2021-02-22,False,62.0,509122,Northern Colo.,2,1,0.78788,0.5,0.5,0.57197
2021,baseball,2021-02-22,False,100.0,509124,Northern Ky.,1,2,0.48148,0.5,0.33333,0.4537
2021,baseball,2021-02-22,False,,509126,Northwestern,0,0,0.5,0.5,0.5,0.5
2021,baseball,2021-02-22,False,81.0,509125,Northwestern St.,1,1,0.65,0.5,0.5,0.5375
2021,baseball,2021-02-22,False,,509127,Notre Dame,0,0,0.5,0.5,0.5,0.5
2021,baseball,2021-02-22,False,,509128,Oakland,0,0,0.5,0.5,0.5,0.5
2021,baseball,2021-02-22,False,100.0,509130,Ohio,1,2,0.48148,0.5,0.33333,0.4537
2021,baseball,2021-02-22,False,,509129,Ohio St.,0,0,0.5,0.5,0.5,0.5
2021,baseball,2021-02-22,False,148.0,509132,Oklahoma,0,1,0.0,0.5,0.0,0.25
2021,baseball,2021-02-22,False,2.0,509131,Oklahoma St.,1,0,1.0,0.5,1.0,0.75
2021,baseball,2021-02-22,False,2.0,509133,Old Dominion,2,0,1.0,0.5,1.0,0.75
2021,baseball,2021-02-22,False,33.0,509094,Ole Miss,2,0,1.0,0.5,0.875,0.71875
2021,baseball,2021-02-22,False,2.0,509106,Omaha,1,0,1.0,0.5,1.0,0.75
2021,baseball,2021-02-22,False,148.0,509134,Oral Roberts,0,1,0.0,0.5,0.0,0.25
2021,baseball,2021-02-22,False,,509136,Oregon,0,0,0.5,0.5,0.5,0.5
2021,baseball,2021-02-22,False,65.0,509135,Oregon St.,2,1,0.66667,0.5,0.51852,0.5463
2021,baseball,2021-02-22,False,50.0,509137,Pacific,2,1,0.74074,0.5,0.66667,0.60185
2021,baseball,2021-02-22,False,,509140,Penn,0,0,0.5,0.5,0.5,0.5
2021,baseball,2021-02-22,False,,509139,Penn St.,0,0,0.5,0.5,0.5,0.5
2021,baseball,2021-02-22,False,119.0,509141,Pepperdine,1,2,0.33333,0.5,0.33333,0.41667
2021,baseball,2021-02-22,False,56.0,509142,Pittsburgh,2,1,0.66667,0.5,0.66667,0.58333
2021,baseball,2021-02-22,False,91.0,509143,Portland,1,1,0.35,0.5,0.5,0.4625
2021,baseball,2021-02-22,False,,509144,Prairie View,0,0,0.5,0.5,0.5,0.5
2021,baseball,2021-02-22,False,148.0,508939,Presbyterian,0,3,0.0,0.5,0.0,0.25
2021,baseball,2021-02-22,False,,509145,Princeton,0,0,0.5,0.5,0.5,0.5
2021,baseball,2021-02-22,False,,509146,Purdue,0,0,0.5,0.5,0.5,0.5
2021,baseball,2021-02-22,False,,509052,Purdue Fort Wayne,0,0,0.5,0.5,0.5,0.5
2021,baseball,2021-02-22,False,,509147,Quinnipiac,0,0,0.5,0.5,0.5,0.5
2021,baseball,2021-02-22,False,65.0,509148,Radford,2,1,0.51852,0.5,0.66667,0.5463
2021,baseball,2021-02-22,False,148.0,509149,Rhode Island,0,3,0.0,0.5,0.0,0.25
2021,baseball,2021-02-22,False,91.0,509150,Rice,1,1,0.35,0.5,0.5,0.4625
2021,baseball,2021-02-22,False,,509151,Richmond,0,0,0.5,0.5,0.5,0.5
2021,baseball,2021-02-22,False,,509152,Rider,0,0,0.5,0.5,0.5,0.5
2021,baseball,2021-02-22,False,,509153,Rutgers,0,0,0.5,0.5,0.5,0.5
2021,baseball,2021-02-22,False,,509185,SFA,0,0,0.5,0.5,0.5,0.5
2021,baseball,2021-02-22,False,,509178,SIUE,0,0,0.5,0.5,0.5,0.5
2021,baseball,2021-02-22,False,100.0,508988,Sacramento St.,1,2,0.48148,0.5,0.33333,0.4537
2021,baseball,2021-02-22,False,,509154,Sacred Heart,0,0,0.5,0.5,0.5,0.5
2021,baseball,2021-02-22,False,,509157,Saint Joseph's,0,0,0.5,0.5,0.5,0.5
2021,baseball,2021-02-22,False,125.0,509158,Saint Louis,1,3,0.38235,0.5,0.25,0.40809
2021,baseball,2021-02-22,False,91.0,509159,Saint Mary's (CA),2,2,0.35,0.5,0.5,0.4625
2021,baseball,2021-02-22,False,,509160,Saint Peter's,0,0,0.5,0.5,0.5,0.5
2021,baseball,2021-02-22,False,,509161,Sam Houston,0,0,0.5,0.5,0.5,0.5
2021,baseball,2021-02-22,False,2.0,509162,Samford,3,0,1.0,0.5,1.0,0.75
2021,baseball,2021-02-22,False,119.0,509164,San Diego,1,2,0.33333,0.5,0.33333,0.41667
2021,baseball,2021-02-22,False,56.0,509163,San Diego St.,2,1,0.66667,0.5,0.66667,0.58333
2021,baseball,2021-02-22,False,38.0,509165,San Francisco,2,1,0.78788,0.5,0.66667,0.61364
2021,baseball,2021-02-22,False,,509166,San Jose St.,0,0,0.5,0.5,0.5,0.5
2021,baseball,2021-02-22,False,100.0,509167,Santa Clara,1,2,0.48148,0.5,0.33333,0.4537
2021,baseball,2021-02-22,False,81.0,508940,Seattle U,1,1,0.65,0.5,0.5,0.5375
2021,baseball,2021-02-22,False,91.0,509168,Seton Hall,1,1,0.35,0.5,0.5,0.4625
2021,baseball,2021-02-22,False,,509169,Siena,0,0,0.5,0.5,0.5,0.5
2021,baseball,2021-02-22,False,131.0,509170,South Alabama,1,2,0.21212,0.5,0.33333,0.38636
2021,baseball,2021-02-22,False,2.0,509171,South Carolina,3,0,1.0,0.5,1.0,0.75
2021,baseball,2021-02-22,False,119.0,509172,South Dakota St.,1,2,0.33333,0.5,0.33333,0.41667
2021,baseball,2021-02-22,False,148.0,509173,South Fla.,0,3,0.0,0.5,0.0,0.25
2021,baseball,2021-02-22,False,38.0,509174,Southeast Mo. St.,2,1,0.78788,0.5,0.66667,0.61364
2021,baseball,2021-02-22,False,2.0,509175,Southeastern La.,3,0,1.0,0.5,1.0,0.75
2021,baseball,2021-02-22,False,56.0,509176,Southern California,2,1,0.66667,0.5,0.66667,0.58333
2021,baseball,2021-02-22,False,37.0,509177,Southern Ill.,3,0,1.0,0.5,0.55556,0.63889
2021,baseball,2021-02-22,False,91.0,509179,Southern Miss.,1,1,0.35,0.5,0.5,0.4625
2021,baseball,2021-02-22,False,100.0,509180,Southern U.,1,2,0.48148,0.5,0.33333,0.4537
2021,baseball,2021-02-22,False,,509155,St. Bonaventure,0,0,0.5,0.5,0.5,0.5
2021,baseball,2021-02-22,False,,509156,St. John's (NY),0,0,0.5,0.5,0.5,0.5
2021,baseball,2021-02-22,False,,509184,Stanford,0,0,0.5,0.5,0.5,0.5
2021,baseball,2021-02-22,False,2.0,509186,Stetson,4,0,1.0,0.5,1.0,0.75
2021,baseball,2021-02-22,False,,509187,Stony Brook,0,0,0.5,0.5,0.5,0.5
2021,baseball,2021-02-22,False,34.0,508892,TCU,1,1,0.5,1.0,0.25,0.6875
2021,baseball,2021-02-22,False,119.0,509348,Tarleton St.,1,2,0.33333,0.5,0.33333,0.41667
2021,baseball,2021-02-22,False,2.0,509189,Tennessee,3,0,1.0,0.5,1.0,0.75
2021,baseball,2021-02-22,False,64.0,509188,Tennessee Tech,2,1,0.69697,0.5,0.51852,0.55387
2021,baseball,2021-02-22,False,146.0,508896,Texas,0,2,0.0,0.5,0.125,0.28125
2021,baseball,2021-02-22,False,131.0,508891,Texas A&M,1,2,0.21212,0.5,0.33333,0.38636
2021,baseball,2021-02-22,False,148.0,508893,Texas Southern,0,3,0.0,0.5,0.0,0.25
2021,baseball,2021-02-22,False,91.0,509182,Texas St.,1,1,0.35,0.5,0.5,0.4625
2021,baseball,2021-02-22,False,89.0,508894,Texas Tech,0,2,0.0,1.0,0.125,0.53125
2021,baseball,2021-02-22,False,131.0,509002,The Citadel,1,2,0.21212,0.5,0.33333,0.38636
2021,baseball,2021-02-22,False,148.0,508898,Toledo,0,3,0.0,0.5,0.0,0.25
2021,baseball,2021-02-22,False,148.0,508899,Towson,0,4,0.0,0.5,0.0,0.25
2021,baseball,2021-02-22,False,52.0,508900,Troy,3,1,0.61765,0.5,0.75,0.59191
2021,baseball,2021-02-22,False,131.0,508901,Tulane,1,2,0.21212,0.5,0.33333,0.38636
2021,baseball,2021-02-22,False,65.0,508958,UAB,2,1,0.51852,0.5,0.66667,0.5463
2021,baseball,2021-02-22,False,,508959,UAlbany,0,0,0.5,0.5,0.5,0.5
2021,baseball,2021-02-22,False,144.0,508991,UC Davis,1,3,0.15217,0.5,0.25,0.35054
2021,baseball,2021-02-22,False,2.0,508992,UC Irvine,2,0,1.0,0.5,1.0,0.75
2021,baseball,2021-02-22,False,,508994,UC Riverside,0,0,0.5,0.5,0.5,0.5
2021,baseball,2021-02-22,False,,509216,UC San Diego,0,0,0.5,0.5,0.5,0.5
2021,baseball,2021-02-22,False,65.0,508989,UC Santa Barbara,2,1,0.51852,0.5,0.66667,0.5463
2021,baseball,2021-02-22,False,117.0,508998,UCF,1,2,0.39394,0.5,0.33333,0.43182
2021,baseball,2021-02-22,False,131.0,508993,UCLA,1,2,0.21212,0.5,0.33333,0.38636
2021,baseball,2021-02-22,False,100.0,509006,UConn,1,2,0.48148,0.5,0.33333,0.4537
2021,baseball,2021-02-22,False,100.0,509049,UIC,1,2,0.48148,0.5,0.33333,0.4537
2021,baseball,2021-02-22,False,,508943,UIW,0,0,0.5,0.5,0.5,0.5
2021,baseball,2021-02-22,False,,509120,ULM,0,0,0.5,0.5,0.5,0.5
2021,baseball,2021-02-22,False,,509079,UMBC,0,0,0.5,0.5,0.5,0.5
2021,baseball,2021-02-22,False,,509081,UMES,0,0,0.5,0.5,0.5,0.5
2021,baseball,2021-02-22,False,,509073,UMass Lowell,0,0,0.5,0.5,0.5,0.5
2021,baseball,2021-02-22,False,,509100,UNC Asheville,0,0,0.5,0.5,0.5,0.5
2021,baseball,2021-02-22,False,65.0,509103,UNC Greensboro,2,1,0.51852,0.5,0.66667,0.5463
2021,baseball,2021-02-22,False,2.0,509104,UNCW,3,0,1.0,0.5,1.0,0.75
2021,baseball,2021-02-22,False,,509107,UNLV,0,0,0.5,0.5,0.5,0.5
2021,baseball,2021-02-22,False,2.0,508945,USC Upstate,3,0,1.0,0.5,1.0,0.75
2021,baseball,2021-02-22,False,,508895,UT Arlington,0,0,0.5,0.5,0.5,0.5
2021,baseball,2021-02-22,False,148.0,509190,UT Martin,0,3,0.0,0.5,0.0,0.25
2021,baseball,2021-02-22,False,91.0,509138,UTRGV,1,1,0.35,0.5,0.5,0.4625
2021,baseball,2021-02-22,False,,508897,UTSA,0,0,0.5,0.5,0.5,0.5
2021,baseball,2021-02-22,False,148.0,508905,Utah,0,2,0.0,0.5,0.0,0.25
2021,baseball,2021-02-22,False,,509412,Utah Tech,0,0,0.5,0.5,0.5,0.5
2021,baseball,2021-02-22,False,81.0,508951,Utah Valley,2,2,0.65,0.5,0.5,0.5375
2021,baseball,2021-02-22,False,148.0,508909,VCU,0,3,0.0,0.5,0.0,0.25
2021,baseball,2021-02-22,False,,508910,VMI,0,0,0.5,0.5,0.5,0.5
2021,baseball,2021-02-22,False,100.0,508906,Valparaiso,1,2,0.48148,0.5,0.33333,0.4537
2021,baseball,2021-02-22,False,,508907,Vanderbilt,0,0,0.5,0.5,0.5,0.5
2021,baseball,2021-02-22,False,,508908,Villanova,0,0,0.5,0.5,0.5,0.5
2021,baseball,2021-02-22,False,65.0,508912,Virginia,2,1,0.51852,0.5,0.66667,0.5463
2021,baseball,2021-02-22,False,2.0,508911,Virginia Tech,2,0,1.0,0.5,1.0,0.75
2021,baseball,2021-02-22,False,,508913,Wagner,0,0,0.5,0.5,0.5,0.5
2021,baseball,2021-02-22,False,65.0,508914,Wake Forest,2,1,0.51852,0.5,0.66667,0.5463
2021,baseball,2021-02-22,False,148.0,508916,Washington,0,2,0.0,0.5,0.0,0.25
2021,baseball,2021-02-22,False,36.0,508915,Washington St.,3,1,0.84783,0.5,0.75,0.64946
2021,baseball,2021-02-22,False,81.0,508917,West Virginia,2,2,0.65,0.5,0.5,0.5375
2021,baseball,2021-02-22,False,2.0,508918,Western Caro.,4,0,1.0,0.5,1.0,0.75
2021,baseball,2021-02-22,False,,508919,Western Ill.,0,0,0.5,0.5,0.5,0.5
2021,baseball,2021-02-22,False,2.0,508920,Western Ky.,1,0,1.0,0.5,1.0,0.75
2021,baseball,2021-02-22,False,,508921,Western Mich.,0,0,0.5,0.5,0.5,0.5
2021,baseball,2021-02-22,False,148.0,508922,Wichita St.,0,1,0.0,0.5,0.0,0.25
2021,baseball,2021-02-22,False,,508923,William & Mary,0,0,0.5,0.5,0.5,0.5
2021,baseball,2021-02-22,False,131.0,508924,Winthrop,1,2,0.21212,0.5,0.33333,0.38636
2021,baseball,2021-02-22,False,50.0,508944,Wofford,2,1,0.74074,0.5,0.66667,0.60185
2021,baseball,2021-02-22,False,,508926,Wright St.,0,0,0.5,0.5,0.5,0.5
2021,baseball,2021-02-22,False,38.0,508927,Xavier,2,1,0.78788,0.5,0.66667,0.61364
2021,baseball,2021-02-22,False,,508928,Yale,0,0,0.5,0.5,0.5,0.5
2021,baseball,2021-02-22,False,125.0,508929,Youngstown St.,1,3,0.38235,0.5,0.25,0.40809
2021,baseball,2021-03-01,False,12.0,508948,A&M-Corpus Christi,4,3,0.45902,1.0,0.43149,0.72263
2021,baseball,2021-03-01,False,146.0,508954,Abilene Christian,5,2,0.67213,0.29286,0.61845,0.46907
2021,baseball,2021-03-01,False,156.0,508902,Air Force,1,5,0.2549,0.55833,0.43363,0.4513
2021,baseball,2021-03-01,False,,508890,Akron,0,0,0.5,0.5,0.5,0.5
2021,baseball,2021-03-01,False,60.0,508957,Alabama,7,1,0.80882,0.50833,0.56243,0.59698
2021,baseball,2021-03-01,False,212.0,508955,Alabama A&M,0,5,0.0,0.56667,0.2131,0.33661
2021,baseball,2021-03-01,False,173.0,508956,Alabama St.,1,5,0.19697,0.55,0.38527,0.42056
2021,baseball,2021-03-01,False,,508960,Alcorn,0,0,0.5,0.5,0.5,0.5
2021,baseball,2021-03-01,False,101.0,508961,App State,5,2,0.79104,0.44048,0.4672,0.5348
2021,baseball,2021-03-01,False,22.0,508963,Arizona,6,2,0.61765,0.83333,0.5,0.69608
2021,baseball,2021-03-01,False,5.0,508962,Arizona St.,4,2,0.51852,1.0,0.59375,0.77807
2021,baseball,2021-03-01,False,234.0,508941,Ark.-Pine Bluff,0,5,0.0,0.28571,0.28571,0.21429
2021,baseball,2021-03-01,False,10.0,508965,Arkansas,7,0,1.0,0.65714,0.68343,0.74943
2021,baseball,2021-03-01,False,223.0,508964,Arkansas St.,0,3,0.0,0.38889,0.37954,0.28933
2021,baseball,2021-03-01,False,226.0,508903,Army West Point,2,4,0.39216,0.125,0.43027,0.26811
2021,baseball,2021-03-01,False,147.0,508967,Auburn,6,2,0.69231,0.28393,0.59688,0.46426
2021,baseball,2021-03-01,False,227.0,508968,Austin Peay,1,5,0.19608,0.25,0.3631,0.26479
2021,baseball,2021-03-01,False,217.0,508977,BYU,3,5,0.52703,0.125,0.51499,0.323
2021,baseball,2021-03-01,False,3.0,508969,Ball St.,4,3,0.65714,1.0,0.53061,0.79694
2021,baseball,2021-03-01,False,205.0,508971,Baylor,2,4,0.40351,0.29762,0.41706,0.35395
2021,baseball,2021-03-01,False,171.0,509202,Bellarmine,0,3,0.0,0.75,0.19048,0.42262
2021,baseball,2021-03-01,False,166.0,508946,Belmont,3,2,0.44681,0.28,0.71951,0.43158
2021,baseball,2021-03-01,False,,508972,Bethune-Cookman,0,0,0.5,0.5,0.5,0.5
2021,baseball,2021-03-01,False,,508973,Binghamton,0,0,0.5,0.5,0.5,0.5
2021,baseball,2021-03-01,False,26.0,508974,Boston College,5,1,0.90278,0.5,0.80952,0.67808
2021,baseball,2021-03-01,False,215.0,508975,Bowling Green,0,3,0.0,0.5,0.32653,0.33163
2021,baseball,2021-03-01,False,141.0,508976,Bradley,1,2,0.33333,0.5,0.57143,0.47619
2021,baseball,2021-03-01,False,,508978,Brown,0,0,0.5,0.5,0.5,0.5
2021,baseball,2021-03-01,False,161.0,508979,Bryant,2,4,0.43333,0.44444,0.46032,0.44563
2021,baseball,2021-03-01,False,,508980,Bucknell,0,0,0.5,0.5,0.5,0.5
2021,baseball,2021-03-01,False,,508981,Butler,0,0,0.5,0.5,0.5,0.5
2021,baseball,2021-03-01,False,152.0,508983,CSU Bakersfield,1,2,0.48148,0.5,0.33333,0.4537
2021,baseball,2021-03-01,False,,508987,CSUN,0,0,0.5,0.5,0.5,0.5
2021,baseball,2021-03-01,False,145.0,508982,Cal Poly,3,4,0.41772,0.47619,0.51749,0.4719
2021,baseball,2021-03-01,False,206.0,508985,Cal St. Fullerton,3,3,0.5,0.16667,0.57143,0.35119
2021,baseball,2021-03-01,False,66.0,508990,California,4,4,0.5,0.66667,0.51531,0.58716
2021,baseball,2021-03-01,False,203.0,508953,California Baptist,3,4,0.31343,0.28571,0.55394,0.3597
2021,baseball,2021-03-01,False,196.0,508995,Campbell,4,2,0.51852,0.125,0.73299,0.37538
2021,baseball,2021-03-01,False,,508996,Canisius,0,0,0.5,0.5,0.5,0.5
2021,baseball,2021-03-01,False,21.0,508930,Central Ark.,1,2,0.48148,1.0,0.31429,0.69894
2021,baseball,2021-03-01,False,,508997,Central Conn. St.,0,0,0.5,0.5,0.5,0.5
2021,baseball,2021-03-01,False,232.0,508999,Central Mich.,0,3,0.0,0.25,0.4898,0.24745
2021,baseball,2021-03-01,False,190.0,508970,Charleston So.,0,3,0.0,0.66667,0.21429,0.3869
2021,baseball,2021-03-01,False,49.0,509102,Charlotte,6,0,1.0,0.33333,0.87222,0.63472
2021,baseball,2021-03-01,False,228.0,509001,Cincinnati,1,5,0.27083,0.125,0.52551,0.26159
2021,baseball,2021-03-01,False,87.0,509003,Clemson,3,2,0.55263,0.6,0.45048,0.55078
2021,baseball,2021-03-01,False,115.0,509004,Coastal Carolina,5,2,0.61194,0.42619,0.58552,0.51246
2021,baseball,2021-03-01,False,176.0,508933,Col. of Charleston,2,5,0.17722,0.55952,0.36832,0.41615
2021,baseball,2021-03-01,False,,509005,Columbia,0,0,0.5,0.5,0.5,0.5
2021,baseball,2021-03-01,False,122.0,509007,Coppin St.,0,4,0.0,1.0,0.0,0.5
2021,baseball,2021-03-01,False,,509008,Cornell,0,0,0.5,0.5,0.5,0.5
2021,baseball,2021-03-01,False,48.0,509009,Creighton,2,2,0.65,0.73333,0.42245,0.63478
2021,baseball,2021-03-01,False,110.0,508934,DBU,5,2,0.57377,0.42857,0.63393,0.51621
2021,baseball,2021-03-01,False,,509010,Dartmouth,0,0,0.5,0.5,0.5,0.5
2021,baseball,2021-03-01,False,192.0,509011,Davidson,4,2,0.66667,0.03333,0.79735,0.38267
2021,baseball,2021-03-01,False,83.0,509012,Dayton,1,5,0.27083,0.83333,0.29048,0.55699
2021,baseball,2021-03-01,False,,509014,Delaware,0,0,0.5,0.5,0.5,0.5
2021,baseball,2021-03-01,False,,509013,Delaware St.,0,0,0.5,0.5,0.5,0.5
2021,baseball,2021-03-01,False,24.0,509015,Duke,3,4,0.45205,0.97619,0.33382,0.68456
2021,baseball,2021-03-01,False,52.0,509017,ETSU,5,2,0.57377,0.63095,0.64699,0.62067
2021,baseball,2021-03-01,False,39.0,509016,East Carolina,6,1,0.88525,0.46429,0.76676,0.64515
2021,baseball,2021-03-01,False,108.0,509018,Eastern Ill.,4,3,0.71233,0.42857,0.51385,0.52083
2021,baseball,2021-03-01,False,111.0,509019,Eastern Ky.,2,4,0.37037,0.63889,0.40892,0.51427
2021,baseball,2021-03-01,False,84.0,509020,Eastern Mich.,2,0,1.0,0.25,0.72222,0.55556
2021,baseball,2021-03-01,False,157.0,508935,Elon,3,4,0.44262,0.44048,0.47449,0.44952
2021,baseball,2021-03-01,False,20.0,509021,Evansville,3,4,0.44262,1.0,0.36565,0.70207
2021,baseball,2021-03-01,False,,509023,FDU,0,0,0.5,0.5,0.5,0.5
2021,baseball,2021-03-01,False,16.0,508950,FGCU,6,2,0.675,0.8125,0.53495,0.70874
2021,baseball,2021-03-01,False,59.0,509026,FIU,4,3,0.41791,0.75,0.47959,0.59938
2021,baseball,2021-03-01,False,,509022,Fairfield,0,0,0.5,0.5,0.5,0.5
2021,baseball,2021-03-01,False,31.0,509025,Fla. Atlantic,6,1,0.80597,0.55102,0.77536,0.67084
2021,baseball,2021-03-01,False,68.0,509028,Florida,6,2,0.64865,0.53125,0.61607,0.58181
2021,baseball,2021-03-01,False,222.0,509024,Florida A&M,0,8,0.0,0.5,0.18452,0.29613
2021,baseball,2021-03-01,False,163.0,509027,Florida St.,2,4,0.21212,0.575,0.38202,0.43603
2021,baseball,2021-03-01,False,,509029,Fordham,0,0,0.5,0.5,0.5,0.5
2021,baseball,2021-03-01,False,91.0,508984,Fresno St.,2,1,0.51852,0.5,0.66667,0.5463
2021,baseball,2021-03-01,False,106.0,509034,Ga. Southern,2,5,0.23529,0.7619,0.34694,0.52651
2021,baseball,2021-03-01,False,112.0,508936,Gardner-Webb,1,5,0.14583,0.8,0.30804,0.51347
2021,baseball,2021-03-01,False,122.0,509031,George Mason,0,2,0.0,1.0,0.0,0.5
2021,baseball,2021-03-01,False,,509032,George Washington,0,0,0.5,0.5,0.5,0.5
2021,baseball,2021-03-01,False,,509033,Georgetown,0,0,0.5,0.5,0.5,0.5
2021,baseball,2021-03-01,False,50.0,509037,Georgia,7,1,0.80882,0.50521,0.71763,0.63422
2021,baseball,2021-03-01,False,71.0,509035,Georgia St.,3,6,0.31034,0.83598,0.3347,0.57925
2021,baseball,2021-03-01,False,51.0,509036,Georgia Tech,6,1,0.82192,0.5,0.7036,0.63138
2021,baseball,2021-03-01,False,23.0,509038,Gonzaga,4,4,0.575,0.89048,0.38807,0.68601
2021,baseball,2021-03-01,False,94.0,509039,Grambling,0,3,0.0,1.0,0.17857,0.54464
2021,baseball,2021-03-01,False,134.0,508937,Grand Canyon,3,5,0.24419,0.625,0.45982,0.4885
2021,baseball,2021-03-01,False,,509040,Hartford,0,0,0.5,0.5,0.5,0.5
2021,baseball,2021-03-01,False,,509041,Harvard,0,0,0.5,0.5,0.5,0.5
2021,baseball,2021-03-01,False,72.0,509042,Hawaii,1,2,0.48148,0.66667,0.5,0.5787
2021,baseball,2021-03-01,False,202.0,508947,High Point,2,4,0.26984,0.375,0.42517,0.36125
2021,baseball,2021-03-01,False,181.0,509043,Hofstra,3,1,0.84783,0.0,0.78214,0.40749
2021,baseball,2021-03-01,False,,509044,Holy Cross,0,0,0.5,0.5,0.5,0.5
2021,baseball,2021-03-01,False,28.0,509046,Houston,6,1,0.88525,0.57143,0.66472,0.67321
2021,baseball,2021-03-01,False,236.0,509045,Houston Christian,1,5,0.27083,0.0,0.47321,0.18601
2021,baseball,2021-03-01,False,,509048,Illinois,0,0,0.5,0.5,0.5,0.5
2021,baseball,2021-03-01,False,57.0,509047,Illinois St.,2,3,0.55319,0.73333,0.39333,0.6033
2021,baseball,2021-03-01,False,,509051,Indiana,0,0,0.5,0.5,0.5,0.5
2021,baseball,2021-03-01,False,18.0,509050,Indiana St.,3,4,0.51429,1.0,0.30321,0.70437
2021,baseball,2021-03-01,False,,509053,Iona,0,0,0.5,0.5,0.5,0.5
2021,baseball,2021-03-01,False,,509054,Iowa,0,0,0.5,0.5,0.5,0.5
2021,baseball,2021-03-01,False,219.0,509055,Jackson St.,3,4,0.42857,0.09524,0.62692,0.31149
2021,baseball,2021-03-01,False,185.0,509057,Jacksonville,0,7,0.0,0.63333,0.3145,0.39529
2021,baseball,2021-03-01,False,138.0,509056,Jacksonville St.,4,3,0.41791,0.46531,0.57244,0.48024
2021,baseball,2021-03-01,False,155.0,509058,James Madison,0,3,0.0,0.75,0.30612,0.45153
2021,baseball,2021-03-01,False,30.0,509060,Kansas,3,4,0.51562,0.85714,0.45481,0.67118
2021,baseball,2021-03-01,False,44.0,509059,Kansas St.,5,2,0.67213,0.625,0.65042,0.64314
2021,baseball,2021-03-01,False,191.0,508938,Kennesaw St.,4,3,0.5082,0.22381,0.58406,0.38497
2021,baseball,2021-03-01,False,42.0,509061,Kent St.,3,2,0.6,0.7,0.57825,0.64456
2021,baseball,2021-03-01,False,2.0,509062,Kentucky,4,0,1.0,0.71429,0.85268,0.82031
2021,baseball,2021-03-01,False,,509068,LIU,0,0,0.5,0.5,0.5,0.5
2021,baseball,2021-03-01,False,154.0,509074,LMU (CA),4,3,0.57143,0.35714,0.52259,0.45208
2021,baseball,2021-03-01,False,97.0,509070,LSU,6,1,0.78689,0.38912,0.60034,0.54136
2021,baseball,2021-03-01,False,225.0,509063,La Salle,0,2,0.0,0.5,0.1,0.275
2021,baseball,2021-03-01,False,,509064,Lafayette,0,0,0.5,0.5,0.5,0.5
2021,baseball,2021-03-01,False,,509065,Lamar University,0,0,0.5,0.5,0.5,0.5
2021,baseball,2021-03-01,False,122.0,509066,Lehigh,2,0,1.0,0.0,1.0,0.5
2021,baseball,2021-03-01,False,151.0,509067,Liberty,2,5,0.36364,0.54762,0.36516,0.45601
2021,baseball,2021-03-01,False,56.0,508949,Lipscomb,5,2,0.64062,0.62857,0.5363,0.60852
2021,baseball,2021-03-01,False,162.0,508966,Little Rock,2,4,0.33333,0.48333,0.46867,0.44217
2021,baseball,2021-03-01,False,,508986,Long Beach St.,0,0,0.5,0.5,0.5,0.5
2021,baseball,2021-03-01,False,167.0,509069,Longwood,4,4,0.46512,0.375,0.50207,0.4293
2021,baseball,2021-03-01,False,47.0,509183,Louisiana,6,2,0.72973,0.64167,0.53132,0.6361
2021,baseball,2021-03-01,False,96.0,509071,Louisiana Tech,4,2,0.68889,0.45794,0.56415,0.54223
2021,baseball,2021-03-01,False,61.0,509072,Louisville,6,1,0.76364,0.4,0.82426,0.59697
2021,baseball,2021-03-01,False,,509075,Maine,0,0,0.5,0.5,0.5,0.5
2021,baseball,2021-03-01,False,,509076,Manhattan,0,0,0.5,0.5,0.5,0.5
2021,baseball,2021-03-01,False,,509077,Marist,0,0,0.5,0.5,0.5,0.5
2021,baseball,2021-03-01,False,,509078,Marshall,0,0,0.5,0.5,0.5,0.5
2021,baseball,2021-03-01,False,,509080,Maryland,0,0,0.5,0.5,0.5,0.5
2021,baseball,2021-03-01,False,,509082,Massachusetts,0,0,0.5,0.5,0.5,0.5
2021,baseball,2021-03-01,False,33.0,509083,McNeese,4,3,0.57143,0.8,0.47577,0.6618
2021,baseball,2021-03-01,False,1.0,509084,Memphis,4,0,1.0,0.83333,0.88265,0.88733
2021,baseball,2021-03-01,False,58.0,509085,Mercer,3,4,0.31343,0.86905,0.35131,0.60071
2021,baseball,2021-03-01,False,,508931,Merrimack,0,0,0.5,0.5,0.5,0.5
2021,baseball,2021-03-01,False,7.0,509087,Miami (FL),3,3,0.5,1.0,0.50154,0.75038
2021,baseball,2021-03-01,False,82.0,509086,Miami (OH),5,3,0.75581,0.45833,0.55652,0.55725
2021,baseball,2021-03-01,False,,509089,Michigan,0,0,0.5,0.5,0.5,0.5
2021,baseball,2021-03-01,False,,509088,Michigan St.,0,0,0.5,0.5,0.5,0.5
2021,baseball,2021-03-01,False,43.0,509090,Middle Tenn.,5,2,0.57377,0.6875,0.62391,0.64317
2021,baseball,2021-03-01,False,98.0,508925,Milwaukee,0,3,0.0,1.0,0.15625,0.53906
2021,baseball,2021-03-01,False,,509091,Minnesota,0,0,0.5,0.5,0.5,0.5
2021,baseball,2021-03-01,False,75.0,509092,Mississippi St.,5,2,0.64062,0.5381,0.56171,0.56963
2021,baseball,2021-03-01,False,237.0,509093,Mississippi Val.,0,3,0.0,0.0,0.42857,0.10714
2021,baseball,2021-03-01,False,207.0,509095,Missouri,3,5,0.36486,0.25,0.53274,0.3494
2021,baseball,2021-03-01,False,77.0,509181,Missouri St.,4,1,0.75472,0.4,0.70748,0.56555
2021,baseball,2021-03-01,False,,509096,Monmouth,0,0,0.5,0.5,0.5,0.5
2021,baseball,2021-03-01,False,139.0,509097,Morehead St.,1,5,0.27083,0.71111,0.22037,0.47836
2021,baseball,2021-03-01,False,230.0,509098,Mount St. Mary's,0,4,0.0,0.5,0.0,0.25
2021,baseball,2021-03-01,False,62.0,509099,Murray St.,4,3,0.50746,0.67778,0.52478,0.59695
2021,baseball,2021-03-01,False,189.0,509116,N.C. A&T,2,5,0.36364,0.34524,0.51895,0.39327
2021,baseball,2021-03-01,False,168.0,509117,N.C. Central,4,3,0.50909,0.34694,0.50692,0.42747
2021,baseball,2021-03-01,False,103.0,509118,NC State,2,4,0.21212,0.81944,0.28212,0.53328
2021,baseball,2021-03-01,False,182.0,509123,NIU,1,2,0.48148,0.25,0.64286,0.40608
2021,baseball,2021-03-01,False,233.0,509109,NJIT,1,2,0.48148,0.0,0.39286,0.21858
2021,baseball,2021-03-01,False,122.0,508904,Navy,4,0,1.0,0.0,1.0,0.5
2021,baseball,2021-03-01,False,,509105,Nebraska,0,0,0.5,0.5,0.5,0.5
2021,baseball,2021-03-01,False,36.0,509108,Nevada,4,3,0.71233,0.66667,0.55394,0.6499
2021,baseball,2021-03-01,False,85.0,509111,New Mexico,4,3,0.5082,0.56122,0.58256,0.5533
2021,baseball,2021-03-01,False,73.0,509110,New Mexico St.,1,2,0.48148,0.75,0.32143,0.57573
2021,baseball,2021-03-01,False,120.0,509112,New Orleans,4,3,0.45902,0.47619,0.59621,0.5019
2021,baseball,2021-03-01,False,,509113,Niagara,0,0,0.5,0.5,0.5,0.5
2021,baseball,2021-03-01,False,178.0,509114,Nicholls,2,4,0.23333,0.44444,0.52083,0.41076
2021,baseball,2021-03-01,False,169.0,509115,Norfolk St.,2,5,0.36364,0.5119,0.31924,0.42667
2021,baseball,2021-03-01,False,142.0,508952,North Ala.,0,5,0.0,0.9,0.10095,0.47524
2021,baseball,2021-03-01,False,17.0,509101,North Carolina,6,1,0.76364,0.6875,0.68805,0.70667
2021,baseball,2021-03-01,False,76.0,509119,North Dakota St.,5,1,0.90278,0.375,0.61735,0.56753
2021,baseball,2021-03-01,False,186.0,508942,North Florida,3,5,0.4875,0.29167,0.50558,0.3941
2021,baseball,2021-03-01,False,194.0,509121,Northeastern,1,2,0.48148,0.25,0.53061,0.37802
2021,baseball,2021-03-01,False,216.0,509122,Northern Colo.,2,5,0.30588,0.33333,0.34694,0.32987
2021,baseball,2021-03-01,False,95.0,509124,Northern Ky.,2,5,0.42623,0.68333,0.38353,0.54411
2021,baseball,2021-03-01,False,,509126,Northwestern,0,0,0.5,0.5,0.5,0.5
2021,baseball,2021-03-01,False,180.0,509125,Northwestern St.,3,4,0.44262,0.34762,0.49406,0.40798
2021,baseball,2021-03-01,False,70.0,509127,Notre Dame,2,1,0.78788,0.5,0.53061,0.57962
2021,baseball,2021-03-01,False,34.0,509128,Oakland,4,3,0.71233,0.75,0.41545,0.65695
2021,baseball,2021-03-01,False,165.0,509130,Ohio,2,3,0.42553,0.4,0.50111,0.43166
2021,baseball,2021-03-01,False,,509129,Ohio St.,0,0,0.5,0.5,0.5,0.5
2021,baseball,2021-03-01,False,114.0,509132,Oklahoma,4,3,0.52857,0.53844,0.44779,0.51331
2021,baseball,2021-03-01,False,4.0,509131,Oklahoma St.,6,0,1.0,0.78889,0.6046,0.7956
2021,baseball,2021-03-01,False,117.0,509133,Old Dominion,5,2,0.57377,0.38095,0.70991,0.5114
2021,baseball,2021-03-01,False,118.0,509094,Ole Miss,5,2,0.62857,0.38333,0.64845,0.51092
2021,baseball,2021-03-01,False,148.0,509106,Omaha,3,3,0.65,0.36667,0.46706,0.4626
2021,baseball,2021-03-01,False,193.0,509134,Oral Roberts,2,5,0.17722,0.47619,0.3862,0.37895
2021,baseball,2021-03-01,False,100.0,509136,Oregon,2,2,0.35,0.66667,0.45714,0.53512
2021,baseball,2021-03-01,False,11.0,509135,Oregon St.,7,1,0.8913,0.72976,0.56948,0.73008
2021,baseball,2021-03-01,False,13.0,509137,Pacific,3,1,0.79412,0.75,0.58929,0.72085
2021,baseball,2021-03-01,False,,509140,Penn,0,0,0.5,0.5,0.5,0.5
2021,baseball,2021-03-01,False,,509139,Penn St.,0,0,0.5,0.5,0.5,0.5
2021,baseball,2021-03-01,False,209.0,509141,Pepperdine,1,6,0.11475,0.4881,0.29592,0.34672
2021,baseball,2021-03-01,False,37.0,509142,Pittsburgh,6,1,0.87805,0.5,0.72127,0.64983
2021,baseball,2021-03-01,False,164.0,509143,Portland,2,3,0.37736,0.4,0.56095,0.43458
2021,baseball,2021-03-01,False,238.0,509144,Prairie View,0,4,0.0,0.0,0.375,0.09375
2021,baseball,2021-03-01,False,183.0,508939,Presbyterian,1,5,0.24074,0.50238,0.37765,0.40579
2021,baseball,2021-03-01,False,,509145,Princeton,0,0,0.5,0.5,0.5,0.5
2021,baseball,2021-03-01,False,,509146,Purdue,0,0,0.5,0.5,0.5,0.5
2021,baseball,2021-03-01,False,198.0,509052,Purdue Fort Wayne,1,3,0.38235,0.33333,0.44898,0.3745
2021,baseball,2021-03-01,False,,509147,Quinnipiac,0,0,0.5,0.5,0.5,0.5
2021,baseball,2021-03-01,False,74.0,509148,Radford,4,2,0.58333,0.575,0.54907,0.5706
2021,baseball,2021-03-01,False,46.0,509149,Rhode Island,2,4,0.48148,0.875,0.31633,0.63695
2021,baseball,2021-03-01,False,214.0,509150,Rice,2,4,0.29167,0.3,0.44643,0.33452
2021,baseball,2021-03-01,False,8.0,509151,Richmond,4,0,1.0,0.5,1.0,0.75
2021,baseball,2021-03-01,False,,509152,Rider,0,0,0.5,0.5,0.5,0.5
2021,baseball,2021-03-01,False,,509153,Rutgers,0,0,0.5,0.5,0.5,0.5
2021,baseball,2021-03-01,False,93.0,509185,SFA,2,2,0.62162,0.54167,0.47976,0.54618
2021,baseball,2021-03-01,False,235.0,509178,SIUE,1,4,0.24528,0.0,0.584,0.20732
2021,baseball,2021-03-01,False,54.0,508988,Sacramento St.,4,2,0.70833,0.63333,0.48438,0.61484
2021,baseball,2021-03-01,False,152.0,509154,Sacred Heart,1,2,0.48148,0.5,0.33333,0.4537
2021,baseball,2021-03-01,False,,509157,Saint Joseph's,0,0,0.5,0.5,0.5,0.5
2021,baseball,2021-03-01,False,204.0,509158,Saint Louis,1,6,0.17808,0.47619,0.30126,0.35793
2021,baseball,2021-03-01,False,53.0,509159,Saint Mary's (CA),5,3,0.61628,0.66667,0.52168,0.61782
2021,baseball,2021-03-01,False,,509160,Saint Peter's,0,0,0.5,0.5,0.5,0.5
2021,baseball,2021-03-01,False,229.0,509161,Sam Houston,1,3,0.16279,0.28571,0.30469,0.25973
2021,baseball,2021-03-01,False,88.0,509162,Samford,3,4,0.38182,0.68571,0.44692,0.55004
2021,baseball,2021-03-01,False,89.0,509164,San Diego,3,3,0.4375,0.70833,0.34524,0.54985
2021,baseball,2021-03-01,False,27.0,509163,San Diego St.,5,2,0.70149,0.66667,0.66837,0.6758
2021,baseball,2021-03-01,False,126.0,509165,San Francisco,3,4,0.49254,0.46429,0.57289,0.4985
2021,baseball,2021-03-01,False,,509166,San Jose St.,0,0,0.5,0.5,0.5,0.5
2021,baseball,2021-03-01,False,41.0,509167,Santa Clara,2,5,0.32787,1.0,0.25073,0.64465
2021,baseball,2021-03-01,False,79.0,508940,Seattle U,4,3,0.71233,0.5,0.53061,0.56074
2021,baseball,2021-03-01,False,102.0,509168,Seton Hall,1,4,0.17073,0.85,0.26592,0.53416
2021,baseball,2021-03-01,False,,509169,Siena,0,0,0.5,0.5,0.5,0.5
2021,baseball,2021-03-01,False,184.0,509170,South Alabama,4,3,0.54795,0.20238,0.6519,0.40115
2021,baseball,2021-03-01,False,15.0,509171,South Carolina,6,0,1.0,0.58333,0.66837,0.70876
2021,baseball,2021-03-01,False,55.0,509172,South Dakota St.,5,2,0.7561,0.4881,0.72303,0.61383
2021,baseball,2021-03-01,False,177.0,509173,South Fla.,4,3,0.45902,0.25714,0.67857,0.41297
2021,baseball,2021-03-01,False,40.0,509174,Southeast Mo. St.,2,5,0.42623,0.89286,0.36735,0.64482
2021,baseball,2021-03-01,False,143.0,509175,Southeastern La.,3,4,0.42857,0.5,0.46939,0.47449
2021,baseball,2021-03-01,False,149.0,509176,Southern California,3,3,0.38889,0.5,0.45408,0.46074
2021,baseball,2021-03-01,False,19.0,509177,Southern Ill.,7,0,1.0,0.59762,0.62218,0.70435
2021,baseball,2021-03-01,False,158.0,509179,Southern Miss.,4,3,0.45902,0.42857,0.47303,0.4473
2021,baseball,2021-03-01,False,200.0,509180,Southern U.,1,5,0.27083,0.41667,0.36295,0.36678
2021,baseball,2021-03-01,False,,509155,St. Bonaventure,0,0,0.5,0.5,0.5,0.5
2021,baseball,2021-03-01,False,8.0,509156,St. John's (NY),3,0,1.0,0.5,1.0,0.75
2021,baseball,2021-03-01,False,78.0,509184,Stanford,3,1,0.79412,0.33333,0.79592,0.56418
2021,baseball,2021-03-01,False,132.0,509186,Stetson,9,0,1.0,0.05556,0.8488,0.48998
2021,baseball,2021-03-01,False,91.0,509187,Stony Brook,2,1,0.51852,0.5,0.66667,0.5463
2021,baseball,2021-03-01,False,64.0,508892,TCU,5,2,0.65517,0.57143,0.58455,0.59564
2021,baseball,2021-03-01,False,172.0,509348,Tarleton St.,2,6,0.30769,0.49107,0.39838,0.42205
2021,baseball,2021-03-01,False,107.0,509189,Tennessee,7,2,0.72043,0.31481,0.73424,0.52108
2021,baseball,2021-03-01,False,188.0,509188,Tennessee Tech,2,4,0.42593,0.31111,0.52522,0.39334
2021,baseball,2021-03-01,False,128.0,508896,Texas,3,4,0.32812,0.61905,0.41472,0.49524
2021,baseball,2021-03-01,False,160.0,508891,Texas A&M,4,4,0.40964,0.43542,0.50632,0.4467
2021,baseball,2021-03-01,False,175.0,508893,Texas Southern,0,7,0.0,0.72917,0.207,0.41633
2021,baseball,2021-03-01,False,208.0,509182,Texas St.,3,5,0.33803,0.29167,0.47042,0.34795
2021,baseball,2021-03-01,False,135.0,508894,Texas Tech,3,3,0.41176,0.55556,0.42432,0.4868
2021,baseball,2021-03-01,False,218.0,509002,The Citadel,2,4,0.21212,0.3,0.45982,0.31799
2021,baseball,2021-03-01,False,199.0,508898,Toledo,0,6,0.0,0.66667,0.14087,0.36855
2021,baseball,2021-03-01,False,221.0,508899,Towson,1,6,0.23636,0.25,0.4559,0.29807
2021,baseball,2021-03-01,False,137.0,508900,Troy,7,1,0.79032,0.22917,0.6791,0.48194
2021,baseball,2021-03-01,False,65.0,508901,Tulane,3,4,0.40299,0.75952,0.45918,0.5953
2021,baseball,2021-03-01,False,197.0,508958,UAB,5,2,0.63636,0.12245,0.61837,0.37491
2021,baseball,2021-03-01,False,,508959,UAlbany,0,0,0.5,0.5,0.5,0.5
2021,baseball,2021-03-01,False,119.0,508991,UC Davis,2,4,0.21212,0.77778,0.26984,0.50938
2021,baseball,2021-03-01,False,29.0,508992,UC Irvine,4,2,0.66667,0.75,0.52551,0.67304
2021,baseball,2021-03-01,False,,508994,UC Riverside,0,0,0.5,0.5,0.5,0.5
2021,baseball,2021-03-01,False,131.0,509216,UC San Diego,1,3,0.28261,0.66667,0.35714,0.49327
2021,baseball,2021-03-01,False,104.0,508989,UC Santa Barbara,6,1,0.80597,0.29762,0.72595,0.53179
2021,baseball,2021-03-01,False,14.0,508998,UCF,3,4,0.49367,1.0,0.34747,0.71029
2021,baseball,2021-03-01,False,81.0,508993,UCLA,4,3,0.45902,0.63095,0.50948,0.5576
2021,baseball,2021-03-01,False,129.0,509006,UConn,2,4,0.48148,0.5,0.4949,0.49409
2021,baseball,2021-03-01,False,127.0,509049,UIC,1,2,0.48148,0.5,0.5,0.49537
2021,baseball,2021-03-01,False,143.0,508943,UIW,3,0,1.0,0.0,0.89796,0.47449
2021,baseball,2021-03-01,False,133.0,509120,ULM,2,2,0.58824,0.5,0.36607,0.48858
2021,baseball,2021-03-01,False,,509079,UMBC,0,0,0.5,0.5,0.5,0.5
2021,baseball,2021-03-01,False,,509081,UMES,0,0,0.5,0.5,0.5,0.5
2021,baseball,2021-03-01,False,230.0,509073,UMass Lowell,0,3,0.0,0.5,0.0,0.25
2021,baseball,2021-03-01,False,150.0,509100,UNC Asheville,1,3,0.38235,0.55357,0.35252,0.4605
2021,baseball,2021-03-01,False,116.0,509103,UNC Greensboro,5,2,0.67143,0.41429,0.54875,0.51219
2021,baseball,2021-03-01,False,63.0,509104,UNCW,5,1,0.72917,0.56667,0.52307,0.59639
2021,baseball,2021-03-01,False,45.0,509107,UNLV,2,1,0.51852,0.75,0.53061,0.63728
2021,baseball,2021-03-01,False,86.0,508945,USC Upstate,6,0,1.0,0.25,0.71259,0.55315
2021,baseball,2021-03-01,False,38.0,508895,UT Arlington,3,2,0.51064,0.75714,0.57417,0.64977
2021,baseball,2021-03-01,False,195.0,509190,UT Martin,3,3,0.65,0.16667,0.52827,0.3779
2021,baseball,2021-03-01,False,224.0,509138,UTRGV,2,4,0.29167,0.16667,0.48512,0.27753
2021,baseball,2021-03-01,False,210.0,508897,UTSA,2,1,0.78788,0.0,0.59375,0.34541
2021,baseball,2021-03-01,False,220.0,508905,Utah,1,5,0.27083,0.29167,0.35034,0.30113
2021,baseball,2021-03-01,False,174.0,509412,Utah Tech,0,4,0.0,0.75,0.16667,0.41667
2021,baseball,2021-03-01,False,35.0,508951,Utah Valley,2,2,0.65,0.75,0.46429,0.65357
2021,baseball,2021-03-01,False,179.0,508909,VCU,1,5,0.27083,0.45833,0.44792,0.40885
2021,baseball,2021-03-01,False,136.0,508910,VMI,2,2,0.41176,0.5,0.52041,0.48304
2021,baseball,2021-03-01,False,187.0,508906,Valparaiso,1,5,0.27083,0.5,0.30357,0.3936
2021,baseball,2021-03-01,False,105.0,508907,Vanderbilt,6,1,0.76364,0.3,0.74504,0.52717
2021,baseball,2021-03-01,False,213.0,508908,Villanova,0,2,0.0,0.5,0.33889,0.33472
2021,baseball,2021-03-01,False,69.0,508912,Virginia,4,3,0.55738,0.66667,0.43222,0.58073
2021,baseball,2021-03-01,False,6.0,508911,Virginia Tech,5,1,0.87037,0.8,0.63009,0.77512
2021,baseball,2021-03-01,False,,508913,Wagner,0,0,0.5,0.5,0.5,0.5
2021,baseball,2021-03-01,False,113.0,508914,Wake Forest,3,4,0.28767,0.66667,0.43246,0.51337
2021,baseball,2021-03-01,False,130.0,508916,Washington,3,3,0.5,0.5,0.47619,0.49405
2021,baseball,2021-03-01,False,25.0,508915,Washington St.,7,1,0.92857,0.5,0.79583,0.6811
2021,baseball,2021-03-01,False,121.0,508917,West Virginia,4,3,0.68657,0.3619,0.59621,0.50165
2021,baseball,2021-03-01,False,90.0,508918,Western Caro.,5,3,0.60294,0.54167,0.50534,0.5479
2021,baseball,2021-03-01,False,32.0,508919,Western Ill.,1,2,0.48148,1.0,0.19048,0.66799
2021,baseball,2021-03-01,False,159.0,508920,Western Ky.,3,4,0.31343,0.54762,0.37881,0.44687
2021,baseball,2021-03-01,False,211.0,508921,Western Mich.,0,3,0.0,0.5,0.34949,0.33737
2021,baseball,2021-03-01,False,201.0,508922,Wichita St.,2,3,0.26415,0.4,0.39556,0.36493
2021,baseball,2021-03-01,False,108.0,508923,William & Mary,0,3,0.0,1.0,0.08333,0.52083
2021,baseball,2021-03-01,False,170.0,508924,Winthrop,3,4,0.31343,0.46429,0.45739,0.42485
2021,baseball,2021-03-01,False,99.0,508944,Wofford,6,2,0.72973,0.35833,0.7025,0.53723
2021,baseball,2021-03-01,False,140.0,508926,Wright St.,0,5,0.0,0.8,0.30961,0.4774
2021,baseball,2021-03-01,False,67.0,508927,Xavier,3,4,0.58209,0.68571,0.37925,0.58319
2021,baseball,2021-03-01,False,,508928,Yale,0,0,0.5,0.5,0.5,0.5
2021,baseball,2021-03-01,False,80.0,508929,Youngstown St.,2,6,0.38235,0.7625,0.32738,0.55868
2021,baseball,2021-03-08,False,154.0,508948,A&M-Corpus Christi,4,7,0.28571,0.59677,0.42123,0.47512
2021,baseball,2021-03-08,False,203.0,508954,Abilene Christian,8,3,0.69663,0.21768,0.56093,0.42323
2021,baseball,2021-03-08,False,157.0,508902,Air Force,4,5,0.53086,0.41058,0.52949,0.47038
2021,baseball,2021-03-08,False,30.0,508890,Akron,2,0,1.0,0.5,0.5,0.625
2021,baseball,2021-03-08,False,45.0,508957,Alabama,10,2,0.81481,0.50988,0.56774,0.60058
2021,baseball,2021-03-08,False,251.0,508955,Alabama A&M,0,5,0.0,0.47937,0.34984,0.32714
2021,baseball,2021-03-08,False,241.0,508956,Alabama St.,1,8,0.12381,0.49537,0.32332,0.35947
2021,baseball,2021-03-08,False,177.0,508960,Alcorn,3,0,1.0,0.0,0.81818,0.45455
2021,baseball,2021-03-08,False,84.0,508961,App State,6,5,0.63158,0.53312,0.46781,0.5414
2021,baseball,2021-03-08,False,6.0,508963,Arizona,10,2,0.75926,0.73754,0.57571,0.70251
2021,baseball,2021-03-08,False,21.0,508962,Arizona St.,8,2,0.68293,0.63214,0.64299,0.64755
2021,baseball,2021-03-08,False,252.0,508941,Ark.-Pine Bluff,0,7,0.0,0.4724,0.36195,0.32669
2021,baseball,2021-03-08,False,3.0,508965,Arkansas,10,0,1.0,0.69685,0.56956,0.74082
2021,baseball,2021-03-08,False,246.0,508964,Arkansas St.,0,7,0.0,0.4827,0.42052,0.34648
2021,baseball,2021-03-08,False,258.0,508903,Army West Point,2,7,0.24691,0.29365,0.40115,0.30884
2021,baseball,2021-03-08,False,132.0,508967,Auburn,7,4,0.53061,0.48377,0.52833,0.50662
2021,baseball,2021-03-08,False,238.0,508968,Austin Peay,2,8,0.25275,0.3994,0.41922,0.36769
2021,baseball,2021-03-08,False,151.0,508977,BYU,3,8,0.41053,0.54167,0.45604,0.48748
2021,baseball,2021-03-08,False,2.0,508969,Ball St.,6,4,0.69903,0.9,0.49076,0.74745
2021,baseball,2021-03-08,False,43.0,508971,Baylor,7,4,0.63043,0.66093,0.4524,0.60117
2021,baseball,2021-03-08,False,102.0,509202,Bellarmine,3,6,0.25926,0.74444,0.36423,0.52809
2021,baseball,2021-03-08,False,188.0,508946,Belmont,3,5,0.30882,0.48507,0.4888,0.44194
2021,baseball,2021-03-08,False,,508972,Bethune-Cookman,0,0,0.5,0.5,0.5,0.5
2021,baseball,2021-03-08,False,,508973,Binghamton,0,0,0.5,0.5,0.5,0.5
2021,baseball,2021-03-08,False,7.0,508974,Boston College,8,2,0.875,0.66806,0.58622,0.69933
2021,baseball,2021-03-08,False,227.0,508975,Bowling Green,2,4,0.48148,0.28571,0.4947,0.3869
2021,baseball,2021-03-08,False,66.0,508976,Bradley,3,3,0.57143,0.53571,0.61174,0.56365
2021,baseball,2021-03-08,False,,508978,Brown,0,0,0.5,0.5,0.5,0.5
2021,baseball,2021-03-08,False,96.0,508979,Bryant,2,4,0.43333,0.62778,0.44071,0.5324
2021,baseball,2021-03-08,False,264.0,508980,Bucknell,0,3,0.0,0.27381,0.45679,0.2511
2021,baseball,2021-03-08,False,,508981,Butler,0,0,0.5,0.5,0.5,0.5
2021,baseball,2021-03-08,False,175.0,508983,CSU Bakersfield,3,4,0.40299,0.45,0.52509,0.45702
2021,baseball,2021-03-08,False,,508987,CSUN,0,0,0.5,0.5,0.5,0.5
2021,baseball,2021-03-08,False,163.0,508982,Cal Poly,6,4,0.54,0.35,0.61543,0.46386
2021,baseball,2021-03-08,False,194.0,508985,Cal St. Fullerton,4,6,0.42553,0.40734,0.48974,0.43249
2021,baseball,2021-03-08,False,107.0,508990,California,7,5,0.59804,0.46667,0.57126,0.52566
2021,baseball,2021-03-08,False,172.0,508953,California Baptist,6,4,0.56604,0.36429,0.54133,0.45898
2021,baseball,2021-03-08,False,181.0,508995,Campbell,6,4,0.47727,0.35655,0.61719,0.45189
2021,baseball,2021-03-08,False,,508996,Canisius,0,0,0.5,0.5,0.5,0.5
2021,baseball,2021-03-08,False,158.0,508930,Central Ark.,3,4,0.44262,0.47908,0.47356,0.46858
2021,baseball,2021-03-08,False,27.0,508997,Central Conn. St.,1,0,1.0,0.5,0.52381,0.63095
2021,baseball,2021-03-08,False,242.0,508999,Central Mich.,2,4,0.48148,0.21991,0.50762,0.35723
2021,baseball,2021-03-08,False,153.0,508970,Charleston So.,2,4,0.21212,0.60714,0.48326,0.47742
2021,baseball,2021-03-08,False,85.0,509102,Charlotte,7,3,0.59756,0.53893,0.4883,0.54093
2021,baseball,2021-03-08,False,138.0,509001,Cincinnati,3,7,0.44318,0.51905,0.52682,0.50202
2021,baseball,2021-03-08,False,68.0,509003,Clemson,5,4,0.44872,0.66508,0.46378,0.56066
2021,baseball,2021-03-08,False,78.0,509004,Coastal Carolina,7,3,0.58511,0.52972,0.55573,0.55007
2021,baseball,2021-03-08,False,129.0,508933,Col. of Charleston,3,7,0.1875,0.72917,0.39084,0.50917
2021,baseball,2021-03-08,False,,509005,Columbia,0,0,0.5,0.5,0.5,0.5
2021,baseball,2021-03-08,False,235.0,509007,Coppin St.,2,6,0.325,0.35,0.45741,0.3706
2021,baseball,2021-03-08,False,,509008,Cornell,0,0,0.5,0.5,0.5,0.5
2021,baseball,2021-03-08,False,72.0,509009,Creighton,4,3,0.71233,0.5381,0.43633,0.55621
2021,baseball,2021-03-08,False,106.0,508934,DBU,8,3,0.64356,0.46009,0.5439,0.52691
2021,baseball,2021-03-08,False,,509010,Dartmouth,0,0,0.5,0.5,0.5,0.5
2021,baseball,2021-03-08,False,173.0,509011,Davidson,5,5,0.5,0.36111,0.60828,0.45763
2021,baseball,2021-03-08,False,104.0,509012,Dayton,3,7,0.30682,0.7,0.40404,0.52771
2021,baseball,2021-03-08,False,22.0,509014,Delaware,2,0,1.0,0.57143,0.44444,0.64683
2021,baseball,2021-03-08,False,266.0,509013,Delaware St.,0,4,0.0,0.375,0.11111,0.21528
2021,baseball,2021-03-08,False,14.0,509015,Duke,6,5,0.50467,0.82453,0.49833,0.66302
2021,baseball,2021-03-08,False,217.0,509017,ETSU,7,4,0.51579,0.25747,0.57092,0.40041
2021,baseball,2021-03-08,False,12.0,509016,East Carolina,9,2,0.78947,0.68799,0.53762,0.67577
2021,baseball,2021-03-08,False,64.0,509018,Eastern Ill.,7,5,0.72222,0.52381,0.49327,0.56578
2021,baseball,2021-03-08,False,162.0,509019,Eastern Ky.,3,7,0.375,0.5475,0.38573,0.46393
2021,baseball,2021-03-08,False,185.0,509020,Eastern Mich.,4,2,0.78788,0.18095,0.6253,0.44377
2021,baseball,2021-03-08,False,91.0,508935,Elon,3,7,0.28723,0.7181,0.41929,0.53568
2021,baseball,2021-03-08,False,187.0,509021,Evansville,6,6,0.47059,0.39583,0.50623,0.44212
2021,baseball,2021-03-08,False,,509023,FDU,0,0,0.5,0.5,0.5,0.5
2021,baseball,2021-03-08,False,8.0,508950,FGCU,7,3,0.67,0.82381,0.46181,0.69486
2021,baseball,2021-03-08,False,226.0,509026,FIU,4,6,0.26415,0.35714,0.57155,0.3875
2021,baseball,2021-03-08,False,,509022,Fairfield,0,0,0.5,0.5,0.5,0.5
2021,baseball,2021-03-08,False,34.0,509025,Fla. Atlantic,8,2,0.74,0.56396,0.62926,0.62429
2021,baseball,2021-03-08,False,110.0,509028,Florida,9,3,0.63889,0.44398,0.5722,0.52476
2021,baseball,2021-03-08,False,224.0,509024,Florida A&M,0,11,0.0,0.60606,0.35511,0.39181
2021,baseball,2021-03-08,False,164.0,509027,Florida St.,4,5,0.30108,0.50992,0.53403,0.46374
2021,baseball,2021-03-08,False,60.0,509029,Fordham,3,0,1.0,0.33333,0.625,0.57292
2021,baseball,2021-03-08,False,126.0,508984,Fresno St.,3,4,0.44262,0.55937,0.48182,0.5108
2021,baseball,2021-03-08,False,111.0,509034,Ga. Southern,6,5,0.45378,0.55914,0.51947,0.52288
2021,baseball,2021-03-08,False,181.0,508936,Gardner-Webb,2,7,0.26667,0.59788,0.34514,0.45189
2021,baseball,2021-03-08,False,130.0,509031,George Mason,1,3,0.20588,0.75,0.32708,0.50824
2021,baseball,2021-03-08,False,1.0,509032,George Washington,4,1,0.85106,0.9,0.59909,0.81254
2021,baseball,2021-03-08,False,,509033,Georgetown,0,0,0.5,0.5,0.5,0.5
2021,baseball,2021-03-08,False,95.0,509037,Georgia,9,3,0.67647,0.45278,0.54845,0.53262
2021,baseball,2021-03-08,False,54.0,509035,Georgia St.,4,9,0.33058,0.81492,0.37383,0.58356
2021,baseball,2021-03-08,False,71.0,509036,Georgia Tech,8,3,0.65487,0.49134,0.59025,0.55695
2021,baseball,2021-03-08,False,61.0,509038,Gonzaga,6,5,0.56075,0.63846,0.44338,0.57026
2021,baseball,2021-03-08,False,267.0,509039,Grambling,0,7,0.0,0.21429,0.42484,0.21335
2021,baseball,2021-03-08,False,152.0,508937,Grand Canyon,3,7,0.21,0.64286,0.42499,0.48018
2021,baseball,2021-03-08,False,,509040,Hartford,0,0,0.5,0.5,0.5,0.5
2021,baseball,2021-03-08,False,,509041,Harvard,0,0,0.5,0.5,0.5,0.5
2021,baseball,2021-03-08,False,4.0,509042,Hawaii,5,2,0.74545,0.85714,0.48853,0.73707
2021,baseball,2021-03-08,False,199.0,508947,High Point,5,4,0.45238,0.35833,0.53678,0.42646
2021,baseball,2021-03-08,False,174.0,509043,Hofstra,4,4,0.65,0.35,0.47996,0.45749
2021,baseball,2021-03-08,False,,509044,Holy Cross,0,0,0.5,0.5,0.5,0.5
2021,baseball,2021-03-08,False,109.0,509046,Houston,7,4,0.60396,0.48918,0.5168,0.52478
2021,baseball,2021-03-08,False,171.0,509045,Houston Christian,2,8,0.31707,0.54988,0.41992,0.45919
2021,baseball,2021-03-08,False,231.0,509048,Illinois,1,3,0.25,0.5,0.25,0.375
2021,baseball,2021-03-08,False,65.0,509047,Illinois St.,3,6,0.48148,0.61905,0.53928,0.56471
2021,baseball,2021-03-08,False,53.0,509051,Indiana,3,1,0.78261,0.5,0.5625,0.58628
2021,baseball,2021-03-08,False,11.0,509050,Indiana St.,6,4,0.68807,0.78571,0.44448,0.676
2021,baseball,2021-03-08,False,,509053,Iona,0,0,0.5,0.5,0.5,0.5
2021,baseball,2021-03-08,False,208.0,509054,Iowa,1,2,0.33333,0.5,0.33333,0.41667
2021,baseball,2021-03-08,False,214.0,509055,Jackson St.,6,5,0.63158,0.18347,0.63852,0.40926
2021,baseball,2021-03-08,False,210.0,509057,Jacksonville,3,8,0.19626,0.52652,0.41151,0.4152
2021,baseball,2021-03-08,False,189.0,509056,Jacksonville St.,5,6,0.3271,0.47968,0.47793,0.4411
2021,baseball,2021-03-08,False,261.0,509058,James Madison,1,5,0.12963,0.28571,0.45515,0.28905
2021,baseball,2021-03-08,False,92.0,509060,Kansas,5,5,0.60825,0.4756,0.58139,0.53521
2021,baseball,2021-03-08,False,70.0,509059,Kansas St.,6,4,0.51064,0.5873,0.54736,0.55815
2021,baseball,2021-03-08,False,128.0,508938,Kennesaw St.,7,4,0.63366,0.46356,0.47622,0.50925
2021,baseball,2021-03-08,False,24.0,509061,Kent St.,4,4,0.54839,0.74107,0.51799,0.63713
2021,baseball,2021-03-08,False,139.0,509062,Kentucky,7,2,0.65333,0.35479,0.63895,0.50047
2021,baseball,2021-03-08,False,,509068,LIU,0,0,0.5,0.5,0.5,0.5
2021,baseball,2021-03-08,False,176.0,509074,LMU (CA),6,4,0.65854,0.29857,0.57067,0.45659
2021,baseball,2021-03-08,False,123.0,509070,LSU,9,3,0.63889,0.44411,0.51964,0.51169
2021,baseball,2021-03-08,False,260.0,509063,La Salle,4,5,0.43011,0.14286,0.47105,0.29672
2021,baseball,2021-03-08,False,166.0,509064,Lafayette,1,1,0.35,0.5,0.5,0.4625
2021,baseball,2021-03-08,False,19.0,509065,Lamar University,4,0,1.0,0.475,0.64527,0.64882
2021,baseball,2021-03-08,False,263.0,509066,Lehigh,2,4,0.39394,0.11111,0.41717,0.25833
2021,baseball,2021-03-08,False,75.0,509067,Liberty,6,5,0.65347,0.50534,0.54924,0.55335
2021,baseball,2021-03-08,False,118.0,508949,Lipscomb,5,2,0.64062,0.44722,0.51985,0.51373
2021,baseball,2021-03-08,False,168.0,508966,Little Rock,5,5,0.53,0.38333,0.54865,0.46133
2021,baseball,2021-03-08,False,,508986,Long Beach St.,0,0,0.5,0.5,0.5,0.5
2021,baseball,2021-03-08,False,216.0,509069,Longwood,5,6,0.46903,0.34343,0.46303,0.40473
2021,baseball,2021-03-08,False,82.0,509183,Louisiana,9,4,0.65217,0.50155,0.51654,0.54295
2021,baseball,2021-03-08,False,47.0,509071,Louisiana Tech,7,3,0.71233,0.60893,0.44805,0.59456
2021,baseball,2021-03-08,False,120.0,509072,Louisville,7,4,0.57895,0.45606,0.55954,0.51265
2021,baseball,2021-03-08,False,17.0,509075,Maine,3,1,0.84783,0.5,0.75,0.64946
2021,baseball,2021-03-08,False,,509076,Manhattan,0,0,0.5,0.5,0.5,0.5
2021,baseball,2021-03-08,False,,509077,Marist,0,0,0.5,0.5,0.5,0.5
2021,baseball,2021-03-08,False,245.0,509078,Marshall,1,2,0.25926,0.28571,0.55697,0.34691
2021,baseball,2021-03-08,False,231.0,509080,Maryland,1,3,0.25,0.5,0.25,0.375
2021,baseball,2021-03-08,False,56.0,509082,Massachusetts,2,1,0.78788,0.55556,0.43179,0.58269
2021,baseball,2021-03-08,False,192.0,509083,McNeese,5,6,0.45455,0.43615,0.42842,0.43882
2021,baseball,2021-03-08,False,202.0,509084,Memphis,4,5,0.4697,0.37398,0.47799,0.42391
2021,baseball,2021-03-08,False,51.0,509085,Mercer,3,7,0.23864,0.895,0.32966,0.58957
2021,baseball,2021-03-08,False,244.0,508931,Merrimack,1,3,0.15217,0.5,0.25,0.35054
2021,baseball,2021-03-08,False,23.0,509087,Miami (FL),5,4,0.59596,0.71693,0.53274,0.64064
2021,baseball,2021-03-08,False,133.0,509086,Miami (OH),6,5,0.66372,0.43687,0.48064,0.50452
2021,baseball,2021-03-08,False,55.0,509089,Michigan,2,1,0.66667,0.5,0.66667,0.58333
2021,baseball,2021-03-08,False,30.0,509088,Michigan St.,3,1,0.75,0.5,0.75,0.625
2021,baseball,2021-03-08,False,52.0,509090,Middle Tenn.,7,3,0.64894,0.615,0.47679,0.58893
2021,baseball,2021-03-08,False,253.0,508925,Milwaukee,0,7,0.0,0.51429,0.27677,0.32633
2021,baseball,2021-03-08,False,220.0,509091,Minnesota,1,3,0.15217,0.5,0.4375,0.39742
2021,baseball,2021-03-08,False,46.0,509092,Mississippi St.,8,3,0.64356,0.60331,0.53736,0.59688
2021,baseball,2021-03-08,False,256.0,509093,Mississippi Val.,0,6,0.0,0.5,0.25172,0.31293
2021,baseball,2021-03-08,False,240.0,509095,Missouri,3,9,0.23684,0.34596,0.51942,0.36205
2021,baseball,2021-03-08,False,50.0,509181,Missouri St.,5,3,0.59551,0.61111,0.54133,0.58976
2021,baseball,2021-03-08,False,,509096,Monmouth,0,0,0.5,0.5,0.5,0.5
2021,baseball,2021-03-08,False,99.0,509097,Morehead St.,4,6,0.52273,0.61247,0.37706,0.53118
2021,baseball,2021-03-08,False,262.0,509098,Mount St. Mary's,3,6,0.28,0.22222,0.40329,0.28193
2021,baseball,2021-03-08,False,145.0,509099,Murray St.,5,6,0.43158,0.54343,0.47174,0.49755
2021,baseball,2021-03-08,False,195.0,509116,N.C. A&T,4,7,0.48421,0.35714,0.52971,0.43205
2021,baseball,2021-03-08,False,221.0,509117,N.C. Central,7,3,0.69318,0.14,0.60719,0.39509
2021,baseball,2021-03-08,False,149.0,509118,NC State,4,6,0.26415,0.60917,0.47161,0.48852
2021,baseball,2021-03-08,False,230.0,509123,NIU,1,6,0.23636,0.43537,0.39792,0.37626
2021,baseball,2021-03-08,False,269.0,509109,NJIT,1,5,0.27083,0.0,0.29451,0.14134
2021,baseball,2021-03-08,False,38.0,508904,Navy,4,0,1.0,0.41667,0.625,0.61458
2021,baseball,2021-03-08,False,30.0,509105,Nebraska,3,1,0.75,0.5,0.75,0.625
2021,baseball,2021-03-08,False,5.0,509108,Nevada,4,4,0.65,0.88889,0.42267,0.71261
2021,baseball,2021-03-08,False,77.0,509111,New Mexico,4,6,0.37805,0.69444,0.44247,0.55235
2021,baseball,2021-03-08,False,169.0,509110,New Mexico St.,1,6,0.23636,0.62619,0.35499,0.46093
2021,baseball,2021-03-08,False,183.0,509112,New Orleans,5,6,0.3271,0.50779,0.45297,0.44891
2021,baseball,2021-03-08,False,,509113,Niagara,0,0,0.5,0.5,0.5,0.5
2021,baseball,2021-03-08,False,167.0,509114,Nicholls,3,7,0.28723,0.56667,0.42762,0.46205
2021,baseball,2021-03-08,False,156.0,509115,Norfolk St.,2,8,0.22727,0.67857,0.29941,0.47096
2021,baseball,2021-03-08,False,239.0,508952,North Ala.,1,8,0.09333,0.50794,0.35456,0.36594
2021,baseball,2021-03-08,False,49.0,509101,North Carolina,7,3,0.67073,0.57083,0.55695,0.59234
2021,baseball,2021-03-08,False,131.0,509119,North Dakota St.,7,3,0.8125,0.31786,0.58066,0.50722
2021,baseball,2021-03-08,False,150.0,508942,North Florida,4,8,0.43333,0.54325,0.43195,0.48795
2021,baseball,2021-03-08,False,86.0,509121,Northeastern,3,4,0.54098,0.57143,0.47411,0.53949
2021,baseball,2021-03-08,False,198.0,509122,Northern Colo.,4,7,0.32,0.5,0.39106,0.42777
2021,baseball,2021-03-08,False,243.0,509124,Northern Ky.,2,9,0.29213,0.34015,0.44342,0.35397
2021,baseball,2021-03-08,False,141.0,509126,Northwestern,2,2,0.5,0.5,0.5,0.5
2021,baseball,2021-03-08,False,204.0,509125,Northwestern St.,5,5,0.46591,0.37,0.48624,0.42304
2021,baseball,2021-03-08,False,25.0,509127,Notre Dame,4,2,0.78788,0.58333,0.59227,0.6367
2021,baseball,2021-03-08,False,83.0,509128,Oakland,6,5,0.69027,0.4632,0.5508,0.54187
2021,baseball,2021-03-08,False,205.0,509130,Ohio,6,3,0.64,0.17857,0.68534,0.42062
2021,baseball,2021-03-08,False,30.0,509129,Ohio St.,3,1,0.75,0.5,0.75,0.625
2021,baseball,2021-03-08,False,121.0,509132,Oklahoma,5,6,0.42727,0.56318,0.49491,0.51213
2021,baseball,2021-03-08,False,10.0,509131,Oklahoma St.,9,0,1.0,0.58157,0.56684,0.68249
2021,baseball,2021-03-08,False,90.0,509133,Old Dominion,8,3,0.61386,0.45628,0.61781,0.53606
2021,baseball,2021-03-08,False,73.0,509094,Ole Miss,10,2,0.75238,0.45928,0.54465,0.5539
2021,baseball,2021-03-08,False,213.0,509106,Omaha,4,5,0.49462,0.32099,0.50531,0.41048
2021,baseball,2021-03-08,False,136.0,509134,Oral Roberts,4,7,0.32,0.61742,0.46077,0.5039
2021,baseball,2021-03-08,False,15.0,509136,Oregon,6,2,0.71739,0.67857,0.56322,0.65944
2021,baseball,2021-03-08,False,35.0,509135,Oregon St.,10,1,0.9115,0.48005,0.61929,0.62272
2021,baseball,2021-03-08,False,69.0,509137,Pacific,5,4,0.65432,0.54815,0.48469,0.55883
2021,baseball,2021-03-08,False,,509140,Penn,0,0,0.5,0.5,0.5,0.5
2021,baseball,2021-03-08,False,141.0,509139,Penn St.,2,2,0.5,0.5,0.5,0.5
2021,baseball,2021-03-08,False,207.0,509141,Pepperdine,3,7,0.35106,0.43766,0.45019,0.41914
2021,baseball,2021-03-08,False,16.0,509142,Pittsburgh,7,3,0.77982,0.59429,0.63106,0.64986
2021,baseball,2021-03-08,False,200.0,509143,Portland,3,6,0.37931,0.35714,0.61207,0.42642
2021,baseball,2021-03-08,False,268.0,509144,Prairie View,0,8,0.0,0.1131,0.48622,0.1781
2021,baseball,2021-03-08,False,228.0,508939,Presbyterian,1,5,0.24074,0.42424,0.45597,0.3863
2021,baseball,2021-03-08,False,,509145,Princeton,0,0,0.5,0.5,0.5,0.5
2021,baseball,2021-03-08,False,231.0,509146,Purdue,1,3,0.25,0.5,0.25,0.375
2021,baseball,2021-03-08,False,254.0,509052,Purdue Fort Wayne,2,6,0.25,0.26786,0.50496,0.32267
2021,baseball,2021-03-08,False,,509147,Quinnipiac,0,0,0.5,0.5,0.5,0.5
2021,baseball,2021-03-08,False,37.0,509148,Radford,4,6,0.36842,0.875,0.34576,0.61605
2021,baseball,2021-03-08,False,63.0,509149,Rhode Island,5,5,0.57317,0.56528,0.56044,0.56604
2021,baseball,2021-03-08,False,229.0,509150,Rice,4,6,0.36471,0.32476,0.51768,0.38298
2021,baseball,2021-03-08,False,67.0,509151,Richmond,5,1,0.83333,0.44762,0.51638,0.56124
2021,baseball,2021-03-08,False,,509152,Rider,0,0,0.5,0.5,0.5,0.5
2021,baseball,2021-03-08,False,115.0,509153,Rutgers,2,2,0.575,0.5,0.5,0.51875
2021,baseball,2021-03-08,False,80.0,509185,SFA,2,6,0.35385,0.68571,0.46112,0.5466
2021,baseball,2021-03-08,False,119.0,509178,SIUE,5,4,0.50617,0.51429,0.5174,0.51304
2021,baseball,2021-03-08,False,57.0,508988,Sacramento St.,7,4,0.70526,0.53084,0.55944,0.5816
2021,baseball,2021-03-08,False,223.0,509154,Sacred Heart,1,6,0.23636,0.57143,0.19767,0.39422
2021,baseball,2021-03-08,False,,509157,Saint Joseph's,0,0,0.5,0.5,0.5,0.5
2021,baseball,2021-03-08,False,211.0,509158,Saint Louis,2,9,0.17699,0.52597,0.42474,0.41342
2021,baseball,2021-03-08,False,165.0,509159,Saint Mary's (CA),6,6,0.5,0.44444,0.46194,0.46271
2021,baseball,2021-03-08,False,,509160,Saint Peter's,0,0,0.5,0.5,0.5,0.5
2021,baseball,2021-03-08,False,113.0,509161,Sam Houston,3,5,0.3375,0.64097,0.4591,0.51964
2021,baseball,2021-03-08,False,191.0,509162,Samford,6,5,0.47191,0.36364,0.5564,0.4389
2021,baseball,2021-03-08,False,103.0,509164,San Diego,7,3,0.69318,0.44286,0.53221,0.52778
2021,baseball,2021-03-08,False,134.0,509163,San Diego St.,7,3,0.64894,0.40714,0.55339,0.50415
2021,baseball,2021-03-08,False,98.0,509165,San Francisco,4,8,0.35088,0.67708,0.42158,0.53165
2021,baseball,2021-03-08,False,,509166,San Jose St.,0,0,0.5,0.5,0.5,0.5
2021,baseball,2021-03-08,False,59.0,509167,Santa Clara,4,7,0.33663,0.75974,0.44183,0.57449
2021,baseball,2021-03-08,False,20.0,508940,Seattle U,5,5,0.65,0.7625,0.41727,0.64807
2021,baseball,2021-03-08,False,219.0,509168,Seton Hall,2,5,0.22951,0.44898,0.46322,0.39767
2021,baseball,2021-03-08,False,,509169,Siena,0,0,0.5,0.5,0.5,0.5
2021,baseball,2021-03-08,False,117.0,509170,South Alabama,6,5,0.5042,0.49935,0.56168,0.51614
2021,baseball,2021-03-08,False,13.0,509171,South Carolina,10,0,1.0,0.5,0.6818,0.67045
2021,baseball,2021-03-08,False,125.0,509172,South Dakota St.,5,5,0.60194,0.45714,0.53031,0.51164
2021,baseball,2021-03-08,False,87.0,509173,South Fla.,7,3,0.64894,0.47143,0.56183,0.53841
2021,baseball,2021-03-08,False,41.0,509174,Southeast Mo. St.,5,6,0.49474,0.67955,0.56709,0.60523
2021,baseball,2021-03-08,False,58.0,509175,Southeastern La.,7,4,0.63636,0.5303,0.61673,0.57843
2021,baseball,2021-03-08,False,186.0,509176,Southern California,3,6,0.24138,0.56808,0.39544,0.44324
2021,baseball,2021-03-08,False,29.0,509177,Southern Ill.,11,0,1.0,0.43934,0.63164,0.62758
2021,baseball,2021-03-08,False,114.0,509179,Southern Miss.,6,5,0.51923,0.53766,0.48233,0.51922
2021,baseball,2021-03-08,False,212.0,509180,Southern U.,4,6,0.44737,0.35666,0.48506,0.41144
2021,baseball,2021-03-08,False,,509155,St. Bonaventure,0,0,0.5,0.5,0.5,0.5
2021,baseball,2021-03-08,False,97.0,509156,St. John's (NY),7,0,1.0,0.19048,0.74592,0.53172
2021,baseball,2021-03-08,False,26.0,509184,Stanford,7,1,0.90541,0.46429,0.701,0.63374
2021,baseball,2021-03-08,False,178.0,509186,Stetson,10,3,0.69725,0.24469,0.62593,0.45314
2021,baseball,2021-03-08,False,265.0,509187,Stony Brook,2,3,0.26415,0.0,0.60952,0.21842
2021,baseball,2021-03-08,False,44.0,508892,TCU,8,3,0.68421,0.59355,0.5333,0.60115
2021,baseball,2021-03-08,False,193.0,509348,Tarleton St.,5,8,0.42718,0.44316,0.43293,0.43661
2021,baseball,2021-03-08,False,42.0,509189,Tennessee,11,2,0.79528,0.48761,0.6358,0.60157
2021,baseball,2021-03-08,False,197.0,509188,Tennessee Tech,3,4,0.4918,0.33571,0.55424,0.42937
2021,baseball,2021-03-08,False,74.0,508896,Texas,7,5,0.57265,0.56064,0.5195,0.55336
2021,baseball,2021-03-08,False,140.0,508891,Texas A&M,9,4,0.58475,0.43376,0.54785,0.50003
2021,baseball,2021-03-08,False,257.0,508893,Texas Southern,3,9,0.25,0.29444,0.41208,0.31274
2021,baseball,2021-03-08,False,209.0,509182,Texas St.,5,8,0.33884,0.38897,0.54442,0.4153
2021,baseball,2021-03-08,False,81.0,508894,Texas Tech,8,3,0.68421,0.4746,0.54659,0.545
2021,baseball,2021-03-08,False,248.0,509002,The Citadel,4,6,0.30357,0.28417,0.49766,0.34239
2021,baseball,2021-03-08,False,196.0,508898,Toledo,1,8,0.18841,0.59524,0.34147,0.43009
2021,baseball,2021-03-08,False,250.0,508899,Towson,1,9,0.17105,0.34393,0.48106,0.33499
2021,baseball,2021-03-08,False,127.0,508900,Troy,7,5,0.54444,0.50915,0.47796,0.51018
2021,baseball,2021-03-08,False,94.0,508901,Tulane,5,6,0.40594,0.61234,0.50498,0.5339
2021,baseball,2021-03-08,False,234.0,508958,UAB,6,4,0.47727,0.24205,0.52425,0.3714
2021,baseball,2021-03-08,False,247.0,508959,UAlbany,1,2,0.48148,0.2,0.49841,0.34497
2021,baseball,2021-03-08,False,206.0,508991,UC Davis,3,7,0.1875,0.57143,0.34673,0.41927
2021,baseball,2021-03-08,False,40.0,508992,UC Irvine,5,4,0.5942,0.66071,0.52801,0.61091
2021,baseball,2021-03-08,False,39.0,508994,UC Riverside,2,1,0.51852,0.66667,0.59798,0.61246
2021,baseball,2021-03-08,False,201.0,509216,UC San Diego,1,7,0.15116,0.58333,0.38429,0.42553
2021,baseball,2021-03-08,False,148.0,508989,UC Santa Barbara,6,5,0.45378,0.46591,0.57845,0.49101
2021,baseball,2021-03-08,False,76.0,508998,UCF,3,8,0.312,0.741,0.41755,0.55289
2021,baseball,2021-03-08,False,101.0,508993,UCLA,8,3,0.62921,0.45833,0.56709,0.52824
2021,baseball,2021-03-08,False,100.0,509006,UConn,4,5,0.56322,0.5358,0.4894,0.53106
2021,baseball,2021-03-08,False,184.0,509049,UIC,1,5,0.27083,0.57143,0.37507,0.44719
2021,baseball,2021-03-08,False,112.0,508943,UIW,3,1,0.75,0.41667,0.50214,0.52137
2021,baseball,2021-03-08,False,190.0,509120,ULM,5,3,0.60294,0.31721,0.52008,0.43936
2021,baseball,2021-03-08,False,161.0,509079,UMBC,3,0,1.0,0.0,0.86111,0.46528
2021,baseball,2021-03-08,False,,509081,UMES,0,0,0.5,0.5,0.5,0.5
2021,baseball,2021-03-08,False,218.0,509073,UMass Lowell,0,6,0.0,0.64286,0.31263,0.39959
2021,baseball,2021-03-08,False,236.0,509100,UNC Asheville,1,7,0.19118,0.46818,0.34922,0.36919
2021,baseball,2021-03-08,False,28.0,509103,UNC Greensboro,9,2,0.79091,0.56566,0.60103,0.63081
2021,baseball,2021-03-08,False,123.0,509104,UNCW,7,3,0.55682,0.50595,0.47803,0.51169
2021,baseball,2021-03-08,False,18.0,509107,UNLV,5,1,0.72917,0.58571,0.6961,0.64917
2021,baseball,2021-03-08,False,36.0,508945,USC Upstate,9,0,1.0,0.38889,0.70926,0.62176
2021,baseball,2021-03-08,False,143.0,508895,UT Arlington,5,5,0.5,0.48833,0.52256,0.49981
2021,baseball,2021-03-08,False,135.0,509190,UT Martin,3,6,0.48148,0.55934,0.416,0.50404
2021,baseball,2021-03-08,False,147.0,509138,UTRGV,7,4,0.61798,0.38636,0.5737,0.4911
2021,baseball,2021-03-08,False,48.0,508897,UTSA,5,2,0.70149,0.55238,0.56447,0.59268
2021,baseball,2021-03-08,False,225.0,508905,Utah,1,8,0.18841,0.47619,0.42224,0.39076
2021,baseball,2021-03-08,False,222.0,509412,Utah Tech,0,7,0.0,0.62245,0.33218,0.39427
2021,baseball,2021-03-08,False,180.0,508951,Utah Valley,2,5,0.42623,0.46939,0.44512,0.45253
2021,baseball,2021-03-08,False,160.0,508909,VCU,5,5,0.60227,0.37429,0.51032,0.46529
2021,baseball,2021-03-08,False,259.0,508910,VMI,2,6,0.18919,0.26964,0.49179,0.30507
2021,baseball,2021-03-08,False,237.0,508906,Valparaiso,1,5,0.27083,0.41071,0.37939,0.36791
2021,baseball,2021-03-08,False,62.0,508907,Vanderbilt,9,1,0.82895,0.39206,0.66401,0.56927
2021,baseball,2021-03-08,False,144.0,508908,Villanova,2,2,0.5,0.45833,0.57549,0.49804
2021,baseball,2021-03-08,False,89.0,508912,Virginia,6,5,0.56842,0.53896,0.49823,0.53614
2021,baseball,2021-03-08,False,9.0,508911,Virginia Tech,7,2,0.75309,0.70547,0.59409,0.68953
2021,baseball,2021-03-08,False,88.0,508913,Wagner,1,1,0.65,0.5,0.5,0.5375
2021,baseball,2021-03-08,False,137.0,508914,Wake Forest,3,4,0.28767,0.59524,0.5368,0.50374
2021,baseball,2021-03-08,False,146.0,508916,Washington,4,6,0.31818,0.61429,0.42559,0.49309
2021,baseball,2021-03-08,False,116.0,508915,Washington St.,9,2,0.84,0.27706,0.67077,0.51622
2021,baseball,2021-03-08,False,108.0,508917,West Virginia,4,3,0.68657,0.37937,0.65654,0.52546
2021,baseball,2021-03-08,False,93.0,508918,Western Caro.,7,4,0.66337,0.48918,0.49392,0.53391
2021,baseball,2021-03-08,False,155.0,508919,Western Ill.,2,6,0.38235,0.54688,0.41719,0.47332
2021,baseball,2021-03-08,False,170.0,508920,Western Ky.,4,6,0.3617,0.50139,0.47482,0.45983
2021,baseball,2021-03-08,False,255.0,508921,Western Mich.,0,3,0.0,0.42857,0.415,0.31804
2021,baseball,2021-03-08,False,105.0,508922,Wichita St.,6,3,0.55172,0.48889,0.58106,0.52764
2021,baseball,2021-03-08,False,249.0,508923,William & Mary,1,5,0.21667,0.34127,0.45327,0.33812
2021,baseball,2021-03-08,False,215.0,508924,Winthrop,3,5,0.2625,0.4375,0.48384,0.40534
2021,baseball,2021-03-08,False,179.0,508944,Wofford,7,5,0.62037,0.29246,0.60576,0.45276
2021,baseball,2021-03-08,False,122.0,508926,Wright St.,4,5,0.44444,0.58069,0.4421,0.51198
2021,baseball,2021-03-08,False,79.0,508927,Xavier,3,4,0.58209,0.62857,0.34766,0.54672
2021,baseball,2021-03-08,False,,508928,Yale,0,0,0.5,0.5,0.5,0.5
2021,baseball,2021-03-08,False,159.0,508929,Youngstown St.,5,7,0.57018,0.40833,0.47867,0.46638
2021,baseball,2021-03-15,False,166.0,508948,A&M-Corpus Christi,4,11,0.22222,0.62555,0.42846,0.47545
2021,baseball,2021-03-15,False,115.0,508954,Abilene Christian,10,5,0.68217,0.423,0.51971,0.51197
2021,baseball,2021-03-15,False,80.0,508902,Air Force,6,6,0.59459,0.52346,0.51252,0.53851
2021,baseball,2021-03-15,False,63.0,508890,Akron,5,1,0.72917,0.5,0.5,0.55729
2021,baseball,2021-03-15,False,19.0,508957,Alabama,14,3,0.77852,0.60838,0.4938,0.62227
2021,baseball,2021-03-15,False,269.0,508955,Alabama A&M,0,5,0.0,0.40979,0.41766,0.30931
2021,baseball,2021-03-15,False,228.0,508956,Alabama St.,3,10,0.18621,0.50946,0.42861,0.40844
2021,baseball,2021-03-15,False,226.0,508960,Alcorn,3,4,0.45882,0.36429,0.4796,0.41675
2021,baseball,2021-03-15,False,84.0,508961,App State,6,8,0.51724,0.5692,0.47807,0.53343
2021,baseball,2021-03-15,False,20.0,508963,Arizona,12,4,0.64865,0.64214,0.52673,0.61491
2021,baseball,2021-03-15,False,13.0,508962,Arizona St.,11,2,0.74757,0.60507,0.61024,0.64199
2021,baseball,2021-03-15,False,216.0,508941,Ark.-Pine Bluff,2,8,0.31707,0.46673,0.46778,0.42958
2021,baseball,2021-03-15,False,3.0,508965,Arkansas,12,1,0.9375,0.69219,0.55887,0.72019
2021,baseball,2021-03-15,False,190.0,508964,Arkansas St.,3,8,0.28421,0.54144,0.4701,0.4593
2021,baseball,2021-03-15,False,263.0,508903,Army West Point,3,8,0.26733,0.31818,0.44995,0.33841
2021,baseball,2021-03-15,False,131.0,508967,Auburn,10,5,0.57246,0.45653,0.51201,0.49938
2021,baseball,2021-03-15,False,253.0,508968,Austin Peay,3,10,0.24194,0.42102,0.43296,0.37923
2021,baseball,2021-03-15,False,172.0,508977,BYU,3,10,0.3578,0.5084,0.50542,0.47
2021,baseball,2021-03-15,False,7.0,508969,Ball St.,6,7,0.58065,0.8141,0.45287,0.66543
2021,baseball,2021-03-15,False,43.0,508971,Baylor,10,4,0.69912,0.56378,0.52079,0.58687
2021,baseball,2021-03-15,False,218.0,509202,Bellarmine,3,10,0.19266,0.5358,0.43998,0.42606
2021,baseball,2021-03-15,False,191.0,508946,Belmont,4,7,0.35789,0.49149,0.49503,0.45898
2021,baseball,2021-03-15,False,,508972,Bethune-Cookman,0,0,0.5,0.5,0.5,0.5
2021,baseball,2021-03-15,False,,508973,Binghamton,0,0,0.5,0.5,0.5,0.5
2021,baseball,2021-03-15,False,14.0,508974,Boston College,9,5,0.75,0.66195,0.49175,0.64141
2021,baseball,2021-03-15,False,243.0,508975,Bowling Green,2,8,0.31707,0.40909,0.43516,0.3926
2021,baseball,2021-03-15,False,120.0,508976,Bradley,5,4,0.64583,0.40513,0.57164,0.50693
2021,baseball,2021-03-15,False,,508978,Brown,0,0,0.5,0.5,0.5,0.5
2021,baseball,2021-03-15,False,198.0,508979,Bryant,2,6,0.35135,0.50794,0.43901,0.45156
2021,baseball,2021-03-15,False,268.0,508980,Bucknell,1,5,0.19697,0.34545,0.36274,0.31266
2021,baseball,2021-03-15,False,267.0,508981,Butler,2,2,0.35,0.25,0.4197,0.31742
2021,baseball,2021-03-15,False,201.0,508983,CSU Bakersfield,3,4,0.40299,0.43764,0.51844,0.44918
2021,baseball,2021-03-15,False,,508987,CSUN,0,0,0.5,0.5,0.5,0.5
2021,baseball,2021-03-15,False,178.0,508982,Cal Poly,8,5,0.53543,0.40293,0.52491,0.46655
2021,baseball,2021-03-15,False,154.0,508985,Cal St. Fullerton,4,10,0.3125,0.58626,0.45038,0.48385
2021,baseball,2021-03-15,False,93.0,508990,California,10,6,0.60294,0.46818,0.56064,0.52499
2021,baseball,2021-03-15,False,103.0,508953,California Baptist,10,4,0.65672,0.42208,0.56656,0.51686
2021,baseball,2021-03-15,False,97.0,508995,Campbell,9,5,0.51639,0.50485,0.55603,0.52053
2021,baseball,2021-03-15,False,,508996,Canisius,0,0,0.5,0.5,0.5,0.5
2021,baseball,2021-03-15,False,180.0,508930,Central Ark.,5,6,0.40594,0.5031,0.44955,0.46542
2021,baseball,2021-03-15,False,221.0,508997,Central Conn. St.,3,2,0.44681,0.4,0.45429,0.42528
2021,baseball,2021-03-15,False,175.0,508999,Central Mich.,5,5,0.65,0.36786,0.48237,0.46702
2021,baseball,2021-03-15,False,230.0,508970,Charleston So.,4,5,0.30108,0.4053,0.51932,0.40775
2021,baseball,2021-03-15,False,52.0,509102,Charlotte,8,6,0.50909,0.64529,0.50734,0.57675
2021,baseball,2021-03-15,False,133.0,509001,Cincinnati,6,7,0.55046,0.43504,0.57537,0.49898
2021,baseball,2021-03-15,False,76.0,509003,Clemson,5,8,0.3125,0.71205,0.42782,0.54111
2021,baseball,2021-03-15,False,153.0,509004,Coastal Carolina,10,5,0.53901,0.4243,0.5494,0.48425
2021,baseball,2021-03-15,False,200.0,508933,Col. of Charleston,5,9,0.23973,0.54192,0.47444,0.4495
2021,baseball,2021-03-15,False,,509005,Columbia,0,0,0.5,0.5,0.5,0.5
2021,baseball,2021-03-15,False,247.0,509007,Coppin St.,2,8,0.2766,0.4526,0.35777,0.38489
2021,baseball,2021-03-15,False,,509008,Cornell,0,0,0.5,0.5,0.5,0.5
2021,baseball,2021-03-15,False,109.0,509009,Creighton,4,3,0.71233,0.40952,0.52861,0.515
2021,baseball,2021-03-15,False,143.0,508934,DBU,9,5,0.53731,0.43608,0.55605,0.49138
2021,baseball,2021-03-15,False,,509010,Dartmouth,0,0,0.5,0.5,0.5,0.5
2021,baseball,2021-03-15,False,232.0,509011,Davidson,5,8,0.39175,0.35551,0.52371,0.40662
2021,baseball,2021-03-15,False,185.0,509012,Dayton,3,10,0.2126,0.61608,0.40674,0.46288
2021,baseball,2021-03-15,False,142.0,509014,Delaware,2,2,0.41176,0.55,0.45774,0.49238
2021,baseball,2021-03-15,False,122.0,509013,Delaware St.,2,5,0.42623,0.63636,0.32613,0.50627
2021,baseball,2021-03-15,False,29.0,509015,Duke,6,6,0.45,0.72234,0.51861,0.60332
2021,baseball,2021-03-15,False,145.0,509017,ETSU,10,5,0.60741,0.41315,0.52528,0.48975
2021,baseball,2021-03-15,False,5.0,509016,East Carolina,13,2,0.84496,0.67582,0.57308,0.69242
2021,baseball,2021-03-15,False,82.0,509018,Eastern Ill.,9,7,0.63253,0.51391,0.48192,0.53557
2021,baseball,2021-03-15,False,150.0,509019,Eastern Ky.,5,9,0.43443,0.52288,0.46425,0.48611
2021,baseball,2021-03-15,False,169.0,509020,Eastern Mich.,4,5,0.5977,0.3664,0.56515,0.47391
2021,baseball,2021-03-15,False,168.0,508935,Elon,5,8,0.38843,0.5212,0.46564,0.47412
2021,baseball,2021-03-15,False,114.0,509021,Evansville,7,9,0.44853,0.57292,0.45512,0.51237
2021,baseball,2021-03-15,False,10.0,509023,FDU,1,3,0.38235,1.0,0.23698,0.65483
2021,baseball,2021-03-15,False,4.0,508950,FGCU,10,4,0.67143,0.80889,0.52702,0.70406
2021,baseball,2021-03-15,False,162.0,509026,FIU,6,8,0.36986,0.52876,0.48945,0.47921
2021,baseball,2021-03-15,False,,509022,Fairfield,0,0,0.5,0.5,0.5,0.5
2021,baseball,2021-03-15,False,44.0,509025,Fla. Atlantic,9,5,0.57857,0.5963,0.57621,0.58685
2021,baseball,2021-03-15,False,101.0,509028,Florida,13,4,0.65101,0.43828,0.54506,0.51816
2021,baseball,2021-03-15,False,254.0,509024,Florida A&M,3,12,0.26316,0.39585,0.45521,0.37752
2021,baseball,2021-03-15,False,106.0,509027,Florida St.,6,6,0.42857,0.53374,0.56803,0.51602
2021,baseball,2021-03-15,False,160.0,509029,Fordham,7,1,0.80882,0.21023,0.69149,0.48019
2021,baseball,2021-03-15,False,124.0,508984,Fresno St.,5,5,0.46591,0.50143,0.54911,0.50447
2021,baseball,2021-03-15,False,72.0,509034,Ga. Southern,9,6,0.4902,0.58713,0.51545,0.54498
2021,baseball,2021-03-15,False,137.0,508936,Gardner-Webb,2,7,0.26667,0.67366,0.36769,0.49542
2021,baseball,2021-03-15,False,111.0,509031,George Mason,2,6,0.27027,0.72817,0.32558,0.51305
2021,baseball,2021-03-15,False,22.0,509032,George Washington,5,4,0.50538,0.7612,0.42549,0.61332
2021,baseball,2021-03-15,False,,509033,Georgetown,0,0,0.5,0.5,0.5,0.5
2021,baseball,2021-03-15,False,53.0,509037,Georgia,13,3,0.75735,0.4751,0.59147,0.57476
2021,baseball,2021-03-15,False,71.0,509035,Georgia St.,4,13,0.26846,0.74114,0.42957,0.54508
2021,baseball,2021-03-15,False,60.0,509036,Georgia Tech,9,5,0.55479,0.56981,0.56057,0.56375
2021,baseball,2021-03-15,False,51.0,509038,Gonzaga,8,8,0.55844,0.6687,0.4311,0.58173
2021,baseball,2021-03-15,False,272.0,509039,Grambling,0,11,0.0,0.24545,0.47772,0.24216
2021,baseball,2021-03-15,False,146.0,508937,Grand Canyon,5,9,0.25,0.63057,0.44287,0.4885
2021,baseball,2021-03-15,False,,509040,Hartford,0,0,0.5,0.5,0.5,0.5
2021,baseball,2021-03-15,False,,509041,Harvard,0,0,0.5,0.5,0.5,0.5
2021,baseball,2021-03-15,False,1.0,509042,Hawaii,8,2,0.81579,0.9,0.4953,0.77777
2021,baseball,2021-03-15,False,256.0,508947,High Point,5,7,0.30894,0.32008,0.54896,0.37451
2021,baseball,2021-03-15,False,167.0,509043,Hofstra,7,5,0.64035,0.375,0.50951,0.47497
2021,baseball,2021-03-15,False,,509044,Holy Cross,0,0,0.5,0.5,0.5,0.5
2021,baseball,2021-03-15,False,91.0,509046,Houston,10,5,0.68027,0.45011,0.53084,0.52783
2021,baseball,2021-03-15,False,219.0,509045,Houston Christian,2,13,0.22222,0.53715,0.40635,0.42572
2021,baseball,2021-03-15,False,177.0,509048,Illinois,4,4,0.56977,0.375,0.54688,0.46666
2021,baseball,2021-03-15,False,184.0,509047,Illinois St.,5,9,0.39552,0.47882,0.49937,0.46313
2021,baseball,2021-03-15,False,28.0,509051,Indiana,7,1,0.86486,0.45833,0.64062,0.60554
2021,baseball,2021-03-15,False,6.0,509050,Indiana St.,9,5,0.73548,0.74141,0.52925,0.68689
2021,baseball,2021-03-15,False,,509053,Iona,0,0,0.5,0.5,0.5,0.5
2021,baseball,2021-03-15,False,37.0,509054,Iowa,3,5,0.375,0.83333,0.32812,0.59245
2021,baseball,2021-03-15,False,77.0,509055,Jackson St.,10,5,0.75177,0.43947,0.53262,0.54083
2021,baseball,2021-03-15,False,199.0,509057,Jacksonville,4,10,0.25373,0.57413,0.4008,0.4507
2021,baseball,2021-03-15,False,121.0,509056,Jacksonville St.,7,8,0.41497,0.55452,0.50328,0.50682
2021,baseball,2021-03-15,False,262.0,509058,James Madison,3,6,0.33333,0.29545,0.45131,0.34389
2021,baseball,2021-03-15,False,74.0,509060,Kansas,8,6,0.68531,0.47579,0.53144,0.54209
2021,baseball,2021-03-15,False,161.0,509059,Kansas St.,11,5,0.64189,0.38088,0.51391,0.47939
2021,baseball,2021-03-15,False,129.0,508938,Kennesaw St.,10,5,0.65891,0.42057,0.50117,0.5003
2021,baseball,2021-03-15,False,59.0,509061,Kent St.,6,5,0.53933,0.60956,0.50797,0.5666
2021,baseball,2021-03-15,False,89.0,509062,Kentucky,11,2,0.74757,0.36679,0.63139,0.52814
2021,baseball,2021-03-15,False,12.0,509068,LIU,1,0,1.0,0.33333,0.90625,0.64323
2021,baseball,2021-03-15,False,94.0,509074,LMU (CA),7,7,0.57759,0.52454,0.47082,0.52437
2021,baseball,2021-03-15,False,64.0,509070,LSU,14,3,0.73826,0.486,0.51349,0.55594
2021,baseball,2021-03-15,False,250.0,509063,La Salle,6,6,0.45,0.28241,0.51798,0.3832
2021,baseball,2021-03-15,False,240.0,509064,Lafayette,1,1,0.35,0.33333,0.575,0.39792
2021,baseball,2021-03-15,False,85.0,509065,Lamar University,7,2,0.82716,0.39468,0.51579,0.53308
2021,baseball,2021-03-15,False,265.0,509066,Lehigh,4,5,0.46465,0.14444,0.53429,0.32196
2021,baseball,2021-03-15,False,67.0,509067,Liberty,10,5,0.74074,0.46595,0.53273,0.55135
2021,baseball,2021-03-15,False,92.0,508949,Lipscomb,5,5,0.48235,0.57705,0.47324,0.52742
2021,baseball,2021-03-15,False,163.0,508966,Little Rock,6,7,0.51969,0.43984,0.51635,0.47893
2021,baseball,2021-03-15,False,,508986,Long Beach St.,0,0,0.5,0.5,0.5,0.5
2021,baseball,2021-03-15,False,209.0,509069,Longwood,7,7,0.5411,0.38268,0.46328,0.44244
2021,baseball,2021-03-15,False,87.0,509183,Louisiana,9,8,0.52448,0.54631,0.50683,0.53098
2021,baseball,2021-03-15,False,26.0,509071,Louisiana Tech,9,5,0.60504,0.67016,0.49003,0.60885
2021,baseball,2021-03-15,False,69.0,509072,Louisville,11,4,0.6748,0.4851,0.54668,0.54792
2021,baseball,2021-03-15,False,41.0,509075,Maine,5,3,0.75581,0.51442,0.57046,0.58878
2021,baseball,2021-03-15,False,,509076,Manhattan,0,0,0.5,0.5,0.5,0.5
2021,baseball,2021-03-15,False,,509077,Marist,0,0,0.5,0.5,0.5,0.5
2021,baseball,2021-03-15,False,181.0,509078,Marshall,3,4,0.49254,0.39461,0.5775,0.46481
2021,baseball,2021-03-15,False,249.0,509080,Maryland,3,5,0.3,0.375,0.48438,0.38359
2021,baseball,2021-03-15,False,75.0,509082,Massachusetts,4,3,0.71233,0.47755,0.50035,0.54194
2021,baseball,2021-03-15,False,113.0,509083,McNeese,8,6,0.57143,0.46829,0.54178,0.51244
2021,baseball,2021-03-15,False,176.0,509084,Memphis,6,7,0.45,0.47985,0.45786,0.46689
2021,baseball,2021-03-15,False,139.0,509085,Mercer,5,9,0.27344,0.64368,0.42029,0.49527
2021,baseball,2021-03-15,False,231.0,508931,Merrimack,3,5,0.24419,0.47917,0.42578,0.40708
2021,baseball,2021-03-15,False,23.0,509087,Miami (FL),8,4,0.66667,0.60964,0.55597,0.61048
2021,baseball,2021-03-15,False,125.0,509086,Miami (OH),7,7,0.62857,0.43098,0.51648,0.50175
2021,baseball,2021-03-15,False,34.0,509089,Michigan,7,1,0.875,0.375,0.75,0.59375
2021,baseball,2021-03-15,False,152.0,509088,Michigan St.,4,4,0.5,0.5,0.4375,0.48438
2021,baseball,2021-03-15,False,208.0,509090,Middle Tenn.,9,5,0.5597,0.35374,0.5029,0.44252
2021,baseball,2021-03-15,False,257.0,508925,Milwaukee,2,9,0.29213,0.4,0.39589,0.37201
2021,baseball,2021-03-15,False,259.0,509091,Minnesota,2,6,0.15217,0.45833,0.41406,0.37073
2021,baseball,2021-03-15,False,21.0,509092,Mississippi St.,13,3,0.73529,0.61213,0.49599,0.61389
2021,baseball,2021-03-15,False,271.0,509093,Mississippi Val.,0,6,0.0,0.33333,0.39944,0.26653
2021,baseball,2021-03-15,False,212.0,509095,Missouri,7,10,0.45665,0.37533,0.53992,0.43681
2021,baseball,2021-03-15,False,134.0,509181,Missouri St.,5,5,0.51456,0.46173,0.55769,0.49893
2021,baseball,2021-03-15,False,,509096,Monmouth,0,0,0.5,0.5,0.5,0.5
2021,baseball,2021-03-15,False,110.0,509097,Morehead St.,7,7,0.54918,0.51546,0.47718,0.51432
2021,baseball,2021-03-15,False,273.0,509098,Mount St. Mary's,4,8,0.25926,0.1,0.49129,0.23764
2021,baseball,2021-03-15,False,81.0,509099,Murray St.,7,8,0.4963,0.58114,0.49263,0.5378
2021,baseball,2021-03-15,False,223.0,509116,N.C. A&T,5,10,0.39259,0.38935,0.52133,0.42316
2021,baseball,2021-03-15,False,210.0,509117,N.C. Central,8,5,0.56198,0.34182,0.51654,0.44054
2021,baseball,2021-03-15,False,151.0,509118,NC State,4,6,0.26415,0.58806,0.49829,0.48464
2021,baseball,2021-03-15,False,252.0,509123,NIU,1,10,0.14607,0.47098,0.43108,0.37978
2021,baseball,2021-03-15,False,255.0,509109,NJIT,1,5,0.27083,0.4625,0.30685,0.37567
2021,baseball,2021-03-15,False,66.0,508904,Navy,4,0,1.0,0.29167,0.62795,0.55282
2021,baseball,2021-03-15,False,197.0,509105,Nebraska,5,3,0.625,0.25,0.6875,0.45312
2021,baseball,2021-03-15,False,61.0,509108,Nevada,4,7,0.51485,0.63131,0.46044,0.55948
2021,baseball,2021-03-15,False,117.0,509111,New Mexico,5,8,0.40367,0.57582,0.4892,0.51113
2021,baseball,2021-03-15,False,222.0,509110,New Mexico St.,4,7,0.38202,0.41591,0.48313,0.42424
2021,baseball,2021-03-15,False,207.0,509112,New Orleans,9,7,0.42568,0.42037,0.50842,0.44371
2021,baseball,2021-03-15,False,,509113,Niagara,0,0,0.5,0.5,0.5,0.5
2021,baseball,2021-03-15,False,187.0,509114,Nicholls,7,7,0.45082,0.43715,0.5259,0.46276
2021,baseball,2021-03-15,False,196.0,509115,Norfolk St.,3,10,0.22314,0.59241,0.40467,0.45316
2021,baseball,2021-03-15,False,260.0,508952,North Ala.,1,12,0.06422,0.48192,0.44382,0.36797
2021,baseball,2021-03-15,False,57.0,509101,North Carolina,10,4,0.65517,0.53347,0.55109,0.5683
2021,baseball,2021-03-15,False,86.0,509119,North Dakota St.,10,3,0.86093,0.33671,0.59347,0.53196
2021,baseball,2021-03-15,False,149.0,508942,North Florida,5,11,0.38312,0.53982,0.48327,0.48651
2021,baseball,2021-03-15,False,188.0,509121,Northeastern,6,5,0.56842,0.36364,0.54573,0.46036
2021,baseball,2021-03-15,False,214.0,509122,Northern Colo.,4,11,0.26144,0.53796,0.39374,0.43278
2021,baseball,2021-03-15,False,192.0,509124,Northern Ky.,5,10,0.38211,0.49175,0.47023,0.45896
2021,baseball,2021-03-15,False,130.0,509126,Northwestern,5,3,0.625,0.375,0.625,0.5
2021,baseball,2021-03-15,False,174.0,509125,Northwestern St.,7,7,0.42969,0.46883,0.50238,0.46743
2021,baseball,2021-03-15,False,32.0,509127,Notre Dame,7,2,0.86667,0.43889,0.63607,0.59513
2021,baseball,2021-03-15,False,182.0,509128,Oakland,7,8,0.61905,0.36539,0.50356,0.46335
2021,baseball,2021-03-15,False,158.0,509130,Ohio,6,4,0.58537,0.38701,0.56366,0.48076
2021,baseball,2021-03-15,False,40.0,509129,Ohio St.,5,3,0.625,0.625,0.48438,0.58984
2021,baseball,2021-03-15,False,155.0,509132,Oklahoma,7,7,0.44526,0.49396,0.49875,0.48298
2021,baseball,2021-03-15,False,17.0,509131,Oklahoma St.,11,2,0.79528,0.60064,0.52062,0.6293
2021,baseball,2021-03-15,False,50.0,509133,Old Dominion,12,3,0.71111,0.52172,0.58067,0.58381
2021,baseball,2021-03-15,False,54.0,509094,Ole Miss,13,3,0.71942,0.52798,0.52056,0.57398
2021,baseball,2021-03-15,False,211.0,509106,Omaha,5,8,0.38129,0.4645,0.44379,0.43852
2021,baseball,2021-03-15,False,96.0,509134,Oral Roberts,6,9,0.38596,0.61703,0.46953,0.52239
2021,baseball,2021-03-15,False,8.0,509136,Oregon,8,3,0.736,0.69642,0.52649,0.66383
2021,baseball,2021-03-15,False,35.0,509135,Oregon St.,11,3,0.75342,0.51851,0.58452,0.59374
2021,baseball,2021-03-15,False,116.0,509137,Pacific,6,7,0.49624,0.53663,0.47524,0.51119
2021,baseball,2021-03-15,False,,509140,Penn,0,0,0.5,0.5,0.5,0.5
2021,baseball,2021-03-15,False,83.0,509139,Penn St.,2,6,0.29412,0.75,0.34375,0.53447
2021,baseball,2021-03-15,False,164.0,509141,Pepperdine,5,9,0.4403,0.49127,0.49087,0.47843
2021,baseball,2021-03-15,False,11.0,509142,Pittsburgh,9,4,0.78169,0.61574,0.59514,0.65208
2021,baseball,2021-03-15,False,206.0,509143,Portland,7,7,0.5,0.34172,0.59835,0.44545
2021,baseball,2021-03-15,False,266.0,509144,Prairie View,2,10,0.15556,0.34887,0.433,0.32157
2021,baseball,2021-03-15,False,225.0,508939,Presbyterian,1,5,0.24074,0.50278,0.43121,0.41938
2021,baseball,2021-03-15,False,,509145,Princeton,0,0,0.5,0.5,0.5,0.5
2021,baseball,2021-03-15,False,227.0,509146,Purdue,1,7,0.125,0.625,0.28125,0.41406
2021,baseball,2021-03-15,False,189.0,509052,Purdue Fort Wayne,4,7,0.40708,0.46556,0.50131,0.45988
2021,baseball,2021-03-15,False,,509147,Quinnipiac,0,0,0.5,0.5,0.5,0.5
2021,baseball,2021-03-15,False,27.0,509148,Radford,7,7,0.54918,0.72219,0.43117,0.60618
2021,baseball,2021-03-15,False,42.0,509149,Rhode Island,7,5,0.63542,0.586,0.54184,0.58732
2021,baseball,2021-03-15,False,241.0,509150,Rice,8,7,0.46825,0.28729,0.54102,0.39596
2021,baseball,2021-03-15,False,193.0,509151,Richmond,5,3,0.56452,0.41448,0.43664,0.45753
2021,baseball,2021-03-15,False,,509152,Rider,0,0,0.5,0.5,0.5,0.5
2021,baseball,2021-03-15,False,159.0,509153,Rutgers,4,4,0.6125,0.41667,0.47656,0.4806
2021,baseball,2021-03-15,False,242.0,509185,SFA,2,10,0.24731,0.44487,0.44282,0.39497
2021,baseball,2021-03-15,False,183.0,509178,SIUE,6,6,0.42105,0.45689,0.51816,0.46325
2021,baseball,2021-03-15,False,46.0,508988,Sacramento St.,10,5,0.75177,0.52459,0.54503,0.5865
2021,baseball,2021-03-15,False,235.0,509154,Sacred Heart,2,10,0.27083,0.4881,0.37377,0.4052
2021,baseball,2021-03-15,False,2.0,509157,Saint Joseph's,4,0,1.0,0.66346,0.60475,0.73292
2021,baseball,2021-03-15,False,224.0,509158,Saint Louis,4,11,0.22222,0.51854,0.42221,0.42038
2021,baseball,2021-03-15,False,99.0,509159,Saint Mary's (CA),9,7,0.57558,0.50972,0.48509,0.52003
2021,baseball,2021-03-15,False,,509160,Saint Peter's,0,0,0.5,0.5,0.5,0.5
2021,baseball,2021-03-15,False,194.0,509161,Sam Houston,3,10,0.23478,0.5725,0.44817,0.45699
2021,baseball,2021-03-15,False,173.0,509162,Samford,7,9,0.42308,0.47863,0.49056,0.46772
2021,baseball,2021-03-15,False,31.0,509164,San Diego,11,3,0.76724,0.50606,0.60787,0.59681
2021,baseball,2021-03-15,False,48.0,509163,San Diego St.,9,4,0.61983,0.61089,0.4975,0.58478
2021,baseball,2021-03-15,False,123.0,509165,San Francisco,4,11,0.2963,0.65168,0.42536,0.50626
2021,baseball,2021-03-15,False,,509166,San Jose St.,0,0,0.5,0.5,0.5,0.5
2021,baseball,2021-03-15,False,95.0,509167,Santa Clara,6,9,0.42553,0.58788,0.48915,0.52261
2021,baseball,2021-03-15,False,36.0,508940,Seattle U,5,8,0.53719,0.69643,0.43988,0.59248
2021,baseball,2021-03-15,False,213.0,509168,Seton Hall,3,7,0.30682,0.47364,0.48275,0.43421
2021,baseball,2021-03-15,False,,509169,Siena,0,0,0.5,0.5,0.5,0.5
2021,baseball,2021-03-15,False,138.0,509170,South Alabama,7,8,0.42138,0.52517,0.50973,0.49536
2021,baseball,2021-03-15,False,49.0,509171,South Carolina,11,3,0.81416,0.46838,0.58446,0.58385
2021,baseball,2021-03-15,False,157.0,509172,South Dakota St.,5,7,0.52991,0.44805,0.50229,0.48208
2021,baseball,2021-03-15,False,126.0,509173,South Fla.,7,6,0.50413,0.496,0.51004,0.50154
2021,baseball,2021-03-15,False,56.0,509174,Southeast Mo. St.,7,7,0.57031,0.59444,0.52854,0.57194
2021,baseball,2021-03-15,False,79.0,509175,Southeastern La.,11,4,0.73333,0.42784,0.56595,0.53874
2021,baseball,2021-03-15,False,156.0,509176,Southern California,6,6,0.38889,0.50981,0.51997,0.48212
2021,baseball,2021-03-15,False,25.0,509177,Southern Ill.,14,1,0.9078,0.48946,0.55339,0.61003
2021,baseball,2021-03-15,False,78.0,509179,Southern Miss.,9,5,0.6,0.51382,0.53539,0.54076
2021,baseball,2021-03-15,False,244.0,509180,Southern U.,5,9,0.42727,0.32602,0.47277,0.38802
2021,baseball,2021-03-15,False,,509155,St. Bonaventure,0,0,0.5,0.5,0.5,0.5
2021,baseball,2021-03-15,False,140.0,509156,St. John's (NY),7,3,0.7,0.35,0.57844,0.49461
2021,baseball,2021-03-15,False,39.0,509184,Stanford,10,2,0.81481,0.45791,0.62914,0.58995
2021,baseball,2021-03-15,False,141.0,509186,Stetson,11,6,0.62238,0.41058,0.53003,0.49339
2021,baseball,2021-03-15,False,135.0,509187,Stony Brook,4,5,0.40404,0.5545,0.47611,0.49729
2021,baseball,2021-03-15,False,68.0,508892,TCU,10,6,0.57432,0.5418,0.54106,0.54975
2021,baseball,2021-03-15,False,165.0,509348,Tarleton St.,7,11,0.37179,0.5349,0.46597,0.47689
2021,baseball,2021-03-15,False,16.0,509189,Tennessee,14,3,0.7871,0.57033,0.59708,0.63121
2021,baseball,2021-03-15,False,195.0,509188,Tennessee Tech,5,5,0.59574,0.34869,0.52577,0.45472
2021,baseball,2021-03-15,False,38.0,508896,Texas,11,5,0.65517,0.6018,0.50872,0.59187
2021,baseball,2021-03-15,False,102.0,508891,Texas A&M,14,4,0.67974,0.43247,0.52615,0.51771
2021,baseball,2021-03-15,False,258.0,508893,Texas Southern,4,12,0.22581,0.40004,0.45861,0.37112
2021,baseball,2021-03-15,False,202.0,509182,Texas St.,7,10,0.34161,0.48049,0.49326,0.44896
2021,baseball,2021-03-15,False,65.0,508894,Texas Tech,13,3,0.76923,0.43151,0.57973,0.553
2021,baseball,2021-03-15,False,238.0,509002,The Citadel,7,7,0.37671,0.38449,0.47027,0.40399
2021,baseball,2021-03-15,False,234.0,508898,Toledo,2,11,0.25243,0.49901,0.37273,0.4058
2021,baseball,2021-03-15,False,215.0,508899,Towson,2,12,0.22414,0.51039,0.47485,0.42994
2021,baseball,2021-03-15,False,171.0,508900,Troy,8,8,0.41176,0.47489,0.51988,0.47036
2021,baseball,2021-03-15,False,62.0,508901,Tulane,8,7,0.52482,0.60685,0.49172,0.55756
2021,baseball,2021-03-15,False,237.0,508958,UAB,6,8,0.34426,0.39048,0.49241,0.40441
2021,baseball,2021-03-15,False,248.0,508959,UAlbany,2,5,0.42623,0.31859,0.47381,0.38431
2021,baseball,2021-03-15,False,203.0,508991,UC Davis,5,9,0.23026,0.58386,0.39199,0.44749
2021,baseball,2021-03-15,False,70.0,508992,UC Irvine,6,7,0.52427,0.59091,0.47542,0.54538
2021,baseball,2021-03-15,False,148.0,508994,UC Riverside,2,5,0.25455,0.61429,0.46782,0.48773
2021,baseball,2021-03-15,False,179.0,509216,UC San Diego,3,9,0.21429,0.57677,0.49512,0.46573
2021,baseball,2021-03-15,False,104.0,508989,UC Santa Barbara,9,5,0.53571,0.46684,0.59713,0.51663
2021,baseball,2021-03-15,False,90.0,508998,UCF,6,9,0.41509,0.59744,0.50164,0.52791
2021,baseball,2021-03-15,False,112.0,508993,UCLA,10,5,0.63566,0.42396,0.56787,0.51286
2021,baseball,2021-03-15,False,100.0,509006,UConn,4,9,0.42609,0.59409,0.4605,0.51869
2021,baseball,2021-03-15,False,246.0,509049,UIC,3,7,0.30682,0.35455,0.52537,0.38532
2021,baseball,2021-03-15,False,127.0,508943,UIW,5,4,0.58025,0.48118,0.4632,0.50145
2021,baseball,2021-03-15,False,88.0,509120,ULM,6,6,0.5,0.57867,0.45553,0.52822
2021,baseball,2021-03-15,False,15.0,509079,UMBC,5,0,1.0,0.43333,0.67696,0.63591
2021,baseball,2021-03-15,False,,509081,UMES,0,0,0.5,0.5,0.5,0.5
2021,baseball,2021-03-15,False,233.0,509073,UMass Lowell,1,8,0.18841,0.50529,0.42567,0.40616
2021,baseball,2021-03-15,False,245.0,509100,UNC Asheville,2,9,0.27368,0.43658,0.4011,0.38699
2021,baseball,2021-03-15,False,47.0,509103,UNC Greensboro,10,5,0.69444,0.56907,0.51249,0.58627
2021,baseball,2021-03-15,False,45.0,509104,UNCW,10,3,0.6422,0.60878,0.48635,0.58653
2021,baseball,2021-03-15,False,58.0,509107,UNLV,6,3,0.64,0.525,0.58106,0.56777
2021,baseball,2021-03-15,False,30.0,508945,USC Upstate,11,2,0.8843,0.47681,0.57194,0.60246
2021,baseball,2021-03-15,False,217.0,508895,UT Arlington,6,9,0.3617,0.44237,0.46547,0.42798
2021,baseball,2021-03-15,False,119.0,509190,UT Martin,6,7,0.54545,0.49408,0.49972,0.50833
2021,baseball,2021-03-15,False,128.0,509138,UTRGV,9,6,0.62791,0.41506,0.54656,0.50115
2021,baseball,2021-03-15,False,144.0,508897,UTSA,5,6,0.46535,0.48867,0.51862,0.49032
2021,baseball,2021-03-15,False,220.0,508905,Utah,3,8,0.3253,0.41653,0.54439,0.42569
2021,baseball,2021-03-15,False,261.0,509412,Utah Tech,1,10,0.1215,0.4329,0.39957,0.34672
2021,baseball,2021-03-15,False,229.0,508951,Utah Valley,2,9,0.29213,0.45758,0.42612,0.40835
2021,baseball,2021-03-15,False,147.0,508909,VCU,8,7,0.59259,0.41911,0.52099,0.48795
2021,baseball,2021-03-15,False,270.0,508910,VMI,3,8,0.20792,0.25,0.46519,0.29328
2021,baseball,2021-03-15,False,186.0,508906,Valparaiso,3,7,0.44318,0.48909,0.43002,0.46285
2021,baseball,2021-03-15,False,18.0,508907,Vanderbilt,12,2,0.82759,0.55248,0.57183,0.62609
2021,baseball,2021-03-15,False,9.0,508908,Villanova,4,2,0.70833,0.70556,0.53408,0.66338
2021,baseball,2021-03-15,False,132.0,508912,Virginia,7,8,0.43262,0.53696,0.49012,0.49917
2021,baseball,2021-03-15,False,33.0,508911,Virginia Tech,9,5,0.5597,0.64785,0.52026,0.59392
2021,baseball,2021-03-15,False,136.0,508913,Wagner,2,3,0.37736,0.6,0.41071,0.49702
2021,baseball,2021-03-15,False,105.0,508914,Wake Forest,3,6,0.24138,0.69087,0.44328,0.5166
2021,baseball,2021-03-15,False,118.0,508916,Washington,8,6,0.48276,0.51508,0.52601,0.50973
2021,baseball,2021-03-15,False,107.0,508915,Washington St.,9,2,0.84,0.30649,0.61081,0.51595
2021,baseball,2021-03-15,False,204.0,508917,West Virginia,5,5,0.53,0.3544,0.54985,0.44716
2021,baseball,2021-03-15,False,24.0,508918,Western Caro.,11,4,0.73643,0.59489,0.51432,0.61014
2021,baseball,2021-03-15,False,205.0,508919,Western Ill.,3,9,0.38235,0.4433,0.51798,0.44673
2021,baseball,2021-03-15,False,108.0,508920,Western Ky.,8,7,0.48062,0.56085,0.46007,0.5156
2021,baseball,2021-03-15,False,264.0,508921,Western Mich.,0,6,0.0,0.45769,0.40987,0.33131
2021,baseball,2021-03-15,False,98.0,508922,Wichita St.,7,5,0.52137,0.51105,0.53834,0.52045
2021,baseball,2021-03-15,False,239.0,508923,William & Mary,2,8,0.26,0.40032,0.5431,0.40094
2021,baseball,2021-03-15,False,251.0,508924,Winthrop,3,5,0.2625,0.35795,0.54611,0.38113
2021,baseball,2021-03-15,False,236.0,508944,Wofford,10,6,0.61972,0.18441,0.62928,0.40445
2021,baseball,2021-03-15,False,55.0,508926,Wright St.,8,5,0.61538,0.57759,0.52379,0.57359
2021,baseball,2021-03-15,False,73.0,508927,Xavier,3,7,0.44318,0.68424,0.35892,0.54265
2021,baseball,2021-03-15,False,,508928,Yale,0,0,0.5,0.5,0.5,0.5
2021,baseball,2021-03-15,False,170.0,508929,Youngstown St.,5,11,0.45775,0.48492,0.46385,0.47286
2021,baseball,2021-03-22,False,232.0,508948,A&M-Corpus Christi,4,14,0.1697,0.56988,0.43086,0.43508
2021,baseball,2021-03-22,False,133.0,508954,Abilene Christian,12,7,0.60355,0.44815,0.52346,0.50583
2021,baseball,2021-03-22,False,79.0,508902,Air Force,7,8,0.57246,0.53328,0.52081,0.53996
2021,baseball,2021-03-22,False,128.0,508890,Akron,7,3,0.55682,0.44444,0.58439,0.50752
2021,baseball,2021-03-22,False,9.0,508957,Alabama,15,5,0.73295,0.65563,0.50398,0.63705
2021,baseball,2021-03-22,False,283.0,508955,Alabama A&M,1,7,0.10294,0.40021,0.4227,0.33151
2021,baseball,2021-03-22,False,264.0,508956,Alabama St.,6,10,0.28916,0.411,0.49147,0.40065
2021,baseball,2021-03-22,False,266.0,508960,Alcorn,5,5,0.55085,0.26356,0.47775,0.38893
2021,baseball,2021-03-22,False,80.0,508961,App State,10,8,0.61111,0.51571,0.50748,0.5375
2021,baseball,2021-03-22,False,35.0,508963,Arizona,13,6,0.62286,0.61038,0.49695,0.58514
2021,baseball,2021-03-22,False,22.0,508962,Arizona St.,12,5,0.62937,0.63328,0.51034,0.60157
2021,baseball,2021-03-22,False,260.0,508941,Ark.-Pine Bluff,2,10,0.2549,0.44763,0.47448,0.40616
2021,baseball,2021-03-22,False,4.0,508965,Arkansas,14,3,0.78289,0.73394,0.53194,0.69568
2021,baseball,2021-03-22,False,225.0,508964,Arkansas St.,3,12,0.21951,0.53108,0.48695,0.44216
2021,baseball,2021-03-22,False,280.0,508903,Army West Point,4,11,0.2963,0.30656,0.42951,0.33473
2021,baseball,2021-03-22,False,87.0,508967,Auburn,11,8,0.53488,0.53903,0.51033,0.53082
2021,baseball,2021-03-22,False,251.0,508968,Austin Peay,4,13,0.2622,0.48272,0.43612,0.41594
2021,baseball,2021-03-22,False,134.0,508977,BYU,6,11,0.50323,0.49047,0.53909,0.50581
2021,baseball,2021-03-22,False,81.0,508969,Ball St.,9,8,0.58861,0.52829,0.50376,0.53724
2021,baseball,2021-03-22,False,38.0,508971,Baylor,13,6,0.625,0.57783,0.52514,0.57645
2021,baseball,2021-03-22,False,208.0,509202,Bellarmine,7,10,0.38462,0.45354,0.52789,0.45489
2021,baseball,2021-03-22,False,204.0,508946,Belmont,6,9,0.37209,0.48059,0.49704,0.45758
2021,baseball,2021-03-22,False,,508972,Bethune-Cookman,0,0,0.5,0.5,0.5,0.5
2021,baseball,2021-03-22,False,257.0,508973,Binghamton,1,3,0.38235,0.5,0.25,0.40809
2021,baseball,2021-03-22,False,23.0,508974,Boston College,11,7,0.66111,0.60929,0.52,0.59992
2021,baseball,2021-03-22,False,223.0,508975,Bowling Green,4,9,0.45217,0.45385,0.42953,0.44735
2021,baseball,2021-03-22,False,159.0,508976,Bradley,5,7,0.52991,0.47759,0.473,0.48952
2021,baseball,2021-03-22,False,,508978,Brown,0,0,0.5,0.5,0.5,0.5
2021,baseball,2021-03-22,False,132.0,508979,Bryant,5,7,0.54167,0.48253,0.51699,0.50593
2021,baseball,2021-03-22,False,275.0,508980,Bucknell,4,6,0.34,0.3335,0.42691,0.35848
2021,baseball,2021-03-22,False,226.0,508981,Butler,3,4,0.40299,0.42708,0.50826,0.44135
2021,baseball,2021-03-22,False,236.0,508983,CSU Bakersfield,6,5,0.47525,0.34293,0.57209,0.4333
2021,baseball,2021-03-22,False,185.0,508987,CSUN,1,2,0.21212,0.61538,0.43214,0.46876
2021,baseball,2021-03-22,False,117.0,508982,Cal Poly,10,6,0.5875,0.45385,0.5656,0.5152
2021,baseball,2021-03-22,False,157.0,508985,Cal St. Fullerton,6,12,0.32143,0.58295,0.47969,0.49176
2021,baseball,2021-03-22,False,124.0,508990,California,12,7,0.58896,0.46244,0.52289,0.50918
2021,baseball,2021-03-22,False,144.0,508953,California Baptist,11,6,0.62733,0.42514,0.51891,0.49913
2021,baseball,2021-03-22,False,161.0,508995,Campbell,10,7,0.51007,0.44629,0.54536,0.487
2021,baseball,2021-03-22,False,286.0,508996,Canisius,0,4,0.0,0.5,0.0,0.25
2021,baseball,2021-03-22,False,122.0,508930,Central Ark.,7,8,0.47518,0.56281,0.44405,0.51121
2021,baseball,2021-03-22,False,268.0,508997,Central Conn. St.,5,3,0.47297,0.28894,0.49381,0.38617
2021,baseball,2021-03-22,False,174.0,508999,Central Mich.,8,6,0.71233,0.33369,0.54471,0.4811
2021,baseball,2021-03-22,False,227.0,508970,Charleston So.,7,6,0.48201,0.35897,0.55153,0.43787
2021,baseball,2021-03-22,False,49.0,509102,Charlotte,10,8,0.48611,0.62429,0.5192,0.56347
2021,baseball,2021-03-22,False,166.0,509001,Cincinnati,7,9,0.51408,0.43606,0.5521,0.48457
2021,baseball,2021-03-22,False,88.0,509003,Clemson,8,9,0.38356,0.61929,0.50082,0.53074
2021,baseball,2021-03-22,False,78.0,509004,Coastal Carolina,12,6,0.58621,0.51476,0.54776,0.54087
2021,baseball,2021-03-22,False,198.0,508933,Col. of Charleston,5,9,0.23973,0.55014,0.50857,0.46215
2021,baseball,2021-03-22,False,,509005,Columbia,0,0,0.5,0.5,0.5,0.5
2021,baseball,2021-03-22,False,256.0,509007,Coppin St.,4,10,0.38806,0.41276,0.42585,0.40986
2021,baseball,2021-03-22,False,,509008,Cornell,0,0,0.5,0.5,0.5,0.5
2021,baseball,2021-03-22,False,140.0,509009,Creighton,4,7,0.51485,0.505,0.4823,0.50179
2021,baseball,2021-03-22,False,151.0,508934,DBU,11,6,0.53416,0.44609,0.55147,0.49445
2021,baseball,2021-03-22,False,,509010,Dartmouth,0,0,0.5,0.5,0.5,0.5
2021,baseball,2021-03-22,False,193.0,509011,Davidson,9,8,0.54962,0.38059,0.54704,0.46446
2021,baseball,2021-03-22,False,247.0,509012,Dayton,4,14,0.1828,0.55397,0.40092,0.42291
2021,baseball,2021-03-22,False,109.0,509014,Delaware,3,3,0.5,0.56481,0.44447,0.51853
2021,baseball,2021-03-22,False,270.0,509013,Delaware St.,4,7,0.39604,0.34196,0.43313,0.37827
2021,baseball,2021-03-22,False,17.0,509015,Duke,8,8,0.48052,0.72695,0.50302,0.60936
2021,baseball,2021-03-22,False,149.0,509017,ETSU,12,7,0.56805,0.46132,0.49203,0.49568
2021,baseball,2021-03-22,False,6.0,509016,East Carolina,16,3,0.82803,0.60677,0.56232,0.65097
2021,baseball,2021-03-22,False,61.0,509018,Eastern Ill.,10,9,0.6114,0.57681,0.45779,0.5557
2021,baseball,2021-03-22,False,138.0,509019,Eastern Ky.,8,10,0.47436,0.52769,0.48288,0.50316
2021,baseball,2021-03-22,False,36.0,509020,Eastern Mich.,6,7,0.61417,0.61716,0.48856,0.58426
2021,baseball,2021-03-22,False,212.0,508935,Elon,5,8,0.38843,0.46732,0.49174,0.4537
2021,baseball,2021-03-22,False,86.0,509021,Evansville,9,10,0.46012,0.58758,0.49102,0.53158
2021,baseball,2021-03-22,False,182.0,509023,FDU,2,6,0.25,0.60833,0.41281,0.46987
2021,baseball,2021-03-22,False,33.0,508950,FGCU,12,7,0.62176,0.60611,0.52454,0.58963
2021,baseball,2021-03-22,False,135.0,509026,FIU,8,8,0.44578,0.53409,0.50668,0.50516
2021,baseball,2021-03-22,False,1.0,509022,Fairfield,4,0,1.0,0.5,1.0,0.75
2021,baseball,2021-03-22,False,64.0,509025,Fla. Atlantic,10,8,0.54023,0.56617,0.53447,0.55176
2021,baseball,2021-03-22,False,70.0,509028,Florida,16,5,0.66667,0.48652,0.54994,0.54741
2021,baseball,2021-03-22,False,234.0,509024,Florida A&M,5,16,0.24444,0.50878,0.47633,0.43458
2021,baseball,2021-03-22,False,46.0,509027,Florida St.,10,6,0.5814,0.5625,0.55782,0.56605
2021,baseball,2021-03-22,False,120.0,509029,Fordham,9,3,0.69444,0.40476,0.54758,0.51289
2021,baseball,2021-03-22,False,163.0,508984,Fresno St.,6,8,0.44262,0.48528,0.52921,0.4856
2021,baseball,2021-03-22,False,85.0,509034,Ga. Southern,10,8,0.48889,0.56381,0.51448,0.53274
2021,baseball,2021-03-22,False,202.0,508936,Gardner-Webb,3,9,0.25,0.59598,0.39888,0.46021
2021,baseball,2021-03-22,False,194.0,509031,George Mason,3,8,0.26733,0.6039,0.38267,0.46445
2021,baseball,2021-03-22,False,221.0,509032,George Washington,6,7,0.38849,0.48025,0.44664,0.44891
2021,baseball,2021-03-22,False,,509033,Georgetown,0,0,0.5,0.5,0.5,0.5
2021,baseball,2021-03-22,False,47.0,509037,Georgia,14,5,0.65089,0.52063,0.56835,0.56512
2021,baseball,2021-03-22,False,83.0,509035,Georgia St.,5,16,0.28962,0.68091,0.48352,0.53374
2021,baseball,2021-03-22,False,48.0,509036,Georgia Tech,11,6,0.59777,0.54371,0.56962,0.5637
2021,baseball,2021-03-22,False,27.0,509038,Gonzaga,11,8,0.64767,0.6318,0.47325,0.59613
2021,baseball,2021-03-22,False,282.0,509039,Grambling,3,12,0.175,0.32763,0.50562,0.33397
2021,baseball,2021-03-22,False,153.0,508937,Grand Canyon,9,9,0.375,0.53561,0.52988,0.49403
2021,baseball,2021-03-22,False,31.0,509040,Hartford,3,1,0.61765,0.5,0.75,0.59191
2021,baseball,2021-03-22,False,,509041,Harvard,0,0,0.5,0.5,0.5,0.5
2021,baseball,2021-03-22,False,3.0,509042,Hawaii,11,3,0.75455,0.71429,0.69342,0.71913
2021,baseball,2021-03-22,False,187.0,508947,High Point,7,9,0.36943,0.50095,0.49966,0.46775
2021,baseball,2021-03-22,False,147.0,509043,Hofstra,7,5,0.64035,0.42727,0.49719,0.49802
2021,baseball,2021-03-22,False,281.0,509044,Holy Cross,0,4,0.0,0.52206,0.29236,0.33412
2021,baseball,2021-03-22,False,155.0,509046,Houston,10,9,0.55249,0.45055,0.5165,0.49252
2021,baseball,2021-03-22,False,239.0,509045,Houston Christian,3,16,0.20245,0.55144,0.41707,0.4306
2021,baseball,2021-03-22,False,181.0,509048,Illinois,6,6,0.57143,0.38889,0.53052,0.46993
2021,baseball,2021-03-22,False,176.0,509047,Illinois St.,5,12,0.34194,0.52521,0.50775,0.47503
2021,baseball,2021-03-22,False,75.0,509051,Indiana,9,2,0.77228,0.375,0.65271,0.54375
2021,baseball,2021-03-22,False,7.0,509050,Indiana St.,11,6,0.74468,0.66929,0.51975,0.65075
2021,baseball,2021-03-22,False,286.0,509053,Iona,0,2,0.0,0.5,0.0,0.25
2021,baseball,2021-03-22,False,98.0,509054,Iowa,4,7,0.32743,0.70563,0.36126,0.52499
2021,baseball,2021-03-22,False,63.0,509055,Jackson St.,11,5,0.77273,0.48666,0.46268,0.55218
2021,baseball,2021-03-22,False,197.0,509057,Jacksonville,5,12,0.25466,0.57412,0.44669,0.4624
2021,baseball,2021-03-22,False,115.0,509056,Jacksonville St.,8,10,0.42529,0.56585,0.5059,0.51572
2021,baseball,2021-03-22,False,267.0,509058,James Madison,3,6,0.33333,0.36923,0.48008,0.38797
2021,baseball,2021-03-22,False,57.0,509060,Kansas,12,6,0.73684,0.49616,0.50428,0.55836
2021,baseball,2021-03-22,False,152.0,509059,Kansas St.,13,6,0.62286,0.40959,0.53426,0.49407
2021,baseball,2021-03-22,False,104.0,508938,Kennesaw St.,11,7,0.62821,0.47646,0.50268,0.52095
2021,baseball,2021-03-22,False,184.0,509061,Kent St.,7,8,0.40741,0.48107,0.50692,0.46912
2021,baseball,2021-03-22,False,148.0,509062,Kentucky,13,4,0.63636,0.40782,0.5383,0.49758
2021,baseball,2021-03-22,False,99.0,509068,LIU,4,1,0.86792,0.33333,0.56485,0.52486
2021,baseball,2021-03-22,False,189.0,509074,LMU (CA),7,10,0.43226,0.4724,0.49081,0.46697
2021,baseball,2021-03-22,False,51.0,509070,LSU,16,5,0.65608,0.5438,0.50497,0.56216
2021,baseball,2021-03-22,False,252.0,509063,La Salle,7,7,0.47857,0.34137,0.49625,0.41439
2021,baseball,2021-03-22,False,229.0,509064,Lafayette,4,1,0.68293,0.2,0.66292,0.43646
2021,baseball,2021-03-22,False,119.0,509065,Lamar University,10,4,0.70149,0.40815,0.53562,0.51335
2021,baseball,2021-03-22,False,262.0,509066,Lehigh,5,6,0.44538,0.34921,0.46466,0.40211
2021,baseball,2021-03-22,False,43.0,509067,Liberty,13,5,0.78395,0.49648,0.51301,0.57248
2021,baseball,2021-03-22,False,111.0,508949,Lipscomb,7,7,0.44,0.56445,0.49917,0.51702
2021,baseball,2021-03-22,False,165.0,508966,Little Rock,9,7,0.58784,0.40089,0.55033,0.48499
2021,baseball,2021-03-22,False,18.0,508986,Long Beach St.,1,3,0.38235,0.8,0.44538,0.60693
2021,baseball,2021-03-22,False,242.0,509069,Longwood,8,10,0.46237,0.39386,0.45175,0.42546
2021,baseball,2021-03-22,False,84.0,509183,Louisiana,11,10,0.50265,0.56032,0.50984,0.53328
2021,baseball,2021-03-22,False,11.0,509071,Louisiana Tech,13,5,0.71515,0.63047,0.52783,0.62598
2021,baseball,2021-03-22,False,45.0,509072,Louisville,14,5,0.72189,0.50473,0.54352,0.56872
2021,baseball,2021-03-22,False,76.0,509075,Maine,5,3,0.75581,0.44139,0.53473,0.54333
2021,baseball,2021-03-22,False,,509076,Manhattan,0,0,0.5,0.5,0.5,0.5
2021,baseball,2021-03-22,False,,509077,Marist,0,0,0.5,0.5,0.5,0.5
2021,baseball,2021-03-22,False,89.0,509078,Marshall,3,7,0.375,0.6311,0.4813,0.52963
2021,baseball,2021-03-22,False,224.0,509080,Maryland,4,6,0.37,0.43095,0.54902,0.44523
2021,baseball,2021-03-22,False,216.0,509082,Massachusetts,6,5,0.69027,0.29901,0.5211,0.45235
2021,baseball,2021-03-22,False,126.0,509083,McNeese,12,7,0.6755,0.40005,0.5574,0.50825
2021,baseball,2021-03-22,False,101.0,509084,Memphis,9,8,0.49254,0.5746,0.45685,0.52464
2021,baseball,2021-03-22,False,92.0,509085,Mercer,10,9,0.46857,0.56274,0.51596,0.5275
2021,baseball,2021-03-22,False,276.0,508931,Merrimack,3,8,0.168,0.42424,0.39273,0.3523
2021,baseball,2021-03-22,False,69.0,509087,Miami (FL),9,7,0.5407,0.54871,0.55184,0.54749
2021,baseball,2021-03-22,False,141.0,509086,Miami (OH),10,8,0.62644,0.41438,0.55183,0.50176
2021,baseball,2021-03-22,False,59.0,509089,Michigan,9,2,0.78505,0.3961,0.65229,0.55739
2021,baseball,2021-03-22,False,118.0,509088,Michigan St.,5,6,0.46729,0.58788,0.41055,0.5134
2021,baseball,2021-03-22,False,188.0,509090,Middle Tenn.,11,8,0.55801,0.40448,0.50346,0.46761
2021,baseball,2021-03-22,False,273.0,508925,Milwaukee,3,12,0.31707,0.3473,0.44824,0.36498
2021,baseball,2021-03-22,False,259.0,509091,Minnesota,2,8,0.11864,0.55556,0.4001,0.40746
2021,baseball,2021-03-22,False,12.0,509092,Mississippi St.,16,4,0.75568,0.61202,0.5199,0.6249
2021,baseball,2021-03-22,False,285.0,509093,Mississippi Val.,0,9,0.0,0.34863,0.41099,0.27706
2021,baseball,2021-03-22,False,160.0,509095,Missouri,8,12,0.46,0.49797,0.49541,0.48784
2021,baseball,2021-03-22,False,172.0,509181,Missouri St.,6,8,0.45802,0.46326,0.54166,0.48155
2021,baseball,2021-03-22,False,8.0,509096,Monmouth,3,1,0.84783,0.5,0.75,0.64946
2021,baseball,2021-03-22,False,156.0,509097,Morehead St.,10,10,0.58242,0.42905,0.52672,0.49181
2021,baseball,2021-03-22,False,271.0,509098,Mount St. Mary's,5,10,0.24823,0.42185,0.40225,0.37355
2021,baseball,2021-03-22,False,65.0,509099,Murray St.,10,9,0.53714,0.56947,0.52773,0.55095
2021,baseball,2021-03-22,False,228.0,509116,N.C. A&T,7,13,0.36813,0.45365,0.47441,0.43746
2021,baseball,2021-03-22,False,230.0,509117,N.C. Central,10,8,0.55952,0.33857,0.50667,0.43584
2021,baseball,2021-03-22,False,186.0,509118,NC State,4,9,0.1931,0.5979,0.48362,0.46813
2021,baseball,2021-03-22,False,201.0,509123,NIU,4,11,0.38519,0.49864,0.46147,0.46098
2021,baseball,2021-03-22,False,278.0,509109,NJIT,2,8,0.21277,0.38352,0.37394,0.33844
2021,baseball,2021-03-22,False,62.0,508904,Navy,4,0,1.0,0.33333,0.54876,0.55386
2021,baseball,2021-03-22,False,169.0,509105,Nebraska,7,4,0.67257,0.29437,0.67606,0.48434
2021,baseball,2021-03-22,False,54.0,509108,Nevada,6,8,0.51562,0.621,0.48217,0.55995
2021,baseball,2021-03-22,False,96.0,509111,New Mexico,6,10,0.41912,0.59442,0.49618,0.52604
2021,baseball,2021-03-22,False,175.0,509110,New Mexico St.,9,7,0.55645,0.41243,0.53768,0.47975
2021,baseball,2021-03-22,False,240.0,509112,New Orleans,11,9,0.4734,0.35036,0.53313,0.42682
2021,baseball,2021-03-22,False,257.0,509113,Niagara,1,3,0.38235,0.5,0.25,0.40809
2021,baseball,2021-03-22,False,136.0,509114,Nicholls,9,10,0.46286,0.52172,0.51042,0.50418
2021,baseball,2021-03-22,False,254.0,509115,Norfolk St.,4,13,0.20359,0.5129,0.41984,0.41231
2021,baseball,2021-03-22,False,272.0,508952,North Ala.,1,16,0.04895,0.4988,0.44364,0.37255
2021,baseball,2021-03-22,False,40.0,509101,North Carolina,12,6,0.65385,0.55589,0.53567,0.57532
2021,baseball,2021-03-22,False,112.0,509119,North Dakota St.,14,4,0.86667,0.31775,0.56384,0.5165
2021,baseball,2021-03-22,False,127.0,508942,North Florida,5,11,0.38312,0.57495,0.49948,0.50813
2021,baseball,2021-03-22,False,107.0,509121,Northeastern,7,5,0.59804,0.47597,0.52833,0.51958
2021,baseball,2021-03-22,False,263.0,509122,Northern Colo.,4,15,0.22099,0.49473,0.39692,0.40185
2021,baseball,2021-03-22,False,219.0,509124,Northern Ky.,8,11,0.43312,0.44911,0.46758,0.44973
2021,baseball,2021-03-22,False,125.0,509126,Northwestern,7,3,0.71698,0.34524,0.62575,0.5083
2021,baseball,2021-03-22,False,178.0,509125,Northwestern St.,9,9,0.48214,0.4407,0.52368,0.4718
2021,baseball,2021-03-22,False,21.0,509127,Notre Dame,9,3,0.79545,0.49295,0.62506,0.6016
2021,baseball,2021-03-22,False,222.0,509128,Oakland,8,11,0.57459,0.37088,0.47784,0.44855
2021,baseball,2021-03-22,False,250.0,509130,Ohio,7,6,0.47826,0.35405,0.48926,0.41891
2021,baseball,2021-03-22,False,97.0,509129,Ohio St.,5,5,0.53191,0.55,0.47091,0.52571
2021,baseball,2021-03-22,False,95.0,509132,Oklahoma,12,7,0.57303,0.50518,0.52151,0.52623
2021,baseball,2021-03-22,False,19.0,509131,Oklahoma St.,12,5,0.69512,0.61139,0.49678,0.60367
2021,baseball,2021-03-22,False,44.0,509133,Old Dominion,13,4,0.67702,0.53731,0.52744,0.56977
2021,baseball,2021-03-22,False,20.0,509094,Ole Miss,16,4,0.72455,0.58779,0.50876,0.60223
2021,baseball,2021-03-22,False,205.0,509106,Omaha,8,9,0.42775,0.45778,0.48565,0.45724
2021,baseball,2021-03-22,False,173.0,509134,Oral Roberts,7,12,0.38537,0.52674,0.48621,0.48126
2021,baseball,2021-03-22,False,10.0,509136,Oregon,10,4,0.69737,0.64246,0.53231,0.62865
2021,baseball,2021-03-22,False,15.0,509135,Oregon St.,13,4,0.71676,0.62788,0.51302,0.62138
2021,baseball,2021-03-22,False,150.0,509137,Pacific,7,10,0.40782,0.57664,0.42045,0.49539
2021,baseball,2021-03-22,False,,509140,Penn,0,0,0.5,0.5,0.5,0.5
2021,baseball,2021-03-22,False,121.0,509139,Penn St.,3,7,0.30682,0.69405,0.35474,0.51241
2021,baseball,2021-03-22,False,190.0,509141,Pepperdine,7,10,0.50898,0.42227,0.51203,0.46639
2021,baseball,2021-03-22,False,5.0,509142,Pittsburgh,11,4,0.81548,0.61937,0.58492,0.65978
2021,baseball,2021-03-22,False,196.0,509143,Portland,10,8,0.57471,0.35052,0.57787,0.46341
2021,baseball,2021-03-22,False,274.0,509144,Prairie View,3,11,0.24545,0.38035,0.44158,0.36194
2021,baseball,2021-03-22,False,218.0,508939,Presbyterian,2,7,0.29885,0.50586,0.49093,0.45038
2021,baseball,2021-03-22,False,,509145,Princeton,0,0,0.5,0.5,0.5,0.5
2021,baseball,2021-03-22,False,162.0,509146,Purdue,2,9,0.21495,0.70617,0.32036,0.48691
2021,baseball,2021-03-22,False,211.0,509052,Purdue Fort Wayne,7,8,0.45578,0.43778,0.48352,0.45372
2021,baseball,2021-03-22,False,277.0,509147,Quinnipiac,1,3,0.15217,0.5,0.25,0.35054
2021,baseball,2021-03-22,False,60.0,509148,Radford,9,8,0.56129,0.60223,0.46337,0.55728
2021,baseball,2021-03-22,False,29.0,509149,Rhode Island,9,7,0.62308,0.59982,0.5464,0.59228
2021,baseball,2021-03-22,False,255.0,509150,Rice,10,9,0.45625,0.3285,0.52989,0.41078
2021,baseball,2021-03-22,False,183.0,509151,Richmond,6,4,0.5122,0.42962,0.50654,0.46949
2021,baseball,2021-03-22,False,31.0,509152,Rider,3,1,0.61765,0.5,0.75,0.59191
2021,baseball,2021-03-22,False,108.0,509153,Rutgers,6,4,0.67021,0.46111,0.48228,0.51868
2021,baseball,2021-03-22,False,241.0,509185,SFA,4,12,0.2782,0.48692,0.45445,0.42662
2021,baseball,2021-03-22,False,246.0,509178,SIUE,7,9,0.3961,0.39704,0.50162,0.42295
2021,baseball,2021-03-22,False,74.0,508988,Sacramento St.,14,5,0.81865,0.3911,0.58045,0.54532
2021,baseball,2021-03-22,False,238.0,509154,Sacred Heart,3,13,0.3,0.48816,0.4466,0.43073
2021,baseball,2021-03-22,False,106.0,509157,Saint Joseph's,5,2,0.69412,0.41134,0.56392,0.52018
2021,baseball,2021-03-22,False,231.0,509158,Saint Louis,6,13,0.2487,0.51398,0.46573,0.4356
2021,baseball,2021-03-22,False,129.0,509159,Saint Mary's (CA),11,9,0.53302,0.4979,0.50063,0.50736
2021,baseball,2021-03-22,False,,509160,Saint Peter's,0,0,0.5,0.5,0.5,0.5
2021,baseball,2021-03-22,False,210.0,509161,Sam Houston,5,12,0.26452,0.54295,0.46477,0.4538
2021,baseball,2021-03-22,False,100.0,509162,Samford,10,10,0.53409,0.52775,0.50979,0.52484
2021,baseball,2021-03-22,False,41.0,509164,San Diego,13,4,0.77181,0.47388,0.57108,0.57266
2021,baseball,2021-03-22,False,53.0,509163,San Diego St.,11,5,0.60135,0.56291,0.51308,0.56006
2021,baseball,2021-03-22,False,179.0,509165,San Francisco,5,14,0.26857,0.58781,0.44229,0.47162
2021,baseball,2021-03-22,False,,509166,San Jose St.,0,0,0.5,0.5,0.5,0.5
2021,baseball,2021-03-22,False,164.0,509167,Santa Clara,6,12,0.33333,0.57071,0.46763,0.48559
2021,baseball,2021-03-22,False,116.0,508940,Seattle U,5,12,0.43624,0.57353,0.47782,0.51528
2021,baseball,2021-03-22,False,191.0,509168,Seton Hall,5,8,0.43802,0.47991,0.46393,0.46544
2021,baseball,2021-03-22,False,1.0,509169,Siena,2,0,1.0,0.5,1.0,0.75
2021,baseball,2021-03-22,False,137.0,509170,South Alabama,10,9,0.50251,0.50675,0.49767,0.50342
2021,baseball,2021-03-22,False,30.0,509171,South Carolina,12,6,0.68627,0.57744,0.52768,0.59221
2021,baseball,2021-03-22,False,206.0,509172,South Dakota St.,6,10,0.49669,0.4264,0.47837,0.45696
2021,baseball,2021-03-22,False,142.0,509173,South Fla.,9,8,0.46584,0.51445,0.50413,0.49972
2021,baseball,2021-03-22,False,113.0,509174,Southeast Mo. St.,10,8,0.59524,0.46422,0.54204,0.51643
2021,baseball,2021-03-22,False,110.0,509175,Southeastern La.,12,8,0.61644,0.46428,0.52362,0.51716
2021,baseball,2021-03-22,False,102.0,509176,Southern California,9,6,0.55102,0.51991,0.5071,0.52449
2021,baseball,2021-03-22,False,13.0,509177,Southern Ill.,17,1,0.91975,0.51464,0.54821,0.62431
2021,baseball,2021-03-22,False,71.0,509179,Southern Miss.,12,6,0.62745,0.5151,0.53162,0.54732
2021,baseball,2021-03-22,False,237.0,509180,Southern U.,6,12,0.4,0.44432,0.43731,0.43149
2021,baseball,2021-03-22,False,284.0,509155,St. Bonaventure,0,3,0.0,0.3125,0.48772,0.27818
2021,baseball,2021-03-22,False,56.0,509156,St. John's (NY),9,5,0.62727,0.55,0.50907,0.55908
2021,baseball,2021-03-22,False,77.0,509184,Stanford,12,3,0.75556,0.42329,0.56455,0.54167
2021,baseball,2021-03-22,False,139.0,509186,Stetson,13,7,0.61932,0.42166,0.54671,0.50234
2021,baseball,2021-03-22,False,207.0,509187,Stony Brook,4,7,0.33613,0.52828,0.43014,0.45571
2021,baseball,2021-03-22,False,50.0,508892,TCU,13,7,0.62766,0.54254,0.53957,0.56308
2021,baseball,2021-03-22,False,167.0,509348,Tarleton St.,8,13,0.38798,0.55031,0.44939,0.4845
2021,baseball,2021-03-22,False,16.0,509189,Tennessee,17,4,0.79487,0.56898,0.55201,0.62121
2021,baseball,2021-03-22,False,177.0,509188,Tennessee Tech,8,6,0.6194,0.37682,0.52418,0.4743
2021,baseball,2021-03-22,False,25.0,508896,Texas,14,6,0.69189,0.58971,0.5248,0.59903
2021,baseball,2021-03-22,False,67.0,508891,Texas A&M,15,7,0.62567,0.53267,0.50381,0.54871
2021,baseball,2021-03-22,False,279.0,508893,Texas Southern,4,16,0.18421,0.35061,0.4642,0.33741
2021,baseball,2021-03-22,False,203.0,509182,Texas St.,8,13,0.32804,0.52733,0.44991,0.45815
2021,baseball,2021-03-22,False,39.0,508894,Texas Tech,16,4,0.7378,0.49218,0.58303,0.5763
2021,baseball,2021-03-22,False,245.0,509002,The Citadel,8,9,0.34637,0.4434,0.46158,0.42369
2021,baseball,2021-03-22,False,217.0,508898,Toledo,3,14,0.28467,0.55615,0.40728,0.45107
2021,baseball,2021-03-22,False,235.0,508899,Towson,4,15,0.2454,0.51761,0.45692,0.43438
2021,baseball,2021-03-22,False,170.0,508900,Troy,10,9,0.42945,0.48878,0.52886,0.48397
2021,baseball,2021-03-22,False,93.0,508901,Tulane,9,10,0.43316,0.58247,0.51058,0.52717
2021,baseball,2021-03-22,False,233.0,508958,UAB,7,10,0.31613,0.45201,0.51844,0.43465
2021,baseball,2021-03-22,False,253.0,508959,UAlbany,5,6,0.60748,0.2884,0.47172,0.414
2021,baseball,2021-03-22,False,248.0,508991,UC Davis,5,13,0.17157,0.54489,0.42947,0.4227
2021,baseball,2021-03-22,False,58.0,508992,UC Irvine,10,7,0.68387,0.51709,0.51286,0.55773
2021,baseball,2021-03-22,False,180.0,508994,UC Riverside,3,8,0.30337,0.58292,0.41556,0.47119
2021,baseball,2021-03-22,False,214.0,509216,UC San Diego,3,9,0.21429,0.54823,0.5002,0.45274
2021,baseball,2021-03-22,False,154.0,508989,UC Santa Barbara,11,7,0.56111,0.42412,0.56551,0.49372
2021,baseball,2021-03-22,False,94.0,508998,UCF,9,10,0.48187,0.5445,0.53638,0.52681
2021,baseball,2021-03-22,False,73.0,508993,UCLA,12,6,0.61538,0.51695,0.53244,0.54543
2021,baseball,2021-03-22,False,37.0,509006,UConn,6,11,0.48387,0.68607,0.46267,0.57967
2021,baseball,2021-03-22,False,261.0,509049,UIC,3,11,0.19286,0.47213,0.4856,0.40568
2021,baseball,2021-03-22,False,114.0,508943,UIW,8,5,0.5913,0.50943,0.4532,0.51584
2021,baseball,2021-03-22,False,91.0,509120,ULM,9,7,0.53793,0.52657,0.51988,0.52774
2021,baseball,2021-03-22,False,249.0,509079,UMBC,6,3,0.55172,0.29012,0.55352,0.42137
2021,baseball,2021-03-22,False,,509081,UMES,0,0,0.5,0.5,0.5,0.5
2021,baseball,2021-03-22,False,52.0,509073,UMass Lowell,4,9,0.45217,0.66828,0.45303,0.56044
2021,baseball,2021-03-22,False,199.0,509100,UNC Asheville,4,11,0.31008,0.5499,0.4369,0.46169
2021,baseball,2021-03-22,False,72.0,509103,UNC Greensboro,11,8,0.57653,0.54,0.52604,0.54564
2021,baseball,2021-03-22,False,55.0,509104,UNCW,12,5,0.62937,0.55621,0.49466,0.55911
2021,baseball,2021-03-22,False,28.0,509107,UNLV,7,3,0.69318,0.55752,0.56893,0.59429
2021,baseball,2021-03-22,False,42.0,508945,USC Upstate,14,3,0.82581,0.45998,0.54446,0.57256
2021,baseball,2021-03-22,False,215.0,508895,UT Arlington,7,11,0.33333,0.50298,0.47045,0.45244
2021,baseball,2021-03-22,False,131.0,509190,UT Martin,7,9,0.53378,0.48743,0.5176,0.50656
2021,baseball,2021-03-22,False,143.0,509138,UTRGV,11,9,0.60795,0.42969,0.53102,0.49959
2021,baseball,2021-03-22,False,123.0,508897,UTSA,8,7,0.58503,0.45576,0.54714,0.51092
2021,baseball,2021-03-22,False,195.0,508905,Utah,4,10,0.36364,0.49184,0.50762,0.46373
2021,baseball,2021-03-22,False,244.0,509412,Utah Tech,4,12,0.22078,0.52027,0.43426,0.42389
2021,baseball,2021-03-22,False,243.0,508951,Utah Valley,2,13,0.1844,0.54976,0.4121,0.424
2021,baseball,2021-03-22,False,145.0,508909,VCU,9,9,0.55357,0.47071,0.50149,0.49912
2021,baseball,2021-03-22,False,269.0,508910,VMI,5,11,0.30519,0.37318,0.47293,0.38112
2021,baseball,2021-03-22,False,200.0,508906,Valparaiso,4,9,0.45217,0.45934,0.47398,0.46121
2021,baseball,2021-03-22,False,24.0,508907,Vanderbilt,15,3,0.78,0.52573,0.56787,0.59983
2021,baseball,2021-03-22,False,14.0,508908,Villanova,6,2,0.79412,0.59028,0.5186,0.62332
2021,baseball,2021-03-22,False,130.0,508912,Virginia,8,10,0.3908,0.55691,0.52412,0.50719
2021,baseball,2021-03-22,False,68.0,508911,Virginia Tech,10,8,0.50575,0.57628,0.53227,0.54764
2021,baseball,2021-03-22,False,103.0,508913,Wagner,4,4,0.53488,0.55,0.45088,0.52144
2021,baseball,2021-03-22,False,105.0,508914,Wake Forest,5,8,0.27559,0.65363,0.49849,0.52034
2021,baseball,2021-03-22,False,209.0,508916,Washington,8,9,0.36129,0.48418,0.48855,0.45455
2021,baseball,2021-03-22,False,66.0,508915,Washington St.,11,4,0.79394,0.41858,0.5639,0.54875
2021,baseball,2021-03-22,False,158.0,508917,West Virginia,8,7,0.5034,0.47509,0.50534,0.48973
2021,baseball,2021-03-22,False,26.0,508918,Western Caro.,11,4,0.73643,0.55503,0.54203,0.59713
2021,baseball,2021-03-22,False,171.0,508919,Western Ill.,5,12,0.36646,0.55298,0.46336,0.48395
2021,baseball,2021-03-22,False,168.0,508920,Western Ky.,10,9,0.4497,0.51176,0.46462,0.48446
2021,baseball,2021-03-22,False,265.0,508921,Western Mich.,1,9,0.17105,0.46442,0.46805,0.39199
2021,baseball,2021-03-22,False,146.0,508922,Wichita St.,8,8,0.47134,0.5038,0.5145,0.49836
2021,baseball,2021-03-22,False,192.0,508923,William & Mary,4,9,0.31496,0.50964,0.52433,0.46464
2021,baseball,2021-03-22,False,220.0,508924,Winthrop,5,6,0.41593,0.4375,0.50701,0.44948
2021,baseball,2021-03-22,False,213.0,508944,Wofford,12,7,0.65143,0.29074,0.57932,0.45306
2021,baseball,2021-03-22,False,34.0,508926,Wright St.,12,5,0.75524,0.54172,0.5153,0.5885
2021,baseball,2021-03-22,False,82.0,508927,Xavier,5,8,0.4876,0.6054,0.43753,0.53398
2021,baseball,2021-03-22,False,,508928,Yale,0,0,0.5,0.5,0.5,0.5
2021,baseball,2021-03-22,False,90.0,508929,Youngstown St.,8,11,0.52761,0.55781,0.47076,0.52849
2021,baseball,2021-03-29,False,253.0,508948,A&M-Corpus Christi,5,17,0.20603,0.51069,0.46033,0.42193
2021,baseball,2021-03-29,False,112.0,508954,Abilene Christian,15,8,0.65581,0.4571,0.49953,0.51739
2021,baseball,2021-03-29,False,38.0,508902,Air Force,10,8,0.62893,0.57982,0.51609,0.57616
2021,baseball,2021-03-29,False,240.0,508890,Akron,9,6,0.44681,0.40584,0.49077,0.43732
2021,baseball,2021-03-29,False,18.0,508957,Alabama,15,9,0.56579,0.65698,0.50188,0.59541
2021,baseball,2021-03-29,False,284.0,508955,Alabama A&M,1,10,0.07865,0.42623,0.42706,0.33954
2021,baseball,2021-03-29,False,260.0,508956,Alabama St.,9,11,0.345,0.42799,0.45722,0.41455
2021,baseball,2021-03-29,False,277.0,508960,Alcorn,5,8,0.46763,0.29431,0.45605,0.37808
2021,baseball,2021-03-29,False,115.0,508961,App State,11,11,0.56742,0.49693,0.50499,0.51657
2021,baseball,2021-03-29,False,9.0,508963,Arizona,16,7,0.63256,0.64709,0.51963,0.61159
2021,baseball,2021-03-29,False,17.0,508962,Arizona St.,15,5,0.67683,0.59381,0.52864,0.59827
2021,baseball,2021-03-29,False,274.0,508941,Ark.-Pine Bluff,2,13,0.19697,0.44116,0.45031,0.3824
2021,baseball,2021-03-29,False,2.0,508965,Arkansas,19,3,0.83902,0.67948,0.55916,0.68928
2021,baseball,2021-03-29,False,235.0,508964,Arkansas St.,5,14,0.29936,0.49056,0.48927,0.44244
2021,baseball,2021-03-29,False,278.0,508903,Army West Point,6,11,0.36242,0.30679,0.48064,0.36416
2021,baseball,2021-03-29,False,111.0,508967,Auburn,11,11,0.43602,0.57042,0.49502,0.51797
2021,baseball,2021-03-29,False,245.0,508968,Austin Peay,7,14,0.34314,0.45628,0.47051,0.43155
2021,baseball,2021-03-29,False,168.0,508977,BYU,8,13,0.47179,0.46319,0.54596,0.48603
2021,baseball,2021-03-29,False,102.0,508969,Ball St.,12,9,0.59375,0.48197,0.53784,0.52388
2021,baseball,2021-03-29,False,87.0,508971,Baylor,13,10,0.53191,0.53495,0.52586,0.53192
2021,baseball,2021-03-29,False,197.0,509202,Bellarmine,8,13,0.32804,0.52268,0.49011,0.46588
2021,baseball,2021-03-29,False,201.0,508946,Belmont,7,12,0.37423,0.50523,0.46705,0.46294
2021,baseball,2021-03-29,False,,508972,Bethune-Cookman,0,0,0.5,0.5,0.5,0.5
2021,baseball,2021-03-29,False,165.0,508973,Binghamton,2,4,0.37037,0.60256,0.3716,0.48677
2021,baseball,2021-03-29,False,75.0,508974,Boston College,12,10,0.55752,0.53027,0.53108,0.53728
2021,baseball,2021-03-29,False,109.0,508975,Bowling Green,8,10,0.5977,0.50527,0.47195,0.52005
2021,baseball,2021-03-29,False,174.0,508976,Bradley,5,9,0.47328,0.49122,0.47349,0.48231
2021,baseball,2021-03-29,False,,508978,Brown,0,0,0.5,0.5,0.5,0.5
2021,baseball,2021-03-29,False,113.0,508979,Bryant,8,7,0.65409,0.45082,0.51326,0.51725
2021,baseball,2021-03-29,False,208.0,508980,Bucknell,5,9,0.30597,0.56474,0.38832,0.45594
2021,baseball,2021-03-29,False,250.0,508981,Butler,5,6,0.40594,0.40946,0.47867,0.42588
2021,baseball,2021-03-29,False,262.0,508983,CSU Bakersfield,6,5,0.47525,0.30353,0.57411,0.4141
2021,baseball,2021-03-29,False,268.0,508987,CSUN,3,5,0.38372,0.38971,0.45775,0.40522
2021,baseball,2021-03-29,False,192.0,508982,Cal Poly,12,9,0.52055,0.4207,0.52539,0.47183
2021,baseball,2021-03-29,False,114.0,508985,Cal St. Fullerton,9,13,0.43458,0.56018,0.51245,0.51685
2021,baseball,2021-03-29,False,134.0,508990,California,14,8,0.62245,0.43188,0.53464,0.50521
2021,baseball,2021-03-29,False,120.0,508953,California Baptist,15,6,0.68254,0.42595,0.52099,0.51385
2021,baseball,2021-03-29,False,135.0,508995,Campbell,10,8,0.48718,0.51296,0.50738,0.50512
2021,baseball,2021-03-29,False,183.0,508996,Canisius,3,5,0.52703,0.5,0.375,0.47551
2021,baseball,2021-03-29,False,116.0,508930,Central Ark.,9,11,0.49468,0.54201,0.48508,0.51594
2021,baseball,2021-03-29,False,207.0,508997,Central Conn. St.,7,5,0.53509,0.3805,0.53003,0.45653
2021,baseball,2021-03-29,False,138.0,508999,Central Mich.,10,8,0.69892,0.40679,0.5044,0.50423
2021,baseball,2021-03-29,False,263.0,508970,Charleston So.,7,10,0.4012,0.37051,0.49868,0.41023
2021,baseball,2021-03-29,False,50.0,509102,Charlotte,14,9,0.58883,0.57934,0.52018,0.56692
2021,baseball,2021-03-29,False,190.0,509001,Cincinnati,10,10,0.53409,0.40417,0.5459,0.47209
2021,baseball,2021-03-29,False,35.0,509003,Clemson,12,9,0.53846,0.625,0.52094,0.57735
2021,baseball,2021-03-29,False,71.0,509004,Coastal Carolina,14,8,0.58654,0.51166,0.54811,0.53949
2021,baseball,2021-03-29,False,213.0,508933,Col. of Charleston,7,11,0.27222,0.51364,0.51176,0.45282
2021,baseball,2021-03-29,False,,509005,Columbia,0,0,0.5,0.5,0.5,0.5
2021,baseball,2021-03-29,False,279.0,509007,Coppin St.,5,13,0.32778,0.34145,0.43982,0.36263
2021,baseball,2021-03-29,False,,509008,Cornell,0,0,0.5,0.5,0.5,0.5
2021,baseball,2021-03-29,False,167.0,509009,Creighton,6,7,0.57391,0.44206,0.48716,0.4863
2021,baseball,2021-03-29,False,140.0,508934,DBU,14,7,0.54872,0.46293,0.53492,0.50238
2021,baseball,2021-03-29,False,,509010,Dartmouth,0,0,0.5,0.5,0.5,0.5
2021,baseball,2021-03-29,False,166.0,509011,Davidson,12,9,0.58491,0.41169,0.53798,0.48657
2021,baseball,2021-03-29,False,221.0,509012,Dayton,8,15,0.32653,0.5136,0.44577,0.44987
2021,baseball,2021-03-29,False,118.0,509014,Delaware,3,5,0.3375,0.67055,0.38378,0.5156
2021,baseball,2021-03-29,False,280.0,509013,Delaware St.,4,10,0.32787,0.34911,0.42365,0.36244
2021,baseball,2021-03-29,False,53.0,509015,Duke,10,10,0.45361,0.65215,0.5028,0.56518
2021,baseball,2021-03-29,False,156.0,509017,ETSU,13,9,0.55612,0.4614,0.49522,0.49354
2021,baseball,2021-03-29,False,10.0,509016,East Carolina,17,5,0.77717,0.56376,0.54075,0.61136
2021,baseball,2021-03-29,False,66.0,509018,Eastern Ill.,13,10,0.62232,0.52295,0.50091,0.54228
2021,baseball,2021-03-29,False,176.0,509019,Eastern Ky.,8,15,0.37563,0.542,0.46816,0.48195
2021,baseball,2021-03-29,False,107.0,509020,Eastern Mich.,7,8,0.61905,0.47715,0.50814,0.52037
2021,baseball,2021-03-29,False,203.0,508935,Elon,6,10,0.35065,0.50344,0.48872,0.46156
2021,baseball,2021-03-29,False,110.0,509021,Evansville,12,11,0.48731,0.53991,0.51175,0.51972
2021,baseball,2021-03-29,False,261.0,509023,FDU,3,8,0.23894,0.51515,0.38763,0.41422
2021,baseball,2021-03-29,False,47.0,508950,FGCU,13,9,0.60455,0.58301,0.50859,0.56979
2021,baseball,2021-03-29,False,78.0,509026,FIU,9,12,0.40845,0.62486,0.4898,0.53699
2021,baseball,2021-03-29,False,1.0,509022,Fairfield,4,0,1.0,0.75,0.6875,0.79688
2021,baseball,2021-03-29,False,101.0,509025,Fla. Atlantic,14,9,0.56744,0.48215,0.56762,0.52484
2021,baseball,2021-03-29,False,60.0,509028,Florida,16,8,0.59596,0.53745,0.53132,0.55055
2021,baseball,2021-03-29,False,225.0,509024,Florida A&M,9,16,0.34615,0.46862,0.50421,0.4469
2021,baseball,2021-03-29,False,62.0,509027,Florida St.,12,8,0.53774,0.54518,0.56131,0.54735
2021,baseball,2021-03-29,False,68.0,509029,Fordham,11,4,0.71631,0.44042,0.56377,0.54023
2021,baseball,2021-03-29,False,163.0,508984,Fresno St.,7,10,0.42657,0.51992,0.48466,0.48777
2021,baseball,2021-03-29,False,88.0,509034,Ga. Southern,12,10,0.47005,0.57456,0.50681,0.53149
2021,baseball,2021-03-29,False,150.0,508936,Gardner-Webb,7,9,0.49375,0.51041,0.47147,0.49651
2021,baseball,2021-03-29,False,259.0,509031,George Mason,4,11,0.25185,0.50388,0.40549,0.41628
2021,baseball,2021-03-29,False,200.0,509032,George Washington,9,7,0.46875,0.46004,0.46525,0.46352
2021,baseball,2021-03-29,False,,509033,Georgetown,0,0,0.5,0.5,0.5,0.5
2021,baseball,2021-03-29,False,33.0,509037,Georgia,16,7,0.64039,0.58276,0.51365,0.57989
2021,baseball,2021-03-29,False,119.0,509035,Georgia St.,5,20,0.23144,0.67209,0.48539,0.51525
2021,baseball,2021-03-29,False,48.0,509036,Georgia Tech,13,7,0.62736,0.53222,0.58555,0.56934
2021,baseball,2021-03-29,False,40.0,509038,Gonzaga,13,10,0.63877,0.58631,0.4927,0.57602
2021,baseball,2021-03-29,False,276.0,509039,Grambling,5,14,0.24699,0.40437,0.46674,0.38062
2021,baseball,2021-03-29,False,173.0,508937,Grand Canyon,11,12,0.39207,0.51029,0.5205,0.48329
2021,baseball,2021-03-29,False,188.0,509040,Hartford,6,2,0.61765,0.35,0.57103,0.47217
2021,baseball,2021-03-29,False,,509041,Harvard,0,0,0.5,0.5,0.5,0.5
2021,baseball,2021-03-29,False,31.0,509042,Hawaii,11,7,0.60145,0.60428,0.5125,0.58063
2021,baseball,2021-03-29,False,222.0,508947,High Point,8,12,0.3202,0.49265,0.48386,0.44734
2021,baseball,2021-03-29,False,73.0,509043,Hofstra,7,5,0.64035,0.53302,0.44835,0.53868
2021,baseball,2021-03-29,False,290.0,509044,Holy Cross,0,7,0.0,0.29796,0.37559,0.24288
2021,baseball,2021-03-29,False,180.0,509046,Houston,12,11,0.51584,0.4422,0.51934,0.47989
2021,baseball,2021-03-29,False,232.0,509045,Houston Christian,5,18,0.29064,0.51308,0.45791,0.44368
2021,baseball,2021-03-29,False,164.0,509048,Illinois,7,8,0.49686,0.47319,0.50421,0.48686
2021,baseball,2021-03-29,False,211.0,509047,Illinois St.,7,14,0.34359,0.47422,0.53068,0.45568
2021,baseball,2021-03-29,False,80.0,509051,Indiana,11,3,0.77612,0.37669,0.60928,0.53469
2021,baseball,2021-03-29,False,7.0,509050,Indiana St.,11,6,0.74468,0.63035,0.52296,0.63209
2021,baseball,2021-03-29,False,289.0,509053,Iona,3,5,0.38372,0.125,0.5625,0.29906
2021,baseball,2021-03-29,False,59.0,509054,Iowa,7,8,0.45752,0.67616,0.41146,0.55533
2021,baseball,2021-03-29,False,144.0,509055,Jackson St.,14,6,0.74468,0.3924,0.47062,0.50003
2021,baseball,2021-03-29,False,246.0,509057,Jacksonville,5,15,0.205,0.51926,0.47206,0.42889
2021,baseball,2021-03-29,False,105.0,509056,Jacksonville St.,11,11,0.4703,0.55557,0.50297,0.5211
2021,baseball,2021-03-29,False,257.0,509058,James Madison,3,6,0.33333,0.41656,0.50068,0.41678
2021,baseball,2021-03-29,False,65.0,509060,Kansas,14,8,0.72038,0.48496,0.48284,0.54329
2021,baseball,2021-03-29,False,146.0,509059,Kansas St.,13,10,0.53695,0.46976,0.51812,0.49865
2021,baseball,2021-03-29,False,108.0,508938,Kennesaw St.,15,8,0.6798,0.43193,0.53744,0.52027
2021,baseball,2021-03-29,False,251.0,509061,Kent St.,8,11,0.37569,0.40052,0.52421,0.42523
2021,baseball,2021-03-29,False,70.0,509062,Kentucky,17,4,0.72487,0.4502,0.53364,0.53973
2021,baseball,2021-03-29,False,215.0,509068,LIU,5,3,0.7375,0.27083,0.5312,0.45259
2021,baseball,2021-03-29,False,185.0,509074,LMU (CA),9,13,0.40099,0.49068,0.5127,0.47376
2021,baseball,2021-03-29,False,46.0,509070,LSU,16,8,0.59048,0.59106,0.51362,0.57156
2021,baseball,2021-03-29,False,254.0,509063,La Salle,10,7,0.59218,0.2808,0.52683,0.42015
2021,baseball,2021-03-29,False,285.0,509064,Lafayette,4,4,0.35,0.27435,0.44515,0.33596
2021,baseball,2021-03-29,False,149.0,509065,Lamar University,10,8,0.50538,0.48576,0.51253,0.49736
2021,baseball,2021-03-29,False,202.0,509066,Lehigh,7,6,0.54483,0.41404,0.47631,0.46231
2021,baseball,2021-03-29,False,41.0,509067,Liberty,16,6,0.79208,0.48912,0.52918,0.57488
2021,baseball,2021-03-29,False,199.0,508949,Lipscomb,7,11,0.35948,0.49843,0.4992,0.46388
2021,baseball,2021-03-29,False,61.0,508966,Little Rock,11,8,0.62431,0.51836,0.54036,0.55035
2021,baseball,2021-03-29,False,247.0,508986,Long Beach St.,3,5,0.36486,0.41071,0.52827,0.42864
2021,baseball,2021-03-29,False,252.0,509069,Longwood,8,13,0.41546,0.40899,0.45767,0.42277
2021,baseball,2021-03-29,False,74.0,509183,Louisiana,13,11,0.50463,0.5627,0.52289,0.53823
2021,baseball,2021-03-29,False,6.0,509071,Louisiana Tech,17,6,0.75229,0.63135,0.51742,0.6331
2021,baseball,2021-03-29,False,32.0,509072,Louisville,16,6,0.72449,0.52972,0.53657,0.58012
2021,baseball,2021-03-29,False,100.0,509075,Maine,7,4,0.69912,0.46394,0.47239,0.52485
2021,baseball,2021-03-29,False,258.0,509076,Manhattan,0,2,0.0,0.75,0.16667,0.41667
2021,baseball,2021-03-29,False,,509077,Marist,0,0,0.5,0.5,0.5,0.5
2021,baseball,2021-03-29,False,155.0,509078,Marshall,4,11,0.3252,0.58114,0.48688,0.49359
2021,baseball,2021-03-29,False,237.0,509080,Maryland,5,9,0.35714,0.42717,0.55036,0.44046
2021,baseball,2021-03-29,False,177.0,509082,Massachusetts,7,8,0.61905,0.40071,0.50547,0.48149
2021,baseball,2021-03-29,False,227.0,509083,McNeese,12,11,0.50246,0.37323,0.53422,0.44579
2021,baseball,2021-03-29,False,136.0,509084,Memphis,10,12,0.40331,0.57038,0.4761,0.50504
2021,baseball,2021-03-29,False,84.0,509085,Mercer,13,10,0.50698,0.56219,0.49743,0.5322
2021,baseball,2021-03-29,False,249.0,508931,Merrimack,5,10,0.22013,0.53778,0.40794,0.4259
2021,baseball,2021-03-29,False,42.0,509087,Miami (FL),12,8,0.6055,0.5659,0.55978,0.57427
2021,baseball,2021-03-29,False,181.0,509086,Miami (OH),13,9,0.625,0.36292,0.55707,0.47698
2021,baseball,2021-03-29,False,72.0,509089,Michigan,11,4,0.71895,0.40308,0.63208,0.5393
2021,baseball,2021-03-29,False,122.0,509088,Michigan St.,7,8,0.45752,0.59441,0.40138,0.51193
2021,baseball,2021-03-29,False,189.0,509090,Middle Tenn.,13,10,0.57466,0.40995,0.49408,0.47216
2021,baseball,2021-03-29,False,224.0,508925,Milwaukee,7,12,0.44371,0.4416,0.46114,0.44701
2021,baseball,2021-03-29,False,255.0,509091,Minnesota,3,12,0.13725,0.57172,0.3945,0.4188
2021,baseball,2021-03-29,False,23.0,509092,Mississippi St.,17,7,0.63063,0.60078,0.52176,0.58849
2021,baseball,2021-03-29,False,288.0,509093,Mississippi Val.,0,9,0.0,0.39066,0.42366,0.30125
2021,baseball,2021-03-29,False,162.0,509095,Missouri,8,15,0.38494,0.54047,0.48727,0.48829
2021,baseball,2021-03-29,False,139.0,509181,Missouri St.,7,8,0.50694,0.47455,0.5587,0.50369
2021,baseball,2021-03-29,False,63.0,509096,Monmouth,5,1,0.88333,0.25,0.80556,0.54722
2021,baseball,2021-03-29,False,153.0,509097,Morehead St.,10,10,0.58242,0.43574,0.52471,0.49465
2021,baseball,2021-03-29,False,283.0,509098,Mount St. Mary's,5,14,0.18135,0.40115,0.39159,0.34381
2021,baseball,2021-03-29,False,83.0,509099,Murray St.,12,11,0.55814,0.52944,0.51386,0.53272
2021,baseball,2021-03-29,False,269.0,509116,N.C. A&T,7,17,0.31905,0.40479,0.48385,0.40312
2021,baseball,2021-03-29,False,223.0,509117,N.C. Central,10,8,0.55952,0.38035,0.46868,0.44722
2021,baseball,2021-03-29,False,93.0,509118,NC State,7,9,0.36413,0.62483,0.49995,0.52844
2021,baseball,2021-03-29,False,226.0,509123,NIU,5,14,0.38462,0.48135,0.43958,0.44672
2021,baseball,2021-03-29,False,273.0,509109,NJIT,3,11,0.25781,0.45951,0.38007,0.38923
2021,baseball,2021-03-29,False,123.0,508904,Navy,6,1,0.87273,0.33304,0.50642,0.51131
2021,baseball,2021-03-29,False,92.0,509105,Nebraska,11,4,0.73759,0.37051,0.63976,0.52959
2021,baseball,2021-03-29,False,137.0,509108,Nevada,7,10,0.50968,0.50284,0.50389,0.50481
2021,baseball,2021-03-29,False,145.0,509111,New Mexico,8,11,0.43558,0.52327,0.51717,0.49982
2021,baseball,2021-03-29,False,186.0,509110,New Mexico St.,10,9,0.54305,0.41749,0.51542,0.47336
2021,baseball,2021-03-29,False,229.0,509112,New Orleans,12,12,0.41026,0.43629,0.49873,0.44539
2021,baseball,2021-03-29,False,37.0,509113,Niagara,4,4,0.65,0.625,0.40625,0.57656
2021,baseball,2021-03-29,False,178.0,509114,Nicholls,11,12,0.44186,0.48596,0.51058,0.48109
2021,baseball,2021-03-29,False,248.0,509115,Norfolk St.,7,14,0.34272,0.4658,0.43229,0.42665
2021,baseball,2021-03-29,False,256.0,508952,North Ala.,4,17,0.16374,0.51057,0.49028,0.41879
2021,baseball,2021-03-29,False,57.0,509101,North Carolina,13,8,0.57672,0.55924,0.54414,0.55983
2021,baseball,2021-03-29,False,96.0,509119,North Dakota St.,16,6,0.832,0.36935,0.54068,0.52784
2021,baseball,2021-03-29,False,121.0,508942,North Florida,9,11,0.53883,0.48513,0.54367,0.51319
2021,baseball,2021-03-29,False,51.0,509121,Northeastern,10,5,0.66667,0.54188,0.51287,0.56582
2021,baseball,2021-03-29,False,275.0,509122,Northern Colo.,6,17,0.24434,0.42747,0.42675,0.38151
2021,baseball,2021-03-29,False,230.0,509124,Northern Ky.,8,11,0.43312,0.43469,0.47335,0.44396
2021,baseball,2021-03-29,False,142.0,509126,Northwestern,9,5,0.69863,0.35584,0.591,0.50033
2021,baseball,2021-03-29,False,214.0,509125,Northwestern St.,9,12,0.3913,0.4526,0.51464,0.45279
2021,baseball,2021-03-29,False,12.0,509127,Notre Dame,11,4,0.74843,0.54894,0.58877,0.60877
2021,baseball,2021-03-29,False,271.0,509128,Oakland,8,15,0.44635,0.33989,0.46873,0.39871
2021,baseball,2021-03-29,False,209.0,509130,Ohio,9,9,0.41071,0.47182,0.46914,0.45587
2021,baseball,2021-03-29,False,76.0,509129,Ohio St.,8,6,0.57463,0.53996,0.49433,0.53722
2021,baseball,2021-03-29,False,85.0,509132,Oklahoma,13,10,0.54245,0.53107,0.52375,0.53208
2021,baseball,2021-03-29,False,13.0,509131,Oklahoma St.,15,6,0.68182,0.62613,0.49154,0.60641
2021,baseball,2021-03-29,False,34.0,509133,Old Dominion,17,5,0.6875,0.5548,0.52171,0.5797
2021,baseball,2021-03-29,False,11.0,509094,Ole Miss,20,4,0.78404,0.55912,0.53578,0.60951
2021,baseball,2021-03-29,False,228.0,509106,Omaha,8,12,0.38144,0.45693,0.48686,0.44554
2021,baseball,2021-03-29,False,131.0,509134,Oral Roberts,9,14,0.37959,0.581,0.48232,0.50597
2021,baseball,2021-03-29,False,4.0,509136,Oregon,12,6,0.67742,0.67654,0.50671,0.6343
2021,baseball,2021-03-29,False,30.0,509135,Oregon St.,16,5,0.71689,0.53898,0.52968,0.58114
2021,baseball,2021-03-29,False,172.0,509137,Pacific,7,14,0.35266,0.58062,0.42169,0.4839
2021,baseball,2021-03-29,False,196.0,509140,Penn,0,3,0.0,0.75,0.36645,0.46661
2021,baseball,2021-03-29,False,195.0,509139,Penn St.,4,10,0.25373,0.61916,0.37627,0.46708
2021,baseball,2021-03-29,False,124.0,509141,Pepperdine,11,11,0.56818,0.48062,0.51564,0.51126
2021,baseball,2021-03-29,False,22.0,509142,Pittsburgh,12,8,0.65158,0.57272,0.56657,0.5909
2021,baseball,2021-03-29,False,231.0,509143,Portland,11,11,0.5,0.35532,0.56475,0.44385
2021,baseball,2021-03-29,False,282.0,509144,Prairie View,3,11,0.24545,0.36839,0.4306,0.35321
2021,baseball,2021-03-29,False,204.0,508939,Presbyterian,5,8,0.4087,0.47458,0.48363,0.46037
2021,baseball,2021-03-29,False,,509145,Princeton,0,0,0.5,0.5,0.5,0.5
2021,baseball,2021-03-29,False,170.0,509146,Purdue,3,11,0.21429,0.68182,0.36204,0.48499
2021,baseball,2021-03-29,False,267.0,509052,Purdue Fort Wayne,7,12,0.38286,0.38698,0.46611,0.40573
2021,baseball,2021-03-29,False,49.0,509147,Quinnipiac,2,6,0.25,0.875,0.27083,0.56771
2021,baseball,2021-03-29,False,95.0,509148,Radford,11,10,0.56614,0.53606,0.47443,0.52817
2021,baseball,2021-03-29,False,39.0,509149,Rhode Island,10,9,0.59873,0.58297,0.53967,0.57609
2021,baseball,2021-03-29,False,244.0,509150,Rice,12,12,0.42466,0.40625,0.50135,0.43463
2021,baseball,2021-03-29,False,187.0,509151,Richmond,9,4,0.63303,0.38493,0.48869,0.47289
2021,baseball,2021-03-29,False,44.0,509152,Rider,6,2,0.61765,0.5,0.67708,0.57368
2021,baseball,2021-03-29,False,154.0,509153,Rutgers,8,6,0.63571,0.40206,0.53454,0.4936
2021,baseball,2021-03-29,False,171.0,509185,SFA,8,12,0.48108,0.49364,0.46925,0.4844
2021,baseball,2021-03-29,False,206.0,509178,SIUE,11,9,0.50532,0.40508,0.51876,0.45856
2021,baseball,2021-03-29,False,77.0,508988,Sacramento St.,17,6,0.78855,0.39685,0.56575,0.537
2021,baseball,2021-03-29,False,128.0,509154,Sacred Heart,7,13,0.48295,0.53526,0.47571,0.50729
2021,baseball,2021-03-29,False,55.0,509157,Saint Joseph's,5,2,0.69412,0.50882,0.53378,0.56139
2021,baseball,2021-03-29,False,234.0,509158,Saint Louis,7,16,0.2618,0.52376,0.46195,0.44282
2021,baseball,2021-03-29,False,126.0,509159,Saint Mary's (CA),12,11,0.5272,0.5176,0.48109,0.51087
2021,baseball,2021-03-29,False,,509160,Saint Peter's,0,0,0.5,0.5,0.5,0.5
2021,baseball,2021-03-29,False,216.0,509161,Sam Houston,8,13,0.32804,0.49278,0.4962,0.45245
2021,baseball,2021-03-29,False,91.0,509162,Samford,13,11,0.56019,0.53051,0.49736,0.52964
2021,baseball,2021-03-29,False,24.0,509164,San Diego,17,4,0.81421,0.48345,0.56477,0.58647
2021,baseball,2021-03-29,False,25.0,509163,San Diego St.,13,6,0.63536,0.57307,0.56047,0.58549
2021,baseball,2021-03-29,False,141.0,509165,San Francisco,7,15,0.35096,0.59781,0.46195,0.50213
2021,baseball,2021-03-29,False,106.0,509166,San Jose St.,1,2,0.21212,0.6875,0.49634,0.52087
2021,baseball,2021-03-29,False,69.0,509167,Santa Clara,9,14,0.42489,0.63419,0.46595,0.53981
2021,baseball,2021-03-29,False,158.0,508940,Seattle U,7,13,0.44886,0.51222,0.49181,0.49128
2021,baseball,2021-03-29,False,218.0,509168,Seton Hall,5,11,0.37324,0.49603,0.44187,0.45179
2021,baseball,2021-03-29,False,287.0,509169,Siena,3,5,0.24419,0.25,0.46875,0.30323
2021,baseball,2021-03-29,False,98.0,509170,South Alabama,13,9,0.58403,0.50027,0.51946,0.52601
2021,baseball,2021-03-29,False,5.0,509171,South Carolina,16,6,0.73481,0.63876,0.52279,0.63378
2021,baseball,2021-03-29,False,239.0,509172,South Dakota St.,7,13,0.47568,0.40219,0.4793,0.43984
2021,baseball,2021-03-29,False,130.0,509173,South Fla.,9,12,0.38462,0.57668,0.48749,0.50637
2021,baseball,2021-03-29,False,67.0,509174,Southeast Mo. St.,11,11,0.54327,0.5559,0.50943,0.54113
2021,baseball,2021-03-29,False,52.0,509175,Southeastern La.,16,8,0.71717,0.51434,0.51687,0.56568
2021,baseball,2021-03-29,False,133.0,509176,Southern California,10,9,0.45596,0.53502,0.49662,0.50565
2021,baseball,2021-03-29,False,16.0,509177,Southern Ill.,19,3,0.8125,0.53102,0.51928,0.59845
2021,baseball,2021-03-29,False,56.0,509179,Southern Miss.,14,9,0.54717,0.576,0.54162,0.5602
2021,baseball,2021-03-29,False,236.0,509180,Southern U.,9,12,0.5,0.39417,0.47753,0.44147
2021,baseball,2021-03-29,False,286.0,509155,St. Bonaventure,0,5,0.0,0.45333,0.42026,0.33173
2021,baseball,2021-03-29,False,27.0,509156,St. John's (NY),9,5,0.62727,0.60111,0.50647,0.58399
2021,baseball,2021-03-29,False,43.0,509184,Stanford,14,3,0.77852,0.47247,0.57313,0.57415
2021,baseball,2021-03-29,False,97.0,509186,Stetson,16,8,0.62963,0.46233,0.55374,0.52701
2021,baseball,2021-03-29,False,132.0,509187,Stony Brook,8,7,0.53801,0.52774,0.43032,0.50595
2021,baseball,2021-03-29,False,28.0,508892,TCU,16,7,0.66507,0.57155,0.52492,0.58327
2021,baseball,2021-03-29,False,184.0,509348,Tarleton St.,8,17,0.33649,0.555,0.45021,0.47418
2021,baseball,2021-03-29,False,8.0,509189,Tennessee,21,4,0.82063,0.56251,0.55543,0.62527
2021,baseball,2021-03-29,False,182.0,509188,Tennessee Tech,9,9,0.55556,0.42534,0.4988,0.47626
2021,baseball,2021-03-29,False,21.0,508896,Texas,17,7,0.68037,0.58369,0.5169,0.59116
2021,baseball,2021-03-29,False,86.0,508891,Texas A&M,17,9,0.57709,0.52212,0.5069,0.53206
2021,baseball,2021-03-29,False,281.0,508893,Texas Southern,5,16,0.22013,0.36624,0.4747,0.35683
2021,baseball,2021-03-29,False,169.0,509182,Texas St.,11,14,0.3722,0.54719,0.47412,0.48518
2021,baseball,2021-03-29,False,20.0,508894,Texas Tech,19,4,0.76757,0.51916,0.56568,0.59289
2021,baseball,2021-03-29,False,238.0,509002,The Citadel,8,12,0.31,0.49397,0.46353,0.44037
2021,baseball,2021-03-29,False,198.0,508898,Toledo,4,17,0.30409,0.56637,0.42606,0.46572
2021,baseball,2021-03-29,False,210.0,508899,Towson,7,16,0.3401,0.48931,0.50414,0.45571
2021,baseball,2021-03-29,False,151.0,508900,Troy,13,10,0.47783,0.48815,0.52805,0.49555
2021,baseball,2021-03-29,False,127.0,508901,Tulane,10,12,0.4,0.55758,0.51999,0.50879
2021,baseball,2021-03-29,False,243.0,508958,UAB,9,13,0.30288,0.47232,0.49724,0.43619
2021,baseball,2021-03-29,False,272.0,508959,UAlbany,5,10,0.40881,0.33111,0.48973,0.39019
2021,baseball,2021-03-29,False,241.0,508991,UC Davis,5,17,0.15086,0.57392,0.44852,0.43681
2021,baseball,2021-03-29,False,19.0,508992,UC Irvine,14,7,0.73224,0.55252,0.54261,0.59498
2021,baseball,2021-03-29,False,217.0,508994,UC Riverside,4,11,0.25185,0.55154,0.4535,0.45211
2021,baseball,2021-03-29,False,99.0,509216,UC San Diego,6,10,0.38372,0.61171,0.49388,0.52526
2021,baseball,2021-03-29,False,104.0,508989,UC Santa Barbara,15,7,0.62019,0.441,0.58662,0.5222
2021,baseball,2021-03-29,False,82.0,508998,UCF,10,13,0.46696,0.58699,0.49123,0.53304
2021,baseball,2021-03-29,False,45.0,508993,UCLA,15,7,0.65816,0.5508,0.53182,0.5729
2021,baseball,2021-03-29,False,26.0,509006,UConn,9,12,0.50794,0.66432,0.50201,0.58465
2021,baseball,2021-03-29,False,193.0,509049,UIC,7,11,0.41146,0.49045,0.49048,0.47071
2021,baseball,2021-03-29,False,143.0,508943,UIW,10,8,0.50617,0.50367,0.48723,0.50019
2021,baseball,2021-03-29,False,117.0,509120,ULM,10,10,0.50838,0.50895,0.53663,0.51573
2021,baseball,2021-03-29,False,242.0,509079,UMBC,7,5,0.53509,0.35905,0.49199,0.43629
2021,baseball,2021-03-29,False,,509081,UMES,0,0,0.5,0.5,0.5,0.5
2021,baseball,2021-03-29,False,94.0,509073,UMass Lowell,5,10,0.48148,0.56326,0.50565,0.52841
2021,baseball,2021-03-29,False,220.0,509100,UNC Asheville,6,13,0.31953,0.50278,0.47572,0.4502
2021,baseball,2021-03-29,False,90.0,509103,UNC Greensboro,13,10,0.58898,0.50138,0.52773,0.52987
2021,baseball,2021-03-29,False,103.0,509104,UNCW,13,8,0.56284,0.51781,0.495,0.52337
2021,baseball,2021-03-29,False,79.0,509107,UNLV,8,7,0.52713,0.55066,0.51704,0.53637
2021,baseball,2021-03-29,False,58.0,508945,USC Upstate,16,5,0.78307,0.45644,0.5308,0.55669
2021,baseball,2021-03-29,False,175.0,508895,UT Arlington,10,13,0.41176,0.51584,0.4848,0.48206
2021,baseball,2021-03-29,False,161.0,509190,UT Martin,9,10,0.58011,0.43002,0.51526,0.48885
2021,baseball,2021-03-29,False,160.0,509138,UTRGV,12,12,0.57143,0.43763,0.51293,0.48991
2021,baseball,2021-03-29,False,89.0,508897,UTSA,11,8,0.64767,0.4808,0.51343,0.53068
2021,baseball,2021-03-29,False,194.0,508905,Utah,5,13,0.30128,0.54047,0.49369,0.46898
2021,baseball,2021-03-29,False,219.0,509412,Utah Tech,6,15,0.29851,0.5284,0.44833,0.45091
2021,baseball,2021-03-29,False,266.0,508951,Utah Valley,4,16,0.2766,0.45449,0.43952,0.40627
2021,baseball,2021-03-29,False,129.0,508909,VCU,12,10,0.57692,0.46923,0.51139,0.50669
2021,baseball,2021-03-29,False,270.0,508910,VMI,6,14,0.27,0.43176,0.47061,0.40103
2021,baseball,2021-03-29,False,205.0,508906,Valparaiso,5,12,0.43624,0.45937,0.48005,0.45876
2021,baseball,2021-03-29,False,14.0,508907,Vanderbilt,19,3,0.83163,0.50851,0.57421,0.60572
2021,baseball,2021-03-29,False,3.0,508908,Villanova,9,2,0.86139,0.57227,0.62101,0.65673
2021,baseball,2021-03-29,False,125.0,508912,Virginia,10,13,0.37104,0.57213,0.52874,0.51101
2021,baseball,2021-03-29,False,29.0,508911,Virginia Tech,13,8,0.59624,0.60128,0.52701,0.58145
2021,baseball,2021-03-29,False,264.0,508913,Wagner,4,7,0.368,0.39372,0.48308,0.40963
2021,baseball,2021-03-29,False,54.0,508914,Wake Forest,8,9,0.42775,0.65582,0.51828,0.56441
2021,baseball,2021-03-29,False,212.0,508916,Washington,8,12,0.29787,0.51147,0.49529,0.45402
2021,baseball,2021-03-29,False,64.0,508915,Washington St.,12,8,0.69903,0.47056,0.5442,0.54609
2021,baseball,2021-03-29,False,157.0,508917,West Virginia,10,9,0.48619,0.48669,0.50861,0.49205
2021,baseball,2021-03-29,False,15.0,508918,Western Caro.,13,4,0.76224,0.56236,0.52033,0.60182
2021,baseball,2021-03-29,False,179.0,508919,Western Ill.,8,13,0.41026,0.52287,0.46623,0.48056
2021,baseball,2021-03-29,False,159.0,508920,Western Ky.,11,13,0.37387,0.55175,0.4826,0.48999
2021,baseball,2021-03-29,False,265.0,508921,Western Mich.,2,10,0.20833,0.48133,0.46076,0.40794
2021,baseball,2021-03-29,False,81.0,508922,Wichita St.,12,8,0.55135,0.53017,0.52466,0.53409
2021,baseball,2021-03-29,False,233.0,508923,William & Mary,4,12,0.25974,0.50742,0.49989,0.44362
2021,baseball,2021-03-29,False,148.0,508924,Winthrop,8,7,0.46259,0.52168,0.48473,0.49767
2021,baseball,2021-03-29,False,191.0,508944,Wofford,14,9,0.64115,0.35249,0.54212,0.47206
2021,baseball,2021-03-29,False,36.0,508926,Wright St.,13,8,0.68362,0.56259,0.499,0.57695
2021,baseball,2021-03-29,False,147.0,508927,Xavier,6,12,0.44444,0.5443,0.45938,0.49811
2021,baseball,2021-03-29,False,,508928,Yale,0,0,0.5,0.5,0.5,0.5
2021,baseball,2021-03-29,False,152.0,508929,Youngstown St.,11,12,0.54315,0.47189,0.49486,0.49545
2021,baseball,2021-04-05,False,254.0,508948,A&M-Corpus Christi,6,20,0.19592,0.52226,0.45989,0.42508
2021,baseball,2021-04-05,False,168.0,508954,Abilene Christian,16,11,0.56705,0.44574,0.49198,0.48763
2021,baseball,2021-04-05,False,24.0,508902,Air Force,12,9,0.65625,0.58107,0.52275,0.58529
2021,baseball,2021-04-05,False,287.0,508890,Akron,9,11,0.35795,0.28564,0.49608,0.35633
2021,baseball,2021-04-05,False,22.0,508957,Alabama,16,11,0.52107,0.66467,0.50692,0.58933
2021,baseball,2021-04-05,False,288.0,508955,Alabama A&M,2,12,0.11475,0.42631,0.42733,0.34868
2021,baseball,2021-04-05,False,261.0,508956,Alabama St.,11,13,0.39583,0.38773,0.46887,0.41004
2021,baseball,2021-04-05,False,274.0,508960,Alcorn,5,8,0.46763,0.32191,0.44945,0.39022
2021,baseball,2021-04-05,False,125.0,508961,App State,11,12,0.54595,0.48676,0.5039,0.50584
2021,baseball,2021-04-05,False,7.0,508963,Arizona,18,8,0.65323,0.65741,0.52996,0.6245
2021,baseball,2021-04-05,False,21.0,508962,Arizona St.,16,7,0.59898,0.60221,0.55447,0.58947
2021,baseball,2021-04-05,False,285.0,508941,Ark.-Pine Bluff,2,17,0.14607,0.43631,0.43576,0.36361
2021,baseball,2021-04-05,False,3.0,508965,Arkansas,22,4,0.80753,0.63473,0.5639,0.66022
2021,baseball,2021-04-05,False,202.0,508964,Arkansas St.,8,14,0.38202,0.49543,0.49882,0.46793
2021,baseball,2021-04-05,False,238.0,508903,Army West Point,11,11,0.51531,0.39856,0.48592,0.44959
2021,baseball,2021-04-05,False,99.0,508967,Auburn,12,13,0.44118,0.57318,0.50346,0.52275
2021,baseball,2021-04-05,False,210.0,508968,Austin Peay,9,16,0.39344,0.49025,0.47896,0.46323
2021,baseball,2021-04-05,False,176.0,508977,BYU,9,15,0.47297,0.46088,0.5348,0.48239
2021,baseball,2021-04-05,False,47.0,508969,Ball St.,15,9,0.64384,0.53825,0.53343,0.56344
2021,baseball,2021-04-05,False,84.0,508971,Baylor,18,10,0.60538,0.49576,0.52874,0.53141
2021,baseball,2021-04-05,False,239.0,509202,Bellarmine,9,16,0.33632,0.48366,0.4876,0.44781
2021,baseball,2021-04-05,False,184.0,508946,Belmont,11,13,0.43627,0.49278,0.48928,0.47778
2021,baseball,2021-04-05,False,,508972,Bethune-Cookman,0,0,0.5,0.5,0.5,0.5
2021,baseball,2021-04-05,False,139.0,508973,Binghamton,5,5,0.59,0.46337,0.48174,0.49962
2021,baseball,2021-04-05,False,83.0,508974,Boston College,13,13,0.53462,0.53205,0.52927,0.532
2021,baseball,2021-04-05,False,233.0,508975,Bowling Green,8,14,0.46018,0.46083,0.4275,0.45234
2021,baseball,2021-04-05,False,120.0,508976,Bradley,8,11,0.53371,0.51788,0.46183,0.50783
2021,baseball,2021-04-05,False,,508978,Brown,0,0,0.5,0.5,0.5,0.5
2021,baseball,2021-04-05,False,146.0,508979,Bryant,10,8,0.63441,0.42776,0.49595,0.49647
2021,baseball,2021-04-05,False,272.0,508980,Bucknell,5,13,0.25309,0.46083,0.40477,0.39488
2021,baseball,2021-04-05,False,252.0,508981,Butler,5,9,0.32031,0.45302,0.48036,0.42668
2021,baseball,2021-04-05,False,271.0,508983,CSU Bakersfield,6,5,0.47525,0.29234,0.54342,0.40084
2021,baseball,2021-04-05,False,161.0,508987,CSUN,5,7,0.37302,0.57222,0.44675,0.49105
2021,baseball,2021-04-05,False,181.0,508982,Cal Poly,14,10,0.52033,0.42332,0.55445,0.48036
2021,baseball,2021-04-05,False,92.0,508985,Cal St. Fullerton,10,14,0.4386,0.58461,0.50337,0.5278
2021,baseball,2021-04-05,False,149.0,508990,California,16,10,0.5913,0.43406,0.52489,0.49608
2021,baseball,2021-04-05,False,100.0,508953,California Baptist,18,7,0.71489,0.43358,0.50558,0.52191
2021,baseball,2021-04-05,False,91.0,508995,Campbell,13,8,0.54802,0.52706,0.51008,0.52806
2021,baseball,2021-04-05,False,60.0,508996,Canisius,3,5,0.52703,0.625,0.42708,0.55103
2021,baseball,2021-04-05,False,197.0,508930,Central Ark.,9,16,0.37652,0.51716,0.47412,0.47124
2021,baseball,2021-04-05,False,190.0,508997,Central Conn. St.,10,5,0.60741,0.37537,0.54275,0.47523
2021,baseball,2021-04-05,False,110.0,508999,Central Mich.,14,8,0.76471,0.38445,0.52218,0.51395
2021,baseball,2021-04-05,False,255.0,508970,Charleston So.,9,11,0.41753,0.38048,0.49497,0.41837
2021,baseball,2021-04-05,False,30.0,509102,Charlotte,18,9,0.64,0.57187,0.52735,0.57777
2021,baseball,2021-04-05,False,118.0,509001,Cincinnati,11,14,0.47867,0.52076,0.51325,0.50836
2021,baseball,2021-04-05,False,48.0,509003,Clemson,14,11,0.54357,0.57812,0.54938,0.5623
2021,baseball,2021-04-05,False,68.0,509004,Coastal Carolina,14,9,0.56744,0.53313,0.54327,0.54424
2021,baseball,2021-04-05,False,224.0,508933,Col. of Charleston,9,13,0.34091,0.48824,0.50383,0.4553
2021,baseball,2021-04-05,False,,509005,Columbia,0,0,0.5,0.5,0.5,0.5
2021,baseball,2021-04-05,False,284.0,509007,Coppin St.,5,13,0.32778,0.34447,0.44284,0.36489
2021,baseball,2021-04-05,False,,509008,Cornell,0,0,0.5,0.5,0.5,0.5
2021,baseball,2021-04-05,False,143.0,509009,Creighton,6,7,0.57391,0.46431,0.49082,0.49834
2021,baseball,2021-04-05,False,121.0,508934,DBU,18,7,0.60538,0.44409,0.53718,0.50768
2021,baseball,2021-04-05,False,,509010,Dartmouth,0,0,0.5,0.5,0.5,0.5
2021,baseball,2021-04-05,False,131.0,509011,Davidson,16,9,0.65263,0.40941,0.54104,0.50312
2021,baseball,2021-04-05,False,220.0,509012,Dayton,10,18,0.33557,0.5218,0.45072,0.45747
2021,baseball,2021-04-05,False,203.0,509014,Delaware,4,8,0.35088,0.54501,0.42975,0.46766
2021,baseball,2021-04-05,False,280.0,509013,Delaware St.,6,12,0.40741,0.33232,0.43812,0.37754
2021,baseball,2021-04-05,False,59.0,509015,Duke,11,13,0.42793,0.63255,0.5113,0.55108
2021,baseball,2021-04-05,False,126.0,509017,ETSU,15,11,0.57203,0.48049,0.4903,0.50583
2021,baseball,2021-04-05,False,10.0,509016,East Carolina,22,5,0.81279,0.54829,0.53923,0.61215
2021,baseball,2021-04-05,False,107.0,509018,Eastern Ill.,14,13,0.57875,0.49648,0.49803,0.51744
2021,baseball,2021-04-05,False,226.0,509019,Eastern Ky.,9,17,0.35217,0.49239,0.48321,0.45504
2021,baseball,2021-04-05,False,198.0,509020,Eastern Mich.,8,13,0.47489,0.47622,0.45562,0.47074
2021,baseball,2021-04-05,False,213.0,508935,Elon,7,13,0.34536,0.50421,0.49528,0.46227
2021,baseball,2021-04-05,False,133.0,509021,Evansville,16,11,0.55111,0.47409,0.51083,0.50253
2021,baseball,2021-04-05,False,277.0,509023,FDU,3,11,0.20149,0.49722,0.35306,0.38725
2021,baseball,2021-04-05,False,51.0,508950,FGCU,16,10,0.63235,0.54899,0.50824,0.55964
2021,baseball,2021-04-05,False,82.0,509026,FIU,12,14,0.41538,0.612,0.49034,0.53243
2021,baseball,2021-04-05,False,1.0,509022,Fairfield,8,0,1.0,0.5625,0.58333,0.67708
2021,baseball,2021-04-05,False,93.0,509025,Fla. Atlantic,15,13,0.52734,0.51494,0.54949,0.52668
2021,baseball,2021-04-05,False,38.0,509028,Florida,18,9,0.58667,0.58129,0.52773,0.56924
2021,baseball,2021-04-05,False,207.0,509024,Florida A&M,10,16,0.36744,0.4998,0.48969,0.46418
2021,baseball,2021-04-05,False,54.0,509027,Florida St.,15,9,0.54878,0.55607,0.55952,0.55511
2021,baseball,2021-04-05,False,117.0,509029,Fordham,12,6,0.65517,0.42649,0.52997,0.50953
2021,baseball,2021-04-05,False,196.0,508984,Fresno St.,7,13,0.37195,0.51219,0.49074,0.47177
2021,baseball,2021-04-05,False,140.0,509034,Ga. Southern,13,13,0.44747,0.51514,0.51969,0.49936
2021,baseball,2021-04-05,False,112.0,508936,Gardner-Webb,10,10,0.53191,0.51437,0.48671,0.51184
2021,baseball,2021-04-05,False,279.0,509031,George Mason,7,12,0.32544,0.39113,0.41631,0.381
2021,baseball,2021-04-05,False,234.0,509032,George Washington,9,8,0.43353,0.43506,0.49983,0.45087
2021,baseball,2021-04-05,False,,509033,Georgetown,0,0,0.5,0.5,0.5,0.5
2021,baseball,2021-04-05,False,26.0,509037,Georgia,18,9,0.60241,0.61163,0.50619,0.58297
2021,baseball,2021-04-05,False,130.0,509035,Georgia St.,7,22,0.25475,0.63019,0.50148,0.50416
2021,baseball,2021-04-05,False,72.0,509036,Georgia Tech,14,9,0.57143,0.51294,0.57214,0.54236
2021,baseball,2021-04-05,False,32.0,509038,Gonzaga,16,10,0.66935,0.56069,0.50777,0.57463
2021,baseball,2021-04-05,False,263.0,509039,Grambling,9,14,0.41038,0.37109,0.48284,0.40885
2021,baseball,2021-04-05,False,163.0,508937,Grand Canyon,14,13,0.46886,0.48237,0.52981,0.49085
2021,baseball,2021-04-05,False,172.0,509040,Hartford,6,6,0.4375,0.51905,0.46854,0.48603
2021,baseball,2021-04-05,False,,509041,Harvard,0,0,0.5,0.5,0.5,0.5
2021,baseball,2021-04-05,False,46.0,509042,Hawaii,12,10,0.48913,0.64087,0.48448,0.56383
2021,baseball,2021-04-05,False,230.0,508947,High Point,9,14,0.33913,0.49917,0.47561,0.45327
2021,baseball,2021-04-05,False,56.0,509043,Hofstra,9,6,0.64444,0.53739,0.49907,0.55457
2021,baseball,2021-04-05,False,275.0,509044,Holy Cross,5,7,0.42708,0.32065,0.48885,0.38931
2021,baseball,2021-04-05,False,194.0,509046,Houston,13,14,0.45318,0.46087,0.51607,0.47275
2021,baseball,2021-04-05,False,241.0,509045,Houston Christian,6,21,0.26506,0.53133,0.45751,0.44631
2021,baseball,2021-04-05,False,145.0,509048,Illinois,8,10,0.44792,0.53095,0.47984,0.49741
2021,baseball,2021-04-05,False,94.0,509047,Illinois St.,11,15,0.4685,0.55853,0.51898,0.52613
2021,baseball,2021-04-05,False,111.0,509051,Indiana,11,7,0.64198,0.43272,0.54171,0.51228
2021,baseball,2021-04-05,False,14.0,509050,Indiana St.,13,7,0.75113,0.56145,0.5358,0.60246
2021,baseball,2021-04-05,False,276.0,509053,Iona,3,9,0.28947,0.375,0.5162,0.38892
2021,baseball,2021-04-05,False,55.0,509054,Iowa,9,9,0.51613,0.61182,0.47957,0.55484
2021,baseball,2021-04-05,False,160.0,509055,Jackson St.,17,7,0.76496,0.3643,0.47171,0.49132
2021,baseball,2021-04-05,False,248.0,509057,Jacksonville,6,18,0.21429,0.52111,0.47922,0.43393
2021,baseball,2021-04-05,False,122.0,509056,Jacksonville St.,12,14,0.44628,0.53503,0.5141,0.50761
2021,baseball,2021-04-05,False,266.0,509058,James Madison,5,7,0.37963,0.36628,0.51347,0.40641
2021,baseball,2021-04-05,False,90.0,509060,Kansas,15,11,0.61868,0.49268,0.5084,0.52811
2021,baseball,2021-04-05,False,97.0,509059,Kansas St.,15,11,0.53478,0.51878,0.51904,0.52285
2021,baseball,2021-04-05,False,102.0,508938,Kennesaw St.,16,8,0.69048,0.4251,0.53972,0.5201
2021,baseball,2021-04-05,False,199.0,509061,Kent St.,12,11,0.51502,0.4131,0.53942,0.47016
2021,baseball,2021-04-05,False,64.0,509062,Kentucky,18,7,0.66359,0.49723,0.53483,0.54822
2021,baseball,2021-04-05,False,206.0,509068,LIU,8,4,0.70175,0.30384,0.54834,0.46444
2021,baseball,2021-04-05,False,235.0,509074,LMU (CA),9,17,0.34322,0.4696,0.51708,0.44988
2021,baseball,2021-04-05,False,37.0,509070,LSU,17,11,0.51172,0.62964,0.51036,0.57034
2021,baseball,2021-04-05,False,256.0,509063,La Salle,12,9,0.60274,0.27195,0.52322,0.41747
2021,baseball,2021-04-05,False,278.0,509064,Lafayette,4,8,0.23333,0.45407,0.40525,0.38668
2021,baseball,2021-04-05,False,174.0,509065,Lamar University,13,9,0.57328,0.42005,0.52034,0.48343
2021,baseball,2021-04-05,False,191.0,509066,Lehigh,9,7,0.57558,0.43343,0.45795,0.4751
2021,baseball,2021-04-05,False,40.0,509067,Liberty,17,8,0.74888,0.49757,0.52699,0.56775
2021,baseball,2021-04-05,False,204.0,508949,Lipscomb,10,12,0.40642,0.47241,0.50932,0.46514
2021,baseball,2021-04-05,False,159.0,508966,Little Rock,12,11,0.57416,0.43561,0.52346,0.49221
2021,baseball,2021-04-05,False,148.0,508986,Long Beach St.,6,6,0.55,0.41667,0.60242,0.49644
2021,baseball,2021-04-05,False,264.0,509069,Longwood,8,16,0.37719,0.39414,0.4638,0.40732
2021,baseball,2021-04-05,False,39.0,509183,Louisiana,17,11,0.5916,0.57357,0.53291,0.56791
2021,baseball,2021-04-05,False,9.0,509071,Louisiana Tech,20,7,0.73413,0.598,0.52549,0.6139
2021,baseball,2021-04-05,False,58.0,509072,Louisville,18,8,0.67826,0.50134,0.53417,0.55378
2021,baseball,2021-04-05,False,209.0,509075,Maine,8,7,0.54088,0.43098,0.45152,0.46359
2021,baseball,2021-04-05,False,158.0,509076,Manhattan,1,7,0.09459,0.8125,0.25,0.4924
2021,baseball,2021-04-05,False,,509077,Marist,0,0,0.5,0.5,0.5,0.5
2021,baseball,2021-04-05,False,183.0,509078,Marshall,4,15,0.22857,0.59792,0.48685,0.47782
2021,baseball,2021-04-05,False,177.0,509080,Maryland,8,10,0.42778,0.50359,0.49322,0.48204
2021,baseball,2021-04-05,False,179.0,509082,Massachusetts,7,12,0.50276,0.47323,0.47739,0.48165
2021,baseball,2021-04-05,False,178.0,509083,McNeese,14,13,0.52675,0.43456,0.53183,0.48192
2021,baseball,2021-04-05,False,106.0,509084,Memphis,11,15,0.4,0.59947,0.47087,0.51745
2021,baseball,2021-04-05,False,78.0,509085,Mercer,16,11,0.56705,0.5347,0.50721,0.53591
2021,baseball,2021-04-05,False,250.0,508931,Merrimack,7,11,0.31771,0.47226,0.45232,0.42864
2021,baseball,2021-04-05,False,19.0,509087,Miami (FL),16,8,0.65873,0.56643,0.57705,0.59216
2021,baseball,2021-04-05,False,123.0,509086,Miami (OH),17,9,0.7,0.38431,0.56001,0.50715
2021,baseball,2021-04-05,False,73.0,509089,Michigan,13,5,0.71505,0.44769,0.55741,0.54196
2021,baseball,2021-04-05,False,156.0,509088,Michigan St.,9,9,0.51613,0.4875,0.48035,0.49287
2021,baseball,2021-04-05,False,208.0,509090,Middle Tenn.,15,11,0.56855,0.39345,0.50103,0.46412
2021,baseball,2021-04-05,False,216.0,508925,Milwaukee,10,13,0.53807,0.42148,0.46014,0.46029
2021,baseball,2021-04-05,False,267.0,509091,Minnesota,4,14,0.15054,0.51065,0.45232,0.40604
2021,baseball,2021-04-05,False,11.0,509092,Mississippi St.,20,7,0.66255,0.62941,0.51692,0.60957
2021,baseball,2021-04-05,False,290.0,509093,Mississippi Val.,0,12,0.0,0.4619,0.39798,0.33045
2021,baseball,2021-04-05,False,116.0,509095,Missouri,10,17,0.38828,0.57535,0.50269,0.51042
2021,baseball,2021-04-05,False,147.0,509181,Missouri St.,10,10,0.50761,0.46669,0.54481,0.49645
2021,baseball,2021-04-05,False,70.0,509096,Monmouth,11,1,0.93137,0.25,0.74074,0.54303
2021,baseball,2021-04-05,False,154.0,509097,Morehead St.,12,11,0.57416,0.44917,0.50331,0.49395
2021,baseball,2021-04-05,False,286.0,509098,Mount St. Mary's,5,17,0.16355,0.44569,0.37592,0.35771
2021,baseball,2021-04-05,False,81.0,509099,Murray St.,14,12,0.58871,0.51837,0.5058,0.53281
2021,baseball,2021-04-05,False,269.0,509116,N.C. A&T,7,21,0.28151,0.42352,0.48371,0.40307
2021,baseball,2021-04-05,False,223.0,509117,N.C. Central,10,8,0.55952,0.39472,0.47314,0.45553
2021,baseball,2021-04-05,False,80.0,509118,NC State,10,11,0.41152,0.60964,0.50767,0.53462
2021,baseball,2021-04-05,False,236.0,509123,NIU,5,18,0.29412,0.53464,0.43578,0.4498
2021,baseball,2021-04-05,False,270.0,509109,NJIT,6,12,0.41379,0.35,0.49094,0.40118
2021,baseball,2021-04-05,False,192.0,508904,Navy,7,3,0.67073,0.38639,0.45549,0.47475
2021,baseball,2021-04-05,False,76.0,509105,Nebraska,13,5,0.74713,0.41402,0.57771,0.53822
2021,baseball,2021-04-05,False,152.0,509108,Nevada,8,12,0.45745,0.50523,0.51112,0.49476
2021,baseball,2021-04-05,False,132.0,509111,New Mexico,8,14,0.38587,0.55609,0.51379,0.50296
2021,baseball,2021-04-05,False,200.0,509110,New Mexico St.,10,14,0.44086,0.46555,0.50815,0.47003
2021,baseball,2021-04-05,False,231.0,509112,New Orleans,15,13,0.48214,0.40723,0.5152,0.45295
2021,baseball,2021-04-05,False,79.0,509113,Niagara,8,4,0.74074,0.41667,0.56944,0.53588
2021,baseball,2021-04-05,False,193.0,509114,Nicholls,13,13,0.45041,0.46576,0.51366,0.4739
2021,baseball,2021-04-05,False,258.0,509115,Norfolk St.,9,17,0.33462,0.45206,0.41869,0.41436
2021,baseball,2021-04-05,False,259.0,508952,North Ala.,4,20,0.14583,0.5189,0.46769,0.41283
2021,baseball,2021-04-05,False,63.0,509101,North Carolina,14,12,0.51695,0.5721,0.53267,0.54846
2021,baseball,2021-04-05,False,105.0,509119,North Dakota St.,18,8,0.8069,0.37443,0.51623,0.518
2021,baseball,2021-04-05,False,165.0,508942,North Florida,9,14,0.45306,0.48695,0.53341,0.49009
2021,baseball,2021-04-05,False,61.0,509121,Northeastern,10,5,0.66667,0.50619,0.52274,0.55045
2021,baseball,2021-04-05,False,282.0,509122,Northern Colo.,6,17,0.24434,0.39879,0.44554,0.37187
2021,baseball,2021-04-05,False,217.0,509124,Northern Ky.,10,13,0.47716,0.44705,0.46137,0.45816
2021,baseball,2021-04-05,False,135.0,509126,Northwestern,10,8,0.62222,0.43147,0.52316,0.50208
2021,baseball,2021-04-05,False,141.0,509125,Northwestern St.,13,13,0.48846,0.50284,0.50282,0.49924
2021,baseball,2021-04-05,False,16.0,509127,Notre Dame,12,5,0.73743,0.54076,0.5771,0.59901
2021,baseball,2021-04-05,False,273.0,509128,Oakland,9,18,0.39785,0.3529,0.4676,0.39281
2021,baseball,2021-04-05,False,225.0,509130,Ohio,11,11,0.45673,0.43841,0.48665,0.45505
2021,baseball,2021-04-05,False,49.0,509129,Ohio St.,12,7,0.6,0.57989,0.48775,0.56188
2021,baseball,2021-04-05,False,89.0,509132,Oklahoma,13,14,0.44574,0.57122,0.52728,0.52887
2021,baseball,2021-04-05,False,12.0,509131,Oklahoma St.,18,7,0.67241,0.61757,0.51389,0.60536
2021,baseball,2021-04-05,False,27.0,509133,Old Dominion,21,5,0.75,0.51705,0.54011,0.58105
2021,baseball,2021-04-05,False,15.0,509094,Ole Miss,21,6,0.75,0.55874,0.53383,0.60033
2021,baseball,2021-04-05,False,222.0,509106,Omaha,10,14,0.37607,0.48152,0.48323,0.45558
2021,baseball,2021-04-05,False,113.0,509134,Oral Roberts,12,15,0.45361,0.5511,0.4882,0.511
2021,baseball,2021-04-05,False,5.0,509136,Oregon,16,6,0.71963,0.6438,0.51528,0.63062
2021,baseball,2021-04-05,False,36.0,509135,Oregon St.,20,6,0.72426,0.51332,0.5315,0.5706
2021,baseball,2021-04-05,False,195.0,509137,Pacific,7,17,0.32018,0.56345,0.44148,0.47214
2021,baseball,2021-04-05,False,162.0,509140,Penn,2,5,0.19178,0.68678,0.39843,0.49094
2021,baseball,2021-04-05,False,188.0,509139,Penn St.,6,11,0.35928,0.55294,0.43885,0.476
2021,baseball,2021-04-05,False,101.0,509141,Pepperdine,11,11,0.56818,0.507,0.50486,0.52176
2021,baseball,2021-04-05,False,25.0,509142,Pittsburgh,13,9,0.62656,0.57873,0.55298,0.58425
2021,baseball,2021-04-05,False,201.0,509143,Portland,13,13,0.51154,0.41283,0.54195,0.46979
2021,baseball,2021-04-05,False,283.0,509144,Prairie View,3,11,0.24545,0.38709,0.44026,0.36497
2021,baseball,2021-04-05,False,229.0,508939,Presbyterian,6,10,0.42254,0.45005,0.4924,0.45376
2021,baseball,2021-04-05,False,,509145,Princeton,0,0,0.5,0.5,0.5,0.5
2021,baseball,2021-04-05,False,214.0,509146,Purdue,4,13,0.21387,0.5958,0.4407,0.46154
2021,baseball,2021-04-05,False,260.0,509052,Purdue Fort Wayne,9,14,0.37674,0.4062,0.46144,0.41265
2021,baseball,2021-04-05,False,150.0,509147,Quinnipiac,2,10,0.18519,0.75,0.2963,0.49537
2021,baseball,2021-04-05,False,85.0,509148,Radford,13,12,0.52838,0.55946,0.47633,0.53091
2021,baseball,2021-04-05,False,44.0,509149,Rhode Island,11,12,0.54595,0.60679,0.50781,0.56683
2021,baseball,2021-04-05,False,245.0,509150,Rice,13,14,0.43089,0.41765,0.50128,0.44187
2021,baseball,2021-04-05,False,237.0,509151,Richmond,11,6,0.58042,0.35919,0.50013,0.44973
2021,baseball,2021-04-05,False,114.0,509152,Rider,9,3,0.71053,0.33333,0.66667,0.51096
2021,baseball,2021-04-05,False,185.0,509153,Rutgers,9,8,0.55491,0.40599,0.54385,0.47768
2021,baseball,2021-04-05,False,134.0,509185,SFA,11,13,0.50228,0.52166,0.46306,0.50216
2021,baseball,2021-04-05,False,205.0,509178,SIUE,12,12,0.48649,0.43294,0.50705,0.46485
2021,baseball,2021-04-05,False,71.0,508988,Sacramento St.,18,6,0.79487,0.41788,0.53935,0.5425
2021,baseball,2021-04-05,False,128.0,509154,Sacred Heart,9,15,0.47297,0.54072,0.46353,0.50449
2021,baseball,2021-04-05,False,57.0,509157,Saint Joseph's,5,5,0.47581,0.62677,0.48618,0.55388
2021,baseball,2021-04-05,False,242.0,509158,Saint Louis,8,18,0.25564,0.52391,0.48161,0.44627
2021,baseball,2021-04-05,False,155.0,509159,Saint Mary's (CA),13,13,0.48897,0.50395,0.47477,0.49291
2021,baseball,2021-04-05,False,,509160,Saint Peter's,0,0,0.5,0.5,0.5,0.5
2021,baseball,2021-04-05,False,166.0,509161,Sam Houston,12,13,0.47303,0.48533,0.51432,0.4895
2021,baseball,2021-04-05,False,88.0,509162,Samford,17,11,0.62,0.49213,0.51154,0.52895
2021,baseball,2021-04-05,False,35.0,509164,San Diego,19,5,0.79902,0.46854,0.54929,0.57135
2021,baseball,2021-04-05,False,33.0,509163,San Diego St.,16,6,0.67327,0.53303,0.5503,0.57241
2021,baseball,2021-04-05,False,142.0,509165,San Francisco,10,15,0.41048,0.55102,0.48089,0.49835
2021,baseball,2021-04-05,False,75.0,509166,San Jose St.,3,4,0.40299,0.65212,0.45042,0.53941
2021,baseball,2021-04-05,False,87.0,509167,Santa Clara,11,15,0.43462,0.59934,0.48366,0.52924
2021,baseball,2021-04-05,False,119.0,508940,Seattle U,9,13,0.48947,0.5174,0.50798,0.50806
2021,baseball,2021-04-05,False,151.0,509168,Seton Hall,7,12,0.41714,0.55598,0.4506,0.49493
2021,baseball,2021-04-05,False,262.0,509169,Siena,3,9,0.18421,0.54167,0.37037,0.40948
2021,baseball,2021-04-05,False,69.0,509170,South Alabama,16,10,0.6015,0.52761,0.51608,0.5432
2021,baseball,2021-04-05,False,4.0,509171,South Carolina,19,7,0.75113,0.63403,0.53111,0.63758
2021,baseball,2021-04-05,False,249.0,509172,South Dakota St.,7,17,0.41315,0.4149,0.47778,0.43018
2021,baseball,2021-04-05,False,127.0,509173,South Fla.,12,14,0.39669,0.5638,0.49643,0.50518
2021,baseball,2021-04-05,False,86.0,509174,Southeast Mo. St.,13,13,0.5121,0.54609,0.51922,0.53087
2021,baseball,2021-04-05,False,65.0,509175,Southeastern La.,18,10,0.65546,0.5147,0.50339,0.54706
2021,baseball,2021-04-05,False,129.0,509176,Southern California,12,11,0.48927,0.52007,0.48836,0.50444
2021,baseball,2021-04-05,False,66.0,509177,Southern Ill.,20,6,0.69291,0.48774,0.50999,0.54459
2021,baseball,2021-04-05,False,23.0,509179,Southern Miss.,17,9,0.61753,0.60182,0.53234,0.58838
2021,baseball,2021-04-05,False,246.0,509180,Southern U.,10,14,0.49758,0.39317,0.45847,0.4356
2021,baseball,2021-04-05,False,289.0,509155,St. Bonaventure,1,8,0.16049,0.38826,0.42705,0.34101
2021,baseball,2021-04-05,False,53.0,509156,St. John's (NY),9,5,0.62727,0.54396,0.50936,0.55614
2021,baseball,2021-04-05,False,29.0,509184,Stanford,16,5,0.75132,0.51097,0.53809,0.57784
2021,baseball,2021-04-05,False,95.0,509186,Stetson,19,9,0.66794,0.44344,0.54958,0.5261
2021,baseball,2021-04-05,False,45.0,509187,Stony Brook,12,7,0.60302,0.58745,0.48116,0.56477
2021,baseball,2021-04-05,False,13.0,508892,TCU,20,7,0.7318,0.57852,0.52158,0.6026
2021,baseball,2021-04-05,False,232.0,509348,Tarleton St.,9,20,0.3035,0.52446,0.45824,0.45266
2021,baseball,2021-04-05,False,8.0,509189,Tennessee,24,5,0.82129,0.5506,0.55512,0.6194
2021,baseball,2021-04-05,False,187.0,509188,Tennessee Tech,10,12,0.4802,0.46489,0.49421,0.47605
2021,baseball,2021-04-05,False,17.0,508896,Texas,20,8,0.70943,0.5789,0.51402,0.59532
2021,baseball,2021-04-05,False,96.0,508891,Texas A&M,19,11,0.57854,0.50083,0.52359,0.52595
2021,baseball,2021-04-05,False,281.0,508893,Texas Southern,7,17,0.26344,0.38437,0.4684,0.37514
2021,baseball,2021-04-05,False,211.0,509182,Texas St.,12,17,0.34221,0.51351,0.48352,0.46319
2021,baseball,2021-04-05,False,18.0,508894,Texas Tech,20,6,0.73113,0.54937,0.544,0.59346
2021,baseball,2021-04-05,False,253.0,509002,The Citadel,8,15,0.25941,0.47846,0.48429,0.42516
2021,baseball,2021-04-05,False,169.0,508898,Toledo,6,19,0.3128,0.59688,0.44221,0.48719
2021,baseball,2021-04-05,False,243.0,508899,Towson,10,17,0.38095,0.43826,0.52096,0.44461
2021,baseball,2021-04-05,False,170.0,508900,Troy,13,13,0.43304,0.50179,0.51021,0.48671
2021,baseball,2021-04-05,False,103.0,508901,Tulane,14,13,0.44444,0.55711,0.52024,0.51972
2021,baseball,2021-04-05,False,221.0,508958,UAB,10,16,0.31405,0.51187,0.49093,0.45718
2021,baseball,2021-04-05,False,228.0,508959,UAlbany,7,12,0.39698,0.4863,0.44811,0.45443
2021,baseball,2021-04-05,False,251.0,508991,UC Davis,7,19,0.18015,0.52361,0.48431,0.42792
2021,baseball,2021-04-05,False,41.0,508992,UC Irvine,16,9,0.71749,0.50344,0.54583,0.56755
2021,baseball,2021-04-05,False,244.0,508994,UC Riverside,6,13,0.34286,0.47731,0.47213,0.4424
2021,baseball,2021-04-05,False,157.0,509216,UC San Diego,7,13,0.33486,0.58126,0.47398,0.49284
2021,baseball,2021-04-05,False,50.0,508989,UC Santa Barbara,18,8,0.66142,0.5037,0.57544,0.56107
2021,baseball,2021-04-05,False,138.0,508998,UCF,12,16,0.47143,0.50819,0.51404,0.50046
2021,baseball,2021-04-05,False,67.0,508993,UCLA,16,9,0.59389,0.52916,0.52522,0.54436
2021,baseball,2021-04-05,False,42.0,509006,UConn,13,12,0.57143,0.58179,0.5351,0.56753
2021,baseball,2021-04-05,False,186.0,509049,UIC,8,14,0.40708,0.50878,0.48275,0.47685
2021,baseball,2021-04-05,False,173.0,508943,UIW,11,11,0.48469,0.47966,0.49925,0.48582
2021,baseball,2021-04-05,False,164.0,509120,ULM,10,14,0.40444,0.52076,0.51582,0.49045
2021,baseball,2021-04-05,False,247.0,509079,UMBC,9,7,0.56494,0.35355,0.47005,0.43552
2021,baseball,2021-04-05,False,,509081,UMES,0,0,0.5,0.5,0.5,0.5
2021,baseball,2021-04-05,False,212.0,509073,UMass Lowell,6,13,0.39779,0.49264,0.46779,0.46272
2021,baseball,2021-04-05,False,219.0,509100,UNC Asheville,8,14,0.34694,0.49911,0.48581,0.45774
2021,baseball,2021-04-05,False,124.0,509103,UNC Greensboro,14,13,0.51773,0.49282,0.52184,0.5063
2021,baseball,2021-04-05,False,108.0,509104,UNCW,15,9,0.55714,0.48543,0.52841,0.5141
2021,baseball,2021-04-05,False,74.0,509107,UNLV,11,7,0.59333,0.51747,0.53185,0.54003
2021,baseball,2021-04-05,False,34.0,508945,USC Upstate,18,6,0.78378,0.48443,0.53637,0.57225
2021,baseball,2021-04-05,False,171.0,508895,UT Arlington,12,15,0.4382,0.5056,0.49585,0.48631
2021,baseball,2021-04-05,False,153.0,509190,UT Martin,10,13,0.54884,0.47107,0.48525,0.49405
2021,baseball,2021-04-05,False,136.0,509138,UTRGV,13,15,0.49609,0.51182,0.48731,0.50176
2021,baseball,2021-04-05,False,104.0,508897,UTSA,11,11,0.53879,0.50678,0.52231,0.51866
2021,baseball,2021-04-05,False,180.0,508905,Utah,6,15,0.32787,0.54925,0.49962,0.4815
2021,baseball,2021-04-05,False,215.0,509412,Utah Tech,9,16,0.40081,0.47255,0.49996,0.46146
2021,baseball,2021-04-05,False,265.0,508951,Utah Valley,5,19,0.25214,0.46295,0.4496,0.40691
2021,baseball,2021-04-05,False,97.0,508909,VCU,14,11,0.59574,0.49548,0.5047,0.52285
2021,baseball,2021-04-05,False,257.0,508910,VMI,6,17,0.24434,0.4826,0.45603,0.41639
2021,baseball,2021-04-05,False,240.0,508906,Valparaiso,5,16,0.36723,0.47397,0.47251,0.44692
2021,baseball,2021-04-05,False,6.0,508907,Vanderbilt,23,3,0.86364,0.53318,0.57305,0.62576
2021,baseball,2021-04-05,False,2.0,508908,Villanova,12,2,0.9,0.58541,0.58498,0.66395
2021,baseball,2021-04-05,False,77.0,508912,Virginia,13,14,0.45318,0.58836,0.51878,0.53717
2021,baseball,2021-04-05,False,31.0,508911,Virginia Tech,15,9,0.5875,0.59437,0.53063,0.57672
2021,baseball,2021-04-05,False,268.0,508913,Wagner,5,9,0.38816,0.36447,0.50392,0.40525
2021,baseball,2021-04-05,False,43.0,508914,Wake Forest,10,11,0.45411,0.65258,0.50927,0.56713
2021,baseball,2021-04-05,False,182.0,508916,Washington,10,14,0.35043,0.53499,0.50097,0.48034
2021,baseball,2021-04-05,False,52.0,508915,Washington St.,13,10,0.6318,0.54215,0.51244,0.55714
2021,baseball,2021-04-05,False,109.0,508917,West Virginia,11,11,0.48558,0.52781,0.51483,0.51401
2021,baseball,2021-04-05,False,20.0,508918,Western Caro.,14,7,0.68927,0.59705,0.48284,0.59155
2021,baseball,2021-04-05,False,227.0,508919,Western Ill.,9,16,0.361,0.49219,0.47368,0.45476
2021,baseball,2021-04-05,False,189.0,508920,Western Ky.,12,16,0.375,0.50863,0.51109,0.47584
2021,baseball,2021-04-05,False,218.0,508921,Western Mich.,7,11,0.38194,0.48433,0.48079,0.45785
2021,baseball,2021-04-05,False,62.0,508922,Wichita St.,15,9,0.61039,0.53965,0.51137,0.55027
2021,baseball,2021-04-05,False,167.0,508923,William & Mary,6,13,0.33149,0.57958,0.46151,0.48804
2021,baseball,2021-04-05,False,175.0,508924,Winthrop,8,10,0.40476,0.52559,0.47735,0.48332
2021,baseball,2021-04-05,False,137.0,508944,Wofford,16,11,0.60163,0.437,0.52923,0.50121
2021,baseball,2021-04-05,False,28.0,508926,Wright St.,13,8,0.68362,0.56617,0.50364,0.5799
2021,baseball,2021-04-05,False,115.0,508927,Xavier,9,13,0.50481,0.52436,0.48879,0.51058
2021,baseball,2021-04-05,False,,508928,Yale,0,0,0.5,0.5,0.5,0.5
2021,baseball,2021-04-05,False,144.0,508929,Youngstown St.,14,13,0.55411,0.46796,0.50269,0.49818
2021,baseball,2021-04-12,False,231.0,508948,A&M-Corpus Christi,9,22,0.29195,0.52699,0.47649,0.45561
2021,baseball,2021-04-12,False,147.0,508954,Abilene Christian,18,13,0.57807,0.46115,0.49333,0.49843
2021,baseball,2021-04-12,False,36.0,508902,Air Force,13,11,0.6347,0.56183,0.51731,0.56892
2021,baseball,2021-04-12,False,286.0,508890,Akron,9,16,0.26141,0.37527,0.50325,0.3788
2021,baseball,2021-04-12,False,18.0,508957,Alabama,19,12,0.55911,0.6514,0.51226,0.59354
2021,baseball,2021-04-12,False,289.0,508955,Alabama A&M,2,12,0.11475,0.41863,0.44638,0.3496
2021,baseball,2021-04-12,False,268.0,508956,Alabama St.,12,17,0.36299,0.41334,0.45934,0.41225
2021,baseball,2021-04-12,False,275.0,508960,Alcorn,6,9,0.47059,0.32919,0.46538,0.39859
2021,baseball,2021-04-12,False,154.0,508961,App State,13,14,0.52511,0.4619,0.52472,0.49341
2021,baseball,2021-04-12,False,4.0,508963,Arizona,21,9,0.64894,0.65579,0.52844,0.62224
2021,baseball,2021-04-12,False,23.0,508962,Arizona St.,18,9,0.60759,0.59845,0.53973,0.58606
2021,baseball,2021-04-12,False,287.0,508941,Ark.-Pine Bluff,2,19,0.13542,0.4624,0.44282,0.37576
2021,baseball,2021-04-12,False,2.0,508965,Arkansas,26,5,0.81469,0.64375,0.55273,0.66373
2021,baseball,2021-04-12,False,168.0,508964,Arkansas St.,9,16,0.39512,0.51286,0.50985,0.48267
2021,baseball,2021-04-12,False,224.0,508903,Army West Point,12,11,0.54545,0.39299,0.49952,0.45774
2021,baseball,2021-04-12,False,114.0,508967,Auburn,12,16,0.37906,0.58182,0.52007,0.51569
2021,baseball,2021-04-12,False,214.0,508968,Austin Peay,10,19,0.36268,0.50361,0.47459,0.46112
2021,baseball,2021-04-12,False,174.0,508977,BYU,10,17,0.43922,0.48244,0.51866,0.48069
2021,baseball,2021-04-12,False,30.0,508969,Ball St.,19,9,0.71218,0.53236,0.52591,0.5757
2021,baseball,2021-04-12,False,77.0,508971,Baylor,21,11,0.607,0.49303,0.5329,0.53149
2021,baseball,2021-04-12,False,239.0,509202,Bellarmine,10,18,0.34413,0.47831,0.48555,0.44657
2021,baseball,2021-04-12,False,179.0,508946,Belmont,13,16,0.43426,0.48625,0.49897,0.47643
2021,baseball,2021-04-12,False,,508972,Bethune-Cookman,0,0,0.5,0.5,0.5,0.5
2021,baseball,2021-04-12,False,222.0,508973,Binghamton,5,7,0.46825,0.44236,0.4796,0.45814
2021,baseball,2021-04-12,False,100.0,508974,Boston College,14,16,0.48718,0.53448,0.53009,0.52156
2021,baseball,2021-04-12,False,215.0,508975,Bowling Green,9,17,0.45,0.48738,0.41918,0.46099
2021,baseball,2021-04-12,False,113.0,508976,Bradley,9,13,0.48341,0.55622,0.46851,0.51609
2021,baseball,2021-04-12,False,,508978,Brown,0,0,0.5,0.5,0.5,0.5
2021,baseball,2021-04-12,False,141.0,508979,Bryant,14,9,0.6696,0.4062,0.52357,0.50139
2021,baseball,2021-04-12,False,282.0,508980,Bucknell,5,15,0.21809,0.47414,0.39829,0.39116
2021,baseball,2021-04-12,False,257.0,508981,Butler,6,12,0.33333,0.4451,0.48582,0.42734
2021,baseball,2021-04-12,False,281.0,508983,CSU Bakersfield,8,7,0.43972,0.28934,0.54745,0.39146
2021,baseball,2021-04-12,False,123.0,508987,CSUN,6,10,0.375,0.60349,0.45613,0.50953
2021,baseball,2021-04-12,False,173.0,508982,Cal Poly,16,12,0.53846,0.42067,0.5457,0.48138
2021,baseball,2021-04-12,False,85.0,508985,Cal St. Fullerton,12,15,0.44706,0.58502,0.49658,0.52842
2021,baseball,2021-04-12,False,117.0,508990,California,17,13,0.56439,0.48403,0.5265,0.51474
2021,baseball,2021-04-12,False,108.0,508953,California Baptist,19,9,0.69084,0.43364,0.51054,0.51716
2021,baseball,2021-04-12,False,84.0,508995,Campbell,16,9,0.57143,0.5203,0.50222,0.52856
2021,baseball,2021-04-12,False,50.0,508996,Canisius,8,6,0.65574,0.52679,0.50343,0.55319
2021,baseball,2021-04-12,False,190.0,508930,Central Ark.,9,16,0.37652,0.51566,0.4826,0.47261
2021,baseball,2021-04-12,False,183.0,508997,Central Conn. St.,12,6,0.59259,0.39297,0.5232,0.47543
2021,baseball,2021-04-12,False,124.0,508999,Central Mich.,17,9,0.74632,0.38499,0.52107,0.50934
2021,baseball,2021-04-12,False,249.0,508970,Charleston So.,10,13,0.42534,0.42378,0.49075,0.44091
2021,baseball,2021-04-12,False,22.0,509102,Charlotte,22,9,0.70758,0.55595,0.53324,0.58818
2021,baseball,2021-04-12,False,136.0,509001,Cincinnati,13,16,0.45817,0.52335,0.51213,0.50425
2021,baseball,2021-04-12,False,51.0,509003,Clemson,15,13,0.50365,0.58122,0.54333,0.55235
2021,baseball,2021-04-12,False,74.0,509004,Coastal Carolina,15,10,0.57447,0.51436,0.53728,0.53512
2021,baseball,2021-04-12,False,221.0,508933,Col. of Charleston,12,14,0.37795,0.47429,0.50633,0.45822
2021,baseball,2021-04-12,False,,509005,Columbia,0,0,0.5,0.5,0.5,0.5
2021,baseball,2021-04-12,False,290.0,509007,Coppin St.,5,17,0.25431,0.35442,0.42333,0.34662
2021,baseball,2021-04-12,False,,509008,Cornell,0,0,0.5,0.5,0.5,0.5
2021,baseball,2021-04-12,False,49.0,509009,Creighton,9,7,0.63971,0.53465,0.5051,0.55353
2021,baseball,2021-04-12,False,129.0,508934,DBU,18,7,0.60538,0.45107,0.52347,0.50775
2021,baseball,2021-04-12,False,,509010,Dartmouth,0,0,0.5,0.5,0.5,0.5
2021,baseball,2021-04-12,False,137.0,509011,Davidson,19,10,0.64732,0.41488,0.53881,0.50397
2021,baseball,2021-04-12,False,209.0,509012,Dayton,11,22,0.32754,0.54152,0.44201,0.46315
2021,baseball,2021-04-12,False,233.0,509014,Delaware,5,9,0.39552,0.48471,0.45499,0.45498
2021,baseball,2021-04-12,False,269.0,509013,Delaware St.,9,12,0.52239,0.32986,0.45815,0.41006
2021,baseball,2021-04-12,False,53.0,509015,Duke,13,14,0.46185,0.61239,0.5185,0.55128
2021,baseball,2021-04-12,False,157.0,509017,ETSU,16,14,0.50355,0.48526,0.48831,0.49059
2021,baseball,2021-04-12,False,6.0,509016,East Carolina,26,5,0.83401,0.54249,0.5441,0.61577
2021,baseball,2021-04-12,False,138.0,509018,Eastern Ill.,16,14,0.57333,0.47045,0.49919,0.50336
2021,baseball,2021-04-12,False,216.0,509019,Eastern Ky.,10,20,0.35606,0.49724,0.49232,0.46071
2021,baseball,2021-04-12,False,232.0,509020,Eastern Mich.,8,17,0.42105,0.46949,0.46087,0.45522
2021,baseball,2021-04-12,False,208.0,508935,Elon,11,13,0.42793,0.4506,0.52515,0.46357
2021,baseball,2021-04-12,False,133.0,509021,Evansville,18,12,0.5814,0.46325,0.519,0.50672
2021,baseball,2021-04-12,False,276.0,509023,FDU,3,14,0.17419,0.51956,0.37283,0.39654
2021,baseball,2021-04-12,False,54.0,508950,FGCU,19,10,0.6587,0.51219,0.52095,0.55101
2021,baseball,2021-04-12,False,111.0,509026,FIU,12,19,0.33856,0.62325,0.48051,0.51639
2021,baseball,2021-04-12,False,1.0,509022,Fairfield,14,0,1.0,0.55408,0.55892,0.66677
2021,baseball,2021-04-12,False,83.0,509025,Fla. Atlantic,16,16,0.4702,0.56155,0.5226,0.52897
2021,baseball,2021-04-12,False,34.0,509028,Florida,21,11,0.59774,0.58569,0.52071,0.57246
2021,baseball,2021-04-12,False,226.0,509024,Florida A&M,12,19,0.35496,0.49184,0.48861,0.45681
2021,baseball,2021-04-12,False,60.0,509027,Florida St.,16,12,0.51748,0.55703,0.54615,0.54442
2021,baseball,2021-04-12,False,184.0,509029,Fordham,15,7,0.64904,0.36718,0.51674,0.47504
2021,baseball,2021-04-12,False,191.0,508984,Fresno St.,9,15,0.36765,0.51147,0.49923,0.47245
2021,baseball,2021-04-12,False,121.0,509034,Ga. Southern,17,13,0.51203,0.50206,0.52606,0.51055
2021,baseball,2021-04-12,False,79.0,508936,Gardner-Webb,12,13,0.52282,0.55525,0.48894,0.53057
2021,baseball,2021-04-12,False,285.0,509031,George Mason,8,15,0.28837,0.39321,0.45259,0.38185
2021,baseball,2021-04-12,False,149.0,509032,George Washington,12,9,0.46377,0.52911,0.46961,0.4979
2021,baseball,2021-04-12,False,278.0,509033,Georgetown,0,3,0.0,0.53139,0.51964,0.3956
2021,baseball,2021-04-12,False,24.0,509037,Georgia,20,11,0.59661,0.61736,0.50622,0.58439
2021,baseball,2021-04-12,False,150.0,509035,Georgia St.,8,25,0.26936,0.6067,0.50338,0.49654
2021,baseball,2021-04-12,False,56.0,509036,Georgia Tech,15,12,0.53684,0.55242,0.55364,0.54883
2021,baseball,2021-04-12,False,35.0,509038,Gonzaga,19,12,0.65424,0.55716,0.51611,0.57117
2021,baseball,2021-04-12,False,271.0,509039,Grambling,11,16,0.41057,0.36198,0.48246,0.40425
2021,baseball,2021-04-12,False,194.0,508937,Grand Canyon,17,14,0.48534,0.43988,0.52155,0.47166
2021,baseball,2021-04-12,False,205.0,509040,Hartford,7,9,0.42308,0.4937,0.44773,0.46455
2021,baseball,2021-04-12,False,,509041,Harvard,0,0,0.5,0.5,0.5,0.5
2021,baseball,2021-04-12,False,57.0,509042,Hawaii,15,11,0.56087,0.56662,0.49775,0.54796
2021,baseball,2021-04-12,False,223.0,508947,High Point,11,16,0.38519,0.48336,0.47959,0.45787
2021,baseball,2021-04-12,False,92.0,509043,Hofstra,9,9,0.5,0.56206,0.47924,0.52584
2021,baseball,2021-04-12,False,283.0,509044,Holy Cross,5,8,0.37615,0.32461,0.51569,0.38526
2021,baseball,2021-04-12,False,180.0,509046,Houston,13,18,0.41017,0.49599,0.50293,0.47627
2021,baseball,2021-04-12,False,243.0,509045,Houston Christian,7,23,0.28623,0.51089,0.47414,0.44554
2021,baseball,2021-04-12,False,169.0,509048,Illinois,8,12,0.41748,0.51348,0.48533,0.48244
2021,baseball,2021-04-12,False,90.0,509047,Illinois St.,12,18,0.42,0.58504,0.51403,0.52603
2021,baseball,2021-04-12,False,105.0,509051,Indiana,13,7,0.67045,0.4338,0.53369,0.51794
2021,baseball,2021-04-12,False,17.0,509050,Indiana St.,16,8,0.76779,0.52513,0.55759,0.59391
2021,baseball,2021-04-12,False,245.0,509053,Iona,3,11,0.25781,0.5119,0.48777,0.44235
2021,baseball,2021-04-12,False,73.0,509054,Iowa,12,9,0.56522,0.53494,0.50989,0.53625
2021,baseball,2021-04-12,False,126.0,509055,Jackson St.,21,7,0.79008,0.38997,0.46633,0.50909
2021,baseball,2021-04-12,False,249.0,509057,Jacksonville,7,21,0.23427,0.52279,0.48378,0.44091
2021,baseball,2021-04-12,False,127.0,509056,Jacksonville St.,15,15,0.47872,0.52778,0.50182,0.50903
2021,baseball,2021-04-12,False,266.0,509058,James Madison,5,7,0.37963,0.375,0.52364,0.41332
2021,baseball,2021-04-12,False,68.0,509060,Kansas,18,13,0.62416,0.51129,0.5082,0.53874
2021,baseball,2021-04-12,False,106.0,509059,Kansas St.,17,14,0.51698,0.51632,0.52044,0.51752
2021,baseball,2021-04-12,False,115.0,508938,Kennesaw St.,19,8,0.73896,0.39137,0.54057,0.51557
2021,baseball,2021-04-12,False,241.0,509061,Kent St.,13,14,0.4552,0.39179,0.54455,0.44583
2021,baseball,2021-04-12,False,55.0,509062,Kentucky,20,9,0.62357,0.51847,0.53609,0.54915
2021,baseball,2021-04-12,False,229.0,509068,LIU,10,6,0.68831,0.30114,0.53296,0.45589
2021,baseball,2021-04-12,False,188.0,509074,LMU (CA),11,18,0.36122,0.51215,0.51058,0.47403
2021,baseball,2021-04-12,False,27.0,509070,LSU,20,12,0.55405,0.63079,0.50365,0.57982
2021,baseball,2021-04-12,False,253.0,509063,La Salle,15,11,0.58456,0.31493,0.51901,0.43336
2021,baseball,2021-04-12,False,254.0,509064,Lafayette,6,11,0.27097,0.53024,0.40076,0.43305
2021,baseball,2021-04-12,False,159.0,509065,Lamar University,15,11,0.58456,0.42798,0.51626,0.4892
2021,baseball,2021-04-12,False,155.0,509066,Lehigh,12,7,0.6439,0.41674,0.48936,0.49169
2021,baseball,2021-04-12,False,38.0,509067,Liberty,21,8,0.77689,0.4836,0.52973,0.56845
2021,baseball,2021-04-12,False,195.0,508949,Lipscomb,11,16,0.39035,0.49526,0.50457,0.47136
2021,baseball,2021-04-12,False,104.0,508966,Little Rock,15,13,0.57787,0.48532,0.52329,0.51795
2021,baseball,2021-04-12,False,161.0,508986,Long Beach St.,8,8,0.5,0.45303,0.546,0.48802
2021,baseball,2021-04-12,False,274.0,509069,Longwood,10,18,0.37313,0.38152,0.47387,0.40251
2021,baseball,2021-04-12,False,48.0,509183,Louisiana,20,12,0.59459,0.54543,0.53081,0.55406
2021,baseball,2021-04-12,False,7.0,509071,Louisiana Tech,24,7,0.77961,0.57708,0.52641,0.61504
2021,baseball,2021-04-12,False,62.0,509072,Louisville,20,10,0.62963,0.50233,0.5373,0.5429
2021,baseball,2021-04-12,False,198.0,509075,Maine,11,8,0.60976,0.39853,0.47039,0.4693
2021,baseball,2021-04-12,False,262.0,509076,Manhattan,3,11,0.18103,0.52143,0.46966,0.42339
2021,baseball,2021-04-12,False,,509077,Marist,0,0,0.5,0.5,0.5,0.5
2021,baseball,2021-04-12,False,218.0,509078,Marshall,4,19,0.19704,0.57782,0.48428,0.45924
2021,baseball,2021-04-12,False,122.0,509080,Maryland,10,12,0.45327,0.55801,0.47088,0.51004
2021,baseball,2021-04-12,False,207.0,509082,Massachusetts,7,17,0.40991,0.48456,0.47643,0.46386
2021,baseball,2021-04-12,False,140.0,509083,McNeese,18,14,0.56115,0.4634,0.51781,0.50144
2021,baseball,2021-04-12,False,119.0,509084,Memphis,11,19,0.35391,0.61253,0.47431,0.51332
2021,baseball,2021-04-12,False,69.0,509085,Mercer,20,11,0.609,0.51338,0.51605,0.53795
2021,baseball,2021-04-12,False,220.0,508931,Merrimack,9,13,0.375,0.51498,0.42882,0.45844
2021,baseball,2021-04-12,False,26.0,509087,Miami (FL),17,11,0.61786,0.56665,0.56858,0.57993
2021,baseball,2021-04-12,False,185.0,509086,Miami (OH),18,12,0.61765,0.36347,0.5542,0.4747
2021,baseball,2021-04-12,False,61.0,509089,Michigan,15,7,0.66818,0.48558,0.53684,0.54404
2021,baseball,2021-04-12,False,171.0,509088,Michigan St.,11,10,0.51643,0.45244,0.50527,0.48165
2021,baseball,2021-04-12,False,235.0,509090,Middle Tenn.,16,14,0.5461,0.37441,0.51624,0.45279
2021,baseball,2021-04-12,False,199.0,508925,Milwaukee,12,15,0.50633,0.45556,0.45578,0.4683
2021,baseball,2021-04-12,False,273.0,509091,Minnesota,4,17,0.13527,0.50817,0.46122,0.40321
2021,baseball,2021-04-12,False,11.0,509092,Mississippi St.,24,7,0.71626,0.59543,0.52351,0.60766
2021,baseball,2021-04-12,False,292.0,509093,Mississippi Val.,0,13,0.0,0.43726,0.40793,0.32061
2021,baseball,2021-04-12,False,112.0,509095,Missouri,11,19,0.39667,0.57739,0.51337,0.51621
2021,baseball,2021-04-12,False,132.0,509181,Missouri St.,11,10,0.52451,0.47978,0.54363,0.50692
2021,baseball,2021-04-12,False,91.0,509096,Monmouth,12,2,0.83607,0.34634,0.57472,0.52587
2021,baseball,2021-04-12,False,135.0,509097,Morehead St.,15,12,0.62353,0.44523,0.50463,0.50466
2021,baseball,2021-04-12,False,288.0,509098,Mount St. Mary's,5,20,0.13834,0.46611,0.3934,0.36599
2021,baseball,2021-04-12,False,107.0,509099,Murray St.,16,14,0.55556,0.50176,0.51071,0.51745
2021,baseball,2021-04-12,False,258.0,509116,N.C. A&T,9,23,0.33453,0.4548,0.46247,0.42665
2021,baseball,2021-04-12,False,256.0,509117,N.C. Central,12,11,0.50233,0.36502,0.48073,0.42828
2021,baseball,2021-04-12,False,64.0,509118,NC State,14,11,0.50519,0.56921,0.52477,0.54209
2021,baseball,2021-04-12,False,248.0,509123,NIU,5,21,0.26531,0.5342,0.4302,0.44098
2021,baseball,2021-04-12,False,270.0,509109,NJIT,7,15,0.35909,0.389,0.48019,0.40432
2021,baseball,2021-04-12,False,203.0,508904,Navy,10,5,0.66667,0.36046,0.4796,0.4668
2021,baseball,2021-04-12,False,80.0,509105,Nebraska,15,6,0.71642,0.42488,0.55533,0.53038
2021,baseball,2021-04-12,False,96.0,509108,Nevada,10,13,0.50679,0.5462,0.49677,0.52399
2021,baseball,2021-04-12,False,143.0,509111,New Mexico,8,14,0.38587,0.54919,0.51413,0.49959
2021,baseball,2021-04-12,False,181.0,509110,New Mexico St.,11,17,0.43182,0.4888,0.49415,0.47589
2021,baseball,2021-04-12,False,230.0,509112,New Orleans,17,15,0.46562,0.42051,0.51647,0.45578
2021,baseball,2021-04-12,False,86.0,509113,Niagara,12,6,0.72414,0.40306,0.58082,0.52777
2021,baseball,2021-04-12,False,244.0,509114,Nicholls,14,17,0.39322,0.43646,0.51542,0.44539
2021,baseball,2021-04-12,False,263.0,509115,Norfolk St.,11,20,0.36808,0.44696,0.42631,0.42208
2021,baseball,2021-04-12,False,265.0,508952,North Ala.,4,25,0.11429,0.53777,0.46507,0.41372
2021,baseball,2021-04-12,False,45.0,509101,North Carolina,16,13,0.52256,0.58732,0.52779,0.55625
2021,baseball,2021-04-12,False,81.0,509119,North Dakota St.,22,8,0.8239,0.38697,0.52267,0.53013
2021,baseball,2021-04-12,False,165.0,508942,North Florida,9,14,0.45306,0.47998,0.5322,0.4863
2021,baseball,2021-04-12,False,52.0,509121,Northeastern,14,6,0.71277,0.4806,0.53528,0.55231
2021,baseball,2021-04-12,False,280.0,509122,Northern Colo.,7,20,0.26275,0.42879,0.44815,0.39212
2021,baseball,2021-04-12,False,236.0,509124,Northern Ky.,11,15,0.47768,0.42889,0.47165,0.45177
2021,baseball,2021-04-12,False,163.0,509126,Northwestern,11,10,0.55869,0.4423,0.50377,0.48676
2021,baseball,2021-04-12,False,152.0,509125,Northwestern St.,15,15,0.47,0.50709,0.49477,0.49474
2021,baseball,2021-04-12,False,15.0,509127,Notre Dame,15,6,0.72603,0.5466,0.56809,0.59683
2021,baseball,2021-04-12,False,279.0,509128,Oakland,9,18,0.39785,0.3601,0.4628,0.39521
2021,baseball,2021-04-12,False,177.0,509130,Ohio,15,11,0.52119,0.44649,0.49526,0.47736
2021,baseball,2021-04-12,False,37.0,509129,Ohio St.,13,9,0.58416,0.60761,0.4761,0.56887
2021,baseball,2021-04-12,False,78.0,509132,Oklahoma,16,15,0.46575,0.56385,0.53227,0.53143
2021,baseball,2021-04-12,False,10.0,509131,Oklahoma St.,21,7,0.6996,0.60501,0.52289,0.60813
2021,baseball,2021-04-12,False,29.0,509133,Old Dominion,24,6,0.76471,0.50287,0.53599,0.57661
2021,baseball,2021-04-12,False,20.0,509094,Ole Miss,24,8,0.70035,0.56231,0.53708,0.59051
2021,baseball,2021-04-12,False,201.0,509106,Omaha,12,16,0.41606,0.48763,0.48068,0.468
2021,baseball,2021-04-12,False,144.0,509134,Oral Roberts,14,17,0.44923,0.52273,0.50342,0.49953
2021,baseball,2021-04-12,False,3.0,509136,Oregon,19,7,0.70565,0.63947,0.51811,0.62567
2021,baseball,2021-04-12,False,39.0,509135,Oregon St.,21,10,0.65176,0.54198,0.525,0.56518
2021,baseball,2021-04-12,False,196.0,509137,Pacific,8,20,0.32824,0.55014,0.45216,0.47017
2021,baseball,2021-04-12,False,247.0,509140,Penn,3,6,0.22581,0.55099,0.43731,0.44127
2021,baseball,2021-04-12,False,176.0,509139,Penn St.,8,13,0.40097,0.5212,0.47429,0.47941
2021,baseball,2021-04-12,False,88.0,509141,Pepperdine,11,11,0.56818,0.52016,0.49983,0.52708
2021,baseball,2021-04-12,False,21.0,509142,Pittsburgh,17,10,0.63475,0.58978,0.54637,0.59017
2021,baseball,2021-04-12,False,170.0,509143,Portland,16,14,0.56209,0.41566,0.53379,0.4818
2021,baseball,2021-04-12,False,291.0,509144,Prairie View,4,14,0.22667,0.35318,0.44137,0.3436
2021,baseball,2021-04-12,False,228.0,508939,Presbyterian,7,10,0.44966,0.43524,0.50418,0.45608
2021,baseball,2021-04-12,False,,509145,Princeton,0,0,0.5,0.5,0.5,0.5
2021,baseball,2021-04-12,False,204.0,509146,Purdue,5,15,0.235,0.58504,0.45432,0.46485
2021,baseball,2021-04-12,False,267.0,509052,Purdue Fort Wayne,9,14,0.37674,0.4063,0.46001,0.41234
2021,baseball,2021-04-12,False,213.0,509147,Quinnipiac,4,14,0.20988,0.60476,0.42553,0.46123
2021,baseball,2021-04-12,False,95.0,509148,Radford,13,13,0.5,0.55882,0.47868,0.52408
2021,baseball,2021-04-12,False,44.0,509149,Rhode Island,13,15,0.53361,0.60843,0.47835,0.55721
2021,baseball,2021-04-12,False,242.0,509150,Rice,13,18,0.3557,0.463,0.50074,0.44561
2021,baseball,2021-04-12,False,225.0,509151,Richmond,14,6,0.64706,0.34297,0.49605,0.45726
2021,baseball,2021-04-12,False,41.0,509152,Rider,10,8,0.58025,0.59074,0.48069,0.56061
2021,baseball,2021-04-12,False,146.0,509153,Rutgers,11,9,0.59223,0.43471,0.53419,0.49896
2021,baseball,2021-04-12,False,148.0,509185,SFA,12,14,0.50215,0.51164,0.46713,0.49814
2021,baseball,2021-04-12,False,186.0,509178,SIUE,15,13,0.50391,0.4441,0.50626,0.47459
2021,baseball,2021-04-12,False,76.0,508988,Sacramento St.,21,7,0.77239,0.4129,0.52999,0.53205
2021,baseball,2021-04-12,False,131.0,509154,Sacred Heart,13,15,0.56343,0.49487,0.47706,0.50756
2021,baseball,2021-04-12,False,102.0,509157,Saint Joseph's,9,6,0.52727,0.52279,0.51014,0.52075
2021,baseball,2021-04-12,False,219.0,509158,Saint Louis,11,20,0.33542,0.51457,0.47028,0.45871
2021,baseball,2021-04-12,False,153.0,509159,Saint Mary's (CA),14,15,0.48829,0.49906,0.48767,0.49352
2021,baseball,2021-04-12,False,237.0,509160,Saint Peter's,1,3,0.15217,0.64286,0.36133,0.4498
2021,baseball,2021-04-12,False,130.0,509161,Sam Houston,15,15,0.51042,0.50728,0.50578,0.50769
2021,baseball,2021-04-12,False,94.0,509162,Samford,21,11,0.65827,0.45741,0.52534,0.52461
2021,baseball,2021-04-12,False,58.0,509164,San Diego,20,7,0.7619,0.44194,0.54194,0.54693
2021,baseball,2021-04-12,False,75.0,509163,San Diego St.,17,8,0.60851,0.49848,0.53401,0.53487
2021,baseball,2021-04-12,False,120.0,509165,San Francisco,13,16,0.47212,0.52757,0.51782,0.51127
2021,baseball,2021-04-12,False,139.0,509166,San Jose St.,3,5,0.36486,0.59253,0.46274,0.50317
2021,baseball,2021-04-12,False,118.0,509167,Santa Clara,12,17,0.40956,0.57517,0.49707,0.51424
2021,baseball,2021-04-12,False,178.0,508940,Seattle U,10,16,0.42373,0.49201,0.5007,0.47711
2021,baseball,2021-04-12,False,162.0,509168,Seton Hall,10,13,0.44976,0.51654,0.46833,0.4878
2021,baseball,2021-04-12,False,272.0,509169,Siena,5,11,0.30519,0.42143,0.46655,0.40365
2021,baseball,2021-04-12,False,87.0,509170,South Alabama,16,13,0.55749,0.5224,0.50805,0.52759
2021,baseball,2021-04-12,False,13.0,509171,South Carolina,21,9,0.69767,0.58967,0.54146,0.60462
2021,baseball,2021-04-12,False,260.0,509172,South Dakota St.,9,19,0.40316,0.40429,0.49241,0.42604
2021,baseball,2021-04-12,False,134.0,509173,South Fla.,12,14,0.39669,0.56696,0.49611,0.50668
2021,baseball,2021-04-12,False,67.0,509174,Southeast Mo. St.,15,14,0.54448,0.54615,0.52045,0.53931
2021,baseball,2021-04-12,False,71.0,509175,Southeastern La.,20,12,0.61151,0.51808,0.50213,0.53745
2021,baseball,2021-04-12,False,128.0,509176,Southern California,15,11,0.5315,0.49321,0.51522,0.50829
2021,baseball,2021-04-12,False,70.0,509177,Southern Ill.,24,6,0.7234,0.4545,0.51927,0.53792
2021,baseball,2021-04-12,False,19.0,509179,Southern Miss.,21,9,0.65591,0.59087,0.52698,0.59116
2021,baseball,2021-04-12,False,251.0,509180,Southern U.,11,17,0.48133,0.41187,0.45639,0.44036
2021,baseball,2021-04-12,False,277.0,509155,St. Bonaventure,2,11,0.22609,0.47658,0.40546,0.39617
2021,baseball,2021-04-12,False,82.0,509156,St. John's (NY),10,7,0.53147,0.55166,0.48211,0.52923
2021,baseball,2021-04-12,False,25.0,509184,Stanford,19,6,0.73094,0.54459,0.51717,0.58432
2021,baseball,2021-04-12,False,97.0,509186,Stetson,19,10,0.65056,0.44985,0.54443,0.52367
2021,baseball,2021-04-12,False,63.0,509187,Stony Brook,15,8,0.64898,0.51342,0.49267,0.54212
2021,baseball,2021-04-12,False,8.0,508892,TCU,22,9,0.72093,0.60448,0.51827,0.61204
2021,baseball,2021-04-12,False,212.0,509348,Tarleton St.,12,22,0.37025,0.50192,0.47461,0.46218
2021,baseball,2021-04-12,False,5.0,509189,Tennessee,27,6,0.79798,0.5585,0.55065,0.6164
2021,baseball,2021-04-12,False,193.0,509188,Tennessee Tech,11,14,0.48035,0.45884,0.48892,0.47174
2021,baseball,2021-04-12,False,16.0,508896,Texas,25,8,0.74333,0.562,0.51796,0.59632
2021,baseball,2021-04-12,False,125.0,508891,Texas A&M,19,15,0.49186,0.50635,0.53274,0.50932
2021,baseball,2021-04-12,False,284.0,508893,Texas Southern,9,20,0.32189,0.36765,0.47357,0.38269
2021,baseball,2021-04-12,False,175.0,509182,Texas St.,15,18,0.41748,0.49953,0.50193,0.47962
2021,baseball,2021-04-12,False,14.0,508894,Texas Tech,22,7,0.70711,0.58178,0.53725,0.60198
2021,baseball,2021-04-12,False,255.0,509002,The Citadel,8,19,0.23221,0.51242,0.47335,0.4326
2021,baseball,2021-04-12,False,110.0,508898,Toledo,9,20,0.40856,0.61049,0.43735,0.51672
2021,baseball,2021-04-12,False,252.0,508899,Towson,10,21,0.32472,0.47136,0.47792,0.43634
2021,baseball,2021-04-12,False,189.0,508900,Troy,14,16,0.39394,0.49612,0.50759,0.47344
2021,baseball,2021-04-12,False,103.0,508901,Tulane,14,13,0.44444,0.56588,0.50598,0.52055
2021,baseball,2021-04-12,False,210.0,508958,UAB,10,20,0.28148,0.54246,0.48483,0.46281
2021,baseball,2021-04-12,False,166.0,508959,UAlbany,9,12,0.46667,0.51267,0.44987,0.48547
2021,baseball,2021-04-12,False,246.0,508991,UC Davis,9,21,0.24038,0.53658,0.45571,0.44231
2021,baseball,2021-04-12,False,47.0,508992,UC Irvine,19,10,0.70428,0.47648,0.56004,0.55432
2021,baseball,2021-04-12,False,240.0,508994,UC Riverside,7,16,0.30317,0.50007,0.48199,0.44633
2021,baseball,2021-04-12,False,158.0,509216,UC San Diego,8,16,0.34127,0.574,0.46906,0.48958
2021,baseball,2021-04-12,False,42.0,508989,UC Santa Barbara,21,9,0.65625,0.50923,0.56584,0.56013
2021,baseball,2021-04-12,False,145.0,508998,UCF,14,18,0.49375,0.49063,0.52113,0.49903
2021,baseball,2021-04-12,False,40.0,508993,UCLA,17,11,0.58203,0.57413,0.51845,0.56218
2021,baseball,2021-04-12,False,46.0,509006,UConn,16,12,0.60924,0.54418,0.52547,0.55577
2021,baseball,2021-04-12,False,197.0,509049,UIC,10,15,0.41897,0.48673,0.48684,0.46982
2021,baseball,2021-04-12,False,202.0,508943,UIW,12,15,0.44156,0.46864,0.4893,0.46703
2021,baseball,2021-04-12,False,156.0,509120,ULM,11,17,0.40154,0.52786,0.50838,0.49141
2021,baseball,2021-04-12,False,192.0,509079,UMBC,12,8,0.57447,0.42193,0.46994,0.47207
2021,baseball,2021-04-12,False,,509081,UMES,0,0,0.5,0.5,0.5,0.5
2021,baseball,2021-04-12,False,211.0,509073,UMass Lowell,7,16,0.34802,0.5123,0.47687,0.46237
2021,baseball,2021-04-12,False,206.0,509100,UNC Asheville,10,16,0.39831,0.48431,0.48863,0.46389
2021,baseball,2021-04-12,False,116.0,509103,UNC Greensboro,14,16,0.48185,0.5398,0.50044,0.51547
2021,baseball,2021-04-12,False,101.0,509104,UNCW,15,12,0.50649,0.53267,0.51207,0.52098
2021,baseball,2021-04-12,False,72.0,509107,UNLV,14,7,0.64327,0.48691,0.53196,0.53727
2021,baseball,2021-04-12,False,33.0,508945,USC Upstate,21,7,0.76718,0.49779,0.53047,0.57331
2021,baseball,2021-04-12,False,160.0,508895,UT Arlington,13,17,0.42177,0.51472,0.50293,0.48853
2021,baseball,2021-04-12,False,151.0,509190,UT Martin,11,16,0.5261,0.49357,0.47181,0.49626
2021,baseball,2021-04-12,False,182.0,509138,UTRGV,16,17,0.48845,0.4613,0.49117,0.47555
2021,baseball,2021-04-12,False,93.0,508897,UTSA,14,12,0.54887,0.52136,0.5111,0.52567
2021,baseball,2021-04-12,False,172.0,508905,Utah,8,17,0.34934,0.52845,0.51996,0.48155
2021,baseball,2021-04-12,False,234.0,509412,Utah Tech,9,20,0.35231,0.49298,0.4814,0.45492
2021,baseball,2021-04-12,False,264.0,508951,Utah Valley,6,23,0.25623,0.47653,0.45017,0.41486
2021,baseball,2021-04-12,False,109.0,508909,VCU,16,14,0.58865,0.4884,0.50208,0.51688
2021,baseball,2021-04-12,False,261.0,508910,VMI,6,20,0.22314,0.50391,0.46658,0.42438
2021,baseball,2021-04-12,False,238.0,508906,Valparaiso,5,16,0.36723,0.47576,0.46884,0.4469
2021,baseball,2021-04-12,False,9.0,508907,Vanderbilt,25,5,0.79078,0.54013,0.5622,0.60831
2021,baseball,2021-04-12,False,12.0,508908,Villanova,12,5,0.78261,0.55519,0.52584,0.60471
2021,baseball,2021-04-12,False,59.0,508912,Virginia,16,15,0.50163,0.57293,0.53573,0.5458
2021,baseball,2021-04-12,False,28.0,508911,Virginia Tech,19,9,0.66096,0.55197,0.54624,0.57779
2021,baseball,2021-04-12,False,259.0,508913,Wagner,6,11,0.35676,0.44876,0.452,0.42657
2021,baseball,2021-04-12,False,66.0,508914,Wake Forest,10,15,0.37154,0.63875,0.50962,0.53967
2021,baseball,2021-04-12,False,167.0,508916,Washington,11,16,0.33333,0.54902,0.50654,0.48448
2021,baseball,2021-04-12,False,65.0,508915,Washington St.,16,11,0.66667,0.4875,0.52368,0.54134
2021,baseball,2021-04-12,False,98.0,508917,West Virginia,12,14,0.47107,0.55599,0.50472,0.52194
2021,baseball,2021-04-12,False,32.0,508918,Western Caro.,18,7,0.73934,0.52412,0.50851,0.57402
2021,baseball,2021-04-12,False,217.0,508919,Western Ill.,9,20,0.32342,0.53164,0.45179,0.45962
2021,baseball,2021-04-12,False,187.0,508920,Western Ky.,16,16,0.43662,0.46546,0.52862,0.47404
2021,baseball,2021-04-12,False,163.0,508921,Western Mich.,10,12,0.49474,0.49059,0.4711,0.48676
2021,baseball,2021-04-12,False,43.0,508922,Wichita St.,19,9,0.65251,0.52859,0.52232,0.558
2021,baseball,2021-04-12,False,200.0,508923,William & Mary,6,17,0.28708,0.55992,0.46586,0.4682
2021,baseball,2021-04-12,False,227.0,508924,Winthrop,9,13,0.35047,0.49819,0.4802,0.45676
2021,baseball,2021-04-12,False,99.0,508944,Wofford,18,12,0.62366,0.4708,0.52217,0.52186
2021,baseball,2021-04-12,False,31.0,508926,Wright St.,13,8,0.68362,0.56113,0.49535,0.5753
2021,baseball,2021-04-12,False,89.0,508927,Xavier,11,14,0.54357,0.53149,0.50119,0.52693
2021,baseball,2021-04-12,False,,508928,Yale,0,0,0.5,0.5,0.5,0.5
2021,baseball,2021-04-12,False,142.0,508929,Youngstown St.,16,15,0.56827,0.46611,0.49921,0.49993
2021,baseball,2021-04-19,False,208.0,508948,A&M-Corpus Christi,13,22,0.35276,0.51354,0.49252,0.46809
2021,baseball,2021-04-19,False,129.0,508954,Abilene Christian,19,16,0.55015,0.49071,0.48669,0.50457
2021,baseball,2021-04-19,False,38.0,508902,Air Force,15,14,0.6203,0.56081,0.51143,0.56334
2021,baseball,2021-04-19,False,288.0,508890,Akron,9,21,0.2234,0.36546,0.5074,0.36543
2021,baseball,2021-04-19,False,23.0,508957,Alabama,22,13,0.56484,0.614,0.52562,0.57962
2021,baseball,2021-04-19,False,289.0,508955,Alabama A&M,6,12,0.28,0.33854,0.48325,0.36008
2021,baseball,2021-04-19,False,261.0,508956,Alabama St.,16,17,0.42071,0.43306,0.46105,0.43697
2021,baseball,2021-04-19,False,263.0,508960,Alcorn,6,12,0.41379,0.44621,0.43284,0.43476
2021,baseball,2021-04-19,False,150.0,508961,App State,15,16,0.53208,0.46405,0.52123,0.49535
2021,baseball,2021-04-19,False,9.0,508963,Arizona,23,11,0.64907,0.63382,0.51722,0.60848
2021,baseball,2021-04-19,False,30.0,508962,Arizona St.,19,11,0.55926,0.59847,0.5322,0.5721
2021,baseball,2021-04-19,False,284.0,508941,Ark.-Pine Bluff,4,22,0.17167,0.47092,0.44634,0.38997
2021,baseball,2021-04-19,False,2.0,508965,Arkansas,30,6,0.79817,0.60466,0.54281,0.63757
2021,baseball,2021-04-19,False,204.0,508964,Arkansas St.,10,19,0.35918,0.50598,0.50646,0.4694
2021,baseball,2021-04-19,False,172.0,508903,Army West Point,14,14,0.52239,0.45694,0.48047,0.47918
2021,baseball,2021-04-19,False,82.0,508967,Auburn,14,18,0.41325,0.59512,0.51839,0.53047
2021,baseball,2021-04-19,False,199.0,508968,Austin Peay,12,21,0.39815,0.49978,0.48552,0.47081
2021,baseball,2021-04-19,False,218.0,508977,BYU,11,20,0.42049,0.46031,0.51467,0.46395
2021,baseball,2021-04-19,False,45.0,508969,Ball St.,21,11,0.70418,0.49689,0.51804,0.554
2021,baseball,2021-04-19,False,49.0,508971,Baylor,24,12,0.64356,0.51854,0.52838,0.55226
2021,baseball,2021-04-19,False,257.0,509202,Bellarmine,10,22,0.2901,0.49714,0.47484,0.43981
2021,baseball,2021-04-19,False,166.0,508946,Belmont,16,17,0.46735,0.47893,0.49919,0.4811
2021,baseball,2021-04-19,False,,508972,Bethune-Cookman,0,0,0.5,0.5,0.5,0.5
2021,baseball,2021-04-19,False,238.0,508973,Binghamton,8,8,0.5,0.41994,0.47344,0.45333
2021,baseball,2021-04-19,False,101.0,508974,Boston College,15,18,0.48673,0.52755,0.53414,0.51899
2021,baseball,2021-04-19,False,230.0,508975,Bowling Green,9,17,0.45,0.46707,0.43929,0.45586
2021,baseball,2021-04-19,False,65.0,508976,Bradley,12,14,0.50204,0.60388,0.4619,0.54293
2021,baseball,2021-04-19,False,,508978,Brown,0,0,0.5,0.5,0.5,0.5
2021,baseball,2021-04-19,False,138.0,508979,Bryant,14,9,0.6696,0.41564,0.50334,0.50105
2021,baseball,2021-04-19,False,260.0,508980,Bucknell,8,16,0.32456,0.50213,0.42142,0.43756
2021,baseball,2021-04-19,False,269.0,508981,Butler,7,15,0.34184,0.43629,0.49248,0.42673
2021,baseball,2021-04-19,False,235.0,508983,CSU Bakersfield,11,8,0.54011,0.36314,0.55126,0.45441
2021,baseball,2021-04-19,False,205.0,508987,CSUN,7,13,0.32524,0.54547,0.45865,0.46871
2021,baseball,2021-04-19,False,202.0,508982,Cal Poly,17,15,0.48494,0.43723,0.52218,0.47039
2021,baseball,2021-04-19,False,89.0,508985,Cal St. Fullerton,15,16,0.50831,0.55031,0.49864,0.52689
2021,baseball,2021-04-19,False,114.0,508990,California,18,16,0.54362,0.49352,0.52361,0.51357
2021,baseball,2021-04-19,False,119.0,508953,California Baptist,21,11,0.68543,0.4214,0.50602,0.50856
2021,baseball,2021-04-19,False,83.0,508995,Campbell,18,11,0.58366,0.51244,0.50792,0.52911
2021,baseball,2021-04-19,False,33.0,508996,Canisius,9,7,0.65493,0.57902,0.46744,0.5701
2021,baseball,2021-04-19,False,228.0,508930,Central Ark.,10,20,0.35461,0.49131,0.49011,0.45684
2021,baseball,2021-04-19,False,126.0,508997,Central Conn. St.,14,7,0.62564,0.45914,0.47784,0.50544
2021,baseball,2021-04-19,False,95.0,508999,Central Mich.,20,11,0.71565,0.43472,0.50363,0.52218
2021,baseball,2021-04-19,False,216.0,508970,Charleston So.,12,15,0.42353,0.47383,0.4883,0.46487
2021,baseball,2021-04-19,False,18.0,509102,Charlotte,25,10,0.69775,0.55694,0.5363,0.58698
2021,baseball,2021-04-19,False,111.0,509001,Cincinnati,16,17,0.51852,0.50851,0.52074,0.51407
2021,baseball,2021-04-19,False,78.0,509003,Clemson,15,17,0.44805,0.57603,0.54017,0.53507
2021,baseball,2021-04-19,False,85.0,509004,Coastal Carolina,17,13,0.53819,0.52397,0.52566,0.52795
2021,baseball,2021-04-19,False,207.0,508933,Col. of Charleston,15,15,0.41837,0.47592,0.50223,0.46811
2021,baseball,2021-04-19,False,,509005,Columbia,0,0,0.5,0.5,0.5,0.5
2021,baseball,2021-04-19,False,292.0,509007,Coppin St.,5,21,0.22692,0.35885,0.42344,0.34202
2021,baseball,2021-04-19,False,,509008,Cornell,0,0,0.5,0.5,0.5,0.5
2021,baseball,2021-04-19,False,44.0,509009,Creighton,11,7,0.67333,0.51217,0.52118,0.55471
2021,baseball,2021-04-19,False,143.0,508934,DBU,19,9,0.55469,0.4543,0.5295,0.4982
2021,baseball,2021-04-19,False,,509010,Dartmouth,0,0,0.5,0.5,0.5,0.5
2021,baseball,2021-04-19,False,125.0,509011,Davidson,19,14,0.5754,0.46169,0.52391,0.50567
2021,baseball,2021-04-19,False,229.0,509012,Dayton,14,23,0.35356,0.50702,0.45928,0.45672
2021,baseball,2021-04-19,False,189.0,509014,Delaware,8,10,0.44048,0.48175,0.48702,0.47275
2021,baseball,2021-04-19,False,273.0,509013,Delaware St.,11,14,0.49378,0.35555,0.45226,0.41428
2021,baseball,2021-04-19,False,62.0,509015,Duke,16,16,0.46897,0.59004,0.53057,0.54491
2021,baseball,2021-04-19,False,162.0,509017,ETSU,17,16,0.50162,0.46733,0.49925,0.48388
2021,baseball,2021-04-19,False,7.0,509016,East Carolina,26,5,0.83401,0.54093,0.53804,0.61348
2021,baseball,2021-04-19,False,133.0,509018,Eastern Ill.,18,17,0.56305,0.48019,0.4921,0.50388
2021,baseball,2021-04-19,False,196.0,509019,Eastern Ky.,12,22,0.36242,0.51479,0.4943,0.47157
2021,baseball,2021-04-19,False,222.0,509020,Eastern Mich.,10,19,0.41115,0.48298,0.46811,0.46131
2021,baseball,2021-04-19,False,239.0,508935,Elon,11,16,0.39095,0.44685,0.52675,0.45285
2021,baseball,2021-04-19,False,148.0,509021,Evansville,19,15,0.51645,0.47826,0.51036,0.49583
2021,baseball,2021-04-19,False,285.0,509023,FDU,5,15,0.22527,0.45039,0.4261,0.38804
2021,baseball,2021-04-19,False,56.0,508950,FGCU,21,12,0.64545,0.51128,0.5217,0.54743
2021,baseball,2021-04-19,False,130.0,509026,FIU,14,21,0.37326,0.57716,0.48962,0.5043
2021,baseball,2021-04-19,False,1.0,509022,Fairfield,20,0,1.0,0.56,0.5605,0.67013
2021,baseball,2021-04-19,False,86.0,509025,Fla. Atlantic,18,18,0.49123,0.55257,0.51537,0.52793
2021,baseball,2021-04-19,False,32.0,509028,Florida,25,11,0.63605,0.55402,0.53661,0.57018
2021,baseball,2021-04-19,False,256.0,509024,Florida A&M,13,23,0.34983,0.46833,0.47493,0.44036
2021,baseball,2021-04-19,False,71.0,509027,Florida St.,18,14,0.50625,0.55349,0.5442,0.53936
2021,baseball,2021-04-19,False,167.0,509029,Fordham,16,9,0.62009,0.40339,0.4975,0.48109
2021,baseball,2021-04-19,False,194.0,508984,Fresno St.,10,18,0.33607,0.52812,0.49452,0.47171
2021,baseball,2021-04-19,False,81.0,509034,Ga. Southern,21,14,0.55917,0.51925,0.52732,0.53125
2021,baseball,2021-04-19,False,107.0,508936,Gardner-Webb,14,16,0.47619,0.54646,0.49585,0.51624
2021,baseball,2021-04-19,False,280.0,509031,George Mason,9,18,0.3012,0.41585,0.47219,0.40127
2021,baseball,2021-04-19,False,141.0,509032,George Washington,12,9,0.46377,0.52882,0.47457,0.499
2021,baseball,2021-04-19,False,191.0,509033,Georgetown,3,5,0.28378,0.54772,0.51054,0.47244
2021,baseball,2021-04-19,False,22.0,509037,Georgia,23,12,0.59878,0.60171,0.521,0.5808
2021,baseball,2021-04-19,False,151.0,509035,Georgia St.,10,27,0.28399,0.59293,0.50885,0.49468
2021,baseball,2021-04-19,False,48.0,509036,Georgia Tech,17,14,0.54079,0.55892,0.55066,0.55232
2021,baseball,2021-04-19,False,24.0,509038,Gonzaga,22,13,0.68035,0.55132,0.51665,0.57491
2021,baseball,2021-04-19,False,282.0,509039,Grambling,11,19,0.37828,0.36528,0.47277,0.3954
2021,baseball,2021-04-19,False,146.0,508937,Grand Canyon,22,14,0.56831,0.44291,0.53159,0.49643
2021,baseball,2021-04-19,False,164.0,509040,Hartford,8,10,0.45333,0.50959,0.4543,0.4817
2021,baseball,2021-04-19,False,,509041,Harvard,0,0,0.5,0.5,0.5,0.5
2021,baseball,2021-04-19,False,90.0,509042,Hawaii,16,14,0.49275,0.57697,0.46043,0.52678
2021,baseball,2021-04-19,False,240.0,508947,High Point,11,16,0.38519,0.47027,0.48485,0.45264
2021,baseball,2021-04-19,False,124.0,509043,Hofstra,10,12,0.48077,0.53344,0.47625,0.50597
2021,baseball,2021-04-19,False,281.0,509044,Holy Cross,6,10,0.39706,0.34494,0.50394,0.39772
2021,baseball,2021-04-19,False,201.0,509046,Houston,13,18,0.41017,0.48703,0.4975,0.47043
2021,baseball,2021-04-19,False,248.0,509045,Houston Christian,9,25,0.2943,0.50754,0.48179,0.4478
2021,baseball,2021-04-19,False,195.0,509048,Illinois,10,13,0.42918,0.48267,0.49192,0.47161
2021,baseball,2021-04-19,False,120.0,509047,Illinois St.,13,21,0.41617,0.55676,0.50337,0.50826
2021,baseball,2021-04-19,False,112.0,509051,Indiana,15,8,0.689,0.41952,0.52746,0.51387
2021,baseball,2021-04-19,False,25.0,509050,Indiana St.,20,8,0.78983,0.47752,0.55344,0.57458
2021,baseball,2021-04-19,False,244.0,509053,Iona,3,11,0.25781,0.53571,0.46724,0.44912
2021,baseball,2021-04-19,False,43.0,509054,Iowa,15,10,0.6166,0.55778,0.50141,0.55839
2021,baseball,2021-04-19,False,77.0,509055,Jackson St.,24,7,0.80565,0.43504,0.4675,0.53581
2021,baseball,2021-04-19,False,255.0,509057,Jacksonville,7,22,0.22867,0.52814,0.48294,0.44198
2021,baseball,2021-04-19,False,127.0,509056,Jacksonville St.,17,17,0.49051,0.51381,0.50321,0.50533
2021,baseball,2021-04-19,False,258.0,509058,James Madison,6,9,0.4,0.42241,0.51051,0.43883
2021,baseball,2021-04-19,False,58.0,509060,Kansas,21,15,0.6,0.5401,0.50493,0.54628
2021,baseball,2021-04-19,False,105.0,509059,Kansas St.,21,15,0.53922,0.50096,0.52479,0.51648
2021,baseball,2021-04-19,False,99.0,508938,Kennesaw St.,22,9,0.75593,0.39201,0.54096,0.52023
2021,baseball,2021-04-19,False,211.0,509061,Kent St.,14,17,0.44728,0.45264,0.51312,0.46642
2021,baseball,2021-04-19,False,55.0,509062,Kentucky,22,11,0.61953,0.51918,0.5394,0.54932
2021,baseball,2021-04-19,False,217.0,509068,LIU,11,8,0.60428,0.38419,0.48541,0.46451
2021,baseball,2021-04-19,False,187.0,509074,LMU (CA),12,21,0.36364,0.51221,0.50513,0.47329
2021,baseball,2021-04-19,False,31.0,509070,LSU,21,14,0.51976,0.62464,0.51848,0.57188
2021,baseball,2021-04-19,False,226.0,509063,La Salle,20,11,0.65861,0.32239,0.5293,0.45817
2021,baseball,2021-04-19,False,252.0,509064,Lafayette,9,12,0.35385,0.49811,0.429,0.44477
2021,baseball,2021-04-19,False,174.0,509065,Lamar University,17,13,0.55449,0.43251,0.49356,0.47827
2021,baseball,2021-04-19,False,169.0,509066,Lehigh,14,11,0.5583,0.44225,0.47936,0.48054
2021,baseball,2021-04-19,False,34.0,509067,Liberty,25,8,0.81145,0.46476,0.53698,0.56949
2021,baseball,2021-04-19,False,212.0,508949,Lipscomb,12,19,0.35821,0.5023,0.49928,0.46552
2021,baseball,2021-04-19,False,135.0,508966,Little Rock,16,15,0.56827,0.46011,0.52427,0.50319
2021,baseball,2021-04-19,False,184.0,508986,Long Beach St.,10,9,0.54922,0.39757,0.55015,0.47363
2021,baseball,2021-04-19,False,279.0,509069,Longwood,11,21,0.34076,0.40148,0.46513,0.40221
2021,baseball,2021-04-19,False,54.0,509183,Louisiana,20,13,0.58086,0.54014,0.53701,0.54954
2021,baseball,2021-04-19,False,8.0,509071,Louisiana Tech,26,9,0.72965,0.58416,0.53715,0.60878
2021,baseball,2021-04-19,False,60.0,509072,Louisville,22,11,0.64686,0.49667,0.54097,0.54529
2021,baseball,2021-04-19,False,193.0,509075,Maine,12,9,0.58667,0.41456,0.47234,0.47203
2021,baseball,2021-04-19,False,264.0,509076,Manhattan,6,12,0.37037,0.42593,0.50937,0.4329
2021,baseball,2021-04-19,False,118.0,509077,Marist,3,1,0.84783,0.25,0.7,0.51196
2021,baseball,2021-04-19,False,247.0,509078,Marshall,6,22,0.216,0.53577,0.5059,0.44836
2021,baseball,2021-04-19,False,104.0,509080,Maryland,13,12,0.50213,0.53759,0.49624,0.51839
2021,baseball,2021-04-19,False,223.0,509082,Massachusetts,8,21,0.34875,0.52234,0.45044,0.46097
2021,baseball,2021-04-19,False,154.0,509083,McNeese,18,18,0.5098,0.47014,0.50933,0.48985
2021,baseball,2021-04-19,False,144.0,509084,Memphis,12,22,0.3218,0.59304,0.4828,0.49767
2021,baseball,2021-04-19,False,108.0,509085,Mercer,20,15,0.55521,0.49883,0.51204,0.51623
2021,baseball,2021-04-19,False,233.0,508931,Merrimack,12,14,0.41538,0.47227,0.4595,0.45485
2021,baseball,2021-04-19,False,20.0,509087,Miami (FL),21,11,0.6526,0.56419,0.55881,0.58495
2021,baseball,2021-04-19,False,173.0,509086,Miami (OH),18,12,0.61765,0.37713,0.5428,0.47868
2021,baseball,2021-04-19,False,66.0,509089,Michigan,18,7,0.71815,0.45634,0.53931,0.54253
2021,baseball,2021-04-19,False,246.0,509088,Michigan St.,11,15,0.42308,0.43279,0.5058,0.44862
2021,baseball,2021-04-19,False,221.0,509090,Middle Tenn.,18,16,0.55901,0.38385,0.51982,0.46163
2021,baseball,2021-04-19,False,185.0,508925,Milwaukee,15,16,0.5203,0.45095,0.47162,0.47345
2021,baseball,2021-04-19,False,274.0,509091,Minnesota,4,20,0.11382,0.53317,0.45924,0.40985
2021,baseball,2021-04-19,False,10.0,509092,Mississippi St.,27,8,0.70588,0.59695,0.5329,0.60817
2021,baseball,2021-04-19,False,293.0,509093,Mississippi Val.,0,17,0.0,0.38835,0.42629,0.30075
2021,baseball,2021-04-19,False,113.0,509095,Missouri,11,23,0.35629,0.59266,0.51285,0.51361
2021,baseball,2021-04-19,False,80.0,509181,Missouri St.,15,11,0.60456,0.49049,0.54004,0.5314
2021,baseball,2021-04-19,False,67.0,509096,Monmouth,13,7,0.64118,0.51071,0.50474,0.54184
2021,baseball,2021-04-19,False,103.0,509097,Morehead St.,18,13,0.62284,0.47934,0.49332,0.51871
2021,baseball,2021-04-19,False,287.0,509098,Mount St. Mary's,6,22,0.17143,0.43408,0.42719,0.36669
2021,baseball,2021-04-19,False,128.0,509099,Murray St.,17,16,0.54921,0.48305,0.50562,0.50523
2021,baseball,2021-04-19,False,265.0,509116,N.C. A&T,12,25,0.35737,0.44493,0.47402,0.43031
2021,baseball,2021-04-19,False,242.0,509117,N.C. Central,14,13,0.52549,0.40914,0.45887,0.45066
2021,baseball,2021-04-19,False,68.0,509118,NC State,16,13,0.51393,0.56445,0.52378,0.54165
2021,baseball,2021-04-19,False,250.0,509123,NIU,7,23,0.27719,0.52741,0.45154,0.44589
2021,baseball,2021-04-19,False,272.0,509109,NJIT,8,18,0.3622,0.4125,0.47053,0.41443
2021,baseball,2021-04-19,False,243.0,508904,Navy,11,7,0.59333,0.36004,0.48381,0.44931
2021,baseball,2021-04-19,False,46.0,509105,Nebraska,18,6,0.7625,0.45095,0.55079,0.5538
2021,baseball,2021-04-19,False,102.0,509108,Nevada,10,15,0.4766,0.5482,0.5022,0.5188
2021,baseball,2021-04-19,False,145.0,509111,New Mexico,8,14,0.38587,0.54723,0.50802,0.49709
2021,baseball,2021-04-19,False,227.0,509110,New Mexico St.,11,21,0.34926,0.49344,0.49397,0.45753
2021,baseball,2021-04-19,False,183.0,509112,New Orleans,20,16,0.51366,0.43157,0.51809,0.47372
2021,baseball,2021-04-19,False,134.0,509113,Niagara,13,7,0.68557,0.37917,0.57112,0.50375
2021,baseball,2021-04-19,False,231.0,509114,Nicholls,16,19,0.42388,0.44491,0.5079,0.4554
2021,baseball,2021-04-19,False,267.0,509115,Norfolk St.,15,20,0.4209,0.424,0.44306,0.42799
2021,baseball,2021-04-19,False,275.0,508952,North Ala.,4,29,0.09428,0.53456,0.46581,0.4073
2021,baseball,2021-04-19,False,50.0,509101,North Carolina,18,15,0.53,0.57139,0.53593,0.55218
2021,baseball,2021-04-19,False,96.0,509119,North Dakota St.,23,10,0.76638,0.4032,0.51568,0.52212
2021,baseball,2021-04-19,False,123.0,508942,North Florida,11,16,0.4807,0.51746,0.51381,0.50736
2021,baseball,2021-04-19,False,64.0,509121,Northeastern,14,6,0.71277,0.46338,0.53443,0.54349
2021,baseball,2021-04-19,False,283.0,509122,Northern Colo.,7,22,0.24907,0.43618,0.45346,0.39372
2021,baseball,2021-04-19,False,236.0,509124,Northern Ky.,13,17,0.45833,0.44298,0.47308,0.45434
2021,baseball,2021-04-19,False,190.0,509126,Northwestern,12,12,0.5122,0.44209,0.49454,0.47273
2021,baseball,2021-04-19,False,161.0,509125,Northwestern St.,17,17,0.49118,0.47123,0.50364,0.48432
2021,baseball,2021-04-19,False,17.0,509127,Notre Dame,18,7,0.71146,0.545,0.55928,0.59019
2021,baseball,2021-04-19,False,276.0,509128,Oakland,9,18,0.39785,0.38486,0.45879,0.40659
2021,baseball,2021-04-19,False,178.0,509130,Ohio,17,13,0.53986,0.43602,0.49704,0.47723
2021,baseball,2021-04-19,False,53.0,509129,Ohio St.,13,12,0.52915,0.59739,0.4774,0.55033
2021,baseball,2021-04-19,False,84.0,509132,Oklahoma,19,17,0.48949,0.551,0.52261,0.52852
2021,baseball,2021-04-19,False,12.0,509131,Oklahoma St.,21,10,0.64599,0.62086,0.52448,0.60304
2021,baseball,2021-04-19,False,27.0,509133,Old Dominion,27,7,0.75,0.51283,0.51717,0.57321
2021,baseball,2021-04-19,False,15.0,509094,Ole Miss,26,10,0.68847,0.58031,0.5362,0.59632
2021,baseball,2021-04-19,False,197.0,509106,Omaha,15,16,0.45763,0.46768,0.4904,0.47085
2021,baseball,2021-04-19,False,106.0,509134,Oral Roberts,16,18,0.48045,0.54509,0.49487,0.51637
2021,baseball,2021-04-19,False,3.0,509136,Oregon,22,8,0.72789,0.62654,0.51657,0.62438
2021,baseball,2021-04-19,False,28.0,509135,Oregon St.,24,10,0.67365,0.5486,0.51915,0.5725
2021,baseball,2021-04-19,False,206.0,509137,Pacific,9,23,0.30795,0.55428,0.45724,0.46844
2021,baseball,2021-04-19,False,251.0,509140,Penn,3,7,0.21,0.57325,0.42356,0.44501
2021,baseball,2021-04-19,False,180.0,509139,Penn St.,8,16,0.3374,0.55302,0.46095,0.4761
2021,baseball,2021-04-19,False,91.0,509141,Pepperdine,12,13,0.52174,0.54177,0.49458,0.52496
2021,baseball,2021-04-19,False,19.0,509142,Pittsburgh,20,11,0.63291,0.58537,0.54207,0.58643
2021,baseball,2021-04-19,False,181.0,509143,Portland,18,17,0.51811,0.42637,0.53017,0.47525
2021,baseball,2021-04-19,False,291.0,509144,Prairie View,5,14,0.28834,0.34559,0.44365,0.35579
2021,baseball,2021-04-19,False,198.0,508939,Presbyterian,10,11,0.54359,0.41904,0.50168,0.47084
2021,baseball,2021-04-19,False,,509145,Princeton,0,0,0.5,0.5,0.5,0.5
2021,baseball,2021-04-19,False,147.0,509146,Purdue,9,15,0.37805,0.57196,0.46294,0.49623
2021,baseball,2021-04-19,False,277.0,509052,Purdue Fort Wayne,9,18,0.33333,0.41212,0.46222,0.40495
2021,baseball,2021-04-19,False,232.0,509147,Quinnipiac,4,16,0.19318,0.5875,0.45214,0.45508
2021,baseball,2021-04-19,False,122.0,509148,Radford,15,14,0.50186,0.52428,0.48133,0.50794
2021,baseball,2021-04-19,False,42.0,509149,Rhode Island,13,15,0.53361,0.61061,0.47962,0.55861
2021,baseball,2021-04-19,False,210.0,509150,Rice,15,21,0.37168,0.4986,0.49922,0.46703
2021,baseball,2021-04-19,False,185.0,509151,Richmond,14,6,0.64706,0.37602,0.49473,0.47345
2021,baseball,2021-04-19,False,36.0,509152,Rider,11,9,0.58791,0.59643,0.47933,0.56503
2021,baseball,2021-04-19,False,152.0,509153,Rutgers,12,12,0.5119,0.46645,0.53172,0.49413
2021,baseball,2021-04-19,False,163.0,509185,SFA,12,20,0.3913,0.5335,0.47174,0.48251
2021,baseball,2021-04-19,False,153.0,509178,SIUE,18,14,0.55629,0.44892,0.50748,0.4904
2021,baseball,2021-04-19,False,142.0,508988,Sacramento St.,22,10,0.68153,0.39465,0.52302,0.49846
2021,baseball,2021-04-19,False,139.0,509154,Sacred Heart,13,15,0.56343,0.48049,0.47768,0.50052
2021,baseball,2021-04-19,False,165.0,509157,Saint Joseph's,11,8,0.55122,0.42311,0.52837,0.48145
2021,baseball,2021-04-19,False,219.0,509158,Saint Louis,11,20,0.33542,0.52433,0.4696,0.46342
2021,baseball,2021-04-19,False,156.0,509159,Saint Mary's (CA),17,16,0.5015,0.47749,0.49683,0.48833
2021,baseball,2021-04-19,False,266.0,509160,Saint Peter's,2,6,0.15217,0.625,0.31125,0.42836
2021,baseball,2021-04-19,False,97.0,509161,Sam Houston,19,16,0.53191,0.52904,0.49607,0.52152
2021,baseball,2021-04-19,False,75.0,509162,Samford,22,14,0.62821,0.50209,0.51593,0.53708
2021,baseball,2021-04-19,False,63.0,509164,San Diego,22,8,0.73643,0.45659,0.52996,0.54489
2021,baseball,2021-04-19,False,98.0,509163,San Diego St.,19,9,0.6306,0.45863,0.5362,0.52102
2021,baseball,2021-04-19,False,117.0,509165,San Francisco,14,18,0.47297,0.53688,0.50288,0.5124
2021,baseball,2021-04-19,False,177.0,509166,San Jose St.,3,7,0.30682,0.56815,0.46762,0.47769
2021,baseball,2021-04-19,False,149.0,509167,Santa Clara,12,20,0.38217,0.55369,0.4923,0.49546
2021,baseball,2021-04-19,False,116.0,508940,Seattle U,13,17,0.49291,0.5384,0.48449,0.51355
2021,baseball,2021-04-19,False,115.0,509168,Seton Hall,13,13,0.53629,0.51676,0.48442,0.51356
2021,baseball,2021-04-19,False,290.0,509169,Siena,6,14,0.27,0.32536,0.50821,0.35723
2021,baseball,2021-04-19,False,70.0,509170,South Alabama,18,13,0.58632,0.53558,0.50124,0.53968
2021,baseball,2021-04-19,False,11.0,509171,South Carolina,24,10,0.71477,0.58084,0.54079,0.60431
2021,baseball,2021-04-19,False,262.0,509172,South Dakota St.,9,19,0.40316,0.42696,0.48833,0.43635
2021,baseball,2021-04-19,False,155.0,509173,South Fla.,13,17,0.39493,0.53538,0.48997,0.48891
2021,baseball,2021-04-19,False,79.0,509174,Southeast Mo. St.,18,15,0.56075,0.53189,0.50851,0.53326
2021,baseball,2021-04-19,False,69.0,509175,Southeastern La.,24,12,0.67273,0.49054,0.50699,0.5402
2021,baseball,2021-04-19,False,109.0,509176,Southern California,17,13,0.5068,0.51671,0.52049,0.51518
2021,baseball,2021-04-19,False,100.0,509177,Southern Ill.,25,9,0.68671,0.43591,0.51914,0.51942
2021,baseball,2021-04-19,False,16.0,509179,Southern Miss.,23,12,0.62952,0.60884,0.53001,0.5943
2021,baseball,2021-04-19,False,268.0,509180,Southern U.,11,18,0.45669,0.3969,0.45703,0.42688
2021,baseball,2021-04-19,False,270.0,509155,St. Bonaventure,4,13,0.25806,0.50396,0.42184,0.42196
2021,baseball,2021-04-19,False,209.0,509156,St. John's (NY),11,10,0.50282,0.43712,0.49321,0.46757
2021,baseball,2021-04-19,False,21.0,509184,Stanford,22,7,0.74525,0.52901,0.52688,0.58254
2021,baseball,2021-04-19,False,140.0,509186,Stetson,20,12,0.60265,0.43095,0.53253,0.49927
2021,baseball,2021-04-19,False,47.0,509187,Stony Brook,19,8,0.68498,0.51763,0.49314,0.55335
2021,baseball,2021-04-19,False,4.0,508892,TCU,26,9,0.74468,0.61298,0.52143,0.62302
2021,baseball,2021-04-19,False,220.0,509348,Tarleton St.,15,24,0.42276,0.4752,0.48048,0.46341
2021,baseball,2021-04-19,False,5.0,509189,Tennessee,29,8,0.74927,0.59939,0.53698,0.62126
2021,baseball,2021-04-19,False,175.0,509188,Tennessee Tech,12,16,0.48047,0.46739,0.49667,0.47798
2021,baseball,2021-04-19,False,13.0,508896,Texas,30,8,0.77015,0.558,0.51743,0.6009
2021,baseball,2021-04-19,False,87.0,508891,Texas A&M,21,17,0.51009,0.53414,0.53264,0.52775
2021,baseball,2021-04-19,False,286.0,508893,Texas Southern,10,24,0.32117,0.34811,0.47619,0.37339
2021,baseball,2021-04-19,False,213.0,509182,Texas St.,15,22,0.37609,0.49285,0.50017,0.46549
2021,baseball,2021-04-19,False,14.0,508894,Texas Tech,26,8,0.73077,0.56071,0.53907,0.59782
2021,baseball,2021-04-19,False,259.0,509002,The Citadel,11,20,0.27575,0.4938,0.49111,0.43861
2021,baseball,2021-04-19,False,121.0,508898,Toledo,13,20,0.46667,0.55711,0.45187,0.50819
2021,baseball,2021-04-19,False,215.0,508899,Towson,13,21,0.38591,0.49451,0.48637,0.46532
2021,baseball,2021-04-19,False,176.0,508900,Troy,16,18,0.42763,0.482,0.51957,0.4778
2021,baseball,2021-04-19,False,76.0,508901,Tulane,17,13,0.48582,0.57807,0.5032,0.53629
2021,baseball,2021-04-19,False,214.0,508958,UAB,12,23,0.27864,0.54808,0.48691,0.46543
2021,baseball,2021-04-19,False,169.0,508959,UAlbany,12,13,0.48649,0.48064,0.4744,0.48054
2021,baseball,2021-04-19,False,254.0,508991,UC Davis,10,24,0.22905,0.53392,0.4742,0.44277
2021,baseball,2021-04-19,False,40.0,508992,UC Irvine,22,11,0.72607,0.49323,0.53665,0.5623
2021,baseball,2021-04-19,False,192.0,508994,UC Riverside,10,17,0.397,0.49433,0.50287,0.47214
2021,baseball,2021-04-19,False,159.0,509216,UC San Diego,9,19,0.31208,0.58705,0.45933,0.48638
2021,baseball,2021-04-19,False,57.0,508989,UC Santa Barbara,24,10,0.68263,0.47181,0.56344,0.54742
2021,baseball,2021-04-19,False,136.0,508998,UCF,17,19,0.50565,0.49118,0.52114,0.50229
2021,baseball,2021-04-19,False,41.0,508993,UCLA,21,11,0.62324,0.5442,0.52297,0.55865
2021,baseball,2021-04-19,False,37.0,509006,UConn,16,12,0.60924,0.56153,0.52509,0.56435
2021,baseball,2021-04-19,False,171.0,509049,UIC,14,15,0.47687,0.47826,0.48459,0.4795
2021,baseball,2021-04-19,False,253.0,508943,UIW,13,19,0.3838,0.45739,0.47692,0.44387
2021,baseball,2021-04-19,False,158.0,509120,ULM,12,18,0.39785,0.52062,0.50738,0.48662
2021,baseball,2021-04-19,False,179.0,509079,UMBC,12,12,0.5,0.46957,0.46781,0.47674
2021,baseball,2021-04-19,False,,509081,UMES,0,0,0.5,0.5,0.5,0.5
2021,baseball,2021-04-19,False,237.0,509073,UMass Lowell,8,19,0.35249,0.491,0.48182,0.45408
2021,baseball,2021-04-19,False,224.0,509100,UNC Asheville,10,19,0.36576,0.49547,0.48699,0.46092
2021,baseball,2021-04-19,False,132.0,509103,UNC Greensboro,15,19,0.47181,0.51997,0.50403,0.50394
2021,baseball,2021-04-19,False,94.0,509104,UNCW,18,13,0.52075,0.52597,0.519,0.52293
2021,baseball,2021-04-19,False,88.0,509107,UNLV,14,7,0.64327,0.46689,0.53366,0.52768
2021,baseball,2021-04-19,False,35.0,508945,USC Upstate,23,9,0.75166,0.49991,0.51018,0.56541
2021,baseball,2021-04-19,False,157.0,508895,UT Arlington,16,19,0.46041,0.48878,0.51293,0.48772
2021,baseball,2021-04-19,False,182.0,509190,UT Martin,12,19,0.4678,0.47407,0.48102,0.47424
2021,baseball,2021-04-19,False,160.0,509138,UTRGV,16,17,0.48845,0.48259,0.48719,0.4852
2021,baseball,2021-04-19,False,72.0,508897,UTSA,15,15,0.53,0.55507,0.51665,0.5392
2021,baseball,2021-04-19,False,203.0,508905,Utah,8,21,0.31128,0.52557,0.51779,0.47005
2021,baseball,2021-04-19,False,241.0,509412,Utah Tech,11,22,0.35202,0.49041,0.4775,0.45258
2021,baseball,2021-04-19,False,278.0,508951,Utah Valley,7,26,0.24159,0.45762,0.45719,0.4035
2021,baseball,2021-04-19,False,52.0,508909,VCU,21,14,0.64087,0.5342,0.49927,0.55214
2021,baseball,2021-04-19,False,245.0,508910,VMI,9,20,0.28517,0.51174,0.48654,0.4488
2021,baseball,2021-04-19,False,249.0,508906,Valparaiso,5,20,0.31707,0.50179,0.46901,0.44741
2021,baseball,2021-04-19,False,6.0,508907,Vanderbilt,28,6,0.79503,0.55313,0.56073,0.6155
2021,baseball,2021-04-19,False,51.0,508908,Villanova,12,8,0.63,0.53678,0.50503,0.55215
2021,baseball,2021-04-19,False,61.0,508912,Virginia,17,17,0.47353,0.58732,0.53179,0.54499
2021,baseball,2021-04-19,False,39.0,508911,Virginia Tech,20,12,0.60241,0.55383,0.54211,0.56304
2021,baseball,2021-04-19,False,271.0,508913,Wagner,6,14,0.32039,0.4538,0.45101,0.41975
2021,baseball,2021-04-19,False,73.0,508914,Wake Forest,12,17,0.40956,0.61413,0.51624,0.53851
2021,baseball,2021-04-19,False,131.0,508916,Washington,15,16,0.40864,0.5481,0.512,0.50421
2021,baseball,2021-04-19,False,74.0,508915,Washington St.,17,14,0.59517,0.51094,0.53204,0.53727
2021,baseball,2021-04-19,False,92.0,508917,West Virginia,14,16,0.4539,0.56192,0.52132,0.52476
2021,baseball,2021-04-19,False,26.0,508918,Western Caro.,20,9,0.67729,0.55711,0.50624,0.57444
2021,baseball,2021-04-19,False,234.0,508919,Western Ill.,9,20,0.32342,0.51572,0.4633,0.45454
2021,baseball,2021-04-19,False,188.0,508920,Western Ky.,18,18,0.42593,0.47947,0.50662,0.47287
2021,baseball,2021-04-19,False,200.0,508921,Western Mich.,11,15,0.42797,0.49733,0.45993,0.47064
2021,baseball,2021-04-19,False,59.0,508922,Wichita St.,19,12,0.60357,0.53095,0.5186,0.54602
2021,baseball,2021-04-19,False,168.0,508923,William & Mary,9,18,0.33333,0.55415,0.48077,0.4806
2021,baseball,2021-04-19,False,225.0,508924,Winthrop,10,16,0.35484,0.49278,0.49431,0.45868
2021,baseball,2021-04-19,False,93.0,508944,Wofford,21,13,0.623,0.48153,0.5124,0.52462
2021,baseball,2021-04-19,False,29.0,508926,Wright St.,14,10,0.63285,0.58295,0.49001,0.57219
2021,baseball,2021-04-19,False,110.0,508927,Xavier,14,15,0.55273,0.50564,0.49458,0.51465
2021,baseball,2021-04-19,False,,508928,Yale,0,0,0.5,0.5,0.5,0.5
2021,baseball,2021-04-19,False,137.0,508929,Youngstown St.,18,17,0.57878,0.46402,0.49826,0.50127
2021,baseball,2021-04-26,False,217.0,508948,A&M-Corpus Christi,16,24,0.37057,0.49533,0.49637,0.4644
2021,baseball,2021-04-26,False,126.0,508954,Abilene Christian,22,17,0.55647,0.48887,0.48962,0.50596
2021,baseball,2021-04-26,False,45.0,508902,Air Force,16,16,0.57525,0.5562,0.51682,0.55112
2021,baseball,2021-04-26,False,286.0,508890,Akron,9,25,0.18862,0.42814,0.48487,0.38244
2021,baseball,2021-04-26,False,25.0,508957,Alabama,24,15,0.56693,0.60698,0.52669,0.57689
2021,baseball,2021-04-26,False,284.0,508955,Alabama A&M,9,12,0.42857,0.32573,0.48476,0.3912
2021,baseball,2021-04-26,False,264.0,508956,Alabama St.,16,17,0.42071,0.43526,0.45694,0.43704
2021,baseball,2021-04-26,False,282.0,508960,Alcorn,6,15,0.33803,0.42011,0.41973,0.39949
2021,baseball,2021-04-26,False,185.0,508961,App State,15,20,0.47157,0.46451,0.51473,0.47883
2021,baseball,2021-04-26,False,9.0,508963,Arizona,27,11,0.67714,0.61101,0.51698,0.60404
2021,baseball,2021-04-26,False,34.0,508962,Arizona St.,22,13,0.58044,0.586,0.51417,0.56665
2021,baseball,2021-04-26,False,289.0,508941,Ark.-Pine Bluff,4,27,0.14925,0.45964,0.44605,0.37865
2021,baseball,2021-04-26,False,1.0,508965,Arkansas,32,7,0.79722,0.60413,0.54576,0.63781
2021,baseball,2021-04-26,False,222.0,508964,Arkansas St.,11,22,0.36201,0.49177,0.50722,0.46319
2021,baseball,2021-04-26,False,154.0,508903,Army West Point,17,16,0.53016,0.47066,0.48652,0.4895
2021,baseball,2021-04-26,False,77.0,508967,Auburn,17,20,0.41758,0.59286,0.52677,0.53252
2021,baseball,2021-04-26,False,172.0,508968,Austin Peay,14,23,0.39944,0.52087,0.48871,0.48247
2021,baseball,2021-04-26,False,215.0,508977,BYU,12,23,0.40514,0.46903,0.51596,0.46479
2021,baseball,2021-04-26,False,51.0,508969,Ball St.,25,11,0.72861,0.46543,0.5306,0.54752
2021,baseball,2021-04-26,False,31.0,508971,Baylor,26,13,0.65774,0.54249,0.52678,0.56737
2021,baseball,2021-04-26,False,267.0,509202,Bellarmine,12,24,0.32743,0.45797,0.48257,0.43149
2021,baseball,2021-04-26,False,153.0,508946,Belmont,19,18,0.51929,0.47057,0.4991,0.48988
2021,baseball,2021-04-26,False,,508972,Bethune-Cookman,0,0,0.5,0.5,0.5,0.5
2021,baseball,2021-04-26,False,183.0,508973,Binghamton,10,10,0.53,0.45532,0.47841,0.47976
2021,baseball,2021-04-26,False,106.0,508974,Boston College,16,21,0.44675,0.54834,0.52937,0.5182
2021,baseball,2021-04-26,False,208.0,508975,Bowling Green,11,19,0.47667,0.47254,0.45435,0.46902
2021,baseball,2021-04-26,False,81.0,508976,Bradley,14,15,0.50368,0.57837,0.46393,0.53109
2021,baseball,2021-04-26,False,,508978,Brown,0,0,0.5,0.5,0.5,0.5
2021,baseball,2021-04-26,False,103.0,508979,Bryant,16,10,0.68462,0.45806,0.48407,0.5212
2021,baseball,2021-04-26,False,249.0,508980,Bucknell,10,17,0.36863,0.50299,0.43651,0.45278
2021,baseball,2021-04-26,False,252.0,508981,Butler,9,16,0.36323,0.4663,0.49568,0.44788
2021,baseball,2021-04-26,False,193.0,508983,CSU Bakersfield,14,9,0.60086,0.37218,0.55427,0.47487
2021,baseball,2021-04-26,False,203.0,508987,CSUN,9,15,0.32927,0.53458,0.48547,0.47098
2021,baseball,2021-04-26,False,220.0,508982,Cal Poly,19,17,0.47043,0.42709,0.53105,0.46391
2021,baseball,2021-04-26,False,101.0,508985,Cal St. Fullerton,17,18,0.52493,0.52845,0.505,0.52171
2021,baseball,2021-04-26,False,127.0,508990,California,19,19,0.49128,0.50962,0.51205,0.50564
2021,baseball,2021-04-26,False,130.0,508953,California Baptist,25,11,0.71212,0.4005,0.50599,0.50478
2021,baseball,2021-04-26,False,88.0,508995,Campbell,20,13,0.58419,0.51307,0.49583,0.52654
2021,baseball,2021-04-26,False,42.0,508996,Canisius,10,8,0.61728,0.5463,0.50343,0.55333
2021,baseball,2021-04-26,False,226.0,508930,Central Ark.,14,21,0.39628,0.47786,0.49622,0.46206
2021,baseball,2021-04-26,False,146.0,508997,Central Conn. St.,15,9,0.56579,0.47273,0.46745,0.49468
2021,baseball,2021-04-26,False,83.0,508999,Central Mich.,24,11,0.75616,0.43072,0.50073,0.52958
2021,baseball,2021-04-26,False,243.0,508970,Charleston So.,13,18,0.41017,0.45378,0.49755,0.45382
2021,baseball,2021-04-26,False,12.0,509102,Charlotte,29,11,0.70112,0.57495,0.52806,0.59477
2021,baseball,2021-04-26,False,105.0,509001,Cincinnati,19,18,0.5287,0.51169,0.52389,0.51899
2021,baseball,2021-04-26,False,70.0,509003,Clemson,18,18,0.47321,0.56184,0.54798,0.53622
2021,baseball,2021-04-26,False,71.0,509004,Coastal Carolina,19,15,0.55183,0.53585,0.52046,0.536
2021,baseball,2021-04-26,False,190.0,508933,Col. of Charleston,17,16,0.44548,0.48036,0.49725,0.47586
2021,baseball,2021-04-26,False,,509005,Columbia,0,0,0.5,0.5,0.5,0.5
2021,baseball,2021-04-26,False,292.0,509007,Coppin St.,6,24,0.21569,0.37127,0.42823,0.34661
2021,baseball,2021-04-26,False,,509008,Cornell,0,0,0.5,0.5,0.5,0.5
2021,baseball,2021-04-26,False,56.0,509009,Creighton,14,8,0.71429,0.47316,0.52247,0.54577
2021,baseball,2021-04-26,False,87.0,508934,DBU,22,10,0.56207,0.51207,0.52329,0.52737
2021,baseball,2021-04-26,False,,509010,Dartmouth,0,0,0.5,0.5,0.5,0.5
2021,baseball,2021-04-26,False,145.0,509011,Davidson,20,17,0.51007,0.47658,0.51727,0.49513
2021,baseball,2021-04-26,False,241.0,509012,Dayton,14,23,0.35356,0.50028,0.46708,0.4553
2021,baseball,2021-04-26,False,195.0,509014,Delaware,8,14,0.37755,0.52246,0.46849,0.47274
2021,baseball,2021-04-26,False,274.0,509013,Delaware St.,12,17,0.43902,0.38106,0.44356,0.41118
2021,baseball,2021-04-26,False,58.0,509015,Duke,18,18,0.49091,0.57526,0.53384,0.54382
2021,baseball,2021-04-26,False,167.0,509017,ETSU,18,17,0.4924,0.47274,0.5007,0.48465
2021,baseball,2021-04-26,False,13.0,509016,East Carolina,28,7,0.76655,0.53218,0.53651,0.59185
2021,baseball,2021-04-26,False,149.0,509018,Eastern Ill.,19,19,0.53209,0.47394,0.48957,0.49238
2021,baseball,2021-04-26,False,200.0,509019,Eastern Ky.,13,25,0.35276,0.51888,0.49501,0.47138
2021,baseball,2021-04-26,False,224.0,509020,Eastern Mich.,10,19,0.41115,0.48815,0.46272,0.46254
2021,baseball,2021-04-26,False,194.0,508935,Elon,13,17,0.4037,0.48565,0.51711,0.47303
2021,baseball,2021-04-26,False,158.0,509021,Evansville,20,18,0.50296,0.46794,0.51555,0.4886
2021,baseball,2021-04-26,False,285.0,509023,FDU,6,18,0.21053,0.44173,0.4366,0.38264
2021,baseball,2021-04-26,False,67.0,508950,FGCU,22,14,0.60606,0.52069,0.51128,0.53968
2021,baseball,2021-04-26,False,143.0,509026,FIU,16,24,0.35922,0.55828,0.50727,0.49576
2021,baseball,2021-04-26,False,2.0,509022,Fairfield,26,0,1.0,0.48617,0.56925,0.6354
2021,baseball,2021-04-26,False,80.0,509025,Fla. Atlantic,21,19,0.53351,0.52712,0.53673,0.53112
2021,baseball,2021-04-26,False,33.0,509028,Florida,28,12,0.66471,0.52938,0.54363,0.56677
2021,baseball,2021-04-26,False,254.0,509024,Florida A&M,15,25,0.34985,0.48972,0.46048,0.44744
2021,baseball,2021-04-26,False,61.0,509027,Florida St.,20,15,0.53258,0.54886,0.5404,0.54268
2021,baseball,2021-04-26,False,152.0,509029,Fordham,18,12,0.6087,0.42878,0.49612,0.49059
2021,baseball,2021-04-26,False,166.0,508984,Fresno St.,13,19,0.41724,0.51043,0.50185,0.48499
2021,baseball,2021-04-26,False,63.0,509034,Ga. Southern,24,15,0.59375,0.5248,0.52103,0.5411
2021,baseball,2021-04-26,False,107.0,508936,Gardner-Webb,18,16,0.52174,0.52713,0.49597,0.51799
2021,baseball,2021-04-26,False,279.0,509031,George Mason,9,18,0.3012,0.42279,0.47113,0.40448
2021,baseball,2021-04-26,False,110.0,509032,George Washington,16,10,0.54615,0.51863,0.48425,0.51692
2021,baseball,2021-04-26,False,227.0,509033,Georgetown,4,8,0.23333,0.56417,0.48518,0.46171
2021,baseball,2021-04-26,False,27.0,509037,Georgia,26,13,0.62331,0.5749,0.52824,0.57534
2021,baseball,2021-04-26,False,162.0,509035,Georgia St.,10,32,0.25269,0.59376,0.50797,0.48705
2021,baseball,2021-04-26,False,59.0,509036,Georgia Tech,19,16,0.52785,0.5475,0.54833,0.5428
2021,baseball,2021-04-26,False,29.0,509038,Gonzaga,26,13,0.70933,0.52959,0.5178,0.57158
2021,baseball,2021-04-26,False,280.0,509039,Grambling,13,19,0.43345,0.34998,0.47744,0.40271
2021,baseball,2021-04-26,False,135.0,508937,Grand Canyon,23,15,0.56579,0.45585,0.53071,0.50205
2021,baseball,2021-04-26,False,160.0,509040,Hartford,11,11,0.4837,0.49798,0.46997,0.48741
2021,baseball,2021-04-26,False,,509041,Harvard,0,0,0.5,0.5,0.5,0.5
2021,baseball,2021-04-26,False,91.0,509042,Hawaii,20,14,0.53947,0.53772,0.48996,0.52622
2021,baseball,2021-04-26,False,225.0,508947,High Point,12,19,0.38487,0.48918,0.48667,0.46247
2021,baseball,2021-04-26,False,157.0,509043,Hofstra,12,14,0.45968,0.50824,0.47842,0.48864
2021,baseball,2021-04-26,False,256.0,509044,Holy Cross,8,12,0.45455,0.42136,0.48117,0.44461
2021,baseball,2021-04-26,False,221.0,509046,Houston,15,20,0.40299,0.4736,0.50451,0.46367
2021,baseball,2021-04-26,False,257.0,509045,Houston Christian,10,28,0.30286,0.48826,0.4913,0.44267
2021,baseball,2021-04-26,False,191.0,509048,Illinois,13,14,0.48772,0.45329,0.50806,0.47559
2021,baseball,2021-04-26,False,139.0,509047,Illinois St.,16,22,0.43478,0.5311,0.5036,0.50015
2021,baseball,2021-04-26,False,121.0,509051,Indiana,18,8,0.71739,0.38892,0.53604,0.50782
2021,baseball,2021-04-26,False,21.0,509050,Indiana St.,21,11,0.74772,0.51801,0.53816,0.58047
2021,baseball,2021-04-26,False,232.0,509053,Iona,3,11,0.25781,0.56104,0.45385,0.45844
2021,baseball,2021-04-26,False,43.0,509054,Iowa,17,11,0.60714,0.54998,0.50554,0.55316
2021,baseball,2021-04-26,False,88.0,509055,Jackson St.,24,8,0.78621,0.4281,0.46376,0.52654
2021,baseball,2021-04-26,False,269.0,509057,Jacksonville,7,26,0.20489,0.51107,0.48495,0.42799
2021,baseball,2021-04-26,False,129.0,509056,Jacksonville St.,19,20,0.46556,0.52605,0.50228,0.50499
2021,baseball,2021-04-26,False,258.0,509058,James Madison,7,11,0.41358,0.41728,0.52194,0.44252
2021,baseball,2021-04-26,False,52.0,509060,Kansas,22,18,0.58047,0.54922,0.51113,0.54751
2021,baseball,2021-04-26,False,116.0,509059,Kansas St.,23,16,0.53754,0.4926,0.52843,0.51279
2021,baseball,2021-04-26,False,128.0,508938,Kennesaw St.,24,11,0.70746,0.39091,0.5307,0.505
2021,baseball,2021-04-26,False,170.0,509061,Kent St.,17,18,0.49861,0.46617,0.50342,0.48359
2021,baseball,2021-04-26,False,55.0,509062,Kentucky,24,13,0.58754,0.53027,0.5389,0.54674
2021,baseball,2021-04-26,False,230.0,509068,LIU,12,9,0.57971,0.39103,0.47393,0.45893
2021,baseball,2021-04-26,False,186.0,509074,LMU (CA),14,23,0.39763,0.50444,0.50787,0.47859
2021,baseball,2021-04-26,False,24.0,509070,LSU,24,15,0.55285,0.61613,0.52804,0.57828
2021,baseball,2021-04-26,False,239.0,509063,La Salle,24,13,0.64908,0.32496,0.52406,0.45577
2021,baseball,2021-04-26,False,253.0,509064,Lafayette,11,14,0.37872,0.48237,0.44687,0.44758
2021,baseball,2021-04-26,False,181.0,509065,Lamar University,17,13,0.55449,0.43678,0.49224,0.48007
2021,baseball,2021-04-26,False,199.0,509066,Lehigh,15,14,0.5205,0.44199,0.48122,0.47143
2021,baseball,2021-04-26,False,37.0,509067,Liberty,27,10,0.75668,0.47548,0.53101,0.55966
2021,baseball,2021-04-26,False,212.0,508949,Lipscomb,13,22,0.3539,0.5189,0.48041,0.46803
2021,baseball,2021-04-26,False,123.0,508966,Little Rock,18,18,0.53846,0.48555,0.51698,0.50663
2021,baseball,2021-04-26,False,148.0,508986,Long Beach St.,12,11,0.51502,0.46716,0.52248,0.49296
2021,baseball,2021-04-26,False,277.0,509069,Longwood,11,25,0.30747,0.43133,0.46816,0.40957
2021,baseball,2021-04-26,False,64.0,509183,Louisiana,22,17,0.5584,0.54289,0.51985,0.54101
2021,baseball,2021-04-26,False,26.0,509071,Louisiana Tech,28,11,0.6901,0.53947,0.53709,0.57653
2021,baseball,2021-04-26,False,48.0,509072,Louisville,23,11,0.66139,0.50238,0.53681,0.55074
2021,baseball,2021-04-26,False,209.0,509075,Maine,13,12,0.55985,0.41801,0.48009,0.46899
2021,baseball,2021-04-26,False,218.0,509076,Manhattan,6,16,0.28037,0.55003,0.47654,0.46424
2021,baseball,2021-04-26,False,171.0,509077,Marist,7,3,0.67,0.38333,0.49663,0.48332
2021,baseball,2021-04-26,False,196.0,509078,Marshall,8,24,0.27586,0.55081,0.51121,0.47217
2021,baseball,2021-04-26,False,76.0,509080,Maryland,16,13,0.54909,0.5388,0.50352,0.53256
2021,baseball,2021-04-26,False,206.0,509082,Massachusetts,9,24,0.35238,0.53203,0.4624,0.46971
2021,baseball,2021-04-26,False,175.0,509083,McNeese,19,21,0.4711,0.47883,0.49891,0.48192
2021,baseball,2021-04-26,False,168.0,509084,Memphis,12,26,0.27273,0.59162,0.48088,0.48421
2021,baseball,2021-04-26,False,96.0,509085,Mercer,23,16,0.58543,0.49809,0.51367,0.52382
2021,baseball,2021-04-26,False,247.0,508931,Merrimack,14,16,0.44667,0.44907,0.46868,0.45337
2021,baseball,2021-04-26,False,22.0,509087,Miami (FL),22,13,0.63881,0.56222,0.55064,0.57847
2021,baseball,2021-04-26,False,228.0,509086,Miami (OH),19,15,0.55682,0.3766,0.53521,0.46131
2021,baseball,2021-04-26,False,90.0,509089,Michigan,19,9,0.66096,0.4564,0.53219,0.52649
2021,baseball,2021-04-26,False,233.0,509088,Michigan St.,12,17,0.39932,0.46923,0.4916,0.45734
2021,baseball,2021-04-26,False,213.0,509090,Middle Tenn.,21,17,0.56461,0.38487,0.53129,0.46641
2021,baseball,2021-04-26,False,248.0,508925,Milwaukee,15,20,0.43653,0.45295,0.47047,0.45323
2021,baseball,2021-04-26,False,275.0,509091,Minnesota,4,23,0.10487,0.54299,0.45186,0.41068
2021,baseball,2021-04-26,False,7.0,509092,Mississippi St.,29,10,0.69468,0.60751,0.53142,0.61028
2021,baseball,2021-04-26,False,293.0,509093,Mississippi Val.,0,17,0.0,0.40607,0.42424,0.3091
2021,baseball,2021-04-26,False,113.0,509095,Missouri,12,25,0.34332,0.59866,0.52025,0.51522
2021,baseball,2021-04-26,False,74.0,509181,Missouri St.,15,11,0.60456,0.50033,0.52838,0.5334
2021,baseball,2021-04-26,False,65.0,509096,Monmouth,13,7,0.64118,0.50619,0.50889,0.54061
2021,baseball,2021-04-26,False,100.0,509097,Morehead St.,20,15,0.62614,0.48211,0.49781,0.52204
2021,baseball,2021-04-26,False,291.0,509098,Mount St. Mary's,8,23,0.20195,0.42461,0.43736,0.37213
2021,baseball,2021-04-26,False,125.0,509099,Murray St.,21,16,0.59312,0.45966,0.51193,0.50609
2021,baseball,2021-04-26,False,266.0,509116,N.C. A&T,15,27,0.408,0.42138,0.47963,0.43259
2021,baseball,2021-04-26,False,229.0,509117,N.C. Central,16,15,0.54237,0.41834,0.45873,0.45945
2021,baseball,2021-04-26,False,46.0,509118,NC State,19,13,0.5436,0.56754,0.52533,0.551
2021,baseball,2021-04-26,False,245.0,509123,NIU,7,27,0.2524,0.55886,0.44443,0.45364
2021,baseball,2021-04-26,False,244.0,509109,NJIT,11,19,0.41667,0.45985,0.47874,0.45378
2021,baseball,2021-04-26,False,259.0,508904,Navy,13,9,0.54211,0.37535,0.47654,0.44233
2021,baseball,2021-04-26,False,47.0,509105,Nebraska,20,7,0.76557,0.45031,0.53682,0.55075
2021,baseball,2021-04-26,False,85.0,509108,Nevada,12,16,0.51493,0.54697,0.50624,0.52878
2021,baseball,2021-04-26,False,136.0,509111,New Mexico,9,16,0.3981,0.55119,0.50729,0.50194
2021,baseball,2021-04-26,False,231.0,509110,New Mexico St.,13,24,0.37931,0.47922,0.49757,0.45883
2021,baseball,2021-04-26,False,155.0,509112,New Orleans,23,17,0.5225,0.46254,0.50812,0.48893
2021,baseball,2021-04-26,False,102.0,509113,Niagara,15,9,0.67949,0.44398,0.51902,0.52161
2021,baseball,2021-04-26,False,246.0,509114,Nicholls,16,23,0.39118,0.4638,0.4951,0.45347
2021,baseball,2021-04-26,False,262.0,509115,Norfolk St.,18,21,0.47244,0.41724,0.45191,0.43971
2021,baseball,2021-04-26,False,283.0,508952,North Ala.,5,32,0.10386,0.49888,0.4769,0.39463
2021,baseball,2021-04-26,False,54.0,509101,North Carolina,20,17,0.50882,0.57212,0.53605,0.54728
2021,baseball,2021-04-26,False,112.0,509119,North Dakota St.,25,12,0.75448,0.3976,0.5147,0.51609
2021,baseball,2021-04-26,False,134.0,508942,North Florida,14,16,0.51634,0.4869,0.52068,0.5027
2021,baseball,2021-04-26,False,49.0,509121,Northeastern,19,6,0.75785,0.45415,0.53676,0.55073
2021,baseball,2021-04-26,False,272.0,509122,Northern Colo.,9,24,0.26214,0.47767,0.44368,0.41529
2021,baseball,2021-04-26,False,263.0,509124,Northern Ky.,13,21,0.38291,0.44557,0.48237,0.43911
2021,baseball,2021-04-26,False,210.0,509126,Northwestern,12,15,0.46154,0.45691,0.49845,0.46845
2021,baseball,2021-04-26,False,140.0,509125,Northwestern St.,21,17,0.52989,0.48184,0.49858,0.49804
2021,baseball,2021-04-26,False,14.0,509127,Notre Dame,20,8,0.72028,0.54267,0.55226,0.58947
2021,baseball,2021-04-26,False,281.0,509128,Oakland,9,22,0.36156,0.39116,0.46654,0.40261
2021,baseball,2021-04-26,False,178.0,509130,Ohio,20,13,0.57239,0.42656,0.49861,0.48103
2021,baseball,2021-04-26,False,57.0,509129,Ohio St.,15,13,0.528,0.58642,0.47968,0.54513
2021,baseball,2021-04-26,False,98.0,509132,Oklahoma,20,19,0.46448,0.55385,0.52137,0.52339
2021,baseball,2021-04-26,False,16.0,509131,Oklahoma St.,24,12,0.61682,0.60235,0.52287,0.5861
2021,baseball,2021-04-26,False,17.0,509133,Old Dominion,28,10,0.71658,0.55678,0.50642,0.58414
2021,baseball,2021-04-26,False,15.0,509094,Ole Miss,28,12,0.65097,0.58143,0.53875,0.58814
2021,baseball,2021-04-26,False,202.0,509106,Omaha,15,16,0.45763,0.46511,0.49615,0.471
2021,baseball,2021-04-26,False,111.0,509134,Oral Roberts,16,18,0.48045,0.54493,0.49481,0.51628
2021,baseball,2021-04-26,False,6.0,509136,Oregon,24,9,0.71028,0.60744,0.51768,0.61071
2021,baseball,2021-04-26,False,28.0,509135,Oregon St.,26,12,0.66576,0.5541,0.51329,0.57181
2021,baseball,2021-04-26,False,192.0,509137,Pacific,10,25,0.32219,0.55931,0.45996,0.47519
2021,baseball,2021-04-26,False,237.0,509140,Penn,4,7,0.26168,0.5695,0.42334,0.45601
2021,baseball,2021-04-26,False,180.0,509139,Penn St.,9,18,0.35165,0.54656,0.47609,0.48021
2021,baseball,2021-04-26,False,131.0,509141,Pepperdine,13,16,0.46488,0.52829,0.49368,0.50379
2021,baseball,2021-04-26,False,23.0,509142,Pittsburgh,20,11,0.63291,0.56834,0.54385,0.57836
2021,baseball,2021-04-26,False,197.0,509143,Portland,19,20,0.50636,0.42574,0.52992,0.47194
2021,baseball,2021-04-26,False,288.0,509144,Prairie View,10,14,0.44762,0.30301,0.46533,0.37974
2021,baseball,2021-04-26,False,181.0,508939,Presbyterian,12,13,0.51064,0.45592,0.4978,0.48007
2021,baseball,2021-04-26,False,,509145,Princeton,0,0,0.5,0.5,0.5,0.5
2021,baseball,2021-04-26,False,174.0,509146,Purdue,10,18,0.3557,0.55415,0.46559,0.4824
2021,baseball,2021-04-26,False,276.0,509052,Purdue Fort Wayne,9,21,0.30682,0.43821,0.45935,0.41065
2021,baseball,2021-04-26,False,223.0,509147,Quinnipiac,4,16,0.19318,0.60773,0.44316,0.46295
2021,baseball,2021-04-26,False,119.0,509148,Radford,18,15,0.52427,0.5165,0.48314,0.5101
2021,baseball,2021-04-26,False,52.0,509149,Rhode Island,17,16,0.56491,0.56253,0.50009,0.54751
2021,baseball,2021-04-26,False,211.0,509150,Rice,17,23,0.40106,0.4829,0.50631,0.46829
2021,baseball,2021-04-26,False,187.0,509151,Richmond,14,6,0.64706,0.38669,0.49296,0.47835
2021,baseball,2021-04-26,False,36.0,509152,Rider,12,10,0.59406,0.56982,0.50611,0.55995
2021,baseball,2021-04-26,False,115.0,509153,Rutgers,14,13,0.54386,0.4963,0.51688,0.51333
2021,baseball,2021-04-26,False,207.0,509185,SFA,13,23,0.39039,0.50053,0.4851,0.46914
2021,baseball,2021-04-26,False,161.0,509178,SIUE,19,16,0.55015,0.44677,0.50505,0.48718
2021,baseball,2021-04-26,False,177.0,508988,Sacramento St.,24,12,0.67797,0.36159,0.52373,0.48122
2021,baseball,2021-04-26,False,132.0,509154,Sacred Heart,14,16,0.56944,0.49241,0.46073,0.50375
2021,baseball,2021-04-26,False,164.0,509157,Saint Joseph's,13,10,0.51837,0.45901,0.50769,0.48602
2021,baseball,2021-04-26,False,216.0,509158,Saint Louis,13,22,0.35977,0.50663,0.48483,0.46447
2021,baseball,2021-04-26,False,165.0,509159,Saint Mary's (CA),20,17,0.52011,0.45898,0.50517,0.48581
2021,baseball,2021-04-26,False,273.0,509160,Saint Peter's,2,12,0.09589,0.58268,0.3932,0.41361
2021,baseball,2021-04-26,False,86.0,509161,Sam Houston,19,16,0.53191,0.53994,0.49888,0.52767
2021,baseball,2021-04-26,False,92.0,509162,Samford,23,17,0.5767,0.50488,0.51614,0.52565
2021,baseball,2021-04-26,False,41.0,509164,San Diego,25,8,0.77104,0.45621,0.53009,0.55339
2021,baseball,2021-04-26,False,95.0,509163,San Diego St.,22,9,0.65744,0.45673,0.52857,0.52487
2021,baseball,2021-04-26,False,124.0,509165,San Francisco,16,19,0.47678,0.52445,0.49896,0.50616
2021,baseball,2021-04-26,False,261.0,509166,San Jose St.,4,10,0.25373,0.5194,0.47282,0.44134
2021,baseball,2021-04-26,False,156.0,509167,Santa Clara,12,23,0.33994,0.56684,0.48183,0.48886
2021,baseball,2021-04-26,False,144.0,508940,Seattle U,13,21,0.44839,0.53009,0.47406,0.49566
2021,baseball,2021-04-26,False,104.0,509168,Seton Hall,15,15,0.55208,0.51952,0.48552,0.51916
2021,baseball,2021-04-26,False,287.0,509169,Siena,10,16,0.33884,0.31795,0.54604,0.38019
2021,baseball,2021-04-26,False,50.0,509170,South Alabama,24,13,0.6361,0.52004,0.51489,0.54777
2021,baseball,2021-04-26,False,10.0,509171,South Carolina,25,12,0.66465,0.60086,0.53859,0.60124
2021,baseball,2021-04-26,False,255.0,509172,South Dakota St.,11,21,0.3959,0.45646,0.47715,0.44649
2021,baseball,2021-04-26,False,151.0,509173,South Fla.,15,19,0.42722,0.5182,0.50384,0.49186
2021,baseball,2021-04-26,False,69.0,509174,Southeast Mo. St.,18,15,0.56075,0.54043,0.50492,0.53663
2021,baseball,2021-04-26,False,68.0,509175,Southeastern La.,25,15,0.6456,0.501,0.49963,0.53681
2021,baseball,2021-04-26,False,114.0,509176,Southern California,18,16,0.48447,0.52541,0.5254,0.51517
2021,baseball,2021-04-26,False,133.0,509177,Southern Ill.,26,12,0.65714,0.41748,0.52013,0.50306
2021,baseball,2021-04-26,False,19.0,509179,Southern Miss.,26,13,0.62842,0.59047,0.5239,0.58331
2021,baseball,2021-04-26,False,270.0,509180,Southern U.,11,24,0.37662,0.42152,0.44395,0.41591
2021,baseball,2021-04-26,False,265.0,509155,St. Bonaventure,5,16,0.28042,0.52037,0.41868,0.43496
2021,baseball,2021-04-26,False,189.0,509156,St. John's (NY),13,12,0.47465,0.46196,0.50684,0.47635
2021,baseball,2021-04-26,False,20.0,509184,Stanford,22,7,0.74525,0.52762,0.52694,0.58186
2021,baseball,2021-04-26,False,118.0,509186,Stetson,22,14,0.60819,0.45404,0.52497,0.51031
2021,baseball,2021-04-26,False,97.0,509187,Stony Brook,20,11,0.62696,0.48709,0.49391,0.52377
2021,baseball,2021-04-26,False,5.0,508892,TCU,29,10,0.73278,0.59524,0.52346,0.61168
2021,baseball,2021-04-26,False,238.0,509348,Tarleton St.,17,26,0.41565,0.46209,0.48396,0.45595
2021,baseball,2021-04-26,False,4.0,509189,Tennessee,32,9,0.75718,0.58373,0.53816,0.6157
2021,baseball,2021-04-26,False,184.0,509188,Tennessee Tech,13,19,0.43919,0.4911,0.49646,0.47946
2021,baseball,2021-04-26,False,8.0,508896,Texas,33,9,0.77953,0.56061,0.52478,0.60638
2021,baseball,2021-04-26,False,84.0,508891,Texas A&M,23,19,0.49354,0.54838,0.5268,0.52928
2021,baseball,2021-04-26,False,290.0,508893,Texas Southern,10,27,0.28664,0.37453,0.46226,0.37449
2021,baseball,2021-04-26,False,214.0,509182,Texas St.,17,24,0.37337,0.49656,0.4988,0.46632
2021,baseball,2021-04-26,False,18.0,508894,Texas Tech,27,10,0.67712,0.5643,0.52918,0.58372
2021,baseball,2021-04-26,False,268.0,509002,The Citadel,11,24,0.24776,0.48731,0.49066,0.42826
2021,baseball,2021-04-26,False,117.0,508898,Toledo,13,20,0.46667,0.56017,0.45451,0.51038
2021,baseball,2021-04-26,False,219.0,508899,Towson,15,24,0.4087,0.4749,0.49752,0.46401
2021,baseball,2021-04-26,False,163.0,508900,Troy,19,19,0.45482,0.48752,0.51499,0.48621
2021,baseball,2021-04-26,False,66.0,508901,Tulane,21,13,0.56587,0.53504,0.5242,0.54004
2021,baseball,2021-04-26,False,198.0,508958,UAB,13,27,0.28297,0.56312,0.47672,0.47148
2021,baseball,2021-04-26,False,173.0,508959,UAlbany,13,16,0.4744,0.48684,0.48157,0.48241
2021,baseball,2021-04-26,False,260.0,508991,UC Davis,10,28,0.21244,0.53761,0.47986,0.44188
2021,baseball,2021-04-26,False,30.0,508992,UC Irvine,24,12,0.70909,0.51489,0.53115,0.5675
2021,baseball,2021-04-26,False,159.0,508994,UC Riverside,12,19,0.42997,0.5175,0.48766,0.48816
2021,baseball,2021-04-26,False,176.0,509216,UC San Diego,10,22,0.2907,0.58728,0.45964,0.48123
2021,baseball,2021-04-26,False,60.0,508989,UC Santa Barbara,26,12,0.67914,0.47385,0.54397,0.5427
2021,baseball,2021-04-26,False,93.0,508998,UCF,19,21,0.5203,0.53519,0.51139,0.52552
2021,baseball,2021-04-26,False,32.0,508993,UCLA,23,13,0.62654,0.55972,0.52214,0.56703
2021,baseball,2021-04-26,False,39.0,509006,UConn,17,13,0.6124,0.54252,0.5287,0.55654
2021,baseball,2021-04-26,False,137.0,509049,UIC,18,15,0.55856,0.47791,0.48768,0.50051
2021,baseball,2021-04-26,False,242.0,508943,UIW,14,22,0.38365,0.47825,0.47819,0.45458
2021,baseball,2021-04-26,False,147.0,509120,ULM,17,19,0.45483,0.50881,0.5055,0.49449
2021,baseball,2021-04-26,False,201.0,509079,UMBC,14,14,0.47656,0.46937,0.46912,0.47111
2021,baseball,2021-04-26,False,,509081,UMES,0,0,0.5,0.5,0.5,0.5
2021,baseball,2021-04-26,False,205.0,509073,UMass Lowell,11,20,0.38305,0.51237,0.47318,0.47024
2021,baseball,2021-04-26,False,234.0,509100,UNC Asheville,12,21,0.37113,0.48414,0.48854,0.45699
2021,baseball,2021-04-26,False,120.0,509103,UNC Greensboro,19,19,0.5163,0.50822,0.50759,0.51008
2021,baseball,2021-04-26,False,109.0,509104,UNCW,19,15,0.51712,0.51749,0.51588,0.517
2021,baseball,2021-04-26,False,75.0,509107,UNLV,14,7,0.64327,0.48044,0.52922,0.53335
2021,baseball,2021-04-26,False,35.0,508945,USC Upstate,27,9,0.77679,0.49223,0.50086,0.56553
2021,baseball,2021-04-26,False,138.0,508895,UT Arlington,19,21,0.48969,0.50206,0.50787,0.50042
2021,baseball,2021-04-26,False,179.0,509190,UT Martin,14,20,0.5,0.47124,0.47996,0.48061
2021,baseball,2021-04-26,False,141.0,509138,UTRGV,21,17,0.54142,0.4705,0.50569,0.49702
2021,baseball,2021-04-26,False,79.0,508897,UTSA,17,17,0.50882,0.55259,0.51367,0.53192
2021,baseball,2021-04-26,False,204.0,508905,Utah,10,23,0.33003,0.51428,0.52377,0.47059
2021,baseball,2021-04-26,False,250.0,509412,Utah Tech,11,26,0.32378,0.51127,0.46384,0.45254
2021,baseball,2021-04-26,False,278.0,508951,Utah Valley,7,31,0.21467,0.48679,0.44754,0.40895
2021,baseball,2021-04-26,False,40.0,508909,VCU,22,14,0.64848,0.52934,0.50886,0.554
2021,baseball,2021-04-26,False,236.0,508910,VMI,10,23,0.27063,0.53467,0.48551,0.45637
2021,baseball,2021-04-26,False,188.0,508906,Valparaiso,8,21,0.35983,0.53236,0.48391,0.47711
2021,baseball,2021-04-26,False,3.0,508907,Vanderbilt,31,7,0.77809,0.56541,0.55994,0.61721
2021,baseball,2021-04-26,False,78.0,508908,Villanova,13,10,0.61233,0.5081,0.4997,0.53206
2021,baseball,2021-04-26,False,62.0,508912,Virginia,19,19,0.46791,0.58386,0.53132,0.54174
2021,baseball,2021-04-26,False,44.0,508911,Virginia Tech,21,15,0.575,0.5467,0.54138,0.55245
2021,baseball,2021-04-26,False,271.0,508913,Wagner,8,16,0.37398,0.41457,0.45845,0.41539
2021,baseball,2021-04-26,False,82.0,508914,Wake Forest,13,20,0.40673,0.59802,0.51937,0.53053
2021,baseball,2021-04-26,False,142.0,508916,Washington,17,18,0.40176,0.53241,0.51694,0.49588
2021,baseball,2021-04-26,False,72.0,508915,Washington St.,19,15,0.61264,0.50002,0.53055,0.53581
2021,baseball,2021-04-26,False,99.0,508917,West Virginia,15,18,0.45631,0.5562,0.52392,0.52316
2021,baseball,2021-04-26,False,38.0,508918,Western Caro.,21,11,0.64437,0.53992,0.50498,0.5573
2021,baseball,2021-04-26,False,251.0,508919,Western Ill.,9,20,0.32342,0.51141,0.46319,0.45236
2021,baseball,2021-04-26,False,150.0,508920,Western Ky.,19,21,0.42179,0.51818,0.51024,0.4921
2021,baseball,2021-04-26,False,235.0,508921,Western Mich.,13,17,0.41667,0.47192,0.4664,0.45673
2021,baseball,2021-04-26,False,73.0,508922,Wichita St.,20,15,0.57962,0.52513,0.50874,0.53465
2021,baseball,2021-04-26,False,169.0,508923,William & Mary,11,19,0.35185,0.54966,0.48443,0.4839
2021,baseball,2021-04-26,False,240.0,508924,Winthrop,11,19,0.35816,0.48475,0.49495,0.45565
2021,baseball,2021-04-26,False,94.0,508944,Wofford,24,14,0.64589,0.47074,0.5131,0.52512
2021,baseball,2021-04-26,False,11.0,508926,Wright St.,18,10,0.70656,0.59162,0.48962,0.59485
2021,baseball,2021-04-26,False,108.0,508927,Xavier,15,16,0.53898,0.51674,0.49931,0.51794
2021,baseball,2021-04-26,False,,508928,Yale,0,0,0.5,0.5,0.5,0.5
2021,baseball,2021-04-26,False,122.0,508929,Youngstown St.,22,17,0.61357,0.46074,0.49578,0.5077
2021,baseball,2021-05-03,False,206.0,508948,A&M-Corpus Christi,18,26,0.39803,0.50151,0.49224,0.47332
2021,baseball,2021-05-03,False,122.0,508954,Abilene Christian,24,17,0.58612,0.48672,0.49021,0.51244
2021,baseball,2021-05-03,False,33.0,508902,Air Force,17,18,0.56748,0.58372,0.51119,0.56153
2021,baseball,2021-05-03,False,288.0,508890,Akron,10,28,0.20652,0.4164,0.49098,0.38258
2021,baseball,2021-05-03,False,28.0,508957,Alabama,28,15,0.60241,0.577,0.53363,0.57251
2021,baseball,2021-05-03,False,284.0,508955,Alabama A&M,9,15,0.35526,0.37398,0.46886,0.39302
2021,baseball,2021-05-03,False,242.0,508956,Alabama St.,19,17,0.48563,0.43332,0.46254,0.4537
2021,baseball,2021-05-03,False,286.0,508960,Alcorn,6,18,0.28571,0.41776,0.4323,0.38838
2021,baseball,2021-05-03,False,204.0,508961,App State,16,23,0.42899,0.4776,0.51167,0.47397
2021,baseball,2021-05-03,False,10.0,508963,Arizona,30,11,0.69542,0.58776,0.52373,0.59867
2021,baseball,2021-05-03,False,34.0,508962,Arizona St.,25,14,0.5942,0.56114,0.5233,0.55994
2021,baseball,2021-05-03,False,291.0,508941,Ark.-Pine Bluff,5,30,0.17208,0.44023,0.44911,0.37541
2021,baseball,2021-05-03,False,1.0,508965,Arkansas,34,8,0.79644,0.60503,0.54826,0.63869
2021,baseball,2021-05-03,False,196.0,508964,Arkansas St.,14,22,0.44025,0.47559,0.51237,0.47595
2021,baseball,2021-05-03,False,150.0,508903,Army West Point,20,18,0.55978,0.46376,0.47796,0.49132
2021,baseball,2021-05-03,False,61.0,508967,Auburn,19,21,0.44836,0.59163,0.53512,0.54169
2021,baseball,2021-05-03,False,233.0,508968,Austin Peay,15,27,0.35971,0.49657,0.48608,0.45973
2021,baseball,2021-05-03,False,172.0,508977,BYU,16,23,0.45428,0.4849,0.51077,0.48371
2021,baseball,2021-05-03,False,46.0,508969,Ball St.,28,12,0.74286,0.46923,0.51693,0.54956
2021,baseball,2021-05-03,False,31.0,508971,Baylor,27,13,0.66472,0.53297,0.5262,0.56421
2021,baseball,2021-05-03,False,263.0,509202,Bellarmine,12,27,0.30833,0.48389,0.47514,0.43781
2021,baseball,2021-05-03,False,185.0,508946,Belmont,20,21,0.4752,0.47294,0.49499,0.47902
2021,baseball,2021-05-03,False,,508972,Bethune-Cookman,0,0,0.5,0.5,0.5,0.5
2021,baseball,2021-05-03,False,135.0,508973,Binghamton,12,12,0.55,0.49612,0.4747,0.50424
2021,baseball,2021-05-03,False,93.0,508974,Boston College,19,22,0.46062,0.55018,0.53183,0.5232
2021,baseball,2021-05-03,False,190.0,508975,Bowling Green,12,22,0.43353,0.51127,0.45527,0.47783
2021,baseball,2021-05-03,False,77.0,508976,Bradley,14,15,0.50368,0.5761,0.47277,0.53216
2021,baseball,2021-05-03,False,,508978,Brown,0,0,0.5,0.5,0.5,0.5
2021,baseball,2021-05-03,False,97.0,508979,Bryant,19,11,0.67687,0.4658,0.47787,0.52159
2021,baseball,2021-05-03,False,247.0,508980,Bucknell,10,19,0.34944,0.50293,0.44099,0.44908
2021,baseball,2021-05-03,False,246.0,508981,Butler,10,17,0.36214,0.47049,0.49548,0.44965
2021,baseball,2021-05-03,False,244.0,508983,CSU Bakersfield,14,13,0.49123,0.39144,0.52877,0.45072
2021,baseball,2021-05-03,False,139.0,508987,CSUN,13,15,0.44631,0.53793,0.48815,0.50258
2021,baseball,2021-05-03,False,178.0,508982,Cal Poly,20,20,0.46305,0.47123,0.51939,0.48123
2021,baseball,2021-05-03,False,101.0,508985,Cal St. Fullerton,18,21,0.48062,0.55113,0.50047,0.52084
2021,baseball,2021-05-03,False,113.0,508990,California,22,19,0.54308,0.50386,0.51408,0.51622
2021,baseball,2021-05-03,False,119.0,508953,California Baptist,29,11,0.75131,0.39881,0.50465,0.5134
2021,baseball,2021-05-03,False,90.0,508995,Campbell,23,13,0.61218,0.49846,0.49686,0.52649
2021,baseball,2021-05-03,False,59.0,508996,Canisius,11,9,0.58791,0.54542,0.48952,0.54207
2021,baseball,2021-05-03,False,217.0,508930,Central Ark.,17,22,0.41737,0.48154,0.49821,0.46967
2021,baseball,2021-05-03,False,138.0,508997,Central Conn. St.,18,9,0.62921,0.45582,0.46957,0.5026
2021,baseball,2021-05-03,False,66.0,508999,Central Mich.,28,11,0.77354,0.44472,0.49784,0.5402
2021,baseball,2021-05-03,False,240.0,508970,Charleston So.,14,20,0.39024,0.4674,0.49841,0.45586
2021,baseball,2021-05-03,False,12.0,509102,Charlotte,31,14,0.68395,0.58775,0.52419,0.59591
2021,baseball,2021-05-03,False,100.0,509001,Cincinnati,21,20,0.54178,0.51142,0.51984,0.52111
2021,baseball,2021-05-03,False,52.0,509003,Clemson,21,18,0.5042,0.56971,0.54394,0.54689
2021,baseball,2021-05-03,False,95.0,509004,Coastal Carolina,21,18,0.54331,0.50847,0.52805,0.52207
2021,baseball,2021-05-03,False,161.0,508933,Col. of Charleston,18,18,0.44828,0.50368,0.49512,0.48769
2021,baseball,2021-05-03,False,,509005,Columbia,0,0,0.5,0.5,0.5,0.5
2021,baseball,2021-05-03,False,292.0,509007,Coppin St.,10,25,0.32329,0.36838,0.42953,0.3724
2021,baseball,2021-05-03,False,,509008,Cornell,0,0,0.5,0.5,0.5,0.5
2021,baseball,2021-05-03,False,76.0,509009,Creighton,17,9,0.7,0.46269,0.51456,0.53499
2021,baseball,2021-05-03,False,70.0,508934,DBU,25,11,0.60119,0.51735,0.51473,0.53765
2021,baseball,2021-05-03,False,,509010,Dartmouth,0,0,0.5,0.5,0.5,0.5
2021,baseball,2021-05-03,False,130.0,509011,Davidson,22,20,0.51594,0.50742,0.49619,0.50674
2021,baseball,2021-05-03,False,234.0,509012,Dayton,14,23,0.35356,0.50471,0.47333,0.45908
2021,baseball,2021-05-03,False,195.0,509014,Delaware,9,17,0.37826,0.52738,0.47157,0.47615
2021,baseball,2021-05-03,False,285.0,509013,Delaware St.,13,20,0.3994,0.35707,0.4417,0.38881
2021,baseball,2021-05-03,False,54.0,509015,Duke,18,18,0.49091,0.5756,0.53591,0.5445
2021,baseball,2021-05-03,False,166.0,509017,ETSU,19,20,0.48209,0.4803,0.49869,0.48534
2021,baseball,2021-05-03,False,16.0,509016,East Carolina,30,9,0.75229,0.52817,0.53523,0.58597
2021,baseball,2021-05-03,False,145.0,509018,Eastern Ill.,21,20,0.55283,0.4767,0.48248,0.49718
2021,baseball,2021-05-03,False,225.0,509019,Eastern Ky.,15,27,0.35833,0.49956,0.49876,0.46406
2021,baseball,2021-05-03,False,223.0,509020,Eastern Mich.,12,19,0.46006,0.46701,0.47269,0.46669
2021,baseball,2021-05-03,False,151.0,508935,Elon,16,18,0.42763,0.509,0.51817,0.49095
2021,baseball,2021-05-03,False,176.0,509021,Evansville,21,21,0.46094,0.47636,0.51315,0.4817
2021,baseball,2021-05-03,False,287.0,509023,FDU,6,22,0.1875,0.4488,0.44629,0.38285
2021,baseball,2021-05-03,False,71.0,508950,FGCU,24,16,0.58942,0.52553,0.50754,0.53701
2021,baseball,2021-05-03,False,158.0,509026,FIU,17,27,0.36099,0.54241,0.50917,0.48874
2021,baseball,2021-05-03,False,5.0,509022,Fairfield,29,1,0.94841,0.46695,0.54482,0.60678
2021,baseball,2021-05-03,False,87.0,509025,Fla. Atlantic,24,20,0.54028,0.51664,0.53646,0.52751
2021,baseball,2021-05-03,False,29.0,509028,Florida,30,13,0.65395,0.54513,0.54302,0.57181
2021,baseball,2021-05-03,False,229.0,509024,Florida A&M,18,27,0.40152,0.4885,0.46658,0.46127
2021,baseball,2021-05-03,False,62.0,509027,Florida St.,23,16,0.54005,0.54245,0.54039,0.54134
2021,baseball,2021-05-03,False,215.0,509029,Fordham,20,14,0.57595,0.40506,0.49631,0.47059
2021,baseball,2021-05-03,False,155.0,508984,Fresno St.,16,19,0.48632,0.48146,0.51091,0.49004
2021,baseball,2021-05-03,False,68.0,509034,Ga. Southern,27,16,0.59569,0.51915,0.52344,0.53936
2021,baseball,2021-05-03,False,96.0,508936,Gardner-Webb,21,17,0.5625,0.51787,0.48943,0.52192
2021,baseball,2021-05-03,False,280.0,509031,George Mason,9,22,0.27076,0.43017,0.47689,0.402
2021,baseball,2021-05-03,False,132.0,509032,George Washington,19,12,0.53094,0.5008,0.48724,0.50495
2021,baseball,2021-05-03,False,259.0,509033,Georgetown,4,13,0.18065,0.54859,0.48276,0.44015
2021,baseball,2021-05-03,False,41.0,509037,Georgia,27,16,0.57108,0.55387,0.53255,0.55285
2021,baseball,2021-05-03,False,170.0,509035,Georgia St.,12,34,0.26214,0.57962,0.51453,0.48398
2021,baseball,2021-05-03,False,50.0,509036,Georgia Tech,21,18,0.52518,0.5657,0.53392,0.54762
2021,baseball,2021-05-03,False,26.0,509038,Gonzaga,27,13,0.71466,0.53255,0.51726,0.57425
2021,baseball,2021-05-03,False,277.0,509039,Grambling,15,22,0.42486,0.37231,0.46378,0.40831
2021,baseball,2021-05-03,False,120.0,508937,Grand Canyon,26,16,0.59624,0.46878,0.51655,0.51259
2021,baseball,2021-05-03,False,165.0,509040,Hartford,14,12,0.50459,0.47493,0.48752,0.48549
2021,baseball,2021-05-03,False,,509041,Harvard,0,0,0.5,0.5,0.5,0.5
2021,baseball,2021-05-03,False,83.0,509042,Hawaii,23,15,0.58,0.51875,0.50066,0.52954
2021,baseball,2021-05-03,False,224.0,508947,High Point,14,21,0.40857,0.48492,0.48636,0.46619
2021,baseball,2021-05-03,False,181.0,509043,Hofstra,15,15,0.47872,0.47533,0.48794,0.47933
2021,baseball,2021-05-03,False,268.0,509044,Holy Cross,9,16,0.37991,0.41681,0.4743,0.42196
2021,baseball,2021-05-03,False,200.0,509046,Houston,16,23,0.40108,0.48979,0.51711,0.47445
2021,baseball,2021-05-03,False,260.0,509045,Houston Christian,10,30,0.28191,0.49171,0.49196,0.43932
2021,baseball,2021-05-03,False,177.0,509048,Illinois,15,16,0.48923,0.46855,0.50003,0.48159
2021,baseball,2021-05-03,False,159.0,509047,Illinois St.,18,25,0.4401,0.50485,0.50436,0.48854
2021,baseball,2021-05-03,False,114.0,509051,Indiana,20,9,0.6965,0.41865,0.53036,0.51604
2021,baseball,2021-05-03,False,19.0,509050,Indiana St.,21,11,0.74772,0.52249,0.53265,0.58134
2021,baseball,2021-05-03,False,232.0,509053,Iona,3,11,0.25781,0.5522,0.47686,0.45977
2021,baseball,2021-05-03,False,44.0,509054,Iowa,19,13,0.6051,0.55445,0.49484,0.55221
2021,baseball,2021-05-03,False,73.0,509055,Jackson St.,27,8,0.81155,0.43554,0.4611,0.53593
2021,baseball,2021-05-03,False,256.0,509057,Jacksonville,9,28,0.25341,0.51535,0.48837,0.44312
2021,baseball,2021-05-03,False,118.0,509056,Jacksonville St.,22,21,0.50856,0.52378,0.49755,0.51342
2021,baseball,2021-05-03,False,231.0,509058,James Madison,9,11,0.46023,0.42496,0.53168,0.46045
2021,baseball,2021-05-03,False,65.0,509060,Kansas,24,21,0.54167,0.5592,0.50178,0.54046
2021,baseball,2021-05-03,False,129.0,509059,Kansas St.,27,16,0.57341,0.46418,0.52579,0.50689
2021,baseball,2021-05-03,False,126.0,508938,Kennesaw St.,26,13,0.68533,0.41062,0.52536,0.50798
2021,baseball,2021-05-03,False,154.0,509061,Kent St.,19,20,0.48371,0.49049,0.49669,0.49034
2021,baseball,2021-05-03,False,45.0,509062,Kentucky,26,15,0.5876,0.53701,0.53676,0.54959
2021,baseball,2021-05-03,False,213.0,509068,LIU,14,11,0.58091,0.4194,0.46696,0.47167
2021,baseball,2021-05-03,False,197.0,509074,LMU (CA),16,26,0.37949,0.5038,0.51614,0.47581
2021,baseball,2021-05-03,False,24.0,509070,LSU,26,17,0.53301,0.62151,0.52619,0.57555
2021,baseball,2021-05-03,False,253.0,509063,La Salle,26,15,0.62588,0.31454,0.521,0.44399
2021,baseball,2021-05-03,False,262.0,509064,Lafayette,11,14,0.37872,0.46373,0.44638,0.43814
2021,baseball,2021-05-03,False,198.0,509065,Lamar University,19,15,0.53125,0.43846,0.49324,0.47535
2021,baseball,2021-05-03,False,203.0,509066,Lehigh,18,15,0.53913,0.44438,0.46914,0.47426
2021,baseball,2021-05-03,False,35.0,509067,Liberty,30,11,0.75616,0.47833,0.52047,0.55832
2021,baseball,2021-05-03,False,245.0,508949,Lipscomb,15,24,0.36441,0.47484,0.4878,0.45047
2021,baseball,2021-05-03,False,136.0,508966,Little Rock,18,21,0.5045,0.49998,0.51242,0.50422
2021,baseball,2021-05-03,False,98.0,508986,Long Beach St.,14,13,0.5348,0.51803,0.51522,0.52152
2021,baseball,2021-05-03,False,267.0,509069,Longwood,14,25,0.34688,0.43602,0.47345,0.42309
2021,baseball,2021-05-03,False,91.0,509183,Louisiana,23,20,0.51134,0.53363,0.51647,0.52377
2021,baseball,2021-05-03,False,18.0,509071,Louisiana Tech,32,11,0.72706,0.53835,0.52687,0.58266
2021,baseball,2021-05-03,False,57.0,509072,Louisville,23,14,0.62018,0.50705,0.53892,0.5433
2021,baseball,2021-05-03,False,186.0,509075,Maine,15,14,0.57191,0.4267,0.48895,0.47856
2021,baseball,2021-05-03,False,208.0,509076,Manhattan,8,18,0.29134,0.56494,0.47025,0.47287
2021,baseball,2021-05-03,False,111.0,509077,Marist,10,6,0.6625,0.46161,0.48938,0.51877
2021,baseball,2021-05-03,False,236.0,509078,Marshall,8,28,0.23392,0.54562,0.50298,0.45703
2021,baseball,2021-05-03,False,94.0,509080,Maryland,19,13,0.58108,0.49863,0.51303,0.52284
2021,baseball,2021-05-03,False,175.0,509082,Massachusetts,12,26,0.40761,0.52949,0.46188,0.48212
2021,baseball,2021-05-03,False,164.0,509083,McNeese,21,23,0.45855,0.49357,0.49646,0.48554
2021,baseball,2021-05-03,False,189.0,509084,Memphis,13,29,0.28267,0.56906,0.49182,0.47815
2021,baseball,2021-05-03,False,84.0,509085,Mercer,26,17,0.59446,0.50648,0.50802,0.52886
2021,baseball,2021-05-03,False,235.0,508931,Merrimack,14,16,0.44667,0.45696,0.46935,0.45748
2021,baseball,2021-05-03,False,23.0,509087,Miami (FL),24,15,0.63415,0.55885,0.55092,0.57569
2021,baseball,2021-05-03,False,221.0,509086,Miami (OH),19,19,0.51579,0.42392,0.51221,0.46896
2021,baseball,2021-05-03,False,92.0,509089,Michigan,21,11,0.64157,0.46588,0.52017,0.52337
2021,baseball,2021-05-03,False,258.0,509088,Michigan St.,12,20,0.37261,0.44931,0.49508,0.44158
2021,baseball,2021-05-03,False,222.0,509090,Middle Tenn.,21,21,0.49265,0.42766,0.52245,0.46761
2021,baseball,2021-05-03,False,264.0,508925,Milwaukee,16,23,0.40108,0.43534,0.46958,0.43534
2021,baseball,2021-05-03,False,278.0,509091,Minnesota,4,26,0.09722,0.53047,0.46774,0.40647
2021,baseball,2021-05-03,False,3.0,509092,Mississippi St.,32,10,0.71164,0.60667,0.53361,0.61465
2021,baseball,2021-05-03,False,293.0,509093,Mississippi Val.,0,17,0.0,0.4052,0.43691,0.31183
2021,baseball,2021-05-03,False,128.0,509095,Missouri,12,29,0.31899,0.59429,0.52086,0.50711
2021,baseball,2021-05-03,False,78.0,509181,Missouri St.,15,15,0.54639,0.53673,0.50822,0.53202
2021,baseball,2021-05-03,False,37.0,509096,Monmouth,16,8,0.63725,0.54378,0.50418,0.55725
2021,baseball,2021-05-03,False,108.0,509097,Morehead St.,23,16,0.62534,0.47735,0.49837,0.5196
2021,baseball,2021-05-03,False,290.0,509098,Mount St. Mary's,8,23,0.20195,0.43455,0.43936,0.3776
2021,baseball,2021-05-03,False,134.0,509099,Murray St.,22,20,0.5641,0.4748,0.50373,0.50436
2021,baseball,2021-05-03,False,257.0,509116,N.C. A&T,17,29,0.40241,0.44611,0.47343,0.44201
2021,baseball,2021-05-03,False,238.0,509117,N.C. Central,18,17,0.55522,0.40376,0.46416,0.45673
2021,baseball,2021-05-03,False,39.0,509118,NC State,22,14,0.57949,0.54976,0.53748,0.55412
2021,baseball,2021-05-03,False,249.0,509123,NIU,10,28,0.28818,0.523,0.45859,0.44819
2021,baseball,2021-05-03,False,174.0,509109,NJIT,15,19,0.50284,0.47412,0.47999,0.48277
2021,baseball,2021-05-03,False,266.0,508904,Navy,14,12,0.49107,0.37685,0.46964,0.4286
2021,baseball,2021-05-03,False,86.0,509105,Nebraska,20,10,0.66987,0.45791,0.5257,0.52785
2021,baseball,2021-05-03,False,56.0,509108,Nevada,15,16,0.55017,0.55563,0.51229,0.54343
2021,baseball,2021-05-03,False,193.0,509111,New Mexico,9,20,0.32685,0.53876,0.50146,0.47646
2021,baseball,2021-05-03,False,212.0,509110,New Mexico St.,17,25,0.41389,0.48985,0.49434,0.47198
2021,baseball,2021-05-03,False,148.0,509112,New Orleans,25,19,0.53409,0.46952,0.50562,0.49469
2021,baseball,2021-05-03,False,143.0,509113,Niagara,17,11,0.67518,0.39234,0.53655,0.49911
2021,baseball,2021-05-03,False,248.0,509114,Nicholls,18,25,0.3871,0.45545,0.4956,0.4484
2021,baseball,2021-05-03,False,261.0,509115,Norfolk St.,19,24,0.43794,0.43282,0.45116,0.43868
2021,baseball,2021-05-03,False,279.0,508952,North Ala.,7,34,0.1618,0.48269,0.48326,0.40261
2021,baseball,2021-05-03,False,51.0,509101,North Carolina,20,21,0.46257,0.59669,0.53428,0.54756
2021,baseball,2021-05-03,False,88.0,509119,North Dakota St.,28,13,0.76102,0.42071,0.50531,0.52694
2021,baseball,2021-05-03,False,133.0,508942,North Florida,16,18,0.52353,0.49091,0.51432,0.50492
2021,baseball,2021-05-03,False,38.0,509121,Northeastern,23,6,0.78486,0.45127,0.53087,0.55457
2021,baseball,2021-05-03,False,271.0,509122,Northern Colo.,11,26,0.27221,0.47372,0.45264,0.41807
2021,baseball,2021-05-03,False,250.0,509124,Northern Ky.,14,22,0.39881,0.45494,0.47683,0.44638
2021,baseball,2021-05-03,False,205.0,509126,Northwestern,12,16,0.45,0.47487,0.49559,0.47383
2021,baseball,2021-05-03,False,160.0,509125,Northwestern St.,22,20,0.51741,0.47121,0.49376,0.4884
2021,baseball,2021-05-03,False,11.0,509127,Notre Dame,24,8,0.74522,0.54477,0.55717,0.59798
2021,baseball,2021-05-03,False,270.0,509128,Oakland,12,23,0.42493,0.39094,0.47337,0.42005
2021,baseball,2021-05-03,False,156.0,509130,Ohio,22,15,0.5816,0.44089,0.49292,0.48908
2021,baseball,2021-05-03,False,64.0,509129,Ohio St.,17,14,0.52708,0.57301,0.48906,0.54054
2021,baseball,2021-05-03,False,75.0,509132,Oklahoma,22,20,0.47619,0.57075,0.52238,0.53502
2021,baseball,2021-05-03,False,22.0,509131,Oklahoma St.,25,14,0.59605,0.59217,0.52785,0.57706
2021,baseball,2021-05-03,False,14.0,509133,Old Dominion,31,11,0.70833,0.56553,0.51578,0.58879
2021,baseball,2021-05-03,False,8.0,509094,Ole Miss,31,12,0.67016,0.59338,0.53876,0.59892
2021,baseball,2021-05-03,False,209.0,509106,Omaha,18,16,0.49367,0.44355,0.50971,0.47262
2021,baseball,2021-05-03,False,123.0,509134,Oral Roberts,20,18,0.51813,0.50917,0.50574,0.51055
2021,baseball,2021-05-03,False,9.0,509136,Oregon,27,11,0.70442,0.58591,0.51885,0.59877
2021,baseball,2021-05-03,False,27.0,509135,Oregon St.,29,14,0.67458,0.55051,0.51623,0.57296
2021,baseball,2021-05-03,False,210.0,509137,Pacific,12,27,0.3252,0.54665,0.47074,0.47231
2021,baseball,2021-05-03,False,140.0,509140,Penn,6,8,0.38571,0.60138,0.41887,0.50184
2021,baseball,2021-05-03,False,163.0,509139,Penn St.,12,18,0.39796,0.53171,0.48091,0.48557
2021,baseball,2021-05-03,False,121.0,509141,Pepperdine,14,19,0.45646,0.55274,0.48838,0.51258
2021,baseball,2021-05-03,False,21.0,509142,Pittsburgh,20,11,0.63291,0.56613,0.54832,0.57837
2021,baseball,2021-05-03,False,220.0,509143,Portland,19,20,0.50636,0.42333,0.52432,0.46933
2021,baseball,2021-05-03,False,281.0,509144,Prairie View,12,16,0.48,0.3316,0.45911,0.40058
2021,baseball,2021-05-03,False,182.0,508939,Presbyterian,12,17,0.45627,0.485,0.49086,0.47928
2021,baseball,2021-05-03,False,,509145,Princeton,0,0,0.5,0.5,0.5,0.5
2021,baseball,2021-05-03,False,173.0,509146,Purdue,11,20,0.36615,0.54252,0.48305,0.48356
2021,baseball,2021-05-03,False,275.0,509052,Purdue Fort Wayne,9,25,0.25633,0.46399,0.46798,0.41307
2021,baseball,2021-05-03,False,226.0,509147,Quinnipiac,4,16,0.19318,0.60756,0.44662,0.46373
2021,baseball,2021-05-03,False,149.0,509148,Radford,18,18,0.49091,0.49915,0.48165,0.49271
2021,baseball,2021-05-03,False,58.0,509149,Rhode Island,17,19,0.52614,0.5722,0.50077,0.54283
2021,baseball,2021-05-03,False,214.0,509150,Rice,18,26,0.37412,0.50304,0.50404,0.47106
2021,baseball,2021-05-03,False,188.0,509151,Richmond,16,8,0.59048,0.41026,0.50206,0.47826
2021,baseball,2021-05-03,False,82.0,509152,Rider,17,13,0.58333,0.50999,0.51494,0.52957
2021,baseball,2021-05-03,False,67.0,509153,Rutgers,17,13,0.59877,0.52813,0.50455,0.53989
2021,baseball,2021-05-03,False,187.0,509185,SFA,15,24,0.4,0.51123,0.4917,0.47854
2021,baseball,2021-05-03,False,201.0,509178,SIUE,20,19,0.50949,0.44441,0.49916,0.47437
2021,baseball,2021-05-03,False,167.0,508988,Sacramento St.,26,16,0.61905,0.40478,0.50998,0.48465
2021,baseball,2021-05-03,False,157.0,509154,Sacred Heart,17,18,0.56231,0.4621,0.46858,0.48877
2021,baseball,2021-05-03,False,207.0,509157,Saint Joseph's,13,12,0.49035,0.45705,0.48807,0.47313
2021,baseball,2021-05-03,False,199.0,509158,Saint Louis,15,24,0.38931,0.51134,0.488,0.475
2021,baseball,2021-05-03,False,179.0,509159,Saint Mary's (CA),20,20,0.49239,0.46505,0.49855,0.48026
2021,baseball,2021-05-03,False,282.0,509160,Saint Peter's,2,16,0.08046,0.53734,0.44342,0.39964
2021,baseball,2021-05-03,False,106.0,509161,Sam Houston,20,18,0.52809,0.5254,0.50134,0.52006
2021,baseball,2021-05-03,False,89.0,509162,Samford,24,19,0.56992,0.51293,0.51063,0.5266
2021,baseball,2021-05-03,False,42.0,509164,San Diego,28,8,0.78616,0.44849,0.52797,0.55278
2021,baseball,2021-05-03,False,115.0,509163,San Diego St.,22,12,0.6129,0.4685,0.51356,0.51587
2021,baseball,2021-05-03,False,125.0,509165,San Francisco,18,20,0.50562,0.51562,0.50239,0.50981
2021,baseball,2021-05-03,False,239.0,509166,San Jose St.,6,13,0.33149,0.50054,0.49254,0.45628
2021,baseball,2021-05-03,False,171.0,509167,Santa Clara,13,25,0.35,0.55029,0.48501,0.4839
2021,baseball,2021-05-03,False,168.0,508940,Seattle U,13,25,0.38398,0.54222,0.46962,0.48451
2021,baseball,2021-05-03,False,112.0,509168,Seton Hall,19,15,0.59177,0.49288,0.49606,0.5184
2021,baseball,2021-05-03,False,269.0,509169,Siena,11,19,0.3442,0.40856,0.52155,0.42072
2021,baseball,2021-05-03,False,49.0,509170,South Alabama,25,15,0.625,0.5286,0.51217,0.54859
2021,baseball,2021-05-03,False,15.0,509171,South Carolina,26,15,0.63231,0.58712,0.54402,0.58764
2021,baseball,2021-05-03,False,254.0,509172,South Dakota St.,11,25,0.36137,0.46891,0.47634,0.44388
2021,baseball,2021-05-03,False,153.0,509173,South Fla.,17,21,0.41854,0.52043,0.50243,0.49046
2021,baseball,2021-05-03,False,72.0,509174,Southeast Mo. St.,21,16,0.59673,0.52337,0.50152,0.53625
2021,baseball,2021-05-03,False,69.0,509175,Southeastern La.,25,15,0.6456,0.50386,0.49946,0.5382
2021,baseball,2021-05-03,False,117.0,509176,Southern California,19,19,0.44293,0.54648,0.51855,0.51361
2021,baseball,2021-05-03,False,110.0,509177,Southern Ill.,31,12,0.68831,0.43586,0.51796,0.5195
2021,baseball,2021-05-03,False,20.0,509179,Southern Miss.,29,14,0.65291,0.57653,0.51662,0.58065
2021,baseball,2021-05-03,False,273.0,509180,Southern U.,13,25,0.38806,0.40593,0.45528,0.4138
2021,baseball,2021-05-03,False,276.0,509155,St. Bonaventure,5,18,0.24651,0.48002,0.42948,0.40901
2021,baseball,2021-05-03,False,192.0,509156,St. John's (NY),14,15,0.46215,0.48032,0.48604,0.47721
2021,baseball,2021-05-03,False,25.0,509184,Stanford,24,9,0.73267,0.51838,0.52784,0.57432
2021,baseball,2021-05-03,False,147.0,509186,Stetson,23,17,0.56283,0.44785,0.5233,0.49546
2021,baseball,2021-05-03,False,105.0,509187,Stony Brook,22,13,0.5961,0.49924,0.48631,0.52022
2021,baseball,2021-05-03,False,2.0,508892,TCU,33,10,0.76627,0.58269,0.52874,0.6151
2021,baseball,2021-05-03,False,237.0,509348,Tarleton St.,19,28,0.43653,0.45307,0.48486,0.45688
2021,baseball,2021-05-03,False,7.0,509189,Tennessee,34,11,0.71868,0.57794,0.53328,0.60196
2021,baseball,2021-05-03,False,180.0,509188,Tennessee Tech,15,21,0.46429,0.47913,0.49749,0.48001
2021,baseball,2021-05-03,False,6.0,508896,Texas,35,11,0.73872,0.57476,0.52647,0.60368
2021,baseball,2021-05-03,False,81.0,508891,Texas A&M,24,22,0.47711,0.55496,0.5314,0.52961
2021,baseball,2021-05-03,False,289.0,508893,Texas Southern,10,31,0.25806,0.3959,0.46454,0.3786
2021,baseball,2021-05-03,False,183.0,509182,Texas St.,19,26,0.39953,0.50441,0.50797,0.47908
2021,baseball,2021-05-03,False,13.0,508894,Texas Tech,30,11,0.69359,0.57595,0.52867,0.59354
2021,baseball,2021-05-03,False,272.0,509002,The Citadel,11,28,0.21785,0.47516,0.50252,0.41767
2021,baseball,2021-05-03,False,144.0,508898,Toledo,15,22,0.45231,0.53605,0.46603,0.49761
2021,baseball,2021-05-03,False,228.0,508899,Towson,15,29,0.36528,0.49914,0.48303,0.46165
2021,baseball,2021-05-03,False,146.0,508900,Troy,21,21,0.46721,0.49921,0.51635,0.49549
2021,baseball,2021-05-03,False,74.0,508901,Tulane,24,14,0.57065,0.52672,0.51861,0.53568
2021,baseball,2021-05-03,False,216.0,508958,UAB,15,30,0.28058,0.55289,0.49259,0.46974
2021,baseball,2021-05-03,False,169.0,508959,UAlbany,15,18,0.45946,0.50188,0.47273,0.48399
2021,baseball,2021-05-03,False,265.0,508991,UC Davis,11,30,0.21241,0.50712,0.48963,0.42907
2021,baseball,2021-05-03,False,36.0,508992,UC Irvine,26,14,0.67027,0.51992,0.51993,0.55751
2021,baseball,2021-05-03,False,194.0,508994,UC Riverside,14,21,0.42075,0.49229,0.49985,0.4763
2021,baseball,2021-05-03,False,202.0,509216,UC San Diego,12,24,0.32812,0.5446,0.47988,0.4743
2021,baseball,2021-05-03,False,53.0,508989,UC Santa Barbara,29,13,0.67402,0.48541,0.53343,0.54457
2021,baseball,2021-05-03,False,99.0,508998,UCF,22,22,0.52804,0.51878,0.51909,0.52117
2021,baseball,2021-05-03,False,32.0,508993,UCLA,25,14,0.61823,0.55222,0.5291,0.56295
2021,baseball,2021-05-03,False,47.0,509006,UConn,20,14,0.63356,0.51683,0.52933,0.54914
2021,baseball,2021-05-03,False,137.0,509049,UIC,21,16,0.56403,0.48228,0.48339,0.503
2021,baseball,2021-05-03,False,227.0,508943,UIW,16,25,0.40548,0.48059,0.48415,0.4627
2021,baseball,2021-05-03,False,131.0,509120,ULM,20,20,0.50409,0.50652,0.50313,0.50506
2021,baseball,2021-05-03,False,252.0,509079,UMBC,14,18,0.3961,0.454,0.47642,0.44513
2021,baseball,2021-05-03,False,,509081,UMES,0,0,0.5,0.5,0.5,0.5
2021,baseball,2021-05-03,False,218.0,509073,UMass Lowell,12,23,0.38298,0.50768,0.48027,0.46965
2021,baseball,2021-05-03,False,241.0,509100,UNC Asheville,13,24,0.3605,0.48483,0.48967,0.45496
2021,baseball,2021-05-03,False,104.0,509103,UNC Greensboro,22,20,0.53186,0.51981,0.50997,0.52036
2021,baseball,2021-05-03,False,109.0,509104,UNCW,23,16,0.54572,0.50525,0.52195,0.51954
2021,baseball,2021-05-03,False,85.0,509107,UNLV,16,8,0.62626,0.47636,0.53367,0.52816
2021,baseball,2021-05-03,False,30.0,508945,USC Upstate,30,9,0.78992,0.4897,0.49863,0.56699
2021,baseball,2021-05-03,False,127.0,508895,UT Arlington,22,22,0.5,0.51139,0.50634,0.50728
2021,baseball,2021-05-03,False,219.0,509190,UT Martin,15,23,0.46579,0.46587,0.48011,0.46941
2021,baseball,2021-05-03,False,152.0,509138,UTRGV,22,20,0.52688,0.46953,0.4974,0.49083
2021,baseball,2021-05-03,False,103.0,508897,UTSA,19,19,0.52368,0.51547,0.52752,0.52054
2021,baseball,2021-05-03,False,184.0,508905,Utah,10,26,0.30864,0.54183,0.5238,0.47903
2021,baseball,2021-05-03,False,243.0,509412,Utah Tech,15,26,0.37401,0.47671,0.48062,0.45201
2021,baseball,2021-05-03,False,283.0,508951,Utah Valley,7,35,0.19949,0.46591,0.45949,0.3977
2021,baseball,2021-05-03,False,40.0,508909,VCU,27,14,0.68219,0.50996,0.51014,0.55306
2021,baseball,2021-05-03,False,211.0,508910,VMI,13,24,0.3467,0.52743,0.48744,0.47225
2021,baseball,2021-05-03,False,162.0,508906,Valparaiso,11,23,0.38214,0.5362,0.49164,0.48655
2021,baseball,2021-05-03,False,4.0,508907,Vanderbilt,32,9,0.75718,0.5675,0.54889,0.61027
2021,baseball,2021-05-03,False,79.0,508908,Villanova,15,11,0.60236,0.51285,0.49745,0.53138
2021,baseball,2021-05-03,False,43.0,508912,Virginia,22,20,0.50242,0.5878,0.53273,0.55269
2021,baseball,2021-05-03,False,48.0,508911,Virginia Tech,23,17,0.5525,0.54966,0.54452,0.54909
2021,baseball,2021-05-03,False,274.0,508913,Wagner,8,19,0.32281,0.43632,0.45787,0.41333
2021,baseball,2021-05-03,False,80.0,508914,Wake Forest,15,22,0.40054,0.59833,0.52384,0.53026
2021,baseball,2021-05-03,False,191.0,508916,Washington,17,21,0.36053,0.51652,0.51725,0.4777
2021,baseball,2021-05-03,False,55.0,508915,Washington St.,21,17,0.59548,0.52776,0.52344,0.54361
2021,baseball,2021-05-03,False,107.0,508917,West Virginia,15,21,0.40517,0.57572,0.5229,0.51988
2021,baseball,2021-05-03,False,60.0,508918,Western Caro.,22,14,0.61635,0.52082,0.51008,0.54202
2021,baseball,2021-05-03,False,251.0,508919,Western Ill.,9,23,0.3,0.5084,0.46642,0.44581
2021,baseball,2021-05-03,False,142.0,508920,Western Ky.,23,21,0.49512,0.48795,0.5255,0.49913
2021,baseball,2021-05-03,False,230.0,508921,Western Mich.,15,19,0.4462,0.4596,0.47787,0.46082
2021,baseball,2021-05-03,False,63.0,508922,Wichita St.,22,17,0.55367,0.55341,0.50257,0.54077
2021,baseball,2021-05-03,False,141.0,508923,William & Mary,12,21,0.36364,0.57173,0.49158,0.49967
2021,baseball,2021-05-03,False,255.0,508924,Winthrop,12,22,0.32927,0.47489,0.49451,0.44339
2021,baseball,2021-05-03,False,102.0,508944,Wofford,26,16,0.62532,0.47192,0.51346,0.52066
2021,baseball,2021-05-03,False,17.0,508926,Wright St.,22,10,0.75563,0.54732,0.49326,0.58588
2021,baseball,2021-05-03,False,116.0,508927,Xavier,17,19,0.52339,0.51825,0.50133,0.51531
2021,baseball,2021-05-03,False,,508928,Yale,0,0,0.5,0.5,0.5,0.5
2021,baseball,2021-05-03,False,124.0,508929,Youngstown St.,23,20,0.59249,0.48177,0.48565,0.51042
2021,baseball,2021-05-10,False,211.0,508948,A&M-Corpus Christi,21,27,0.41497,0.48296,0.50274,0.47091
2021,baseball,2021-05-10,False,90.0,508954,Abilene Christian,28,17,0.61391,0.49913,0.48878,0.52524
2021,baseball,2021-05-10,False,43.0,508902,Air Force,20,18,0.59366,0.55174,0.51766,0.5537
2021,baseball,2021-05-10,False,287.0,508890,Akron,11,30,0.22532,0.43241,0.48873,0.39472
2021,baseball,2021-05-10,False,31.0,508957,Alabama,28,17,0.58275,0.57994,0.53098,0.5684
2021,baseball,2021-05-10,False,283.0,508955,Alabama A&M,9,18,0.3253,0.3993,0.46349,0.39685
2021,baseball,2021-05-10,False,223.0,508956,Alabama St.,23,17,0.53141,0.43385,0.46044,0.46489
2021,baseball,2021-05-10,False,284.0,508960,Alcorn,6,18,0.28571,0.43133,0.43884,0.3968
2021,baseball,2021-05-10,False,197.0,508961,App State,16,26,0.40437,0.49727,0.50932,0.47706
2021,baseball,2021-05-10,False,7.0,508963,Arizona,32,13,0.68642,0.60104,0.51852,0.60175
2021,baseball,2021-05-10,False,34.0,508962,Arizona St.,27,15,0.61111,0.56227,0.52104,0.56417
2021,baseball,2021-05-10,False,285.0,508941,Ark.-Pine Bluff,8,30,0.26513,0.43853,0.44443,0.39665
2021,baseball,2021-05-10,False,1.0,508965,Arkansas,36,9,0.77857,0.60655,0.54468,0.63409
2021,baseball,2021-05-10,False,180.0,508964,Arkansas St.,16,24,0.4375,0.48977,0.51343,0.48262
2021,baseball,2021-05-10,False,145.0,508903,Army West Point,23,20,0.55344,0.48103,0.46936,0.49621
2021,baseball,2021-05-10,False,70.0,508967,Auburn,20,23,0.43023,0.58422,0.54087,0.53489
2021,baseball,2021-05-10,False,227.0,508968,Austin Peay,17,29,0.37694,0.49531,0.48699,0.46364
2021,baseball,2021-05-10,False,135.0,508977,BYU,19,24,0.5013,0.50091,0.50838,0.50287
2021,baseball,2021-05-10,False,42.0,508969,Ball St.,30,14,0.73412,0.4896,0.50756,0.55522
2021,baseball,2021-05-10,False,36.0,508971,Baylor,29,14,0.65405,0.53719,0.52413,0.56314
2021,baseball,2021-05-10,False,266.0,509202,Bellarmine,13,30,0.295,0.47543,0.47516,0.43026
2021,baseball,2021-05-10,False,201.0,508946,Belmont,20,24,0.4505,0.47946,0.49315,0.47564
2021,baseball,2021-05-10,False,,508972,Bethune-Cookman,0,0,0.5,0.5,0.5,0.5
2021,baseball,2021-05-10,False,162.0,508973,Binghamton,14,14,0.52143,0.47898,0.47648,0.48897
2021,baseball,2021-05-10,False,97.0,508974,Boston College,20,25,0.45475,0.54851,0.53325,0.52126
2021,baseball,2021-05-10,False,239.0,508975,Bowling Green,13,26,0.38765,0.48692,0.46236,0.45597
2021,baseball,2021-05-10,False,113.0,508976,Bradley,16,17,0.48397,0.54071,0.48546,0.51271
2021,baseball,2021-05-10,False,,508978,Brown,0,0,0.5,0.5,0.5,0.5
2021,baseball,2021-05-10,False,78.0,508979,Bryant,22,11,0.69841,0.4737,0.4771,0.53073
2021,baseball,2021-05-10,False,244.0,508980,Bucknell,11,22,0.33968,0.50929,0.45017,0.45211
2021,baseball,2021-05-10,False,250.0,508981,Butler,10,19,0.32714,0.4879,0.4899,0.44821
2021,baseball,2021-05-10,False,208.0,508983,CSU Bakersfield,18,13,0.53674,0.41597,0.51735,0.47151
2021,baseball,2021-05-10,False,140.0,508987,CSUN,16,16,0.5,0.50257,0.4979,0.50076
2021,baseball,2021-05-10,False,194.0,508982,Cal Poly,20,24,0.43318,0.48471,0.50996,0.47814
2021,baseball,2021-05-10,False,142.0,508985,Cal St. Fullerton,19,24,0.44573,0.52246,0.50438,0.49876
2021,baseball,2021-05-10,False,110.0,508990,California,24,21,0.52482,0.50394,0.51917,0.51297
2021,baseball,2021-05-10,False,119.0,508953,California Baptist,31,13,0.71327,0.41216,0.49523,0.5082
2021,baseball,2021-05-10,False,61.0,508995,Campbell,26,14,0.64246,0.50934,0.49637,0.53938
2021,baseball,2021-05-10,False,84.0,508996,Canisius,13,9,0.61735,0.48761,0.5241,0.52917
2021,baseball,2021-05-10,False,189.0,508930,Central Ark.,19,24,0.44081,0.49247,0.49541,0.48029
2021,baseball,2021-05-10,False,138.0,508997,Central Conn. St.,19,11,0.60943,0.46447,0.46671,0.50127
2021,baseball,2021-05-10,False,56.0,508999,Central Mich.,30,13,0.73441,0.47138,0.49221,0.54235
2021,baseball,2021-05-10,False,261.0,508970,Charleston So.,14,23,0.34877,0.4563,0.49402,0.43885
2021,baseball,2021-05-10,False,18.0,509102,Charlotte,35,14,0.70439,0.54443,0.53258,0.58146
2021,baseball,2021-05-10,False,91.0,509001,Cincinnati,24,21,0.57554,0.50184,0.51765,0.52422
2021,baseball,2021-05-10,False,52.0,509003,Clemson,22,21,0.48571,0.57542,0.5403,0.54421
2021,baseball,2021-05-10,False,117.0,509004,Coastal Carolina,21,21,0.49286,0.51461,0.51862,0.51017
2021,baseball,2021-05-10,False,151.0,508933,Col. of Charleston,21,18,0.50388,0.48015,0.50556,0.49244
2021,baseball,2021-05-10,False,,509005,Columbia,0,0,0.5,0.5,0.5,0.5
2021,baseball,2021-05-10,False,292.0,509007,Coppin St.,10,25,0.32329,0.37063,0.43676,0.37532
2021,baseball,2021-05-10,False,,509008,Cornell,0,0,0.5,0.5,0.5,0.5
2021,baseball,2021-05-10,False,82.0,509009,Creighton,19,9,0.73047,0.43791,0.51385,0.53003
2021,baseball,2021-05-10,False,54.0,508934,DBU,29,11,0.63187,0.51447,0.51154,0.54309
2021,baseball,2021-05-10,False,,509010,Dartmouth,0,0,0.5,0.5,0.5,0.5
2021,baseball,2021-05-10,False,133.0,509011,Davidson,22,20,0.51594,0.50125,0.49541,0.50346
2021,baseball,2021-05-10,False,161.0,509012,Dayton,18,23,0.43155,0.52535,0.47439,0.48916
2021,baseball,2021-05-10,False,249.0,509014,Delaware,10,20,0.34058,0.48527,0.48273,0.44846
2021,baseball,2021-05-10,False,282.0,509013,Delaware St.,14,23,0.39782,0.37892,0.43527,0.39773
2021,baseball,2021-05-10,False,50.0,509015,Duke,20,20,0.5,0.57355,0.53365,0.54519
2021,baseball,2021-05-10,False,181.0,509017,ETSU,20,22,0.4596,0.48617,0.4985,0.48261
2021,baseball,2021-05-10,False,15.0,509016,East Carolina,33,10,0.73961,0.53624,0.52977,0.58547
2021,baseball,2021-05-10,False,154.0,509018,Eastern Ill.,23,21,0.55069,0.46415,0.48764,0.49166
2021,baseball,2021-05-10,False,210.0,509019,Eastern Ky.,16,29,0.36693,0.50948,0.49833,0.47106
2021,baseball,2021-05-10,False,176.0,509020,Eastern Mich.,17,19,0.5457,0.45432,0.48043,0.48369
2021,baseball,2021-05-10,False,143.0,508935,Elon,17,18,0.4511,0.51301,0.51598,0.49828
2021,baseball,2021-05-10,False,171.0,509021,Evansville,23,23,0.45047,0.49077,0.50988,0.48547
2021,baseball,2021-05-10,False,291.0,509023,FDU,8,23,0.21908,0.42638,0.44633,0.37954
2021,baseball,2021-05-10,False,71.0,508950,FGCU,26,17,0.60465,0.51267,0.50683,0.53421
2021,baseball,2021-05-10,False,155.0,509026,FIU,18,28,0.36052,0.54882,0.50835,0.49163
2021,baseball,2021-05-10,False,4.0,509022,Fairfield,33,1,0.95724,0.48209,0.52565,0.61177
2021,baseball,2021-05-10,False,74.0,509025,Fla. Atlantic,27,21,0.57051,0.5173,0.52635,0.53287
2021,baseball,2021-05-10,False,19.0,509028,Florida,33,14,0.67076,0.55519,0.53916,0.58008
2021,baseball,2021-05-10,False,226.0,509024,Florida A&M,21,28,0.4186,0.48505,0.4664,0.46378
2021,baseball,2021-05-10,False,39.0,509027,Florida St.,25,17,0.55952,0.567,0.53773,0.55781
2021,baseball,2021-05-10,False,216.0,509029,Fordham,20,15,0.55319,0.40986,0.4967,0.4674
2021,baseball,2021-05-10,False,157.0,508984,Fresno St.,16,19,0.48632,0.48204,0.5108,0.4903
2021,baseball,2021-05-10,False,78.0,509034,Ga. Southern,28,18,0.58876,0.50776,0.51864,0.53073
2021,baseball,2021-05-10,False,95.0,508936,Gardner-Webb,23,18,0.58105,0.50957,0.48929,0.52237
2021,baseball,2021-05-10,False,275.0,509031,George Mason,10,25,0.25387,0.46166,0.47677,0.41349
2021,baseball,2021-05-10,False,137.0,509032,George Washington,22,13,0.57224,0.47316,0.48947,0.50201
2021,baseball,2021-05-10,False,263.0,509033,Georgetown,4,17,0.15301,0.56038,0.47327,0.43676
2021,baseball,2021-05-10,False,38.0,509037,Georgia,28,18,0.56561,0.56498,0.5359,0.55787
2021,baseball,2021-05-10,False,188.0,509035,Georgia St.,12,34,0.26214,0.57249,0.51664,0.48094
2021,baseball,2021-05-10,False,45.0,509036,Georgia Tech,24,18,0.54795,0.56011,0.53973,0.55197
2021,baseball,2021-05-10,False,23.0,509038,Gonzaga,27,13,0.71466,0.53276,0.51824,0.5746
2021,baseball,2021-05-10,False,288.0,509039,Grambling,15,25,0.38182,0.366,0.46027,0.39352
2021,baseball,2021-05-10,False,112.0,508937,Grand Canyon,30,17,0.61171,0.46131,0.51665,0.51275
2021,baseball,2021-05-10,False,175.0,509040,Hartford,15,15,0.4881,0.47965,0.48832,0.48393
2021,baseball,2021-05-10,False,,509041,Harvard,0,0,0.5,0.5,0.5,0.5
2021,baseball,2021-05-10,False,75.0,509042,Hawaii,23,15,0.58,0.5238,0.5031,0.53268
2021,baseball,2021-05-10,False,221.0,508947,High Point,14,24,0.36761,0.50618,0.48101,0.46525
2021,baseball,2021-05-10,False,170.0,509043,Hofstra,15,19,0.43548,0.51902,0.46898,0.48563
2021,baseball,2021-05-10,False,269.0,509044,Holy Cross,10,20,0.33333,0.44461,0.47449,0.42426
2021,baseball,2021-05-10,False,212.0,509046,Houston,17,26,0.37349,0.49871,0.51204,0.47074
2021,baseball,2021-05-10,False,265.0,509045,Houston Christian,10,34,0.26238,0.49052,0.48775,0.43279
2021,baseball,2021-05-10,False,190.0,509048,Illinois,16,18,0.46369,0.47908,0.49718,0.47976
2021,baseball,2021-05-10,False,160.0,509047,Illinois St.,18,29,0.4119,0.52228,0.5037,0.49004
2021,baseball,2021-05-10,False,86.0,509051,Indiana,23,10,0.70957,0.43855,0.5257,0.52809
2021,baseball,2021-05-10,False,17.0,509050,Indiana St.,24,12,0.76,0.51746,0.53159,0.58163
2021,baseball,2021-05-10,False,203.0,509053,Iona,3,11,0.25781,0.58492,0.46994,0.4744
2021,baseball,2021-05-10,False,57.0,509054,Iowa,21,14,0.59824,0.53492,0.49994,0.54201
2021,baseball,2021-05-10,False,87.0,509055,Jackson St.,31,8,0.82633,0.40352,0.47665,0.52751
2021,baseball,2021-05-10,False,257.0,509057,Jacksonville,10,30,0.25,0.51806,0.49354,0.44492
2021,baseball,2021-05-10,False,123.0,509056,Jacksonville St.,23,23,0.48643,0.52386,0.4925,0.50666
2021,baseball,2021-05-10,False,241.0,509058,James Madison,9,14,0.41117,0.44652,0.51841,0.45565
2021,baseball,2021-05-10,False,65.0,509060,Kansas,26,23,0.52542,0.55964,0.50856,0.53832
2021,baseball,2021-05-10,False,111.0,509059,Kansas St.,28,18,0.56701,0.48211,0.51983,0.51276
2021,baseball,2021-05-10,False,127.0,508938,Kennesaw St.,26,17,0.63772,0.43425,0.51594,0.50554
2021,baseball,2021-05-10,False,172.0,509061,Kent St.,21,21,0.48592,0.47732,0.49729,0.48446
2021,baseball,2021-05-10,False,51.0,509062,Kentucky,27,17,0.55693,0.54145,0.53915,0.54474
2021,baseball,2021-05-10,False,225.0,509068,LIU,15,12,0.56322,0.41397,0.46434,0.46388
2021,baseball,2021-05-10,False,199.0,509074,LMU (CA),16,26,0.37949,0.50418,0.51573,0.4759
2021,baseball,2021-05-10,False,24.0,509070,LSU,29,18,0.55902,0.60619,0.52571,0.57428
2021,baseball,2021-05-10,False,242.0,509063,La Salle,29,16,0.62527,0.33387,0.52396,0.45424
2021,baseball,2021-05-10,False,253.0,509064,Lafayette,13,15,0.41971,0.45178,0.46468,0.44699
2021,baseball,2021-05-10,False,204.0,509065,Lamar University,19,19,0.49211,0.45446,0.49179,0.4732
2021,baseball,2021-05-10,False,186.0,509066,Lehigh,21,16,0.57545,0.44027,0.46932,0.48133
2021,baseball,2021-05-10,False,35.0,509067,Liberty,33,11,0.76943,0.485,0.51392,0.56334
2021,baseball,2021-05-10,False,252.0,508949,Lipscomb,17,25,0.40052,0.44766,0.49258,0.4471
2021,baseball,2021-05-10,False,132.0,508966,Little Rock,19,23,0.50278,0.50228,0.50922,0.50414
2021,baseball,2021-05-10,False,72.0,508986,Long Beach St.,18,13,0.60923,0.50565,0.51628,0.5342
2021,baseball,2021-05-10,False,272.0,509069,Longwood,15,27,0.35606,0.42357,0.47641,0.4199
2021,baseball,2021-05-10,False,109.0,509183,Louisiana,26,20,0.53589,0.50069,0.52034,0.5144
2021,baseball,2021-05-10,False,21.0,509071,Louisiana Tech,33,12,0.72368,0.52576,0.52555,0.57519
2021,baseball,2021-05-10,False,49.0,509072,Louisville,26,15,0.61995,0.51041,0.54399,0.54619
2021,baseball,2021-05-10,False,235.0,509075,Maine,16,17,0.51594,0.40996,0.49203,0.45697
2021,baseball,2021-05-10,False,192.0,509076,Manhattan,9,21,0.30208,0.57476,0.46461,0.47905
2021,baseball,2021-05-10,False,130.0,509077,Marist,13,7,0.65464,0.42424,0.51786,0.50524
2021,baseball,2021-05-10,False,232.0,509078,Marshall,8,32,0.21622,0.55444,0.50584,0.45773
2021,baseball,2021-05-10,False,93.0,509080,Maryland,21,14,0.60182,0.49109,0.51097,0.52374
2021,baseball,2021-05-10,False,166.0,509082,Massachusetts,13,26,0.41867,0.5339,0.46628,0.48819
2021,baseball,2021-05-10,False,173.0,509083,McNeese,22,26,0.45238,0.498,0.48914,0.48438
2021,baseball,2021-05-10,False,220.0,509084,Memphis,14,32,0.26841,0.54749,0.50104,0.46611
2021,baseball,2021-05-10,False,55.0,509085,Mercer,30,17,0.63657,0.51499,0.50461,0.54279
2021,baseball,2021-05-10,False,236.0,508931,Merrimack,15,19,0.42988,0.46585,0.46571,0.45682
2021,baseball,2021-05-10,False,22.0,509087,Miami (FL),27,15,0.65385,0.54893,0.54836,0.57502
2021,baseball,2021-05-10,False,196.0,509086,Miami (OH),21,22,0.51991,0.44406,0.50163,0.47741
2021,baseball,2021-05-10,False,104.0,509089,Michigan,23,12,0.65479,0.4499,0.51796,0.51814
2021,baseball,2021-05-10,False,255.0,509088,Michigan St.,13,22,0.35735,0.4678,0.49108,0.44601
2021,baseball,2021-05-10,False,215.0,509090,Middle Tenn.,21,25,0.46101,0.44849,0.51563,0.4684
2021,baseball,2021-05-10,False,246.0,508925,Milwaukee,17,26,0.3995,0.46439,0.47285,0.45028
2021,baseball,2021-05-10,False,278.0,509091,Minnesota,4,26,0.09722,0.53146,0.47214,0.40807
2021,baseball,2021-05-10,False,2.0,509092,Mississippi St.,35,11,0.72642,0.60267,0.53402,0.61644
2021,baseball,2021-05-10,False,293.0,509093,Mississippi Val.,0,20,0.0,0.46112,0.42744,0.33742
2021,baseball,2021-05-10,False,136.0,509095,Missouri,12,32,0.29032,0.59489,0.53082,0.50273
2021,baseball,2021-05-10,False,94.0,509181,Missouri St.,16,19,0.48256,0.55208,0.50504,0.52294
2021,baseball,2021-05-10,False,67.0,509096,Monmouth,19,9,0.676,0.47723,0.513,0.53586
2021,baseball,2021-05-10,False,116.0,509097,Morehead St.,23,19,0.59115,0.48051,0.49322,0.51135
2021,baseball,2021-05-10,False,290.0,509098,Mount St. Mary's,9,24,0.22936,0.43459,0.43787,0.3841
2021,baseball,2021-05-10,False,125.0,509099,Murray St.,26,20,0.5933,0.46539,0.5021,0.50655
2021,baseball,2021-05-10,False,259.0,509116,N.C. A&T,18,32,0.40089,0.44674,0.47438,0.44219
2021,baseball,2021-05-10,False,234.0,509117,N.C. Central,21,18,0.56098,0.40174,0.46457,0.45726
2021,baseball,2021-05-10,False,41.0,509118,NC State,22,14,0.57949,0.55459,0.536,0.55617
2021,baseball,2021-05-10,False,254.0,509123,NIU,12,30,0.29457,0.51378,0.46425,0.4466
2021,baseball,2021-05-10,False,144.0,509109,NJIT,17,21,0.51786,0.49463,0.47939,0.49663
2021,baseball,2021-05-10,False,247.0,508904,Navy,16,13,0.52918,0.40052,0.47045,0.45017
2021,baseball,2021-05-10,False,77.0,509105,Nebraska,22,11,0.67246,0.46876,0.51937,0.53234
2021,baseball,2021-05-10,False,40.0,509108,Nevada,18,16,0.58065,0.5688,0.50799,0.55656
2021,baseball,2021-05-10,False,214.0,509111,New Mexico,9,23,0.30216,0.53286,0.50779,0.46892
2021,baseball,2021-05-10,False,224.0,509110,New Mexico St.,19,27,0.4375,0.46262,0.49613,0.46472
2021,baseball,2021-05-10,False,156.0,509112,New Orleans,27,21,0.51875,0.47308,0.49987,0.49119
2021,baseball,2021-05-10,False,124.0,509113,Niagara,17,15,0.56748,0.47515,0.50879,0.50664
2021,baseball,2021-05-10,False,228.0,509114,Nicholls,20,27,0.40275,0.47689,0.49045,0.46175
2021,baseball,2021-05-10,False,262.0,509115,Norfolk St.,19,24,0.43794,0.43256,0.45232,0.43884
2021,baseball,2021-05-10,False,281.0,508952,North Ala.,7,38,0.14842,0.48719,0.48221,0.40125
2021,baseball,2021-05-10,False,48.0,509101,North Carolina,21,21,0.47244,0.58982,0.53626,0.54708
2021,baseball,2021-05-10,False,80.0,509119,North Dakota St.,32,14,0.75424,0.43242,0.50295,0.53051
2021,baseball,2021-05-10,False,126.0,508942,North Florida,18,20,0.51337,0.4972,0.51645,0.50606
2021,baseball,2021-05-10,False,29.0,509121,Northeastern,27,6,0.80645,0.47258,0.52925,0.57021
2021,baseball,2021-05-10,False,276.0,509122,Northern Colo.,11,28,0.26171,0.46581,0.45868,0.413
2021,baseball,2021-05-10,False,260.0,509124,Northern Ky.,15,25,0.3973,0.44733,0.47066,0.44065
2021,baseball,2021-05-10,False,207.0,509126,Northwestern,12,16,0.45,0.46889,0.49939,0.47179
2021,baseball,2021-05-10,False,150.0,509125,Northwestern St.,25,21,0.52523,0.47437,0.49647,0.49261
2021,baseball,2021-05-10,False,12.0,509127,Notre Dame,25,10,0.69452,0.54772,0.55656,0.58663
2021,baseball,2021-05-10,False,267.0,509128,Oakland,15,24,0.44186,0.38926,0.4795,0.42497
2021,baseball,2021-05-10,False,182.0,509130,Ohio,24,17,0.55703,0.44136,0.49036,0.48253
2021,baseball,2021-05-10,False,66.0,509129,Ohio St.,17,14,0.52708,0.56621,0.49022,0.53743
2021,baseball,2021-05-10,False,73.0,509132,Oklahoma,24,22,0.48869,0.55733,0.53091,0.53356
2021,baseball,2021-05-10,False,20.0,509131,Oklahoma St.,27,15,0.6124,0.58704,0.53033,0.5792
2021,baseball,2021-05-10,False,14.0,509133,Old Dominion,33,13,0.70312,0.56658,0.50969,0.58649
2021,baseball,2021-05-10,False,11.0,509094,Ole Miss,33,14,0.66346,0.57793,0.54165,0.59024
2021,baseball,2021-05-10,False,179.0,509106,Omaha,19,19,0.48286,0.47589,0.49767,0.48308
2021,baseball,2021-05-10,False,139.0,509134,Oral Roberts,23,19,0.52619,0.48367,0.50966,0.5008
2021,baseball,2021-05-10,False,10.0,509136,Oregon,30,11,0.72063,0.56425,0.52315,0.59307
2021,baseball,2021-05-10,False,26.0,509135,Oregon St.,31,15,0.66518,0.55253,0.51621,0.57161
2021,baseball,2021-05-10,False,193.0,509137,Pacific,14,28,0.36318,0.53538,0.48094,0.47872
2021,baseball,2021-05-10,False,121.0,509140,Penn,6,8,0.38571,0.61597,0.41314,0.5077
2021,baseball,2021-05-10,False,158.0,509139,Penn St.,13,20,0.40498,0.5338,0.4881,0.49017
2021,baseball,2021-05-10,False,131.0,509141,Pepperdine,15,21,0.45833,0.53798,0.48573,0.50501
2021,baseball,2021-05-10,False,30.0,509142,Pittsburgh,22,13,0.61143,0.55884,0.54679,0.56898
2021,baseball,2021-05-10,False,206.0,509143,Portland,21,21,0.50714,0.4298,0.52203,0.47219
2021,baseball,2021-05-10,False,279.0,509144,Prairie View,12,16,0.48,0.34637,0.45734,0.40752
2021,baseball,2021-05-10,False,202.0,508939,Presbyterian,14,19,0.44224,0.4852,0.48715,0.47495
2021,baseball,2021-05-10,False,,509145,Princeton,0,0,0.5,0.5,0.5,0.5
2021,baseball,2021-05-10,False,184.0,509146,Purdue,11,20,0.36615,0.53628,0.48811,0.4817
2021,baseball,2021-05-10,False,271.0,509052,Purdue Fort Wayne,10,28,0.26857,0.47507,0.46664,0.42134
2021,baseball,2021-05-10,False,237.0,509147,Quinnipiac,4,18,0.17895,0.59502,0.45786,0.45671
2021,baseball,2021-05-10,False,174.0,509148,Radford,18,21,0.43902,0.50925,0.47853,0.48401
2021,baseball,2021-05-10,False,62.0,509149,Rhode Island,20,20,0.56818,0.54179,0.50441,0.53904
2021,baseball,2021-05-10,False,198.0,509150,Rice,21,27,0.42038,0.48909,0.50962,0.47705
2021,baseball,2021-05-10,False,256.0,509151,Richmond,16,12,0.47328,0.40272,0.50335,0.44552
2021,baseball,2021-05-10,False,115.0,509152,Rider,18,16,0.56129,0.49068,0.50575,0.5121
2021,baseball,2021-05-10,False,85.0,509153,Rutgers,17,16,0.53444,0.54278,0.49478,0.52869
2021,baseball,2021-05-10,False,205.0,509185,SFA,16,27,0.39848,0.50045,0.49338,0.47319
2021,baseball,2021-05-10,False,195.0,509178,SIUE,22,20,0.53234,0.44005,0.49917,0.4779
2021,baseball,2021-05-10,False,146.0,508988,Sacramento St.,28,18,0.62174,0.43164,0.49778,0.4957
2021,baseball,2021-05-10,False,153.0,509154,Sacred Heart,19,20,0.55191,0.47176,0.47155,0.49175
2021,baseball,2021-05-10,False,183.0,509157,Saint Joseph's,15,15,0.49,0.48503,0.46898,0.48226
2021,baseball,2021-05-10,False,213.0,509158,Saint Louis,15,28,0.34382,0.52665,0.48534,0.47062
2021,baseball,2021-05-10,False,178.0,509159,Saint Mary's (CA),21,22,0.49169,0.47209,0.49676,0.48316
2021,baseball,2021-05-10,False,273.0,509160,Saint Peter's,3,19,0.09545,0.55928,0.45376,0.41694
2021,baseball,2021-05-10,False,101.0,509161,Sam Houston,22,19,0.52742,0.52297,0.50376,0.51928
2021,baseball,2021-05-10,False,76.0,509162,Samford,27,19,0.61005,0.50246,0.51545,0.5326
2021,baseball,2021-05-10,False,68.0,509164,San Diego,29,10,0.73219,0.44554,0.51838,0.53541
2021,baseball,2021-05-10,False,107.0,509163,San Diego St.,25,12,0.63746,0.45519,0.51812,0.51649
2021,baseball,2021-05-10,False,120.0,509165,San Francisco,20,21,0.50653,0.51102,0.50327,0.50796
2021,baseball,2021-05-10,False,245.0,509166,San Jose St.,6,17,0.28708,0.51911,0.48152,0.4517
2021,baseball,2021-05-10,False,200.0,509167,Santa Clara,14,27,0.33898,0.53378,0.49676,0.47582
2021,baseball,2021-05-10,False,177.0,508940,Seattle U,13,26,0.37669,0.54282,0.47137,0.48343
2021,baseball,2021-05-10,False,108.0,509168,Seton Hall,21,17,0.59831,0.48052,0.50009,0.51486
2021,baseball,2021-05-10,False,264.0,509169,Siena,14,20,0.37419,0.42421,0.52431,0.43673
2021,baseball,2021-05-10,False,59.0,509170,South Alabama,26,17,0.61538,0.52113,0.50681,0.54111
2021,baseball,2021-05-10,False,13.0,509171,South Carolina,28,17,0.60401,0.59662,0.54888,0.58653
2021,baseball,2021-05-10,False,258.0,509172,South Dakota St.,11,25,0.36137,0.46502,0.48251,0.44348
2021,baseball,2021-05-10,False,148.0,509173,South Fla.,20,22,0.46766,0.49829,0.51018,0.4936
2021,baseball,2021-05-10,False,89.0,509174,Southeast Mo. St.,23,17,0.59137,0.50701,0.5044,0.52745
2021,baseball,2021-05-10,False,69.0,509175,Southeastern La.,28,17,0.63747,0.4998,0.50403,0.53527
2021,baseball,2021-05-10,False,106.0,509176,Southern California,20,21,0.44557,0.54842,0.52392,0.51658
2021,baseball,2021-05-10,False,99.0,509177,Southern Ill.,33,14,0.68471,0.43991,0.51498,0.51988
2021,baseball,2021-05-10,False,25.0,509179,Southern Miss.,33,15,0.65563,0.56542,0.50703,0.57338
2021,baseball,2021-05-10,False,277.0,509180,Southern U.,15,27,0.39024,0.40162,0.45689,0.41259
2021,baseball,2021-05-10,False,274.0,509155,St. Bonaventure,6,21,0.22989,0.48624,0.45392,0.41407
2021,baseball,2021-05-10,False,209.0,509156,St. John's (NY),15,18,0.41414,0.49079,0.49022,0.47148
2021,baseball,2021-05-10,False,16.0,509184,Stanford,26,10,0.71515,0.54117,0.53035,0.58196
2021,baseball,2021-05-10,False,147.0,509186,Stetson,24,20,0.54808,0.45618,0.51914,0.49489
2021,baseball,2021-05-10,False,118.0,509187,Stony Brook,24,15,0.57143,0.49046,0.4864,0.50969
2021,baseball,2021-05-10,False,5.0,508892,TCU,34,12,0.72545,0.59687,0.5276,0.6117
2021,baseball,2021-05-10,False,230.0,509348,Tarleton St.,20,31,0.43271,0.46024,0.48571,0.45972
2021,baseball,2021-05-10,False,8.0,509189,Tennessee,37,11,0.74242,0.55882,0.53761,0.59942
2021,baseball,2021-05-10,False,149.0,509188,Tennessee Tech,18,21,0.4958,0.49224,0.49101,0.49282
2021,baseball,2021-05-10,False,3.0,508896,Texas,38,12,0.7462,0.59069,0.53101,0.61465
2021,baseball,2021-05-10,False,64.0,508891,Texas A&M,27,23,0.49115,0.56497,0.53225,0.53833
2021,baseball,2021-05-10,False,289.0,508893,Texas Southern,11,33,0.27446,0.40177,0.46268,0.38517
2021,baseball,2021-05-10,False,164.0,509182,Texas St.,21,28,0.40044,0.52065,0.5116,0.48833
2021,baseball,2021-05-10,False,9.0,508894,Texas Tech,31,11,0.7019,0.57158,0.52853,0.5934
2021,baseball,2021-05-10,False,270.0,509002,The Citadel,11,32,0.2,0.49531,0.49864,0.42232
2021,baseball,2021-05-10,False,152.0,508898,Toledo,15,26,0.41643,0.54205,0.46798,0.49213
2021,baseball,2021-05-10,False,218.0,508899,Towson,18,30,0.41667,0.47889,0.49147,0.46648
2021,baseball,2021-05-10,False,122.0,508900,Troy,24,21,0.51852,0.49643,0.51906,0.50761
2021,baseball,2021-05-10,False,58.0,508901,Tulane,25,17,0.55473,0.55143,0.5095,0.54177
2021,baseball,2021-05-10,False,238.0,508958,UAB,16,33,0.26782,0.52982,0.49805,0.45637
2021,baseball,2021-05-10,False,163.0,508959,UAlbany,18,19,0.47411,0.50183,0.47649,0.48857
2021,baseball,2021-05-10,False,268.0,508991,UC Davis,12,33,0.20645,0.49709,0.49656,0.4243
2021,baseball,2021-05-10,False,28.0,508992,UC Irvine,29,15,0.6899,0.53858,0.51655,0.5709
2021,baseball,2021-05-10,False,219.0,508994,UC Riverside,14,25,0.36591,0.50152,0.49654,0.46637
2021,baseball,2021-05-10,False,168.0,509216,UC San Diego,15,25,0.38372,0.53886,0.48791,0.48734
2021,baseball,2021-05-10,False,60.0,508989,UC Santa Barbara,30,16,0.62115,0.50788,0.52153,0.53961
2021,baseball,2021-05-10,False,105.0,508998,UCF,23,25,0.49156,0.53257,0.51419,0.51772
2021,baseball,2021-05-10,False,32.0,508993,UCLA,27,15,0.63281,0.54723,0.53014,0.56435
2021,baseball,2021-05-10,False,44.0,509006,UConn,23,15,0.66272,0.50916,0.52948,0.55263
2021,baseball,2021-05-10,False,129.0,509049,UIC,21,16,0.56403,0.48586,0.48553,0.50532
2021,baseball,2021-05-10,False,217.0,508943,UIW,20,25,0.44784,0.46488,0.49087,0.46712
2021,baseball,2021-05-10,False,134.0,509120,ULM,22,22,0.49626,0.5099,0.49748,0.50338
2021,baseball,2021-05-10,False,240.0,509079,UMBC,16,20,0.42529,0.45892,0.48004,0.45579
2021,baseball,2021-05-10,False,,509081,UMES,0,0,0.5,0.5,0.5,0.5
2021,baseball,2021-05-10,False,169.0,509073,UMass Lowell,15,24,0.44,0.51653,0.47543,0.48712
2021,baseball,2021-05-10,False,251.0,509100,UNC Asheville,15,26,0.36544,0.46906,0.48806,0.4479
2021,baseball,2021-05-10,False,92.0,509103,UNC Greensboro,24,21,0.55102,0.51759,0.50976,0.52399
2021,baseball,2021-05-10,False,98.0,509104,UNCW,26,16,0.57222,0.49729,0.51598,0.52069
2021,baseball,2021-05-10,False,102.0,509107,UNLV,16,11,0.56621,0.49244,0.52537,0.51912
2021,baseball,2021-05-10,False,33.0,508945,USC Upstate,33,10,0.79653,0.47962,0.50135,0.56428
2021,baseball,2021-05-10,False,141.0,508895,UT Arlington,23,25,0.48802,0.49753,0.51493,0.4995
2021,baseball,2021-05-10,False,222.0,509190,UT Martin,15,26,0.4414,0.46981,0.47958,0.46515
2021,baseball,2021-05-10,False,158.0,509138,UTRGV,25,21,0.53448,0.46582,0.49455,0.49017
2021,baseball,2021-05-10,False,88.0,508897,UTSA,21,21,0.50714,0.5423,0.51824,0.5275
2021,baseball,2021-05-10,False,191.0,508905,Utah,12,26,0.33728,0.52744,0.52521,0.47934
2021,baseball,2021-05-10,False,243.0,509412,Utah Tech,15,30,0.34815,0.49534,0.47591,0.45369
2021,baseball,2021-05-10,False,286.0,508951,Utah Valley,9,38,0.20713,0.45543,0.46728,0.39632
2021,baseball,2021-05-10,False,37.0,508909,VCU,32,14,0.73023,0.50029,0.51246,0.56082
2021,baseball,2021-05-10,False,229.0,508910,VMI,13,27,0.31186,0.52194,0.4898,0.46138
2021,baseball,2021-05-10,False,167.0,508906,Valparaiso,13,25,0.41562,0.51759,0.50067,0.48787
2021,baseball,2021-05-10,False,6.0,508907,Vanderbilt,34,10,0.75248,0.56986,0.54701,0.6098
2021,baseball,2021-05-10,False,96.0,508908,Villanova,18,11,0.63273,0.46997,0.51294,0.5214
2021,baseball,2021-05-10,False,46.0,508912,Virginia,22,21,0.48712,0.59354,0.52887,0.55076
2021,baseball,2021-05-10,False,47.0,508911,Virginia Tech,27,17,0.58178,0.53278,0.54558,0.54823
2021,baseball,2021-05-10,False,280.0,508913,Wagner,9,21,0.33654,0.41263,0.45796,0.40494
2021,baseball,2021-05-10,False,83.0,508914,Wake Forest,17,23,0.40863,0.59242,0.52404,0.52938
2021,baseball,2021-05-10,False,187.0,508916,Washington,17,24,0.34165,0.53077,0.52078,0.48099
2021,baseball,2021-05-10,False,63.0,508915,Washington St.,23,19,0.57306,0.52676,0.52748,0.53852
2021,baseball,2021-05-10,False,114.0,508917,West Virginia,17,23,0.39948,0.55914,0.53177,0.51238
2021,baseball,2021-05-10,False,81.0,508918,Western Caro.,22,17,0.54902,0.53505,0.5015,0.53015
2021,baseball,2021-05-10,False,248.0,508919,Western Ill.,10,26,0.30864,0.50725,0.47174,0.44872
2021,baseball,2021-05-10,False,165.0,508920,Western Ky.,24,24,0.46053,0.48529,0.52218,0.48832
2021,baseball,2021-05-10,False,231.0,508921,Western Mich.,17,21,0.4691,0.44144,0.48476,0.45919
2021,baseball,2021-05-10,False,53.0,508922,Wichita St.,25,18,0.5875,0.53731,0.5117,0.54345
2021,baseball,2021-05-10,False,185.0,508923,William & Mary,12,25,0.31487,0.56083,0.48969,0.48156
2021,baseball,2021-05-10,False,233.0,508924,Winthrop,15,23,0.38684,0.47529,0.49166,0.45727
2021,baseball,2021-05-10,False,100.0,508944,Wofford,30,16,0.65558,0.45409,0.51524,0.51975
2021,baseball,2021-05-10,False,27.0,508926,Wright St.,25,11,0.74203,0.52612,0.48997,0.57106
2021,baseball,2021-05-10,False,103.0,508927,Xavier,19,21,0.50524,0.53655,0.49668,0.51875
2021,baseball,2021-05-10,False,,508928,Yale,0,0,0.5,0.5,0.5,0.5
2021,baseball,2021-05-10,False,128.0,508929,Youngstown St.,26,21,0.59459,0.46974,0.4877,0.50544
2021,baseball,2021-05-17,False,182.0,508948,A&M-Corpus Christi,24,27,0.44156,0.49129,0.50133,0.48136
2021,baseball,2021-05-17,False,87.0,508954,Abilene Christian,31,18,0.63715,0.48879,0.49475,0.52737
2021,baseball,2021-05-17,False,42.0,508902,Air Force,24,18,0.624,0.53727,0.52148,0.555
2021,baseball,2021-05-17,False,277.0,508890,Akron,14,32,0.25229,0.45786,0.4797,0.41193
2021,baseball,2021-05-17,False,27.0,508957,Alabama,29,19,0.57675,0.58202,0.5329,0.56843
2021,baseball,2021-05-17,False,285.0,508955,Alabama A&M,9,18,0.3253,0.40164,0.45814,0.39668
2021,baseball,2021-05-17,False,229.0,508956,Alabama St.,23,17,0.53141,0.43236,0.46149,0.46441
2021,baseball,2021-05-17,False,284.0,508960,Alcorn,6,18,0.28571,0.43174,0.43825,0.39686
2021,baseball,2021-05-17,False,179.0,508961,App State,18,28,0.42233,0.50192,0.50578,0.48299
2021,baseball,2021-05-17,False,6.0,508963,Arizona,35,13,0.70188,0.58583,0.52156,0.59877
2021,baseball,2021-05-17,False,31.0,508962,Arizona St.,30,16,0.61722,0.5655,0.52195,0.56755
2021,baseball,2021-05-17,False,286.0,508941,Ark.-Pine Bluff,8,30,0.26513,0.435,0.44648,0.3954
2021,baseball,2021-05-17,False,1.0,508965,Arkansas,39,10,0.78261,0.60747,0.54088,0.63461
2021,baseball,2021-05-17,False,174.0,508964,Arkansas St.,17,27,0.43264,0.50008,0.50897,0.48544
2021,baseball,2021-05-17,False,141.0,508903,Army West Point,26,22,0.55556,0.48281,0.47196,0.49828
2021,baseball,2021-05-17,False,76.0,508967,Auburn,22,25,0.42888,0.57509,0.53888,0.52948
2021,baseball,2021-05-17,False,218.0,508968,Austin Peay,20,30,0.40122,0.4901,0.48898,0.4676
2021,baseball,2021-05-17,False,135.0,508977,BYU,21,25,0.52392,0.48556,0.5094,0.50111
2021,baseball,2021-05-17,False,49.0,508969,Ball St.,32,16,0.70108,0.49629,0.50266,0.54908
2021,baseball,2021-05-17,False,34.0,508971,Baylor,30,16,0.64232,0.55245,0.52038,0.5669
2021,baseball,2021-05-17,False,271.0,509202,Bellarmine,13,34,0.26457,0.47314,0.47608,0.42173
2021,baseball,2021-05-17,False,234.0,508946,Belmont,20,28,0.41553,0.46832,0.49262,0.4612
2021,baseball,2021-05-17,False,,508972,Bethune-Cookman,0,0,0.5,0.5,0.5,0.5
2021,baseball,2021-05-17,False,175.0,508973,Binghamton,15,17,0.50637,0.47702,0.48055,0.48524
2021,baseball,2021-05-17,False,96.0,508974,Boston College,20,25,0.45475,0.54728,0.53366,0.52074
2021,baseball,2021-05-17,False,241.0,508975,Bowling Green,14,29,0.38724,0.4788,0.46996,0.4537
2021,baseball,2021-05-17,False,91.0,508976,Bradley,18,19,0.50284,0.55354,0.48761,0.52438
2021,baseball,2021-05-17,False,,508978,Brown,0,0,0.5,0.5,0.5,0.5
2021,baseball,2021-05-17,False,89.0,508979,Bryant,24,12,0.7069,0.46066,0.47849,0.52668
2021,baseball,2021-05-17,False,248.0,508980,Bucknell,11,22,0.33968,0.50531,0.45192,0.45055
2021,baseball,2021-05-17,False,262.0,508981,Butler,11,22,0.30159,0.48082,0.48877,0.438
2021,baseball,2021-05-17,False,193.0,508983,CSU Bakersfield,19,16,0.52161,0.43713,0.511,0.47672
2021,baseball,2021-05-17,False,113.0,508987,CSUN,20,16,0.53763,0.5088,0.50315,0.51459
2021,baseball,2021-05-17,False,167.0,508982,Cal Poly,24,24,0.46753,0.48576,0.51382,0.48822
2021,baseball,2021-05-17,False,160.0,508985,Cal St. Fullerton,19,28,0.41866,0.5195,0.50057,0.48956
2021,baseball,2021-05-17,False,104.0,508990,California,26,22,0.52444,0.5134,0.52022,0.51787
2021,baseball,2021-05-17,False,118.0,508953,California Baptist,35,13,0.74473,0.41004,0.48947,0.51357
2021,baseball,2021-05-17,False,38.0,508995,Campbell,30,14,0.68317,0.53072,0.49509,0.55992
2021,baseball,2021-05-17,False,98.0,508996,Canisius,17,13,0.58712,0.48549,0.52263,0.52019
2021,baseball,2021-05-17,False,207.0,508930,Central Ark.,21,26,0.45995,0.4686,0.49731,0.47362
2021,baseball,2021-05-17,False,129.0,508997,Central Conn. St.,22,11,0.65476,0.45151,0.47196,0.50743
2021,baseball,2021-05-17,False,64.0,508999,Central Mich.,32,16,0.71308,0.47108,0.49058,0.53646
2021,baseball,2021-05-17,False,261.0,508970,Charleston So.,15,26,0.34177,0.46032,0.49412,0.43913
2021,baseball,2021-05-17,False,23.0,509102,Charlotte,37,16,0.69979,0.53242,0.5306,0.57381
2021,baseball,2021-05-17,False,90.0,509001,Cincinnati,25,24,0.53348,0.52623,0.51385,0.52495
2021,baseball,2021-05-17,False,51.0,509003,Clemson,24,23,0.49403,0.57224,0.54365,0.54554
2021,baseball,2021-05-17,False,105.0,509004,Coastal Carolina,22,23,0.49217,0.53212,0.51443,0.51771
2021,baseball,2021-05-17,False,145.0,508933,Col. of Charleston,22,21,0.49406,0.48904,0.50432,0.49411
2021,baseball,2021-05-17,False,,509005,Columbia,0,0,0.5,0.5,0.5,0.5
2021,baseball,2021-05-17,False,292.0,509007,Coppin St.,10,29,0.30025,0.36792,0.43796,0.36851
2021,baseball,2021-05-17,False,,509008,Cornell,0,0,0.5,0.5,0.5,0.5
2021,baseball,2021-05-17,False,79.0,509009,Creighton,21,11,0.71959,0.4438,0.50854,0.52893
2021,baseball,2021-05-17,False,56.0,508934,DBU,31,13,0.60396,0.52068,0.51043,0.53894
2021,baseball,2021-05-17,False,,509010,Dartmouth,0,0,0.5,0.5,0.5,0.5
2021,baseball,2021-05-17,False,159.0,509011,Davidson,24,22,0.4987,0.47933,0.50098,0.48959
2021,baseball,2021-05-17,False,172.0,509012,Dayton,18,25,0.41798,0.52416,0.47812,0.48611
2021,baseball,2021-05-17,False,224.0,509014,Delaware,12,22,0.34177,0.52393,0.47445,0.46602
2021,baseball,2021-05-17,False,283.0,509013,Delaware St.,15,26,0.39356,0.37989,0.43694,0.39757
2021,baseball,2021-05-17,False,44.0,509015,Duke,24,20,0.53571,0.57385,0.53351,0.55423
2021,baseball,2021-05-17,False,173.0,509017,ETSU,22,24,0.47706,0.48083,0.50458,0.48582
2021,baseball,2021-05-17,False,10.0,509016,East Carolina,36,11,0.75184,0.54358,0.5291,0.59203
2021,baseball,2021-05-17,False,157.0,509018,Eastern Ill.,23,21,0.55069,0.46158,0.48755,0.49035
2021,baseball,2021-05-17,False,197.0,509019,Eastern Ky.,20,29,0.40964,0.49844,0.49643,0.47574
2021,baseball,2021-05-17,False,220.0,509020,Eastern Mich.,20,22,0.51852,0.432,0.48736,0.46747
2021,baseball,2021-05-17,False,131.0,508935,Elon,19,19,0.4564,0.52205,0.51519,0.50392
2021,baseball,2021-05-17,False,165.0,509021,Evansville,26,24,0.48936,0.47579,0.51231,0.48831
2021,baseball,2021-05-17,False,291.0,509023,FDU,8,26,0.19255,0.43138,0.44584,0.37528
2021,baseball,2021-05-17,False,60.0,508950,FGCU,27,18,0.60667,0.51718,0.50925,0.53757
2021,baseball,2021-05-17,False,156.0,509026,FIU,20,30,0.3834,0.53721,0.50473,0.49064
2021,baseball,2021-05-17,False,3.0,509022,Fairfield,33,1,0.95724,0.48489,0.52465,0.61291
2021,baseball,2021-05-17,False,71.0,509025,Fla. Atlantic,29,23,0.55315,0.52652,0.52374,0.53248
2021,baseball,2021-05-17,False,20.0,509028,Florida,35,16,0.65079,0.55428,0.53929,0.57466
2021,baseball,2021-05-17,False,225.0,509024,Florida A&M,21,32,0.39301,0.50631,0.45731,0.46574
2021,baseball,2021-05-17,False,48.0,509027,Florida St.,28,19,0.54818,0.55762,0.53705,0.55012
2021,baseball,2021-05-17,False,219.0,509029,Fordham,21,18,0.504,0.43921,0.48781,0.46756
2021,baseball,2021-05-17,False,189.0,508984,Fresno St.,16,22,0.43478,0.48104,0.5138,0.47766
2021,baseball,2021-05-17,False,81.0,509034,Ga. Southern,29,20,0.58263,0.50599,0.51915,0.52844
2021,baseball,2021-05-17,False,100.0,508936,Gardner-Webb,26,19,0.58391,0.50019,0.49417,0.51961
2021,baseball,2021-05-17,False,268.0,509031,George Mason,12,27,0.29752,0.46802,0.48216,0.42893
2021,baseball,2021-05-17,False,128.0,509032,George Washington,25,14,0.57623,0.48834,0.48317,0.50902
2021,baseball,2021-05-17,False,263.0,509033,Georgetown,5,21,0.18304,0.5423,0.48131,0.43724
2021,baseball,2021-05-17,False,40.0,509037,Georgia,29,20,0.56077,0.5701,0.53364,0.55865
2021,baseball,2021-05-17,False,158.0,509035,Georgia St.,15,35,0.31681,0.56232,0.51735,0.4897
2021,baseball,2021-05-17,False,45.0,509036,Georgia Tech,25,20,0.54409,0.56525,0.53831,0.55322
2021,baseball,2021-05-17,False,17.0,509038,Gonzaga,30,13,0.74109,0.52778,0.51384,0.57762
2021,baseball,2021-05-17,False,287.0,509039,Grambling,15,25,0.38182,0.36802,0.45947,0.39433
2021,baseball,2021-05-17,False,101.0,508937,Grand Canyon,34,17,0.65107,0.45747,0.51155,0.51939
2021,baseball,2021-05-17,False,214.0,509040,Hartford,16,18,0.43624,0.48055,0.48076,0.46953
2021,baseball,2021-05-17,False,,509041,Harvard,0,0,0.5,0.5,0.5,0.5
2021,baseball,2021-05-17,False,108.0,509042,Hawaii,23,19,0.53704,0.51106,0.50714,0.51658
2021,baseball,2021-05-17,False,246.0,508947,High Point,14,28,0.32874,0.49877,0.48104,0.45183
2021,baseball,2021-05-17,False,177.0,509043,Hofstra,17,22,0.44353,0.50669,0.47696,0.48347
2021,baseball,2021-05-17,False,269.0,509044,Holy Cross,10,20,0.33333,0.44618,0.47454,0.42506
2021,baseball,2021-05-17,False,215.0,509046,Houston,19,28,0.3978,0.48103,0.51694,0.4692
2021,baseball,2021-05-17,False,266.0,509045,Houston Christian,12,36,0.27027,0.49217,0.48845,0.43576
2021,baseball,2021-05-17,False,153.0,509048,Illinois,18,19,0.49105,0.48595,0.50126,0.49105
2021,baseball,2021-05-17,False,154.0,509047,Illinois St.,21,30,0.42675,0.51377,0.50966,0.49099
2021,baseball,2021-05-17,False,85.0,509051,Indiana,24,12,0.69091,0.45118,0.51744,0.52768
2021,baseball,2021-05-17,False,35.0,509050,Indiana St.,25,15,0.69359,0.52591,0.52112,0.56663
2021,baseball,2021-05-17,False,208.0,509053,Iona,3,11,0.25781,0.58182,0.47267,0.47353
2021,baseball,2021-05-17,False,80.0,509054,Iowa,22,16,0.56417,0.52685,0.49715,0.52875
2021,baseball,2021-05-17,False,86.0,509055,Jackson St.,31,8,0.82633,0.40484,0.47391,0.52748
2021,baseball,2021-05-17,False,258.0,509057,Jacksonville,11,31,0.25845,0.51047,0.49461,0.4435
2021,baseball,2021-05-17,False,136.0,509056,Jacksonville St.,24,25,0.48614,0.51276,0.49264,0.50107
2021,baseball,2021-05-17,False,245.0,509058,James Madison,11,15,0.42411,0.43019,0.52316,0.45191
2021,baseball,2021-05-17,False,59.0,509060,Kansas,28,24,0.52505,0.55904,0.50854,0.53792
2021,baseball,2021-05-17,False,103.0,509059,Kansas St.,29,20,0.56145,0.49451,0.52135,0.51795
2021,baseball,2021-05-17,False,130.0,508938,Kennesaw St.,27,19,0.6055,0.45268,0.50876,0.5049
2021,baseball,2021-05-17,False,151.0,509061,Kent St.,24,23,0.5074,0.48411,0.49372,0.49233
2021,baseball,2021-05-17,False,67.0,509062,Kentucky,27,20,0.5079,0.54214,0.53986,0.53301
2021,baseball,2021-05-17,False,201.0,509068,LIU,18,12,0.62,0.40371,0.4739,0.47533
2021,baseball,2021-05-17,False,181.0,509074,LMU (CA),18,28,0.39908,0.50801,0.51448,0.4824
2021,baseball,2021-05-17,False,19.0,509070,LSU,32,19,0.56315,0.6055,0.52777,0.57548
2021,baseball,2021-05-17,False,217.0,509063,La Salle,32,17,0.64554,0.3544,0.51831,0.46816
2021,baseball,2021-05-17,False,249.0,509064,Lafayette,14,17,0.42525,0.45447,0.46614,0.45008
2021,baseball,2021-05-17,False,184.0,509065,Lamar University,22,20,0.50242,0.46367,0.48886,0.47965
2021,baseball,2021-05-17,False,185.0,509066,Lehigh,23,17,0.57177,0.43501,0.47232,0.47852
2021,baseball,2021-05-17,False,33.0,509067,Liberty,35,12,0.77088,0.49382,0.51143,0.56749
2021,baseball,2021-05-17,False,259.0,508949,Lipscomb,18,27,0.38571,0.44505,0.4953,0.44278
2021,baseball,2021-05-17,False,150.0,508966,Little Rock,20,26,0.47,0.49542,0.51012,0.49274
2021,baseball,2021-05-17,False,57.0,508986,Long Beach St.,21,14,0.61003,0.52028,0.50453,0.53878
2021,baseball,2021-05-17,False,270.0,509069,Longwood,17,29,0.37442,0.41692,0.47985,0.42203
2021,baseball,2021-05-17,False,109.0,509183,Louisiana,28,21,0.55432,0.4949,0.51967,0.51595
2021,baseball,2021-05-17,False,24.0,509071,Louisiana Tech,36,14,0.70624,0.5302,0.52195,0.57215
2021,baseball,2021-05-17,False,58.0,509072,Louisville,26,18,0.58673,0.51133,0.54548,0.53872
2021,baseball,2021-05-17,False,199.0,509075,Maine,19,18,0.55499,0.42646,0.49381,0.47543
2021,baseball,2021-05-17,False,226.0,509076,Manhattan,12,22,0.3354,0.5221,0.48319,0.4657
2021,baseball,2021-05-17,False,144.0,509077,Marist,17,9,0.64919,0.40508,0.52448,0.49596
2021,baseball,2021-05-17,False,252.0,509078,Marshall,10,35,0.22542,0.53197,0.50796,0.44933
2021,baseball,2021-05-17,False,92.0,509080,Maryland,24,14,0.62571,0.47645,0.51276,0.52285
2021,baseball,2021-05-17,False,161.0,509082,Massachusetts,13,26,0.41867,0.53344,0.47008,0.4889
2021,baseball,2021-05-17,False,162.0,509083,McNeese,26,26,0.48661,0.48856,0.49183,0.48889
2021,baseball,2021-05-17,False,233.0,509084,Memphis,16,34,0.27549,0.5336,0.5038,0.46162
2021,baseball,2021-05-17,False,62.0,509085,Mercer,33,18,0.63975,0.49838,0.51208,0.53715
2021,baseball,2021-05-17,False,228.0,508931,Merrimack,17,20,0.43662,0.4778,0.46595,0.46454
2021,baseball,2021-05-17,False,21.0,509087,Miami (FL),29,16,0.64508,0.55108,0.54863,0.57397
2021,baseball,2021-05-17,False,198.0,509086,Miami (OH),21,24,0.5034,0.45046,0.49793,0.47556
2021,baseball,2021-05-17,False,93.0,509089,Michigan,25,13,0.64541,0.46668,0.51078,0.52238
2021,baseball,2021-05-17,False,231.0,509088,Michigan St.,15,23,0.39474,0.4779,0.49777,0.46208
2021,baseball,2021-05-17,False,232.0,509090,Middle Tenn.,23,27,0.45168,0.43991,0.51603,0.46188
2021,baseball,2021-05-17,False,256.0,508925,Milwaukee,19,28,0.39503,0.45667,0.4741,0.44562
2021,baseball,2021-05-17,False,279.0,509091,Minnesota,4,26,0.09722,0.53396,0.47598,0.41028
2021,baseball,2021-05-17,False,8.0,509092,Mississippi St.,36,13,0.68928,0.57888,0.53572,0.59569
2021,baseball,2021-05-17,False,293.0,509093,Mississippi Val.,0,20,0.0,0.45517,0.42834,0.33467
2021,baseball,2021-05-17,False,119.0,509095,Missouri,14,33,0.32548,0.59734,0.53356,0.51343
2021,baseball,2021-05-17,False,123.0,509181,Missouri St.,17,22,0.47354,0.5328,0.50822,0.51184
2021,baseball,2021-05-17,False,50.0,509096,Monmouth,22,10,0.66901,0.50689,0.49998,0.5457
2021,baseball,2021-05-17,False,121.0,509097,Morehead St.,23,19,0.59115,0.48722,0.48574,0.51283
2021,baseball,2021-05-17,False,290.0,509098,Mount St. Mary's,9,27,0.20492,0.44556,0.44075,0.3842
2021,baseball,2021-05-17,False,124.0,509099,Murray St.,29,21,0.61354,0.46768,0.49739,0.51157
2021,baseball,2021-05-17,False,250.0,509116,N.C. A&T,22,32,0.43606,0.44027,0.48208,0.44967
2021,baseball,2021-05-17,False,194.0,509117,N.C. Central,25,18,0.59194,0.42436,0.46544,0.47652
2021,baseball,2021-05-17,False,26.0,509118,NC State,26,14,0.62385,0.55746,0.53677,0.56888
2021,baseball,2021-05-17,False,240.0,509123,NIU,14,32,0.32787,0.51159,0.46635,0.45435
2021,baseball,2021-05-17,False,140.0,509109,NJIT,20,22,0.52582,0.49279,0.48239,0.49845
2021,baseball,2021-05-17,False,254.0,508904,Navy,17,15,0.52465,0.39989,0.46925,0.44842
2021,baseball,2021-05-17,False,66.0,509105,Nebraska,25,11,0.69624,0.46155,0.51622,0.53389
2021,baseball,2021-05-17,False,30.0,509108,Nevada,21,17,0.60497,0.57866,0.50982,0.56803
2021,baseball,2021-05-17,False,222.0,509111,New Mexico,12,23,0.35117,0.50265,0.51163,0.46703
2021,baseball,2021-05-17,False,235.0,509110,New Mexico St.,19,31,0.38717,0.48697,0.47948,0.46015
2021,baseball,2021-05-17,False,149.0,509112,New Orleans,28,24,0.50973,0.48308,0.4954,0.49282
2021,baseball,2021-05-17,False,127.0,509113,Niagara,17,15,0.56748,0.48521,0.49998,0.50947
2021,baseball,2021-05-17,False,236.0,509114,Nicholls,20,31,0.37849,0.48466,0.48963,0.45936
2021,baseball,2021-05-17,False,264.0,509115,Norfolk St.,22,26,0.44798,0.42105,0.45835,0.43711
2021,baseball,2021-05-17,False,282.0,508952,North Ala.,7,39,0.14593,0.48585,0.48183,0.39986
2021,baseball,2021-05-17,False,46.0,509101,North Carolina,24,22,0.48434,0.59576,0.53281,0.55217
2021,baseball,2021-05-17,False,97.0,509119,North Dakota St.,36,15,0.74854,0.41282,0.50784,0.5205
2021,baseball,2021-05-17,False,134.0,508942,North Florida,19,21,0.51289,0.4908,0.51678,0.50281
2021,baseball,2021-05-17,False,37.0,509121,Northeastern,30,8,0.79518,0.46388,0.52882,0.56294
2021,baseball,2021-05-17,False,280.0,509122,Northern Colo.,11,32,0.24297,0.46692,0.46274,0.40989
2021,baseball,2021-05-17,False,255.0,509124,Northern Ky.,17,27,0.42195,0.44688,0.47527,0.44775
2021,baseball,2021-05-17,False,199.0,509126,Northwestern,12,18,0.42857,0.48892,0.49532,0.47543
2021,baseball,2021-05-17,False,170.0,509125,Northwestern St.,26,24,0.51489,0.46954,0.49525,0.48731
2021,baseball,2021-05-17,False,13.0,509127,Notre Dame,26,10,0.70556,0.54062,0.55484,0.58541
2021,baseball,2021-05-17,False,265.0,509128,Oakland,15,28,0.41205,0.4286,0.47576,0.43625
2021,baseball,2021-05-17,False,211.0,509130,Ohio,25,20,0.54258,0.42855,0.48579,0.47137
2021,baseball,2021-05-17,False,94.0,509129,Ohio St.,19,16,0.51393,0.54046,0.49256,0.52185
2021,baseball,2021-05-17,False,69.0,509132,Oklahoma,25,25,0.45979,0.56919,0.53183,0.5325
2021,baseball,2021-05-17,False,15.0,509131,Oklahoma St.,30,16,0.61557,0.59255,0.53067,0.58283
2021,baseball,2021-05-17,False,16.0,509133,Old Dominion,36,14,0.6971,0.55447,0.50689,0.57823
2021,baseball,2021-05-17,False,12.0,509094,Ole Miss,36,15,0.66,0.57962,0.53933,0.58964
2021,baseball,2021-05-17,False,205.0,509106,Omaha,19,22,0.43445,0.4838,0.49637,0.47461
2021,baseball,2021-05-17,False,126.0,509134,Oral Roberts,26,19,0.56645,0.48451,0.5073,0.51069
2021,baseball,2021-05-17,False,13.0,509136,Oregon,33,11,0.74645,0.53182,0.53155,0.58541
2021,baseball,2021-05-17,False,18.0,509135,Oregon St.,32,17,0.65474,0.5677,0.51369,0.57596
2021,baseball,2021-05-17,False,209.0,509137,Pacific,15,30,0.35172,0.52638,0.48606,0.47264
2021,baseball,2021-05-17,False,122.0,509140,Penn,6,8,0.38571,0.61733,0.42993,0.51258
2021,baseball,2021-05-17,False,155.0,509139,Penn St.,15,21,0.41379,0.52855,0.49292,0.49095
2021,baseball,2021-05-17,False,138.0,509141,Pepperdine,17,22,0.46253,0.523,0.48973,0.49957
2021,baseball,2021-05-17,False,41.0,509142,Pittsburgh,22,16,0.55013,0.56757,0.54495,0.55755
2021,baseball,2021-05-17,False,212.0,509143,Portland,22,24,0.47881,0.44413,0.51477,0.47046
2021,baseball,2021-05-17,False,281.0,509144,Prairie View,12,16,0.48,0.35162,0.45582,0.40977
2021,baseball,2021-05-17,False,183.0,508939,Presbyterian,17,20,0.4957,0.46762,0.49311,0.48101
2021,baseball,2021-05-17,False,,509145,Princeton,0,0,0.5,0.5,0.5,0.5
2021,baseball,2021-05-17,False,195.0,509146,Purdue,11,24,0.33148,0.54359,0.48728,0.47648
2021,baseball,2021-05-17,False,274.0,509052,Purdue Fort Wayne,10,32,0.23383,0.48675,0.46362,0.41774
2021,baseball,2021-05-17,False,178.0,509147,Quinnipiac,7,21,0.268,0.60069,0.46397,0.48334
2021,baseball,2021-05-17,False,169.0,509148,Radford,22,21,0.48635,0.4913,0.48171,0.48767
2021,baseball,2021-05-17,False,78.0,509149,Rhode Island,23,23,0.53641,0.53867,0.50224,0.529
2021,baseball,2021-05-17,False,180.0,509150,Rice,23,29,0.41487,0.50376,0.50789,0.48257
2021,baseball,2021-05-17,False,239.0,509151,Richmond,17,15,0.46284,0.43098,0.49609,0.45522
2021,baseball,2021-05-17,False,107.0,509152,Rider,18,16,0.56129,0.50222,0.50189,0.51691
2021,baseball,2021-05-17,False,110.0,509153,Rutgers,18,19,0.51365,0.5264,0.49626,0.51568
2021,baseball,2021-05-17,False,188.0,509185,SFA,19,28,0.41589,0.50158,0.49219,0.47781
2021,baseball,2021-05-17,False,191.0,509178,SIUE,23,23,0.5,0.45557,0.49707,0.47705
2021,baseball,2021-05-17,False,142.0,508988,Sacramento St.,31,19,0.63043,0.43182,0.497,0.49777
2021,baseball,2021-05-17,False,147.0,509154,Sacred Heart,20,22,0.54707,0.47837,0.46968,0.49337
2021,baseball,2021-05-17,False,152.0,509157,Saint Joseph's,17,17,0.50882,0.48537,0.48509,0.49116
2021,baseball,2021-05-17,False,203.0,509158,Saint Louis,16,28,0.35398,0.52632,0.49265,0.47482
2021,baseball,2021-05-17,False,187.0,509159,Saint Mary's (CA),23,24,0.47939,0.46822,0.49548,0.47783
2021,baseball,2021-05-17,False,278.0,509160,Saint Peter's,4,24,0.12687,0.5209,0.47637,0.41126
2021,baseball,2021-05-17,False,125.0,509161,Sam Houston,23,22,0.48718,0.52773,0.50089,0.51088
2021,baseball,2021-05-17,False,61.0,509162,Samford,30,20,0.61062,0.51197,0.51423,0.5372
2021,baseball,2021-05-17,False,74.0,509164,San Diego,29,10,0.73219,0.43576,0.51546,0.5298
2021,baseball,2021-05-17,False,116.0,509163,San Diego St.,25,15,0.59943,0.47263,0.51195,0.51416
2021,baseball,2021-05-17,False,137.0,509165,San Francisco,21,25,0.47477,0.51561,0.49513,0.50028
2021,baseball,2021-05-17,False,260.0,509166,San Jose St.,6,22,0.2459,0.51357,0.49144,0.44112
2021,baseball,2021-05-17,False,206.0,509167,Santa Clara,15,29,0.34773,0.52605,0.49588,0.47393
2021,baseball,2021-05-17,False,221.0,508940,Seattle U,13,30,0.35013,0.52226,0.4745,0.46729
2021,baseball,2021-05-17,False,111.0,509168,Seton Hall,23,19,0.57323,0.50046,0.48844,0.51565
2021,baseball,2021-05-17,False,257.0,509169,Siena,14,22,0.35802,0.45283,0.51133,0.44375
2021,baseball,2021-05-17,False,63.0,509170,South Alabama,28,18,0.6093,0.51703,0.50416,0.53688
2021,baseball,2021-05-17,False,11.0,509171,South Carolina,31,18,0.62921,0.59176,0.54739,0.59003
2021,baseball,2021-05-17,False,247.0,509172,South Dakota St.,12,28,0.36338,0.484,0.47557,0.45174
2021,baseball,2021-05-17,False,139.0,509173,South Fla.,22,24,0.48416,0.49892,0.5143,0.49907
2021,baseball,2021-05-17,False,83.0,509174,Southeast Mo. St.,25,18,0.60656,0.50355,0.49841,0.52802
2021,baseball,2021-05-17,False,88.0,509175,Southeastern La.,28,20,0.60648,0.4994,0.50179,0.52677
2021,baseball,2021-05-17,False,95.0,509176,Southern California,22,22,0.45024,0.55538,0.52254,0.52088
2021,baseball,2021-05-17,False,72.0,509177,Southern Ill.,36,16,0.69038,0.46533,0.50672,0.53194
2021,baseball,2021-05-17,False,28.0,509179,Southern Miss.,35,17,0.65517,0.55559,0.50723,0.56839
2021,baseball,2021-05-17,False,276.0,509180,Southern U.,15,27,0.39024,0.40144,0.45906,0.41305
2021,baseball,2021-05-17,False,272.0,509155,St. Bonaventure,6,21,0.22989,0.49324,0.45929,0.41891
2021,baseball,2021-05-17,False,186.0,509156,St. John's (NY),18,19,0.4723,0.4728,0.49535,0.47831
2021,baseball,2021-05-17,False,22.0,509184,Stanford,28,12,0.7033,0.53237,0.52726,0.57382
2021,baseball,2021-05-17,False,146.0,509186,Stetson,26,21,0.55378,0.45127,0.51971,0.494
2021,baseball,2021-05-17,False,114.0,509187,Stony Brook,26,16,0.58796,0.4914,0.48655,0.51433
2021,baseball,2021-05-17,False,5.0,508892,TCU,35,14,0.69023,0.59012,0.52744,0.59948
2021,baseball,2021-05-17,False,242.0,509348,Tarleton St.,20,35,0.39065,0.47209,0.4786,0.45336
2021,baseball,2021-05-17,False,9.0,509189,Tennessee,39,13,0.71116,0.56332,0.54018,0.59449
2021,baseball,2021-05-17,False,164.0,509188,Tennessee Tech,19,24,0.48593,0.48888,0.48965,0.48834
2021,baseball,2021-05-17,False,2.0,508896,Texas,38,12,0.7462,0.58825,0.52929,0.613
2021,baseball,2021-05-17,False,69.0,508891,Texas A&M,28,25,0.49061,0.5527,0.53401,0.5325
2021,baseball,2021-05-17,False,289.0,508893,Texas Southern,11,33,0.27446,0.40062,0.46255,0.38456
2021,baseball,2021-05-17,False,210.0,509182,Texas St.,21,31,0.36895,0.50295,0.51476,0.4724
2021,baseball,2021-05-17,False,7.0,508894,Texas Tech,33,12,0.70896,0.57247,0.53107,0.59624
2021,baseball,2021-05-17,False,267.0,509002,The Citadel,12,35,0.21099,0.50874,0.49627,0.43119
2021,baseball,2021-05-17,False,168.0,508898,Toledo,19,28,0.44472,0.51587,0.47509,0.48789
2021,baseball,2021-05-17,False,230.0,508899,Towson,20,32,0.41102,0.47197,0.50109,0.46401
2021,baseball,2021-05-17,False,132.0,508900,Troy,26,22,0.51852,0.49043,0.5148,0.50354
2021,baseball,2021-05-17,False,55.0,508901,Tulane,28,18,0.55963,0.54512,0.50672,0.53915
2021,baseball,2021-05-17,False,253.0,508958,UAB,18,35,0.29821,0.49632,0.50539,0.44906
2021,baseball,2021-05-17,False,166.0,508959,UAlbany,20,21,0.4914,0.48913,0.4834,0.48827
2021,baseball,2021-05-17,False,273.0,508991,UC Davis,13,36,0.21844,0.47687,0.50114,0.41833
2021,baseball,2021-05-17,False,29.0,508992,UC Irvine,33,15,0.70946,0.52221,0.5189,0.56819
2021,baseball,2021-05-17,False,213.0,508994,UC Riverside,14,29,0.34192,0.52191,0.49284,0.46965
2021,baseball,2021-05-17,False,192.0,509216,UC San Diego,18,26,0.40086,0.50608,0.49447,0.47687
2021,baseball,2021-05-17,False,54.0,508989,UC Santa Barbara,31,18,0.60575,0.52415,0.5133,0.54184
2021,baseball,2021-05-17,False,102.0,508998,UCF,24,28,0.48425,0.53741,0.51574,0.5187
2021,baseball,2021-05-17,False,31.0,508993,UCLA,30,16,0.64186,0.5506,0.52712,0.56755
2021,baseball,2021-05-17,False,39.0,509006,UConn,25,16,0.67385,0.52467,0.51597,0.55979
2021,baseball,2021-05-17,False,115.0,509049,UIC,25,16,0.61814,0.4741,0.49084,0.51429
2021,baseball,2021-05-17,False,223.0,508943,UIW,20,25,0.44784,0.46482,0.48798,0.46636
2021,baseball,2021-05-17,False,112.0,509120,ULM,24,23,0.51843,0.51934,0.50197,0.51477
2021,baseball,2021-05-17,False,243.0,509079,UMBC,17,22,0.40682,0.46322,0.48003,0.45332
2021,baseball,2021-05-17,False,,509081,UMES,0,0,0.5,0.5,0.5,0.5
2021,baseball,2021-05-17,False,176.0,509073,UMass Lowell,17,26,0.43133,0.51513,0.47563,0.4843
2021,baseball,2021-05-17,False,251.0,509100,UNC Asheville,15,30,0.33333,0.48935,0.48594,0.44949
2021,baseball,2021-05-17,False,75.0,509103,UNC Greensboro,26,23,0.55925,0.52368,0.51193,0.52963
2021,baseball,2021-05-17,False,82.0,509104,UNCW,29,17,0.58505,0.50367,0.52052,0.52823
2021,baseball,2021-05-17,False,52.0,509107,UNLV,19,11,0.60417,0.52865,0.51605,0.54438
2021,baseball,2021-05-17,False,43.0,508945,USC Upstate,34,13,0.73407,0.49392,0.49605,0.55449
2021,baseball,2021-05-17,False,143.0,508895,UT Arlington,24,27,0.46951,0.50054,0.51398,0.49614
2021,baseball,2021-05-17,False,227.0,509190,UT Martin,17,27,0.44626,0.46663,0.48191,0.46536
2021,baseball,2021-05-17,False,163.0,509138,UTRGV,28,21,0.55738,0.44996,0.49625,0.48839
2021,baseball,2021-05-17,False,73.0,508897,UTSA,22,24,0.4978,0.55675,0.51536,0.53166
2021,baseball,2021-05-17,False,196.0,508905,Utah,14,29,0.32737,0.52839,0.52165,0.47645
2021,baseball,2021-05-17,False,237.0,509412,Utah Tech,19,30,0.3903,0.48037,0.48269,0.45843
2021,baseball,2021-05-17,False,288.0,508951,Utah Valley,9,42,0.19497,0.45032,0.47135,0.39174
2021,baseball,2021-05-17,False,36.0,508909,VCU,32,14,0.73023,0.50872,0.51059,0.56456
2021,baseball,2021-05-17,False,216.0,508910,VMI,16,28,0.33649,0.52383,0.49161,0.46894
2021,baseball,2021-05-17,False,204.0,508906,Valparaiso,14,29,0.36939,0.51503,0.49949,0.47474
2021,baseball,2021-05-17,False,4.0,508907,Vanderbilt,36,12,0.73973,0.57356,0.54401,0.60771
2021,baseball,2021-05-17,False,106.0,508908,Villanova,19,13,0.58766,0.48644,0.50952,0.51751
2021,baseball,2021-05-17,False,47.0,508912,Virginia,25,21,0.51116,0.57777,0.53595,0.55066
2021,baseball,2021-05-17,False,53.0,508911,Virginia Tech,27,20,0.55457,0.53556,0.54479,0.54262
2021,baseball,2021-05-17,False,275.0,508913,Wagner,10,23,0.32464,0.44091,0.45881,0.41632
2021,baseball,2021-05-17,False,99.0,508914,Wake Forest,17,26,0.38795,0.58214,0.52712,0.51984
2021,baseball,2021-05-17,False,171.0,508916,Washington,17,27,0.32464,0.55214,0.5178,0.48668
2021,baseball,2021-05-17,False,68.0,508915,Washington St.,24,22,0.5523,0.52871,0.52199,0.53293
2021,baseball,2021-05-17,False,117.0,508917,West Virginia,22,23,0.44917,0.53721,0.53235,0.51398
2021,baseball,2021-05-17,False,84.0,508918,Western Caro.,23,19,0.52051,0.54579,0.49878,0.52772
2021,baseball,2021-05-17,False,244.0,508919,Western Ill.,10,26,0.30864,0.51619,0.47015,0.45279
2021,baseball,2021-05-17,False,148.0,508920,Western Ky.,25,27,0.4551,0.50023,0.51681,0.4931
2021,baseball,2021-05-17,False,202.0,508921,Western Mich.,20,22,0.48205,0.46724,0.48363,0.47504
2021,baseball,2021-05-17,False,65.0,508922,Wichita St.,27,20,0.56591,0.53231,0.50967,0.53505
2021,baseball,2021-05-17,False,190.0,508923,William & Mary,13,27,0.32703,0.54553,0.49015,0.47706
2021,baseball,2021-05-17,False,238.0,508924,Winthrop,17,25,0.38889,0.47408,0.48897,0.45651
2021,baseball,2021-05-17,False,77.0,508944,Wofford,32,18,0.6551,0.47427,0.51244,0.52902
2021,baseball,2021-05-17,False,25.0,508926,Wright St.,29,11,0.76139,0.51739,0.48451,0.57017
2021,baseball,2021-05-17,False,133.0,508927,Xavier,23,22,0.52246,0.49113,0.50923,0.50349
2021,baseball,2021-05-17,False,,508928,Yale,0,0,0.5,0.5,0.5,0.5
2021,baseball,2021-05-17,False,120.0,508929,Youngstown St.,29,21,0.63004,0.46641,0.48908,0.51298
2021,baseball,2021-05-24,False,185.0,508948,A&M-Corpus Christi,24,27,0.44156,0.48987,0.50122,0.48063
2021,baseball,2021-05-24,False,93.0,508954,Abilene Christian,34,19,0.63581,0.48094,0.49644,0.52354
2021,baseball,2021-05-24,False,55.0,508902,Air Force,24,21,0.56522,0.54072,0.51467,0.54033
2021,baseball,2021-05-24,False,278.0,508890,Akron,14,36,0.23707,0.46226,0.47885,0.41011
2021,baseball,2021-05-24,False,39.0,508957,Alabama,29,22,0.53131,0.58917,0.52934,0.55975
2021,baseball,2021-05-24,False,290.0,508955,Alabama A&M,9,20,0.30112,0.39964,0.44802,0.3871
2021,baseball,2021-05-24,False,244.0,508956,Alabama St.,23,19,0.50498,0.42602,0.45713,0.45354
2021,baseball,2021-05-24,False,289.0,508960,Alcorn,7,20,0.29078,0.4182,0.43252,0.38992
2021,baseball,2021-05-24,False,170.0,508961,App State,20,30,0.42152,0.50965,0.50675,0.48689
2021,baseball,2021-05-24,False,6.0,508963,Arizona,38,14,0.71245,0.57982,0.52371,0.59895
2021,baseball,2021-05-24,False,29.0,508962,Arizona St.,32,17,0.62971,0.55831,0.52464,0.56774
2021,baseball,2021-05-24,False,280.0,508941,Ark.-Pine Bluff,8,30,0.26513,0.45477,0.44961,0.40607
2021,baseball,2021-05-24,False,1.0,508965,Arkansas,42,10,0.7921,0.60366,0.53893,0.63459
2021,baseball,2021-05-24,False,179.0,508964,Arkansas St.,18,29,0.41527,0.5026,0.50716,0.48191
2021,baseball,2021-05-24,False,139.0,508903,Army West Point,26,22,0.55556,0.48599,0.46928,0.49921
2021,baseball,2021-05-24,False,98.0,508967,Auburn,25,26,0.46032,0.54101,0.54031,0.52066
2021,baseball,2021-05-24,False,208.0,508968,Austin Peay,22,31,0.42557,0.49257,0.48871,0.47485
2021,baseball,2021-05-24,False,151.0,508977,BYU,23,27,0.50873,0.47976,0.50732,0.49389
2021,baseball,2021-05-24,False,45.0,508969,Ball St.,34,18,0.69703,0.5048,0.49553,0.55054
2021,baseball,2021-05-24,False,40.0,508971,Baylor,31,18,0.6093,0.54472,0.52539,0.55603
2021,baseball,2021-05-24,False,275.0,509202,Bellarmine,13,36,0.25652,0.46729,0.47927,0.4176
2021,baseball,2021-05-24,False,223.0,508946,Belmont,22,30,0.41525,0.47696,0.49368,0.46572
2021,baseball,2021-05-24,False,,508972,Bethune-Cookman,0,0,0.5,0.5,0.5,0.5
2021,baseball,2021-05-24,False,178.0,508973,Binghamton,16,20,0.46111,0.49699,0.47842,0.48338
2021,baseball,2021-05-24,False,114.0,508974,Boston College,21,28,0.42685,0.54527,0.5315,0.51222
2021,baseball,2021-05-24,False,235.0,508975,Bowling Green,16,29,0.40618,0.47849,0.47379,0.45924
2021,baseball,2021-05-24,False,109.0,508976,Bradley,20,20,0.50396,0.53378,0.49263,0.51604
2021,baseball,2021-05-24,False,,508978,Brown,0,0,0.5,0.5,0.5,0.5
2021,baseball,2021-05-24,False,78.0,508979,Bryant,25,12,0.71268,0.45862,0.48307,0.52825
2021,baseball,2021-05-24,False,248.0,508980,Bucknell,11,22,0.33968,0.5053,0.45188,0.45054
2021,baseball,2021-05-24,False,263.0,508981,Butler,14,23,0.37119,0.43573,0.50336,0.4365
2021,baseball,2021-05-24,False,191.0,508983,CSU Bakersfield,20,19,0.47837,0.4661,0.50614,0.47918
2021,baseball,2021-05-24,False,115.0,508987,CSUN,20,16,0.53763,0.5041,0.50132,0.51179
2021,baseball,2021-05-24,False,172.0,508982,Cal Poly,27,25,0.50197,0.46525,0.51361,0.48652
2021,baseball,2021-05-24,False,174.0,508985,Cal St. Fullerton,20,31,0.39448,0.52597,0.49795,0.48609
2021,baseball,2021-05-24,False,85.0,508990,California,28,24,0.53469,0.52378,0.51975,0.5255
2021,baseball,2021-05-24,False,96.0,508953,California Baptist,37,15,0.73735,0.43164,0.48482,0.52136
2021,baseball,2021-05-24,False,38.0,508995,Campbell,33,14,0.69882,0.52091,0.49958,0.56006
2021,baseball,2021-05-24,False,110.0,508996,Canisius,19,14,0.58076,0.48141,0.51878,0.51559
2021,baseball,2021-05-24,False,202.0,508930,Central Ark.,23,28,0.45073,0.47826,0.49436,0.4754
2021,baseball,2021-05-24,False,140.0,508997,Central Conn. St.,24,12,0.64463,0.43633,0.47816,0.49886
2021,baseball,2021-05-24,False,52.0,508999,Central Mich.,36,16,0.72908,0.47427,0.4913,0.54223
2021,baseball,2021-05-24,False,250.0,508970,Charleston So.,18,26,0.40092,0.45239,0.49337,0.44977
2021,baseball,2021-05-24,False,18.0,509102,Charlotte,39,17,0.69,0.541,0.52925,0.57531
2021,baseball,2021-05-24,False,73.0,509001,Cincinnati,29,24,0.56008,0.5238,0.51887,0.53163
2021,baseball,2021-05-24,False,66.0,509003,Clemson,24,26,0.45197,0.57137,0.54407,0.53469
2021,baseball,2021-05-24,False,94.0,509004,Coastal Carolina,26,23,0.52211,0.52466,0.51804,0.52237
2021,baseball,2021-05-24,False,176.0,508933,Col. of Charleston,24,23,0.48156,0.47357,0.51135,0.48501
2021,baseball,2021-05-24,False,,509005,Columbia,0,0,0.5,0.5,0.5,0.5
2021,baseball,2021-05-24,False,292.0,509007,Coppin St.,10,29,0.30025,0.36704,0.43746,0.36795
2021,baseball,2021-05-24,False,,509008,Cornell,0,0,0.5,0.5,0.5,0.5
2021,baseball,2021-05-24,False,103.0,509009,Creighton,23,13,0.6756,0.44728,0.50433,0.51862
2021,baseball,2021-05-24,False,53.0,508934,DBU,33,15,0.60811,0.52517,0.50633,0.54119
2021,baseball,2021-05-24,False,,509010,Dartmouth,0,0,0.5,0.5,0.5,0.5
2021,baseball,2021-05-24,False,152.0,509011,Davidson,27,24,0.52027,0.47522,0.50378,0.49362
2021,baseball,2021-05-24,False,130.0,509012,Dayton,22,25,0.45243,0.54291,0.4784,0.50416
2021,baseball,2021-05-24,False,226.0,509014,Delaware,12,22,0.34177,0.52006,0.47433,0.46405
2021,baseball,2021-05-24,False,286.0,509013,Delaware St.,15,28,0.375,0.38571,0.43648,0.39573
2021,baseball,2021-05-24,False,32.0,509015,Duke,28,20,0.59009,0.56939,0.53369,0.56564
2021,baseball,2021-05-24,False,165.0,509017,ETSU,24,25,0.47948,0.48308,0.50903,0.48867
2021,baseball,2021-05-24,False,11.0,509016,East Carolina,38,13,0.74273,0.54607,0.52518,0.59001
2021,baseball,2021-05-24,False,158.0,509018,Eastern Ill.,25,23,0.55342,0.46032,0.48906,0.49078
2021,baseball,2021-05-24,False,201.0,509019,Eastern Ky.,21,32,0.38901,0.51112,0.49131,0.47564
2021,baseball,2021-05-24,False,221.0,509020,Eastern Mich.,20,27,0.47357,0.45298,0.48401,0.46588
2021,baseball,2021-05-24,False,123.0,508935,Elon,21,20,0.48541,0.51839,0.51209,0.50857
2021,baseball,2021-05-24,False,160.0,509021,Evansville,28,26,0.47843,0.4869,0.51033,0.49064
2021,baseball,2021-05-24,False,285.0,509023,FDU,9,28,0.2149,0.46189,0.44498,0.39592
2021,baseball,2021-05-24,False,68.0,508950,FGCU,28,20,0.57971,0.52184,0.5108,0.53355
2021,baseball,2021-05-24,False,147.0,509026,FIU,20,31,0.37817,0.55059,0.50336,0.49568
2021,baseball,2021-05-24,False,2.0,509022,Fairfield,35,1,0.95912,0.47819,0.5204,0.60898
2021,baseball,2021-05-24,False,63.0,509025,Fla. Atlantic,30,23,0.5643,0.52668,0.52816,0.53645
2021,baseball,2021-05-24,False,20.0,509028,Florida,35,19,0.62121,0.56495,0.53803,0.57229
2021,baseball,2021-05-24,False,227.0,509024,Florida A&M,22,34,0.39175,0.50084,0.45836,0.46295
2021,baseball,2021-05-24,False,48.0,509027,Florida St.,29,21,0.54453,0.5573,0.53761,0.54919
2021,baseball,2021-05-24,False,216.0,509029,Fordham,24,19,0.54157,0.4161,0.49897,0.46819
2021,baseball,2021-05-24,False,171.0,508984,Fresno St.,19,23,0.45025,0.49147,0.5141,0.48682
2021,baseball,2021-05-24,False,82.0,509034,Ga. Southern,31,22,0.57115,0.50837,0.51713,0.52625
2021,baseball,2021-05-24,False,105.0,508936,Gardner-Webb,28,21,0.57143,0.50261,0.49489,0.51788
2021,baseball,2021-05-24,False,266.0,509031,George Mason,14,29,0.30273,0.4694,0.48043,0.43049
2021,baseball,2021-05-24,False,144.0,509032,George Washington,26,18,0.54502,0.47777,0.48734,0.49698
2021,baseball,2021-05-24,False,273.0,509033,Georgetown,6,25,0.17329,0.50759,0.48696,0.41886
2021,baseball,2021-05-24,False,42.0,509037,Georgia,30,23,0.53045,0.57361,0.53379,0.55287
2021,baseball,2021-05-24,False,167.0,509035,Georgia St.,17,36,0.3279,0.55276,0.51817,0.4879
2021,baseball,2021-05-24,False,43.0,509036,Georgia Tech,28,21,0.5491,0.56058,0.54119,0.55286
2021,baseball,2021-05-24,False,24.0,509038,Gonzaga,32,15,0.71648,0.52575,0.5153,0.57082
2021,baseball,2021-05-24,False,282.0,509039,Grambling,17,27,0.39294,0.3796,0.46216,0.40358
2021,baseball,2021-05-24,False,101.0,508937,Grand Canyon,36,19,0.62929,0.47517,0.50148,0.52028
2021,baseball,2021-05-24,False,211.0,509040,Hartford,18,20,0.46154,0.47291,0.48703,0.4736
2021,baseball,2021-05-24,False,,509041,Harvard,0,0,0.5,0.5,0.5,0.5
2021,baseball,2021-05-24,False,137.0,509042,Hawaii,24,22,0.49528,0.49775,0.50901,0.49995
2021,baseball,2021-05-24,False,242.0,508947,High Point,14,31,0.3136,0.51127,0.48138,0.45438
2021,baseball,2021-05-24,False,184.0,509043,Hofstra,17,22,0.44353,0.50075,0.47991,0.48123
2021,baseball,2021-05-24,False,269.0,509044,Holy Cross,10,20,0.33333,0.4436,0.47519,0.42393
2021,baseball,2021-05-24,False,228.0,509046,Houston,19,32,0.37474,0.48047,0.5154,0.46277
2021,baseball,2021-05-24,False,255.0,509045,Houston Christian,14,38,0.30165,0.49902,0.48864,0.44708
2021,baseball,2021-05-24,False,143.0,509048,Illinois,21,20,0.50812,0.48957,0.50075,0.497
2021,baseball,2021-05-24,False,164.0,509047,Illinois St.,22,32,0.42972,0.50748,0.51081,0.48887
2021,baseball,2021-05-24,False,119.0,509051,Indiana,24,16,0.59686,0.46789,0.50887,0.51038
2021,baseball,2021-05-24,False,35.0,509050,Indiana St.,27,17,0.6898,0.51912,0.51667,0.56118
2021,baseball,2021-05-24,False,212.0,509053,Iona,3,11,0.25781,0.58256,0.46858,0.47288
2021,baseball,2021-05-24,False,92.0,509054,Iowa,23,18,0.5586,0.51849,0.49868,0.52357
2021,baseball,2021-05-24,False,104.0,509055,Jackson St.,34,9,0.81864,0.39197,0.47042,0.51825
2021,baseball,2021-05-24,False,245.0,509057,Jacksonville,13,32,0.29754,0.50908,0.49578,0.45287
2021,baseball,2021-05-24,False,138.0,509056,Jacksonville St.,26,27,0.48111,0.51216,0.49252,0.49949
2021,baseball,2021-05-24,False,246.0,509058,James Madison,11,17,0.38,0.45523,0.51867,0.45228
2021,baseball,2021-05-24,False,51.0,509060,Kansas,30,26,0.53432,0.56093,0.51351,0.54242
2021,baseball,2021-05-24,False,89.0,509059,Kansas St.,31,21,0.55882,0.50787,0.52276,0.52433
2021,baseball,2021-05-24,False,131.0,508938,Kennesaw St.,29,20,0.60043,0.45505,0.50595,0.50412
2021,baseball,2021-05-24,False,141.0,509061,Kent St.,27,24,0.51479,0.49239,0.49329,0.49821
2021,baseball,2021-05-24,False,62.0,509062,Kentucky,29,22,0.51363,0.54694,0.53844,0.53648
2021,baseball,2021-05-24,False,190.0,509068,LIU,20,13,0.61162,0.41312,0.48006,0.47948
2021,baseball,2021-05-24,False,194.0,509074,LMU (CA),20,29,0.40605,0.49469,0.51641,0.47796
2021,baseball,2021-05-24,False,23.0,509070,LSU,34,21,0.56333,0.59778,0.52608,0.57124
2021,baseball,2021-05-24,False,225.0,509063,La Salle,32,21,0.61163,0.37016,0.51016,0.46553
2021,baseball,2021-05-24,False,249.0,509064,Lafayette,14,17,0.42525,0.45466,0.46612,0.45017
2021,baseball,2021-05-24,False,168.0,509065,Lamar University,25,21,0.53696,0.46177,0.48908,0.4874
2021,baseball,2021-05-24,False,204.0,509066,Lehigh,23,17,0.57177,0.42846,0.47259,0.47532
2021,baseball,2021-05-24,False,25.0,509067,Liberty,37,12,0.77829,0.49818,0.50727,0.57048
2021,baseball,2021-05-24,False,262.0,508949,Lipscomb,18,29,0.37327,0.44131,0.49537,0.43781
2021,baseball,2021-05-24,False,169.0,508966,Little Rock,21,28,0.47073,0.48361,0.51035,0.48707
2021,baseball,2021-05-24,False,56.0,508986,Long Beach St.,24,15,0.63704,0.50691,0.50589,0.53919
2021,baseball,2021-05-24,False,277.0,509069,Longwood,17,32,0.34328,0.41532,0.47848,0.4131
2021,baseball,2021-05-24,False,113.0,509183,Louisiana,30,22,0.5523,0.4935,0.51605,0.51384
2021,baseball,2021-05-24,False,30.0,509071,Louisiana Tech,36,16,0.67113,0.53664,0.52139,0.56645
2021,baseball,2021-05-24,False,72.0,509072,Louisville,27,21,0.5411,0.5247,0.54045,0.53273
2021,baseball,2021-05-24,False,205.0,509075,Maine,21,20,0.53596,0.43526,0.49468,0.47529
2021,baseball,2021-05-24,False,234.0,509076,Manhattan,12,24,0.32143,0.51911,0.47844,0.45952
2021,baseball,2021-05-24,False,173.0,509077,Marist,18,11,0.63273,0.39649,0.51951,0.48631
2021,baseball,2021-05-24,False,251.0,509078,Marshall,10,35,0.22542,0.52871,0.514,0.44921
2021,baseball,2021-05-24,False,64.0,509080,Maryland,26,15,0.63969,0.49689,0.50601,0.53487
2021,baseball,2021-05-24,False,196.0,509082,Massachusetts,13,30,0.36768,0.53229,0.47522,0.47687
2021,baseball,2021-05-24,False,166.0,509083,McNeese,28,28,0.5,0.48049,0.49357,0.48864
2021,baseball,2021-05-24,False,230.0,509084,Memphis,17,37,0.28283,0.5309,0.50291,0.46188
2021,baseball,2021-05-24,False,54.0,509085,Mercer,35,20,0.63636,0.50954,0.5087,0.54104
2021,baseball,2021-05-24,False,206.0,508931,Merrimack,19,22,0.45823,0.48902,0.46457,0.47521
2021,baseball,2021-05-24,False,19.0,509087,Miami (FL),32,17,0.65672,0.54684,0.54677,0.57429
2021,baseball,2021-05-24,False,213.0,509086,Miami (OH),25,26,0.5176,0.43577,0.49992,0.47226
2021,baseball,2021-05-24,False,100.0,509089,Michigan,26,15,0.61176,0.48286,0.5043,0.52045
2021,baseball,2021-05-24,False,210.0,509088,Michigan St.,17,24,0.42615,0.48498,0.49953,0.47391
2021,baseball,2021-05-24,False,233.0,509090,Middle Tenn.,23,27,0.45168,0.43703,0.51483,0.46014
2021,baseball,2021-05-24,False,239.0,508925,Milwaukee,20,31,0.39413,0.4767,0.47436,0.45547
2021,baseball,2021-05-24,False,283.0,509091,Minnesota,5,29,0.10479,0.50626,0.48797,0.40132
2021,baseball,2021-05-24,False,5.0,509092,Mississippi St.,40,13,0.71769,0.57164,0.53603,0.59925
2021,baseball,2021-05-24,False,293.0,509093,Mississippi Val.,0,20,0.0,0.45269,0.41873,0.33103
2021,baseball,2021-05-24,False,133.0,509095,Missouri,15,36,0.30994,0.58362,0.53512,0.50308
2021,baseball,2021-05-24,False,118.0,509181,Missouri St.,21,22,0.50985,0.51175,0.50934,0.51067
2021,baseball,2021-05-24,False,59.0,509096,Monmouth,24,11,0.65595,0.50131,0.49454,0.53828
2021,baseball,2021-05-24,False,121.0,509097,Morehead St.,24,21,0.58394,0.48198,0.48851,0.5091
2021,baseball,2021-05-24,False,291.0,509098,Mount St. Mary's,9,28,0.20107,0.45322,0.4408,0.38708
2021,baseball,2021-05-24,False,134.0,509099,Murray St.,30,23,0.58656,0.46031,0.49838,0.50139
2021,baseball,2021-05-24,False,254.0,509116,N.C. A&T,22,32,0.43606,0.43702,0.48009,0.44755
2021,baseball,2021-05-24,False,199.0,509117,N.C. Central,27,20,0.58352,0.42836,0.4633,0.47589
2021,baseball,2021-05-24,False,33.0,509118,NC State,28,15,0.61771,0.55282,0.53816,0.56538
2021,baseball,2021-05-24,False,256.0,509123,NIU,15,35,0.31078,0.49817,0.47632,0.44586
2021,baseball,2021-05-24,False,126.0,509109,NJIT,24,22,0.55507,0.49332,0.48454,0.50656
2021,baseball,2021-05-24,False,252.0,508904,Navy,17,15,0.52465,0.40096,0.46797,0.44863
2021,baseball,2021-05-24,False,47.0,509105,Nebraska,29,11,0.72967,0.47949,0.50839,0.54926
2021,baseball,2021-05-24,False,31.0,509108,Nevada,21,18,0.5935,0.58007,0.50896,0.56565
2021,baseball,2021-05-24,False,207.0,509111,New Mexico,15,23,0.42604,0.47874,0.51604,0.47489
2021,baseball,2021-05-24,False,229.0,509110,New Mexico St.,19,32,0.38126,0.49211,0.4821,0.4619
2021,baseball,2021-05-24,False,148.0,509112,New Orleans,28,26,0.49621,0.49571,0.4943,0.49548
2021,baseball,2021-05-24,False,135.0,509113,Niagara,17,17,0.54412,0.48192,0.49454,0.50062
2021,baseball,2021-05-24,False,238.0,509114,Nicholls,21,34,0.35812,0.48995,0.48946,0.45687
2021,baseball,2021-05-24,False,261.0,509115,Norfolk St.,25,26,0.47791,0.4123,0.45822,0.44018
2021,baseball,2021-05-24,False,284.0,508952,North Ala.,7,40,0.14353,0.48338,0.48175,0.39801
2021,baseball,2021-05-24,False,46.0,509101,North Carolina,26,24,0.4922,0.58639,0.535,0.55
2021,baseball,2021-05-24,False,90.0,509119,North Dakota St.,38,16,0.75092,0.41983,0.5044,0.52374
2021,baseball,2021-05-24,False,128.0,508942,North Florida,21,21,0.52985,0.48555,0.51844,0.50485
2021,baseball,2021-05-24,False,37.0,509121,Northeastern,32,9,0.79452,0.45941,0.52749,0.56021
2021,baseball,2021-05-24,False,281.0,509122,Northern Colo.,11,36,0.22673,0.46026,0.4698,0.40426
2021,baseball,2021-05-24,False,253.0,509124,Northern Ky.,17,31,0.37446,0.47381,0.47018,0.44807
2021,baseball,2021-05-24,False,183.0,509126,Northwestern,14,19,0.43614,0.49538,0.49837,0.48132
2021,baseball,2021-05-24,False,150.0,509125,Northwestern St.,27,24,0.52795,0.47583,0.49669,0.49408
2021,baseball,2021-05-24,False,10.0,509127,Notre Dame,29,10,0.73434,0.53769,0.55159,0.59032
2021,baseball,2021-05-24,False,264.0,509128,Oakland,18,29,0.42762,0.40903,0.48721,0.43322
2021,baseball,2021-05-24,False,195.0,509130,Ohio,27,22,0.5255,0.45014,0.48595,0.47793
2021,baseball,2021-05-24,False,87.0,509129,Ohio St.,20,18,0.50281,0.55288,0.49055,0.52478
2021,baseball,2021-05-24,False,57.0,509132,Oklahoma,27,26,0.48069,0.57127,0.53196,0.5388
2021,baseball,2021-05-24,False,16.0,509131,Oklahoma St.,32,16,0.62785,0.58651,0.53016,0.58276
2021,baseball,2021-05-24,False,12.0,509133,Old Dominion,38,14,0.7126,0.56351,0.50767,0.58682
2021,baseball,2021-05-24,False,15.0,509094,Ole Miss,38,17,0.65121,0.57434,0.53646,0.58409
2021,baseball,2021-05-24,False,188.0,509106,Omaha,22,23,0.47816,0.47117,0.49844,0.47974
2021,baseball,2021-05-24,False,127.0,509134,Oral Roberts,28,21,0.57315,0.47419,0.50393,0.50636
2021,baseball,2021-05-24,False,17.0,509136,Oregon,35,13,0.71212,0.54458,0.52748,0.58219
2021,baseball,2021-05-24,False,26.0,509135,Oregon St.,33,20,0.61748,0.57336,0.51708,0.57032
2021,baseball,2021-05-24,False,215.0,509137,Pacific,16,32,0.35931,0.51773,0.49121,0.47149
2021,baseball,2021-05-24,False,145.0,509140,Penn,6,8,0.38571,0.57873,0.44286,0.49651
2021,baseball,2021-05-24,False,155.0,509139,Penn St.,17,23,0.42932,0.52252,0.49641,0.49269
2021,baseball,2021-05-24,False,142.0,509141,Pepperdine,18,24,0.46377,0.51787,0.49122,0.49768
2021,baseball,2021-05-24,False,49.0,509142,Pittsburgh,22,19,0.52195,0.55447,0.54642,0.54433
2021,baseball,2021-05-24,False,181.0,509143,Portland,24,26,0.48617,0.4672,0.5063,0.48172
2021,baseball,2021-05-24,False,272.0,509144,Prairie View,14,18,0.48276,0.36743,0.45889,0.41913
2021,baseball,2021-05-24,False,175.0,508939,Presbyterian,19,21,0.52094,0.465,0.49246,0.48585
2021,baseball,2021-05-24,False,,509145,Princeton,0,0,0.5,0.5,0.5,0.5
2021,baseball,2021-05-24,False,214.0,509146,Purdue,14,25,0.39012,0.49928,0.49876,0.47186
2021,baseball,2021-05-24,False,271.0,509052,Purdue Fort Wayne,11,35,0.24541,0.48799,0.45989,0.42032
2021,baseball,2021-05-24,False,187.0,509147,Quinnipiac,7,21,0.268,0.59627,0.45947,0.48
2021,baseball,2021-05-24,False,161.0,509148,Radford,23,23,0.48605,0.49456,0.48546,0.49016
2021,baseball,2021-05-24,False,65.0,509149,Rhode Island,27,24,0.57233,0.52824,0.51058,0.53484
2021,baseball,2021-05-24,False,177.0,509150,Rice,23,29,0.41487,0.5065,0.50928,0.48429
2021,baseball,2021-05-24,False,241.0,509151,Richmond,19,17,0.48512,0.41825,0.49675,0.45459
2021,baseball,2021-05-24,False,107.0,509152,Rider,20,16,0.58025,0.49383,0.49744,0.51633
2021,baseball,2021-05-24,False,136.0,509153,Rutgers,19,22,0.48307,0.51006,0.49863,0.50046
2021,baseball,2021-05-24,False,182.0,509185,SFA,20,31,0.41342,0.51075,0.49038,0.48133
2021,baseball,2021-05-24,False,217.0,509178,SIUE,23,27,0.47021,0.45341,0.49504,0.46802
2021,baseball,2021-05-24,False,132.0,508988,Sacramento St.,34,20,0.62963,0.44481,0.49347,0.50318
2021,baseball,2021-05-24,False,163.0,509154,Sacred Heart,22,23,0.54524,0.47075,0.47249,0.48981
2021,baseball,2021-05-24,False,125.0,509157,Saint Joseph's,21,17,0.5462,0.503,0.47889,0.50777
2021,baseball,2021-05-24,False,220.0,509158,Saint Louis,17,31,0.33534,0.52203,0.48799,0.46685
2021,baseball,2021-05-24,False,197.0,509159,Saint Mary's (CA),25,26,0.48687,0.45891,0.50058,0.47631
2021,baseball,2021-05-24,False,279.0,509160,Saint Peter's,4,24,0.12687,0.51416,0.47173,0.40673
2021,baseball,2021-05-24,False,116.0,509161,Sam Houston,26,23,0.52211,0.51284,0.49931,0.51177
2021,baseball,2021-05-24,False,67.0,509162,Samford,32,22,0.60905,0.50715,0.51109,0.53361
2021,baseball,2021-05-24,False,80.0,509164,San Diego,31,11,0.71693,0.44094,0.51218,0.52775
2021,baseball,2021-05-24,False,77.0,509163,San Diego St.,28,15,0.63939,0.4833,0.51122,0.5293
2021,baseball,2021-05-24,False,124.0,509165,San Francisco,23,27,0.4895,0.52334,0.49744,0.50841
2021,baseball,2021-05-24,False,268.0,509166,San Jose St.,6,26,0.2027,0.50085,0.4961,0.42512
2021,baseball,2021-05-24,False,209.0,509167,Santa Clara,17,31,0.35232,0.52471,0.49432,0.47401
2021,baseball,2021-05-24,False,236.0,508940,Seattle U,16,31,0.37123,0.49178,0.48065,0.45886
2021,baseball,2021-05-24,False,117.0,509168,Seton Hall,23,23,0.53538,0.51188,0.48679,0.51148
2021,baseball,2021-05-24,False,259.0,509169,Siena,15,24,0.36752,0.44687,0.50691,0.44204
2021,baseball,2021-05-24,False,74.0,509170,South Alabama,29,20,0.60175,0.50992,0.50267,0.53107
2021,baseball,2021-05-24,False,14.0,509171,South Carolina,33,20,0.60619,0.59323,0.54645,0.58477
2021,baseball,2021-05-24,False,243.0,509172,South Dakota St.,14,30,0.36203,0.49003,0.47267,0.45369
2021,baseball,2021-05-24,False,122.0,509173,South Fla.,24,26,0.47303,0.52496,0.51145,0.5086
2021,baseball,2021-05-24,False,95.0,509174,Southeast Mo. St.,27,19,0.60132,0.4954,0.49685,0.52224
2021,baseball,2021-05-24,False,120.0,509175,Southeastern La.,30,22,0.58475,0.4769,0.50208,0.51016
2021,baseball,2021-05-24,False,106.0,509176,Southern California,23,25,0.42641,0.56097,0.52207,0.5176
2021,baseball,2021-05-24,False,71.0,509177,Southern Ill.,38,18,0.66409,0.48216,0.50352,0.53298
2021,baseball,2021-05-24,False,28.0,509179,Southern Miss.,35,17,0.65517,0.55626,0.50629,0.56849
2021,baseball,2021-05-24,False,265.0,509180,Southern U.,20,28,0.45221,0.40485,0.46521,0.43178
2021,baseball,2021-05-24,False,274.0,509155,St. Bonaventure,7,24,0.21824,0.49913,0.45517,0.41792
2021,baseball,2021-05-24,False,186.0,509156,St. John's (NY),19,21,0.44947,0.49285,0.48551,0.48017
2021,baseball,2021-05-24,False,13.0,509184,Stanford,31,13,0.71535,0.54959,0.52739,0.58548
2021,baseball,2021-05-24,False,157.0,509186,Stetson,26,23,0.53659,0.45365,0.52191,0.49145
2021,baseball,2021-05-24,False,99.0,509187,Stony Brook,29,17,0.61297,0.4911,0.48669,0.52046
2021,baseball,2021-05-24,False,7.0,508892,TCU,36,16,0.67913,0.58801,0.52608,0.59531
2021,baseball,2021-05-24,False,240.0,509348,Tarleton St.,20,35,0.39065,0.4747,0.47964,0.45492
2021,baseball,2021-05-24,False,9.0,509189,Tennessee,42,14,0.71956,0.55824,0.54079,0.5942
2021,baseball,2021-05-24,False,152.0,509188,Tennessee Tech,22,25,0.50358,0.49099,0.48893,0.49362
2021,baseball,2021-05-24,False,3.0,508896,Texas,40,13,0.73361,0.57574,0.53096,0.60401
2021,baseball,2021-05-24,False,81.0,508891,Texas A&M,29,27,0.47266,0.551,0.53561,0.52757
2021,baseball,2021-05-24,False,288.0,508893,Texas Southern,12,35,0.27889,0.40961,0.46872,0.39171
2021,baseball,2021-05-24,False,219.0,509182,Texas St.,21,34,0.35397,0.5007,0.51252,0.46697
2021,baseball,2021-05-24,False,8.0,508894,Texas Tech,35,13,0.69697,0.57334,0.53467,0.59458
2021,baseball,2021-05-24,False,267.0,509002,The Citadel,12,39,0.19162,0.51109,0.49773,0.42788
2021,baseball,2021-05-24,False,154.0,508898,Toledo,23,29,0.5,0.49528,0.48267,0.49331
2021,baseball,2021-05-24,False,218.0,508899,Towson,21,34,0.39802,0.49078,0.49179,0.46785
2021,baseball,2021-05-24,False,129.0,508900,Troy,27,24,0.51634,0.49525,0.51024,0.50427
2021,baseball,2021-05-24,False,79.0,508901,Tulane,28,22,0.52586,0.5396,0.50688,0.52799
2021,baseball,2021-05-24,False,257.0,508958,UAB,18,36,0.29412,0.49183,0.50451,0.44557
2021,baseball,2021-05-24,False,156.0,508959,UAlbany,22,23,0.50559,0.49237,0.47958,0.49248
2021,baseball,2021-05-24,False,276.0,508991,UC Davis,14,39,0.21284,0.47418,0.50166,0.41571
2021,baseball,2021-05-24,False,27.0,508992,UC Irvine,36,16,0.72245,0.52221,0.51247,0.56984
2021,baseball,2021-05-24,False,224.0,508994,UC Riverside,14,33,0.3048,0.53267,0.49257,0.46568
2021,baseball,2021-05-24,False,159.0,509216,UC San Diego,21,27,0.44118,0.51305,0.4958,0.49077
2021,baseball,2021-05-24,False,50.0,508989,UC Santa Barbara,35,18,0.64378,0.50857,0.51408,0.54375
2021,baseball,2021-05-24,False,97.0,508998,UCF,28,28,0.51119,0.52872,0.51587,0.52112
2021,baseball,2021-05-24,False,36.0,508993,UCLA,32,18,0.61702,0.54976,0.52548,0.56051
2021,baseball,2021-05-24,False,21.0,509006,UConn,30,16,0.70631,0.53274,0.51614,0.57198
2021,baseball,2021-05-24,False,91.0,509049,UIC,29,16,0.6603,0.4698,0.49463,0.52363
2021,baseball,2021-05-24,False,232.0,508943,UIW,21,28,0.41686,0.46873,0.48698,0.46032
2021,baseball,2021-05-24,False,111.0,509120,ULM,26,24,0.53747,0.50908,0.50273,0.51459
2021,baseball,2021-05-24,False,258.0,509079,UMBC,17,26,0.37897,0.45751,0.4821,0.44402
2021,baseball,2021-05-24,False,,509081,UMES,0,0,0.5,0.5,0.5,0.5
2021,baseball,2021-05-24,False,189.0,509073,UMass Lowell,19,28,0.42418,0.5088,0.47684,0.47965
2021,baseball,2021-05-24,False,247.0,509100,UNC Asheville,15,33,0.30282,0.50985,0.48397,0.45163
2021,baseball,2021-05-24,False,102.0,509103,UNC Greensboro,27,25,0.53696,0.51501,0.51388,0.52022
2021,baseball,2021-05-24,False,69.0,509104,UNCW,30,20,0.56872,0.52239,0.51908,0.53315
2021,baseball,2021-05-24,False,58.0,509107,UNLV,20,13,0.59176,0.52369,0.51521,0.53859
2021,baseball,2021-05-24,False,41.0,508945,USC Upstate,37,14,0.74451,0.48789,0.49741,0.55442
2021,baseball,2021-05-24,False,146.0,508895,UT Arlington,25,29,0.47013,0.50229,0.51061,0.49633
2021,baseball,2021-05-24,False,203.0,509190,UT Martin,19,29,0.46368,0.47533,0.48698,0.47533
2021,baseball,2021-05-24,False,162.0,509138,UTRGV,29,24,0.54447,0.46353,0.48872,0.49007
2021,baseball,2021-05-24,False,76.0,508897,UTSA,22,24,0.4978,0.55343,0.5162,0.53022
2021,baseball,2021-05-24,False,193.0,508905,Utah,16,31,0.35731,0.51701,0.52216,0.47837
2021,baseball,2021-05-24,False,231.0,509412,Utah Tech,23,30,0.42733,0.46495,0.48431,0.46038
2021,baseball,2021-05-24,False,287.0,508951,Utah Valley,10,45,0.20744,0.44439,0.47473,0.39273
2021,baseball,2021-05-24,False,34.0,508909,VCU,34,14,0.74561,0.50241,0.50968,0.56503
2021,baseball,2021-05-24,False,192.0,508910,VMI,18,29,0.36923,0.52642,0.49312,0.4788
2021,baseball,2021-05-24,False,222.0,508906,Valparaiso,14,33,0.34398,0.51104,0.49707,0.46578
2021,baseball,2021-05-24,False,4.0,508907,Vanderbilt,39,13,0.73093,0.56875,0.54282,0.60281
2021,baseball,2021-05-24,False,88.0,508908,Villanova,21,14,0.60704,0.49347,0.50343,0.52435
2021,baseball,2021-05-24,False,44.0,508912,Virginia,27,22,0.53015,0.56779,0.53657,0.55057
2021,baseball,2021-05-24,False,61.0,508911,Virginia Tech,27,23,0.51025,0.55026,0.53866,0.53735
2021,baseball,2021-05-24,False,270.0,508913,Wagner,11,25,0.33602,0.44629,0.46405,0.42316
2021,baseball,2021-05-24,False,84.0,508914,Wake Forest,20,27,0.41084,0.58152,0.52837,0.52556
2021,baseball,2021-05-24,False,180.0,508916,Washington,19,28,0.3363,0.53647,0.51783,0.48177
2021,baseball,2021-05-24,False,70.0,508915,Washington St.,24,22,0.5523,0.52981,0.52031,0.53306
2021,baseball,2021-05-24,False,86.0,508917,West Virginia,23,25,0.45111,0.55817,0.53204,0.52487
2021,baseball,2021-05-24,False,75.0,508918,Western Caro.,26,19,0.5641,0.52425,0.50881,0.53035
2021,baseball,2021-05-24,False,260.0,508919,Western Ill.,11,29,0.28919,0.50341,0.47144,0.44186
2021,baseball,2021-05-24,False,149.0,508920,Western Ky.,26,27,0.46278,0.49827,0.51841,0.49443
2021,baseball,2021-05-24,False,200.0,508921,Western Mich.,21,25,0.47406,0.47254,0.48348,0.47565
2021,baseball,2021-05-24,False,83.0,508922,Wichita St.,30,21,0.56962,0.51085,0.51203,0.52584
2021,baseball,2021-05-24,False,198.0,508923,William & Mary,13,27,0.32703,0.54165,0.49332,0.47591
2021,baseball,2021-05-24,False,237.0,508924,Winthrop,19,27,0.38546,0.47654,0.49012,0.45716
2021,baseball,2021-05-24,False,60.0,508944,Wofford,35,19,0.65669,0.49394,0.50812,0.53817
2021,baseball,2021-05-24,False,22.0,508926,Wright St.,32,11,0.77411,0.51125,0.48994,0.57164
2021,baseball,2021-05-24,False,108.0,508927,Xavier,25,24,0.53348,0.51425,0.50243,0.5161
2021,baseball,2021-05-24,False,,508928,Yale,0,0,0.5,0.5,0.5,0.5
2021,baseball,2021-05-24,False,112.0,508929,Youngstown St.,32,22,0.62917,0.46806,0.49036,0.51391
2021,baseball,2021-05-31,True,189.0,508948,A&M-Corpus Christi,25,29,0.43496,0.48837,0.49803,0.47743
2021,baseball,2021-05-31,True,98.0,508954,Abilene Christian,36,21,0.6257,0.47645,0.49359,0.51805
2021,baseball,2021-05-31,True,55.0,508902,Air Force,26,22,0.56236,0.53848,0.51087,0.53755
2021,baseball,2021-05-31,True,272.0,508890,Akron,15,36,0.25786,0.46779,0.47957,0.41825
2021,baseball,2021-05-31,True,35.0,508957,Alabama,31,24,0.52897,0.5875,0.52586,0.55746
2021,baseball,2021-05-31,True,290.0,508955,Alabama A&M,9,20,0.30112,0.39894,0.44577,0.38619
2021,baseball,2021-05-31,True,244.0,508956,Alabama St.,23,19,0.50498,0.4238,0.45577,0.45208
2021,baseball,2021-05-31,True,289.0,508960,Alcorn,7,20,0.29078,0.41763,0.43022,0.38906
2021,baseball,2021-05-31,True,174.0,508961,App State,21,31,0.42489,0.50388,0.50358,0.48406
2021,baseball,2021-05-31,True,5.0,508963,Arizona,40,15,0.70183,0.56956,0.52069,0.59041
2021,baseball,2021-05-31,True,38.0,508962,Arizona St.,32,20,0.57959,0.55719,0.52296,0.55423
2021,baseball,2021-05-31,True,279.0,508941,Ark.-Pine Bluff,8,30,0.26513,0.45526,0.44705,0.40568
2021,baseball,2021-05-31,True,1.0,508965,Arkansas,46,10,0.80806,0.59632,0.536,0.63418
2021,baseball,2021-05-31,True,186.0,508964,Arkansas St.,19,30,0.41913,0.49606,0.50481,0.47902
2021,baseball,2021-05-31,True,130.0,508903,Army West Point,28,23,0.57086,0.48166,0.4678,0.5005
2021,baseball,2021-05-31,True,104.0,508967,Auburn,25,27,0.45136,0.53858,0.53638,0.51622
2021,baseball,2021-05-31,True,200.0,508968,Austin Peay,23,33,0.42287,0.49257,0.48652,0.47363
2021,baseball,2021-05-31,True,155.0,508977,BYU,23,27,0.50873,0.47393,0.50655,0.49079
2021,baseball,2021-05-31,True,39.0,508969,Ball St.,38,18,0.71295,0.50428,0.49102,0.55313
2021,baseball,2021-05-31,True,45.0,508971,Baylor,31,20,0.58222,0.54157,0.52086,0.54656
2021,baseball,2021-05-31,True,278.0,509202,Bellarmine,13,36,0.25652,0.45798,0.47673,0.4123
2021,baseball,2021-05-31,True,223.0,508946,Belmont,22,30,0.41525,0.47424,0.4916,0.46384
2021,baseball,2021-05-31,True,,508972,Bethune-Cookman,0,0,0.5,0.5,0.5,0.5
2021,baseball,2021-05-31,True,171.0,508973,Binghamton,16,20,0.46111,0.49995,0.47767,0.48467
2021,baseball,2021-05-31,True,112.0,508974,Boston College,21,28,0.42685,0.54175,0.5277,0.50952
2021,baseball,2021-05-31,True,233.0,508975,Bowling Green,20,30,0.42915,0.46369,0.4787,0.45881
2021,baseball,2021-05-31,True,114.0,508976,Bradley,20,22,0.4787,0.53262,0.48964,0.50839
2021,baseball,2021-05-31,True,,508978,Brown,0,0,0.5,0.5,0.5,0.5
2021,baseball,2021-05-31,True,96.0,508979,Bryant,27,14,0.69114,0.45552,0.47731,0.51987
2021,baseball,2021-05-31,True,251.0,508980,Bucknell,11,22,0.33968,0.49981,0.44986,0.44729
2021,baseball,2021-05-31,True,262.0,508981,Butler,14,23,0.37119,0.43589,0.4995,0.43562
2021,baseball,2021-05-31,True,182.0,508983,CSU Bakersfield,20,23,0.44656,0.48608,0.50209,0.4802
2021,baseball,2021-05-31,True,124.0,508987,CSUN,21,19,0.52463,0.49407,0.50465,0.50436
2021,baseball,2021-05-31,True,146.0,508982,Cal Poly,31,25,0.52799,0.4713,0.51137,0.49549
2021,baseball,2021-05-31,True,164.0,508985,Cal St. Fullerton,20,35,0.37383,0.53943,0.49716,0.48746
2021,baseball,2021-05-31,True,82.0,508990,California,29,26,0.51434,0.5337,0.51705,0.5247
2021,baseball,2021-05-31,True,102.0,508953,California Baptist,40,16,0.73571,0.41952,0.49215,0.51673
2021,baseball,2021-05-31,True,40.0,508995,Campbell,35,16,0.68172,0.51618,0.49604,0.55253
2021,baseball,2021-05-31,True,117.0,508996,Canisius,20,16,0.56698,0.47399,0.51032,0.50632
2021,baseball,2021-05-31,True,202.0,508930,Central Ark.,23,28,0.45073,0.47545,0.49181,0.47336
2021,baseball,2021-05-31,True,133.0,508997,Central Conn. St.,28,13,0.66344,0.4295,0.47398,0.49911
2021,baseball,2021-05-31,True,43.0,508999,Central Mich.,40,16,0.75451,0.47325,0.49222,0.54831
2021,baseball,2021-05-31,True,249.0,508970,Charleston So.,18,26,0.40092,0.45158,0.4898,0.44847
2021,baseball,2021-05-31,True,27.0,509102,Charlotte,39,19,0.66346,0.537,0.52529,0.56569
2021,baseball,2021-05-31,True,81.0,509001,Cincinnati,29,26,0.53816,0.52334,0.51591,0.52518
2021,baseball,2021-05-31,True,66.0,509003,Clemson,25,27,0.45397,0.56499,0.54016,0.53103
2021,baseball,2021-05-31,True,91.0,509004,Coastal Carolina,27,24,0.52121,0.52513,0.51342,0.52122
2021,baseball,2021-05-31,True,170.0,508933,Col. of Charleston,27,25,0.49315,0.46845,0.51094,0.48525
2021,baseball,2021-05-31,True,,509005,Columbia,0,0,0.5,0.5,0.5,0.5
2021,baseball,2021-05-31,True,292.0,509007,Coppin St.,10,29,0.30025,0.36622,0.43589,0.36714
2021,baseball,2021-05-31,True,,509008,Cornell,0,0,0.5,0.5,0.5,0.5
2021,baseball,2021-05-31,True,115.0,509009,Creighton,24,15,0.64754,0.44003,0.50097,0.50714
2021,baseball,2021-05-31,True,46.0,508934,DBU,37,15,0.6405,0.51942,0.50589,0.54631
2021,baseball,2021-05-31,True,,509010,Dartmouth,0,0,0.5,0.5,0.5,0.5
2021,baseball,2021-05-31,True,153.0,509011,Davidson,27,24,0.52027,0.47199,0.50286,0.49178
2021,baseball,2021-05-31,True,120.0,509012,Dayton,24,27,0.45882,0.54485,0.47513,0.50591
2021,baseball,2021-05-31,True,226.0,509014,Delaware,12,22,0.34177,0.51631,0.47217,0.46164
2021,baseball,2021-05-31,True,284.0,509013,Delaware St.,15,28,0.375,0.38571,0.43603,0.39561
2021,baseball,2021-05-31,True,22.0,509015,Duke,32,20,0.62397,0.56238,0.53097,0.56992
2021,baseball,2021-05-31,True,162.0,509017,ETSU,24,25,0.47948,0.48224,0.50639,0.48759
2021,baseball,2021-05-31,True,13.0,509016,East Carolina,41,15,0.72837,0.543,0.52197,0.58409
2021,baseball,2021-05-31,True,161.0,509018,Eastern Ill.,25,23,0.55342,0.45736,0.48765,0.48895
2021,baseball,2021-05-31,True,197.0,509019,Eastern Ky.,21,32,0.38901,0.50948,0.48915,0.47428
2021,baseball,2021-05-31,True,225.0,509020,Eastern Mich.,21,30,0.44509,0.45939,0.48334,0.4618
2021,baseball,2021-05-31,True,116.0,508935,Elon,22,22,0.47772,0.52009,0.50914,0.50676
2021,baseball,2021-05-31,True,168.0,509021,Evansville,28,27,0.46923,0.48432,0.50669,0.48614
2021,baseball,2021-05-31,True,287.0,509023,FDU,9,28,0.2149,0.45495,0.44061,0.39135
2021,baseball,2021-05-31,True,57.0,508950,FGCU,28,20,0.57971,0.52748,0.5113,0.53649
2021,baseball,2021-05-31,True,154.0,509026,FIU,20,31,0.37817,0.54119,0.50366,0.49105
2021,baseball,2021-05-31,True,9.0,509022,Fairfield,37,3,0.89106,0.4729,0.51181,0.58717
2021,baseball,2021-05-31,True,61.0,509025,Fla. Atlantic,32,25,0.55971,0.52415,0.5251,0.53328
2021,baseball,2021-05-31,True,18.0,509028,Florida,38,20,0.63147,0.56309,0.53571,0.57334
2021,baseball,2021-05-31,True,222.0,509024,Florida A&M,22,34,0.39175,0.50271,0.45844,0.4639
2021,baseball,2021-05-31,True,51.0,509027,Florida St.,30,22,0.5428,0.55058,0.536,0.54499
2021,baseball,2021-05-31,True,218.0,509029,Fordham,24,19,0.54157,0.41261,0.49483,0.4654
2021,baseball,2021-05-31,True,159.0,508984,Fresno St.,20,25,0.45221,0.49694,0.5135,0.4899
2021,baseball,2021-05-31,True,74.0,509034,Ga. Southern,34,23,0.58425,0.50558,0.51459,0.5275
2021,baseball,2021-05-31,True,111.0,508936,Gardner-Webb,29,23,0.55711,0.49879,0.49128,0.51149
2021,baseball,2021-05-31,True,265.0,509031,George Mason,14,29,0.30273,0.47055,0.47824,0.43052
2021,baseball,2021-05-31,True,148.0,509032,George Washington,26,18,0.54502,0.47439,0.48637,0.49504
2021,baseball,2021-05-31,True,275.0,509033,Georgetown,6,25,0.17329,0.50382,0.48321,0.41604
2021,baseball,2021-05-31,True,48.0,509037,Georgia,31,25,0.51948,0.56703,0.53012,0.54592
2021,baseball,2021-05-31,True,173.0,509035,Georgia St.,18,37,0.33464,0.54408,0.51505,0.48446
2021,baseball,2021-05-31,True,49.0,509036,Georgia Tech,29,23,0.53686,0.55448,0.53752,0.54583
2021,baseball,2021-05-31,True,25.0,509038,Gonzaga,33,17,0.68238,0.54039,0.5072,0.56759
2021,baseball,2021-05-31,True,283.0,509039,Grambling,17,27,0.39294,0.37783,0.46038,0.40225
2021,baseball,2021-05-31,True,86.0,508937,Grand Canyon,39,19,0.64837,0.47212,0.50058,0.52329
2021,baseball,2021-05-31,True,207.0,509040,Hartford,18,20,0.46154,0.46842,0.48606,0.47111
2021,baseball,2021-05-31,True,,509041,Harvard,0,0,0.5,0.5,0.5,0.5
2021,baseball,2021-05-31,True,158.0,509042,Hawaii,24,26,0.4646,0.49511,0.50632,0.49029
2021,baseball,2021-05-31,True,246.0,508947,High Point,14,31,0.3136,0.50588,0.47837,0.45093
2021,baseball,2021-05-31,True,187.0,509043,Hofstra,17,22,0.44353,0.49638,0.47751,0.47845
2021,baseball,2021-05-31,True,269.0,509044,Holy Cross,10,20,0.33333,0.44354,0.47219,0.42315
2021,baseball,2021-05-31,True,236.0,509046,Houston,19,34,0.35984,0.47747,0.51198,0.45669
2021,baseball,2021-05-31,True,256.0,509045,Houston Christian,14,38,0.30165,0.49551,0.4862,0.44472
2021,baseball,2021-05-31,True,145.0,509048,Illinois,22,22,0.50655,0.48705,0.50158,0.49556
2021,baseball,2021-05-31,True,165.0,509047,Illinois St.,23,34,0.42424,0.50891,0.50727,0.48734
2021,baseball,2021-05-31,True,103.0,509051,Indiana,26,18,0.59615,0.48255,0.50545,0.51668
2021,baseball,2021-05-31,True,36.0,509050,Indiana St.,30,19,0.68102,0.51738,0.51349,0.55732
2021,baseball,2021-05-31,True,229.0,509053,Iona,3,11,0.25781,0.56183,0.46313,0.46115
2021,baseball,2021-05-31,True,70.0,509054,Iowa,26,18,0.59773,0.51001,0.50019,0.52949
2021,baseball,2021-05-31,True,106.0,509055,Jackson St.,34,9,0.81864,0.38817,0.46877,0.51594
2021,baseball,2021-05-31,True,212.0,509057,Jacksonville,16,32,0.34583,0.51557,0.4992,0.46904
2021,baseball,2021-05-31,True,135.0,509056,Jacksonville St.,26,27,0.48111,0.5116,0.49091,0.49881
2021,baseball,2021-05-31,True,240.0,509058,James Madison,11,17,0.38,0.46183,0.51485,0.45463
2021,baseball,2021-05-31,True,59.0,509060,Kansas,30,27,0.52459,0.55301,0.50971,0.53508
2021,baseball,2021-05-31,True,89.0,509059,Kansas St.,34,23,0.56301,0.50245,0.52068,0.52215
2021,baseball,2021-05-31,True,140.0,508938,Kennesaw St.,29,22,0.57917,0.45464,0.49995,0.4971
2021,baseball,2021-05-31,True,144.0,509061,Kent St.,30,26,0.53004,0.48148,0.49207,0.49627
2021,baseball,2021-05-31,True,68.0,509062,Kentucky,29,23,0.50308,0.54134,0.53456,0.53008
2021,baseball,2021-05-31,True,214.0,509068,LIU,20,15,0.57637,0.41153,0.47414,0.46839
2021,baseball,2021-05-31,True,188.0,509074,LMU (CA),20,29,0.40605,0.49605,0.51542,0.47839
2021,baseball,2021-05-31,True,30.0,509070,LSU,34,22,0.55288,0.5907,0.52292,0.5643
2021,baseball,2021-05-31,True,228.0,509063,La Salle,32,21,0.61163,0.36362,0.50741,0.46157
2021,baseball,2021-05-31,True,248.0,509064,Lafayette,14,17,0.42525,0.45521,0.46325,0.44973
2021,baseball,2021-05-31,True,185.0,509065,Lamar University,25,23,0.51458,0.45775,0.48659,0.47917
2021,baseball,2021-05-31,True,213.0,509066,Lehigh,24,19,0.54545,0.4293,0.46955,0.4684
2021,baseball,2021-05-31,True,31.0,509067,Liberty,39,14,0.7563,0.4938,0.50345,0.56184
2021,baseball,2021-05-31,True,263.0,508949,Lipscomb,18,29,0.37327,0.43474,0.49157,0.43358
2021,baseball,2021-05-31,True,176.0,508966,Little Rock,21,30,0.44966,0.48917,0.50636,0.48359
2021,baseball,2021-05-31,True,65.0,508986,Long Beach St.,28,15,0.66051,0.47843,0.50789,0.53131
2021,baseball,2021-05-31,True,277.0,509069,Longwood,17,32,0.34328,0.41629,0.47535,0.4128
2021,baseball,2021-05-31,True,109.0,509183,Louisiana,32,23,0.55906,0.49013,0.51257,0.51297
2021,baseball,2021-05-31,True,33.0,509071,Louisiana Tech,40,18,0.65685,0.53367,0.51761,0.56045
2021,baseball,2021-05-31,True,71.0,509072,Louisville,28,22,0.5393,0.52023,0.53625,0.529
2021,baseball,2021-05-31,True,204.0,509075,Maine,22,22,0.53275,0.4324,0.49175,0.47233
2021,baseball,2021-05-31,True,243.0,509076,Manhattan,12,24,0.32143,0.51108,0.47215,0.45393
2021,baseball,2021-05-31,True,177.0,509077,Marist,18,11,0.63273,0.39274,0.51281,0.48276
2021,baseball,2021-05-31,True,254.0,509078,Marshall,10,35,0.22542,0.52336,0.51071,0.44571
2021,baseball,2021-05-31,True,60.0,509080,Maryland,28,16,0.63171,0.50288,0.50283,0.53507
2021,baseball,2021-05-31,True,199.0,509082,Massachusetts,13,30,0.36768,0.52843,0.47161,0.47404
2021,baseball,2021-05-31,True,139.0,509083,McNeese,32,28,0.54307,0.47914,0.49135,0.49818
2021,baseball,2021-05-31,True,232.0,509084,Memphis,18,39,0.28571,0.52618,0.50144,0.45988
2021,baseball,2021-05-31,True,63.0,509085,Mercer,35,22,0.61266,0.50491,0.50531,0.53195
2021,baseball,2021-05-31,True,211.0,508931,Merrimack,19,22,0.45823,0.4786,0.46129,0.46918
2021,baseball,2021-05-31,True,26.0,509087,Miami (FL),32,19,0.62986,0.5456,0.54285,0.56598
2021,baseball,2021-05-31,True,205.0,509086,Miami (OH),25,31,0.48263,0.45405,0.49705,0.47195
2021,baseball,2021-05-31,True,77.0,509089,Michigan,27,17,0.60398,0.49961,0.49963,0.52571
2021,baseball,2021-05-31,True,216.0,509088,Michigan St.,17,27,0.38938,0.49026,0.49951,0.46735
2021,baseball,2021-05-31,True,234.0,509090,Middle Tenn.,24,29,0.44466,0.44004,0.51038,0.45878
2021,baseball,2021-05-31,True,242.0,508925,Milwaukee,22,33,0.40705,0.4682,0.47253,0.454
2021,baseball,2021-05-31,True,281.0,509091,Minnesota,6,31,0.13187,0.49395,0.49185,0.40291
2021,baseball,2021-05-31,True,7.0,509092,Mississippi St.,40,15,0.69025,0.5666,0.53154,0.58875
2021,baseball,2021-05-31,True,293.0,509093,Mississippi Val.,0,20,0.0,0.45211,0.41674,0.33024
2021,baseball,2021-05-31,True,136.0,509095,Missouri,15,36,0.30994,0.57683,0.53154,0.49878
2021,baseball,2021-05-31,True,123.0,509181,Missouri St.,21,23,0.4976,0.50811,0.50667,0.50512
2021,baseball,2021-05-31,True,79.0,509096,Monmouth,24,13,0.62195,0.49612,0.4878,0.5255
2021,baseball,2021-05-31,True,132.0,509097,Morehead St.,24,23,0.55684,0.47851,0.48681,0.50017
2021,baseball,2021-05-31,True,291.0,509098,Mount St. Mary's,9,28,0.20107,0.45015,0.43772,0.38477
2021,baseball,2021-05-31,True,129.0,509099,Murray St.,33,25,0.5878,0.45936,0.49554,0.50051
2021,baseball,2021-05-31,True,253.0,509116,N.C. A&T,22,32,0.43606,0.435,0.47927,0.44633
2021,baseball,2021-05-31,True,191.0,509117,N.C. Central,27,20,0.58352,0.43028,0.46229,0.47659
2021,baseball,2021-05-31,True,34.0,509118,NC State,30,17,0.60835,0.54607,0.53449,0.55874
2021,baseball,2021-05-31,True,258.0,509123,NIU,16,38,0.31558,0.48716,0.47802,0.44198
2021,baseball,2021-05-31,True,113.0,509109,NJIT,26,22,0.57113,0.49022,0.48455,0.50903
2021,baseball,2021-05-31,True,252.0,508904,Navy,17,15,0.52465,0.39741,0.46664,0.44653
2021,baseball,2021-05-31,True,41.0,509105,Nebraska,31,12,0.71685,0.49427,0.50335,0.55219
2021,baseball,2021-05-31,True,37.0,509108,Nevada,25,18,0.62779,0.54431,0.51244,0.55721
2021,baseball,2021-05-31,True,198.0,509111,New Mexico,16,25,0.40701,0.48894,0.5117,0.47415
2021,baseball,2021-05-31,True,230.0,509110,New Mexico St.,20,34,0.37832,0.4922,0.48143,0.46104
2021,baseball,2021-05-31,True,152.0,509112,New Orleans,29,28,0.49009,0.4939,0.49094,0.49221
2021,baseball,2021-05-31,True,141.0,509113,Niagara,17,17,0.54412,0.47747,0.4878,0.49672
2021,baseball,2021-05-31,True,239.0,509114,Nicholls,21,34,0.35812,0.48689,0.48687,0.45469
2021,baseball,2021-05-31,True,259.0,509115,Norfolk St.,25,26,0.47791,0.41218,0.45794,0.44005
2021,baseball,2021-05-31,True,285.0,508952,North Ala.,7,40,0.14353,0.4772,0.47931,0.39431
2021,baseball,2021-05-31,True,47.0,509101,North Carolina,27,25,0.49254,0.58009,0.532,0.54618
2021,baseball,2021-05-31,True,92.0,509119,North Dakota St.,41,17,0.75212,0.41522,0.50208,0.52116
2021,baseball,2021-05-31,True,125.0,508942,North Florida,22,23,0.50575,0.49566,0.51968,0.50419
2021,baseball,2021-05-31,True,32.0,509121,Northeastern,36,10,0.80383,0.45703,0.52398,0.56047
2021,baseball,2021-05-31,True,280.0,509122,Northern Colo.,11,36,0.22673,0.46163,0.46851,0.40462
2021,baseball,2021-05-31,True,250.0,509124,Northern Ky.,17,31,0.37446,0.47461,0.46617,0.44746
2021,baseball,2021-05-31,True,172.0,509126,Northwestern,15,21,0.43966,0.49856,0.50182,0.48465
2021,baseball,2021-05-31,True,160.0,509125,Northwestern St.,27,26,0.51,0.47717,0.49361,0.48949
2021,baseball,2021-05-31,True,10.0,509127,Notre Dame,30,11,0.72315,0.53736,0.54696,0.58621
2021,baseball,2021-05-31,True,264.0,509128,Oakland,18,29,0.42762,0.40898,0.48418,0.43244
2021,baseball,2021-05-31,True,194.0,509130,Ohio,28,25,0.51546,0.45135,0.48421,0.4756
2021,baseball,2021-05-31,True,97.0,509129,Ohio St.,22,20,0.49487,0.54458,0.49301,0.51926
2021,baseball,2021-05-31,True,67.0,509132,Oklahoma,27,28,0.46283,0.56679,0.52687,0.53082
2021,baseball,2021-05-31,True,15.0,509131,Oklahoma St.,35,17,0.63808,0.57565,0.52663,0.579
2021,baseball,2021-05-31,True,8.0,509133,Old Dominion,42,14,0.73503,0.55679,0.50466,0.58832
2021,baseball,2021-05-31,True,16.0,509094,Ole Miss,41,19,0.64652,0.56746,0.53311,0.57864
2021,baseball,2021-05-31,True,209.0,509106,Omaha,22,25,0.45119,0.46808,0.49405,0.47035
2021,baseball,2021-05-31,True,121.0,509134,Oral Roberts,31,23,0.57559,0.47363,0.50031,0.50579
2021,baseball,2021-05-31,True,14.0,509136,Oregon,37,14,0.71717,0.54207,0.52704,0.58209
2021,baseball,2021-05-31,True,20.0,509135,Oregon St.,34,22,0.6107,0.57971,0.51661,0.57169
2021,baseball,2021-05-31,True,219.0,509137,Pacific,17,34,0.34949,0.50787,0.49459,0.46496
2021,baseball,2021-05-31,True,147.0,509140,Penn,6,8,0.38571,0.57873,0.43776,0.49524
2021,baseball,2021-05-31,True,162.0,509139,Penn St.,18,24,0.43609,0.50724,0.49981,0.48759
2021,baseball,2021-05-31,True,134.0,509141,Pepperdine,20,25,0.4877,0.50708,0.49391,0.49894
2021,baseball,2021-05-31,True,52.0,509142,Pittsburgh,23,20,0.52093,0.55134,0.54269,0.54157
2021,baseball,2021-05-31,True,181.0,509143,Portland,24,26,0.48617,0.46419,0.50727,0.48045
2021,baseball,2021-05-31,True,270.0,509144,Prairie View,14,18,0.48276,0.37112,0.45644,0.42036
2021,baseball,2021-05-31,True,157.0,508939,Presbyterian,22,21,0.55583,0.45778,0.48998,0.49034
2021,baseball,2021-05-31,True,,509145,Princeton,0,0,0.5,0.5,0.5,0.5
2021,baseball,2021-05-31,True,224.0,509146,Purdue,16,26,0.39815,0.4767,0.50203,0.46339
2021,baseball,2021-05-31,True,273.0,509052,Purdue Fort Wayne,11,35,0.24541,0.48266,0.45787,0.41715
2021,baseball,2021-05-31,True,201.0,509147,Quinnipiac,7,21,0.268,0.58578,0.45396,0.47338
2021,baseball,2021-05-31,True,169.0,509148,Radford,23,23,0.48605,0.48716,0.48311,0.48587
2021,baseball,2021-05-31,True,72.0,509149,Rhode Island,28,26,0.56151,0.52215,0.50662,0.52811
2021,baseball,2021-05-31,True,180.0,509150,Rice,23,29,0.41487,0.5011,0.50624,0.48083
2021,baseball,2021-05-31,True,238.0,509151,Richmond,19,17,0.48512,0.41939,0.49586,0.45494
2021,baseball,2021-05-31,True,101.0,509152,Rider,23,16,0.61905,0.47985,0.49175,0.51762
2021,baseball,2021-05-31,True,128.0,509153,Rutgers,21,23,0.48511,0.51091,0.49781,0.50118
2021,baseball,2021-05-31,True,184.0,509185,SFA,20,31,0.41342,0.50792,0.4876,0.47922
2021,baseball,2021-05-31,True,215.0,509178,SIUE,23,27,0.47021,0.45322,0.49397,0.46765
2021,baseball,2021-05-31,True,138.0,508988,Sacramento St.,35,22,0.61404,0.44389,0.49231,0.49853
2021,baseball,2021-05-31,True,175.0,509154,Sacred Heart,23,25,0.53111,0.46801,0.46731,0.48361
2021,baseball,2021-05-31,True,131.0,509157,Saint Joseph's,21,19,0.52208,0.50226,0.47437,0.50024
2021,baseball,2021-05-31,True,220.0,509158,Saint Louis,17,31,0.33534,0.51873,0.48618,0.46475
2021,baseball,2021-05-31,True,196.0,509159,Saint Mary's (CA),25,26,0.48687,0.45738,0.49919,0.4752
2021,baseball,2021-05-31,True,282.0,509160,Saint Peter's,4,24,0.12687,0.50952,0.4657,0.4029
2021,baseball,2021-05-31,True,110.0,509161,Sam Houston,30,25,0.53832,0.50671,0.49741,0.51228
2021,baseball,2021-05-31,True,58.0,509162,Samford,35,22,0.63178,0.50139,0.51021,0.53619
2021,baseball,2021-05-31,True,56.0,509164,San Diego,33,12,0.72263,0.45707,0.51238,0.53729
2021,baseball,2021-05-31,True,62.0,509163,San Diego St.,30,16,0.65094,0.48417,0.51074,0.53251
2021,baseball,2021-05-31,True,119.0,509165,San Francisco,25,28,0.49705,0.51282,0.50128,0.50599
2021,baseball,2021-05-31,True,268.0,509166,San Jose St.,6,30,0.18182,0.50623,0.50025,0.42363
2021,baseball,2021-05-31,True,203.0,509167,Santa Clara,18,33,0.35503,0.52122,0.49542,0.47322
2021,baseball,2021-05-31,True,227.0,508940,Seattle U,18,33,0.38217,0.49238,0.47945,0.46159
2021,baseball,2021-05-31,True,126.0,509168,Seton Hall,23,25,0.51126,0.51058,0.48239,0.5037
2021,baseball,2021-05-31,True,261.0,509169,Siena,15,24,0.36752,0.44022,0.49922,0.4368
2021,baseball,2021-05-31,True,54.0,509170,South Alabama,33,20,0.6338,0.50888,0.5016,0.53829
2021,baseball,2021-05-31,True,17.0,509171,South Carolina,33,21,0.59394,0.58512,0.54237,0.57664
2021,baseball,2021-05-31,True,245.0,509172,South Dakota St.,15,32,0.36449,0.48603,0.47019,0.45168
2021,baseball,2021-05-31,True,108.0,509173,South Fla.,28,27,0.50376,0.51942,0.51182,0.51361
2021,baseball,2021-05-31,True,80.0,509174,Southeast Mo. St.,30,20,0.611,0.49755,0.495,0.52528
2021,baseball,2021-05-31,True,127.0,509175,Southeastern La.,32,24,0.56641,0.47449,0.49877,0.50354
2021,baseball,2021-05-31,True,99.0,509176,Southern California,25,26,0.45051,0.54934,0.52196,0.51778
2021,baseball,2021-05-31,True,73.0,509177,Southern Ill.,40,20,0.65233,0.47823,0.50127,0.52751
2021,baseball,2021-05-31,True,29.0,509179,Southern Miss.,37,19,0.65283,0.55209,0.50427,0.56532
2021,baseball,2021-05-31,True,266.0,509180,Southern U.,20,28,0.45221,0.40181,0.46349,0.42983
2021,baseball,2021-05-31,True,276.0,509155,St. Bonaventure,7,24,0.21824,0.49088,0.45284,0.41321
2021,baseball,2021-05-31,True,190.0,509156,St. John's (NY),19,21,0.44947,0.48805,0.48145,0.47675
2021,baseball,2021-05-31,True,12.0,509184,Stanford,33,14,0.70302,0.55334,0.52684,0.58413
2021,baseball,2021-05-31,True,142.0,509186,Stetson,26,23,0.53659,0.4637,0.52267,0.49667
2021,baseball,2021-05-31,True,94.0,509187,Stony Brook,31,18,0.60792,0.49343,0.48514,0.51998
2021,baseball,2021-05-31,True,4.0,508892,TCU,40,17,0.68996,0.57796,0.52308,0.59224
2021,baseball,2021-05-31,True,237.0,509348,Tarleton St.,20,35,0.39065,0.4755,0.47879,0.45511
2021,baseball,2021-05-31,True,6.0,509189,Tennessee,45,16,0.70946,0.55475,0.53666,0.5889
2021,baseball,2021-05-31,True,150.0,509188,Tennessee Tech,22,25,0.50358,0.48994,0.48652,0.4925
2021,baseball,2021-05-31,True,2.0,508896,Texas,42,15,0.71591,0.56968,0.52485,0.59503
2021,baseball,2021-05-31,True,83.0,508891,Texas A&M,29,27,0.47266,0.54689,0.53181,0.52456
2021,baseball,2021-05-31,True,288.0,508893,Texas Southern,12,35,0.27889,0.40656,0.46639,0.3896
2021,baseball,2021-05-31,True,231.0,509182,Texas St.,21,36,0.34078,0.49679,0.50905,0.46085
2021,baseball,2021-05-31,True,11.0,508894,Texas Tech,36,15,0.6732,0.56924,0.53051,0.58555
2021,baseball,2021-05-31,True,267.0,509002,The Citadel,12,39,0.19162,0.50843,0.49545,0.42598
2021,baseball,2021-05-31,True,167.0,508898,Toledo,23,33,0.44981,0.50891,0.4799,0.48688
2021,baseball,2021-05-31,True,221.0,508899,Towson,21,36,0.38286,0.49251,0.4884,0.46407
2021,baseball,2021-05-31,True,137.0,508900,Troy,27,26,0.49478,0.49646,0.50685,0.49864
2021,baseball,2021-05-31,True,78.0,508901,Tulane,31,24,0.53307,0.53252,0.50459,0.52568
2021,baseball,2021-05-31,True,257.0,508958,UAB,18,36,0.29412,0.48754,0.50261,0.44295
2021,baseball,2021-05-31,True,166.0,508959,UAlbany,22,25,0.48707,0.49176,0.47729,0.48697
2021,baseball,2021-05-31,True,274.0,508991,UC Davis,14,43,0.20244,0.48294,0.49934,0.41692
2021,baseball,2021-05-31,True,24.0,508992,UC Irvine,40,16,0.73745,0.50919,0.51717,0.56825
2021,baseball,2021-05-31,True,208.0,508994,UC Riverside,15,36,0.30286,0.54654,0.48651,0.47061
2021,baseball,2021-05-31,True,149.0,509216,UC San Diego,24,28,0.45221,0.51425,0.49783,0.49463
2021,baseball,2021-05-31,True,44.0,508989,UC Santa Barbara,39,18,0.66138,0.50979,0.51055,0.54788
2021,baseball,2021-05-31,True,88.0,508998,UCF,31,30,0.51877,0.52828,0.51413,0.52237
2021,baseball,2021-05-31,True,19.0,508993,UCLA,35,18,0.64637,0.55925,0.52379,0.57216
2021,baseball,2021-05-31,True,23.0,509006,UConn,33,17,0.71018,0.52564,0.51307,0.56863
2021,baseball,2021-05-31,True,105.0,509049,UIC,30,18,0.64072,0.46677,0.49022,0.51612
2021,baseball,2021-05-31,True,235.0,508943,UIW,21,28,0.41686,0.4649,0.48441,0.45777
2021,baseball,2021-05-31,True,118.0,509120,ULM,26,26,0.5154,0.50494,0.49995,0.50631
2021,baseball,2021-05-31,True,255.0,509079,UMBC,17,26,0.37897,0.46082,0.4815,0.44553
2021,baseball,2021-05-31,True,,509081,UMES,0,0,0.5,0.5,0.5,0.5
2021,baseball,2021-05-31,True,193.0,509073,UMass Lowell,19,28,0.42418,0.50301,0.47515,0.47634
2021,baseball,2021-05-31,True,247.0,509100,UNC Asheville,15,33,0.30282,0.50777,0.48068,0.44976
2021,baseball,2021-05-31,True,100.0,509103,UNC Greensboro,27,25,0.53696,0.5113,0.51141,0.51775
2021,baseball,2021-05-31,True,76.0,509104,UNCW,32,22,0.54978,0.51887,0.51693,0.52611
2021,baseball,2021-05-31,True,53.0,509107,UNLV,20,13,0.59176,0.53135,0.5086,0.54076
2021,baseball,2021-05-31,True,50.0,508945,USC Upstate,37,16,0.71593,0.4862,0.49431,0.54566
2021,baseball,2021-05-31,True,143.0,508895,UT Arlington,27,30,0.48087,0.49895,0.50733,0.49653
2021,baseball,2021-05-31,True,194.0,509190,UT Martin,19,29,0.46368,0.47692,0.48491,0.4756
2021,baseball,2021-05-31,True,156.0,509138,UTRGV,32,26,0.5499,0.46289,0.48736,0.49076
2021,baseball,2021-05-31,True,85.0,508897,UTSA,22,26,0.47983,0.5513,0.51264,0.52377
2021,baseball,2021-05-31,True,206.0,508905,Utah,17,33,0.34698,0.50723,0.52535,0.4717
2021,baseball,2021-05-31,True,210.0,509412,Utah Tech,24,32,0.43033,0.48125,0.48484,0.46942
2021,baseball,2021-05-31,True,286.0,508951,Utah Valley,10,47,0.19962,0.44869,0.47437,0.39284
2021,baseball,2021-05-31,True,28.0,508909,VCU,37,14,0.75681,0.49869,0.50852,0.56568
2021,baseball,2021-05-31,True,183.0,508910,VMI,18,29,0.36923,0.52965,0.49044,0.47975
2021,baseball,2021-05-31,True,217.0,508906,Valparaiso,16,35,0.35794,0.50607,0.49574,0.46646
2021,baseball,2021-05-31,True,3.0,508907,Vanderbilt,40,15,0.70717,0.56271,0.5378,0.5926
2021,baseball,2021-05-31,True,93.0,508908,Villanova,21,14,0.60704,0.48837,0.50007,0.52096
2021,baseball,2021-05-31,True,42.0,508912,Virginia,29,23,0.53816,0.56468,0.53292,0.55011
2021,baseball,2021-05-31,True,69.0,508911,Virginia Tech,27,25,0.49016,0.54691,0.53572,0.52992
2021,baseball,2021-05-31,True,271.0,508913,Wagner,11,25,0.33602,0.43934,0.45987,0.41864
2021,baseball,2021-05-31,True,87.0,508914,Wake Forest,20,27,0.41084,0.57708,0.52495,0.52249
2021,baseball,2021-05-31,True,178.0,508916,Washington,20,30,0.34454,0.53369,0.51766,0.4824
2021,baseball,2021-05-31,True,75.0,508915,Washington St.,26,23,0.5505,0.51711,0.5243,0.52725
2021,baseball,2021-05-31,True,90.0,508917,West Virginia,25,27,0.4551,0.55122,0.5288,0.52159
2021,baseball,2021-05-31,True,84.0,508918,Western Caro.,28,21,0.55864,0.51646,0.50663,0.52455
2021,baseball,2021-05-31,True,260.0,508919,Western Ill.,11,29,0.28919,0.50084,0.46893,0.43995
2021,baseball,2021-05-31,True,151.0,508920,Western Ky.,27,29,0.45802,0.49895,0.51323,0.49228
2021,baseball,2021-05-31,True,179.0,508921,Western Mich.,24,26,0.48472,0.4795,0.48084,0.48114
2021,baseball,2021-05-31,True,95.0,508922,Wichita St.,31,23,0.55556,0.50704,0.50987,0.51988
2021,baseball,2021-05-31,True,192.0,508923,William & Mary,14,29,0.3275,0.5432,0.4923,0.47655
2021,baseball,2021-05-31,True,241.0,508924,Winthrop,19,27,0.38546,0.47245,0.48711,0.45437
2021,baseball,2021-05-31,True,64.0,508944,Wofford,36,21,0.63842,0.49156,0.50609,0.53191
2021,baseball,2021-05-31,True,21.0,508926,Wright St.,35,11,0.78708,0.50281,0.488,0.57018
2021,baseball,2021-05-31,True,107.0,508927,Xavier,28,26,0.53996,0.50792,0.49987,0.51392
2021,baseball,2021-05-31,True,,508928,Yale,0,0,0.5,0.5,0.5,0.5
2021,baseball,2021-05-31,True,122.0,508929,Youngstown St.,32,24,0.604,0.46629,0.48566,0.50556
