year,sport,snapshot_date,is_selection,rank,yearId,name,w,l,wp,owp,oowp,rpi
2024,baseball,2024-02-19,False,142.0,573989,A&M-Corpus Christi,2,2,0.58824,0.5,0.5,0.52206
2024,baseball,2024-02-19,False,84.0,573995,Abilene Christian,3,1,0.61765,0.5,0.75,0.59191
2024,baseball,2024-02-19,False,160.0,573924,Air Force,1,2,0.48148,0.5,0.33333,0.4537
2024,baseball,2024-02-19,False,143.0,573912,Akron,2,2,0.54054,0.5,0.5,0.51014
2024,baseball,2024-02-19,False,2.0,573998,Alabama,3,0,1.0,0.5,1.0,0.75
2024,baseball,2024-02-19,False,160.0,573996,Alabama A&M,1,2,0.48148,0.5,0.33333,0.4537
2024,baseball,2024-02-19,False,152.0,573997,Alabama St.,2,2,0.35,0.5,0.5,0.4625
2024,baseball,2024-02-19,False,238.0,574001,Alcorn,0,3,0.0,0.5,0.33333,0.33333
2024,baseball,2024-02-19,False,65.0,574002,App State,2,1,0.78788,0.5,0.66667,0.61364
2024,baseball,2024-02-19,False,100.0,574004,Arizona,2,1,0.51852,0.5,0.66667,0.5463
2024,baseball,2024-02-19,False,100.0,574003,Arizona St.,2,1,0.51852,0.5,0.66667,0.5463
2024,baseball,2024-02-19,False,100.0,573982,Ark.-Pine Bluff,2,1,0.51852,0.5,0.66667,0.5463
2024,baseball,2024-02-19,False,100.0,574006,Arkansas,2,1,0.51852,0.5,0.66667,0.5463
2024,baseball,2024-02-19,False,2.0,574005,Arkansas St.,3,0,1.0,0.5,1.0,0.75
2024,baseball,2024-02-19,False,145.0,573925,Army West Point,2,2,0.5,0.5,0.5,0.5
2024,baseball,2024-02-19,False,2.0,574008,Auburn,3,0,1.0,0.5,1.0,0.75
2024,baseball,2024-02-19,False,100.0,574009,Austin Peay,2,1,0.51852,0.5,0.66667,0.5463
2024,baseball,2024-02-19,False,212.0,574018,BYU,1,1,0.5,0.25,0.55556,0.38889
2024,baseball,2024-02-19,False,95.0,574010,Ball St.,3,1,0.75,0.45833,0.5816,0.56207
2024,baseball,2024-02-19,False,243.0,574012,Baylor,0,3,0.0,0.33333,0.44444,0.27778
2024,baseball,2024-02-19,False,160.0,574228,Bellarmine,1,2,0.48148,0.5,0.33333,0.4537
2024,baseball,2024-02-19,False,84.0,573987,Belmont,3,1,0.61765,0.5,0.75,0.59191
2024,baseball,2024-02-19,False,100.0,574013,Bethune-Cookman,2,1,0.51852,0.5,0.66667,0.5463
2024,baseball,2024-02-19,False,244.0,574014,Binghamton,0,3,0.0,0.5,0.0,0.25
2024,baseball,2024-02-19,False,50.0,574015,Boston College,2,1,0.66667,0.83333,0.42593,0.68981
2024,baseball,2024-02-19,False,160.0,574016,Bowling Green,1,2,0.48148,0.5,0.33333,0.4537
2024,baseball,2024-02-19,False,160.0,574017,Bradley,1,2,0.48148,0.5,0.33333,0.4537
2024,baseball,2024-02-19,False,,574019,Brown,0,0,0.5,0.5,0.5,0.5
2024,baseball,2024-02-19,False,244.0,574020,Bryant,0,1,0.0,0.5,0.0,0.25
2024,baseball,2024-02-19,False,210.0,574021,Bucknell,1,2,0.37037,0.33333,0.53704,0.39352
2024,baseball,2024-02-19,False,244.0,574022,Butler,0,2,0.0,0.5,0.0,0.25
2024,baseball,2024-02-19,False,233.0,574024,CSU Bakersfield,0,3,0.0,0.5,0.44444,0.36111
2024,baseball,2024-02-19,False,292.0,574028,CSUN,1,2,0.21212,0.0,0.375,0.14678
2024,baseball,2024-02-19,False,215.0,574023,Cal Poly,1,2,0.21212,0.5,0.33333,0.38636
2024,baseball,2024-02-19,False,65.0,574026,Cal St. Fullerton,2,1,0.78788,0.5,0.66667,0.61364
2024,baseball,2024-02-19,False,92.0,574031,California,2,1,0.66667,0.5,0.62963,0.57407
2024,baseball,2024-02-19,False,150.0,573994,California Baptist,2,2,0.46512,0.5,0.5,0.49128
2024,baseball,2024-02-19,False,100.0,574036,Campbell,2,1,0.51852,0.5,0.66667,0.5463
2024,baseball,2024-02-19,False,244.0,574037,Canisius,0,1,0.0,0.5,0.0,0.25
2024,baseball,2024-02-19,False,210.0,573972,Central Ark.,1,2,0.37037,0.33333,0.53704,0.39352
2024,baseball,2024-02-19,False,,574038,Central Conn. St.,0,0,0.5,0.5,0.5,0.5
2024,baseball,2024-02-19,False,195.0,574040,Central Mich.,1,3,0.325,0.5,0.4375,0.44062
2024,baseball,2024-02-19,False,100.0,574011,Charleston So.,2,1,0.51852,0.5,0.66667,0.5463
2024,baseball,2024-02-19,False,215.0,574140,Charlotte,1,2,0.21212,0.5,0.33333,0.38636
2024,baseball,2024-02-19,False,244.0,574041,Cincinnati,0,2,0.0,0.5,0.0,0.25
2024,baseball,2024-02-19,False,2.0,574043,Clemson,3,0,1.0,0.5,1.0,0.75
2024,baseball,2024-02-19,False,197.0,574044,Coastal Carolina,1,2,0.21212,0.5,0.48148,0.4234
2024,baseball,2024-02-19,False,2.0,573974,Col. of Charleston,3,0,1.0,0.5,1.0,0.75
2024,baseball,2024-02-19,False,,574045,Columbia,0,0,0.5,0.5,0.5,0.5
2024,baseball,2024-02-19,False,244.0,574047,Coppin St.,0,2,0.0,0.5,0.0,0.25
2024,baseball,2024-02-19,False,,574048,Cornell,0,0,0.5,0.5,0.5,0.5
2024,baseball,2024-02-19,False,2.0,574049,Creighton,2,0,1.0,0.5,1.0,0.75
2024,baseball,2024-02-19,False,2.0,573975,DBU,3,0,1.0,0.5,1.0,0.75
2024,baseball,2024-02-19,False,,574050,Dartmouth,0,0,0.5,0.5,0.5,0.5
2024,baseball,2024-02-19,False,215.0,574051,Davidson,1,2,0.21212,0.5,0.33333,0.38636
2024,baseball,2024-02-19,False,100.0,574052,Dayton,2,1,0.51852,0.5,0.66667,0.5463
2024,baseball,2024-02-19,False,136.0,574054,Delaware,1,1,0.65,0.5,0.5,0.5375
2024,baseball,2024-02-19,False,160.0,574053,Delaware St.,1,2,0.48148,0.5,0.33333,0.4537
2024,baseball,2024-02-19,False,60.0,574055,Duke,3,0,1.0,0.5,0.55556,0.63889
2024,baseball,2024-02-19,False,2.0,574057,ETSU,3,0,1.0,0.5,1.0,0.75
2024,baseball,2024-02-19,False,2.0,574056,East Carolina,3,0,1.0,0.5,1.0,0.75
2024,baseball,2024-02-19,False,160.0,574058,Eastern Ill.,1,2,0.48148,0.5,0.33333,0.4537
2024,baseball,2024-02-19,False,244.0,574059,Eastern Ky.,0,3,0.0,0.5,0.0,0.25
2024,baseball,2024-02-19,False,203.0,574060,Eastern Mich.,1,3,0.38235,0.5,0.25,0.40809
2024,baseball,2024-02-19,False,215.0,573976,Elon,1,2,0.21212,0.5,0.33333,0.38636
2024,baseball,2024-02-19,False,65.0,574061,Evansville,2,1,0.78788,0.5,0.66667,0.61364
2024,baseball,2024-02-19,False,203.0,574063,FDU,1,3,0.38235,0.5,0.25,0.40809
2024,baseball,2024-02-19,False,244.0,573991,FGCU,0,3,0.0,0.5,0.0,0.25
2024,baseball,2024-02-19,False,2.0,574066,FIU,3,0,1.0,0.5,1.0,0.75
2024,baseball,2024-02-19,False,244.0,574062,Fairfield,0,3,0.0,0.5,0.0,0.25
2024,baseball,2024-02-19,False,160.0,574065,Fla. Atlantic,1,2,0.48148,0.5,0.33333,0.4537
2024,baseball,2024-02-19,False,244.0,574068,Florida,0,1,0.0,0.5,0.0,0.25
2024,baseball,2024-02-19,False,100.0,574064,Florida A&M,2,1,0.51852,0.5,0.66667,0.5463
2024,baseball,2024-02-19,False,2.0,574067,Florida St.,2,0,1.0,0.5,1.0,0.75
2024,baseball,2024-02-19,False,212.0,574069,Fordham,0,3,0.0,0.55556,0.44444,0.38889
2024,baseball,2024-02-19,False,2.0,574025,Fresno St.,3,0,1.0,0.5,1.0,0.75
2024,baseball,2024-02-19,False,215.0,574073,Ga. Southern,1,2,0.21212,0.5,0.33333,0.38636
2024,baseball,2024-02-19,False,215.0,573977,Gardner-Webb,1,2,0.21212,0.5,0.33333,0.38636
2024,baseball,2024-02-19,False,233.0,574070,George Mason,0,3,0.0,0.5,0.44444,0.36111
2024,baseball,2024-02-19,False,244.0,574071,George Washington,0,3,0.0,0.5,0.0,0.25
2024,baseball,2024-02-19,False,208.0,574072,Georgetown,0,3,0.0,0.66667,0.2963,0.40741
2024,baseball,2024-02-19,False,2.0,574076,Georgia,3,0,1.0,0.5,1.0,0.75
2024,baseball,2024-02-19,False,160.0,574074,Georgia St.,1,2,0.48148,0.5,0.33333,0.4537
2024,baseball,2024-02-19,False,2.0,574075,Georgia Tech,3,0,1.0,0.5,1.0,0.75
2024,baseball,2024-02-19,False,244.0,574077,Gonzaga,0,3,0.0,0.5,0.0,0.25
2024,baseball,2024-02-19,False,145.0,574078,Grambling,1,2,0.33333,0.66667,0.33333,0.5
2024,baseball,2024-02-19,False,196.0,573978,Grand Canyon,2,0,1.0,0.0,0.75,0.4375
2024,baseball,2024-02-19,False,,574080,Harvard,0,0,0.5,0.5,0.5,0.5
2024,baseball,2024-02-19,False,152.0,574081,Hawaii,2,2,0.35,0.5,0.5,0.4625
2024,baseball,2024-02-19,False,236.0,573988,High Point,1,3,0.15217,0.5,0.25,0.35054
2024,baseball,2024-02-19,False,244.0,574082,Hofstra,0,3,0.0,0.5,0.0,0.25
2024,baseball,2024-02-19,False,160.0,574083,Holy Cross,1,2,0.48148,0.5,0.33333,0.4537
2024,baseball,2024-02-19,False,2.0,574085,Houston,3,0,1.0,0.5,1.0,0.75
2024,baseball,2024-02-19,False,84.0,574084,Houston Christian,3,1,0.61765,0.5,0.75,0.59191
2024,baseball,2024-02-19,False,143.0,574087,Illinois,2,2,0.54054,0.5,0.5,0.51014
2024,baseball,2024-02-19,False,230.0,574086,Illinois St.,1,2,0.33333,0.33333,0.53704,0.38426
2024,baseball,2024-02-19,False,99.0,574090,Indiana,2,1,0.69697,0.5,0.51852,0.55387
2024,baseball,2024-02-19,False,59.0,574089,Indiana St.,2,0,1.0,0.5,0.58333,0.64583
2024,baseball,2024-02-19,False,244.0,574092,Iona,0,3,0.0,0.5,0.0,0.25
2024,baseball,2024-02-19,False,51.0,574093,Iowa,2,1,0.66667,0.83333,0.41898,0.68808
2024,baseball,2024-02-19,False,145.0,574094,Jackson St.,2,1,0.66667,0.33333,0.66667,0.5
2024,baseball,2024-02-19,False,2.0,574096,Jacksonville,2,0,1.0,0.5,1.0,0.75
2024,baseball,2024-02-19,False,100.0,574095,Jacksonville St.,2,1,0.51852,0.5,0.66667,0.5463
2024,baseball,2024-02-19,False,160.0,574097,James Madison,1,2,0.48148,0.5,0.33333,0.4537
2024,baseball,2024-02-19,False,201.0,574099,Kansas,1,2,0.33333,0.5,0.33333,0.41667
2024,baseball,2024-02-19,False,92.0,574098,Kansas St.,2,1,0.66667,0.5,0.62963,0.57407
2024,baseball,2024-02-19,False,160.0,573979,Kennesaw St.,1,2,0.48148,0.5,0.33333,0.4537
2024,baseball,2024-02-19,False,160.0,574100,Kent St.,1,2,0.48148,0.5,0.33333,0.4537
2024,baseball,2024-02-19,False,2.0,574101,Kentucky,3,0,1.0,0.5,1.0,0.75
2024,baseball,2024-02-19,False,244.0,574106,LIU,0,3,0.0,0.5,0.0,0.25
2024,baseball,2024-02-19,False,65.0,574112,LMU (CA),2,1,0.78788,0.5,0.66667,0.61364
2024,baseball,2024-02-19,False,54.0,574108,LSU,3,0,1.0,0.5,0.61111,0.65278
2024,baseball,2024-02-19,False,244.0,574102,Lafayette,0,3,0.0,0.5,0.0,0.25
2024,baseball,2024-02-19,False,94.0,574103,Lamar University,2,1,0.74074,0.5,0.51852,0.56481
2024,baseball,2024-02-19,False,203.0,574412,Le Moyne,1,3,0.38235,0.5,0.25,0.40809
2024,baseball,2024-02-19,False,63.0,574104,Lehigh,2,1,0.66667,0.66667,0.53704,0.63426
2024,baseball,2024-02-19,False,2.0,574105,Liberty,3,0,1.0,0.5,1.0,0.75
2024,baseball,2024-02-19,False,160.0,574230,Lindenwood,1,2,0.48148,0.5,0.33333,0.4537
2024,baseball,2024-02-19,False,215.0,573990,Lipscomb,1,2,0.21212,0.5,0.33333,0.38636
2024,baseball,2024-02-19,False,215.0,574007,Little Rock,1,2,0.21212,0.5,0.33333,0.38636
2024,baseball,2024-02-19,False,2.0,574027,Long Beach St.,2,0,1.0,0.5,1.0,0.75
2024,baseball,2024-02-19,False,2.0,574107,Longwood,3,0,1.0,0.5,1.0,0.75
2024,baseball,2024-02-19,False,100.0,574220,Louisiana,2,1,0.51852,0.5,0.66667,0.5463
2024,baseball,2024-02-19,False,2.0,574109,Louisiana Tech,4,0,1.0,0.5,1.0,0.75
2024,baseball,2024-02-19,False,159.0,574110,Louisville,0,2,0.0,0.75,0.33333,0.45833
2024,baseball,2024-02-19,False,244.0,574113,Maine,0,3,0.0,0.5,0.0,0.25
2024,baseball,2024-02-19,False,244.0,574114,Manhattan,0,3,0.0,0.5,0.0,0.25
2024,baseball,2024-02-19,False,160.0,574115,Marist,1,2,0.48148,0.5,0.33333,0.4537
2024,baseball,2024-02-19,False,244.0,574116,Marshall,0,3,0.0,0.5,0.0,0.25
2024,baseball,2024-02-19,False,65.0,574118,Maryland,2,1,0.78788,0.5,0.66667,0.61364
2024,baseball,2024-02-19,False,,574120,Massachusetts,0,0,0.5,0.5,0.5,0.5
2024,baseball,2024-02-19,False,244.0,574121,McNeese,0,3,0.0,0.5,0.0,0.25
2024,baseball,2024-02-19,False,160.0,574122,Memphis,1,2,0.48148,0.5,0.33333,0.4537
2024,baseball,2024-02-19,False,100.0,574123,Mercer,2,1,0.51852,0.5,0.66667,0.5463
2024,baseball,2024-02-19,False,242.0,573973,Merrimack,0,3,0.0,0.38889,0.40741,0.2963
2024,baseball,2024-02-19,False,2.0,574125,Miami (FL),3,0,1.0,0.5,1.0,0.75
2024,baseball,2024-02-19,False,244.0,574124,Miami (OH),0,3,0.0,0.5,0.0,0.25
2024,baseball,2024-02-19,False,145.0,574127,Michigan,2,2,0.5,0.5,0.5,0.5
2024,baseball,2024-02-19,False,231.0,574126,Michigan St.,1,3,0.25,0.41667,0.45312,0.38411
2024,baseball,2024-02-19,False,100.0,574128,Middle Tenn.,2,1,0.51852,0.5,0.66667,0.5463
2024,baseball,2024-02-19,False,244.0,573967,Milwaukee,0,3,0.0,0.5,0.0,0.25
2024,baseball,2024-02-19,False,100.0,574129,Minnesota,2,1,0.66667,0.5,0.51852,0.5463
2024,baseball,2024-02-19,False,100.0,574130,Mississippi St.,2,1,0.51852,0.5,0.66667,0.5463
2024,baseball,2024-02-19,False,,574131,Mississippi Val.,0,0,0.5,0.5,0.5,0.5
2024,baseball,2024-02-19,False,65.0,574133,Missouri,2,1,0.78788,0.5,0.66667,0.61364
2024,baseball,2024-02-19,False,65.0,574218,Missouri St.,2,1,0.78788,0.5,0.66667,0.61364
2024,baseball,2024-02-19,False,198.0,574134,Monmouth,1,3,0.25,0.5,0.4375,0.42188
2024,baseball,2024-02-19,False,65.0,574135,Morehead St.,2,1,0.78788,0.5,0.66667,0.61364
2024,baseball,2024-02-19,False,160.0,574136,Mount St. Mary's,1,2,0.48148,0.5,0.33333,0.4537
2024,baseball,2024-02-19,False,2.0,574137,Murray St.,2,0,1.0,0.5,1.0,0.75
2024,baseball,2024-02-19,False,2.0,574154,N.C. A&T,3,0,1.0,0.5,1.0,0.75
2024,baseball,2024-02-19,False,100.0,574155,NC State,2,1,0.51852,0.5,0.66667,0.5463
2024,baseball,2024-02-19,False,203.0,574160,NIU,1,3,0.38235,0.5,0.25,0.40809
2024,baseball,2024-02-19,False,244.0,574147,NJIT,0,3,0.0,0.5,0.0,0.25
2024,baseball,2024-02-19,False,65.0,573946,Navy,2,1,0.78788,0.5,0.66667,0.61364
2024,baseball,2024-02-19,False,212.0,574143,Nebraska,1,2,0.33333,0.33333,0.55556,0.38889
2024,baseball,2024-02-19,False,1.0,574146,Nevada,2,1,0.78788,1.0,0.625,0.85322
2024,baseball,2024-02-19,False,160.0,574149,New Mexico,1,2,0.33333,0.5,0.48148,0.4537
2024,baseball,2024-02-19,False,100.0,574148,New Mexico St.,2,1,0.51852,0.5,0.66667,0.5463
2024,baseball,2024-02-19,False,100.0,574150,New Orleans,2,1,0.51852,0.5,0.66667,0.5463
2024,baseball,2024-02-19,False,2.0,574151,Niagara,4,0,1.0,0.5,1.0,0.75
2024,baseball,2024-02-19,False,2.0,574152,Nicholls,3,0,1.0,0.5,1.0,0.75
2024,baseball,2024-02-19,False,100.0,574153,Norfolk St.,2,1,0.51852,0.5,0.66667,0.5463
2024,baseball,2024-02-19,False,151.0,573993,North Ala.,1,2,0.37037,0.5,0.48148,0.46296
2024,baseball,2024-02-19,False,2.0,574139,North Carolina,3,0,1.0,0.5,1.0,0.75
2024,baseball,2024-02-19,False,244.0,574156,North Dakota St.,0,3,0.0,0.5,0.0,0.25
2024,baseball,2024-02-19,False,152.0,573983,North Florida,1,1,0.35,0.5,0.5,0.4625
2024,baseball,2024-02-19,False,160.0,574158,Northeastern,1,2,0.48148,0.5,0.33333,0.4537
2024,baseball,2024-02-19,False,244.0,574159,Northern Colo.,0,4,0.0,0.5,0.0,0.25
2024,baseball,2024-02-19,False,65.0,574161,Northern Ky.,2,1,0.78788,0.5,0.66667,0.61364
2024,baseball,2024-02-19,False,160.0,574163,Northwestern,1,2,0.48148,0.5,0.33333,0.4537
2024,baseball,2024-02-19,False,244.0,574162,Northwestern St.,0,3,0.0,0.5,0.0,0.25
2024,baseball,2024-02-19,False,2.0,574164,Notre Dame,3,0,1.0,0.5,1.0,0.75
2024,baseball,2024-02-19,False,160.0,574165,Oakland,1,2,0.48148,0.5,0.33333,0.4537
2024,baseball,2024-02-19,False,65.0,574167,Ohio,2,1,0.78788,0.5,0.66667,0.61364
2024,baseball,2024-02-19,False,96.0,574166,Ohio St.,2,1,0.66667,0.5,0.57407,0.56019
2024,baseball,2024-02-19,False,80.0,574169,Oklahoma,2,1,0.66667,0.66667,0.44444,0.61111
2024,baseball,2024-02-19,False,160.0,574168,Oklahoma St.,1,2,0.48148,0.5,0.33333,0.4537
2024,baseball,2024-02-19,False,2.0,574170,Old Dominion,3,0,1.0,0.5,1.0,0.75
2024,baseball,2024-02-19,False,136.0,574132,Ole Miss,2,2,0.65,0.5,0.5,0.5375
2024,baseball,2024-02-19,False,244.0,574144,Omaha,0,3,0.0,0.5,0.0,0.25
2024,baseball,2024-02-19,False,215.0,574171,Oral Roberts,1,2,0.21212,0.5,0.33333,0.38636
2024,baseball,2024-02-19,False,97.0,574173,Oregon,2,1,0.66667,0.5,0.55556,0.55556
2024,baseball,2024-02-19,False,60.0,574172,Oregon St.,3,0,1.0,0.5,0.55556,0.63889
2024,baseball,2024-02-19,False,215.0,574174,Pacific,1,2,0.21212,0.5,0.33333,0.38636
2024,baseball,2024-02-19,False,,574177,Penn,0,0,0.5,0.5,0.5,0.5
2024,baseball,2024-02-19,False,90.0,574176,Penn St.,3,1,0.75,0.5,0.5625,0.57812
2024,baseball,2024-02-19,False,209.0,574178,Pepperdine,1,3,0.175,0.5,0.4375,0.40312
2024,baseball,2024-02-19,False,2.0,574179,Pittsburgh,3,0,1.0,0.5,1.0,0.75
2024,baseball,2024-02-19,False,65.0,574180,Portland,2,1,0.78788,0.5,0.66667,0.61364
2024,baseball,2024-02-19,False,52.0,574181,Prairie View,3,0,1.0,0.5,0.66667,0.66667
2024,baseball,2024-02-19,False,2.0,573980,Presbyterian,4,0,1.0,0.5,1.0,0.75
2024,baseball,2024-02-19,False,,574182,Princeton,0,0,0.5,0.5,0.5,0.5
2024,baseball,2024-02-19,False,64.0,574183,Purdue,3,1,0.75,0.5,0.75,0.625
2024,baseball,2024-02-19,False,244.0,574091,Purdue Fort Wayne,0,2,0.0,0.5,0.0,0.25
2024,baseball,2024-02-19,False,244.0,574231,Queens (NC),0,3,0.0,0.5,0.0,0.25
2024,baseball,2024-02-19,False,244.0,574184,Quinnipiac,0,3,0.0,0.5,0.0,0.25
2024,baseball,2024-02-19,False,244.0,574185,Radford,0,3,0.0,0.5,0.0,0.25
2024,baseball,2024-02-19,False,136.0,574186,Rhode Island,1,1,0.65,0.5,0.5,0.5375
2024,baseball,2024-02-19,False,244.0,574187,Rice,0,3,0.0,0.5,0.0,0.25
2024,baseball,2024-02-19,False,244.0,574188,Richmond,0,4,0.0,0.5,0.0,0.25
2024,baseball,2024-02-19,False,244.0,574189,Rider,0,3,0.0,0.5,0.0,0.25
2024,baseball,2024-02-19,False,2.0,574190,Rutgers,3,0,1.0,0.5,1.0,0.75
2024,baseball,2024-02-19,False,134.0,574222,SFA,3,1,0.61765,0.5,0.5625,0.54504
2024,baseball,2024-02-19,False,203.0,574215,SIUE,1,3,0.38235,0.5,0.25,0.40809
2024,baseball,2024-02-19,False,215.0,574029,Sacramento St.,1,2,0.21212,0.5,0.33333,0.38636
2024,baseball,2024-02-19,False,244.0,574191,Sacred Heart,0,3,0.0,0.5,0.0,0.25
2024,baseball,2024-02-19,False,2.0,574194,Saint Joseph's,1,0,1.0,0.5,1.0,0.75
2024,baseball,2024-02-19,False,54.0,574195,Saint Louis,3,0,1.0,0.5,0.61111,0.65278
2024,baseball,2024-02-19,False,100.0,574196,Saint Mary's (CA),2,1,0.51852,0.5,0.66667,0.5463
2024,baseball,2024-02-19,False,244.0,574197,Saint Peter's,0,4,0.0,0.5,0.0,0.25
2024,baseball,2024-02-19,False,100.0,574198,Sam Houston,2,1,0.51852,0.5,0.66667,0.5463
2024,baseball,2024-02-19,False,2.0,574199,Samford,3,0,1.0,0.5,1.0,0.75
2024,baseball,2024-02-19,False,160.0,574201,San Diego,1,2,0.48148,0.5,0.33333,0.4537
2024,baseball,2024-02-19,False,215.0,574200,San Diego St.,1,2,0.21212,0.5,0.33333,0.38636
2024,baseball,2024-02-19,False,84.0,574202,San Francisco,3,1,0.61765,0.5,0.75,0.59191
2024,baseball,2024-02-19,False,244.0,574203,San Jose St.,0,3,0.0,0.5,0.0,0.25
2024,baseball,2024-02-19,False,160.0,574204,Santa Clara,1,2,0.48148,0.5,0.33333,0.4537
2024,baseball,2024-02-19,False,160.0,573981,Seattle U,1,2,0.48148,0.5,0.33333,0.4537
2024,baseball,2024-02-19,False,194.0,574205,Seton Hall,2,1,0.66667,0.27778,0.59028,0.45312
2024,baseball,2024-02-19,False,244.0,574206,Siena,0,3,0.0,0.5,0.0,0.25
2024,baseball,2024-02-19,False,60.0,574207,South Alabama,3,0,1.0,0.5,0.55556,0.63889
2024,baseball,2024-02-19,False,2.0,574208,South Carolina,3,0,1.0,0.5,1.0,0.75
2024,baseball,2024-02-19,False,160.0,574209,South Dakota St.,1,2,0.48148,0.5,0.33333,0.4537
2024,baseball,2024-02-19,False,238.0,574210,South Fla.,0,1,0.0,0.5,0.33333,0.33333
2024,baseball,2024-02-19,False,244.0,574211,Southeast Mo. St.,0,3,0.0,0.5,0.0,0.25
2024,baseball,2024-02-19,False,100.0,574212,Southeastern La.,2,1,0.51852,0.5,0.66667,0.5463
2024,baseball,2024-02-19,False,241.0,574213,Southern California,0,3,0.0,0.5,0.24074,0.31019
2024,baseball,2024-02-19,False,2.0,574214,Southern Ill.,3,0,1.0,0.5,1.0,0.75
2024,baseball,2024-02-19,False,233.0,574232,Southern Ind.,0,3,0.0,0.5,0.44444,0.36111
2024,baseball,2024-02-19,False,100.0,574216,Southern Miss.,2,1,0.51852,0.5,0.66667,0.5463
2024,baseball,2024-02-19,False,238.0,574217,Southern U.,1,2,0.33333,0.16667,0.66667,0.33333
2024,baseball,2024-02-19,False,160.0,574192,St. Bonaventure,1,2,0.48148,0.5,0.33333,0.4537
2024,baseball,2024-02-19,False,2.0,574193,St. John's (NY),1,0,1.0,0.5,1.0,0.75
2024,baseball,2024-02-19,False,202.0,573909,St. Thomas (MN),1,3,0.25,0.5,0.38889,0.40972
2024,baseball,2024-02-19,False,215.0,574221,Stanford,1,2,0.21212,0.5,0.33333,0.38636
2024,baseball,2024-02-19,False,152.0,574223,Stetson,1,1,0.35,0.5,0.5,0.4625
2024,baseball,2024-02-19,False,160.0,574233,Stonehill,1,2,0.48148,0.5,0.33333,0.4537
2024,baseball,2024-02-19,False,232.0,574224,Stony Brook,1,3,0.25,0.5,0.25,0.375
2024,baseball,2024-02-19,False,2.0,573914,TCU,3,0,1.0,0.5,1.0,0.75
2024,baseball,2024-02-19,False,160.0,573910,Tarleton St.,1,2,0.48148,0.5,0.33333,0.4537
2024,baseball,2024-02-19,False,97.0,574226,Tennessee,2,1,0.66667,0.5,0.55556,0.55556
2024,baseball,2024-02-19,False,100.0,574225,Tennessee Tech,2,1,0.51852,0.5,0.66667,0.5463
2024,baseball,2024-02-19,False,100.0,573918,Texas,2,1,0.51852,0.5,0.66667,0.5463
2024,baseball,2024-02-19,False,2.0,573913,Texas A&M,3,0,1.0,0.5,1.0,0.75
2024,baseball,2024-02-19,False,52.0,573915,Texas Southern,2,1,0.66667,0.83333,0.33333,0.66667
2024,baseball,2024-02-19,False,2.0,574219,Texas St.,3,0,1.0,0.5,1.0,0.75
2024,baseball,2024-02-19,False,80.0,573916,Texas Tech,2,1,0.66667,0.66667,0.44444,0.61111
2024,baseball,2024-02-19,False,100.0,574042,The Citadel,2,1,0.51852,0.5,0.66667,0.5463
2024,baseball,2024-02-19,False,160.0,573920,Toledo,1,2,0.48148,0.5,0.33333,0.4537
2024,baseball,2024-02-19,False,199.0,573921,Towson,1,3,0.29412,0.5,0.38889,0.42075
2024,baseball,2024-02-19,False,84.0,573922,Troy,3,1,0.61765,0.5,0.75,0.59191
2024,baseball,2024-02-19,False,100.0,573923,Tulane,2,1,0.51852,0.5,0.66667,0.5463
2024,baseball,2024-02-19,False,100.0,573999,UAB,2,1,0.51852,0.5,0.66667,0.5463
2024,baseball,2024-02-19,False,,574000,UAlbany,0,0,0.5,0.5,0.5,0.5
2024,baseball,2024-02-19,False,100.0,574032,UC Davis,2,1,0.51852,0.5,0.66667,0.5463
2024,baseball,2024-02-19,False,2.0,574033,UC Irvine,3,0,1.0,0.5,1.0,0.75
2024,baseball,2024-02-19,False,135.0,574035,UC Riverside,2,2,0.35,0.66667,0.46875,0.53802
2024,baseball,2024-02-19,False,2.0,574229,UC San Diego,3,0,1.0,0.5,1.0,0.75
2024,baseball,2024-02-19,False,160.0,574030,UC Santa Barbara,1,2,0.48148,0.5,0.33333,0.4537
2024,baseball,2024-02-19,False,2.0,574039,UCF,1,0,1.0,0.5,1.0,0.75
2024,baseball,2024-02-19,False,2.0,574034,UCLA,3,0,1.0,0.5,1.0,0.75
2024,baseball,2024-02-19,False,91.0,574046,UConn,2,1,0.69697,0.5,0.61111,0.57702
2024,baseball,2024-02-19,False,89.0,574088,UIC,2,1,0.66667,0.5,0.66667,0.58333
2024,baseball,2024-02-19,False,2.0,573984,UIW,3,0,1.0,0.5,1.0,0.75
2024,baseball,2024-02-19,False,215.0,574157,ULM,1,2,0.21212,0.5,0.33333,0.38636
2024,baseball,2024-02-19,False,,574117,UMBC,0,0,0.5,0.5,0.5,0.5
2024,baseball,2024-02-19,False,244.0,574119,UMES,0,3,0.0,0.5,0.0,0.25
2024,baseball,2024-02-19,False,57.0,574111,UMass Lowell,3,1,0.84783,0.5,0.75,0.64946
2024,baseball,2024-02-19,False,244.0,574138,UNC Asheville,0,3,0.0,0.5,0.0,0.25
2024,baseball,2024-02-19,False,2.0,574141,UNC Greensboro,3,0,1.0,0.5,1.0,0.75
2024,baseball,2024-02-19,False,100.0,574142,UNCW,2,1,0.51852,0.5,0.66667,0.5463
2024,baseball,2024-02-19,False,65.0,574145,UNLV,2,1,0.78788,0.5,0.66667,0.61364
2024,baseball,2024-02-19,False,244.0,573986,USC Upstate,0,3,0.0,0.5,0.0,0.25
2024,baseball,2024-02-19,False,136.0,573917,UT Arlington,2,2,0.65,0.5,0.5,0.5375
2024,baseball,2024-02-19,False,215.0,574227,UT Martin,1,2,0.21212,0.5,0.33333,0.38636
2024,baseball,2024-02-19,False,152.0,574175,UTRGV,1,1,0.35,0.5,0.5,0.4625
2024,baseball,2024-02-19,False,152.0,573919,UTSA,2,2,0.35,0.5,0.5,0.4625
2024,baseball,2024-02-19,False,83.0,573947,Utah,3,1,0.83721,0.5,0.5625,0.59993
2024,baseball,2024-02-19,False,236.0,573911,Utah Tech,1,3,0.15217,0.5,0.25,0.35054
2024,baseball,2024-02-19,False,158.0,573992,Utah Valley,2,2,0.65,0.33333,0.53125,0.46198
2024,baseball,2024-02-19,False,160.0,573951,VCU,1,2,0.48148,0.5,0.33333,0.4537
2024,baseball,2024-02-19,False,199.0,573952,VMI,1,3,0.29412,0.5,0.38889,0.42075
2024,baseball,2024-02-19,False,136.0,573948,Valparaiso,2,2,0.65,0.5,0.5,0.5375
2024,baseball,2024-02-19,False,100.0,573949,Vanderbilt,2,1,0.51852,0.5,0.66667,0.5463
2024,baseball,2024-02-19,False,244.0,573950,Villanova,0,3,0.0,0.5,0.0,0.25
2024,baseball,2024-02-19,False,2.0,573954,Virginia,3,0,1.0,0.5,1.0,0.75
2024,baseball,2024-02-19,False,65.0,573953,Virginia Tech,2,1,0.78788,0.5,0.66667,0.61364
2024,baseball,2024-02-19,False,244.0,573955,Wagner,0,3,0.0,0.5,0.0,0.25
2024,baseball,2024-02-19,False,80.0,573956,Wake Forest,3,0,1.0,0.44444,0.55556,0.61111
2024,baseball,2024-02-19,False,244.0,573958,Washington,0,2,0.0,0.5,0.0,0.25
2024,baseball,2024-02-19,False,57.0,573957,Washington St.,3,1,0.84783,0.5,0.75,0.64946
2024,baseball,2024-02-19,False,136.0,573959,West Virginia,1,1,0.65,0.5,0.5,0.5375
2024,baseball,2024-02-19,False,2.0,573960,Western Caro.,3,0,1.0,0.5,1.0,0.75
2024,baseball,2024-02-19,False,160.0,573961,Western Ill.,1,2,0.48148,0.5,0.33333,0.4537
2024,baseball,2024-02-19,False,100.0,573962,Western Ky.,2,1,0.51852,0.5,0.66667,0.5463
2024,baseball,2024-02-19,False,145.0,573963,Western Mich.,2,2,0.5,0.5,0.5,0.5
2024,baseball,2024-02-19,False,65.0,573964,Wichita St.,2,1,0.78788,0.5,0.66667,0.61364
2024,baseball,2024-02-19,False,100.0,573965,William & Mary,2,1,0.51852,0.5,0.66667,0.5463
2024,baseball,2024-02-19,False,244.0,573966,Winthrop,0,3,0.0,0.5,0.0,0.25
2024,baseball,2024-02-19,False,54.0,573985,Wofford,3,0,1.0,0.5,0.61111,0.65278
2024,baseball,2024-02-19,False,160.0,573968,Wright St.,1,2,0.48148,0.5,0.33333,0.4537
2024,baseball,2024-02-19,False,244.0,573969,Xavier,0,3,0.0,0.5,0.0,0.25
2024,baseball,2024-02-19,False,,573970,Yale,0,0,0.5,0.5,0.5,0.5
2024,baseball,2024-02-19,False,244.0,573971,Youngstown St.,0,3,0.0,0.5,0.0,0.25
2024,baseball,2024-02-26,False,249.0,573989,A&M-Corpus Christi,3,6,0.3,0.3918,0.50665,0.39756
2024,baseball,2024-02-26,False,206.0,573995,Abilene Christian,6,3,0.53846,0.3,0.64777,0.44656
2024,baseball,2024-02-26,False,106.0,573924,Air Force,4,3,0.67188,0.48776,0.50009,0.53687
2024,baseball,2024-02-26,False,204.0,573912,Akron,2,5,0.34483,0.52619,0.39901,0.44906
2024,baseball,2024-02-26,False,7.0,573998,Alabama,8,0,1.0,0.67857,0.58748,0.73616
2024,baseball,2024-02-26,False,270.0,573996,Alabama A&M,1,6,0.16456,0.4619,0.37289,0.36531
2024,baseball,2024-02-26,False,277.0,573997,Alabama St.,3,5,0.31169,0.275,0.54699,0.35217
2024,baseball,2024-02-26,False,228.0,574001,Alcorn,0,6,0.0,0.69127,0.29578,0.41958
2024,baseball,2024-02-26,False,169.0,574002,App State,6,1,0.89552,0.14796,0.72139,0.47821
2024,baseball,2024-02-26,False,44.0,574004,Arizona,4,3,0.55738,0.66327,0.60423,0.62203
2024,baseball,2024-02-26,False,70.0,574003,Arizona St.,5,3,0.47297,0.70833,0.45376,0.58585
2024,baseball,2024-02-26,False,213.0,573982,Ark.-Pine Bluff,6,2,0.67742,0.25,0.57822,0.43891
2024,baseball,2024-02-26,False,11.0,574006,Arkansas,5,2,0.64062,0.83333,0.52054,0.70696
2024,baseball,2024-02-26,False,79.0,574005,Arkansas St.,8,0,1.0,0.27232,0.75694,0.57539
2024,baseball,2024-02-26,False,198.0,573925,Army West Point,4,3,0.58904,0.35238,0.51838,0.45305
2024,baseball,2024-02-26,False,56.0,574008,Auburn,6,1,0.82759,0.47857,0.62423,0.60224
2024,baseball,2024-02-26,False,153.0,574009,Austin Peay,7,1,0.82432,0.16667,0.81138,0.49226
2024,baseball,2024-02-26,False,148.0,574018,BYU,2,5,0.35938,0.59524,0.42989,0.49494
2024,baseball,2024-02-26,False,161.0,574010,Ball St.,4,3,0.59701,0.40952,0.5298,0.48647
2024,baseball,2024-02-26,False,146.0,574012,Baylor,1,6,0.09211,0.7534,0.38267,0.49539
2024,baseball,2024-02-26,False,247.0,574228,Bellarmine,1,6,0.23636,0.5,0.37136,0.40193
2024,baseball,2024-02-26,False,85.0,573987,Belmont,5,3,0.63514,0.58333,0.46823,0.56751
2024,baseball,2024-02-26,False,256.0,574013,Bethune-Cookman,4,3,0.55738,0.17857,0.66491,0.39486
2024,baseball,2024-02-26,False,28.0,574014,Binghamton,2,4,0.48148,0.875,0.37245,0.65098
2024,baseball,2024-02-26,False,73.0,574015,Boston College,4,2,0.73016,0.54524,0.51199,0.58316
2024,baseball,2024-02-26,False,261.0,574016,Bowling Green,2,4,0.48148,0.325,0.4139,0.38635
2024,baseball,2024-02-26,False,132.0,574017,Bradley,1,5,0.27083,0.775,0.20217,0.50575
2024,baseball,2024-02-26,False,282.0,574019,Brown,1,2,0.48148,0.25,0.34694,0.33211
2024,baseball,2024-02-26,False,283.0,574020,Bryant,1,3,0.38235,0.25,0.44196,0.33108
2024,baseball,2024-02-26,False,224.0,574021,Bucknell,4,3,0.59701,0.27778,0.55867,0.42781
2024,baseball,2024-02-26,False,48.0,574022,Butler,3,2,0.73585,0.55,0.61966,0.61388
2024,baseball,2024-02-26,False,267.0,574024,CSU Bakersfield,0,8,0.0,0.53095,0.42989,0.37295
2024,baseball,2024-02-26,False,184.0,574028,CSUN,5,2,0.69412,0.24286,0.66112,0.46024
2024,baseball,2024-02-26,False,195.0,574023,Cal Poly,2,5,0.22951,0.58333,0.42784,0.456
2024,baseball,2024-02-26,False,157.0,574026,Cal St. Fullerton,3,3,0.5,0.5,0.45918,0.4898
2024,baseball,2024-02-26,False,25.0,574031,California,6,1,0.82759,0.58571,0.63684,0.65896
2024,baseball,2024-02-26,False,96.0,573994,California Baptist,5,3,0.59551,0.5,0.58984,0.54634
2024,baseball,2024-02-26,False,18.0,574036,Campbell,6,1,0.76364,0.69048,0.58163,0.68156
2024,baseball,2024-02-26,False,111.0,574037,Canisius,2,2,0.65,0.47024,0.53577,0.53156
2024,baseball,2024-02-26,False,66.0,573972,Central Ark.,4,4,0.5,0.72024,0.43048,0.59274
2024,baseball,2024-02-26,False,,574038,Central Conn. St.,0,0,0.5,0.5,0.5,0.5
2024,baseball,2024-02-26,False,167.0,574040,Central Mich.,3,6,0.44828,0.54286,0.38899,0.48075
2024,baseball,2024-02-26,False,215.0,574011,Charleston So.,4,3,0.41791,0.40476,0.51603,0.43587
2024,baseball,2024-02-26,False,143.0,574140,Charlotte,4,4,0.35,0.59375,0.45695,0.49861
2024,baseball,2024-02-26,False,150.0,574041,Cincinnati,3,3,0.5625,0.41667,0.58135,0.4943
2024,baseball,2024-02-26,False,35.0,574043,Clemson,6,1,0.76364,0.5949,0.59117,0.63615
2024,baseball,2024-02-26,False,82.0,574044,Coastal Carolina,5,2,0.57377,0.62653,0.45718,0.571
2024,baseball,2024-02-26,False,119.0,573974,Col. of Charleston,7,0,1.0,0.14286,0.80612,0.52296
2024,baseball,2024-02-26,False,248.0,574045,Columbia,0,3,0.0,0.66667,0.27381,0.40179
2024,baseball,2024-02-26,False,288.0,574047,Coppin St.,1,5,0.10606,0.35714,0.44296,0.31583
2024,baseball,2024-02-26,False,13.0,574048,Cornell,1,2,0.48148,1.0,0.32653,0.702
2024,baseball,2024-02-26,False,71.0,574049,Creighton,5,0,1.0,0.4,0.53363,0.58341
2024,baseball,2024-02-26,False,30.0,573975,DBU,7,0,1.0,0.48776,0.62362,0.64978
2024,baseball,2024-02-26,False,285.0,574050,Dartmouth,0,3,0.0,0.5,0.30612,0.32653
2024,baseball,2024-02-26,False,276.0,574051,Davidson,3,4,0.31343,0.27551,0.54464,0.35227
2024,baseball,2024-02-26,False,190.0,574052,Dayton,3,4,0.44262,0.42347,0.5461,0.45892
2024,baseball,2024-02-26,False,40.0,574054,Delaware,4,2,0.76667,0.58889,0.5754,0.62996
2024,baseball,2024-02-26,False,175.0,574053,Delaware St.,1,3,0.38235,0.525,0.45344,0.47145
2024,baseball,2024-02-26,False,20.0,574055,Duke,7,0,1.0,0.54082,0.59664,0.66957
2024,baseball,2024-02-26,False,180.0,574057,ETSU,6,1,0.85714,0.12245,0.75415,0.46405
2024,baseball,2024-02-26,False,62.0,574056,East Carolina,5,2,0.73077,0.54762,0.55977,0.59644
2024,baseball,2024-02-26,False,191.0,574058,Eastern Ill.,1,5,0.27083,0.65,0.25978,0.45765
2024,baseball,2024-02-26,False,245.0,574059,Eastern Ky.,1,6,0.11475,0.54592,0.40907,0.40392
2024,baseball,2024-02-26,False,264.0,574060,Eastern Mich.,2,5,0.42623,0.28571,0.51039,0.37701
2024,baseball,2024-02-26,False,300.0,573976,Elon,3,4,0.31343,0.09524,0.50729,0.2528
2024,baseball,2024-02-26,False,87.0,574061,Evansville,4,3,0.68657,0.55952,0.45991,0.56638
2024,baseball,2024-02-26,False,259.0,574063,FDU,1,6,0.23636,0.5119,0.31159,0.39294
2024,baseball,2024-02-26,False,60.0,573991,FGCU,2,5,0.24138,0.89286,0.37719,0.60107
2024,baseball,2024-02-26,False,47.0,574066,FIU,5,3,0.51471,0.6875,0.56585,0.61389
2024,baseball,2024-02-26,False,289.0,574062,Fairfield,0,6,0.0,0.45,0.35587,0.31397
2024,baseball,2024-02-26,False,118.0,574065,Fla. Atlantic,4,2,0.70833,0.425,0.5389,0.52431
2024,baseball,2024-02-26,False,14.0,574068,Florida,5,1,0.75926,0.64444,0.70139,0.68738
2024,baseball,2024-02-26,False,234.0,574064,Florida A&M,4,3,0.48571,0.32245,0.53171,0.41558
2024,baseball,2024-02-26,False,3.0,574067,Florida St.,6,0,1.0,0.80833,0.52812,0.7862
2024,baseball,2024-02-26,False,273.0,574069,Fordham,1,5,0.18519,0.38889,0.48224,0.3613
2024,baseball,2024-02-26,False,120.0,574025,Fresno St.,5,2,0.77049,0.33333,0.62609,0.51581
2024,baseball,2024-02-26,False,164.0,574073,Ga. Southern,2,5,0.27397,0.6119,0.4353,0.48327
2024,baseball,2024-02-26,False,186.0,573977,Gardner-Webb,2,5,0.17722,0.67143,0.31851,0.45965
2024,baseball,2024-02-26,False,122.0,574070,George Mason,2,6,0.22973,0.7125,0.39254,0.51182
2024,baseball,2024-02-26,False,295.0,574071,George Washington,2,4,0.29167,0.125,0.57143,0.27827
2024,baseball,2024-02-26,False,133.0,574072,Georgetown,3,4,0.53425,0.49116,0.50234,0.50472
2024,baseball,2024-02-26,False,12.0,574076,Georgia,7,0,1.0,0.58333,0.6527,0.70484
2024,baseball,2024-02-26,False,163.0,574074,Georgia St.,2,5,0.27397,0.64286,0.37707,0.48419
2024,baseball,2024-02-26,False,22.0,574075,Georgia Tech,6,1,0.78689,0.58333,0.70408,0.66441
2024,baseball,2024-02-26,False,279.0,574077,Gonzaga,1,5,0.27083,0.3,0.48363,0.33862
2024,baseball,2024-02-26,False,239.0,574078,Grambling,1,6,0.14925,0.55714,0.38223,0.41144
2024,baseball,2024-02-26,False,189.0,573978,Grand Canyon,5,3,0.5125,0.38393,0.55542,0.45894
2024,baseball,2024-02-26,False,217.0,574080,Harvard,0,3,0.0,0.8,0.14286,0.43571
2024,baseball,2024-02-26,False,173.0,574081,Hawaii,3,4,0.28767,0.57143,0.46173,0.47307
2024,baseball,2024-02-26,False,293.0,573988,High Point,2,6,0.23256,0.25417,0.43726,0.29454
2024,baseball,2024-02-26,False,23.0,574082,Hofstra,2,4,0.48148,0.875,0.41837,0.66246
2024,baseball,2024-02-26,False,52.0,574083,Holy Cross,2,4,0.48148,0.75,0.44558,0.60676
2024,baseball,2024-02-26,False,1.0,574085,Houston,6,1,0.76364,0.85714,0.76458,0.81062
2024,baseball,2024-02-26,False,182.0,574084,Houston Christian,4,4,0.43662,0.48438,0.43803,0.46085
2024,baseball,2024-02-26,False,230.0,574087,Illinois,2,5,0.3125,0.42857,0.50032,0.41749
2024,baseball,2024-02-26,False,145.0,574086,Illinois St.,2,4,0.40351,0.58333,0.41412,0.49607
2024,baseball,2024-02-26,False,45.0,574090,Indiana,6,1,0.87342,0.45748,0.68337,0.61794
2024,baseball,2024-02-26,False,61.0,574089,Indiana St.,7,0,1.0,0.38571,0.63144,0.60072
2024,baseball,2024-02-26,False,299.0,574092,Iona,0,6,0.0,0.375,0.29592,0.26148
2024,baseball,2024-02-26,False,90.0,574093,Iowa,3,4,0.40299,0.68333,0.45758,0.55681
2024,baseball,2024-02-26,False,242.0,574094,Jackson St.,6,2,0.7013,0.11111,0.70888,0.4081
2024,baseball,2024-02-26,False,72.0,574096,Jacksonville,3,3,0.35,0.75,0.48274,0.58318
2024,baseball,2024-02-26,False,58.0,574095,Jacksonville St.,3,4,0.44262,0.75714,0.45098,0.60197
2024,baseball,2024-02-26,False,110.0,574097,James Madison,5,3,0.66129,0.4375,0.60029,0.53414
2024,baseball,2024-02-26,False,174.0,574099,Kansas,3,4,0.42857,0.47024,0.52224,0.47282
2024,baseball,2024-02-26,False,100.0,574098,Kansas St.,4,3,0.53125,0.52925,0.59141,0.54529
2024,baseball,2024-02-26,False,77.0,573979,Kennesaw St.,3,5,0.4875,0.69792,0.42761,0.57774
2024,baseball,2024-02-26,False,155.0,574100,Kent St.,1,5,0.27083,0.75,0.19388,0.49118
2024,baseball,2024-02-26,False,8.0,574101,Kentucky,6,1,0.86842,0.78571,0.50243,0.73557
2024,baseball,2024-02-26,False,199.0,574106,LIU,1,5,0.27083,0.575,0.38839,0.45231
2024,baseball,2024-02-26,False,115.0,574112,LMU (CA),4,3,0.64179,0.46599,0.52928,0.52576
2024,baseball,2024-02-26,False,76.0,574108,LSU,7,1,0.79032,0.45833,0.60454,0.57788
2024,baseball,2024-02-26,False,254.0,574102,Lafayette,0,7,0.0,0.70238,0.17748,0.39556
2024,baseball,2024-02-26,False,107.0,574103,Lamar University,5,2,0.78125,0.40391,0.55791,0.53675
2024,baseball,2024-02-26,False,291.0,574412,Le Moyne,2,5,0.42623,0.14286,0.51361,0.30639
2024,baseball,2024-02-26,False,138.0,574104,Lehigh,3,3,0.57895,0.47222,0.4794,0.5007
2024,baseball,2024-02-26,False,238.0,574105,Liberty,4,3,0.45902,0.28571,0.62409,0.41363
2024,baseball,2024-02-26,False,168.0,574230,Lindenwood,1,6,0.21311,0.67857,0.35219,0.48061
2024,baseball,2024-02-26,False,296.0,573990,Lipscomb,2,5,0.17722,0.20918,0.50528,0.27522
2024,baseball,2024-02-26,False,209.0,574007,Little Rock,4,3,0.41791,0.36735,0.61097,0.44089
2024,baseball,2024-02-26,False,49.0,574027,Long Beach St.,5,0,1.0,0.26667,0.91048,0.61095
2024,baseball,2024-02-26,False,223.0,574107,Longwood,6,1,0.85714,0.07143,0.71137,0.42784
2024,baseball,2024-02-26,False,233.0,574220,Louisiana,4,3,0.46575,0.28571,0.62828,0.41637
2024,baseball,2024-02-26,False,112.0,574109,Louisiana Tech,7,0,1.0,0.14286,0.83673,0.53061
2024,baseball,2024-02-26,False,221.0,574110,Louisville,3,4,0.31343,0.40952,0.5856,0.42952
2024,baseball,2024-02-26,False,246.0,574113,Maine,1,5,0.17544,0.53333,0.36988,0.403
2024,baseball,2024-02-26,False,41.0,574114,Manhattan,3,3,0.65,0.75,0.36209,0.62802
2024,baseball,2024-02-26,False,287.0,574115,Marist,1,6,0.23636,0.34286,0.35743,0.31988
2024,baseball,2024-02-26,False,151.0,574116,Marshall,1,7,0.14706,0.8,0.22874,0.49395
2024,baseball,2024-02-26,False,125.0,574118,Maryland,5,2,0.76712,0.3631,0.55121,0.51113
2024,baseball,2024-02-26,False,292.0,574120,Massachusetts,1,3,0.25,0.33333,0.30612,0.3057
2024,baseball,2024-02-26,False,102.0,574121,McNeese,3,4,0.38182,0.71429,0.35532,0.54143
2024,baseball,2024-02-26,False,212.0,574122,Memphis,4,4,0.5,0.35268,0.55293,0.43957
2024,baseball,2024-02-26,False,97.0,574123,Mercer,6,1,0.78689,0.38265,0.63302,0.5463
2024,baseball,2024-02-26,False,255.0,573973,Merrimack,1,5,0.22807,0.46111,0.43178,0.39552
2024,baseball,2024-02-26,False,214.0,574125,Miami (FL),5,2,0.57377,0.28571,0.60842,0.4384
2024,baseball,2024-02-26,False,99.0,574124,Miami (OH),2,5,0.42623,0.67619,0.40466,0.54582
2024,baseball,2024-02-26,False,67.0,574127,Michigan,2,5,0.28571,0.86054,0.36384,0.59266
2024,baseball,2024-02-26,False,253.0,574126,Michigan St.,2,5,0.28571,0.38571,0.52932,0.39661
2024,baseball,2024-02-26,False,275.0,574128,Middle Tenn.,3,4,0.31343,0.28571,0.54733,0.35805
2024,baseball,2024-02-26,False,280.0,573967,Milwaukee,0,6,0.0,0.58333,0.17942,0.33652
2024,baseball,2024-02-26,False,197.0,574129,Minnesota,2,4,0.33333,0.50794,0.46788,0.45427
2024,baseball,2024-02-26,False,152.0,574130,Mississippi St.,4,4,0.35,0.58333,0.4544,0.49277
2024,baseball,2024-02-26,False,89.0,574131,Mississippi Val.,1,2,0.39394,0.8,0.2381,0.55801
2024,baseball,2024-02-26,False,147.0,574133,Missouri,4,3,0.7,0.34524,0.59077,0.49531
2024,baseball,2024-02-26,False,43.0,574218,Missouri St.,4,3,0.71233,0.65238,0.47631,0.62335
2024,baseball,2024-02-26,False,196.0,574134,Monmouth,1,6,0.16393,0.66429,0.32811,0.45515
2024,baseball,2024-02-26,False,116.0,574135,Morehead St.,4,3,0.71233,0.44048,0.50583,0.52478
2024,baseball,2024-02-26,False,303.0,574136,Mount St. Mary's,1,6,0.23636,0.09524,0.41535,0.21055
2024,baseball,2024-02-26,False,114.0,574137,Murray St.,5,2,0.77049,0.34184,0.66181,0.52899
2024,baseball,2024-02-26,False,136.0,574154,N.C. A&T,6,1,0.84375,0.24762,0.6663,0.50132
2024,baseball,2024-02-26,False,50.0,574155,NC State,4,2,0.66667,0.625,0.52551,0.61054
2024,baseball,2024-02-26,False,203.0,574160,NIU,2,6,0.33824,0.55833,0.34247,0.44934
2024,baseball,2024-02-26,False,284.0,574147,NJIT,1,5,0.27083,0.375,0.29082,0.32791
2024,baseball,2024-02-26,False,269.0,573946,Navy,2,5,0.34211,0.36905,0.38776,0.36699
2024,baseball,2024-02-26,False,16.0,574143,Nebraska,4,3,0.64474,0.77891,0.54264,0.6863
2024,baseball,2024-02-26,False,53.0,574146,Nevada,4,2,0.78788,0.575,0.48836,0.60656
2024,baseball,2024-02-26,False,192.0,574149,New Mexico,5,3,0.55405,0.38214,0.51189,0.45756
2024,baseball,2024-02-26,False,298.0,574148,New Mexico St.,2,5,0.22951,0.14286,0.53134,0.26164
2024,baseball,2024-02-26,False,124.0,574150,New Orleans,4,3,0.41791,0.53061,0.56596,0.51127
2024,baseball,2024-02-26,False,86.0,574151,Niagara,5,2,0.82278,0.42857,0.58564,0.56639
2024,baseball,2024-02-26,False,131.0,574152,Nicholls,7,1,0.875,0.19048,0.77041,0.50659
2024,baseball,2024-02-26,False,304.0,574153,Norfolk St.,2,5,0.17722,0.04082,0.51777,0.19415
2024,baseball,2024-02-26,False,201.0,573993,North Ala.,2,5,0.23288,0.56122,0.44653,0.45047
2024,baseball,2024-02-26,False,121.0,574139,North Carolina,5,2,0.67308,0.39286,0.59329,0.51302
2024,baseball,2024-02-26,False,129.0,574156,North Dakota St.,2,5,0.42623,0.55952,0.48251,0.50695
2024,baseball,2024-02-26,False,54.0,573983,North Florida,4,3,0.45902,0.75,0.46088,0.60498
2024,baseball,2024-02-26,False,88.0,574158,Northeastern,3,2,0.70213,0.5,0.55027,0.5631
2024,baseball,2024-02-26,False,232.0,574159,Northern Colo.,0,8,0.0,0.75,0.16629,0.41657
2024,baseball,2024-02-26,False,94.0,574161,Northern Ky.,2,5,0.42623,0.7,0.3654,0.54791
2024,baseball,2024-02-26,False,126.0,574163,Northwestern,1,5,0.27083,0.625,0.51913,0.50999
2024,baseball,2024-02-26,False,286.0,574162,Northwestern St.,2,5,0.25316,0.25,0.53875,0.32298
2024,baseball,2024-02-26,False,9.0,574164,Notre Dame,5,2,0.82278,0.75,0.5605,0.72082
2024,baseball,2024-02-26,False,159.0,574165,Oakland,3,3,0.65,0.375,0.54974,0.48744
2024,baseball,2024-02-26,False,166.0,574167,Ohio,2,4,0.48148,0.5,0.44643,0.48198
2024,baseball,2024-02-26,False,69.0,574166,Ohio St.,4,4,0.5974,0.60476,0.54688,0.58845
2024,baseball,2024-02-26,False,83.0,574169,Oklahoma,5,3,0.57746,0.60417,0.48609,0.56797
2024,baseball,2024-02-26,False,42.0,574168,Oklahoma St.,4,3,0.64179,0.71769,0.42822,0.62635
2024,baseball,2024-02-26,False,31.0,574170,Old Dominion,4,3,0.45902,0.85714,0.42055,0.64846
2024,baseball,2024-02-26,False,219.0,574132,Ole Miss,4,4,0.5,0.36667,0.50279,0.43403
2024,baseball,2024-02-26,False,98.0,574144,Omaha,0,6,0.0,1.0,0.18491,0.54623
2024,baseball,2024-02-26,False,193.0,574171,Oral Roberts,4,3,0.41791,0.39286,0.62172,0.45634
2024,baseball,2024-02-26,False,123.0,574173,Oregon,6,1,0.82759,0.22789,0.76203,0.51135
2024,baseball,2024-02-26,False,39.0,574172,Oregon St.,7,1,0.875,0.52976,0.58821,0.63068
2024,baseball,2024-02-26,False,260.0,574174,Pacific,2,5,0.17722,0.47619,0.42128,0.38772
2024,baseball,2024-02-26,False,178.0,574177,Penn,1,3,0.38235,0.6,0.28571,0.46702
2024,baseball,2024-02-26,False,128.0,574176,Penn St.,5,2,0.76712,0.33571,0.59232,0.50772
2024,baseball,2024-02-26,False,240.0,574178,Pepperdine,1,7,0.07609,0.625,0.30971,0.40895
2024,baseball,2024-02-26,False,84.0,574179,Pittsburgh,5,1,0.84127,0.42361,0.58192,0.5676
2024,baseball,2024-02-26,False,236.0,574180,Portland,3,3,0.65,0.25,0.5102,0.41505
2024,baseball,2024-02-26,False,64.0,574181,Prairie View,6,1,0.89552,0.4898,0.50508,0.59505
2024,baseball,2024-02-26,False,117.0,573980,Presbyterian,5,3,0.51471,0.5625,0.45897,0.52467
2024,baseball,2024-02-26,False,202.0,574182,Princeton,1,2,0.48148,0.5,0.31633,0.44945
2024,baseball,2024-02-26,False,95.0,574183,Purdue,6,2,0.75,0.375,0.69122,0.54781
2024,baseball,2024-02-26,False,218.0,574091,Purdue Fort Wayne,1,6,0.23636,0.64286,0.2172,0.43482
2024,baseball,2024-02-26,False,127.0,574231,Queens (NC),2,5,0.25455,0.65816,0.46506,0.50898
2024,baseball,2024-02-26,False,274.0,574184,Quinnipiac,1,5,0.27083,0.35516,0.45316,0.35858
2024,baseball,2024-02-26,False,231.0,574185,Radford,2,4,0.29167,0.5,0.37755,0.4173
2024,baseball,2024-02-26,False,140.0,574186,Rhode Island,1,5,0.27083,0.75,0.22917,0.5
2024,baseball,2024-02-26,False,104.0,574187,Rice,3,4,0.41772,0.65476,0.43294,0.54005
2024,baseball,2024-02-26,False,281.0,574188,Richmond,3,5,0.24419,0.36458,0.36033,0.33342
2024,baseball,2024-02-26,False,263.0,574189,Rider,0,6,0.0,0.625,0.27679,0.3817
2024,baseball,2024-02-26,False,19.0,574190,Rutgers,5,1,0.90278,0.575,0.63951,0.67307
2024,baseball,2024-02-26,False,290.0,574222,SFA,3,6,0.23333,0.24868,0.50077,0.30786
2024,baseball,2024-02-26,False,183.0,574215,SIUE,1,6,0.23636,0.67857,0.24781,0.46033
2024,baseball,2024-02-26,False,216.0,574029,Sacramento St.,3,4,0.28767,0.47619,0.50292,0.43574
2024,baseball,2024-02-26,False,237.0,574191,Sacred Heart,0,6,0.0,0.775,0.10714,0.41429
2024,baseball,2024-02-26,False,105.0,574194,Saint Joseph's,2,2,0.58824,0.51786,0.53577,0.53993
2024,baseball,2024-02-26,False,34.0,574195,Saint Louis,7,0,1.0,0.41429,0.72905,0.6394
2024,baseball,2024-02-26,False,81.0,574196,Saint Mary's (CA),5,2,0.57377,0.57143,0.5676,0.57106
2024,baseball,2024-02-26,False,294.0,574197,Saint Peter's,2,5,0.42623,0.14286,0.44813,0.29002
2024,baseball,2024-02-26,False,27.0,574198,Sam Houston,5,2,0.63636,0.64583,0.68622,0.65356
2024,baseball,2024-02-26,False,26.0,574199,Samford,4,3,0.57143,0.71429,0.61516,0.65379
2024,baseball,2024-02-26,False,15.0,574201,San Diego,4,3,0.55738,0.85204,0.48516,0.68665
2024,baseball,2024-02-26,False,252.0,574200,San Diego St.,3,4,0.28767,0.45578,0.38756,0.3967
2024,baseball,2024-02-26,False,250.0,574202,San Francisco,4,3,0.41791,0.28571,0.59931,0.39716
2024,baseball,2024-02-26,False,227.0,574203,San Jose St.,2,4,0.29167,0.45,0.49474,0.4216
2024,baseball,2024-02-26,False,37.0,574204,Santa Clara,4,2,0.70833,0.6,0.61905,0.63185
2024,baseball,2024-02-26,False,225.0,573981,Seattle U,3,4,0.58209,0.33333,0.45754,0.42657
2024,baseball,2024-02-26,False,176.0,574205,Seton Hall,4,2,0.73016,0.26944,0.61555,0.47115
2024,baseball,2024-02-26,False,244.0,574206,Siena,0,6,0.0,0.75,0.1199,0.40497
2024,baseball,2024-02-26,False,59.0,574207,South Alabama,7,1,0.79032,0.51667,0.58312,0.60169
2024,baseball,2024-02-26,False,36.0,574208,South Carolina,7,1,0.79032,0.56488,0.60945,0.63238
2024,baseball,2024-02-26,False,278.0,574209,South Dakota St.,3,5,0.52703,0.25,0.36825,0.34882
2024,baseball,2024-02-26,False,134.0,574210,South Fla.,4,2,0.51852,0.42222,0.65146,0.5036
2024,baseball,2024-02-26,False,205.0,574211,Southeast Mo. St.,2,6,0.18919,0.60417,0.39148,0.44725
2024,baseball,2024-02-26,False,38.0,574212,Southeastern La.,4,3,0.59701,0.76531,0.39946,0.63177
2024,baseball,2024-02-26,False,222.0,574213,Southern California,2,5,0.21875,0.52381,0.44836,0.42868
2024,baseball,2024-02-26,False,162.0,574214,Southern Ill.,4,3,0.71233,0.37143,0.4836,0.4847
2024,baseball,2024-02-26,False,243.0,574232,Southern Ind.,2,5,0.22951,0.46429,0.46963,0.40693
2024,baseball,2024-02-26,False,109.0,574216,Southern Miss.,6,2,0.64865,0.44792,0.59821,0.53567
2024,baseball,2024-02-26,False,268.0,574217,Southern U.,2,4,0.33333,0.32143,0.50933,0.37138
2024,baseball,2024-02-26,False,235.0,574192,St. Bonaventure,2,5,0.42623,0.42857,0.37707,0.41511
2024,baseball,2024-02-26,False,5.0,574193,St. John's (NY),2,2,0.65,1.0,0.42815,0.76954
2024,baseball,2024-02-26,False,130.0,573909,St. Thomas (MN),4,4,0.56977,0.4375,0.58248,0.50681
2024,baseball,2024-02-26,False,220.0,574221,Stanford,2,5,0.17722,0.58333,0.38776,0.43291
2024,baseball,2024-02-26,False,210.0,574223,Stetson,4,3,0.41791,0.41429,0.51547,0.44049
2024,baseball,2024-02-26,False,188.0,574233,Stonehill,1,2,0.48148,0.5,0.35459,0.45902
2024,baseball,2024-02-26,False,113.0,574224,Stony Brook,3,5,0.4125,0.675,0.35587,0.52959
2024,baseball,2024-02-26,False,4.0,573914,TCU,7,0,1.0,0.7381,0.66108,0.78432
2024,baseball,2024-02-26,False,141.0,573910,Tarleton St.,6,2,0.77419,0.24107,0.74094,0.49932
2024,baseball,2024-02-26,False,17.0,574226,Tennessee,7,1,0.84615,0.61905,0.6588,0.68576
2024,baseball,2024-02-26,False,258.0,574225,Tennessee Tech,6,1,0.78689,0.02381,0.74246,0.39424
2024,baseball,2024-02-26,False,24.0,573918,Texas,6,1,0.76364,0.61735,0.64772,0.66151
2024,baseball,2024-02-26,False,29.0,573913,Texas A&M,7,0,1.0,0.46429,0.67292,0.65037
2024,baseball,2024-02-26,False,149.0,573915,Texas Southern,2,5,0.34483,0.5915,0.44991,0.49443
2024,baseball,2024-02-26,False,142.0,574219,Texas St.,4,3,0.53448,0.42857,0.60301,0.49866
2024,baseball,2024-02-26,False,33.0,573916,Texas Tech,6,2,0.72973,0.66369,0.50787,0.64124
2024,baseball,2024-02-26,False,92.0,574042,The Citadel,6,1,0.78689,0.41667,0.5809,0.55028
2024,baseball,2024-02-26,False,165.0,573920,Toledo,3,4,0.58209,0.42857,0.49144,0.48267
2024,baseball,2024-02-26,False,251.0,573921,Towson,1,6,0.18182,0.54286,0.31979,0.39683
2024,baseball,2024-02-26,False,194.0,573922,Troy,7,1,0.80882,0.13333,0.74894,0.45611
2024,baseball,2024-02-26,False,170.0,573923,Tulane,3,4,0.28767,0.57143,0.47813,0.47717
2024,baseball,2024-02-26,False,160.0,573999,UAB,3,4,0.31343,0.50476,0.62536,0.48708
2024,baseball,2024-02-26,False,158.0,574000,UAlbany,0,3,0.0,0.8,0.35045,0.48761
2024,baseball,2024-02-26,False,200.0,574032,UC Davis,4,2,0.51852,0.375,0.53954,0.45201
2024,baseball,2024-02-26,False,10.0,574033,UC Irvine,6,0,1.0,0.625,0.60842,0.7146
2024,baseball,2024-02-26,False,171.0,574035,UC Riverside,3,5,0.31395,0.55357,0.48019,0.47532
2024,baseball,2024-02-26,False,80.0,574229,UC San Diego,5,3,0.51471,0.65298,0.47947,0.57503
2024,baseball,2024-02-26,False,21.0,574030,UC Santa Barbara,3,3,0.65,0.75,0.5102,0.66505
2024,baseball,2024-02-26,False,2.0,574039,UCF,5,0,1.0,0.83333,0.52449,0.79779
2024,baseball,2024-02-26,False,75.0,574034,UCLA,3,3,0.5,0.66667,0.49043,0.58094
2024,baseball,2024-02-26,False,74.0,574046,UConn,2,4,0.42593,0.75833,0.38653,0.58228
2024,baseball,2024-02-26,False,93.0,574088,UIC,3,4,0.44776,0.65646,0.43434,0.54876
2024,baseball,2024-02-26,False,108.0,573984,UIW,7,1,0.875,0.3125,0.64647,0.53662
2024,baseball,2024-02-26,False,179.0,574157,ULM,3,4,0.28767,0.55952,0.45688,0.4659
2024,baseball,2024-02-26,False,301.0,574117,UMBC,0,3,0.0,0.33333,0.3125,0.24479
2024,baseball,2024-02-26,False,211.0,574119,UMES,0,6,0.0,0.775,0.2094,0.43985
2024,baseball,2024-02-26,False,156.0,574111,UMass Lowell,3,4,0.58209,0.46429,0.45372,0.49109
2024,baseball,2024-02-26,False,91.0,574138,UNC Asheville,3,4,0.42857,0.65816,0.46989,0.5537
2024,baseball,2024-02-26,False,262.0,574141,UNC Greensboro,5,2,0.57377,0.14286,0.6796,0.38477
2024,baseball,2024-02-26,False,271.0,574142,UNCW,4,3,0.45902,0.16667,0.66399,0.36409
2024,baseball,2024-02-26,False,103.0,574145,UNLV,6,1,0.89552,0.29762,0.67238,0.54078
2024,baseball,2024-02-26,False,101.0,573986,USC Upstate,4,3,0.41791,0.6119,0.53547,0.5443
2024,baseball,2024-02-26,False,185.0,573917,UT Arlington,3,5,0.38372,0.46429,0.52837,0.46016
2024,baseball,2024-02-26,False,297.0,574227,UT Martin,3,4,0.28767,0.125,0.53353,0.2678
2024,baseball,2024-02-26,False,265.0,574175,UTRGV,5,1,0.72917,0.0,0.77381,0.37574
2024,baseball,2024-02-26,False,226.0,573919,UTSA,3,5,0.31169,0.46949,0.43773,0.4221
2024,baseball,2024-02-26,False,68.0,573947,Utah,7,1,0.92135,0.44345,0.55874,0.59175
2024,baseball,2024-02-26,False,256.0,573911,Utah Tech,1,7,0.07609,0.58333,0.33667,0.39486
2024,baseball,2024-02-26,False,57.0,573992,Utah Valley,3,5,0.52703,0.74405,0.39377,0.60222
2024,baseball,2024-02-26,False,177.0,573951,VCU,4,3,0.55738,0.42857,0.45724,0.46794
2024,baseball,2024-02-26,False,207.0,573952,VMI,3,5,0.375,0.46875,0.46779,0.44507
2024,baseball,2024-02-26,False,144.0,573948,Valparaiso,2,5,0.42623,0.57143,0.41762,0.49668
2024,baseball,2024-02-26,False,181.0,573949,Vanderbilt,5,3,0.47297,0.4375,0.50351,0.46287
2024,baseball,2024-02-26,False,241.0,573950,Villanova,1,5,0.27083,0.525,0.31441,0.40881
2024,baseball,2024-02-26,False,6.0,573954,Virginia,7,0,1.0,0.68095,0.67817,0.76002
2024,baseball,2024-02-26,False,65.0,573953,Virginia Tech,5,2,0.77049,0.48163,0.64031,0.59352
2024,baseball,2024-02-26,False,187.0,573955,Wagner,0,6,0.0,0.75,0.33801,0.4595
2024,baseball,2024-02-26,False,55.0,573956,Wake Forest,6,1,0.85714,0.54048,0.47907,0.60429
2024,baseball,2024-02-26,False,63.0,573958,Washington,2,3,0.48936,0.80167,0.29104,0.59593
2024,baseball,2024-02-26,False,154.0,573957,Washington St.,5,2,0.77632,0.28571,0.61759,0.49133
2024,baseball,2024-02-26,False,78.0,573959,West Virginia,4,4,0.65,0.58333,0.4932,0.57747
2024,baseball,2024-02-26,False,139.0,573960,Western Caro.,3,4,0.42857,0.5,0.57381,0.5006
2024,baseball,2024-02-26,False,46.0,573961,Western Ill.,1,5,0.22807,1.0,0.23491,0.61574
2024,baseball,2024-02-26,False,272.0,573962,Western Ky.,6,2,0.64865,0.04167,0.7229,0.36372
2024,baseball,2024-02-26,False,208.0,573963,Western Mich.,6,2,0.78261,0.125,0.74362,0.44406
2024,baseball,2024-02-26,False,32.0,573964,Wichita St.,3,3,0.57143,0.76389,0.4743,0.64338
2024,baseball,2024-02-26,False,51.0,573965,William & Mary,6,1,0.78689,0.52551,0.59876,0.60917
2024,baseball,2024-02-26,False,229.0,573966,Winthrop,2,6,0.16279,0.52381,0.46018,0.41765
2024,baseball,2024-02-26,False,137.0,573985,Wofford,6,1,0.76364,0.30034,0.63885,0.50079
2024,baseball,2024-02-26,False,171.0,573968,Wright St.,2,5,0.42623,0.5,0.47504,0.47532
2024,baseball,2024-02-26,False,135.0,573969,Xavier,3,4,0.58209,0.5,0.431,0.50327
2024,baseball,2024-02-26,False,302.0,573970,Yale,0,3,0.0,0.25,0.42857,0.23214
2024,baseball,2024-02-26,False,266.0,573971,Youngstown St.,0,6,0.0,0.625,0.25,0.375
2024,baseball,2024-03-04,False,201.0,573989,A&M-Corpus Christi,6,8,0.37762,0.51385,0.45961,0.46624
2024,baseball,2024-03-04,False,216.0,573995,Abilene Christian,8,5,0.57627,0.33178,0.57287,0.45317
2024,baseball,2024-03-04,False,127.0,573924,Air Force,4,7,0.42574,0.62659,0.40001,0.51973
2024,baseball,2024-03-04,False,61.0,573912,Akron,3,7,0.38824,0.72611,0.43451,0.56874
2024,baseball,2024-03-04,False,6.0,573998,Alabama,11,1,0.89899,0.61786,0.51956,0.66357
2024,baseball,2024-03-04,False,290.0,573996,Alabama A&M,2,9,0.18692,0.4,0.45609,0.36075
2024,baseball,2024-03-04,False,255.0,573997,Alabama St.,6,5,0.45918,0.28972,0.60837,0.41175
2024,baseball,2024-03-04,False,288.0,574001,Alcorn,0,9,0.0,0.54321,0.37175,0.36454
2024,baseball,2024-03-04,False,124.0,574002,App State,9,2,0.87611,0.31116,0.5868,0.5213
2024,baseball,2024-03-04,False,46.0,574004,Arizona,5,6,0.44898,0.66234,0.5653,0.58474
2024,baseball,2024-03-04,False,54.0,574003,Arizona St.,5,6,0.33654,0.78066,0.41429,0.57804
2024,baseball,2024-03-04,False,280.0,573982,Ark.-Pine Bluff,6,5,0.41584,0.27992,0.52802,0.37592
2024,baseball,2024-03-04,False,2.0,574006,Arkansas,9,2,0.75,0.7669,0.48737,0.69279
2024,baseball,2024-03-04,False,102.0,574005,Arkansas St.,9,3,0.73529,0.42847,0.56557,0.53945
2024,baseball,2024-03-04,False,150.0,573925,Army West Point,5,5,0.51456,0.5042,0.48581,0.50219
2024,baseball,2024-03-04,False,68.0,574008,Auburn,9,2,0.75,0.46864,0.56705,0.56358
2024,baseball,2024-03-04,False,88.0,574009,Austin Peay,10,2,0.82456,0.4045,0.55253,0.54652
2024,baseball,2024-03-04,False,207.0,574018,BYU,5,5,0.51765,0.38508,0.55772,0.46138
2024,baseball,2024-03-04,False,80.0,574010,Ball St.,7,4,0.69912,0.48718,0.54882,0.55557
2024,baseball,2024-03-04,False,186.0,574012,Baylor,4,7,0.25455,0.59325,0.4593,0.47509
2024,baseball,2024-03-04,False,283.0,574228,Bellarmine,1,10,0.15663,0.47004,0.38681,0.37088
2024,baseball,2024-03-04,False,132.0,573987,Belmont,7,5,0.55833,0.48274,0.52671,0.51263
2024,baseball,2024-03-04,False,253.0,574013,Bethune-Cookman,4,7,0.31776,0.40065,0.55422,0.41832
2024,baseball,2024-03-04,False,81.0,574014,Binghamton,3,6,0.46154,0.66358,0.43314,0.55546
2024,baseball,2024-03-04,False,41.0,574015,Boston College,6,3,0.75,0.56083,0.50848,0.59504
2024,baseball,2024-03-04,False,193.0,574016,Bowling Green,2,7,0.34667,0.58796,0.36694,0.47238
2024,baseball,2024-03-04,False,226.0,574017,Bradley,3,7,0.40244,0.47167,0.43277,0.44464
2024,baseball,2024-03-04,False,210.0,574019,Brown,2,5,0.42623,0.5,0.40646,0.45817
2024,baseball,2024-03-04,False,229.0,574020,Bryant,1,7,0.19118,0.61533,0.34715,0.44224
2024,baseball,2024-03-04,False,225.0,574021,Bucknell,5,5,0.53409,0.33333,0.58025,0.44525
2024,baseball,2024-03-04,False,85.0,574022,Butler,4,5,0.5977,0.56944,0.47184,0.55211
2024,baseball,2024-03-04,False,257.0,574024,CSU Bakersfield,2,10,0.11966,0.56913,0.37929,0.4093
2024,baseball,2024-03-04,False,131.0,574028,CSUN,9,2,0.76991,0.30711,0.66727,0.51285
2024,baseball,2024-03-04,False,223.0,574023,Cal Poly,3,7,0.2234,0.545,0.47353,0.44673
2024,baseball,2024-03-04,False,103.0,574026,Cal St. Fullerton,4,6,0.4,0.65906,0.42656,0.53617
2024,baseball,2024-03-04,False,42.0,574031,California,7,3,0.64706,0.59889,0.53359,0.59461
2024,baseball,2024-03-04,False,49.0,573994,California Baptist,8,4,0.60163,0.62606,0.47752,0.58282
2024,baseball,2024-03-04,False,44.0,574036,Campbell,8,3,0.71579,0.53084,0.5901,0.59189
2024,baseball,2024-03-04,False,145.0,574037,Canisius,3,5,0.52703,0.51749,0.46211,0.50603
2024,baseball,2024-03-04,False,35.0,573972,Central Ark.,7,6,0.50435,0.72218,0.45133,0.60001
2024,baseball,2024-03-04,False,268.0,574038,Central Conn. St.,0,3,0.0,0.57879,0.42482,0.3956
2024,baseball,2024-03-04,False,217.0,574040,Central Mich.,3,9,0.36111,0.46597,0.5195,0.45314
2024,baseball,2024-03-04,False,149.0,574011,Charleston So.,5,6,0.3271,0.60895,0.46486,0.50246
2024,baseball,2024-03-04,False,82.0,574140,Charlotte,6,6,0.42105,0.63727,0.52464,0.55506
2024,baseball,2024-03-04,False,181.0,574041,Cincinnati,7,5,0.57292,0.38519,0.5668,0.47752
2024,baseball,2024-03-04,False,1.0,574043,Clemson,9,1,0.83544,0.69308,0.56365,0.69631
2024,baseball,2024-03-04,False,24.0,574044,Coastal Carolina,9,2,0.70787,0.64153,0.49967,0.62265
2024,baseball,2024-03-04,False,206.0,573974,Col. of Charleston,7,3,0.55682,0.34286,0.60582,0.46209
2024,baseball,2024-03-04,False,215.0,574045,Columbia,3,3,0.5,0.38393,0.55076,0.45465
2024,baseball,2024-03-04,False,287.0,574047,Coppin St.,1,5,0.10606,0.46944,0.41502,0.36499
2024,baseball,2024-03-04,False,134.0,574048,Cornell,1,5,0.27083,0.66964,0.43636,0.51162
2024,baseball,2024-03-04,False,30.0,574049,Creighton,7,1,0.88372,0.52304,0.49497,0.60619
2024,baseball,2024-03-04,False,15.0,573975,DBU,10,1,0.88372,0.5596,0.55202,0.63873
2024,baseball,2024-03-04,False,277.0,574050,Dartmouth,0,5,0.0,0.58333,0.35568,0.38059
2024,baseball,2024-03-04,False,219.0,574051,Davidson,4,7,0.26168,0.53385,0.47105,0.45011
2024,baseball,2024-03-04,False,97.0,574052,Dayton,5,5,0.56383,0.5625,0.47867,0.54188
2024,baseball,2024-03-04,False,195.0,574054,Delaware,6,4,0.6,0.35952,0.56359,0.47066
2024,baseball,2024-03-04,False,263.0,574053,Delaware St.,1,7,0.1625,0.51543,0.4189,0.40306
2024,baseball,2024-03-04,False,13.0,574055,Duke,10,1,0.86316,0.54545,0.61542,0.64237
2024,baseball,2024-03-04,False,168.0,574057,ETSU,9,2,0.75904,0.26251,0.66088,0.48624
2024,baseball,2024-03-04,False,40.0,574056,East Carolina,7,4,0.60465,0.63007,0.52326,0.59701
2024,baseball,2024-03-04,False,236.0,574058,Eastern Ill.,1,9,0.17105,0.6175,0.32001,0.43152
2024,baseball,2024-03-04,False,289.0,574059,Eastern Ky.,2,9,0.13861,0.41169,0.48766,0.36241
2024,baseball,2024-03-04,False,249.0,574060,Eastern Mich.,3,8,0.41053,0.41162,0.45354,0.42183
2024,baseball,2024-03-04,False,286.0,573976,Elon,4,7,0.30088,0.37243,0.42071,0.36661
2024,baseball,2024-03-04,False,174.0,574061,Evansville,7,5,0.62037,0.40417,0.499,0.48193
2024,baseball,2024-03-04,False,275.0,574063,FDU,1,9,0.17105,0.5375,0.28645,0.38313
2024,baseball,2024-03-04,False,130.0,573991,FGCU,4,7,0.32692,0.62955,0.47057,0.51415
2024,baseball,2024-03-04,False,104.0,574066,FIU,6,5,0.41584,0.63117,0.46597,0.53604
2024,baseball,2024-03-04,False,300.0,574062,Fairfield,0,9,0.0,0.45833,0.40416,0.33021
2024,baseball,2024-03-04,False,143.0,574065,Fla. Atlantic,6,5,0.47525,0.52879,0.49359,0.5066
2024,baseball,2024-03-04,False,10.0,574068,Florida,8,3,0.73267,0.73545,0.41838,0.65549
2024,baseball,2024-03-04,False,269.0,574064,Florida A&M,5,6,0.42308,0.31017,0.53375,0.39429
2024,baseball,2024-03-04,False,14.0,574067,Florida St.,10,0,1.0,0.51429,0.54034,0.64223
2024,baseball,2024-03-04,False,242.0,574069,Fordham,2,8,0.20732,0.53641,0.42426,0.4261
2024,baseball,2024-03-04,False,183.0,574025,Fresno St.,7,3,0.69318,0.28107,0.64859,0.47598
2024,baseball,2024-03-04,False,94.0,574073,Ga. Southern,4,7,0.33613,0.69949,0.4369,0.54301
2024,baseball,2024-03-04,False,192.0,573977,Gardner-Webb,2,9,0.13084,0.67857,0.40173,0.47243
2024,baseball,2024-03-04,False,187.0,574070,George Mason,5,6,0.4,0.48701,0.52595,0.47499
2024,baseball,2024-03-04,False,273.0,574071,George Washington,6,4,0.55263,0.16667,0.66906,0.38876
2024,baseball,2024-03-04,False,154.0,574072,Georgetown,6,5,0.59406,0.44447,0.51323,0.49906
2024,baseball,2024-03-04,False,9.0,574076,Georgia,10,1,0.8587,0.63058,0.50245,0.65558
2024,baseball,2024-03-04,False,67.0,574074,Georgia St.,5,6,0.4958,0.64405,0.47283,0.56418
2024,baseball,2024-03-04,False,92.0,574075,Georgia Tech,7,3,0.64706,0.48206,0.5659,0.54427
2024,baseball,2024-03-04,False,260.0,574077,Gonzaga,1,9,0.17105,0.49325,0.46238,0.40498
2024,baseball,2024-03-04,False,251.0,574078,Grambling,2,8,0.21277,0.53311,0.40604,0.42125
2024,baseball,2024-03-04,False,107.0,573978,Grand Canyon,6,5,0.50467,0.54747,0.53616,0.53395
2024,baseball,2024-03-04,False,112.0,574080,Harvard,1,5,0.27083,0.7875,0.26766,0.52837
2024,baseball,2024-03-04,False,90.0,574081,Hawaii,6,5,0.42478,0.62917,0.50199,0.54628
2024,baseball,2024-03-04,False,282.0,573988,High Point,3,9,0.21429,0.39957,0.48646,0.37497
2024,baseball,2024-03-04,False,45.0,574082,Hofstra,4,6,0.55319,0.6625,0.4817,0.58997
2024,baseball,2024-03-04,False,78.0,574083,Holy Cross,3,6,0.48148,0.65476,0.44261,0.5584
2024,baseball,2024-03-04,False,74.0,574085,Houston,7,4,0.53061,0.56405,0.58193,0.56016
2024,baseball,2024-03-04,False,214.0,574084,Houston Christian,7,6,0.46429,0.40773,0.54057,0.45508
2024,baseball,2024-03-04,False,138.0,574087,Illinois,5,6,0.46535,0.51625,0.54322,0.51027
2024,baseball,2024-03-04,False,57.0,574086,Illinois St.,5,5,0.60194,0.59833,0.49983,0.57461
2024,baseball,2024-03-04,False,27.0,574090,Indiana,7,4,0.64754,0.62241,0.54788,0.61006
2024,baseball,2024-03-04,False,38.0,574089,Indiana St.,8,3,0.80374,0.53157,0.5267,0.59839
2024,baseball,2024-03-04,False,295.0,574092,Iona,2,7,0.34667,0.33333,0.40324,0.35414
2024,baseball,2024-03-04,False,72.0,574093,Iowa,5,6,0.46535,0.65611,0.46415,0.56043
2024,baseball,2024-03-04,False,142.0,574094,Jackson St.,9,3,0.71429,0.33586,0.64047,0.50662
2024,baseball,2024-03-04,False,164.0,574096,Jacksonville,4,6,0.26415,0.62893,0.44407,0.49152
2024,baseball,2024-03-04,False,188.0,574095,Jacksonville St.,4,7,0.31776,0.53933,0.50067,0.47427
2024,baseball,2024-03-04,False,53.0,574097,James Madison,8,3,0.74699,0.47532,0.61622,0.57846
2024,baseball,2024-03-04,False,77.0,574099,Kansas,7,4,0.59184,0.53994,0.56238,0.55852
2024,baseball,2024-03-04,False,99.0,574098,Kansas St.,7,3,0.64706,0.47024,0.5781,0.54141
2024,baseball,2024-03-04,False,32.0,573979,Kennesaw St.,6,6,0.55,0.70019,0.46468,0.60376
2024,baseball,2024-03-04,False,129.0,574100,Kent St.,3,8,0.41053,0.62844,0.39736,0.51619
2024,baseball,2024-03-04,False,7.0,574101,Kentucky,10,1,0.90385,0.61288,0.51232,0.66048
2024,baseball,2024-03-04,False,296.0,574106,LIU,1,8,0.18841,0.3869,0.44943,0.35291
2024,baseball,2024-03-04,False,185.0,574112,LMU (CA),7,5,0.59259,0.38384,0.54297,0.47581
2024,baseball,2024-03-04,False,31.0,574108,LSU,11,1,0.87619,0.48131,0.58533,0.60604
2024,baseball,2024-03-04,False,250.0,574102,Lafayette,1,9,0.17105,0.59643,0.32221,0.42153
2024,baseball,2024-03-04,False,105.0,574103,Lamar University,7,4,0.65306,0.47222,0.53915,0.53416
2024,baseball,2024-03-04,False,135.0,574412,Le Moyne,3,7,0.44318,0.60635,0.38989,0.51144
2024,baseball,2024-03-04,False,76.0,574104,Lehigh,7,3,0.77982,0.42917,0.59725,0.55885
2024,baseball,2024-03-04,False,133.0,574105,Liberty,5,6,0.43158,0.55024,0.51548,0.51188
2024,baseball,2024-03-04,False,202.0,574230,Lindenwood,5,6,0.46067,0.4487,0.50384,0.46548
2024,baseball,2024-03-04,False,227.0,573990,Lipscomb,3,8,0.23894,0.51894,0.49892,0.44393
2024,baseball,2024-03-04,False,65.0,574007,Little Rock,6,5,0.50467,0.63853,0.47842,0.56504
2024,baseball,2024-03-04,False,191.0,574027,Long Beach St.,8,1,0.88889,0.16049,0.68002,0.47247
2024,baseball,2024-03-04,False,177.0,574107,Longwood,7,4,0.66265,0.34435,0.56266,0.47851
2024,baseball,2024-03-04,False,235.0,574220,Louisiana,5,6,0.37273,0.40829,0.53913,0.43211
2024,baseball,2024-03-04,False,50.0,574109,Louisiana Tech,11,0,1.0,0.3379,0.64932,0.58128
2024,baseball,2024-03-04,False,248.0,574110,Louisville,7,4,0.51579,0.27121,0.63095,0.42229
2024,baseball,2024-03-04,False,272.0,574113,Maine,1,8,0.12821,0.49663,0.43868,0.39004
2024,baseball,2024-03-04,False,153.0,574114,Manhattan,4,5,0.5977,0.46296,0.47628,0.49998
2024,baseball,2024-03-04,False,303.0,574115,Marist,1,9,0.17105,0.26667,0.47829,0.29567
2024,baseball,2024-03-04,False,243.0,574116,Marshall,3,8,0.25263,0.5,0.44651,0.42478
2024,baseball,2024-03-04,False,93.0,574118,Maryland,9,3,0.77778,0.40164,0.59278,0.54346
2024,baseball,2024-03-04,False,156.0,574120,Massachusetts,2,5,0.34328,0.61905,0.40795,0.49733
2024,baseball,2024-03-04,False,22.0,574121,McNeese,7,5,0.51042,0.79226,0.4084,0.62583
2024,baseball,2024-03-04,False,256.0,574122,Memphis,7,6,0.47826,0.30696,0.54852,0.41017
2024,baseball,2024-03-04,False,117.0,574123,Mercer,9,3,0.63889,0.46513,0.5245,0.52341
2024,baseball,2024-03-04,False,267.0,573973,Merrimack,2,7,0.2381,0.45185,0.45577,0.39939
2024,baseball,2024-03-04,False,245.0,574125,Miami (FL),6,5,0.39252,0.38929,0.52526,0.42409
2024,baseball,2024-03-04,False,113.0,574124,Miami (OH),5,5,0.57317,0.52607,0.48811,0.52835
2024,baseball,2024-03-04,False,119.0,574127,Michigan,4,8,0.38333,0.61169,0.48429,0.52275
2024,baseball,2024-03-04,False,148.0,574126,Michigan St.,4,7,0.38053,0.57525,0.48083,0.50297
2024,baseball,2024-03-04,False,241.0,574128,Middle Tenn.,5,6,0.41593,0.38438,0.52287,0.42689
2024,baseball,2024-03-04,False,284.0,573967,Milwaukee,0,9,0.0,0.61111,0.25765,0.36997
2024,baseball,2024-03-04,False,140.0,574129,Minnesota,4,5,0.47778,0.52548,0.50076,0.50737
2024,baseball,2024-03-04,False,189.0,574130,Mississippi St.,8,4,0.51852,0.42473,0.52808,0.47401
2024,baseball,2024-03-04,False,34.0,574131,Mississippi Val.,4,3,0.55738,0.74242,0.36685,0.60227
2024,baseball,2024-03-04,False,224.0,574133,Missouri,5,6,0.48276,0.37324,0.55519,0.44611
2024,baseball,2024-03-04,False,26.0,574218,Missouri St.,6,5,0.61682,0.69545,0.46,0.61693
2024,baseball,2024-03-04,False,254.0,574134,Monmouth,2,7,0.28395,0.47222,0.44005,0.41711
2024,baseball,2024-03-04,False,115.0,574135,Morehead St.,7,4,0.69912,0.425,0.55759,0.52668
2024,baseball,2024-03-04,False,301.0,574136,Mount St. Mary's,1,9,0.17105,0.35189,0.40294,0.31944
2024,baseball,2024-03-04,False,69.0,574137,Murray St.,6,5,0.60674,0.54242,0.56236,0.56349
2024,baseball,2024-03-04,False,200.0,574154,N.C. A&T,9,2,0.76531,0.23492,0.63501,0.46754
2024,baseball,2024-03-04,False,51.0,574155,NC State,9,2,0.78947,0.45932,0.61395,0.58052
2024,baseball,2024-03-04,False,209.0,574160,NIU,3,10,0.33028,0.54017,0.42308,0.45842
2024,baseball,2024-03-04,False,297.0,574147,NJIT,2,8,0.31707,0.32083,0.4528,0.35289
2024,baseball,2024-03-04,False,302.0,573946,Navy,4,7,0.34483,0.19481,0.50207,0.30913
2024,baseball,2024-03-04,False,3.0,574143,Nebraska,7,3,0.76522,0.75016,0.48317,0.68718
2024,baseball,2024-03-04,False,98.0,574146,Nevada,4,6,0.55319,0.63611,0.34096,0.54159
2024,baseball,2024-03-04,False,173.0,574149,New Mexico,7,5,0.48246,0.45979,0.52662,0.48216
2024,baseball,2024-03-04,False,262.0,574148,New Mexico St.,5,6,0.39326,0.31818,0.58732,0.40423
2024,baseball,2024-03-04,False,139.0,574150,New Orleans,7,4,0.51579,0.49876,0.51936,0.50817
2024,baseball,2024-03-04,False,84.0,574151,Niagara,8,2,0.88136,0.37905,0.57083,0.55257
2024,baseball,2024-03-04,False,89.0,574152,Nicholls,11,2,0.86,0.36331,0.59932,0.54649
2024,baseball,2024-03-04,False,305.0,574153,Norfolk St.,3,8,0.17647,0.21515,0.43671,0.26087
2024,baseball,2024-03-04,False,230.0,573993,North Ala.,3,8,0.21239,0.53306,0.48258,0.44027
2024,baseball,2024-03-04,False,83.0,574139,North Carolina,10,2,0.8046,0.39186,0.62851,0.55421
2024,baseball,2024-03-04,False,137.0,574156,North Dakota St.,2,9,0.29213,0.65007,0.44948,0.51044
2024,baseball,2024-03-04,False,211.0,573983,North Florida,7,3,0.625,0.31833,0.57085,0.45813
2024,baseball,2024-03-04,False,23.0,574158,Northeastern,5,3,0.7375,0.61682,0.53077,0.62547
2024,baseball,2024-03-04,False,259.0,574159,Northern Colo.,0,11,0.0,0.63384,0.36007,0.40694
2024,baseball,2024-03-04,False,111.0,574161,Northern Ky.,4,7,0.48598,0.60034,0.43435,0.53025
2024,baseball,2024-03-04,False,28.0,574163,Northwestern,5,5,0.62766,0.65556,0.49934,0.60953
2024,baseball,2024-03-04,False,237.0,574162,Northwestern St.,4,8,0.26984,0.4834,0.48942,0.43151
2024,baseball,2024-03-04,False,17.0,574164,Notre Dame,8,2,0.88136,0.56607,0.51138,0.63122
2024,baseball,2024-03-04,False,247.0,574165,Oakland,3,7,0.44318,0.40276,0.44055,0.42231
2024,baseball,2024-03-04,False,212.0,574167,Ohio,3,6,0.37931,0.45833,0.53537,0.45784
2024,baseball,2024-03-04,False,58.0,574166,Ohio St.,6,4,0.68041,0.49282,0.61793,0.57099
2024,baseball,2024-03-04,False,106.0,574169,Oklahoma,5,5,0.45055,0.61083,0.4638,0.534
2024,baseball,2024-03-04,False,43.0,574168,Oklahoma St.,7,4,0.67368,0.61267,0.4698,0.59221
2024,baseball,2024-03-04,False,21.0,574170,Old Dominion,7,4,0.51579,0.7645,0.46464,0.62736
2024,baseball,2024-03-04,False,110.0,574132,Ole Miss,8,5,0.56198,0.49074,0.57817,0.53041
2024,baseball,2024-03-04,False,291.0,574144,Omaha,0,10,0.0,0.54167,0.35896,0.36057
2024,baseball,2024-03-04,False,278.0,574171,Oral Roberts,4,7,0.27723,0.35227,0.53212,0.37847
2024,baseball,2024-03-04,False,162.0,574173,Oregon,7,3,0.6044,0.37079,0.62368,0.49242
2024,baseball,2024-03-04,False,25.0,574172,Oregon St.,11,1,0.90741,0.48896,0.59402,0.61984
2024,baseball,2024-03-04,False,285.0,574174,Pacific,2,8,0.13592,0.41727,0.50355,0.3685
2024,baseball,2024-03-04,False,176.0,574177,Penn,2,5,0.42623,0.53175,0.42724,0.47924
2024,baseball,2024-03-04,False,86.0,574176,Penn St.,7,3,0.77358,0.45357,0.5214,0.55053
2024,baseball,2024-03-04,False,261.0,574178,Pepperdine,3,9,0.175,0.50079,0.44177,0.40459
2024,baseball,2024-03-04,False,47.0,574179,Pittsburgh,8,1,0.89583,0.44324,0.55533,0.58441
2024,baseball,2024-03-04,False,166.0,574180,Portland,6,3,0.78788,0.25,0.67525,0.49078
2024,baseball,2024-03-04,False,125.0,574181,Prairie View,6,5,0.63158,0.46263,0.52521,0.52051
2024,baseball,2024-03-04,False,158.0,573980,Presbyterian,7,5,0.48039,0.50324,0.49182,0.49467
2024,baseball,2024-03-04,False,190.0,574182,Princeton,1,5,0.27083,0.61111,0.3971,0.47254
2024,baseball,2024-03-04,False,39.0,574183,Purdue,8,3,0.74766,0.5247,0.5934,0.59762
2024,baseball,2024-03-04,False,208.0,574091,Purdue Fort Wayne,3,9,0.38235,0.50394,0.44629,0.45913
2024,baseball,2024-03-04,False,159.0,574231,Queens (NC),3,9,0.19444,0.69462,0.39391,0.4944
2024,baseball,2024-03-04,False,274.0,574184,Quinnipiac,3,6,0.44,0.27626,0.54614,0.38467
2024,baseball,2024-03-04,False,239.0,574185,Radford,5,5,0.42683,0.37714,0.53039,0.42788
2024,baseball,2024-03-04,False,169.0,574186,Rhode Island,2,7,0.34667,0.60714,0.38247,0.48585
2024,baseball,2024-03-04,False,199.0,574187,Rice,3,8,0.25191,0.5822,0.45456,0.46772
2024,baseball,2024-03-04,False,270.0,574188,Richmond,5,6,0.30973,0.4132,0.4355,0.39291
2024,baseball,2024-03-04,False,231.0,574189,Rider,1,6,0.23636,0.55952,0.39407,0.43737
2024,baseball,2024-03-04,False,8.0,574190,Rutgers,8,2,0.88136,0.59881,0.55413,0.65828
2024,baseball,2024-03-04,False,292.0,574222,SFA,3,11,0.16031,0.4,0.47169,0.358
2024,baseball,2024-03-04,False,279.0,574215,SIUE,2,10,0.17544,0.49051,0.34905,0.37638
2024,baseball,2024-03-04,False,218.0,574029,Sacramento St.,5,6,0.3271,0.49784,0.48408,0.45171
2024,baseball,2024-03-04,False,232.0,574191,Sacred Heart,1,8,0.18841,0.59571,0.35782,0.43441
2024,baseball,2024-03-04,False,147.0,574194,Saint Joseph's,4,4,0.5,0.52076,0.47778,0.50483
2024,baseball,2024-03-04,False,48.0,574195,Saint Louis,10,1,0.88496,0.42778,0.59199,0.58313
2024,baseball,2024-03-04,False,178.0,574196,Saint Mary's (CA),8,3,0.69159,0.31818,0.58569,0.47841
2024,baseball,2024-03-04,False,298.0,574197,Saint Peter's,4,7,0.51485,0.21465,0.46196,0.35153
2024,baseball,2024-03-04,False,171.0,574198,Sam Houston,8,4,0.54902,0.38308,0.61669,0.48297
2024,baseball,2024-03-04,False,108.0,574199,Samford,8,4,0.66667,0.43929,0.587,0.53306
2024,baseball,2024-03-04,False,56.0,574201,San Diego,5,5,0.51765,0.63568,0.51705,0.57651
2024,baseball,2024-03-04,False,180.0,574200,San Diego St.,4,7,0.31776,0.62538,0.34362,0.47804
2024,baseball,2024-03-04,False,299.0,574202,San Francisco,7,5,0.53509,0.10173,0.61053,0.33727
2024,baseball,2024-03-04,False,144.0,574203,San Jose St.,4,7,0.38202,0.61742,0.40751,0.50609
2024,baseball,2024-03-04,False,160.0,574204,Santa Clara,6,4,0.68182,0.3375,0.61745,0.49357
2024,baseball,2024-03-04,False,221.0,573981,Seattle U,4,8,0.38333,0.48957,0.43626,0.44968
2024,baseball,2024-03-04,False,64.0,574205,Seton Hall,7,3,0.76699,0.4425,0.60925,0.56531
2024,baseball,2024-03-04,False,294.0,574206,Siena,0,9,0.0,0.54167,0.3393,0.35566
2024,baseball,2024-03-04,False,60.0,574207,South Alabama,10,2,0.72917,0.52704,0.49537,0.56966
2024,baseball,2024-03-04,False,29.0,574208,South Carolina,8,3,0.65116,0.62001,0.53932,0.60763
2024,baseball,2024-03-04,False,213.0,574209,South Dakota St.,6,6,0.65,0.35119,0.47496,0.45684
2024,baseball,2024-03-04,False,109.0,574210,South Fla.,5,5,0.46591,0.56167,0.54105,0.53257
2024,baseball,2024-03-04,False,179.0,574211,Southeast Mo. St.,6,7,0.39669,0.50632,0.50405,0.47835
2024,baseball,2024-03-04,False,20.0,574212,Southeastern La.,8,4,0.67544,0.65721,0.52062,0.62762
2024,baseball,2024-03-04,False,167.0,574213,Southern California,2,9,0.13084,0.71074,0.40868,0.49025
2024,baseball,2024-03-04,False,91.0,574214,Southern Ill.,6,5,0.58407,0.55572,0.48599,0.54537
2024,baseball,2024-03-04,False,233.0,574232,Southern Ind.,4,7,0.27723,0.47727,0.50423,0.434
2024,baseball,2024-03-04,False,100.0,574216,Southern Miss.,8,4,0.55856,0.53611,0.5347,0.54137
2024,baseball,2024-03-04,False,240.0,574217,Southern U.,3,7,0.28723,0.50679,0.4098,0.42765
2024,baseball,2024-03-04,False,122.0,574192,St. Bonaventure,3,7,0.44318,0.65774,0.33047,0.52228
2024,baseball,2024-03-04,False,19.0,574193,St. John's (NY),4,4,0.65,0.70104,0.46098,0.62827
2024,baseball,2024-03-04,False,120.0,573909,St. Thomas (MN),5,6,0.54867,0.52273,0.49615,0.52257
2024,baseball,2024-03-04,False,155.0,574221,Stanford,6,5,0.48,0.48409,0.54332,0.49787
2024,baseball,2024-03-04,False,170.0,574223,Stetson,8,4,0.51852,0.42894,0.56395,0.48508
2024,baseball,2024-03-04,False,228.0,574233,Stonehill,3,4,0.58209,0.34184,0.509,0.44369
2024,baseball,2024-03-04,False,59.0,574224,Stony Brook,4,7,0.42991,0.70065,0.4478,0.56975
2024,baseball,2024-03-04,False,4.0,573914,TCU,12,0,1.0,0.54061,0.6105,0.67293
2024,baseball,2024-03-04,False,75.0,573910,Tarleton St.,9,4,0.75652,0.42269,0.6346,0.55913
2024,baseball,2024-03-04,False,79.0,574226,Tennessee,11,1,0.89247,0.37643,0.58062,0.55649
2024,baseball,2024-03-04,False,265.0,574225,Tennessee Tech,6,5,0.42478,0.30803,0.56339,0.40106
2024,baseball,2024-03-04,False,70.0,573918,Texas,7,4,0.53261,0.58308,0.55379,0.56314
2024,baseball,2024-03-04,False,11.0,573913,Texas A&M,11,0,1.0,0.46107,0.68621,0.65209
2024,baseball,2024-03-04,False,184.0,573915,Texas Southern,4,9,0.34,0.54549,0.47241,0.47585
2024,baseball,2024-03-04,False,73.0,574219,Texas St.,7,4,0.61053,0.55537,0.52028,0.56039
2024,baseball,2024-03-04,False,36.0,573916,Texas Tech,9,2,0.78947,0.51703,0.57461,0.59954
2024,baseball,2024-03-04,False,146.0,574042,The Citadel,9,2,0.72632,0.29582,0.70455,0.50562
2024,baseball,2024-03-04,False,175.0,573920,Toledo,4,7,0.51485,0.4697,0.46691,0.48029
2024,baseball,2024-03-04,False,246.0,573921,Towson,1,10,0.12048,0.59434,0.38465,0.42345
2024,baseball,2024-03-04,False,196.0,573922,Troy,10,3,0.75229,0.25641,0.61108,0.46905
2024,baseball,2024-03-04,False,95.0,573923,Tulane,7,4,0.48515,0.57554,0.53566,0.54297
2024,baseball,2024-03-04,False,114.0,573999,UAB,5,6,0.41593,0.55689,0.58255,0.52806
2024,baseball,2024-03-04,False,266.0,574000,UAlbany,0,6,0.0,0.65873,0.28644,0.40097
2024,baseball,2024-03-04,False,157.0,574032,UC Davis,6,5,0.50526,0.49423,0.4889,0.49565
2024,baseball,2024-03-04,False,5.0,574033,UC Irvine,9,0,1.0,0.53886,0.61275,0.67262
2024,baseball,2024-03-04,False,220.0,574035,UC Riverside,6,6,0.42105,0.39365,0.59113,0.44987
2024,baseball,2024-03-04,False,126.0,574229,UC San Diego,9,3,0.65625,0.45581,0.51179,0.51992
2024,baseball,2024-03-04,False,33.0,574030,UC Santa Barbara,5,5,0.65,0.65032,0.46117,0.60295
2024,baseball,2024-03-04,False,12.0,574039,UCF,8,1,0.83951,0.63598,0.48251,0.64849
2024,baseball,2024-03-04,False,101.0,574034,UCLA,5,5,0.44304,0.61457,0.49165,0.54096
2024,baseball,2024-03-04,False,55.0,574046,UConn,3,6,0.44444,0.69943,0.46468,0.577
2024,baseball,2024-03-04,False,71.0,574088,UIC,6,5,0.58879,0.59268,0.4765,0.56266
2024,baseball,2024-03-04,False,152.0,573984,UIW,8,4,0.64583,0.41111,0.53465,0.50068
2024,baseball,2024-03-04,False,141.0,574157,ULM,7,5,0.48413,0.5125,0.51778,0.50673
2024,baseball,2024-03-04,False,304.0,574117,UMBC,1,6,0.11475,0.30385,0.42394,0.2866
2024,baseball,2024-03-04,False,271.0,574119,UMES,0,9,0.0,0.63426,0.29936,0.39197
2024,baseball,2024-03-04,False,222.0,574111,UMass Lowell,3,7,0.44318,0.45893,0.43023,0.44782
2024,baseball,2024-03-04,False,198.0,574138,UNC Asheville,6,5,0.54545,0.38264,0.56122,0.46799
2024,baseball,2024-03-04,False,264.0,574141,UNC Greensboro,7,4,0.48515,0.27273,0.57444,0.40126
2024,baseball,2024-03-04,False,197.0,574142,UNCW,6,6,0.44444,0.41806,0.59193,0.46812
2024,baseball,2024-03-04,False,151.0,574145,UNLV,9,2,0.81308,0.32093,0.54945,0.5011
2024,baseball,2024-03-04,False,136.0,573986,USC Upstate,6,5,0.41584,0.54899,0.52889,0.51068
2024,baseball,2024-03-04,False,121.0,573917,UT Arlington,4,8,0.38333,0.60928,0.48753,0.52236
2024,baseball,2024-03-04,False,276.0,574227,UT Martin,5,7,0.3254,0.35133,0.49725,0.38133
2024,baseball,2024-03-04,False,234.0,574175,UTRGV,6,4,0.44681,0.35513,0.57267,0.43243
2024,baseball,2024-03-04,False,165.0,573919,UTSA,6,6,0.4359,0.49413,0.54002,0.49105
2024,baseball,2024-03-04,False,52.0,573947,Utah,9,2,0.88525,0.44486,0.54707,0.58051
2024,baseball,2024-03-04,False,252.0,573911,Utah Tech,1,11,0.05556,0.62083,0.38551,0.42068
2024,baseball,2024-03-04,False,128.0,573992,Utah Valley,3,8,0.34513,0.71015,0.30172,0.51679
2024,baseball,2024-03-04,False,96.0,573951,VCU,8,4,0.64583,0.52803,0.46628,0.54204
2024,baseball,2024-03-04,False,203.0,573952,VMI,6,7,0.42149,0.48135,0.46999,0.46355
2024,baseball,2024-03-04,False,87.0,573948,Valparaiso,4,6,0.53608,0.60913,0.43484,0.54729
2024,baseball,2024-03-04,False,118.0,573949,Vanderbilt,10,3,0.66949,0.45045,0.52204,0.52311
2024,baseball,2024-03-04,False,244.0,573950,Villanova,2,7,0.34667,0.4537,0.44369,0.42444
2024,baseball,2024-03-04,False,18.0,573954,Virginia,10,1,0.8587,0.5311,0.60376,0.63116
2024,baseball,2024-03-04,False,66.0,573953,Virginia Tech,8,3,0.73267,0.45884,0.60961,0.56499
2024,baseball,2024-03-04,False,161.0,573955,Wagner,0,10,0.0,0.825,0.3225,0.49312
2024,baseball,2024-03-04,False,16.0,573956,Wake Forest,10,1,0.91566,0.54141,0.5288,0.63182
2024,baseball,2024-03-04,False,123.0,573958,Washington,3,5,0.375,0.69791,0.31763,0.52211
2024,baseball,2024-03-04,False,163.0,573957,Washington St.,7,4,0.66364,0.34545,0.61172,0.49157
2024,baseball,2024-03-04,False,37.0,573959,West Virginia,7,6,0.66929,0.62271,0.47927,0.59849
2024,baseball,2024-03-04,False,205.0,573960,Western Caro.,4,7,0.29474,0.53182,0.49147,0.46246
2024,baseball,2024-03-04,False,116.0,573961,Western Ill.,3,6,0.43333,0.62963,0.41124,0.52596
2024,baseball,2024-03-04,False,194.0,573962,Western Ky.,8,5,0.5124,0.40611,0.5633,0.47198
2024,baseball,2024-03-04,False,172.0,573963,Western Mich.,6,5,0.59016,0.38182,0.57785,0.48291
2024,baseball,2024-03-04,False,63.0,573964,Wichita St.,7,3,0.72165,0.48083,0.58341,0.56668
2024,baseball,2024-03-04,False,204.0,573965,William & Mary,8,3,0.61386,0.33734,0.56292,0.46286
2024,baseball,2024-03-04,False,258.0,573966,Winthrop,5,7,0.30702,0.38896,0.55041,0.40884
2024,baseball,2024-03-04,False,182.0,573985,Wofford,9,2,0.75904,0.27023,0.60627,0.47644
2024,baseball,2024-03-04,False,238.0,573968,Wright St.,3,7,0.44318,0.39583,0.47735,0.42805
2024,baseball,2024-03-04,False,62.0,573969,Xavier,6,5,0.6729,0.52571,0.55042,0.56868
2024,baseball,2024-03-04,False,281.0,573970,Yale,0,6,0.0,0.53571,0.43193,0.37584
2024,baseball,2024-03-04,False,293.0,573971,Youngstown St.,0,9,0.0,0.52381,0.3762,0.35595
2024,baseball,2024-03-11,False,199.0,573989,A&M-Corpus Christi,9,9,0.44262,0.46017,0.51816,0.47028
2024,baseball,2024-03-11,False,136.0,573995,Abilene Christian,10,7,0.59494,0.46555,0.51415,0.51005
2024,baseball,2024-03-11,False,80.0,573924,Air Force,6,9,0.48936,0.62144,0.45172,0.54599
2024,baseball,2024-03-11,False,215.0,573912,Akron,3,11,0.25191,0.55118,0.47305,0.45683
2024,baseball,2024-03-11,False,18.0,573998,Alabama,15,1,0.92126,0.50811,0.53212,0.6174
2024,baseball,2024-03-11,False,284.0,573996,Alabama A&M,2,13,0.14815,0.46264,0.45875,0.38304
2024,baseball,2024-03-11,False,263.0,573997,Alabama St.,8,6,0.54198,0.27924,0.57625,0.41918
2024,baseball,2024-03-11,False,273.0,574001,Alcorn,0,10,0.0,0.60179,0.39915,0.40068
2024,baseball,2024-03-11,False,74.0,574002,App State,10,4,0.8,0.45068,0.50826,0.55241
2024,baseball,2024-03-11,False,70.0,574004,Arizona,7,7,0.53435,0.56675,0.56312,0.55774
2024,baseball,2024-03-11,False,73.0,574003,Arizona St.,7,8,0.36667,0.70424,0.44622,0.55534
2024,baseball,2024-03-11,False,286.0,573982,Ark.-Pine Bluff,7,8,0.33333,0.31364,0.56165,0.38056
2024,baseball,2024-03-11,False,1.0,574006,Arkansas,13,2,0.80833,0.70304,0.57821,0.69816
2024,baseball,2024-03-11,False,155.0,574005,Arkansas St.,11,5,0.65441,0.39351,0.54865,0.49752
2024,baseball,2024-03-11,False,138.0,573925,Army West Point,7,7,0.55245,0.49387,0.49705,0.50931
2024,baseball,2024-03-11,False,68.0,574008,Auburn,12,3,0.71429,0.48422,0.55222,0.55874
2024,baseball,2024-03-11,False,76.0,574009,Austin Peay,11,4,0.75887,0.46489,0.5099,0.54964
2024,baseball,2024-03-11,False,125.0,574018,BYU,7,7,0.56,0.48189,0.5228,0.51165
2024,baseball,2024-03-11,False,160.0,574010,Ball St.,10,6,0.65116,0.40805,0.51397,0.49531
2024,baseball,2024-03-11,False,177.0,574012,Baylor,4,11,0.19444,0.64261,0.45866,0.48458
2024,baseball,2024-03-11,False,277.0,574228,Bellarmine,1,12,0.12621,0.52314,0.39919,0.39292
2024,baseball,2024-03-11,False,91.0,573987,Belmont,9,7,0.50625,0.56346,0.51499,0.53704
2024,baseball,2024-03-11,False,282.0,574013,Bethune-Cookman,6,9,0.34043,0.33127,0.53605,0.38475
2024,baseball,2024-03-11,False,104.0,574014,Binghamton,4,9,0.4375,0.59615,0.49299,0.5307
2024,baseball,2024-03-11,False,43.0,574015,Boston College,7,6,0.65385,0.62303,0.47254,0.59311
2024,baseball,2024-03-11,False,102.0,574016,Bowling Green,5,7,0.57018,0.56006,0.44237,0.53317
2024,baseball,2024-03-11,False,267.0,574017,Bradley,3,11,0.3,0.4775,0.41252,0.41688
2024,baseball,2024-03-11,False,186.0,574019,Brown,4,6,0.55319,0.44615,0.46449,0.4775
2024,baseball,2024-03-11,False,232.0,574020,Bryant,5,7,0.42708,0.44828,0.45167,0.44383
2024,baseball,2024-03-11,False,226.0,574021,Bucknell,6,8,0.46552,0.40861,0.50992,0.44816
2024,baseball,2024-03-11,False,126.0,574022,Butler,6,7,0.56391,0.49817,0.485,0.51131
2024,baseball,2024-03-11,False,280.0,574024,CSU Bakersfield,3,13,0.12883,0.51176,0.4093,0.39041
2024,baseball,2024-03-11,False,86.0,574028,CSUN,9,6,0.61702,0.50337,0.53791,0.54042
2024,baseball,2024-03-11,False,193.0,574023,Cal Poly,6,8,0.32812,0.5261,0.52031,0.47516
2024,baseball,2024-03-11,False,112.0,574026,Cal St. Fullerton,7,7,0.45522,0.57249,0.49332,0.52338
2024,baseball,2024-03-11,False,53.0,574031,California,11,3,0.73451,0.49058,0.58361,0.57482
2024,baseball,2024-03-11,False,69.0,573994,California Baptist,11,5,0.62914,0.55927,0.48422,0.55798
2024,baseball,2024-03-11,False,24.0,574036,Campbell,11,4,0.68992,0.62138,0.50925,0.61048
2024,baseball,2024-03-11,False,119.0,574037,Canisius,5,7,0.57018,0.5245,0.44747,0.51666
2024,baseball,2024-03-11,False,88.0,573972,Central Ark.,7,10,0.36025,0.65947,0.47869,0.53947
2024,baseball,2024-03-11,False,260.0,574038,Central Conn. St.,2,4,0.48148,0.42666,0.35338,0.42204
2024,baseball,2024-03-11,False,271.0,574040,Central Mich.,3,14,0.27273,0.42801,0.48631,0.40376
2024,baseball,2024-03-11,False,206.0,574011,Charleston So.,7,9,0.35714,0.53985,0.42237,0.4648
2024,baseball,2024-03-11,False,67.0,574140,Charlotte,8,8,0.4026,0.65965,0.52238,0.56107
2024,baseball,2024-03-11,False,163.0,574041,Cincinnati,9,7,0.57692,0.4355,0.5291,0.49425
2024,baseball,2024-03-11,False,2.0,574043,Clemson,13,1,0.8785,0.67088,0.55228,0.69314
2024,baseball,2024-03-11,False,29.0,574044,Coastal Carolina,14,2,0.79032,0.54335,0.54014,0.60429
2024,baseball,2024-03-11,False,184.0,573974,Col. of Charleston,10,4,0.57377,0.38135,0.57776,0.47856
2024,baseball,2024-03-11,False,166.0,574045,Columbia,3,7,0.27632,0.60589,0.47531,0.49085
2024,baseball,2024-03-11,False,297.0,574047,Coppin St.,3,6,0.22581,0.35532,0.48249,0.35474
2024,baseball,2024-03-11,False,174.0,574048,Cornell,1,7,0.20968,0.65625,0.43335,0.48888
2024,baseball,2024-03-11,False,34.0,574049,Creighton,11,2,0.8189,0.55444,0.46994,0.59943
2024,baseball,2024-03-11,False,41.0,573975,DBU,13,2,0.81746,0.50225,0.55572,0.59442
2024,baseball,2024-03-11,False,272.0,574050,Dartmouth,0,5,0.0,0.58462,0.43971,0.40224
2024,baseball,2024-03-11,False,257.0,574051,Davidson,5,10,0.2381,0.48934,0.47868,0.42386
2024,baseball,2024-03-11,False,100.0,574052,Dayton,9,6,0.6,0.50321,0.5288,0.5338
2024,baseball,2024-03-11,False,239.0,574054,Delaware,8,6,0.55224,0.34029,0.52217,0.43875
2024,baseball,2024-03-11,False,304.0,574053,Delaware St.,1,10,0.10924,0.34157,0.48546,0.31946
2024,baseball,2024-03-11,False,8.0,574055,Duke,13,2,0.85185,0.57957,0.55799,0.64225
2024,baseball,2024-03-11,False,151.0,574057,ETSU,11,4,0.62602,0.38399,0.60244,0.49911
2024,baseball,2024-03-11,False,31.0,574056,East Carolina,10,4,0.728,0.56627,0.54969,0.60256
2024,baseball,2024-03-11,False,225.0,574058,Eastern Ill.,2,11,0.25243,0.57803,0.38552,0.4485
2024,baseball,2024-03-11,False,294.0,574059,Eastern Ky.,2,14,0.0875,0.45082,0.45969,0.36221
2024,baseball,2024-03-11,False,187.0,574060,Eastern Mich.,5,10,0.48148,0.47485,0.47594,0.47678
2024,baseball,2024-03-11,False,251.0,573976,Elon,7,8,0.37415,0.43924,0.46697,0.4299
2024,baseball,2024-03-11,False,154.0,574061,Evansville,7,8,0.51938,0.49306,0.48646,0.49799
2024,baseball,2024-03-11,False,274.0,574063,FDU,2,11,0.18349,0.52448,0.36362,0.39901
2024,baseball,2024-03-11,False,217.0,573991,FGCU,5,10,0.28472,0.52386,0.48633,0.45469
2024,baseball,2024-03-11,False,134.0,574066,FIU,9,7,0.46324,0.53785,0.50193,0.51022
2024,baseball,2024-03-11,False,252.0,574062,Fairfield,3,11,0.33621,0.43344,0.51011,0.4283
2024,baseball,2024-03-11,False,107.0,574065,Fla. Atlantic,8,6,0.5082,0.54813,0.50925,0.52843
2024,baseball,2024-03-11,False,49.0,574068,Florida,10,5,0.62411,0.60596,0.48742,0.58086
2024,baseball,2024-03-11,False,276.0,574064,Florida A&M,5,11,0.26036,0.39965,0.51426,0.39348
2024,baseball,2024-03-11,False,7.0,574067,Florida St.,14,0,1.0,0.51552,0.53886,0.64247
2024,baseball,2024-03-11,False,244.0,574069,Fordham,3,11,0.2459,0.53823,0.4121,0.43361
2024,baseball,2024-03-11,False,113.0,574025,Fresno St.,11,4,0.68992,0.41537,0.56881,0.52237
2024,baseball,2024-03-11,False,60.0,574073,Ga. Southern,7,8,0.40667,0.69162,0.47608,0.5665
2024,baseball,2024-03-11,False,180.0,573977,Gardner-Webb,6,9,0.31111,0.56897,0.47379,0.48071
2024,baseball,2024-03-11,False,183.0,574070,George Mason,7,7,0.42623,0.51108,0.47126,0.47991
2024,baseball,2024-03-11,False,268.0,574071,George Washington,8,7,0.43411,0.31556,0.58448,0.41243
2024,baseball,2024-03-11,False,131.0,574072,Georgetown,8,6,0.60656,0.45188,0.53324,0.51089
2024,baseball,2024-03-11,False,27.0,574076,Georgia,16,1,0.90511,0.49314,0.53524,0.60666
2024,baseball,2024-03-11,False,110.0,574074,Georgia St.,8,8,0.48193,0.55968,0.49816,0.52486
2024,baseball,2024-03-11,False,189.0,574075,Georgia Tech,11,4,0.65873,0.33576,0.57498,0.47631
2024,baseball,2024-03-11,False,241.0,574077,Gonzaga,3,10,0.26214,0.49401,0.50148,0.43791
2024,baseball,2024-03-11,False,253.0,574078,Grambling,2,12,0.16393,0.56474,0.41871,0.42803
2024,baseball,2024-03-11,False,115.0,573978,Grand Canyon,9,7,0.5407,0.50367,0.53341,0.52036
2024,baseball,2024-03-11,False,168.0,574080,Harvard,2,7,0.29487,0.64863,0.36911,0.49031
2024,baseball,2024-03-11,False,89.0,574081,Hawaii,9,6,0.46939,0.57173,0.54494,0.53945
2024,baseball,2024-03-11,False,200.0,573988,High Point,5,11,0.24699,0.57528,0.48057,0.46953
2024,baseball,2024-03-11,False,94.0,574082,Hofstra,4,9,0.45217,0.58777,0.51531,0.53576
2024,baseball,2024-03-11,False,143.0,574083,Holy Cross,4,10,0.42623,0.56656,0.45078,0.50253
2024,baseball,2024-03-11,False,64.0,574085,Houston,11,4,0.63492,0.52972,0.56136,0.56393
2024,baseball,2024-03-11,False,222.0,574084,Houston Christian,7,9,0.39098,0.45596,0.49613,0.44976
2024,baseball,2024-03-11,False,133.0,574087,Illinois,5,9,0.38525,0.58477,0.48715,0.51049
2024,baseball,2024-03-11,False,81.0,574086,Illinois St.,5,8,0.5,0.60876,0.46214,0.54492
2024,baseball,2024-03-11,False,58.0,574090,Indiana,9,6,0.57407,0.59949,0.5076,0.57016
2024,baseball,2024-03-11,False,33.0,574089,Indiana St.,11,3,0.85616,0.50766,0.52937,0.60021
2024,baseball,2024-03-11,False,300.0,574092,Iona,2,11,0.25243,0.35023,0.44752,0.3501
2024,baseball,2024-03-11,False,92.0,574093,Iowa,7,8,0.4963,0.5791,0.49328,0.53694
2024,baseball,2024-03-11,False,170.0,574094,Jackson St.,12,4,0.72414,0.32401,0.58678,0.48974
2024,baseball,2024-03-11,False,216.0,574096,Jacksonville,5,10,0.2381,0.55471,0.47342,0.45523
2024,baseball,2024-03-11,False,178.0,574095,Jacksonville St.,6,8,0.35821,0.52063,0.53564,0.48378
2024,baseball,2024-03-11,False,17.0,574097,James Madison,11,4,0.77236,0.59338,0.53379,0.62323
2024,baseball,2024-03-11,False,48.0,574099,Kansas,9,5,0.576,0.61419,0.52653,0.58273
2024,baseball,2024-03-11,False,85.0,574098,Kansas St.,9,6,0.54762,0.54476,0.52554,0.54067
2024,baseball,2024-03-11,False,16.0,573979,Kennesaw St.,9,7,0.63253,0.69399,0.49335,0.62846
2024,baseball,2024-03-11,False,137.0,574100,Kent St.,7,8,0.54472,0.51878,0.45676,0.50976
2024,baseball,2024-03-11,False,56.0,574101,Kentucky,13,3,0.7707,0.48215,0.55384,0.57221
2024,baseball,2024-03-11,False,283.0,574106,LIU,3,9,0.28125,0.3794,0.4927,0.38319
2024,baseball,2024-03-11,False,123.0,574112,LMU (CA),7,8,0.49612,0.54871,0.45911,0.51316
2024,baseball,2024-03-11,False,35.0,574108,LSU,14,2,0.82069,0.50554,0.56511,0.59922
2024,baseball,2024-03-11,False,221.0,574102,Lafayette,1,12,0.13402,0.66434,0.34952,0.45305
2024,baseball,2024-03-11,False,127.0,574103,Lamar University,11,4,0.74242,0.39184,0.51837,0.51112
2024,baseball,2024-03-11,False,255.0,574412,Le Moyne,4,10,0.42623,0.42509,0.42903,0.42636
2024,baseball,2024-03-11,False,99.0,574104,Lehigh,8,3,0.80328,0.38881,0.55524,0.53404
2024,baseball,2024-03-11,False,182.0,574105,Liberty,5,10,0.29078,0.56869,0.49431,0.48062
2024,baseball,2024-03-11,False,209.0,574230,Lindenwood,5,10,0.35043,0.51139,0.46725,0.46012
2024,baseball,2024-03-11,False,197.0,573990,Lipscomb,3,11,0.20149,0.61128,0.46855,0.47315
2024,baseball,2024-03-11,False,97.0,574007,Little Rock,10,6,0.57143,0.51062,0.54639,0.53477
2024,baseball,2024-03-11,False,139.0,574027,Long Beach St.,10,3,0.78351,0.32945,0.59112,0.50838
2024,baseball,2024-03-11,False,191.0,574107,Longwood,7,8,0.4955,0.43551,0.53509,0.4754
2024,baseball,2024-03-11,False,128.0,574220,Louisiana,8,7,0.45333,0.53077,0.52941,0.51107
2024,baseball,2024-03-11,False,71.0,574109,Louisiana Tech,13,3,0.73103,0.43832,0.62145,0.55728
2024,baseball,2024-03-11,False,223.0,574110,Louisville,10,5,0.54264,0.32563,0.60488,0.44969
2024,baseball,2024-03-11,False,287.0,574113,Maine,2,10,0.21905,0.40539,0.48396,0.37845
2024,baseball,2024-03-11,False,234.0,574114,Manhattan,4,9,0.45217,0.4298,0.45329,0.44127
2024,baseball,2024-03-11,False,247.0,574115,Marist,4,10,0.42623,0.37562,0.55175,0.43231
2024,baseball,2024-03-11,False,242.0,574116,Marshall,6,9,0.34884,0.45571,0.4776,0.43447
2024,baseball,2024-03-11,False,39.0,574118,Maryland,12,4,0.79054,0.52399,0.54922,0.59693
2024,baseball,2024-03-11,False,211.0,574120,Massachusetts,3,7,0.38298,0.49885,0.45894,0.4599
2024,baseball,2024-03-11,False,22.0,574121,McNeese,8,8,0.47692,0.76382,0.43966,0.61106
2024,baseball,2024-03-11,False,231.0,574122,Memphis,7,10,0.34161,0.47296,0.49277,0.44508
2024,baseball,2024-03-11,False,109.0,574123,Mercer,10,6,0.57746,0.50794,0.50854,0.52547
2024,baseball,2024-03-11,False,281.0,573973,Merrimack,3,10,0.27966,0.40204,0.45742,0.38529
2024,baseball,2024-03-11,False,141.0,574125,Miami (FL),9,6,0.44681,0.54537,0.49189,0.50736
2024,baseball,2024-03-11,False,218.0,574124,Miami (OH),5,9,0.36719,0.48916,0.47246,0.45449
2024,baseball,2024-03-11,False,130.0,574127,Michigan,5,11,0.35811,0.59615,0.49333,0.51093
2024,baseball,2024-03-11,False,156.0,574126,Michigan St.,5,9,0.37063,0.57735,0.46428,0.4974
2024,baseball,2024-03-11,False,240.0,574128,Middle Tenn.,8,7,0.48366,0.36662,0.53702,0.43848
2024,baseball,2024-03-11,False,256.0,573967,Milwaukee,1,13,0.125,0.612,0.35547,0.42612
2024,baseball,2024-03-11,False,198.0,574129,Minnesota,6,7,0.53077,0.41958,0.51919,0.47228
2024,baseball,2024-03-11,False,101.0,574130,Mississippi St.,12,4,0.6259,0.48289,0.54271,0.5336
2024,baseball,2024-03-11,False,96.0,574131,Mississippi Val.,6,6,0.5,0.63324,0.37404,0.53513
2024,baseball,2024-03-11,False,214.0,574133,Missouri,8,8,0.47239,0.42216,0.5135,0.45755
2024,baseball,2024-03-11,False,13.0,574218,Missouri St.,9,5,0.71918,0.65112,0.52004,0.63537
2024,baseball,2024-03-11,False,265.0,574134,Monmouth,3,9,0.33333,0.42881,0.48245,0.41835
2024,baseball,2024-03-11,False,120.0,574135,Morehead St.,7,8,0.56028,0.5081,0.4895,0.51649
2024,baseball,2024-03-11,False,298.0,574136,Mount St. Mary's,1,10,0.14607,0.44308,0.38667,0.35472
2024,baseball,2024-03-11,False,26.0,574137,Murray St.,11,5,0.73077,0.58593,0.52854,0.60779
2024,baseball,2024-03-11,False,161.0,574154,N.C. A&T,11,4,0.73188,0.33518,0.57664,0.49472
2024,baseball,2024-03-11,False,10.0,574155,NC State,12,2,0.82759,0.57619,0.56994,0.63748
2024,baseball,2024-03-11,False,192.0,574160,NIU,5,11,0.43662,0.49533,0.47367,0.47524
2024,baseball,2024-03-11,False,248.0,574147,NJIT,5,9,0.50781,0.35394,0.50865,0.43108
2024,baseball,2024-03-11,False,301.0,573946,Navy,7,8,0.40667,0.23256,0.52351,0.34883
2024,baseball,2024-03-11,False,3.0,574143,Nebraska,9,4,0.71831,0.71669,0.51005,0.66544
2024,baseball,2024-03-11,False,103.0,574146,Nevada,6,7,0.61417,0.5355,0.44517,0.53259
2024,baseball,2024-03-11,False,164.0,574149,New Mexico,10,6,0.51351,0.47698,0.50547,0.49324
2024,baseball,2024-03-11,False,244.0,574148,New Mexico St.,9,6,0.53846,0.29231,0.61136,0.43361
2024,baseball,2024-03-11,False,93.0,574150,New Orleans,8,7,0.48062,0.56991,0.52391,0.53609
2024,baseball,2024-03-11,False,158.0,574151,Niagara,9,5,0.76027,0.37079,0.48418,0.49651
2024,baseball,2024-03-11,False,105.0,574152,Nicholls,16,3,0.81757,0.36385,0.57343,0.52968
2024,baseball,2024-03-11,False,305.0,574153,Norfolk St.,4,10,0.18421,0.13431,0.47703,0.23247
2024,baseball,2024-03-11,False,230.0,573993,North Ala.,6,9,0.30612,0.4847,0.51013,0.44641
2024,baseball,2024-03-11,False,5.0,574139,North Carolina,14,2,0.8595,0.57738,0.5676,0.64547
2024,baseball,2024-03-11,False,108.0,574156,North Dakota St.,3,11,0.33621,0.63979,0.48728,0.52577
2024,baseball,2024-03-11,False,201.0,573983,North Florida,9,6,0.48936,0.44718,0.49393,0.46941
2024,baseball,2024-03-11,False,15.0,574158,Northeastern,8,4,0.77778,0.60977,0.52011,0.62935
2024,baseball,2024-03-11,False,259.0,574159,Northern Colo.,0,16,0.0,0.64729,0.39456,0.42229
2024,baseball,2024-03-11,False,121.0,574161,Northern Ky.,7,8,0.54074,0.51717,0.48472,0.51495
2024,baseball,2024-03-11,False,50.0,574163,Northwestern,6,7,0.59504,0.6356,0.45023,0.57912
2024,baseball,2024-03-11,False,227.0,574162,Northwestern St.,4,12,0.2125,0.55523,0.46909,0.44801
2024,baseball,2024-03-11,False,14.0,574164,Notre Dame,9,5,0.76027,0.64751,0.46504,0.63008
2024,baseball,2024-03-11,False,275.0,574165,Oakland,4,10,0.42623,0.35447,0.45562,0.3977
2024,baseball,2024-03-11,False,243.0,574167,Ohio,5,8,0.37008,0.4029,0.56161,0.43438
2024,baseball,2024-03-11,False,77.0,574166,Ohio St.,7,6,0.6371,0.485,0.58578,0.54822
2024,baseball,2024-03-11,False,9.0,574169,Oklahoma,9,5,0.57983,0.73215,0.50741,0.63789
2024,baseball,2024-03-11,False,79.0,574168,Oklahoma St.,10,6,0.59859,0.5463,0.4979,0.54727
2024,baseball,2024-03-11,False,54.0,574170,Old Dominion,9,6,0.46667,0.67205,0.48454,0.57382
2024,baseball,2024-03-11,False,61.0,574132,Ole Miss,12,5,0.6443,0.5401,0.54061,0.56628
2024,baseball,2024-03-11,False,292.0,574144,Omaha,2,12,0.21311,0.40137,0.43664,0.36312
2024,baseball,2024-03-11,False,295.0,574171,Oral Roberts,7,9,0.33108,0.28582,0.54465,0.36184
2024,baseball,2024-03-11,False,66.0,574173,Oregon,11,4,0.71333,0.45544,0.62073,0.56123
2024,baseball,2024-03-11,False,4.0,574172,Oregon St.,15,1,0.92647,0.56707,0.55002,0.65266
2024,baseball,2024-03-11,False,290.0,574174,Pacific,2,13,0.09722,0.45714,0.45852,0.36751
2024,baseball,2024-03-11,False,117.0,574177,Penn,4,8,0.48148,0.56735,0.45256,0.51719
2024,baseball,2024-03-11,False,124.0,574176,Penn St.,9,5,0.71329,0.40119,0.53564,0.51283
2024,baseball,2024-03-11,False,289.0,574178,Pepperdine,3,13,0.12651,0.45046,0.44423,0.36791
2024,baseball,2024-03-11,False,32.0,574179,Pittsburgh,8,4,0.73504,0.58349,0.50709,0.60228
2024,baseball,2024-03-11,False,98.0,574180,Portland,8,5,0.7482,0.41883,0.55291,0.53469
2024,baseball,2024-03-11,False,212.0,574181,Prairie View,6,10,0.46154,0.43567,0.50646,0.45983
2024,baseball,2024-03-11,False,196.0,573980,Presbyterian,9,7,0.48649,0.45943,0.48839,0.47343
2024,baseball,2024-03-11,False,165.0,574182,Princeton,2,7,0.34667,0.60043,0.41797,0.49137
2024,baseball,2024-03-11,False,63.0,574183,Purdue,12,4,0.76056,0.45835,0.58163,0.56472
2024,baseball,2024-03-11,False,144.0,574091,Purdue Fort Wayne,6,11,0.50323,0.52383,0.45597,0.50171
2024,baseball,2024-03-11,False,185.0,574231,Queens (NC),4,12,0.23944,0.64421,0.38481,0.47817
2024,baseball,2024-03-11,False,269.0,574184,Quinnipiac,4,8,0.45098,0.35224,0.47933,0.4087
2024,baseball,2024-03-11,False,262.0,574185,Radford,5,8,0.33981,0.4298,0.48448,0.42097
2024,baseball,2024-03-11,False,111.0,574186,Rhode Island,2,10,0.27083,0.70455,0.4141,0.52351
2024,baseball,2024-03-11,False,169.0,574187,Rice,5,10,0.32121,0.55909,0.52114,0.49013
2024,baseball,2024-03-11,False,296.0,574188,Richmond,6,8,0.28767,0.33829,0.45769,0.35548
2024,baseball,2024-03-11,False,254.0,574189,Rider,1,9,0.17105,0.53937,0.46122,0.42775
2024,baseball,2024-03-11,False,55.0,574190,Rutgers,10,4,0.81579,0.45434,0.5666,0.57277
2024,baseball,2024-03-11,False,288.0,574222,SFA,3,15,0.11475,0.46315,0.44332,0.37109
2024,baseball,2024-03-11,False,299.0,574215,SIUE,3,13,0.16875,0.41232,0.41497,0.35209
2024,baseball,2024-03-11,False,229.0,574029,Sacramento St.,7,8,0.33333,0.47228,0.50907,0.44674
2024,baseball,2024-03-11,False,210.0,574191,Sacred Heart,3,9,0.38235,0.52506,0.40751,0.45999
2024,baseball,2024-03-11,False,246.0,574194,Saint Joseph's,5,8,0.37615,0.44028,0.47351,0.43256
2024,baseball,2024-03-11,False,75.0,574195,Saint Louis,14,1,0.9078,0.3763,0.5443,0.55118
2024,baseball,2024-03-11,False,208.0,574196,Saint Mary's (CA),9,6,0.59184,0.36442,0.52393,0.46115
2024,baseball,2024-03-11,False,279.0,574197,Saint Peter's,4,11,0.4031,0.39814,0.36451,0.39097
2024,baseball,2024-03-11,False,90.0,574198,Sam Houston,11,5,0.64189,0.48085,0.55229,0.53897
2024,baseball,2024-03-11,False,153.0,574199,Samford,10,5,0.63063,0.38663,0.58874,0.49816
2024,baseball,2024-03-11,False,37.0,574201,San Diego,7,7,0.56,0.65561,0.52409,0.59883
2024,baseball,2024-03-11,False,213.0,574200,San Diego St.,5,10,0.26797,0.55093,0.46505,0.45872
2024,baseball,2024-03-11,False,270.0,574202,San Francisco,11,5,0.62676,0.23238,0.53934,0.40771
2024,baseball,2024-03-11,False,205.0,574203,San Jose St.,6,9,0.4,0.50568,0.44792,0.46482
2024,baseball,2024-03-11,False,132.0,574204,Santa Clara,9,5,0.66393,0.40306,0.57283,0.51072
2024,baseball,2024-03-11,False,238.0,573981,Seattle U,4,11,0.32624,0.48917,0.45553,0.44003
2024,baseball,2024-03-11,False,78.0,574205,Seton Hall,8,6,0.67153,0.49948,0.52002,0.54763
2024,baseball,2024-03-11,False,303.0,574206,Siena,0,12,0.0,0.45833,0.46304,0.34493
2024,baseball,2024-03-11,False,52.0,574207,South Alabama,11,5,0.61029,0.59435,0.50075,0.57493
2024,baseball,2024-03-11,False,36.0,574208,South Carolina,13,3,0.75207,0.56383,0.51693,0.59916
2024,baseball,2024-03-11,False,149.0,574209,South Dakota St.,7,9,0.59091,0.48295,0.44175,0.49964
2024,baseball,2024-03-11,False,57.0,574210,South Fla.,9,6,0.57447,0.61007,0.49197,0.57164
2024,baseball,2024-03-11,False,220.0,574211,Southeast Mo. St.,7,10,0.37888,0.48093,0.47267,0.45335
2024,baseball,2024-03-11,False,84.0,574212,Southeastern La.,11,6,0.6087,0.50586,0.54569,0.54153
2024,baseball,2024-03-11,False,194.0,574213,Southern California,4,11,0.22222,0.59377,0.49015,0.47497
2024,baseball,2024-03-11,False,114.0,574214,Southern Ill.,10,5,0.68027,0.44072,0.52135,0.52076
2024,baseball,2024-03-11,False,237.0,574232,Southern Ind.,5,8,0.33884,0.45984,0.50314,0.44042
2024,baseball,2024-03-11,False,25.0,574216,Southern Miss.,10,6,0.57143,0.69145,0.48662,0.61024
2024,baseball,2024-03-11,False,258.0,574217,Southern U.,4,9,0.26772,0.50691,0.40981,0.42283
2024,baseball,2024-03-11,False,148.0,574192,St. Bonaventure,4,9,0.45217,0.5893,0.36794,0.49968
2024,baseball,2024-03-11,False,19.0,574193,St. John's (NY),8,4,0.74074,0.60084,0.51762,0.61501
2024,baseball,2024-03-11,False,179.0,573909,St. Thomas (MN),5,10,0.43972,0.49988,0.49201,0.48287
2024,baseball,2024-03-11,False,140.0,574221,Stanford,8,7,0.52121,0.49446,0.52293,0.50827
2024,baseball,2024-03-11,False,122.0,574223,Stetson,12,5,0.58741,0.47407,0.52381,0.51484
2024,baseball,2024-03-11,False,190.0,574233,Stonehill,3,5,0.52703,0.45779,0.46064,0.47581
2024,baseball,2024-03-11,False,106.0,574224,Stony Brook,7,7,0.52344,0.55288,0.48892,0.52953
2024,baseball,2024-03-11,False,21.0,573914,TCU,14,2,0.88976,0.49481,0.57071,0.61252
2024,baseball,2024-03-11,False,145.0,573910,Tarleton St.,10,7,0.60645,0.4114,0.5759,0.50129
2024,baseball,2024-03-11,False,38.0,574226,Tennessee,16,1,0.92188,0.44344,0.58354,0.59808
2024,baseball,2024-03-11,False,250.0,574225,Tennessee Tech,10,5,0.53901,0.29336,0.59709,0.43071
2024,baseball,2024-03-11,False,28.0,573918,Texas,9,6,0.54348,0.67163,0.53165,0.6046
2024,baseball,2024-03-11,False,12.0,573913,Texas A&M,16,0,1.0,0.44904,0.64557,0.63591
2024,baseball,2024-03-11,False,167.0,573915,Texas Southern,4,13,0.26562,0.60534,0.48506,0.49034
2024,baseball,2024-03-11,False,172.0,574219,Texas St.,7,8,0.39456,0.52729,0.50865,0.48945
2024,baseball,2024-03-11,False,42.0,573916,Texas Tech,11,4,0.67376,0.57202,0.55866,0.59412
2024,baseball,2024-03-11,False,207.0,574042,The Citadel,10,5,0.56296,0.34061,0.60444,0.46215
2024,baseball,2024-03-11,False,175.0,573920,Toledo,7,8,0.61905,0.40444,0.51778,0.48643
2024,baseball,2024-03-11,False,264.0,573921,Towson,3,11,0.21818,0.50455,0.4462,0.41837
2024,baseball,2024-03-11,False,135.0,573922,Troy,12,5,0.72483,0.38069,0.55406,0.51007
2024,baseball,2024-03-11,False,87.0,573923,Tulane,10,6,0.55405,0.55218,0.50184,0.54006
2024,baseball,2024-03-11,False,95.0,573999,UAB,7,8,0.45578,0.5795,0.52767,0.53561
2024,baseball,2024-03-11,False,249.0,574000,UAlbany,0,10,0.0,0.67024,0.38305,0.43088
2024,baseball,2024-03-11,False,129.0,574032,UC Davis,8,7,0.54815,0.507,0.48199,0.51103
2024,baseball,2024-03-11,False,6.0,574033,UC Irvine,13,1,0.94656,0.52886,0.56874,0.64326
2024,baseball,2024-03-11,False,228.0,574035,UC Riverside,9,7,0.46622,0.38707,0.54705,0.44685
2024,baseball,2024-03-11,False,162.0,574229,UC San Diego,12,3,0.71795,0.36886,0.52182,0.49437
2024,baseball,2024-03-11,False,40.0,574030,UC Santa Barbara,9,5,0.73282,0.55714,0.54024,0.59684
2024,baseball,2024-03-11,False,11.0,574039,UCF,9,4,0.70435,0.65873,0.52411,0.63648
2024,baseball,2024-03-11,False,116.0,574034,UCLA,5,9,0.3271,0.63903,0.46725,0.5181
2024,baseball,2024-03-11,False,72.0,574046,UConn,3,9,0.35294,0.70371,0.46405,0.5561
2024,baseball,2024-03-11,False,65.0,574088,UIC,10,5,0.67407,0.53379,0.50341,0.56126
2024,baseball,2024-03-11,False,82.0,573984,UIW,13,4,0.74046,0.45448,0.52695,0.5441
2024,baseball,2024-03-11,False,83.0,574157,ULM,11,5,0.59375,0.52007,0.53409,0.542
2024,baseball,2024-03-11,False,302.0,574117,UMBC,1,10,0.07865,0.45136,0.41243,0.34845
2024,baseball,2024-03-11,False,285.0,574119,UMES,0,10,0.0,0.58636,0.35747,0.38255
2024,baseball,2024-03-11,False,171.0,574111,UMass Lowell,5,10,0.48148,0.50695,0.46336,0.48969
2024,baseball,2024-03-11,False,146.0,574138,UNC Asheville,9,6,0.56757,0.46899,0.49621,0.50044
2024,baseball,2024-03-11,False,173.0,574141,UNC Greensboro,8,7,0.45926,0.47319,0.5518,0.48936
2024,baseball,2024-03-11,False,150.0,574142,UNCW,9,7,0.48592,0.47862,0.55357,0.49918
2024,baseball,2024-03-11,False,219.0,574145,UNLV,9,6,0.61702,0.3436,0.51013,0.45359
2024,baseball,2024-03-11,False,152.0,573986,USC Upstate,9,7,0.46324,0.50232,0.52742,0.49882
2024,baseball,2024-03-11,False,195.0,573917,UT Arlington,6,10,0.375,0.49926,0.52458,0.47452
2024,baseball,2024-03-11,False,278.0,574227,UT Martin,5,11,0.26623,0.41607,0.47187,0.39256
2024,baseball,2024-03-11,False,261.0,574175,UTRGV,8,6,0.4375,0.34963,0.54758,0.42109
2024,baseball,2024-03-11,False,157.0,573919,UTSA,8,8,0.4702,0.51808,0.48061,0.49674
2024,baseball,2024-03-11,False,46.0,573947,Utah,11,4,0.82716,0.51064,0.49337,0.58545
2024,baseball,2024-03-11,False,266.0,573911,Utah Tech,3,14,0.19075,0.49283,0.49597,0.4181
2024,baseball,2024-03-11,False,203.0,573992,Utah Valley,4,10,0.37143,0.53323,0.43023,0.46703
2024,baseball,2024-03-11,False,51.0,573951,VCU,11,4,0.73016,0.53755,0.49454,0.57495
2024,baseball,2024-03-11,False,188.0,573952,VMI,8,9,0.41935,0.49839,0.49074,0.47672
2024,baseball,2024-03-11,False,59.0,573948,Valparaiso,6,8,0.56934,0.64513,0.41024,0.56746
2024,baseball,2024-03-11,False,62.0,573949,Vanderbilt,14,3,0.73288,0.49513,0.53739,0.56513
2024,baseball,2024-03-11,False,202.0,573950,Villanova,5,8,0.52419,0.41927,0.50657,0.46733
2024,baseball,2024-03-11,False,44.0,573954,Virginia,13,3,0.80576,0.51645,0.5315,0.59254
2024,baseball,2024-03-11,False,20.0,573953,Virginia Tech,11,3,0.77869,0.53599,0.60923,0.61498
2024,baseball,2024-03-11,False,118.0,573955,Wagner,3,11,0.33621,0.65316,0.42507,0.5169
2024,baseball,2024-03-11,False,23.0,573956,Wake Forest,12,3,0.73171,0.5983,0.51374,0.61051
2024,baseball,2024-03-11,False,147.0,573958,Washington,4,7,0.32743,0.62086,0.43198,0.50028
2024,baseball,2024-03-11,False,159.0,573957,Washington St.,8,6,0.55944,0.43235,0.561,0.49629
2024,baseball,2024-03-11,False,45.0,573959,West Virginia,9,7,0.64286,0.62107,0.47161,0.58915
2024,baseball,2024-03-11,False,181.0,573960,Western Caro.,6,9,0.36364,0.53304,0.49285,0.48064
2024,baseball,2024-03-11,False,204.0,573961,Western Ill.,3,10,0.33051,0.54747,0.43824,0.46592
2024,baseball,2024-03-11,False,235.0,573962,Western Ky.,11,6,0.53548,0.32047,0.58793,0.44109
2024,baseball,2024-03-11,False,224.0,573963,Western Mich.,7,8,0.51515,0.36527,0.55201,0.44943
2024,baseball,2024-03-11,False,47.0,573964,Wichita St.,9,5,0.64122,0.6134,0.46995,0.58449
2024,baseball,2024-03-11,False,233.0,573965,William & Mary,10,5,0.56296,0.33574,0.53707,0.44288
2024,baseball,2024-03-11,False,236.0,573966,Winthrop,6,8,0.31343,0.49242,0.46502,0.44082
2024,baseball,2024-03-11,False,176.0,573985,Wofford,12,2,0.80769,0.26284,0.61,0.48584
2024,baseball,2024-03-11,False,142.0,573968,Wright St.,7,7,0.63433,0.41554,0.55318,0.50465
2024,baseball,2024-03-11,False,30.0,573969,Xavier,8,8,0.63636,0.62941,0.52082,0.604
2024,baseball,2024-03-11,False,293.0,573970,Yale,1,8,0.18841,0.37646,0.5108,0.36303
2024,baseball,2024-03-11,False,291.0,573971,Youngstown St.,0,14,0.0,0.53842,0.38725,0.36602
2024,baseball,2024-03-18,False,198.0,573989,A&M-Corpus Christi,10,13,0.39286,0.51225,0.48262,0.47499
2024,baseball,2024-03-18,False,129.0,573995,Abilene Christian,13,8,0.61111,0.45983,0.51858,0.51234
2024,baseball,2024-03-18,False,83.0,573924,Air Force,9,9,0.55556,0.55552,0.50248,0.54227
2024,baseball,2024-03-18,False,262.0,573912,Akron,4,14,0.23392,0.4991,0.47732,0.42736
2024,baseball,2024-03-18,False,16.0,573998,Alabama,17,3,0.81366,0.5503,0.52681,0.61027
2024,baseball,2024-03-18,False,302.0,573996,Alabama A&M,2,16,0.11494,0.40383,0.46494,0.34688
2024,baseball,2024-03-18,False,277.0,573997,Alabama St.,8,9,0.41765,0.33917,0.5134,0.40235
2024,baseball,2024-03-18,False,294.0,574001,Alcorn,0,13,0.0,0.51783,0.42749,0.36579
2024,baseball,2024-03-18,False,91.0,574002,App State,12,6,0.76271,0.43024,0.51058,0.53344
2024,baseball,2024-03-18,False,104.0,574004,Arizona,8,10,0.45029,0.55196,0.53968,0.52347
2024,baseball,2024-03-18,False,75.0,574003,Arizona St.,9,10,0.41327,0.63554,0.50808,0.54811
2024,baseball,2024-03-18,False,287.0,573982,Ark.-Pine Bluff,9,11,0.315,0.36184,0.5177,0.38909
2024,baseball,2024-03-18,False,2.0,574006,Arkansas,17,2,0.84459,0.62962,0.56888,0.66818
2024,baseball,2024-03-18,False,211.0,574005,Arkansas St.,12,9,0.52459,0.40698,0.53036,0.46723
2024,baseball,2024-03-18,False,215.0,573925,Army West Point,9,10,0.50543,0.4278,0.50459,0.4664
2024,baseball,2024-03-18,False,44.0,574008,Auburn,13,6,0.63694,0.59266,0.51325,0.58388
2024,baseball,2024-03-18,False,139.0,574009,Austin Peay,13,6,0.71123,0.39166,0.53486,0.50735
2024,baseball,2024-03-18,False,97.0,574018,BYU,9,8,0.55263,0.50736,0.544,0.52784
2024,baseball,2024-03-18,False,199.0,574010,Ball St.,11,9,0.54587,0.42483,0.50376,0.47482
2024,baseball,2024-03-18,False,165.0,574012,Baylor,7,12,0.27528,0.59859,0.4993,0.49294
2024,baseball,2024-03-18,False,301.0,574228,Bellarmine,1,18,0.0828,0.44054,0.4375,0.35035
2024,baseball,2024-03-18,False,112.0,573987,Belmont,11,9,0.52062,0.5177,0.52533,0.52034
2024,baseball,2024-03-18,False,253.0,574013,Bethune-Cookman,9,9,0.46552,0.37335,0.5409,0.43828
2024,baseball,2024-03-18,False,124.0,574014,Binghamton,7,10,0.47945,0.53029,0.51557,0.5139
2024,baseball,2024-03-18,False,60.0,574015,Boston College,11,7,0.70621,0.52666,0.50661,0.56653
2024,baseball,2024-03-18,False,59.0,574016,Bowling Green,8,8,0.65,0.57835,0.46206,0.56719
2024,baseball,2024-03-18,False,245.0,574017,Bradley,6,12,0.43137,0.44884,0.4394,0.44211
2024,baseball,2024-03-18,False,268.0,574019,Brown,4,9,0.40945,0.40425,0.46847,0.42161
2024,baseball,2024-03-18,False,205.0,574020,Bryant,8,9,0.49664,0.46028,0.46646,0.47092
2024,baseball,2024-03-18,False,250.0,574021,Bucknell,8,11,0.41718,0.43251,0.47533,0.43938
2024,baseball,2024-03-18,False,179.0,574022,Butler,7,9,0.52147,0.47376,0.47144,0.48511
2024,baseball,2024-03-18,False,280.0,574024,CSU Bakersfield,4,16,0.13793,0.49749,0.46031,0.3983
2024,baseball,2024-03-18,False,94.0,574028,CSUN,10,9,0.57143,0.52417,0.5116,0.53284
2024,baseball,2024-03-18,False,144.0,574023,Cal Poly,10,9,0.4142,0.53281,0.54465,0.50612
2024,baseball,2024-03-18,False,98.0,574026,Cal St. Fullerton,8,10,0.42529,0.61569,0.45034,0.52675
2024,baseball,2024-03-18,False,37.0,574031,California,12,5,0.68571,0.56609,0.53771,0.5889
2024,baseball,2024-03-18,False,96.0,573994,California Baptist,13,7,0.58376,0.49598,0.53714,0.52821
2024,baseball,2024-03-18,False,17.0,574036,Campbell,15,4,0.74522,0.57364,0.54705,0.60989
2024,baseball,2024-03-18,False,117.0,574037,Canisius,6,9,0.55319,0.51463,0.49062,0.51827
2024,baseball,2024-03-18,False,197.0,573972,Central Ark.,8,12,0.33505,0.53524,0.49546,0.47525
2024,baseball,2024-03-18,False,273.0,574038,Central Conn. St.,4,6,0.45455,0.39718,0.38694,0.40896
2024,baseball,2024-03-18,False,278.0,574040,Central Mich.,4,16,0.30588,0.3992,0.49109,0.39884
2024,baseball,2024-03-18,False,171.0,574011,Charleston So.,10,10,0.42268,0.54141,0.45476,0.49007
2024,baseball,2024-03-18,False,87.0,574140,Charlotte,10,10,0.39175,0.62492,0.51073,0.53808
2024,baseball,2024-03-18,False,156.0,574041,Cincinnati,12,9,0.54237,0.46473,0.52949,0.50033
2024,baseball,2024-03-18,False,1.0,574043,Clemson,17,2,0.87013,0.64203,0.55011,0.67608
2024,baseball,2024-03-18,False,14.0,574044,Coastal Carolina,17,3,0.75316,0.59075,0.55252,0.6218
2024,baseball,2024-03-18,False,135.0,573974,Col. of Charleston,12,6,0.51852,0.49162,0.53138,0.50829
2024,baseball,2024-03-18,False,193.0,574045,Columbia,3,11,0.20192,0.61066,0.48904,0.47807
2024,baseball,2024-03-18,False,304.0,574047,Coppin St.,3,10,0.17355,0.33927,0.4838,0.33397
2024,baseball,2024-03-18,False,159.0,574048,Cornell,2,9,0.29213,0.61898,0.45961,0.49743
2024,baseball,2024-03-18,False,55.0,574049,Creighton,14,3,0.7764,0.52342,0.4587,0.57049
2024,baseball,2024-03-18,False,47.0,573975,DBU,16,3,0.775,0.51107,0.53354,0.58267
2024,baseball,2024-03-18,False,126.0,574050,Dartmouth,3,7,0.44318,0.56838,0.47157,0.51288
2024,baseball,2024-03-18,False,236.0,574051,Davidson,7,12,0.3262,0.50937,0.44939,0.44859
2024,baseball,2024-03-18,False,122.0,574052,Dayton,12,8,0.62637,0.44933,0.53516,0.51505
2024,baseball,2024-03-18,False,239.0,574054,Delaware,8,10,0.39785,0.44667,0.49026,0.44537
2024,baseball,2024-03-18,False,299.0,574053,Delaware St.,3,12,0.16981,0.40047,0.45201,0.35569
2024,baseball,2024-03-18,False,38.0,574055,Duke,15,5,0.68617,0.54723,0.57469,0.58883
2024,baseball,2024-03-18,False,152.0,574057,ETSU,14,5,0.6242,0.39612,0.58648,0.50073
2024,baseball,2024-03-18,False,27.0,574056,East Carolina,14,4,0.78616,0.51807,0.58287,0.60129
2024,baseball,2024-03-18,False,240.0,574058,Eastern Ill.,4,13,0.27972,0.53301,0.43327,0.44475
2024,baseball,2024-03-18,False,267.0,574059,Eastern Ky.,4,16,0.2,0.48793,0.51289,0.42219
2024,baseball,2024-03-18,False,214.0,574060,Eastern Mich.,6,13,0.46154,0.46985,0.46493,0.46654
2024,baseball,2024-03-18,False,261.0,573976,Elon,9,10,0.38122,0.41839,0.49612,0.42853
2024,baseball,2024-03-18,False,188.0,574061,Evansville,9,10,0.53374,0.44186,0.50652,0.481
2024,baseball,2024-03-18,False,226.0,574063,FDU,6,12,0.33333,0.52695,0.4385,0.45644
2024,baseball,2024-03-18,False,210.0,573991,FGCU,9,10,0.42135,0.46817,0.51635,0.46851
2024,baseball,2024-03-18,False,157.0,574066,FIU,11,9,0.4375,0.53338,0.495,0.49981
2024,baseball,2024-03-18,False,203.0,574062,Fairfield,6,12,0.44,0.47056,0.51118,0.47308
2024,baseball,2024-03-18,False,111.0,574065,Fla. Atlantic,12,6,0.6,0.48101,0.52184,0.52096
2024,baseball,2024-03-18,False,23.0,574068,Florida,12,7,0.56354,0.67718,0.49492,0.6032
2024,baseball,2024-03-18,False,264.0,574064,Florida A&M,8,12,0.37557,0.41837,0.48429,0.42415
2024,baseball,2024-03-18,False,4.0,574067,Florida St.,18,0,1.0,0.56085,0.54443,0.66653
2024,baseball,2024-03-18,False,243.0,574069,Fordham,6,13,0.33728,0.48342,0.46713,0.44281
2024,baseball,2024-03-18,False,131.0,574025,Fresno St.,14,5,0.73143,0.37185,0.5687,0.51096
2024,baseball,2024-03-18,False,56.0,574073,Ga. Southern,9,10,0.44022,0.66361,0.51353,0.57024
2024,baseball,2024-03-18,False,225.0,573977,Gardner-Webb,6,13,0.24852,0.54888,0.48018,0.45662
2024,baseball,2024-03-18,False,196.0,574070,George Mason,9,10,0.42038,0.50714,0.47095,0.47641
2024,baseball,2024-03-18,False,221.0,574071,George Washington,11,8,0.52486,0.39044,0.53556,0.46033
2024,baseball,2024-03-18,False,93.0,574072,Georgetown,13,6,0.71598,0.43328,0.54914,0.53292
2024,baseball,2024-03-18,False,32.0,574076,Georgia,17,4,0.79394,0.53838,0.5123,0.59575
2024,baseball,2024-03-18,False,62.0,574074,Georgia St.,11,9,0.55349,0.58916,0.50486,0.55916
2024,baseball,2024-03-18,False,72.0,574075,Georgia Tech,15,4,0.73125,0.45989,0.55108,0.55053
2024,baseball,2024-03-18,False,251.0,574077,Gonzaga,3,14,0.20611,0.52968,0.4897,0.43879
2024,baseball,2024-03-18,False,241.0,574078,Grambling,5,13,0.35119,0.48225,0.45931,0.44375
2024,baseball,2024-03-18,False,99.0,573978,Grand Canyon,11,8,0.53769,0.52156,0.52261,0.52586
2024,baseball,2024-03-18,False,222.0,574080,Harvard,2,11,0.21698,0.61032,0.40233,0.45999
2024,baseball,2024-03-18,False,113.0,574081,Hawaii,12,7,0.54545,0.49353,0.54579,0.51958
2024,baseball,2024-03-18,False,191.0,573988,High Point,7,13,0.305,0.55014,0.51234,0.47941
2024,baseball,2024-03-18,False,138.0,574082,Hofstra,6,11,0.42581,0.55308,0.49811,0.50752
2024,baseball,2024-03-18,False,183.0,574083,Holy Cross,6,12,0.4717,0.49743,0.46211,0.48217
2024,baseball,2024-03-18,False,51.0,574085,Houston,12,6,0.60784,0.58774,0.52141,0.57618
2024,baseball,2024-03-18,False,270.0,574084,Houston Christian,7,13,0.32298,0.43462,0.48366,0.41897
2024,baseball,2024-03-18,False,146.0,574087,Illinois,7,11,0.39103,0.57084,0.48876,0.50536
2024,baseball,2024-03-18,False,84.0,574086,Illinois St.,8,9,0.59412,0.54331,0.48788,0.54216
2024,baseball,2024-03-18,False,66.0,574090,Indiana,11,9,0.51196,0.60188,0.5054,0.55528
2024,baseball,2024-03-18,False,15.0,574089,Indiana St.,14,4,0.84946,0.53217,0.53946,0.61332
2024,baseball,2024-03-18,False,283.0,574092,Iona,4,13,0.29197,0.40957,0.47114,0.39556
2024,baseball,2024-03-18,False,86.0,574093,Iowa,10,9,0.53988,0.55103,0.52164,0.54089
2024,baseball,2024-03-18,False,151.0,574094,Jackson St.,15,4,0.77528,0.35255,0.53292,0.50333
2024,baseball,2024-03-18,False,230.0,574096,Jacksonville,7,12,0.27072,0.52283,0.49496,0.45283
2024,baseball,2024-03-18,False,121.0,574095,Jacksonville St.,9,10,0.44751,0.55785,0.49778,0.51525
2024,baseball,2024-03-18,False,9.0,574097,James Madison,13,7,0.67647,0.67178,0.50762,0.63191
2024,baseball,2024-03-18,False,79.0,574099,Kansas,10,8,0.51515,0.57204,0.51987,0.54477
2024,baseball,2024-03-18,False,57.0,574098,Kansas St.,13,6,0.62987,0.55788,0.53058,0.56905
2024,baseball,2024-03-18,False,21.0,573979,Kennesaw St.,11,9,0.63592,0.63201,0.51774,0.60442
2024,baseball,2024-03-18,False,169.0,574100,Kent St.,9,10,0.55414,0.46703,0.4761,0.49107
2024,baseball,2024-03-18,False,12.0,574101,Kentucky,17,3,0.80541,0.58309,0.538,0.62739
2024,baseball,2024-03-18,False,285.0,574106,LIU,4,12,0.30769,0.39772,0.46709,0.39256
2024,baseball,2024-03-18,False,216.0,574112,LMU (CA),10,10,0.48295,0.4335,0.51525,0.4663
2024,baseball,2024-03-18,False,30.0,574108,LSU,17,4,0.78495,0.52256,0.55739,0.59686
2024,baseball,2024-03-18,False,218.0,574102,Lafayette,3,15,0.27083,0.56872,0.45184,0.46503
2024,baseball,2024-03-18,False,123.0,574103,Lamar University,15,4,0.7875,0.37512,0.5199,0.51441
2024,baseball,2024-03-18,False,288.0,574412,Le Moyne,5,12,0.43624,0.33532,0.44574,0.38816
2024,baseball,2024-03-18,False,170.0,574104,Lehigh,12,5,0.75,0.34527,0.52186,0.4906
2024,baseball,2024-03-18,False,173.0,574105,Liberty,8,11,0.35429,0.55,0.50293,0.4893
2024,baseball,2024-03-18,False,255.0,574230,Lindenwood,5,14,0.27152,0.50288,0.4647,0.43549
2024,baseball,2024-03-18,False,195.0,573990,Lipscomb,4,15,0.18785,0.61487,0.48822,0.47645
2024,baseball,2024-03-18,False,88.0,574007,Little Rock,11,9,0.52198,0.55136,0.52077,0.53637
2024,baseball,2024-03-18,False,180.0,574027,Long Beach St.,10,7,0.58015,0.41129,0.53477,0.48437
2024,baseball,2024-03-18,False,201.0,574107,Longwood,9,11,0.47468,0.45681,0.50694,0.47381
2024,baseball,2024-03-18,False,73.0,574220,Louisiana,11,8,0.54592,0.5784,0.49807,0.5502
2024,baseball,2024-03-18,False,110.0,574109,Louisiana Tech,16,5,0.6828,0.41507,0.57106,0.521
2024,baseball,2024-03-18,False,181.0,574110,Louisville,13,7,0.51705,0.43474,0.5499,0.4841
2024,baseball,2024-03-18,False,282.0,574113,Maine,2,14,0.17293,0.47708,0.45859,0.39642
2024,baseball,2024-03-18,False,212.0,574114,Manhattan,6,12,0.48148,0.44389,0.49888,0.46704
2024,baseball,2024-03-18,False,244.0,574115,Marist,5,13,0.41667,0.42124,0.51151,0.44267
2024,baseball,2024-03-18,False,246.0,574116,Marshall,6,13,0.28125,0.48818,0.51078,0.4421
2024,baseball,2024-03-18,False,34.0,574118,Maryland,15,5,0.80412,0.5179,0.5326,0.59313
2024,baseball,2024-03-18,False,234.0,574120,Massachusetts,3,11,0.288,0.53379,0.44308,0.44966
2024,baseball,2024-03-18,False,25.0,574121,McNeese,9,8,0.52448,0.69979,0.48275,0.6017
2024,baseball,2024-03-18,False,166.0,574122,Memphis,11,11,0.45673,0.50425,0.50572,0.49274
2024,baseball,2024-03-18,False,160.0,574123,Mercer,13,7,0.58523,0.44574,0.50965,0.49659
2024,baseball,2024-03-18,False,295.0,573973,Merrimack,3,14,0.22603,0.37939,0.45699,0.36045
2024,baseball,2024-03-18,False,90.0,574125,Miami (FL),11,8,0.44,0.59072,0.5179,0.53483
2024,baseball,2024-03-18,False,242.0,574124,Miami (OH),7,10,0.39355,0.44163,0.49522,0.44301
2024,baseball,2024-03-18,False,145.0,574127,Michigan,7,13,0.35638,0.5812,0.50433,0.50578
2024,baseball,2024-03-18,False,174.0,574126,Michigan St.,7,10,0.39412,0.54662,0.46963,0.48925
2024,baseball,2024-03-18,False,229.0,574128,Middle Tenn.,9,10,0.45078,0.43214,0.50033,0.45385
2024,baseball,2024-03-18,False,252.0,573967,Milwaukee,2,15,0.19847,0.58149,0.39291,0.43859
2024,baseball,2024-03-18,False,207.0,574129,Minnesota,8,9,0.54268,0.41521,0.50413,0.46931
2024,baseball,2024-03-18,False,61.0,574130,Mississippi St.,15,6,0.59677,0.56471,0.51334,0.55989
2024,baseball,2024-03-18,False,119.0,574131,Mississippi Val.,8,8,0.4625,0.60094,0.40086,0.51631
2024,baseball,2024-03-18,False,140.0,574133,Missouri,9,11,0.45685,0.53816,0.49531,0.50712
2024,baseball,2024-03-18,False,46.0,574218,Missouri St.,9,9,0.60345,0.61505,0.49824,0.58295
2024,baseball,2024-03-18,False,256.0,574134,Monmouth,4,11,0.36296,0.46542,0.44643,0.43506
2024,baseball,2024-03-18,False,128.0,574135,Morehead St.,11,9,0.58791,0.47451,0.513,0.51248
2024,baseball,2024-03-18,False,292.0,574136,Mount St. Mary's,2,14,0.13514,0.46249,0.41817,0.36957
2024,baseball,2024-03-18,False,29.0,574137,Murray St.,14,6,0.73418,0.56969,0.51934,0.59822
2024,baseball,2024-03-18,False,149.0,574154,N.C. A&T,14,5,0.7093,0.38776,0.53304,0.50447
2024,baseball,2024-03-18,False,48.0,574155,NC State,12,6,0.64,0.59531,0.4942,0.5812
2024,baseball,2024-03-18,False,182.0,574160,NIU,7,13,0.48352,0.47898,0.49253,0.4835
2024,baseball,2024-03-18,False,248.0,574147,NJIT,6,12,0.46429,0.39288,0.51548,0.44138
2024,baseball,2024-03-18,False,272.0,573946,Navy,10,10,0.49261,0.34174,0.48799,0.41602
2024,baseball,2024-03-18,False,3.0,574143,Nebraska,13,5,0.74317,0.70608,0.51146,0.66669
2024,baseball,2024-03-18,False,100.0,574146,Nevada,8,9,0.57143,0.53174,0.46491,0.52495
2024,baseball,2024-03-18,False,148.0,574149,New Mexico,12,8,0.54255,0.48608,0.50527,0.50499
2024,baseball,2024-03-18,False,220.0,574148,New Mexico St.,10,10,0.42683,0.43232,0.551,0.46061
2024,baseball,2024-03-18,False,134.0,574150,New Orleans,9,10,0.40116,0.56213,0.50842,0.50846
2024,baseball,2024-03-18,False,154.0,574151,Niagara,12,7,0.75377,0.37776,0.49304,0.50058
2024,baseball,2024-03-18,False,77.0,574152,Nicholls,17,6,0.72727,0.46232,0.53122,0.54578
2024,baseball,2024-03-18,False,305.0,574153,Norfolk St.,7,11,0.33838,0.21219,0.49385,0.31416
2024,baseball,2024-03-18,False,224.0,573993,North Ala.,7,12,0.27807,0.52252,0.50409,0.4568
2024,baseball,2024-03-18,False,10.0,574139,North Carolina,17,4,0.80864,0.59711,0.52258,0.63136
2024,baseball,2024-03-18,False,133.0,574156,North Dakota St.,5,14,0.39877,0.57043,0.49608,0.50893
2024,baseball,2024-03-18,False,136.0,573983,North Florida,13,6,0.62694,0.44142,0.52174,0.50788
2024,baseball,2024-03-18,False,45.0,574158,Northeastern,12,5,0.79042,0.50567,0.53204,0.58345
2024,baseball,2024-03-18,False,291.0,574159,Northern Colo.,0,19,0.0,0.52786,0.45041,0.37653
2024,baseball,2024-03-18,False,125.0,574161,Northern Ky.,11,8,0.61963,0.46246,0.5075,0.51301
2024,baseball,2024-03-18,False,64.0,574163,Northwestern,7,9,0.57432,0.59596,0.46666,0.55822
2024,baseball,2024-03-18,False,213.0,574162,Northwestern St.,5,15,0.21809,0.59083,0.46758,0.46683
2024,baseball,2024-03-18,False,11.0,574164,Notre Dame,11,8,0.70984,0.66803,0.47506,0.63024
2024,baseball,2024-03-18,False,259.0,574165,Oakland,6,13,0.42038,0.42344,0.45142,0.42967
2024,baseball,2024-03-18,False,228.0,574167,Ohio,7,10,0.37888,0.46072,0.52103,0.45534
2024,baseball,2024-03-18,False,54.0,574166,Ohio St.,10,8,0.66667,0.52669,0.56203,0.57052
2024,baseball,2024-03-18,False,5.0,574169,Oklahoma,13,6,0.65761,0.72691,0.5196,0.65776
2024,baseball,2024-03-18,False,50.0,574168,Oklahoma St.,12,8,0.60989,0.58797,0.51916,0.57624
2024,baseball,2024-03-18,False,70.0,574170,Old Dominion,12,8,0.46154,0.60673,0.52899,0.55099
2024,baseball,2024-03-18,False,36.0,574132,Ole Miss,15,6,0.65079,0.60183,0.5147,0.59229
2024,baseball,2024-03-18,False,300.0,574144,Omaha,3,15,0.2037,0.36091,0.48652,0.35301
2024,baseball,2024-03-18,False,290.0,574171,Oral Roberts,7,13,0.25258,0.37254,0.51677,0.37861
2024,baseball,2024-03-18,False,49.0,574173,Oregon,13,6,0.63684,0.55311,0.57102,0.57852
2024,baseball,2024-03-18,False,6.0,574172,Oregon St.,17,2,0.89941,0.56497,0.53905,0.6421
2024,baseball,2024-03-18,False,281.0,574174,Pacific,3,16,0.12209,0.51351,0.44155,0.39766
2024,baseball,2024-03-18,False,132.0,574177,Penn,7,9,0.51408,0.508,0.5081,0.50954
2024,baseball,2024-03-18,False,172.0,574176,Penn St.,11,6,0.68235,0.37264,0.53228,0.48998
2024,baseball,2024-03-18,False,275.0,574178,Pepperdine,5,15,0.205,0.46469,0.48081,0.4038
2024,baseball,2024-03-18,False,92.0,574179,Pittsburgh,10,7,0.58824,0.50051,0.54314,0.5331
2024,baseball,2024-03-18,False,71.0,574180,Portland,10,7,0.67027,0.51554,0.50088,0.55056
2024,baseball,2024-03-18,False,137.0,574181,Prairie View,11,10,0.61749,0.45516,0.50274,0.50764
2024,baseball,2024-03-18,False,237.0,573980,Presbyterian,9,11,0.37113,0.48196,0.4562,0.44781
2024,baseball,2024-03-18,False,118.0,574182,Princeton,4,12,0.38235,0.60938,0.47133,0.51811
2024,baseball,2024-03-18,False,78.0,574183,Purdue,15,6,0.68254,0.47533,0.54763,0.5452
2024,baseball,2024-03-18,False,177.0,574091,Purdue Fort Wayne,8,13,0.53333,0.45899,0.49646,0.48695
2024,baseball,2024-03-18,False,232.0,574231,Queens (NC),4,16,0.17801,0.60995,0.4074,0.45133
2024,baseball,2024-03-18,False,271.0,574184,Quinnipiac,5,11,0.40769,0.39707,0.47201,0.41846
2024,baseball,2024-03-18,False,269.0,574185,Radford,7,11,0.3141,0.43215,0.50105,0.41986
2024,baseball,2024-03-18,False,114.0,574186,Rhode Island,3,12,0.26829,0.67933,0.44905,0.519
2024,baseball,2024-03-18,False,162.0,574187,Rice,8,11,0.38342,0.53918,0.51318,0.49374
2024,baseball,2024-03-18,False,293.0,574188,Richmond,9,10,0.32642,0.3215,0.50188,0.36783
2024,baseball,2024-03-18,False,142.0,574189,Rider,2,13,0.22222,0.672,0.45954,0.50644
2024,baseball,2024-03-18,False,33.0,574190,Rutgers,13,6,0.79512,0.53051,0.52079,0.59423
2024,baseball,2024-03-18,False,298.0,574222,SFA,3,19,0.09953,0.43713,0.45047,0.35606
2024,baseball,2024-03-18,False,284.0,574215,SIUE,5,15,0.24227,0.44609,0.43922,0.39342
2024,baseball,2024-03-18,False,247.0,574029,Sacramento St.,8,11,0.33155,0.47505,0.48402,0.44142
2024,baseball,2024-03-18,False,200.0,574191,Sacred Heart,7,10,0.51049,0.47357,0.43763,0.47382
2024,baseball,2024-03-18,False,231.0,574194,Saint Joseph's,8,9,0.45638,0.43229,0.48776,0.45218
2024,baseball,2024-03-18,False,76.0,574195,Saint Louis,15,3,0.83333,0.42602,0.50205,0.54686
2024,baseball,2024-03-18,False,168.0,574196,Saint Mary's (CA),10,6,0.625,0.40673,0.52705,0.49138
2024,baseball,2024-03-18,False,276.0,574197,Saint Peter's,5,16,0.33333,0.4398,0.40074,0.40342
2024,baseball,2024-03-18,False,42.0,574198,Sam Houston,13,7,0.64362,0.58905,0.5205,0.58555
2024,baseball,2024-03-18,False,101.0,574199,Samford,12,7,0.63576,0.45868,0.54325,0.52409
2024,baseball,2024-03-18,False,52.0,574201,San Diego,10,8,0.62424,0.57008,0.53693,0.57534
2024,baseball,2024-03-18,False,238.0,574200,San Diego St.,6,13,0.26519,0.51635,0.49093,0.44721
2024,baseball,2024-03-18,False,194.0,574202,San Francisco,13,7,0.61932,0.38418,0.52078,0.47711
2024,baseball,2024-03-18,False,192.0,574203,San Jose St.,7,13,0.32447,0.57877,0.43049,0.47812
2024,baseball,2024-03-18,False,95.0,574204,Santa Clara,11,6,0.67785,0.45536,0.54261,0.53279
2024,baseball,2024-03-18,False,223.0,573981,Seattle U,6,12,0.35714,0.50437,0.46954,0.45885
2024,baseball,2024-03-18,False,89.0,574205,Seton Hall,11,8,0.62632,0.50495,0.50852,0.53618
2024,baseball,2024-03-18,False,297.0,574206,Siena,0,16,0.0,0.48277,0.46096,0.35662
2024,baseball,2024-03-18,False,67.0,574207,South Alabama,12,8,0.5027,0.59308,0.52682,0.55392
2024,baseball,2024-03-18,False,31.0,574208,South Carolina,15,5,0.72152,0.57722,0.5114,0.59684
2024,baseball,2024-03-18,False,127.0,574209,South Dakota St.,10,10,0.65,0.4701,0.46121,0.51285
2024,baseball,2024-03-18,False,74.0,574210,South Fla.,11,8,0.52486,0.58319,0.50728,0.54963
2024,baseball,2024-03-18,False,235.0,574211,Southeast Mo. St.,8,13,0.33831,0.49836,0.46112,0.44904
2024,baseball,2024-03-18,False,58.0,574212,Southeastern La.,14,6,0.65385,0.55353,0.51121,0.56803
2024,baseball,2024-03-18,False,188.0,574213,Southern California,6,13,0.30151,0.55497,0.51256,0.481
2024,baseball,2024-03-18,False,150.0,574214,Southern Ill.,13,6,0.67914,0.41176,0.51305,0.50393
2024,baseball,2024-03-18,False,233.0,574232,Southern Ind.,9,10,0.49733,0.40124,0.50269,0.45062
2024,baseball,2024-03-18,False,43.0,574216,Southern Miss.,14,6,0.63736,0.59882,0.50316,0.58454
2024,baseball,2024-03-18,False,286.0,574217,Southern U.,4,11,0.22222,0.4375,0.46992,0.39179
2024,baseball,2024-03-18,False,206.0,574192,St. Bonaventure,7,11,0.54167,0.44478,0.4501,0.47033
2024,baseball,2024-03-18,False,41.0,574193,St. John's (NY),13,4,0.8042,0.48069,0.57704,0.58565
2024,baseball,2024-03-18,False,184.0,573909,St. Thomas (MN),8,10,0.56111,0.43433,0.49763,0.48185
2024,baseball,2024-03-18,False,187.0,574221,Stanford,9,9,0.4697,0.46264,0.52911,0.48102
2024,baseball,2024-03-18,False,176.0,574223,Stetson,13,8,0.54802,0.44288,0.51573,0.48738
2024,baseball,2024-03-18,False,202.0,574233,Stonehill,4,8,0.48148,0.46852,0.47404,0.47314
2024,baseball,2024-03-18,False,85.0,574224,Stony Brook,9,9,0.55357,0.55429,0.50206,0.54105
2024,baseball,2024-03-18,False,40.0,573914,TCU,15,5,0.70391,0.54725,0.54463,0.58576
2024,baseball,2024-03-18,False,164.0,573910,Tarleton St.,11,10,0.54872,0.44902,0.526,0.49319
2024,baseball,2024-03-18,False,19.0,574226,Tennessee,18,3,0.85185,0.51524,0.55112,0.60837
2024,baseball,2024-03-18,False,257.0,574225,Tennessee Tech,12,8,0.49451,0.34352,0.54671,0.43206
2024,baseball,2024-03-18,False,53.0,573918,Texas,11,8,0.5,0.63562,0.51421,0.57136
2024,baseball,2024-03-18,False,7.0,573913,Texas A&M,18,2,0.91304,0.52147,0.59668,0.63817
2024,baseball,2024-03-18,False,186.0,573915,Texas Southern,5,14,0.31757,0.56975,0.46859,0.48142
2024,baseball,2024-03-18,False,105.0,574219,Texas St.,11,9,0.47423,0.55154,0.51427,0.5229
2024,baseball,2024-03-18,False,63.0,573916,Texas Tech,14,6,0.67033,0.50122,0.56023,0.55825
2024,baseball,2024-03-18,False,209.0,574042,The Citadel,14,5,0.63804,0.33894,0.55917,0.46877
2024,baseball,2024-03-18,False,208.0,573920,Toledo,8,12,0.55319,0.42411,0.47576,0.46929
2024,baseball,2024-03-18,False,274.0,573921,Towson,4,14,0.19872,0.48696,0.45016,0.4057
2024,baseball,2024-03-18,False,108.0,573922,Troy,14,7,0.69792,0.42019,0.54618,0.52112
2024,baseball,2024-03-18,False,143.0,573923,Tulane,12,8,0.52747,0.49377,0.51007,0.50627
2024,baseball,2024-03-18,False,116.0,573999,UAB,10,9,0.50286,0.5159,0.53875,0.51835
2024,baseball,2024-03-18,False,263.0,574000,UAlbany,0,14,0.0,0.63626,0.43283,0.42634
2024,baseball,2024-03-18,False,82.0,574032,UC Davis,10,9,0.55621,0.56541,0.48246,0.54238
2024,baseball,2024-03-18,False,35.0,574033,UC Irvine,15,3,0.80702,0.51109,0.54007,0.59232
2024,baseball,2024-03-18,False,254.0,574035,UC Riverside,9,9,0.41071,0.41259,0.50695,0.43571
2024,baseball,2024-03-18,False,161.0,574229,UC San Diego,15,4,0.69536,0.36611,0.54864,0.49406
2024,baseball,2024-03-18,False,13.0,574030,UC Santa Barbara,12,5,0.76974,0.60167,0.52113,0.62355
2024,baseball,2024-03-18,False,8.0,574039,UCF,12,5,0.68456,0.65146,0.54269,0.63254
2024,baseball,2024-03-18,False,185.0,574034,UCLA,7,11,0.33333,0.53908,0.51586,0.48184
2024,baseball,2024-03-18,False,26.0,574046,UConn,7,10,0.54658,0.67008,0.51895,0.60143
2024,baseball,2024-03-18,False,103.0,574088,UIC,12,6,0.64815,0.48125,0.48528,0.52398
2024,baseball,2024-03-18,False,102.0,573984,UIW,13,5,0.7029,0.43235,0.52845,0.52401
2024,baseball,2024-03-18,False,141.0,574157,ULM,12,8,0.49515,0.51484,0.50096,0.50645
2024,baseball,2024-03-18,False,289.0,574117,UMBC,4,11,0.26357,0.40412,0.44763,0.37986
2024,baseball,2024-03-18,False,303.0,574119,UMES,0,14,0.0,0.48635,0.36529,0.3345
2024,baseball,2024-03-18,False,130.0,574111,UMass Lowell,6,12,0.48148,0.5502,0.46579,0.51192
2024,baseball,2024-03-18,False,227.0,574138,UNC Asheville,10,9,0.46358,0.42833,0.50335,0.45589
2024,baseball,2024-03-18,False,80.0,574141,UNC Greensboro,11,8,0.55801,0.54013,0.53924,0.54438
2024,baseball,2024-03-18,False,106.0,574142,UNCW,11,9,0.50532,0.51864,0.54427,0.52172
2024,baseball,2024-03-18,False,204.0,574145,UNLV,10,8,0.55952,0.40822,0.51066,0.47166
2024,baseball,2024-03-18,False,81.0,573986,USC Upstate,14,7,0.5731,0.53145,0.53429,0.54257
2024,baseball,2024-03-18,False,163.0,573917,UT Arlington,7,13,0.365,0.56018,0.48894,0.49358
2024,baseball,2024-03-18,False,279.0,574227,UT Martin,6,14,0.24742,0.43143,0.48315,0.39836
2024,baseball,2024-03-18,False,258.0,574175,UTRGV,10,8,0.4881,0.34953,0.53305,0.43005
2024,baseball,2024-03-18,False,178.0,573919,UTSA,10,10,0.44503,0.49006,0.51948,0.48616
2024,baseball,2024-03-18,False,28.0,573947,Utah,12,6,0.72308,0.59541,0.48207,0.59899
2024,baseball,2024-03-18,False,265.0,573911,Utah Tech,5,15,0.235,0.47729,0.5021,0.42292
2024,baseball,2024-03-18,False,249.0,573992,Utah Valley,7,12,0.41714,0.43164,0.48236,0.4407
2024,baseball,2024-03-18,False,107.0,573951,VCU,14,6,0.67665,0.44661,0.51691,0.5217
2024,baseball,2024-03-18,False,147.0,573952,VMI,11,10,0.50256,0.52938,0.46008,0.50535
2024,baseball,2024-03-18,False,68.0,573948,Valparaiso,7,11,0.53216,0.61693,0.44642,0.55311
2024,baseball,2024-03-18,False,20.0,573949,Vanderbilt,18,3,0.77586,0.55875,0.53171,0.60627
2024,baseball,2024-03-18,False,167.0,573950,Villanova,6,11,0.49367,0.50407,0.4686,0.4926
2024,baseball,2024-03-18,False,24.0,573954,Virginia,16,4,0.76879,0.54929,0.54006,0.60185
2024,baseball,2024-03-18,False,22.0,573953,Virginia Tech,14,4,0.79012,0.52532,0.5722,0.60324
2024,baseball,2024-03-18,False,155.0,573955,Wagner,7,12,0.44371,0.54963,0.45908,0.50051
2024,baseball,2024-03-18,False,18.0,573956,Wake Forest,13,6,0.65605,0.64178,0.49606,0.60892
2024,baseball,2024-03-18,False,115.0,573958,Washington,6,8,0.43151,0.57691,0.48922,0.51864
2024,baseball,2024-03-18,False,153.0,573957,Washington St.,10,8,0.57923,0.43197,0.55961,0.5007
2024,baseball,2024-03-18,False,65.0,573959,West Virginia,11,9,0.58883,0.5744,0.4913,0.55723
2024,baseball,2024-03-18,False,158.0,573960,Western Caro.,9,9,0.45098,0.51107,0.52517,0.49957
2024,baseball,2024-03-18,False,217.0,573961,Western Ill.,4,14,0.32704,0.53918,0.45711,0.46563
2024,baseball,2024-03-18,False,190.0,573962,Western Ky.,14,7,0.60697,0.38847,0.53802,0.48048
2024,baseball,2024-03-18,False,219.0,573963,Western Mich.,9,9,0.51562,0.41019,0.52212,0.46453
2024,baseball,2024-03-18,False,69.0,573964,Wichita St.,13,6,0.65116,0.51396,0.53171,0.5527
2024,baseball,2024-03-18,False,175.0,573965,William & Mary,14,6,0.625,0.42264,0.48656,0.48921
2024,baseball,2024-03-18,False,260.0,573966,Winthrop,8,10,0.33333,0.44398,0.49615,0.42936
2024,baseball,2024-03-18,False,109.0,573985,Wofford,13,4,0.74046,0.40408,0.53542,0.52101
2024,baseball,2024-03-18,False,120.0,573968,Wright St.,11,8,0.64571,0.42251,0.57162,0.51559
2024,baseball,2024-03-18,False,39.0,573969,Xavier,9,11,0.54124,0.65031,0.50969,0.58789
2024,baseball,2024-03-18,False,296.0,573970,Yale,2,11,0.23853,0.36448,0.47317,0.36017
2024,baseball,2024-03-18,False,266.0,573971,Youngstown St.,2,17,0.13245,0.54496,0.46816,0.42263
2024,baseball,2024-03-25,False,182.0,573989,A&M-Corpus Christi,12,16,0.40283,0.5175,0.50083,0.48467
2024,baseball,2024-03-25,False,109.0,573995,Abilene Christian,15,10,0.61765,0.48513,0.50459,0.52312
2024,baseball,2024-03-25,False,96.0,573924,Air Force,10,13,0.50739,0.56155,0.49049,0.53024
2024,baseball,2024-03-25,False,255.0,573912,Akron,5,17,0.25854,0.49654,0.4936,0.4363
2024,baseball,2024-03-25,False,28.0,573998,Alabama,18,6,0.73846,0.55425,0.51801,0.59124
2024,baseball,2024-03-25,False,301.0,573996,Alabama A&M,3,19,0.15865,0.40613,0.45598,0.35672
2024,baseball,2024-03-25,False,282.0,573997,Alabama St.,10,11,0.40476,0.35149,0.48384,0.3979
2024,baseball,2024-03-25,False,297.0,574001,Alcorn,1,17,0.07345,0.48476,0.43075,0.36843
2024,baseball,2024-03-25,False,61.0,574002,App State,15,7,0.73934,0.49397,0.51773,0.56125
2024,baseball,2024-03-25,False,102.0,574004,Arizona,10,12,0.47317,0.55898,0.5232,0.52858
2024,baseball,2024-03-25,False,131.0,574003,Arizona St.,10,14,0.37131,0.58907,0.50054,0.51249
2024,baseball,2024-03-25,False,294.0,573982,Ark.-Pine Bluff,9,15,0.27632,0.36574,0.48559,0.37335
2024,baseball,2024-03-25,False,3.0,574006,Arkansas,19,3,0.83425,0.62566,0.56281,0.6621
2024,baseball,2024-03-25,False,212.0,574005,Arkansas St.,14,12,0.51786,0.42459,0.50636,0.46835
2024,baseball,2024-03-25,False,224.0,573925,Army West Point,10,12,0.48848,0.43189,0.49251,0.46119
2024,baseball,2024-03-25,False,33.0,574008,Auburn,15,8,0.585,0.61912,0.52403,0.58682
2024,baseball,2024-03-25,False,193.0,574009,Austin Peay,15,8,0.64758,0.36707,0.54184,0.48089
2024,baseball,2024-03-25,False,77.0,574018,BYU,11,10,0.57292,0.53668,0.53273,0.54475
2024,baseball,2024-03-25,False,178.0,574010,Ball St.,13,12,0.54717,0.46054,0.48453,0.48819
2024,baseball,2024-03-25,False,157.0,574012,Baylor,8,15,0.29245,0.5931,0.50533,0.496
2024,baseball,2024-03-25,False,302.0,574228,Bellarmine,1,22,0.06404,0.45166,0.45519,0.35564
2024,baseball,2024-03-25,False,122.0,573987,Belmont,12,12,0.4557,0.55156,0.50842,0.51681
2024,baseball,2024-03-25,False,243.0,574013,Bethune-Cookman,12,10,0.49038,0.38336,0.52371,0.4452
2024,baseball,2024-03-25,False,200.0,574014,Binghamton,7,13,0.41916,0.49091,0.49641,0.47435
2024,baseball,2024-03-25,False,75.0,574015,Boston College,11,11,0.54585,0.57358,0.49848,0.54788
2024,baseball,2024-03-25,False,73.0,574016,Bowling Green,11,8,0.69061,0.50467,0.4937,0.54841
2024,baseball,2024-03-25,False,211.0,574017,Bradley,8,14,0.47668,0.47163,0.45377,0.46843
2024,baseball,2024-03-25,False,269.0,574019,Brown,4,13,0.32298,0.46638,0.43754,0.42332
2024,baseball,2024-03-25,False,235.0,574020,Bryant,11,10,0.51913,0.39994,0.4863,0.45133
2024,baseball,2024-03-25,False,240.0,574021,Bucknell,9,12,0.40984,0.45392,0.47119,0.44722
2024,baseball,2024-03-25,False,174.0,574022,Butler,10,12,0.48908,0.49396,0.4801,0.48928
2024,baseball,2024-03-25,False,273.0,574024,CSU Bakersfield,4,19,0.125,0.54936,0.45123,0.41873
2024,baseball,2024-03-25,False,63.0,574028,CSUN,14,9,0.66063,0.5348,0.51011,0.56009
2024,baseball,2024-03-25,False,111.0,574023,Cal Poly,12,10,0.42857,0.56163,0.53799,0.52246
2024,baseball,2024-03-25,False,166.0,574026,Cal St. Fullerton,8,14,0.35577,0.58941,0.43779,0.49309
2024,baseball,2024-03-25,False,46.0,574031,California,14,7,0.62366,0.57462,0.53187,0.57619
2024,baseball,2024-03-25,False,128.0,573994,California Baptist,15,9,0.58025,0.47927,0.51998,0.51469
2024,baseball,2024-03-25,False,53.0,574036,Campbell,17,6,0.66497,0.53124,0.53661,0.56602
2024,baseball,2024-03-25,False,147.0,574037,Canisius,6,12,0.48148,0.53188,0.46239,0.50191
2024,baseball,2024-03-25,False,141.0,573972,Central Ark.,11,13,0.43333,0.54262,0.50239,0.50524
2024,baseball,2024-03-25,False,271.0,574038,Central Conn. St.,6,8,0.44776,0.39285,0.44379,0.41931
2024,baseball,2024-03-25,False,281.0,574040,Central Mich.,6,18,0.31429,0.40568,0.48826,0.40348
2024,baseball,2024-03-25,False,138.0,574011,Charleston So.,12,12,0.46154,0.5562,0.4554,0.50733
2024,baseball,2024-03-25,False,108.0,574140,Charlotte,11,14,0.36475,0.61852,0.49576,0.52439
2024,baseball,2024-03-25,False,81.0,574041,Cincinnati,15,10,0.60538,0.52352,0.50896,0.54035
2024,baseball,2024-03-25,False,1.0,574043,Clemson,22,2,0.89583,0.66285,0.55071,0.69306
2024,baseball,2024-03-25,False,24.0,574044,Coastal Carolina,18,6,0.6875,0.58717,0.53028,0.59803
2024,baseball,2024-03-25,False,94.0,573974,Col. of Charleston,14,8,0.5,0.55982,0.50376,0.53085
2024,baseball,2024-03-25,False,227.0,574045,Columbia,6,12,0.30435,0.50946,0.50464,0.45698
2024,baseball,2024-03-25,False,303.0,574047,Coppin St.,5,12,0.21739,0.35461,0.4561,0.34568
2024,baseball,2024-03-25,False,228.0,574048,Cornell,3,11,0.33621,0.48605,0.51177,0.45502
2024,baseball,2024-03-25,False,44.0,574049,Creighton,17,3,0.81443,0.51185,0.47743,0.57889
2024,baseball,2024-03-25,False,18.0,573975,DBU,19,4,0.79126,0.54338,0.5389,0.60423
2024,baseball,2024-03-25,False,165.0,574050,Dartmouth,6,9,0.55319,0.47576,0.46856,0.49332
2024,baseball,2024-03-25,False,259.0,574051,Davidson,11,12,0.42202,0.41457,0.48643,0.4344
2024,baseball,2024-03-25,False,117.0,574052,Dayton,15,10,0.65106,0.45283,0.51478,0.51788
2024,baseball,2024-03-25,False,149.0,574054,Delaware,11,11,0.48707,0.51629,0.48118,0.50021
2024,baseball,2024-03-25,False,298.0,574053,Delaware St.,4,15,0.20725,0.40807,0.43373,0.36428
2024,baseball,2024-03-25,False,29.0,574055,Duke,17,7,0.67117,0.56598,0.55393,0.58927
2024,baseball,2024-03-25,False,115.0,574057,ETSU,16,7,0.62944,0.44727,0.55394,0.51948
2024,baseball,2024-03-25,False,27.0,574056,East Carolina,16,6,0.75879,0.53652,0.53737,0.5923
2024,baseball,2024-03-25,False,270.0,574058,Eastern Ill.,5,16,0.24868,0.4839,0.4704,0.42172
2024,baseball,2024-03-25,False,252.0,574059,Eastern Ky.,7,18,0.24696,0.50315,0.50471,0.43949
2024,baseball,2024-03-25,False,213.0,574060,Eastern Mich.,9,14,0.48768,0.44308,0.49823,0.46802
2024,baseball,2024-03-25,False,248.0,573976,Elon,9,14,0.32093,0.48608,0.48376,0.44421
2024,baseball,2024-03-25,False,188.0,574061,Evansville,9,14,0.41627,0.50496,0.50482,0.48275
2024,baseball,2024-03-25,False,236.0,574063,FDU,8,13,0.39766,0.47526,0.4569,0.45127
2024,baseball,2024-03-25,False,184.0,573991,FGCU,11,12,0.44811,0.47999,0.5277,0.48395
2024,baseball,2024-03-25,False,113.0,574066,FIU,13,11,0.47685,0.56762,0.47317,0.52131
2024,baseball,2024-03-25,False,249.0,574062,Fairfield,7,14,0.39891,0.441,0.49517,0.44402
2024,baseball,2024-03-25,False,146.0,574065,Fla. Atlantic,14,8,0.56522,0.44551,0.55283,0.50227
2024,baseball,2024-03-25,False,20.0,574068,Florida,14,9,0.56388,0.67115,0.50511,0.60282
2024,baseball,2024-03-25,False,254.0,574064,Florida A&M,9,15,0.37647,0.45561,0.46672,0.4386
2024,baseball,2024-03-25,False,2.0,574067,Florida St.,19,3,0.88,0.62797,0.53476,0.66767
2024,baseball,2024-03-25,False,207.0,574069,Fordham,8,14,0.37368,0.5171,0.47008,0.46949
2024,baseball,2024-03-25,False,177.0,574025,Fresno St.,16,7,0.66047,0.37467,0.54442,0.48856
2024,baseball,2024-03-25,False,64.0,574073,Ga. Southern,11,12,0.42411,0.64342,0.52835,0.55983
2024,baseball,2024-03-25,False,234.0,573977,Gardner-Webb,8,15,0.28837,0.51159,0.49474,0.45157
2024,baseball,2024-03-25,False,226.0,574070,George Mason,11,12,0.40609,0.47731,0.47513,0.45896
2024,baseball,2024-03-25,False,204.0,574071,George Washington,15,9,0.56579,0.39738,0.52863,0.47229
2024,baseball,2024-03-25,False,66.0,574072,Georgetown,16,7,0.74419,0.48356,0.52658,0.55947
2024,baseball,2024-03-25,False,8.0,574076,Georgia,21,4,0.82383,0.59299,0.50639,0.62905
2024,baseball,2024-03-25,False,70.0,574074,Georgia St.,13,11,0.52157,0.59078,0.50577,0.55223
2024,baseball,2024-03-25,False,54.0,574075,Georgia Tech,16,7,0.6701,0.52786,0.53649,0.56558
2024,baseball,2024-03-25,False,215.0,574077,Gonzaga,6,14,0.31579,0.52542,0.50418,0.4677
2024,baseball,2024-03-25,False,223.0,574078,Grambling,9,13,0.44388,0.467,0.47009,0.46199
2024,baseball,2024-03-25,False,100.0,573978,Grand Canyon,13,10,0.55649,0.52724,0.5058,0.52919
2024,baseball,2024-03-25,False,262.0,574080,Harvard,3,13,0.27068,0.50494,0.45265,0.4333
2024,baseball,2024-03-25,False,124.0,574081,Hawaii,15,7,0.59135,0.45496,0.56222,0.51587
2024,baseball,2024-03-25,False,176.0,573988,High Point,10,14,0.35965,0.54245,0.51099,0.48889
2024,baseball,2024-03-25,False,159.0,574082,Hofstra,7,15,0.36139,0.57149,0.47638,0.49519
2024,baseball,2024-03-25,False,162.0,574083,Holy Cross,8,13,0.52604,0.48979,0.47163,0.49431
2024,baseball,2024-03-25,False,74.0,574085,Houston,14,9,0.53302,0.56475,0.53003,0.54814
2024,baseball,2024-03-25,False,256.0,574084,Houston Christian,7,16,0.26,0.50902,0.46474,0.43569
2024,baseball,2024-03-25,False,114.0,574087,Illinois,10,12,0.47959,0.54488,0.51506,0.52111
2024,baseball,2024-03-25,False,160.0,574086,Illinois St.,11,11,0.56221,0.46425,0.48801,0.49468
2024,baseball,2024-03-25,False,112.0,574090,Indiana,12,12,0.45783,0.55771,0.51633,0.5224
2024,baseball,2024-03-25,False,26.0,574089,Indiana St.,17,5,0.81364,0.50644,0.5537,0.59506
2024,baseball,2024-03-25,False,279.0,574092,Iona,4,17,0.24242,0.47343,0.43831,0.4069
2024,baseball,2024-03-25,False,65.0,574093,Iowa,13,10,0.59606,0.55543,0.53099,0.55948
2024,baseball,2024-03-25,False,98.0,574094,Jackson St.,19,5,0.77934,0.40564,0.52982,0.53011
2024,baseball,2024-03-25,False,209.0,574096,Jacksonville,11,12,0.43348,0.4621,0.51825,0.46898
2024,baseball,2024-03-25,False,135.0,574095,Jacksonville St.,9,14,0.37674,0.58861,0.48781,0.51045
2024,baseball,2024-03-25,False,30.0,574097,James Madison,14,10,0.58095,0.63694,0.49852,0.58834
2024,baseball,2024-03-25,False,69.0,574099,Kansas,12,10,0.49038,0.5985,0.54122,0.55715
2024,baseball,2024-03-25,False,19.0,574098,Kansas St.,17,6,0.7233,0.57437,0.54107,0.60328
2024,baseball,2024-03-25,False,38.0,573979,Kennesaw St.,13,10,0.62232,0.59462,0.52034,0.58298
2024,baseball,2024-03-25,False,187.0,574100,Kent St.,11,12,0.5288,0.46284,0.47657,0.48276
2024,baseball,2024-03-25,False,13.0,574101,Kentucky,20,4,0.80889,0.5548,0.54475,0.61581
2024,baseball,2024-03-25,False,272.0,574106,LIU,7,13,0.38608,0.41177,0.46642,0.41901
2024,baseball,2024-03-25,False,229.0,574112,LMU (CA),11,13,0.46667,0.42615,0.50046,0.45486
2024,baseball,2024-03-25,False,36.0,574108,LSU,19,6,0.70796,0.53994,0.5585,0.58659
2024,baseball,2024-03-25,False,179.0,574102,Lafayette,5,18,0.27749,0.6117,0.44886,0.48744
2024,baseball,2024-03-25,False,79.0,574103,Lamar University,19,4,0.83495,0.41743,0.50646,0.54407
2024,baseball,2024-03-25,False,283.0,574412,Le Moyne,6,13,0.42604,0.34485,0.47535,0.39777
2024,baseball,2024-03-25,False,194.0,574104,Lehigh,14,8,0.70852,0.34018,0.53424,0.48078
2024,baseball,2024-03-25,False,202.0,574105,Liberty,10,13,0.39819,0.49408,0.5092,0.47389
2024,baseball,2024-03-25,False,274.0,574230,Lindenwood,6,17,0.29189,0.45318,0.47074,0.41725
2024,baseball,2024-03-25,False,230.0,573990,Lipscomb,4,18,0.16832,0.58468,0.48023,0.45448
2024,baseball,2024-03-25,False,123.0,574007,Little Rock,13,11,0.49099,0.53081,0.51404,0.51666
2024,baseball,2024-03-25,False,196.0,574027,Long Beach St.,13,8,0.58788,0.39428,0.54341,0.47996
2024,baseball,2024-03-25,False,199.0,574107,Longwood,11,13,0.46569,0.46183,0.51436,0.47593
2024,baseball,2024-03-25,False,58.0,574220,Louisiana,16,8,0.61472,0.557,0.52131,0.56251
2024,baseball,2024-03-25,False,82.0,574109,Louisiana Tech,20,6,0.70925,0.44607,0.55844,0.53996
2024,baseball,2024-03-25,False,143.0,574110,Louisville,15,9,0.52857,0.47278,0.54181,0.50398
2024,baseball,2024-03-25,False,276.0,574113,Maine,3,16,0.225,0.48706,0.4564,0.41388
2024,baseball,2024-03-25,False,260.0,574114,Manhattan,7,15,0.42079,0.40818,0.49901,0.43404
2024,baseball,2024-03-25,False,239.0,574115,Marist,7,15,0.46429,0.41459,0.4968,0.44757
2024,baseball,2024-03-25,False,232.0,574116,Marshall,8,15,0.30412,0.50252,0.50101,0.45254
2024,baseball,2024-03-25,False,34.0,574118,Maryland,18,6,0.77632,0.51686,0.53688,0.58673
2024,baseball,2024-03-25,False,191.0,574120,Massachusetts,7,12,0.47826,0.48923,0.47102,0.48193
2024,baseball,2024-03-25,False,49.0,574121,McNeese,11,10,0.50282,0.6361,0.50988,0.57123
2024,baseball,2024-03-25,False,145.0,574122,Memphis,12,14,0.44628,0.52995,0.50378,0.50249
2024,baseball,2024-03-25,False,132.0,574123,Mercer,14,9,0.57143,0.48562,0.50639,0.51226
2024,baseball,2024-03-25,False,295.0,573973,Merrimack,6,15,0.31034,0.35689,0.45866,0.37069
2024,baseball,2024-03-25,False,72.0,574125,Miami (FL),13,10,0.46411,0.60735,0.52427,0.55077
2024,baseball,2024-03-25,False,247.0,574124,Miami (OH),9,13,0.36058,0.46849,0.48068,0.44456
2024,baseball,2024-03-25,False,140.0,574127,Michigan,9,15,0.40789,0.56061,0.49431,0.50586
2024,baseball,2024-03-25,False,144.0,574126,Michigan St.,9,12,0.42647,0.5506,0.48699,0.50367
2024,baseball,2024-03-25,False,233.0,574128,Middle Tenn.,10,12,0.41593,0.45003,0.49315,0.45229
2024,baseball,2024-03-25,False,257.0,573967,Milwaukee,2,18,0.17105,0.58153,0.40786,0.43549
2024,baseball,2024-03-25,False,142.0,574129,Minnesota,10,10,0.58376,0.4711,0.49451,0.50512
2024,baseball,2024-03-25,False,50.0,574130,Mississippi St.,17,8,0.59545,0.58415,0.51481,0.56964
2024,baseball,2024-03-25,False,181.0,574131,Mississippi Val.,8,12,0.38144,0.57732,0.40673,0.4857
2024,baseball,2024-03-25,False,119.0,574133,Missouri,10,14,0.40417,0.58116,0.50177,0.51707
2024,baseball,2024-03-25,False,43.0,574218,Missouri St.,10,12,0.56731,0.62218,0.50669,0.57959
2024,baseball,2024-03-25,False,251.0,574134,Monmouth,7,12,0.42945,0.43046,0.46946,0.43995
2024,baseball,2024-03-25,False,109.0,574135,Morehead St.,13,11,0.5991,0.49767,0.49804,0.52312
2024,baseball,2024-03-25,False,287.0,574136,Mount St. Mary's,5,15,0.30412,0.41129,0.44387,0.39265
2024,baseball,2024-03-25,False,31.0,574137,Murray St.,17,6,0.7868,0.52962,0.50614,0.58805
2024,baseball,2024-03-25,False,93.0,574154,N.C. A&T,17,6,0.73113,0.4464,0.50159,0.53138
2024,baseball,2024-03-25,False,45.0,574155,NC State,15,7,0.63587,0.57789,0.52254,0.57855
2024,baseball,2024-03-25,False,203.0,574160,NIU,8,16,0.46759,0.4606,0.50264,0.47286
2024,baseball,2024-03-25,False,258.0,574147,NJIT,8,14,0.5,0.35769,0.52289,0.43457
2024,baseball,2024-03-25,False,268.0,573946,Navy,12,11,0.50847,0.35409,0.49413,0.42769
2024,baseball,2024-03-25,False,9.0,574143,Nebraska,17,5,0.77725,0.59834,0.53429,0.62706
2024,baseball,2024-03-25,False,127.0,574146,Nevada,10,11,0.54359,0.52244,0.47114,0.5149
2024,baseball,2024-03-25,False,158.0,574149,New Mexico,15,9,0.55405,0.45202,0.52512,0.4958
2024,baseball,2024-03-25,False,219.0,574148,New Mexico St.,10,13,0.37838,0.47341,0.53652,0.46543
2024,baseball,2024-03-25,False,85.0,574150,New Orleans,13,10,0.52752,0.55054,0.5267,0.53883
2024,baseball,2024-03-25,False,197.0,574151,Niagara,15,7,0.77727,0.31476,0.50948,0.47907
2024,baseball,2024-03-25,False,99.0,574152,Nicholls,17,10,0.5614,0.53055,0.49687,0.52984
2024,baseball,2024-03-25,False,304.0,574153,Norfolk St.,7,16,0.27347,0.2775,0.4538,0.32057
2024,baseball,2024-03-25,False,253.0,573993,North Ala.,8,15,0.29412,0.48066,0.49962,0.43877
2024,baseball,2024-03-25,False,5.0,574139,North Carolina,21,4,0.83684,0.60629,0.52072,0.64254
2024,baseball,2024-03-25,False,118.0,574156,North Dakota St.,7,16,0.44828,0.57401,0.4741,0.5176
2024,baseball,2024-03-25,False,154.0,573983,North Florida,14,9,0.54936,0.46324,0.51288,0.49718
2024,baseball,2024-03-25,False,47.0,574158,Northeastern,16,6,0.80909,0.47473,0.54297,0.57538
2024,baseball,2024-03-25,False,290.0,574159,Northern Colo.,2,22,0.07292,0.49484,0.48322,0.38646
2024,baseball,2024-03-25,False,120.0,574161,Northern Ky.,15,8,0.67539,0.43702,0.51831,0.51694
2024,baseball,2024-03-25,False,52.0,574163,Northwestern,10,11,0.61692,0.57069,0.50944,0.56693
2024,baseball,2024-03-25,False,198.0,574162,Northwestern St.,6,18,0.21053,0.61098,0.47285,0.47634
2024,baseball,2024-03-25,False,17.0,574164,Notre Dame,14,9,0.69604,0.61219,0.51827,0.60967
2024,baseball,2024-03-25,False,241.0,574165,Oakland,9,14,0.51724,0.39614,0.47722,0.44669
2024,baseball,2024-03-25,False,267.0,574167,Ohio,8,13,0.37949,0.42171,0.49466,0.42939
2024,baseball,2024-03-25,False,89.0,574166,Ohio St.,10,11,0.5463,0.52665,0.54516,0.53619
2024,baseball,2024-03-25,False,16.0,574169,Oklahoma,14,9,0.55652,0.6876,0.51786,0.61239
2024,baseball,2024-03-25,False,32.0,574168,Oklahoma St.,15,9,0.61111,0.60312,0.53261,0.58749
2024,baseball,2024-03-25,False,84.0,574170,Old Dominion,13,11,0.43333,0.60589,0.51209,0.5393
2024,baseball,2024-03-25,False,15.0,574132,Ole Miss,17,8,0.64602,0.65012,0.51471,0.61524
2024,baseball,2024-03-25,False,300.0,574144,Omaha,4,18,0.23469,0.3588,0.49228,0.36114
2024,baseball,2024-03-25,False,291.0,574171,Oral Roberts,9,15,0.2875,0.36105,0.52964,0.38481
2024,baseball,2024-03-25,False,67.0,574173,Oregon,15,7,0.62212,0.51823,0.57304,0.5579
2024,baseball,2024-03-25,False,4.0,574172,Oregon St.,21,2,0.91626,0.57355,0.55191,0.65382
2024,baseball,2024-03-25,False,277.0,574174,Pacific,5,18,0.19903,0.49221,0.45829,0.41043
2024,baseball,2024-03-25,False,129.0,574177,Penn,11,9,0.59412,0.47135,0.52027,0.51427
2024,baseball,2024-03-25,False,218.0,574176,Penn St.,12,9,0.56944,0.39776,0.49775,0.46568
2024,baseball,2024-03-25,False,284.0,574178,Pepperdine,7,17,0.23504,0.42562,0.49863,0.39623
2024,baseball,2024-03-25,False,107.0,574179,Pittsburgh,11,10,0.49537,0.52731,0.54795,0.52449
2024,baseball,2024-03-25,False,41.0,574180,Portland,13,8,0.68776,0.57179,0.49187,0.5808
2024,baseball,2024-03-25,False,192.0,574181,Prairie View,12,14,0.52174,0.4476,0.50886,0.48145
2024,baseball,2024-03-25,False,201.0,573980,Presbyterian,11,13,0.4135,0.50738,0.46868,0.47424
2024,baseball,2024-03-25,False,164.0,574182,Princeton,6,13,0.40491,0.54046,0.48973,0.49389
2024,baseball,2024-03-25,False,104.0,574183,Purdue,16,9,0.57872,0.49903,0.52598,0.52569
2024,baseball,2024-03-25,False,208.0,574091,Purdue Fort Wayne,9,16,0.47234,0.45212,0.50032,0.46923
2024,baseball,2024-03-25,False,225.0,574231,Queens (NC),5,19,0.20889,0.61048,0.41015,0.46
2024,baseball,2024-03-25,False,289.0,574184,Quinnipiac,5,15,0.30114,0.38541,0.48426,0.38905
2024,baseball,2024-03-25,False,238.0,574185,Radford,9,13,0.33158,0.48136,0.50101,0.44883
2024,baseball,2024-03-25,False,83.0,574186,Rhode Island,5,12,0.34307,0.66909,0.47652,0.53944
2024,baseball,2024-03-25,False,169.0,574187,Rice,9,15,0.32927,0.56104,0.51093,0.49057
2024,baseball,2024-03-25,False,293.0,574188,Richmond,9,14,0.28507,0.384,0.47125,0.38108
2024,baseball,2024-03-25,False,125.0,574189,Rider,5,14,0.39877,0.59536,0.47098,0.51512
2024,baseball,2024-03-25,False,37.0,574190,Rutgers,17,7,0.77642,0.50206,0.55464,0.5838
2024,baseball,2024-03-25,False,299.0,574222,SFA,3,22,0.09052,0.44798,0.46308,0.36239
2024,baseball,2024-03-25,False,286.0,574215,SIUE,7,17,0.26754,0.43075,0.45067,0.39493
2024,baseball,2024-03-25,False,245.0,574029,Sacramento St.,10,14,0.32479,0.48342,0.48774,0.44484
2024,baseball,2024-03-25,False,180.0,574191,Sacred Heart,10,11,0.59259,0.45179,0.45046,0.48666
2024,baseball,2024-03-25,False,231.0,574194,Saint Joseph's,9,12,0.42857,0.45754,0.46882,0.45312
2024,baseball,2024-03-25,False,97.0,574195,Saint Louis,16,6,0.70297,0.46558,0.48657,0.53018
2024,baseball,2024-03-25,False,136.0,574196,Saint Mary's (CA),12,9,0.6087,0.46114,0.5085,0.50987
2024,baseball,2024-03-25,False,285.0,574197,Saint Peter's,7,18,0.35426,0.40124,0.42637,0.39578
2024,baseball,2024-03-25,False,42.0,574198,Sam Houston,16,9,0.60426,0.59676,0.52146,0.57981
2024,baseball,2024-03-25,False,86.0,574199,Samford,16,7,0.7027,0.44751,0.55052,0.53706
2024,baseball,2024-03-25,False,56.0,574201,San Diego,12,10,0.58294,0.57498,0.51882,0.56293
2024,baseball,2024-03-25,False,246.0,574200,San Diego St.,6,16,0.23762,0.52121,0.49866,0.44468
2024,baseball,2024-03-25,False,216.0,574202,San Francisco,14,10,0.52252,0.42123,0.50401,0.46725
2024,baseball,2024-03-25,False,210.0,574203,San Jose St.,8,16,0.33333,0.54899,0.44409,0.46885
2024,baseball,2024-03-25,False,133.0,574204,Santa Clara,12,9,0.55385,0.47597,0.53995,0.51143
2024,baseball,2024-03-25,False,265.0,573981,Seattle U,7,16,0.31163,0.46395,0.48809,0.4319
2024,baseball,2024-03-25,False,139.0,574205,Seton Hall,14,10,0.59072,0.46357,0.50796,0.50646
2024,baseball,2024-03-25,False,296.0,574206,Siena,1,19,0.08904,0.45726,0.47901,0.37064
2024,baseball,2024-03-25,False,62.0,574207,South Alabama,14,10,0.52193,0.6024,0.51403,0.56019
2024,baseball,2024-03-25,False,10.0,574208,South Carolina,19,5,0.77083,0.60136,0.53245,0.6265
2024,baseball,2024-03-25,False,126.0,574209,South Dakota St.,11,12,0.61674,0.49191,0.4593,0.51497
2024,baseball,2024-03-25,False,90.0,574210,South Fla.,14,10,0.52252,0.5565,0.50881,0.53608
2024,baseball,2024-03-25,False,190.0,574211,Southeast Mo. St.,12,13,0.47431,0.48475,0.484,0.48195
2024,baseball,2024-03-25,False,76.0,574212,Southeastern La.,17,7,0.68468,0.47731,0.54062,0.54498
2024,baseball,2024-03-25,False,195.0,574213,Southern California,8,15,0.35983,0.52141,0.51941,0.48052
2024,baseball,2024-03-25,False,121.0,574214,Southern Ill.,17,7,0.6982,0.41876,0.53168,0.51685
2024,baseball,2024-03-25,False,214.0,574232,Southern Ind.,11,12,0.48416,0.45222,0.48276,0.46784
2024,baseball,2024-03-25,False,55.0,574216,Southern Miss.,15,9,0.58904,0.57082,0.52837,0.56476
2024,baseball,2024-03-25,False,275.0,574217,Southern U.,8,12,0.38835,0.39035,0.4973,0.41659
2024,baseball,2024-03-25,False,175.0,574192,St. Bonaventure,8,11,0.57459,0.46102,0.45898,0.4889
2024,baseball,2024-03-25,False,51.0,574193,St. John's (NY),16,5,0.79532,0.45933,0.55392,0.56698
2024,baseball,2024-03-25,False,150.0,573909,St. Thomas (MN),9,11,0.555,0.47618,0.48966,0.49925
2024,baseball,2024-03-25,False,221.0,574221,Stanford,9,11,0.41518,0.45406,0.53291,0.46405
2024,baseball,2024-03-25,False,153.0,574223,Stetson,16,9,0.57561,0.44342,0.5299,0.49809
2024,baseball,2024-03-25,False,264.0,574233,Stonehill,4,12,0.33766,0.46419,0.46373,0.43244
2024,baseball,2024-03-25,False,101.0,574224,Stony Brook,10,12,0.50962,0.56061,0.48487,0.52892
2024,baseball,2024-03-25,False,39.0,573914,TCU,17,7,0.68545,0.54679,0.55014,0.58229
2024,baseball,2024-03-25,False,152.0,573910,Tarleton St.,12,12,0.5,0.49394,0.50779,0.49892
2024,baseball,2024-03-25,False,14.0,574226,Tennessee,21,4,0.81122,0.54953,0.55085,0.61528
2024,baseball,2024-03-25,False,263.0,574225,Tennessee Tech,13,11,0.46396,0.37949,0.50995,0.43323
2024,baseball,2024-03-25,False,71.0,573918,Texas,15,9,0.53425,0.56235,0.54795,0.55172
2024,baseball,2024-03-25,False,6.0,573913,Texas A&M,21,3,0.86154,0.5521,0.57226,0.6345
2024,baseball,2024-03-25,False,151.0,573915,Texas Southern,7,15,0.40331,0.55715,0.47911,0.49918
2024,baseball,2024-03-25,False,78.0,574219,Texas St.,14,10,0.53419,0.55538,0.53339,0.54458
2024,baseball,2024-03-25,False,57.0,573916,Texas Tech,17,7,0.66204,0.52749,0.5332,0.56255
2024,baseball,2024-03-25,False,185.0,574042,The Citadel,14,8,0.56522,0.42463,0.52107,0.48389
2024,baseball,2024-03-25,False,183.0,573920,Toledo,10,13,0.54884,0.45468,0.48045,0.48466
2024,baseball,2024-03-25,False,280.0,573921,Towson,4,19,0.15736,0.5073,0.44661,0.40464
2024,baseball,2024-03-25,False,134.0,573922,Troy,16,9,0.64706,0.43113,0.53353,0.51071
2024,baseball,2024-03-25,False,91.0,573923,Tulane,15,9,0.58108,0.52892,0.50137,0.53507
2024,baseball,2024-03-25,False,156.0,573999,UAB,11,12,0.42986,0.52102,0.51453,0.49661
2024,baseball,2024-03-25,False,250.0,574000,UAlbany,1,15,0.11017,0.59374,0.46865,0.44157
2024,baseball,2024-03-25,False,88.0,574032,UC Davis,11,10,0.53439,0.57235,0.46755,0.53666
2024,baseball,2024-03-25,False,40.0,574033,UC Irvine,18,3,0.82812,0.48019,0.53718,0.58142
2024,baseball,2024-03-25,False,261.0,574035,UC Riverside,9,12,0.33333,0.45248,0.49569,0.4335
2024,baseball,2024-03-25,False,172.0,574229,UC San Diego,16,5,0.69006,0.36306,0.54292,0.48977
2024,baseball,2024-03-25,False,25.0,574030,UC Santa Barbara,13,7,0.72626,0.57619,0.50604,0.59617
2024,baseball,2024-03-25,False,7.0,574039,UCF,15,6,0.71429,0.64228,0.53559,0.63361
2024,baseball,2024-03-25,False,173.0,574034,UCLA,9,12,0.36207,0.5421,0.5119,0.48954
2024,baseball,2024-03-25,False,48.0,574046,UConn,9,13,0.53465,0.62191,0.52144,0.57498
2024,baseball,2024-03-25,False,80.0,574088,UIC,15,7,0.69231,0.48999,0.49825,0.54263
2024,baseball,2024-03-25,False,170.0,573984,UIW,14,8,0.58427,0.43155,0.51427,0.49041
2024,baseball,2024-03-25,False,161.0,574157,ULM,13,11,0.46748,0.50005,0.51056,0.49453
2024,baseball,2024-03-25,False,266.0,574117,UMBC,9,11,0.44118,0.41095,0.46174,0.4312
2024,baseball,2024-03-25,False,305.0,574119,UMES,0,19,0.0,0.42023,0.39371,0.30854
2024,baseball,2024-03-25,False,155.0,574111,UMass Lowell,7,13,0.46703,0.51881,0.48214,0.4967
2024,baseball,2024-03-25,False,242.0,574138,UNC Asheville,11,12,0.39086,0.446,0.50148,0.44609
2024,baseball,2024-03-25,False,86.0,574141,UNC Greensboro,13,10,0.53488,0.54512,0.52311,0.53706
2024,baseball,2024-03-25,False,116.0,574142,UNCW,14,10,0.53704,0.49967,0.5353,0.51792
2024,baseball,2024-03-25,False,171.0,574145,UNLV,13,10,0.57895,0.44059,0.50148,0.4904
2024,baseball,2024-03-25,False,103.0,573986,USC Upstate,15,10,0.52607,0.53432,0.51368,0.52709
2024,baseball,2024-03-25,False,189.0,573917,UT Arlington,10,14,0.41228,0.50036,0.51509,0.48202
2024,baseball,2024-03-25,False,288.0,574227,UT Martin,8,16,0.29825,0.3909,0.48746,0.39188
2024,baseball,2024-03-25,False,244.0,574175,UTRGV,12,10,0.46154,0.40483,0.50949,0.44517
2024,baseball,2024-03-25,False,137.0,573919,UTSA,12,12,0.44,0.54328,0.51148,0.50951
2024,baseball,2024-03-25,False,22.0,573947,Utah,16,7,0.74793,0.57566,0.50232,0.60039
2024,baseball,2024-03-25,False,237.0,573911,Utah Tech,7,17,0.29675,0.50215,0.50385,0.45122
2024,baseball,2024-03-25,False,206.0,573992,Utah Valley,11,13,0.49537,0.43744,0.51117,0.47036
2024,baseball,2024-03-25,False,92.0,573951,VCU,16,8,0.6715,0.47583,0.51681,0.53499
2024,baseball,2024-03-25,False,163.0,573952,VMI,12,13,0.47085,0.52153,0.46209,0.494
2024,baseball,2024-03-25,False,105.0,573948,Valparaiso,8,14,0.49246,0.57776,0.4546,0.52564
2024,baseball,2024-03-25,False,21.0,573949,Vanderbilt,19,6,0.70732,0.58952,0.52049,0.60171
2024,baseball,2024-03-25,False,205.0,573950,Villanova,7,14,0.4596,0.48716,0.45218,0.47153
2024,baseball,2024-03-25,False,11.0,573954,Virginia,20,4,0.81735,0.57091,0.53433,0.62338
2024,baseball,2024-03-25,False,12.0,573953,Virginia Tech,18,4,0.83654,0.53397,0.56277,0.61681
2024,baseball,2024-03-25,False,130.0,573955,Wagner,10,14,0.50505,0.54154,0.46263,0.51269
2024,baseball,2024-03-25,False,23.0,573956,Wake Forest,16,7,0.64921,0.62005,0.50471,0.59851
2024,baseball,2024-03-25,False,106.0,573958,Washington,6,11,0.37725,0.61688,0.48781,0.5247
2024,baseball,2024-03-25,False,95.0,573957,Washington St.,15,8,0.64679,0.4596,0.55604,0.53051
2024,baseball,2024-03-25,False,60.0,573959,West Virginia,14,10,0.62869,0.54635,0.52406,0.56137
2024,baseball,2024-03-25,False,167.0,573960,Western Caro.,11,11,0.44724,0.50181,0.51834,0.4923
2024,baseball,2024-03-25,False,220.0,573961,Western Ill.,6,15,0.35484,0.52154,0.45907,0.46424
2024,baseball,2024-03-25,False,186.0,573962,Western Ky.,16,9,0.56432,0.42196,0.52398,0.48305
2024,baseball,2024-03-25,False,217.0,573963,Western Mich.,10,12,0.49558,0.42819,0.51163,0.46589
2024,baseball,2024-03-25,False,59.0,573964,Wichita St.,15,8,0.63303,0.54939,0.51558,0.56185
2024,baseball,2024-03-25,False,168.0,573965,William & Mary,17,7,0.63426,0.42084,0.49117,0.49178
2024,baseball,2024-03-25,False,222.0,573966,Winthrop,10,12,0.39423,0.47325,0.51013,0.46271
2024,baseball,2024-03-25,False,68.0,573985,Wofford,16,5,0.74214,0.47991,0.52899,0.55774
2024,baseball,2024-03-25,False,148.0,573968,Wright St.,13,10,0.62896,0.40843,0.55573,0.50039
2024,baseball,2024-03-25,False,35.0,573969,Xavier,11,13,0.52193,0.65653,0.51187,0.58672
2024,baseball,2024-03-25,False,292.0,573970,Yale,4,13,0.26846,0.38898,0.48168,0.38203
2024,baseball,2024-03-25,False,278.0,573971,Youngstown St.,3,19,0.14674,0.49582,0.48965,0.407
2024,baseball,2024-04-01,False,177.0,573989,A&M-Corpus Christi,13,19,0.3791,0.53294,0.50489,0.48747
2024,baseball,2024-04-01,False,126.0,573995,Abilene Christian,17,11,0.60755,0.47436,0.50579,0.51552
2024,baseball,2024-04-01,False,101.0,573924,Air Force,11,16,0.48945,0.56219,0.49046,0.52607
2024,baseball,2024-04-01,False,275.0,573912,Akron,5,21,0.21116,0.48704,0.49115,0.4191
2024,baseball,2024-04-01,False,16.0,573998,Alabama,21,7,0.72414,0.58739,0.52803,0.60674
2024,baseball,2024-04-01,False,299.0,573996,Alabama A&M,3,23,0.13983,0.44858,0.44987,0.37171
2024,baseball,2024-04-01,False,268.0,573997,Alabama St.,13,12,0.48438,0.36732,0.49953,0.42964
2024,baseball,2024-04-01,False,301.0,574001,Alcorn,2,19,0.12745,0.45374,0.42656,0.36537
2024,baseball,2024-04-01,False,67.0,574002,App State,17,8,0.71429,0.48258,0.52172,0.55029
2024,baseball,2024-04-01,False,73.0,574004,Arizona,13,13,0.49372,0.58539,0.52196,0.54662
2024,baseball,2024-04-01,False,77.0,574003,Arizona St.,14,14,0.45018,0.60809,0.51125,0.5444
2024,baseball,2024-04-01,False,302.0,573982,Ark.-Pine Bluff,11,17,0.28731,0.3232,0.4838,0.35438
2024,baseball,2024-04-01,False,3.0,574006,Arkansas,23,3,0.85646,0.60173,0.56016,0.65502
2024,baseball,2024-04-01,False,218.0,574005,Arkansas St.,16,14,0.5037,0.42925,0.51052,0.46818
2024,baseball,2024-04-01,False,154.0,573925,Army West Point,14,13,0.57246,0.46971,0.47542,0.49683
2024,baseball,2024-04-01,False,39.0,574008,Auburn,16,11,0.54386,0.62431,0.52192,0.5786
2024,baseball,2024-04-01,False,173.0,574009,Austin Peay,16,11,0.61303,0.40168,0.536,0.4881
2024,baseball,2024-04-01,False,137.0,574018,BYU,11,14,0.45082,0.52141,0.53595,0.5074
2024,baseball,2024-04-01,False,143.0,574010,Ball St.,17,12,0.59044,0.46711,0.48464,0.50232
2024,baseball,2024-04-01,False,163.0,574012,Baylor,10,17,0.30159,0.58012,0.51226,0.49352
2024,baseball,2024-04-01,False,293.0,574228,Bellarmine,4,23,0.14719,0.46634,0.47201,0.38797
2024,baseball,2024-04-01,False,79.0,573987,Belmont,15,13,0.51399,0.57342,0.51564,0.54412
2024,baseball,2024-04-01,False,252.0,574013,Bethune-Cookman,15,11,0.50826,0.37022,0.51906,0.44194
2024,baseball,2024-04-01,False,153.0,574014,Binghamton,11,13,0.5446,0.46358,0.51687,0.49716
2024,baseball,2024-04-01,False,35.0,574015,Boston College,15,11,0.62989,0.58697,0.51586,0.57992
2024,baseball,2024-04-01,False,83.0,574016,Bowling Green,12,10,0.66346,0.49547,0.50977,0.54104
2024,baseball,2024-04-01,False,205.0,574017,Bradley,9,16,0.47727,0.47587,0.47344,0.47561
2024,baseball,2024-04-01,False,250.0,574019,Brown,7,14,0.42289,0.44509,0.4561,0.44229
2024,baseball,2024-04-01,False,174.0,574020,Bryant,15,10,0.59447,0.43885,0.48008,0.48806
2024,baseball,2024-04-01,False,267.0,574021,Bucknell,10,17,0.36214,0.45203,0.45944,0.43141
2024,baseball,2024-04-01,False,157.0,574022,Butler,12,14,0.5019,0.4965,0.48745,0.49559
2024,baseball,2024-04-01,False,269.0,574024,CSU Bakersfield,7,20,0.18992,0.53171,0.4635,0.42921
2024,baseball,2024-04-01,False,62.0,574028,CSUN,16,11,0.62745,0.53691,0.5057,0.55174
2024,baseball,2024-04-01,False,117.0,574023,Cal Poly,14,11,0.48035,0.52285,0.54649,0.51814
2024,baseball,2024-04-01,False,171.0,574026,Cal St. Fullerton,9,17,0.32661,0.58229,0.46299,0.48855
2024,baseball,2024-04-01,False,61.0,574031,California,15,10,0.57477,0.54982,0.53563,0.55251
2024,baseball,2024-04-01,False,148.0,573994,California Baptist,17,11,0.5477,0.46431,0.52262,0.49973
2024,baseball,2024-04-01,False,59.0,574036,Campbell,19,8,0.66245,0.51385,0.53462,0.55619
2024,baseball,2024-04-01,False,195.0,574037,Canisius,7,15,0.42079,0.51474,0.46261,0.47822
2024,baseball,2024-04-01,False,190.0,573972,Central Ark.,12,15,0.40659,0.50757,0.49825,0.48
2024,baseball,2024-04-01,False,295.0,574038,Central Conn. St.,6,12,0.34483,0.37483,0.44619,0.38517
2024,baseball,2024-04-01,False,280.0,574040,Central Mich.,8,20,0.35246,0.41496,0.48753,0.41748
2024,baseball,2024-04-01,False,155.0,574011,Charleston So.,12,16,0.38571,0.57272,0.45581,0.49674
2024,baseball,2024-04-01,False,96.0,574140,Charlotte,13,15,0.38007,0.61199,0.50789,0.52798
2024,baseball,2024-04-01,False,94.0,574041,Cincinnati,16,13,0.57588,0.52038,0.50655,0.5308
2024,baseball,2024-04-01,False,1.0,574043,Clemson,24,3,0.88,0.64995,0.55899,0.68472
2024,baseball,2024-04-01,False,20.0,574044,Coastal Carolina,20,7,0.70222,0.58699,0.5313,0.60187
2024,baseball,2024-04-01,False,102.0,573974,Col. of Charleston,17,9,0.56299,0.50798,0.52416,0.52578
2024,baseball,2024-04-01,False,170.0,574045,Columbia,10,12,0.42169,0.51288,0.51136,0.4897
2024,baseball,2024-04-01,False,303.0,574047,Coppin St.,5,16,0.18519,0.36879,0.43598,0.33969
2024,baseball,2024-04-01,False,216.0,574048,Cornell,6,11,0.43796,0.46239,0.51682,0.46989
2024,baseball,2024-04-01,False,34.0,574049,Creighton,20,4,0.82083,0.50122,0.49647,0.57994
2024,baseball,2024-04-01,False,17.0,573975,DBU,23,4,0.82083,0.53284,0.53334,0.60497
2024,baseball,2024-04-01,False,244.0,574050,Dartmouth,6,12,0.48148,0.42563,0.45358,0.44658
2024,baseball,2024-04-01,False,248.0,574051,Davidson,13,14,0.41085,0.44281,0.48015,0.44416
2024,baseball,2024-04-01,False,141.0,574052,Dayton,17,11,0.6374,0.43842,0.50741,0.50541
2024,baseball,2024-04-01,False,145.0,574054,Delaware,13,13,0.47842,0.52737,0.47077,0.50098
2024,baseball,2024-04-01,False,289.0,574053,Delaware St.,7,16,0.33054,0.4172,0.41763,0.39564
2024,baseball,2024-04-01,False,22.0,574055,Duke,20,8,0.66406,0.5933,0.54986,0.60013
2024,baseball,2024-04-01,False,100.0,574057,ETSU,17,9,0.61161,0.47763,0.53749,0.52609
2024,baseball,2024-04-01,False,13.0,574056,East Carolina,20,6,0.78855,0.57929,0.53049,0.6194
2024,baseball,2024-04-01,False,271.0,574058,Eastern Ill.,6,18,0.27778,0.48118,0.46839,0.42713
2024,baseball,2024-04-01,False,256.0,574059,Eastern Ky.,8,21,0.23208,0.51803,0.49333,0.44037
2024,baseball,2024-04-01,False,203.0,574060,Eastern Mich.,11,15,0.4913,0.45536,0.50274,0.47619
2024,baseball,2024-04-01,False,200.0,573976,Elon,11,16,0.341,0.53664,0.49253,0.4767
2024,baseball,2024-04-01,False,187.0,574061,Evansville,11,16,0.40562,0.51858,0.48465,0.48186
2024,baseball,2024-04-01,False,262.0,574063,FDU,11,14,0.43415,0.41873,0.46691,0.43463
2024,baseball,2024-04-01,False,172.0,573991,FGCU,12,14,0.45188,0.48722,0.52678,0.48828
2024,baseball,2024-04-01,False,124.0,574066,FIU,15,13,0.45703,0.56421,0.48127,0.51668
2024,baseball,2024-04-01,False,255.0,574062,Fairfield,10,15,0.43318,0.41157,0.50844,0.44119
2024,baseball,2024-04-01,False,103.0,574065,Fla. Atlantic,16,9,0.59908,0.48194,0.5372,0.52504
2024,baseball,2024-04-01,False,18.0,574068,Florida,16,11,0.53788,0.68295,0.51382,0.6044
2024,baseball,2024-04-01,False,212.0,574064,Florida A&M,12,16,0.41343,0.50578,0.46104,0.47151
2024,baseball,2024-04-01,False,2.0,574067,Florida St.,22,4,0.83962,0.62986,0.53451,0.65847
2024,baseball,2024-04-01,False,194.0,574069,Fordham,9,18,0.36364,0.54104,0.46751,0.4783
2024,baseball,2024-04-01,False,135.0,574025,Fresno St.,19,8,0.69349,0.40482,0.53324,0.50909
2024,baseball,2024-04-01,False,57.0,574073,Ga. Southern,14,13,0.48485,0.61345,0.51947,0.55781
2024,baseball,2024-04-01,False,250.0,573977,Gardner-Webb,9,17,0.27823,0.49996,0.49101,0.44229
2024,baseball,2024-04-01,False,243.0,574070,George Mason,13,14,0.4329,0.43547,0.48465,0.44712
2024,baseball,2024-04-01,False,201.0,574071,George Washington,18,10,0.57252,0.40969,0.51456,0.47662
2024,baseball,2024-04-01,False,54.0,574072,Georgetown,19,8,0.72691,0.4981,0.51087,0.5585
2024,baseball,2024-04-01,False,5.0,574076,Georgia,22,6,0.78182,0.62554,0.51216,0.63626
2024,baseball,2024-04-01,False,56.0,574074,Georgia St.,15,12,0.52128,0.59227,0.52573,0.55788
2024,baseball,2024-04-01,False,81.0,574075,Georgia Tech,16,10,0.55794,0.53828,0.53835,0.54321
2024,baseball,2024-04-01,False,220.0,574077,Gonzaga,7,16,0.34078,0.52128,0.48732,0.46767
2024,baseball,2024-04-01,False,210.0,574078,Grambling,11,15,0.47881,0.46536,0.47857,0.47203
2024,baseball,2024-04-01,False,93.0,573978,Grand Canyon,15,11,0.55263,0.53857,0.50006,0.53246
2024,baseball,2024-04-01,False,279.0,574080,Harvard,4,16,0.24855,0.4793,0.4628,0.41749
2024,baseball,2024-04-01,False,115.0,574081,Hawaii,15,10,0.49798,0.5175,0.5407,0.51842
2024,baseball,2024-04-01,False,156.0,573988,High Point,14,14,0.44275,0.5122,0.51612,0.49582
2024,baseball,2024-04-01,False,167.0,574082,Hofstra,10,17,0.41152,0.53884,0.47441,0.4909
2024,baseball,2024-04-01,False,181.0,574083,Holy Cross,12,15,0.55128,0.4522,0.48575,0.48536
2024,baseball,2024-04-01,False,70.0,574085,Houston,15,12,0.5,0.58819,0.51553,0.54798
2024,baseball,2024-04-01,False,211.0,574084,Houston Christian,9,18,0.325,0.54771,0.46762,0.47201
2024,baseball,2024-04-01,False,89.0,574087,Illinois,14,12,0.55066,0.53635,0.52185,0.5363
2024,baseball,2024-04-01,False,113.0,574086,Illinois St.,14,11,0.62891,0.47837,0.48991,0.51889
2024,baseball,2024-04-01,False,105.0,574090,Indiana,15,14,0.46552,0.56106,0.51147,0.52478
2024,baseball,2024-04-01,False,15.0,574089,Indiana St.,21,5,0.83468,0.53909,0.54732,0.61505
2024,baseball,2024-04-01,False,281.0,574092,Iona,4,21,0.20725,0.50553,0.43797,0.41407
2024,baseball,2024-04-01,False,88.0,574093,Iowa,15,11,0.58696,0.51477,0.53045,0.53674
2024,baseball,2024-04-01,False,159.0,574094,Jackson St.,19,8,0.7094,0.38427,0.50267,0.49515
2024,baseball,2024-04-01,False,168.0,574096,Jacksonville,13,14,0.4552,0.49436,0.51926,0.49079
2024,baseball,2024-04-01,False,182.0,574095,Jacksonville St.,9,18,0.31034,0.57189,0.48273,0.48422
2024,baseball,2024-04-01,False,33.0,574097,James Madison,16,12,0.58197,0.63177,0.50154,0.58676
2024,baseball,2024-04-01,False,52.0,574099,Kansas,15,10,0.57085,0.56472,0.54465,0.56124
2024,baseball,2024-04-01,False,36.0,574098,Kansas St.,18,8,0.65272,0.564,0.53763,0.57959
2024,baseball,2024-04-01,False,42.0,573979,Kennesaw St.,15,11,0.61154,0.58551,0.50998,0.57314
2024,baseball,2024-04-01,False,208.0,574100,Kent St.,12,14,0.52294,0.44331,0.48553,0.47377
2024,baseball,2024-04-01,False,9.0,574101,Kentucky,24,4,0.84133,0.56068,0.55223,0.62873
2024,baseball,2024-04-01,False,276.0,574106,LIU,8,16,0.38542,0.41038,0.46996,0.41904
2024,baseball,2024-04-01,False,249.0,574112,LMU (CA),12,15,0.4321,0.42535,0.48953,0.44308
2024,baseball,2024-04-01,False,32.0,574108,LSU,20,9,0.65748,0.57226,0.54982,0.58796
2024,baseball,2024-04-01,False,217.0,574102,Lafayette,6,21,0.27397,0.57804,0.44435,0.4686
2024,baseball,2024-04-01,False,51.0,574103,Lamar University,22,5,0.8373,0.43777,0.53929,0.56303
2024,baseball,2024-04-01,False,272.0,574412,Le Moyne,10,13,0.52217,0.36063,0.46037,0.42595
2024,baseball,2024-04-01,False,222.0,574104,Lehigh,16,10,0.65399,0.34606,0.51113,0.46431
2024,baseball,2024-04-01,False,160.0,574105,Liberty,13,14,0.42745,0.51632,0.51906,0.49479
2024,baseball,2024-04-01,False,277.0,574230,Lindenwood,7,19,0.27982,0.45689,0.47746,0.41776
2024,baseball,2024-04-01,False,209.0,573990,Lipscomb,7,19,0.29435,0.55137,0.49309,0.47255
2024,baseball,2024-04-01,False,121.0,574007,Little Rock,15,13,0.51527,0.52499,0.50507,0.51758
2024,baseball,2024-04-01,False,214.0,574027,Long Beach St.,14,10,0.57292,0.38976,0.5289,0.47033
2024,baseball,2024-04-01,False,166.0,574107,Longwood,13,15,0.48319,0.48875,0.50307,0.49094
2024,baseball,2024-04-01,False,46.0,574220,Louisiana,20,8,0.6787,0.53532,0.52321,0.56814
2024,baseball,2024-04-01,False,69.0,574109,Louisiana Tech,22,8,0.69349,0.47788,0.5436,0.54821
2024,baseball,2024-04-01,False,118.0,574110,Louisville,17,11,0.53689,0.49537,0.54392,0.51789
2024,baseball,2024-04-01,False,278.0,574113,Maine,5,18,0.28866,0.44614,0.48903,0.4175
2024,baseball,2024-04-01,False,258.0,574114,Manhattan,9,17,0.45868,0.39582,0.50529,0.4389
2024,baseball,2024-04-01,False,253.0,574115,Marist,7,19,0.37603,0.46111,0.46901,0.44182
2024,baseball,2024-04-01,False,193.0,574116,Marshall,9,18,0.31579,0.55593,0.48777,0.47885
2024,baseball,2024-04-01,False,31.0,574118,Maryland,20,8,0.75746,0.52899,0.54065,0.58902
2024,baseball,2024-04-01,False,185.0,574120,Massachusetts,8,14,0.47867,0.48727,0.47649,0.48242
2024,baseball,2024-04-01,False,92.0,574121,McNeese,13,12,0.47465,0.56486,0.5273,0.53292
2024,baseball,2024-04-01,False,188.0,574122,Memphis,13,17,0.39931,0.51429,0.49615,0.48101
2024,baseball,2024-04-01,False,114.0,574123,Mercer,15,11,0.52119,0.52507,0.50318,0.51862
2024,baseball,2024-04-01,False,287.0,573973,Merrimack,8,17,0.36364,0.38527,0.46551,0.39992
2024,baseball,2024-04-01,False,49.0,574125,Miami (FL),15,12,0.45882,0.62794,0.54136,0.56402
2024,baseball,2024-04-01,False,228.0,574124,Miami (OH),12,14,0.44882,0.44826,0.49278,0.45953
2024,baseball,2024-04-01,False,110.0,574127,Michigan,11,17,0.39925,0.59318,0.49979,0.52135
2024,baseball,2024-04-01,False,122.0,574126,Michigan St.,12,14,0.44358,0.56388,0.49805,0.51734
2024,baseball,2024-04-01,False,260.0,574128,Middle Tenn.,10,16,0.34559,0.45351,0.49123,0.43596
2024,baseball,2024-04-01,False,266.0,573967,Milwaukee,4,20,0.21505,0.54949,0.41564,0.43242
2024,baseball,2024-04-01,False,140.0,574129,Minnesota,11,12,0.57143,0.47621,0.50145,0.50632
2024,baseball,2024-04-01,False,47.0,574130,Mississippi St.,19,10,0.60385,0.56881,0.52938,0.56771
2024,baseball,2024-04-01,False,261.0,574131,Mississippi Val.,8,16,0.30833,0.51921,0.39631,0.43577
2024,baseball,2024-04-01,False,111.0,574133,Missouri,10,18,0.35793,0.6167,0.48705,0.5196
2024,baseball,2024-04-01,False,80.0,574218,Missouri St.,10,15,0.47773,0.59754,0.50353,0.54409
2024,baseball,2024-04-01,False,238.0,574134,Monmouth,7,15,0.38043,0.47879,0.47274,0.45269
2024,baseball,2024-04-01,False,127.0,574135,Morehead St.,16,12,0.60156,0.47808,0.50037,0.51452
2024,baseball,2024-04-01,False,292.0,574136,Mount St. Mary's,5,19,0.25877,0.41905,0.45669,0.38839
2024,baseball,2024-04-01,False,60.0,574137,Murray St.,18,9,0.66667,0.52631,0.50191,0.5553
2024,baseball,2024-04-01,False,136.0,574154,N.C. A&T,17,10,0.60078,0.47042,0.49133,0.50824
2024,baseball,2024-04-01,False,26.0,574155,NC State,18,7,0.67317,0.58093,0.54507,0.59503
2024,baseball,2024-04-01,False,207.0,574160,NIU,10,18,0.49609,0.45189,0.49716,0.47426
2024,baseball,2024-04-01,False,229.0,574147,NJIT,10,16,0.4876,0.41646,0.51612,0.45916
2024,baseball,2024-04-01,False,242.0,573946,Navy,17,11,0.57196,0.35078,0.517,0.44763
2024,baseball,2024-04-01,False,10.0,574143,Nebraska,20,5,0.812,0.58187,0.53492,0.62766
2024,baseball,2024-04-01,False,146.0,574146,Nevada,13,12,0.56596,0.47045,0.49368,0.50014
2024,baseball,2024-04-01,False,198.0,574149,New Mexico,16,11,0.54618,0.42533,0.51253,0.47734
2024,baseball,2024-04-01,False,196.0,574148,New Mexico St.,11,16,0.379,0.51162,0.51033,0.47814
2024,baseball,2024-04-01,False,87.0,574150,New Orleans,16,11,0.53968,0.54566,0.51692,0.53698
2024,baseball,2024-04-01,False,152.0,574151,Niagara,18,7,0.81081,0.33309,0.51615,0.49828
2024,baseball,2024-04-01,False,68.0,574152,Nicholls,20,10,0.62547,0.53348,0.50591,0.54958
2024,baseball,2024-04-01,False,305.0,574153,Norfolk St.,7,20,0.23024,0.26283,0.44612,0.30051
2024,baseball,2024-04-01,False,273.0,573993,North Ala.,9,17,0.28346,0.45402,0.50993,0.42536
2024,baseball,2024-04-01,False,4.0,574139,North Carolina,25,4,0.86864,0.59822,0.54149,0.65164
2024,baseball,2024-04-01,False,138.0,574156,North Dakota St.,7,16,0.44828,0.5512,0.47817,0.50721
2024,baseball,2024-04-01,False,225.0,573983,North Florida,14,12,0.50394,0.42034,0.50081,0.46135
2024,baseball,2024-04-01,False,41.0,574158,Northeastern,21,6,0.83908,0.46073,0.54239,0.57573
2024,baseball,2024-04-01,False,274.0,574159,Northern Colo.,5,22,0.1982,0.49366,0.49212,0.41941
2024,baseball,2024-04-01,False,139.0,574161,Northern Ky.,18,9,0.70886,0.39624,0.52697,0.50708
2024,baseball,2024-04-01,False,82.0,574163,Northwestern,10,15,0.49012,0.58552,0.51136,0.54313
2024,baseball,2024-04-01,False,175.0,574162,Northwestern St.,9,19,0.30224,0.58114,0.48726,0.48794
2024,baseball,2024-04-01,False,28.0,574164,Notre Dame,14,12,0.6371,0.60174,0.52435,0.59123
2024,baseball,2024-04-01,False,204.0,574165,Oakland,12,15,0.57831,0.43051,0.46425,0.4759
2024,baseball,2024-04-01,False,270.0,574167,Ohio,8,16,0.34259,0.44451,0.48386,0.42887
2024,baseball,2024-04-01,False,71.0,574166,Ohio St.,12,12,0.54321,0.55507,0.53752,0.54772
2024,baseball,2024-04-01,False,29.0,574169,Oklahoma,15,12,0.48913,0.68275,0.50599,0.59015
2024,baseball,2024-04-01,False,25.0,574168,Oklahoma St.,18,10,0.65267,0.59843,0.53276,0.59557
2024,baseball,2024-04-01,False,64.0,574170,Old Dominion,15,12,0.44304,0.62302,0.51601,0.55127
2024,baseball,2024-04-01,False,23.0,574132,Ole Miss,18,11,0.5625,0.65445,0.517,0.5971
2024,baseball,2024-04-01,False,298.0,574144,Omaha,6,19,0.26906,0.37963,0.47264,0.37524
2024,baseball,2024-04-01,False,297.0,574171,Oral Roberts,10,18,0.29927,0.35847,0.50921,0.38136
2024,baseball,2024-04-01,False,63.0,574173,Oregon,19,7,0.66531,0.49192,0.55641,0.55139
2024,baseball,2024-04-01,False,8.0,574172,Oregon St.,21,4,0.85714,0.55735,0.54345,0.62882
2024,baseball,2024-04-01,False,286.0,574174,Pacific,5,22,0.15891,0.48665,0.46989,0.40052
2024,baseball,2024-04-01,False,180.0,574177,Penn,11,13,0.4951,0.47045,0.50555,0.48539
2024,baseball,2024-04-01,False,215.0,574176,Penn St.,13,12,0.53279,0.41726,0.5132,0.47013
2024,baseball,2024-04-01,False,291.0,574178,Pepperdine,8,19,0.26054,0.40408,0.50025,0.39224
2024,baseball,2024-04-01,False,90.0,574179,Pittsburgh,12,13,0.48,0.56783,0.5293,0.53624
2024,baseball,2024-04-01,False,40.0,574180,Portland,17,8,0.72075,0.54553,0.49995,0.57794
2024,baseball,2024-04-01,False,233.0,574181,Prairie View,13,18,0.46863,0.43552,0.49101,0.45767
2024,baseball,2024-04-01,False,219.0,573980,Presbyterian,13,15,0.44765,0.47461,0.47478,0.46791
2024,baseball,2024-04-01,False,179.0,574182,Princeton,7,15,0.37245,0.54763,0.47809,0.48645
2024,baseball,2024-04-01,False,109.0,574183,Purdue,17,12,0.5539,0.50979,0.51283,0.52158
2024,baseball,2024-04-01,False,241.0,574091,Purdue Fort Wayne,10,18,0.47328,0.40119,0.51882,0.44862
2024,baseball,2024-04-01,False,230.0,574231,Queens (NC),7,20,0.24206,0.58223,0.42951,0.45901
2024,baseball,2024-04-01,False,294.0,574184,Quinnipiac,6,18,0.29412,0.38236,0.48736,0.38655
2024,baseball,2024-04-01,False,259.0,574185,Radford,9,17,0.28899,0.47875,0.50634,0.43821
2024,baseball,2024-04-01,False,128.0,574186,Rhode Island,5,16,0.28485,0.6589,0.45452,0.51429
2024,baseball,2024-04-01,False,206.0,574187,Rice,9,19,0.29562,0.53716,0.52868,0.47465
2024,baseball,2024-04-01,False,282.0,574188,Richmond,11,16,0.30196,0.44166,0.46906,0.41358
2024,baseball,2024-04-01,False,129.0,574189,Rider,9,14,0.48691,0.54693,0.47555,0.51408
2024,baseball,2024-04-01,False,43.0,574190,Rutgers,19,9,0.75357,0.49058,0.54962,0.57109
2024,baseball,2024-04-01,False,296.0,574222,SFA,4,25,0.10294,0.47803,0.47779,0.3842
2024,baseball,2024-04-01,False,283.0,574215,SIUE,9,19,0.32463,0.42683,0.45715,0.40886
2024,baseball,2024-04-01,False,239.0,574029,Sacramento St.,11,17,0.33209,0.49011,0.49031,0.45065
2024,baseball,2024-04-01,False,151.0,574191,Sacred Heart,13,12,0.59641,0.47505,0.44741,0.49848
2024,baseball,2024-04-01,False,247.0,574194,Saint Joseph's,10,15,0.42152,0.44203,0.47378,0.44484
2024,baseball,2024-04-01,False,97.0,574195,Saint Louis,19,6,0.73094,0.43445,0.50907,0.52723
2024,baseball,2024-04-01,False,144.0,574196,Saint Mary's (CA),15,10,0.60996,0.43552,0.52435,0.50134
2024,baseball,2024-04-01,False,300.0,574197,Saint Peter's,7,22,0.31474,0.36225,0.4423,0.37039
2024,baseball,2024-04-01,False,66.0,574198,Sam Houston,17,12,0.56654,0.55672,0.52303,0.55075
2024,baseball,2024-04-01,False,104.0,574199,Samford,18,9,0.64,0.45671,0.54576,0.5248
2024,baseball,2024-04-01,False,48.0,574201,San Diego,16,10,0.65759,0.53829,0.52784,0.5655
2024,baseball,2024-04-01,False,227.0,574200,San Diego St.,8,17,0.27074,0.53761,0.49414,0.46003
2024,baseball,2024-04-01,False,226.0,574202,San Francisco,15,13,0.4708,0.44445,0.48201,0.46043
2024,baseball,2024-04-01,False,235.0,574203,San Jose St.,8,19,0.29719,0.53243,0.45915,0.4553
2024,baseball,2024-04-01,False,85.0,574204,Santa Clara,15,10,0.60996,0.51233,0.52918,0.54095
2024,baseball,2024-04-01,False,264.0,573981,Seattle U,7,20,0.27572,0.49203,0.47512,0.43372
2024,baseball,2024-04-01,False,134.0,574205,Seton Hall,16,12,0.59928,0.46659,0.50765,0.51003
2024,baseball,2024-04-01,False,284.0,574206,Siena,5,19,0.26111,0.43778,0.48591,0.40564
2024,baseball,2024-04-01,False,58.0,574207,South Alabama,16,12,0.53053,0.5842,0.52605,0.55625
2024,baseball,2024-04-01,False,11.0,574208,South Carolina,21,7,0.74336,0.6155,0.53332,0.62692
2024,baseball,2024-04-01,False,213.0,574209,South Dakota St.,11,15,0.54475,0.43607,0.46734,0.47106
2024,baseball,2024-04-01,False,99.0,574210,South Fla.,16,12,0.54198,0.52011,0.52599,0.52705
2024,baseball,2024-04-01,False,202.0,574211,Southeast Mo. St.,14,14,0.47857,0.47012,0.48707,0.47647
2024,baseball,2024-04-01,False,123.0,574212,Southeastern La.,18,10,0.60687,0.46407,0.53209,0.51677
2024,baseball,2024-04-01,False,119.0,574213,Southern California,11,15,0.41154,0.57044,0.51847,0.51772
2024,baseball,2024-04-01,False,149.0,574214,Southern Ill.,18,10,0.64122,0.41924,0.51824,0.49949
2024,baseball,2024-04-01,False,178.0,574232,Southern Ind.,12,15,0.47059,0.49783,0.48188,0.48703
2024,baseball,2024-04-01,False,50.0,574216,Southern Miss.,18,10,0.59289,0.56484,0.53324,0.56395
2024,baseball,2024-04-01,False,245.0,574217,Southern U.,11,13,0.43162,0.43512,0.48277,0.44616
2024,baseball,2024-04-01,False,231.0,574192,St. Bonaventure,8,15,0.48372,0.45122,0.44917,0.45883
2024,baseball,2024-04-01,False,44.0,574193,St. John's (NY),19,5,0.82051,0.45812,0.54232,0.56977
2024,baseball,2024-04-01,False,142.0,573909,St. Thomas (MN),9,11,0.555,0.48697,0.48626,0.5038
2024,baseball,2024-04-01,False,169.0,574221,Stanford,11,13,0.43798,0.49638,0.53189,0.49066
2024,baseball,2024-04-01,False,112.0,574223,Stetson,19,9,0.64344,0.45305,0.52691,0.51911
2024,baseball,2024-04-01,False,223.0,574233,Stonehill,7,13,0.43814,0.4801,0.45381,0.46304
2024,baseball,2024-04-01,False,132.0,574224,Stony Brook,12,15,0.45977,0.5493,0.48778,0.51153
2024,baseball,2024-04-01,False,24.0,573914,TCU,20,7,0.71368,0.55857,0.55546,0.59657
2024,baseball,2024-04-01,False,158.0,573910,Tarleton St.,15,13,0.54851,0.4676,0.49838,0.49552
2024,baseball,2024-04-01,False,12.0,574226,Tennessee,24,5,0.78261,0.58236,0.54811,0.62386
2024,baseball,2024-04-01,False,236.0,574225,Tennessee Tech,16,12,0.496,0.39856,0.52146,0.45365
2024,baseball,2024-04-01,False,53.0,573918,Texas,17,11,0.53962,0.58349,0.53655,0.56079
2024,baseball,2024-04-01,False,6.0,573913,Texas A&M,25,3,0.87892,0.54002,0.56813,0.63178
2024,baseball,2024-04-01,False,197.0,573915,Texas Southern,8,17,0.37383,0.53037,0.47606,0.47766
2024,baseball,2024-04-01,False,98.0,574219,Texas St.,15,13,0.47143,0.55606,0.52482,0.52709
2024,baseball,2024-04-01,False,55.0,573916,Texas Tech,19,9,0.652,0.52038,0.53986,0.55815
2024,baseball,2024-04-01,False,237.0,574042,The Citadel,15,11,0.48261,0.40806,0.51445,0.45329
2024,baseball,2024-04-01,False,189.0,573920,Toledo,13,14,0.55823,0.43586,0.4917,0.48041
2024,baseball,2024-04-01,False,265.0,573921,Towson,7,20,0.24473,0.51129,0.46601,0.43333
2024,baseball,2024-04-01,False,107.0,573922,Troy,18,11,0.63971,0.46058,0.52827,0.52228
2024,baseball,2024-04-01,False,130.0,573923,Tulane,15,13,0.48134,0.53838,0.49677,0.51372
2024,baseball,2024-04-01,False,161.0,573999,UAB,12,15,0.40964,0.5274,0.51288,0.49433
2024,baseball,2024-04-01,False,263.0,574000,UAlbany,3,16,0.18621,0.53318,0.48459,0.43429
2024,baseball,2024-04-01,False,83.0,574032,UC Davis,14,12,0.55652,0.56329,0.48107,0.54104
2024,baseball,2024-04-01,False,19.0,574033,UC Irvine,22,3,0.86475,0.51237,0.5239,0.60335
2024,baseball,2024-04-01,False,254.0,574035,UC Riverside,9,14,0.31222,0.49426,0.46649,0.44181
2024,baseball,2024-04-01,False,176.0,574229,UC San Diego,18,6,0.6875,0.36276,0.53806,0.48777
2024,baseball,2024-04-01,False,45.0,574030,UC Santa Barbara,15,8,0.72,0.52917,0.49954,0.56947
2024,baseball,2024-04-01,False,7.0,574039,UCF,18,7,0.70742,0.64286,0.53097,0.63103
2024,baseball,2024-04-01,False,184.0,574034,UCLA,10,15,0.34653,0.53174,0.52211,0.48303
2024,baseball,2024-04-01,False,72.0,574046,UConn,9,15,0.47368,0.59912,0.51682,0.54719
2024,baseball,2024-04-01,False,76.0,574088,UIC,16,10,0.63983,0.51983,0.50484,0.54608
2024,baseball,2024-04-01,False,183.0,573984,UIW,15,11,0.55189,0.43634,0.50835,0.48323
2024,baseball,2024-04-01,False,165.0,574157,ULM,14,14,0.42657,0.50913,0.52033,0.49129
2024,baseball,2024-04-01,False,240.0,574117,UMBC,10,14,0.41414,0.46843,0.44984,0.45021
2024,baseball,2024-04-01,False,304.0,574119,UMES,0,22,0.0,0.40123,0.41014,0.30315
2024,baseball,2024-04-01,False,164.0,574111,UMass Lowell,9,15,0.5,0.50312,0.46712,0.49334
2024,baseball,2024-04-01,False,224.0,574138,UNC Asheville,11,15,0.35321,0.49313,0.5066,0.46152
2024,baseball,2024-04-01,False,74.0,574141,UNC Greensboro,15,11,0.53306,0.57143,0.50918,0.54627
2024,baseball,2024-04-01,False,74.0,574142,UNCW,17,11,0.5916,0.53208,0.5293,0.54627
2024,baseball,2024-04-01,False,221.0,574145,UNLV,13,14,0.4636,0.46203,0.48297,0.46766
2024,baseball,2024-04-01,False,108.0,573986,USC Upstate,18,11,0.53878,0.52053,0.50798,0.52195
2024,baseball,2024-04-01,False,131.0,573917,UT Arlington,12,16,0.43796,0.55073,0.50853,0.51199
2024,baseball,2024-04-01,False,285.0,574227,UT Martin,11,17,0.35448,0.39195,0.48067,0.40476
2024,baseball,2024-04-01,False,246.0,574175,UTRGV,14,12,0.49194,0.38631,0.51831,0.44572
2024,baseball,2024-04-01,False,86.0,573919,UTSA,16,12,0.54513,0.53794,0.53187,0.53822
2024,baseball,2024-04-01,False,38.0,573947,Utah,18,8,0.72491,0.549,0.49286,0.57894
2024,baseball,2024-04-01,False,257.0,573911,Utah Tech,8,19,0.28674,0.48674,0.49867,0.43972
2024,baseball,2024-04-01,False,162.0,573992,Utah Valley,13,15,0.51953,0.47629,0.50421,0.49408
2024,baseball,2024-04-01,False,95.0,573951,VCU,18,10,0.61943,0.49277,0.51682,0.53045
2024,baseball,2024-04-01,False,147.0,573952,VMI,14,15,0.46304,0.53377,0.46937,0.49999
2024,baseball,2024-04-01,False,125.0,573948,Valparaiso,10,16,0.48069,0.55775,0.46819,0.51609
2024,baseball,2024-04-01,False,21.0,573949,Vanderbilt,23,6,0.74249,0.55981,0.54173,0.60096
2024,baseball,2024-04-01,False,232.0,573950,Villanova,7,18,0.40265,0.48683,0.45604,0.45809
2024,baseball,2024-04-01,False,14.0,573954,Virginia,22,6,0.78656,0.56658,0.5422,0.61548
2024,baseball,2024-04-01,False,27.0,573953,Virginia Tech,21,5,0.80579,0.50279,0.56754,0.59473
2024,baseball,2024-04-01,False,191.0,573955,Wagner,11,16,0.4632,0.4976,0.46075,0.47979
2024,baseball,2024-04-01,False,30.0,573956,Wake Forest,17,10,0.56379,0.64006,0.51628,0.59005
2024,baseball,2024-04-01,False,106.0,573958,Washington,8,12,0.39691,0.60087,0.49855,0.5243
2024,baseball,2024-04-01,False,116.0,573957,Washington St.,16,11,0.61111,0.45184,0.55819,0.51825
2024,baseball,2024-04-01,False,65.0,573959,West Virginia,16,12,0.58845,0.53936,0.53604,0.5508
2024,baseball,2024-04-01,False,120.0,573960,Western Caro.,14,11,0.53782,0.50882,0.51492,0.5176
2024,baseball,2024-04-01,False,234.0,573961,Western Ill.,6,18,0.31884,0.53026,0.44206,0.45535
2024,baseball,2024-04-01,False,150.0,573962,Western Ky.,19,10,0.60976,0.43558,0.51679,0.49943
2024,baseball,2024-04-01,False,199.0,573963,Western Mich.,12,13,0.49802,0.45464,0.50166,0.47724
2024,baseball,2024-04-01,False,78.0,573964,Wichita St.,18,9,0.63095,0.51361,0.51901,0.5443
2024,baseball,2024-04-01,False,133.0,573965,William & Mary,20,8,0.67176,0.43995,0.49142,0.51077
2024,baseball,2024-04-01,False,192.0,573966,Winthrop,11,14,0.38362,0.52049,0.49309,0.47942
2024,baseball,2024-04-01,False,91.0,573985,Wofford,17,8,0.67876,0.47265,0.51404,0.53452
2024,baseball,2024-04-01,False,186.0,573968,Wright St.,14,13,0.55939,0.41818,0.53235,0.48202
2024,baseball,2024-04-01,False,37.0,573969,Xavier,14,14,0.53435,0.63346,0.51644,0.57943
2024,baseball,2024-04-01,False,290.0,573970,Yale,7,14,0.38624,0.35242,0.49049,0.39539
2024,baseball,2024-04-01,False,288.0,573971,Youngstown St.,3,23,0.11739,0.49688,0.47643,0.39689
2024,baseball,2024-04-08,False,179.0,573989,A&M-Corpus Christi,16,20,0.42667,0.50233,0.51043,0.48544
2024,baseball,2024-04-08,False,135.0,573995,Abilene Christian,19,13,0.61311,0.45732,0.50182,0.5074
2024,baseball,2024-04-08,False,136.0,573924,Air Force,12,19,0.4657,0.53621,0.48699,0.50628
2024,baseball,2024-04-08,False,279.0,573912,Akron,6,24,0.21429,0.49155,0.49124,0.42216
2024,baseball,2024-04-08,False,21.0,573998,Alabama,22,10,0.68045,0.59408,0.52286,0.59787
2024,baseball,2024-04-08,False,302.0,573996,Alabama A&M,5,25,0.17407,0.4278,0.46835,0.37451
2024,baseball,2024-04-08,False,281.0,573997,Alabama St.,13,16,0.42759,0.37637,0.48373,0.41601
2024,baseball,2024-04-08,False,303.0,574001,Alcorn,2,24,0.10879,0.43777,0.44719,0.35788
2024,baseball,2024-04-08,False,86.0,574002,App State,18,11,0.66541,0.48376,0.52099,0.53848
2024,baseball,2024-04-08,False,49.0,574004,Arizona,17,13,0.57544,0.58435,0.52194,0.56652
2024,baseball,2024-04-08,False,78.0,574003,Arizona St.,15,17,0.43144,0.61029,0.51159,0.5409
2024,baseball,2024-04-08,False,301.0,573982,Ark.-Pine Bluff,13,19,0.32803,0.36207,0.4615,0.37841
2024,baseball,2024-04-08,False,2.0,574006,Arkansas,27,3,0.87342,0.60143,0.56656,0.66071
2024,baseball,2024-04-08,False,183.0,574005,Arkansas St.,16,18,0.45638,0.48999,0.49669,0.48326
2024,baseball,2024-04-08,False,176.0,573925,Army West Point,16,15,0.5443,0.46234,0.47829,0.48682
2024,baseball,2024-04-08,False,29.0,574008,Auburn,18,13,0.52555,0.63971,0.5221,0.58177
2024,baseball,2024-04-08,False,217.0,574009,Austin Peay,18,13,0.58983,0.3739,0.52873,0.46659
2024,baseball,2024-04-08,False,110.0,574018,BYU,13,15,0.49097,0.5298,0.54265,0.52331
2024,baseball,2024-04-08,False,134.0,574010,Ball St.,20,13,0.61862,0.46158,0.48859,0.50759
2024,baseball,2024-04-08,False,143.0,574012,Baylor,13,18,0.33916,0.57902,0.51123,0.50211
2024,baseball,2024-04-08,False,287.0,574228,Bellarmine,5,26,0.17736,0.49809,0.45881,0.40809
2024,baseball,2024-04-08,False,104.0,573987,Belmont,17,15,0.50301,0.54072,0.52418,0.52716
2024,baseball,2024-04-08,False,218.0,574013,Bethune-Cookman,17,14,0.47405,0.44463,0.49737,0.46517
2024,baseball,2024-04-08,False,200.0,574014,Binghamton,12,15,0.5,0.44217,0.51621,0.47514
2024,baseball,2024-04-08,False,37.0,574015,Boston College,17,13,0.60245,0.58258,0.52483,0.57311
2024,baseball,2024-04-08,False,74.0,574016,Bowling Green,15,11,0.69685,0.48253,0.50535,0.54181
2024,baseball,2024-04-08,False,204.0,574017,Bradley,10,18,0.44269,0.48233,0.48853,0.47397
2024,baseball,2024-04-08,False,264.0,574019,Brown,8,17,0.37247,0.44264,0.46464,0.4306
2024,baseball,2024-04-08,False,150.0,574020,Bryant,19,10,0.67286,0.41496,0.48989,0.49817
2024,baseball,2024-04-08,False,252.0,574021,Bucknell,12,19,0.40283,0.45206,0.46442,0.44284
2024,baseball,2024-04-08,False,115.0,574022,Butler,13,16,0.5,0.54293,0.49138,0.51931
2024,baseball,2024-04-08,False,262.0,574024,CSU Bakersfield,10,21,0.23973,0.51606,0.47251,0.43609
2024,baseball,2024-04-08,False,58.0,574028,CSUN,17,12,0.62909,0.54218,0.50053,0.55349
2024,baseball,2024-04-08,False,111.0,574023,Cal Poly,18,12,0.54167,0.49714,0.54825,0.52105
2024,baseball,2024-04-08,False,184.0,574026,Cal St. Fullerton,10,19,0.34182,0.55431,0.48135,0.48295
2024,baseball,2024-04-08,False,107.0,574031,California,16,13,0.5,0.53201,0.5382,0.52555
2024,baseball,2024-04-08,False,146.0,573994,California Baptist,19,13,0.56037,0.4635,0.51541,0.50069
2024,baseball,2024-04-08,False,59.0,574036,Campbell,22,9,0.66058,0.50976,0.53302,0.55328
2024,baseball,2024-04-08,False,215.0,574037,Canisius,8,17,0.42795,0.48778,0.4667,0.46755
2024,baseball,2024-04-08,False,193.0,573972,Central Ark.,13,18,0.40391,0.50791,0.49159,0.47783
2024,baseball,2024-04-08,False,300.0,574038,Central Conn. St.,6,16,0.27273,0.40326,0.43776,0.37925
2024,baseball,2024-04-08,False,278.0,574040,Central Mich.,10,22,0.35211,0.42535,0.48895,0.42294
2024,baseball,2024-04-08,False,155.0,574011,Charleston So.,14,18,0.41104,0.55325,0.46655,0.49602
2024,baseball,2024-04-08,False,109.0,574140,Charlotte,14,18,0.37662,0.60089,0.51873,0.52428
2024,baseball,2024-04-08,False,77.0,574041,Cincinnati,19,13,0.60791,0.52265,0.51245,0.54142
2024,baseball,2024-04-08,False,1.0,574043,Clemson,28,3,0.90146,0.61665,0.56399,0.67469
2024,baseball,2024-04-08,False,23.0,574044,Coastal Carolina,22,9,0.66409,0.58325,0.54425,0.59371
2024,baseball,2024-04-08,False,71.0,573974,Col. of Charleston,20,10,0.59864,0.53241,0.51874,0.54555
2024,baseball,2024-04-08,False,138.0,574045,Columbia,13,12,0.53171,0.49339,0.50294,0.50536
2024,baseball,2024-04-08,False,299.0,574047,Coppin St.,6,18,0.22222,0.42713,0.44329,0.37994
2024,baseball,2024-04-08,False,231.0,574048,Cornell,8,12,0.45122,0.43851,0.50657,0.4587
2024,baseball,2024-04-08,False,33.0,574049,Creighton,24,5,0.80071,0.50089,0.50106,0.57589
2024,baseball,2024-04-08,False,19.0,573975,DBU,25,6,0.79197,0.55125,0.52148,0.60399
2024,baseball,2024-04-08,False,261.0,574050,Dartmouth,7,15,0.42523,0.4276,0.465,0.43636
2024,baseball,2024-04-08,False,245.0,574051,Davidson,14,17,0.3951,0.45503,0.48732,0.44812
2024,baseball,2024-04-08,False,116.0,574052,Dayton,19,12,0.65424,0.45566,0.50318,0.51718
2024,baseball,2024-04-08,False,137.0,574054,Delaware,15,14,0.51125,0.51559,0.48056,0.50575
2024,baseball,2024-04-08,False,285.0,574053,Delaware St.,9,17,0.34962,0.42914,0.42804,0.40898
2024,baseball,2024-04-08,False,18.0,574055,Duke,24,8,0.70345,0.57822,0.55808,0.60449
2024,baseball,2024-04-08,False,95.0,574057,ETSU,20,10,0.62121,0.48991,0.52915,0.53254
2024,baseball,2024-04-08,False,8.0,574056,East Carolina,23,7,0.79853,0.59369,0.52619,0.62802
2024,baseball,2024-04-08,False,251.0,574058,Eastern Ill.,9,18,0.38824,0.44781,0.49279,0.44416
2024,baseball,2024-04-08,False,243.0,574059,Eastern Ky.,9,23,0.25312,0.53092,0.48418,0.44979
2024,baseball,2024-04-08,False,196.0,574060,Eastern Mich.,12,18,0.47727,0.4679,0.49568,0.47719
2024,baseball,2024-04-08,False,228.0,573976,Elon,11,20,0.30169,0.52341,0.49131,0.45996
2024,baseball,2024-04-08,False,141.0,574061,Evansville,14,17,0.46367,0.52248,0.5015,0.50253
2024,baseball,2024-04-08,False,268.0,574063,FDU,12,16,0.43966,0.40748,0.45945,0.42852
2024,baseball,2024-04-08,False,177.0,573991,FGCU,15,15,0.47253,0.47127,0.53158,0.48666
2024,baseball,2024-04-08,False,131.0,574066,FIU,17,15,0.48311,0.52595,0.50142,0.50911
2024,baseball,2024-04-08,False,250.0,574062,Fairfield,12,16,0.44262,0.41425,0.50681,0.44448
2024,baseball,2024-04-08,False,94.0,574065,Fla. Atlantic,18,11,0.56031,0.52036,0.53628,0.53433
2024,baseball,2024-04-08,False,31.0,574068,Florida,17,14,0.51027,0.6382,0.52734,0.5785
2024,baseball,2024-04-08,False,182.0,574064,Florida A&M,15,17,0.44373,0.51424,0.46279,0.48375
2024,baseball,2024-04-08,False,3.0,574067,Florida St.,26,5,0.8417,0.61938,0.52953,0.6525
2024,baseball,2024-04-08,False,181.0,574069,Fordham,11,19,0.37984,0.54568,0.46578,0.48425
2024,baseball,2024-04-08,False,126.0,574025,Fresno St.,22,9,0.69896,0.41864,0.51512,0.51284
2024,baseball,2024-04-08,False,54.0,574073,Ga. Southern,18,14,0.53115,0.58853,0.53919,0.56185
2024,baseball,2024-04-08,False,233.0,573977,Gardner-Webb,12,19,0.31894,0.5009,0.49473,0.45386
2024,baseball,2024-04-08,False,220.0,574070,George Mason,15,15,0.44186,0.46036,0.4883,0.46272
2024,baseball,2024-04-08,False,189.0,574071,George Washington,19,12,0.56401,0.42318,0.50506,0.47886
2024,baseball,2024-04-08,False,62.0,574072,Georgetown,21,9,0.70652,0.49517,0.51342,0.55257
2024,baseball,2024-04-08,False,10.0,574076,Georgia,24,8,0.75591,0.6121,0.51821,0.62458
2024,baseball,2024-04-08,False,83.0,574074,Georgia St.,15,16,0.47419,0.57917,0.52574,0.53957
2024,baseball,2024-04-08,False,85.0,574075,Georgia Tech,19,11,0.59707,0.50857,0.54073,0.53874
2024,baseball,2024-04-08,False,171.0,574077,Gonzaga,10,18,0.38318,0.54034,0.4981,0.49049
2024,baseball,2024-04-08,False,208.0,574078,Grambling,13,17,0.49291,0.45842,0.47805,0.47195
2024,baseball,2024-04-08,False,99.0,573978,Grand Canyon,16,15,0.52117,0.55299,0.49261,0.52994
2024,baseball,2024-04-08,False,275.0,574080,Harvard,5,19,0.26291,0.48661,0.45975,0.42397
2024,baseball,2024-04-08,False,123.0,574081,Hawaii,18,11,0.54355,0.48714,0.54112,0.51474
2024,baseball,2024-04-08,False,173.0,573988,High Point,16,16,0.4702,0.4871,0.51657,0.49024
2024,baseball,2024-04-08,False,187.0,574082,Hofstra,11,19,0.38768,0.53051,0.47933,0.48201
2024,baseball,2024-04-08,False,186.0,574083,Holy Cross,14,18,0.5516,0.44934,0.47986,0.48253
2024,baseball,2024-04-08,False,88.0,574085,Houston,16,15,0.47388,0.58226,0.51344,0.53796
2024,baseball,2024-04-08,False,209.0,574084,Houston Christian,11,20,0.33577,0.53389,0.48253,0.47152
2024,baseball,2024-04-08,False,68.0,574087,Illinois,16,13,0.58077,0.5479,0.5186,0.54879
2024,baseball,2024-04-08,False,113.0,574086,Illinois St.,17,11,0.65704,0.46379,0.49627,0.52022
2024,baseball,2024-04-08,False,60.0,574090,Indiana,18,15,0.50909,0.59086,0.52195,0.55319
2024,baseball,2024-04-08,False,11.0,574089,Indiana St.,23,7,0.80903,0.56732,0.54296,0.62166
2024,baseball,2024-04-08,False,295.0,574092,Iona,4,24,0.18692,0.48814,0.42562,0.39721
2024,baseball,2024-04-08,False,124.0,574093,Iowa,16,13,0.53992,0.48834,0.53983,0.51411
2024,baseball,2024-04-08,False,159.0,574094,Jackson St.,21,10,0.70073,0.40244,0.47239,0.4945
2024,baseball,2024-04-08,False,169.0,574096,Jacksonville,15,16,0.45048,0.4979,0.51606,0.49059
2024,baseball,2024-04-08,False,178.0,574095,Jacksonville St.,11,20,0.31561,0.56925,0.48894,0.48576
2024,baseball,2024-04-08,False,25.0,574097,James Madison,19,12,0.61509,0.62418,0.50021,0.59092
2024,baseball,2024-04-08,False,72.0,574099,Kansas,15,14,0.48123,0.58131,0.52864,0.54312
2024,baseball,2024-04-08,False,27.0,574098,Kansas St.,20,10,0.65233,0.57578,0.53816,0.58551
2024,baseball,2024-04-08,False,32.0,573979,Kennesaw St.,17,13,0.61667,0.6006,0.49451,0.57809
2024,baseball,2024-04-08,False,188.0,574100,Kent St.,14,15,0.52245,0.45502,0.49159,0.48102
2024,baseball,2024-04-08,False,5.0,574101,Kentucky,27,4,0.85274,0.57255,0.55599,0.63846
2024,baseball,2024-04-08,False,286.0,574106,LIU,11,16,0.44601,0.35867,0.47174,0.40877
2024,baseball,2024-04-08,False,255.0,574112,LMU (CA),12,20,0.36207,0.45133,0.49534,0.44002
2024,baseball,2024-04-08,False,46.0,574108,LSU,21,12,0.58,0.57491,0.54186,0.56792
2024,baseball,2024-04-08,False,212.0,574102,Lafayette,8,23,0.28571,0.575,0.44822,0.47098
2024,baseball,2024-04-08,False,51.0,574103,Lamar University,25,6,0.81119,0.45391,0.53743,0.56411
2024,baseball,2024-04-08,False,263.0,574412,Le Moyne,12,14,0.52174,0.3732,0.46161,0.43244
2024,baseball,2024-04-08,False,213.0,574104,Lehigh,18,12,0.61386,0.38852,0.49251,0.47085
2024,baseball,2024-04-08,False,140.0,574105,Liberty,15,16,0.4485,0.52029,0.52129,0.50259
2024,baseball,2024-04-08,False,253.0,574230,Lindenwood,10,21,0.35472,0.46072,0.48783,0.441
2024,baseball,2024-04-08,False,227.0,573990,Lipscomb,9,21,0.30208,0.51726,0.5059,0.46063
2024,baseball,2024-04-08,False,127.0,574007,Little Rock,17,15,0.50338,0.52225,0.50256,0.51261
2024,baseball,2024-04-08,False,197.0,574027,Long Beach St.,16,12,0.54622,0.42543,0.51114,0.47706
2024,baseball,2024-04-08,False,214.0,574107,Longwood,14,18,0.42958,0.46956,0.51006,0.46969
2024,baseball,2024-04-08,False,43.0,574220,Louisiana,24,8,0.7082,0.52217,0.52312,0.56892
2024,baseball,2024-04-08,False,82.0,574109,Louisiana Tech,25,9,0.68475,0.47133,0.53226,0.53991
2024,baseball,2024-04-08,False,92.0,574110,Louisville,20,11,0.57358,0.50863,0.5501,0.53524
2024,baseball,2024-04-08,False,271.0,574113,Maine,7,19,0.31674,0.44769,0.49604,0.42704
2024,baseball,2024-04-08,False,273.0,574114,Manhattan,9,20,0.42205,0.39674,0.48824,0.42595
2024,baseball,2024-04-08,False,246.0,574115,Marist,9,20,0.42545,0.44681,0.47238,0.44786
2024,baseball,2024-04-08,False,192.0,574116,Marshall,11,19,0.33725,0.53191,0.51083,0.47798
2024,baseball,2024-04-08,False,30.0,574118,Maryland,22,10,0.70455,0.54247,0.5323,0.58045
2024,baseball,2024-04-08,False,210.0,574120,Massachusetts,9,17,0.46531,0.4613,0.49744,0.47134
2024,baseball,2024-04-08,False,98.0,574121,McNeese,16,14,0.50388,0.55324,0.51121,0.53039
2024,baseball,2024-04-08,False,149.0,574122,Memphis,17,17,0.48204,0.50203,0.50809,0.49855
2024,baseball,2024-04-08,False,121.0,574123,Mercer,16,14,0.49275,0.53194,0.50349,0.51503
2024,baseball,2024-04-08,False,259.0,573973,Merrimack,12,17,0.47368,0.40885,0.46149,0.43822
2024,baseball,2024-04-08,False,65.0,574125,Miami (FL),15,16,0.41343,0.628,0.53079,0.55006
2024,baseball,2024-04-08,False,219.0,574124,Miami (OH),13,16,0.4216,0.4701,0.49374,0.46388
2024,baseball,2024-04-08,False,79.0,574127,Michigan,14,18,0.45455,0.60445,0.4996,0.54076
2024,baseball,2024-04-08,False,102.0,574126,Michigan St.,14,15,0.4507,0.58781,0.48797,0.52857
2024,baseball,2024-04-08,False,242.0,574128,Middle Tenn.,11,19,0.34967,0.48342,0.48329,0.44995
2024,baseball,2024-04-08,False,265.0,573967,Milwaukee,4,23,0.17778,0.55502,0.43264,0.43011
2024,baseball,2024-04-08,False,154.0,574129,Minnesota,12,14,0.52529,0.48028,0.50131,0.49679
2024,baseball,2024-04-08,False,52.0,574130,Mississippi St.,21,12,0.57,0.57707,0.52629,0.5626
2024,baseball,2024-04-08,False,290.0,574131,Mississippi Val.,9,18,0.32584,0.43705,0.42549,0.40636
2024,baseball,2024-04-08,False,91.0,574133,Missouri,15,18,0.43137,0.60497,0.5047,0.5365
2024,baseball,2024-04-08,False,100.0,574218,Missouri St.,13,17,0.50333,0.54948,0.51587,0.52954
2024,baseball,2024-04-08,False,221.0,574134,Monmouth,8,17,0.35484,0.50928,0.4761,0.46238
2024,baseball,2024-04-08,False,133.0,574135,Morehead St.,17,14,0.59011,0.47314,0.49898,0.50884
2024,baseball,2024-04-08,False,298.0,574136,Mount St. Mary's,6,21,0.25287,0.40562,0.46472,0.38221
2024,baseball,2024-04-08,False,57.0,574137,Murray St.,20,12,0.60265,0.55141,0.51066,0.55403
2024,baseball,2024-04-08,False,120.0,574154,N.C. A&T,18,13,0.56376,0.50193,0.49383,0.51536
2024,baseball,2024-04-08,False,38.0,574155,NC State,18,11,0.57741,0.59046,0.53338,0.57293
2024,baseball,2024-04-08,False,225.0,574160,NIU,10,21,0.43051,0.46023,0.49429,0.46132
2024,baseball,2024-04-08,False,234.0,574147,NJIT,11,17,0.5,0.40337,0.5071,0.45346
2024,baseball,2024-04-08,False,236.0,573946,Navy,19,13,0.58199,0.36113,0.50607,0.45258
2024,baseball,2024-04-08,False,17.0,574143,Nebraska,22,7,0.76408,0.55839,0.54574,0.60665
2024,baseball,2024-04-08,False,194.0,574146,Nevada,13,16,0.49442,0.46691,0.48294,0.4778
2024,baseball,2024-04-08,False,210.0,574149,New Mexico,16,14,0.48227,0.44967,0.50374,0.47134
2024,baseball,2024-04-08,False,207.0,574148,New Mexico St.,12,18,0.35714,0.51182,0.50868,0.47237
2024,baseball,2024-04-08,False,101.0,574150,New Orleans,18,13,0.54545,0.52548,0.51854,0.52874
2024,baseball,2024-04-08,False,145.0,574151,Niagara,19,9,0.77972,0.35708,0.5131,0.50175
2024,baseball,2024-04-08,False,48.0,574152,Nicholls,23,11,0.65815,0.55932,0.49143,0.56705
2024,baseball,2024-04-08,False,304.0,574153,Norfolk St.,9,22,0.26769,0.29872,0.44518,0.32758
2024,baseball,2024-04-08,False,269.0,573993,North Ala.,11,19,0.31944,0.4435,0.5071,0.42839
2024,baseball,2024-04-08,False,4.0,574139,North Carolina,26,6,0.8289,0.60884,0.54137,0.64699
2024,baseball,2024-04-08,False,158.0,574156,North Dakota St.,8,19,0.40329,0.54678,0.4815,0.49459
2024,baseball,2024-04-08,False,237.0,573983,North Florida,16,13,0.50534,0.39702,0.51082,0.45255
2024,baseball,2024-04-08,False,50.0,574158,Northeastern,24,7,0.83721,0.44425,0.53677,0.56562
2024,baseball,2024-04-08,False,280.0,574159,Northern Colo.,6,24,0.21839,0.49082,0.47875,0.4197
2024,baseball,2024-04-08,False,144.0,574161,Northern Ky.,20,11,0.69373,0.39793,0.51814,0.50193
2024,baseball,2024-04-08,False,96.0,574163,Northwestern,10,18,0.45255,0.58612,0.5004,0.5313
2024,baseball,2024-04-08,False,190.0,574162,Northwestern St.,11,22,0.30887,0.55771,0.48957,0.47846
2024,baseball,2024-04-08,False,40.0,574164,Notre Dame,14,15,0.55052,0.59853,0.53187,0.56986
2024,baseball,2024-04-08,False,167.0,574165,Oakland,16,16,0.62914,0.42752,0.48228,0.49161
2024,baseball,2024-04-08,False,277.0,574167,Ohio,8,19,0.2902,0.46354,0.4777,0.42374
2024,baseball,2024-04-08,False,53.0,574166,Ohio St.,13,14,0.53704,0.58871,0.53434,0.5622
2024,baseball,2024-04-08,False,24.0,574169,Oklahoma,17,14,0.50949,0.67076,0.51363,0.59116
2024,baseball,2024-04-08,False,26.0,574168,Oklahoma St.,21,11,0.64865,0.58142,0.54001,0.58788
2024,baseball,2024-04-08,False,64.0,574170,Old Dominion,16,15,0.43542,0.62753,0.51899,0.55237
2024,baseball,2024-04-08,False,28.0,574132,Ole Miss,18,15,0.51,0.65871,0.51386,0.58532
2024,baseball,2024-04-08,False,292.0,574144,Omaha,8,20,0.33594,0.3926,0.48328,0.4011
2024,baseball,2024-04-08,False,288.0,574171,Oral Roberts,12,19,0.35179,0.38426,0.51009,0.4076
2024,baseball,2024-04-08,False,55.0,574173,Oregon,22,8,0.69416,0.4851,0.55846,0.5557
2024,baseball,2024-04-08,False,9.0,574172,Oregon St.,26,4,0.87698,0.54039,0.54417,0.62548
2024,baseball,2024-04-08,False,282.0,574174,Pacific,5,26,0.14336,0.5144,0.47501,0.41179
2024,baseball,2024-04-08,False,168.0,574177,Penn,13,14,0.53586,0.46803,0.4936,0.49138
2024,baseball,2024-04-08,False,180.0,574176,Penn St.,16,12,0.56981,0.42065,0.52997,0.48527
2024,baseball,2024-04-08,False,284.0,574178,Pepperdine,11,21,0.30255,0.419,0.49756,0.40952
2024,baseball,2024-04-08,False,106.0,574179,Pittsburgh,13,15,0.44876,0.56536,0.528,0.52687
2024,baseball,2024-04-08,False,56.0,574180,Portland,20,9,0.70903,0.50863,0.49633,0.55565
2024,baseball,2024-04-08,False,247.0,574181,Prairie View,14,21,0.43087,0.43898,0.48204,0.44772
2024,baseball,2024-04-08,False,195.0,573980,Presbyterian,16,16,0.47541,0.47719,0.48119,0.47775
2024,baseball,2024-04-08,False,172.0,574182,Princeton,9,16,0.43231,0.52369,0.48209,0.49045
2024,baseball,2024-04-08,False,70.0,574183,Purdue,20,12,0.61039,0.5287,0.51494,0.54568
2024,baseball,2024-04-08,False,198.0,574091,Purdue Fort Wayne,12,19,0.47751,0.45713,0.51407,0.47646
2024,baseball,2024-04-08,False,248.0,574231,Queens (NC),8,23,0.25874,0.53882,0.44494,0.44533
2024,baseball,2024-04-08,False,291.0,574184,Quinnipiac,9,18,0.36,0.3821,0.48884,0.40326
2024,baseball,2024-04-08,False,260.0,574185,Radford,9,20,0.2636,0.49744,0.48914,0.43691
2024,baseball,2024-04-08,False,153.0,574186,Rhode Island,7,17,0.31771,0.60577,0.45801,0.49682
2024,baseball,2024-04-08,False,235.0,574187,Rice,9,23,0.25312,0.51788,0.52391,0.4532
2024,baseball,2024-04-08,False,274.0,574188,Richmond,13,18,0.34915,0.43864,0.47453,0.42524
2024,baseball,2024-04-08,False,114.0,574189,Rider,12,14,0.53774,0.53288,0.47703,0.52013
2024,baseball,2024-04-08,False,63.0,574190,Rutgers,19,12,0.66144,0.50405,0.54044,0.5525
2024,baseball,2024-04-08,False,294.0,574222,SFA,5,27,0.11475,0.49926,0.47743,0.39768
2024,baseball,2024-04-08,False,272.0,574215,SIUE,11,21,0.33444,0.4606,0.45219,0.42696
2024,baseball,2024-04-08,False,238.0,574029,Sacramento St.,14,19,0.36137,0.47612,0.49421,0.45196
2024,baseball,2024-04-08,False,157.0,574191,Sacred Heart,15,13,0.588,0.47591,0.44291,0.49568
2024,baseball,2024-04-08,False,216.0,574194,Saint Joseph's,12,16,0.432,0.48176,0.4741,0.46741
2024,baseball,2024-04-08,False,118.0,574195,Saint Louis,21,8,0.71206,0.42844,0.49695,0.51647
2024,baseball,2024-04-08,False,117.0,574196,Saint Mary's (CA),18,11,0.61091,0.46956,0.51748,0.51688
2024,baseball,2024-04-08,False,296.0,574197,Saint Peter's,10,22,0.36765,0.38073,0.449,0.39453
2024,baseball,2024-04-08,False,61.0,574198,Sam Houston,19,13,0.59122,0.5545,0.51245,0.55317
2024,baseball,2024-04-08,False,89.0,574199,Samford,21,10,0.66065,0.47819,0.53181,0.53721
2024,baseball,2024-04-08,False,41.0,574201,San Diego,20,10,0.69123,0.52731,0.53158,0.56936
2024,baseball,2024-04-08,False,244.0,574200,San Diego St.,9,21,0.27778,0.51292,0.48997,0.4484
2024,baseball,2024-04-08,False,241.0,574202,San Francisco,16,16,0.46104,0.43368,0.47147,0.44997
2024,baseball,2024-04-08,False,223.0,574203,San Jose St.,12,19,0.38163,0.49583,0.47489,0.46204
2024,baseball,2024-04-08,False,147.0,574204,Santa Clara,15,14,0.53455,0.47574,0.51623,0.50056
2024,baseball,2024-04-08,False,270.0,573981,Seattle U,7,24,0.24723,0.49725,0.47179,0.42838
2024,baseball,2024-04-08,False,122.0,574205,Seton Hall,17,14,0.58882,0.48881,0.49276,0.5148
2024,baseball,2024-04-08,False,297.0,574206,Siena,5,23,0.21963,0.42107,0.49032,0.38802
2024,baseball,2024-04-08,False,84.0,574207,South Alabama,17,15,0.48344,0.57077,0.53004,0.53875
2024,baseball,2024-04-08,False,20.0,574208,South Carolina,22,10,0.64338,0.61379,0.53461,0.60139
2024,baseball,2024-04-08,False,203.0,574209,South Dakota St.,13,16,0.57241,0.41949,0.48509,0.47412
2024,baseball,2024-04-08,False,76.0,574210,South Fla.,19,13,0.56207,0.54144,0.52125,0.54155
2024,baseball,2024-04-08,False,185.0,574211,Southeast Mo. St.,15,17,0.46815,0.48613,0.49005,0.48262
2024,baseball,2024-04-08,False,132.0,574212,Southeastern La.,19,13,0.53896,0.48689,0.52273,0.50887
2024,baseball,2024-04-08,False,105.0,574213,Southern California,15,16,0.45763,0.56457,0.52161,0.52709
2024,baseball,2024-04-08,False,162.0,574214,Southern Ill.,19,13,0.60345,0.42841,0.51549,0.49394
2024,baseball,2024-04-08,False,201.0,574232,Southern Ind.,14,18,0.44586,0.48292,0.48865,0.47509
2024,baseball,2024-04-08,False,44.0,574216,Southern Miss.,20,12,0.60068,0.57333,0.52685,0.56855
2024,baseball,2024-04-08,False,258.0,574217,Southern U.,13,15,0.43214,0.42655,0.47137,0.43915
2024,baseball,2024-04-08,False,224.0,574192,St. Bonaventure,9,17,0.44758,0.47201,0.45534,0.46173
2024,baseball,2024-04-08,False,45.0,574193,St. John's (NY),22,5,0.85043,0.44426,0.53354,0.56812
2024,baseball,2024-04-08,False,205.0,573909,St. Thomas (MN),10,13,0.50644,0.45813,0.47215,0.47371
2024,baseball,2024-04-08,False,152.0,574221,Stanford,13,16,0.42475,0.52879,0.50862,0.49774
2024,baseball,2024-04-08,False,97.0,574223,Stetson,22,10,0.64029,0.47652,0.52889,0.53055
2024,baseball,2024-04-08,False,232.0,574233,Stonehill,8,15,0.44344,0.46311,0.45728,0.45674
2024,baseball,2024-04-08,False,129.0,574224,Stony Brook,15,15,0.5,0.51934,0.50067,0.50984
2024,baseball,2024-04-08,False,42.0,573914,TCU,20,11,0.6374,0.54536,0.54926,0.56935
2024,baseball,2024-04-08,False,175.0,573910,Tarleton St.,18,14,0.56757,0.44122,0.50423,0.48856
2024,baseball,2024-04-08,False,12.0,574226,Tennessee,26,6,0.78327,0.57041,0.55759,0.62042
2024,baseball,2024-04-08,False,230.0,574225,Tennessee Tech,19,13,0.51056,0.40885,0.5088,0.45927
2024,baseball,2024-04-08,False,66.0,573918,Texas,19,13,0.51475,0.57861,0.52499,0.54924
2024,baseball,2024-04-08,False,6.0,573913,Texas A&M,28,4,0.87361,0.55402,0.5595,0.63529
2024,baseball,2024-04-08,False,229.0,573915,Texas Southern,11,18,0.41736,0.46858,0.48421,0.45968
2024,baseball,2024-04-08,False,119.0,574219,Texas St.,16,16,0.45312,0.54258,0.52361,0.51547
2024,baseball,2024-04-08,False,35.0,573916,Texas Tech,24,9,0.69474,0.53482,0.53575,0.57503
2024,baseball,2024-04-08,False,257.0,574042,The Citadel,15,15,0.39362,0.43191,0.49963,0.43927
2024,baseball,2024-04-08,False,191.0,573920,Toledo,16,16,0.56954,0.42715,0.48853,0.47809
2024,baseball,2024-04-08,False,256.0,573921,Towson,8,22,0.24074,0.52116,0.47642,0.43987
2024,baseball,2024-04-08,False,90.0,573922,Troy,23,11,0.69279,0.46271,0.52814,0.53659
2024,baseball,2024-04-08,False,130.0,573923,Tulane,17,15,0.49338,0.52012,0.50287,0.50912
2024,baseball,2024-04-08,False,166.0,573999,UAB,14,17,0.40138,0.52371,0.51962,0.4921
2024,baseball,2024-04-08,False,254.0,574000,UAlbany,4,19,0.20305,0.54185,0.4751,0.44046
2024,baseball,2024-04-08,False,108.0,574032,UC Davis,15,14,0.51331,0.55045,0.48633,0.52513
2024,baseball,2024-04-08,False,16.0,574033,UC Irvine,24,4,0.83026,0.53851,0.51959,0.60672
2024,baseball,2024-04-08,False,266.0,574035,UC Riverside,9,18,0.25843,0.49736,0.46702,0.43004
2024,baseball,2024-04-08,False,142.0,574229,UC San Diego,21,8,0.69038,0.3988,0.52187,0.50246
2024,baseball,2024-04-08,False,22.0,574030,UC Santa Barbara,17,10,0.70085,0.59145,0.49161,0.59384
2024,baseball,2024-04-08,False,7.0,574039,UCF,21,8,0.7026,0.64008,0.53702,0.62995
2024,baseball,2024-04-08,False,161.0,574034,UCLA,12,17,0.3629,0.54878,0.51571,0.49404
2024,baseball,2024-04-08,False,87.0,574046,UConn,12,16,0.49237,0.56398,0.53326,0.5384
2024,baseball,2024-04-08,False,67.0,574088,UIC,19,10,0.66926,0.51208,0.50313,0.54914
2024,baseball,2024-04-08,False,202.0,573984,UIW,16,14,0.51587,0.43936,0.50423,0.47471
2024,baseball,2024-04-08,False,164.0,574157,ULM,15,17,0.42188,0.51791,0.51569,0.49335
2024,baseball,2024-04-08,False,239.0,574117,UMBC,10,15,0.4,0.47566,0.45345,0.45119
2024,baseball,2024-04-08,False,305.0,574119,UMES,0,25,0.0,0.39629,0.41267,0.30131
2024,baseball,2024-04-08,False,163.0,574111,UMass Lowell,11,17,0.51119,0.49844,0.46566,0.49343
2024,baseball,2024-04-08,False,240.0,574138,UNC Asheville,12,18,0.31818,0.49189,0.49874,0.45018
2024,baseball,2024-04-08,False,69.0,574141,UNC Greensboro,16,14,0.51449,0.58375,0.5054,0.54685
2024,baseball,2024-04-08,False,75.0,574142,UNCW,19,13,0.5596,0.53774,0.53153,0.54165
2024,baseball,2024-04-08,False,222.0,574145,UNLV,15,15,0.46875,0.44426,0.49137,0.46216
2024,baseball,2024-04-08,False,81.0,573986,USC Upstate,21,12,0.58163,0.53421,0.51017,0.54006
2024,baseball,2024-04-08,False,128.0,573917,UT Arlington,14,18,0.45455,0.54642,0.49885,0.51156
2024,baseball,2024-04-08,False,289.0,574227,UT Martin,12,21,0.34951,0.3989,0.47916,0.40662
2024,baseball,2024-04-08,False,249.0,574175,UTRGV,16,13,0.49455,0.38687,0.51149,0.44494
2024,baseball,2024-04-08,False,93.0,573919,UTSA,19,13,0.56151,0.52253,0.5331,0.53492
2024,baseball,2024-04-08,False,36.0,573947,Utah,21,9,0.71845,0.54363,0.49098,0.57417
2024,baseball,2024-04-08,False,267.0,573911,Utah Tech,8,22,0.26667,0.47788,0.49302,0.42886
2024,baseball,2024-04-08,False,160.0,573992,Utah Valley,16,17,0.51852,0.47618,0.50632,0.4943
2024,baseball,2024-04-08,False,73.0,573951,VCU,22,10,0.66548,0.49839,0.50674,0.54225
2024,baseball,2024-04-08,False,174.0,573952,VMI,17,18,0.47869,0.50564,0.47072,0.49017
2024,baseball,2024-04-08,False,170.0,573948,Valparaiso,10,19,0.44094,0.52343,0.4744,0.49055
2024,baseball,2024-04-08,False,15.0,573949,Vanderbilt,25,7,0.74812,0.57587,0.54752,0.61185
2024,baseball,2024-04-08,False,226.0,573950,Villanova,7,21,0.3434,0.5189,0.46267,0.46097
2024,baseball,2024-04-08,False,13.0,573954,Virginia,25,7,0.76655,0.58451,0.54486,0.62011
2024,baseball,2024-04-08,False,34.0,573953,Virginia Tech,21,8,0.69395,0.52141,0.56388,0.57516
2024,baseball,2024-04-08,False,205.0,573955,Wagner,13,17,0.46899,0.48142,0.46303,0.47371
2024,baseball,2024-04-08,False,14.0,573956,Wake Forest,21,10,0.63322,0.64919,0.52053,0.61303
2024,baseball,2024-04-08,False,156.0,573958,Washington,9,15,0.37838,0.54883,0.50717,0.4958
2024,baseball,2024-04-08,False,139.0,573957,Washington St.,17,13,0.59857,0.43601,0.54663,0.50431
2024,baseball,2024-04-08,False,47.0,573959,West Virginia,19,12,0.63924,0.54314,0.54514,0.56766
2024,baseball,2024-04-08,False,148.0,573960,Western Caro.,17,12,0.57295,0.45521,0.5179,0.50032
2024,baseball,2024-04-08,False,276.0,573961,Western Ill.,6,21,0.26829,0.49217,0.44321,0.42396
2024,baseball,2024-04-08,False,112.0,573962,Western Ky.,21,11,0.60191,0.47942,0.52045,0.5203
2024,baseball,2024-04-08,False,151.0,573963,Western Mich.,15,13,0.56507,0.46199,0.50216,0.4978
2024,baseball,2024-04-08,False,103.0,573964,Wichita St.,19,13,0.56655,0.50817,0.52678,0.52742
2024,baseball,2024-04-08,False,125.0,573965,William & Mary,22,10,0.65584,0.45507,0.49011,0.51402
2024,baseball,2024-04-08,False,199.0,573966,Winthrop,12,17,0.35915,0.52695,0.48912,0.47554
2024,baseball,2024-04-08,False,80.0,573985,Wofford,21,9,0.69512,0.47182,0.52357,0.54058
2024,baseball,2024-04-08,False,165.0,573968,Wright St.,18,13,0.61017,0.41444,0.53075,0.49245
2024,baseball,2024-04-08,False,39.0,573969,Xavier,15,16,0.52941,0.62301,0.51487,0.57257
2024,baseball,2024-04-08,False,293.0,573970,Yale,8,16,0.36036,0.38119,0.48124,0.40099
2024,baseball,2024-04-08,False,283.0,573971,Youngstown St.,4,26,0.15152,0.50723,0.47515,0.41028
2024,baseball,2024-04-15,False,213.0,573989,A&M-Corpus Christi,17,23,0.40241,0.48528,0.51058,0.47089
2024,baseball,2024-04-15,False,140.0,573995,Abilene Christian,21,15,0.58261,0.46548,0.50433,0.50447
2024,baseball,2024-04-15,False,115.0,573924,Air Force,15,20,0.48232,0.54864,0.49272,0.51808
2024,baseball,2024-04-15,False,278.0,573912,Akron,6,28,0.19565,0.50805,0.48727,0.42476
2024,baseball,2024-04-15,False,19.0,573998,Alabama,24,12,0.63725,0.6199,0.51861,0.59892
2024,baseball,2024-04-15,False,297.0,573996,Alabama A&M,6,28,0.19737,0.46122,0.46283,0.39566
2024,baseball,2024-04-15,False,265.0,573997,Alabama St.,16,17,0.45758,0.40122,0.4821,0.43553
2024,baseball,2024-04-15,False,303.0,574001,Alcorn,2,27,0.09353,0.44007,0.44662,0.35507
2024,baseball,2024-04-15,False,99.0,574002,App State,20,13,0.62418,0.48576,0.51619,0.52797
2024,baseball,2024-04-15,False,29.0,574004,Arizona,21,13,0.62069,0.58677,0.52781,0.58051
2024,baseball,2024-04-15,False,86.0,574003,Arizona St.,16,20,0.40118,0.62229,0.51465,0.5401
2024,baseball,2024-04-15,False,302.0,573982,Ark.-Pine Bluff,13,22,0.29178,0.36268,0.46246,0.3699
2024,baseball,2024-04-15,False,5.0,574006,Arkansas,30,5,0.84173,0.56977,0.56786,0.63728
2024,baseball,2024-04-15,False,174.0,574005,Arkansas St.,17,20,0.45846,0.49153,0.50442,0.48649
2024,baseball,2024-04-15,False,162.0,573925,Army West Point,19,16,0.57584,0.45296,0.48997,0.49293
2024,baseball,2024-04-15,False,40.0,574008,Auburn,18,17,0.44172,0.65231,0.52103,0.56684
2024,baseball,2024-04-15,False,194.0,574009,Austin Peay,21,14,0.6,0.39302,0.52604,0.47802
2024,baseball,2024-04-15,False,119.0,574018,BYU,14,18,0.45289,0.5373,0.5366,0.51602
2024,baseball,2024-04-15,False,148.0,574010,Ball St.,23,13,0.64124,0.43614,0.4942,0.50193
2024,baseball,2024-04-15,False,122.0,574012,Baylor,16,18,0.41846,0.56033,0.51958,0.51468
2024,baseball,2024-04-15,False,289.0,574228,Bellarmine,6,29,0.17705,0.49508,0.4643,0.40788
2024,baseball,2024-04-15,False,108.0,573987,Belmont,19,17,0.51058,0.53093,0.51333,0.52144
2024,baseball,2024-04-15,False,229.0,574013,Bethune-Cookman,18,17,0.4644,0.44821,0.48576,0.46164
2024,baseball,2024-04-15,False,189.0,574014,Binghamton,13,18,0.47445,0.47808,0.49319,0.48095
2024,baseball,2024-04-15,False,42.0,574015,Boston College,19,16,0.55526,0.5896,0.5296,0.56602
2024,baseball,2024-04-15,False,92.0,574016,Bowling Green,19,12,0.70934,0.46366,0.50429,0.53524
2024,baseball,2024-04-15,False,218.0,574017,Bradley,10,22,0.39024,0.49921,0.4877,0.46909
2024,baseball,2024-04-15,False,287.0,574019,Brown,8,21,0.3274,0.42733,0.46258,0.41116
2024,baseball,2024-04-15,False,157.0,574020,Bryant,22,11,0.68013,0.40946,0.48576,0.4962
2024,baseball,2024-04-15,False,248.0,574021,Bucknell,15,20,0.42587,0.45269,0.46556,0.4492
2024,baseball,2024-04-15,False,149.0,574022,Butler,13,21,0.41547,0.54985,0.49001,0.50129
2024,baseball,2024-04-15,False,272.0,574024,CSU Bakersfield,11,23,0.26019,0.49117,0.48181,0.43109
2024,baseball,2024-04-15,False,68.0,574028,CSUN,19,13,0.61921,0.53943,0.49491,0.54824
2024,baseball,2024-04-15,False,131.0,574023,Cal Poly,19,14,0.50779,0.50351,0.53006,0.51122
2024,baseball,2024-04-15,False,207.0,574026,Cal St. Fullerton,12,20,0.35762,0.51892,0.4959,0.47284
2024,baseball,2024-04-15,False,78.0,574031,California,20,14,0.56,0.5404,0.52985,0.54266
2024,baseball,2024-04-15,False,147.0,573994,California Baptist,23,13,0.60224,0.4448,0.51627,0.50203
2024,baseball,2024-04-15,False,80.0,574036,Campbell,23,11,0.61238,0.51318,0.52949,0.54206
2024,baseball,2024-04-15,False,237.0,574037,Canisius,11,18,0.45247,0.45374,0.46402,0.45599
2024,baseball,2024-04-15,False,216.0,573972,Central Ark.,13,21,0.37805,0.50302,0.49607,0.47004
2024,baseball,2024-04-15,False,301.0,574038,Central Conn. St.,9,17,0.32661,0.37042,0.44358,0.37776
2024,baseball,2024-04-15,False,273.0,574040,Central Mich.,11,25,0.35535,0.43711,0.49258,0.43054
2024,baseball,2024-04-15,False,163.0,574011,Charleston So.,16,20,0.40437,0.5441,0.47575,0.49208
2024,baseball,2024-04-15,False,95.0,574140,Charlotte,16,20,0.39766,0.60139,0.52295,0.53085
2024,baseball,2024-04-15,False,77.0,574041,Cincinnati,20,16,0.57929,0.53965,0.51726,0.54396
2024,baseball,2024-04-15,False,3.0,574043,Clemson,29,6,0.79375,0.61052,0.55463,0.64235
2024,baseball,2024-04-15,False,24.0,574044,Coastal Carolina,24,11,0.66221,0.58457,0.54374,0.59377
2024,baseball,2024-04-15,False,81.0,573974,Col. of Charleston,24,10,0.64024,0.49996,0.52627,0.54161
2024,baseball,2024-04-15,False,166.0,574045,Columbia,15,14,0.50204,0.48414,0.48915,0.48987
2024,baseball,2024-04-15,False,293.0,574047,Coppin St.,9,19,0.33206,0.41858,0.44111,0.40258
2024,baseball,2024-04-15,False,176.0,574048,Cornell,10,13,0.50761,0.47002,0.49662,0.48607
2024,baseball,2024-04-15,False,44.0,574049,Creighton,26,7,0.78193,0.48536,0.51003,0.56567
2024,baseball,2024-04-15,False,22.0,573975,DBU,26,8,0.76412,0.54573,0.52366,0.59481
2024,baseball,2024-04-15,False,242.0,574050,Dartmouth,10,16,0.46281,0.43228,0.47974,0.45178
2024,baseball,2024-04-15,False,246.0,574051,Davidson,14,20,0.36808,0.47891,0.47579,0.45043
2024,baseball,2024-04-15,False,118.0,574052,Dayton,22,13,0.65046,0.45719,0.49992,0.51619
2024,baseball,2024-04-15,False,129.0,574054,Delaware,18,16,0.51499,0.52445,0.48343,0.51183
2024,baseball,2024-04-15,False,266.0,574053,Delaware St.,12,17,0.43279,0.43549,0.43457,0.43459
2024,baseball,2024-04-15,False,25.0,574055,Duke,26,10,0.68452,0.55443,0.55605,0.58736
2024,baseball,2024-04-15,False,79.0,574057,ETSU,21,12,0.60825,0.52122,0.51872,0.54235
2024,baseball,2024-04-15,False,13.0,574056,East Carolina,27,8,0.78344,0.56862,0.52833,0.61225
2024,baseball,2024-04-15,False,262.0,574058,Eastern Ill.,11,20,0.38305,0.43805,0.49097,0.43753
2024,baseball,2024-04-15,False,269.0,574059,Eastern Ky.,10,25,0.24929,0.49496,0.4922,0.43285
2024,baseball,2024-04-15,False,232.0,574060,Eastern Mich.,13,21,0.42903,0.46326,0.48661,0.46054
2024,baseball,2024-04-15,False,219.0,573976,Elon,14,21,0.34056,0.51927,0.49452,0.46841
2024,baseball,2024-04-15,False,128.0,574061,Evansville,18,17,0.52012,0.50987,0.50788,0.51194
2024,baseball,2024-04-15,False,277.0,574063,FDU,13,20,0.40824,0.42286,0.45292,0.42672
2024,baseball,2024-04-15,False,146.0,573991,FGCU,17,17,0.49521,0.49703,0.52037,0.50241
2024,baseball,2024-04-15,False,143.0,574066,FIU,19,17,0.46726,0.52373,0.50029,0.50376
2024,baseball,2024-04-15,False,250.0,574062,Fairfield,16,17,0.47719,0.41424,0.48997,0.44891
2024,baseball,2024-04-15,False,112.0,574065,Fla. Atlantic,19,14,0.53952,0.50234,0.53619,0.5201
2024,baseball,2024-04-15,False,43.0,574068,Florida,18,17,0.46988,0.62981,0.53331,0.5657
2024,baseball,2024-04-15,False,180.0,574064,Florida A&M,17,18,0.46857,0.50555,0.46372,0.48585
2024,baseball,2024-04-15,False,2.0,574067,Florida St.,30,5,0.85714,0.58213,0.54957,0.64274
2024,baseball,2024-04-15,False,168.0,574069,Fordham,13,21,0.41611,0.53421,0.47001,0.48863
2024,baseball,2024-04-15,False,97.0,574025,Fresno St.,25,10,0.7194,0.447,0.50485,0.52956
2024,baseball,2024-04-15,False,62.0,574073,Ga. Southern,19,17,0.48986,0.58988,0.53663,0.55156
2024,baseball,2024-04-15,False,240.0,573977,Gardner-Webb,13,22,0.32537,0.49513,0.49567,0.45282
2024,baseball,2024-04-15,False,192.0,574070,George Mason,16,17,0.44561,0.48938,0.48856,0.47823
2024,baseball,2024-04-15,False,201.0,574071,George Washington,20,15,0.53628,0.43626,0.49325,0.47551
2024,baseball,2024-04-15,False,52.0,574072,Georgetown,26,9,0.75821,0.48453,0.51601,0.56082
2024,baseball,2024-04-15,False,12.0,574076,Georgia,27,9,0.73958,0.5914,0.52844,0.61271
2024,baseball,2024-04-15,False,76.0,574074,Georgia St.,18,17,0.49714,0.5755,0.52847,0.54415
2024,baseball,2024-04-15,False,66.0,574075,Georgia Tech,22,12,0.59935,0.52917,0.5381,0.54895
2024,baseball,2024-04-15,False,127.0,574077,Gonzaga,14,18,0.49231,0.5283,0.49923,0.51203
2024,baseball,2024-04-15,False,234.0,574078,Grambling,13,20,0.43302,0.46761,0.46663,0.45872
2024,baseball,2024-04-15,False,93.0,573978,Grand Canyon,19,16,0.5562,0.53297,0.5106,0.53318
2024,baseball,2024-04-15,False,257.0,574080,Harvard,8,20,0.35938,0.46241,0.47754,0.44043
2024,baseball,2024-04-15,False,116.0,574081,Hawaii,19,14,0.52648,0.50286,0.53722,0.51735
2024,baseball,2024-04-15,False,159.0,573988,High Point,19,17,0.48512,0.4923,0.51196,0.49542
2024,baseball,2024-04-15,False,235.0,574082,Hofstra,11,23,0.35197,0.49814,0.48477,0.45826
2024,baseball,2024-04-15,False,181.0,574083,Holy Cross,17,20,0.54658,0.46167,0.47024,0.48504
2024,baseball,2024-04-15,False,103.0,574085,Houston,17,18,0.43506,0.57352,0.5207,0.5257
2024,baseball,2024-04-15,False,191.0,574084,Houston Christian,13,21,0.38436,0.51704,0.49484,0.47832
2024,baseball,2024-04-15,False,69.0,574087,Illinois,20,13,0.62153,0.52759,0.51571,0.54811
2024,baseball,2024-04-15,False,144.0,574086,Illinois St.,18,15,0.61321,0.45267,0.49551,0.50351
2024,baseball,2024-04-15,False,73.0,574090,Indiana,20,16,0.5098,0.57843,0.51571,0.54559
2024,baseball,2024-04-15,False,8.0,574089,Indiana St.,27,7,0.82919,0.55001,0.54285,0.61801
2024,baseball,2024-04-15,False,285.0,574092,Iona,6,26,0.25385,0.48144,0.42974,0.41162
2024,baseball,2024-04-15,False,117.0,574093,Iowa,18,15,0.54545,0.49289,0.53729,0.51713
2024,baseball,2024-04-15,False,206.0,574094,Jackson St.,23,11,0.68439,0.36703,0.4756,0.47351
2024,baseball,2024-04-15,False,167.0,574096,Jacksonville,16,18,0.45294,0.50417,0.49635,0.48941
2024,baseball,2024-04-15,False,190.0,574095,Jacksonville St.,12,23,0.31672,0.55309,0.49974,0.48066
2024,baseball,2024-04-15,False,26.0,574097,James Madison,21,14,0.61204,0.60407,0.5111,0.58282
2024,baseball,2024-04-15,False,91.0,574099,Kansas,19,14,0.52648,0.53836,0.53853,0.53543
2024,baseball,2024-04-15,False,39.0,574098,Kansas St.,21,13,0.61564,0.56276,0.5429,0.57101
2024,baseball,2024-04-15,False,38.0,573979,Kennesaw St.,20,14,0.62805,0.57929,0.49885,0.57137
2024,baseball,2024-04-15,False,172.0,574100,Kent St.,16,17,0.53047,0.46414,0.48923,0.48699
2024,baseball,2024-04-15,False,4.0,574101,Kentucky,30,5,0.85207,0.5748,0.55591,0.6394
2024,baseball,2024-04-15,False,271.0,574106,LIU,15,16,0.52227,0.36708,0.46902,0.43136
2024,baseball,2024-04-15,False,231.0,574112,LMU (CA),14,23,0.35312,0.4969,0.49558,0.46062
2024,baseball,2024-04-15,False,54.0,574108,LSU,22,15,0.55183,0.57468,0.53979,0.56024
2024,baseball,2024-04-15,False,228.0,574102,Lafayette,10,26,0.28205,0.5511,0.46235,0.46165
2024,baseball,2024-04-15,False,36.0,574103,Lamar University,29,6,0.82803,0.46531,0.53415,0.5732
2024,baseball,2024-04-15,False,238.0,574412,Le Moyne,13,17,0.50379,0.42742,0.45971,0.45458
2024,baseball,2024-04-15,False,217.0,574104,Lehigh,19,15,0.5905,0.40145,0.48582,0.46981
2024,baseball,2024-04-15,False,158.0,574105,Liberty,17,18,0.44478,0.51211,0.51478,0.49594
2024,baseball,2024-04-15,False,252.0,574230,Lindenwood,12,23,0.36656,0.47051,0.48245,0.44751
2024,baseball,2024-04-15,False,212.0,573990,Lipscomb,11,23,0.33832,0.52453,0.49697,0.47109
2024,baseball,2024-04-15,False,135.0,574007,Little Rock,19,16,0.53191,0.50146,0.49506,0.50748
2024,baseball,2024-04-15,False,186.0,574027,Long Beach St.,17,14,0.53962,0.44384,0.50434,0.48291
2024,baseball,2024-04-15,False,199.0,574107,Longwood,16,20,0.45679,0.47391,0.5011,0.47643
2024,baseball,2024-04-15,False,49.0,574220,Louisiana,28,9,0.7052,0.50835,0.52484,0.56168
2024,baseball,2024-04-15,False,89.0,574109,Louisiana Tech,26,12,0.6535,0.48545,0.52912,0.53838
2024,baseball,2024-04-15,False,87.0,574110,Louisville,21,14,0.52131,0.54707,0.54008,0.53888
2024,baseball,2024-04-15,False,282.0,574113,Maine,8,22,0.32549,0.43062,0.49297,0.41992
2024,baseball,2024-04-15,False,296.0,574114,Manhattan,10,23,0.38188,0.3589,0.48995,0.39741
2024,baseball,2024-04-15,False,255.0,574115,Marist,12,22,0.42857,0.42982,0.48551,0.44343
2024,baseball,2024-04-15,False,178.0,574116,Marshall,12,22,0.32862,0.5558,0.50374,0.48599
2024,baseball,2024-04-15,False,56.0,574118,Maryland,23,14,0.65903,0.52336,0.52917,0.55873
2024,baseball,2024-04-15,False,230.0,574120,Massachusetts,11,20,0.44518,0.45291,0.49447,0.46137
2024,baseball,2024-04-15,False,123.0,574121,McNeese,16,18,0.42763,0.56504,0.49978,0.51437
2024,baseball,2024-04-15,False,160.0,574122,Memphis,18,19,0.45777,0.50834,0.50545,0.49497
2024,baseball,2024-04-15,False,126.0,574123,Mercer,18,16,0.48447,0.52983,0.50492,0.51226
2024,baseball,2024-04-15,False,270.0,573973,Merrimack,13,20,0.43711,0.41814,0.45448,0.43197
2024,baseball,2024-04-15,False,71.0,574125,Miami (FL),16,19,0.39871,0.62963,0.52922,0.5468
2024,baseball,2024-04-15,False,223.0,574124,Miami (OH),14,19,0.41195,0.48338,0.48726,0.46649
2024,baseball,2024-04-15,False,101.0,574127,Michigan,17,20,0.45352,0.57313,0.50404,0.52595
2024,baseball,2024-04-15,False,121.0,574126,Michigan St.,14,19,0.40252,0.58607,0.48642,0.51527
2024,baseball,2024-04-15,False,251.0,574128,Middle Tenn.,12,22,0.32948,0.48564,0.49096,0.44793
2024,baseball,2024-04-15,False,264.0,573967,Milwaukee,7,25,0.26838,0.50598,0.46197,0.43558
2024,baseball,2024-04-15,False,138.0,574129,Minnesota,14,16,0.53265,0.49093,0.50523,0.50494
2024,baseball,2024-04-15,False,51.0,574130,Mississippi St.,22,14,0.56269,0.57129,0.53847,0.56094
2024,baseball,2024-04-15,False,295.0,574131,Mississippi Val.,9,20,0.29693,0.43421,0.43341,0.39969
2024,baseball,2024-04-15,False,96.0,574133,Missouri,16,21,0.41908,0.59474,0.51143,0.53
2024,baseball,2024-04-15,False,109.0,574218,Missouri St.,15,19,0.49422,0.53898,0.51225,0.5211
2024,baseball,2024-04-15,False,210.0,574134,Monmouth,9,20,0.35857,0.52179,0.48552,0.47192
2024,baseball,2024-04-15,False,165.0,574135,Morehead St.,19,16,0.57098,0.44287,0.50426,0.49025
2024,baseball,2024-04-15,False,299.0,574136,Mount St. Mary's,6,25,0.22837,0.43936,0.45218,0.38982
2024,baseball,2024-04-15,False,53.0,574137,Murray St.,22,13,0.6209,0.56036,0.50136,0.56074
2024,baseball,2024-04-15,False,113.0,574154,N.C. A&T,19,16,0.54518,0.51905,0.49055,0.51846
2024,baseball,2024-04-15,False,30.0,574155,NC State,20,13,0.58781,0.59123,0.54344,0.57843
2024,baseball,2024-04-15,False,225.0,574160,NIU,11,24,0.42553,0.46504,0.49863,0.46356
2024,baseball,2024-04-15,False,253.0,574147,NJIT,12,19,0.48763,0.40504,0.49227,0.4475
2024,baseball,2024-04-15,False,227.0,573946,Navy,21,15,0.58261,0.38732,0.49353,0.46269
2024,baseball,2024-04-15,False,16.0,574143,Nebraska,23,10,0.72327,0.57907,0.52888,0.60257
2024,baseball,2024-04-15,False,195.0,574146,Nevada,15,17,0.49662,0.46314,0.48883,0.47793
2024,baseball,2024-04-15,False,215.0,574149,New Mexico,17,17,0.4441,0.47302,0.4913,0.47036
2024,baseball,2024-04-15,False,202.0,574148,New Mexico St.,15,19,0.42123,0.48616,0.50726,0.47521
2024,baseball,2024-04-15,False,88.0,574150,New Orleans,21,14,0.55312,0.54368,0.51322,0.53842
2024,baseball,2024-04-15,False,141.0,574151,Niagara,22,9,0.79479,0.35827,0.50568,0.50425
2024,baseball,2024-04-15,False,75.0,574152,Nicholls,24,13,0.61561,0.53042,0.50356,0.545
2024,baseball,2024-04-15,False,304.0,574153,Norfolk St.,9,26,0.23077,0.31966,0.44061,0.32767
2024,baseball,2024-04-15,False,275.0,573993,North Ala.,13,20,0.3676,0.42213,0.50124,0.42828
2024,baseball,2024-04-15,False,6.0,574139,North Carolina,29,7,0.81293,0.59474,0.54495,0.63684
2024,baseball,2024-04-15,False,198.0,574156,North Dakota St.,10,21,0.43816,0.48673,0.49535,0.47674
2024,baseball,2024-04-15,False,259.0,573983,North Florida,17,16,0.45566,0.39621,0.5062,0.43857
2024,baseball,2024-04-15,False,32.0,574158,Northeastern,27,8,0.83862,0.46513,0.53313,0.5755
2024,baseball,2024-04-15,False,284.0,574159,Northern Colo.,7,27,0.21262,0.4794,0.47849,0.41248
2024,baseball,2024-04-15,False,155.0,574161,Northern Ky.,22,13,0.65615,0.41814,0.50191,0.49859
2024,baseball,2024-04-15,False,107.0,574163,Northwestern,12,20,0.43949,0.56808,0.51168,0.52183
2024,baseball,2024-04-15,False,175.0,574162,Northwestern St.,13,23,0.35278,0.54543,0.50131,0.48624
2024,baseball,2024-04-15,False,41.0,574164,Notre Dame,15,18,0.52381,0.60464,0.53215,0.56631
2024,baseball,2024-04-15,False,164.0,574165,Oakland,19,17,0.6345,0.42393,0.48239,0.49119
2024,baseball,2024-04-15,False,263.0,574167,Ohio,10,21,0.33223,0.47074,0.47577,0.43737
2024,baseball,2024-04-15,False,48.0,574166,Ohio St.,17,15,0.55627,0.58423,0.53048,0.5638
2024,baseball,2024-04-15,False,21.0,574169,Oklahoma,21,14,0.54942,0.65508,0.52743,0.59676
2024,baseball,2024-04-15,False,23.0,574168,Oklahoma St.,25,11,0.68485,0.5757,0.54251,0.59469
2024,baseball,2024-04-15,False,60.0,574170,Old Dominion,18,17,0.43279,0.62593,0.52801,0.55317
2024,baseball,2024-04-15,False,28.0,574132,Ole Miss,20,16,0.5107,0.64824,0.51533,0.58063
2024,baseball,2024-04-15,False,288.0,574144,Omaha,10,22,0.33784,0.41031,0.47656,0.40876
2024,baseball,2024-04-15,False,291.0,574171,Oral Roberts,12,23,0.30084,0.4118,0.49298,0.40435
2024,baseball,2024-04-15,False,64.0,574173,Oregon,25,10,0.65976,0.49724,0.55004,0.55107
2024,baseball,2024-04-15,False,11.0,574172,Oregon St.,29,5,0.84615,0.53739,0.53295,0.61347
2024,baseball,2024-04-15,False,283.0,574174,Pacific,6,29,0.15287,0.51835,0.48266,0.41806
2024,baseball,2024-04-15,False,197.0,574177,Penn,14,17,0.48375,0.46729,0.48865,0.47675
2024,baseball,2024-04-15,False,156.0,574176,Penn St.,18,14,0.57191,0.4485,0.52245,0.49784
2024,baseball,2024-04-15,False,279.0,574178,Pepperdine,12,24,0.31034,0.4459,0.49514,0.42432
2024,baseball,2024-04-15,False,110.0,574179,Pittsburgh,14,18,0.41486,0.57164,0.52467,0.5207
2024,baseball,2024-04-15,False,57.0,574180,Portland,22,11,0.67868,0.52396,0.50378,0.55759
2024,baseball,2024-04-15,False,239.0,574181,Prairie View,17,22,0.48459,0.42386,0.48417,0.45412
2024,baseball,2024-04-15,False,193.0,573980,Presbyterian,19,17,0.48968,0.46838,0.4864,0.47821
2024,baseball,2024-04-15,False,226.0,574182,Princeton,10,19,0.38545,0.48973,0.48677,0.46292
2024,baseball,2024-04-15,False,67.0,574183,Purdue,23,13,0.61111,0.52768,0.52752,0.5485
2024,baseball,2024-04-15,False,188.0,574091,Purdue Fort Wayne,13,22,0.46749,0.47962,0.50078,0.48188
2024,baseball,2024-04-15,False,247.0,574231,Queens (NC),10,25,0.30675,0.51766,0.4584,0.45012
2024,baseball,2024-04-15,False,286.0,574184,Quinnipiac,11,21,0.35714,0.40357,0.48058,0.41122
2024,baseball,2024-04-15,False,261.0,574185,Radford,10,22,0.25735,0.50039,0.49344,0.43789
2024,baseball,2024-04-15,False,154.0,574186,Rhode Island,11,18,0.39749,0.56425,0.46935,0.49884
2024,baseball,2024-04-15,False,241.0,574187,Rice,12,25,0.27793,0.50221,0.52512,0.45186
2024,baseball,2024-04-15,False,249.0,574188,Richmond,16,20,0.36905,0.47523,0.47692,0.4491
2024,baseball,2024-04-15,False,124.0,574189,Rider,15,16,0.56107,0.50988,0.47578,0.51416
2024,baseball,2024-04-15,False,47.0,574190,Rutgers,22,13,0.66295,0.52642,0.53962,0.56385
2024,baseball,2024-04-15,False,292.0,574222,SFA,5,31,0.10511,0.51822,0.47419,0.40393
2024,baseball,2024-04-15,False,260.0,574215,SIUE,13,23,0.37135,0.45882,0.46279,0.43794
2024,baseball,2024-04-15,False,196.0,574029,Sacramento St.,18,20,0.44211,0.48486,0.49613,0.47699
2024,baseball,2024-04-15,False,150.0,574191,Sacred Heart,18,14,0.6,0.48099,0.44084,0.50071
2024,baseball,2024-04-15,False,211.0,574194,Saint Joseph's,13,18,0.43682,0.48296,0.48458,0.47183
2024,baseball,2024-04-15,False,100.0,574195,Saint Louis,25,8,0.74035,0.43002,0.50505,0.52636
2024,baseball,2024-04-15,False,105.0,574196,Saint Mary's (CA),21,13,0.61976,0.48332,0.51292,0.52483
2024,baseball,2024-04-15,False,298.0,574197,Saint Peter's,10,26,0.33333,0.39271,0.44222,0.39024
2024,baseball,2024-04-15,False,61.0,574198,Sam Houston,21,15,0.5625,0.56877,0.50643,0.55162
2024,baseball,2024-04-15,False,74.0,574199,Samford,24,11,0.65595,0.49845,0.52917,0.5455
2024,baseball,2024-04-15,False,31.0,574201,San Diego,22,12,0.68615,0.54806,0.52601,0.57707
2024,baseball,2024-04-15,False,243.0,574200,San Diego St.,11,24,0.28875,0.51289,0.48963,0.45104
2024,baseball,2024-04-15,False,258.0,574202,San Francisco,17,19,0.43056,0.42404,0.48041,0.43976
2024,baseball,2024-04-15,False,209.0,574203,San Jose St.,13,23,0.37346,0.51761,0.48213,0.4727
2024,baseball,2024-04-15,False,151.0,574204,Santa Clara,18,15,0.54369,0.47649,0.50569,0.50059
2024,baseball,2024-04-15,False,280.0,573981,Seattle U,8,27,0.24768,0.48169,0.47873,0.42245
2024,baseball,2024-04-15,False,179.0,574205,Seton Hall,17,18,0.50281,0.47264,0.4955,0.4859
2024,baseball,2024-04-15,False,300.0,574206,Siena,5,26,0.2,0.41192,0.49124,0.37877
2024,baseball,2024-04-15,False,85.0,574207,South Alabama,20,16,0.50585,0.56117,0.53311,0.54032
2024,baseball,2024-04-15,False,15.0,574208,South Carolina,25,11,0.66984,0.59783,0.54723,0.60318
2024,baseball,2024-04-15,False,220.0,574209,South Dakota St.,15,18,0.57407,0.41259,0.47366,0.46823
2024,baseball,2024-04-15,False,90.0,574210,South Fla.,21,15,0.56481,0.53414,0.5203,0.53835
2024,baseball,2024-04-15,False,161.0,574211,Southeast Mo. St.,18,18,0.49153,0.49684,0.48969,0.49372
2024,baseball,2024-04-15,False,130.0,574212,Southeastern La.,19,17,0.49405,0.52512,0.50115,0.51136
2024,baseball,2024-04-15,False,84.0,574213,Southern California,17,18,0.47112,0.58546,0.52001,0.54051
2024,baseball,2024-04-15,False,169.0,574214,Southern Ill.,20,16,0.54167,0.45034,0.51166,0.4885
2024,baseball,2024-04-15,False,183.0,574232,Southern Ind.,15,21,0.43966,0.50814,0.47991,0.48396
2024,baseball,2024-04-15,False,45.0,574216,Southern Miss.,22,14,0.59939,0.56352,0.53303,0.56486
2024,baseball,2024-04-15,False,236.0,574217,Southern U.,16,15,0.50157,0.42796,0.47216,0.45741
2024,baseball,2024-04-15,False,204.0,574192,St. Bonaventure,12,18,0.47917,0.47291,0.4747,0.47492
2024,baseball,2024-04-15,False,50.0,574193,St. John's (NY),23,7,0.81226,0.45075,0.5306,0.56109
2024,baseball,2024-04-15,False,171.0,573909,St. Thomas (MN),13,14,0.56272,0.45752,0.47222,0.4875
2024,baseball,2024-04-15,False,134.0,574221,Stanford,14,19,0.41298,0.55765,0.50494,0.5083
2024,baseball,2024-04-15,False,114.0,574223,Stetson,24,12,0.60377,0.47198,0.52495,0.51817
2024,baseball,2024-04-15,False,245.0,574233,Stonehill,10,18,0.42748,0.4579,0.46012,0.45085
2024,baseball,2024-04-15,False,106.0,574224,Stony Brook,17,17,0.51863,0.53829,0.49461,0.52246
2024,baseball,2024-04-15,False,35.0,573914,TCU,22,12,0.6263,0.56232,0.54528,0.57406
2024,baseball,2024-04-15,False,184.0,573910,Tarleton St.,20,15,0.58967,0.41987,0.50468,0.48352
2024,baseball,2024-04-15,False,7.0,574226,Tennessee,30,6,0.80412,0.56193,0.55289,0.62022
2024,baseball,2024-04-15,False,222.0,574225,Tennessee Tech,22,14,0.55758,0.40066,0.50888,0.46695
2024,baseball,2024-04-15,False,72.0,573918,Texas,22,15,0.53846,0.55822,0.5288,0.54593
2024,baseball,2024-04-15,False,1.0,573913,Texas A&M,32,4,0.88552,0.5671,0.55664,0.64409
2024,baseball,2024-04-15,False,185.0,573915,Texas Southern,14,18,0.49822,0.48234,0.46986,0.48319
2024,baseball,2024-04-15,False,125.0,574219,Texas St.,18,19,0.45845,0.53655,0.52271,0.51356
2024,baseball,2024-04-15,False,33.0,573916,Texas Tech,26,11,0.68923,0.5366,0.53477,0.5743
2024,baseball,2024-04-15,False,254.0,574042,The Citadel,16,18,0.36646,0.46048,0.49983,0.44681
2024,baseball,2024-04-15,False,182.0,573920,Toledo,19,17,0.58187,0.4343,0.48772,0.48455
2024,baseball,2024-04-15,False,256.0,573921,Towson,8,26,0.21382,0.53708,0.48044,0.4421
2024,baseball,2024-04-15,False,65.0,573922,Troy,25,12,0.7017,0.48835,0.5189,0.54933
2024,baseball,2024-04-15,False,111.0,573923,Tulane,20,16,0.51462,0.5308,0.50633,0.52063
2024,baseball,2024-04-15,False,187.0,573999,UAB,15,19,0.40823,0.49885,0.52231,0.48206
2024,baseball,2024-04-15,False,281.0,574000,UAlbany,4,24,0.17241,0.52451,0.46592,0.42184
2024,baseball,2024-04-15,False,120.0,574032,UC Davis,16,17,0.48845,0.54414,0.48575,0.51562
2024,baseball,2024-04-15,False,20.0,574033,UC Irvine,25,7,0.78033,0.55079,0.50719,0.59728
2024,baseball,2024-04-15,False,274.0,574035,UC Riverside,10,21,0.27243,0.48352,0.47816,0.42941
2024,baseball,2024-04-15,False,153.0,574229,UC San Diego,23,11,0.61301,0.42903,0.52481,0.49897
2024,baseball,2024-04-15,False,18.0,574030,UC Santa Barbara,21,10,0.73282,0.58048,0.50286,0.59916
2024,baseball,2024-04-15,False,14.0,574039,UCF,21,12,0.63636,0.63456,0.53085,0.60909
2024,baseball,2024-04-15,False,173.0,574034,UCLA,13,20,0.35764,0.53444,0.52132,0.48696
2024,baseball,2024-04-15,False,58.0,574046,UConn,16,17,0.51815,0.59352,0.51879,0.55599
2024,baseball,2024-04-15,False,55.0,574088,UIC,22,11,0.69637,0.5218,0.50074,0.56018
2024,baseball,2024-04-15,False,133.0,573984,UIW,20,14,0.59868,0.46442,0.50836,0.50897
2024,baseball,2024-04-15,False,152.0,574157,ULM,17,18,0.42939,0.523,0.52186,0.49931
2024,baseball,2024-04-15,False,224.0,574117,UMBC,14,15,0.4721,0.46074,0.47217,0.46644
2024,baseball,2024-04-15,False,305.0,574119,UMES,0,29,0.0,0.39707,0.42026,0.3036
2024,baseball,2024-04-15,False,205.0,574111,UMass Lowell,14,19,0.50159,0.46054,0.47206,0.47368
2024,baseball,2024-04-15,False,233.0,574138,UNC Asheville,14,20,0.36184,0.48879,0.49621,0.4589
2024,baseball,2024-04-15,False,59.0,574141,UNC Greensboro,19,15,0.5538,0.57701,0.50524,0.55326
2024,baseball,2024-04-15,False,82.0,574142,UNCW,23,13,0.59697,0.51954,0.52992,0.54149
2024,baseball,2024-04-15,False,221.0,574145,UNLV,19,16,0.52239,0.42021,0.50631,0.46728
2024,baseball,2024-04-15,False,70.0,573986,USC Upstate,24,13,0.61765,0.53204,0.50568,0.54685
2024,baseball,2024-04-15,False,139.0,573917,UT Arlington,15,21,0.42241,0.54148,0.5133,0.50467
2024,baseball,2024-04-15,False,290.0,574227,UT Martin,13,23,0.33626,0.40169,0.47932,0.40474
2024,baseball,2024-04-15,False,244.0,574175,UTRGV,17,15,0.46429,0.42114,0.49725,0.45095
2024,baseball,2024-04-15,False,83.0,573919,UTSA,21,15,0.57143,0.53348,0.52461,0.54075
2024,baseball,2024-04-15,False,46.0,573947,Utah,23,11,0.69859,0.52589,0.5088,0.56479
2024,baseball,2024-04-15,False,276.0,573911,Utah Tech,9,26,0.25072,0.48553,0.48628,0.42701
2024,baseball,2024-04-15,False,142.0,573992,Utah Valley,19,18,0.5549,0.47808,0.50506,0.50403
2024,baseball,2024-04-15,False,98.0,573951,VCU,23,13,0.63492,0.48699,0.5058,0.52868
2024,baseball,2024-04-15,False,145.0,573952,VMI,20,19,0.52707,0.50123,0.48128,0.5027
2024,baseball,2024-04-15,False,208.0,573948,Valparaiso,11,22,0.40476,0.49696,0.49218,0.47271
2024,baseball,2024-04-15,False,17.0,573949,Vanderbilt,26,10,0.70068,0.58048,0.53821,0.59996
2024,baseball,2024-04-15,False,170.0,573950,Villanova,11,21,0.44051,0.51611,0.47954,0.48807
2024,baseball,2024-04-15,False,9.0,573954,Virginia,28,8,0.7737,0.57527,0.53986,0.61603
2024,baseball,2024-04-15,False,34.0,573953,Virginia Tech,23,10,0.68254,0.52669,0.56096,0.57422
2024,baseball,2024-04-15,False,203.0,573955,Wagner,15,19,0.49329,0.47101,0.46549,0.4752
2024,baseball,2024-04-15,False,10.0,573956,Wake Forest,24,11,0.65653,0.6351,0.52982,0.61414
2024,baseball,2024-04-15,False,200.0,573958,Washington,11,17,0.37405,0.50653,0.51562,0.47568
2024,baseball,2024-04-15,False,177.0,573957,Washington St.,17,17,0.51385,0.44637,0.53759,0.48604
2024,baseball,2024-04-15,False,27.0,573959,West Virginia,22,13,0.64826,0.56542,0.54818,0.58182
2024,baseball,2024-04-15,False,136.0,573960,Western Caro.,19,14,0.55352,0.47401,0.51922,0.50519
2024,baseball,2024-04-15,False,268.0,573961,Western Ill.,7,24,0.27622,0.50712,0.44373,0.43355
2024,baseball,2024-04-15,False,94.0,573962,Western Ky.,25,12,0.63435,0.48689,0.52444,0.53314
2024,baseball,2024-04-15,False,132.0,573963,Western Mich.,19,13,0.61043,0.46589,0.50183,0.51101
2024,baseball,2024-04-15,False,104.0,573964,Wichita St.,21,16,0.52941,0.52529,0.52102,0.52525
2024,baseball,2024-04-15,False,102.0,573965,William & Mary,25,11,0.65805,0.47558,0.49442,0.52591
2024,baseball,2024-04-15,False,214.0,573966,Winthrop,13,20,0.34936,0.52263,0.48747,0.47052
2024,baseball,2024-04-15,False,63.0,573985,Wofford,24,10,0.71918,0.48489,0.51557,0.55113
2024,baseball,2024-04-15,False,136.0,573968,Wright St.,20,15,0.60947,0.45107,0.50916,0.50519
2024,baseball,2024-04-15,False,37.0,573969,Xavier,17,18,0.51227,0.63059,0.51716,0.57265
2024,baseball,2024-04-15,False,267.0,573970,Yale,11,17,0.4313,0.41268,0.47794,0.43365
2024,baseball,2024-04-15,False,294.0,573971,Youngstown St.,5,29,0.15161,0.47984,0.48818,0.39987
2024,baseball,2024-04-22,False,186.0,573989,A&M-Corpus Christi,19,25,0.40312,0.51194,0.50896,0.48399
2024,baseball,2024-04-22,False,145.0,573995,Abilene Christian,23,17,0.55844,0.4759,0.50697,0.5043
2024,baseball,2024-04-22,False,113.0,573924,Air Force,17,22,0.47536,0.55112,0.4995,0.51928
2024,baseball,2024-04-22,False,266.0,573912,Akron,9,30,0.26772,0.50383,0.488,0.44085
2024,baseball,2024-04-22,False,21.0,573998,Alabama,25,15,0.57386,0.62894,0.52386,0.5889
2024,baseball,2024-04-22,False,291.0,573996,Alabama A&M,8,30,0.23669,0.45999,0.46805,0.40618
2024,baseball,2024-04-22,False,238.0,573997,Alabama St.,19,19,0.48806,0.42824,0.47463,0.45479
2024,baseball,2024-04-22,False,303.0,574001,Alcorn,2,31,0.08497,0.43574,0.45057,0.35176
2024,baseball,2024-04-22,False,84.0,574002,App State,22,14,0.64012,0.49589,0.51843,0.53758
2024,baseball,2024-04-22,False,31.0,574004,Arizona,24,14,0.63112,0.57705,0.52471,0.57748
2024,baseball,2024-04-22,False,83.0,574003,Arizona St.,20,21,0.47236,0.57867,0.52064,0.53759
2024,baseball,2024-04-22,False,302.0,573982,Ark.-Pine Bluff,13,26,0.27034,0.36069,0.46436,0.36402
2024,baseball,2024-04-22,False,2.0,574006,Arkansas,34,6,0.84308,0.58089,0.56817,0.64325
2024,baseball,2024-04-22,False,193.0,574005,Arkansas St.,17,22,0.4245,0.49324,0.5035,0.47862
2024,baseball,2024-04-22,False,159.0,573925,Army West Point,22,17,0.58586,0.45686,0.49252,0.49802
2024,baseball,2024-04-22,False,47.0,574008,Auburn,19,20,0.42655,0.64628,0.52664,0.56144
2024,baseball,2024-04-22,False,189.0,574009,Austin Peay,23,16,0.60533,0.40058,0.5204,0.48172
2024,baseball,2024-04-22,False,142.0,574018,BYU,15,21,0.416,0.531,0.54186,0.50496
2024,baseball,2024-04-22,False,129.0,574010,Ball St.,25,15,0.64213,0.45659,0.48804,0.51084
2024,baseball,2024-04-22,False,125.0,574012,Baylor,18,20,0.42049,0.5549,0.51992,0.51255
2024,baseball,2024-04-22,False,292.0,574228,Bellarmine,6,33,0.16216,0.49557,0.4711,0.4061
2024,baseball,2024-04-22,False,140.0,573987,Belmont,20,20,0.4717,0.52555,0.50204,0.50621
2024,baseball,2024-04-22,False,201.0,574013,Bethune-Cookman,24,17,0.53369,0.43547,0.49139,0.47401
2024,baseball,2024-04-22,False,197.0,574014,Binghamton,16,19,0.49026,0.45849,0.4984,0.47641
2024,baseball,2024-04-22,False,62.0,574015,Boston College,20,19,0.53431,0.57001,0.54324,0.55439
2024,baseball,2024-04-22,False,100.0,574016,Bowling Green,22,13,0.69969,0.45068,0.50854,0.5274
2024,baseball,2024-04-22,False,241.0,574017,Bradley,10,27,0.32941,0.50222,0.48407,0.45448
2024,baseball,2024-04-22,False,289.0,574019,Brown,8,24,0.2875,0.44506,0.46118,0.4097
2024,baseball,2024-04-22,False,163.0,574020,Bryant,25,12,0.67372,0.41653,0.48361,0.4976
2024,baseball,2024-04-22,False,233.0,574021,Bucknell,17,22,0.45098,0.46602,0.46557,0.46215
2024,baseball,2024-04-22,False,152.0,574022,Butler,15,24,0.42537,0.5504,0.48508,0.50281
2024,baseball,2024-04-22,False,278.0,574024,CSU Bakersfield,11,27,0.2274,0.50271,0.47823,0.42776
2024,baseball,2024-04-22,False,74.0,574028,CSUN,23,14,0.65123,0.50945,0.5018,0.54298
2024,baseball,2024-04-22,False,122.0,574023,Cal Poly,22,16,0.52486,0.50452,0.52368,0.5144
2024,baseball,2024-04-22,False,220.0,574026,Cal St. Fullerton,13,24,0.31856,0.52565,0.49936,0.46731
2024,baseball,2024-04-22,False,52.0,574031,California,24,14,0.5949,0.55932,0.52628,0.55995
2024,baseball,2024-04-22,False,114.0,573994,California Baptist,26,14,0.62469,0.47044,0.50712,0.51817
2024,baseball,2024-04-22,False,82.0,574036,Campbell,25,13,0.61671,0.5033,0.52838,0.53792
2024,baseball,2024-04-22,False,260.0,574037,Canisius,11,21,0.41901,0.45247,0.45699,0.44524
2024,baseball,2024-04-22,False,231.0,573972,Central Ark.,16,22,0.40055,0.47802,0.49574,0.46308
2024,baseball,2024-04-22,False,298.0,574038,Central Conn. St.,11,19,0.37153,0.37428,0.44631,0.3916
2024,baseball,2024-04-22,False,257.0,574040,Central Mich.,13,27,0.37784,0.45505,0.49891,0.44671
2024,baseball,2024-04-22,False,165.0,574011,Charleston So.,17,23,0.4025,0.55152,0.48182,0.49684
2024,baseball,2024-04-22,False,93.0,574140,Charlotte,19,21,0.42432,0.58894,0.5246,0.5317
2024,baseball,2024-04-22,False,90.0,574041,Cincinnati,23,18,0.5618,0.52593,0.52338,0.53426
2024,baseball,2024-04-22,False,5.0,574043,Clemson,32,7,0.77684,0.58997,0.55129,0.62702
2024,baseball,2024-04-22,False,13.0,574044,Coastal Carolina,27,12,0.66372,0.59752,0.54421,0.60074
2024,baseball,2024-04-22,False,65.0,573974,Col. of Charleston,28,10,0.66854,0.50675,0.52662,0.55216
2024,baseball,2024-04-22,False,137.0,574045,Columbia,19,14,0.58923,0.47662,0.48553,0.507
2024,baseball,2024-04-22,False,299.0,574047,Coppin St.,12,20,0.37241,0.37262,0.44667,0.39108
2024,baseball,2024-04-22,False,180.0,574048,Cornell,13,14,0.53586,0.46039,0.48896,0.4864
2024,baseball,2024-04-22,False,51.0,574049,Creighton,28,9,0.76731,0.48167,0.50981,0.56012
2024,baseball,2024-04-22,False,17.0,573975,DBU,28,10,0.72046,0.56736,0.52153,0.59418
2024,baseball,2024-04-22,False,263.0,574050,Dartmouth,11,19,0.44326,0.42923,0.47504,0.44419
2024,baseball,2024-04-22,False,244.0,574051,Davidson,16,22,0.37243,0.47996,0.47995,0.45308
2024,baseball,2024-04-22,False,108.0,574052,Dayton,25,14,0.66938,0.45831,0.50355,0.52239
2024,baseball,2024-04-22,False,123.0,574054,Delaware,20,18,0.52058,0.52186,0.48924,0.51339
2024,baseball,2024-04-22,False,262.0,574053,Delaware St.,14,18,0.43976,0.45041,0.43665,0.44431
2024,baseball,2024-04-22,False,20.0,574055,Duke,29,11,0.69947,0.55134,0.55376,0.58898
2024,baseball,2024-04-22,False,50.0,574057,ETSU,24,13,0.63444,0.54385,0.5184,0.56014
2024,baseball,2024-04-22,False,8.0,574056,East Carolina,31,8,0.8046,0.56892,0.52836,0.6177
2024,baseball,2024-04-22,False,261.0,574058,Eastern Ill.,13,23,0.38889,0.45313,0.48538,0.44513
2024,baseball,2024-04-22,False,277.0,574059,Eastern Ky.,11,28,0.26098,0.47754,0.4951,0.42779
2024,baseball,2024-04-22,False,272.0,574060,Eastern Mich.,13,25,0.3674,0.43551,0.4923,0.43268
2024,baseball,2024-04-22,False,211.0,573976,Elon,16,23,0.3416,0.52057,0.49886,0.4704
2024,baseball,2024-04-22,False,107.0,574061,Evansville,22,17,0.58667,0.49692,0.50933,0.52246
2024,baseball,2024-04-22,False,290.0,574063,FDU,14,23,0.37785,0.40187,0.45031,0.40797
2024,baseball,2024-04-22,False,151.0,573991,FGCU,19,19,0.48747,0.51112,0.50217,0.50297
2024,baseball,2024-04-22,False,103.0,574066,FIU,23,17,0.53141,0.53317,0.50388,0.52541
2024,baseball,2024-04-22,False,246.0,574062,Fairfield,19,19,0.5,0.40946,0.48535,0.45107
2024,baseball,2024-04-22,False,133.0,574065,Fla. Atlantic,20,17,0.49547,0.50279,0.5309,0.50799
2024,baseball,2024-04-22,False,36.0,574068,Florida,20,19,0.48087,0.63542,0.53192,0.57091
2024,baseball,2024-04-22,False,190.0,574064,Florida A&M,20,19,0.48974,0.48236,0.47052,0.48125
2024,baseball,2024-04-22,False,4.0,574067,Florida St.,31,8,0.79205,0.58386,0.55004,0.62745
2024,baseball,2024-04-22,False,148.0,574069,Fordham,16,22,0.43675,0.55353,0.4699,0.50343
2024,baseball,2024-04-22,False,141.0,574025,Fresno St.,25,14,0.63255,0.44111,0.50869,0.50586
2024,baseball,2024-04-22,False,71.0,574073,Ga. Southern,19,20,0.46175,0.59045,0.5392,0.54546
2024,baseball,2024-04-22,False,237.0,573977,Gardner-Webb,15,24,0.33333,0.49667,0.49484,0.45538
2024,baseball,2024-04-22,False,210.0,574070,George Mason,17,20,0.41231,0.49329,0.48486,0.47094
2024,baseball,2024-04-22,False,228.0,574071,George Washington,23,16,0.55182,0.40613,0.4935,0.46439
2024,baseball,2024-04-22,False,79.0,574072,Georgetown,26,13,0.66667,0.48896,0.51781,0.5406
2024,baseball,2024-04-22,False,11.0,574076,Georgia,29,10,0.72063,0.58519,0.53907,0.60752
2024,baseball,2024-04-22,False,67.0,574074,Georgia St.,20,19,0.50521,0.58129,0.53002,0.54945
2024,baseball,2024-04-22,False,60.0,574075,Georgia Tech,24,14,0.60519,0.53596,0.54558,0.55567
2024,baseball,2024-04-22,False,132.0,574077,Gonzaga,16,20,0.48299,0.52561,0.50052,0.50869
2024,baseball,2024-04-22,False,245.0,574078,Grambling,16,20,0.46784,0.43465,0.47012,0.45181
2024,baseball,2024-04-22,False,110.0,573978,Grand Canyon,22,18,0.54315,0.51532,0.51167,0.52137
2024,baseball,2024-04-22,False,251.0,574080,Harvard,11,21,0.40203,0.45562,0.48122,0.44862
2024,baseball,2024-04-22,False,111.0,574081,Hawaii,22,15,0.53521,0.50484,0.54013,0.52126
2024,baseball,2024-04-22,False,160.0,573988,High Point,22,18,0.4973,0.49151,0.51164,0.49799
2024,baseball,2024-04-22,False,218.0,574082,Hofstra,14,25,0.38177,0.50176,0.48552,0.4677
2024,baseball,2024-04-22,False,185.0,574083,Holy Cross,18,23,0.5221,0.46624,0.48174,0.48408
2024,baseball,2024-04-22,False,101.0,574085,Houston,20,20,0.46132,0.56235,0.52005,0.52652
2024,baseball,2024-04-22,False,221.0,574084,Houston Christian,13,25,0.33428,0.51953,0.49565,0.46725
2024,baseball,2024-04-22,False,70.0,574087,Illinois,23,13,0.64725,0.50927,0.5248,0.54765
2024,baseball,2024-04-22,False,131.0,574086,Illinois St.,20,17,0.59066,0.47793,0.49065,0.50929
2024,baseball,2024-04-22,False,80.0,574090,Indiana,22,18,0.51613,0.56424,0.51676,0.54034
2024,baseball,2024-04-22,False,9.0,574089,Indiana St.,29,8,0.82535,0.54673,0.53232,0.61278
2024,baseball,2024-04-22,False,279.0,574092,Iona,10,26,0.32639,0.4744,0.43142,0.42665
2024,baseball,2024-04-22,False,98.0,574093,Iowa,22,15,0.58462,0.49537,0.53999,0.52884
2024,baseball,2024-04-22,False,223.0,574094,Jackson St.,25,14,0.63218,0.38317,0.46857,0.46677
2024,baseball,2024-04-22,False,187.0,574096,Jacksonville,18,20,0.4492,0.49494,0.49209,0.48279
2024,baseball,2024-04-22,False,161.0,574095,Jacksonville St.,14,23,0.35457,0.56778,0.50122,0.49784
2024,baseball,2024-04-22,False,24.0,574097,James Madison,24,15,0.62385,0.60004,0.52043,0.58609
2024,baseball,2024-04-22,False,87.0,574099,Kansas,21,15,0.55085,0.53025,0.53746,0.5372
2024,baseball,2024-04-22,False,34.0,574098,Kansas St.,24,15,0.61017,0.57334,0.53573,0.57314
2024,baseball,2024-04-22,False,57.0,573979,Kennesaw St.,22,16,0.63043,0.54751,0.50429,0.55743
2024,baseball,2024-04-22,False,171.0,574100,Kent St.,19,18,0.57538,0.45313,0.49715,0.4947
2024,baseball,2024-04-22,False,3.0,574101,Kentucky,32,7,0.80208,0.58997,0.54961,0.63291
2024,baseball,2024-04-22,False,280.0,574106,LIU,17,18,0.5089,0.36273,0.4711,0.42636
2024,baseball,2024-04-22,False,225.0,574112,LMU (CA),17,24,0.40318,0.48118,0.49687,0.4656
2024,baseball,2024-04-22,False,39.0,574108,LSU,25,16,0.58152,0.57462,0.54166,0.56811
2024,baseball,2024-04-22,False,230.0,574102,Lafayette,13,28,0.31507,0.53358,0.47306,0.46382
2024,baseball,2024-04-22,False,44.0,574103,Lamar University,30,8,0.80059,0.46233,0.52598,0.56281
2024,baseball,2024-04-22,False,253.0,574412,Le Moyne,14,20,0.47945,0.42843,0.45441,0.44768
2024,baseball,2024-04-22,False,234.0,574104,Lehigh,19,19,0.53639,0.41513,0.47973,0.46159
2024,baseball,2024-04-22,False,155.0,574105,Liberty,17,22,0.41047,0.53889,0.51421,0.50061
2024,baseball,2024-04-22,False,247.0,574230,Lindenwood,13,26,0.36182,0.48192,0.4756,0.45032
2024,baseball,2024-04-22,False,235.0,573990,Lipscomb,13,25,0.33957,0.49821,0.50308,0.45977
2024,baseball,2024-04-22,False,156.0,574007,Little Rock,22,17,0.54743,0.47767,0.49856,0.50033
2024,baseball,2024-04-22,False,195.0,574027,Long Beach St.,20,16,0.53459,0.43651,0.50491,0.47813
2024,baseball,2024-04-22,False,208.0,574107,Longwood,18,23,0.469,0.45811,0.49914,0.47109
2024,baseball,2024-04-22,False,38.0,574220,Louisiana,31,11,0.70483,0.52005,0.52862,0.56839
2024,baseball,2024-04-22,False,53.0,574109,Louisiana Tech,29,13,0.67733,0.51553,0.53074,0.55978
2024,baseball,2024-04-22,False,89.0,574110,Louisville,23,16,0.52707,0.53343,0.54593,0.53496
2024,baseball,2024-04-22,False,285.0,574113,Maine,8,26,0.27575,0.448,0.48716,0.41472
2024,baseball,2024-04-22,False,294.0,574114,Manhattan,12,25,0.40233,0.36635,0.48283,0.40447
2024,baseball,2024-04-22,False,271.0,574115,Marist,14,24,0.41989,0.41858,0.47411,0.43279
2024,baseball,2024-04-22,False,192.0,574116,Marshall,13,26,0.29762,0.55498,0.50993,0.47938
2024,baseball,2024-04-22,False,48.0,574118,Maryland,25,16,0.6581,0.52807,0.5296,0.56096
2024,baseball,2024-04-22,False,199.0,574120,Massachusetts,14,21,0.48974,0.45699,0.50069,0.4761
2024,baseball,2024-04-22,False,115.0,574121,McNeese,18,20,0.44379,0.55893,0.50942,0.51776
2024,baseball,2024-04-22,False,181.0,574122,Memphis,18,22,0.43299,0.50099,0.50905,0.48601
2024,baseball,2024-04-22,False,105.0,574123,Mercer,20,17,0.49577,0.5443,0.50839,0.52319
2024,baseball,2024-04-22,False,270.0,573973,Merrimack,16,22,0.46361,0.41438,0.44919,0.43539
2024,baseball,2024-04-22,False,92.0,574125,Miami (FL),17,22,0.36695,0.61886,0.52411,0.53219
2024,baseball,2024-04-22,False,175.0,574124,Miami (OH),18,19,0.49459,0.48412,0.49269,0.48888
2024,baseball,2024-04-22,False,96.0,574127,Michigan,20,21,0.47595,0.56638,0.50958,0.52957
2024,baseball,2024-04-22,False,115.0,574126,Michigan St.,17,20,0.42817,0.57691,0.48906,0.51776
2024,baseball,2024-04-22,False,239.0,574128,Middle Tenn.,13,26,0.31266,0.50818,0.48969,0.45468
2024,baseball,2024-04-22,False,250.0,573967,Milwaukee,10,26,0.30719,0.51164,0.46406,0.44863
2024,baseball,2024-04-22,False,150.0,574129,Minnesota,16,18,0.51057,0.49688,0.50763,0.50299
2024,baseball,2024-04-22,False,45.0,574130,Mississippi St.,26,14,0.59718,0.55276,0.54562,0.56208
2024,baseball,2024-04-22,False,296.0,574131,Mississippi Val.,9,25,0.26048,0.44451,0.43867,0.39704
2024,baseball,2024-04-22,False,97.0,574133,Missouri,18,23,0.42092,0.58871,0.51774,0.52902
2024,baseball,2024-04-22,False,128.0,574218,Missouri St.,17,21,0.50255,0.51303,0.51717,0.51145
2024,baseball,2024-04-22,False,209.0,574134,Monmouth,11,23,0.37671,0.50445,0.4983,0.47098
2024,baseball,2024-04-22,False,182.0,574135,Morehead St.,23,17,0.59066,0.42324,0.5047,0.48546
2024,baseball,2024-04-22,False,300.0,574136,Mount St. Mary's,7,28,0.22188,0.43925,0.44781,0.38705
2024,baseball,2024-04-22,False,61.0,574137,Murray St.,23,16,0.58933,0.56404,0.50305,0.55511
2024,baseball,2024-04-22,False,126.0,574154,N.C. A&T,21,18,0.53175,0.50916,0.49807,0.51204
2024,baseball,2024-04-22,False,29.0,574155,NC State,22,15,0.55799,0.61338,0.53826,0.58075
2024,baseball,2024-04-22,False,227.0,574160,NIU,12,26,0.40608,0.47875,0.49584,0.46486
2024,baseball,2024-04-22,False,236.0,574147,NJIT,15,20,0.50158,0.41591,0.4903,0.45592
2024,baseball,2024-04-22,False,198.0,573946,Navy,24,16,0.58575,0.41571,0.48812,0.47632
2024,baseball,2024-04-22,False,18.0,574143,Nebraska,25,12,0.68156,0.58281,0.52257,0.59244
2024,baseball,2024-04-22,False,183.0,574146,Nevada,17,20,0.48688,0.48437,0.48607,0.48542
2024,baseball,2024-04-22,False,206.0,574149,New Mexico,19,19,0.45787,0.46506,0.5009,0.47222
2024,baseball,2024-04-22,False,194.0,574148,New Mexico St.,17,22,0.41737,0.4934,0.50927,0.47836
2024,baseball,2024-04-22,False,91.0,574150,New Orleans,23,16,0.53955,0.53657,0.51673,0.53236
2024,baseball,2024-04-22,False,157.0,574151,Niagara,24,11,0.7781,0.36331,0.49605,0.50019
2024,baseball,2024-04-22,False,75.0,574152,Nicholls,27,14,0.64286,0.50868,0.5098,0.54251
2024,baseball,2024-04-22,False,304.0,574153,Norfolk St.,11,28,0.24221,0.34331,0.43801,0.34171
2024,baseball,2024-04-22,False,274.0,573993,North Ala.,14,23,0.34626,0.44406,0.48923,0.4309
2024,baseball,2024-04-22,False,7.0,574139,North Carolina,30,10,0.75449,0.59382,0.54993,0.62301
2024,baseball,2024-04-22,False,215.0,574156,North Dakota St.,12,22,0.44516,0.46982,0.4903,0.46877
2024,baseball,2024-04-22,False,265.0,573983,North Florida,18,19,0.44875,0.41088,0.50199,0.44313
2024,baseball,2024-04-22,False,41.0,574158,Northeastern,28,11,0.75827,0.49032,0.52902,0.56698
2024,baseball,2024-04-22,False,286.0,574159,Northern Colo.,8,29,0.23476,0.46955,0.47707,0.41273
2024,baseball,2024-04-22,False,138.0,574161,Northern Ky.,24,15,0.64957,0.4402,0.4955,0.50637
2024,baseball,2024-04-22,False,118.0,574163,Northwestern,12,23,0.41194,0.57295,0.51141,0.51731
2024,baseball,2024-04-22,False,176.0,574162,Northwestern St.,14,26,0.34536,0.55483,0.49954,0.48864
2024,baseball,2024-04-22,False,40.0,574164,Notre Dame,20,18,0.57143,0.58113,0.53836,0.56801
2024,baseball,2024-04-22,False,153.0,574165,Oakland,22,18,0.63298,0.44686,0.47981,0.50163
2024,baseball,2024-04-22,False,256.0,574167,Ohio,11,24,0.33731,0.48861,0.47255,0.44677
2024,baseball,2024-04-22,False,56.0,574166,Ohio St.,19,17,0.55942,0.57174,0.52756,0.55762
2024,baseball,2024-04-22,False,22.0,574169,Oklahoma,24,14,0.5953,0.61312,0.53,0.58788
2024,baseball,2024-04-22,False,26.0,574168,Oklahoma St.,26,14,0.64595,0.57725,0.53855,0.58475
2024,baseball,2024-04-22,False,63.0,574170,Old Dominion,21,18,0.48276,0.5987,0.53362,0.55344
2024,baseball,2024-04-22,False,23.0,574132,Ole Miss,21,18,0.50847,0.6602,0.51935,0.58706
2024,baseball,2024-04-22,False,295.0,574144,Omaha,12,23,0.35294,0.3891,0.47725,0.4021
2024,baseball,2024-04-22,False,284.0,574171,Oral Roberts,14,25,0.33584,0.4175,0.48832,0.41479
2024,baseball,2024-04-22,False,64.0,574173,Oregon,27,12,0.65323,0.51046,0.53866,0.5532
2024,baseball,2024-04-22,False,15.0,574172,Oregon St.,30,9,0.77982,0.54517,0.52262,0.59819
2024,baseball,2024-04-22,False,288.0,574174,Pacific,7,32,0.15278,0.50715,0.48319,0.41257
2024,baseball,2024-04-22,False,204.0,574177,Penn,15,20,0.46372,0.47054,0.48985,0.47367
2024,baseball,2024-04-22,False,166.0,574176,Penn St.,19,17,0.54277,0.46114,0.51996,0.49625
2024,baseball,2024-04-22,False,281.0,574178,Pepperdine,12,28,0.27,0.46576,0.4976,0.42478
2024,baseball,2024-04-22,False,102.0,574179,Pittsburgh,16,21,0.42308,0.57663,0.52923,0.52639
2024,baseball,2024-04-22,False,85.0,574180,Portland,23,14,0.65123,0.49561,0.50769,0.53753
2024,baseball,2024-04-22,False,231.0,574181,Prairie View,20,22,0.51323,0.43135,0.4764,0.46308
2024,baseball,2024-04-22,False,216.0,573980,Presbyterian,19,21,0.45232,0.46856,0.48233,0.46794
2024,baseball,2024-04-22,False,225.0,574182,Princeton,12,21,0.38095,0.49584,0.48977,0.4656
2024,baseball,2024-04-22,False,69.0,574183,Purdue,25,15,0.58377,0.54276,0.5217,0.54775
2024,baseball,2024-04-22,False,222.0,574091,Purdue Fort Wayne,14,25,0.43526,0.4648,0.50276,0.46691
2024,baseball,2024-04-22,False,249.0,574231,Queens (NC),11,28,0.29235,0.51837,0.46871,0.44945
2024,baseball,2024-04-22,False,276.0,574184,Quinnipiac,14,21,0.40418,0.41415,0.48447,0.42924
2024,baseball,2024-04-22,False,252.0,574185,Radford,11,26,0.26518,0.51649,0.49576,0.44848
2024,baseball,2024-04-22,False,158.0,574186,Rhode Island,12,21,0.3956,0.56646,0.47067,0.4998
2024,baseball,2024-04-22,False,205.0,574187,Rice,15,25,0.34729,0.51159,0.52317,0.47341
2024,baseball,2024-04-22,False,255.0,574188,Richmond,17,23,0.36436,0.4746,0.47381,0.44684
2024,baseball,2024-04-22,False,104.0,574189,Rider,19,16,0.63376,0.49205,0.48189,0.52493
2024,baseball,2024-04-22,False,58.0,574190,Rutgers,23,16,0.63307,0.5296,0.53214,0.5561
2024,baseball,2024-04-22,False,297.0,574222,SFA,6,34,0.11082,0.49499,0.47869,0.39487
2024,baseball,2024-04-22,False,254.0,574215,SIUE,16,24,0.41885,0.44822,0.47294,0.44705
2024,baseball,2024-04-22,False,174.0,574029,Sacramento St.,21,21,0.48227,0.49016,0.50153,0.49103
2024,baseball,2024-04-22,False,177.0,574191,Sacred Heart,19,18,0.56495,0.47377,0.44007,0.48814
2024,baseball,2024-04-22,False,200.0,574194,Saint Joseph's,16,19,0.46688,0.47384,0.48526,0.47495
2024,baseball,2024-04-22,False,112.0,574195,Saint Louis,26,10,0.71795,0.42963,0.50478,0.5205
2024,baseball,2024-04-22,False,86.0,574196,Saint Mary's (CA),24,13,0.64225,0.50157,0.50384,0.53731
2024,baseball,2024-04-22,False,301.0,574197,Saint Peter's,10,30,0.30488,0.38466,0.44442,0.37965
2024,baseball,2024-04-22,False,77.0,574198,Sam Houston,24,16,0.57692,0.53844,0.51443,0.54206
2024,baseball,2024-04-22,False,72.0,574199,Samford,26,13,0.64426,0.50403,0.52874,0.54527
2024,baseball,2024-04-22,False,30.0,574201,San Diego,26,12,0.72944,0.53237,0.52022,0.5786
2024,baseball,2024-04-22,False,243.0,574200,San Diego St.,11,28,0.26171,0.5324,0.48917,0.45392
2024,baseball,2024-04-22,False,269.0,574202,San Francisco,17,23,0.39948,0.43226,0.48469,0.43717
2024,baseball,2024-04-22,False,162.0,574203,San Jose St.,16,23,0.44077,0.53411,0.48179,0.4977
2024,baseball,2024-04-22,False,173.0,574204,Santa Clara,18,18,0.5045,0.47884,0.50618,0.49209
2024,baseball,2024-04-22,False,268.0,573981,Seattle U,12,27,0.34146,0.46124,0.49426,0.43955
2024,baseball,2024-04-22,False,169.0,574205,Seton Hall,19,20,0.49502,0.48966,0.506,0.49508
2024,baseball,2024-04-22,False,293.0,574206,Siena,7,28,0.23843,0.45542,0.47322,0.40562
2024,baseball,2024-04-22,False,68.0,574207,South Alabama,23,17,0.54639,0.55508,0.53617,0.54818
2024,baseball,2024-04-22,False,14.0,574208,South Carolina,27,13,0.63989,0.60515,0.54563,0.59896
2024,baseball,2024-04-22,False,203.0,574209,South Dakota St.,17,20,0.55866,0.43326,0.46953,0.47368
2024,baseball,2024-04-22,False,134.0,574210,South Fla.,21,19,0.4867,0.51577,0.51178,0.5075
2024,baseball,2024-04-22,False,154.0,574211,Southeast Mo. St.,20,20,0.50761,0.5061,0.48525,0.50126
2024,baseball,2024-04-22,False,138.0,574212,Southeastern La.,19,19,0.46629,0.5284,0.50241,0.50637
2024,baseball,2024-04-22,False,95.0,574213,Southern California,19,21,0.45103,0.57559,0.51625,0.52961
2024,baseball,2024-04-22,False,143.0,574214,Southern Ill.,24,16,0.59686,0.45467,0.51346,0.50492
2024,baseball,2024-04-22,False,214.0,574232,Southern Ind.,16,24,0.40609,0.49754,0.47514,0.46908
2024,baseball,2024-04-22,False,49.0,574216,Southern Miss.,25,15,0.60111,0.55365,0.53243,0.56021
2024,baseball,2024-04-22,False,248.0,574217,Southern U.,17,20,0.45504,0.43557,0.4726,0.4497
2024,baseball,2024-04-22,False,219.0,574192,St. Bonaventure,13,21,0.46894,0.46135,0.47784,0.46737
2024,baseball,2024-04-22,False,59.0,574193,St. John's (NY),25,9,0.75083,0.47434,0.52473,0.55606
2024,baseball,2024-04-22,False,178.0,573909,St. Thomas (MN),14,16,0.55556,0.45977,0.47096,0.48652
2024,baseball,2024-04-22,False,120.0,574221,Stanford,17,20,0.43164,0.55982,0.50991,0.51529
2024,baseball,2024-04-22,False,136.0,574223,Stetson,26,14,0.60894,0.45316,0.51372,0.50725
2024,baseball,2024-04-22,False,264.0,574233,Stonehill,11,21,0.41391,0.45431,0.4504,0.44323
2024,baseball,2024-04-22,False,106.0,574224,Stony Brook,20,17,0.5481,0.51674,0.50932,0.52273
2024,baseball,2024-04-22,False,42.0,573914,TCU,23,15,0.60062,0.55874,0.54128,0.56484
2024,baseball,2024-04-22,False,191.0,573910,Tarleton St.,22,18,0.5445,0.44099,0.49449,0.48024
2024,baseball,2024-04-22,False,6.0,574226,Tennessee,33,7,0.80665,0.57459,0.54972,0.62639
2024,baseball,2024-04-22,False,202.0,574225,Tennessee Tech,25,15,0.57027,0.41029,0.50491,0.47394
2024,baseball,2024-04-22,False,73.0,573918,Texas,24,17,0.5198,0.56305,0.53078,0.54417
2024,baseball,2024-04-22,False,1.0,573913,Texas A&M,35,5,0.87834,0.57196,0.55606,0.64458
2024,baseball,2024-04-22,False,149.0,573915,Texas Southern,18,18,0.55238,0.49562,0.46837,0.503
2024,baseball,2024-04-22,False,121.0,574219,Texas St.,20,21,0.45585,0.53916,0.52576,0.51498
2024,baseball,2024-04-22,False,28.0,573916,Texas Tech,29,13,0.68056,0.55771,0.53458,0.58264
2024,baseball,2024-04-22,False,242.0,574042,The Citadel,17,21,0.36188,0.47607,0.50259,0.45415
2024,baseball,2024-04-22,False,212.0,573920,Toledo,19,21,0.50508,0.44166,0.49127,0.46992
2024,baseball,2024-04-22,False,267.0,573921,Towson,10,29,0.23304,0.51892,0.48755,0.43961
2024,baseball,2024-04-22,False,66.0,573922,Troy,28,14,0.67654,0.5007,0.52124,0.5498
2024,baseball,2024-04-22,False,109.0,573923,Tulane,22,18,0.52062,0.53003,0.50587,0.52164
2024,baseball,2024-04-22,False,172.0,573999,UAB,17,21,0.43539,0.50351,0.52666,0.49227
2024,baseball,2024-04-22,False,283.0,574000,UAlbany,5,27,0.18077,0.50463,0.46942,0.41486
2024,baseball,2024-04-22,False,124.0,574032,UC Davis,17,20,0.45352,0.5538,0.49013,0.51281
2024,baseball,2024-04-22,False,25.0,574033,UC Irvine,28,8,0.76812,0.53089,0.51081,0.58518
2024,baseball,2024-04-22,False,258.0,574035,UC Riverside,12,22,0.32335,0.4891,0.48088,0.44561
2024,baseball,2024-04-22,False,135.0,574229,UC San Diego,26,11,0.65861,0.42579,0.5195,0.50743
2024,baseball,2024-04-22,False,12.0,574030,UC Santa Barbara,25,10,0.77273,0.57261,0.50913,0.60677
2024,baseball,2024-04-22,False,27.0,574039,UCF,24,13,0.63444,0.59073,0.52201,0.58448
2024,baseball,2024-04-22,False,196.0,574034,UCLA,13,24,0.30838,0.53406,0.52917,0.47642
2024,baseball,2024-04-22,False,35.0,574046,UConn,20,18,0.57022,0.59701,0.52171,0.57149
2024,baseball,2024-04-22,False,46.0,574088,UIC,24,12,0.68182,0.53071,0.50361,0.56171
2024,baseball,2024-04-22,False,127.0,573984,UIW,23,15,0.60059,0.46393,0.51805,0.51163
2024,baseball,2024-04-22,False,147.0,574157,ULM,18,21,0.4186,0.53635,0.52407,0.50384
2024,baseball,2024-04-22,False,207.0,574117,UMBC,16,17,0.48689,0.46777,0.46287,0.47133
2024,baseball,2024-04-22,False,305.0,574119,UMES,0,33,0.0,0.40735,0.41719,0.30797
2024,baseball,2024-04-22,False,184.0,574111,UMass Lowell,16,21,0.51831,0.4764,0.46876,0.48497
2024,baseball,2024-04-22,False,217.0,574138,UNC Asheville,17,20,0.40308,0.48182,0.5048,0.46788
2024,baseball,2024-04-22,False,76.0,574141,UNC Greensboro,22,16,0.56742,0.54586,0.51084,0.5425
2024,baseball,2024-04-22,False,43.0,574142,UNCW,26,14,0.62466,0.55315,0.52552,0.56412
2024,baseball,2024-04-22,False,224.0,574145,UNLV,21,18,0.5122,0.42241,0.50617,0.4658
2024,baseball,2024-04-22,False,78.0,573986,USC Upstate,27,14,0.61765,0.51944,0.51033,0.54171
2024,baseball,2024-04-22,False,146.0,573917,UT Arlington,17,23,0.43909,0.53398,0.50919,0.50406
2024,baseball,2024-04-22,False,282.0,574227,UT Martin,15,24,0.376,0.40426,0.48629,0.4177
2024,baseball,2024-04-22,False,213.0,574175,UTRGV,19,17,0.48563,0.44892,0.49381,0.46932
2024,baseball,2024-04-22,False,88.0,573919,UTSA,24,16,0.57545,0.52296,0.52261,0.53599
2024,baseball,2024-04-22,False,55.0,573947,Utah,26,12,0.69152,0.51514,0.51138,0.55829
2024,baseball,2024-04-22,False,273.0,573911,Utah Tech,10,29,0.26247,0.48602,0.49297,0.43187
2024,baseball,2024-04-22,False,166.0,573992,Utah Valley,20,21,0.51459,0.48373,0.50296,0.49625
2024,baseball,2024-04-22,False,94.0,573951,VCU,25,14,0.62573,0.49332,0.50614,0.52963
2024,baseball,2024-04-22,False,130.0,573952,VMI,23,20,0.53506,0.50923,0.48577,0.50983
2024,baseball,2024-04-22,False,229.0,573948,Valparaiso,12,25,0.37725,0.48845,0.50183,0.464
2024,baseball,2024-04-22,False,19.0,573949,Vanderbilt,29,11,0.6976,0.56143,0.54526,0.59143
2024,baseball,2024-04-22,False,164.0,573950,Villanova,14,23,0.4581,0.52136,0.48686,0.49692
2024,baseball,2024-04-22,False,16.0,573954,Virginia,30,11,0.70822,0.5678,0.53865,0.59562
2024,baseball,2024-04-22,False,37.0,573953,Virginia Tech,25,12,0.64507,0.53875,0.55384,0.5691
2024,baseball,2024-04-22,False,188.0,573955,Wagner,18,20,0.50602,0.47979,0.46512,0.48268
2024,baseball,2024-04-22,False,10.0,573956,Wake Forest,26,13,0.62842,0.64034,0.53015,0.60981
2024,baseball,2024-04-22,False,178.0,573958,Washington,13,19,0.39865,0.51532,0.5168,0.48652
2024,baseball,2024-04-22,False,170.0,573957,Washington St.,18,20,0.50139,0.4717,0.53467,0.49486
2024,baseball,2024-04-22,False,33.0,573959,West Virginia,23,16,0.61828,0.5711,0.53746,0.57448
2024,baseball,2024-04-22,False,119.0,573960,Western Caro.,21,16,0.53134,0.50965,0.514,0.51616
2024,baseball,2024-04-22,False,275.0,573961,Western Ill.,8,27,0.2638,0.5058,0.4466,0.4305
2024,baseball,2024-04-22,False,81.0,573962,Western Ky.,29,12,0.66582,0.4838,0.52626,0.53992
2024,baseball,2024-04-22,False,144.0,573963,Western Mich.,21,16,0.56649,0.47637,0.4988,0.50451
2024,baseball,2024-04-22,False,117.0,573964,Wichita St.,21,20,0.48128,0.53611,0.51742,0.51773
2024,baseball,2024-04-22,False,99.0,573965,William & Mary,25,15,0.59948,0.5094,0.4936,0.52797
2024,baseball,2024-04-22,False,240.0,573966,Winthrop,14,23,0.34118,0.49311,0.49088,0.45457
2024,baseball,2024-04-22,False,54.0,573985,Wofford,26,11,0.721,0.5006,0.51166,0.55847
2024,baseball,2024-04-22,False,168.0,573968,Wright St.,21,18,0.58871,0.44257,0.50873,0.49565
2024,baseball,2024-04-22,False,32.0,573969,Xavier,20,19,0.55376,0.62113,0.51339,0.57735
2024,baseball,2024-04-22,False,259.0,573970,Yale,13,19,0.46026,0.42363,0.47371,0.44531
2024,baseball,2024-04-22,False,287.0,573971,Youngstown St.,7,31,0.20857,0.47609,0.48983,0.41264
2024,baseball,2024-04-29,False,170.0,573989,A&M-Corpus Christi,21,27,0.42331,0.52126,0.50657,0.4931
2024,baseball,2024-04-29,False,127.0,573995,Abilene Christian,27,17,0.60557,0.46429,0.50864,0.5107
2024,baseball,2024-04-29,False,115.0,573924,Air Force,19,23,0.48677,0.53915,0.50332,0.5171
2024,baseball,2024-04-29,False,263.0,573912,Akron,11,32,0.27952,0.49496,0.49101,0.44011
2024,baseball,2024-04-29,False,14.0,573998,Alabama,28,16,0.59949,0.62382,0.53246,0.5949
2024,baseball,2024-04-29,False,288.0,573996,Alabama A&M,11,31,0.27151,0.46385,0.46511,0.41608
2024,baseball,2024-04-29,False,239.0,573997,Alabama St.,22,20,0.50617,0.41841,0.4822,0.4563
2024,baseball,2024-04-29,False,304.0,574001,Alcorn,4,34,0.11527,0.42534,0.45548,0.35536
2024,baseball,2024-04-29,False,74.0,574002,App State,26,14,0.68312,0.48801,0.52655,0.54642
2024,baseball,2024-04-29,False,34.0,574004,Arizona,26,16,0.63307,0.56772,0.51984,0.57209
2024,baseball,2024-04-29,False,90.0,574003,Arizona St.,22,22,0.47529,0.56475,0.52522,0.53251
2024,baseball,2024-04-29,False,302.0,573982,Ark.-Pine Bluff,14,29,0.27751,0.35163,0.46945,0.36256
2024,baseball,2024-04-29,False,2.0,574006,Arkansas,37,7,0.8232,0.57037,0.56705,0.63275
2024,baseball,2024-04-29,False,195.0,574005,Arkansas St.,19,24,0.42338,0.49343,0.5032,0.47836
2024,baseball,2024-04-29,False,142.0,573925,Army West Point,25,18,0.58837,0.47449,0.48635,0.50592
2024,baseball,2024-04-29,False,47.0,574008,Auburn,21,22,0.44072,0.64536,0.52716,0.56465
2024,baseball,2024-04-29,False,186.0,574009,Austin Peay,27,16,0.63275,0.39389,0.51309,0.48341
2024,baseball,2024-04-29,False,140.0,574018,BYU,16,24,0.40447,0.54138,0.54022,0.50686
2024,baseball,2024-04-29,False,123.0,574010,Ball St.,25,18,0.60964,0.47166,0.49362,0.51164
2024,baseball,2024-04-29,False,124.0,574012,Baylor,19,23,0.40852,0.55511,0.52558,0.51108
2024,baseball,2024-04-29,False,296.0,574228,Bellarmine,7,36,0.16354,0.50262,0.47337,0.41054
2024,baseball,2024-04-29,False,166.0,573987,Belmont,22,22,0.46725,0.50366,0.50333,0.49447
2024,baseball,2024-04-29,False,222.0,574013,Bethune-Cookman,25,19,0.53015,0.42208,0.49379,0.46703
2024,baseball,2024-04-29,False,230.0,574014,Binghamton,17,22,0.47953,0.43686,0.49467,0.46198
2024,baseball,2024-04-29,False,57.0,574015,Boston College,21,21,0.51351,0.5813,0.54022,0.55408
2024,baseball,2024-04-29,False,98.0,574016,Bowling Green,23,15,0.68286,0.46219,0.50597,0.5283
2024,baseball,2024-04-29,False,246.0,574017,Bradley,11,29,0.3406,0.49448,0.48486,0.45361
2024,baseball,2024-04-29,False,289.0,574019,Brown,9,26,0.30259,0.45131,0.45881,0.416
2024,baseball,2024-04-29,False,141.0,574020,Bryant,27,14,0.67116,0.4303,0.49264,0.5061
2024,baseball,2024-04-29,False,207.0,574021,Bucknell,21,22,0.49091,0.46431,0.47709,0.47416
2024,baseball,2024-04-29,False,151.0,574022,Butler,17,26,0.42634,0.54451,0.48681,0.50054
2024,baseball,2024-04-29,False,277.0,574024,CSU Bakersfield,11,30,0.21503,0.51043,0.47542,0.42783
2024,baseball,2024-04-29,False,82.0,574028,CSUN,27,14,0.6808,0.48718,0.50566,0.54021
2024,baseball,2024-04-29,False,112.0,574023,Cal Poly,25,16,0.55091,0.49591,0.52862,0.51784
2024,baseball,2024-04-29,False,227.0,574026,Cal St. Fullerton,13,28,0.29114,0.53494,0.50028,0.46533
2024,baseball,2024-04-29,False,64.0,574031,California,26,16,0.60051,0.53872,0.52838,0.55158
2024,baseball,2024-04-29,False,125.0,573994,California Baptist,28,16,0.59954,0.47077,0.50241,0.51087
2024,baseball,2024-04-29,False,76.0,574036,Campbell,27,15,0.58915,0.53028,0.51884,0.54214
2024,baseball,2024-04-29,False,259.0,574037,Canisius,13,23,0.41824,0.44485,0.46319,0.44278
2024,baseball,2024-04-29,False,206.0,573972,Central Ark.,20,22,0.46814,0.46602,0.49735,0.47438
2024,baseball,2024-04-29,False,295.0,574038,Central Conn. St.,14,20,0.39752,0.40265,0.44516,0.41199
2024,baseball,2024-04-29,False,252.0,574040,Central Mich.,15,29,0.38442,0.45574,0.50029,0.44905
2024,baseball,2024-04-29,False,157.0,574011,Charleston So.,18,23,0.42131,0.53959,0.4876,0.49702
2024,baseball,2024-04-29,False,109.0,574140,Charlotte,20,24,0.42079,0.57088,0.52034,0.52072
2024,baseball,2024-04-29,False,68.0,574041,Cincinnati,25,19,0.58098,0.54167,0.52667,0.54774
2024,baseball,2024-04-29,False,6.0,574043,Clemson,34,9,0.76396,0.59179,0.55001,0.62439
2024,baseball,2024-04-29,False,26.0,574044,Coastal Carolina,27,17,0.57398,0.60361,0.53522,0.57911
2024,baseball,2024-04-29,False,52.0,573974,Col. of Charleston,31,11,0.68905,0.51186,0.52054,0.55833
2024,baseball,2024-04-29,False,104.0,574045,Columbia,23,14,0.65043,0.47795,0.48579,0.52303
2024,baseball,2024-04-29,False,300.0,574047,Coppin St.,12,23,0.34727,0.37512,0.4494,0.38673
2024,baseball,2024-04-29,False,203.0,574048,Cornell,13,17,0.46014,0.47987,0.48172,0.4754
2024,baseball,2024-04-29,False,54.0,574049,Creighton,30,11,0.72569,0.49533,0.51021,0.55664
2024,baseball,2024-04-29,False,13.0,573975,DBU,31,11,0.73537,0.5723,0.52094,0.60023
2024,baseball,2024-04-29,False,282.0,574050,Dartmouth,11,23,0.37425,0.42345,0.47998,0.42528
2024,baseball,2024-04-29,False,251.0,574051,Davidson,17,25,0.36314,0.48105,0.47914,0.4511
2024,baseball,2024-04-29,False,120.0,574052,Dayton,28,15,0.66501,0.44385,0.5024,0.51378
2024,baseball,2024-04-29,False,129.0,574054,Delaware,23,19,0.55338,0.49522,0.4979,0.51043
2024,baseball,2024-04-29,False,261.0,574053,Delaware St.,14,21,0.4136,0.45962,0.43222,0.44126
2024,baseball,2024-04-29,False,21.0,574055,Duke,30,14,0.64904,0.56315,0.55291,0.58206
2024,baseball,2024-04-29,False,53.0,574057,ETSU,27,14,0.64345,0.53693,0.51204,0.55734
2024,baseball,2024-04-29,False,8.0,574056,East Carolina,35,8,0.82741,0.55758,0.52834,0.61773
2024,baseball,2024-04-29,False,266.0,574058,Eastern Ill.,14,26,0.36649,0.45075,0.4871,0.43877
2024,baseball,2024-04-29,False,271.0,574059,Eastern Ky.,12,31,0.27078,0.49205,0.48532,0.43505
2024,baseball,2024-04-29,False,274.0,574060,Eastern Mich.,13,29,0.34103,0.45034,0.48262,0.43108
2024,baseball,2024-04-29,False,191.0,573976,Elon,17,26,0.33504,0.54311,0.49884,0.48003
2024,baseball,2024-04-29,False,113.0,574061,Evansville,24,19,0.57213,0.49421,0.51079,0.51783
2024,baseball,2024-04-29,False,286.0,574063,FDU,15,26,0.3783,0.42183,0.45206,0.4185
2024,baseball,2024-04-29,False,162.0,573991,FGCU,20,22,0.47837,0.5026,0.50047,0.49601
2024,baseball,2024-04-29,False,111.0,574066,FIU,23,20,0.48219,0.54393,0.50246,0.51813
2024,baseball,2024-04-29,False,244.0,574062,Fairfield,23,20,0.51979,0.41023,0.48063,0.45522
2024,baseball,2024-04-29,False,136.0,574065,Fla. Atlantic,22,19,0.51213,0.49369,0.53284,0.50809
2024,baseball,2024-04-29,False,25.0,574068,Florida,22,21,0.49,0.64775,0.53494,0.58011
2024,baseball,2024-04-29,False,163.0,574064,Florida A&M,22,21,0.50465,0.50327,0.47269,0.49597
2024,baseball,2024-04-29,False,4.0,574067,Florida St.,34,9,0.79564,0.57902,0.54736,0.62526
2024,baseball,2024-04-29,False,146.0,574069,Fordham,18,24,0.45238,0.54173,0.47549,0.50283
2024,baseball,2024-04-29,False,128.0,574025,Fresno St.,27,16,0.62529,0.45639,0.50403,0.51052
2024,baseball,2024-04-29,False,80.0,574073,Ga. Southern,23,21,0.49127,0.56355,0.54468,0.54076
2024,baseball,2024-04-29,False,232.0,573977,Gardner-Webb,17,26,0.3643,0.48884,0.4971,0.45977
2024,baseball,2024-04-29,False,209.0,574070,George Mason,18,23,0.3863,0.51143,0.48479,0.47349
2024,baseball,2024-04-29,False,211.0,574071,George Washington,24,19,0.51385,0.44574,0.48722,0.47314
2024,baseball,2024-04-29,False,60.0,574072,Georgetown,29,13,0.69324,0.50155,0.51411,0.55261
2024,baseball,2024-04-29,False,9.0,574076,Georgia,31,12,0.70774,0.60316,0.54105,0.61378
2024,baseball,2024-04-29,False,88.0,574074,Georgia St.,21,23,0.45995,0.57715,0.52353,0.53445
2024,baseball,2024-04-29,False,55.0,574075,Georgia Tech,27,15,0.6063,0.53289,0.55112,0.5558
2024,baseball,2024-04-29,False,130.0,574077,Gonzaga,17,23,0.47256,0.53222,0.50455,0.51038
2024,baseball,2024-04-29,False,243.0,574078,Grambling,18,22,0.46277,0.44226,0.47363,0.45523
2024,baseball,2024-04-29,False,114.0,573978,Grand Canyon,25,18,0.5843,0.48849,0.50922,0.51763
2024,baseball,2024-04-29,False,260.0,574080,Harvard,12,24,0.36842,0.45727,0.48562,0.44215
2024,baseball,2024-04-29,False,81.0,574081,Hawaii,25,15,0.58122,0.52688,0.52667,0.54041
2024,baseball,2024-04-29,False,155.0,573988,High Point,24,21,0.48227,0.49842,0.50993,0.49726
2024,baseball,2024-04-29,False,200.0,574082,Hofstra,17,27,0.40155,0.50809,0.48875,0.47662
2024,baseball,2024-04-29,False,165.0,574083,Holy Cross,21,24,0.55882,0.46991,0.48328,0.49548
2024,baseball,2024-04-29,False,110.0,574085,Houston,22,22,0.45692,0.54846,0.52459,0.51961
2024,baseball,2024-04-29,False,231.0,574084,Houston Christian,15,28,0.35025,0.49616,0.50405,0.46165
2024,baseball,2024-04-29,False,66.0,574087,Illinois,25,15,0.6414,0.51669,0.52307,0.54946
2024,baseball,2024-04-29,False,138.0,574086,Illinois St.,21,20,0.57286,0.48062,0.49505,0.50729
2024,baseball,2024-04-29,False,71.0,574090,Indiana,25,18,0.54009,0.56396,0.52176,0.54745
2024,baseball,2024-04-29,False,10.0,574089,Indiana St.,31,9,0.82216,0.54611,0.52698,0.61034
2024,baseball,2024-04-29,False,293.0,574092,Iona,10,30,0.28144,0.46688,0.43387,0.41226
2024,baseball,2024-04-29,False,92.0,574093,Iowa,24,17,0.58496,0.5036,0.53766,0.53246
2024,baseball,2024-04-29,False,219.0,574094,Jackson St.,27,16,0.60309,0.39926,0.46986,0.46787
2024,baseball,2024-04-29,False,189.0,574096,Jacksonville,21,20,0.47848,0.47597,0.49622,0.48166
2024,baseball,2024-04-29,False,194.0,574095,Jacksonville St.,14,27,0.3145,0.54732,0.50443,0.47839
2024,baseball,2024-04-29,False,30.0,574097,James Madison,25,18,0.59128,0.59353,0.52022,0.57464
2024,baseball,2024-04-29,False,63.0,574099,Kansas,25,15,0.59021,0.53947,0.53955,0.55217
2024,baseball,2024-04-29,False,32.0,574098,Kansas St.,26,17,0.60825,0.57498,0.53259,0.5727
2024,baseball,2024-04-29,False,77.0,573979,Kennesaw St.,24,18,0.63235,0.51628,0.5032,0.54203
2024,baseball,2024-04-29,False,159.0,574100,Kent St.,22,20,0.56614,0.4627,0.49473,0.49656
2024,baseball,2024-04-29,False,3.0,574101,Kentucky,33,9,0.78102,0.59215,0.54985,0.62879
2024,baseball,2024-04-29,False,258.0,574106,LIU,22,18,0.56329,0.3703,0.47423,0.44453
2024,baseball,2024-04-29,False,213.0,574112,LMU (CA),20,25,0.42092,0.4821,0.49842,0.47089
2024,baseball,2024-04-29,False,41.0,574108,LSU,28,17,0.58458,0.57187,0.54731,0.56891
2024,baseball,2024-04-29,False,237.0,574102,Lafayette,14,31,0.3208,0.51977,0.47308,0.45835
2024,baseball,2024-04-29,False,38.0,574103,Lamar University,34,8,0.81572,0.47147,0.51946,0.56953
2024,baseball,2024-04-29,False,257.0,574412,Le Moyne,15,23,0.46933,0.43189,0.44882,0.44548
2024,baseball,2024-04-29,False,234.0,574104,Lehigh,21,21,0.51825,0.42014,0.47891,0.45936
2024,baseball,2024-04-29,False,153.0,574105,Liberty,18,25,0.40806,0.53936,0.51221,0.49975
2024,baseball,2024-04-29,False,265.0,574230,Lindenwood,14,29,0.33753,0.47342,0.47475,0.43978
2024,baseball,2024-04-29,False,236.0,573990,Lipscomb,15,27,0.34559,0.49178,0.50509,0.45856
2024,baseball,2024-04-29,False,152.0,574007,Little Rock,24,19,0.55746,0.47421,0.49333,0.4998
2024,baseball,2024-04-29,False,217.0,574027,Long Beach St.,20,20,0.49133,0.43647,0.50858,0.46821
2024,baseball,2024-04-29,False,214.0,574107,Longwood,20,24,0.47236,0.45479,0.49924,0.4703
2024,baseball,2024-04-29,False,48.0,574220,Louisiana,33,13,0.67206,0.52459,0.52654,0.56194
2024,baseball,2024-04-29,False,43.0,574109,Louisiana Tech,33,13,0.69975,0.51929,0.53223,0.56764
2024,baseball,2024-04-29,False,78.0,574110,Louisville,25,18,0.50895,0.55706,0.54255,0.54141
2024,baseball,2024-04-29,False,285.0,574113,Maine,10,29,0.27874,0.45927,0.47749,0.41869
2024,baseball,2024-04-29,False,294.0,574114,Manhattan,14,27,0.40318,0.38327,0.47876,0.41212
2024,baseball,2024-04-29,False,264.0,574115,Marist,15,27,0.41667,0.43593,0.4713,0.43996
2024,baseball,2024-04-29,False,201.0,574116,Marshall,13,29,0.28011,0.55703,0.51184,0.4765
2024,baseball,2024-04-29,False,37.0,574118,Maryland,28,17,0.65967,0.54716,0.52521,0.5698
2024,baseball,2024-04-29,False,182.0,574120,Massachusetts,18,22,0.52618,0.45666,0.5035,0.48575
2024,baseball,2024-04-29,False,107.0,574121,McNeese,21,21,0.45968,0.55815,0.50932,0.52133
2024,baseball,2024-04-29,False,187.0,574122,Memphis,18,26,0.38182,0.52129,0.50829,0.48317
2024,baseball,2024-04-29,False,95.0,574123,Mercer,23,19,0.5199,0.54665,0.50779,0.53025
2024,baseball,2024-04-29,False,255.0,573973,Merrimack,21,22,0.51699,0.40953,0.4537,0.44744
2024,baseball,2024-04-29,False,87.0,574125,Miami (FL),19,24,0.38619,0.6139,0.52476,0.53469
2024,baseball,2024-04-29,False,171.0,574124,Miami (OH),22,19,0.53015,0.47309,0.49551,0.49296
2024,baseball,2024-04-29,False,93.0,574127,Michigan,23,21,0.5024,0.55861,0.50583,0.53137
2024,baseball,2024-04-29,False,103.0,574126,Michigan St.,19,21,0.45876,0.56786,0.49935,0.52346
2024,baseball,2024-04-29,False,235.0,574128,Middle Tenn.,14,29,0.29977,0.52516,0.48508,0.45879
2024,baseball,2024-04-29,False,241.0,573967,Milwaukee,12,28,0.31765,0.52236,0.45938,0.45544
2024,baseball,2024-04-29,False,117.0,574129,Minnesota,20,19,0.55291,0.50005,0.50515,0.51454
2024,baseball,2024-04-29,False,27.0,574130,Mississippi St.,29,15,0.62594,0.57289,0.54211,0.57845
2024,baseball,2024-04-29,False,299.0,574131,Mississippi Val.,9,28,0.24507,0.44651,0.43658,0.39367
2024,baseball,2024-04-29,False,94.0,574133,Missouri,19,26,0.40952,0.59458,0.52382,0.53063
2024,baseball,2024-04-29,False,134.0,574218,Missouri St.,18,24,0.49296,0.5131,0.5156,0.50869
2024,baseball,2024-04-29,False,205.0,574134,Monmouth,13,24,0.38871,0.50205,0.50575,0.47464
2024,baseball,2024-04-29,False,185.0,574135,Morehead St.,25,19,0.59653,0.41919,0.50425,0.48479
2024,baseball,2024-04-29,False,292.0,574136,Mount St. Mary's,13,28,0.3616,0.41578,0.45823,0.41285
2024,baseball,2024-04-29,False,75.0,574137,Murray St.,26,17,0.59169,0.54298,0.50111,0.54469
2024,baseball,2024-04-29,False,173.0,574154,N.C. A&T,21,22,0.49507,0.48638,0.50106,0.49222
2024,baseball,2024-04-29,False,20.0,574155,NC State,25,16,0.57349,0.60742,0.54005,0.58209
2024,baseball,2024-04-29,False,202.0,574160,NIU,15,28,0.4401,0.48437,0.49349,0.47558
2024,baseball,2024-04-29,False,262.0,574147,NJIT,16,23,0.48116,0.39436,0.49393,0.44095
2024,baseball,2024-04-29,False,190.0,573946,Navy,25,19,0.56901,0.4354,0.48471,0.48113
2024,baseball,2024-04-29,False,22.0,574143,Nebraska,27,14,0.64824,0.57861,0.52276,0.58205
2024,baseball,2024-04-29,False,179.0,574146,Nevada,19,21,0.5133,0.47649,0.48966,0.48898
2024,baseball,2024-04-29,False,192.0,574149,New Mexico,23,19,0.50513,0.45308,0.5078,0.47977
2024,baseball,2024-04-29,False,184.0,574148,New Mexico St.,20,23,0.45966,0.48082,0.51842,0.48493
2024,baseball,2024-04-29,False,116.0,574150,New Orleans,24,19,0.50254,0.52235,0.51795,0.5163
2024,baseball,2024-04-29,False,139.0,574151,Niagara,26,12,0.77895,0.37775,0.49389,0.50708
2024,baseball,2024-04-29,False,79.0,574152,Nicholls,27,16,0.62069,0.51871,0.50655,0.54116
2024,baseball,2024-04-29,False,303.0,574153,Norfolk St.,11,32,0.22697,0.37839,0.4395,0.35581
2024,baseball,2024-04-29,False,280.0,573993,North Ala.,14,27,0.30713,0.45557,0.48719,0.42636
2024,baseball,2024-04-29,False,7.0,574139,North Carolina,33,11,0.74185,0.59734,0.54225,0.61969
2024,baseball,2024-04-29,False,229.0,574156,North Dakota St.,13,24,0.42274,0.46991,0.48616,0.46218
2024,baseball,2024-04-29,False,254.0,573983,North Florida,19,22,0.42145,0.43905,0.49359,0.44828
2024,baseball,2024-04-29,False,33.0,574158,Northeastern,31,11,0.77053,0.49624,0.52619,0.5723
2024,baseball,2024-04-29,False,287.0,574159,Northern Colo.,9,32,0.24457,0.47208,0.47684,0.41639
2024,baseball,2024-04-29,False,148.0,574161,Northern Ky.,25,18,0.62597,0.44009,0.50184,0.502
2024,baseball,2024-04-29,False,133.0,574163,Northwestern,13,26,0.38058,0.57032,0.51509,0.50908
2024,baseball,2024-04-29,False,172.0,574162,Northwestern St.,18,26,0.38942,0.53771,0.50426,0.49228
2024,baseball,2024-04-29,False,50.0,574164,Notre Dame,22,20,0.54872,0.57241,0.54296,0.55912
2024,baseball,2024-04-29,False,176.0,574165,Oakland,24,20,0.62927,0.42783,0.48178,0.49168
2024,baseball,2024-04-29,False,249.0,574167,Ohio,14,25,0.36314,0.48568,0.47279,0.45182
2024,baseball,2024-04-29,False,67.0,574166,Ohio St.,20,20,0.51948,0.57449,0.52359,0.54801
2024,baseball,2024-04-29,False,18.0,574169,Oklahoma,26,16,0.5721,0.616,0.53052,0.58366
2024,baseball,2024-04-29,False,19.0,574168,Oklahoma St.,30,14,0.67574,0.55989,0.53896,0.58362
2024,baseball,2024-04-29,False,72.0,574170,Old Dominion,24,19,0.49476,0.57951,0.53372,0.54687
2024,baseball,2024-04-29,False,27.0,574132,Ole Miss,23,20,0.49239,0.6453,0.53082,0.57845
2024,baseball,2024-04-29,False,291.0,574144,Omaha,14,24,0.39326,0.38972,0.48204,0.41368
2024,baseball,2024-04-29,False,279.0,574171,Oral Roberts,16,26,0.3653,0.42679,0.48792,0.4267
2024,baseball,2024-04-29,False,59.0,574173,Oregon,29,14,0.65291,0.51513,0.53134,0.55363
2024,baseball,2024-04-29,False,12.0,574172,Oregon St.,33,10,0.76648,0.56456,0.51458,0.60254
2024,baseball,2024-04-29,False,290.0,574174,Pacific,8,35,0.17,0.50481,0.48285,0.41562
2024,baseball,2024-04-29,False,193.0,574177,Penn,17,21,0.49429,0.46865,0.48395,0.47888
2024,baseball,2024-04-29,False,167.0,574176,Penn St.,20,19,0.51344,0.47281,0.51815,0.4943
2024,baseball,2024-04-29,False,283.0,574178,Pepperdine,12,28,0.27,0.46632,0.49423,0.42422
2024,baseball,2024-04-29,False,96.0,574179,Pittsburgh,18,22,0.42967,0.58311,0.52464,0.53013
2024,baseball,2024-04-29,False,85.0,574180,Portland,24,17,0.62376,0.50648,0.50828,0.53625
2024,baseball,2024-04-29,False,225.0,574181,Prairie View,23,23,0.52184,0.43398,0.47408,0.46597
2024,baseball,2024-04-29,False,196.0,573980,Presbyterian,22,22,0.46633,0.47843,0.4885,0.47793
2024,baseball,2024-04-29,False,197.0,574182,Princeton,16,21,0.45983,0.48075,0.48737,0.47718
2024,baseball,2024-04-29,False,62.0,574183,Purdue,29,15,0.6285,0.52854,0.52443,0.55251
2024,baseball,2024-04-29,False,221.0,574091,Purdue Fort Wayne,15,28,0.42199,0.47611,0.49449,0.46718
2024,baseball,2024-04-29,False,268.0,574231,Queens (NC),11,33,0.25908,0.50796,0.47076,0.43644
2024,baseball,2024-04-29,False,273.0,574184,Quinnipiac,16,23,0.43425,0.41213,0.4725,0.43275
2024,baseball,2024-04-29,False,253.0,574185,Radford,13,28,0.28691,0.5056,0.49553,0.44841
2024,baseball,2024-04-29,False,168.0,574186,Rhode Island,14,24,0.38554,0.55495,0.4789,0.49358
2024,baseball,2024-04-29,False,199.0,574187,Rice,17,26,0.35797,0.51387,0.52259,0.47707
2024,baseball,2024-04-29,False,245.0,574188,Richmond,20,24,0.40865,0.4655,0.47702,0.45417
2024,baseball,2024-04-29,False,105.0,574189,Rider,21,18,0.60833,0.5041,0.47412,0.52266
2024,baseball,2024-04-29,False,56.0,574190,Rutgers,24,19,0.60723,0.54515,0.5243,0.55546
2024,baseball,2024-04-29,False,298.0,574222,SFA,7,37,0.13317,0.49337,0.47538,0.39882
2024,baseball,2024-04-29,False,238.0,574215,SIUE,18,25,0.42543,0.4635,0.4751,0.45688
2024,baseball,2024-04-29,False,188.0,574029,Sacramento St.,21,24,0.44156,0.49819,0.49413,0.48302
2024,baseball,2024-04-29,False,177.0,574191,Sacred Heart,23,19,0.59409,0.46565,0.43971,0.49127
2024,baseball,2024-04-29,False,212.0,574194,Saint Joseph's,17,22,0.44928,0.47936,0.48307,0.47277
2024,baseball,2024-04-29,False,100.0,574195,Saint Louis,29,11,0.73464,0.44037,0.49692,0.52807
2024,baseball,2024-04-29,False,97.0,574196,Saint Mary's (CA),25,16,0.61013,0.50491,0.49882,0.52969
2024,baseball,2024-04-29,False,301.0,574197,Saint Peter's,10,32,0.28736,0.38709,0.44667,0.37705
2024,baseball,2024-04-29,False,86.0,574198,Sam Houston,24,20,0.53571,0.54714,0.51138,0.53534
2024,baseball,2024-04-29,False,84.0,574199,Samford,28,15,0.62404,0.4965,0.53083,0.53697
2024,baseball,2024-04-29,False,29.0,574201,San Diego,30,12,0.74815,0.51838,0.521,0.57648
2024,baseball,2024-04-29,False,250.0,574200,San Diego St.,11,32,0.24297,0.53831,0.48643,0.4515
2024,baseball,2024-04-29,False,275.0,574202,San Francisco,19,25,0.39486,0.41482,0.49162,0.42903
2024,baseball,2024-04-29,False,160.0,574203,San Jose St.,18,24,0.44615,0.5309,0.4777,0.49641
2024,baseball,2024-04-29,False,150.0,574204,Santa Clara,21,19,0.51499,0.49196,0.50479,0.50092
2024,baseball,2024-04-29,False,276.0,573981,Seattle U,12,31,0.29929,0.46004,0.49565,0.42876
2024,baseball,2024-04-29,False,178.0,574205,Seton Hall,21,23,0.48807,0.48354,0.50821,0.49084
2024,baseball,2024-04-29,False,297.0,574206,Siena,8,32,0.22981,0.46456,0.46764,0.40665
2024,baseball,2024-04-29,False,73.0,574207,South Alabama,25,18,0.54458,0.55314,0.53645,0.54683
2024,baseball,2024-04-29,False,11.0,574208,South Carolina,29,14,0.63144,0.61712,0.54498,0.60267
2024,baseball,2024-04-29,False,218.0,574209,South Dakota St.,17,22,0.52083,0.44383,0.46403,0.46813
2024,baseball,2024-04-29,False,156.0,574210,South Fla.,22,21,0.46455,0.5075,0.50939,0.49724
2024,baseball,2024-04-29,False,161.0,574211,Southeast Mo. St.,22,22,0.49309,0.50614,0.47934,0.49618
2024,baseball,2024-04-29,False,143.0,574212,Southeastern La.,22,21,0.48615,0.51357,0.50411,0.50435
2024,baseball,2024-04-29,False,101.0,574213,Southern California,21,23,0.46963,0.55851,0.52253,0.52729
2024,baseball,2024-04-29,False,131.0,574214,Southern Ill.,25,19,0.55687,0.48965,0.50466,0.51021
2024,baseball,2024-04-29,False,215.0,574232,Southern Ind.,19,25,0.43692,0.48162,0.47605,0.46905
2024,baseball,2024-04-29,False,46.0,574216,Southern Miss.,27,17,0.60599,0.56201,0.5304,0.5651
2024,baseball,2024-04-29,False,248.0,574217,Southern U.,18,22,0.45685,0.44477,0.46764,0.45351
2024,baseball,2024-04-29,False,223.0,574192,St. Bonaventure,15,23,0.4558,0.46419,0.48257,0.46669
2024,baseball,2024-04-29,False,51.0,574193,St. John's (NY),27,11,0.739,0.48301,0.52833,0.55834
2024,baseball,2024-04-29,False,210.0,573909,St. Thomas (MN),16,19,0.53026,0.44364,0.47627,0.47345
2024,baseball,2024-04-29,False,119.0,574221,Stanford,19,22,0.42998,0.55636,0.51375,0.51411
2024,baseball,2024-04-29,False,135.0,574223,Stetson,28,16,0.61307,0.45677,0.50736,0.50849
2024,baseball,2024-04-29,False,247.0,574233,Stonehill,15,22,0.45559,0.4558,0.44715,0.45358
2024,baseball,2024-04-29,False,118.0,574224,Stony Brook,22,19,0.55172,0.49683,0.51126,0.51416
2024,baseball,2024-04-29,False,40.0,573914,TCU,26,16,0.60224,0.56639,0.54244,0.56936
2024,baseball,2024-04-29,False,169.0,573910,Tarleton St.,25,19,0.5771,0.45417,0.4881,0.49339
2024,baseball,2024-04-29,False,5.0,574226,Tennessee,37,7,0.82173,0.56154,0.55415,0.62474
2024,baseball,2024-04-29,False,226.0,574225,Tennessee Tech,26,18,0.54774,0.41041,0.49499,0.46589
2024,baseball,2024-04-29,False,61.0,573918,Texas,27,18,0.5473,0.56455,0.53376,0.55254
2024,baseball,2024-04-29,False,1.0,573913,Texas A&M,38,6,0.85445,0.58346,0.55654,0.64448
2024,baseball,2024-04-29,False,154.0,573915,Texas Southern,19,21,0.53582,0.49446,0.47057,0.49883
2024,baseball,2024-04-29,False,122.0,574219,Texas St.,22,23,0.46578,0.52917,0.52389,0.512
2024,baseball,2024-04-29,False,42.0,573916,Texas Tech,29,17,0.62183,0.56104,0.52942,0.56833
2024,baseball,2024-04-29,False,240.0,574042,The Citadel,17,25,0.33081,0.49479,0.50258,0.45574
2024,baseball,2024-04-29,False,215.0,573920,Toledo,20,24,0.49533,0.44603,0.48883,0.46905
2024,baseball,2024-04-29,False,270.0,573921,Towson,10,33,0.20519,0.52633,0.48634,0.43605
2024,baseball,2024-04-29,False,45.0,573922,Troy,31,14,0.70495,0.51635,0.52449,0.56553
2024,baseball,2024-04-29,False,108.0,573923,Tulane,24,20,0.52535,0.5268,0.50448,0.52086
2024,baseball,2024-04-29,False,175.0,573999,UAB,20,22,0.45128,0.49568,0.52451,0.49179
2024,baseball,2024-04-29,False,278.0,574000,UAlbany,8,28,0.23129,0.50509,0.46721,0.42717
2024,baseball,2024-04-29,False,121.0,574032,UC Davis,18,23,0.4473,0.55979,0.48797,0.51371
2024,baseball,2024-04-29,False,23.0,574033,UC Irvine,32,8,0.79849,0.5072,0.51384,0.58168
2024,baseball,2024-04-29,False,256.0,574035,UC Riverside,12,26,0.28421,0.5098,0.47956,0.44584
2024,baseball,2024-04-29,False,174.0,574229,UC San Diego,26,14,0.58919,0.42988,0.51932,0.49207
2024,baseball,2024-04-29,False,15.0,574030,UC Santa Barbara,28,11,0.77083,0.54752,0.51288,0.59469
2024,baseball,2024-04-29,False,31.0,574039,UCF,26,15,0.60377,0.58418,0.52119,0.57333
2024,baseball,2024-04-29,False,204.0,574034,UCLA,13,28,0.27989,0.55042,0.52051,0.47531
2024,baseball,2024-04-29,False,44.0,574046,UConn,25,18,0.6087,0.56915,0.52274,0.56744
2024,baseball,2024-04-29,False,65.0,574088,UIC,27,13,0.67582,0.5128,0.5036,0.55126
2024,baseball,2024-04-29,False,126.0,573984,UIW,23,19,0.55464,0.48911,0.50999,0.51071
2024,baseball,2024-04-29,False,149.0,574157,ULM,19,24,0.40984,0.53331,0.5274,0.50096
2024,baseball,2024-04-29,False,208.0,574117,UMBC,18,19,0.49834,0.4648,0.4679,0.47396
2024,baseball,2024-04-29,False,305.0,574119,UMES,0,38,0.0,0.41765,0.42527,0.31514
2024,baseball,2024-04-29,False,181.0,574111,UMass Lowell,19,22,0.53418,0.4747,0.47068,0.48856
2024,baseball,2024-04-29,False,228.0,574138,UNC Asheville,18,23,0.39452,0.48131,0.50192,0.46476
2024,baseball,2024-04-29,False,70.0,574141,UNC Greensboro,26,16,0.59896,0.54179,0.50747,0.5475
2024,baseball,2024-04-29,False,49.0,574142,UNCW,28,16,0.61814,0.54726,0.52478,0.55936
2024,baseball,2024-04-29,False,219.0,574145,UNLV,23,20,0.51861,0.42322,0.50642,0.46787
2024,baseball,2024-04-29,False,91.0,573986,USC Upstate,28,16,0.60848,0.50596,0.50952,0.53248
2024,baseball,2024-04-29,False,147.0,573917,UT Arlington,18,26,0.43458,0.53272,0.51057,0.50265
2024,baseball,2024-04-29,False,272.0,574227,UT Martin,18,25,0.40199,0.42313,0.48552,0.43344
2024,baseball,2024-04-29,False,233.0,574175,UTRGV,21,18,0.488,0.42782,0.49475,0.4596
2024,baseball,2024-04-29,False,99.0,573919,UTSA,25,18,0.56938,0.51088,0.52124,0.5281
2024,baseball,2024-04-29,False,58.0,573947,Utah,29,13,0.69544,0.50237,0.51464,0.55371
2024,baseball,2024-04-29,False,281.0,573911,Utah Tech,10,33,0.23095,0.49272,0.4873,0.42592
2024,baseball,2024-04-29,False,144.0,573992,Utah Valley,22,22,0.53659,0.49124,0.49759,0.50417
2024,baseball,2024-04-29,False,83.0,573951,VCU,27,16,0.62827,0.50719,0.50614,0.5372
2024,baseball,2024-04-29,False,137.0,573952,VMI,24,23,0.52267,0.50928,0.48877,0.5075
2024,baseball,2024-04-29,False,224.0,573948,Valparaiso,13,28,0.37772,0.49146,0.50438,0.46626
2024,baseball,2024-04-29,False,24.0,573949,Vanderbilt,31,13,0.66043,0.55831,0.5467,0.58094
2024,baseball,2024-04-29,False,180.0,573950,Villanova,14,27,0.42487,0.51693,0.49624,0.48874
2024,baseball,2024-04-29,False,16.0,573954,Virginia,33,12,0.71429,0.56003,0.54386,0.59455
2024,baseball,2024-04-29,False,39.0,573953,Virginia Tech,27,14,0.6401,0.54266,0.5526,0.5695
2024,baseball,2024-04-29,False,198.0,573955,Wagner,21,21,0.54762,0.44549,0.4699,0.47713
2024,baseball,2024-04-29,False,17.0,573956,Wake Forest,27,16,0.6075,0.6135,0.53537,0.59247
2024,baseball,2024-04-29,False,164.0,573958,Washington,16,20,0.43155,0.51473,0.52234,0.49584
2024,baseball,2024-04-29,False,183.0,573957,Washington St.,19,23,0.46173,0.47674,0.52633,0.48538
2024,baseball,2024-04-29,False,35.0,573959,West Virginia,26,16,0.63868,0.55357,0.53725,0.57077
2024,baseball,2024-04-29,False,102.0,573960,Western Caro.,23,18,0.543,0.5265,0.51019,0.52654
2024,baseball,2024-04-29,False,267.0,573961,Western Ill.,10,29,0.30601,0.49512,0.45702,0.43832
2024,baseball,2024-04-29,False,89.0,573962,Western Ky.,31,14,0.66437,0.4701,0.52698,0.53289
2024,baseball,2024-04-29,False,158.0,573963,Western Mich.,22,18,0.56079,0.46339,0.5004,0.49699
2024,baseball,2024-04-29,False,132.0,573964,Wichita St.,22,23,0.45169,0.53387,0.51843,0.50947
2024,baseball,2024-04-29,False,106.0,573965,William & Mary,26,18,0.5514,0.52274,0.49316,0.52251
2024,baseball,2024-04-29,False,242.0,573966,Winthrop,15,23,0.35447,0.48582,0.49512,0.45531
2024,baseball,2024-04-29,False,69.0,573985,Wofford,28,13,0.68493,0.49544,0.51481,0.54765
2024,baseball,2024-04-29,False,145.0,573968,Wright St.,25,18,0.6175,0.44047,0.51316,0.5029
2024,baseball,2024-04-29,False,36.0,573969,Xavier,22,22,0.52506,0.62415,0.50862,0.57049
2024,baseball,2024-04-29,False,269.0,573970,Yale,15,21,0.44737,0.41168,0.47472,0.43636
2024,baseball,2024-04-29,False,284.0,573971,Youngstown St.,10,33,0.23678,0.48248,0.4885,0.42256
2024,baseball,2024-05-06,False,199.0,573989,A&M-Corpus Christi,21,30,0.39205,0.51259,0.50551,0.48068
2024,baseball,2024-05-06,False,151.0,573995,Abilene Christian,28,20,0.569,0.46345,0.49894,0.49871
2024,baseball,2024-05-06,False,128.0,573924,Air Force,21,25,0.47368,0.53067,0.50183,0.50921
2024,baseball,2024-05-06,False,258.0,573912,Akron,14,33,0.33623,0.48417,0.49328,0.44946
2024,baseball,2024-05-06,False,16.0,573998,Alabama,29,18,0.59189,0.62633,0.5342,0.59469
2024,baseball,2024-05-06,False,294.0,573996,Alabama A&M,12,33,0.27068,0.46063,0.46221,0.41354
2024,baseball,2024-05-06,False,247.0,573997,Alabama St.,23,22,0.50463,0.41601,0.48038,0.45426
2024,baseball,2024-05-06,False,304.0,574001,Alcorn,4,37,0.1087,0.42139,0.45385,0.35133
2024,baseball,2024-05-06,False,74.0,574002,App State,28,16,0.6564,0.4966,0.52842,0.5445
2024,baseball,2024-05-06,False,33.0,574004,Arizona,29,17,0.63183,0.56661,0.52276,0.57195
2024,baseball,2024-05-06,False,88.0,574003,Arizona St.,26,23,0.49356,0.55769,0.52308,0.533
2024,baseball,2024-05-06,False,302.0,573982,Ark.-Pine Bluff,14,31,0.26484,0.35843,0.46647,0.36204
2024,baseball,2024-05-06,False,3.0,574006,Arkansas,40,9,0.80645,0.57634,0.56201,0.63028
2024,baseball,2024-05-06,False,198.0,574005,Arkansas St.,20,26,0.42718,0.49501,0.50944,0.48166
2024,baseball,2024-05-06,False,143.0,573925,Army West Point,27,20,0.56809,0.47681,0.483,0.50118
2024,baseball,2024-05-06,False,50.0,574008,Auburn,22,24,0.4228,0.63579,0.53678,0.55779
2024,baseball,2024-05-06,False,159.0,574009,Austin Peay,30,17,0.65011,0.41499,0.5082,0.49707
2024,baseball,2024-05-06,False,132.0,574018,BYU,18,26,0.41876,0.53385,0.53932,0.50645
2024,baseball,2024-05-06,False,124.0,574010,Ball St.,27,19,0.62277,0.46283,0.49544,0.51097
2024,baseball,2024-05-06,False,139.0,574012,Baylor,20,26,0.38202,0.55286,0.52679,0.50363
2024,baseball,2024-05-06,False,297.0,574228,Bellarmine,7,40,0.14988,0.49747,0.47172,0.40413
2024,baseball,2024-05-06,False,160.0,573987,Belmont,22,25,0.44676,0.52085,0.49885,0.49683
2024,baseball,2024-05-06,False,215.0,574013,Bethune-Cookman,27,21,0.5411,0.42568,0.49494,0.47185
2024,baseball,2024-05-06,False,243.0,574014,Binghamton,18,25,0.44072,0.44308,0.49176,0.45466
2024,baseball,2024-05-06,False,79.0,574015,Boston College,21,25,0.45968,0.57889,0.53864,0.53902
2024,baseball,2024-05-06,False,100.0,574016,Bowling Green,26,17,0.65491,0.47421,0.49805,0.52534
2024,baseball,2024-05-06,False,252.0,574017,Bradley,12,32,0.32936,0.49371,0.48993,0.45167
2024,baseball,2024-05-06,False,289.0,574019,Brown,11,28,0.31234,0.45147,0.46323,0.41963
2024,baseball,2024-05-06,False,130.0,574020,Bryant,29,16,0.6642,0.43995,0.48409,0.50704
2024,baseball,2024-05-06,False,205.0,574021,Bucknell,21,22,0.49091,0.46772,0.47765,0.476
2024,baseball,2024-05-06,False,176.0,574022,Butler,17,30,0.382,0.54378,0.49207,0.49041
2024,baseball,2024-05-06,False,284.0,574024,CSU Bakersfield,13,32,0.24524,0.48123,0.4856,0.42332
2024,baseball,2024-05-06,False,85.0,574028,CSUN,28,17,0.65268,0.49292,0.5017,0.53505
2024,baseball,2024-05-06,False,80.0,574023,Cal Poly,28,17,0.58275,0.52322,0.52163,0.5377
2024,baseball,2024-05-06,False,242.0,574026,Cal St. Fullerton,14,30,0.29412,0.51043,0.5039,0.45472
2024,baseball,2024-05-06,False,65.0,574031,California,28,17,0.61502,0.53189,0.52956,0.55209
2024,baseball,2024-05-06,False,126.0,573994,California Baptist,29,19,0.57849,0.48164,0.49788,0.50991
2024,baseball,2024-05-06,False,84.0,574036,Campbell,27,19,0.5494,0.53562,0.52002,0.53516
2024,baseball,2024-05-06,False,238.0,574037,Canisius,17,23,0.49176,0.43638,0.46619,0.45768
2024,baseball,2024-05-06,False,229.0,573972,Central Ark.,21,24,0.44898,0.45481,0.49958,0.46454
2024,baseball,2024-05-06,False,286.0,574038,Central Conn. St.,16,20,0.44253,0.4008,0.44481,0.42224
2024,baseball,2024-05-06,False,272.0,574040,Central Mich.,15,32,0.35011,0.44369,0.49686,0.43359
2024,baseball,2024-05-06,False,189.0,574011,Charleston So.,18,26,0.38496,0.53571,0.48809,0.48612
2024,baseball,2024-05-06,False,111.0,574140,Charlotte,22,26,0.42009,0.56283,0.51998,0.51643
2024,baseball,2024-05-06,False,70.0,574041,Cincinnati,27,21,0.56738,0.5499,0.52659,0.54844
2024,baseball,2024-05-06,False,4.0,574043,Clemson,36,10,0.74822,0.60167,0.5444,0.62399
2024,baseball,2024-05-06,False,34.0,574044,Coastal Carolina,27,20,0.54479,0.60341,0.53606,0.57192
2024,baseball,2024-05-06,False,55.0,573974,Col. of Charleston,33,11,0.70794,0.49723,0.52009,0.55562
2024,baseball,2024-05-06,False,110.0,574045,Columbia,26,15,0.64752,0.4674,0.48621,0.51713
2024,baseball,2024-05-06,False,300.0,574047,Coppin St.,12,26,0.30857,0.38079,0.44966,0.37995
2024,baseball,2024-05-06,False,221.0,574048,Cornell,15,19,0.48418,0.45489,0.48218,0.46904
2024,baseball,2024-05-06,False,59.0,574049,Creighton,31,14,0.69464,0.50571,0.50625,0.55307
2024,baseball,2024-05-06,False,18.0,573975,DBU,34,12,0.726,0.54524,0.52327,0.58494
2024,baseball,2024-05-06,False,282.0,574050,Dartmouth,12,26,0.36898,0.43107,0.4761,0.42681
2024,baseball,2024-05-06,False,255.0,574051,Davidson,19,27,0.37108,0.47411,0.48378,0.45077
2024,baseball,2024-05-06,False,119.0,574052,Dayton,30,16,0.67431,0.43698,0.50256,0.51271
2024,baseball,2024-05-06,False,150.0,574054,Delaware,25,21,0.53707,0.47821,0.50297,0.49912
2024,baseball,2024-05-06,False,264.0,574053,Delaware St.,16,23,0.40712,0.45942,0.43609,0.44051
2024,baseball,2024-05-06,False,23.0,574055,Duke,32,14,0.66047,0.55734,0.54977,0.58123
2024,baseball,2024-05-06,False,56.0,574057,ETSU,30,15,0.65116,0.52843,0.51261,0.55516
2024,baseball,2024-05-06,False,10.0,574056,East Carolina,37,9,0.8076,0.55198,0.52538,0.60924
2024,baseball,2024-05-06,False,260.0,574058,Eastern Ill.,15,28,0.37408,0.46004,0.48255,0.44418
2024,baseball,2024-05-06,False,264.0,574059,Eastern Ky.,17,31,0.3355,0.4654,0.49573,0.44051
2024,baseball,2024-05-06,False,283.0,574060,Eastern Mich.,13,32,0.3236,0.44862,0.48106,0.42547
2024,baseball,2024-05-06,False,185.0,573976,Elon,19,27,0.34689,0.54939,0.5019,0.48689
2024,baseball,2024-05-06,False,109.0,574061,Evansville,27,20,0.6,0.48001,0.51207,0.51802
2024,baseball,2024-05-06,False,279.0,574063,FDU,18,27,0.43411,0.41693,0.45029,0.42957
2024,baseball,2024-05-06,False,133.0,573991,FGCU,23,22,0.50483,0.50878,0.50025,0.50566
2024,baseball,2024-05-06,False,114.0,574066,FIU,24,22,0.48214,0.53722,0.50544,0.5155
2024,baseball,2024-05-06,False,206.0,574062,Fairfield,27,20,0.57176,0.42317,0.48081,0.47473
2024,baseball,2024-05-06,False,161.0,574065,Fla. Atlantic,23,22,0.47932,0.48761,0.53194,0.49662
2024,baseball,2024-05-06,False,26.0,574068,Florida,24,23,0.47727,0.65374,0.53408,0.57971
2024,baseball,2024-05-06,False,178.0,574064,Florida A&M,23,23,0.4838,0.50451,0.46863,0.49036
2024,baseball,2024-05-06,False,6.0,574067,Florida St.,35,10,0.77261,0.57628,0.5517,0.61922
2024,baseball,2024-05-06,False,169.0,574069,Fordham,19,27,0.41981,0.53786,0.47415,0.49242
2024,baseball,2024-05-06,False,167.0,574025,Fresno St.,27,20,0.57918,0.44507,0.50356,0.49322
2024,baseball,2024-05-06,False,72.0,574073,Ga. Southern,26,21,0.53636,0.55121,0.54078,0.54489
2024,baseball,2024-05-06,False,224.0,573977,Gardner-Webb,19,27,0.37385,0.50139,0.49658,0.4683
2024,baseball,2024-05-06,False,194.0,574070,George Mason,19,26,0.38596,0.53175,0.48346,0.48323
2024,baseball,2024-05-06,False,182.0,574071,George Washington,26,21,0.52632,0.4684,0.48707,0.48755
2024,baseball,2024-05-06,False,76.0,574072,Georgetown,29,16,0.64206,0.50371,0.51182,0.54033
2024,baseball,2024-05-06,False,5.0,574076,Georgia,35,12,0.73368,0.60932,0.54184,0.62354
2024,baseball,2024-05-06,False,102.0,574074,Georgia St.,23,26,0.46327,0.55119,0.52776,0.52335
2024,baseball,2024-05-06,False,47.0,574075,Georgia Tech,28,17,0.59804,0.55124,0.54951,0.56251
2024,baseball,2024-05-06,False,142.0,574077,Gonzaga,19,25,0.49185,0.5035,0.50773,0.50164
2024,baseball,2024-05-06,False,237.0,574078,Grambling,19,23,0.47222,0.44387,0.47212,0.45802
2024,baseball,2024-05-06,False,90.0,573978,Grand Canyon,29,18,0.61456,0.50539,0.50504,0.5326
2024,baseball,2024-05-06,False,263.0,574080,Harvard,12,24,0.36842,0.45727,0.48404,0.44175
2024,baseball,2024-05-06,False,60.0,574081,Hawaii,29,15,0.609,0.53849,0.52626,0.55306
2024,baseball,2024-05-06,False,134.0,573988,High Point,26,23,0.49041,0.5104,0.51071,0.50548
2024,baseball,2024-05-06,False,171.0,574082,Hofstra,20,28,0.44907,0.51307,0.49301,0.49206
2024,baseball,2024-05-06,False,163.0,574083,Holy Cross,25,25,0.57016,0.46374,0.48437,0.4955
2024,baseball,2024-05-06,False,112.0,574085,Houston,23,24,0.4375,0.54987,0.52705,0.51607
2024,baseball,2024-05-06,False,236.0,574084,Houston Christian,15,28,0.35025,0.49114,0.50027,0.4582
2024,baseball,2024-05-06,False,61.0,574087,Illinois,28,16,0.63926,0.52261,0.52688,0.55284
2024,baseball,2024-05-06,False,135.0,574086,Illinois St.,24,22,0.5672,0.47862,0.49664,0.50527
2024,baseball,2024-05-06,False,64.0,574090,Indiana,27,19,0.55799,0.56322,0.52419,0.55215
2024,baseball,2024-05-06,False,9.0,574089,Indiana St.,34,10,0.81731,0.54854,0.52356,0.60949
2024,baseball,2024-05-06,False,288.0,574092,Iona,11,32,0.2964,0.47014,0.44562,0.42058
2024,baseball,2024-05-06,False,95.0,574093,Iowa,28,18,0.595,0.49031,0.54007,0.52892
2024,baseball,2024-05-06,False,227.0,574094,Jackson St.,29,16,0.61692,0.38775,0.47239,0.4662
2024,baseball,2024-05-06,False,204.0,574096,Jacksonville,22,23,0.46336,0.476,0.49389,0.47731
2024,baseball,2024-05-06,False,170.0,574095,Jacksonville St.,16,29,0.34452,0.55779,0.50869,0.4922
2024,baseball,2024-05-06,False,39.0,574097,James Madison,28,19,0.59352,0.58373,0.51567,0.56916
2024,baseball,2024-05-06,False,63.0,574099,Kansas,27,17,0.59005,0.54208,0.53652,0.55268
2024,baseball,2024-05-06,False,36.0,574098,Kansas St.,28,19,0.59242,0.57872,0.53337,0.57081
2024,baseball,2024-05-06,False,86.0,573979,Kennesaw St.,25,20,0.60091,0.51515,0.50646,0.53442
2024,baseball,2024-05-06,False,174.0,574100,Kent St.,23,23,0.52871,0.47016,0.49688,0.49148
2024,baseball,2024-05-06,False,2.0,574101,Kentucky,35,10,0.76484,0.61081,0.54728,0.63344
2024,baseball,2024-05-06,False,239.0,574106,LIU,24,20,0.57303,0.39402,0.46695,0.45701
2024,baseball,2024-05-06,False,219.0,574112,LMU (CA),20,25,0.42092,0.4849,0.49203,0.47069
2024,baseball,2024-05-06,False,32.0,574108,LSU,31,18,0.58716,0.58205,0.54587,0.57428
2024,baseball,2024-05-06,False,254.0,574102,Lafayette,14,35,0.29561,0.51749,0.47311,0.45092
2024,baseball,2024-05-06,False,57.0,574103,Lamar University,36,10,0.77017,0.46611,0.51351,0.55398
2024,baseball,2024-05-06,False,268.0,574412,Le Moyne,18,24,0.49153,0.40628,0.45143,0.43888
2024,baseball,2024-05-06,False,225.0,574104,Lehigh,24,23,0.53712,0.42799,0.47676,0.46746
2024,baseball,2024-05-06,False,125.0,574105,Liberty,21,26,0.42459,0.54968,0.51656,0.51013
2024,baseball,2024-05-06,False,273.0,574230,Lindenwood,14,33,0.30248,0.47697,0.47552,0.43299
2024,baseball,2024-05-06,False,202.0,573990,Lipscomb,18,28,0.39648,0.50523,0.50536,0.47807
2024,baseball,2024-05-06,False,165.0,574007,Little Rock,26,20,0.57466,0.4551,0.49618,0.49526
2024,baseball,2024-05-06,False,222.0,574027,Long Beach St.,21,22,0.49062,0.4385,0.50669,0.46858
2024,baseball,2024-05-06,False,213.0,574107,Longwood,20,26,0.45631,0.4654,0.50105,0.47204
2024,baseball,2024-05-06,False,49.0,574220,Louisiana,34,15,0.66087,0.53074,0.52355,0.56147
2024,baseball,2024-05-06,False,44.0,574109,Louisiana Tech,35,15,0.69526,0.52322,0.5274,0.56728
2024,baseball,2024-05-06,False,58.0,574110,Louisville,29,18,0.56064,0.55355,0.54537,0.55328
2024,baseball,2024-05-06,False,293.0,574113,Maine,10,32,0.26287,0.46106,0.47528,0.41507
2024,baseball,2024-05-06,False,285.0,574114,Manhattan,17,28,0.45154,0.37747,0.48506,0.42289
2024,baseball,2024-05-06,False,270.0,574115,Marist,15,31,0.3733,0.45316,0.46794,0.43689
2024,baseball,2024-05-06,False,214.0,574116,Marshall,15,32,0.28218,0.54838,0.50891,0.47196
2024,baseball,2024-05-06,False,35.0,574118,Maryland,31,18,0.67789,0.54149,0.52491,0.57144
2024,baseball,2024-05-06,False,193.0,574120,Massachusetts,21,23,0.53365,0.44947,0.50354,0.48403
2024,baseball,2024-05-06,False,103.0,574121,McNeese,24,22,0.50239,0.53755,0.5156,0.52327
2024,baseball,2024-05-06,False,176.0,574122,Memphis,21,27,0.41875,0.51706,0.50876,0.49041
2024,baseball,2024-05-06,False,97.0,574123,Mercer,24,22,0.50226,0.55083,0.50493,0.52721
2024,baseball,2024-05-06,False,251.0,573973,Merrimack,24,24,0.52288,0.41789,0.45202,0.45267
2024,baseball,2024-05-06,False,89.0,574125,Miami (FL),21,25,0.39474,0.60392,0.52866,0.53281
2024,baseball,2024-05-06,False,147.0,574124,Miami (OH),24,20,0.54988,0.47915,0.49281,0.50025
2024,baseball,2024-05-06,False,93.0,574127,Michigan,25,23,0.50889,0.55073,0.50952,0.52997
2024,baseball,2024-05-06,False,105.0,574126,Michigan St.,21,23,0.4486,0.56829,0.50472,0.52247
2024,baseball,2024-05-06,False,231.0,574128,Middle Tenn.,17,30,0.34475,0.50968,0.49059,0.46368
2024,baseball,2024-05-06,False,233.0,573967,Milwaukee,16,29,0.38243,0.49951,0.46781,0.46231
2024,baseball,2024-05-06,False,115.0,574129,Minnesota,21,21,0.52555,0.51269,0.50655,0.51437
2024,baseball,2024-05-06,False,20.0,574130,Mississippi St.,32,16,0.62785,0.57928,0.548,0.5836
2024,baseball,2024-05-06,False,298.0,574131,Mississippi Val.,9,30,0.23577,0.45233,0.4308,0.39281
2024,baseball,2024-05-06,False,96.0,574133,Missouri,21,28,0.40435,0.58533,0.53437,0.52734
2024,baseball,2024-05-06,False,122.0,574218,Missouri St.,19,28,0.45877,0.53698,0.5123,0.51126
2024,baseball,2024-05-06,False,186.0,574134,Monmouth,16,25,0.44658,0.49731,0.50585,0.48676
2024,baseball,2024-05-06,False,197.0,574135,Morehead St.,28,20,0.6036,0.41293,0.49815,0.48191
2024,baseball,2024-05-06,False,291.0,574136,Mount St. Mary's,15,30,0.36054,0.42317,0.46625,0.41828
2024,baseball,2024-05-06,False,75.0,574137,Murray St.,30,18,0.62338,0.52443,0.49824,0.54262
2024,baseball,2024-05-06,False,145.0,574154,N.C. A&T,23,24,0.48864,0.50621,0.50262,0.50092
2024,baseball,2024-05-06,False,21.0,574155,NC State,26,18,0.55789,0.61532,0.54194,0.58262
2024,baseball,2024-05-06,False,218.0,574160,NIU,16,31,0.41648,0.48672,0.49345,0.47084
2024,baseball,2024-05-06,False,246.0,574147,NJIT,19,24,0.4934,0.41918,0.48558,0.45433
2024,baseball,2024-05-06,False,187.0,573946,Navy,26,20,0.56674,0.44674,0.48665,0.48672
2024,baseball,2024-05-06,False,19.0,574143,Nebraska,30,16,0.65393,0.57853,0.52473,0.58393
2024,baseball,2024-05-06,False,184.0,574146,Nevada,20,22,0.51244,0.47449,0.48728,0.48717
2024,baseball,2024-05-06,False,179.0,574149,New Mexico,25,21,0.5186,0.46627,0.50048,0.4879
2024,baseball,2024-05-06,False,148.0,574148,New Mexico St.,23,24,0.47178,0.50612,0.51373,0.49944
2024,baseball,2024-05-06,False,106.0,574150,New Orleans,26,21,0.51613,0.52504,0.51193,0.51953
2024,baseball,2024-05-06,False,116.0,574151,Niagara,30,12,0.79412,0.38453,0.49111,0.51357
2024,baseball,2024-05-06,False,73.0,574152,Nicholls,30,17,0.63901,0.51799,0.50359,0.54465
2024,baseball,2024-05-06,False,303.0,574153,Norfolk St.,11,35,0.20868,0.37914,0.44194,0.35222
2024,baseball,2024-05-06,False,281.0,573993,North Ala.,16,30,0.32826,0.44662,0.48918,0.42767
2024,baseball,2024-05-06,False,7.0,574139,North Carolina,35,11,0.75131,0.5908,0.54391,0.61921
2024,baseball,2024-05-06,False,216.0,574156,North Dakota St.,16,25,0.44909,0.47513,0.48594,0.47132
2024,baseball,2024-05-06,False,250.0,573983,North Florida,20,24,0.41935,0.44873,0.49559,0.4531
2024,baseball,2024-05-06,False,38.0,574158,Northeastern,32,13,0.75283,0.50025,0.52391,0.56931
2024,baseball,2024-05-06,False,277.0,574159,Northern Colo.,12,32,0.28535,0.47763,0.48157,0.43055
2024,baseball,2024-05-06,False,155.0,574161,Northern Ky.,27,20,0.60859,0.43928,0.50573,0.49822
2024,baseball,2024-05-06,False,137.0,574163,Northwestern,13,30,0.35452,0.57814,0.50826,0.50477
2024,baseball,2024-05-06,False,162.0,574162,Northwestern St.,19,28,0.39503,0.54608,0.49821,0.49635
2024,baseball,2024-05-06,False,53.0,574164,Notre Dame,25,21,0.56047,0.56011,0.5452,0.55647
2024,baseball,2024-05-06,False,166.0,574165,Oakland,25,23,0.58889,0.45569,0.47851,0.4947
2024,baseball,2024-05-06,False,249.0,574167,Ohio,14,28,0.34359,0.49857,0.47472,0.45386
2024,baseball,2024-05-06,False,66.0,574166,Ohio St.,23,22,0.53286,0.57352,0.52438,0.55107
2024,baseball,2024-05-06,False,17.0,574169,Oklahoma,29,17,0.59915,0.61107,0.52967,0.58774
2024,baseball,2024-05-06,False,22.0,574168,Oklahoma St.,32,16,0.66895,0.56133,0.53671,0.58208
2024,baseball,2024-05-06,False,78.0,574170,Old Dominion,25,21,0.49389,0.5652,0.53427,0.53964
2024,baseball,2024-05-06,False,25.0,574132,Ole Miss,25,22,0.50343,0.63869,0.53969,0.58013
2024,baseball,2024-05-06,False,290.0,574144,Omaha,15,26,0.39948,0.39828,0.47992,0.41899
2024,baseball,2024-05-06,False,276.0,574171,Oral Roberts,19,27,0.38347,0.42781,0.48492,0.431
2024,baseball,2024-05-06,False,48.0,574173,Oregon,32,15,0.65022,0.53539,0.52699,0.562
2024,baseball,2024-05-06,False,14.0,574172,Oregon St.,35,12,0.75495,0.55755,0.51379,0.59596
2024,baseball,2024-05-06,False,295.0,574174,Pacific,9,38,0.17045,0.48989,0.48582,0.40901
2024,baseball,2024-05-06,False,208.0,574177,Penn,20,22,0.51282,0.45269,0.47806,0.47407
2024,baseball,2024-05-06,False,156.0,574176,Penn St.,21,20,0.52041,0.47755,0.51545,0.49774
2024,baseball,2024-05-06,False,287.0,574178,Pepperdine,12,32,0.24885,0.47138,0.49242,0.421
2024,baseball,2024-05-06,False,99.0,574179,Pittsburgh,19,25,0.4229,0.57514,0.52861,0.52545
2024,baseball,2024-05-06,False,82.0,574180,Portland,27,17,0.64235,0.4994,0.50328,0.53611
2024,baseball,2024-05-06,False,223.0,574181,Prairie View,24,23,0.52983,0.43552,0.47294,0.46845
2024,baseball,2024-05-06,False,180.0,573980,Presbyterian,25,22,0.51364,0.47012,0.49694,0.4877
2024,baseball,2024-05-06,False,196.0,574182,Princeton,17,24,0.45316,0.49529,0.48511,0.48221
2024,baseball,2024-05-06,False,69.0,574183,Purdue,31,17,0.6047,0.53362,0.52341,0.54884
2024,baseball,2024-05-06,False,234.0,574091,Purdue Fort Wayne,16,30,0.40566,0.46975,0.49694,0.46053
2024,baseball,2024-05-06,False,275.0,574231,Queens (NC),12,36,0.24837,0.50443,0.47239,0.4324
2024,baseball,2024-05-06,False,259.0,574184,Quinnipiac,17,26,0.42936,0.44842,0.46387,0.44752
2024,baseball,2024-05-06,False,240.0,574185,Radford,14,29,0.30607,0.51017,0.49582,0.45556
2024,baseball,2024-05-06,False,149.0,574186,Rhode Island,16,25,0.42192,0.54561,0.4845,0.49941
2024,baseball,2024-05-06,False,192.0,574187,Rice,19,28,0.38266,0.51655,0.52329,0.48477
2024,baseball,2024-05-06,False,244.0,574188,Richmond,21,26,0.39421,0.47249,0.47859,0.45444
2024,baseball,2024-05-06,False,118.0,574189,Rider,22,20,0.59948,0.48854,0.47479,0.51284
2024,baseball,2024-05-06,False,68.0,574190,Rutgers,26,21,0.58462,0.54659,0.52245,0.55006
2024,baseball,2024-05-06,False,299.0,574222,SFA,9,39,0.15436,0.46675,0.48067,0.39214
2024,baseball,2024-05-06,False,253.0,574215,SIUE,18,28,0.40465,0.46422,0.47292,0.4515
2024,baseball,2024-05-06,False,200.0,574029,Sacramento St.,23,26,0.45276,0.48508,0.49808,0.48025
2024,baseball,2024-05-06,False,154.0,574191,Sacred Heart,26,20,0.6165,0.4675,0.44304,0.49863
2024,baseball,2024-05-06,False,181.0,574194,Saint Joseph's,20,23,0.49616,0.48376,0.48669,0.48759
2024,baseball,2024-05-06,False,83.0,574195,Saint Louis,33,11,0.75765,0.44209,0.50062,0.53561
2024,baseball,2024-05-06,False,92.0,574196,Saint Mary's (CA),30,16,0.64679,0.48933,0.4996,0.53126
2024,baseball,2024-05-06,False,301.0,574197,Saint Peter's,10,36,0.25381,0.38746,0.44832,0.36926
2024,baseball,2024-05-06,False,77.0,574198,Sam Houston,27,21,0.55,0.54941,0.51138,0.54005
2024,baseball,2024-05-06,False,87.0,574199,Samford,31,16,0.62877,0.4863,0.5323,0.53342
2024,baseball,2024-05-06,False,30.0,574201,San Diego,33,13,0.73804,0.52346,0.51553,0.57513
2024,baseball,2024-05-06,False,232.0,574200,San Diego St.,14,33,0.27685,0.54399,0.48562,0.46261
2024,baseball,2024-05-06,False,280.0,574202,San Francisco,19,28,0.37639,0.42539,0.48671,0.42847
2024,baseball,2024-05-06,False,183.0,574203,San Jose St.,19,27,0.44104,0.51167,0.48492,0.48733
2024,baseball,2024-05-06,False,146.0,574204,Santa Clara,21,23,0.47848,0.51257,0.49973,0.50084
2024,baseball,2024-05-06,False,269.0,573981,Seattle U,14,33,0.32088,0.46812,0.49264,0.43744
2024,baseball,2024-05-06,False,195.0,574205,Seton Hall,22,26,0.45759,0.48257,0.50811,0.48271
2024,baseball,2024-05-06,False,296.0,574206,Siena,9,34,0.22817,0.46392,0.46504,0.40526
2024,baseball,2024-05-06,False,67.0,574207,South Alabama,27,20,0.55385,0.56019,0.52951,0.55093
2024,baseball,2024-05-06,False,13.0,574208,South Carolina,32,15,0.64953,0.59443,0.55197,0.59759
2024,baseball,2024-05-06,False,240.0,574209,South Dakota St.,17,25,0.49383,0.42878,0.47088,0.45556
2024,baseball,2024-05-06,False,136.0,574210,South Fla.,23,24,0.45212,0.52915,0.51001,0.50511
2024,baseball,2024-05-06,False,153.0,574211,Southeast Mo. St.,25,23,0.52058,0.49838,0.4773,0.49866
2024,baseball,2024-05-06,False,152.0,574212,Southeastern La.,23,24,0.45767,0.51619,0.50468,0.49868
2024,baseball,2024-05-06,False,101.0,574213,Southern California,22,25,0.45119,0.56401,0.52107,0.52507
2024,baseball,2024-05-06,False,140.0,574214,Southern Ill.,26,22,0.53778,0.48733,0.50119,0.50341
2024,baseball,2024-05-06,False,217.0,574232,Southern Ind.,22,26,0.45614,0.47538,0.47808,0.47124
2024,baseball,2024-05-06,False,37.0,574216,Southern Miss.,31,17,0.6317,0.55767,0.53445,0.57037
2024,baseball,2024-05-06,False,257.0,574217,Southern U.,20,23,0.46747,0.4313,0.46852,0.44965
2024,baseball,2024-05-06,False,228.0,574192,St. Bonaventure,15,27,0.42308,0.47945,0.4777,0.46492
2024,baseball,2024-05-06,False,42.0,574193,St. John's (NY),31,11,0.75881,0.49613,0.52172,0.5682
2024,baseball,2024-05-06,False,201.0,573909,St. Thomas (MN),18,21,0.53543,0.45535,0.47145,0.4794
2024,baseball,2024-05-06,False,129.0,574221,Stanford,20,25,0.41839,0.54746,0.51859,0.50798
2024,baseball,2024-05-06,False,120.0,574223,Stetson,30,18,0.59459,0.47648,0.50037,0.51198
2024,baseball,2024-05-06,False,245.0,574233,Stonehill,16,24,0.45745,0.4562,0.44764,0.45437
2024,baseball,2024-05-06,False,141.0,574224,Stony Brook,23,22,0.51559,0.49303,0.51006,0.50293
2024,baseball,2024-05-06,False,29.0,573914,TCU,29,16,0.64141,0.55824,0.54266,0.57514
2024,baseball,2024-05-06,False,168.0,573910,Tarleton St.,25,23,0.54167,0.4696,0.49106,0.49298
2024,baseball,2024-05-06,False,8.0,574226,Tennessee,39,9,0.79259,0.55877,0.55944,0.61739
2024,baseball,2024-05-06,False,226.0,574225,Tennessee Tech,28,20,0.53704,0.4174,0.49319,0.46626
2024,baseball,2024-05-06,False,52.0,573918,Texas,30,19,0.5523,0.56912,0.53603,0.55664
2024,baseball,2024-05-06,False,1.0,573913,Texas A&M,40,8,0.8321,0.58351,0.55432,0.63836
2024,baseball,2024-05-06,False,164.0,573915,Texas Southern,19,21,0.53582,0.48843,0.46862,0.49532
2024,baseball,2024-05-06,False,123.0,574219,Texas St.,24,25,0.46201,0.52727,0.52772,0.51107
2024,baseball,2024-05-06,False,51.0,573916,Texas Tech,30,20,0.57273,0.56238,0.53161,0.55727
2024,baseball,2024-05-06,False,256.0,574042,The Citadel,17,28,0.30115,0.49861,0.50094,0.44983
2024,baseball,2024-05-06,False,220.0,573920,Toledo,23,25,0.51096,0.44045,0.48765,0.46988
2024,baseball,2024-05-06,False,262.0,573921,Towson,11,36,0.21053,0.53591,0.48656,0.44223
2024,baseball,2024-05-06,False,46.0,573922,Troy,34,15,0.69874,0.52006,0.52177,0.56516
2024,baseball,2024-05-06,False,127.0,573923,Tulane,26,22,0.51055,0.50958,0.50959,0.50982
2024,baseball,2024-05-06,False,173.0,573999,UAB,22,24,0.4633,0.49065,0.52257,0.49179
2024,baseball,2024-05-06,False,274.0,574000,UAlbany,11,29,0.27134,0.4943,0.47072,0.43267
2024,baseball,2024-05-06,False,121.0,574032,UC Davis,21,24,0.46853,0.5434,0.4924,0.51193
2024,baseball,2024-05-06,False,24.0,574033,UC Irvine,34,10,0.76072,0.52572,0.50967,0.58046
2024,baseball,2024-05-06,False,271.0,574035,UC Riverside,14,28,0.29048,0.48438,0.48457,0.43595
2024,baseball,2024-05-06,False,172.0,574229,UC San Diego,26,19,0.53827,0.45801,0.51317,0.49186
2024,baseball,2024-05-06,False,15.0,574030,UC Santa Barbara,31,12,0.76923,0.55164,0.50784,0.59509
2024,baseball,2024-05-06,False,28.0,574039,UCF,29,15,0.64146,0.56827,0.5234,0.57535
2024,baseball,2024-05-06,False,203.0,574034,UCLA,16,29,0.3309,0.52988,0.52041,0.47777
2024,baseball,2024-05-06,False,45.0,574046,UConn,27,19,0.62264,0.55942,0.52023,0.56543
2024,baseball,2024-05-06,False,71.0,574088,UIC,31,13,0.7122,0.48146,0.50908,0.54605
2024,baseball,2024-05-06,False,144.0,573984,UIW,24,22,0.51724,0.49086,0.50527,0.50106
2024,baseball,2024-05-06,False,191.0,574157,ULM,20,28,0.37449,0.52148,0.52425,0.48542
2024,baseball,2024-05-06,False,207.0,574117,UMBC,21,19,0.53106,0.44764,0.47249,0.47471
2024,baseball,2024-05-06,False,305.0,574119,UMES,0,41,0.0,0.42063,0.43119,0.31811
2024,baseball,2024-05-06,False,190.0,574111,UMass Lowell,21,24,0.54483,0.45935,0.47893,0.48562
2024,baseball,2024-05-06,False,211.0,574138,UNC Asheville,20,23,0.41689,0.48575,0.50331,0.47292
2024,baseball,2024-05-06,False,62.0,574141,UNC Greensboro,29,16,0.63593,0.5315,0.51182,0.55269
2024,baseball,2024-05-06,False,43.0,574142,UNCW,32,16,0.6468,0.54809,0.52958,0.56814
2024,baseball,2024-05-06,False,230.0,574145,UNLV,25,22,0.51002,0.42385,0.49823,0.46399
2024,baseball,2024-05-06,False,94.0,573986,USC Upstate,30,18,0.5906,0.5076,0.51139,0.5293
2024,baseball,2024-05-06,False,175.0,573917,UT Arlington,19,29,0.41239,0.52236,0.50675,0.49097
2024,baseball,2024-05-06,False,266.0,574227,UT Martin,19,29,0.38889,0.4461,0.47951,0.44015
2024,baseball,2024-05-06,False,210.0,574175,UTRGV,23,20,0.50361,0.44965,0.49094,0.47346
2024,baseball,2024-05-06,False,108.0,573919,UTSA,27,20,0.55022,0.50072,0.52072,0.51809
2024,baseball,2024-05-06,False,54.0,573947,Utah,30,15,0.68243,0.51417,0.51445,0.55631
2024,baseball,2024-05-06,False,292.0,573911,Utah Tech,11,36,0.2389,0.46567,0.49054,0.4152
2024,baseball,2024-05-06,False,157.0,573992,Utah Valley,25,23,0.54889,0.47444,0.49121,0.49724
2024,baseball,2024-05-06,False,98.0,573951,VCU,28,19,0.5771,0.51148,0.50743,0.52687
2024,baseball,2024-05-06,False,131.0,573952,VMI,25,26,0.51214,0.5117,0.49071,0.50656
2024,baseball,2024-05-06,False,235.0,573948,Valparaiso,14,31,0.35784,0.48838,0.50315,0.45944
2024,baseball,2024-05-06,False,27.0,573949,Vanderbilt,32,16,0.63184,0.56868,0.54378,0.57824
2024,baseball,2024-05-06,False,209.0,573950,Villanova,15,29,0.40811,0.49508,0.49678,0.47377
2024,baseball,2024-05-06,False,12.0,573954,Virginia,35,12,0.72727,0.56324,0.54023,0.59849
2024,baseball,2024-05-06,False,40.0,573953,Virginia Tech,31,14,0.66427,0.53183,0.5469,0.56871
2024,baseball,2024-05-06,False,212.0,573955,Wagner,22,24,0.51196,0.45468,0.46753,0.47222
2024,baseball,2024-05-06,False,11.0,573956,Wake Forest,32,16,0.6464,0.61308,0.53221,0.60119
2024,baseball,2024-05-06,False,158.0,573958,Washington,18,22,0.44595,0.50819,0.52634,0.49717
2024,baseball,2024-05-06,False,188.0,573957,Washington St.,20,26,0.43596,0.49475,0.51934,0.4862
2024,baseball,2024-05-06,False,41.0,573959,West Virginia,28,18,0.63721,0.54872,0.53822,0.56822
2024,baseball,2024-05-06,False,104.0,573960,Western Caro.,23,22,0.50113,0.53865,0.51148,0.52248
2024,baseball,2024-05-06,False,261.0,573961,Western Ill.,12,32,0.31059,0.50057,0.45962,0.44283
2024,baseball,2024-05-06,False,91.0,573962,Western Ky.,31,16,0.64365,0.4826,0.52025,0.53228
2024,baseball,2024-05-06,False,138.0,573963,Western Mich.,25,19,0.58465,0.46818,0.49763,0.50466
2024,baseball,2024-05-06,False,117.0,573964,Wichita St.,24,26,0.46204,0.5386,0.51328,0.51313
2024,baseball,2024-05-06,False,107.0,573965,William & Mary,27,21,0.53896,0.51982,0.49821,0.5192
2024,baseball,2024-05-06,False,248.0,573966,Winthrop,16,25,0.34759,0.48618,0.4965,0.45411
2024,baseball,2024-05-06,False,81.0,573985,Wofford,30,15,0.67669,0.4799,0.51312,0.53741
2024,baseball,2024-05-06,False,113.0,573968,Wright St.,27,19,0.63048,0.46443,0.50458,0.51598
2024,baseball,2024-05-06,False,31.0,573969,Xavier,25,22,0.5655,0.60804,0.51731,0.57472
2024,baseball,2024-05-06,False,267.0,573970,Yale,15,22,0.4384,0.42435,0.47114,0.43956
2024,baseball,2024-05-06,False,278.0,573971,Youngstown St.,11,35,0.25236,0.48934,0.48762,0.42966
2024,baseball,2024-05-13,False,193.0,573989,A&M-Corpus Christi,21,30,0.39205,0.51397,0.50595,0.48148
2024,baseball,2024-05-13,False,136.0,573995,Abilene Christian,30,22,0.5703,0.47288,0.49961,0.50392
2024,baseball,2024-05-13,False,126.0,573924,Air Force,23,26,0.49667,0.51428,0.50601,0.50781
2024,baseball,2024-05-13,False,259.0,573912,Akron,14,36,0.31,0.48905,0.49225,0.44509
2024,baseball,2024-05-13,False,11.0,573998,Alabama,32,19,0.59913,0.62534,0.53544,0.59631
2024,baseball,2024-05-13,False,295.0,573996,Alabama A&M,13,36,0.27563,0.44866,0.46356,0.40913
2024,baseball,2024-05-13,False,244.0,573997,Alabama St.,26,24,0.50515,0.41762,0.48241,0.4557
2024,baseball,2024-05-13,False,304.0,574001,Alcorn,6,39,0.14493,0.42435,0.4558,0.36236
2024,baseball,2024-05-13,False,64.0,574002,App State,30,17,0.66593,0.5004,0.5275,0.54856
2024,baseball,2024-05-13,False,26.0,574004,Arizona,32,18,0.6531,0.56883,0.5239,0.57867
2024,baseball,2024-05-13,False,81.0,574003,Arizona St.,29,24,0.51931,0.54966,0.52293,0.53539
2024,baseball,2024-05-13,False,302.0,573982,Ark.-Pine Bluff,15,33,0.26115,0.37526,0.46377,0.36886
2024,baseball,2024-05-13,False,4.0,574006,Arkansas,42,10,0.78837,0.5813,0.55909,0.62752
2024,baseball,2024-05-13,False,202.0,574005,Arkansas St.,21,29,0.39956,0.50214,0.51176,0.4789
2024,baseball,2024-05-13,False,154.0,573925,Army West Point,27,21,0.5528,0.47612,0.48443,0.49737
2024,baseball,2024-05-13,False,46.0,574008,Auburn,25,25,0.46467,0.61682,0.54171,0.56001
2024,baseball,2024-05-13,False,144.0,574009,Austin Peay,33,18,0.6646,0.41947,0.50356,0.50177
2024,baseball,2024-05-13,False,138.0,574018,BYU,19,29,0.40082,0.53772,0.53775,0.5035
2024,baseball,2024-05-13,False,128.0,574010,Ball St.,30,20,0.62241,0.45311,0.49578,0.5061
2024,baseball,2024-05-13,False,135.0,574012,Baylor,21,29,0.37421,0.55638,0.52877,0.50394
2024,baseball,2024-05-13,False,296.0,574228,Bellarmine,8,43,0.1678,0.48764,0.4749,0.40449
2024,baseball,2024-05-13,False,165.0,573987,Belmont,24,27,0.44444,0.5115,0.50063,0.49202
2024,baseball,2024-05-13,False,206.0,574013,Bethune-Cookman,28,23,0.53763,0.44402,0.48672,0.4781
2024,baseball,2024-05-13,False,241.0,574014,Binghamton,20,26,0.44578,0.44741,0.48912,0.45743
2024,baseball,2024-05-13,False,83.0,574015,Boston College,22,27,0.44423,0.57884,0.53602,0.53448
2024,baseball,2024-05-13,False,101.0,574016,Bowling Green,29,18,0.67494,0.46228,0.49544,0.52374
2024,baseball,2024-05-13,False,249.0,574017,Bradley,13,34,0.33857,0.49358,0.49082,0.45414
2024,baseball,2024-05-13,False,289.0,574019,Brown,11,28,0.31234,0.46026,0.45976,0.42315
2024,baseball,2024-05-13,False,131.0,574020,Bryant,31,17,0.67352,0.43131,0.48638,0.50563
2024,baseball,2024-05-13,False,197.0,574021,Bucknell,22,22,0.50754,0.46811,0.47756,0.48033
2024,baseball,2024-05-13,False,181.0,574022,Butler,20,32,0.40951,0.52144,0.49338,0.48644
2024,baseball,2024-05-13,False,285.0,574024,CSU Bakersfield,13,36,0.22103,0.498,0.48903,0.42652
2024,baseball,2024-05-13,False,93.0,574028,CSUN,29,19,0.62121,0.49706,0.49878,0.52853
2024,baseball,2024-05-13,False,102.0,574023,Cal Poly,31,19,0.5766,0.50138,0.51523,0.52364
2024,baseball,2024-05-13,False,257.0,574026,Cal St. Fullerton,15,33,0.28387,0.50016,0.50648,0.44767
2024,baseball,2024-05-13,False,70.0,574031,California,30,18,0.60927,0.51959,0.52807,0.54413
2024,baseball,2024-05-13,False,124.0,573994,California Baptist,32,20,0.58116,0.47925,0.49556,0.50881
2024,baseball,2024-05-13,False,86.0,574036,Campbell,29,21,0.55824,0.52807,0.51987,0.53356
2024,baseball,2024-05-13,False,243.0,574037,Canisius,18,25,0.49105,0.43524,0.46464,0.45654
2024,baseball,2024-05-13,False,232.0,573972,Central Ark.,22,26,0.43249,0.46308,0.49183,0.46262
2024,baseball,2024-05-13,False,277.0,574038,Central Conn. St.,17,22,0.44533,0.42079,0.44902,0.43399
2024,baseball,2024-05-13,False,263.0,574040,Central Mich.,16,35,0.35244,0.46242,0.49478,0.44302
2024,baseball,2024-05-13,False,199.0,574011,Charleston So.,20,28,0.38211,0.52472,0.48814,0.47993
2024,baseball,2024-05-13,False,132.0,574140,Charlotte,22,30,0.38983,0.55549,0.5189,0.50493
2024,baseball,2024-05-13,False,53.0,574041,Cincinnati,30,21,0.6039,0.54218,0.52922,0.55437
2024,baseball,2024-05-13,False,7.0,574043,Clemson,37,13,0.72088,0.59544,0.54705,0.6147
2024,baseball,2024-05-13,False,38.0,574044,Coastal Carolina,30,21,0.55034,0.59584,0.53642,0.56961
2024,baseball,2024-05-13,False,50.0,573974,Col. of Charleston,36,12,0.7013,0.50524,0.51821,0.5575
2024,baseball,2024-05-13,False,111.0,574045,Columbia,26,15,0.64752,0.4703,0.48643,0.51864
2024,baseball,2024-05-13,False,300.0,574047,Coppin St.,12,29,0.29111,0.38962,0.44927,0.3799
2024,baseball,2024-05-13,False,216.0,574048,Cornell,15,19,0.48418,0.46006,0.48123,0.47138
2024,baseball,2024-05-13,False,60.0,574049,Creighton,32,16,0.68202,0.50824,0.50795,0.55161
2024,baseball,2024-05-13,False,19.0,573975,DBU,38,12,0.74286,0.53998,0.52505,0.58697
2024,baseball,2024-05-13,False,280.0,574050,Dartmouth,13,26,0.38058,0.43031,0.47781,0.42975
2024,baseball,2024-05-13,False,251.0,574051,Davidson,22,27,0.40138,0.46504,0.48365,0.45378
2024,baseball,2024-05-13,False,110.0,574052,Dayton,31,18,0.66307,0.45971,0.4943,0.5192
2024,baseball,2024-05-13,False,137.0,574054,Delaware,27,22,0.55263,0.48092,0.50105,0.50388
2024,baseball,2024-05-13,False,279.0,574053,Delaware St.,19,24,0.42389,0.43127,0.4429,0.43233
2024,baseball,2024-05-13,False,23.0,574055,Duke,34,16,0.65957,0.56303,0.54457,0.58255
2024,baseball,2024-05-13,False,52.0,574057,ETSU,32,17,0.64608,0.53499,0.50633,0.5556
2024,baseball,2024-05-13,False,12.0,574056,East Carolina,37,13,0.74725,0.55324,0.52099,0.59368
2024,baseball,2024-05-13,False,272.0,574058,Eastern Ill.,16,32,0.35088,0.46046,0.48297,0.43869
2024,baseball,2024-05-13,False,262.0,574059,Eastern Ky.,18,34,0.33466,0.47536,0.49121,0.44414
2024,baseball,2024-05-13,False,281.0,574060,Eastern Mich.,14,34,0.31532,0.4614,0.47931,0.42936
2024,baseball,2024-05-13,False,175.0,573976,Elon,21,29,0.36853,0.54059,0.50271,0.48811
2024,baseball,2024-05-13,False,96.0,574061,Evansville,29,22,0.59918,0.50072,0.51086,0.52787
2024,baseball,2024-05-13,False,261.0,574063,FDU,22,27,0.47981,0.42218,0.45292,0.44428
2024,baseball,2024-05-13,False,153.0,573991,FGCU,25,24,0.49777,0.49654,0.4988,0.49741
2024,baseball,2024-05-13,False,120.0,574066,FIU,25,25,0.458,0.53838,0.50958,0.51108
2024,baseball,2024-05-13,False,188.0,574062,Fairfield,29,21,0.58734,0.4397,0.47308,0.48496
2024,baseball,2024-05-13,False,161.0,574065,Fla. Atlantic,25,24,0.48764,0.47683,0.5311,0.4931
2024,baseball,2024-05-13,False,32.0,574068,Florida,26,25,0.46667,0.64873,0.53622,0.57509
2024,baseball,2024-05-13,False,160.0,574064,Florida A&M,25,24,0.50403,0.50265,0.46821,0.49438
2024,baseball,2024-05-13,False,8.0,574067,Florida St.,37,12,0.75772,0.56467,0.54927,0.60908
2024,baseball,2024-05-13,False,183.0,574069,Fordham,19,30,0.38445,0.5418,0.47736,0.48635
2024,baseball,2024-05-13,False,174.0,574025,Fresno St.,29,22,0.56768,0.44342,0.4982,0.48818
2024,baseball,2024-05-13,False,76.0,574073,Ga. Southern,27,24,0.5061,0.55744,0.53741,0.5396
2024,baseball,2024-05-13,False,215.0,573977,Gardner-Webb,21,29,0.39706,0.49799,0.49553,0.47214
2024,baseball,2024-05-13,False,225.0,574070,George Mason,20,30,0.37097,0.50726,0.48605,0.46788
2024,baseball,2024-05-13,False,168.0,574071,George Washington,29,22,0.53978,0.47056,0.48358,0.49112
2024,baseball,2024-05-13,False,79.0,574072,Georgetown,31,18,0.61807,0.51233,0.51194,0.53867
2024,baseball,2024-05-13,False,3.0,574076,Georgia,38,12,0.75829,0.60403,0.54476,0.62778
2024,baseball,2024-05-13,False,100.0,574074,Georgia St.,24,28,0.46422,0.55179,0.52854,0.52409
2024,baseball,2024-05-13,False,51.0,574075,Georgia Tech,30,19,0.57589,0.55181,0.54949,0.55725
2024,baseball,2024-05-13,False,139.0,574077,Gonzaga,19,26,0.47507,0.51419,0.50884,0.50307
2024,baseball,2024-05-13,False,240.0,574078,Grambling,20,25,0.45221,0.45439,0.46924,0.45756
2024,baseball,2024-05-13,False,82.0,573978,Grand Canyon,32,19,0.61477,0.51147,0.50067,0.5346
2024,baseball,2024-05-13,False,265.0,574080,Harvard,13,26,0.37669,0.45489,0.48212,0.44215
2024,baseball,2024-05-13,False,61.0,574081,Hawaii,32,15,0.62754,0.52609,0.52457,0.55107
2024,baseball,2024-05-13,False,142.0,573988,High Point,29,24,0.50491,0.49645,0.51066,0.50212
2024,baseball,2024-05-13,False,151.0,574082,Hofstra,21,30,0.45098,0.52354,0.49614,0.49855
2024,baseball,2024-05-13,False,158.0,574083,Holy Cross,26,27,0.56513,0.46584,0.4835,0.49508
2024,baseball,2024-05-13,False,108.0,574085,Houston,25,26,0.44889,0.55178,0.52756,0.52
2024,baseball,2024-05-13,False,231.0,574084,Houston Christian,16,30,0.35867,0.49362,0.50527,0.4628
2024,baseball,2024-05-13,False,56.0,574087,Illinois,30,17,0.63119,0.52855,0.52371,0.553
2024,baseball,2024-05-13,False,113.0,574086,Illinois St.,26,23,0.58263,0.49358,0.49641,0.51655
2024,baseball,2024-05-13,False,58.0,574090,Indiana,28,21,0.55372,0.56569,0.52506,0.55254
2024,baseball,2024-05-13,False,10.0,574089,Indiana St.,36,11,0.7991,0.55085,0.52037,0.60529
2024,baseball,2024-05-13,False,292.0,574092,Iona,11,36,0.27506,0.47748,0.44727,0.41933
2024,baseball,2024-05-13,False,89.0,574093,Iowa,29,20,0.58782,0.50468,0.53493,0.53303
2024,baseball,2024-05-13,False,212.0,574094,Jackson St.,31,18,0.60633,0.41244,0.46965,0.47522
2024,baseball,2024-05-13,False,205.0,574096,Jacksonville,24,26,0.44681,0.48527,0.49516,0.47813
2024,baseball,2024-05-13,False,191.0,574095,Jacksonville St.,18,31,0.34497,0.54128,0.50848,0.484
2024,baseball,2024-05-13,False,49.0,574097,James Madison,30,20,0.58879,0.56275,0.52134,0.55891
2024,baseball,2024-05-13,False,67.0,574099,Kansas,29,18,0.58575,0.53462,0.53576,0.54768
2024,baseball,2024-05-13,False,37.0,574098,Kansas St.,29,21,0.58575,0.58025,0.53333,0.5699
2024,baseball,2024-05-13,False,97.0,573979,Kennesaw St.,26,23,0.58526,0.50749,0.50391,0.52604
2024,baseball,2024-05-13,False,149.0,574100,Kent St.,26,23,0.56893,0.46489,0.4978,0.49913
2024,baseball,2024-05-13,False,1.0,574101,Kentucky,37,11,0.76645,0.60053,0.55124,0.62969
2024,baseball,2024-05-13,False,234.0,574106,LIU,26,21,0.56919,0.40564,0.46729,0.46194
2024,baseball,2024-05-13,False,217.0,574112,LMU (CA),22,28,0.42699,0.48261,0.4927,0.47123
2024,baseball,2024-05-13,False,33.0,574108,LSU,33,20,0.58723,0.58068,0.55095,0.57488
2024,baseball,2024-05-13,False,253.0,574102,Lafayette,14,35,0.29561,0.519,0.47423,0.45196
2024,baseball,2024-05-13,False,54.0,574103,Lamar University,38,12,0.75947,0.47149,0.5135,0.55399
2024,baseball,2024-05-13,False,269.0,574412,Le Moyne,19,27,0.46059,0.42379,0.4496,0.43944
2024,baseball,2024-05-13,False,222.0,574104,Lehigh,24,23,0.53712,0.43102,0.4762,0.46884
2024,baseball,2024-05-13,False,119.0,574105,Liberty,22,29,0.41394,0.5591,0.51582,0.51199
2024,baseball,2024-05-13,False,268.0,574230,Lindenwood,16,35,0.33126,0.47821,0.47454,0.44056
2024,baseball,2024-05-13,False,221.0,573990,Lipscomb,21,29,0.41189,0.48004,0.50562,0.4694
2024,baseball,2024-05-13,False,148.0,574007,Little Rock,29,21,0.58511,0.45962,0.49354,0.49947
2024,baseball,2024-05-13,False,220.0,574027,Long Beach St.,22,25,0.45346,0.45959,0.50846,0.47027
2024,baseball,2024-05-13,False,223.0,574107,Longwood,21,28,0.4382,0.46892,0.49795,0.46849
2024,baseball,2024-05-13,False,35.0,574220,Louisiana,38,15,0.6917,0.53728,0.52526,0.57288
2024,baseball,2024-05-13,False,31.0,574109,Louisiana Tech,38,15,0.70905,0.5352,0.52326,0.57568
2024,baseball,2024-05-13,False,66.0,574110,Louisville,29,22,0.52688,0.56087,0.54328,0.54798
2024,baseball,2024-05-13,False,292.0,574113,Maine,11,35,0.25428,0.47658,0.46986,0.41933
2024,baseball,2024-05-13,False,276.0,574114,Manhattan,20,28,0.49784,0.37684,0.48505,0.43414
2024,baseball,2024-05-13,False,273.0,574115,Marist,17,32,0.40211,0.4429,0.46601,0.43848
2024,baseball,2024-05-13,False,197.0,574116,Marshall,17,34,0.30594,0.55125,0.5129,0.48033
2024,baseball,2024-05-13,False,36.0,574118,Maryland,34,19,0.68932,0.53753,0.52631,0.57267
2024,baseball,2024-05-13,False,194.0,574120,Massachusetts,22,26,0.51577,0.4543,0.49874,0.48078
2024,baseball,2024-05-13,False,109.0,574121,McNeese,27,23,0.51106,0.5268,0.51314,0.51945
2024,baseball,2024-05-13,False,186.0,574122,Memphis,22,30,0.41634,0.50925,0.50589,0.48518
2024,baseball,2024-05-13,False,106.0,574123,Mercer,25,25,0.48723,0.54327,0.50882,0.52065
2024,baseball,2024-05-13,False,227.0,573973,Merrimack,27,24,0.56024,0.4245,0.45288,0.46553
2024,baseball,2024-05-13,False,88.0,574125,Miami (FL),23,27,0.41164,0.59649,0.52763,0.53306
2024,baseball,2024-05-13,False,169.0,574124,Miami (OH),25,23,0.51805,0.47613,0.49324,0.49089
2024,baseball,2024-05-13,False,84.0,574127,Michigan,28,24,0.51653,0.55544,0.50956,0.53424
2024,baseball,2024-05-13,False,104.0,574126,Michigan St.,22,25,0.45055,0.56452,0.50622,0.52145
2024,baseball,2024-05-13,False,229.0,574128,Middle Tenn.,19,32,0.36884,0.49722,0.4949,0.46455
2024,baseball,2024-05-13,False,255.0,573967,Milwaukee,16,33,0.35663,0.48801,0.46905,0.45042
2024,baseball,2024-05-13,False,117.0,574129,Minnesota,23,22,0.52511,0.50821,0.51435,0.51397
2024,baseball,2024-05-13,False,15.0,574130,Mississippi St.,33,18,0.61935,0.5928,0.5491,0.58851
2024,baseball,2024-05-13,False,299.0,574131,Mississippi Val.,11,32,0.24694,0.4376,0.4416,0.39093
2024,baseball,2024-05-13,False,107.0,574133,Missouri,22,30,0.39148,0.57592,0.53781,0.52028
2024,baseball,2024-05-13,False,125.0,574218,Missouri St.,20,31,0.45365,0.53145,0.51478,0.50783
2024,baseball,2024-05-13,False,190.0,574134,Monmouth,17,27,0.42714,0.50193,0.50542,0.4841
2024,baseball,2024-05-13,False,189.0,574135,Morehead St.,30,21,0.61635,0.4128,0.4952,0.48429
2024,baseball,2024-05-13,False,290.0,574136,Mount St. Mary's,17,31,0.36966,0.42776,0.46493,0.42253
2024,baseball,2024-05-13,False,74.0,574137,Murray St.,34,18,0.64919,0.50909,0.50264,0.5425
2024,baseball,2024-05-13,False,166.0,574154,N.C. A&T,24,27,0.4625,0.50024,0.50477,0.49194
2024,baseball,2024-05-13,False,20.0,574155,NC State,29,19,0.58333,0.61121,0.5379,0.58591
2024,baseball,2024-05-13,False,211.0,574160,NIU,18,33,0.42857,0.49212,0.4914,0.47605
2024,baseball,2024-05-13,False,233.0,574147,NJIT,21,25,0.51699,0.42314,0.48569,0.46224
2024,baseball,2024-05-13,False,185.0,573946,Navy,28,21,0.56388,0.44726,0.48575,0.48604
2024,baseball,2024-05-13,False,29.0,574143,Nebraska,32,18,0.62887,0.57639,0.52481,0.57661
2024,baseball,2024-05-13,False,171.0,574146,Nevada,22,25,0.5167,0.47768,0.48672,0.4897
2024,baseball,2024-05-13,False,179.0,574149,New Mexico,27,22,0.5186,0.46468,0.50091,0.48722
2024,baseball,2024-05-13,False,129.0,574148,New Mexico St.,24,25,0.47948,0.51507,0.51433,0.50599
2024,baseball,2024-05-13,False,99.0,574150,New Orleans,29,21,0.55032,0.51639,0.51598,0.52477
2024,baseball,2024-05-13,False,133.0,574151,Niagara,31,15,0.72907,0.40471,0.47948,0.50449
2024,baseball,2024-05-13,False,65.0,574152,Nicholls,32,19,0.62292,0.53332,0.50344,0.54825
2024,baseball,2024-05-13,False,303.0,574153,Norfolk St.,12,38,0.22008,0.39615,0.44609,0.36462
2024,baseball,2024-05-13,False,284.0,573993,North Ala.,17,32,0.32444,0.45026,0.4843,0.42732
2024,baseball,2024-05-13,False,5.0,574139,North Carolina,39,11,0.76829,0.58611,0.54228,0.6207
2024,baseball,2024-05-13,False,195.0,574156,North Dakota St.,18,26,0.47596,0.48223,0.48243,0.48072
2024,baseball,2024-05-13,False,250.0,573983,North Florida,21,26,0.42299,0.44919,0.4942,0.45389
2024,baseball,2024-05-13,False,34.0,574158,Northeastern,34,15,0.74105,0.51801,0.52197,0.57476
2024,baseball,2024-05-13,False,286.0,574159,Northern Colo.,12,35,0.27073,0.47771,0.47986,0.4265
2024,baseball,2024-05-13,False,167.0,574161,Northern Ky.,30,21,0.61438,0.42538,0.50218,0.49183
2024,baseball,2024-05-13,False,134.0,574163,Northwestern,16,32,0.38222,0.55975,0.51507,0.5042
2024,baseball,2024-05-13,False,163.0,574162,Northwestern St.,19,31,0.36765,0.54905,0.5027,0.49211
2024,baseball,2024-05-13,False,62.0,574164,Notre Dame,27,22,0.55799,0.55154,0.53794,0.54975
2024,baseball,2024-05-13,False,164.0,574165,Oakland,28,24,0.59091,0.44999,0.4774,0.49207
2024,baseball,2024-05-13,False,235.0,574167,Ohio,16,30,0.37209,0.49916,0.47492,0.46133
2024,baseball,2024-05-13,False,75.0,574166,Ohio St.,26,23,0.53913,0.55214,0.52485,0.54207
2024,baseball,2024-05-13,False,18.0,574169,Oklahoma,32,17,0.61633,0.60229,0.53038,0.58782
2024,baseball,2024-05-13,False,16.0,574168,Oklahoma St.,34,16,0.6792,0.56888,0.5368,0.58844
2024,baseball,2024-05-13,False,80.0,574170,Old Dominion,27,23,0.48791,0.56669,0.53075,0.53801
2024,baseball,2024-05-13,False,24.0,574132,Ole Miss,27,24,0.49057,0.64982,0.53867,0.58222
2024,baseball,2024-05-13,False,291.0,574144,Omaha,16,28,0.38462,0.40846,0.47989,0.42036
2024,baseball,2024-05-13,False,267.0,574171,Oral Roberts,23,27,0.418,0.42815,0.48952,0.44095
2024,baseball,2024-05-13,False,45.0,574173,Oregon,34,16,0.65971,0.53127,0.52242,0.56117
2024,baseball,2024-05-13,False,13.0,574172,Oregon St.,39,12,0.77397,0.53894,0.51587,0.59193
2024,baseball,2024-05-13,False,294.0,574174,Pacific,10,41,0.17521,0.5026,0.48651,0.41673
2024,baseball,2024-05-13,False,210.0,574177,Penn,20,22,0.51282,0.45751,0.47836,0.47655
2024,baseball,2024-05-13,False,146.0,574176,Penn St.,23,22,0.51174,0.48838,0.5162,0.50117
2024,baseball,2024-05-13,False,287.0,574178,Pepperdine,12,36,0.225,0.48852,0.4938,0.42396
2024,baseball,2024-05-13,False,90.0,574179,Pittsburgh,23,26,0.45263,0.5753,0.52753,0.53269
2024,baseball,2024-05-13,False,78.0,574180,Portland,31,17,0.68134,0.48603,0.50451,0.53948
2024,baseball,2024-05-13,False,213.0,574181,Prairie View,26,24,0.54867,0.43957,0.4714,0.47481
2024,baseball,2024-05-13,False,207.0,573980,Presbyterian,26,25,0.48542,0.46582,0.49413,0.4778
2024,baseball,2024-05-13,False,184.0,574182,Princeton,17,24,0.45316,0.50378,0.48358,0.48608
2024,baseball,2024-05-13,False,68.0,574183,Purdue,33,19,0.60827,0.52943,0.52044,0.54689
2024,baseball,2024-05-13,False,237.0,574091,Purdue Fort Wayne,17,33,0.39871,0.47686,0.48827,0.46018
2024,baseball,2024-05-13,False,274.0,574231,Queens (NC),13,39,0.24248,0.51477,0.47248,0.43612
2024,baseball,2024-05-13,False,264.0,574184,Quinnipiac,19,27,0.43557,0.4367,0.45995,0.44223
2024,baseball,2024-05-13,False,252.0,574185,Radford,15,31,0.31773,0.49898,0.49783,0.45338
2024,baseball,2024-05-13,False,170.0,574186,Rhode Island,17,27,0.40452,0.53557,0.48368,0.48984
2024,baseball,2024-05-13,False,177.0,574187,Rice,21,31,0.375,0.52834,0.51825,0.48748
2024,baseball,2024-05-13,False,246.0,574188,Richmond,23,28,0.41513,0.46086,0.48407,0.45523
2024,baseball,2024-05-13,False,127.0,574189,Rider,25,20,0.6201,0.46552,0.47733,0.50712
2024,baseball,2024-05-13,False,69.0,574190,Rutgers,27,23,0.57884,0.54212,0.52014,0.5458
2024,baseball,2024-05-13,False,297.0,574222,SFA,10,42,0.17048,0.46444,0.48605,0.39635
2024,baseball,2024-05-13,False,245.0,574215,SIUE,20,30,0.40517,0.472,0.47185,0.45526
2024,baseball,2024-05-13,False,218.0,574029,Sacramento St.,25,28,0.44526,0.47138,0.49573,0.47093
2024,baseball,2024-05-13,False,145.0,574191,Sacred Heart,29,21,0.61659,0.47232,0.44485,0.50152
2024,baseball,2024-05-13,False,162.0,574194,Saint Joseph's,23,23,0.52184,0.48043,0.48813,0.49271
2024,baseball,2024-05-13,False,77.0,574195,Saint Louis,36,12,0.74648,0.45788,0.4958,0.53951
2024,baseball,2024-05-13,False,92.0,574196,Saint Mary's (CA),33,16,0.66302,0.47425,0.50277,0.52857
2024,baseball,2024-05-13,False,301.0,574197,Saint Peter's,11,38,0.26841,0.39023,0.45047,0.37483
2024,baseball,2024-05-13,False,63.0,574198,Sam Houston,30,21,0.58824,0.54656,0.51525,0.54915
2024,baseball,2024-05-13,False,87.0,574199,Samford,33,18,0.62581,0.48965,0.52892,0.5335
2024,baseball,2024-05-13,False,25.0,574201,San Diego,37,13,0.76289,0.52441,0.5116,0.58083
2024,baseball,2024-05-13,False,239.0,574200,San Diego St.,15,35,0.27212,0.53727,0.48586,0.45813
2024,baseball,2024-05-13,False,275.0,574202,San Francisco,20,31,0.35556,0.44915,0.48979,0.43591
2024,baseball,2024-05-13,False,172.0,574203,San Jose St.,20,30,0.43668,0.51764,0.48427,0.48906
2024,baseball,2024-05-13,False,140.0,574204,Santa Clara,24,24,0.48951,0.51067,0.49969,0.50263
2024,baseball,2024-05-13,False,270.0,573981,Seattle U,16,34,0.33195,0.46523,0.49484,0.43931
2024,baseball,2024-05-13,False,192.0,574205,Seton Hall,23,28,0.44259,0.49199,0.50635,0.48323
2024,baseball,2024-05-13,False,298.0,574206,Siena,10,38,0.21256,0.45051,0.46417,0.39444
2024,baseball,2024-05-13,False,73.0,574207,South Alabama,29,22,0.54397,0.55049,0.52634,0.54282
2024,baseball,2024-05-13,False,21.0,574208,South Carolina,33,18,0.60625,0.59163,0.55243,0.58548
2024,baseball,2024-05-13,False,238.0,574209,South Dakota St.,19,27,0.4878,0.43526,0.47687,0.4588
2024,baseball,2024-05-13,False,142.0,574210,South Fla.,24,27,0.4472,0.52493,0.51141,0.50212
2024,baseball,2024-05-13,False,152.0,574211,Southeast Mo. St.,28,24,0.54373,0.48429,0.48131,0.49841
2024,baseball,2024-05-13,False,121.0,574212,Southeastern La.,26,24,0.5021,0.51828,0.50559,0.51107
2024,baseball,2024-05-13,False,103.0,574213,Southern California,24,27,0.46707,0.55475,0.51663,0.5233
2024,baseball,2024-05-13,False,156.0,574214,Southern Ill.,29,23,0.54339,0.47124,0.50249,0.49709
2024,baseball,2024-05-13,False,224.0,574232,Southern Ind.,22,30,0.42975,0.48362,0.47502,0.468
2024,baseball,2024-05-13,False,30.0,574216,Southern Miss.,34,17,0.66239,0.55323,0.53398,0.57571
2024,baseball,2024-05-13,False,258.0,574217,Southern U.,22,26,0.47009,0.42363,0.46517,0.44563
2024,baseball,2024-05-13,False,242.0,574192,St. Bonaventure,15,30,0.40146,0.47469,0.47869,0.45738
2024,baseball,2024-05-13,False,47.0,574193,St. John's (NY),33,13,0.73735,0.49274,0.51629,0.55978
2024,baseball,2024-05-13,False,209.0,573909,St. Thomas (MN),20,23,0.54632,0.44448,0.472,0.47682
2024,baseball,2024-05-13,False,157.0,574221,Stanford,20,28,0.38397,0.54147,0.5193,0.49655
2024,baseball,2024-05-13,False,123.0,574223,Stetson,33,19,0.61364,0.46222,0.5003,0.50959
2024,baseball,2024-05-13,False,256.0,574233,Stonehill,18,25,0.46154,0.44373,0.44786,0.44922
2024,baseball,2024-05-13,False,159.0,574224,Stony Brook,24,25,0.48578,0.49346,0.50637,0.49477
2024,baseball,2024-05-13,False,39.0,573914,TCU,30,17,0.6274,0.55424,0.54131,0.5693
2024,baseball,2024-05-13,False,176.0,573910,Tarleton St.,26,26,0.5121,0.47342,0.49308,0.48801
2024,baseball,2024-05-13,False,6.0,574226,Tennessee,42,10,0.79551,0.56099,0.55512,0.61815
2024,baseball,2024-05-13,False,228.0,574225,Tennessee Tech,29,22,0.53377,0.41946,0.48918,0.46547
2024,baseball,2024-05-13,False,44.0,573918,Texas,32,20,0.56751,0.57083,0.53799,0.56179
2024,baseball,2024-05-13,False,2.0,573913,Texas A&M,42,10,0.81321,0.57433,0.55675,0.62965
2024,baseball,2024-05-13,False,187.0,573915,Texas Southern,21,22,0.55759,0.45557,0.47192,0.48516
2024,baseball,2024-05-13,False,114.0,574219,Texas St.,26,26,0.46498,0.53485,0.52619,0.51522
2024,baseball,2024-05-13,False,55.0,573916,Texas Tech,30,22,0.55507,0.56492,0.53079,0.55392
2024,baseball,2024-05-13,False,248.0,574042,The Citadel,19,30,0.32196,0.49767,0.50021,0.45438
2024,baseball,2024-05-13,False,204.0,573920,Toledo,25,27,0.52218,0.45072,0.48956,0.4783
2024,baseball,2024-05-13,False,254.0,573921,Towson,14,38,0.24895,0.5341,0.49055,0.45192
2024,baseball,2024-05-13,False,48.0,573922,Troy,35,18,0.66988,0.52238,0.5232,0.55946
2024,baseball,2024-05-13,False,98.0,573923,Tulane,29,23,0.5239,0.53474,0.50882,0.52555
2024,baseball,2024-05-13,False,182.0,573999,UAB,24,26,0.45957,0.48281,0.52036,0.48639
2024,baseball,2024-05-13,False,283.0,574000,UAlbany,13,32,0.29262,0.47447,0.46802,0.42739
2024,baseball,2024-05-13,False,118.0,574032,UC Davis,24,25,0.49893,0.53222,0.49228,0.51392
2024,baseball,2024-05-13,False,22.0,574033,UC Irvine,38,10,0.78323,0.5239,0.50755,0.58465
2024,baseball,2024-05-13,False,271.0,574035,UC Riverside,15,31,0.28795,0.48898,0.48988,0.43895
2024,baseball,2024-05-13,False,141.0,574229,UC San Diego,28,21,0.54831,0.47528,0.51038,0.50231
2024,baseball,2024-05-13,False,17.0,574030,UC Santa Barbara,35,12,0.79512,0.52565,0.50653,0.58824
2024,baseball,2024-05-13,False,40.0,574039,UCF,31,17,0.61556,0.56868,0.52398,0.56922
2024,baseball,2024-05-13,False,200.0,574034,UCLA,16,33,0.30979,0.54496,0.51952,0.47981
2024,baseball,2024-05-13,False,42.0,574046,UConn,29,21,0.60699,0.56724,0.5171,0.56464
2024,baseball,2024-05-13,False,85.0,574088,UIC,32,16,0.6557,0.48752,0.5046,0.53384
2024,baseball,2024-05-13,False,173.0,573984,UIW,24,26,0.4646,0.49215,0.5041,0.48825
2024,baseball,2024-05-13,False,178.0,574157,ULM,22,30,0.38846,0.51744,0.52563,0.48724
2024,baseball,2024-05-13,False,196.0,574117,UMBC,23,22,0.53388,0.45903,0.47003,0.48049
2024,baseball,2024-05-13,False,305.0,574119,UMES,0,45,0.0,0.4233,0.43901,0.32141
2024,baseball,2024-05-13,False,203.0,574111,UMass Lowell,22,27,0.51368,0.46432,0.47305,0.47884
2024,baseball,2024-05-13,False,219.0,574138,UNC Asheville,22,25,0.41646,0.4822,0.50182,0.47067
2024,baseball,2024-05-13,False,59.0,574141,UNC Greensboro,31,18,0.61926,0.53939,0.51035,0.55209
2024,baseball,2024-05-13,False,43.0,574142,UNCW,35,17,0.64909,0.53819,0.5267,0.56304
2024,baseball,2024-05-13,False,226.0,574145,UNLV,26,24,0.5084,0.4319,0.49457,0.46669
2024,baseball,2024-05-13,False,95.0,573986,USC Upstate,32,20,0.59548,0.50591,0.50439,0.52792
2024,baseball,2024-05-13,False,180.0,573917,UT Arlington,20,32,0.41036,0.51489,0.50619,0.48658
2024,baseball,2024-05-13,False,278.0,574227,UT Martin,20,31,0.37681,0.43837,0.47943,0.43325
2024,baseball,2024-05-13,False,208.0,574175,UTRGV,24,22,0.50226,0.4586,0.49006,0.47738
2024,baseball,2024-05-13,False,116.0,573919,UTSA,29,21,0.54845,0.4934,0.52133,0.51414
2024,baseball,2024-05-13,False,72.0,573947,Utah,31,18,0.6405,0.50892,0.51617,0.54363
2024,baseball,2024-05-13,False,282.0,573911,Utah Tech,13,39,0.25875,0.4794,0.49227,0.42746
2024,baseball,2024-05-13,False,150.0,573992,Utah Valley,27,25,0.5504,0.47832,0.48919,0.49906
2024,baseball,2024-05-13,False,91.0,573951,VCU,31,20,0.59583,0.50696,0.51015,0.52998
2024,baseball,2024-05-13,False,130.0,573952,VMI,25,26,0.51214,0.50963,0.49208,0.50587
2024,baseball,2024-05-13,False,236.0,573948,Valparaiso,14,34,0.34033,0.4988,0.5029,0.4602
2024,baseball,2024-05-13,False,28.0,573949,Vanderbilt,34,18,0.60633,0.57849,0.54391,0.57681
2024,baseball,2024-05-13,False,230.0,573950,Villanova,16,31,0.39381,0.47958,0.49937,0.46308
2024,baseball,2024-05-13,False,14.0,573954,Virginia,37,14,0.69583,0.56454,0.54264,0.59189
2024,baseball,2024-05-13,False,57.0,573953,Virginia Tech,32,17,0.62144,0.52035,0.54806,0.55255
2024,baseball,2024-05-13,False,214.0,573955,Wagner,23,26,0.51011,0.45968,0.46613,0.4739
2024,baseball,2024-05-13,False,9.0,573956,Wake Forest,36,16,0.66737,0.61249,0.53433,0.60667
2024,baseball,2024-05-13,False,155.0,573958,Washington,19,25,0.41951,0.52283,0.52409,0.49731
2024,baseball,2024-05-13,False,201.0,573957,Washington St.,21,29,0.40937,0.49411,0.5196,0.4793
2024,baseball,2024-05-13,False,41.0,573959,West Virginia,31,19,0.63578,0.54846,0.53706,0.56744
2024,baseball,2024-05-13,False,105.0,573960,Western Caro.,26,23,0.50947,0.52975,0.51442,0.52085
2024,baseball,2024-05-13,False,260.0,573961,Western Ill.,13,34,0.30349,0.50615,0.46376,0.44489
2024,baseball,2024-05-13,False,94.0,573962,Western Ky.,32,19,0.62055,0.48772,0.51702,0.52825
2024,baseball,2024-05-13,False,147.0,573963,Western Mich.,27,20,0.58085,0.46132,0.49868,0.50054
2024,baseball,2024-05-13,False,112.0,573964,Wichita St.,27,26,0.48548,0.53251,0.51856,0.51726
2024,baseball,2024-05-13,False,122.0,573965,William & Mary,29,22,0.53783,0.49961,0.50168,0.50968
2024,baseball,2024-05-13,False,247.0,573966,Winthrop,17,28,0.34541,0.48808,0.49903,0.45515
2024,baseball,2024-05-13,False,71.0,573985,Wofford,33,16,0.67654,0.49331,0.51227,0.54386
2024,baseball,2024-05-13,False,115.0,573968,Wright St.,30,20,0.65136,0.45066,0.5041,0.5142
2024,baseball,2024-05-13,False,27.0,573969,Xavier,28,23,0.58635,0.6075,0.51172,0.57826
2024,baseball,2024-05-13,False,266.0,573970,Yale,18,23,0.45431,0.4194,0.47532,0.44211
2024,baseball,2024-05-13,False,288.0,573971,Youngstown St.,11,40,0.22153,0.49327,0.4864,0.42362
2024,baseball,2024-05-20,False,191.0,573989,A&M-Corpus Christi,22,33,0.38732,0.51601,0.50369,0.48076
2024,baseball,2024-05-20,False,146.0,573995,Abilene Christian,32,23,0.56767,0.46677,0.49641,0.4994
2024,baseball,2024-05-20,False,115.0,573924,Air Force,26,26,0.51907,0.52204,0.49827,0.51536
2024,baseball,2024-05-20,False,266.0,573912,Akron,15,39,0.31461,0.48156,0.49404,0.44294
2024,baseball,2024-05-20,False,18.0,573998,Alabama,33,21,0.59259,0.60828,0.54199,0.58779
2024,baseball,2024-05-20,False,295.0,573996,Alabama A&M,13,38,0.26022,0.45648,0.46282,0.409
2024,baseball,2024-05-20,False,236.0,573997,Alabama St.,28,25,0.52317,0.42403,0.48156,0.4632
2024,baseball,2024-05-20,False,304.0,574001,Alcorn,6,43,0.13575,0.43624,0.45051,0.36468
2024,baseball,2024-05-20,False,75.0,574002,App State,31,19,0.63525,0.5,0.52571,0.54024
2024,baseball,2024-05-20,False,29.0,574004,Arizona,33,20,0.624,0.58108,0.52187,0.57701
2024,baseball,2024-05-20,False,77.0,574003,Arizona St.,32,24,0.53803,0.54812,0.52332,0.5394
2024,baseball,2024-05-20,False,302.0,573982,Ark.-Pine Bluff,15,34,0.25732,0.37858,0.46251,0.36925
2024,baseball,2024-05-20,False,2.0,574006,Arkansas,43,12,0.77024,0.59089,0.55718,0.6273
2024,baseball,2024-05-20,False,214.0,574005,Arkansas St.,21,32,0.38205,0.49823,0.5123,0.4727
2024,baseball,2024-05-20,False,141.0,573925,Army West Point,30,21,0.57143,0.4728,0.48548,0.50063
2024,baseball,2024-05-20,False,46.0,574008,Auburn,27,26,0.46761,0.61699,0.54502,0.56165
2024,baseball,2024-05-20,False,148.0,574009,Austin Peay,35,19,0.65686,0.41939,0.5014,0.49926
2024,baseball,2024-05-20,False,129.0,574018,BYU,21,31,0.413,0.53841,0.53633,0.50654
2024,baseball,2024-05-20,False,120.0,574010,Ball St.,32,21,0.63301,0.45973,0.49252,0.51125
2024,baseball,2024-05-20,False,139.0,574012,Baylor,22,31,0.36364,0.5583,0.52897,0.5023
2024,baseball,2024-05-20,False,296.0,574228,Bellarmine,10,45,0.18526,0.47618,0.47902,0.40416
2024,baseball,2024-05-20,False,163.0,573987,Belmont,25,30,0.44059,0.5143,0.50042,0.4924
2024,baseball,2024-05-20,False,212.0,574013,Bethune-Cookman,29,25,0.51606,0.44947,0.48212,0.47428
2024,baseball,2024-05-20,False,241.0,574014,Binghamton,21,28,0.44796,0.45263,0.48761,0.46021
2024,baseball,2024-05-20,False,86.0,574015,Boston College,22,31,0.41741,0.58719,0.53607,0.53196
2024,baseball,2024-05-20,False,97.0,574016,Bowling Green,32,18,0.68966,0.46425,0.4922,0.52759
2024,baseball,2024-05-20,False,251.0,574017,Bradley,13,37,0.31134,0.50342,0.48993,0.45203
2024,baseball,2024-05-20,False,289.0,574019,Brown,11,28,0.31234,0.46115,0.46144,0.42402
2024,baseball,2024-05-20,False,125.0,574020,Bryant,33,19,0.66737,0.4411,0.4832,0.50819
2024,baseball,2024-05-20,False,197.0,574021,Bucknell,22,24,0.49029,0.47616,0.47868,0.48032
2024,baseball,2024-05-20,False,193.0,574022,Butler,20,35,0.38225,0.52162,0.49707,0.48064
2024,baseball,2024-05-20,False,280.0,574024,CSU Bakersfield,14,36,0.24217,0.49937,0.49174,0.43316
2024,baseball,2024-05-20,False,100.0,574028,CSUN,29,22,0.57285,0.51321,0.5004,0.52492
2024,baseball,2024-05-20,False,101.0,574023,Cal Poly,33,21,0.58235,0.50093,0.51277,0.52425
2024,baseball,2024-05-20,False,246.0,574026,Cal St. Fullerton,16,35,0.27912,0.51782,0.50705,0.45545
2024,baseball,2024-05-20,False,69.0,574031,California,34,18,0.63202,0.51205,0.52844,0.54614
2024,baseball,2024-05-20,False,136.0,573994,California Baptist,34,22,0.58627,0.4691,0.49453,0.50475
2024,baseball,2024-05-20,False,88.0,574036,Campbell,31,22,0.55602,0.52635,0.51894,0.53191
2024,baseball,2024-05-20,False,245.0,574037,Canisius,18,28,0.44651,0.45609,0.46349,0.45554
2024,baseball,2024-05-20,False,224.0,573972,Central Ark.,23,29,0.42913,0.47949,0.48759,0.46892
2024,baseball,2024-05-20,False,278.0,574038,Central Conn. St.,18,24,0.42647,0.42898,0.45092,0.43384
2024,baseball,2024-05-20,False,270.0,574040,Central Mich.,17,38,0.33855,0.46969,0.4889,0.44171
2024,baseball,2024-05-20,False,205.0,574011,Charleston So.,21,30,0.38728,0.51832,0.48808,0.478
2024,baseball,2024-05-20,False,140.0,574140,Charlotte,23,32,0.37822,0.55357,0.51829,0.50091
2024,baseball,2024-05-20,False,57.0,574041,Cincinnati,31,23,0.57778,0.54711,0.53057,0.55064
2024,baseball,2024-05-20,False,7.0,574043,Clemson,40,13,0.73319,0.58257,0.54843,0.61169
2024,baseball,2024-05-20,False,36.0,574044,Coastal Carolina,33,21,0.58642,0.57866,0.53825,0.5705
2024,baseball,2024-05-20,False,50.0,573974,Col. of Charleston,39,12,0.72455,0.49858,0.51956,0.56032
2024,baseball,2024-05-20,False,131.0,574045,Columbia,26,18,0.59615,0.47251,0.48373,0.50622
2024,baseball,2024-05-20,False,300.0,574047,Coppin St.,12,33,0.25899,0.40774,0.44661,0.38027
2024,baseball,2024-05-20,False,206.0,574048,Cornell,17,19,0.51488,0.45551,0.48483,0.47768
2024,baseball,2024-05-20,False,68.0,574049,Creighton,35,17,0.67755,0.50144,0.50611,0.54664
2024,baseball,2024-05-20,False,19.0,573975,DBU,40,13,0.7459,0.52888,0.52402,0.58192
2024,baseball,2024-05-20,False,284.0,574050,Dartmouth,13,26,0.38058,0.43079,0.47656,0.42968
2024,baseball,2024-05-20,False,239.0,574051,Davidson,24,28,0.42857,0.46463,0.48524,0.46077
2024,baseball,2024-05-20,False,123.0,574052,Dayton,32,20,0.63306,0.45371,0.49445,0.50873
2024,baseball,2024-05-20,False,134.0,574054,Delaware,29,24,0.54417,0.4869,0.502,0.50499
2024,baseball,2024-05-20,False,263.0,574053,Delaware St.,22,25,0.45824,0.44024,0.44555,0.44607
2024,baseball,2024-05-20,False,23.0,574055,Duke,35,18,0.63022,0.5738,0.54268,0.58013
2024,baseball,2024-05-20,False,51.0,574057,ETSU,34,18,0.65639,0.52966,0.50708,0.5557
2024,baseball,2024-05-20,False,17.0,574056,East Carolina,40,13,0.7584,0.53935,0.52263,0.58993
2024,baseball,2024-05-20,False,254.0,574058,Eastern Ill.,20,32,0.41732,0.45245,0.48206,0.45107
2024,baseball,2024-05-20,False,253.0,574059,Eastern Ky.,21,35,0.35978,0.47775,0.49025,0.45138
2024,baseball,2024-05-20,False,290.0,574060,Eastern Mich.,14,38,0.29661,0.4584,0.48056,0.42349
2024,baseball,2024-05-20,False,179.0,573976,Elon,21,32,0.33996,0.55145,0.50087,0.48593
2024,baseball,2024-05-20,False,92.0,574061,Evansville,31,23,0.59496,0.508,0.50784,0.5297
2024,baseball,2024-05-20,False,247.0,574063,FDU,25,28,0.51606,0.42399,0.45717,0.4553
2024,baseball,2024-05-20,False,128.0,573991,FGCU,29,24,0.54453,0.49326,0.49571,0.50669
2024,baseball,2024-05-20,False,135.0,574066,FIU,26,28,0.44015,0.53497,0.50939,0.50487
2024,baseball,2024-05-20,False,164.0,574062,Fairfield,32,22,0.59438,0.45192,0.47099,0.4923
2024,baseball,2024-05-20,False,174.0,574065,Fla. Atlantic,26,27,0.46186,0.48226,0.52548,0.48796
2024,baseball,2024-05-20,False,26.0,574068,Florida,28,26,0.48733,0.64241,0.5402,0.57809
2024,baseball,2024-05-20,False,169.0,574064,Florida A&M,27,25,0.50478,0.49288,0.46915,0.48992
2024,baseball,2024-05-20,False,8.0,574067,Florida St.,39,14,0.73187,0.56392,0.54597,0.60142
2024,baseball,2024-05-20,False,209.0,574069,Fordham,19,33,0.36777,0.52932,0.48094,0.47683
2024,baseball,2024-05-20,False,204.0,574025,Fresno St.,29,26,0.53119,0.44158,0.49851,0.47821
2024,baseball,2024-05-20,False,70.0,574073,Ga. Southern,30,25,0.53008,0.559,0.5317,0.54495
2024,baseball,2024-05-20,False,221.0,573977,Gardner-Webb,22,31,0.38507,0.49849,0.49594,0.4695
2024,baseball,2024-05-20,False,237.0,574070,George Mason,21,32,0.35974,0.50014,0.48855,0.46214
2024,baseball,2024-05-20,False,160.0,574071,George Washington,30,24,0.53659,0.47448,0.48881,0.49359
2024,baseball,2024-05-20,False,62.0,574072,Georgetown,34,19,0.6379,0.5235,0.51117,0.54901
2024,baseball,2024-05-20,False,6.0,574076,Georgia,39,14,0.71868,0.59347,0.55006,0.61392
2024,baseball,2024-05-20,False,106.0,574074,Georgia St.,25,31,0.44345,0.5524,0.52948,0.51943
2024,baseball,2024-05-20,False,47.0,574075,Georgia Tech,31,21,0.57053,0.56378,0.54756,0.56141
2024,baseball,2024-05-20,False,195.0,574077,Gonzaga,19,30,0.41801,0.49735,0.50927,0.48049
2024,baseball,2024-05-20,False,235.0,574078,Grambling,21,25,0.46833,0.46041,0.46488,0.46351
2024,baseball,2024-05-20,False,83.0,573978,Grand Canyon,34,21,0.61738,0.5072,0.50162,0.53335
2024,baseball,2024-05-20,False,267.0,574080,Harvard,13,26,0.37669,0.45556,0.48342,0.44281
2024,baseball,2024-05-20,False,56.0,574081,Hawaii,34,16,0.63866,0.52074,0.52279,0.55073
2024,baseball,2024-05-20,False,142.0,573988,High Point,31,25,0.52214,0.48537,0.50951,0.5006
2024,baseball,2024-05-20,False,158.0,574082,Hofstra,23,31,0.45473,0.51108,0.49929,0.49405
2024,baseball,2024-05-20,False,157.0,574083,Holy Cross,26,27,0.56513,0.4651,0.48378,0.49478
2024,baseball,2024-05-20,False,110.0,574085,Houston,26,28,0.43621,0.5531,0.52913,0.51789
2024,baseball,2024-05-20,False,230.0,574084,Houston Christian,18,31,0.375,0.49184,0.50367,0.46559
2024,baseball,2024-05-20,False,38.0,574087,Illinois,33,17,0.66366,0.54061,0.52016,0.56626
2024,baseball,2024-05-20,False,122.0,574086,Illinois St.,28,25,0.56445,0.48792,0.49677,0.50926
2024,baseball,2024-05-20,False,63.0,574090,Indiana,30,22,0.55186,0.55771,0.52757,0.54871
2024,baseball,2024-05-20,False,9.0,574089,Indiana St.,39,11,0.81535,0.53452,0.5186,0.60075
2024,baseball,2024-05-20,False,294.0,574092,Iona,12,38,0.27014,0.46664,0.45057,0.4135
2024,baseball,2024-05-20,False,89.0,574093,Iowa,31,21,0.593,0.50028,0.53348,0.53176
2024,baseball,2024-05-20,False,203.0,574094,Jackson St.,33,18,0.62821,0.40627,0.47283,0.47839
2024,baseball,2024-05-20,False,211.0,574096,Jacksonville,25,29,0.44246,0.48084,0.49752,0.47542
2024,baseball,2024-05-20,False,200.0,574095,Jacksonville St.,18,34,0.33071,0.53947,0.50955,0.4798
2024,baseball,2024-05-20,False,44.0,574097,James Madison,32,21,0.60304,0.56479,0.52225,0.56372
2024,baseball,2024-05-20,False,74.0,574099,Kansas,29,21,0.55957,0.53422,0.5359,0.54098
2024,baseball,2024-05-20,False,43.0,574098,Kansas St.,31,22,0.58193,0.57174,0.53335,0.56469
2024,baseball,2024-05-20,False,96.0,573979,Kennesaw St.,29,23,0.60282,0.50355,0.50128,0.5278
2024,baseball,2024-05-20,False,153.0,574100,Kent St.,27,25,0.5449,0.4741,0.49322,0.49658
2024,baseball,2024-05-20,False,3.0,574101,Kentucky,39,12,0.75301,0.59543,0.55308,0.62424
2024,baseball,2024-05-20,False,231.0,574106,LIU,29,22,0.5908,0.40394,0.46339,0.46552
2024,baseball,2024-05-20,False,220.0,574112,LMU (CA),24,30,0.42593,0.48127,0.49223,0.47018
2024,baseball,2024-05-20,False,28.0,574108,LSU,36,20,0.60489,0.57422,0.55518,0.57713
2024,baseball,2024-05-20,False,249.0,574102,Lafayette,14,35,0.29561,0.52096,0.47577,0.45333
2024,baseball,2024-05-20,False,52.0,574103,Lamar University,41,13,0.76483,0.47257,0.51278,0.55568
2024,baseball,2024-05-20,False,259.0,574412,Le Moyne,22,27,0.50787,0.41719,0.45087,0.44828
2024,baseball,2024-05-20,False,221.0,574104,Lehigh,24,23,0.53712,0.43246,0.47596,0.4695
2024,baseball,2024-05-20,False,132.0,574105,Liberty,22,32,0.38153,0.56193,0.51619,0.50539
2024,baseball,2024-05-20,False,286.0,574230,Lindenwood,16,38,0.30651,0.46709,0.47265,0.42834
2024,baseball,2024-05-20,False,227.0,573990,Lipscomb,21,32,0.39489,0.48492,0.50364,0.46709
2024,baseball,2024-05-20,False,130.0,574007,Little Rock,32,22,0.60153,0.46869,0.48657,0.50637
2024,baseball,2024-05-20,False,202.0,574027,Long Beach St.,24,27,0.44444,0.48187,0.50772,0.47897
2024,baseball,2024-05-20,False,223.0,574107,Longwood,23,29,0.46234,0.45836,0.49842,0.46937
2024,baseball,2024-05-20,False,34.0,574220,Louisiana,40,16,0.68293,0.54127,0.52575,0.5728
2024,baseball,2024-05-20,False,22.0,574109,Louisiana Tech,41,15,0.73161,0.53279,0.52426,0.58036
2024,baseball,2024-05-20,False,54.0,574110,Louisville,32,22,0.54733,0.55936,0.54188,0.55198
2024,baseball,2024-05-20,False,293.0,574113,Maine,12,37,0.25113,0.46711,0.47072,0.41402
2024,baseball,2024-05-20,False,273.0,574114,Manhattan,22,30,0.49213,0.39219,0.48059,0.43927
2024,baseball,2024-05-20,False,265.0,574115,Marist,18,33,0.41212,0.44815,0.46684,0.44382
2024,baseball,2024-05-20,False,196.0,574116,Marshall,18,37,0.3,0.5533,0.51501,0.48041
2024,baseball,2024-05-20,False,48.0,574118,Maryland,34,22,0.64079,0.53775,0.52625,0.56064
2024,baseball,2024-05-20,False,167.0,574120,Massachusetts,24,27,0.51592,0.47393,0.49696,0.49019
2024,baseball,2024-05-20,False,102.0,574121,McNeese,29,25,0.51646,0.53123,0.51433,0.52331
2024,baseball,2024-05-20,False,198.0,574122,Memphis,23,32,0.40402,0.50455,0.50788,0.48025
2024,baseball,2024-05-20,False,119.0,574123,Mercer,26,27,0.46918,0.53662,0.50693,0.51234
2024,baseball,2024-05-20,False,217.0,573973,Merrimack,30,24,0.57803,0.4276,0.45613,0.47234
2024,baseball,2024-05-20,False,94.0,574125,Miami (FL),25,29,0.41373,0.58437,0.53011,0.52814
2024,baseball,2024-05-20,False,169.0,574124,Miami (OH),26,25,0.49802,0.48365,0.49434,0.48992
2024,baseball,2024-05-20,False,82.0,574127,Michigan,30,26,0.52124,0.55145,0.5113,0.53386
2024,baseball,2024-05-20,False,107.0,574126,Michigan St.,24,27,0.44242,0.56212,0.50909,0.51894
2024,baseball,2024-05-20,False,225.0,574128,Middle Tenn.,20,34,0.35926,0.50876,0.49736,0.46853
2024,baseball,2024-05-20,False,262.0,573967,Milwaukee,18,34,0.36652,0.47153,0.47484,0.4461
2024,baseball,2024-05-20,False,116.0,574129,Minnesota,25,23,0.54352,0.49791,0.51728,0.51416
2024,baseball,2024-05-20,False,24.0,574130,Mississippi St.,36,19,0.61924,0.57587,0.54929,0.58006
2024,baseball,2024-05-20,False,297.0,574131,Mississippi Val.,12,34,0.26147,0.44355,0.44569,0.39857
2024,baseball,2024-05-20,False,104.0,574133,Missouri,23,32,0.39615,0.57542,0.5407,0.52193
2024,baseball,2024-05-20,False,126.0,574218,Missouri St.,23,32,0.46396,0.52906,0.5106,0.50817
2024,baseball,2024-05-20,False,189.0,574134,Monmouth,18,30,0.42361,0.49745,0.50526,0.48095
2024,baseball,2024-05-20,False,188.0,574135,Morehead St.,33,22,0.61644,0.41043,0.49321,0.48263
2024,baseball,2024-05-20,False,288.0,574136,Mount St. Mary's,20,32,0.40551,0.41745,0.46633,0.42668
2024,baseball,2024-05-20,False,72.0,574137,Murray St.,37,18,0.67477,0.49505,0.50338,0.54206
2024,baseball,2024-05-20,False,168.0,574154,N.C. A&T,25,28,0.47,0.49236,0.50536,0.49002
2024,baseball,2024-05-20,False,14.0,574155,NC State,32,19,0.60317,0.61242,0.54087,0.59222
2024,baseball,2024-05-20,False,208.0,574160,NIU,21,33,0.45238,0.48361,0.49022,0.47745
2024,baseball,2024-05-20,False,232.0,574147,NJIT,24,26,0.52466,0.42319,0.48688,0.46448
2024,baseball,2024-05-20,False,176.0,573946,Navy,28,22,0.55531,0.45191,0.48769,0.48671
2024,baseball,2024-05-20,False,31.0,574143,Nebraska,34,19,0.639,0.56838,0.52439,0.57504
2024,baseball,2024-05-20,False,186.0,574146,Nevada,25,26,0.52381,0.45835,0.49317,0.48342
2024,baseball,2024-05-20,False,181.0,574149,New Mexico,28,24,0.51653,0.46366,0.49751,0.48534
2024,baseball,2024-05-20,False,127.0,574148,New Mexico St.,25,27,0.47959,0.51899,0.5098,0.50684
2024,baseball,2024-05-20,False,103.0,574150,New Orleans,30,24,0.52071,0.52781,0.51267,0.52225
2024,baseball,2024-05-20,False,114.0,574151,Niagara,35,15,0.75692,0.41268,0.47943,0.51543
2024,baseball,2024-05-20,False,58.0,574152,Nicholls,34,20,0.61736,0.54013,0.50198,0.5499
2024,baseball,2024-05-20,False,303.0,574153,Norfolk St.,12,41,0.20467,0.40554,0.44688,0.36566
2024,baseball,2024-05-20,False,277.0,573993,North Ala.,18,35,0.32821,0.46599,0.48169,0.43547
2024,baseball,2024-05-20,False,5.0,574139,North Carolina,41,12,0.76975,0.58735,0.54129,0.62144
2024,baseball,2024-05-20,False,226.0,574156,North Dakota St.,19,28,0.45657,0.46754,0.48142,0.46827
2024,baseball,2024-05-20,False,260.0,573983,North Florida,21,30,0.38462,0.45534,0.49392,0.4473
2024,baseball,2024-05-20,False,30.0,574158,Northeastern,38,15,0.75835,0.51403,0.51944,0.57646
2024,baseball,2024-05-20,False,279.0,574159,Northern Colo.,14,36,0.30926,0.47334,0.479,0.43373
2024,baseball,2024-05-20,False,147.0,574161,Northern Ky.,32,22,0.62602,0.43782,0.49572,0.49934
2024,baseball,2024-05-20,False,145.0,574163,Northwestern,18,34,0.37959,0.55231,0.51575,0.49999
2024,baseball,2024-05-20,False,162.0,574162,Northwestern St.,22,31,0.39437,0.53742,0.50248,0.49292
2024,baseball,2024-05-20,False,78.0,574164,Notre Dame,27,25,0.53347,0.54034,0.53943,0.53839
2024,baseball,2024-05-20,False,161.0,574165,Oakland,31,25,0.60878,0.44134,0.48098,0.49311
2024,baseball,2024-05-20,False,255.0,574167,Ohio,18,32,0.37021,0.47697,0.47993,0.45102
2024,baseball,2024-05-20,False,65.0,574166,Ohio St.,28,24,0.55578,0.5543,0.52672,0.54778
2024,baseball,2024-05-20,False,16.0,574169,Oklahoma,34,18,0.62715,0.60187,0.52994,0.59021
2024,baseball,2024-05-20,False,15.0,574168,Oklahoma St.,36,16,0.69665,0.56473,0.53571,0.59045
2024,baseball,2024-05-20,False,73.0,574170,Old Dominion,29,24,0.5082,0.56204,0.53169,0.54099
2024,baseball,2024-05-20,False,33.0,574132,Ole Miss,27,28,0.46337,0.64564,0.53786,0.57313
2024,baseball,2024-05-20,False,285.0,574144,Omaha,18,30,0.40789,0.41411,0.47798,0.42852
2024,baseball,2024-05-20,False,271.0,574171,Oral Roberts,24,30,0.41573,0.43015,0.48775,0.44094
2024,baseball,2024-05-20,False,45.0,574173,Oregon,37,16,0.674,0.52529,0.52282,0.56185
2024,baseball,2024-05-20,False,13.0,574172,Oregon St.,41,13,0.77495,0.54153,0.51681,0.59371
2024,baseball,2024-05-20,False,292.0,574174,Pacific,11,44,0.1752,0.49849,0.48595,0.41453
2024,baseball,2024-05-20,False,190.0,574177,Penn,22,23,0.52719,0.45907,0.47792,0.48081
2024,baseball,2024-05-20,False,113.0,574176,Penn St.,26,23,0.54449,0.50066,0.51673,0.51563
2024,baseball,2024-05-20,False,276.0,574178,Pepperdine,15,37,0.27632,0.4876,0.49515,0.43667
2024,baseball,2024-05-20,False,84.0,574179,Pittsburgh,26,27,0.48155,0.55957,0.53241,0.53328
2024,baseball,2024-05-20,False,64.0,574180,Portland,35,17,0.69901,0.49652,0.5014,0.54836
2024,baseball,2024-05-20,False,219.0,574181,Prairie View,29,24,0.56871,0.41864,0.47485,0.47021
2024,baseball,2024-05-20,False,184.0,573980,Presbyterian,29,25,0.50699,0.46822,0.49304,0.48412
2024,baseball,2024-05-20,False,185.0,574182,Princeton,18,26,0.4486,0.50134,0.48413,0.48385
2024,baseball,2024-05-20,False,79.0,574183,Purdue,33,22,0.5649,0.53422,0.51881,0.53804
2024,baseball,2024-05-20,False,240.0,574091,Purdue Fort Wayne,18,35,0.38632,0.48493,0.48483,0.46025
2024,baseball,2024-05-20,False,283.0,574231,Queens (NC),14,41,0.25475,0.49612,0.47591,0.43073
2024,baseball,2024-05-20,False,256.0,574184,Quinnipiac,20,30,0.43128,0.45452,0.46062,0.45024
2024,baseball,2024-05-20,False,261.0,574185,Radford,16,34,0.30088,0.4955,0.49535,0.44681
2024,baseball,2024-05-20,False,151.0,574186,Rhode Island,19,28,0.43387,0.53659,0.48622,0.49832
2024,baseball,2024-05-20,False,172.0,574187,Rice,22,34,0.36861,0.53733,0.5145,0.48944
2024,baseball,2024-05-20,False,242.0,574188,Richmond,24,30,0.4023,0.47662,0.48274,0.45957
2024,baseball,2024-05-20,False,121.0,574189,Rider,27,21,0.63265,0.46622,0.47263,0.50943
2024,baseball,2024-05-20,False,76.0,574190,Rutgers,28,25,0.55534,0.5416,0.52038,0.53973
2024,baseball,2024-05-20,False,299.0,574222,SFA,10,44,0.16566,0.46316,0.48811,0.39502
2024,baseball,2024-05-20,False,252.0,574215,SIUE,20,33,0.38763,0.47556,0.46732,0.45152
2024,baseball,2024-05-20,False,213.0,574029,Sacramento St.,26,30,0.44696,0.47835,0.48999,0.47341
2024,baseball,2024-05-20,False,149.0,574191,Sacred Heart,33,21,0.65244,0.44549,0.45198,0.49885
2024,baseball,2024-05-20,False,156.0,574194,Saint Joseph's,26,24,0.52915,0.48154,0.48994,0.49554
2024,baseball,2024-05-20,False,81.0,574195,Saint Louis,37,14,0.73068,0.45633,0.49226,0.5339
2024,baseball,2024-05-20,False,99.0,574196,Saint Mary's (CA),33,20,0.62474,0.49241,0.49831,0.52697
2024,baseball,2024-05-20,False,301.0,574197,Saint Peter's,12,40,0.26432,0.38996,0.45468,0.37473
2024,baseball,2024-05-20,False,71.0,574198,Sam Houston,33,22,0.59388,0.52928,0.51892,0.54284
2024,baseball,2024-05-20,False,93.0,574199,Samford,34,20,0.59839,0.4972,0.52272,0.52888
2024,baseball,2024-05-20,False,25.0,574201,San Diego,37,13,0.76289,0.52244,0.51221,0.57999
2024,baseball,2024-05-20,False,238.0,574200,San Diego St.,17,37,0.29424,0.5319,0.48516,0.4608
2024,baseball,2024-05-20,False,275.0,574202,San Francisco,21,34,0.35327,0.45754,0.48637,0.43868
2024,baseball,2024-05-20,False,173.0,574203,San Jose St.,22,31,0.44124,0.51517,0.48384,0.48885
2024,baseball,2024-05-20,False,152.0,574204,Santa Clara,26,25,0.51082,0.48948,0.50135,0.49778
2024,baseball,2024-05-20,False,269.0,573981,Seattle U,17,36,0.33988,0.4671,0.49364,0.44193
2024,baseball,2024-05-20,False,178.0,574205,Seton Hall,24,30,0.44444,0.49606,0.50744,0.486
2024,baseball,2024-05-20,False,298.0,574206,Siena,12,40,0.24783,0.43889,0.46857,0.39855
2024,baseball,2024-05-20,False,67.0,574207,South Alabama,31,24,0.55198,0.55536,0.52584,0.54714
2024,baseball,2024-05-20,False,20.0,574208,South Carolina,33,21,0.58084,0.59702,0.55072,0.5814
2024,baseball,2024-05-20,False,257.0,574209,South Dakota St.,20,29,0.46901,0.42692,0.47233,0.44879
2024,baseball,2024-05-20,False,150.0,574210,South Fla.,26,29,0.43977,0.52352,0.50672,0.49838
2024,baseball,2024-05-20,False,143.0,574211,Southeast Mo. St.,31,24,0.56124,0.48048,0.47934,0.50038
2024,baseball,2024-05-20,False,133.0,574212,Southeastern La.,28,26,0.49031,0.5117,0.50734,0.50526
2024,baseball,2024-05-20,False,85.0,574213,Southern California,28,27,0.50093,0.55589,0.51729,0.5325
2024,baseball,2024-05-20,False,165.0,574214,Southern Ill.,31,25,0.54633,0.45789,0.5035,0.49141
2024,baseball,2024-05-20,False,218.0,574232,Southern Ind.,25,30,0.45347,0.47524,0.47775,0.47042
2024,baseball,2024-05-20,False,32.0,574216,Southern Miss.,37,18,0.65936,0.55074,0.5346,0.57386
2024,baseball,2024-05-20,False,264.0,574217,Southern U.,22,27,0.45738,0.42713,0.46461,0.44406
2024,baseball,2024-05-20,False,229.0,574192,St. Bonaventure,18,31,0.41798,0.48323,0.48266,0.46677
2024,baseball,2024-05-20,False,60.0,574193,St. John's (NY),34,16,0.67896,0.50381,0.51113,0.54943
2024,baseball,2024-05-20,False,199.0,573909,St. Thomas (MN),22,24,0.54464,0.45469,0.46653,0.48014
2024,baseball,2024-05-20,False,175.0,574221,Stanford,20,32,0.36255,0.53167,0.52234,0.48706
2024,baseball,2024-05-20,False,112.0,574223,Stetson,37,19,0.63477,0.4667,0.50019,0.51709
2024,baseball,2024-05-20,False,258.0,574233,Stonehill,18,29,0.43155,0.4576,0.44772,0.44862
2024,baseball,2024-05-20,False,159.0,574224,Stony Brook,24,28,0.46444,0.50316,0.50502,0.49394
2024,baseball,2024-05-20,False,42.0,573914,TCU,31,19,0.59688,0.56112,0.54018,0.56483
2024,baseball,2024-05-20,False,182.0,573910,Tarleton St.,27,28,0.51052,0.46776,0.49347,0.48487
2024,baseball,2024-05-20,False,4.0,574226,Tennessee,46,10,0.80761,0.56255,0.5532,0.62148
2024,baseball,2024-05-20,False,243.0,574225,Tennessee Tech,29,25,0.49197,0.43034,0.4839,0.45914
2024,baseball,2024-05-20,False,41.0,573918,Texas,35,20,0.58459,0.56936,0.53761,0.56523
2024,baseball,2024-05-20,False,1.0,573913,Texas A&M,44,11,0.79614,0.58472,0.55514,0.63018
2024,baseball,2024-05-20,False,192.0,573915,Texas Southern,22,23,0.55556,0.447,0.47305,0.48065
2024,baseball,2024-05-20,False,111.0,574219,Texas St.,27,29,0.45985,0.54172,0.52556,0.51721
2024,baseball,2024-05-20,False,61.0,573916,Texas Tech,31,24,0.54812,0.55957,0.52905,0.54908
2024,baseball,2024-05-20,False,233.0,574042,The Citadel,21,31,0.35259,0.50041,0.50386,0.46432
2024,baseball,2024-05-20,False,210.0,573920,Toledo,25,30,0.50097,0.4607,0.48458,0.47674
2024,baseball,2024-05-20,False,250.0,573921,Towson,15,39,0.25301,0.53188,0.49268,0.45236
2024,baseball,2024-05-20,False,53.0,573922,Troy,36,20,0.64247,0.52421,0.52338,0.55357
2024,baseball,2024-05-20,False,95.0,573923,Tulane,31,24,0.54019,0.53044,0.51031,0.52784
2024,baseball,2024-05-20,False,171.0,573999,UAB,26,27,0.48111,0.4794,0.51932,0.48981
2024,baseball,2024-05-20,False,282.0,574000,UAlbany,15,33,0.33099,0.46145,0.47283,0.43168
2024,baseball,2024-05-20,False,117.0,574032,UC Davis,27,26,0.5301,0.51548,0.4942,0.51381
2024,baseball,2024-05-20,False,21.0,574033,UC Irvine,41,11,0.78639,0.51406,0.50736,0.58046
2024,baseball,2024-05-20,False,274.0,574035,UC Riverside,16,33,0.28274,0.49062,0.49242,0.4391
2024,baseball,2024-05-20,False,137.0,574229,UC San Diego,30,23,0.53862,0.48329,0.51095,0.50404
2024,baseball,2024-05-20,False,10.0,574030,UC Santa Barbara,39,12,0.81579,0.53896,0.50571,0.59985
2024,baseball,2024-05-20,False,39.0,574039,UCF,33,18,0.62733,0.55457,0.52734,0.56595
2024,baseball,2024-05-20,False,183.0,574034,UCLA,19,33,0.3413,0.53744,0.52218,0.48459
2024,baseball,2024-05-20,False,37.0,574046,UConn,32,21,0.63783,0.55912,0.51778,0.56846
2024,baseball,2024-05-20,False,87.0,574088,UIC,33,18,0.64596,0.4903,0.50119,0.53194
2024,baseball,2024-05-20,False,187.0,573984,UIW,25,29,0.45267,0.48774,0.50381,0.48299
2024,baseball,2024-05-20,False,166.0,574157,ULM,25,30,0.4122,0.51448,0.52369,0.49121
2024,baseball,2024-05-20,False,177.0,574117,UMBC,25,23,0.53283,0.47199,0.46826,0.48627
2024,baseball,2024-05-20,False,305.0,574119,UMES,0,48,0.0,0.44282,0.44121,0.33171
2024,baseball,2024-05-20,False,207.0,574111,UMass Lowell,23,29,0.49409,0.47141,0.47315,0.47752
2024,baseball,2024-05-20,False,228.0,574138,UNC Asheville,22,28,0.39631,0.48785,0.49522,0.46681
2024,baseball,2024-05-20,False,55.0,574141,UNC Greensboro,33,19,0.61364,0.54145,0.51061,0.55179
2024,baseball,2024-05-20,False,49.0,574142,UNCW,36,19,0.64038,0.53967,0.52256,0.56057
2024,baseball,2024-05-20,False,234.0,574145,UNLV,26,26,0.49087,0.43498,0.49429,0.46378
2024,baseball,2024-05-20,False,91.0,573986,USC Upstate,34,22,0.59501,0.51308,0.50458,0.53144
2024,baseball,2024-05-20,False,180.0,573917,UT Arlington,22,33,0.41588,0.5115,0.50403,0.48573
2024,baseball,2024-05-20,False,281.0,574227,UT Martin,20,34,0.36111,0.44471,0.47945,0.43249
2024,baseball,2024-05-20,False,194.0,574175,UTRGV,27,23,0.5166,0.4592,0.48721,0.48055
2024,baseball,2024-05-20,False,109.0,573919,UTSA,32,22,0.56952,0.49354,0.51641,0.51826
2024,baseball,2024-05-20,False,80.0,573947,Utah,32,21,0.61914,0.50224,0.51804,0.53542
2024,baseball,2024-05-20,False,287.0,573911,Utah Tech,14,42,0.25271,0.48385,0.49157,0.428
2024,baseball,2024-05-20,False,154.0,573992,Utah Valley,28,27,0.5293,0.48208,0.49148,0.49623
2024,baseball,2024-05-20,False,90.0,573951,VCU,33,21,0.60819,0.50514,0.50745,0.53148
2024,baseball,2024-05-20,False,138.0,573952,VMI,27,28,0.50501,0.50594,0.4971,0.5035
2024,baseball,2024-05-20,False,244.0,573948,Valparaiso,14,38,0.30737,0.51096,0.50357,0.45822
2024,baseball,2024-05-20,False,27.0,573949,Vanderbilt,35,20,0.59915,0.58311,0.54467,0.57751
2024,baseball,2024-05-20,False,215.0,573950,Villanova,18,33,0.41463,0.48616,0.50368,0.47266
2024,baseball,2024-05-20,False,11.0,573954,Virginia,40,14,0.70858,0.56774,0.54192,0.5965
2024,baseball,2024-05-20,False,66.0,573953,Virginia Tech,32,20,0.59414,0.52427,0.54712,0.54745
2024,baseball,2024-05-20,False,216.0,573955,Wagner,25,28,0.49691,0.46338,0.46625,0.47248
2024,baseball,2024-05-20,False,12.0,573956,Wake Forest,36,19,0.63895,0.60419,0.53733,0.59617
2024,baseball,2024-05-20,False,155.0,573958,Washington,19,29,0.39269,0.53522,0.52097,0.49603
2024,baseball,2024-05-20,False,201.0,573957,Washington St.,21,32,0.39258,0.50241,0.51946,0.47922
2024,baseball,2024-05-20,False,35.0,573959,West Virginia,33,20,0.64588,0.55307,0.53733,0.57233
2024,baseball,2024-05-20,False,105.0,573960,Western Caro.,28,24,0.52756,0.52222,0.5138,0.52145
2024,baseball,2024-05-20,False,272.0,573961,Western Ill.,13,37,0.29019,0.50207,0.46537,0.43993
2024,baseball,2024-05-20,False,98.0,573962,Western Ky.,34,20,0.61508,0.48891,0.51513,0.52701
2024,baseball,2024-05-20,False,144.0,573963,Western Mich.,29,21,0.59443,0.45478,0.49658,0.50014
2024,baseball,2024-05-20,False,108.0,573964,Wichita St.,29,27,0.50485,0.5254,0.51794,0.5184
2024,baseball,2024-05-20,False,124.0,573965,William & Mary,30,24,0.53488,0.49747,0.50394,0.50844
2024,baseball,2024-05-20,False,248.0,573966,Winthrop,19,29,0.35601,0.47863,0.50112,0.45359
2024,baseball,2024-05-20,False,59.0,573985,Wofford,35,17,0.68432,0.50239,0.5089,0.5495
2024,baseball,2024-05-20,False,118.0,573968,Wright St.,31,22,0.62305,0.46438,0.49769,0.51237
2024,baseball,2024-05-20,False,40.0,573969,Xavier,29,25,0.56309,0.59495,0.51067,0.56591
2024,baseball,2024-05-20,False,268.0,573970,Yale,18,23,0.45431,0.4197,0.47524,0.44224
2024,baseball,2024-05-20,False,291.0,573971,Youngstown St.,12,42,0.23529,0.48456,0.48822,0.42316
2024,baseball,2024-05-27,True,211.0,573989,A&M-Corpus Christi,22,35,0.37415,0.51098,0.50105,0.47429
2024,baseball,2024-05-27,True,149.0,573995,Abilene Christian,33,25,0.55516,0.46687,0.49198,0.49522
2024,baseball,2024-05-27,True,115.0,573924,Air Force,27,28,0.50797,0.52386,0.49575,0.51286
2024,baseball,2024-05-27,True,269.0,573912,Akron,15,39,0.31461,0.47937,0.49145,0.4412
2024,baseball,2024-05-27,True,22.0,573998,Alabama,33,22,0.58065,0.59974,0.53723,0.57934
2024,baseball,2024-05-27,True,295.0,573996,Alabama A&M,13,38,0.26022,0.45412,0.46086,0.40733
2024,baseball,2024-05-27,True,241.0,573997,Alabama St.,29,27,0.51277,0.42132,0.47889,0.45858
2024,baseball,2024-05-27,True,304.0,574001,Alcorn,6,43,0.13575,0.43674,0.44839,0.3644
2024,baseball,2024-05-27,True,75.0,574002,App State,33,21,0.625,0.49733,0.52218,0.53546
2024,baseball,2024-05-27,True,28.0,574004,Arizona,36,21,0.63333,0.57427,0.51874,0.57515
2024,baseball,2024-05-27,True,85.0,574003,Arizona St.,32,26,0.51878,0.54194,0.52011,0.53069
2024,baseball,2024-05-27,True,302.0,573982,Ark.-Pine Bluff,15,34,0.25732,0.37609,0.46058,0.36752
2024,baseball,2024-05-27,True,4.0,574006,Arkansas,43,14,0.73795,0.58452,0.55195,0.61474
2024,baseball,2024-05-27,True,219.0,574005,Arkansas St.,21,32,0.38205,0.4938,0.50945,0.46977
2024,baseball,2024-05-27,True,139.0,573925,Army West Point,31,21,0.5773,0.47157,0.48417,0.50115
2024,baseball,2024-05-27,True,49.0,574008,Auburn,27,26,0.46761,0.60492,0.5413,0.55469
2024,baseball,2024-05-27,True,154.0,574009,Austin Peay,35,21,0.63567,0.41933,0.49767,0.493
2024,baseball,2024-05-27,True,130.0,574018,BYU,21,31,0.413,0.53492,0.53158,0.50361
2024,baseball,2024-05-27,True,119.0,574010,Ball St.,35,23,0.63009,0.45676,0.49055,0.50854
2024,baseball,2024-05-27,True,143.0,574012,Baylor,22,31,0.36364,0.55446,0.52529,0.49946
2024,baseball,2024-05-27,True,296.0,574228,Bellarmine,10,45,0.18526,0.47469,0.47655,0.4028
2024,baseball,2024-05-27,True,171.0,573987,Belmont,26,32,0.43501,0.50868,0.49731,0.48742
2024,baseball,2024-05-27,True,209.0,574013,Bethune-Cookman,32,27,0.52372,0.44667,0.48036,0.47435
2024,baseball,2024-05-27,True,245.0,574014,Binghamton,21,29,0.43516,0.44798,0.48488,0.454
2024,baseball,2024-05-27,True,92.0,574015,Boston College,22,31,0.41741,0.57894,0.53343,0.52718
2024,baseball,2024-05-27,True,101.0,574016,Bowling Green,33,20,0.66802,0.46171,0.48977,0.5203
2024,baseball,2024-05-27,True,253.0,574017,Bradley,13,37,0.31134,0.49918,0.48673,0.44911
2024,baseball,2024-05-27,True,289.0,574019,Brown,11,28,0.31234,0.46445,0.4599,0.42528
2024,baseball,2024-05-27,True,118.0,574020,Bryant,36,19,0.68537,0.43664,0.4822,0.51021
2024,baseball,2024-05-27,True,192.0,574021,Bucknell,22,24,0.49029,0.4754,0.4772,0.47957
2024,baseball,2024-05-27,True,195.0,574022,Butler,20,35,0.38225,0.51813,0.4945,0.47825
2024,baseball,2024-05-27,True,278.0,574024,CSU Bakersfield,15,38,0.25494,0.49841,0.49243,0.43605
2024,baseball,2024-05-27,True,86.0,574028,CSUN,30,24,0.56818,0.52814,0.49815,0.53065
2024,baseball,2024-05-27,True,100.0,574023,Cal Poly,35,22,0.57914,0.49605,0.51056,0.52045
2024,baseball,2024-05-27,True,242.0,574026,Cal St. Fullerton,16,38,0.26782,0.52803,0.50513,0.45725
2024,baseball,2024-05-27,True,63.0,574031,California,36,19,0.63405,0.50756,0.52511,0.54357
2024,baseball,2024-05-27,True,128.0,573994,California Baptist,38,24,0.59432,0.4648,0.49312,0.50426
2024,baseball,2024-05-27,True,84.0,574036,Campbell,31,22,0.55602,0.52691,0.51574,0.53139
2024,baseball,2024-05-27,True,252.0,574037,Canisius,18,30,0.42667,0.455,0.46112,0.44945
2024,baseball,2024-05-27,True,213.0,573972,Central Ark.,26,30,0.44954,0.47838,0.48526,0.47289
2024,baseball,2024-05-27,True,281.0,574038,Central Conn. St.,18,24,0.42647,0.42729,0.44978,0.43271
2024,baseball,2024-05-27,True,267.0,574040,Central Mich.,17,38,0.33855,0.47051,0.48656,0.44153
2024,baseball,2024-05-27,True,196.0,574011,Charleston So.,22,32,0.39194,0.51676,0.48611,0.47789
2024,baseball,2024-05-27,True,146.0,574140,Charlotte,24,34,0.3757,0.54993,0.5157,0.49782
2024,baseball,2024-05-27,True,64.0,574041,Cincinnati,32,25,0.56381,0.54112,0.52657,0.54316
2024,baseball,2024-05-27,True,7.0,574043,Clemson,41,14,0.72379,0.57688,0.54468,0.60556
2024,baseball,2024-05-27,True,35.0,574044,Coastal Carolina,34,23,0.57171,0.5761,0.53424,0.56453
2024,baseball,2024-05-27,True,40.0,573974,Col. of Charleston,41,14,0.71589,0.50445,0.51575,0.56013
2024,baseball,2024-05-27,True,124.0,574045,Columbia,26,18,0.59615,0.47164,0.48283,0.50557
2024,baseball,2024-05-27,True,300.0,574047,Coppin St.,12,33,0.25899,0.40684,0.44529,0.37949
2024,baseball,2024-05-27,True,218.0,574048,Cornell,17,21,0.48596,0.45518,0.48325,0.46989
2024,baseball,2024-05-27,True,61.0,574049,Creighton,35,17,0.67755,0.4982,0.50417,0.54453
2024,baseball,2024-05-27,True,17.0,573975,DBU,44,13,0.76648,0.52525,0.52101,0.5845
2024,baseball,2024-05-27,True,284.0,574050,Dartmouth,13,26,0.38058,0.42956,0.47578,0.42887
2024,baseball,2024-05-27,True,237.0,574051,Davidson,24,28,0.42857,0.46665,0.48285,0.46118
2024,baseball,2024-05-27,True,128.0,574052,Dayton,33,22,0.61597,0.45459,0.49187,0.50426
2024,baseball,2024-05-27,True,132.0,574054,Delaware,31,26,0.54395,0.48481,0.50027,0.50346
2024,baseball,2024-05-27,True,268.0,574053,Delaware St.,22,27,0.43943,0.44121,0.44415,0.4415
2024,baseball,2024-05-27,True,19.0,574055,Duke,39,18,0.65746,0.56727,0.54028,0.58307
2024,baseball,2024-05-27,True,55.0,574057,ETSU,36,20,0.64372,0.5224,0.50351,0.54801
2024,baseball,2024-05-27,True,18.0,574056,East Carolina,43,15,0.74335,0.53714,0.52021,0.58446
2024,baseball,2024-05-27,True,257.0,574058,Eastern Ill.,20,33,0.40927,0.45298,0.47943,0.44866
2024,baseball,2024-05-27,True,262.0,574059,Eastern Ky.,21,37,0.34698,0.47479,0.48792,0.44612
2024,baseball,2024-05-27,True,291.0,574060,Eastern Mich.,14,38,0.29661,0.45709,0.4781,0.42222
2024,baseball,2024-05-27,True,180.0,573976,Elon,21,32,0.33996,0.54723,0.49878,0.4833
2024,baseball,2024-05-27,True,79.0,574061,Evansville,35,23,0.62206,0.50294,0.5058,0.53343
2024,baseball,2024-05-27,True,247.0,574063,FDU,26,30,0.50503,0.42531,0.45541,0.45277
2024,baseball,2024-05-27,True,136.0,573991,FGCU,30,26,0.53244,0.49172,0.49348,0.50234
2024,baseball,2024-05-27,True,137.0,574066,FIU,27,30,0.43455,0.53426,0.5058,0.50222
2024,baseball,2024-05-27,True,160.0,574062,Fairfield,34,24,0.58736,0.4507,0.46911,0.48947
2024,baseball,2024-05-27,True,170.0,574065,Fla. Atlantic,28,29,0.46476,0.48112,0.52317,0.48754
2024,baseball,2024-05-27,True,31.0,574068,Florida,28,27,0.47801,0.63758,0.53628,0.57236
2024,baseball,2024-05-27,True,165.0,574064,Florida A&M,29,27,0.50444,0.49128,0.46657,0.4884
2024,baseball,2024-05-27,True,8.0,574067,Florida St.,42,15,0.73333,0.55915,0.54302,0.59867
2024,baseball,2024-05-27,True,201.0,574069,Fordham,19,33,0.36777,0.5306,0.47835,0.47683
2024,baseball,2024-05-27,True,182.0,574025,Fresno St.,33,27,0.5544,0.4391,0.49852,0.48278
2024,baseball,2024-05-27,True,58.0,574073,Ga. Southern,33,26,0.54545,0.55424,0.5292,0.54578
2024,baseball,2024-05-27,True,226.0,573977,Gardner-Webb,22,31,0.38507,0.49694,0.49318,0.46803
2024,baseball,2024-05-27,True,239.0,574070,George Mason,21,32,0.35974,0.49584,0.48644,0.45947
2024,baseball,2024-05-27,True,166.0,574071,George Washington,31,26,0.5249,0.47119,0.48581,0.48827
2024,baseball,2024-05-27,True,65.0,574072,Georgetown,36,21,0.62827,0.51788,0.50834,0.54309
2024,baseball,2024-05-27,True,6.0,574076,Georgia,39,15,0.70323,0.58926,0.54616,0.60698
2024,baseball,2024-05-27,True,110.0,574074,Georgia St.,25,32,0.43563,0.54843,0.52603,0.51463
2024,baseball,2024-05-27,True,50.0,574075,Georgia Tech,31,23,0.54747,0.56225,0.54349,0.55386
2024,baseball,2024-05-27,True,190.0,574077,Gonzaga,21,32,0.42495,0.49515,0.50679,0.48051
2024,baseball,2024-05-27,True,216.0,574078,Grambling,26,26,0.51195,0.45374,0.46353,0.47074
2024,baseball,2024-05-27,True,94.0,573978,Grand Canyon,34,23,0.59537,0.50431,0.49814,0.52553
2024,baseball,2024-05-27,True,270.0,574080,Harvard,13,26,0.37669,0.45258,0.48157,0.44086
2024,baseball,2024-05-27,True,56.0,574081,Hawaii,37,16,0.65392,0.50503,0.52304,0.54676
2024,baseball,2024-05-27,True,131.0,573988,High Point,34,25,0.5424,0.48195,0.50799,0.50358
2024,baseball,2024-05-27,True,157.0,574082,Hofstra,24,33,0.44767,0.50964,0.49681,0.49094
2024,baseball,2024-05-27,True,151.0,574083,Holy Cross,26,27,0.56513,0.4636,0.4831,0.49386
2024,baseball,2024-05-27,True,113.0,574085,Houston,26,28,0.43621,0.54718,0.52519,0.51394
2024,baseball,2024-05-27,True,233.0,574084,Houston Christian,18,31,0.375,0.48772,0.50083,0.46282
2024,baseball,2024-05-27,True,44.0,574087,Illinois,34,19,0.64271,0.53663,0.51679,0.55819
2024,baseball,2024-05-27,True,126.0,574086,Illinois St.,30,27,0.55978,0.48305,0.49366,0.50489
2024,baseball,2024-05-27,True,57.0,574090,Indiana,32,24,0.54809,0.5563,0.52395,0.54616
2024,baseball,2024-05-27,True,10.0,574089,Indiana St.,42,13,0.79511,0.52958,0.51534,0.5924
2024,baseball,2024-05-27,True,292.0,574092,Iona,12,38,0.27014,0.46808,0.44914,0.41386
2024,baseball,2024-05-27,True,97.0,574093,Iowa,31,23,0.56813,0.49664,0.52994,0.52284
2024,baseball,2024-05-27,True,200.0,574094,Jackson St.,36,20,0.62548,0.4056,0.47068,0.47684
2024,baseball,2024-05-27,True,207.0,574096,Jacksonville,27,31,0.44669,0.47979,0.49578,0.47551
2024,baseball,2024-05-27,True,208.0,574095,Jacksonville St.,18,34,0.33071,0.53125,0.50684,0.47501
2024,baseball,2024-05-27,True,47.0,574097,James Madison,34,23,0.59481,0.55644,0.51894,0.55666
2024,baseball,2024-05-27,True,76.0,574099,Kansas,31,23,0.5549,0.52728,0.53213,0.5354
2024,baseball,2024-05-27,True,46.0,574098,Kansas St.,32,24,0.56719,0.56521,0.53025,0.55696
2024,baseball,2024-05-27,True,88.0,573979,Kennesaw St.,32,24,0.61726,0.49973,0.49896,0.52892
2024,baseball,2024-05-27,True,155.0,574100,Kent St.,27,27,0.52353,0.47606,0.48986,0.49138
2024,baseball,2024-05-27,True,5.0,574101,Kentucky,40,14,0.72917,0.5896,0.54789,0.61407
2024,baseball,2024-05-27,True,220.0,574106,LIU,33,23,0.61237,0.40175,0.46212,0.4695
2024,baseball,2024-05-27,True,224.0,574112,LMU (CA),24,30,0.42593,0.4783,0.49138,0.46847
2024,baseball,2024-05-27,True,23.0,574108,LSU,40,21,0.62292,0.56809,0.55106,0.57754
2024,baseball,2024-05-27,True,248.0,574102,Lafayette,14,35,0.29561,0.5209,0.47362,0.45276
2024,baseball,2024-05-27,True,54.0,574103,Lamar University,44,15,0.74954,0.4683,0.50972,0.54897
2024,baseball,2024-05-27,True,261.0,574412,Le Moyne,22,27,0.50787,0.4148,0.44928,0.44669
2024,baseball,2024-05-27,True,222.0,574104,Lehigh,24,23,0.53712,0.43134,0.47476,0.46864
2024,baseball,2024-05-27,True,122.0,574105,Liberty,24,34,0.39813,0.55677,0.51346,0.50628
2024,baseball,2024-05-27,True,290.0,574230,Lindenwood,16,38,0.30651,0.46112,0.47067,0.42486
2024,baseball,2024-05-27,True,231.0,573990,Lipscomb,22,34,0.39366,0.48015,0.50085,0.4637
2024,baseball,2024-05-27,True,142.0,574007,Little Rock,32,24,0.57934,0.4681,0.48348,0.49976
2024,baseball,2024-05-27,True,185.0,574027,Long Beach St.,25,29,0.4465,0.48792,0.50624,0.48215
2024,baseball,2024-05-27,True,217.0,574107,Longwood,23,29,0.46234,0.46069,0.49586,0.4699
2024,baseball,2024-05-27,True,34.0,574220,Louisiana,40,18,0.65823,0.5412,0.52224,0.56572
2024,baseball,2024-05-27,True,30.0,574109,Louisiana Tech,45,17,0.71095,0.53032,0.52137,0.57324
2024,baseball,2024-05-27,True,60.0,574110,Louisville,32,24,0.52569,0.55752,0.53765,0.5446
2024,baseball,2024-05-27,True,293.0,574113,Maine,12,37,0.25113,0.46732,0.46937,0.41378
2024,baseball,2024-05-27,True,273.0,574114,Manhattan,22,30,0.49213,0.39097,0.47871,0.43819
2024,baseball,2024-05-27,True,263.0,574115,Marist,20,35,0.41869,0.44856,0.46578,0.4454
2024,baseball,2024-05-27,True,197.0,574116,Marshall,18,37,0.3,0.54869,0.5127,0.47752
2024,baseball,2024-05-27,True,42.0,574118,Maryland,34,22,0.64079,0.53766,0.52321,0.55983
2024,baseball,2024-05-27,True,183.0,574120,Massachusetts,24,29,0.49491,0.4711,0.49393,0.48276
2024,baseball,2024-05-27,True,104.0,574121,McNeese,32,27,0.52425,0.52097,0.51204,0.51956
2024,baseball,2024-05-27,True,199.0,574122,Memphis,23,32,0.40402,0.49983,0.50562,0.47733
2024,baseball,2024-05-27,True,114.0,574123,Mercer,29,29,0.48101,0.5336,0.50372,0.51298
2024,baseball,2024-05-27,True,212.0,573973,Merrimack,33,26,0.57996,0.42848,0.4547,0.4729
2024,baseball,2024-05-27,True,89.0,574125,Miami (FL),27,30,0.42778,0.57913,0.52728,0.52833
2024,baseball,2024-05-27,True,175.0,574124,Miami (OH),27,27,0.48876,0.47858,0.4918,0.48443
2024,baseball,2024-05-27,True,83.0,574127,Michigan,32,28,0.51971,0.55011,0.50968,0.5324
2024,baseball,2024-05-27,True,103.0,574126,Michigan St.,24,27,0.44242,0.56498,0.50619,0.51964
2024,baseball,2024-05-27,True,235.0,574128,Middle Tenn.,20,36,0.34829,0.50354,0.49419,0.46239
2024,baseball,2024-05-27,True,259.0,573967,Milwaukee,19,36,0.36441,0.4759,0.47384,0.44751
2024,baseball,2024-05-27,True,116.0,574129,Minnesota,25,23,0.54352,0.49538,0.51556,0.51246
2024,baseball,2024-05-27,True,29.0,574130,Mississippi St.,38,21,0.61039,0.57238,0.54524,0.5751
2024,baseball,2024-05-27,True,297.0,574131,Mississippi Val.,12,34,0.26147,0.44459,0.44349,0.39853
2024,baseball,2024-05-27,True,105.0,574133,Missouri,23,32,0.39615,0.57247,0.53682,0.51948
2024,baseball,2024-05-27,True,135.0,574218,Missouri St.,23,34,0.44742,0.52933,0.50678,0.50321
2024,baseball,2024-05-27,True,191.0,574134,Monmouth,18,30,0.42361,0.49617,0.50361,0.47989
2024,baseball,2024-05-27,True,186.0,574135,Morehead St.,37,24,0.62172,0.40794,0.49068,0.48207
2024,baseball,2024-05-27,True,286.0,574136,Mount St. Mary's,22,34,0.41241,0.41656,0.46529,0.4277
2024,baseball,2024-05-27,True,81.0,574137,Murray St.,37,20,0.65045,0.49056,0.50013,0.53292
2024,baseball,2024-05-27,True,168.0,574154,N.C. A&T,25,28,0.47,0.489,0.50369,0.48793
2024,baseball,2024-05-27,True,14.0,574155,NC State,33,20,0.5987,0.61117,0.5366,0.58941
2024,baseball,2024-05-27,True,209.0,574160,NIU,21,33,0.45238,0.47852,0.48798,0.47435
2024,baseball,2024-05-27,True,232.0,574147,NJIT,26,28,0.52556,0.42157,0.4848,0.46337
2024,baseball,2024-05-27,True,177.0,573946,Navy,28,23,0.54701,0.45169,0.48666,0.48426
2024,baseball,2024-05-27,True,25.0,574143,Nebraska,39,20,0.65917,0.56224,0.52295,0.57665
2024,baseball,2024-05-27,True,188.0,574146,Nevada,25,26,0.52381,0.45333,0.4937,0.48104
2024,baseball,2024-05-27,True,193.0,574149,New Mexico,28,26,0.49603,0.46299,0.49539,0.47935
2024,baseball,2024-05-27,True,139.0,574148,New Mexico St.,25,29,0.46078,0.5188,0.50621,0.50115
2024,baseball,2024-05-27,True,99.0,574150,New Orleans,31,26,0.51601,0.52956,0.50903,0.52104
2024,baseball,2024-05-27,True,108.0,574151,Niagara,38,15,0.77052,0.41007,0.47875,0.51735
2024,baseball,2024-05-27,True,48.0,574152,Nicholls,38,20,0.64919,0.53886,0.49911,0.55651
2024,baseball,2024-05-27,True,303.0,574153,Norfolk St.,12,41,0.20467,0.40471,0.44595,0.36501
2024,baseball,2024-05-27,True,279.0,573993,North Ala.,18,35,0.32821,0.46362,0.47922,0.43367
2024,baseball,2024-05-27,True,3.0,574139,North Carolina,42,13,0.7581,0.58222,0.53861,0.61529
2024,baseball,2024-05-27,True,223.0,574156,North Dakota St.,20,30,0.44885,0.47212,0.48099,0.46852
2024,baseball,2024-05-27,True,260.0,573983,North Florida,21,30,0.38462,0.4565,0.49148,0.44728
2024,baseball,2024-05-27,True,32.0,574158,Northeastern,38,17,0.72968,0.51238,0.51653,0.56774
2024,baseball,2024-05-27,True,274.0,574159,Northern Colo.,16,38,0.32505,0.47409,0.47945,0.43817
2024,baseball,2024-05-27,True,127.0,574161,Northern Ky.,35,22,0.64952,0.43687,0.49496,0.50456
2024,baseball,2024-05-27,True,145.0,574163,Northwestern,18,34,0.37959,0.5506,0.51192,0.49818
2024,baseball,2024-05-27,True,173.0,574162,Northwestern St.,22,33,0.37911,0.53419,0.49922,0.48668
2024,baseball,2024-05-27,True,77.0,574164,Notre Dame,27,25,0.53347,0.53469,0.53672,0.5349
2024,baseball,2024-05-27,True,162.0,574165,Oakland,31,27,0.5864,0.44474,0.47985,0.48893
2024,baseball,2024-05-27,True,251.0,574167,Ohio,18,32,0.37021,0.47532,0.47758,0.44961
2024,baseball,2024-05-27,True,69.0,574166,Ohio St.,29,26,0.54302,0.54773,0.52365,0.54053
2024,baseball,2024-05-27,True,15.0,574169,Oklahoma,37,19,0.63588,0.59613,0.52665,0.5887
2024,baseball,2024-05-27,True,13.0,574168,Oklahoma St.,40,17,0.70644,0.56031,0.53259,0.58991
2024,baseball,2024-05-27,True,73.0,574170,Old Dominion,31,26,0.50758,0.55581,0.52884,0.53701
2024,baseball,2024-05-27,True,33.0,574132,Ole Miss,27,29,0.45437,0.64009,0.53225,0.5667
2024,baseball,2024-05-27,True,288.0,574144,Omaha,18,32,0.39076,0.42016,0.47744,0.42713
2024,baseball,2024-05-27,True,258.0,574171,Oral Roberts,27,30,0.44681,0.42993,0.48793,0.44865
2024,baseball,2024-05-27,True,51.0,574173,Oregon,37,18,0.64808,0.52366,0.51866,0.55351
2024,baseball,2024-05-27,True,16.0,574172,Oregon St.,42,14,0.76375,0.53597,0.51529,0.58774
2024,baseball,2024-05-27,True,294.0,574174,Pacific,11,44,0.1752,0.49746,0.48349,0.4134
2024,baseball,2024-05-27,True,181.0,574177,Penn,24,23,0.54853,0.45342,0.47767,0.48326
2024,baseball,2024-05-27,True,107.0,574176,Penn St.,29,24,0.56055,0.49758,0.5156,0.51783
2024,baseball,2024-05-27,True,277.0,574178,Pepperdine,15,38,0.27122,0.49005,0.4939,0.4363
2024,baseball,2024-05-27,True,93.0,574179,Pittsburgh,26,29,0.46355,0.55819,0.52864,0.52714
2024,baseball,2024-05-27,True,66.0,574180,Portland,37,19,0.6844,0.49418,0.49929,0.54301
2024,baseball,2024-05-27,True,230.0,574181,Prairie View,29,26,0.54564,0.41945,0.47188,0.4641
2024,baseball,2024-05-27,True,203.0,573980,Presbyterian,29,27,0.48197,0.46717,0.49014,0.47661
2024,baseball,2024-05-27,True,176.0,574182,Princeton,18,26,0.4486,0.50334,0.48221,0.48437
2024,baseball,2024-05-27,True,87.0,574183,Purdue,33,24,0.54497,0.52778,0.51574,0.52907
2024,baseball,2024-05-27,True,236.0,574091,Purdue Fort Wayne,19,37,0.3833,0.48966,0.48338,0.4615
2024,baseball,2024-05-27,True,283.0,574231,Queens (NC),14,41,0.25475,0.49493,0.47373,0.42959
2024,baseball,2024-05-27,True,254.0,574184,Quinnipiac,20,30,0.43128,0.45271,0.45925,0.44899
2024,baseball,2024-05-27,True,264.0,574185,Radford,16,34,0.30088,0.49344,0.49309,0.44521
2024,baseball,2024-05-27,True,153.0,574186,Rhode Island,19,28,0.43387,0.52822,0.48447,0.4937
2024,baseball,2024-05-27,True,172.0,574187,Rice,23,36,0.36678,0.53512,0.5107,0.48693
2024,baseball,2024-05-27,True,229.0,574188,Richmond,27,32,0.41958,0.47824,0.48088,0.46424
2024,baseball,2024-05-27,True,125.0,574189,Rider,28,23,0.61359,0.46905,0.47039,0.50552
2024,baseball,2024-05-27,True,72.0,574190,Rutgers,28,25,0.55534,0.53917,0.51797,0.53791
2024,baseball,2024-05-27,True,299.0,574222,SFA,10,44,0.16566,0.46029,0.48536,0.3929
2024,baseball,2024-05-27,True,250.0,574215,SIUE,21,34,0.39208,0.47374,0.46513,0.45117
2024,baseball,2024-05-27,True,215.0,574029,Sacramento St.,26,31,0.43932,0.47959,0.48555,0.47101
2024,baseball,2024-05-27,True,148.0,574191,Sacred Heart,35,23,0.64098,0.4459,0.45083,0.4959
2024,baseball,2024-05-27,True,150.0,574194,Saint Joseph's,29,26,0.53629,0.4769,0.48775,0.49446
2024,baseball,2024-05-27,True,95.0,574195,Saint Louis,37,16,0.69979,0.45366,0.48932,0.52411
2024,baseball,2024-05-27,True,102.0,574196,Saint Mary's (CA),34,22,0.60777,0.48833,0.49566,0.52002
2024,baseball,2024-05-27,True,301.0,574197,Saint Peter's,12,40,0.26432,0.38831,0.4538,0.37368
2024,baseball,2024-05-27,True,71.0,574198,Sam Houston,34,24,0.58221,0.52847,0.51526,0.5386
2024,baseball,2024-05-27,True,96.0,574199,Samford,36,22,0.59108,0.49181,0.51872,0.52335
2024,baseball,2024-05-27,True,20.0,574201,San Diego,40,13,0.7767,0.51894,0.5117,0.58157
2024,baseball,2024-05-27,True,238.0,574200,San Diego St.,17,37,0.29424,0.53101,0.48455,0.46021
2024,baseball,2024-05-27,True,275.0,574202,San Francisco,21,34,0.35327,0.4565,0.48393,0.43755
2024,baseball,2024-05-27,True,167.0,574203,San Jose St.,24,33,0.44571,0.51252,0.48146,0.48805
2024,baseball,2024-05-27,True,152.0,574204,Santa Clara,26,26,0.5,0.48879,0.49776,0.49383
2024,baseball,2024-05-27,True,272.0,573981,Seattle U,17,36,0.33988,0.46287,0.49024,0.43896
2024,baseball,2024-05-27,True,179.0,574205,Seton Hall,24,30,0.44444,0.492,0.50508,0.48338
2024,baseball,2024-05-27,True,298.0,574206,Siena,12,40,0.24783,0.43807,0.46733,0.39783
2024,baseball,2024-05-27,True,67.0,574207,South Alabama,31,25,0.54174,0.55392,0.52167,0.54282
2024,baseball,2024-05-27,True,27.0,574208,South Carolina,36,23,0.58258,0.58745,0.54658,0.57601
2024,baseball,2024-05-27,True,254.0,574209,South Dakota St.,20,29,0.46901,0.42698,0.47298,0.44899
2024,baseball,2024-05-27,True,147.0,574210,South Fla.,26,29,0.43977,0.52081,0.50446,0.49646
2024,baseball,2024-05-27,True,138.0,574211,Southeast Mo. St.,34,25,0.57411,0.4788,0.47703,0.50219
2024,baseball,2024-05-27,True,141.0,574212,Southeastern La.,30,28,0.48022,0.50963,0.50495,0.50111
2024,baseball,2024-05-27,True,78.0,574213,Southern California,31,28,0.51826,0.55033,0.51522,0.53354
2024,baseball,2024-05-27,True,163.0,574214,Southern Ill.,33,27,0.54301,0.45639,0.49976,0.48889
2024,baseball,2024-05-27,True,221.0,574232,Southern Ind.,27,32,0.45688,0.47149,0.47529,0.46879
2024,baseball,2024-05-27,True,24.0,574216,Southern Miss.,41,18,0.6845,0.54595,0.5319,0.57707
2024,baseball,2024-05-27,True,271.0,574217,Southern U.,22,29,0.43912,0.42984,0.46208,0.44022
2024,baseball,2024-05-27,True,228.0,574192,St. Bonaventure,18,31,0.41798,0.47975,0.48083,0.46457
2024,baseball,2024-05-27,True,52.0,574193,St. John's (NY),37,16,0.69857,0.49811,0.50919,0.551
2024,baseball,2024-05-27,True,187.0,573909,St. Thomas (MN),22,24,0.54464,0.45701,0.46586,0.48113
2024,baseball,2024-05-27,True,161.0,574221,Stanford,22,33,0.3797,0.52837,0.51961,0.48901
2024,baseball,2024-05-27,True,109.0,574223,Stetson,40,20,0.63768,0.46379,0.49815,0.51586
2024,baseball,2024-05-27,True,256.0,574233,Stonehill,18,29,0.43155,0.45875,0.44627,0.44883
2024,baseball,2024-05-27,True,159.0,574224,Stony Brook,24,28,0.46444,0.49694,0.5034,0.49043
2024,baseball,2024-05-27,True,43.0,573914,TCU,33,21,0.58896,0.55569,0.53622,0.55914
2024,baseball,2024-05-27,True,156.0,573910,Tarleton St.,32,29,0.54374,0.46449,0.49113,0.49096
2024,baseball,2024-05-27,True,2.0,574226,Tennessee,50,11,0.80688,0.55549,0.54846,0.61658
2024,baseball,2024-05-27,True,243.0,574225,Tennessee Tech,29,26,0.48228,0.42908,0.48118,0.4554
2024,baseball,2024-05-27,True,45.0,573918,Texas,35,22,0.56341,0.56658,0.53334,0.55748
2024,baseball,2024-05-27,True,1.0,573913,Texas A&M,44,13,0.76337,0.57829,0.54992,0.61747
2024,baseball,2024-05-27,True,206.0,573915,Texas Southern,23,25,0.53991,0.44728,0.46995,0.47611
2024,baseball,2024-05-27,True,112.0,574219,Texas St.,27,29,0.45985,0.53724,0.52156,0.51397
2024,baseball,2024-05-27,True,62.0,573916,Texas Tech,33,26,0.5444,0.55271,0.52561,0.54386
2024,baseball,2024-05-27,True,240.0,574042,The Citadel,21,32,0.3457,0.49401,0.5007,0.4586
2024,baseball,2024-05-27,True,205.0,573920,Toledo,27,32,0.5009,0.46093,0.48271,0.47637
2024,baseball,2024-05-27,True,249.0,573921,Towson,15,39,0.25301,0.53225,0.49081,0.45208
2024,baseball,2024-05-27,True,59.0,573922,Troy,37,22,0.62651,0.51804,0.5201,0.54567
2024,baseball,2024-05-27,True,80.0,573923,Tulane,35,24,0.57217,0.52597,0.50928,0.53335
2024,baseball,2024-05-27,True,178.0,573999,UAB,26,29,0.46272,0.47872,0.51546,0.4839
2024,baseball,2024-05-27,True,285.0,574000,UAlbany,15,34,0.32339,0.45951,0.47062,0.42826
2024,baseball,2024-05-27,True,123.0,574032,UC Davis,29,27,0.52952,0.49958,0.49483,0.50588
2024,baseball,2024-05-27,True,21.0,574033,UC Irvine,43,12,0.77338,0.51952,0.5062,0.57965
2024,baseball,2024-05-27,True,265.0,574035,UC Riverside,16,36,0.27092,0.50609,0.49228,0.44385
2024,baseball,2024-05-27,True,133.0,574229,UC San Diego,30,23,0.53862,0.4827,0.50966,0.50342
2024,baseball,2024-05-27,True,9.0,574030,UC Santa Barbara,42,12,0.8239,0.52234,0.50572,0.59357
2024,baseball,2024-05-27,True,36.0,574039,UCF,35,19,0.62963,0.55016,0.52381,0.56344
2024,baseball,2024-05-27,True,184.0,574034,UCLA,19,33,0.3413,0.53373,0.51999,0.48219
2024,baseball,2024-05-27,True,38.0,574046,UConn,32,23,0.61315,0.55806,0.51327,0.56063
2024,baseball,2024-05-27,True,90.0,574088,UIC,35,20,0.63846,0.48638,0.49815,0.52734
2024,baseball,2024-05-27,True,194.0,573984,UIW,26,31,0.44574,0.48384,0.50077,0.47855
2024,baseball,2024-05-27,True,169.0,574157,ULM,25,30,0.4122,0.50914,0.52062,0.48777
2024,baseball,2024-05-27,True,174.0,574117,UMBC,27,25,0.53349,0.46945,0.46656,0.48473
2024,baseball,2024-05-27,True,305.0,574119,UMES,0,48,0.0,0.43969,0.43983,0.3298
2024,baseball,2024-05-27,True,204.0,574111,UMass Lowell,24,31,0.48513,0.47509,0.47092,0.47656
2024,baseball,2024-05-27,True,227.0,574138,UNC Asheville,22,28,0.39631,0.48586,0.49284,0.46522
2024,baseball,2024-05-27,True,68.0,574141,UNC Greensboro,33,21,0.58929,0.53703,0.50689,0.54256
2024,baseball,2024-05-27,True,39.0,574142,UNCW,39,19,0.65434,0.53288,0.52139,0.56037
2024,baseball,2024-05-27,True,233.0,574145,UNLV,26,26,0.49087,0.43396,0.49248,0.46282
2024,baseball,2024-05-27,True,91.0,573986,USC Upstate,36,24,0.5914,0.50776,0.50221,0.52728
2024,baseball,2024-05-27,True,189.0,573917,UT Arlington,22,34,0.40816,0.50757,0.50055,0.48096
2024,baseball,2024-05-27,True,282.0,574227,UT Martin,21,35,0.36641,0.44327,0.47682,0.43244
2024,baseball,2024-05-27,True,202.0,574175,UTRGV,29,25,0.51533,0.45348,0.48486,0.47679
2024,baseball,2024-05-27,True,117.0,573919,UTSA,32,24,0.54862,0.49022,0.51347,0.51063
2024,baseball,2024-05-27,True,82.0,573947,Utah,33,22,0.61466,0.49989,0.5154,0.53246
2024,baseball,2024-05-27,True,287.0,573911,Utah Tech,14,42,0.25271,0.48321,0.48955,0.42717
2024,baseball,2024-05-27,True,158.0,573992,Utah Valley,29,29,0.51878,0.47711,0.48987,0.49072
2024,baseball,2024-05-27,True,74.0,573951,VCU,37,21,0.63653,0.50219,0.50613,0.53676
2024,baseball,2024-05-27,True,144.0,573952,VMI,27,29,0.49509,0.50359,0.49351,0.49894
2024,baseball,2024-05-27,True,244.0,573948,Valparaiso,14,38,0.30737,0.507,0.50003,0.45535
2024,baseball,2024-05-27,True,26.0,573949,Vanderbilt,38,21,0.611,0.57672,0.54041,0.57622
2024,baseball,2024-05-27,True,214.0,573950,Villanova,18,33,0.41463,0.48473,0.50069,0.4712
2024,baseball,2024-05-27,True,12.0,573954,Virginia,41,15,0.70058,0.56223,0.53856,0.5909
2024,baseball,2024-05-27,True,70.0,573953,Virginia Tech,32,22,0.57028,0.52145,0.54279,0.53899
2024,baseball,2024-05-27,True,225.0,573955,Wagner,26,30,0.48738,0.46039,0.46451,0.46817
2024,baseball,2024-05-27,True,11.0,573956,Wake Forest,38,20,0.64054,0.59747,0.53381,0.59232
2024,baseball,2024-05-27,True,164.0,573958,Washington,19,31,0.37555,0.5304,0.51811,0.48861
2024,baseball,2024-05-27,True,198.0,573957,Washington St.,21,32,0.39258,0.50052,0.51594,0.47739
2024,baseball,2024-05-27,True,37.0,573959,West Virginia,33,22,0.62089,0.54891,0.53295,0.56292
2024,baseball,2024-05-27,True,111.0,573960,Western Caro.,28,26,0.50758,0.51999,0.51014,0.51442
2024,baseball,2024-05-27,True,276.0,573961,Western Ill.,13,37,0.29019,0.49641,0.46303,0.43651
2024,baseball,2024-05-27,True,98.0,573962,Western Ky.,36,22,0.60662,0.48323,0.51304,0.52153
2024,baseball,2024-05-27,True,134.0,573963,Western Mich.,32,21,0.61726,0.45025,0.49515,0.50323
2024,baseball,2024-05-27,True,106.0,573964,Wichita St.,32,29,0.51327,0.52391,0.51538,0.51912
2024,baseball,2024-05-27,True,120.0,573965,William & Mary,32,26,0.53237,0.49752,0.50235,0.50744
2024,baseball,2024-05-27,True,246.0,573966,Winthrop,19,29,0.35601,0.47918,0.49857,0.45323
2024,baseball,2024-05-27,True,53.0,573985,Wofford,41,18,0.70664,0.4945,0.50725,0.55072
2024,baseball,2024-05-27,True,121.0,573968,Wright St.,32,24,0.59817,0.46647,0.49641,0.50688
2024,baseball,2024-05-27,True,41.0,573969,Xavier,30,27,0.5508,0.59081,0.50739,0.55995
2024,baseball,2024-05-27,True,266.0,573970,Yale,18,23,0.45431,0.42138,0.47421,0.44282
2024,baseball,2024-05-27,True,280.0,573971,Youngstown St.,16,44,0.28596,0.47832,0.48904,0.43291
