year,sport,snapshot_date,is_selection,rank,yearId,name,w,l,wp,owp,oowp,rpi
2018,baseball,2018-02-19,False,47.0,197740,A&M-Corpus Christi,2,1,0.78788,0.5,0.66667,0.61364
2018,baseball,2018-02-19,False,2.0,197445,Abilene Christian,3,0,1.0,0.5,1.0,0.75
2018,baseball,2018-02-19,False,233.0,197696,Air Force,0,3,0.0,0.5,0.0,0.25
2018,baseball,2018-02-19,False,2.0,197448,Alabama,3,0,1.0,0.5,1.0,0.75
2018,baseball,2018-02-19,False,89.0,197446,Alabama A&M,2,1,0.51852,0.5,0.66667,0.5463
2018,baseball,2018-02-19,False,79.0,197447,Alabama St.,2,1,0.66667,0.5,0.60185,0.56713
2018,baseball,2018-02-19,False,145.0,197451,Alcorn,2,1,0.66667,0.33333,0.59259,0.48148
2018,baseball,2018-02-19,False,159.0,197452,App State,1,2,0.48148,0.5,0.33333,0.4537
2018,baseball,2018-02-19,False,2.0,197454,Arizona,3,0,1.0,0.5,1.0,0.75
2018,baseball,2018-02-19,False,150.0,197453,Arizona St.,2,2,0.35,0.5,0.5,0.4625
2018,baseball,2018-02-19,False,64.0,197733,Ark.-Pine Bluff,2,1,0.66667,0.66667,0.43519,0.6088
2018,baseball,2018-02-19,False,2.0,197456,Arkansas,3,0,1.0,0.5,1.0,0.75
2018,baseball,2018-02-19,False,207.0,197455,Arkansas St.,1,2,0.21212,0.5,0.33333,0.38636
2018,baseball,2018-02-19,False,201.0,197697,Army West Point,1,2,0.33333,0.5,0.33333,0.41667
2018,baseball,2018-02-19,False,2.0,197458,Auburn,3,0,1.0,0.5,1.0,0.75
2018,baseball,2018-02-19,False,66.0,197459,Austin Peay,3,0,1.0,0.33333,0.72222,0.59722
2018,baseball,2018-02-19,False,47.0,197468,BYU,2,1,0.78788,0.5,0.66667,0.61364
2018,baseball,2018-02-19,False,130.0,197460,Ball St.,2,2,0.5,0.5,0.5,0.5
2018,baseball,2018-02-19,False,89.0,197462,Baylor,2,1,0.51852,0.5,0.66667,0.5463
2018,baseball,2018-02-19,False,89.0,197738,Belmont,2,1,0.51852,0.5,0.66667,0.5463
2018,baseball,2018-02-19,False,159.0,197463,Bethune-Cookman,1,2,0.48148,0.5,0.33333,0.4537
2018,baseball,2018-02-19,False,159.0,197464,Binghamton,1,2,0.48148,0.5,0.33333,0.4537
2018,baseball,2018-02-19,False,47.0,197465,Boston College,2,1,0.78788,0.5,0.66667,0.61364
2018,baseball,2018-02-19,False,233.0,197466,Bowling Green,0,3,0.0,0.5,0.0,0.25
2018,baseball,2018-02-19,False,77.0,197467,Bradley,2,1,0.78788,0.44444,0.60185,0.56965
2018,baseball,2018-02-19,False,,197469,Brown,0,0,0.5,0.5,0.5,0.5
2018,baseball,2018-02-19,False,233.0,197470,Bryant,0,3,0.0,0.5,0.0,0.25
2018,baseball,2018-02-19,False,233.0,197471,Bucknell,0,3,0.0,0.5,0.0,0.25
2018,baseball,2018-02-19,False,42.0,197473,Butler,4,0,1.0,0.5,0.59722,0.64931
2018,baseball,2018-02-19,False,207.0,197475,CSU Bakersfield,1,2,0.21212,0.5,0.33333,0.38636
2018,baseball,2018-02-19,False,207.0,197479,CSUN,1,2,0.21212,0.5,0.33333,0.38636
2018,baseball,2018-02-19,False,159.0,197474,Cal Poly,1,2,0.33333,0.5,0.48148,0.4537
2018,baseball,2018-02-19,False,233.0,197477,Cal St. Fullerton,0,3,0.0,0.5,0.0,0.25
2018,baseball,2018-02-19,False,146.0,197482,California,1,2,0.43333,0.5,0.48148,0.4787
2018,baseball,2018-02-19,False,233.0,197487,Campbell,0,3,0.0,0.5,0.0,0.25
2018,baseball,2018-02-19,False,130.0,197488,Canisius,2,2,0.5,0.5,0.5,0.5
2018,baseball,2018-02-19,False,207.0,197724,Central Ark.,1,2,0.21212,0.5,0.33333,0.38636
2018,baseball,2018-02-19,False,,197489,Central Conn. St.,0,0,0.5,0.5,0.5,0.5
2018,baseball,2018-02-19,False,127.0,197491,Central Mich.,2,2,0.58824,0.5,0.5,0.52206
2018,baseball,2018-02-19,False,207.0,197461,Charleston So.,1,2,0.21212,0.5,0.33333,0.38636
2018,baseball,2018-02-19,False,2.0,197594,Charlotte,3,0,1.0,0.5,1.0,0.75
2018,baseball,2018-02-19,False,70.0,197492,Chicago St.,2,1,0.66667,0.5,0.66667,0.58333
2018,baseball,2018-02-19,False,76.0,197493,Cincinnati,2,1,0.76667,0.5,0.51852,0.5713
2018,baseball,2018-02-19,False,2.0,197495,Clemson,3,0,1.0,0.5,1.0,0.75
2018,baseball,2018-02-19,False,78.0,197496,Coastal Carolina,3,0,1.0,0.27778,0.71991,0.56887
2018,baseball,2018-02-19,False,2.0,197725,Col. of Charleston,3,0,1.0,0.5,1.0,0.75
2018,baseball,2018-02-19,False,,197497,Columbia,0,0,0.5,0.5,0.5,0.5
2018,baseball,2018-02-19,False,119.0,197499,Coppin St.,1,1,0.65,0.5,0.5,0.5375
2018,baseball,2018-02-19,False,,197500,Cornell,0,0,0.5,0.5,0.5,0.5
2018,baseball,2018-02-19,False,201.0,197501,Creighton,1,2,0.33333,0.5,0.33333,0.41667
2018,baseball,2018-02-19,False,2.0,197726,DBU,3,0,1.0,0.5,1.0,0.75
2018,baseball,2018-02-19,False,,197502,Dartmouth,0,0,0.5,0.5,0.5,0.5
2018,baseball,2018-02-19,False,89.0,197503,Davidson,2,1,0.51852,0.5,0.66667,0.5463
2018,baseball,2018-02-19,False,229.0,197504,Dayton,1,2,0.41667,0.16667,0.66667,0.35417
2018,baseball,2018-02-19,False,47.0,197506,Delaware,2,1,0.78788,0.5,0.66667,0.61364
2018,baseball,2018-02-19,False,159.0,197505,Delaware St.,1,2,0.48148,0.5,0.33333,0.4537
2018,baseball,2018-02-19,False,159.0,197507,Duke,1,2,0.48148,0.5,0.33333,0.4537
2018,baseball,2018-02-19,False,89.0,197509,ETSU,2,1,0.51852,0.5,0.66667,0.5463
2018,baseball,2018-02-19,False,2.0,197508,East Carolina,3,0,1.0,0.5,1.0,0.75
2018,baseball,2018-02-19,False,159.0,197510,Eastern Ill.,1,2,0.48148,0.5,0.33333,0.4537
2018,baseball,2018-02-19,False,225.0,197511,Eastern Ky.,0,3,0.0,0.5,0.45833,0.36458
2018,baseball,2018-02-19,False,233.0,197512,Eastern Mich.,0,4,0.0,0.5,0.0,0.25
2018,baseball,2018-02-19,False,233.0,197727,Elon,0,3,0.0,0.5,0.0,0.25
2018,baseball,2018-02-19,False,130.0,197513,Evansville,1,2,0.33333,0.66667,0.33333,0.5
2018,baseball,2018-02-19,False,,197515,FDU,0,0,0.5,0.5,0.5,0.5
2018,baseball,2018-02-19,False,2.0,197742,FGCU,4,0,1.0,0.5,1.0,0.75
2018,baseball,2018-02-19,False,207.0,197518,FIU,1,2,0.21212,0.5,0.33333,0.38636
2018,baseball,2018-02-19,False,,197514,Fairfield,0,0,0.5,0.5,0.5,0.5
2018,baseball,2018-02-19,False,2.0,197517,Fla. Atlantic,3,0,1.0,0.5,1.0,0.75
2018,baseball,2018-02-19,False,2.0,197520,Florida,3,0,1.0,0.5,1.0,0.75
2018,baseball,2018-02-19,False,207.0,197516,Florida A&M,1,2,0.21212,0.5,0.33333,0.38636
2018,baseball,2018-02-19,False,2.0,197519,Florida St.,3,0,1.0,0.5,1.0,0.75
2018,baseball,2018-02-19,False,200.0,197521,Fordham,1,1,0.56522,0.25,0.61111,0.41908
2018,baseball,2018-02-19,False,2.0,197476,Fresno St.,4,0,1.0,0.5,1.0,0.75
2018,baseball,2018-02-19,False,2.0,197522,Furman,3,0,1.0,0.5,1.0,0.75
2018,baseball,2018-02-19,False,159.0,197526,Ga. Southern,1,2,0.48148,0.5,0.33333,0.4537
2018,baseball,2018-02-19,False,69.0,197728,Gardner-Webb,3,1,0.825,0.5,0.53472,0.58993
2018,baseball,2018-02-19,False,227.0,197523,George Mason,0,3,0.0,0.5,0.44444,0.36111
2018,baseball,2018-02-19,False,233.0,197524,George Washington,0,3,0.0,0.5,0.0,0.25
2018,baseball,2018-02-19,False,225.0,197525,Georgetown,0,3,0.0,0.5,0.45833,0.36458
2018,baseball,2018-02-19,False,89.0,197529,Georgia,2,1,0.51852,0.5,0.66667,0.5463
2018,baseball,2018-02-19,False,68.0,197527,Georgia St.,2,1,0.51852,0.72222,0.40278,0.59144
2018,baseball,2018-02-19,False,193.0,197528,Georgia Tech,1,2,0.21212,0.55556,0.40278,0.4315
2018,baseball,2018-02-19,False,159.0,197530,Gonzaga,1,2,0.33333,0.5,0.48148,0.4537
2018,baseball,2018-02-19,False,157.0,197531,Grambling,1,2,0.33333,0.5,0.50463,0.45949
2018,baseball,2018-02-19,False,207.0,197729,Grand Canyon,1,2,0.21212,0.5,0.33333,0.38636
2018,baseball,2018-02-19,False,,197532,Hartford,0,0,0.5,0.5,0.5,0.5
2018,baseball,2018-02-19,False,,197533,Harvard,0,0,0.5,0.5,0.5,0.5
2018,baseball,2018-02-19,False,2.0,197534,Hawaii,3,0,1.0,0.5,1.0,0.75
2018,baseball,2018-02-19,False,233.0,197739,High Point,0,3,0.0,0.5,0.0,0.25
2018,baseball,2018-02-19,False,,197535,Hofstra,0,0,0.5,0.5,0.5,0.5
2018,baseball,2018-02-19,False,159.0,197536,Holy Cross,1,2,0.48148,0.5,0.33333,0.4537
2018,baseball,2018-02-19,False,89.0,197538,Houston,2,1,0.51852,0.5,0.66667,0.5463
2018,baseball,2018-02-19,False,159.0,197537,Houston Christian,1,2,0.48148,0.5,0.33333,0.4537
2018,baseball,2018-02-19,False,130.0,197540,Illinois,1,1,0.5,0.5,0.5,0.5
2018,baseball,2018-02-19,False,47.0,197539,Illinois St.,2,1,0.78788,0.5,0.66667,0.61364
2018,baseball,2018-02-19,False,143.0,197543,Indiana,2,1,0.66667,0.33333,0.60185,0.4838
2018,baseball,2018-02-19,False,149.0,197542,Indiana St.,1,2,0.37037,0.5,0.48148,0.46296
2018,baseball,2018-02-19,False,233.0,197545,Iona,0,3,0.0,0.5,0.0,0.25
2018,baseball,2018-02-19,False,43.0,197546,Iowa,3,0,1.0,0.5,0.59028,0.64757
2018,baseball,2018-02-19,False,,197547,Jackson St.,0,0,0.5,0.5,0.5,0.5
2018,baseball,2018-02-19,False,89.0,197549,Jacksonville,2,1,0.51852,0.5,0.66667,0.5463
2018,baseball,2018-02-19,False,2.0,197548,Jacksonville St.,3,0,1.0,0.5,1.0,0.75
2018,baseball,2018-02-19,False,2.0,197550,James Madison,3,0,1.0,0.5,1.0,0.75
2018,baseball,2018-02-19,False,89.0,197552,Kansas,2,1,0.51852,0.5,0.66667,0.5463
2018,baseball,2018-02-19,False,194.0,197551,Kansas St.,0,3,0.0,0.72222,0.28009,0.43113
2018,baseball,2018-02-19,False,231.0,197730,Kennesaw St.,1,3,0.15217,0.375,0.39583,0.3245
2018,baseball,2018-02-19,False,159.0,197553,Kent St.,1,2,0.48148,0.5,0.33333,0.4537
2018,baseball,2018-02-19,False,1.0,197554,Kentucky,4,0,1.0,0.75,0.69444,0.79861
2018,baseball,2018-02-19,False,201.0,197560,LIU,1,2,0.33333,0.5,0.33333,0.41667
2018,baseball,2018-02-19,False,227.0,197566,LMU (CA),0,3,0.0,0.5,0.44444,0.36111
2018,baseball,2018-02-19,False,207.0,197562,LSU,1,2,0.21212,0.5,0.33333,0.38636
2018,baseball,2018-02-19,False,119.0,197555,La Salle,2,2,0.65,0.5,0.5,0.5375
2018,baseball,2018-02-19,False,159.0,197556,Lafayette,1,2,0.48148,0.5,0.33333,0.4537
2018,baseball,2018-02-19,False,141.0,197557,Lamar University,1,2,0.21212,0.66667,0.42593,0.49285
2018,baseball,2018-02-19,False,144.0,197558,Lehigh,1,3,0.27027,0.625,0.40972,0.4825
2018,baseball,2018-02-19,False,2.0,197559,Liberty,3,0,1.0,0.5,1.0,0.75
2018,baseball,2018-02-19,False,89.0,197741,Lipscomb,2,1,0.51852,0.5,0.66667,0.5463
2018,baseball,2018-02-19,False,159.0,197457,Little Rock,1,2,0.48148,0.5,0.33333,0.4537
2018,baseball,2018-02-19,False,207.0,197478,Long Beach St.,1,2,0.21212,0.5,0.33333,0.38636
2018,baseball,2018-02-19,False,233.0,197561,Longwood,0,3,0.0,0.5,0.0,0.25
2018,baseball,2018-02-19,False,159.0,197677,Louisiana,1,2,0.48148,0.5,0.33333,0.4537
2018,baseball,2018-02-19,False,119.0,197563,Louisiana Tech,2,2,0.65,0.5,0.5,0.5375
2018,baseball,2018-02-19,False,44.0,197564,Louisville,3,0,1.0,0.5,0.55556,0.63889
2018,baseball,2018-02-19,False,233.0,197567,Maine,0,4,0.0,0.5,0.0,0.25
2018,baseball,2018-02-19,False,233.0,197568,Manhattan,0,3,0.0,0.5,0.0,0.25
2018,baseball,2018-02-19,False,233.0,197569,Marist,0,3,0.0,0.5,0.0,0.25
2018,baseball,2018-02-19,False,47.0,197570,Marshall,2,1,0.78788,0.5,0.66667,0.61364
2018,baseball,2018-02-19,False,47.0,197572,Maryland,2,1,0.78788,0.5,0.66667,0.61364
2018,baseball,2018-02-19,False,,197574,Massachusetts,0,0,0.5,0.5,0.5,0.5
2018,baseball,2018-02-19,False,233.0,197575,McNeese,0,3,0.0,0.5,0.0,0.25
2018,baseball,2018-02-19,False,89.0,197576,Memphis,2,1,0.51852,0.5,0.66667,0.5463
2018,baseball,2018-02-19,False,89.0,197577,Mercer,2,1,0.51852,0.5,0.66667,0.5463
2018,baseball,2018-02-19,False,89.0,197579,Miami (FL),2,1,0.51852,0.5,0.66667,0.5463
2018,baseball,2018-02-19,False,119.0,197578,Miami (OH),2,2,0.65,0.5,0.5,0.5375
2018,baseball,2018-02-19,False,70.0,197581,Michigan,2,1,0.66667,0.5,0.66667,0.58333
2018,baseball,2018-02-19,False,233.0,197580,Michigan St.,0,4,0.0,0.5,0.0,0.25
2018,baseball,2018-02-19,False,2.0,197582,Middle Tenn.,3,0,1.0,0.5,1.0,0.75
2018,baseball,2018-02-19,False,197.0,197719,Milwaukee,1,3,0.25,0.5,0.4375,0.42188
2018,baseball,2018-02-19,False,139.0,197583,Minnesota,2,2,0.65,0.375,0.59722,0.49931
2018,baseball,2018-02-19,False,233.0,197584,Mississippi St.,0,3,0.0,0.5,0.0,0.25
2018,baseball,2018-02-19,False,,197585,Mississippi Val.,0,0,0.5,0.5,0.5,0.5
2018,baseball,2018-02-19,False,47.0,197587,Missouri,2,1,0.78788,0.5,0.66667,0.61364
2018,baseball,2018-02-19,False,63.0,197675,Missouri St.,3,1,0.825,0.5,0.61111,0.60903
2018,baseball,2018-02-19,False,233.0,197588,Monmouth,0,3,0.0,0.5,0.0,0.25
2018,baseball,2018-02-19,False,130.0,197589,Morehead St.,2,2,0.5,0.5,0.5,0.5
2018,baseball,2018-02-19,False,,197590,Mount St. Mary's,0,0,0.5,0.5,0.5,0.5
2018,baseball,2018-02-19,False,159.0,197591,Murray St.,1,2,0.48148,0.5,0.33333,0.4537
2018,baseball,2018-02-19,False,150.0,197609,N.C. A&T,1,1,0.35,0.5,0.5,0.4625
2018,baseball,2018-02-19,False,89.0,197610,N.C. Central,2,1,0.51852,0.5,0.66667,0.5463
2018,baseball,2018-02-19,False,89.0,197611,NC State,2,1,0.51852,0.5,0.66667,0.5463
2018,baseball,2018-02-19,False,47.0,197616,NIU,2,1,0.78788,0.5,0.66667,0.61364
2018,baseball,2018-02-19,False,,197601,NJIT,0,0,0.5,0.5,0.5,0.5
2018,baseball,2018-02-19,False,125.0,197698,Navy,2,1,0.69697,0.44444,0.53241,0.52957
2018,baseball,2018-02-19,False,74.0,197597,Nebraska,3,1,0.75,0.5,0.5625,0.57812
2018,baseball,2018-02-19,False,159.0,197600,Nevada,1,2,0.48148,0.5,0.33333,0.4537
2018,baseball,2018-02-19,False,159.0,197603,New Mexico,1,2,0.33333,0.5,0.48148,0.4537
2018,baseball,2018-02-19,False,89.0,197602,New Mexico St.,2,1,0.51852,0.5,0.66667,0.5463
2018,baseball,2018-02-19,False,81.0,197604,New Orleans,2,1,0.58333,0.61111,0.4537,0.56481
2018,baseball,2018-02-19,False,,197606,Niagara,0,0,0.5,0.5,0.5,0.5
2018,baseball,2018-02-19,False,233.0,197607,Nicholls,0,3,0.0,0.5,0.0,0.25
2018,baseball,2018-02-19,False,233.0,197608,Norfolk St.,0,3,0.0,0.5,0.0,0.25
2018,baseball,2018-02-19,False,47.0,197593,North Carolina,2,1,0.78788,0.5,0.66667,0.61364
2018,baseball,2018-02-19,False,119.0,197612,North Dakota St.,2,2,0.65,0.5,0.5,0.5375
2018,baseball,2018-02-19,False,207.0,197734,North Florida,1,2,0.21212,0.5,0.33333,0.38636
2018,baseball,2018-02-19,False,70.0,197614,Northeastern,2,1,0.66667,0.5,0.66667,0.58333
2018,baseball,2018-02-19,False,119.0,197615,Northern Colo.,2,2,0.65,0.5,0.5,0.5375
2018,baseball,2018-02-19,False,159.0,197617,Northern Ky.,1,2,0.48148,0.5,0.33333,0.4537
2018,baseball,2018-02-19,False,201.0,197619,Northwestern,1,2,0.33333,0.5,0.33333,0.41667
2018,baseball,2018-02-19,False,89.0,197618,Northwestern St.,2,1,0.51852,0.5,0.66667,0.5463
2018,baseball,2018-02-19,False,47.0,197620,Notre Dame,2,1,0.78788,0.5,0.66667,0.61364
2018,baseball,2018-02-19,False,148.0,197621,Oakland,1,3,0.25,0.625,0.37153,0.46788
2018,baseball,2018-02-19,False,130.0,197623,Ohio,2,2,0.5,0.5,0.5,0.5
2018,baseball,2018-02-19,False,74.0,197622,Ohio St.,3,1,0.75,0.5,0.5625,0.57812
2018,baseball,2018-02-19,False,140.0,197625,Oklahoma,1,3,0.27027,0.66667,0.37674,0.49508
2018,baseball,2018-02-19,False,47.0,197624,Oklahoma St.,2,1,0.78788,0.5,0.66667,0.61364
2018,baseball,2018-02-19,False,192.0,197626,Old Dominion,1,2,0.33333,0.44444,0.53009,0.43808
2018,baseball,2018-02-19,False,2.0,197586,Ole Miss,3,0,1.0,0.5,1.0,0.75
2018,baseball,2018-02-19,False,70.0,197598,Omaha,2,1,0.66667,0.5,0.66667,0.58333
2018,baseball,2018-02-19,False,2.0,197627,Oral Roberts,3,0,1.0,0.5,1.0,0.75
2018,baseball,2018-02-19,False,81.0,197629,Oregon,2,1,0.74074,0.5,0.51852,0.56481
2018,baseball,2018-02-19,False,44.0,197628,Oregon St.,3,0,1.0,0.5,0.55556,0.63889
2018,baseball,2018-02-19,False,205.0,197630,Pacific,1,3,0.38235,0.5,0.25,0.40809
2018,baseball,2018-02-19,False,,197633,Penn,0,0,0.5,0.5,0.5,0.5
2018,baseball,2018-02-19,False,2.0,197632,Penn St.,3,0,1.0,0.5,1.0,0.75
2018,baseball,2018-02-19,False,150.0,197634,Pepperdine,2,2,0.35,0.5,0.5,0.4625
2018,baseball,2018-02-19,False,87.0,197635,Pittsburgh,3,1,0.75,0.41667,0.625,0.55208
2018,baseball,2018-02-19,False,233.0,197636,Portland,0,3,0.0,0.5,0.0,0.25
2018,baseball,2018-02-19,False,224.0,197637,Prairie View,0,3,0.0,0.55556,0.35648,0.3669
2018,baseball,2018-02-19,False,150.0,197731,Presbyterian,2,2,0.35,0.5,0.5,0.4625
2018,baseball,2018-02-19,False,,197638,Princeton,0,0,0.5,0.5,0.5,0.5
2018,baseball,2018-02-19,False,2.0,197639,Purdue,3,0,1.0,0.5,1.0,0.75
2018,baseball,2018-02-19,False,159.0,197544,Purdue Fort Wayne,1,2,0.48148,0.5,0.33333,0.4537
2018,baseball,2018-02-19,False,233.0,197640,Quinnipiac,0,3,0.0,0.5,0.0,0.25
2018,baseball,2018-02-19,False,47.0,197641,Radford,2,1,0.78788,0.5,0.66667,0.61364
2018,baseball,2018-02-19,False,233.0,197642,Rhode Island,0,3,0.0,0.5,0.0,0.25
2018,baseball,2018-02-19,False,84.0,197643,Rice,2,1,0.69697,0.5,0.51852,0.55387
2018,baseball,2018-02-19,False,84.0,197644,Richmond,2,1,0.69697,0.5,0.51852,0.55387
2018,baseball,2018-02-19,False,130.0,197645,Rider,2,2,0.5,0.5,0.5,0.5
2018,baseball,2018-02-19,False,159.0,197646,Rutgers,1,2,0.48148,0.5,0.33333,0.4537
2018,baseball,2018-02-19,False,230.0,197679,SFA,0,4,0.0,0.5,0.375,0.34375
2018,baseball,2018-02-19,False,159.0,197672,SIUE,1,2,0.48148,0.5,0.33333,0.4537
2018,baseball,2018-02-19,False,89.0,197480,Sacramento St.,2,1,0.51852,0.5,0.66667,0.5463
2018,baseball,2018-02-19,False,,197647,Sacred Heart,0,0,0.5,0.5,0.5,0.5
2018,baseball,2018-02-19,False,,197650,Saint Joseph's,0,0,0.5,0.5,0.5,0.5
2018,baseball,2018-02-19,False,232.0,197651,Saint Louis,1,3,0.25,0.25,0.48438,0.30859
2018,baseball,2018-02-19,False,47.0,197652,Saint Mary's (CA),2,1,0.78788,0.5,0.66667,0.61364
2018,baseball,2018-02-19,False,,197653,Saint Peter's,0,0,0.5,0.5,0.5,0.5
2018,baseball,2018-02-19,False,89.0,197654,Sam Houston,2,1,0.51852,0.5,0.66667,0.5463
2018,baseball,2018-02-19,False,147.0,197655,Samford,1,2,0.39394,0.5,0.48148,0.46886
2018,baseball,2018-02-19,False,150.0,197657,San Diego,2,2,0.35,0.5,0.5,0.4625
2018,baseball,2018-02-19,False,2.0,197656,San Diego St.,3,0,1.0,0.5,1.0,0.75
2018,baseball,2018-02-19,False,159.0,197658,San Francisco,1,2,0.48148,0.5,0.33333,0.4537
2018,baseball,2018-02-19,False,150.0,197659,San Jose St.,2,2,0.35,0.5,0.5,0.4625
2018,baseball,2018-02-19,False,207.0,197660,Santa Clara,1,2,0.21212,0.5,0.33333,0.38636
2018,baseball,2018-02-19,False,89.0,197661,Savannah St.,2,1,0.51852,0.5,0.66667,0.5463
2018,baseball,2018-02-19,False,67.0,197732,Seattle U,3,1,0.61765,0.5,0.75,0.59191
2018,baseball,2018-02-19,False,159.0,197662,Seton Hall,1,2,0.48148,0.5,0.33333,0.4537
2018,baseball,2018-02-19,False,233.0,197663,Siena,0,3,0.0,0.5,0.0,0.25
2018,baseball,2018-02-19,False,129.0,197664,South Alabama,3,1,0.75,0.33333,0.62326,0.50998
2018,baseball,2018-02-19,False,89.0,197665,South Carolina,2,1,0.51852,0.5,0.66667,0.5463
2018,baseball,2018-02-19,False,206.0,197666,South Dakota St.,0,3,0.0,0.66667,0.27778,0.40278
2018,baseball,2018-02-19,False,207.0,197667,South Fla.,1,2,0.21212,0.5,0.33333,0.38636
2018,baseball,2018-02-19,False,233.0,197668,Southeast Mo. St.,0,3,0.0,0.5,0.0,0.25
2018,baseball,2018-02-19,False,89.0,197669,Southeastern La.,2,1,0.51852,0.5,0.66667,0.5463
2018,baseball,2018-02-19,False,89.0,197670,Southern California,2,1,0.51852,0.5,0.66667,0.5463
2018,baseball,2018-02-19,False,233.0,197671,Southern Ill.,0,3,0.0,0.5,0.0,0.25
2018,baseball,2018-02-19,False,2.0,197673,Southern Miss.,3,0,1.0,0.5,1.0,0.75
2018,baseball,2018-02-19,False,199.0,197674,Southern U.,1,3,0.27027,0.5,0.41667,0.42173
2018,baseball,2018-02-19,False,,197648,St. Bonaventure,0,0,0.5,0.5,0.5,0.5
2018,baseball,2018-02-19,False,2.0,197649,St. John's (NY),3,0,1.0,0.5,1.0,0.75
2018,baseball,2018-02-19,False,2.0,197678,Stanford,3,0,1.0,0.5,1.0,0.75
2018,baseball,2018-02-19,False,2.0,197680,Stetson,3,0,1.0,0.5,1.0,0.75
2018,baseball,2018-02-19,False,2.0,197681,Stony Brook,3,0,1.0,0.5,1.0,0.75
2018,baseball,2018-02-19,False,47.0,197686,TCU,2,1,0.78788,0.5,0.66667,0.61364
2018,baseball,2018-02-19,False,207.0,197683,Tennessee,1,2,0.21212,0.5,0.33333,0.38636
2018,baseball,2018-02-19,False,89.0,197682,Tennessee Tech,2,1,0.51852,0.5,0.66667,0.5463
2018,baseball,2018-02-19,False,89.0,197690,Texas,2,1,0.51852,0.5,0.66667,0.5463
2018,baseball,2018-02-19,False,2.0,197685,Texas A&M,3,0,1.0,0.5,1.0,0.75
2018,baseball,2018-02-19,False,158.0,197687,Texas Southern,1,2,0.39394,0.5,0.42593,0.45497
2018,baseball,2018-02-19,False,207.0,197676,Texas St.,1,2,0.21212,0.5,0.33333,0.38636
2018,baseball,2018-02-19,False,2.0,197688,Texas Tech,4,0,1.0,0.5,1.0,0.75
2018,baseball,2018-02-19,False,195.0,197494,The Citadel,1,2,0.21212,0.5,0.48148,0.4234
2018,baseball,2018-02-19,False,80.0,197692,Toledo,2,2,0.5,0.66667,0.42882,0.56554
2018,baseball,2018-02-19,False,159.0,197693,Towson,1,2,0.48148,0.5,0.33333,0.4537
2018,baseball,2018-02-19,False,2.0,197694,Troy,4,0,1.0,0.5,1.0,0.75
2018,baseball,2018-02-19,False,2.0,197695,Tulane,3,0,1.0,0.5,1.0,0.75
2018,baseball,2018-02-19,False,2.0,197449,UAB,3,0,1.0,0.5,1.0,0.75
2018,baseball,2018-02-19,False,,197450,UAlbany,0,0,0.5,0.5,0.5,0.5
2018,baseball,2018-02-19,False,47.0,197483,UC Davis,2,1,0.78788,0.5,0.66667,0.61364
2018,baseball,2018-02-19,False,89.0,197484,UC Irvine,2,1,0.51852,0.5,0.66667,0.5463
2018,baseball,2018-02-19,False,130.0,197486,UC Riverside,2,2,0.5,0.5,0.5,0.5
2018,baseball,2018-02-19,False,233.0,197481,UC Santa Barbara,0,3,0.0,0.5,0.0,0.25
2018,baseball,2018-02-19,False,195.0,197490,UCF,1,2,0.21212,0.5,0.48148,0.4234
2018,baseball,2018-02-19,False,2.0,197485,UCLA,3,0,1.0,0.5,1.0,0.75
2018,baseball,2018-02-19,False,65.0,197498,UConn,2,1,0.78788,0.5,0.60185,0.59743
2018,baseball,2018-02-19,False,88.0,197541,UIC,3,1,0.81081,0.375,0.625,0.54645
2018,baseball,2018-02-19,False,150.0,197735,UIW,2,2,0.35,0.5,0.5,0.4625
2018,baseball,2018-02-19,False,89.0,197613,ULM,2,1,0.51852,0.5,0.66667,0.5463
2018,baseball,2018-02-19,False,,197571,UMBC,0,0,0.5,0.5,0.5,0.5
2018,baseball,2018-02-19,False,,197573,UMES,0,0,0.5,0.5,0.5,0.5
2018,baseball,2018-02-19,False,130.0,197565,UMass Lowell,2,2,0.5,0.5,0.5,0.5
2018,baseball,2018-02-19,False,159.0,197592,UNC Asheville,1,2,0.48148,0.5,0.33333,0.4537
2018,baseball,2018-02-19,False,89.0,197595,UNC Greensboro,2,1,0.51852,0.5,0.66667,0.5463
2018,baseball,2018-02-19,False,142.0,197596,UNCW,2,1,0.51852,0.44444,0.53241,0.48495
2018,baseball,2018-02-19,False,44.0,197599,UNLV,3,0,1.0,0.5,0.55556,0.63889
2018,baseball,2018-02-19,False,86.0,197737,USC Upstate,1,2,0.21212,0.83333,0.33333,0.55303
2018,baseball,2018-02-19,False,207.0,197689,UT Arlington,1,2,0.21212,0.5,0.33333,0.38636
2018,baseball,2018-02-19,False,233.0,197684,UT Martin,0,4,0.0,0.5,0.0,0.25
2018,baseball,2018-02-19,False,41.0,197631,UTRGV,4,0,1.0,0.5,0.625,0.65625
2018,baseball,2018-02-19,False,89.0,197691,UTSA,2,1,0.51852,0.5,0.66667,0.5463
2018,baseball,2018-02-19,False,233.0,197699,Utah,0,3,0.0,0.5,0.0,0.25
2018,baseball,2018-02-19,False,159.0,197743,Utah Valley,1,2,0.48148,0.5,0.33333,0.4537
2018,baseball,2018-02-19,False,233.0,197703,VCU,0,3,0.0,0.5,0.0,0.25
2018,baseball,2018-02-19,False,159.0,197704,VMI,1,2,0.48148,0.5,0.33333,0.4537
2018,baseball,2018-02-19,False,233.0,197700,Valparaiso,0,3,0.0,0.5,0.0,0.25
2018,baseball,2018-02-19,False,89.0,197701,Vanderbilt,2,1,0.51852,0.5,0.66667,0.5463
2018,baseball,2018-02-19,False,2.0,197702,Villanova,3,0,1.0,0.5,1.0,0.75
2018,baseball,2018-02-19,False,81.0,197706,Virginia,2,1,0.74074,0.5,0.51852,0.56481
2018,baseball,2018-02-19,False,126.0,197705,Virginia Tech,1,2,0.37037,0.66667,0.39815,0.52546
2018,baseball,2018-02-19,False,159.0,197707,Wagner,1,2,0.48148,0.5,0.33333,0.4537
2018,baseball,2018-02-19,False,128.0,197708,Wake Forest,2,2,0.35,0.625,0.47222,0.51806
2018,baseball,2018-02-19,False,159.0,197710,Washington,1,2,0.48148,0.5,0.33333,0.4537
2018,baseball,2018-02-19,False,197.0,197709,Washington St.,1,3,0.25,0.5,0.4375,0.42188
2018,baseball,2018-02-19,False,159.0,197711,West Virginia,1,2,0.48148,0.5,0.33333,0.4537
2018,baseball,2018-02-19,False,233.0,197712,Western Caro.,0,3,0.0,0.5,0.0,0.25
2018,baseball,2018-02-19,False,233.0,197713,Western Ill.,0,3,0.0,0.5,0.0,0.25
2018,baseball,2018-02-19,False,159.0,197714,Western Ky.,1,2,0.48148,0.5,0.33333,0.4537
2018,baseball,2018-02-19,False,233.0,197715,Western Mich.,0,3,0.0,0.5,0.0,0.25
2018,baseball,2018-02-19,False,2.0,197716,Wichita St.,3,0,1.0,0.5,1.0,0.75
2018,baseball,2018-02-19,False,233.0,197717,William & Mary,0,3,0.0,0.5,0.0,0.25
2018,baseball,2018-02-19,False,233.0,197718,Winthrop,0,3,0.0,0.5,0.0,0.25
2018,baseball,2018-02-19,False,207.0,197736,Wofford,1,2,0.21212,0.5,0.33333,0.38636
2018,baseball,2018-02-19,False,233.0,197720,Wright St.,0,3,0.0,0.5,0.0,0.25
2018,baseball,2018-02-19,False,233.0,197721,Xavier,0,3,0.0,0.5,0.0,0.25
2018,baseball,2018-02-19,False,,197722,Yale,0,0,0.5,0.5,0.5,0.5
2018,baseball,2018-02-19,False,159.0,197723,Youngstown St.,1,2,0.48148,0.5,0.33333,0.4537
2018,baseball,2018-02-26,False,11.0,197740,A&M-Corpus Christi,6,1,0.89552,0.67347,0.6123,0.71369
2018,baseball,2018-02-26,False,40.0,197445,Abilene Christian,5,1,0.72917,0.625,0.56696,0.63653
2018,baseball,2018-02-26,False,218.0,197696,Air Force,1,5,0.19608,0.58333,0.36012,0.43072
2018,baseball,2018-02-26,False,21.0,197448,Alabama,7,0,1.0,0.55238,0.63511,0.68497
2018,baseball,2018-02-26,False,254.0,197446,Alabama A&M,3,4,0.28767,0.4,0.42517,0.37821
2018,baseball,2018-02-26,False,101.0,197447,Alabama St.,5,3,0.57746,0.50893,0.54813,0.53586
2018,baseball,2018-02-26,False,104.0,197451,Alcorn,4,4,0.5974,0.48125,0.57056,0.53262
2018,baseball,2018-02-26,False,103.0,197452,App State,2,4,0.48148,0.625,0.40306,0.53364
2018,baseball,2018-02-26,False,170.0,197454,Arizona,4,3,0.56364,0.35476,0.6008,0.46849
2018,baseball,2018-02-26,False,168.0,197453,Arizona St.,3,4,0.28767,0.64286,0.31317,0.47164
2018,baseball,2018-02-26,False,79.0,197733,Ark.-Pine Bluff,2,1,0.66667,0.57143,0.48041,0.57248
2018,baseball,2018-02-26,False,127.0,197456,Arkansas,5,2,0.72131,0.36905,0.57499,0.5086
2018,baseball,2018-02-26,False,251.0,197455,Arkansas St.,2,2,0.35,0.32143,0.5558,0.38717
2018,baseball,2018-02-26,False,253.0,197697,Army West Point,3,4,0.51429,0.27143,0.46514,0.38057
2018,baseball,2018-02-26,False,43.0,197458,Auburn,8,0,1.0,0.40476,0.70408,0.6284
2018,baseball,2018-02-26,False,110.0,197459,Austin Peay,6,1,0.79688,0.32381,0.65262,0.52428
2018,baseball,2018-02-26,False,2.0,197468,BYU,5,3,0.75581,1.0,0.39286,0.78717
2018,baseball,2018-02-26,False,157.0,197460,Ball St.,3,4,0.44776,0.48503,0.51175,0.4824
2018,baseball,2018-02-26,False,54.0,197462,Baylor,3,3,0.5,0.7,0.53182,0.60795
2018,baseball,2018-02-26,False,260.0,197738,Belmont,3,4,0.31343,0.26259,0.60265,0.36031
2018,baseball,2018-02-26,False,161.0,197463,Bethune-Cookman,3,5,0.36486,0.56339,0.4303,0.48049
2018,baseball,2018-02-26,False,63.0,197464,Binghamton,2,4,0.48148,0.75,0.40689,0.59709
2018,baseball,2018-02-26,False,53.0,197465,Boston College,3,3,0.57143,0.69167,0.4811,0.60897
2018,baseball,2018-02-26,False,274.0,197466,Bowling Green,2,5,0.42623,0.21429,0.45102,0.32646
2018,baseball,2018-02-26,False,92.0,197467,Bradley,5,1,0.88889,0.31746,0.66582,0.54741
2018,baseball,2018-02-26,False,,197469,Brown,0,0,0.5,0.5,0.5,0.5
2018,baseball,2018-02-26,False,249.0,197470,Bryant,0,6,0.0,0.625,0.31087,0.39022
2018,baseball,2018-02-26,False,262.0,197471,Bucknell,0,6,0.0,0.5,0.41652,0.35413
2018,baseball,2018-02-26,False,93.0,197473,Butler,8,0,1.0,0.225,0.72608,0.54402
2018,baseball,2018-02-26,False,281.0,197475,CSU Bakersfield,2,6,0.20588,0.25,0.44997,0.28896
2018,baseball,2018-02-26,False,232.0,197479,CSUN,4,3,0.41791,0.28571,0.67347,0.4157
2018,baseball,2018-02-26,False,126.0,197474,Cal Poly,3,4,0.42857,0.52857,0.55166,0.50934
2018,baseball,2018-02-26,False,160.0,197477,Cal St. Fullerton,1,6,0.10448,0.77143,0.27747,0.4812
2018,baseball,2018-02-26,False,58.0,197482,California,5,2,0.7069,0.55918,0.56935,0.59865
2018,baseball,2018-02-26,False,159.0,197487,Campbell,2,5,0.17722,0.68639,0.37573,0.48143
2018,baseball,2018-02-26,False,116.0,197488,Canisius,5,2,0.74684,0.35476,0.625,0.52034
2018,baseball,2018-02-26,False,247.0,197724,Central Ark.,2,4,0.21212,0.45833,0.43981,0.39215
2018,baseball,2018-02-26,False,186.0,197489,Central Conn. St.,1,2,0.33333,0.5,0.5,0.45833
2018,baseball,2018-02-26,False,264.0,197491,Central Mich.,2,5,0.36364,0.25,0.51312,0.34419
2018,baseball,2018-02-26,False,194.0,197461,Charleston So.,3,4,0.45205,0.39048,0.57658,0.4524
2018,baseball,2018-02-26,False,69.0,197594,Charlotte,3,4,0.42857,0.72959,0.44728,0.58376
2018,baseball,2018-02-26,False,138.0,197492,Chicago St.,4,3,0.57143,0.42857,0.56901,0.49939
2018,baseball,2018-02-26,False,48.0,197493,Cincinnati,2,4,0.45098,0.75794,0.49339,0.61506
2018,baseball,2018-02-26,False,12.0,197495,Clemson,7,0,1.0,0.58571,0.64381,0.70381
2018,baseball,2018-02-26,False,78.0,197496,Coastal Carolina,7,2,0.67901,0.54497,0.52384,0.5732
2018,baseball,2018-02-26,False,148.0,197725,Col. of Charleston,5,2,0.57377,0.42143,0.55003,0.49166
2018,baseball,2018-02-26,False,202.0,197497,Columbia,0,4,0.0,0.75,0.27976,0.44494
2018,baseball,2018-02-26,False,272.0,197499,Coppin St.,1,4,0.2766,0.29333,0.45697,0.33006
2018,baseball,2018-02-26,False,105.0,197500,Cornell,0,3,0.0,1.0,0.12245,0.53061
2018,baseball,2018-02-26,False,76.0,197501,Creighton,4,2,0.71014,0.5,0.58929,0.57486
2018,baseball,2018-02-26,False,30.0,197726,DBU,3,3,0.5,0.83333,0.44232,0.65225
2018,baseball,2018-02-26,False,263.0,197502,Dartmouth,0,3,0.0,0.5,0.39796,0.34949
2018,baseball,2018-02-26,False,237.0,197503,Davidson,6,1,0.76364,0.06122,0.74639,0.40812
2018,baseball,2018-02-26,False,278.0,197504,Dayton,1,5,0.22222,0.26944,0.46318,0.30607
2018,baseball,2018-02-26,False,100.0,197506,Delaware,2,4,0.48148,0.625,0.42219,0.53842
2018,baseball,2018-02-26,False,268.0,197505,Delaware St.,2,2,0.58824,0.125,0.51531,0.33839
2018,baseball,2018-02-26,False,59.0,197507,Duke,5,2,0.74545,0.54762,0.55386,0.59864
2018,baseball,2018-02-26,False,145.0,197509,ETSU,3,3,0.5,0.5,0.48214,0.49554
2018,baseball,2018-02-26,False,89.0,197508,East Carolina,6,1,0.84375,0.32619,0.72364,0.55494
2018,baseball,2018-02-26,False,10.0,197510,Eastern Ill.,4,2,0.78788,0.75,0.5676,0.71387
2018,baseball,2018-02-26,False,190.0,197511,Eastern Ky.,1,6,0.21311,0.61905,0.37136,0.45564
2018,baseball,2018-02-26,False,229.0,197512,Eastern Mich.,1,7,0.20968,0.59524,0.275,0.41879
2018,baseball,2018-02-26,False,276.0,197727,Elon,2,6,0.15217,0.36607,0.41462,0.32473
2018,baseball,2018-02-26,False,271.0,197513,Evansville,1,5,0.19608,0.34286,0.45507,0.33422
2018,baseball,2018-02-26,False,284.0,197515,FDU,0,3,0.0,0.38889,0.3665,0.28607
2018,baseball,2018-02-26,False,82.0,197742,FGCU,6,1,0.76364,0.42857,0.64621,0.56675
2018,baseball,2018-02-26,False,120.0,197518,FIU,3,3,0.35,0.6,0.50942,0.51486
2018,baseball,2018-02-26,False,288.0,197514,Fairfield,0,3,0.0,0.25,0.46939,0.24235
2018,baseball,2018-02-26,False,27.0,197517,Fla. Atlantic,6,1,0.85714,0.55102,0.68782,0.66175
2018,baseball,2018-02-26,False,77.0,197520,Florida,7,1,0.89706,0.36607,0.66936,0.57464
2018,baseball,2018-02-26,False,130.0,197516,Florida A&M,4,5,0.36559,0.62963,0.40491,0.50744
2018,baseball,2018-02-26,False,4.0,197519,Florida St.,7,0,1.0,0.73571,0.62901,0.77511
2018,baseball,2018-02-26,False,235.0,197521,Fordham,3,3,0.57895,0.29167,0.47933,0.4104
2018,baseball,2018-02-26,False,60.0,197476,Fresno St.,7,2,0.71014,0.53704,0.61004,0.59856
2018,baseball,2018-02-26,False,174.0,197522,Furman,3,4,0.42857,0.48571,0.46273,0.46568
2018,baseball,2018-02-26,False,8.0,197526,Ga. Southern,4,3,0.55738,0.91667,0.51603,0.72669
2018,baseball,2018-02-26,False,143.0,197728,Gardner-Webb,7,1,0.89706,0.18333,0.72334,0.49677
2018,baseball,2018-02-26,False,139.0,197523,George Mason,0,7,0.0,0.86667,0.26093,0.49857
2018,baseball,2018-02-26,False,82.0,197524,George Washington,1,5,0.27083,0.875,0.24617,0.56675
2018,baseball,2018-02-26,False,246.0,197525,Georgetown,0,6,0.0,0.66548,0.24454,0.39387
2018,baseball,2018-02-26,False,15.0,197529,Georgia,6,1,0.78689,0.72449,0.54993,0.69645
2018,baseball,2018-02-26,False,44.0,197527,Georgia St.,4,3,0.45902,0.8119,0.42238,0.6263
2018,baseball,2018-02-26,False,28.0,197528,Georgia Tech,5,2,0.61194,0.725,0.57817,0.66003
2018,baseball,2018-02-26,False,72.0,197530,Gonzaga,3,4,0.49254,0.67381,0.48901,0.58229
2018,baseball,2018-02-26,False,191.0,197531,Grambling,4,4,0.52113,0.37302,0.55252,0.45492
2018,baseball,2018-02-26,False,184.0,197729,Grand Canyon,2,5,0.24286,0.57993,0.43579,0.45963
2018,baseball,2018-02-26,False,150.0,197532,Hartford,0,3,0.0,0.8,0.35714,0.48929
2018,baseball,2018-02-26,False,200.0,197533,Harvard,1,3,0.38235,0.5,0.40402,0.44659
2018,baseball,2018-02-26,False,65.0,197534,Hawaii,5,2,0.57377,0.57143,0.66327,0.59497
2018,baseball,2018-02-26,False,198.0,197739,High Point,4,3,0.46575,0.42857,0.46941,0.44808
2018,baseball,2018-02-26,False,230.0,197535,Hofstra,2,2,0.65,0.25,0.52381,0.41845
2018,baseball,2018-02-26,False,248.0,197536,Holy Cross,1,5,0.2549,0.47778,0.35127,0.39043
2018,baseball,2018-02-26,False,270.0,197538,Houston,4,2,0.66667,0.0,0.67063,0.33433
2018,baseball,2018-02-26,False,112.0,197537,Houston Christian,3,5,0.48529,0.56667,0.47557,0.52355
2018,baseball,2018-02-26,False,107.0,197540,Illinois,3,3,0.55,0.52381,0.52119,0.5297
2018,baseball,2018-02-26,False,13.0,197539,Illinois St.,3,3,0.65,0.83333,0.48661,0.70082
2018,baseball,2018-02-26,False,29.0,197543,Indiana,6,1,0.86301,0.64881,0.47623,0.65922
2018,baseball,2018-02-26,False,50.0,197542,Indiana St.,5,2,0.78481,0.63333,0.38988,0.61034
2018,baseball,2018-02-26,False,265.0,197545,Iona,2,4,0.42593,0.22222,0.49721,0.3419
2018,baseball,2018-02-26,False,98.0,197546,Iowa,5,1,0.84127,0.36905,0.58271,0.54052
2018,baseball,2018-02-26,False,252.0,197547,Jackson St.,3,2,0.50943,0.18095,0.67187,0.3858
2018,baseball,2018-02-26,False,146.0,197549,Jacksonville,4,3,0.59701,0.38265,0.61217,0.49362
2018,baseball,2018-02-26,False,91.0,197548,Jacksonville St.,5,2,0.63636,0.5102,0.54533,0.55052
2018,baseball,2018-02-26,False,1.0,197550,James Madison,5,2,0.72603,0.95833,0.55211,0.7987
2018,baseball,2018-02-26,False,147.0,197552,Kansas,4,2,0.51852,0.5,0.45238,0.49272
2018,baseball,2018-02-26,False,87.0,197551,Kansas St.,4,4,0.59036,0.56994,0.50454,0.55869
2018,baseball,2018-02-26,False,136.0,197730,Kennesaw St.,4,4,0.35,0.57917,0.49787,0.50155
2018,baseball,2018-02-26,False,16.0,197553,Kent St.,4,2,0.78788,0.77778,0.43325,0.69417
2018,baseball,2018-02-26,False,96.0,197554,Kentucky,7,1,0.84337,0.35417,0.61653,0.54206
2018,baseball,2018-02-26,False,125.0,197560,LIU,2,4,0.40351,0.625,0.38804,0.51039
2018,baseball,2018-02-26,False,227.0,197566,LMU (CA),1,6,0.09589,0.59864,0.3869,0.42002
2018,baseball,2018-02-26,False,97.0,197562,LSU,4,3,0.41791,0.61735,0.5138,0.5416
2018,baseball,2018-02-26,False,238.0,197555,La Salle,3,4,0.58209,0.25714,0.53401,0.4076
2018,baseball,2018-02-26,False,118.0,197556,Lafayette,1,5,0.27083,0.75,0.29974,0.51764
2018,baseball,2018-02-26,False,213.0,197557,Lamar University,3,5,0.2625,0.54167,0.4048,0.43766
2018,baseball,2018-02-26,False,212.0,197558,Lehigh,2,5,0.35938,0.5119,0.36997,0.43829
2018,baseball,2018-02-26,False,55.0,197559,Liberty,6,1,0.76364,0.51905,0.62252,0.60606
2018,baseball,2018-02-26,False,244.0,197741,Lipscomb,3,4,0.31343,0.35952,0.55564,0.39703
2018,baseball,2018-02-26,False,113.0,197457,Little Rock,4,3,0.59701,0.48571,0.51984,0.52207
2018,baseball,2018-02-26,False,180.0,197478,Long Beach St.,2,5,0.27397,0.61905,0.33163,0.46093
2018,baseball,2018-02-26,False,34.0,197561,Longwood,2,4,0.29167,1.0,0.29613,0.64695
2018,baseball,2018-02-26,False,273.0,197677,Louisiana,2,5,0.29851,0.29592,0.41636,0.32668
2018,baseball,2018-02-26,False,206.0,197563,Louisiana Tech,5,3,0.63514,0.27083,0.58546,0.44057
2018,baseball,2018-02-26,False,61.0,197564,Louisville,7,0,1.0,0.37143,0.65015,0.59825
2018,baseball,2018-02-26,False,102.0,197567,Maine,2,6,0.29412,0.75,0.34209,0.53405
2018,baseball,2018-02-26,False,277.0,197568,Manhattan,0,6,0.0,0.5,0.2551,0.31378
2018,baseball,2018-02-26,False,289.0,197569,Marist,0,5,0.0,0.26667,0.41357,0.23673
2018,baseball,2018-02-26,False,119.0,197570,Marshall,4,2,0.78788,0.35,0.58234,0.51756
2018,baseball,2018-02-26,False,201.0,197572,Maryland,3,4,0.45205,0.42857,0.47517,0.44609
2018,baseball,2018-02-26,False,,197574,Massachusetts,0,0,0.5,0.5,0.5,0.5
2018,baseball,2018-02-26,False,209.0,197575,McNeese,1,6,0.17808,0.61735,0.34537,0.43954
2018,baseball,2018-02-26,False,162.0,197576,Memphis,2,5,0.19178,0.62857,0.46501,0.47848
2018,baseball,2018-02-26,False,114.0,197577,Mercer,6,2,0.61765,0.44464,0.5786,0.52138
2018,baseball,2018-02-26,False,140.0,197579,Miami (FL),3,4,0.28767,0.65306,0.39892,0.49818
2018,baseball,2018-02-26,False,211.0,197578,Miami (OH),5,3,0.71084,0.23333,0.57637,0.43847
2018,baseball,2018-02-26,False,193.0,197581,Michigan,2,4,0.35088,0.51389,0.43632,0.45374
2018,baseball,2018-02-26,False,173.0,197580,Michigan St.,2,5,0.42623,0.51429,0.41171,0.46663
2018,baseball,2018-02-26,False,239.0,197582,Middle Tenn.,4,3,0.45902,0.32381,0.52298,0.4074
2018,baseball,2018-02-26,False,215.0,197719,Milwaukee,2,5,0.34328,0.45714,0.47864,0.43405
2018,baseball,2018-02-26,False,41.0,197583,Minnesota,5,2,0.8,0.60952,0.52669,0.63644
2018,baseball,2018-02-26,False,134.0,197584,Mississippi St.,3,4,0.54098,0.5119,0.44743,0.50306
2018,baseball,2018-02-26,False,279.0,197585,Mississippi Val.,0,4,0.0,0.5,0.21429,0.30357
2018,baseball,2018-02-26,False,35.0,197587,Missouri,5,3,0.68605,0.64583,0.60826,0.64649
2018,baseball,2018-02-26,False,141.0,197675,Missouri St.,4,2,0.76667,0.32778,0.57011,0.49808
2018,baseball,2018-02-26,False,241.0,197588,Monmouth,2,4,0.35417,0.35,0.55943,0.4034
2018,baseball,2018-02-26,False,108.0,197589,Morehead St.,5,3,0.68605,0.43125,0.56803,0.52914
2018,baseball,2018-02-26,False,228.0,197590,Mount St. Mary's,1,2,0.25926,0.47222,0.47342,0.41928
2018,baseball,2018-02-26,False,175.0,197591,Murray St.,3,3,0.61111,0.38889,0.46964,0.46463
2018,baseball,2018-02-26,False,261.0,197609,N.C. A&T,3,4,0.31343,0.30102,0.50905,0.35613
2018,baseball,2018-02-26,False,6.0,197610,N.C. Central,5,2,0.63636,0.91667,0.59223,0.76548
2018,baseball,2018-02-26,False,52.0,197611,NC State,7,1,0.79032,0.53125,0.58415,0.60924
2018,baseball,2018-02-26,False,169.0,197616,NIU,3,4,0.58209,0.42857,0.44218,0.47035
2018,baseball,2018-02-26,False,267.0,197601,NJIT,0,3,0.0,0.5,0.35918,0.3398
2018,baseball,2018-02-26,False,219.0,197698,Navy,4,2,0.68254,0.21429,0.60334,0.42861
2018,baseball,2018-02-26,False,109.0,197597,Nebraska,5,3,0.625,0.43333,0.60788,0.52489
2018,baseball,2018-02-26,False,42.0,197600,Nevada,3,3,0.65,0.73611,0.4068,0.63226
2018,baseball,2018-02-26,False,85.0,197603,New Mexico,4,3,0.5082,0.61905,0.51227,0.56464
2018,baseball,2018-02-26,False,245.0,197602,New Mexico St.,5,2,0.63636,0.14286,0.66356,0.39641
2018,baseball,2018-02-26,False,149.0,197604,New Orleans,4,4,0.39437,0.54643,0.47858,0.49145
2018,baseball,2018-02-26,False,282.0,197606,Niagara,1,2,0.48148,0.0,0.66667,0.28704
2018,baseball,2018-02-26,False,155.0,197607,Nicholls,1,6,0.09211,0.7619,0.3329,0.4872
2018,baseball,2018-02-26,False,292.0,197608,Norfolk St.,0,6,0.0,0.17222,0.37868,0.18078
2018,baseball,2018-02-26,False,71.0,197593,North Carolina,3,5,0.40449,0.77083,0.38563,0.58295
2018,baseball,2018-02-26,False,25.0,197612,North Dakota St.,4,3,0.65714,0.75,0.52806,0.6713
2018,baseball,2018-02-26,False,255.0,197734,North Florida,3,4,0.31343,0.31633,0.56318,0.37732
2018,baseball,2018-02-26,False,17.0,197614,Northeastern,4,3,0.57143,0.85714,0.48469,0.6926
2018,baseball,2018-02-26,False,121.0,197615,Northern Colo.,3,3,0.55,0.5,0.5,0.5125
2018,baseball,2018-02-26,False,188.0,197617,Northern Ky.,1,5,0.27083,0.54167,0.47534,0.45738
2018,baseball,2018-02-26,False,242.0,197619,Northwestern,2,4,0.40351,0.33333,0.54167,0.40296
2018,baseball,2018-02-26,False,142.0,197618,Northwestern St.,4,3,0.45902,0.45833,0.6137,0.49735
2018,baseball,2018-02-26,False,38.0,197620,Notre Dame,4,3,0.63014,0.70918,0.50784,0.63908
2018,baseball,2018-02-26,False,192.0,197621,Oakland,1,7,0.14706,0.675,0.32083,0.45447
2018,baseball,2018-02-26,False,286.0,197623,Ohio,4,4,0.5,0.0,0.625,0.28125
2018,baseball,2018-02-26,False,86.0,197622,Ohio St.,5,3,0.625,0.55,0.53182,0.56421
2018,baseball,2018-02-26,False,153.0,197625,Oklahoma,4,4,0.43662,0.47173,0.57118,0.48781
2018,baseball,2018-02-26,False,151.0,197624,Oklahoma St.,4,1,0.85106,0.3,0.50545,0.48913
2018,baseball,2018-02-26,False,221.0,197626,Old Dominion,3,4,0.34286,0.42517,0.51406,0.42681
2018,baseball,2018-02-26,False,5.0,197586,Ole Miss,7,0,1.0,0.73333,0.60906,0.76893
2018,baseball,2018-02-26,False,111.0,197598,Omaha,2,4,0.39216,0.66667,0.36905,0.52363
2018,baseball,2018-02-26,False,207.0,197627,Oral Roberts,4,1,0.68293,0.2,0.67905,0.44049
2018,baseball,2018-02-26,False,156.0,197629,Oregon,4,2,0.76667,0.28175,0.61494,0.48627
2018,baseball,2018-02-26,False,7.0,197628,Oregon St.,8,0,1.0,0.74167,0.51137,0.74868
2018,baseball,2018-02-26,False,233.0,197630,Pacific,3,5,0.36486,0.41667,0.45599,0.41355
2018,baseball,2018-02-26,False,167.0,197633,Penn,1,2,0.48148,0.5,0.40816,0.47241
2018,baseball,2018-02-26,False,165.0,197632,Penn St.,3,3,0.56522,0.4,0.52834,0.47339
2018,baseball,2018-02-26,False,231.0,197634,Pepperdine,3,5,0.2625,0.47917,0.44855,0.41735
2018,baseball,2018-02-26,False,177.0,197635,Pittsburgh,5,2,0.72603,0.24881,0.6346,0.46456
2018,baseball,2018-02-26,False,73.0,197636,Portland,3,4,0.38182,0.75,0.43841,0.58006
2018,baseball,2018-02-26,False,185.0,197637,Prairie View,1,4,0.26,0.55556,0.46622,0.45933
2018,baseball,2018-02-26,False,214.0,197731,Presbyterian,3,6,0.31034,0.5,0.43641,0.43669
2018,baseball,2018-02-26,False,,197638,Princeton,0,0,0.5,0.5,0.5,0.5
2018,baseball,2018-02-26,False,36.0,197639,Purdue,6,1,0.85714,0.57959,0.56851,0.64621
2018,baseball,2018-02-26,False,220.0,197544,Purdue Fort Wayne,2,4,0.48148,0.375,0.47917,0.42766
2018,baseball,2018-02-26,False,123.0,197640,Quinnipiac,3,3,0.65,0.43333,0.5279,0.51114
2018,baseball,2018-02-26,False,106.0,197641,Radford,3,4,0.58209,0.55612,0.42566,0.53
2018,baseball,2018-02-26,False,64.0,197642,Rhode Island,2,5,0.42623,0.85714,0.24125,0.59544
2018,baseball,2018-02-26,False,62.0,197643,Rice,3,5,0.44118,0.79762,0.35324,0.59741
2018,baseball,2018-02-26,False,95.0,197644,Richmond,5,2,0.72131,0.41905,0.60957,0.54224
2018,baseball,2018-02-26,False,225.0,197645,Rider,2,3,0.42553,0.46667,0.32286,0.42043
2018,baseball,2018-02-26,False,236.0,197646,Rutgers,2,4,0.40351,0.33056,0.57611,0.41018
2018,baseball,2018-02-26,False,280.0,197679,SFA,0,6,0.0,0.38889,0.41752,0.29882
2018,baseball,2018-02-26,False,115.0,197672,SIUE,2,4,0.48148,0.6,0.40179,0.52082
2018,baseball,2018-02-26,False,222.0,197480,Sacramento St.,2,5,0.2,0.55646,0.3828,0.42393
2018,baseball,2018-02-26,False,259.0,197647,Sacred Heart,1,2,0.39394,0.34444,0.36451,0.36184
2018,baseball,2018-02-26,False,290.0,197650,Saint Joseph's,1,3,0.38235,0.0,0.5102,0.22314
2018,baseball,2018-02-26,False,257.0,197651,Saint Louis,1,7,0.12987,0.4375,0.49644,0.37533
2018,baseball,2018-02-26,False,135.0,197652,Saint Mary's (CA),4,3,0.71233,0.34184,0.61443,0.50261
2018,baseball,2018-02-26,False,,197653,Saint Peter's,0,0,0.5,0.5,0.5,0.5
2018,baseball,2018-02-26,False,3.0,197654,Sam Houston,5,1,0.72917,0.83333,0.72487,0.78018
2018,baseball,2018-02-26,False,84.0,197655,Samford,5,3,0.55405,0.57143,0.56589,0.5657
2018,baseball,2018-02-26,False,66.0,197657,San Diego,7,2,0.67901,0.57407,0.52207,0.58731
2018,baseball,2018-02-26,False,88.0,197656,San Diego St.,5,2,0.57377,0.55952,0.52891,0.55543
2018,baseball,2018-02-26,False,217.0,197658,San Francisco,4,3,0.59701,0.25714,0.62157,0.43322
2018,baseball,2018-02-26,False,158.0,197659,San Jose St.,4,4,0.44578,0.50417,0.47494,0.48226
2018,baseball,2018-02-26,False,179.0,197660,Santa Clara,4,3,0.46575,0.39592,0.59715,0.46369
2018,baseball,2018-02-26,False,195.0,197661,Savannah St.,2,5,0.22951,0.58333,0.40802,0.45105
2018,baseball,2018-02-26,False,240.0,197732,Seattle U,5,3,0.47297,0.25,0.65625,0.40731
2018,baseball,2018-02-26,False,67.0,197662,Seton Hall,2,4,0.45098,0.75,0.39753,0.58713
2018,baseball,2018-02-26,False,203.0,197663,Siena,0,7,0.0,0.77143,0.23608,0.44473
2018,baseball,2018-02-26,False,19.0,197664,South Alabama,7,1,0.85294,0.62857,0.65264,0.69068
2018,baseball,2018-02-26,False,49.0,197665,South Carolina,6,2,0.61765,0.67857,0.4843,0.61477
2018,baseball,2018-02-26,False,234.0,197666,South Dakota St.,0,6,0.0,0.66667,0.31241,0.41144
2018,baseball,2018-02-26,False,172.0,197667,South Fla.,3,4,0.31343,0.51429,0.52903,0.46776
2018,baseball,2018-02-26,False,287.0,197668,Southeast Mo. St.,2,6,0.20588,0.22917,0.43296,0.27429
2018,baseball,2018-02-26,False,128.0,197669,Southeastern La.,5,3,0.47297,0.4881,0.5817,0.50772
2018,baseball,2018-02-26,False,23.0,197670,Southern California,6,1,0.78689,0.69048,0.52624,0.67352
2018,baseball,2018-02-26,False,216.0,197671,Southern Ill.,2,5,0.42623,0.46429,0.3801,0.43373
2018,baseball,2018-02-26,False,117.0,197673,Southern Miss.,5,2,0.63636,0.44388,0.55131,0.51886
2018,baseball,2018-02-26,False,144.0,197674,Southern U.,2,5,0.35938,0.57143,0.48114,0.49584
2018,baseball,2018-02-26,False,285.0,197648,St. Bonaventure,0,2,0.0,0.35,0.42772,0.28193
2018,baseball,2018-02-26,False,32.0,197649,St. John's (NY),7,0,1.0,0.4898,0.61852,0.64953
2018,baseball,2018-02-26,False,18.0,197678,Stanford,8,0,1.0,0.51042,0.74888,0.69243
2018,baseball,2018-02-26,False,223.0,197680,Stetson,6,1,0.76364,0.09524,0.74052,0.42366
2018,baseball,2018-02-26,False,205.0,197681,Stony Brook,6,1,0.91139,0.12857,0.5958,0.44109
2018,baseball,2018-02-26,False,199.0,197686,TCU,4,2,0.66667,0.25,0.62443,0.44777
2018,baseball,2018-02-26,False,183.0,197683,Tennessee,4,3,0.41791,0.5,0.4225,0.4601
2018,baseball,2018-02-26,False,47.0,197682,Tennessee Tech,4,2,0.51852,0.70833,0.52976,0.61624
2018,baseball,2018-02-26,False,181.0,197690,Texas,4,3,0.55738,0.38265,0.5198,0.46062
2018,baseball,2018-02-26,False,33.0,197685,Texas A&M,7,0,1.0,0.375,0.84439,0.6486
2018,baseball,2018-02-26,False,99.0,197687,Texas Southern,2,5,0.38806,0.67347,0.42531,0.54008
2018,baseball,2018-02-26,False,204.0,197676,Texas St.,3,4,0.31343,0.46939,0.52151,0.44343
2018,baseball,2018-02-26,False,9.0,197688,Texas Tech,7,0,1.0,0.59524,0.67143,0.71548
2018,baseball,2018-02-26,False,178.0,197494,The Citadel,3,3,0.35,0.52778,0.45238,0.46448
2018,baseball,2018-02-26,False,189.0,197692,Toledo,2,5,0.32787,0.57857,0.3422,0.4568
2018,baseball,2018-02-26,False,197.0,197693,Towson,1,5,0.27083,0.625,0.28061,0.45036
2018,baseball,2018-02-26,False,70.0,197694,Troy,4,4,0.5,0.66667,0.50048,0.58345
2018,baseball,2018-02-26,False,37.0,197695,Tulane,3,3,0.5,0.83333,0.40434,0.64275
2018,baseball,2018-02-26,False,57.0,197449,UAB,4,1,0.8,0.56667,0.48262,0.60399
2018,baseball,2018-02-26,False,46.0,197450,UAlbany,1,2,0.48148,0.75,0.5102,0.62292
2018,baseball,2018-02-26,False,256.0,197483,UC Davis,2,5,0.30588,0.37143,0.45281,0.37539
2018,baseball,2018-02-26,False,74.0,197484,UC Irvine,5,2,0.61194,0.52381,0.65887,0.57961
2018,baseball,2018-02-26,False,176.0,197486,UC Riverside,3,4,0.49254,0.45238,0.46119,0.46462
2018,baseball,2018-02-26,False,166.0,197481,UC Santa Barbara,2,5,0.34483,0.52976,0.48791,0.47307
2018,baseball,2018-02-26,False,131.0,197490,UCF,4,3,0.45902,0.55102,0.46866,0.50743
2018,baseball,2018-02-26,False,26.0,197485,UCLA,6,1,0.76364,0.66837,0.55794,0.66458
2018,baseball,2018-02-26,False,20.0,197498,UConn,4,2,0.78788,0.72143,0.50957,0.68508
2018,baseball,2018-02-26,False,51.0,197541,UIC,5,2,0.8,0.55408,0.53214,0.61008
2018,baseball,2018-02-26,False,94.0,197735,UIW,5,3,0.53247,0.5625,0.51355,0.54275
2018,baseball,2018-02-26,False,24.0,197613,ULM,6,1,0.76364,0.66667,0.59402,0.67275
2018,baseball,2018-02-26,False,137.0,197571,UMBC,1,2,0.37037,0.6,0.43367,0.50101
2018,baseball,2018-02-26,False,293.0,197573,UMES,0,3,0.0,0.0,0.52232,0.13058
2018,baseball,2018-02-26,False,124.0,197565,UMass Lowell,2,5,0.32787,0.6381,0.4389,0.51074
2018,baseball,2018-02-26,False,224.0,197592,UNC Asheville,2,5,0.42623,0.43571,0.38546,0.42078
2018,baseball,2018-02-26,False,164.0,197595,UNC Greensboro,4,3,0.55738,0.37755,0.59055,0.47576
2018,baseball,2018-02-26,False,129.0,197596,UNCW,5,2,0.61194,0.41837,0.58127,0.50749
2018,baseball,2018-02-26,False,14.0,197599,UNLV,7,1,0.79032,0.64167,0.7137,0.69684
2018,baseball,2018-02-26,False,196.0,197737,USC Upstate,3,4,0.28767,0.52789,0.45951,0.45074
2018,baseball,2018-02-26,False,75.0,197689,UT Arlington,2,2,0.35,0.75,0.45791,0.57698
2018,baseball,2018-02-26,False,266.0,197684,UT Martin,1,6,0.23636,0.32143,0.48506,0.34107
2018,baseball,2018-02-26,False,163.0,197631,UTRGV,5,3,0.47297,0.48542,0.46607,0.47747
2018,baseball,2018-02-26,False,68.0,197691,UTSA,2,3,0.26415,0.85,0.38122,0.58634
2018,baseball,2018-02-26,False,269.0,197699,Utah,0,7,0.0,0.5,0.34847,0.33712
2018,baseball,2018-02-26,False,90.0,197743,Utah Valley,3,4,0.58209,0.57143,0.48907,0.5535
2018,baseball,2018-02-26,False,122.0,197703,VCU,3,5,0.46479,0.54286,0.4954,0.51147
2018,baseball,2018-02-26,False,39.0,197704,VMI,5,2,0.77049,0.58095,0.61885,0.63781
2018,baseball,2018-02-26,False,81.0,197700,Valparaiso,2,4,0.45098,0.7,0.41656,0.56689
2018,baseball,2018-02-26,False,22.0,197701,Vanderbilt,7,1,0.79032,0.66964,0.57228,0.67547
2018,baseball,2018-02-26,False,171.0,197702,Villanova,3,3,0.65,0.375,0.47137,0.46784
2018,baseball,2018-02-26,False,208.0,197706,Virginia,4,3,0.50746,0.32993,0.59184,0.43979
2018,baseball,2018-02-26,False,133.0,197705,Virginia Tech,2,5,0.3125,0.61939,0.46454,0.50395
2018,baseball,2018-02-26,False,80.0,197707,Wagner,3,2,0.70213,0.58333,0.40675,0.56889
2018,baseball,2018-02-26,False,152.0,197708,Wake Forest,3,5,0.36486,0.61667,0.35727,0.48887
2018,baseball,2018-02-26,False,250.0,197710,Washington,4,3,0.59701,0.21429,0.5328,0.3896
2018,baseball,2018-02-26,False,132.0,197709,Washington St.,2,6,0.31081,0.64167,0.42747,0.5054
2018,baseball,2018-02-26,False,210.0,197711,West Virginia,2,5,0.35938,0.45476,0.48763,0.43913
2018,baseball,2018-02-26,False,226.0,197712,Western Caro.,1,6,0.10448,0.63776,0.30138,0.42034
2018,baseball,2018-02-26,False,291.0,197713,Western Ill.,0,5,0.0,0.25,0.36599,0.2165
2018,baseball,2018-02-26,False,154.0,197714,Western Ky.,5,3,0.60294,0.39583,0.55591,0.48763
2018,baseball,2018-02-26,False,182.0,197715,Western Mich.,2,4,0.35088,0.52183,0.44777,0.46058
2018,baseball,2018-02-26,False,31.0,197716,Wichita St.,6,0,1.0,0.45833,0.6841,0.65019
2018,baseball,2018-02-26,False,258.0,197717,William & Mary,1,7,0.0875,0.47321,0.42992,0.36596
2018,baseball,2018-02-26,False,56.0,197718,Winthrop,3,5,0.375,0.80952,0.42997,0.606
2018,baseball,2018-02-26,False,243.0,197736,Wofford,3,4,0.28767,0.39626,0.52459,0.4012
2018,baseball,2018-02-26,False,275.0,197720,Wright St.,2,4,0.48148,0.125,0.57185,0.32583
2018,baseball,2018-02-26,False,45.0,197721,Xavier,3,4,0.5625,0.74405,0.45355,0.62604
2018,baseball,2018-02-26,False,283.0,197722,Yale,0,4,0.0,0.34167,0.4629,0.28656
2018,baseball,2018-02-26,False,187.0,197723,Youngstown St.,1,5,0.27083,0.625,0.31165,0.45812
2018,baseball,2018-03-05,False,60.0,197740,A&M-Corpus Christi,10,2,0.81481,0.4541,0.56141,0.57111
2018,baseball,2018-03-05,False,129.0,197445,Abilene Christian,9,1,0.82895,0.26389,0.70178,0.51463
2018,baseball,2018-03-05,False,203.0,197696,Air Force,2,8,0.27059,0.60325,0.36501,0.46052
2018,baseball,2018-03-05,False,32.0,197448,Alabama,10,2,0.85417,0.51003,0.52746,0.60042
2018,baseball,2018-03-05,False,269.0,197446,Alabama A&M,3,9,0.16667,0.50609,0.40057,0.39485
2018,baseball,2018-03-05,False,128.0,197447,Alabama St.,8,4,0.62626,0.45378,0.5248,0.51466
2018,baseball,2018-03-05,False,217.0,197451,Alcorn,4,8,0.42593,0.43986,0.50567,0.45283
2018,baseball,2018-03-05,False,101.0,197452,App State,4,6,0.46,0.63083,0.41211,0.53344
2018,baseball,2018-03-05,False,152.0,197454,Arizona,5,6,0.42697,0.50195,0.54431,0.49379
2018,baseball,2018-03-05,False,78.0,197453,Arizona St.,6,6,0.4,0.68095,0.45953,0.55536
2018,baseball,2018-03-05,False,156.0,197733,Ark.-Pine Bluff,4,4,0.47887,0.48949,0.50799,0.49146
2018,baseball,2018-03-05,False,62.0,197456,Arkansas,9,3,0.70588,0.51711,0.53712,0.5693
2018,baseball,2018-03-05,False,159.0,197455,Arkansas St.,5,3,0.5875,0.38826,0.59681,0.49021
2018,baseball,2018-03-05,False,134.0,197697,Army West Point,6,4,0.66,0.4075,0.57518,0.51255
2018,baseball,2018-03-05,False,5.0,197458,Auburn,12,0,1.0,0.51318,0.63895,0.66633
2018,baseball,2018-03-05,False,71.0,197459,Austin Peay,8,3,0.66327,0.48734,0.61215,0.56252
2018,baseball,2018-03-05,False,6.0,197468,BYU,5,6,0.60748,0.85065,0.34872,0.66438
2018,baseball,2018-03-05,False,186.0,197460,Ball St.,4,6,0.42553,0.48414,0.49864,0.47311
2018,baseball,2018-03-05,False,89.0,197462,Baylor,4,5,0.44048,0.63622,0.45901,0.54298
2018,baseball,2018-03-05,False,282.0,197738,Belmont,3,8,0.17647,0.38079,0.50274,0.3602
2018,baseball,2018-03-05,False,163.0,197463,Bethune-Cookman,4,9,0.25564,0.64516,0.40835,0.48858
2018,baseball,2018-03-05,False,127.0,197464,Binghamton,3,6,0.48148,0.58333,0.41125,0.51485
2018,baseball,2018-03-05,False,97.0,197465,Boston College,4,5,0.49462,0.61083,0.42968,0.53649
2018,baseball,2018-03-05,False,270.0,197466,Bowling Green,3,9,0.35294,0.36924,0.476,0.39185
2018,baseball,2018-03-05,False,38.0,197467,Bradley,8,1,0.93137,0.43876,0.55599,0.59122
2018,baseball,2018-03-05,False,40.0,197469,Brown,3,1,0.84783,0.45455,0.59192,0.58721
2018,baseball,2018-03-05,False,207.0,197470,Bryant,2,7,0.27778,0.55617,0.44309,0.4583
2018,baseball,2018-03-05,False,167.0,197471,Bucknell,2,7,0.34667,0.59722,0.40752,0.48716
2018,baseball,2018-03-05,False,49.0,197473,Butler,10,1,0.93636,0.40468,0.57771,0.58086
2018,baseball,2018-03-05,False,247.0,197475,CSU Bakersfield,5,8,0.41732,0.37954,0.50369,0.42002
2018,baseball,2018-03-05,False,181.0,197479,CSUN,8,4,0.61667,0.33366,0.63346,0.47936
2018,baseball,2018-03-05,False,208.0,197474,Cal Poly,5,7,0.37607,0.4699,0.50917,0.45626
2018,baseball,2018-03-05,False,145.0,197477,Cal St. Fullerton,3,8,0.29204,0.64289,0.42051,0.49958
2018,baseball,2018-03-05,False,66.0,197482,California,6,4,0.57955,0.59495,0.49271,0.56554
2018,baseball,2018-03-05,False,170.0,197487,Campbell,4,7,0.24779,0.63065,0.42808,0.48429
2018,baseball,2018-03-05,False,147.0,197488,Canisius,8,3,0.76,0.3334,0.56591,0.49818
2018,baseball,2018-03-05,False,223.0,197724,Central Ark.,4,6,0.28,0.52581,0.44206,0.44342
2018,baseball,2018-03-05,False,200.0,197489,Central Conn. St.,2,4,0.40351,0.47222,0.50689,0.46371
2018,baseball,2018-03-05,False,279.0,197491,Central Mich.,2,8,0.2439,0.38238,0.49101,0.37492
2018,baseball,2018-03-05,False,199.0,197461,Charleston So.,5,7,0.42063,0.47962,0.48093,0.4652
2018,baseball,2018-03-05,False,156.0,197594,Charlotte,8,4,0.68889,0.31439,0.64817,0.49146
2018,baseball,2018-03-05,False,240.0,197492,Chicago St.,4,6,0.43956,0.38114,0.49707,0.42473
2018,baseball,2018-03-05,False,174.0,197493,Cincinnati,6,5,0.55435,0.3828,0.60477,0.48118
2018,baseball,2018-03-05,False,7.0,197495,Clemson,10,1,0.9125,0.5941,0.55279,0.66337
2018,baseball,2018-03-05,False,35.0,197496,Coastal Carolina,10,3,0.66087,0.605,0.51286,0.59593
2018,baseball,2018-03-05,False,30.0,197725,Col. of Charleston,10,2,0.72917,0.5767,0.53016,0.60318
2018,baseball,2018-03-05,False,143.0,197497,Columbia,1,7,0.20968,0.6875,0.41563,0.50008
2018,baseball,2018-03-05,False,289.0,197499,Coppin St.,1,8,0.17333,0.29161,0.44364,0.30005
2018,baseball,2018-03-05,False,153.0,197500,Cornell,0,6,0.0,0.81944,0.33573,0.49366
2018,baseball,2018-03-05,False,79.0,197501,Creighton,5,4,0.64583,0.5,0.57513,0.55524
2018,baseball,2018-03-05,False,103.0,197726,DBU,6,4,0.55263,0.5099,0.54549,0.52948
2018,baseball,2018-03-05,False,180.0,197502,Dartmouth,2,4,0.39216,0.49504,0.53559,0.47946
2018,baseball,2018-03-05,False,233.0,197503,Davidson,8,3,0.61386,0.29197,0.53718,0.43375
2018,baseball,2018-03-05,False,281.0,197504,Dayton,1,7,0.16949,0.44375,0.3931,0.36252
2018,baseball,2018-03-05,False,124.0,197506,Delaware,5,4,0.62667,0.46759,0.49989,0.51544
2018,baseball,2018-03-05,False,291.0,197505,Delaware St.,2,7,0.24691,0.23611,0.46043,0.29489
2018,baseball,2018-03-05,False,29.0,197507,Duke,9,2,0.8427,0.47273,0.6258,0.60349
2018,baseball,2018-03-05,False,130.0,197509,ETSU,5,4,0.57471,0.49809,0.48616,0.51426
2018,baseball,2018-03-05,False,115.0,197508,East Carolina,8,3,0.65385,0.40882,0.60993,0.52035
2018,baseball,2018-03-05,False,17.0,197510,Eastern Ill.,5,5,0.65,0.64881,0.51647,0.61602
2018,baseball,2018-03-05,False,182.0,197511,Eastern Ky.,5,6,0.46067,0.52121,0.41332,0.4791
2018,baseball,2018-03-05,False,117.0,197512,Eastern Mich.,3,8,0.34737,0.66667,0.39758,0.51957
2018,baseball,2018-03-05,False,253.0,197727,Elon,5,7,0.35606,0.43056,0.4463,0.41587
2018,baseball,2018-03-05,False,276.0,197513,Evansville,4,5,0.43056,0.27045,0.54475,0.37905
2018,baseball,2018-03-05,False,292.0,197515,FDU,0,3,0.0,0.38485,0.37713,0.28671
2018,baseball,2018-03-05,False,53.0,197742,FGCU,8,2,0.77273,0.46143,0.61955,0.57878
2018,baseball,2018-03-05,False,135.0,197518,FIU,5,6,0.30973,0.64417,0.43163,0.50743
2018,baseball,2018-03-05,False,294.0,197514,Fairfield,1,6,0.23636,0.14286,0.57032,0.2731
2018,baseball,2018-03-05,False,4.0,197517,Fla. Atlantic,8,3,0.74699,0.72132,0.50494,0.67364
2018,baseball,2018-03-05,False,16.0,197520,Florida,12,1,0.93578,0.47729,0.5742,0.61614
2018,baseball,2018-03-05,False,218.0,197516,Florida A&M,6,9,0.33962,0.51515,0.43998,0.45248
2018,baseball,2018-03-05,False,3.0,197519,Florida St.,11,0,1.0,0.52841,0.65844,0.67882
2018,baseball,2018-03-05,False,45.0,197521,Fordham,5,4,0.65556,0.61759,0.44212,0.58322
2018,baseball,2018-03-05,False,95.0,197476,Fresno St.,8,5,0.57732,0.53205,0.51027,0.53792
2018,baseball,2018-03-05,False,125.0,197522,Furman,6,5,0.53933,0.49725,0.52748,0.51532
2018,baseball,2018-03-05,False,184.0,197526,Ga. Southern,6,6,0.47368,0.47489,0.48835,0.47796
2018,baseball,2018-03-05,False,149.0,197728,Gardner-Webb,9,2,0.78947,0.27521,0.64654,0.49661
2018,baseball,2018-03-05,False,268.0,197523,George Mason,2,8,0.14894,0.5473,0.33808,0.3954
2018,baseball,2018-03-05,False,132.0,197524,George Washington,5,6,0.46067,0.54545,0.50197,0.51339
2018,baseball,2018-03-05,False,284.0,197525,Georgetown,0,9,0.0,0.50675,0.37577,0.34731
2018,baseball,2018-03-05,False,19.0,197529,Georgia,7,4,0.61798,0.70606,0.42993,0.61501
2018,baseball,2018-03-05,False,8.0,197527,Georgia St.,7,3,0.59756,0.76201,0.52024,0.66046
2018,baseball,2018-03-05,False,14.0,197528,Georgia Tech,8,3,0.61386,0.67901,0.50973,0.62041
2018,baseball,2018-03-05,False,76.0,197530,Gonzaga,5,4,0.62222,0.55031,0.51092,0.55844
2018,baseball,2018-03-05,False,236.0,197531,Grambling,6,6,0.48571,0.34536,0.54812,0.43114
2018,baseball,2018-03-05,False,228.0,197729,Grand Canyon,3,8,0.2069,0.53851,0.47336,0.43932
2018,baseball,2018-03-05,False,166.0,197532,Hartford,1,7,0.125,0.67083,0.48412,0.4877
2018,baseball,2018-03-05,False,230.0,197533,Harvard,2,6,0.38235,0.5,0.37145,0.43845
2018,baseball,2018-03-05,False,232.0,197534,Hawaii,7,4,0.48515,0.27922,0.69752,0.43528
2018,baseball,2018-03-05,False,266.0,197739,High Point,5,6,0.43925,0.30716,0.54092,0.39862
2018,baseball,2018-03-05,False,259.0,197535,Hofstra,5,2,0.82278,0.12698,0.55701,0.40844
2018,baseball,2018-03-05,False,267.0,197536,Holy Cross,1,6,0.22414,0.45986,0.43868,0.39564
2018,baseball,2018-03-05,False,248.0,197538,Houston,5,5,0.48454,0.31091,0.57132,0.41942
2018,baseball,2018-03-05,False,183.0,197537,Houston Christian,4,8,0.45098,0.45469,0.55246,0.47821
2018,baseball,2018-03-05,False,31.0,197540,Illinois,6,3,0.7,0.6037,0.50479,0.60305
2018,baseball,2018-03-05,False,18.0,197539,Illinois St.,5,4,0.69892,0.66548,0.43091,0.6152
2018,baseball,2018-03-05,False,2.0,197543,Indiana,9,2,0.85714,0.65294,0.55919,0.68055
2018,baseball,2018-03-05,False,21.0,197542,Indiana St.,6,5,0.66372,0.67135,0.4481,0.61363
2018,baseball,2018-03-05,False,239.0,197545,Iona,2,7,0.30667,0.51358,0.36969,0.42588
2018,baseball,2018-03-05,False,61.0,197546,Iowa,8,2,0.83495,0.42617,0.58994,0.56931
2018,baseball,2018-03-05,False,100.0,197547,Jackson St.,7,2,0.73737,0.40051,0.59799,0.53409
2018,baseball,2018-03-05,False,56.0,197549,Jacksonville,7,4,0.60396,0.54978,0.60718,0.57768
2018,baseball,2018-03-05,False,104.0,197548,Jacksonville St.,8,3,0.73267,0.39865,0.58483,0.5287
2018,baseball,2018-03-05,False,68.0,197550,James Madison,7,4,0.61345,0.59773,0.45063,0.56488
2018,baseball,2018-03-05,False,133.0,197552,Kansas,8,2,0.68293,0.40071,0.56816,0.51313
2018,baseball,2018-03-05,False,80.0,197551,Kansas St.,7,4,0.67308,0.50269,0.53999,0.55461
2018,baseball,2018-03-05,False,118.0,197730,Kennesaw St.,6,7,0.33071,0.65556,0.43307,0.51872
2018,baseball,2018-03-05,False,63.0,197553,Kent St.,6,3,0.78788,0.48005,0.52572,0.56843
2018,baseball,2018-03-05,False,48.0,197554,Kentucky,11,1,0.89167,0.44112,0.55054,0.58111
2018,baseball,2018-03-05,False,151.0,197560,LIU,4,6,0.50515,0.51071,0.44944,0.49401
2018,baseball,2018-03-05,False,108.0,197566,LMU (CA),3,9,0.275,0.68608,0.4498,0.52424
2018,baseball,2018-03-05,False,83.0,197562,LSU,8,4,0.54902,0.58175,0.49538,0.55197
2018,baseball,2018-03-05,False,221.0,197555,La Salle,4,7,0.51485,0.40097,0.4779,0.44868
2018,baseball,2018-03-05,False,231.0,197556,Lafayette,5,6,0.59615,0.37727,0.39744,0.43703
2018,baseball,2018-03-05,False,172.0,197557,Lamar University,4,9,0.22047,0.67081,0.36928,0.48284
2018,baseball,2018-03-05,False,99.0,197558,Lehigh,4,6,0.50515,0.63801,0.35626,0.53436
2018,baseball,2018-03-05,False,173.0,197559,Liberty,6,5,0.50602,0.43003,0.56053,0.48165
2018,baseball,2018-03-05,False,274.0,197741,Lipscomb,6,6,0.38889,0.26883,0.61126,0.38446
2018,baseball,2018-03-05,False,146.0,197457,Little Rock,6,6,0.5,0.51174,0.46968,0.49829
2018,baseball,2018-03-05,False,85.0,197478,Long Beach St.,4,8,0.26984,0.7369,0.44595,0.5474
2018,baseball,2018-03-05,False,245.0,197561,Longwood,3,7,0.30682,0.48523,0.40533,0.42065
2018,baseball,2018-03-05,False,175.0,197677,Louisiana,4,7,0.35577,0.54663,0.47537,0.4811
2018,baseball,2018-03-05,False,120.0,197563,Louisiana Tech,7,5,0.57265,0.48681,0.52649,0.51819
2018,baseball,2018-03-05,False,84.0,197564,Louisville,11,0,1.0,0.28965,0.62235,0.55041
2018,baseball,2018-03-05,False,109.0,197567,Maine,3,8,0.34737,0.64773,0.45214,0.52374
2018,baseball,2018-03-05,False,178.0,197568,Manhattan,2,7,0.34667,0.58201,0.41071,0.48035
2018,baseball,2018-03-05,False,257.0,197569,Marist,1,7,0.20968,0.5,0.43049,0.41004
2018,baseball,2018-03-05,False,77.0,197570,Marshall,6,3,0.78788,0.42989,0.57452,0.55555
2018,baseball,2018-03-05,False,75.0,197572,Maryland,7,4,0.66387,0.53068,0.50987,0.55878
2018,baseball,2018-03-05,False,196.0,197574,Massachusetts,1,3,0.29412,0.5625,0.44521,0.46608
2018,baseball,2018-03-05,False,234.0,197575,McNeese,2,9,0.16807,0.56517,0.43259,0.43275
2018,baseball,2018-03-05,False,241.0,197576,Memphis,4,7,0.28972,0.45533,0.49718,0.42439
2018,baseball,2018-03-05,False,126.0,197577,Mercer,9,2,0.72632,0.344,0.64536,0.51492
2018,baseball,2018-03-05,False,114.0,197579,Miami (FL),5,6,0.3271,0.62857,0.49799,0.52056
2018,baseball,2018-03-05,False,81.0,197578,Miami (OH),8,3,0.76923,0.43636,0.57111,0.55327
2018,baseball,2018-03-05,False,72.0,197581,Michigan,3,8,0.33673,0.74453,0.42254,0.56208
2018,baseball,2018-03-05,False,194.0,197580,Michigan St.,3,7,0.3956,0.49667,0.4766,0.46638
2018,baseball,2018-03-05,False,227.0,197582,Middle Tenn.,6,5,0.50495,0.36983,0.51757,0.44055
2018,baseball,2018-03-05,False,257.0,197719,Milwaukee,2,8,0.25275,0.44333,0.50075,0.41004
2018,baseball,2018-03-05,False,70.0,197583,Minnesota,8,4,0.65812,0.53782,0.51958,0.56333
2018,baseball,2018-03-05,False,86.0,197584,Mississippi St.,6,5,0.64286,0.53347,0.47482,0.54615
2018,baseball,2018-03-05,False,260.0,197585,Mississippi Val.,0,8,0.0,0.68707,0.25749,0.40791
2018,baseball,2018-03-05,False,28.0,197587,Missouri,10,3,0.77686,0.5141,0.6094,0.60362
2018,baseball,2018-03-05,False,144.0,197675,Missouri St.,6,3,0.74194,0.35123,0.55442,0.49971
2018,baseball,2018-03-05,False,226.0,197588,Monmouth,3,6,0.4,0.43122,0.50192,0.44109
2018,baseball,2018-03-05,False,214.0,197589,Morehead St.,6,5,0.55462,0.34091,0.57758,0.4535
2018,baseball,2018-03-05,False,290.0,197590,Mount St. Mary's,3,5,0.35065,0.18229,0.48211,0.29934
2018,baseball,2018-03-05,False,189.0,197591,Murray St.,7,5,0.59804,0.41555,0.45613,0.47132
2018,baseball,2018-03-05,False,286.0,197609,N.C. A&T,4,7,0.24779,0.29126,0.52658,0.33922
2018,baseball,2018-03-05,False,94.0,197610,N.C. Central,9,3,0.67647,0.44907,0.57732,0.53798
2018,baseball,2018-03-05,False,52.0,197611,NC State,10,2,0.72917,0.53935,0.50998,0.57946
2018,baseball,2018-03-05,False,212.0,197616,NIU,4,7,0.51485,0.40981,0.4838,0.45457
2018,baseball,2018-03-05,False,91.0,197601,NJIT,2,5,0.42623,0.71429,0.31318,0.542
2018,baseball,2018-03-05,False,273.0,197698,Navy,8,4,0.60684,0.16457,0.60419,0.38504
2018,baseball,2018-03-05,False,74.0,197597,Nebraska,6,5,0.58879,0.57576,0.49674,0.55926
2018,baseball,2018-03-05,False,44.0,197600,Nevada,5,5,0.65,0.60179,0.48086,0.58361
2018,baseball,2018-03-05,False,176.0,197603,New Mexico,5,5,0.40426,0.50974,0.49835,0.48052
2018,baseball,2018-03-05,False,246.0,197602,New Mexico St.,8,4,0.58333,0.24167,0.6137,0.42009
2018,baseball,2018-03-05,False,160.0,197604,New Orleans,5,7,0.29915,0.60375,0.45303,0.48992
2018,baseball,2018-03-05,False,288.0,197606,Niagara,1,5,0.22807,0.24735,0.54799,0.31769
2018,baseball,2018-03-05,False,277.0,197607,Nicholls,1,10,0.06195,0.49559,0.46146,0.37865
2018,baseball,2018-03-05,False,297.0,197608,Norfolk St.,0,9,0.0,0.26451,0.34148,0.21762
2018,baseball,2018-03-05,False,36.0,197593,North Carolina,7,5,0.54701,0.71686,0.4013,0.59551
2018,baseball,2018-03-05,False,82.0,197612,North Dakota St.,6,6,0.61538,0.54906,0.49906,0.55314
2018,baseball,2018-03-05,False,225.0,197734,North Florida,5,7,0.30702,0.45739,0.54346,0.44131
2018,baseball,2018-03-05,False,12.0,197614,Northeastern,7,3,0.7,0.68387,0.46002,0.63194
2018,baseball,2018-03-05,False,148.0,197615,Northern Colo.,6,5,0.50467,0.46429,0.55541,0.49716
2018,baseball,2018-03-05,False,235.0,197617,Northern Ky.,2,9,0.29213,0.52273,0.39177,0.43234
2018,baseball,2018-03-05,False,141.0,197619,Northwestern,3,7,0.3956,0.58214,0.45036,0.50256
2018,baseball,2018-03-05,False,179.0,197618,Northwestern St.,7,4,0.62617,0.373,0.5467,0.47972
2018,baseball,2018-03-05,False,27.0,197620,Notre Dame,6,4,0.64078,0.62371,0.52794,0.60403
2018,baseball,2018-03-05,False,112.0,197621,Oakland,2,9,0.24211,0.71591,0.41447,0.5221
2018,baseball,2018-03-05,False,271.0,197623,Ohio,6,6,0.5,0.2381,0.57677,0.38824
2018,baseball,2018-03-05,False,121.0,197622,Ohio St.,7,4,0.63636,0.46869,0.49426,0.517
2018,baseball,2018-03-05,False,98.0,197625,Oklahoma,6,6,0.42857,0.5963,0.52417,0.53633
2018,baseball,2018-03-05,False,110.0,197624,Oklahoma St.,6,4,0.6383,0.48095,0.49052,0.52268
2018,baseball,2018-03-05,False,219.0,197626,Old Dominion,4,7,0.28182,0.53077,0.46247,0.45146
2018,baseball,2018-03-05,False,13.0,197586,Ole Miss,10,1,0.92135,0.51088,0.57294,0.62901
2018,baseball,2018-03-05,False,168.0,197598,Omaha,4,7,0.40816,0.55772,0.42067,0.48607
2018,baseball,2018-03-05,False,251.0,197627,Oral Roberts,6,3,0.51852,0.2716,0.60791,0.41741
2018,baseball,2018-03-05,False,20.0,197629,Oregon,7,3,0.71277,0.57705,0.58852,0.61384
2018,baseball,2018-03-05,False,9.0,197628,Oregon St.,12,0,1.0,0.5182,0.57501,0.65285
2018,baseball,2018-03-05,False,244.0,197630,Pacific,5,8,0.41732,0.38791,0.49384,0.42175
2018,baseball,2018-03-05,False,254.0,197633,Penn,1,5,0.27083,0.5,0.38619,0.41426
2018,baseball,2018-03-05,False,215.0,197632,Penn St.,3,5,0.46988,0.41146,0.52024,0.45326
2018,baseball,2018-03-05,False,211.0,197634,Pepperdine,5,7,0.36667,0.48224,0.48928,0.45511
2018,baseball,2018-03-05,False,11.0,197635,Pittsburgh,9,2,0.80769,0.58248,0.57933,0.638
2018,baseball,2018-03-05,False,272.0,197636,Portland,4,7,0.27723,0.40657,0.4604,0.38769
2018,baseball,2018-03-05,False,237.0,197637,Prairie View,2,6,0.33766,0.47374,0.43885,0.431
2018,baseball,2018-03-05,False,204.0,197731,Presbyterian,5,7,0.38596,0.48457,0.48414,0.45981
2018,baseball,2018-03-05,False,262.0,197638,Princeton,0,4,0.0,0.625,0.35968,0.40242
2018,baseball,2018-03-05,False,10.0,197639,Purdue,8,2,0.82474,0.63278,0.50668,0.64924
2018,baseball,2018-03-05,False,252.0,197544,Purdue Fort Wayne,3,7,0.44318,0.36667,0.48865,0.41629
2018,baseball,2018-03-05,False,46.0,197640,Quinnipiac,4,5,0.5977,0.68849,0.35157,0.58156
2018,baseball,2018-03-05,False,171.0,197641,Radford,3,8,0.38614,0.53912,0.46969,0.48352
2018,baseball,2018-03-05,False,138.0,197642,Rhode Island,2,8,0.31707,0.66667,0.36942,0.50496
2018,baseball,2018-03-05,False,88.0,197643,Rice,5,6,0.46316,0.64986,0.41086,0.54344
2018,baseball,2018-03-05,False,154.0,197644,Richmond,7,4,0.57426,0.42525,0.54816,0.49323
2018,baseball,2018-03-05,False,243.0,197645,Rider,4,7,0.44231,0.43409,0.37656,0.42176
2018,baseball,2018-03-05,False,162.0,197646,Rutgers,5,5,0.57732,0.40857,0.56394,0.4896
2018,baseball,2018-03-05,False,293.0,197679,SFA,0,10,0.0,0.37662,0.39092,0.28604
2018,baseball,2018-03-05,False,54.0,197672,SIUE,4,5,0.5977,0.64815,0.41909,0.57827
2018,baseball,2018-03-05,False,201.0,197480,Sacramento St.,5,6,0.37273,0.49848,0.48231,0.463
2018,baseball,2018-03-05,False,261.0,197647,Sacred Heart,2,4,0.38333,0.36258,0.51039,0.40472
2018,baseball,2018-03-05,False,278.0,197650,Saint Joseph's,2,5,0.37705,0.34072,0.44378,0.37557
2018,baseball,2018-03-05,False,205.0,197651,Saint Louis,4,7,0.31633,0.50805,0.5059,0.45958
2018,baseball,2018-03-05,False,69.0,197652,Saint Mary's (CA),6,3,0.75862,0.41667,0.66577,0.56443
2018,baseball,2018-03-05,False,263.0,197653,Saint Peter's,0,3,0.0,0.59259,0.4241,0.40232
2018,baseball,2018-03-05,False,25.0,197654,Sam Houston,7,4,0.53061,0.71648,0.46481,0.6071
2018,baseball,2018-03-05,False,164.0,197655,Samford,6,6,0.47368,0.47121,0.53636,0.48812
2018,baseball,2018-03-05,False,50.0,197657,San Diego,8,5,0.48819,0.65445,0.5252,0.58057
2018,baseball,2018-03-05,False,57.0,197656,San Diego St.,8,3,0.67327,0.53055,0.56718,0.57538
2018,baseball,2018-03-05,False,106.0,197658,San Francisco,6,4,0.66,0.44107,0.56202,0.52604
2018,baseball,2018-03-05,False,137.0,197659,San Jose St.,5,6,0.37931,0.59305,0.45671,0.50553
2018,baseball,2018-03-05,False,210.0,197660,Santa Clara,8,3,0.61386,0.30808,0.5935,0.45588
2018,baseball,2018-03-05,False,285.0,197661,Savannah St.,3,8,0.20792,0.34838,0.46238,0.34176
2018,baseball,2018-03-05,False,249.0,197732,Seattle U,7,5,0.4955,0.30093,0.5782,0.41889
2018,baseball,2018-03-05,False,64.0,197662,Seton Hall,4,5,0.53086,0.64262,0.45753,0.56841
2018,baseball,2018-03-05,False,242.0,197663,Siena,0,11,0.0,0.68701,0.31516,0.4223
2018,baseball,2018-03-05,False,26.0,197664,South Alabama,7,6,0.53211,0.68042,0.53305,0.6065
2018,baseball,2018-03-05,False,65.0,197665,South Carolina,7,5,0.46667,0.65846,0.48798,0.56789
2018,baseball,2018-03-05,False,202.0,197666,South Dakota St.,2,8,0.26,0.57614,0.43056,0.46071
2018,baseball,2018-03-05,False,161.0,197667,South Fla.,7,5,0.48246,0.41667,0.64265,0.48961
2018,baseball,2018-03-05,False,287.0,197668,Southeast Mo. St.,3,9,0.19444,0.30873,0.50137,0.32832
2018,baseball,2018-03-05,False,150.0,197669,Southeastern La.,7,5,0.48148,0.47475,0.55071,0.49542
2018,baseball,2018-03-05,False,51.0,197670,Southern California,8,3,0.71579,0.53588,0.53194,0.57987
2018,baseball,2018-03-05,False,187.0,197671,Southern Ill.,3,8,0.34513,0.56591,0.41442,0.47284
2018,baseball,2018-03-05,False,102.0,197673,Southern Miss.,8,3,0.70297,0.41632,0.58342,0.52976
2018,baseball,2018-03-05,False,165.0,197674,Southern U.,4,7,0.45545,0.50762,0.48074,0.48786
2018,baseball,2018-03-05,False,283.0,197648,St. Bonaventure,2,6,0.25,0.37222,0.40132,0.34894
2018,baseball,2018-03-05,False,41.0,197649,St. John's (NY),8,1,0.93137,0.40867,0.59708,0.58645
2018,baseball,2018-03-05,False,22.0,197678,Stanford,11,1,0.86458,0.45833,0.66454,0.61145
2018,baseball,2018-03-05,False,42.0,197680,Stetson,9,1,0.82895,0.48111,0.55275,0.58598
2018,baseball,2018-03-05,False,193.0,197681,Stony Brook,6,4,0.72,0.335,0.48708,0.46927
2018,baseball,2018-03-05,False,92.0,197686,TCU,7,3,0.64894,0.45,0.60511,0.53851
2018,baseball,2018-03-05,False,122.0,197683,Tennessee,7,5,0.42982,0.60442,0.42844,0.51677
2018,baseball,2018-03-05,False,67.0,197682,Tennessee Tech,6,4,0.54545,0.58788,0.53898,0.56505
2018,baseball,2018-03-05,False,113.0,197690,Texas,8,4,0.60784,0.4456,0.58411,0.52079
2018,baseball,2018-03-05,False,96.0,197685,Texas A&M,11,1,0.89247,0.29996,0.65527,0.53692
2018,baseball,2018-03-05,False,158.0,197687,Texas Southern,2,9,0.27368,0.66693,0.3546,0.49054
2018,baseball,2018-03-05,False,275.0,197676,Texas St.,6,4,0.47727,0.24893,0.55028,0.38135
2018,baseball,2018-03-05,False,1.0,197688,Texas Tech,13,0,1.0,0.64091,0.5965,0.71958
2018,baseball,2018-03-05,False,220.0,197494,The Citadel,5,5,0.38679,0.47351,0.46798,0.45045
2018,baseball,2018-03-05,False,155.0,197692,Toledo,3,7,0.34091,0.59235,0.44533,0.49273
2018,baseball,2018-03-05,False,264.0,197693,Towson,2,7,0.24691,0.5,0.36212,0.40226
2018,baseball,2018-03-05,False,37.0,197694,Troy,7,5,0.54444,0.65344,0.52122,0.59314
2018,baseball,2018-03-05,False,136.0,197695,Tulane,6,5,0.47191,0.5093,0.5347,0.5063
2018,baseball,2018-03-05,False,116.0,197449,UAB,5,5,0.39773,0.62169,0.43745,0.51964
2018,baseball,2018-03-05,False,142.0,197450,UAlbany,3,3,0.65,0.39583,0.56015,0.50045
2018,baseball,2018-03-05,False,190.0,197483,UC Davis,3,6,0.31429,0.56768,0.43434,0.47099
2018,baseball,2018-03-05,False,34.0,197484,UC Irvine,7,4,0.60396,0.62999,0.52292,0.59671
2018,baseball,2018-03-05,False,188.0,197486,UC Riverside,4,7,0.35398,0.52565,0.48188,0.47179
2018,baseball,2018-03-05,False,140.0,197481,UC Santa Barbara,4,6,0.43038,0.55659,0.46883,0.5031
2018,baseball,2018-03-05,False,93.0,197490,UCF,8,3,0.65263,0.49355,0.51382,0.53839
2018,baseball,2018-03-05,False,55.0,197485,UCLA,9,2,0.77228,0.49456,0.55091,0.57808
2018,baseball,2018-03-05,False,47.0,197498,UConn,5,4,0.69892,0.55494,0.5172,0.5815
2018,baseball,2018-03-05,False,32.0,197541,UIC,7,4,0.73077,0.57882,0.51324,0.60042
2018,baseball,2018-03-05,False,111.0,197735,UIW,8,5,0.52542,0.53513,0.49452,0.52255
2018,baseball,2018-03-05,False,58.0,197613,ULM,9,2,0.80198,0.45812,0.5773,0.57388
2018,baseball,2018-03-05,False,215.0,197571,UMBC,1,6,0.18182,0.61285,0.40553,0.45326
2018,baseball,2018-03-05,False,295.0,197573,UMES,1,8,0.08046,0.2418,0.50552,0.26739
2018,baseball,2018-03-05,False,198.0,197565,UMass Lowell,3,7,0.375,0.49333,0.49938,0.46526
2018,baseball,2018-03-05,False,107.0,197592,UNC Asheville,2,8,0.31707,0.71833,0.34462,0.52459
2018,baseball,2018-03-05,False,195.0,197595,UNC Greensboro,7,4,0.60396,0.3279,0.60545,0.4663
2018,baseball,2018-03-05,False,24.0,197596,UNCW,9,3,0.67647,0.56457,0.6294,0.60875
2018,baseball,2018-03-05,False,15.0,197599,UNLV,11,1,0.86458,0.4968,0.62042,0.61965
2018,baseball,2018-03-05,False,222.0,197737,USC Upstate,5,6,0.3271,0.45904,0.5321,0.44432
2018,baseball,2018-03-05,False,224.0,197689,UT Arlington,4,5,0.32184,0.49537,0.45647,0.44226
2018,baseball,2018-03-05,False,229.0,197684,UT Martin,2,9,0.29213,0.49675,0.4692,0.43871
2018,baseball,2018-03-05,False,192.0,197631,UTRGV,7,5,0.50833,0.42443,0.52154,0.46968
2018,baseball,2018-03-05,False,59.0,197691,UTSA,5,5,0.47321,0.65292,0.50661,0.57142
2018,baseball,2018-03-05,False,280.0,197699,Utah,0,10,0.0,0.5375,0.38468,0.36492
2018,baseball,2018-03-05,False,73.0,197743,Utah Valley,4,7,0.51485,0.64394,0.43618,0.55973
2018,baseball,2018-03-05,False,255.0,197703,VCU,4,8,0.34188,0.38523,0.54163,0.41349
2018,baseball,2018-03-05,False,90.0,197704,VMI,7,4,0.64211,0.48333,0.56111,0.54247
2018,baseball,2018-03-05,False,131.0,197700,Valparaiso,4,6,0.50515,0.53667,0.47718,0.51392
2018,baseball,2018-03-05,False,23.0,197701,Vanderbilt,10,3,0.68868,0.62625,0.5001,0.61032
2018,baseball,2018-03-05,False,250.0,197702,Villanova,3,5,0.4875,0.34271,0.49765,0.41764
2018,baseball,2018-03-05,False,177.0,197706,Virginia,8,4,0.57407,0.40429,0.5388,0.48037
2018,baseball,2018-03-05,False,139.0,197705,Virginia Tech,4,7,0.37755,0.56093,0.5173,0.50418
2018,baseball,2018-03-05,False,169.0,197707,Wagner,3,6,0.44,0.54872,0.40631,0.48594
2018,baseball,2018-03-05,False,191.0,197708,Wake Forest,5,7,0.35965,0.56844,0.38563,0.47054
2018,baseball,2018-03-05,False,123.0,197710,Washington,6,4,0.63,0.45249,0.52724,0.51555
2018,baseball,2018-03-05,False,197.0,197709,Washington St.,2,6,0.31081,0.52361,0.50502,0.46576
2018,baseball,2018-03-05,False,87.0,197711,West Virginia,5,5,0.60194,0.54417,0.48905,0.54483
2018,baseball,2018-03-05,False,213.0,197712,Western Caro.,1,10,0.06931,0.69848,0.34841,0.45367
2018,baseball,2018-03-05,False,296.0,197713,Western Ill.,0,9,0.0,0.3287,0.36783,0.25631
2018,baseball,2018-03-05,False,265.0,197714,Western Ky.,5,7,0.35965,0.37754,0.48963,0.40109
2018,baseball,2018-03-05,False,105.0,197715,Western Mich.,5,4,0.57471,0.51217,0.51479,0.52846
2018,baseball,2018-03-05,False,39.0,197716,Wichita St.,8,1,0.85057,0.45833,0.58655,0.58845
2018,baseball,2018-03-05,False,238.0,197717,William & Mary,3,9,0.18421,0.51951,0.48819,0.42786
2018,baseball,2018-03-05,False,185.0,197718,Winthrop,4,8,0.29167,0.58087,0.45088,0.47607
2018,baseball,2018-03-05,False,209.0,197736,Wofford,6,5,0.41584,0.40546,0.59779,0.45614
2018,baseball,2018-03-05,False,119.0,197720,Wright St.,5,6,0.60748,0.46212,0.54271,0.51861
2018,baseball,2018-03-05,False,43.0,197721,Xavier,3,7,0.42353,0.75974,0.39848,0.58537
2018,baseball,2018-03-05,False,206.0,197722,Yale,1,6,0.20313,0.59048,0.45114,0.4588
2018,baseball,2018-03-05,False,256.0,197723,Youngstown St.,1,8,0.16667,0.539,0.40191,0.41165
2018,baseball,2018-03-12,False,90.0,197740,A&M-Corpus Christi,11,5,0.71127,0.43637,0.57348,0.53937
2018,baseball,2018-03-12,False,157.0,197445,Abilene Christian,10,4,0.67308,0.37998,0.54924,0.49557
2018,baseball,2018-03-12,False,154.0,197696,Air Force,5,10,0.39683,0.55956,0.47045,0.4966
2018,baseball,2018-03-12,False,28.0,197448,Alabama,13,3,0.79231,0.51008,0.53774,0.58755
2018,baseball,2018-03-12,False,243.0,197446,Alabama A&M,5,10,0.22876,0.55022,0.42804,0.43931
2018,baseball,2018-03-12,False,183.0,197447,Alabama St.,9,6,0.59524,0.40178,0.51336,0.47804
2018,baseball,2018-03-12,False,233.0,197451,Alcorn,5,8,0.46087,0.42301,0.47683,0.44593
2018,baseball,2018-03-12,False,147.0,197452,App State,4,9,0.38017,0.60824,0.40378,0.50011
2018,baseball,2018-03-12,False,100.0,197454,Arizona,9,6,0.5641,0.49964,0.54841,0.52795
2018,baseball,2018-03-12,False,84.0,197453,Arizona St.,8,8,0.40964,0.66914,0.4318,0.54493
2018,baseball,2018-03-12,False,223.0,197733,Ark.-Pine Bluff,5,7,0.35043,0.48724,0.48024,0.45129
2018,baseball,2018-03-12,False,33.0,197456,Arkansas,11,4,0.66667,0.56103,0.52856,0.57932
2018,baseball,2018-03-12,False,126.0,197455,Arkansas St.,7,5,0.58772,0.45685,0.53702,0.50961
2018,baseball,2018-03-12,False,195.0,197697,Army West Point,6,7,0.50769,0.42323,0.52307,0.4693
2018,baseball,2018-03-12,False,3.0,197458,Auburn,15,1,0.9,0.58174,0.58281,0.66157
2018,baseball,2018-03-12,False,57.0,197459,Austin Peay,10,6,0.62759,0.54309,0.54186,0.56391
2018,baseball,2018-03-12,False,15.0,197468,BYU,8,6,0.67188,0.63114,0.50348,0.60941
2018,baseball,2018-03-12,False,149.0,197460,Ball St.,8,7,0.60131,0.42883,0.53761,0.49915
2018,baseball,2018-03-12,False,53.0,197462,Baylor,8,5,0.5913,0.57349,0.52124,0.56488
2018,baseball,2018-03-12,False,275.0,197738,Belmont,6,9,0.27451,0.42138,0.47825,0.39888
2018,baseball,2018-03-12,False,161.0,197463,Bethune-Cookman,6,11,0.32335,0.59373,0.46061,0.49285
2018,baseball,2018-03-12,False,232.0,197464,Binghamton,3,9,0.38235,0.47902,0.44571,0.44653
2018,baseball,2018-03-12,False,80.0,197465,Boston College,6,8,0.5035,0.61543,0.45557,0.54748
2018,baseball,2018-03-12,False,286.0,197466,Bowling Green,3,13,0.27692,0.40375,0.43089,0.37883
2018,baseball,2018-03-12,False,34.0,197467,Bradley,9,3,0.83721,0.47207,0.53235,0.57842
2018,baseball,2018-03-12,False,102.0,197469,Brown,3,5,0.52703,0.53693,0.49662,0.52438
2018,baseball,2018-03-12,False,145.0,197470,Bryant,3,9,0.33333,0.5933,0.488,0.50199
2018,baseball,2018-03-12,False,188.0,197471,Bucknell,3,8,0.37895,0.53182,0.46279,0.47634
2018,baseball,2018-03-12,False,96.0,197473,Butler,12,2,0.85401,0.38095,0.51486,0.53269
2018,baseball,2018-03-12,False,155.0,197475,CSU Bakersfield,6,11,0.3871,0.54606,0.50617,0.49634
2018,baseball,2018-03-12,False,177.0,197479,CSUN,9,7,0.50625,0.44079,0.54567,0.48337
2018,baseball,2018-03-12,False,187.0,197474,Cal Poly,6,10,0.37748,0.51292,0.50273,0.47651
2018,baseball,2018-03-12,False,79.0,197477,Cal St. Fullerton,4,10,0.32857,0.70604,0.44978,0.54761
2018,baseball,2018-03-12,False,12.0,197482,California,11,4,0.69919,0.59839,0.55714,0.61328
2018,baseball,2018-03-12,False,225.0,197487,Campbell,6,9,0.27451,0.52497,0.4786,0.45076
2018,baseball,2018-03-12,False,116.0,197488,Canisius,10,4,0.76582,0.38628,0.53005,0.51711
2018,baseball,2018-03-12,False,263.0,197724,Central Ark.,7,8,0.39007,0.37667,0.54393,0.42183
2018,baseball,2018-03-12,False,261.0,197489,Central Conn. St.,2,5,0.32857,0.42857,0.5023,0.422
2018,baseball,2018-03-12,False,280.0,197491,Central Mich.,2,13,0.1626,0.45203,0.50203,0.39217
2018,baseball,2018-03-12,False,252.0,197461,Charleston So.,6,11,0.32432,0.47413,0.45432,0.43173
2018,baseball,2018-03-12,False,198.0,197594,Charlotte,8,7,0.48062,0.43141,0.52894,0.4681
2018,baseball,2018-03-12,False,227.0,197492,Chicago St.,4,9,0.35714,0.50838,0.42437,0.44957
2018,baseball,2018-03-12,False,146.0,197493,Cincinnati,7,8,0.44444,0.49647,0.56336,0.50019
2018,baseball,2018-03-12,False,1.0,197495,Clemson,15,1,0.94068,0.6086,0.54199,0.67497
2018,baseball,2018-03-12,False,56.0,197496,Coastal Carolina,12,6,0.53571,0.61033,0.49932,0.56392
2018,baseball,2018-03-12,False,24.0,197725,Col. of Charleston,13,3,0.73387,0.57984,0.474,0.59189
2018,baseball,2018-03-12,False,93.0,197497,Columbia,3,9,0.38235,0.64316,0.47239,0.53527
2018,baseball,2018-03-12,False,292.0,197499,Coppin St.,1,10,0.13684,0.35447,0.48319,0.33224
2018,baseball,2018-03-12,False,113.0,197500,Cornell,0,6,0.0,0.83929,0.39587,0.51861
2018,baseball,2018-03-12,False,36.0,197501,Creighton,8,5,0.71127,0.53511,0.53095,0.57811
2018,baseball,2018-03-12,False,67.0,197726,DBU,8,6,0.50909,0.60018,0.51989,0.55734
2018,baseball,2018-03-12,False,206.0,197502,Dartmouth,2,4,0.39216,0.43881,0.57659,0.46159
2018,baseball,2018-03-12,False,257.0,197503,Davidson,9,5,0.53906,0.32828,0.51084,0.42662
2018,baseball,2018-03-12,False,254.0,197504,Dayton,3,8,0.3,0.4653,0.48378,0.4286
2018,baseball,2018-03-12,False,173.0,197506,Delaware,8,5,0.64348,0.4046,0.49987,0.48813
2018,baseball,2018-03-12,False,297.0,197505,Delaware St.,2,12,0.14286,0.19848,0.43233,0.24304
2018,baseball,2018-03-12,False,22.0,197507,Duke,12,3,0.78049,0.50723,0.58915,0.59603
2018,baseball,2018-03-12,False,81.0,197509,ETSU,9,4,0.67826,0.48395,0.54253,0.54717
2018,baseball,2018-03-12,False,47.0,197508,East Carolina,12,3,0.76,0.47381,0.56886,0.56912
2018,baseball,2018-03-12,False,24.0,197510,Eastern Ill.,5,8,0.53719,0.67949,0.47138,0.59189
2018,baseball,2018-03-12,False,259.0,197511,Eastern Ky.,5,11,0.33065,0.47025,0.4337,0.42621
2018,baseball,2018-03-12,False,71.0,197512,Eastern Mich.,5,10,0.43704,0.67573,0.43162,0.55503
2018,baseball,2018-03-12,False,216.0,197727,Elon,8,8,0.40964,0.47022,0.46548,0.45389
2018,baseball,2018-03-12,False,256.0,197513,Evansville,5,8,0.38,0.42394,0.4812,0.42727
2018,baseball,2018-03-12,False,270.0,197515,FDU,4,4,0.60465,0.30595,0.42694,0.41087
2018,baseball,2018-03-12,False,17.0,197742,FGCU,13,2,0.85185,0.5119,0.55192,0.60689
2018,baseball,2018-03-12,False,129.0,197518,FIU,9,7,0.42857,0.56335,0.47936,0.50866
2018,baseball,2018-03-12,False,291.0,197514,Fairfield,2,8,0.31707,0.27542,0.53294,0.35022
2018,baseball,2018-03-12,False,6.0,197517,Fla. Atlantic,11,4,0.74775,0.64987,0.50827,0.63894
2018,baseball,2018-03-12,False,58.0,197520,Florida,15,3,0.82,0.43377,0.56464,0.56305
2018,baseball,2018-03-12,False,260.0,197516,Florida A&M,8,12,0.32075,0.44442,0.48047,0.42252
2018,baseball,2018-03-12,False,7.0,197519,Florida St.,14,2,0.8871,0.5287,0.58645,0.63274
2018,baseball,2018-03-12,False,74.0,197521,Fordham,8,4,0.73504,0.51333,0.45349,0.5538
2018,baseball,2018-03-12,False,103.0,197476,Fresno St.,11,6,0.58779,0.47392,0.56086,0.52412
2018,baseball,2018-03-12,False,159.0,197522,Furman,9,6,0.57143,0.4361,0.52913,0.49319
2018,baseball,2018-03-12,False,160.0,197526,Ga. Southern,7,9,0.42958,0.53792,0.46701,0.49311
2018,baseball,2018-03-12,False,165.0,197728,Gardner-Webb,10,6,0.60294,0.40005,0.55912,0.49054
2018,baseball,2018-03-12,False,267.0,197523,George Mason,4,10,0.248,0.4984,0.4049,0.41242
2018,baseball,2018-03-12,False,164.0,197524,George Washington,7,9,0.44355,0.50529,0.51357,0.49193
2018,baseball,2018-03-12,False,285.0,197525,Georgetown,2,12,0.16,0.47433,0.43486,0.38588
2018,baseball,2018-03-12,False,60.0,197529,Georgia,11,5,0.68462,0.52912,0.50465,0.56187
2018,baseball,2018-03-12,False,11.0,197527,Georgia St.,11,4,0.67376,0.61014,0.57731,0.61784
2018,baseball,2018-03-12,False,9.0,197528,Georgia Tech,9,6,0.55556,0.72,0.49302,0.62214
2018,baseball,2018-03-12,False,55.0,197530,Gonzaga,9,5,0.72483,0.49072,0.55096,0.56431
2018,baseball,2018-03-12,False,204.0,197531,Grambling,8,8,0.53103,0.39863,0.52122,0.46238
2018,baseball,2018-03-12,False,234.0,197729,Grand Canyon,6,8,0.32847,0.48091,0.491,0.44532
2018,baseball,2018-03-12,False,258.0,197532,Hartford,1,10,0.0875,0.5885,0.44152,0.42651
2018,baseball,2018-03-12,False,176.0,197533,Harvard,6,6,0.65,0.38462,0.52093,0.48504
2018,baseball,2018-03-12,False,125.0,197534,Hawaii,8,6,0.48438,0.49371,0.56828,0.51002
2018,baseball,2018-03-12,False,140.0,197739,High Point,8,7,0.54248,0.46474,0.5487,0.50517
2018,baseball,2018-03-12,False,221.0,197535,Hofstra,8,2,0.87826,0.18932,0.54963,0.45163
2018,baseball,2018-03-12,False,135.0,197536,Holy Cross,5,8,0.52419,0.50842,0.4886,0.50741
2018,baseball,2018-03-12,False,166.0,197538,Houston,8,7,0.47222,0.45289,0.58391,0.49048
2018,baseball,2018-03-12,False,119.0,197537,Houston Christian,5,11,0.43382,0.56258,0.50111,0.51502
2018,baseball,2018-03-12,False,49.0,197540,Illinois,8,4,0.69919,0.51959,0.53157,0.56748
2018,baseball,2018-03-12,False,26.0,197539,Illinois St.,7,5,0.72222,0.58712,0.47013,0.59165
2018,baseball,2018-03-12,False,20.0,197543,Indiana,11,4,0.72956,0.55826,0.55054,0.59915
2018,baseball,2018-03-12,False,45.0,197542,Indiana St.,8,5,0.70079,0.54274,0.49613,0.5706
2018,baseball,2018-03-12,False,244.0,197545,Iona,4,9,0.42609,0.43576,0.45914,0.43919
2018,baseball,2018-03-12,False,51.0,197546,Iowa,8,5,0.69355,0.52069,0.52679,0.56543
2018,baseball,2018-03-12,False,150.0,197547,Jackson St.,11,3,0.72143,0.33591,0.5974,0.49766
2018,baseball,2018-03-12,False,29.0,197549,Jacksonville,10,6,0.57746,0.60391,0.55175,0.58426
2018,baseball,2018-03-12,False,66.0,197548,Jacksonville St.,10,5,0.62411,0.55064,0.50452,0.55748
2018,baseball,2018-03-12,False,65.0,197550,James Madison,10,6,0.60241,0.5722,0.48353,0.55758
2018,baseball,2018-03-12,False,40.0,197552,Kansas,11,4,0.65812,0.57762,0.48651,0.57497
2018,baseball,2018-03-12,False,48.0,197551,Kansas St.,10,5,0.65942,0.55646,0.50355,0.56897
2018,baseball,2018-03-12,False,207.0,197730,Kennesaw St.,8,9,0.34783,0.5089,0.47743,0.46076
2018,baseball,2018-03-12,False,23.0,197553,Kent St.,7,5,0.72222,0.58133,0.49601,0.59523
2018,baseball,2018-03-12,False,30.0,197554,Kentucky,14,3,0.76647,0.52423,0.51787,0.5832
2018,baseball,2018-03-12,False,209.0,197560,LIU,7,7,0.56,0.37403,0.53042,0.45962
2018,baseball,2018-03-12,False,107.0,197566,LMU (CA),6,10,0.36486,0.60611,0.51152,0.52215
2018,baseball,2018-03-12,False,104.0,197562,LSU,11,6,0.53846,0.52124,0.51179,0.52318
2018,baseball,2018-03-12,False,228.0,197555,La Salle,4,10,0.42623,0.45055,0.46975,0.44927
2018,baseball,2018-03-12,False,241.0,197556,Lafayette,6,9,0.54348,0.41012,0.40262,0.44158
2018,baseball,2018-03-12,False,201.0,197557,Lamar University,4,13,0.15642,0.64607,0.42205,0.46766
2018,baseball,2018-03-12,False,238.0,197558,Lehigh,6,8,0.54745,0.40329,0.41951,0.44339
2018,baseball,2018-03-12,False,185.0,197559,Liberty,9,7,0.48462,0.45279,0.51734,0.47688
2018,baseball,2018-03-12,False,269.0,197741,Lipscomb,8,8,0.37838,0.34892,0.57102,0.41181
2018,baseball,2018-03-12,False,123.0,197457,Little Rock,8,8,0.5375,0.51115,0.4845,0.51107
2018,baseball,2018-03-12,False,63.0,197478,Long Beach St.,5,11,0.26623,0.76634,0.44114,0.56001
2018,baseball,2018-03-12,False,214.0,197561,Longwood,5,9,0.33607,0.50835,0.46741,0.45504
2018,baseball,2018-03-12,False,142.0,197677,Louisiana,6,9,0.35417,0.57725,0.50509,0.50344
2018,baseball,2018-03-12,False,73.0,197563,Louisiana Tech,12,5,0.68354,0.49743,0.53819,0.55415
2018,baseball,2018-03-12,False,98.0,197564,Louisville,14,1,0.89431,0.31459,0.59958,0.53077
2018,baseball,2018-03-12,False,134.0,197567,Maine,4,11,0.35659,0.62226,0.42933,0.50761
2018,baseball,2018-03-12,False,168.0,197568,Manhattan,4,9,0.45217,0.51802,0.472,0.49005
2018,baseball,2018-03-12,False,248.0,197569,Marist,1,9,0.17105,0.58269,0.40699,0.43586
2018,baseball,2018-03-12,False,172.0,197570,Marshall,10,4,0.76712,0.32063,0.54495,0.48833
2018,baseball,2018-03-12,False,122.0,197572,Maryland,9,6,0.58491,0.47468,0.52021,0.51362
2018,baseball,2018-03-12,False,196.0,197574,Massachusetts,2,3,0.48936,0.46667,0.45213,0.46871
2018,baseball,2018-03-12,False,208.0,197575,McNeese,4,11,0.22222,0.59997,0.42031,0.46062
2018,baseball,2018-03-12,False,218.0,197576,Memphis,6,10,0.31875,0.50028,0.49428,0.4534
2018,baseball,2018-03-12,False,132.0,197577,Mercer,12,5,0.6443,0.42393,0.5396,0.50794
2018,baseball,2018-03-12,False,118.0,197579,Miami (FL),7,8,0.34752,0.60711,0.50358,0.51633
2018,baseball,2018-03-12,False,82.0,197578,Miami (OH),11,3,0.81679,0.38424,0.59783,0.54578
2018,baseball,2018-03-12,False,130.0,197581,Michigan,4,10,0.368,0.61659,0.4334,0.50865
2018,baseball,2018-03-12,False,141.0,197580,Michigan St.,4,10,0.35115,0.58857,0.48962,0.50448
2018,baseball,2018-03-12,False,217.0,197582,Middle Tenn.,8,8,0.42208,0.43791,0.51594,0.45346
2018,baseball,2018-03-12,False,213.0,197719,Milwaukee,4,10,0.37405,0.47211,0.50453,0.4557
2018,baseball,2018-03-12,False,106.0,197583,Minnesota,11,6,0.59756,0.48427,0.5237,0.52245
2018,baseball,2018-03-12,False,77.0,197584,Mississippi St.,10,6,0.65468,0.52613,0.50135,0.55207
2018,baseball,2018-03-12,False,262.0,197585,Mississippi Val.,1,12,0.13402,0.58034,0.39289,0.4219
2018,baseball,2018-03-12,False,27.0,197587,Missouri,13,3,0.80986,0.48477,0.58345,0.59071
2018,baseball,2018-03-12,False,128.0,197675,Missouri St.,8,5,0.62406,0.46041,0.49046,0.50884
2018,baseball,2018-03-12,False,210.0,197588,Monmouth,4,8,0.42157,0.45979,0.49579,0.45923
2018,baseball,2018-03-12,False,203.0,197589,Morehead St.,7,8,0.51634,0.42092,0.50254,0.46518
2018,baseball,2018-03-12,False,293.0,197590,Mount St. Mary's,3,7,0.28723,0.26316,0.47682,0.32259
2018,baseball,2018-03-12,False,194.0,197591,Murray St.,9,7,0.52817,0.40432,0.54638,0.4708
2018,baseball,2018-03-12,False,278.0,197609,N.C. A&T,5,10,0.22876,0.44189,0.46408,0.39415
2018,baseball,2018-03-12,False,61.0,197610,N.C. Central,12,4,0.72973,0.50308,0.51005,0.56148
2018,baseball,2018-03-12,False,70.0,197611,NC State,13,3,0.71324,0.49467,0.52098,0.55589
2018,baseball,2018-03-12,False,192.0,197616,NIU,4,10,0.42623,0.50824,0.45017,0.47322
2018,baseball,2018-03-12,False,91.0,197601,NJIT,6,5,0.69027,0.52821,0.40882,0.53887
2018,baseball,2018-03-12,False,167.0,197698,Navy,12,4,0.68276,0.37338,0.53155,0.49027
2018,baseball,2018-03-12,False,83.0,197597,Nebraska,9,6,0.59574,0.54785,0.4884,0.54496
2018,baseball,2018-03-12,False,62.0,197600,Nevada,8,6,0.67188,0.52024,0.5301,0.56061
2018,baseball,2018-03-12,False,153.0,197603,New Mexico,6,8,0.39844,0.55803,0.47376,0.49707
2018,baseball,2018-03-12,False,158.0,197602,New Mexico St.,9,8,0.50365,0.48399,0.50228,0.49348
2018,baseball,2018-03-12,False,136.0,197604,New Orleans,7,9,0.36424,0.60315,0.45877,0.50733
2018,baseball,2018-03-12,False,266.0,197606,Niagara,2,8,0.28571,0.46013,0.45611,0.41552
2018,baseball,2018-03-12,False,281.0,197607,Nicholls,4,12,0.175,0.45796,0.46644,0.38934
2018,baseball,2018-03-12,False,294.0,197608,Norfolk St.,2,13,0.08187,0.38744,0.3899,0.31166
2018,baseball,2018-03-12,False,10.0,197593,North Carolina,8,7,0.53472,0.77173,0.40361,0.62045
2018,baseball,2018-03-12,False,101.0,197612,North Dakota St.,6,9,0.52174,0.57022,0.44103,0.5258
2018,baseball,2018-03-12,False,231.0,197734,North Florida,8,9,0.36129,0.47855,0.46901,0.44685
2018,baseball,2018-03-12,False,5.0,197614,Northeastern,9,5,0.67883,0.71405,0.47231,0.64481
2018,baseball,2018-03-12,False,239.0,197615,Northern Colo.,10,5,0.60741,0.29798,0.56767,0.44276
2018,baseball,2018-03-12,False,184.0,197617,Northern Ky.,3,12,0.30233,0.60014,0.40619,0.4772
2018,baseball,2018-03-12,False,151.0,197619,Northwestern,5,7,0.47619,0.475,0.56434,0.49763
2018,baseball,2018-03-12,False,178.0,197618,Northwestern St.,9,7,0.6039,0.41306,0.49279,0.4807
2018,baseball,2018-03-12,False,75.0,197620,Notre Dame,7,6,0.60769,0.54137,0.52127,0.55292
2018,baseball,2018-03-12,False,224.0,197621,Oakland,2,12,0.19828,0.58537,0.43427,0.45082
2018,baseball,2018-03-12,False,276.0,197623,Ohio,9,6,0.62264,0.1903,0.59224,0.39887
2018,baseball,2018-03-12,False,85.0,197622,Ohio St.,9,6,0.62,0.53203,0.49417,0.54456
2018,baseball,2018-03-12,False,39.0,197625,Oklahoma,10,7,0.5,0.65133,0.50496,0.57691
2018,baseball,2018-03-12,False,124.0,197624,Oklahoma St.,8,6,0.57143,0.46081,0.54967,0.51068
2018,baseball,2018-03-12,False,222.0,197626,Old Dominion,6,9,0.3,0.50903,0.48795,0.4515
2018,baseball,2018-03-12,False,8.0,197586,Ole Miss,15,1,0.94355,0.47644,0.60659,0.62576
2018,baseball,2018-03-12,False,174.0,197598,Omaha,4,11,0.31746,0.60242,0.42922,0.48788
2018,baseball,2018-03-12,False,178.0,197627,Oral Roberts,8,5,0.53913,0.41529,0.5531,0.4807
2018,baseball,2018-03-12,False,13.0,197629,Oregon,11,4,0.7037,0.5852,0.57023,0.61109
2018,baseball,2018-03-12,False,32.0,197628,Oregon St.,15,1,0.90845,0.4157,0.58631,0.58154
2018,baseball,2018-03-12,False,200.0,197630,Pacific,7,10,0.45342,0.45483,0.5092,0.46807
2018,baseball,2018-03-12,False,250.0,197633,Penn,2,9,0.29213,0.51748,0.40548,0.43315
2018,baseball,2018-03-12,False,265.0,197632,Penn St.,4,8,0.44444,0.35612,0.51143,0.41703
2018,baseball,2018-03-12,False,144.0,197634,Pepperdine,7,9,0.4,0.55157,0.5051,0.50206
2018,baseball,2018-03-12,False,44.0,197635,Pittsburgh,11,4,0.75887,0.50337,0.52642,0.57301
2018,baseball,2018-03-12,False,229.0,197636,Portland,6,10,0.28378,0.50158,0.50965,0.44915
2018,baseball,2018-03-12,False,212.0,197637,Prairie View,2,8,0.28571,0.55128,0.44396,0.45806
2018,baseball,2018-03-12,False,283.0,197731,Presbyterian,5,12,0.24581,0.41407,0.47179,0.38644
2018,baseball,2018-03-12,False,268.0,197638,Princeton,0,7,0.0,0.62737,0.3945,0.41231
2018,baseball,2018-03-12,False,21.0,197639,Purdue,9,4,0.75,0.57558,0.49522,0.5991
2018,baseball,2018-03-12,False,169.0,197544,Purdue Fort Wayne,4,9,0.45217,0.52784,0.45151,0.48984
2018,baseball,2018-03-12,False,97.0,197640,Quinnipiac,6,6,0.65,0.50639,0.46444,0.5318
2018,baseball,2018-03-12,False,186.0,197641,Radford,7,9,0.51408,0.43487,0.52364,0.47687
2018,baseball,2018-03-12,False,115.0,197642,Rhode Island,2,11,0.25243,0.70265,0.41406,0.51795
2018,baseball,2018-03-12,False,111.0,197643,Rice,7,10,0.39752,0.60383,0.47256,0.51944
2018,baseball,2018-03-12,False,181.0,197644,Richmond,7,7,0.47541,0.47767,0.48862,0.47984
2018,baseball,2018-03-12,False,237.0,197645,Rider,4,10,0.368,0.531,0.34372,0.44343
2018,baseball,2018-03-12,False,121.0,197646,Rutgers,8,6,0.61429,0.45789,0.52732,0.51434
2018,baseball,2018-03-12,False,277.0,197679,SFA,3,11,0.19091,0.4749,0.44424,0.39624
2018,baseball,2018-03-12,False,43.0,197672,SIUE,5,8,0.53719,0.66407,0.42811,0.57336
2018,baseball,2018-03-12,False,211.0,197480,Sacramento St.,6,10,0.30573,0.53837,0.45056,0.45826
2018,baseball,2018-03-12,False,282.0,197647,Sacred Heart,3,8,0.35644,0.35383,0.49146,0.38889
2018,baseball,2018-03-12,False,264.0,197650,Saint Joseph's,4,7,0.42574,0.37796,0.50128,0.42073
2018,baseball,2018-03-12,False,242.0,197651,Saint Louis,7,7,0.43697,0.38726,0.55469,0.44155
2018,baseball,2018-03-12,False,108.0,197652,Saint Mary's (CA),9,5,0.73881,0.341,0.66537,0.52155
2018,baseball,2018-03-12,False,289.0,197653,Saint Peter's,0,7,0.0,0.53169,0.39304,0.36411
2018,baseball,2018-03-12,False,41.0,197654,Sam Houston,12,4,0.69536,0.53039,0.54054,0.57417
2018,baseball,2018-03-12,False,112.0,197655,Samford,7,10,0.3526,0.61618,0.49051,0.51887
2018,baseball,2018-03-12,False,78.0,197657,San Diego,9,7,0.48701,0.61142,0.49132,0.55029
2018,baseball,2018-03-12,False,109.0,197656,San Diego St.,10,5,0.60741,0.46281,0.54785,0.52022
2018,baseball,2018-03-12,False,152.0,197658,San Francisco,9,6,0.61702,0.41536,0.54163,0.49734
2018,baseball,2018-03-12,False,191.0,197659,San Jose St.,6,9,0.35417,0.55503,0.43014,0.47359
2018,baseball,2018-03-12,False,162.0,197660,Santa Clara,11,4,0.65926,0.36392,0.5825,0.4924
2018,baseball,2018-03-12,False,287.0,197661,Savannah St.,3,9,0.19444,0.43041,0.42454,0.36995
2018,baseball,2018-03-12,False,249.0,197732,Seattle U,9,7,0.47771,0.34953,0.55705,0.43346
2018,baseball,2018-03-12,False,95.0,197662,Seton Hall,5,8,0.47321,0.59349,0.47715,0.53434
2018,baseball,2018-03-12,False,279.0,197663,Siena,0,14,0.0,0.58302,0.40866,0.39367
2018,baseball,2018-03-12,False,35.0,197664,South Alabama,9,7,0.59155,0.58222,0.55662,0.57815
2018,baseball,2018-03-12,False,110.0,197665,South Carolina,11,5,0.57895,0.4839,0.53297,0.51993
2018,baseball,2018-03-12,False,274.0,197666,South Dakota St.,2,14,0.1831,0.49817,0.4312,0.40266
2018,baseball,2018-03-12,False,139.0,197667,South Fla.,10,6,0.53521,0.44844,0.59105,0.50578
2018,baseball,2018-03-12,False,290.0,197668,Southeast Mo. St.,5,11,0.23649,0.34291,0.49294,0.35381
2018,baseball,2018-03-12,False,156.0,197669,Southeastern La.,11,6,0.55484,0.43117,0.56623,0.49585
2018,baseball,2018-03-12,False,64.0,197670,Southern California,9,4,0.66102,0.52642,0.52536,0.5598
2018,baseball,2018-03-12,False,148.0,197671,Southern Ill.,8,8,0.5375,0.49407,0.47423,0.49997
2018,baseball,2018-03-12,False,52.0,197673,Southern Miss.,11,4,0.71318,0.49455,0.55753,0.56495
2018,baseball,2018-03-12,False,226.0,197674,Southern U.,5,9,0.41406,0.45655,0.47484,0.4505
2018,baseball,2018-03-12,False,272.0,197648,St. Bonaventure,3,8,0.30841,0.4414,0.43693,0.40704
2018,baseball,2018-03-12,False,59.0,197649,St. John's (NY),8,4,0.77236,0.46201,0.55427,0.56266
2018,baseball,2018-03-12,False,19.0,197678,Stanford,14,2,0.85915,0.4653,0.61901,0.60219
2018,baseball,2018-03-12,False,16.0,197680,Stetson,13,1,0.875,0.51772,0.51925,0.60742
2018,baseball,2018-03-12,False,230.0,197681,Stony Brook,7,7,0.5411,0.38055,0.48939,0.4479
2018,baseball,2018-03-12,False,54.0,197686,TCU,9,4,0.65323,0.51757,0.57021,0.56464
2018,baseball,2018-03-12,False,68.0,197683,Tennessee,11,6,0.54913,0.60825,0.46354,0.55729
2018,baseball,2018-03-12,False,87.0,197682,Tennessee Tech,9,5,0.58594,0.52394,0.53429,0.54203
2018,baseball,2018-03-12,False,86.0,197690,Texas,9,7,0.46622,0.60211,0.50177,0.54305
2018,baseball,2018-03-12,False,31.0,197685,Texas A&M,16,1,0.92188,0.3783,0.64851,0.58174
2018,baseball,2018-03-12,False,220.0,197687,Texas Southern,3,11,0.31967,0.50785,0.47503,0.4526
2018,baseball,2018-03-12,False,189.0,197676,Texas St.,9,4,0.61983,0.36399,0.55088,0.47467
2018,baseball,2018-03-12,False,2.0,197688,Texas Tech,15,2,0.90604,0.62259,0.54078,0.673
2018,baseball,2018-03-12,False,246.0,197494,The Citadel,7,8,0.35948,0.43916,0.50828,0.43652
2018,baseball,2018-03-12,False,202.0,197692,Toledo,3,11,0.25862,0.57506,0.45732,0.46651
2018,baseball,2018-03-12,False,288.0,197693,Towson,2,11,0.15748,0.44782,0.41941,0.36813
2018,baseball,2018-03-12,False,18.0,197694,Troy,11,5,0.66935,0.62195,0.50936,0.60565
2018,baseball,2018-03-12,False,99.0,197695,Tulane,8,8,0.41176,0.59093,0.5271,0.53018
2018,baseball,2018-03-12,False,251.0,197449,UAB,6,8,0.31343,0.4651,0.48725,0.43272
2018,baseball,2018-03-12,False,117.0,197450,UAlbany,5,4,0.69892,0.44359,0.47953,0.51641
2018,baseball,2018-03-12,False,132.0,197483,UC Davis,4,9,0.33094,0.59594,0.50894,0.50794
2018,baseball,2018-03-12,False,50.0,197484,UC Irvine,9,6,0.61702,0.5759,0.49921,0.56701
2018,baseball,2018-03-12,False,240.0,197486,UC Riverside,8,8,0.44156,0.40217,0.52495,0.44272
2018,baseball,2018-03-12,False,236.0,197481,UC Santa Barbara,4,9,0.28814,0.52995,0.42844,0.44412
2018,baseball,2018-03-12,False,75.0,197490,UCF,13,3,0.75735,0.45163,0.55105,0.55292
2018,baseball,2018-03-12,False,42.0,197485,UCLA,10,4,0.64885,0.54932,0.54842,0.57398
2018,baseball,2018-03-12,False,72.0,197498,UConn,6,6,0.65,0.54539,0.47737,0.55454
2018,baseball,2018-03-12,False,46.0,197541,UIC,10,4,0.776,0.48724,0.53176,0.57056
2018,baseball,2018-03-12,False,88.0,197735,UIW,11,6,0.56849,0.5517,0.48676,0.53966
2018,baseball,2018-03-12,False,127.0,197613,ULM,10,5,0.66667,0.40837,0.55375,0.50929
2018,baseball,2018-03-12,False,245.0,197571,UMBC,2,9,0.17895,0.59519,0.38524,0.43864
2018,baseball,2018-03-12,False,296.0,197573,UMES,1,13,0.04795,0.28996,0.5009,0.28219
2018,baseball,2018-03-12,False,105.0,197565,UMass Lowell,5,8,0.4876,0.54922,0.50642,0.52312
2018,baseball,2018-03-12,False,235.0,197592,UNC Asheville,3,11,0.25781,0.53422,0.45287,0.44478
2018,baseball,2018-03-12,False,143.0,197595,UNC Greensboro,11,4,0.7037,0.36549,0.5743,0.50225
2018,baseball,2018-03-12,False,131.0,197596,UNCW,11,4,0.7037,0.35833,0.61315,0.50838
2018,baseball,2018-03-12,False,4.0,197599,UNLV,15,2,0.85401,0.59773,0.5395,0.64725
2018,baseball,2018-03-12,False,255.0,197737,USC Upstate,8,7,0.42177,0.37701,0.53669,0.42812
2018,baseball,2018-03-12,False,190.0,197689,UT Arlington,4,9,0.23729,0.60906,0.43897,0.4736
2018,baseball,2018-03-12,False,170.0,197684,UT Martin,3,12,0.31707,0.56616,0.50821,0.4894
2018,baseball,2018-03-12,False,197.0,197631,UTRGV,10,7,0.50932,0.40774,0.5485,0.46833
2018,baseball,2018-03-12,False,175.0,197691,UTSA,7,7,0.44079,0.47177,0.56589,0.48755
2018,baseball,2018-03-12,False,273.0,197699,Utah,1,13,0.11207,0.52826,0.44584,0.40361
2018,baseball,2018-03-12,False,92.0,197743,Utah Valley,5,9,0.50781,0.58223,0.4795,0.53794
2018,baseball,2018-03-12,False,219.0,197703,VCU,8,8,0.46897,0.41047,0.52229,0.45305
2018,baseball,2018-03-12,False,182.0,197704,VMI,8,6,0.53125,0.4311,0.52167,0.47878
2018,baseball,2018-03-12,False,199.0,197700,Valparaiso,4,11,0.37121,0.49825,0.50458,0.46808
2018,baseball,2018-03-12,False,14.0,197701,Vanderbilt,12,4,0.70588,0.60611,0.52043,0.60963
2018,baseball,2018-03-12,False,271.0,197702,Villanova,4,8,0.40833,0.36075,0.50949,0.40983
2018,baseball,2018-03-12,False,120.0,197706,Virginia,10,6,0.57746,0.4856,0.51031,0.51474
2018,baseball,2018-03-12,False,89.0,197705,Virginia Tech,8,8,0.48966,0.58304,0.50245,0.53955
2018,baseball,2018-03-12,False,69.0,197707,Wagner,6,8,0.54962,0.61964,0.43684,0.55643
2018,baseball,2018-03-12,False,94.0,197708,Wake Forest,7,9,0.37162,0.66248,0.44422,0.5352
2018,baseball,2018-03-12,False,171.0,197710,Washington,7,7,0.47945,0.48431,0.50715,0.4888
2018,baseball,2018-03-12,False,137.0,197709,Washington St.,4,8,0.32456,0.63718,0.42833,0.50681
2018,baseball,2018-03-12,False,37.0,197711,West Virginia,7,6,0.64706,0.59769,0.46975,0.57805
2018,baseball,2018-03-12,False,253.0,197712,Western Caro.,1,14,0.04575,0.64009,0.39537,0.43033
2018,baseball,2018-03-12,False,295.0,197713,Western Ill.,0,11,0.0,0.38449,0.45326,0.30556
2018,baseball,2018-03-12,False,247.0,197714,Western Ky.,9,7,0.50676,0.35944,0.51822,0.43596
2018,baseball,2018-03-12,False,180.0,197715,Western Mich.,8,6,0.58394,0.41728,0.50279,0.48032
2018,baseball,2018-03-12,False,38.0,197716,Wichita St.,12,2,0.83607,0.44286,0.58853,0.57758
2018,baseball,2018-03-12,False,215.0,197717,William & Mary,5,12,0.25466,0.53446,0.49251,0.45402
2018,baseball,2018-03-12,False,193.0,197718,Winthrop,5,11,0.28226,0.56929,0.46497,0.47145
2018,baseball,2018-03-12,False,205.0,197736,Wofford,9,6,0.5,0.39317,0.56163,0.46199
2018,baseball,2018-03-12,False,138.0,197720,Wright St.,8,6,0.67939,0.38554,0.57585,0.50658
2018,baseball,2018-03-12,False,114.0,197721,Xavier,4,12,0.36842,0.64562,0.41259,0.51806
2018,baseball,2018-03-12,False,163.0,197722,Yale,2,7,0.30952,0.61945,0.421,0.49236
2018,baseball,2018-03-12,False,284.0,197723,Youngstown St.,1,13,0.11504,0.50284,0.42448,0.3863
2018,baseball,2018-03-19,False,79.0,197740,A&M-Corpus Christi,12,8,0.57447,0.53139,0.52896,0.54155
2018,baseball,2018-03-19,False,139.0,197445,Abilene Christian,13,5,0.65942,0.41617,0.54062,0.50809
2018,baseball,2018-03-19,False,83.0,197696,Air Force,7,12,0.38554,0.6546,0.46217,0.53923
2018,baseball,2018-03-19,False,38.0,197448,Alabama,16,5,0.70056,0.53453,0.50642,0.56901
2018,baseball,2018-03-19,False,259.0,197446,Alabama A&M,5,15,0.18617,0.52657,0.45096,0.42257
2018,baseball,2018-03-19,False,204.0,197447,Alabama St.,12,8,0.55491,0.42619,0.48877,0.47402
2018,baseball,2018-03-19,False,266.0,197451,Alcorn,6,12,0.42308,0.39289,0.4605,0.41734
2018,baseball,2018-03-19,False,127.0,197452,App State,5,12,0.38065,0.62717,0.42966,0.51616
2018,baseball,2018-03-19,False,106.0,197454,Arizona,10,9,0.52318,0.53579,0.50694,0.52543
2018,baseball,2018-03-19,False,89.0,197453,Arizona St.,11,9,0.445,0.61585,0.47674,0.53836
2018,baseball,2018-03-19,False,256.0,197733,Ark.-Pine Bluff,6,9,0.32,0.45561,0.47816,0.42735
2018,baseball,2018-03-19,False,10.0,197456,Arkansas,16,4,0.7378,0.58653,0.53399,0.61121
2018,baseball,2018-03-19,False,152.0,197455,Arkansas St.,8,8,0.4625,0.48742,0.5534,0.49769
2018,baseball,2018-03-19,False,159.0,197697,Army West Point,7,12,0.43646,0.51576,0.50065,0.49216
2018,baseball,2018-03-19,False,1.0,197458,Auburn,19,2,0.84795,0.59644,0.5511,0.64798
2018,baseball,2018-03-19,False,48.0,197459,Austin Peay,13,7,0.6257,0.55662,0.51173,0.56267
2018,baseball,2018-03-19,False,54.0,197468,BYU,9,9,0.53448,0.59017,0.526,0.56021
2018,baseball,2018-03-19,False,181.0,197460,Ball St.,10,10,0.56,0.42446,0.51771,0.48166
2018,baseball,2018-03-19,False,25.0,197462,Baylor,10,7,0.52903,0.64881,0.51231,0.58474
2018,baseball,2018-03-19,False,278.0,197738,Belmont,7,12,0.27072,0.43389,0.46103,0.39988
2018,baseball,2018-03-19,False,165.0,197463,Bethune-Cookman,7,14,0.32367,0.59376,0.44208,0.48832
2018,baseball,2018-03-19,False,162.0,197464,Binghamton,4,11,0.4031,0.54861,0.45579,0.48903
2018,baseball,2018-03-19,False,42.0,197465,Boston College,7,10,0.5,0.64636,0.47182,0.56613
2018,baseball,2018-03-19,False,288.0,197466,Bowling Green,3,16,0.23841,0.39134,0.45081,0.36797
2018,baseball,2018-03-19,False,55.0,197467,Bradley,11,5,0.77515,0.47722,0.50367,0.55831
2018,baseball,2018-03-19,False,105.0,197469,Brown,4,7,0.51485,0.53939,0.50839,0.52551
2018,baseball,2018-03-19,False,104.0,197470,Bryant,6,10,0.49655,0.55885,0.49058,0.52621
2018,baseball,2018-03-19,False,222.0,197471,Bucknell,4,14,0.25146,0.59344,0.42262,0.46524
2018,baseball,2018-03-19,False,68.0,197473,Butler,15,3,0.84746,0.42267,0.49784,0.54766
2018,baseball,2018-03-19,False,218.0,197475,CSU Bakersfield,9,12,0.42857,0.46037,0.52785,0.46929
2018,baseball,2018-03-19,False,156.0,197479,CSUN,10,10,0.46809,0.49152,0.52498,0.49403
2018,baseball,2018-03-19,False,194.0,197474,Cal Poly,8,12,0.37173,0.5175,0.50516,0.47797
2018,baseball,2018-03-19,False,73.0,197477,Cal St. Fullerton,7,10,0.41615,0.64697,0.46504,0.54378
2018,baseball,2018-03-19,False,27.0,197482,California,12,7,0.56571,0.6232,0.52196,0.58352
2018,baseball,2018-03-19,False,224.0,197487,Campbell,10,10,0.41509,0.46473,0.5047,0.46231
2018,baseball,2018-03-19,False,99.0,197488,Canisius,11,6,0.72432,0.43418,0.53651,0.5323
2018,baseball,2018-03-19,False,163.0,197724,Central Ark.,12,8,0.51136,0.46255,0.51892,0.48885
2018,baseball,2018-03-19,False,236.0,197489,Central Conn. St.,3,7,0.37113,0.50217,0.42811,0.4509
2018,baseball,2018-03-19,False,283.0,197491,Central Mich.,3,15,0.17308,0.46565,0.46878,0.39329
2018,baseball,2018-03-19,False,270.0,197461,Charleston So.,6,15,0.25974,0.45975,0.47566,0.41373
2018,baseball,2018-03-19,False,166.0,197594,Charlotte,11,8,0.51807,0.4359,0.56166,0.48788
2018,baseball,2018-03-19,False,214.0,197492,Chicago St.,4,12,0.30075,0.59299,0.39547,0.47055
2018,baseball,2018-03-19,False,176.0,197493,Cincinnati,9,10,0.4382,0.47336,0.55694,0.48546
2018,baseball,2018-03-19,False,2.0,197495,Clemson,16,4,0.71951,0.63437,0.51734,0.6264
2018,baseball,2018-03-19,False,31.0,197496,Coastal Carolina,15,7,0.58636,0.60474,0.51087,0.57668
2018,baseball,2018-03-19,False,43.0,197725,Col. of Charleston,15,6,0.63934,0.57275,0.47835,0.5658
2018,baseball,2018-03-19,False,206.0,197497,Columbia,3,15,0.26,0.57671,0.48105,0.47361
2018,baseball,2018-03-19,False,294.0,197499,Coppin St.,3,13,0.26897,0.33988,0.46662,0.35384
2018,baseball,2018-03-19,False,120.0,197500,Cornell,1,8,0.18841,0.71929,0.44721,0.51855
2018,baseball,2018-03-19,False,16.0,197501,Creighton,10,6,0.69143,0.58985,0.53278,0.60097
2018,baseball,2018-03-19,False,92.0,197726,DBU,11,7,0.55333,0.53053,0.53433,0.53718
2018,baseball,2018-03-19,False,261.0,197502,Dartmouth,3,8,0.3587,0.40029,0.51797,0.41931
2018,baseball,2018-03-19,False,209.0,197503,Davidson,14,5,0.63804,0.38127,0.48848,0.47227
2018,baseball,2018-03-19,False,231.0,197504,Dayton,5,10,0.36667,0.49479,0.47621,0.45811
2018,baseball,2018-03-19,False,255.0,197506,Delaware,10,8,0.52381,0.34082,0.50409,0.42739
2018,baseball,2018-03-19,False,297.0,197505,Delaware St.,2,17,0.09756,0.28726,0.4013,0.26835
2018,baseball,2018-03-19,False,36.0,197507,Duke,16,4,0.7561,0.47692,0.58289,0.57321
2018,baseball,2018-03-19,False,131.0,197509,ETSU,10,6,0.64085,0.44238,0.5332,0.5147
2018,baseball,2018-03-19,False,26.0,197508,East Carolina,16,4,0.74346,0.52726,0.53996,0.58449
2018,baseball,2018-03-19,False,80.0,197510,Eastern Ill.,8,10,0.54444,0.55154,0.51305,0.54015
2018,baseball,2018-03-19,False,215.0,197511,Eastern Ky.,7,14,0.39181,0.52504,0.43939,0.47032
2018,baseball,2018-03-19,False,143.0,197512,Eastern Mich.,5,13,0.37821,0.60077,0.44239,0.50554
2018,baseball,2018-03-19,False,216.0,197727,Elon,11,9,0.45876,0.4611,0.49891,0.46997
2018,baseball,2018-03-19,False,260.0,197513,Evansville,5,11,0.31405,0.4425,0.48918,0.42206
2018,baseball,2018-03-19,False,282.0,197515,FDU,7,6,0.60294,0.24645,0.48335,0.3948
2018,baseball,2018-03-19,False,71.0,197742,FGCU,14,5,0.69714,0.48207,0.51786,0.54479
2018,baseball,2018-03-19,False,150.0,197518,FIU,10,11,0.38725,0.5734,0.46391,0.49949
2018,baseball,2018-03-19,False,262.0,197514,Fairfield,4,11,0.4031,0.37882,0.51614,0.41922
2018,baseball,2018-03-19,False,13.0,197517,Fla. Atlantic,15,5,0.77848,0.56128,0.51713,0.60454
2018,baseball,2018-03-19,False,19.0,197520,Florida,18,4,0.82105,0.49576,0.55647,0.59226
2018,baseball,2018-03-19,False,253.0,197516,Florida A&M,11,13,0.41473,0.4127,0.47954,0.42992
2018,baseball,2018-03-19,False,11.0,197519,Florida St.,16,4,0.78481,0.54004,0.57428,0.60979
2018,baseball,2018-03-19,False,144.0,197521,Fordham,10,6,0.63694,0.43673,0.50867,0.50477
2018,baseball,2018-03-19,False,124.0,197476,Fresno St.,12,8,0.56962,0.49051,0.51715,0.51694
2018,baseball,2018-03-19,False,101.0,197522,Furman,13,7,0.61272,0.48355,0.53405,0.52847
2018,baseball,2018-03-19,False,142.0,197526,Ga. Southern,9,11,0.42614,0.55425,0.48853,0.50579
2018,baseball,2018-03-19,False,172.0,197728,Gardner-Webb,12,9,0.53125,0.42548,0.56351,0.48643
2018,baseball,2018-03-19,False,244.0,197523,George Mason,7,11,0.35152,0.48098,0.45419,0.44192
2018,baseball,2018-03-19,False,182.0,197524,George Washington,9,11,0.42857,0.50487,0.48509,0.48085
2018,baseball,2018-03-19,False,286.0,197525,Georgetown,5,14,0.23837,0.39291,0.46696,0.37279
2018,baseball,2018-03-19,False,21.0,197529,Georgia,14,6,0.71765,0.5605,0.51399,0.58816
2018,baseball,2018-03-19,False,46.0,197527,Georgia St.,11,9,0.50532,0.6129,0.52371,0.56371
2018,baseball,2018-03-19,False,51.0,197528,Georgia Tech,11,8,0.52663,0.60879,0.49963,0.56096
2018,baseball,2018-03-19,False,75.0,197530,Gonzaga,11,8,0.64211,0.49856,0.53385,0.54327
2018,baseball,2018-03-19,False,243.0,197531,Grambling,12,9,0.56452,0.35545,0.50034,0.44394
2018,baseball,2018-03-19,False,267.0,197729,Grand Canyon,6,12,0.27273,0.43516,0.5249,0.41699
2018,baseball,2018-03-19,False,250.0,197532,Hartford,2,12,0.18692,0.54225,0.47378,0.4363
2018,baseball,2018-03-19,False,153.0,197533,Harvard,7,11,0.54167,0.50168,0.44546,0.49762
2018,baseball,2018-03-19,False,53.0,197534,Hawaii,12,6,0.57692,0.53559,0.59384,0.56049
2018,baseball,2018-03-19,False,132.0,197739,High Point,10,9,0.54774,0.49149,0.52607,0.5142
2018,baseball,2018-03-19,False,212.0,197535,Hofstra,9,4,0.72973,0.32199,0.51085,0.47114
2018,baseball,2018-03-19,False,130.0,197536,Holy Cross,5,8,0.52419,0.53354,0.46974,0.51525
2018,baseball,2018-03-19,False,160.0,197538,Houston,11,8,0.51744,0.43755,0.57454,0.49177
2018,baseball,2018-03-19,False,138.0,197537,Houston Christian,8,12,0.48864,0.51732,0.50944,0.50818
2018,baseball,2018-03-19,False,37.0,197540,Illinois,11,5,0.73006,0.51536,0.5194,0.57004
2018,baseball,2018-03-19,False,28.0,197539,Illinois St.,8,9,0.62275,0.6169,0.47527,0.58295
2018,baseball,2018-03-19,False,49.0,197543,Indiana,15,4,0.77005,0.45109,0.57456,0.5617
2018,baseball,2018-03-19,False,18.0,197542,Indiana St.,11,5,0.77108,0.55174,0.50102,0.5939
2018,baseball,2018-03-19,False,249.0,197545,Iona,4,12,0.36029,0.4718,0.45253,0.43911
2018,baseball,2018-03-19,False,65.0,197546,Iowa,11,6,0.69032,0.50051,0.51371,0.55126
2018,baseball,2018-03-19,False,158.0,197547,Jackson St.,13,6,0.67914,0.38333,0.52765,0.49337
2018,baseball,2018-03-19,False,97.0,197549,Jacksonville,13,8,0.56284,0.51872,0.54064,0.53523
2018,baseball,2018-03-19,False,70.0,197548,Jacksonville St.,12,6,0.65517,0.50625,0.51425,0.54548
2018,baseball,2018-03-19,False,85.0,197550,James Madison,12,8,0.57,0.54432,0.49698,0.53891
2018,baseball,2018-03-19,False,81.0,197552,Kansas,12,7,0.57931,0.54433,0.49126,0.53981
2018,baseball,2018-03-19,False,62.0,197551,Kansas St.,11,8,0.53261,0.592,0.4953,0.55297
2018,baseball,2018-03-19,False,201.0,197730,Kennesaw St.,9,12,0.35385,0.5375,0.47637,0.47631
2018,baseball,2018-03-19,False,33.0,197553,Kent St.,9,6,0.73585,0.51579,0.53077,0.57455
2018,baseball,2018-03-19,False,35.0,197554,Kentucky,14,6,0.68085,0.54969,0.51331,0.57338
2018,baseball,2018-03-19,False,258.0,197560,LIU,9,9,0.50909,0.32275,0.53652,0.42278
2018,baseball,2018-03-19,False,50.0,197566,LMU (CA),9,10,0.49733,0.61451,0.51794,0.56107
2018,baseball,2018-03-19,False,58.0,197562,LSU,14,7,0.55367,0.57886,0.51744,0.55721
2018,baseball,2018-03-19,False,273.0,197555,La Salle,5,13,0.35758,0.40435,0.47688,0.41079
2018,baseball,2018-03-19,False,228.0,197556,Lafayette,8,12,0.54595,0.43061,0.43095,0.45953
2018,baseball,2018-03-19,False,233.0,197557,Lamar University,4,16,0.12844,0.6285,0.43936,0.4562
2018,baseball,2018-03-19,False,179.0,197558,Lehigh,8,10,0.55556,0.4686,0.43794,0.48267
2018,baseball,2018-03-19,False,122.0,197559,Liberty,11,8,0.54601,0.51007,0.50519,0.51784
2018,baseball,2018-03-19,False,247.0,197741,Lipscomb,9,11,0.33511,0.46118,0.50687,0.44109
2018,baseball,2018-03-19,False,63.0,197457,Little Rock,11,9,0.595,0.55773,0.50019,0.55266
2018,baseball,2018-03-19,False,107.0,197478,Long Beach St.,8,12,0.32979,0.63812,0.4938,0.52496
2018,baseball,2018-03-19,False,248.0,197561,Longwood,6,12,0.28571,0.49917,0.47603,0.44002
2018,baseball,2018-03-19,False,135.0,197677,Louisiana,8,11,0.41848,0.5483,0.5274,0.51062
2018,baseball,2018-03-19,False,57.0,197563,Louisiana Tech,15,6,0.69355,0.48841,0.55888,0.55731
2018,baseball,2018-03-19,False,74.0,197564,Louisville,16,4,0.76471,0.41826,0.57206,0.54332
2018,baseball,2018-03-19,False,223.0,197567,Maine,4,17,0.26901,0.57962,0.42771,0.46399
2018,baseball,2018-03-19,False,137.0,197568,Manhattan,7,10,0.56522,0.50187,0.47013,0.50977
2018,baseball,2018-03-19,False,178.0,197569,Marist,4,10,0.42623,0.53494,0.44008,0.48405
2018,baseball,2018-03-19,False,171.0,197570,Marshall,11,6,0.6648,0.38597,0.509,0.48644
2018,baseball,2018-03-19,False,128.0,197572,Maryland,9,10,0.49733,0.53003,0.50713,0.51613
2018,baseball,2018-03-19,False,145.0,197574,Massachusetts,6,4,0.64948,0.41619,0.53259,0.50361
2018,baseball,2018-03-19,False,154.0,197575,McNeese,8,11,0.40201,0.55269,0.47492,0.49558
2018,baseball,2018-03-19,False,220.0,197576,Memphis,7,13,0.3299,0.52772,0.48666,0.468
2018,baseball,2018-03-19,False,126.0,197577,Mercer,16,5,0.70056,0.40898,0.54823,0.51669
2018,baseball,2018-03-19,False,91.0,197579,Miami (FL),9,10,0.41436,0.61424,0.50872,0.53789
2018,baseball,2018-03-19,False,161.0,197578,Miami (OH),11,6,0.65244,0.36846,0.57666,0.4915
2018,baseball,2018-03-19,False,186.0,197581,Michigan,7,11,0.42138,0.50578,0.48569,0.47966
2018,baseball,2018-03-19,False,232.0,197580,Michigan St.,6,12,0.35088,0.49179,0.49228,0.45669
2018,baseball,2018-03-19,False,157.0,197582,Middle Tenn.,11,9,0.52,0.4778,0.49885,0.49361
2018,baseball,2018-03-19,False,235.0,197719,Milwaukee,6,12,0.4386,0.42564,0.51735,0.4518
2018,baseball,2018-03-19,False,94.0,197583,Minnesota,14,8,0.62617,0.49048,0.53708,0.53605
2018,baseball,2018-03-19,False,88.0,197584,Mississippi St.,10,10,0.48404,0.59394,0.48162,0.53839
2018,baseball,2018-03-19,False,264.0,197585,Mississippi Val.,3,15,0.18,0.53276,0.42998,0.41888
2018,baseball,2018-03-19,False,24.0,197587,Missouri,15,5,0.76705,0.5209,0.53927,0.58703
2018,baseball,2018-03-19,False,84.0,197675,Missouri St.,11,6,0.65868,0.49613,0.50559,0.53913
2018,baseball,2018-03-19,False,251.0,197588,Monmouth,4,11,0.34127,0.46091,0.47378,0.43422
2018,baseball,2018-03-19,False,217.0,197589,Morehead St.,11,9,0.55155,0.41742,0.49131,0.46943
2018,baseball,2018-03-19,False,292.0,197590,Mount St. Mary's,3,10,0.23478,0.38901,0.431,0.36095
2018,baseball,2018-03-19,False,234.0,197591,Murray St.,10,10,0.48235,0.39623,0.53303,0.45196
2018,baseball,2018-03-19,False,275.0,197609,N.C. A&T,8,12,0.28866,0.42183,0.48872,0.40526
2018,baseball,2018-03-19,False,113.0,197610,N.C. Central,14,7,0.62564,0.48043,0.50384,0.52259
2018,baseball,2018-03-19,False,9.0,197611,NC State,18,3,0.79365,0.55714,0.5384,0.61159
2018,baseball,2018-03-19,False,208.0,197616,NIU,4,14,0.34667,0.55156,0.43949,0.47232
2018,baseball,2018-03-19,False,149.0,197601,NJIT,8,7,0.67333,0.46254,0.40242,0.50021
2018,baseball,2018-03-19,False,169.0,197698,Navy,17,5,0.75576,0.33278,0.52631,0.48691
2018,baseball,2018-03-19,False,96.0,197597,Nebraska,11,8,0.54144,0.54814,0.50323,0.53524
2018,baseball,2018-03-19,False,76.0,197600,Nevada,9,7,0.62838,0.52274,0.49882,0.54317
2018,baseball,2018-03-19,False,198.0,197603,New Mexico,8,11,0.42012,0.48996,0.50737,0.47685
2018,baseball,2018-03-19,False,197.0,197602,New Mexico St.,13,8,0.58788,0.3876,0.5445,0.4769
2018,baseball,2018-03-19,False,125.0,197604,New Orleans,9,11,0.40541,0.60357,0.4545,0.51676
2018,baseball,2018-03-19,False,265.0,197606,Niagara,4,10,0.39695,0.389,0.49496,0.41748
2018,baseball,2018-03-19,False,268.0,197607,Nicholls,6,14,0.24742,0.46134,0.49255,0.41566
2018,baseball,2018-03-19,False,295.0,197608,Norfolk St.,5,13,0.25238,0.33661,0.43091,0.33913
2018,baseball,2018-03-19,False,8.0,197593,North Carolina,12,8,0.56757,0.71596,0.45578,0.61382
2018,baseball,2018-03-19,False,199.0,197612,North Dakota St.,8,11,0.54286,0.44759,0.46832,0.47659
2018,baseball,2018-03-19,False,229.0,197734,North Florida,10,12,0.35714,0.49172,0.49543,0.459
2018,baseball,2018-03-19,False,3.0,197614,Northeastern,9,5,0.67883,0.66241,0.4983,0.62549
2018,baseball,2018-03-19,False,184.0,197615,Northern Colo.,14,7,0.66667,0.34749,0.55853,0.48005
2018,baseball,2018-03-19,False,221.0,197617,Northern Ky.,4,14,0.33333,0.55232,0.43001,0.467
2018,baseball,2018-03-19,False,189.0,197619,Northwestern,7,8,0.55072,0.41001,0.54605,0.4792
2018,baseball,2018-03-19,False,118.0,197618,Northwestern St.,11,8,0.62431,0.46468,0.52278,0.51911
2018,baseball,2018-03-19,False,77.0,197620,Notre Dame,8,10,0.51977,0.56823,0.51091,0.54179
2018,baseball,2018-03-19,False,229.0,197621,Oakland,3,14,0.25175,0.56811,0.44805,0.459
2018,baseball,2018-03-19,False,257.0,197623,Ohio,11,8,0.62814,0.27681,0.52418,0.42649
2018,baseball,2018-03-19,False,23.0,197622,Ohio St.,14,6,0.71066,0.56847,0.50146,0.58727
2018,baseball,2018-03-19,False,66.0,197625,Oklahoma,14,8,0.54011,0.57018,0.51761,0.54952
2018,baseball,2018-03-19,False,112.0,197624,Oklahoma St.,9,8,0.50289,0.52896,0.52989,0.52268
2018,baseball,2018-03-19,False,174.0,197626,Old Dominion,8,11,0.31053,0.56255,0.50903,0.48617
2018,baseball,2018-03-19,False,5.0,197586,Ole Miss,19,2,0.88701,0.52613,0.55786,0.62428
2018,baseball,2018-03-19,False,196.0,197598,Omaha,7,12,0.3961,0.52429,0.46312,0.47695
2018,baseball,2018-03-19,False,202.0,197627,Oral Roberts,11,6,0.58042,0.37822,0.56809,0.47624
2018,baseball,2018-03-19,False,22.0,197629,Oregon,12,7,0.62577,0.58616,0.55274,0.5877
2018,baseball,2018-03-19,False,4.0,197628,Oregon St.,18,1,0.92818,0.5042,0.56059,0.62429
2018,baseball,2018-03-19,False,185.0,197630,Pacific,7,13,0.4011,0.52212,0.47353,0.47972
2018,baseball,2018-03-19,False,213.0,197633,Penn,4,11,0.35659,0.57154,0.3848,0.47112
2018,baseball,2018-03-19,False,246.0,197632,Penn St.,6,9,0.45833,0.41465,0.47761,0.44131
2018,baseball,2018-03-19,False,133.0,197634,Pepperdine,9,11,0.43299,0.56427,0.49403,0.51389
2018,baseball,2018-03-19,False,78.0,197635,Pittsburgh,11,7,0.66049,0.48879,0.52846,0.54164
2018,baseball,2018-03-19,False,195.0,197636,Portland,8,12,0.29787,0.57575,0.46039,0.47744
2018,baseball,2018-03-19,False,281.0,197637,Prairie View,2,12,0.21849,0.46168,0.44054,0.3956
2018,baseball,2018-03-19,False,287.0,197731,Presbyterian,5,16,0.21256,0.38523,0.49473,0.36944
2018,baseball,2018-03-19,False,262.0,197638,Princeton,2,9,0.29213,0.46043,0.46389,0.41922
2018,baseball,2018-03-19,False,109.0,197639,Purdue,9,9,0.58491,0.52061,0.47118,0.52433
2018,baseball,2018-03-19,False,245.0,197544,Purdue Fort Wayne,4,12,0.38235,0.4511,0.48209,0.44166
2018,baseball,2018-03-19,False,40.0,197640,Quinnipiac,8,9,0.62275,0.57839,0.48673,0.56657
2018,baseball,2018-03-19,False,239.0,197641,Radford,8,11,0.45714,0.4055,0.52068,0.44721
2018,baseball,2018-03-19,False,60.0,197642,Rhode Island,4,14,0.33333,0.718,0.44737,0.55418
2018,baseball,2018-03-19,False,114.0,197643,Rice,9,13,0.39796,0.60434,0.48254,0.5223
2018,baseball,2018-03-19,False,164.0,197644,Richmond,11,8,0.56442,0.44475,0.50052,0.48861
2018,baseball,2018-03-19,False,254.0,197645,Rider,5,14,0.35542,0.48908,0.3843,0.42947
2018,baseball,2018-03-19,False,61.0,197646,Rutgers,11,7,0.66667,0.50687,0.53172,0.55303
2018,baseball,2018-03-19,False,280.0,197679,SFA,4,14,0.17949,0.46669,0.47092,0.39595
2018,baseball,2018-03-19,False,93.0,197672,SIUE,5,12,0.38922,0.66662,0.42371,0.53654
2018,baseball,2018-03-19,False,191.0,197480,Sacramento St.,8,11,0.38947,0.52525,0.47549,0.47887
2018,baseball,2018-03-19,False,276.0,197647,Sacred Heart,4,10,0.38281,0.37088,0.48673,0.40282
2018,baseball,2018-03-19,False,203.0,197650,Saint Joseph's,8,8,0.52027,0.43083,0.52296,0.47622
2018,baseball,2018-03-19,False,211.0,197651,Saint Louis,11,7,0.54422,0.3877,0.5651,0.47118
2018,baseball,2018-03-19,False,134.0,197652,Saint Mary's (CA),10,7,0.69565,0.37871,0.60229,0.51384
2018,baseball,2018-03-19,False,284.0,197653,Saint Peter's,0,8,0.0,0.5461,0.40869,0.37522
2018,baseball,2018-03-19,False,20.0,197654,Sam Houston,16,4,0.7734,0.53334,0.52826,0.59208
2018,baseball,2018-03-19,False,180.0,197655,Samford,10,11,0.40796,0.49468,0.53044,0.48194
2018,baseball,2018-03-19,False,82.0,197657,San Diego,10,10,0.41,0.64485,0.45745,0.53929
2018,baseball,2018-03-19,False,90.0,197656,San Diego St.,13,6,0.66851,0.46255,0.55885,0.53811
2018,baseball,2018-03-19,False,123.0,197658,San Francisco,12,7,0.61714,0.45266,0.54754,0.5175
2018,baseball,2018-03-19,False,151.0,197659,San Jose St.,8,10,0.38012,0.57925,0.45413,0.49819
2018,baseball,2018-03-19,False,102.0,197660,Santa Clara,13,5,0.68452,0.41159,0.60549,0.5283
2018,baseball,2018-03-19,False,293.0,197661,Savannah St.,4,12,0.18182,0.41199,0.41861,0.3561
2018,baseball,2018-03-19,False,200.0,197732,Seattle U,12,7,0.55435,0.38696,0.57781,0.47652
2018,baseball,2018-03-19,False,86.0,197662,Seton Hall,7,9,0.51408,0.57394,0.49306,0.53875
2018,baseball,2018-03-19,False,274.0,197663,Siena,0,17,0.0,0.61129,0.41957,0.41054
2018,baseball,2018-03-19,False,56.0,197664,South Alabama,11,9,0.55682,0.57755,0.5196,0.55788
2018,baseball,2018-03-19,False,117.0,197665,South Carolina,13,7,0.52601,0.52604,0.49962,0.51943
2018,baseball,2018-03-19,False,271.0,197666,South Dakota St.,2,17,0.15951,0.52682,0.44056,0.41343
2018,baseball,2018-03-19,False,119.0,197667,South Fla.,15,6,0.62712,0.45267,0.54368,0.51903
2018,baseball,2018-03-19,False,285.0,197668,Southeast Mo. St.,7,14,0.31282,0.3379,0.50468,0.37333
2018,baseball,2018-03-19,False,121.0,197669,Southeastern La.,16,6,0.67299,0.41026,0.57873,0.51806
2018,baseball,2018-03-19,False,129.0,197670,Southern California,11,5,0.63448,0.44493,0.53826,0.51565
2018,baseball,2018-03-19,False,177.0,197671,Southern Ill.,9,11,0.465,0.49281,0.48844,0.48476
2018,baseball,2018-03-19,False,39.0,197673,Southern Miss.,14,4,0.76282,0.47391,0.56127,0.56798
2018,baseball,2018-03-19,False,226.0,197674,Southern U.,6,12,0.40741,0.49231,0.44954,0.46039
2018,baseball,2018-03-19,False,277.0,197648,St. Bonaventure,4,10,0.34328,0.39268,0.47851,0.40179
2018,baseball,2018-03-19,False,87.0,197649,St. John's (NY),9,6,0.65385,0.48693,0.52651,0.53855
2018,baseball,2018-03-19,False,7.0,197678,Stanford,14,2,0.85915,0.50719,0.58868,0.61555
2018,baseball,2018-03-19,False,59.0,197680,Stetson,17,3,0.75316,0.45907,0.54683,0.55453
2018,baseball,2018-03-19,False,219.0,197681,Stony Brook,9,8,0.53757,0.41614,0.5027,0.46814
2018,baseball,2018-03-19,False,103.0,197686,TCU,10,7,0.53659,0.52709,0.51585,0.52666
2018,baseball,2018-03-19,False,52.0,197683,Tennessee,13,8,0.55556,0.59933,0.48872,0.56073
2018,baseball,2018-03-19,False,47.0,197682,Tennessee Tech,14,5,0.70718,0.4817,0.58259,0.56329
2018,baseball,2018-03-19,False,34.0,197690,Texas,12,9,0.4918,0.64831,0.50554,0.57349
2018,baseball,2018-03-19,False,17.0,197685,Texas A&M,17,4,0.77976,0.50366,0.59942,0.59662
2018,baseball,2018-03-19,False,237.0,197687,Texas Southern,6,13,0.38217,0.46152,0.49688,0.45052
2018,baseball,2018-03-19,False,136.0,197676,Texas St.,13,4,0.69128,0.39538,0.55928,0.51033
2018,baseball,2018-03-19,False,6.0,197688,Texas Tech,17,5,0.82143,0.56519,0.53604,0.62196
2018,baseball,2018-03-19,False,242.0,197494,The Citadel,8,11,0.31156,0.48203,0.50032,0.44399
2018,baseball,2018-03-19,False,173.0,197692,Toledo,4,13,0.3007,0.58614,0.47185,0.4862
2018,baseball,2018-03-19,False,290.0,197693,Towson,3,15,0.17188,0.41792,0.44437,0.36302
2018,baseball,2018-03-19,False,30.0,197694,Troy,13,7,0.60588,0.60266,0.51003,0.58031
2018,baseball,2018-03-19,False,155.0,197695,Tulane,9,12,0.36508,0.53954,0.53654,0.49517
2018,baseball,2018-03-19,False,210.0,197449,UAB,8,10,0.37778,0.52364,0.46072,0.47144
2018,baseball,2018-03-19,False,44.0,197450,UAlbany,7,5,0.72222,0.55227,0.43341,0.56504
2018,baseball,2018-03-19,False,170.0,197483,UC Davis,5,12,0.28649,0.59026,0.47899,0.4865
2018,baseball,2018-03-19,False,115.0,197484,UC Irvine,10,8,0.54023,0.50876,0.52393,0.52042
2018,baseball,2018-03-19,False,207.0,197486,UC Riverside,10,9,0.48619,0.44083,0.52527,0.47328
2018,baseball,2018-03-19,False,240.0,197481,UC Santa Barbara,6,11,0.3038,0.50631,0.46817,0.44615
2018,baseball,2018-03-19,False,67.0,197490,UCF,17,4,0.74011,0.45387,0.5477,0.54889
2018,baseball,2018-03-19,False,45.0,197485,UCLA,13,5,0.66667,0.51323,0.56453,0.56441
2018,baseball,2018-03-19,False,29.0,197498,UConn,9,7,0.70482,0.56631,0.4936,0.58276
2018,baseball,2018-03-19,False,116.0,197541,UIC,13,5,0.74214,0.39828,0.5395,0.51955
2018,baseball,2018-03-19,False,147.0,197735,UIW,13,9,0.53591,0.4881,0.49576,0.50197
2018,baseball,2018-03-19,False,146.0,197613,ULM,11,8,0.61143,0.43787,0.52555,0.50318
2018,baseball,2018-03-19,False,269.0,197571,UMBC,5,10,0.32593,0.43245,0.46915,0.415
2018,baseball,2018-03-19,False,296.0,197573,UMES,2,16,0.07292,0.32917,0.44963,0.29522
2018,baseball,2018-03-19,False,98.0,197565,UMass Lowell,7,10,0.51899,0.55463,0.5062,0.53361
2018,baseball,2018-03-19,False,168.0,197592,UNC Asheville,5,14,0.33714,0.57242,0.46584,0.48696
2018,baseball,2018-03-19,False,100.0,197595,UNC Greensboro,14,5,0.74033,0.4196,0.54625,0.53144
2018,baseball,2018-03-19,False,72.0,197596,UNCW,14,6,0.63736,0.48773,0.5632,0.54401
2018,baseball,2018-03-19,False,14.0,197599,UNLV,18,3,0.84746,0.50722,0.54988,0.60294
2018,baseball,2018-03-19,False,240.0,197737,USC Upstate,10,9,0.41989,0.43621,0.4923,0.44615
2018,baseball,2018-03-19,False,95.0,197689,UT Arlington,9,9,0.43396,0.59947,0.50887,0.53544
2018,baseball,2018-03-19,False,193.0,197684,UT Martin,5,14,0.34911,0.54444,0.47405,0.47801
2018,baseball,2018-03-19,False,238.0,197631,UTRGV,13,8,0.52821,0.36105,0.54788,0.44955
2018,baseball,2018-03-19,False,167.0,197691,UTSA,7,10,0.38728,0.5211,0.51941,0.48722
2018,baseball,2018-03-19,False,225.0,197699,Utah,2,16,0.17333,0.60806,0.45218,0.46041
2018,baseball,2018-03-19,False,111.0,197743,Utah Valley,7,11,0.54167,0.5144,0.5245,0.52374
2018,baseball,2018-03-19,False,148.0,197703,VCU,13,8,0.58602,0.44546,0.5277,0.50116
2018,baseball,2018-03-19,False,205.0,197704,VMI,9,9,0.5,0.43391,0.52717,0.47375
2018,baseball,2018-03-19,False,175.0,197700,Valparaiso,6,12,0.45455,0.49102,0.50542,0.4855
2018,baseball,2018-03-19,False,15.0,197701,Vanderbilt,15,5,0.71809,0.58516,0.51828,0.60167
2018,baseball,2018-03-19,False,279.0,197702,Villanova,4,11,0.30818,0.40164,0.48335,0.3987
2018,baseball,2018-03-19,False,110.0,197706,Virginia,13,7,0.58523,0.49198,0.52712,0.52408
2018,baseball,2018-03-19,False,108.0,197705,Virginia Tech,9,10,0.48837,0.54713,0.51681,0.52486
2018,baseball,2018-03-19,False,41.0,197707,Wagner,10,8,0.6776,0.57473,0.43832,0.56634
2018,baseball,2018-03-19,False,69.0,197708,Wake Forest,9,11,0.37297,0.6822,0.4494,0.5467
2018,baseball,2018-03-19,False,140.0,197710,Washington,10,8,0.50556,0.49991,0.51966,0.50626
2018,baseball,2018-03-19,False,191.0,197709,Washington St.,4,12,0.26056,0.5917,0.4715,0.47887
2018,baseball,2018-03-19,False,32.0,197711,West Virginia,9,9,0.57627,0.63751,0.45285,0.57604
2018,baseball,2018-03-19,False,252.0,197712,Western Caro.,2,17,0.07254,0.59693,0.46237,0.43219
2018,baseball,2018-03-19,False,291.0,197713,Western Ill.,2,13,0.11966,0.43231,0.46589,0.36254
2018,baseball,2018-03-19,False,272.0,197714,Western Ky.,10,10,0.42268,0.3449,0.53092,0.41085
2018,baseball,2018-03-19,False,190.0,197715,Western Mich.,9,8,0.51176,0.47191,0.46036,0.47899
2018,baseball,2018-03-19,False,12.0,197716,Wichita St.,13,4,0.77181,0.55574,0.54745,0.60769
2018,baseball,2018-03-19,False,188.0,197717,William & Mary,8,13,0.31795,0.55083,0.49775,0.47934
2018,baseball,2018-03-19,False,227.0,197718,Winthrop,8,13,0.32749,0.52308,0.4656,0.45981
2018,baseball,2018-03-19,False,183.0,197736,Wofford,14,6,0.60479,0.37384,0.57086,0.48083
2018,baseball,2018-03-19,False,141.0,197720,Wright St.,11,7,0.66667,0.3999,0.55708,0.50589
2018,baseball,2018-03-19,False,64.0,197721,Xavier,7,12,0.49398,0.64097,0.43278,0.55217
2018,baseball,2018-03-19,False,187.0,197722,Yale,3,11,0.27049,0.60378,0.43989,0.47948
2018,baseball,2018-03-19,False,289.0,197723,Youngstown St.,2,15,0.13699,0.43828,0.45528,0.36721
2018,baseball,2018-03-26,False,40.0,197740,A&M-Corpus Christi,16,9,0.639,0.5474,0.52563,0.56486
2018,baseball,2018-03-26,False,239.0,197445,Abilene Christian,13,9,0.49457,0.38889,0.51199,0.44608
2018,baseball,2018-03-26,False,101.0,197696,Air Force,9,14,0.43689,0.59512,0.48675,0.52847
2018,baseball,2018-03-26,False,60.0,197448,Alabama,16,9,0.60488,0.5421,0.52059,0.55242
2018,baseball,2018-03-26,False,272.0,197446,Alabama A&M,6,18,0.21622,0.48508,0.46011,0.41162
2018,baseball,2018-03-26,False,235.0,197447,Alabama St.,12,10,0.48241,0.41967,0.47386,0.4489
2018,baseball,2018-03-26,False,278.0,197451,Alcorn,6,17,0.31579,0.42951,0.43859,0.40335
2018,baseball,2018-03-26,False,208.0,197452,App State,5,16,0.31217,0.55771,0.46442,0.473
2018,baseball,2018-03-26,False,113.0,197454,Arizona,13,10,0.54054,0.5133,0.52389,0.52276
2018,baseball,2018-03-26,False,79.0,197453,Arizona St.,12,12,0.425,0.63618,0.47048,0.54196
2018,baseball,2018-03-26,False,271.0,197733,Ark.-Pine Bluff,7,12,0.33152,0.42274,0.47503,0.41301
2018,baseball,2018-03-26,False,16.0,197456,Arkansas,17,7,0.67677,0.59117,0.52411,0.5958
2018,baseball,2018-03-26,False,139.0,197455,Arkansas St.,9,12,0.43284,0.53061,0.52103,0.50377
2018,baseball,2018-03-26,False,90.0,197697,Army West Point,11,12,0.55066,0.54026,0.50656,0.53443
2018,baseball,2018-03-26,False,5.0,197458,Auburn,20,5,0.77073,0.57662,0.5488,0.61819
2018,baseball,2018-03-26,False,49.0,197459,Austin Peay,14,11,0.56818,0.58395,0.49979,0.55897
2018,baseball,2018-03-26,False,81.0,197468,BYU,12,10,0.54808,0.53885,0.53212,0.53948
2018,baseball,2018-03-26,False,146.0,197460,Ball St.,12,11,0.59227,0.44789,0.51561,0.50092
2018,baseball,2018-03-26,False,29.0,197462,Baylor,12,9,0.50746,0.64263,0.51306,0.57645
2018,baseball,2018-03-26,False,248.0,197738,Belmont,11,12,0.37736,0.4491,0.48846,0.441
2018,baseball,2018-03-26,False,173.0,197463,Bethune-Cookman,9,15,0.34615,0.57255,0.45824,0.48737
2018,baseball,2018-03-26,False,186.0,197464,Binghamton,4,13,0.33548,0.56974,0.45247,0.48186
2018,baseball,2018-03-26,False,83.0,197465,Boston College,9,12,0.47143,0.59178,0.49591,0.53773
2018,baseball,2018-03-26,False,267.0,197466,Bowling Green,6,17,0.30811,0.46339,0.44768,0.42064
2018,baseball,2018-03-26,False,39.0,197467,Bradley,12,5,0.78409,0.47856,0.5183,0.56488
2018,baseball,2018-03-26,False,182.0,197469,Brown,6,8,0.51562,0.44828,0.51772,0.48248
2018,baseball,2018-03-26,False,102.0,197470,Bryant,8,12,0.52128,0.54809,0.49303,0.52762
2018,baseball,2018-03-26,False,252.0,197471,Bucknell,5,17,0.23041,0.52285,0.45982,0.43398
2018,baseball,2018-03-26,False,96.0,197473,Butler,16,4,0.79695,0.4191,0.48814,0.53082
2018,baseball,2018-03-26,False,224.0,197475,CSU Bakersfield,10,15,0.42152,0.45346,0.51129,0.45993
2018,baseball,2018-03-26,False,138.0,197479,CSUN,10,14,0.40741,0.55883,0.49022,0.50382
2018,baseball,2018-03-26,False,198.0,197474,Cal Poly,11,12,0.43396,0.48228,0.51464,0.47829
2018,baseball,2018-03-26,False,80.0,197477,Cal St. Fullerton,9,12,0.40299,0.63211,0.49486,0.54051
2018,baseball,2018-03-26,False,35.0,197482,California,13,9,0.55446,0.60897,0.5075,0.56997
2018,baseball,2018-03-26,False,196.0,197487,Campbell,13,11,0.44309,0.4916,0.4874,0.47842
2018,baseball,2018-03-26,False,119.0,197488,Canisius,13,7,0.69811,0.42219,0.53159,0.51852
2018,baseball,2018-03-26,False,127.0,197724,Central Ark.,15,9,0.56579,0.48674,0.51009,0.51234
2018,baseball,2018-03-26,False,209.0,197489,Central Conn. St.,6,8,0.43511,0.50958,0.43346,0.47194
2018,baseball,2018-03-26,False,253.0,197491,Central Mich.,7,16,0.34928,0.43723,0.51008,0.43345
2018,baseball,2018-03-26,False,262.0,197461,Charleston So.,8,17,0.31734,0.4539,0.47105,0.42405
2018,baseball,2018-03-26,False,115.0,197594,Charlotte,14,9,0.57767,0.48705,0.53404,0.52145
2018,baseball,2018-03-26,False,238.0,197492,Chicago St.,4,16,0.24845,0.55935,0.41822,0.44634
2018,baseball,2018-03-26,False,204.0,197493,Cincinnati,10,12,0.4439,0.45638,0.54706,0.47593
2018,baseball,2018-03-26,False,7.0,197495,Clemson,18,6,0.70588,0.61229,0.53105,0.61538
2018,baseball,2018-03-26,False,20.0,197496,Coastal Carolina,19,7,0.63306,0.61458,0.50805,0.59257
2018,baseball,2018-03-26,False,30.0,197725,Col. of Charleston,19,6,0.69585,0.54732,0.50065,0.57279
2018,baseball,2018-03-26,False,187.0,197497,Columbia,5,16,0.29944,0.55824,0.51074,0.48166
2018,baseball,2018-03-26,False,292.0,197499,Coppin St.,5,13,0.34568,0.33447,0.46494,0.36989
2018,baseball,2018-03-26,False,174.0,197500,Cornell,2,9,0.22472,0.63149,0.46135,0.48726
2018,baseball,2018-03-26,False,15.0,197501,Creighton,12,6,0.73134,0.56102,0.54616,0.59988
2018,baseball,2018-03-26,False,69.0,197726,DBU,13,9,0.55612,0.56001,0.51947,0.5489
2018,baseball,2018-03-26,False,280.0,197502,Dartmouth,3,12,0.275,0.3884,0.51557,0.39184
2018,baseball,2018-03-26,False,217.0,197503,Davidson,15,8,0.5468,0.42364,0.46819,0.46557
2018,baseball,2018-03-26,False,233.0,197504,Dayton,6,13,0.37013,0.48139,0.46908,0.4505
2018,baseball,2018-03-26,False,263.0,197506,Delaware,12,9,0.52308,0.32994,0.50913,0.42302
2018,baseball,2018-03-26,False,297.0,197505,Delaware St.,2,19,0.09009,0.28556,0.39497,0.26404
2018,baseball,2018-03-26,False,34.0,197507,Duke,20,5,0.78341,0.48002,0.53725,0.57018
2018,baseball,2018-03-26,False,78.0,197509,ETSU,13,7,0.69149,0.4788,0.51974,0.54221
2018,baseball,2018-03-26,False,12.0,197508,East Carolina,18,5,0.75,0.56231,0.5379,0.60313
2018,baseball,2018-03-26,False,125.0,197510,Eastern Ill.,9,14,0.48899,0.53305,0.49703,0.51303
2018,baseball,2018-03-26,False,164.0,197511,Eastern Ky.,9,15,0.40909,0.55404,0.45172,0.49222
2018,baseball,2018-03-26,False,129.0,197512,Eastern Mich.,6,15,0.34921,0.62861,0.43312,0.50989
2018,baseball,2018-03-26,False,202.0,197727,Elon,13,11,0.47917,0.46251,0.50443,0.47715
2018,baseball,2018-03-26,False,237.0,197513,Evansville,6,12,0.31915,0.48488,0.5021,0.44775
2018,baseball,2018-03-26,False,290.0,197515,FDU,7,9,0.52229,0.26014,0.46637,0.37724
2018,baseball,2018-03-26,False,59.0,197742,FGCU,18,5,0.74641,0.46843,0.53212,0.55385
2018,baseball,2018-03-26,False,171.0,197518,FIU,12,14,0.37052,0.5553,0.47078,0.48797
2018,baseball,2018-03-26,False,183.0,197514,Fairfield,6,13,0.46154,0.49025,0.48673,0.4822
2018,baseball,2018-03-26,False,10.0,197517,Fla. Atlantic,17,7,0.70098,0.6079,0.50418,0.60524
2018,baseball,2018-03-26,False,13.0,197520,Florida,21,5,0.79018,0.53314,0.55074,0.6018
2018,baseball,2018-03-26,False,259.0,197516,Florida A&M,11,16,0.38351,0.4224,0.47465,0.42574
2018,baseball,2018-03-26,False,4.0,197519,Florida St.,20,5,0.8,0.5593,0.57214,0.62269
2018,baseball,2018-03-26,False,77.0,197521,Fordham,12,7,0.66316,0.5078,0.49324,0.543
2018,baseball,2018-03-26,False,154.0,197476,Fresno St.,13,10,0.50785,0.48318,0.51483,0.49726
2018,baseball,2018-03-26,False,93.0,197522,Furman,13,11,0.51208,0.56007,0.50309,0.53383
2018,baseball,2018-03-26,False,116.0,197526,Ga. Southern,12,11,0.48731,0.53631,0.52509,0.52126
2018,baseball,2018-03-26,False,184.0,197728,Gardner-Webb,13,13,0.48117,0.46491,0.51683,0.48196
2018,baseball,2018-03-26,False,232.0,197523,George Mason,10,11,0.42473,0.45699,0.46425,0.45074
2018,baseball,2018-03-26,False,197.0,197524,George Washington,12,11,0.49451,0.45666,0.5056,0.47835
2018,baseball,2018-03-26,False,284.0,197525,Georgetown,6,16,0.27136,0.40651,0.4683,0.38817
2018,baseball,2018-03-26,False,8.0,197529,Georgia,18,6,0.76471,0.58283,0.51834,0.61218
2018,baseball,2018-03-26,False,73.0,197527,Georgia St.,12,11,0.46154,0.59255,0.54269,0.54733
2018,baseball,2018-03-26,False,46.0,197528,Georgia Tech,13,11,0.50463,0.62421,0.48977,0.56071
2018,baseball,2018-03-26,False,91.0,197530,Gonzaga,12,10,0.62212,0.49628,0.52213,0.5342
2018,baseball,2018-03-26,False,261.0,197531,Grambling,12,13,0.49065,0.36294,0.48435,0.42522
2018,baseball,2018-03-26,False,240.0,197729,Grand Canyon,10,13,0.35437,0.44206,0.54504,0.44588
2018,baseball,2018-03-26,False,268.0,197532,Hartford,4,15,0.22078,0.46793,0.51714,0.41845
2018,baseball,2018-03-26,False,177.0,197533,Harvard,7,11,0.54167,0.46116,0.474,0.4845
2018,baseball,2018-03-26,False,94.0,197534,Hawaii,13,8,0.51323,0.52535,0.56802,0.53299
2018,baseball,2018-03-26,False,165.0,197739,High Point,12,11,0.5279,0.4682,0.50451,0.4922
2018,baseball,2018-03-26,False,168.0,197535,Hofstra,10,6,0.69143,0.39955,0.47453,0.49126
2018,baseball,2018-03-26,False,99.0,197536,Holy Cross,7,10,0.55488,0.54759,0.46749,0.52939
2018,baseball,2018-03-26,False,140.0,197538,Houston,16,8,0.59903,0.42597,0.56314,0.50353
2018,baseball,2018-03-26,False,142.0,197537,Houston Christian,9,15,0.45833,0.53126,0.49182,0.50317
2018,baseball,2018-03-26,False,27.0,197540,Illinois,15,5,0.78947,0.50038,0.53203,0.58056
2018,baseball,2018-03-26,False,55.0,197539,Illinois St.,8,11,0.53886,0.59088,0.50221,0.55571
2018,baseball,2018-03-26,False,42.0,197543,Indiana,16,5,0.75845,0.47142,0.55496,0.56406
2018,baseball,2018-03-26,False,22.0,197542,Indiana St.,14,5,0.80311,0.51724,0.52938,0.59174
2018,baseball,2018-03-26,False,274.0,197545,Iona,4,15,0.28994,0.44699,0.45611,0.41001
2018,baseball,2018-03-26,False,63.0,197546,Iowa,13,8,0.62051,0.53742,0.50924,0.55115
2018,baseball,2018-03-26,False,133.0,197547,Jackson St.,17,6,0.74249,0.39164,0.50074,0.50663
2018,baseball,2018-03-26,False,43.0,197549,Jacksonville,16,9,0.62009,0.54548,0.54395,0.56375
2018,baseball,2018-03-26,False,126.0,197548,Jacksonville St.,12,9,0.53521,0.49695,0.52105,0.51254
2018,baseball,2018-03-26,False,122.0,197550,James Madison,13,10,0.51931,0.53064,0.48411,0.51618
2018,baseball,2018-03-26,False,51.0,197552,Kansas,15,9,0.62121,0.5521,0.50912,0.55864
2018,baseball,2018-03-26,False,85.0,197551,Kansas St.,12,12,0.46667,0.58904,0.50289,0.53691
2018,baseball,2018-03-26,False,161.0,197730,Kennesaw St.,12,12,0.41667,0.54085,0.47932,0.49442
2018,baseball,2018-03-26,False,82.0,197553,Kent St.,11,8,0.65829,0.49059,0.51476,0.53856
2018,baseball,2018-03-26,False,25.0,197554,Kentucky,17,7,0.67982,0.56959,0.53346,0.58811
2018,baseball,2018-03-26,False,245.0,197560,LIU,10,9,0.52907,0.3604,0.5191,0.44224
2018,baseball,2018-03-26,False,70.0,197566,LMU (CA),12,11,0.51584,0.57777,0.52233,0.54843
2018,baseball,2018-03-26,False,54.0,197562,LSU,16,9,0.55924,0.57764,0.51196,0.55662
2018,baseball,2018-03-26,False,275.0,197555,La Salle,5,16,0.3172,0.42947,0.46285,0.40975
2018,baseball,2018-03-26,False,223.0,197556,Lafayette,9,13,0.52683,0.43224,0.45003,0.46033
2018,baseball,2018-03-26,False,230.0,197557,Lamar University,5,19,0.1627,0.59317,0.45859,0.45191
2018,baseball,2018-03-26,False,193.0,197558,Lehigh,9,11,0.56545,0.45973,0.43241,0.47933
2018,baseball,2018-03-26,False,148.0,197559,Liberty,13,9,0.54211,0.46953,0.51941,0.50014
2018,baseball,2018-03-26,False,225.0,197741,Lipscomb,10,13,0.34389,0.49829,0.49669,0.45929
2018,baseball,2018-03-26,False,72.0,197457,Little Rock,13,10,0.5859,0.54453,0.51702,0.54799
2018,baseball,2018-03-26,False,100.0,197478,Long Beach St.,10,14,0.38596,0.60058,0.53003,0.52929
2018,baseball,2018-03-26,False,269.0,197561,Longwood,6,15,0.25397,0.47405,0.45821,0.41507
2018,baseball,2018-03-26,False,111.0,197677,Louisiana,10,13,0.42174,0.57576,0.52486,0.52453
2018,baseball,2018-03-26,False,62.0,197563,Louisiana Tech,19,7,0.73222,0.46396,0.54493,0.55127
2018,baseball,2018-03-26,False,58.0,197564,Louisville,18,6,0.69444,0.48757,0.55083,0.5551
2018,baseball,2018-03-26,False,231.0,197567,Maine,5,19,0.29798,0.52718,0.45485,0.4518
2018,baseball,2018-03-26,False,145.0,197568,Manhattan,11,10,0.66667,0.42002,0.50236,0.50227
2018,baseball,2018-03-26,False,206.0,197569,Marist,7,11,0.47799,0.46745,0.48449,0.47434
2018,baseball,2018-03-26,False,218.0,197570,Marshall,11,9,0.595,0.38518,0.49279,0.46454
2018,baseball,2018-03-26,False,56.0,197572,Maryland,12,12,0.51282,0.59872,0.51219,0.55561
2018,baseball,2018-03-26,False,128.0,197574,Massachusetts,7,6,0.6129,0.4629,0.50181,0.51013
2018,baseball,2018-03-26,False,155.0,197575,McNeese,9,14,0.38912,0.55199,0.4934,0.49662
2018,baseball,2018-03-26,False,216.0,197576,Memphis,8,16,0.31982,0.53084,0.48347,0.46624
2018,baseball,2018-03-26,False,84.0,197577,Mercer,19,6,0.69585,0.4566,0.54005,0.53728
2018,baseball,2018-03-26,False,75.0,197579,Miami (FL),12,11,0.44651,0.61517,0.50926,0.54653
2018,baseball,2018-03-26,False,188.0,197578,Miami (OH),13,7,0.67513,0.33921,0.57238,0.48148
2018,baseball,2018-03-26,False,123.0,197581,Michigan,12,11,0.54,0.5064,0.51159,0.5161
2018,baseball,2018-03-26,False,257.0,197580,Michigan St.,6,16,0.28436,0.47613,0.47747,0.42852
2018,baseball,2018-03-26,False,166.0,197582,Middle Tenn.,13,11,0.50407,0.47642,0.50922,0.49153
2018,baseball,2018-03-26,False,210.0,197719,Milwaukee,7,14,0.44444,0.47651,0.48676,0.47106
2018,baseball,2018-03-26,False,52.0,197583,Minnesota,16,9,0.64777,0.52851,0.52969,0.55862
2018,baseball,2018-03-26,False,65.0,197584,Mississippi St.,13,12,0.51528,0.59889,0.48908,0.55054
2018,baseball,2018-03-26,False,277.0,197585,Mississippi Val.,6,17,0.25131,0.45154,0.46065,0.40376
2018,baseball,2018-03-26,False,41.0,197587,Missouri,19,6,0.75115,0.47807,0.55139,0.56467
2018,baseball,2018-03-26,False,67.0,197675,Missouri St.,16,6,0.71782,0.48157,0.51601,0.54924
2018,baseball,2018-03-26,False,249.0,197588,Monmouth,5,13,0.36601,0.45773,0.46779,0.43732
2018,baseball,2018-03-26,False,160.0,197589,Morehead St.,14,11,0.59109,0.44807,0.4907,0.49449
2018,baseball,2018-03-26,False,294.0,197590,Mount St. Mary's,4,11,0.2963,0.34733,0.43992,0.35772
2018,baseball,2018-03-26,False,215.0,197591,Murray St.,14,11,0.53659,0.39572,0.53901,0.46676
2018,baseball,2018-03-26,False,276.0,197609,N.C. A&T,9,14,0.31222,0.41115,0.48304,0.40439
2018,baseball,2018-03-26,False,153.0,197610,N.C. Central,18,8,0.63559,0.43659,0.48132,0.49752
2018,baseball,2018-03-26,False,14.0,197611,NC State,20,4,0.75926,0.54654,0.55289,0.6013
2018,baseball,2018-03-26,False,220.0,197616,NIU,6,16,0.36735,0.51638,0.45711,0.4643
2018,baseball,2018-03-26,False,169.0,197601,NJIT,10,8,0.6828,0.42653,0.42881,0.49117
2018,baseball,2018-03-26,False,212.0,197698,Navy,18,8,0.66537,0.35335,0.50732,0.46985
2018,baseball,2018-03-26,False,86.0,197597,Nebraska,13,11,0.50427,0.5761,0.48979,0.53657
2018,baseball,2018-03-26,False,50.0,197600,Nevada,12,8,0.68041,0.52899,0.49727,0.55892
2018,baseball,2018-03-26,False,163.0,197603,New Mexico,10,12,0.43367,0.51493,0.51019,0.49343
2018,baseball,2018-03-26,False,189.0,197602,New Mexico St.,15,10,0.55779,0.42889,0.50918,0.48119
2018,baseball,2018-03-26,False,190.0,197604,New Orleans,9,15,0.32468,0.5692,0.46113,0.48105
2018,baseball,2018-03-26,False,282.0,197606,Niagara,5,11,0.43046,0.31255,0.50713,0.39067
2018,baseball,2018-03-26,False,255.0,197607,Nicholls,8,15,0.28054,0.46346,0.50885,0.42908
2018,baseball,2018-03-26,False,295.0,197608,Norfolk St.,7,14,0.3251,0.29585,0.43805,0.33871
2018,baseball,2018-03-26,False,11.0,197593,North Carolina,14,10,0.52889,0.69739,0.49146,0.60378
2018,baseball,2018-03-26,False,157.0,197612,North Dakota St.,11,11,0.62617,0.44251,0.47414,0.49633
2018,baseball,2018-03-26,False,203.0,197734,North Florida,13,13,0.39565,0.4979,0.51515,0.47665
2018,baseball,2018-03-26,False,18.0,197614,Northeastern,11,9,0.61081,0.63487,0.4999,0.59511
2018,baseball,2018-03-26,False,207.0,197615,Northern Colo.,15,10,0.60996,0.3708,0.54047,0.47301
2018,baseball,2018-03-26,False,241.0,197617,Northern Ky.,5,16,0.35519,0.49273,0.44171,0.44559
2018,baseball,2018-03-26,False,156.0,197619,Northwestern,7,11,0.42938,0.51661,0.52287,0.49637
2018,baseball,2018-03-26,False,130.0,197618,Northwestern St.,12,11,0.52863,0.49626,0.51836,0.50988
2018,baseball,2018-03-26,False,107.0,197620,Notre Dame,10,12,0.48848,0.54174,0.53151,0.52587
2018,baseball,2018-03-26,False,192.0,197621,Oakland,4,17,0.27684,0.59636,0.44941,0.47974
2018,baseball,2018-03-26,False,264.0,197623,Ohio,12,10,0.61062,0.28814,0.5046,0.42288
2018,baseball,2018-03-26,False,53.0,197622,Ohio St.,16,7,0.6875,0.52099,0.50238,0.55797
2018,baseball,2018-03-26,False,44.0,197625,Oklahoma,17,9,0.56744,0.57406,0.53846,0.5635
2018,baseball,2018-03-26,False,89.0,197624,Oklahoma St.,11,10,0.53052,0.53364,0.54532,0.53578
2018,baseball,2018-03-26,False,205.0,197626,Old Dominion,9,13,0.3318,0.52233,0.52408,0.47514
2018,baseball,2018-03-26,False,3.0,197586,Ole Miss,22,3,0.87558,0.55647,0.54299,0.63288
2018,baseball,2018-03-26,False,176.0,197598,Omaha,9,13,0.41436,0.52855,0.47154,0.48575
2018,baseball,2018-03-26,False,201.0,197627,Oral Roberts,13,9,0.54211,0.41058,0.54695,0.47755
2018,baseball,2018-03-26,False,26.0,197629,Oregon,14,8,0.61053,0.57668,0.56226,0.58154
2018,baseball,2018-03-26,False,9.0,197628,Oregon St.,20,2,0.875,0.51182,0.54236,0.61025
2018,baseball,2018-03-26,False,181.0,197630,Pacific,8,15,0.37209,0.53645,0.48644,0.48286
2018,baseball,2018-03-26,False,247.0,197633,Penn,5,13,0.37821,0.47787,0.43037,0.44108
2018,baseball,2018-03-26,False,200.0,197632,Penn St.,7,11,0.46199,0.49081,0.46859,0.47805
2018,baseball,2018-03-26,False,141.0,197634,Pepperdine,10,13,0.43891,0.53218,0.51011,0.50335
2018,baseball,2018-03-26,False,88.0,197635,Pittsburgh,12,9,0.58462,0.52077,0.5175,0.53591
2018,baseball,2018-03-26,False,229.0,197636,Portland,8,15,0.2467,0.54955,0.46661,0.4531
2018,baseball,2018-03-26,False,279.0,197637,Prairie View,5,14,0.29375,0.42951,0.44891,0.40042
2018,baseball,2018-03-26,False,291.0,197731,Presbyterian,7,18,0.24066,0.3823,0.48673,0.373
2018,baseball,2018-03-26,False,273.0,197638,Princeton,2,10,0.27083,0.45289,0.46826,0.41122
2018,baseball,2018-03-26,False,121.0,197639,Purdue,10,10,0.55866,0.52334,0.46582,0.51779
2018,baseball,2018-03-26,False,258.0,197544,Purdue Fort Wayne,4,15,0.29714,0.47357,0.46709,0.42784
2018,baseball,2018-03-26,False,114.0,197640,Quinnipiac,8,12,0.55319,0.5261,0.48103,0.5216
2018,baseball,2018-03-26,False,227.0,197641,Radford,9,13,0.4604,0.42341,0.51606,0.45582
2018,baseball,2018-03-26,False,98.0,197642,Rhode Island,5,17,0.32,0.66438,0.46955,0.52958
2018,baseball,2018-03-26,False,149.0,197643,Rice,10,16,0.35124,0.57947,0.4885,0.49967
2018,baseball,2018-03-26,False,159.0,197644,Richmond,14,9,0.5736,0.45128,0.50188,0.49451
2018,baseball,2018-03-26,False,265.0,197645,Rider,5,14,0.35542,0.47424,0.38457,0.42212
2018,baseball,2018-03-26,False,71.0,197646,Rutgers,13,8,0.64762,0.51475,0.51609,0.5483
2018,baseball,2018-03-26,False,236.0,197679,SFA,8,15,0.35407,0.48296,0.4728,0.44819
2018,baseball,2018-03-26,False,162.0,197672,SIUE,5,16,0.32338,0.61419,0.42472,0.49412
2018,baseball,2018-03-26,False,226.0,197480,Sacramento St.,9,13,0.40092,0.4615,0.50204,0.45649
2018,baseball,2018-03-26,False,281.0,197647,Sacred Heart,5,12,0.36129,0.36106,0.48256,0.39149
2018,baseball,2018-03-26,False,228.0,197650,Saint Joseph's,8,11,0.41176,0.45966,0.48607,0.45429
2018,baseball,2018-03-26,False,134.0,197651,Saint Louis,15,7,0.66332,0.40727,0.54351,0.50534
2018,baseball,2018-03-26,False,109.0,197652,Saint Mary's (CA),12,8,0.71134,0.4102,0.57115,0.52572
2018,baseball,2018-03-26,False,293.0,197653,Saint Peter's,0,12,0.0,0.5191,0.43236,0.36764
2018,baseball,2018-03-26,False,32.0,197654,Sam Houston,17,7,0.6749,0.54402,0.52254,0.57137
2018,baseball,2018-03-26,False,211.0,197655,Samford,11,14,0.36929,0.50086,0.51321,0.47105
2018,baseball,2018-03-26,False,92.0,197657,San Diego,12,12,0.45,0.59864,0.48892,0.53405
2018,baseball,2018-03-26,False,28.0,197656,San Diego St.,16,7,0.69683,0.54601,0.52191,0.57769
2018,baseball,2018-03-26,False,112.0,197658,San Francisco,15,8,0.64758,0.44855,0.54803,0.52318
2018,baseball,2018-03-26,False,213.0,197659,San Jose St.,9,13,0.36181,0.52606,0.46479,0.46968
2018,baseball,2018-03-26,False,132.0,197660,Santa Clara,14,7,0.60697,0.44766,0.53327,0.50889
2018,baseball,2018-03-26,False,285.0,197661,Savannah St.,5,14,0.22652,0.4413,0.43599,0.38628
2018,baseball,2018-03-26,False,194.0,197732,Seattle U,13,9,0.54502,0.41682,0.53732,0.479
2018,baseball,2018-03-26,False,47.0,197662,Seton Hall,9,10,0.56571,0.58675,0.5026,0.56045
2018,baseball,2018-03-26,False,250.0,197663,Siena,2,17,0.17931,0.54154,0.47734,0.43493
2018,baseball,2018-03-26,False,38.0,197664,South Alabama,13,10,0.58128,0.58195,0.52238,0.56689
2018,baseball,2018-03-26,False,137.0,197665,South Carolina,13,11,0.43961,0.53522,0.50804,0.50452
2018,baseball,2018-03-26,False,266.0,197666,South Dakota St.,3,17,0.22159,0.50448,0.45748,0.42201
2018,baseball,2018-03-26,False,57.0,197667,South Fla.,18,7,0.63594,0.52033,0.54522,0.55545
2018,baseball,2018-03-26,False,270.0,197668,Southeast Mo. St.,10,15,0.36771,0.38067,0.52457,0.41341
2018,baseball,2018-03-26,False,152.0,197669,Southeastern La.,18,9,0.61905,0.40749,0.56043,0.49861
2018,baseball,2018-03-26,False,117.0,197670,Southern California,11,9,0.53179,0.5168,0.51767,0.52077
2018,baseball,2018-03-26,False,144.0,197671,Southern Ill.,12,12,0.5,0.5061,0.49847,0.50267
2018,baseball,2018-03-26,False,23.0,197673,Southern Miss.,17,5,0.77551,0.51576,0.5545,0.59038
2018,baseball,2018-03-26,False,260.0,197674,Southern U.,7,15,0.40306,0.42615,0.44674,0.42553
2018,baseball,2018-03-26,False,289.0,197648,St. Bonaventure,4,13,0.29677,0.38478,0.45774,0.38102
2018,baseball,2018-03-26,False,105.0,197649,St. John's (NY),11,7,0.65641,0.45071,0.54897,0.5267
2018,baseball,2018-03-26,False,2.0,197678,Stanford,17,2,0.8773,0.55549,0.56281,0.63777
2018,baseball,2018-03-26,False,45.0,197680,Stetson,19,5,0.72396,0.49891,0.52733,0.56228
2018,baseball,2018-03-26,False,178.0,197681,Stony Brook,12,9,0.55072,0.4435,0.49853,0.48406
2018,baseball,2018-03-26,False,68.0,197686,TCU,14,7,0.60417,0.53182,0.52839,0.54905
2018,baseball,2018-03-26,False,37.0,197683,Tennessee,16,9,0.56432,0.60301,0.50409,0.5686
2018,baseball,2018-03-26,False,48.0,197682,Tennessee Tech,18,5,0.74641,0.46292,0.56802,0.56007
2018,baseball,2018-03-26,False,33.0,197690,Texas,15,10,0.51152,0.61546,0.53885,0.57032
2018,baseball,2018-03-26,False,24.0,197685,Texas A&M,19,6,0.70561,0.53852,0.57088,0.58838
2018,baseball,2018-03-26,False,222.0,197687,Texas Southern,9,15,0.42647,0.46578,0.48379,0.46045
2018,baseball,2018-03-26,False,120.0,197676,Texas St.,14,8,0.59783,0.46468,0.54627,0.51836
2018,baseball,2018-03-26,False,1.0,197688,Texas Tech,21,5,0.84375,0.59236,0.55524,0.64593
2018,baseball,2018-03-26,False,234.0,197494,The Citadel,11,12,0.37238,0.4567,0.51468,0.45012
2018,baseball,2018-03-26,False,150.0,197692,Toledo,6,14,0.39205,0.56368,0.47896,0.49959
2018,baseball,2018-03-26,False,283.0,197693,Towson,4,17,0.21005,0.46243,0.41802,0.38823
2018,baseball,2018-03-26,False,31.0,197694,Troy,16,8,0.64762,0.5593,0.52458,0.5727
2018,baseball,2018-03-26,False,167.0,197695,Tulane,11,14,0.3722,0.53314,0.52728,0.49144
2018,baseball,2018-03-26,False,179.0,197449,UAB,10,12,0.37273,0.54226,0.47755,0.4837
2018,baseball,2018-03-26,False,118.0,197450,UAlbany,9,7,0.67456,0.45981,0.48631,0.52012
2018,baseball,2018-03-26,False,184.0,197483,UC Davis,5,12,0.28649,0.58214,0.47709,0.48196
2018,baseball,2018-03-26,False,106.0,197484,UC Irvine,12,10,0.54808,0.51764,0.52251,0.52647
2018,baseball,2018-03-26,False,180.0,197486,UC Riverside,10,9,0.48619,0.46196,0.52359,0.48342
2018,baseball,2018-03-26,False,219.0,197481,UC Santa Barbara,9,11,0.38547,0.4861,0.50021,0.46447
2018,baseball,2018-03-26,False,74.0,197490,UCF,18,8,0.61607,0.5202,0.53174,0.54705
2018,baseball,2018-03-26,False,66.0,197485,UCLA,15,6,0.64516,0.49023,0.57156,0.54929
2018,baseball,2018-03-26,False,21.0,197498,UConn,11,9,0.69417,0.5951,0.48587,0.59256
2018,baseball,2018-03-26,False,175.0,197541,UIC,15,6,0.70968,0.34822,0.53763,0.48594
2018,baseball,2018-03-26,False,172.0,197735,UIW,15,11,0.51628,0.46928,0.49663,0.48787
2018,baseball,2018-03-26,False,131.0,197613,ULM,13,10,0.57895,0.47054,0.51721,0.50931
2018,baseball,2018-03-26,False,251.0,197571,UMBC,5,13,0.28205,0.50212,0.45044,0.43418
2018,baseball,2018-03-26,False,296.0,197573,UMES,3,20,0.08787,0.40058,0.42099,0.3275
2018,baseball,2018-03-26,False,87.0,197565,UMass Lowell,9,11,0.54255,0.54858,0.50448,0.53605
2018,baseball,2018-03-26,False,147.0,197592,UNC Asheville,6,16,0.35644,0.5865,0.47244,0.50047
2018,baseball,2018-03-26,False,97.0,197595,UNC Greensboro,16,6,0.71154,0.44501,0.51972,0.53032
2018,baseball,2018-03-26,False,103.0,197596,UNCW,16,7,0.62201,0.48014,0.52758,0.52747
2018,baseball,2018-03-26,False,19.0,197599,UNLV,20,5,0.76233,0.53649,0.53874,0.59351
2018,baseball,2018-03-26,False,256.0,197737,USC Upstate,13,11,0.42544,0.40243,0.48504,0.42883
2018,baseball,2018-03-26,False,64.0,197689,UT Arlington,11,11,0.46114,0.61659,0.50979,0.55103
2018,baseball,2018-03-26,False,214.0,197684,UT Martin,5,17,0.31053,0.54357,0.47148,0.46728
2018,baseball,2018-03-26,False,221.0,197631,UTRGV,15,10,0.51092,0.40837,0.52269,0.46259
2018,baseball,2018-03-26,False,110.0,197691,UTSA,11,10,0.47264,0.56325,0.50148,0.52515
2018,baseball,2018-03-26,False,244.0,197699,Utah,4,18,0.21739,0.53607,0.4818,0.44283
2018,baseball,2018-03-26,False,108.0,197743,Utah Valley,9,12,0.53846,0.52368,0.51725,0.52577
2018,baseball,2018-03-26,False,135.0,197703,VCU,16,8,0.62802,0.42928,0.53326,0.50496
2018,baseball,2018-03-26,False,170.0,197704,VMI,10,11,0.49735,0.47439,0.50585,0.48799
2018,baseball,2018-03-26,False,151.0,197700,Valparaiso,7,12,0.49438,0.49903,0.50293,0.49884
2018,baseball,2018-03-26,False,17.0,197701,Vanderbilt,17,7,0.66222,0.60047,0.51942,0.59564
2018,baseball,2018-03-26,False,288.0,197702,Villanova,4,13,0.26486,0.4028,0.46036,0.38271
2018,baseball,2018-03-26,False,143.0,197706,Virginia,13,10,0.52284,0.47956,0.53,0.50299
2018,baseball,2018-03-26,False,124.0,197705,Virginia Tech,10,12,0.48744,0.52,0.53631,0.51594
2018,baseball,2018-03-26,False,61.0,197707,Wagner,12,9,0.66197,0.53934,0.46744,0.55202
2018,baseball,2018-03-26,False,95.0,197708,Wake Forest,11,13,0.42222,0.60715,0.49122,0.53194
2018,baseball,2018-03-26,False,104.0,197710,Washington,11,10,0.50242,0.55377,0.49977,0.52743
2018,baseball,2018-03-26,False,191.0,197709,Washington St.,5,14,0.29586,0.56986,0.48485,0.48011
2018,baseball,2018-03-26,False,36.0,197711,West Virginia,9,12,0.51515,0.64702,0.46873,0.56948
2018,baseball,2018-03-26,False,254.0,197712,Western Caro.,3,19,0.12273,0.56726,0.47507,0.43308
2018,baseball,2018-03-26,False,286.0,197713,Western Ill.,3,14,0.15328,0.46091,0.46881,0.38598
2018,baseball,2018-03-26,False,243.0,197714,Western Ky.,12,12,0.45,0.39349,0.53867,0.44391
2018,baseball,2018-03-26,False,246.0,197715,Western Mich.,10,11,0.44762,0.42187,0.47505,0.4416
2018,baseball,2018-03-26,False,6.0,197716,Wichita St.,17,4,0.80791,0.55742,0.54886,0.6179
2018,baseball,2018-03-26,False,195.0,197717,William & Mary,8,16,0.28704,0.56413,0.49904,0.47858
2018,baseball,2018-03-26,False,199.0,197718,Winthrop,12,13,0.42211,0.50592,0.47878,0.47818
2018,baseball,2018-03-26,False,136.0,197736,Wofford,16,9,0.57727,0.46193,0.51801,0.50478
2018,baseball,2018-03-26,False,158.0,197720,Wright St.,13,8,0.64583,0.39307,0.54776,0.49493
2018,baseball,2018-03-26,False,76.0,197721,Xavier,7,15,0.42487,0.65389,0.4519,0.54614
2018,baseball,2018-03-26,False,242.0,197722,Yale,4,13,0.30872,0.50286,0.46537,0.44495
2018,baseball,2018-03-26,False,287.0,197723,Youngstown St.,4,17,0.18889,0.43049,0.48308,0.38324
2018,baseball,2018-04-02,False,93.0,197740,A&M-Corpus Christi,16,13,0.5256,0.54325,0.51757,0.53242
2018,baseball,2018-04-02,False,223.0,197445,Abilene Christian,13,12,0.4439,0.45845,0.48499,0.46145
2018,baseball,2018-04-02,False,101.0,197696,Air Force,11,15,0.44635,0.58209,0.494,0.52613
2018,baseball,2018-04-02,False,52.0,197448,Alabama,18,11,0.57025,0.56139,0.52481,0.55446
2018,baseball,2018-04-02,False,285.0,197446,Alabama A&M,7,21,0.20992,0.46223,0.45928,0.39842
2018,baseball,2018-04-02,False,250.0,197447,Alabama St.,14,12,0.4721,0.40685,0.47757,0.44084
2018,baseball,2018-04-02,False,276.0,197451,Alcorn,8,18,0.38017,0.40849,0.45096,0.41203
2018,baseball,2018-04-02,False,204.0,197452,App State,6,19,0.32287,0.54081,0.48754,0.47301
2018,baseball,2018-04-02,False,100.0,197454,Arizona,16,10,0.58738,0.49827,0.52161,0.52638
2018,baseball,2018-04-02,False,108.0,197453,Arizona St.,13,14,0.43071,0.58415,0.49156,0.52264
2018,baseball,2018-04-02,False,272.0,197733,Ark.-Pine Bluff,10,12,0.4,0.39767,0.47405,0.41735
2018,baseball,2018-04-02,False,11.0,197456,Arkansas,19,9,0.67227,0.61302,0.52561,0.60598
2018,baseball,2018-04-02,False,133.0,197455,Arkansas St.,11,13,0.44298,0.53138,0.52835,0.50852
2018,baseball,2018-04-02,False,127.0,197697,Army West Point,13,14,0.5206,0.50425,0.5107,0.50995
2018,baseball,2018-04-02,False,9.0,197458,Auburn,22,7,0.70565,0.59803,0.53405,0.60894
2018,baseball,2018-04-02,False,70.0,197459,Austin Peay,16,12,0.56275,0.55465,0.49822,0.54257
2018,baseball,2018-04-02,False,82.0,197468,BYU,14,12,0.56452,0.52891,0.52561,0.53699
2018,baseball,2018-04-02,False,187.0,197460,Ball St.,14,13,0.56631,0.42669,0.51277,0.48311
2018,baseball,2018-04-02,False,51.0,197462,Baylor,13,12,0.47598,0.62167,0.50458,0.55597
2018,baseball,2018-04-02,False,255.0,197738,Belmont,12,15,0.36905,0.43829,0.49795,0.43589
2018,baseball,2018-04-02,False,123.0,197463,Bethune-Cookman,10,18,0.33588,0.62039,0.46835,0.51125
2018,baseball,2018-04-02,False,210.0,197464,Binghamton,5,15,0.35714,0.52039,0.47283,0.46769
2018,baseball,2018-04-02,False,99.0,197465,Boston College,9,16,0.40574,0.6015,0.50465,0.52835
2018,baseball,2018-04-02,False,271.0,197466,Bowling Green,8,19,0.33333,0.44325,0.46977,0.4224
2018,baseball,2018-04-02,False,61.0,197467,Bradley,14,7,0.75926,0.46272,0.51491,0.5499
2018,baseball,2018-04-02,False,252.0,197469,Brown,6,13,0.39053,0.43708,0.491,0.43892
2018,baseball,2018-04-02,False,126.0,197470,Bryant,11,13,0.54825,0.50418,0.48393,0.51013
2018,baseball,2018-04-02,False,232.0,197471,Bucknell,7,19,0.28897,0.53209,0.4614,0.45364
2018,baseball,2018-04-02,False,85.0,197473,Butler,17,7,0.72889,0.46797,0.48002,0.53621
2018,baseball,2018-04-02,False,211.0,197475,CSU Bakersfield,10,16,0.4087,0.47762,0.50589,0.46746
2018,baseball,2018-04-02,False,136.0,197479,CSUN,13,15,0.436,0.546,0.49961,0.5069
2018,baseball,2018-04-02,False,192.0,197474,Cal Poly,12,14,0.43933,0.48309,0.52263,0.48203
2018,baseball,2018-04-02,False,130.0,197477,Cal St. Fullerton,10,15,0.39004,0.57621,0.49392,0.50909
2018,baseball,2018-04-02,False,64.0,197482,California,16,10,0.56356,0.55609,0.51383,0.54739
2018,baseball,2018-04-02,False,191.0,197487,Campbell,15,13,0.46233,0.48493,0.49862,0.4827
2018,baseball,2018-04-02,False,150.0,197488,Canisius,14,9,0.67364,0.40189,0.51989,0.49933
2018,baseball,2018-04-02,False,102.0,197724,Central Ark.,17,11,0.53358,0.53167,0.507,0.52598
2018,baseball,2018-04-02,False,257.0,197489,Central Conn. St.,7,11,0.38788,0.44835,0.45572,0.43508
2018,baseball,2018-04-02,False,229.0,197491,Central Mich.,9,18,0.39759,0.45689,0.50806,0.45486
2018,baseball,2018-04-02,False,262.0,197461,Charleston So.,10,19,0.32787,0.45488,0.48652,0.43104
2018,baseball,2018-04-02,False,129.0,197594,Charlotte,15,12,0.5,0.50254,0.53164,0.50918
2018,baseball,2018-04-02,False,248.0,197492,Chicago St.,5,19,0.22705,0.5577,0.42715,0.4424
2018,baseball,2018-04-02,False,194.0,197493,Cincinnati,12,13,0.45259,0.46696,0.53204,0.47963
2018,baseball,2018-04-02,False,5.0,197495,Clemson,22,6,0.7479,0.5973,0.54142,0.62098
2018,baseball,2018-04-02,False,20.0,197496,Coastal Carolina,21,9,0.63542,0.59746,0.51899,0.58733
2018,baseball,2018-04-02,False,30.0,197725,Col. of Charleston,21,8,0.68127,0.55805,0.49786,0.57381
2018,baseball,2018-04-02,False,202.0,197497,Columbia,7,18,0.30876,0.54349,0.50139,0.47428
2018,baseball,2018-04-02,False,280.0,197499,Coppin St.,8,15,0.43396,0.382,0.42876,0.40668
2018,baseball,2018-04-02,False,195.0,197500,Cornell,4,11,0.35659,0.54543,0.46965,0.47928
2018,baseball,2018-04-02,False,14.0,197501,Creighton,16,6,0.76419,0.53306,0.55033,0.59516
2018,baseball,2018-04-02,False,58.0,197726,DBU,16,9,0.59908,0.5393,0.52624,0.55098
2018,baseball,2018-04-02,False,277.0,197502,Dartmouth,5,13,0.36054,0.3905,0.50387,0.41135
2018,baseball,2018-04-02,False,184.0,197503,Davidson,18,9,0.60241,0.41697,0.50044,0.4842
2018,baseball,2018-04-02,False,245.0,197504,Dayton,7,15,0.34225,0.48478,0.46755,0.44484
2018,baseball,2018-04-02,False,251.0,197506,Delaware,13,12,0.50218,0.38604,0.4885,0.44069
2018,baseball,2018-04-02,False,297.0,197505,Delaware St.,3,23,0.12132,0.26506,0.41921,0.26767
2018,baseball,2018-04-02,False,42.0,197507,Duke,24,5,0.80816,0.465,0.53168,0.56746
2018,baseball,2018-04-02,False,89.0,197509,ETSU,14,10,0.58547,0.51958,0.51683,0.53537
2018,baseball,2018-04-02,False,10.0,197508,East Carolina,20,6,0.7251,0.58625,0.53267,0.60757
2018,baseball,2018-04-02,False,140.0,197510,Eastern Ill.,9,17,0.41729,0.55159,0.49859,0.50477
2018,baseball,2018-04-02,False,160.0,197511,Eastern Ky.,12,16,0.48,0.5091,0.47861,0.4942
2018,baseball,2018-04-02,False,159.0,197512,Eastern Mich.,8,17,0.39149,0.56587,0.4544,0.49441
2018,baseball,2018-04-02,False,169.0,197727,Elon,16,12,0.50714,0.47064,0.51611,0.49113
2018,baseball,2018-04-02,False,220.0,197513,Evansville,6,15,0.27778,0.53942,0.49913,0.46394
2018,baseball,2018-04-02,False,293.0,197515,FDU,7,12,0.41837,0.3085,0.42503,0.3651
2018,baseball,2018-04-02,False,34.0,197742,FGCU,22,5,0.79216,0.48274,0.52729,0.57123
2018,baseball,2018-04-02,False,141.0,197518,FIU,13,16,0.38129,0.57985,0.47747,0.50462
2018,baseball,2018-04-02,False,222.0,197514,Fairfield,8,15,0.45581,0.45537,0.48082,0.46184
2018,baseball,2018-04-02,False,17.0,197517,Fla. Atlantic,20,8,0.728,0.55775,0.51913,0.59066
2018,baseball,2018-04-02,False,4.0,197520,Florida,25,5,0.81569,0.55561,0.56108,0.62199
2018,baseball,2018-04-02,False,244.0,197516,Florida A&M,14,17,0.40895,0.44532,0.48633,0.44648
2018,baseball,2018-04-02,False,7.0,197519,Florida St.,22,7,0.73554,0.57931,0.55763,0.61295
2018,baseball,2018-04-02,False,75.0,197521,Fordham,15,8,0.65625,0.50802,0.48452,0.5392
2018,baseball,2018-04-02,False,148.0,197476,Fresno St.,16,11,0.52444,0.47701,0.5244,0.50071
2018,baseball,2018-04-02,False,152.0,197522,Furman,13,15,0.40927,0.54398,0.49527,0.49812
2018,baseball,2018-04-02,False,110.0,197526,Ga. Southern,13,14,0.4346,0.56241,0.52549,0.52123
2018,baseball,2018-04-02,False,168.0,197728,Gardner-Webb,16,14,0.52921,0.46958,0.49633,0.49117
2018,baseball,2018-04-02,False,206.0,197523,George Mason,13,13,0.44053,0.47966,0.48463,0.47112
2018,baseball,2018-04-02,False,179.0,197524,George Washington,15,12,0.55405,0.4434,0.50303,0.48597
2018,baseball,2018-04-02,False,269.0,197525,Georgetown,7,19,0.26872,0.48988,0.45,0.42462
2018,baseball,2018-04-02,False,8.0,197529,Georgia,21,7,0.7437,0.58128,0.53316,0.60986
2018,baseball,2018-04-02,False,63.0,197527,Georgia St.,13,14,0.44061,0.60882,0.53211,0.54759
2018,baseball,2018-04-02,False,41.0,197528,Georgia Tech,17,11,0.56148,0.59987,0.50948,0.56767
2018,baseball,2018-04-02,False,86.0,197530,Gonzaga,13,12,0.60656,0.51339,0.51087,0.53605
2018,baseball,2018-04-02,False,259.0,197531,Grambling,15,14,0.50806,0.37699,0.4776,0.43491
2018,baseball,2018-04-02,False,233.0,197729,Grand Canyon,12,14,0.41423,0.43838,0.52159,0.45314
2018,baseball,2018-04-02,False,253.0,197532,Hartford,6,17,0.27835,0.48917,0.49414,0.43771
2018,baseball,2018-04-02,False,193.0,197533,Harvard,9,13,0.5561,0.43735,0.49686,0.48191
2018,baseball,2018-04-02,False,78.0,197534,Hawaii,16,9,0.56769,0.51707,0.55365,0.53887
2018,baseball,2018-04-02,False,165.0,197739,High Point,14,13,0.51311,0.47582,0.50219,0.49173
2018,baseball,2018-04-02,False,218.0,197535,Hofstra,12,8,0.68372,0.35062,0.47498,0.46499
2018,baseball,2018-04-02,False,79.0,197536,Holy Cross,10,11,0.61033,0.53544,0.47401,0.5388
2018,baseball,2018-04-02,False,174.0,197538,Houston,17,11,0.56846,0.41902,0.54694,0.48836
2018,baseball,2018-04-02,False,188.0,197537,Houston Christian,11,17,0.44141,0.49247,0.50561,0.48299
2018,baseball,2018-04-02,False,43.0,197540,Illinois,17,7,0.71888,0.51012,0.53023,0.56734
2018,baseball,2018-04-02,False,65.0,197539,Illinois St.,10,13,0.51883,0.58362,0.49825,0.54608
2018,baseball,2018-04-02,False,15.0,197543,Indiana,20,5,0.79253,0.52232,0.5415,0.59467
2018,baseball,2018-04-02,False,36.0,197542,Indiana St.,15,8,0.67782,0.54555,0.51499,0.57098
2018,baseball,2018-04-02,False,279.0,197545,Iona,6,16,0.35204,0.40499,0.47016,0.40805
2018,baseball,2018-04-02,False,27.0,197546,Iowa,16,9,0.65532,0.56746,0.51976,0.5775
2018,baseball,2018-04-02,False,145.0,197547,Jackson St.,17,10,0.62007,0.45751,0.47546,0.50264
2018,baseball,2018-04-02,False,55.0,197549,Jacksonville,18,10,0.60938,0.52759,0.54783,0.5531
2018,baseball,2018-04-02,False,106.0,197548,Jacksonville St.,15,9,0.57692,0.50198,0.51426,0.52379
2018,baseball,2018-04-02,False,142.0,197550,James Madison,14,12,0.4812,0.52128,0.4947,0.50461
2018,baseball,2018-04-02,False,83.0,197552,Kansas,17,11,0.57563,0.5334,0.50474,0.53679
2018,baseball,2018-04-02,False,72.0,197551,Kansas St.,15,13,0.48649,0.57838,0.51867,0.54048
2018,baseball,2018-04-02,False,114.0,197730,Kennesaw St.,15,13,0.49237,0.54538,0.48835,0.51787
2018,baseball,2018-04-02,False,62.0,197553,Kent St.,15,9,0.7093,0.48429,0.51478,0.54816
2018,baseball,2018-04-02,False,21.0,197554,Kentucky,19,9,0.66794,0.5727,0.52805,0.58535
2018,baseball,2018-04-02,False,230.0,197560,LIU,13,10,0.59633,0.36774,0.48591,0.45443
2018,baseball,2018-04-02,False,107.0,197566,LMU (CA),13,14,0.49804,0.53069,0.53477,0.52355
2018,baseball,2018-04-02,False,81.0,197562,LSU,18,11,0.53226,0.54539,0.52792,0.53774
2018,baseball,2018-04-02,False,275.0,197555,La Salle,6,19,0.28448,0.45106,0.46546,0.41301
2018,baseball,2018-04-02,False,198.0,197556,Lafayette,11,16,0.50833,0.48155,0.4341,0.47638
2018,baseball,2018-04-02,False,246.0,197557,Lamar University,6,22,0.18493,0.565,0.46149,0.4441
2018,baseball,2018-04-02,False,226.0,197558,Lehigh,11,15,0.49805,0.43516,0.45968,0.45701
2018,baseball,2018-04-02,False,154.0,197559,Liberty,15,11,0.56087,0.46054,0.50528,0.49681
2018,baseball,2018-04-02,False,185.0,197741,Lipscomb,13,14,0.3876,0.52781,0.49009,0.48333
2018,baseball,2018-04-02,False,44.0,197457,Little Rock,16,11,0.62172,0.57087,0.50034,0.56595
2018,baseball,2018-04-02,False,125.0,197478,Long Beach St.,11,17,0.37687,0.5723,0.52219,0.51091
2018,baseball,2018-04-02,False,274.0,197561,Longwood,7,18,0.27354,0.45876,0.46579,0.41421
2018,baseball,2018-04-02,False,113.0,197677,Louisiana,12,15,0.44944,0.55089,0.52493,0.51904
2018,baseball,2018-04-02,False,54.0,197563,Louisiana Tech,22,8,0.72401,0.47489,0.54262,0.5541
2018,baseball,2018-04-02,False,37.0,197564,Louisville,19,8,0.67078,0.53516,0.5414,0.57063
2018,baseball,2018-04-02,False,213.0,197567,Maine,8,19,0.3653,0.52004,0.46185,0.46681
2018,baseball,2018-04-02,False,112.0,197568,Manhattan,13,12,0.664,0.4582,0.49893,0.51983
2018,baseball,2018-04-02,False,214.0,197569,Marist,8,13,0.46111,0.45622,0.4913,0.46621
2018,baseball,2018-04-02,False,203.0,197570,Marshall,11,12,0.49791,0.45387,0.49101,0.47416
2018,baseball,2018-04-02,False,80.0,197572,Maryland,14,14,0.5,0.57252,0.50809,0.53828
2018,baseball,2018-04-02,False,200.0,197574,Massachusetts,9,8,0.56471,0.42319,0.49021,0.47532
2018,baseball,2018-04-02,False,175.0,197575,McNeese,10,17,0.35088,0.55243,0.4912,0.48673
2018,baseball,2018-04-02,False,212.0,197576,Memphis,9,19,0.29104,0.54043,0.49659,0.46712
2018,baseball,2018-04-02,False,32.0,197577,Mercer,23,6,0.75465,0.50344,0.52949,0.57275
2018,baseball,2018-04-02,False,88.0,197579,Miami (FL),12,15,0.39506,0.61793,0.51234,0.53581
2018,baseball,2018-04-02,False,196.0,197578,Miami (OH),15,9,0.63636,0.36198,0.55131,0.47791
2018,baseball,2018-04-02,False,95.0,197581,Michigan,16,11,0.59649,0.51321,0.49935,0.53056
2018,baseball,2018-04-02,False,247.0,197580,Michigan St.,7,19,0.2607,0.5205,0.47196,0.44342
2018,baseball,2018-04-02,False,163.0,197582,Middle Tenn.,16,12,0.55822,0.44991,0.51436,0.4931
2018,baseball,2018-04-02,False,217.0,197719,Milwaukee,8,16,0.44889,0.45414,0.50302,0.46505
2018,baseball,2018-04-02,False,49.0,197583,Minnesota,18,10,0.63504,0.53419,0.52379,0.5568
2018,baseball,2018-04-02,False,94.0,197584,Mississippi St.,14,15,0.4981,0.5641,0.49942,0.53143
2018,baseball,2018-04-02,False,281.0,197585,Mississippi Val.,7,19,0.27982,0.43605,0.47357,0.40637
2018,baseball,2018-04-02,False,24.0,197587,Missouri,21,7,0.756,0.50961,0.54431,0.57988
2018,baseball,2018-04-02,False,25.0,197675,Missouri St.,19,7,0.74194,0.5267,0.52036,0.57892
2018,baseball,2018-04-02,False,234.0,197588,Monmouth,7,15,0.36269,0.49735,0.45512,0.45313
2018,baseball,2018-04-02,False,153.0,197589,Morehead St.,16,13,0.59075,0.45677,0.48302,0.49683
2018,baseball,2018-04-02,False,289.0,197590,Mount St. Mary's,6,14,0.36264,0.36466,0.45837,0.38758
2018,baseball,2018-04-02,False,221.0,197591,Murray St.,14,14,0.48673,0.42635,0.50999,0.46235
2018,baseball,2018-04-02,False,254.0,197609,N.C. A&T,13,14,0.43071,0.41388,0.49176,0.43756
2018,baseball,2018-04-02,False,172.0,197610,N.C. Central,19,11,0.6037,0.44263,0.47364,0.49065
2018,baseball,2018-04-02,False,18.0,197611,NC State,23,5,0.76953,0.52142,0.54885,0.5903
2018,baseball,2018-04-02,False,178.0,197616,NIU,8,18,0.41525,0.53803,0.45269,0.486
2018,baseball,2018-04-02,False,155.0,197601,NJIT,11,10,0.65728,0.44386,0.44084,0.49646
2018,baseball,2018-04-02,False,170.0,197698,Navy,22,8,0.69825,0.3848,0.49568,0.49088
2018,baseball,2018-04-02,False,74.0,197597,Nebraska,14,14,0.48881,0.58759,0.49509,0.53977
2018,baseball,2018-04-02,False,28.0,197600,Nevada,15,9,0.67105,0.56882,0.49936,0.57701
2018,baseball,2018-04-02,False,109.0,197603,New Mexico,12,13,0.48472,0.54715,0.5099,0.52223
2018,baseball,2018-04-02,False,197.0,197602,New Mexico St.,16,12,0.50862,0.45443,0.49174,0.47731
2018,baseball,2018-04-02,False,121.0,197604,New Orleans,13,15,0.44876,0.5553,0.49128,0.51266
2018,baseball,2018-04-02,False,278.0,197606,Niagara,7,12,0.49457,0.31665,0.50908,0.40924
2018,baseball,2018-04-02,False,261.0,197607,Nicholls,9,18,0.27711,0.47819,0.50088,0.43359
2018,baseball,2018-04-02,False,295.0,197608,Norfolk St.,8,17,0.29758,0.32533,0.41716,0.34135
2018,baseball,2018-04-02,False,12.0,197593,North Carolina,18,10,0.59073,0.64872,0.51631,0.60112
2018,baseball,2018-04-02,False,167.0,197612,North Dakota St.,11,14,0.57021,0.4779,0.44037,0.4916
2018,baseball,2018-04-02,False,156.0,197734,North Florida,14,15,0.40467,0.53369,0.51091,0.49574
2018,baseball,2018-04-02,False,13.0,197614,Northeastern,14,10,0.65801,0.60959,0.51852,0.59893
2018,baseball,2018-04-02,False,225.0,197615,Northern Colo.,17,12,0.57295,0.37104,0.52693,0.46049
2018,baseball,2018-04-02,False,239.0,197617,Northern Ky.,6,18,0.33333,0.50806,0.45055,0.45
2018,baseball,2018-04-02,False,190.0,197619,Northwestern,8,14,0.4218,0.49139,0.52685,0.48286
2018,baseball,2018-04-02,False,134.0,197618,Northwestern St.,14,13,0.54682,0.48442,0.51801,0.50841
2018,baseball,2018-04-02,False,103.0,197620,Notre Dame,11,16,0.43798,0.57432,0.51175,0.5246
2018,baseball,2018-04-02,False,209.0,197621,Oakland,6,18,0.30882,0.5516,0.46413,0.46904
2018,baseball,2018-04-02,False,260.0,197623,Ohio,14,12,0.58462,0.32939,0.49436,0.43444
2018,baseball,2018-04-02,False,57.0,197622,Ohio St.,19,8,0.67829,0.50781,0.51573,0.55241
2018,baseball,2018-04-02,False,46.0,197625,Oklahoma,20,10,0.5743,0.56129,0.55196,0.56221
2018,baseball,2018-04-02,False,48.0,197624,Oklahoma St.,15,10,0.59514,0.54963,0.53863,0.55826
2018,baseball,2018-04-02,False,215.0,197626,Old Dominion,10,16,0.30038,0.52976,0.50285,0.46569
2018,baseball,2018-04-02,False,3.0,197586,Ole Miss,25,4,0.84064,0.54875,0.55265,0.6227
2018,baseball,2018-04-02,False,219.0,197598,Omaha,11,15,0.41395,0.48124,0.47958,0.464
2018,baseball,2018-04-02,False,147.0,197627,Oral Roberts,16,10,0.56881,0.44763,0.54106,0.50128
2018,baseball,2018-04-02,False,29.0,197629,Oregon,15,11,0.56087,0.60721,0.52918,0.57612
2018,baseball,2018-04-02,False,23.0,197628,Oregon St.,21,4,0.82979,0.47502,0.54467,0.58112
2018,baseball,2018-04-02,False,158.0,197630,Pacific,10,16,0.38843,0.54719,0.49567,0.49462
2018,baseball,2018-04-02,False,282.0,197633,Penn,6,15,0.34921,0.41836,0.43645,0.40559
2018,baseball,2018-04-02,False,237.0,197632,Penn St.,7,15,0.35426,0.48853,0.46985,0.45029
2018,baseball,2018-04-02,False,128.0,197634,Pepperdine,13,14,0.46275,0.53223,0.51171,0.50973
2018,baseball,2018-04-02,False,86.0,197635,Pittsburgh,14,10,0.57658,0.52712,0.51339,0.53605
2018,baseball,2018-04-02,False,201.0,197636,Portland,10,16,0.31538,0.56033,0.46424,0.47507
2018,baseball,2018-04-02,False,290.0,197637,Prairie View,5,18,0.25,0.41997,0.44915,0.38477
2018,baseball,2018-04-02,False,283.0,197731,Presbyterian,9,20,0.26182,0.4286,0.48173,0.40019
2018,baseball,2018-04-02,False,241.0,197638,Princeton,5,11,0.38971,0.44686,0.51349,0.44923
2018,baseball,2018-04-02,False,92.0,197639,Purdue,14,10,0.64889,0.4927,0.49807,0.53309
2018,baseball,2018-04-02,False,287.0,197544,Purdue Fort Wayne,6,17,0.30698,0.4013,0.47685,0.3966
2018,baseball,2018-04-02,False,162.0,197640,Quinnipiac,11,14,0.59336,0.43651,0.50608,0.49311
2018,baseball,2018-04-02,False,224.0,197641,Radford,10,16,0.41732,0.4563,0.51252,0.46061
2018,baseball,2018-04-02,False,119.0,197642,Rhode Island,6,21,0.26923,0.65863,0.46985,0.51409
2018,baseball,2018-04-02,False,122.0,197643,Rice,12,18,0.38043,0.58811,0.49149,0.51204
2018,baseball,2018-04-02,False,144.0,197644,Richmond,16,11,0.57576,0.47293,0.49209,0.50343
2018,baseball,2018-04-02,False,273.0,197645,Rider,6,16,0.33166,0.46316,0.40176,0.41494
2018,baseball,2018-04-02,False,115.0,197646,Rutgers,15,10,0.63281,0.45755,0.52116,0.51727
2018,baseball,2018-04-02,False,258.0,197679,SFA,9,18,0.31765,0.47164,0.4792,0.43503
2018,baseball,2018-04-02,False,166.0,197672,SIUE,7,18,0.3278,0.59682,0.44505,0.49163
2018,baseball,2018-04-02,False,199.0,197480,Sacramento St.,11,14,0.452,0.47839,0.49663,0.47635
2018,baseball,2018-04-02,False,286.0,197647,Sacred Heart,5,15,0.28866,0.40838,0.48634,0.39794
2018,baseball,2018-04-02,False,216.0,197650,Saint Joseph's,11,12,0.49785,0.4279,0.5086,0.46556
2018,baseball,2018-04-02,False,96.0,197651,Saint Louis,18,8,0.66527,0.46765,0.52092,0.53037
2018,baseball,2018-04-02,False,111.0,197652,Saint Mary's (CA),15,10,0.68465,0.42479,0.54854,0.52069
2018,baseball,2018-04-02,False,294.0,197653,Saint Peter's,0,17,0.0,0.48599,0.45196,0.35599
2018,baseball,2018-04-02,False,38.0,197654,Sam Houston,20,7,0.70076,0.53524,0.50949,0.57018
2018,baseball,2018-04-02,False,149.0,197655,Samford,15,14,0.48123,0.4991,0.51817,0.4994
2018,baseball,2018-04-02,False,73.0,197657,San Diego,13,15,0.44161,0.61532,0.48774,0.54
2018,baseball,2018-04-02,False,50.0,197656,San Diego St.,18,9,0.65169,0.52567,0.52326,0.55657
2018,baseball,2018-04-02,False,77.0,197658,San Francisco,18,9,0.65169,0.4771,0.54961,0.53888
2018,baseball,2018-04-02,False,208.0,197659,San Jose St.,10,16,0.35565,0.52251,0.48044,0.47028
2018,baseball,2018-04-02,False,177.0,197660,Santa Clara,15,10,0.53527,0.43083,0.54787,0.4862
2018,baseball,2018-04-02,False,291.0,197661,Savannah St.,5,17,0.18636,0.45425,0.42962,0.38112
2018,baseball,2018-04-02,False,189.0,197732,Seattle U,16,9,0.616,0.38358,0.5485,0.48291
2018,baseball,2018-04-02,False,47.0,197662,Seton Hall,9,11,0.54396,0.60356,0.49382,0.56122
2018,baseball,2018-04-02,False,249.0,197663,Siena,4,19,0.23121,0.5313,0.47357,0.44184
2018,baseball,2018-04-02,False,60.0,197664,South Alabama,16,11,0.5865,0.54006,0.53319,0.54995
2018,baseball,2018-04-02,False,67.0,197665,South Carolina,17,11,0.50638,0.57996,0.50964,0.54399
2018,baseball,2018-04-02,False,268.0,197666,South Dakota St.,4,19,0.25616,0.49283,0.46202,0.42596
2018,baseball,2018-04-02,False,56.0,197667,South Fla.,20,9,0.59144,0.54383,0.53133,0.55261
2018,baseball,2018-04-02,False,263.0,197668,Southeast Mo. St.,11,17,0.38,0.40843,0.52358,0.43011
2018,baseball,2018-04-02,False,124.0,197669,Southeastern La.,21,10,0.64726,0.42703,0.54289,0.51105
2018,baseball,2018-04-02,False,117.0,197670,Southern California,13,11,0.51142,0.50915,0.53164,0.51534
2018,baseball,2018-04-02,False,120.0,197671,Southern Ill.,14,13,0.5348,0.50138,0.51668,0.51356
2018,baseball,2018-04-02,False,40.0,197673,Southern Miss.,19,7,0.72174,0.50462,0.54647,0.56936
2018,baseball,2018-04-02,False,267.0,197674,Southern U.,7,18,0.35909,0.4496,0.44717,0.42637
2018,baseball,2018-04-02,False,266.0,197648,St. Bonaventure,6,14,0.38298,0.43447,0.45852,0.42761
2018,baseball,2018-04-02,False,69.0,197649,St. John's (NY),13,9,0.64629,0.50102,0.52362,0.54299
2018,baseball,2018-04-02,False,2.0,197678,Stanford,20,3,0.83249,0.55985,0.56009,0.62807
2018,baseball,2018-04-02,False,31.0,197680,Stetson,23,5,0.76549,0.49661,0.53633,0.57376
2018,baseball,2018-04-02,False,171.0,197681,Stony Brook,15,10,0.56017,0.45921,0.48447,0.49076
2018,baseball,2018-04-02,False,91.0,197686,TCU,14,10,0.5446,0.53477,0.5238,0.53448
2018,baseball,2018-04-02,False,53.0,197683,Tennessee,17,12,0.54182,0.58114,0.51251,0.55415
2018,baseball,2018-04-02,False,39.0,197682,Tennessee Tech,21,5,0.78629,0.46413,0.5647,0.56981
2018,baseball,2018-04-02,False,45.0,197690,Texas,17,12,0.53307,0.59818,0.53342,0.56571
2018,baseball,2018-04-02,False,16.0,197685,Texas A&M,21,8,0.69685,0.5597,0.55382,0.59252
2018,baseball,2018-04-02,False,238.0,197687,Texas Southern,10,18,0.42017,0.45298,0.47449,0.45016
2018,baseball,2018-04-02,False,135.0,197676,Texas St.,15,11,0.5087,0.48976,0.54047,0.50717
2018,baseball,2018-04-02,False,1.0,197688,Texas Tech,23,6,0.80876,0.58048,0.55555,0.63132
2018,baseball,2018-04-02,False,236.0,197494,The Citadel,12,14,0.38346,0.45452,0.51718,0.45242
2018,baseball,2018-04-02,False,139.0,197692,Toledo,7,17,0.39048,0.57782,0.47548,0.5054
2018,baseball,2018-04-02,False,284.0,197693,Towson,6,19,0.23715,0.46695,0.42292,0.39849
2018,baseball,2018-04-02,False,35.0,197694,Troy,19,9,0.64344,0.55633,0.52868,0.5712
2018,baseball,2018-04-02,False,151.0,197695,Tulane,12,17,0.37354,0.55708,0.50824,0.49899
2018,baseball,2018-04-02,False,157.0,197449,UAB,12,14,0.40602,0.5435,0.48846,0.49537
2018,baseball,2018-04-02,False,207.0,197450,UAlbany,9,11,0.56158,0.42508,0.47077,0.47062
2018,baseball,2018-04-02,False,181.0,197483,UC Davis,7,15,0.32301,0.56532,0.48605,0.48492
2018,baseball,2018-04-02,False,104.0,197484,UC Irvine,14,12,0.51613,0.52843,0.52426,0.52431
2018,baseball,2018-04-02,False,183.0,197486,UC Riverside,12,11,0.47442,0.45991,0.54269,0.48423
2018,baseball,2018-04-02,False,231.0,197481,UC Santa Barbara,11,13,0.38967,0.45693,0.51244,0.454
2018,baseball,2018-04-02,False,68.0,197490,UCF,20,9,0.63813,0.49887,0.53868,0.54364
2018,baseball,2018-04-02,False,66.0,197485,UCLA,16,8,0.62441,0.49958,0.55656,0.54503
2018,baseball,2018-04-02,False,22.0,197498,UConn,15,9,0.7439,0.54155,0.50455,0.58289
2018,baseball,2018-04-02,False,235.0,197541,UIC,15,10,0.6,0.34535,0.52124,0.45298
2018,baseball,2018-04-02,False,146.0,197735,UIW,19,11,0.60153,0.44592,0.51413,0.50187
2018,baseball,2018-04-02,False,118.0,197613,ULM,15,12,0.58025,0.47973,0.51884,0.51464
2018,baseball,2018-04-02,False,256.0,197571,UMBC,7,15,0.30526,0.48186,0.47332,0.43558
2018,baseball,2018-04-02,False,296.0,197573,UMES,6,22,0.16438,0.36944,0.42835,0.3329
2018,baseball,2018-04-02,False,143.0,197565,UMass Lowell,10,14,0.51802,0.50236,0.49452,0.50432
2018,baseball,2018-04-02,False,161.0,197592,UNC Asheville,7,19,0.32645,0.57818,0.49134,0.49354
2018,baseball,2018-04-02,False,97.0,197595,UNC Greensboro,20,6,0.74576,0.42811,0.51908,0.53027
2018,baseball,2018-04-02,False,84.0,197596,UNCW,19,8,0.66275,0.48969,0.50357,0.53642
2018,baseball,2018-04-02,False,19.0,197599,UNLV,22,7,0.74525,0.53438,0.54014,0.58853
2018,baseball,2018-04-02,False,265.0,197737,USC Upstate,14,14,0.38806,0.42038,0.48447,0.42832
2018,baseball,2018-04-02,False,90.0,197689,UT Arlington,13,12,0.46818,0.57754,0.51785,0.53528
2018,baseball,2018-04-02,False,243.0,197684,UT Martin,5,20,0.25764,0.52624,0.47895,0.44727
2018,baseball,2018-04-02,False,228.0,197631,UTRGV,16,12,0.50781,0.40288,0.51144,0.45625
2018,baseball,2018-04-02,False,98.0,197691,UTSA,14,11,0.54251,0.53629,0.50293,0.5295
2018,baseball,2018-04-02,False,205.0,197699,Utah,6,20,0.24107,0.58227,0.48117,0.47169
2018,baseball,2018-04-02,False,131.0,197743,Utah Valley,11,14,0.50638,0.5133,0.50214,0.50878
2018,baseball,2018-04-02,False,116.0,197703,VCU,18,10,0.62241,0.46393,0.51807,0.51708
2018,baseball,2018-04-02,False,176.0,197704,VMI,12,13,0.47162,0.48947,0.49544,0.4865
2018,baseball,2018-04-02,False,164.0,197700,Valparaiso,8,16,0.41126,0.53591,0.4854,0.49212
2018,baseball,2018-04-02,False,33.0,197701,Vanderbilt,17,11,0.58203,0.59982,0.50782,0.57237
2018,baseball,2018-04-02,False,288.0,197702,Villanova,5,14,0.30244,0.40132,0.47644,0.39538
2018,baseball,2018-04-02,False,137.0,197706,Virginia,15,13,0.51681,0.49704,0.51613,0.50676
2018,baseball,2018-04-02,False,105.0,197705,Virginia Tech,11,15,0.42449,0.57305,0.52476,0.52384
2018,baseball,2018-04-02,False,59.0,197707,Wagner,15,10,0.69498,0.52192,0.46208,0.55022
2018,baseball,2018-04-02,False,132.0,197708,Wake Forest,11,17,0.3668,0.57784,0.51244,0.50873
2018,baseball,2018-04-02,False,71.0,197710,Washington,13,11,0.54167,0.56239,0.49629,0.54069
2018,baseball,2018-04-02,False,182.0,197709,Washington St.,7,15,0.32653,0.55506,0.50183,0.48462
2018,baseball,2018-04-02,False,26.0,197711,West Virginia,10,14,0.51111,0.6627,0.47613,0.57816
2018,baseball,2018-04-02,False,264.0,197712,Western Caro.,3,23,0.1063,0.5658,0.47781,0.42893
2018,baseball,2018-04-02,False,292.0,197713,Western Ill.,4,17,0.19209,0.39594,0.48933,0.36833
2018,baseball,2018-04-02,False,227.0,197714,Western Ky.,14,14,0.44755,0.42202,0.53516,0.45669
2018,baseball,2018-04-02,False,239.0,197715,Western Mich.,11,14,0.4084,0.45143,0.48875,0.45
2018,baseball,2018-04-02,False,6.0,197716,Wichita St.,19,6,0.7788,0.57508,0.53869,0.61691
2018,baseball,2018-04-02,False,180.0,197717,William & Mary,10,18,0.31298,0.56684,0.49488,0.48539
2018,baseball,2018-04-02,False,186.0,197718,Winthrop,13,16,0.41631,0.52025,0.47634,0.48329
2018,baseball,2018-04-02,False,138.0,197736,Wofford,20,9,0.625,0.43763,0.52157,0.50546
2018,baseball,2018-04-02,False,173.0,197720,Wright St.,15,10,0.64655,0.38893,0.53743,0.49046
2018,baseball,2018-04-02,False,76.0,197721,Xavier,9,17,0.44196,0.62107,0.47166,0.53894
2018,baseball,2018-04-02,False,242.0,197722,Yale,7,14,0.36612,0.47671,0.47038,0.44748
2018,baseball,2018-04-02,False,270.0,197723,Youngstown St.,8,17,0.31776,0.44944,0.47763,0.42357
2018,baseball,2018-04-09,False,96.0,197740,A&M-Corpus Christi,17,16,0.5015,0.5571,0.50105,0.52919
2018,baseball,2018-04-09,False,221.0,197445,Abilene Christian,15,15,0.45349,0.4557,0.48387,0.46219
2018,baseball,2018-04-09,False,99.0,197696,Air Force,14,17,0.46786,0.57107,0.49505,0.52626
2018,baseball,2018-04-09,False,44.0,197448,Alabama,20,13,0.56944,0.57572,0.5248,0.56142
2018,baseball,2018-04-09,False,285.0,197446,Alabama A&M,7,26,0.18519,0.48391,0.45661,0.4024
2018,baseball,2018-04-09,False,234.0,197447,Alabama St.,17,13,0.53405,0.40737,0.4729,0.45543
2018,baseball,2018-04-09,False,287.0,197451,Alcorn,8,22,0.31944,0.41416,0.44317,0.39774
2018,baseball,2018-04-09,False,184.0,197452,App State,8,21,0.34201,0.54565,0.49919,0.48312
2018,baseball,2018-04-09,False,55.0,197454,Arizona,19,11,0.60163,0.5441,0.52373,0.55339
2018,baseball,2018-04-09,False,148.0,197453,Arizona St.,14,18,0.37423,0.56547,0.50038,0.50139
2018,baseball,2018-04-09,False,272.0,197733,Ark.-Pine Bluff,11,13,0.42222,0.38858,0.48255,0.42048
2018,baseball,2018-04-09,False,4.0,197456,Arkansas,24,9,0.71429,0.62525,0.52534,0.62253
2018,baseball,2018-04-09,False,154.0,197455,Arkansas St.,11,16,0.40562,0.5276,0.52876,0.4974
2018,baseball,2018-04-09,False,107.0,197697,Army West Point,16,14,0.5817,0.50607,0.50136,0.5238
2018,baseball,2018-04-09,False,11.0,197458,Auburn,23,10,0.65942,0.60219,0.53525,0.59976
2018,baseball,2018-04-09,False,74.0,197459,Austin Peay,18,14,0.57491,0.54534,0.49714,0.54068
2018,baseball,2018-04-09,False,90.0,197468,BYU,17,13,0.58333,0.51163,0.51771,0.53108
2018,baseball,2018-04-09,False,198.0,197460,Ball St.,15,15,0.55882,0.416,0.51256,0.47585
2018,baseball,2018-04-09,False,68.0,197462,Baylor,14,16,0.42963,0.61424,0.51699,0.54377
2018,baseball,2018-04-09,False,255.0,197738,Belmont,13,18,0.34247,0.45454,0.50064,0.43805
2018,baseball,2018-04-09,False,139.0,197463,Bethune-Cookman,13,19,0.41234,0.56438,0.48011,0.5053
2018,baseball,2018-04-09,False,169.0,197464,Binghamton,9,15,0.45833,0.51615,0.47569,0.49158
2018,baseball,2018-04-09,False,122.0,197465,Boston College,10,19,0.36552,0.59542,0.50193,0.51457
2018,baseball,2018-04-09,False,254.0,197466,Bowling Green,9,21,0.34884,0.47447,0.45498,0.43819
2018,baseball,2018-04-09,False,53.0,197467,Bradley,17,8,0.74609,0.475,0.52054,0.55416
2018,baseball,2018-04-09,False,267.0,197469,Brown,7,15,0.36139,0.43575,0.47135,0.42606
2018,baseball,2018-04-09,False,98.0,197470,Bryant,14,14,0.59854,0.51442,0.48406,0.52786
2018,baseball,2018-04-09,False,222.0,197471,Bucknell,10,20,0.3266,0.5211,0.47953,0.46208
2018,baseball,2018-04-09,False,78.0,197473,Butler,18,8,0.7102,0.47446,0.48339,0.53563
2018,baseball,2018-04-09,False,242.0,197475,CSU Bakersfield,10,20,0.34058,0.48261,0.48633,0.44803
2018,baseball,2018-04-09,False,110.0,197479,CSUN,16,16,0.5,0.54707,0.49302,0.52179
2018,baseball,2018-04-09,False,201.0,197474,Cal Poly,13,17,0.41948,0.48174,0.51713,0.47502
2018,baseball,2018-04-09,False,86.0,197477,Cal St. Fullerton,15,15,0.48958,0.56057,0.51609,0.5317
2018,baseball,2018-04-09,False,101.0,197482,California,18,11,0.55894,0.51207,0.52179,0.52622
2018,baseball,2018-04-09,False,181.0,197487,Campbell,16,16,0.42771,0.51442,0.48382,0.48509
2018,baseball,2018-04-09,False,182.0,197488,Canisius,17,10,0.68165,0.36327,0.5308,0.48474
2018,baseball,2018-04-09,False,125.0,197724,Central Ark.,18,13,0.49834,0.53049,0.49717,0.51412
2018,baseball,2018-04-09,False,274.0,197489,Central Conn. St.,8,14,0.38693,0.41177,0.46068,0.41779
2018,baseball,2018-04-09,False,241.0,197491,Central Mich.,10,20,0.37589,0.45652,0.50568,0.44865
2018,baseball,2018-04-09,False,264.0,197461,Charleston So.,11,23,0.30541,0.45701,0.49402,0.42836
2018,baseball,2018-04-09,False,130.0,197594,Charlotte,15,16,0.45,0.53572,0.51621,0.50941
2018,baseball,2018-04-09,False,260.0,197492,Chicago St.,5,23,0.2,0.54716,0.44471,0.43476
2018,baseball,2018-04-09,False,189.0,197493,Cincinnati,15,14,0.47368,0.45567,0.53677,0.48045
2018,baseball,2018-04-09,False,5.0,197495,Clemson,25,7,0.75899,0.5723,0.55185,0.61386
2018,baseball,2018-04-09,False,22.0,197496,Coastal Carolina,23,11,0.6118,0.59309,0.52376,0.58044
2018,baseball,2018-04-09,False,45.0,197725,Col. of Charleston,25,9,0.68792,0.52928,0.49914,0.5614
2018,baseball,2018-04-09,False,211.0,197497,Columbia,9,20,0.34661,0.51467,0.49756,0.46838
2018,baseball,2018-04-09,False,279.0,197499,Coppin St.,11,16,0.47843,0.37753,0.42303,0.41413
2018,baseball,2018-04-09,False,214.0,197500,Cornell,5,13,0.32716,0.54367,0.45555,0.46751
2018,baseball,2018-04-09,False,16.0,197501,Creighton,18,7,0.75,0.54615,0.53808,0.59509
2018,baseball,2018-04-09,False,58.0,197726,DBU,19,10,0.63424,0.52284,0.52467,0.55115
2018,baseball,2018-04-09,False,281.0,197502,Dartmouth,7,14,0.38506,0.37522,0.51062,0.41153
2018,baseball,2018-04-09,False,186.0,197503,Davidson,20,11,0.57951,0.42594,0.49965,0.48276
2018,baseball,2018-04-09,False,224.0,197504,Dayton,8,18,0.34842,0.51081,0.47508,0.46128
2018,baseball,2018-04-09,False,232.0,197506,Delaware,14,14,0.5,0.42543,0.47593,0.4567
2018,baseball,2018-04-09,False,297.0,197505,Delaware St.,5,25,0.1891,0.27314,0.41096,0.28659
2018,baseball,2018-04-09,False,27.0,197507,Duke,27,6,0.81053,0.47615,0.52895,0.57294
2018,baseball,2018-04-09,False,81.0,197509,ETSU,17,11,0.59854,0.51405,0.50567,0.53308
2018,baseball,2018-04-09,False,8.0,197508,East Carolina,24,7,0.74497,0.56539,0.53586,0.6029
2018,baseball,2018-04-09,False,167.0,197510,Eastern Ill.,10,19,0.42321,0.5261,0.49389,0.49232
2018,baseball,2018-04-09,False,174.0,197511,Eastern Ky.,15,17,0.49648,0.48258,0.49646,0.48952
2018,baseball,2018-04-09,False,172.0,197512,Eastern Mich.,10,18,0.40458,0.54802,0.45893,0.48989
2018,baseball,2018-04-09,False,157.0,197727,Elon,17,15,0.49363,0.48421,0.52012,0.49554
2018,baseball,2018-04-09,False,208.0,197513,Evansville,6,19,0.23684,0.5686,0.50474,0.46969
2018,baseball,2018-04-09,False,293.0,197515,FDU,7,16,0.36607,0.33269,0.43906,0.36763
2018,baseball,2018-04-09,False,36.0,197742,FGCU,24,7,0.7474,0.50703,0.51083,0.56807
2018,baseball,2018-04-09,False,153.0,197518,FIU,16,17,0.43711,0.52898,0.49664,0.49793
2018,baseball,2018-04-09,False,218.0,197514,Fairfield,11,16,0.48971,0.44958,0.47413,0.46575
2018,baseball,2018-04-09,False,10.0,197517,Fla. Atlantic,24,8,0.76056,0.55953,0.52234,0.60049
2018,baseball,2018-04-09,False,3.0,197520,Florida,28,6,0.81695,0.56165,0.56195,0.62555
2018,baseball,2018-04-09,False,246.0,197516,Florida A&M,14,20,0.38323,0.45421,0.48133,0.44325
2018,baseball,2018-04-09,False,7.0,197519,Florida St.,24,9,0.71739,0.5778,0.55404,0.60676
2018,baseball,2018-04-09,False,119.0,197521,Fordham,18,9,0.65116,0.45528,0.51051,0.51806
2018,baseball,2018-04-09,False,100.0,197476,Fresno St.,20,11,0.61372,0.48014,0.53097,0.52624
2018,baseball,2018-04-09,False,91.0,197522,Furman,16,16,0.46488,0.58335,0.49174,0.53083
2018,baseball,2018-04-09,False,84.0,197526,Ga. Southern,16,15,0.48057,0.56191,0.52569,0.53252
2018,baseball,2018-04-09,False,156.0,197728,Gardner-Webb,19,15,0.53846,0.4741,0.49583,0.49563
2018,baseball,2018-04-09,False,213.0,197523,George Mason,14,16,0.43295,0.48516,0.46852,0.46795
2018,baseball,2018-04-09,False,135.0,197524,George Washington,19,12,0.61328,0.45831,0.50338,0.50832
2018,baseball,2018-04-09,False,258.0,197525,Georgetown,9,20,0.29528,0.49473,0.45877,0.43587
2018,baseball,2018-04-09,False,9.0,197529,Georgia,23,9,0.72426,0.57053,0.54567,0.60275
2018,baseball,2018-04-09,False,67.0,197527,Georgia St.,16,15,0.47059,0.58628,0.53199,0.54379
2018,baseball,2018-04-09,False,28.0,197528,Georgia Tech,19,13,0.54317,0.61615,0.51401,0.57237
2018,baseball,2018-04-09,False,79.0,197530,Gonzaga,16,14,0.60573,0.51221,0.50786,0.5345
2018,baseball,2018-04-09,False,268.0,197531,Grambling,16,16,0.50545,0.35885,0.47872,0.42547
2018,baseball,2018-04-09,False,188.0,197729,Grand Canyon,17,14,0.48905,0.45472,0.52893,0.48185
2018,baseball,2018-04-09,False,220.0,197532,Hartford,9,18,0.37179,0.49341,0.49164,0.46257
2018,baseball,2018-04-09,False,160.0,197533,Harvard,12,14,0.57551,0.45112,0.50084,0.49465
2018,baseball,2018-04-09,False,89.0,197534,Hawaii,18,11,0.57993,0.49934,0.54709,0.53142
2018,baseball,2018-04-09,False,164.0,197739,High Point,17,14,0.55172,0.4626,0.49757,0.49362
2018,baseball,2018-04-09,False,223.0,197535,Hofstra,14,10,0.63137,0.37368,0.467,0.46143
2018,baseball,2018-04-09,False,77.0,197536,Holy Cross,11,13,0.55691,0.56141,0.46672,0.53661
2018,baseball,2018-04-09,False,136.0,197538,Houston,19,12,0.56343,0.46153,0.54185,0.50709
2018,baseball,2018-04-09,False,138.0,197537,Houston Christian,14,18,0.49324,0.50989,0.5093,0.50558
2018,baseball,2018-04-09,False,26.0,197540,Illinois,19,8,0.72695,0.5173,0.53866,0.57505
2018,baseball,2018-04-09,False,75.0,197539,Illinois St.,11,15,0.48162,0.58932,0.50075,0.54025
2018,baseball,2018-04-09,False,18.0,197543,Indiana,22,6,0.76493,0.52513,0.53285,0.58701
2018,baseball,2018-04-09,False,41.0,197542,Indiana St.,16,10,0.65789,0.54652,0.5016,0.56313
2018,baseball,2018-04-09,False,275.0,197545,Iona,8,18,0.40254,0.40103,0.46107,0.41642
2018,baseball,2018-04-09,False,25.0,197546,Iowa,19,10,0.65056,0.56695,0.51745,0.57548
2018,baseball,2018-04-09,False,162.0,197547,Jackson St.,20,11,0.61981,0.43708,0.48183,0.49395
2018,baseball,2018-04-09,False,47.0,197549,Jacksonville,21,12,0.62376,0.53558,0.54436,0.55982
2018,baseball,2018-04-09,False,80.0,197548,Jacksonville St.,16,13,0.52669,0.55558,0.49617,0.53351
2018,baseball,2018-04-09,False,144.0,197550,James Madison,15,15,0.45918,0.53437,0.48272,0.50266
2018,baseball,2018-04-09,False,73.0,197552,Kansas,18,13,0.53137,0.56861,0.49832,0.54173
2018,baseball,2018-04-09,False,106.0,197551,Kansas St.,15,16,0.43151,0.5734,0.51809,0.5241
2018,baseball,2018-04-09,False,94.0,197730,Kennesaw St.,17,15,0.47351,0.57851,0.48998,0.53013
2018,baseball,2018-04-09,False,71.0,197553,Kent St.,17,10,0.71821,0.47045,0.50854,0.54191
2018,baseball,2018-04-09,False,19.0,197554,Kentucky,22,10,0.66216,0.57219,0.53576,0.58558
2018,baseball,2018-04-09,False,256.0,197560,LIU,15,13,0.53137,0.36855,0.48115,0.43741
2018,baseball,2018-04-09,False,121.0,197566,LMU (CA),14,17,0.47458,0.52987,0.52812,0.51561
2018,baseball,2018-04-09,False,63.0,197562,LSU,20,13,0.53901,0.56311,0.52782,0.54826
2018,baseball,2018-04-09,False,262.0,197555,La Salle,8,21,0.33824,0.46104,0.46528,0.4314
2018,baseball,2018-04-09,False,231.0,197556,Lafayette,12,19,0.4927,0.4444,0.4477,0.4573
2018,baseball,2018-04-09,False,251.0,197557,Lamar University,7,25,0.18373,0.55544,0.47209,0.44168
2018,baseball,2018-04-09,False,247.0,197558,Lehigh,11,18,0.43243,0.43907,0.46152,0.44302
2018,baseball,2018-04-09,False,114.0,197559,Liberty,18,12,0.6,0.49214,0.49549,0.51994
2018,baseball,2018-04-09,False,187.0,197741,Lipscomb,14,16,0.3677,0.53724,0.48783,0.4825
2018,baseball,2018-04-09,False,60.0,197457,Little Rock,17,13,0.58497,0.5576,0.49914,0.54983
2018,baseball,2018-04-09,False,150.0,197478,Long Beach St.,12,20,0.34727,0.56658,0.51888,0.49982
2018,baseball,2018-04-09,False,282.0,197561,Longwood,9,21,0.27174,0.44656,0.46944,0.40858
2018,baseball,2018-04-09,False,85.0,197677,Louisiana,15,17,0.46815,0.56511,0.5294,0.53194
2018,baseball,2018-04-09,False,54.0,197563,Louisiana Tech,24,10,0.70154,0.49075,0.53287,0.55398
2018,baseball,2018-04-09,False,40.0,197564,Louisville,20,11,0.60071,0.56165,0.53079,0.5637
2018,baseball,2018-04-09,False,225.0,197567,Maine,9,21,0.34524,0.51844,0.46091,0.46076
2018,baseball,2018-04-09,False,123.0,197568,Manhattan,16,13,0.69257,0.43398,0.49711,0.51441
2018,baseball,2018-04-09,False,191.0,197569,Marist,10,14,0.51174,0.4542,0.49717,0.47933
2018,baseball,2018-04-09,False,150.0,197570,Marshall,14,13,0.55439,0.47654,0.49182,0.49982
2018,baseball,2018-04-09,False,102.0,197572,Maryland,15,17,0.44904,0.57169,0.5112,0.52591
2018,baseball,2018-04-09,False,202.0,197574,Massachusetts,9,12,0.47059,0.47434,0.47488,0.47354
2018,baseball,2018-04-09,False,162.0,197575,McNeese,13,19,0.37117,0.5511,0.50241,0.49395
2018,baseball,2018-04-09,False,230.0,197576,Memphis,9,23,0.25828,0.53706,0.49832,0.45768
2018,baseball,2018-04-09,False,51.0,197577,Mercer,26,8,0.71951,0.49093,0.52846,0.55746
2018,baseball,2018-04-09,False,83.0,197579,Miami (FL),13,18,0.3564,0.62576,0.5232,0.53278
2018,baseball,2018-04-09,False,209.0,197578,Miami (OH),17,10,0.62403,0.3621,0.5295,0.46943
2018,baseball,2018-04-09,False,72.0,197581,Michigan,19,11,0.65543,0.4973,0.51744,0.54187
2018,baseball,2018-04-09,False,216.0,197580,Michigan St.,9,19,0.29889,0.54207,0.48078,0.46595
2018,baseball,2018-04-09,False,196.0,197582,Middle Tenn.,17,15,0.50296,0.44244,0.52108,0.47723
2018,baseball,2018-04-09,False,203.0,197719,Milwaukee,10,17,0.49225,0.45306,0.49329,0.47291
2018,baseball,2018-04-09,False,52.0,197583,Minnesota,21,10,0.67105,0.50968,0.52715,0.55439
2018,baseball,2018-04-09,False,70.0,197584,Mississippi St.,17,16,0.51178,0.57464,0.51058,0.54291
2018,baseball,2018-04-09,False,284.0,197585,Mississippi Val.,7,19,0.27982,0.42918,0.47493,0.40327
2018,baseball,2018-04-09,False,31.0,197587,Missouri,23,9,0.7,0.518,0.5452,0.5703
2018,baseball,2018-04-09,False,32.0,197675,Missouri St.,22,7,0.76208,0.4928,0.52839,0.56902
2018,baseball,2018-04-09,False,235.0,197588,Monmouth,8,18,0.36564,0.50199,0.4489,0.45463
2018,baseball,2018-04-09,False,159.0,197589,Morehead St.,20,13,0.62783,0.42969,0.49382,0.49526
2018,baseball,2018-04-09,False,278.0,197590,Mount St. Mary's,7,18,0.35426,0.42534,0.45786,0.4157
2018,baseball,2018-04-09,False,226.0,197591,Murray St.,16,14,0.51667,0.4027,0.51774,0.45995
2018,baseball,2018-04-09,False,239.0,197609,N.C. A&T,16,15,0.47176,0.42579,0.47886,0.45055
2018,baseball,2018-04-09,False,173.0,197610,N.C. Central,20,14,0.57047,0.46102,0.46655,0.48976
2018,baseball,2018-04-09,False,14.0,197611,NC State,25,6,0.77163,0.5357,0.54762,0.59766
2018,baseball,2018-04-09,False,204.0,197616,NIU,9,20,0.39033,0.52269,0.4546,0.47258
2018,baseball,2018-04-09,False,132.0,197601,NJIT,12,12,0.6375,0.46932,0.45936,0.50887
2018,baseball,2018-04-09,False,149.0,197698,Navy,25,9,0.71385,0.39831,0.49081,0.50032
2018,baseball,2018-04-09,False,115.0,197597,Nebraska,14,16,0.46454,0.55683,0.50099,0.51979
2018,baseball,2018-04-09,False,43.0,197600,Nevada,17,12,0.65091,0.54806,0.50102,0.56201
2018,baseball,2018-04-09,False,152.0,197603,New Mexico,12,17,0.39502,0.5512,0.5007,0.49953
2018,baseball,2018-04-09,False,147.0,197602,New Mexico St.,19,13,0.55872,0.47585,0.49574,0.50154
2018,baseball,2018-04-09,False,142.0,197604,New Orleans,16,16,0.50456,0.50116,0.50557,0.50311
2018,baseball,2018-04-09,False,265.0,197606,Niagara,9,14,0.48165,0.36022,0.5044,0.42662
2018,baseball,2018-04-09,False,227.0,197607,Nicholls,11,21,0.28041,0.52613,0.50545,0.45953
2018,baseball,2018-04-09,False,296.0,197608,Norfolk St.,9,19,0.28882,0.30033,0.41677,0.32656
2018,baseball,2018-04-09,False,15.0,197593,North Carolina,21,11,0.62583,0.61512,0.53207,0.59704
2018,baseball,2018-04-09,False,146.0,197612,North Dakota St.,13,14,0.61303,0.47096,0.45168,0.50166
2018,baseball,2018-04-09,False,140.0,197734,North Florida,17,15,0.44964,0.5316,0.50316,0.504
2018,baseball,2018-04-09,False,12.0,197614,Northeastern,18,10,0.70189,0.58657,0.52134,0.59909
2018,baseball,2018-04-09,False,183.0,197615,Northern Colo.,19,14,0.5746,0.42947,0.50464,0.48454
2018,baseball,2018-04-09,False,253.0,197617,Northern Ky.,7,20,0.31727,0.49135,0.45992,0.43997
2018,baseball,2018-04-09,False,207.0,197619,Northwestern,8,17,0.356,0.50428,0.51974,0.47107
2018,baseball,2018-04-09,False,143.0,197618,Northwestern St.,16,14,0.54422,0.47513,0.51658,0.50276
2018,baseball,2018-04-09,False,105.0,197620,Notre Dame,13,18,0.42617,0.57587,0.52173,0.52491
2018,baseball,2018-04-09,False,205.0,197621,Oakland,7,19,0.33929,0.54209,0.46506,0.47213
2018,baseball,2018-04-09,False,266.0,197623,Ohio,15,14,0.57491,0.31545,0.49993,0.42644
2018,baseball,2018-04-09,False,50.0,197622,Ohio St.,20,10,0.65965,0.52775,0.51675,0.55798
2018,baseball,2018-04-09,False,37.0,197625,Oklahoma,23,11,0.61695,0.54898,0.55606,0.56774
2018,baseball,2018-04-09,False,39.0,197624,Oklahoma St.,17,11,0.61786,0.55399,0.53366,0.56487
2018,baseball,2018-04-09,False,237.0,197626,Old Dominion,10,20,0.27148,0.52219,0.49717,0.45326
2018,baseball,2018-04-09,False,6.0,197586,Ole Miss,27,6,0.81443,0.53452,0.55057,0.60851
2018,baseball,2018-04-09,False,244.0,197598,Omaha,11,17,0.36929,0.47294,0.47085,0.4465
2018,baseball,2018-04-09,False,190.0,197627,Oral Roberts,17,13,0.53101,0.43529,0.51932,0.48023
2018,baseball,2018-04-09,False,42.0,197629,Oregon,18,12,0.57778,0.5707,0.53143,0.56265
2018,baseball,2018-04-09,False,17.0,197628,Oregon St.,24,6,0.80435,0.50824,0.53801,0.58971
2018,baseball,2018-04-09,False,170.0,197630,Pacific,12,18,0.41304,0.52624,0.50005,0.49139
2018,baseball,2018-04-09,False,280.0,197633,Penn,8,17,0.38565,0.4061,0.44937,0.41181
2018,baseball,2018-04-09,False,229.0,197632,Penn St.,7,18,0.31225,0.51909,0.48137,0.45795
2018,baseball,2018-04-09,False,145.0,197634,Pepperdine,15,16,0.44746,0.52199,0.51811,0.50238
2018,baseball,2018-04-09,False,87.0,197635,Pittsburgh,17,11,0.6145,0.49431,0.52307,0.53155
2018,baseball,2018-04-09,False,233.0,197636,Portland,10,19,0.29181,0.52785,0.47756,0.45627
2018,baseball,2018-04-09,False,288.0,197637,Prairie View,8,21,0.27419,0.4307,0.44466,0.39507
2018,baseball,2018-04-09,False,270.0,197731,Presbyterian,12,22,0.32609,0.43774,0.49049,0.42301
2018,baseball,2018-04-09,False,248.0,197638,Princeton,7,13,0.43407,0.41254,0.51212,0.44282
2018,baseball,2018-04-09,False,66.0,197639,Purdue,15,12,0.63095,0.52135,0.50511,0.54469
2018,baseball,2018-04-09,False,291.0,197544,Purdue Fort Wayne,6,20,0.27615,0.38242,0.47979,0.3802
2018,baseball,2018-04-09,False,175.0,197640,Quinnipiac,14,15,0.60967,0.41848,0.50758,0.48855
2018,baseball,2018-04-09,False,236.0,197641,Radford,12,19,0.42173,0.44437,0.50495,0.45385
2018,baseball,2018-04-09,False,117.0,197642,Rhode Island,7,23,0.29119,0.65559,0.47504,0.51935
2018,baseball,2018-04-09,False,128.0,197643,Rice,15,19,0.40645,0.56773,0.50976,0.51292
2018,baseball,2018-04-09,False,178.0,197644,Richmond,17,13,0.5303,0.45915,0.4956,0.48605
2018,baseball,2018-04-09,False,289.0,197645,Rider,6,20,0.28326,0.4388,0.41443,0.39382
2018,baseball,2018-04-09,False,141.0,197646,Rutgers,17,11,0.62191,0.4354,0.51987,0.50315
2018,baseball,2018-04-09,False,245.0,197679,SFA,11,20,0.34948,0.47303,0.48261,0.44454
2018,baseball,2018-04-09,False,192.0,197672,SIUE,7,22,0.29368,0.58567,0.45209,0.47928
2018,baseball,2018-04-09,False,179.0,197480,Sacramento St.,16,14,0.52921,0.45034,0.51269,0.48564
2018,baseball,2018-04-09,False,276.0,197647,Sacred Heart,8,16,0.33772,0.41885,0.48894,0.41609
2018,baseball,2018-04-09,False,215.0,197650,Saint Joseph's,12,13,0.49807,0.43819,0.49224,0.46667
2018,baseball,2018-04-09,False,97.0,197651,Saint Louis,21,9,0.67416,0.46318,0.51524,0.52894
2018,baseball,2018-04-09,False,158.0,197652,Saint Mary's (CA),16,14,0.58503,0.43515,0.52632,0.49542
2018,baseball,2018-04-09,False,294.0,197653,Saint Peter's,0,22,0.0,0.51743,0.43257,0.36686
2018,baseball,2018-04-09,False,38.0,197654,Sam Houston,23,8,0.72258,0.51721,0.51219,0.5673
2018,baseball,2018-04-09,False,111.0,197655,Samford,19,14,0.55162,0.50759,0.51587,0.52067
2018,baseball,2018-04-09,False,95.0,197657,San Diego,15,17,0.42994,0.59597,0.49743,0.52983
2018,baseball,2018-04-09,False,61.0,197656,San Diego St.,21,11,0.65595,0.50302,0.53473,0.54918
2018,baseball,2018-04-09,False,92.0,197658,San Francisco,20,12,0.6135,0.49414,0.52097,0.53069
2018,baseball,2018-04-09,False,216.0,197659,San Jose St.,11,19,0.32975,0.52044,0.49318,0.46595
2018,baseball,2018-04-09,False,193.0,197660,Santa Clara,15,14,0.46909,0.45596,0.53271,0.47843
2018,baseball,2018-04-09,False,292.0,197661,Savannah St.,5,21,0.15074,0.44931,0.45357,0.37573
2018,baseball,2018-04-09,False,177.0,197732,Seattle U,18,10,0.6065,0.40733,0.52755,0.48717
2018,baseball,2018-04-09,False,65.0,197662,Seton Hall,11,12,0.54067,0.58115,0.48384,0.5467
2018,baseball,2018-04-09,False,257.0,197663,Siena,5,22,0.21461,0.5252,0.48156,0.43664
2018,baseball,2018-04-09,False,48.0,197664,South Alabama,17,13,0.57576,0.56267,0.53784,0.55973
2018,baseball,2018-04-09,False,69.0,197665,South Carolina,18,14,0.48529,0.58668,0.51376,0.5431
2018,baseball,2018-04-09,False,259.0,197666,South Dakota St.,7,19,0.3348,0.47093,0.46477,0.43536
2018,baseball,2018-04-09,False,56.0,197667,South Fla.,21,11,0.58099,0.55624,0.51702,0.55262
2018,baseball,2018-04-09,False,249.0,197668,Southeast Mo. St.,14,18,0.40845,0.42166,0.51679,0.44214
2018,baseball,2018-04-09,False,120.0,197669,Southeastern La.,24,11,0.64417,0.44191,0.54117,0.51729
2018,baseball,2018-04-09,False,103.0,197670,Southern California,16,12,0.56981,0.4928,0.54818,0.5259
2018,baseball,2018-04-09,False,131.0,197671,Southern Ill.,17,14,0.54397,0.48442,0.52361,0.5091
2018,baseball,2018-04-09,False,49.0,197673,Southern Miss.,22,9,0.67509,0.50893,0.54218,0.55878
2018,baseball,2018-04-09,False,271.0,197674,Southern U.,7,20,0.32917,0.45708,0.44459,0.42198
2018,baseball,2018-04-09,False,277.0,197648,St. Bonaventure,6,15,0.35821,0.41511,0.47569,0.41603
2018,baseball,2018-04-09,False,82.0,197649,St. John's (NY),17,10,0.68794,0.46105,0.52178,0.53295
2018,baseball,2018-04-09,False,1.0,197678,Stanford,23,5,0.80738,0.60772,0.53055,0.63834
2018,baseball,2018-04-09,False,34.0,197680,Stetson,24,8,0.71538,0.51536,0.52882,0.56873
2018,baseball,2018-04-09,False,166.0,197681,Stony Brook,17,12,0.56098,0.46345,0.48342,0.49283
2018,baseball,2018-04-09,False,88.0,197686,TCU,15,13,0.48617,0.56204,0.51593,0.53154
2018,baseball,2018-04-09,False,62.0,197683,Tennessee,19,14,0.51746,0.58264,0.51228,0.54876
2018,baseball,2018-04-09,False,24.0,197682,Tennessee Tech,25,5,0.81206,0.46893,0.5598,0.57743
2018,baseball,2018-04-09,False,30.0,197690,Texas,22,12,0.59732,0.56507,0.55738,0.57121
2018,baseball,2018-04-09,False,21.0,197685,Texas A&M,23,9,0.67972,0.55,0.55034,0.58252
2018,baseball,2018-04-09,False,219.0,197687,Texas Southern,11,20,0.42642,0.47867,0.47122,0.46374
2018,baseball,2018-04-09,False,127.0,197676,Texas St.,17,14,0.5053,0.5045,0.5376,0.51298
2018,baseball,2018-04-09,False,2.0,197688,Texas Tech,26,7,0.81293,0.57671,0.55632,0.63067
2018,baseball,2018-04-09,False,261.0,197494,The Citadel,12,19,0.31385,0.45097,0.51923,0.43375
2018,baseball,2018-04-09,False,137.0,197692,Toledo,9,18,0.40506,0.5821,0.4576,0.50671
2018,baseball,2018-04-09,False,283.0,197693,Towson,7,22,0.24915,0.46388,0.43902,0.40398
2018,baseball,2018-04-09,False,35.0,197694,Troy,22,10,0.67586,0.53248,0.53303,0.56846
2018,baseball,2018-04-09,False,133.0,197695,Tulane,13,20,0.367,0.57797,0.51209,0.50876
2018,baseball,2018-04-09,False,176.0,197449,UAB,14,16,0.39869,0.52404,0.50351,0.48757
2018,baseball,2018-04-09,False,250.0,197450,UAlbany,10,14,0.49794,0.39559,0.47808,0.4418
2018,baseball,2018-04-09,False,185.0,197483,UC Davis,9,17,0.32707,0.55669,0.49155,0.483
2018,baseball,2018-04-09,False,118.0,197484,UC Irvine,17,13,0.56803,0.49249,0.52432,0.51933
2018,baseball,2018-04-09,False,199.0,197486,UC Riverside,13,13,0.43952,0.45918,0.54279,0.47517
2018,baseball,2018-04-09,False,200.0,197481,UC Santa Barbara,14,14,0.42105,0.49074,0.49764,0.47504
2018,baseball,2018-04-09,False,64.0,197490,UCF,22,11,0.6323,0.51385,0.53225,0.54806
2018,baseball,2018-04-09,False,46.0,197485,UCLA,19,9,0.63241,0.53327,0.54539,0.56109
2018,baseball,2018-04-09,False,20.0,197498,UConn,17,10,0.72161,0.55857,0.50075,0.58488
2018,baseball,2018-04-09,False,243.0,197541,UIC,16,12,0.54941,0.36783,0.50415,0.4473
2018,baseball,2018-04-09,False,161.0,197735,UIW,21,12,0.59375,0.43731,0.5086,0.49424
2018,baseball,2018-04-09,False,124.0,197613,ULM,17,15,0.54577,0.49846,0.51446,0.51429
2018,baseball,2018-04-09,False,240.0,197571,UMBC,9,15,0.35294,0.48849,0.47119,0.45028
2018,baseball,2018-04-09,False,295.0,197573,UMES,6,25,0.14907,0.36547,0.42659,0.32665
2018,baseball,2018-04-09,False,194.0,197565,UMass Lowell,10,17,0.47325,0.47191,0.49532,0.4781
2018,baseball,2018-04-09,False,212.0,197592,UNC Asheville,9,22,0.3218,0.52824,0.49463,0.46823
2018,baseball,2018-04-09,False,108.0,197595,UNC Greensboro,24,7,0.75254,0.40719,0.52059,0.52188
2018,baseball,2018-04-09,False,93.0,197596,UNCW,20,11,0.59661,0.51756,0.4905,0.53056
2018,baseball,2018-04-09,False,33.0,197599,UNLV,23,11,0.6875,0.52723,0.53394,0.56897
2018,baseball,2018-04-09,False,263.0,197737,USC Upstate,15,18,0.36634,0.43289,0.48872,0.43021
2018,baseball,2018-04-09,False,104.0,197689,UT Arlington,15,15,0.48315,0.54903,0.52122,0.52561
2018,baseball,2018-04-09,False,238.0,197684,UT Martin,5,23,0.236,0.54921,0.46892,0.45084
2018,baseball,2018-04-09,False,252.0,197631,UTRGV,16,16,0.45775,0.39697,0.51027,0.44049
2018,baseball,2018-04-09,False,76.0,197691,UTSA,16,13,0.5256,0.56176,0.50381,0.53823
2018,baseball,2018-04-09,False,197.0,197699,Utah,8,22,0.28682,0.56888,0.48406,0.47716
2018,baseball,2018-04-09,False,165.0,197743,Utah Valley,12,18,0.45652,0.50823,0.50088,0.49347
2018,baseball,2018-04-09,False,116.0,197703,VCU,21,11,0.62989,0.46856,0.51105,0.51952
2018,baseball,2018-04-09,False,180.0,197704,VMI,14,16,0.48551,0.4828,0.48987,0.48525
2018,baseball,2018-04-09,False,155.0,197700,Valparaiso,9,18,0.4186,0.53988,0.48928,0.49691
2018,baseball,2018-04-09,False,29.0,197701,Vanderbilt,19,13,0.56207,0.60513,0.51554,0.57197
2018,baseball,2018-04-09,False,286.0,197702,Villanova,5,18,0.24701,0.44674,0.46004,0.40013
2018,baseball,2018-04-09,False,129.0,197706,Virginia,18,14,0.52941,0.50003,0.51505,0.51113
2018,baseball,2018-04-09,False,111.0,197705,Virginia Tech,13,17,0.44444,0.55792,0.5224,0.52067
2018,baseball,2018-04-09,False,57.0,197707,Wagner,20,10,0.73667,0.50296,0.46721,0.55245
2018,baseball,2018-04-09,False,134.0,197708,Wake Forest,13,19,0.37201,0.57659,0.50834,0.50838
2018,baseball,2018-04-09,False,59.0,197710,Washington,14,14,0.48929,0.6031,0.50441,0.54997
2018,baseball,2018-04-09,False,168.0,197709,Washington St.,9,17,0.36522,0.54291,0.51741,0.49211
2018,baseball,2018-04-09,False,23.0,197711,West Virginia,13,15,0.5251,0.6551,0.47662,0.57798
2018,baseball,2018-04-09,False,269.0,197712,Western Caro.,3,27,0.09,0.56632,0.47087,0.42338
2018,baseball,2018-04-09,False,290.0,197713,Western Ill.,6,19,0.2212,0.43135,0.47779,0.39042
2018,baseball,2018-04-09,False,206.0,197714,Western Ky.,15,16,0.45048,0.45192,0.53005,0.47109
2018,baseball,2018-04-09,False,228.0,197715,Western Mich.,13,15,0.45085,0.44465,0.49537,0.45888
2018,baseball,2018-04-09,False,13.0,197716,Wichita St.,22,7,0.75697,0.54843,0.5395,0.59833
2018,baseball,2018-04-09,False,195.0,197717,William & Mary,13,20,0.34603,0.53538,0.49314,0.47748
2018,baseball,2018-04-09,False,171.0,197718,Winthrop,15,18,0.45055,0.52038,0.47315,0.49112
2018,baseball,2018-04-09,False,109.0,197736,Wofford,22,11,0.62847,0.47384,0.51119,0.52184
2018,baseball,2018-04-09,False,126.0,197720,Wright St.,18,11,0.67986,0.43016,0.51204,0.51305
2018,baseball,2018-04-09,False,113.0,197721,Xavier,11,19,0.47348,0.56189,0.48313,0.5201
2018,baseball,2018-04-09,False,210.0,197722,Yale,10,14,0.46296,0.46685,0.47719,0.46846
2018,baseball,2018-04-09,False,273.0,197723,Youngstown St.,9,19,0.3112,0.4407,0.48712,0.41993
2018,baseball,2018-04-16,False,152.0,197740,A&M-Corpus Christi,18,19,0.46753,0.51016,0.50865,0.49913
2018,baseball,2018-04-16,False,223.0,197445,Abilene Christian,17,17,0.4396,0.46691,0.48611,0.46488
2018,baseball,2018-04-16,False,96.0,197696,Air Force,15,21,0.4486,0.58455,0.49067,0.52709
2018,baseball,2018-04-16,False,50.0,197448,Alabama,21,16,0.54114,0.58089,0.52445,0.55684
2018,baseball,2018-04-16,False,288.0,197446,Alabama A&M,7,30,0.16616,0.48846,0.45561,0.39968
2018,baseball,2018-04-16,False,247.0,197447,Alabama St.,20,15,0.52147,0.38631,0.4845,0.44465
2018,baseball,2018-04-16,False,286.0,197451,Alcorn,8,27,0.28483,0.43791,0.4438,0.40111
2018,baseball,2018-04-16,False,221.0,197452,App State,8,26,0.28571,0.53525,0.50571,0.46548
2018,baseball,2018-04-16,False,35.0,197454,Arizona,22,12,0.64041,0.55715,0.51974,0.56861
2018,baseball,2018-04-16,False,135.0,197453,Arizona St.,14,22,0.34463,0.58949,0.50597,0.50739
2018,baseball,2018-04-16,False,272.0,197733,Ark.-Pine Bluff,12,16,0.40755,0.41032,0.46638,0.42364
2018,baseball,2018-04-16,False,4.0,197456,Arkansas,27,10,0.70358,0.61526,0.53008,0.61604
2018,baseball,2018-04-16,False,197.0,197455,Arkansas St.,12,20,0.38514,0.49957,0.53401,0.47957
2018,baseball,2018-04-16,False,76.0,197697,Army West Point,21,14,0.64345,0.50122,0.50274,0.53716
2018,baseball,2018-04-16,False,14.0,197458,Auburn,25,12,0.63226,0.59744,0.53444,0.59039
2018,baseball,2018-04-16,False,83.0,197459,Austin Peay,21,16,0.57485,0.53069,0.49806,0.53357
2018,baseball,2018-04-16,False,112.0,197468,BYU,18,15,0.57426,0.49329,0.51758,0.51961
2018,baseball,2018-04-16,False,169.0,197460,Ball St.,17,17,0.54261,0.45644,0.50041,0.48898
2018,baseball,2018-04-16,False,66.0,197462,Baylor,17,17,0.49051,0.58453,0.52285,0.5456
2018,baseball,2018-04-16,False,265.0,197738,Belmont,14,21,0.34663,0.43977,0.4988,0.43124
2018,baseball,2018-04-16,False,185.0,197463,Bethune-Cookman,14,22,0.38506,0.53545,0.47741,0.48334
2018,baseball,2018-04-16,False,191.0,197464,Binghamton,9,18,0.41772,0.51643,0.4785,0.48227
2018,baseball,2018-04-16,False,160.0,197465,Boston College,12,22,0.36103,0.55579,0.5079,0.49513
2018,baseball,2018-04-16,False,259.0,197466,Bowling Green,9,23,0.32374,0.47826,0.46299,0.43581
2018,baseball,2018-04-16,False,65.0,197467,Bradley,20,9,0.76159,0.45525,0.51662,0.54718
2018,baseball,2018-04-16,False,284.0,197469,Brown,7,19,0.2874,0.43975,0.47156,0.40962
2018,baseball,2018-04-16,False,81.0,197470,Bryant,18,14,0.66258,0.49965,0.47399,0.53397
2018,baseball,2018-04-16,False,214.0,197471,Bucknell,12,21,0.36607,0.5148,0.48266,0.46958
2018,baseball,2018-04-16,False,93.0,197473,Butler,23,8,0.76645,0.43297,0.48468,0.52927
2018,baseball,2018-04-16,False,216.0,197475,CSU Bakersfield,13,21,0.40549,0.49081,0.4855,0.46815
2018,baseball,2018-04-16,False,119.0,197479,CSUN,18,18,0.49123,0.53672,0.49529,0.51499
2018,baseball,2018-04-16,False,196.0,197474,Cal Poly,16,18,0.45277,0.47296,0.52608,0.48119
2018,baseball,2018-04-16,False,72.0,197477,Cal St. Fullerton,17,17,0.5,0.57595,0.51488,0.54169
2018,baseball,2018-04-16,False,100.0,197482,California,21,12,0.59406,0.49159,0.52467,0.52548
2018,baseball,2018-04-16,False,148.0,197487,Campbell,20,16,0.50521,0.50809,0.48348,0.50121
2018,baseball,2018-04-16,False,155.0,197488,Canisius,20,11,0.70607,0.38577,0.51282,0.49761
2018,baseball,2018-04-16,False,127.0,197724,Central Ark.,22,13,0.54925,0.49574,0.50741,0.51204
2018,baseball,2018-04-16,False,263.0,197489,Central Conn. St.,10,17,0.36992,0.44758,0.46541,0.43262
2018,baseball,2018-04-16,False,231.0,197491,Central Mich.,13,21,0.41304,0.44945,0.52624,0.45955
2018,baseball,2018-04-16,False,260.0,197461,Charleston So.,11,27,0.28392,0.48361,0.49102,0.43554
2018,baseball,2018-04-16,False,110.0,197594,Charlotte,18,17,0.49687,0.53407,0.51897,0.521
2018,baseball,2018-04-16,False,261.0,197492,Chicago St.,5,27,0.17472,0.55811,0.44532,0.43407
2018,baseball,2018-04-16,False,162.0,197493,Cincinnati,17,17,0.47557,0.4923,0.51676,0.49423
2018,baseball,2018-04-16,False,19.0,197495,Clemson,26,10,0.67913,0.55945,0.55081,0.58721
2018,baseball,2018-04-16,False,16.0,197496,Coastal Carolina,26,12,0.6413,0.59521,0.52485,0.58914
2018,baseball,2018-04-16,False,47.0,197725,Col. of Charleston,27,10,0.67385,0.52891,0.50796,0.55991
2018,baseball,2018-04-16,False,201.0,197497,Columbia,12,21,0.42424,0.4938,0.49971,0.47789
2018,baseball,2018-04-16,False,275.0,197499,Coppin St.,13,17,0.51389,0.37887,0.41738,0.42225
2018,baseball,2018-04-16,False,252.0,197500,Cornell,6,16,0.28846,0.51348,0.45264,0.44201
2018,baseball,2018-04-16,False,27.0,197501,Creighton,20,10,0.7079,0.54254,0.52843,0.58036
2018,baseball,2018-04-16,False,42.0,197726,DBU,23,10,0.67018,0.52607,0.52275,0.56126
2018,baseball,2018-04-16,False,268.0,197502,Dartmouth,9,16,0.42273,0.39037,0.50578,0.42731
2018,baseball,2018-04-16,False,158.0,197503,Davidson,22,13,0.58824,0.45282,0.49478,0.49716
2018,baseball,2018-04-16,False,234.0,197504,Dayton,8,22,0.28839,0.52934,0.47915,0.45656
2018,baseball,2018-04-16,False,199.0,197506,Delaware,17,15,0.52365,0.45497,0.48317,0.47919
2018,baseball,2018-04-16,False,297.0,197505,Delaware St.,5,28,0.17101,0.30765,0.40676,0.29827
2018,baseball,2018-04-16,False,22.0,197507,Duke,30,7,0.81231,0.49791,0.53125,0.58484
2018,baseball,2018-04-16,False,90.0,197509,ETSU,18,14,0.57468,0.53043,0.48903,0.53114
2018,baseball,2018-04-16,False,11.0,197508,East Carolina,26,9,0.70349,0.57093,0.53791,0.59582
2018,baseball,2018-04-16,False,181.0,197510,Eastern Ill.,12,21,0.42202,0.5101,0.4969,0.48478
2018,baseball,2018-04-16,False,187.0,197511,Eastern Ky.,17,20,0.4864,0.47438,0.49608,0.48281
2018,baseball,2018-04-16,False,164.0,197512,Eastern Mich.,13,20,0.44127,0.53184,0.46286,0.49195
2018,baseball,2018-04-16,False,156.0,197727,Elon,20,16,0.50575,0.48538,0.51261,0.49728
2018,baseball,2018-04-16,False,242.0,197513,Evansville,6,23,0.18595,0.56009,0.49698,0.45078
2018,baseball,2018-04-16,False,293.0,197515,FDU,8,20,0.31449,0.35057,0.45059,0.36655
2018,baseball,2018-04-16,False,46.0,197742,FGCU,25,9,0.72468,0.50457,0.50714,0.56024
2018,baseball,2018-04-16,False,163.0,197518,FIU,17,19,0.41595,0.53005,0.4941,0.49254
2018,baseball,2018-04-16,False,209.0,197514,Fairfield,13,18,0.50181,0.46001,0.47021,0.47301
2018,baseball,2018-04-16,False,17.0,197517,Fla. Atlantic,26,9,0.73955,0.54588,0.52217,0.58837
2018,baseball,2018-04-16,False,1.0,197520,Florida,32,6,0.83587,0.57564,0.55752,0.63616
2018,baseball,2018-04-16,False,258.0,197516,Florida A&M,16,22,0.40526,0.42614,0.4869,0.43611
2018,baseball,2018-04-16,False,15.0,197519,Florida St.,24,12,0.62857,0.59276,0.54613,0.59005
2018,baseball,2018-04-16,False,146.0,197521,Fordham,21,11,0.6463,0.42834,0.50658,0.50239
2018,baseball,2018-04-16,False,151.0,197476,Fresno St.,21,14,0.54799,0.46094,0.52856,0.49961
2018,baseball,2018-04-16,False,109.0,197522,Furman,17,19,0.42319,0.58647,0.49349,0.5224
2018,baseball,2018-04-16,False,113.0,197526,Ga. Southern,16,19,0.42902,0.56032,0.52404,0.51843
2018,baseball,2018-04-16,False,143.0,197728,Gardner-Webb,21,17,0.52561,0.49975,0.49199,0.50427
2018,baseball,2018-04-16,False,243.0,197523,George Mason,14,20,0.37542,0.47531,0.47539,0.45035
2018,baseball,2018-04-16,False,150.0,197524,George Washington,20,15,0.55405,0.47665,0.49344,0.5002
2018,baseball,2018-04-16,False,230.0,197525,Georgetown,13,20,0.39116,0.49548,0.46639,0.46213
2018,baseball,2018-04-16,False,8.0,197529,Georgia,25,11,0.67937,0.58421,0.54759,0.59885
2018,baseball,2018-04-16,False,84.0,197527,Georgia St.,17,18,0.43695,0.58351,0.52984,0.53345
2018,baseball,2018-04-16,False,49.0,197528,Georgia Tech,21,16,0.53474,0.59038,0.51662,0.55803
2018,baseball,2018-04-16,False,75.0,197530,Gonzaga,18,16,0.61129,0.5148,0.51185,0.53818
2018,baseball,2018-04-16,False,264.0,197531,Grambling,18,18,0.49515,0.37628,0.47972,0.43185
2018,baseball,2018-04-16,False,184.0,197729,Grand Canyon,19,16,0.5,0.45665,0.5202,0.48338
2018,baseball,2018-04-16,False,192.0,197532,Hartford,13,19,0.42751,0.50012,0.50107,0.48221
2018,baseball,2018-04-16,False,138.0,197533,Harvard,14,16,0.58596,0.47026,0.49689,0.50584
2018,baseball,2018-04-16,False,87.0,197534,Hawaii,20,12,0.57432,0.50892,0.53832,0.53262
2018,baseball,2018-04-16,False,122.0,197739,High Point,20,15,0.58217,0.48754,0.4963,0.51339
2018,baseball,2018-04-16,False,212.0,197535,Hofstra,14,14,0.5689,0.42088,0.46905,0.46993
2018,baseball,2018-04-16,False,141.0,197536,Holy Cross,12,15,0.51613,0.50899,0.48625,0.50509
2018,baseball,2018-04-16,False,133.0,197538,Houston,21,14,0.56623,0.46389,0.54405,0.50951
2018,baseball,2018-04-16,False,134.0,197537,Houston Christian,16,20,0.50292,0.51476,0.50095,0.50835
2018,baseball,2018-04-16,False,24.0,197540,Illinois,23,8,0.75161,0.52209,0.53664,0.58311
2018,baseball,2018-04-16,False,57.0,197539,Illinois St.,14,17,0.51411,0.59765,0.50329,0.55317
2018,baseball,2018-04-16,False,23.0,197543,Indiana,26,6,0.78716,0.50668,0.53638,0.58422
2018,baseball,2018-04-16,False,67.0,197542,Indiana St.,17,13,0.59477,0.53755,0.50547,0.54383
2018,baseball,2018-04-16,False,280.0,197545,Iona,8,23,0.32872,0.44941,0.44906,0.41915
2018,baseball,2018-04-16,False,29.0,197546,Iowa,21,11,0.65878,0.56799,0.51091,0.57642
2018,baseball,2018-04-16,False,175.0,197547,Jackson St.,23,13,0.63056,0.41832,0.48275,0.48749
2018,baseball,2018-04-16,False,37.0,197549,Jacksonville,24,13,0.62974,0.54672,0.53651,0.56493
2018,baseball,2018-04-16,False,98.0,197548,Jacksonville St.,18,14,0.52597,0.54344,0.49497,0.52696
2018,baseball,2018-04-16,False,124.0,197550,James Madison,19,16,0.4956,0.53086,0.49479,0.51303
2018,baseball,2018-04-16,False,78.0,197552,Kansas,19,16,0.49527,0.57085,0.50453,0.53538
2018,baseball,2018-04-16,False,120.0,197551,Kansas St.,15,21,0.37168,0.58244,0.51849,0.51376
2018,baseball,2018-04-16,False,71.0,197730,Kennesaw St.,21,15,0.52679,0.57112,0.50153,0.54264
2018,baseball,2018-04-16,False,59.0,197553,Kent St.,22,10,0.75301,0.46908,0.51399,0.55129
2018,baseball,2018-04-16,False,12.0,197554,Kentucky,25,11,0.68713,0.57028,0.53616,0.59097
2018,baseball,2018-04-16,False,255.0,197560,LIU,17,15,0.54662,0.36286,0.47763,0.43749
2018,baseball,2018-04-16,False,108.0,197566,LMU (CA),17,18,0.49845,0.53701,0.5181,0.52264
2018,baseball,2018-04-16,False,41.0,197562,LSU,24,13,0.58065,0.5697,0.53399,0.56351
2018,baseball,2018-04-16,False,269.0,197555,La Salle,10,23,0.33974,0.44888,0.46769,0.4263
2018,baseball,2018-04-16,False,248.0,197556,Lafayette,12,24,0.40541,0.45743,0.45613,0.4441
2018,baseball,2018-04-16,False,238.0,197557,Lamar University,10,26,0.26042,0.5324,0.48584,0.45277
2018,baseball,2018-04-16,False,228.0,197558,Lehigh,13,21,0.44126,0.48054,0.44773,0.46252
2018,baseball,2018-04-16,False,104.0,197559,Liberty,22,12,0.64474,0.47581,0.49666,0.52325
2018,baseball,2018-04-16,False,171.0,197741,Lipscomb,15,19,0.35737,0.55435,0.48828,0.48858
2018,baseball,2018-04-16,False,51.0,197457,Little Rock,20,14,0.5988,0.55787,0.50468,0.5548
2018,baseball,2018-04-16,False,114.0,197478,Long Beach St.,15,21,0.40171,0.57121,0.52667,0.5177
2018,baseball,2018-04-16,False,274.0,197561,Longwood,13,21,0.35161,0.4285,0.48246,0.42277
2018,baseball,2018-04-16,False,74.0,197677,Louisiana,20,17,0.54496,0.53948,0.53103,0.53874
2018,baseball,2018-04-16,False,73.0,197563,Louisiana Tech,25,13,0.64384,0.49656,0.52843,0.54135
2018,baseball,2018-04-16,False,38.0,197564,Louisville,24,11,0.65653,0.53476,0.53332,0.56484
2018,baseball,2018-04-16,False,218.0,197567,Maine,10,23,0.35461,0.52185,0.47336,0.46792
2018,baseball,2018-04-16,False,149.0,197568,Manhattan,18,17,0.63663,0.44069,0.48654,0.50113
2018,baseball,2018-04-16,False,153.0,197569,Marist,14,14,0.56846,0.46984,0.48718,0.49883
2018,baseball,2018-04-16,False,183.0,197570,Marshall,15,17,0.51506,0.46697,0.4873,0.48408
2018,baseball,2018-04-16,False,80.0,197572,Maryland,16,19,0.45161,0.58886,0.51124,0.53514
2018,baseball,2018-04-16,False,244.0,197574,Massachusetts,10,16,0.39163,0.44746,0.50061,0.44679
2018,baseball,2018-04-16,False,137.0,197575,McNeese,16,20,0.43011,0.54476,0.50603,0.50641
2018,baseball,2018-04-16,False,226.0,197576,Memphis,12,25,0.29577,0.52375,0.51054,0.46346
2018,baseball,2018-04-16,False,86.0,197577,Mercer,26,12,0.65193,0.48002,0.51929,0.53281
2018,baseball,2018-04-16,False,70.0,197579,Miami (FL),15,20,0.38507,0.62919,0.52908,0.54313
2018,baseball,2018-04-16,False,168.0,197578,Miami (OH),21,11,0.65902,0.39312,0.51588,0.49028
2018,baseball,2018-04-16,False,58.0,197581,Michigan,21,11,0.6726,0.50757,0.52155,0.55232
2018,baseball,2018-04-16,False,232.0,197580,Michigan St.,10,21,0.28947,0.52671,0.48948,0.45809
2018,baseball,2018-04-16,False,200.0,197582,Middle Tenn.,19,17,0.49462,0.45444,0.5132,0.47918
2018,baseball,2018-04-16,False,203.0,197719,Milwaukee,11,18,0.5036,0.4559,0.49112,0.47663
2018,baseball,2018-04-16,False,40.0,197583,Minnesota,23,10,0.69697,0.51617,0.52912,0.56461
2018,baseball,2018-04-16,False,61.0,197584,Mississippi St.,19,18,0.52819,0.57807,0.51334,0.54942
2018,baseball,2018-04-16,False,266.0,197585,Mississippi Val.,10,20,0.3254,0.46533,0.4621,0.42954
2018,baseball,2018-04-16,False,34.0,197587,Missouri,24,12,0.66667,0.53367,0.54288,0.56922
2018,baseball,2018-04-16,False,54.0,197675,Missouri St.,22,10,0.66558,0.5152,0.51784,0.55346
2018,baseball,2018-04-16,False,225.0,197588,Monmouth,12,19,0.41418,0.48814,0.46342,0.46347
2018,baseball,2018-04-16,False,154.0,197589,Morehead St.,23,14,0.65634,0.41921,0.49931,0.49852
2018,baseball,2018-04-16,False,282.0,197590,Mount St. Mary's,10,21,0.35336,0.43021,0.44697,0.41519
2018,baseball,2018-04-16,False,236.0,197591,Murray St.,17,18,0.44918,0.42915,0.51052,0.4545
2018,baseball,2018-04-16,False,229.0,197609,N.C. A&T,19,16,0.5132,0.42803,0.48033,0.4624
2018,baseball,2018-04-16,False,215.0,197610,N.C. Central,21,18,0.4958,0.4591,0.45967,0.46842
2018,baseball,2018-04-16,False,20.0,197611,NC State,28,7,0.75988,0.52312,0.53764,0.58594
2018,baseball,2018-04-16,False,177.0,197616,NIU,11,23,0.39145,0.54945,0.45461,0.48624
2018,baseball,2018-04-16,False,181.0,197601,NJIT,14,14,0.59643,0.43802,0.46664,0.48478
2018,baseball,2018-04-16,False,166.0,197698,Navy,27,11,0.67397,0.40383,0.48049,0.49053
2018,baseball,2018-04-16,False,92.0,197597,Nebraska,16,17,0.47937,0.56545,0.50934,0.5299
2018,baseball,2018-04-16,False,48.0,197600,Nevada,20,13,0.66007,0.5344,0.50749,0.55909
2018,baseball,2018-04-16,False,176.0,197603,New Mexico,12,21,0.35238,0.54946,0.49814,0.48736
2018,baseball,2018-04-16,False,129.0,197602,New Mexico St.,23,13,0.60635,0.46391,0.51003,0.51105
2018,baseball,2018-04-16,False,189.0,197604,New Orleans,17,20,0.46134,0.48335,0.50243,0.48261
2018,baseball,2018-04-16,False,270.0,197606,Niagara,11,17,0.47036,0.36935,0.49284,0.42547
2018,baseball,2018-04-16,False,217.0,197607,Nicholls,14,23,0.32641,0.52303,0.49948,0.46799
2018,baseball,2018-04-16,False,295.0,197608,Norfolk St.,12,20,0.33149,0.29171,0.43439,0.33733
2018,baseball,2018-04-16,False,9.0,197593,North Carolina,24,12,0.64912,0.60134,0.537,0.5972
2018,baseball,2018-04-16,False,174.0,197612,North Dakota St.,13,16,0.5694,0.46001,0.46059,0.4875
2018,baseball,2018-04-16,False,145.0,197734,North Florida,18,18,0.43137,0.53471,0.51146,0.50307
2018,baseball,2018-04-16,False,18.0,197614,Northeastern,19,13,0.65246,0.59017,0.51925,0.58801
2018,baseball,2018-04-16,False,173.0,197615,Northern Colo.,20,16,0.56725,0.44394,0.49625,0.48785
2018,baseball,2018-04-16,False,256.0,197617,Northern Ky.,9,23,0.32781,0.47036,0.48072,0.43731
2018,baseball,2018-04-16,False,167.0,197619,Northwestern,9,20,0.35915,0.54041,0.52174,0.49043
2018,baseball,2018-04-16,False,126.0,197618,Northwestern St.,19,15,0.55988,0.49152,0.50851,0.51286
2018,baseball,2018-04-16,False,89.0,197620,Notre Dame,15,21,0.4359,0.58186,0.52716,0.5317
2018,baseball,2018-04-16,False,202.0,197621,Oakland,10,21,0.40636,0.51571,0.46957,0.47684
2018,baseball,2018-04-16,False,257.0,197623,Ohio,17,17,0.53593,0.35699,0.49545,0.43634
2018,baseball,2018-04-16,False,39.0,197622,Ohio St.,24,10,0.70695,0.51713,0.51764,0.56471
2018,baseball,2018-04-16,False,33.0,197625,Oklahoma,26,13,0.59357,0.5726,0.54033,0.56978
2018,baseball,2018-04-16,False,32.0,197624,Oklahoma St.,20,13,0.62537,0.55513,0.54803,0.57091
2018,baseball,2018-04-16,False,254.0,197626,Old Dominion,11,23,0.25982,0.50034,0.49884,0.43984
2018,baseball,2018-04-16,False,5.0,197586,Ole Miss,29,8,0.79268,0.55154,0.54877,0.61113
2018,baseball,2018-04-16,False,249.0,197598,Omaha,12,18,0.38202,0.4541,0.48343,0.44341
2018,baseball,2018-04-16,False,198.0,197627,Oral Roberts,20,14,0.55245,0.42804,0.50855,0.47927
2018,baseball,2018-04-16,False,64.0,197629,Oregon,19,15,0.54516,0.555,0.53386,0.54726
2018,baseball,2018-04-16,False,6.0,197628,Oregon St.,26,6,0.82119,0.5398,0.53487,0.60891
2018,baseball,2018-04-16,False,161.0,197630,Pacific,14,20,0.41615,0.53622,0.4918,0.4951
2018,baseball,2018-04-16,False,279.0,197633,Penn,10,19,0.42586,0.39857,0.45672,0.41993
2018,baseball,2018-04-16,False,237.0,197632,Penn St.,7,22,0.26159,0.53212,0.49068,0.45413
2018,baseball,2018-04-16,False,131.0,197634,Pepperdine,18,17,0.50147,0.51052,0.51673,0.50981
2018,baseball,2018-04-16,False,99.0,197635,Pittsburgh,19,14,0.56634,0.50938,0.52152,0.52666
2018,baseball,2018-04-16,False,208.0,197636,Portland,13,20,0.33956,0.53356,0.48576,0.47311
2018,baseball,2018-04-16,False,287.0,197637,Prairie View,8,23,0.25954,0.44434,0.45129,0.39988
2018,baseball,2018-04-16,False,278.0,197731,Presbyterian,12,26,0.28075,0.45468,0.49097,0.42027
2018,baseball,2018-04-16,False,276.0,197638,Princeton,8,16,0.37719,0.40601,0.49826,0.42187
2018,baseball,2018-04-16,False,85.0,197639,Purdue,15,15,0.54639,0.54139,0.50233,0.53288
2018,baseball,2018-04-16,False,291.0,197544,Purdue Fort Wayne,6,24,0.24176,0.41506,0.46745,0.38483
2018,baseball,2018-04-16,False,213.0,197640,Quinnipiac,16,18,0.57419,0.39813,0.50824,0.46967
2018,baseball,2018-04-16,False,222.0,197641,Radford,14,21,0.44759,0.45219,0.50802,0.465
2018,baseball,2018-04-16,False,101.0,197642,Rhode Island,10,25,0.36624,0.62895,0.47686,0.52525
2018,baseball,2018-04-16,False,123.0,197643,Rice,16,21,0.41246,0.56909,0.50232,0.51324
2018,baseball,2018-04-16,False,159.0,197644,Richmond,19,15,0.53548,0.4798,0.48933,0.49611
2018,baseball,2018-04-16,False,289.0,197645,Rider,9,21,0.32584,0.40476,0.442,0.39434
2018,baseball,2018-04-16,False,144.0,197646,Rutgers,18,14,0.58842,0.45749,0.51324,0.50416
2018,baseball,2018-04-16,False,205.0,197679,SFA,13,22,0.38602,0.51043,0.4879,0.47369
2018,baseball,2018-04-16,False,235.0,197672,SIUE,7,26,0.24611,0.56188,0.45372,0.4559
2018,baseball,2018-04-16,False,187.0,197480,Sacramento St.,18,16,0.50755,0.45704,0.50961,0.48281
2018,baseball,2018-04-16,False,271.0,197647,Sacred Heart,9,18,0.34524,0.43091,0.49285,0.42498
2018,baseball,2018-04-16,False,220.0,197650,Saint Joseph's,14,16,0.46855,0.45645,0.4871,0.46714
2018,baseball,2018-04-16,False,94.0,197651,Saint Louis,25,9,0.72204,0.4407,0.51161,0.52876
2018,baseball,2018-04-16,False,140.0,197652,Saint Mary's (CA),19,15,0.61377,0.43585,0.53562,0.50527
2018,baseball,2018-04-16,False,294.0,197653,Saint Peter's,0,27,0.0,0.4809,0.42775,0.34739
2018,baseball,2018-04-16,False,56.0,197654,Sam Houston,25,11,0.66667,0.51602,0.51435,0.55326
2018,baseball,2018-04-16,False,77.0,197655,Samford,23,14,0.58583,0.52368,0.51509,0.53707
2018,baseball,2018-04-16,False,103.0,197657,San Diego,17,19,0.43056,0.58405,0.4948,0.52337
2018,baseball,2018-04-16,False,68.0,197656,San Diego St.,23,13,0.62108,0.50652,0.53883,0.54324
2018,baseball,2018-04-16,False,117.0,197658,San Francisco,20,16,0.56497,0.48915,0.51945,0.51568
2018,baseball,2018-04-16,False,178.0,197659,San Jose St.,14,20,0.40308,0.52444,0.49035,0.48558
2018,baseball,2018-04-16,False,224.0,197660,Santa Clara,15,18,0.3945,0.4697,0.52288,0.46419
2018,baseball,2018-04-16,False,292.0,197661,Savannah St.,5,21,0.15074,0.43883,0.45222,0.37015
2018,baseball,2018-04-16,False,147.0,197732,Seattle U,23,10,0.65064,0.41353,0.52845,0.50154
2018,baseball,2018-04-16,False,79.0,197662,Seton Hall,14,13,0.56225,0.54312,0.49297,0.53536
2018,baseball,2018-04-16,False,233.0,197663,Siena,7,25,0.27444,0.5394,0.47893,0.45804
2018,baseball,2018-04-16,False,36.0,197664,South Alabama,21,13,0.62416,0.55583,0.53387,0.56742
2018,baseball,2018-04-16,False,63.0,197665,South Carolina,20,16,0.50641,0.58392,0.5176,0.54796
2018,baseball,2018-04-16,False,240.0,197666,South Dakota St.,9,20,0.37795,0.47954,0.46837,0.45135
2018,baseball,2018-04-16,False,30.0,197667,South Fla.,23,13,0.58951,0.5954,0.51405,0.57359
2018,baseball,2018-04-16,False,239.0,197668,Southeast Mo. St.,16,20,0.42767,0.43445,0.51038,0.45174
2018,baseball,2018-04-16,False,128.0,197669,Southeastern La.,25,15,0.59786,0.46188,0.52601,0.51191
2018,baseball,2018-04-16,False,106.0,197670,Southern California,17,14,0.5302,0.50737,0.54772,0.52316
2018,baseball,2018-04-16,False,130.0,197671,Southern Ill.,18,17,0.5194,0.49981,0.5231,0.51053
2018,baseball,2018-04-16,False,53.0,197673,Southern Miss.,24,11,0.66562,0.5073,0.53781,0.55451
2018,baseball,2018-04-16,False,285.0,197674,Southern U.,7,24,0.28832,0.44319,0.44909,0.40595
2018,baseball,2018-04-16,False,283.0,197648,St. Bonaventure,7,19,0.31855,0.43794,0.4643,0.41468
2018,baseball,2018-04-16,False,55.0,197649,St. John's (NY),22,10,0.7224,0.48454,0.5218,0.55332
2018,baseball,2018-04-16,False,2.0,197678,Stanford,27,5,0.82721,0.57084,0.54186,0.62769
2018,baseball,2018-04-16,False,28.0,197680,Stetson,28,8,0.74306,0.519,0.53204,0.57827
2018,baseball,2018-04-16,False,179.0,197681,Stony Brook,19,15,0.54348,0.45732,0.48137,0.48487
2018,baseball,2018-04-16,False,60.0,197686,TCU,18,13,0.54545,0.56241,0.52859,0.54971
2018,baseball,2018-04-16,False,82.0,197683,Tennessee,21,17,0.50571,0.5494,0.53042,0.53373
2018,baseball,2018-04-16,False,25.0,197682,Tennessee Tech,29,5,0.83841,0.474,0.54131,0.58193
2018,baseball,2018-04-16,False,26.0,197690,Texas,24,14,0.60355,0.58369,0.55171,0.58066
2018,baseball,2018-04-16,False,10.0,197685,Texas A&M,27,9,0.70874,0.56223,0.55086,0.59602
2018,baseball,2018-04-16,False,219.0,197687,Texas Southern,16,20,0.49333,0.448,0.48166,0.46775
2018,baseball,2018-04-16,False,107.0,197676,Texas St.,20,15,0.54328,0.50375,0.54059,0.52284
2018,baseball,2018-04-16,False,3.0,197688,Texas Tech,29,8,0.80745,0.569,0.55279,0.62456
2018,baseball,2018-04-16,False,267.0,197494,The Citadel,14,21,0.31781,0.43933,0.51879,0.42882
2018,baseball,2018-04-16,False,139.0,197692,Toledo,12,20,0.4484,0.55022,0.47353,0.50559
2018,baseball,2018-04-16,False,273.0,197693,Towson,10,24,0.31176,0.46196,0.45569,0.42285
2018,baseball,2018-04-16,False,43.0,197694,Troy,23,12,0.62848,0.54032,0.53589,0.56125
2018,baseball,2018-04-16,False,125.0,197695,Tulane,16,21,0.39275,0.57054,0.51783,0.51292
2018,baseball,2018-04-16,False,194.0,197449,UAB,16,18,0.42775,0.4961,0.50734,0.48182
2018,baseball,2018-04-16,False,190.0,197450,UAlbany,14,15,0.53597,0.45963,0.475,0.48256
2018,baseball,2018-04-16,False,186.0,197483,UC Davis,10,20,0.33333,0.55168,0.4948,0.48287
2018,baseball,2018-04-16,False,91.0,197484,UC Irvine,20,14,0.58084,0.51078,0.52041,0.5307
2018,baseball,2018-04-16,False,204.0,197486,UC Riverside,14,16,0.42361,0.47349,0.53454,0.47628
2018,baseball,2018-04-16,False,180.0,197481,UC Santa Barbara,16,16,0.44128,0.49728,0.50348,0.48483
2018,baseball,2018-04-16,False,62.0,197490,UCF,25,12,0.63746,0.51162,0.53397,0.54867
2018,baseball,2018-04-16,False,44.0,197485,UCLA,22,10,0.66555,0.51638,0.54615,0.56111
2018,baseball,2018-04-16,False,7.0,197498,UConn,19,11,0.72876,0.58041,0.51135,0.60023
2018,baseball,2018-04-16,False,249.0,197541,UIC,16,13,0.53462,0.36627,0.50647,0.44341
2018,baseball,2018-04-16,False,157.0,197735,UIW,24,13,0.59627,0.44292,0.5067,0.4972
2018,baseball,2018-04-16,False,132.0,197613,ULM,17,18,0.5082,0.50795,0.51454,0.50966
2018,baseball,2018-04-16,False,253.0,197571,UMBC,10,18,0.34052,0.47278,0.48139,0.44187
2018,baseball,2018-04-16,False,296.0,197573,UMES,8,28,0.20054,0.36164,0.41845,0.33557
2018,baseball,2018-04-16,False,142.0,197565,UMass Lowell,15,17,0.55862,0.48154,0.4964,0.50453
2018,baseball,2018-04-16,False,251.0,197592,UNC Asheville,9,26,0.28793,0.49674,0.49077,0.44304
2018,baseball,2018-04-16,False,97.0,197595,UNC Greensboro,26,9,0.71733,0.43754,0.51564,0.52701
2018,baseball,2018-04-16,False,115.0,197596,UNCW,21,14,0.56418,0.50664,0.4883,0.51644
2018,baseball,2018-04-16,False,45.0,197599,UNLV,26,12,0.68047,0.51319,0.53618,0.56076
2018,baseball,2018-04-16,False,245.0,197737,USC Upstate,18,20,0.41436,0.43919,0.48858,0.44533
2018,baseball,2018-04-16,False,105.0,197689,UT Arlington,18,17,0.48701,0.54255,0.52054,0.52317
2018,baseball,2018-04-16,False,246.0,197684,UT Martin,5,28,0.20702,0.54654,0.47906,0.44479
2018,baseball,2018-04-16,False,241.0,197631,UTRGV,18,18,0.45455,0.42537,0.49885,0.45104
2018,baseball,2018-04-16,False,88.0,197691,UTSA,18,16,0.51176,0.5571,0.50207,0.53201
2018,baseball,2018-04-16,False,206.0,197699,Utah,9,25,0.26645,0.56907,0.48862,0.4733
2018,baseball,2018-04-16,False,227.0,197743,Utah Valley,12,22,0.3913,0.47655,0.50642,0.46271
2018,baseball,2018-04-16,False,136.0,197703,VCU,23,13,0.6208,0.44958,0.50575,0.50643
2018,baseball,2018-04-16,False,195.0,197704,VMI,18,17,0.52012,0.45365,0.49901,0.48161
2018,baseball,2018-04-16,False,165.0,197700,Valparaiso,11,19,0.44912,0.51027,0.49708,0.49169
2018,baseball,2018-04-16,False,21.0,197701,Vanderbilt,22,14,0.5679,0.62769,0.52019,0.58587
2018,baseball,2018-04-16,False,281.0,197702,Villanova,6,22,0.23734,0.488,0.45559,0.41723
2018,baseball,2018-04-16,False,116.0,197706,Virginia,20,16,0.50641,0.5202,0.51631,0.51578
2018,baseball,2018-04-16,False,118.0,197705,Virginia Tech,15,20,0.42604,0.55785,0.51874,0.51512
2018,baseball,2018-04-16,False,69.0,197707,Wagner,23,12,0.73654,0.48574,0.46473,0.54319
2018,baseball,2018-04-16,False,95.0,197708,Wake Forest,17,20,0.44034,0.57539,0.51829,0.52735
2018,baseball,2018-04-16,False,52.0,197710,Washington,17,15,0.50318,0.59914,0.5175,0.55474
2018,baseball,2018-04-16,False,170.0,197709,Washington St.,10,19,0.34601,0.54548,0.51763,0.48865
2018,baseball,2018-04-16,False,31.0,197711,West Virginia,16,17,0.5178,0.63834,0.49051,0.57125
2018,baseball,2018-04-16,False,277.0,197712,Western Caro.,3,31,0.08084,0.567,0.47248,0.42183
2018,baseball,2018-04-16,False,290.0,197713,Western Ill.,7,20,0.25103,0.40979,0.48464,0.38881
2018,baseball,2018-04-16,False,207.0,197714,Western Ky.,17,18,0.44669,0.45999,0.52599,0.47317
2018,baseball,2018-04-16,False,211.0,197715,Western Mich.,14,15,0.46358,0.46171,0.49586,0.47071
2018,baseball,2018-04-16,False,13.0,197716,Wichita St.,24,9,0.70707,0.55799,0.54031,0.59084
2018,baseball,2018-04-16,False,210.0,197717,William & Mary,14,23,0.33819,0.52336,0.4985,0.47085
2018,baseball,2018-04-16,False,172.0,197718,Winthrop,17,20,0.44828,0.51149,0.48064,0.48797
2018,baseball,2018-04-16,False,102.0,197736,Wofford,25,12,0.65868,0.46347,0.51446,0.52502
2018,baseball,2018-04-16,False,111.0,197720,Wright St.,22,12,0.69906,0.43816,0.50475,0.52004
2018,baseball,2018-04-16,False,121.0,197721,Xavier,12,23,0.44373,0.56213,0.48658,0.51364
2018,baseball,2018-04-16,False,193.0,197722,Yale,14,15,0.50951,0.4677,0.48272,0.48191
2018,baseball,2018-04-16,False,262.0,197723,Youngstown St.,10,22,0.32,0.47096,0.47236,0.43357
2018,baseball,2018-04-23,False,160.0,197740,A&M-Corpus Christi,20,21,0.47796,0.49438,0.51199,0.49468
2018,baseball,2018-04-23,False,220.0,197445,Abilene Christian,19,19,0.4645,0.45174,0.49347,0.46536
2018,baseball,2018-04-23,False,74.0,197696,Air Force,18,21,0.49138,0.58393,0.49622,0.53886
2018,baseball,2018-04-23,False,71.0,197448,Alabama,22,20,0.47467,0.57769,0.52879,0.53971
2018,baseball,2018-04-23,False,288.0,197446,Alabama A&M,7,35,0.14785,0.503,0.45541,0.40231
2018,baseball,2018-04-23,False,243.0,197447,Alabama St.,21,19,0.49062,0.42114,0.48092,0.45345
2018,baseball,2018-04-23,False,289.0,197451,Alcorn,10,29,0.29692,0.42973,0.45251,0.40222
2018,baseball,2018-04-23,False,207.0,197452,App State,11,28,0.33333,0.53106,0.50801,0.47587
2018,baseball,2018-04-23,False,40.0,197454,Arizona,23,15,0.57396,0.58334,0.51315,0.56345
2018,baseball,2018-04-23,False,145.0,197453,Arizona St.,17,22,0.38133,0.56154,0.51329,0.50442
2018,baseball,2018-04-23,False,249.0,197733,Ark.-Pine Bluff,16,17,0.46405,0.42594,0.47276,0.44717
2018,baseball,2018-04-23,False,8.0,197456,Arkansas,28,13,0.66567,0.60104,0.5299,0.59941
2018,baseball,2018-04-23,False,210.0,197455,Arkansas St.,12,24,0.33333,0.512,0.52744,0.47119
2018,baseball,2018-04-23,False,85.0,197697,Army West Point,22,17,0.59804,0.52413,0.49174,0.53451
2018,baseball,2018-04-23,False,11.0,197458,Auburn,29,12,0.67978,0.58407,0.53651,0.5961
2018,baseball,2018-04-23,False,68.0,197459,Austin Peay,23,17,0.59401,0.53719,0.49369,0.54052
2018,baseball,2018-04-23,False,130.0,197468,BYU,18,16,0.56129,0.48139,0.51232,0.5091
2018,baseball,2018-04-23,False,180.0,197460,Ball St.,19,19,0.55357,0.45048,0.4933,0.48696
2018,baseball,2018-04-23,False,53.0,197462,Baylor,22,17,0.54131,0.57343,0.52873,0.55422
2018,baseball,2018-04-23,False,268.0,197738,Belmont,14,25,0.30376,0.45765,0.49993,0.42975
2018,baseball,2018-04-23,False,159.0,197463,Bethune-Cookman,17,24,0.4047,0.55008,0.47406,0.49473
2018,baseball,2018-04-23,False,214.0,197464,Binghamton,10,22,0.37324,0.5142,0.47261,0.46856
2018,baseball,2018-04-23,False,181.0,197465,Boston College,13,26,0.32598,0.55477,0.51192,0.48686
2018,baseball,2018-04-23,False,260.0,197466,Bowling Green,10,25,0.3119,0.48611,0.46278,0.43672
2018,baseball,2018-04-23,False,63.0,197467,Bradley,23,9,0.77709,0.44682,0.5175,0.54706
2018,baseball,2018-04-23,False,275.0,197469,Brown,8,22,0.29252,0.46955,0.46864,0.42506
2018,baseball,2018-04-23,False,96.0,197470,Bryant,22,15,0.66485,0.47772,0.47692,0.5243
2018,baseball,2018-04-23,False,223.0,197471,Bucknell,14,23,0.37027,0.50034,0.48665,0.4644
2018,baseball,2018-04-23,False,113.0,197473,Butler,24,11,0.69101,0.4456,0.48483,0.51676
2018,baseball,2018-04-23,False,219.0,197475,CSU Bakersfield,15,23,0.39946,0.48834,0.48687,0.46575
2018,baseball,2018-04-23,False,143.0,197479,CSUN,18,22,0.43299,0.54974,0.49021,0.50567
2018,baseball,2018-04-23,False,187.0,197474,Cal Poly,19,19,0.47761,0.46523,0.53147,0.48488
2018,baseball,2018-04-23,False,66.0,197477,Cal St. Fullerton,19,19,0.49157,0.58683,0.5136,0.54471
2018,baseball,2018-04-23,False,105.0,197482,California,23,14,0.5656,0.49482,0.52782,0.52077
2018,baseball,2018-04-23,False,138.0,197487,Campbell,23,17,0.54186,0.50103,0.48529,0.5073
2018,baseball,2018-04-23,False,166.0,197488,Canisius,21,14,0.64589,0.40675,0.50384,0.49081
2018,baseball,2018-04-23,False,109.0,197724,Central Ark.,23,16,0.53388,0.51937,0.50465,0.51931
2018,baseball,2018-04-23,False,264.0,197489,Central Conn. St.,12,19,0.36713,0.45029,0.45925,0.43174
2018,baseball,2018-04-23,False,230.0,197491,Central Mich.,14,23,0.41834,0.45386,0.51588,0.46049
2018,baseball,2018-04-23,False,261.0,197461,Charleston So.,13,29,0.30787,0.47081,0.4951,0.43615
2018,baseball,2018-04-23,False,111.0,197594,Charlotte,21,18,0.50847,0.52154,0.51974,0.51782
2018,baseball,2018-04-23,False,258.0,197492,Chicago St.,7,29,0.20132,0.55059,0.4518,0.43858
2018,baseball,2018-04-23,False,153.0,197493,Cincinnati,19,19,0.4611,0.50739,0.52296,0.49971
2018,baseball,2018-04-23,False,17.0,197495,Clemson,29,11,0.70027,0.54904,0.55322,0.58789
2018,baseball,2018-04-23,False,25.0,197496,Coastal Carolina,28,14,0.62189,0.5794,0.52886,0.57739
2018,baseball,2018-04-23,False,59.0,197725,Col. of Charleston,27,14,0.6204,0.53615,0.504,0.54917
2018,baseball,2018-04-23,False,205.0,197497,Columbia,14,23,0.41543,0.49576,0.49691,0.47597
2018,baseball,2018-04-23,False,271.0,197499,Coppin St.,15,19,0.50311,0.39788,0.41124,0.42753
2018,baseball,2018-04-23,False,248.0,197500,Cornell,8,17,0.35685,0.48783,0.46051,0.44825
2018,baseball,2018-04-23,False,30.0,197501,Creighton,23,11,0.72205,0.51349,0.52854,0.56939
2018,baseball,2018-04-23,False,42.0,197726,DBU,25,12,0.66769,0.52789,0.52659,0.56252
2018,baseball,2018-04-23,False,262.0,197502,Dartmouth,10,19,0.41732,0.41228,0.49872,0.43515
2018,baseball,2018-04-23,False,135.0,197503,Davidson,25,14,0.61433,0.46285,0.49226,0.50807
2018,baseball,2018-04-23,False,256.0,197504,Dayton,10,25,0.28981,0.49743,0.47833,0.44075
2018,baseball,2018-04-23,False,163.0,197506,Delaware,20,17,0.51765,0.48231,0.48132,0.4909
2018,baseball,2018-04-23,False,297.0,197505,Delaware St.,8,29,0.22691,0.3057,0.42237,0.31517
2018,baseball,2018-04-23,False,24.0,197507,Duke,31,10,0.73046,0.53196,0.52478,0.57979
2018,baseball,2018-04-23,False,101.0,197509,ETSU,19,17,0.54598,0.52269,0.49657,0.52198
2018,baseball,2018-04-23,False,10.0,197508,East Carolina,30,9,0.74242,0.55326,0.53812,0.59677
2018,baseball,2018-04-23,False,204.0,197510,Eastern Ill.,13,25,0.39402,0.5082,0.49472,0.47628
2018,baseball,2018-04-23,False,167.0,197511,Eastern Ky.,21,20,0.53425,0.4628,0.49925,0.48978
2018,baseball,2018-04-23,False,184.0,197512,Eastern Mich.,14,22,0.44444,0.513,0.47476,0.4863
2018,baseball,2018-04-23,False,128.0,197727,Elon,25,16,0.55091,0.48864,0.51722,0.51135
2018,baseball,2018-04-23,False,254.0,197513,Evansville,7,26,0.1844,0.54407,0.4972,0.44243
2018,baseball,2018-04-23,False,292.0,197515,FDU,9,24,0.30909,0.37639,0.44467,0.37663
2018,baseball,2018-04-23,False,43.0,197742,FGCU,27,11,0.71629,0.50916,0.50668,0.56032
2018,baseball,2018-04-23,False,151.0,197518,FIU,18,21,0.42063,0.54387,0.49679,0.50129
2018,baseball,2018-04-23,False,227.0,197514,Fairfield,15,21,0.47222,0.44609,0.48372,0.46203
2018,baseball,2018-04-23,False,14.0,197517,Fla. Atlantic,29,9,0.76453,0.53671,0.53625,0.59355
2018,baseball,2018-04-23,False,1.0,197520,Florida,34,8,0.80267,0.59593,0.55151,0.63651
2018,baseball,2018-04-23,False,259.0,197516,Florida A&M,19,22,0.43641,0.41054,0.49298,0.43762
2018,baseball,2018-04-23,False,12.0,197519,Florida St.,29,12,0.68207,0.57379,0.55354,0.5958
2018,baseball,2018-04-23,False,149.0,197521,Fordham,23,14,0.60056,0.45651,0.49583,0.50235
2018,baseball,2018-04-23,False,122.0,197476,Fresno St.,23,16,0.55182,0.48924,0.52291,0.51331
2018,baseball,2018-04-23,False,94.0,197522,Furman,19,21,0.44675,0.58204,0.48712,0.52449
2018,baseball,2018-04-23,False,98.0,197526,Ga. Southern,19,20,0.44729,0.56029,0.52441,0.52307
2018,baseball,2018-04-23,False,142.0,197728,Gardner-Webb,24,18,0.53333,0.49917,0.49339,0.50627
2018,baseball,2018-04-23,False,234.0,197523,George Mason,16,22,0.40762,0.47515,0.47972,0.45941
2018,baseball,2018-04-23,False,116.0,197524,George Washington,22,17,0.56548,0.50545,0.48642,0.5157
2018,baseball,2018-04-23,False,208.0,197525,Georgetown,14,23,0.39024,0.51868,0.47178,0.47485
2018,baseball,2018-04-23,False,7.0,197529,Georgia,27,13,0.67049,0.59303,0.54293,0.59987
2018,baseball,2018-04-23,False,73.0,197527,Georgia St.,19,20,0.45067,0.58629,0.53304,0.53907
2018,baseball,2018-04-23,False,44.0,197528,Georgia Tech,22,19,0.51253,0.60313,0.51833,0.55928
2018,baseball,2018-04-23,False,67.0,197530,Gonzaga,20,18,0.60907,0.52305,0.5082,0.54084
2018,baseball,2018-04-23,False,252.0,197531,Grambling,21,19,0.53295,0.37714,0.48473,0.44299
2018,baseball,2018-04-23,False,157.0,197729,Grand Canyon,22,17,0.53611,0.4668,0.52097,0.49767
2018,baseball,2018-04-23,False,196.0,197532,Hartford,14,23,0.40132,0.51279,0.4938,0.48017
2018,baseball,2018-04-23,False,154.0,197533,Harvard,16,17,0.58013,0.45768,0.49785,0.49834
2018,baseball,2018-04-23,False,110.0,197534,Hawaii,21,15,0.55455,0.49236,0.53251,0.51794
2018,baseball,2018-04-23,False,131.0,197739,High Point,21,18,0.54135,0.50232,0.49027,0.50906
2018,baseball,2018-04-23,False,148.0,197535,Hofstra,17,15,0.57413,0.48116,0.47528,0.50293
2018,baseball,2018-04-23,False,119.0,197536,Holy Cross,15,16,0.55287,0.51025,0.48615,0.51488
2018,baseball,2018-04-23,False,82.0,197538,Houston,25,15,0.5905,0.50292,0.54656,0.53573
2018,baseball,2018-04-23,False,103.0,197537,Houston Christian,19,21,0.52162,0.53036,0.50341,0.52144
2018,baseball,2018-04-23,False,48.0,197540,Illinois,24,11,0.67416,0.51304,0.52427,0.55613
2018,baseball,2018-04-23,False,95.0,197539,Illinois St.,14,22,0.45556,0.56894,0.50416,0.5244
2018,baseball,2018-04-23,False,22.0,197543,Indiana,29,8,0.77353,0.51105,0.5282,0.58096
2018,baseball,2018-04-23,False,87.0,197542,Indiana St.,19,16,0.55342,0.53692,0.50726,0.53363
2018,baseball,2018-04-23,False,280.0,197545,Iona,9,27,0.2931,0.45833,0.45193,0.41542
2018,baseball,2018-04-23,False,31.0,197546,Iowa,23,13,0.65152,0.55674,0.51089,0.56897
2018,baseball,2018-04-23,False,189.0,197547,Jackson St.,26,14,0.62944,0.41639,0.47608,0.48458
2018,baseball,2018-04-23,False,16.0,197549,Jacksonville,28,13,0.67848,0.57857,0.52452,0.59004
2018,baseball,2018-04-23,False,78.0,197548,Jacksonville St.,22,14,0.58757,0.53265,0.49696,0.53746
2018,baseball,2018-04-23,False,137.0,197550,James Madison,21,19,0.49492,0.52116,0.49202,0.50732
2018,baseball,2018-04-23,False,92.0,197552,Kansas,19,20,0.45507,0.57478,0.50225,0.52672
2018,baseball,2018-04-23,False,125.0,197551,Kansas St.,17,23,0.40106,0.56567,0.51942,0.51296
2018,baseball,2018-04-23,False,88.0,197730,Kennesaw St.,23,17,0.51622,0.5521,0.51226,0.53317
2018,baseball,2018-04-23,False,80.0,197553,Kent St.,24,12,0.70968,0.46717,0.50202,0.53651
2018,baseball,2018-04-23,False,18.0,197554,Kentucky,26,14,0.63351,0.58656,0.5413,0.58698
2018,baseball,2018-04-23,False,247.0,197560,LIU,20,16,0.57835,0.3733,0.47409,0.44976
2018,baseball,2018-04-23,False,156.0,197566,LMU (CA),18,22,0.44681,0.51349,0.51782,0.4979
2018,baseball,2018-04-23,False,60.0,197562,LSU,24,17,0.53254,0.56442,0.53415,0.54888
2018,baseball,2018-04-23,False,269.0,197555,La Salle,13,25,0.38719,0.42746,0.47173,0.42846
2018,baseball,2018-04-23,False,257.0,197556,Lafayette,13,28,0.37275,0.4589,0.46428,0.43871
2018,baseball,2018-04-23,False,222.0,197557,Lamar University,13,27,0.29953,0.53301,0.49341,0.46474
2018,baseball,2018-04-23,False,224.0,197558,Lehigh,15,23,0.45431,0.46944,0.46076,0.46349
2018,baseball,2018-04-23,False,91.0,197559,Liberty,24,14,0.64535,0.48185,0.49949,0.52714
2018,baseball,2018-04-23,False,164.0,197741,Lipscomb,16,22,0.35977,0.55342,0.49682,0.49086
2018,baseball,2018-04-23,False,56.0,197457,Little Rock,21,17,0.5788,0.55812,0.50332,0.54959
2018,baseball,2018-04-23,False,141.0,197478,Long Beach St.,16,24,0.3905,0.55611,0.52342,0.50654
2018,baseball,2018-04-23,False,278.0,197561,Longwood,13,25,0.3011,0.44569,0.48486,0.41934
2018,baseball,2018-04-23,False,70.0,197677,Louisiana,22,19,0.5258,0.55317,0.5275,0.53991
2018,baseball,2018-04-23,False,50.0,197563,Louisiana Tech,29,13,0.68825,0.50536,0.52406,0.55576
2018,baseball,2018-04-23,False,45.0,197564,Louisville,26,13,0.62331,0.53827,0.53693,0.5592
2018,baseball,2018-04-23,False,213.0,197567,Maine,11,25,0.3657,0.5149,0.48165,0.46928
2018,baseball,2018-04-23,False,178.0,197568,Manhattan,20,19,0.6164,0.42642,0.48242,0.48792
2018,baseball,2018-04-23,False,150.0,197569,Marist,18,15,0.61458,0.45067,0.49043,0.50159
2018,baseball,2018-04-23,False,165.0,197570,Marshall,17,20,0.48849,0.49569,0.48347,0.49084
2018,baseball,2018-04-23,False,123.0,197572,Maryland,16,23,0.39186,0.5775,0.50552,0.5131
2018,baseball,2018-04-23,False,274.0,197574,Massachusetts,11,19,0.35599,0.43042,0.48899,0.42646
2018,baseball,2018-04-23,False,136.0,197575,McNeese,19,21,0.44581,0.53705,0.51128,0.5078
2018,baseball,2018-04-23,False,212.0,197576,Memphis,13,28,0.2793,0.53951,0.51975,0.46952
2018,baseball,2018-04-23,False,100.0,197577,Mercer,28,14,0.65174,0.45689,0.523,0.52213
2018,baseball,2018-04-23,False,72.0,197579,Miami (FL),17,22,0.38133,0.62217,0.53124,0.53923
2018,baseball,2018-04-23,False,173.0,197578,Miami (OH),23,13,0.65192,0.39264,0.51584,0.48826
2018,baseball,2018-04-23,False,64.0,197581,Michigan,24,11,0.69536,0.48217,0.52684,0.54664
2018,baseball,2018-04-23,False,206.0,197580,Michigan St.,14,21,0.39326,0.50922,0.49183,0.47588
2018,baseball,2018-04-23,False,190.0,197582,Middle Tenn.,20,20,0.4775,0.47201,0.51673,0.48456
2018,baseball,2018-04-23,False,194.0,197719,Milwaukee,15,18,0.55769,0.43635,0.49751,0.48198
2018,baseball,2018-04-23,False,39.0,197583,Minnesota,25,11,0.68347,0.52461,0.52722,0.56498
2018,baseball,2018-04-23,False,46.0,197584,Mississippi St.,22,19,0.54521,0.58459,0.51784,0.55805
2018,baseball,2018-04-23,False,282.0,197585,Mississippi Val.,11,23,0.33217,0.42921,0.46888,0.41487
2018,baseball,2018-04-23,False,34.0,197587,Missouri,27,13,0.66201,0.53099,0.54497,0.56724
2018,baseball,2018-04-23,False,55.0,197675,Missouri St.,25,11,0.67262,0.50447,0.5249,0.55161
2018,baseball,2018-04-23,False,186.0,197588,Monmouth,16,20,0.48949,0.49067,0.46905,0.48497
2018,baseball,2018-04-23,False,158.0,197589,Morehead St.,25,16,0.62532,0.42741,0.50031,0.49511
2018,baseball,2018-04-23,False,281.0,197590,Mount St. Mary's,13,23,0.37346,0.42086,0.44518,0.41509
2018,baseball,2018-04-23,False,245.0,197591,Murray St.,17,22,0.41141,0.44934,0.50052,0.45265
2018,baseball,2018-04-23,False,235.0,197609,N.C. A&T,22,18,0.52128,0.41629,0.48374,0.4594
2018,baseball,2018-04-23,False,225.0,197610,N.C. Central,22,21,0.48593,0.44657,0.4718,0.46272
2018,baseball,2018-04-23,False,9.0,197611,NC State,31,8,0.76882,0.54591,0.5353,0.59899
2018,baseball,2018-04-23,False,168.0,197616,NIU,13,25,0.39349,0.55302,0.4579,0.48936
2018,baseball,2018-04-23,False,170.0,197601,NJIT,16,16,0.57362,0.45131,0.47835,0.48864
2018,baseball,2018-04-23,False,121.0,197698,Navy,31,11,0.70833,0.432,0.48591,0.51456
2018,baseball,2018-04-23,False,114.0,197597,Nebraska,17,21,0.44565,0.55893,0.5002,0.51593
2018,baseball,2018-04-23,False,54.0,197600,Nevada,21,15,0.63889,0.52847,0.51298,0.5522
2018,baseball,2018-04-23,False,152.0,197603,New Mexico,14,23,0.35211,0.57145,0.50518,0.50005
2018,baseball,2018-04-23,False,106.0,197602,New Mexico St.,26,14,0.63099,0.47275,0.50504,0.52038
2018,baseball,2018-04-23,False,169.0,197604,New Orleans,18,24,0.44138,0.50414,0.50517,0.48871
2018,baseball,2018-04-23,False,277.0,197606,Niagara,12,20,0.43279,0.38498,0.48714,0.42247
2018,baseball,2018-04-23,False,209.0,197607,Nicholls,16,25,0.3504,0.52319,0.49776,0.47364
2018,baseball,2018-04-23,False,294.0,197608,Norfolk St.,13,23,0.33586,0.3168,0.43451,0.35099
2018,baseball,2018-04-23,False,6.0,197593,North Carolina,27,13,0.65147,0.60872,0.54008,0.60225
2018,baseball,2018-04-23,False,216.0,197612,North Dakota St.,14,18,0.54662,0.42941,0.46316,0.46715
2018,baseball,2018-04-23,False,140.0,197734,North Florida,19,19,0.43438,0.5387,0.51504,0.5067
2018,baseball,2018-04-23,False,19.0,197614,Northeastern,23,13,0.68732,0.5643,0.51741,0.58333
2018,baseball,2018-04-23,False,185.0,197615,Northern Colo.,21,19,0.51804,0.46609,0.49262,0.48571
2018,baseball,2018-04-23,False,270.0,197617,Northern Ky.,10,27,0.29363,0.47663,0.46618,0.42827
2018,baseball,2018-04-23,False,241.0,197619,Northwestern,9,24,0.30357,0.5043,0.51197,0.45604
2018,baseball,2018-04-23,False,146.0,197618,Northwestern St.,21,18,0.54331,0.47962,0.51127,0.50346
2018,baseball,2018-04-23,False,99.0,197620,Notre Dame,17,23,0.43041,0.56517,0.5285,0.52231
2018,baseball,2018-04-23,False,202.0,197621,Oakland,11,23,0.38608,0.52811,0.4651,0.47685
2018,baseball,2018-04-23,False,246.0,197623,Ohio,19,20,0.52972,0.39044,0.49186,0.45061
2018,baseball,2018-04-23,False,37.0,197622,Ohio St.,27,11,0.69863,0.52396,0.51771,0.56607
2018,baseball,2018-04-23,False,28.0,197625,Oklahoma,27,15,0.58537,0.58902,0.53163,0.57376
2018,baseball,2018-04-23,False,36.0,197624,Oklahoma St.,23,14,0.62466,0.55053,0.53921,0.56623
2018,baseball,2018-04-23,False,253.0,197626,Old Dominion,12,26,0.27123,0.49588,0.50722,0.44255
2018,baseball,2018-04-23,False,4.0,197586,Ole Miss,32,9,0.77624,0.55133,0.54877,0.60692
2018,baseball,2018-04-23,False,272.0,197598,Omaha,13,22,0.37338,0.42775,0.48095,0.42746
2018,baseball,2018-04-23,False,188.0,197627,Oral Roberts,23,15,0.58055,0.42643,0.50543,0.48471
2018,baseball,2018-04-23,False,57.0,197629,Oregon,19,18,0.51057,0.58207,0.52286,0.54939
2018,baseball,2018-04-23,False,5.0,197628,Oregon St.,29,6,0.83282,0.52477,0.54141,0.60594
2018,baseball,2018-04-23,False,177.0,197630,Pacific,15,23,0.3895,0.53918,0.48459,0.48811
2018,baseball,2018-04-23,False,279.0,197633,Penn,12,21,0.41584,0.39049,0.46647,0.41582
2018,baseball,2018-04-23,False,218.0,197632,Penn St.,8,25,0.26061,0.56053,0.4852,0.46672
2018,baseball,2018-04-23,False,112.0,197634,Pepperdine,22,17,0.5393,0.50705,0.51764,0.51776
2018,baseball,2018-04-23,False,93.0,197635,Pittsburgh,21,16,0.57593,0.49557,0.53221,0.52482
2018,baseball,2018-04-23,False,199.0,197636,Portland,15,23,0.36685,0.5323,0.48662,0.47952
2018,baseball,2018-04-23,False,290.0,197637,Prairie View,9,27,0.23364,0.45601,0.45258,0.39956
2018,baseball,2018-04-23,False,266.0,197731,Presbyterian,13,29,0.28922,0.47497,0.48546,0.43115
2018,baseball,2018-04-23,False,255.0,197638,Princeton,10,17,0.42912,0.41914,0.5006,0.442
2018,baseball,2018-04-23,False,81.0,197639,Purdue,19,16,0.5927,0.51876,0.51459,0.5362
2018,baseball,2018-04-23,False,291.0,197544,Purdue Fort Wayne,9,24,0.29592,0.39667,0.47094,0.39005
2018,baseball,2018-04-23,False,192.0,197640,Quinnipiac,18,20,0.58286,0.42782,0.49549,0.4835
2018,baseball,2018-04-23,False,226.0,197641,Radford,17,22,0.46253,0.43984,0.50675,0.46224
2018,baseball,2018-04-23,False,89.0,197642,Rhode Island,15,25,0.43944,0.59394,0.48904,0.52909
2018,baseball,2018-04-23,False,115.0,197643,Rice,16,23,0.38292,0.58406,0.51215,0.5158
2018,baseball,2018-04-23,False,179.0,197644,Richmond,20,18,0.48596,0.48822,0.48824,0.48766
2018,baseball,2018-04-23,False,285.0,197645,Rider,10,23,0.34014,0.42931,0.44172,0.41012
2018,baseball,2018-04-23,False,139.0,197646,Rutgers,21,15,0.59829,0.4568,0.51578,0.50692
2018,baseball,2018-04-23,False,231.0,197679,SFA,14,25,0.35733,0.49779,0.48626,0.45979
2018,baseball,2018-04-23,False,240.0,197672,SIUE,10,28,0.30435,0.52892,0.47096,0.45829
2018,baseball,2018-04-23,False,171.0,197480,Sacramento St.,21,17,0.54907,0.44934,0.50642,0.48854
2018,baseball,2018-04-23,False,265.0,197647,Sacred Heart,10,23,0.33333,0.45516,0.48298,0.43166
2018,baseball,2018-04-23,False,242.0,197650,Saint Joseph's,14,20,0.43064,0.44411,0.49593,0.4537
2018,baseball,2018-04-23,False,132.0,197651,Saint Louis,25,14,0.61749,0.45725,0.50227,0.50856
2018,baseball,2018-04-23,False,133.0,197652,Saint Mary's (CA),21,17,0.61765,0.44411,0.52736,0.50831
2018,baseball,2018-04-23,False,295.0,197653,Saint Peter's,0,28,0.0,0.4778,0.4378,0.34835
2018,baseball,2018-04-23,False,51.0,197654,Sam Houston,28,13,0.65075,0.52939,0.51041,0.55499
2018,baseball,2018-04-23,False,84.0,197655,Samford,24,17,0.56858,0.53013,0.51107,0.53497
2018,baseball,2018-04-23,False,117.0,197657,San Diego,18,22,0.41753,0.57133,0.50108,0.51532
2018,baseball,2018-04-23,False,58.0,197656,San Diego St.,26,14,0.62078,0.5217,0.53274,0.54923
2018,baseball,2018-04-23,False,120.0,197658,San Francisco,23,17,0.57614,0.48128,0.52014,0.51471
2018,baseball,2018-04-23,False,182.0,197659,San Jose St.,16,22,0.42318,0.5149,0.49319,0.48654
2018,baseball,2018-04-23,False,239.0,197660,Santa Clara,16,21,0.39335,0.46118,0.51912,0.45871
2018,baseball,2018-04-23,False,293.0,197661,Savannah St.,5,25,0.13667,0.4477,0.447,0.36977
2018,baseball,2018-04-23,False,134.0,197732,Seattle U,25,11,0.64012,0.4369,0.51857,0.50812
2018,baseball,2018-04-23,False,61.0,197662,Seton Hall,17,14,0.59468,0.55477,0.49013,0.54859
2018,baseball,2018-04-23,False,211.0,197663,Siena,10,27,0.3511,0.52509,0.4794,0.47017
2018,baseball,2018-04-23,False,29.0,197664,South Alabama,24,14,0.65407,0.54771,0.53209,0.57039
2018,baseball,2018-04-23,False,62.0,197665,South Carolina,23,17,0.51734,0.57557,0.52236,0.54771
2018,baseball,2018-04-23,False,237.0,197666,South Dakota St.,10,22,0.37324,0.50115,0.46065,0.45905
2018,baseball,2018-04-23,False,23.0,197667,South Fla.,26,14,0.59218,0.60327,0.52161,0.58008
2018,baseball,2018-04-23,False,217.0,197668,Southeast Mo. St.,20,20,0.47399,0.44297,0.50751,0.46686
2018,baseball,2018-04-23,False,129.0,197669,Southeastern La.,27,17,0.57385,0.47353,0.5202,0.51028
2018,baseball,2018-04-23,False,124.0,197670,Southern California,18,18,0.49565,0.50999,0.53656,0.51305
2018,baseball,2018-04-23,False,118.0,197671,Southern Ill.,20,20,0.50811,0.52205,0.50803,0.51506
2018,baseball,2018-04-23,False,33.0,197673,Southern Miss.,28,11,0.69774,0.51899,0.5339,0.56741
2018,baseball,2018-04-23,False,283.0,197674,Southern U.,8,26,0.28013,0.45973,0.45068,0.41257
2018,baseball,2018-04-23,False,287.0,197648,St. Bonaventure,8,22,0.31944,0.41807,0.4602,0.40395
2018,baseball,2018-04-23,False,47.0,197649,St. John's (NY),26,10,0.74929,0.47963,0.51697,0.55638
2018,baseball,2018-04-23,False,2.0,197678,Stanford,30,5,0.84887,0.57412,0.542,0.63478
2018,baseball,2018-04-23,False,27.0,197680,Stetson,30,11,0.71642,0.52689,0.5254,0.5739
2018,baseball,2018-04-23,False,203.0,197681,Stony Brook,21,17,0.52989,0.4473,0.48215,0.47666
2018,baseball,2018-04-23,False,79.0,197686,TCU,19,17,0.50751,0.55461,0.53,0.53668
2018,baseball,2018-04-23,False,75.0,197683,Tennessee,24,18,0.52308,0.54873,0.53456,0.53877
2018,baseball,2018-04-23,False,20.0,197682,Tennessee Tech,34,5,0.85867,0.47014,0.53163,0.58264
2018,baseball,2018-04-23,False,32.0,197690,Texas,28,15,0.61518,0.55856,0.54216,0.56861
2018,baseball,2018-04-23,False,15.0,197685,Texas A&M,29,11,0.69679,0.5619,0.54151,0.59052
2018,baseball,2018-04-23,False,200.0,197687,Texas Southern,19,22,0.52528,0.44928,0.49016,0.4785
2018,baseball,2018-04-23,False,107.0,197676,Texas St.,21,18,0.504,0.51985,0.53512,0.51971
2018,baseball,2018-04-23,False,3.0,197688,Texas Tech,32,9,0.79282,0.57625,0.55115,0.62412
2018,baseball,2018-04-23,False,267.0,197494,The Citadel,14,25,0.29517,0.45889,0.50783,0.43019
2018,baseball,2018-04-23,False,162.0,197692,Toledo,14,22,0.43614,0.52308,0.48416,0.49162
2018,baseball,2018-04-23,False,263.0,197693,Towson,12,27,0.32558,0.46972,0.46321,0.43206
2018,baseball,2018-04-23,False,35.0,197694,Troy,28,12,0.68586,0.52469,0.52971,0.56624
2018,baseball,2018-04-23,False,108.0,197695,Tulane,19,22,0.4137,0.56978,0.52421,0.51936
2018,baseball,2018-04-23,False,198.0,197449,UAB,17,21,0.40155,0.50516,0.5072,0.47977
2018,baseball,2018-04-23,False,183.0,197450,UAlbany,17,16,0.58025,0.44195,0.48158,0.48643
2018,baseball,2018-04-23,False,201.0,197483,UC Davis,12,22,0.33529,0.54065,0.49381,0.4776
2018,baseball,2018-04-23,False,77.0,197484,UC Irvine,24,14,0.63731,0.49753,0.51951,0.53797
2018,baseball,2018-04-23,False,229.0,197486,UC Riverside,15,19,0.39329,0.46261,0.52463,0.46079
2018,baseball,2018-04-23,False,174.0,197481,UC Santa Barbara,18,18,0.46729,0.48581,0.51394,0.48821
2018,baseball,2018-04-23,False,49.0,197490,UCF,27,14,0.63288,0.52751,0.53625,0.55604
2018,baseball,2018-04-23,False,41.0,197485,UCLA,25,11,0.66066,0.52872,0.5334,0.56288
2018,baseball,2018-04-23,False,13.0,197498,UConn,22,12,0.74432,0.56085,0.51683,0.59571
2018,baseball,2018-04-23,False,238.0,197541,UIC,20,13,0.60458,0.35829,0.51428,0.45886
2018,baseball,2018-04-23,False,176.0,197735,UIW,25,16,0.57584,0.43545,0.50592,0.48817
2018,baseball,2018-04-23,False,193.0,197613,ULM,18,21,0.46957,0.47257,0.51546,0.48254
2018,baseball,2018-04-23,False,236.0,197571,UMBC,13,20,0.39298,0.4793,0.48498,0.45914
2018,baseball,2018-04-23,False,296.0,197573,UMES,9,31,0.21271,0.3522,0.42028,0.33435
2018,baseball,2018-04-23,False,161.0,197565,UMass Lowell,17,19,0.53333,0.47363,0.49678,0.49434
2018,baseball,2018-04-23,False,251.0,197592,UNC Asheville,10,29,0.2849,0.49941,0.48923,0.44324
2018,baseball,2018-04-23,False,86.0,197595,UNC Greensboro,29,10,0.70799,0.45651,0.51678,0.53444
2018,baseball,2018-04-23,False,102.0,197596,UNCW,24,15,0.56911,0.51146,0.495,0.52176
2018,baseball,2018-04-23,False,52.0,197599,UNLV,29,14,0.6781,0.50158,0.53818,0.55486
2018,baseball,2018-04-23,False,232.0,197737,USC Upstate,21,22,0.42651,0.46234,0.48675,0.45948
2018,baseball,2018-04-23,False,126.0,197689,UT Arlington,20,20,0.47887,0.52466,0.52165,0.51246
2018,baseball,2018-04-23,False,250.0,197684,UT Martin,7,30,0.22462,0.53625,0.48879,0.44648
2018,baseball,2018-04-23,False,221.0,197631,UTRGV,19,21,0.4478,0.46117,0.48921,0.46484
2018,baseball,2018-04-23,False,76.0,197691,UTSA,21,17,0.52895,0.5573,0.51001,0.53839
2018,baseball,2018-04-23,False,233.0,197699,Utah,9,28,0.24923,0.54868,0.49122,0.45945
2018,baseball,2018-04-23,False,244.0,197743,Utah Valley,13,24,0.39828,0.45029,0.51325,0.45303
2018,baseball,2018-04-23,False,147.0,197703,VCU,26,14,0.6267,0.44318,0.49952,0.50315
2018,baseball,2018-04-23,False,172.0,197704,VMI,21,18,0.53719,0.45366,0.50923,0.48844
2018,baseball,2018-04-23,False,155.0,197700,Valparaiso,14,20,0.50453,0.49229,0.50337,0.49812
2018,baseball,2018-04-23,False,26.0,197701,Vanderbilt,24,16,0.56983,0.60421,0.52959,0.57696
2018,baseball,2018-04-23,False,284.0,197702,Villanova,6,26,0.20718,0.48937,0.45622,0.41053
2018,baseball,2018-04-23,False,83.0,197706,Virginia,24,17,0.55153,0.53742,0.51496,0.53534
2018,baseball,2018-04-23,False,144.0,197705,Virginia Tech,17,23,0.43272,0.53215,0.52339,0.5051
2018,baseball,2018-04-23,False,69.0,197707,Wagner,26,12,0.76276,0.46483,0.46819,0.54015
2018,baseball,2018-04-23,False,90.0,197708,Wake Forest,18,23,0.41584,0.5884,0.51848,0.52778
2018,baseball,2018-04-23,False,65.0,197710,Washington,18,17,0.50147,0.5845,0.51411,0.54614
2018,baseball,2018-04-23,False,174.0,197709,Washington St.,13,20,0.38488,0.52492,0.51811,0.48821
2018,baseball,2018-04-23,False,38.0,197711,West Virginia,19,18,0.5277,0.61621,0.50254,0.56566
2018,baseball,2018-04-23,False,276.0,197712,Western Caro.,4,34,0.09091,0.56315,0.47715,0.42359
2018,baseball,2018-04-23,False,286.0,197713,Western Ill.,9,22,0.28929,0.42643,0.47511,0.40432
2018,baseball,2018-04-23,False,191.0,197714,Western Ky.,19,20,0.46056,0.47325,0.52796,0.48376
2018,baseball,2018-04-23,False,228.0,197715,Western Mich.,16,17,0.45029,0.45291,0.48898,0.46127
2018,baseball,2018-04-23,False,21.0,197716,Wichita St.,26,12,0.6747,0.56287,0.52855,0.58225
2018,baseball,2018-04-23,False,215.0,197717,William & Mary,15,26,0.33154,0.51863,0.50066,0.46736
2018,baseball,2018-04-23,False,197.0,197718,Winthrop,20,22,0.45556,0.48974,0.48536,0.4801
2018,baseball,2018-04-23,False,97.0,197736,Wofford,28,13,0.66575,0.46056,0.50699,0.52347
2018,baseball,2018-04-23,False,104.0,197720,Wright St.,25,13,0.71309,0.43094,0.50863,0.5209
2018,baseball,2018-04-23,False,127.0,197721,Xavier,13,26,0.41311,0.57114,0.49128,0.51167
2018,baseball,2018-04-23,False,195.0,197722,Yale,17,16,0.53135,0.45682,0.48039,0.48134
2018,baseball,2018-04-23,False,273.0,197723,Youngstown St.,10,26,0.29043,0.47421,0.46915,0.427
2018,baseball,2018-04-30,False,162.0,197740,A&M-Corpus Christi,21,24,0.46497,0.4978,0.51208,0.49316
2018,baseball,2018-04-30,False,245.0,197445,Abilene Christian,19,22,0.43733,0.44269,0.49751,0.45505
2018,baseball,2018-04-30,False,71.0,197696,Air Force,20,23,0.5,0.57837,0.49516,0.53798
2018,baseball,2018-04-30,False,70.0,197448,Alabama,23,23,0.45906,0.57897,0.53497,0.53799
2018,baseball,2018-04-30,False,288.0,197446,Alabama A&M,10,35,0.19338,0.48344,0.45779,0.40452
2018,baseball,2018-04-30,False,229.0,197447,Alabama St.,24,20,0.523,0.42743,0.47656,0.4636
2018,baseball,2018-04-30,False,285.0,197451,Alcorn,11,32,0.29975,0.45183,0.44479,0.41205
2018,baseball,2018-04-30,False,218.0,197452,App State,12,31,0.31579,0.52847,0.50878,0.47038
2018,baseball,2018-04-30,False,60.0,197454,Arizona,24,17,0.56712,0.55958,0.51263,0.54973
2018,baseball,2018-04-30,False,121.0,197453,Arizona St.,18,25,0.3759,0.58566,0.50908,0.51408
2018,baseball,2018-04-30,False,251.0,197733,Ark.-Pine Bluff,18,19,0.45087,0.43549,0.46991,0.44794
2018,baseball,2018-04-30,False,5.0,197456,Arkansas,32,13,0.69146,0.5962,0.53727,0.60528
2018,baseball,2018-04-30,False,184.0,197455,Arkansas St.,15,25,0.38482,0.51672,0.53047,0.48718
2018,baseball,2018-04-30,False,83.0,197697,Army West Point,26,19,0.59259,0.52037,0.49246,0.53145
2018,baseball,2018-04-30,False,7.0,197458,Auburn,31,14,0.67179,0.59499,0.53763,0.59985
2018,baseball,2018-04-30,False,98.0,197459,Austin Peay,25,19,0.57855,0.50435,0.50226,0.52238
2018,baseball,2018-04-30,False,166.0,197468,BYU,19,19,0.50843,0.47225,0.51573,0.49216
2018,baseball,2018-04-30,False,164.0,197460,Ball St.,22,20,0.55869,0.4563,0.49813,0.49236
2018,baseball,2018-04-30,False,42.0,197462,Baylor,26,17,0.6005,0.55732,0.53255,0.56192
2018,baseball,2018-04-30,False,256.0,197738,Belmont,16,27,0.33738,0.46267,0.50049,0.4408
2018,baseball,2018-04-30,False,157.0,197463,Bethune-Cookman,18,27,0.40288,0.5514,0.47633,0.4955
2018,baseball,2018-04-30,False,237.0,197464,Binghamton,11,25,0.34242,0.51732,0.46573,0.4607
2018,baseball,2018-04-30,False,177.0,197465,Boston College,15,28,0.35491,0.54301,0.5167,0.48941
2018,baseball,2018-04-30,False,277.0,197466,Bowling Green,10,29,0.28614,0.46947,0.47317,0.42456
2018,baseball,2018-04-30,False,65.0,197467,Bradley,26,11,0.74346,0.46341,0.51856,0.54721
2018,baseball,2018-04-30,False,268.0,197469,Brown,10,23,0.34251,0.45163,0.47426,0.43001
2018,baseball,2018-04-30,False,97.0,197470,Bryant,26,16,0.67662,0.46653,0.48074,0.52261
2018,baseball,2018-04-30,False,224.0,197471,Bucknell,16,24,0.40447,0.48751,0.48874,0.46705
2018,baseball,2018-04-30,False,99.0,197473,Butler,27,12,0.7,0.44932,0.48706,0.52142
2018,baseball,2018-04-30,False,214.0,197475,CSU Bakersfield,16,26,0.39801,0.50282,0.48716,0.4727
2018,baseball,2018-04-30,False,143.0,197479,CSUN,20,24,0.45327,0.53497,0.49682,0.50501
2018,baseball,2018-04-30,False,193.0,197474,Cal Poly,19,23,0.41995,0.49538,0.52215,0.48321
2018,baseball,2018-04-30,False,48.0,197477,Cal St. Fullerton,22,20,0.53234,0.5898,0.51624,0.55704
2018,baseball,2018-04-30,False,85.0,197482,California,24,17,0.54047,0.53115,0.52061,0.53084
2018,baseball,2018-04-30,False,150.0,197487,Campbell,23,18,0.53318,0.49364,0.48652,0.50175
2018,baseball,2018-04-30,False,175.0,197488,Canisius,24,16,0.64286,0.41153,0.49503,0.49024
2018,baseball,2018-04-30,False,125.0,197724,Central Ark.,25,18,0.52357,0.51033,0.50803,0.51307
2018,baseball,2018-04-30,False,257.0,197489,Central Conn. St.,13,23,0.36086,0.46642,0.45848,0.43804
2018,baseball,2018-04-30,False,220.0,197491,Central Mich.,19,23,0.47545,0.44462,0.51415,0.46971
2018,baseball,2018-04-30,False,260.0,197461,Charleston So.,13,29,0.30787,0.46836,0.49473,0.43483
2018,baseball,2018-04-30,False,94.0,197594,Charlotte,24,19,0.54061,0.51681,0.52494,0.52479
2018,baseball,2018-04-30,False,252.0,197492,Chicago St.,9,32,0.21429,0.55822,0.4606,0.44783
2018,baseball,2018-04-30,False,129.0,197493,Cincinnati,22,19,0.49185,0.50916,0.53451,0.51117
2018,baseball,2018-04-30,False,10.0,197495,Clemson,34,11,0.7381,0.54194,0.54973,0.59293
2018,baseball,2018-04-30,False,24.0,197496,Coastal Carolina,31,14,0.64066,0.56729,0.52743,0.57567
2018,baseball,2018-04-30,False,64.0,197725,Col. of Charleston,30,15,0.62016,0.5337,0.50588,0.54836
2018,baseball,2018-04-30,False,219.0,197497,Columbia,16,25,0.41509,0.48826,0.48964,0.47031
2018,baseball,2018-04-30,False,273.0,197499,Coppin St.,17,21,0.49438,0.40149,0.412,0.42734
2018,baseball,2018-04-30,False,238.0,197500,Cornell,11,18,0.40214,0.48886,0.46186,0.46043
2018,baseball,2018-04-30,False,51.0,197501,Creighton,25,13,0.687,0.50517,0.52517,0.55563
2018,baseball,2018-04-30,False,43.0,197726,DBU,27,14,0.65499,0.53468,0.52029,0.56116
2018,baseball,2018-04-30,False,262.0,197502,Dartmouth,11,20,0.41241,0.41156,0.49784,0.43334
2018,baseball,2018-04-30,False,106.0,197503,Davidson,27,15,0.60769,0.49144,0.48931,0.51997
2018,baseball,2018-04-30,False,247.0,197504,Dayton,13,27,0.34349,0.4979,0.47834,0.45441
2018,baseball,2018-04-30,False,165.0,197506,Delaware,22,20,0.51444,0.48686,0.48064,0.4922
2018,baseball,2018-04-30,False,297.0,197505,Delaware St.,9,32,0.23628,0.31346,0.4275,0.32267
2018,baseball,2018-04-30,False,23.0,197507,Duke,33,11,0.73515,0.52119,0.52673,0.57606
2018,baseball,2018-04-30,False,105.0,197509,ETSU,23,17,0.59898,0.48722,0.50756,0.52024
2018,baseball,2018-04-30,False,19.0,197508,East Carolina,30,12,0.67586,0.5588,0.53495,0.5821
2018,baseball,2018-04-30,False,202.0,197510,Eastern Ill.,16,27,0.4,0.51193,0.49323,0.47927
2018,baseball,2018-04-30,False,140.0,197511,Eastern Ky.,24,21,0.56934,0.47646,0.50264,0.50622
2018,baseball,2018-04-30,False,194.0,197512,Eastern Mich.,16,24,0.43455,0.51031,0.47721,0.48309
2018,baseball,2018-04-30,False,101.0,197727,Elon,27,17,0.56971,0.5016,0.51199,0.52122
2018,baseball,2018-04-30,False,263.0,197513,Evansville,7,30,0.15569,0.53604,0.50109,0.43222
2018,baseball,2018-04-30,False,291.0,197515,FDU,10,28,0.30997,0.41006,0.44292,0.39325
2018,baseball,2018-04-30,False,37.0,197742,FGCU,30,12,0.71212,0.51904,0.50511,0.56383
2018,baseball,2018-04-30,False,147.0,197518,FIU,21,22,0.44498,0.5354,0.50135,0.50428
2018,baseball,2018-04-30,False,212.0,197514,Fairfield,18,23,0.50135,0.45568,0.48219,0.47372
2018,baseball,2018-04-30,False,31.0,197517,Fla. Atlantic,30,12,0.69231,0.53001,0.52777,0.57002
2018,baseball,2018-04-30,False,1.0,197520,Florida,36,10,0.75904,0.5996,0.55294,0.62779
2018,baseball,2018-04-30,False,258.0,197516,Florida A&M,20,24,0.41935,0.42014,0.48939,0.43726
2018,baseball,2018-04-30,False,13.0,197519,Florida St.,31,14,0.6592,0.5707,0.55368,0.58857
2018,baseball,2018-04-30,False,114.0,197521,Fordham,27,14,0.65122,0.4606,0.49348,0.51648
2018,baseball,2018-04-30,False,124.0,197476,Fresno St.,26,17,0.55754,0.48623,0.52336,0.51334
2018,baseball,2018-04-30,False,115.0,197522,Furman,21,23,0.4594,0.55743,0.49094,0.5163
2018,baseball,2018-04-30,False,74.0,197526,Ga. Southern,22,21,0.4937,0.56338,0.52127,0.53543
2018,baseball,2018-04-30,False,155.0,197728,Gardner-Webb,26,20,0.54072,0.4785,0.49345,0.49779
2018,baseball,2018-04-30,False,236.0,197523,George Mason,18,23,0.41576,0.47226,0.48262,0.46073
2018,baseball,2018-04-30,False,108.0,197524,George Washington,24,18,0.58537,0.50239,0.48344,0.51839
2018,baseball,2018-04-30,False,172.0,197525,Georgetown,17,24,0.4375,0.52421,0.47884,0.49119
2018,baseball,2018-04-30,False,8.0,197529,Georgia,30,14,0.67095,0.58569,0.54557,0.59698
2018,baseball,2018-04-30,False,91.0,197527,Georgia St.,21,22,0.44096,0.56745,0.53214,0.527
2018,baseball,2018-04-30,False,56.0,197528,Georgia Tech,24,21,0.49624,0.59268,0.52719,0.5522
2018,baseball,2018-04-30,False,82.0,197530,Gonzaga,22,19,0.60263,0.50952,0.50653,0.53205
2018,baseball,2018-04-30,False,249.0,197531,Grambling,22,19,0.54972,0.38293,0.48351,0.44977
2018,baseball,2018-04-30,False,156.0,197729,Grand Canyon,25,19,0.5258,0.4685,0.52289,0.49642
2018,baseball,2018-04-30,False,203.0,197532,Hartford,16,25,0.40237,0.51117,0.48508,0.47744
2018,baseball,2018-04-30,False,158.0,197533,Harvard,20,19,0.6164,0.43568,0.49158,0.49484
2018,baseball,2018-04-30,False,139.0,197534,Hawaii,22,17,0.52342,0.48704,0.52767,0.50629
2018,baseball,2018-04-30,False,128.0,197739,High Point,22,18,0.54926,0.50546,0.48869,0.51222
2018,baseball,2018-04-30,False,111.0,197535,Hofstra,21,15,0.63415,0.47736,0.47845,0.51683
2018,baseball,2018-04-30,False,127.0,197536,Holy Cross,16,20,0.51852,0.52098,0.49052,0.51275
2018,baseball,2018-04-30,False,52.0,197538,Houston,28,16,0.62141,0.5265,0.54696,0.55534
2018,baseball,2018-04-30,False,93.0,197537,Houston Christian,21,23,0.53415,0.53475,0.49689,0.52513
2018,baseball,2018-04-30,False,41.0,197540,Illinois,25,14,0.63889,0.54971,0.51221,0.56263
2018,baseball,2018-04-30,False,95.0,197539,Illinois St.,15,24,0.44882,0.57447,0.49987,0.52441
2018,baseball,2018-04-30,False,17.0,197543,Indiana,31,10,0.74064,0.53344,0.52733,0.58371
2018,baseball,2018-04-30,False,78.0,197542,Indiana St.,21,19,0.5534,0.53683,0.51226,0.53483
2018,baseball,2018-04-30,False,259.0,197545,Iona,12,28,0.34794,0.47293,0.4486,0.4356
2018,baseball,2018-04-30,False,33.0,197546,Iowa,26,14,0.64835,0.54964,0.51795,0.5664
2018,baseball,2018-04-30,False,200.0,197547,Jackson St.,28,15,0.62233,0.40979,0.47665,0.47964
2018,baseball,2018-04-30,False,18.0,197549,Jacksonville,30,14,0.66825,0.56862,0.52358,0.58227
2018,baseball,2018-04-30,False,90.0,197548,Jacksonville St.,23,17,0.54569,0.53778,0.48993,0.52779
2018,baseball,2018-04-30,False,144.0,197550,James Madison,21,20,0.48628,0.51839,0.49563,0.50467
2018,baseball,2018-04-30,False,112.0,197552,Kansas,19,24,0.41425,0.57559,0.50147,0.51673
2018,baseball,2018-04-30,False,141.0,197551,Kansas St.,18,26,0.38283,0.56081,0.51998,0.50611
2018,baseball,2018-04-30,False,81.0,197730,Kennesaw St.,24,20,0.50495,0.55624,0.51236,0.53244
2018,baseball,2018-04-30,False,58.0,197553,Kent St.,28,12,0.74528,0.47842,0.50283,0.55124
2018,baseball,2018-04-30,False,15.0,197554,Kentucky,29,15,0.63221,0.58686,0.53907,0.58625
2018,baseball,2018-04-30,False,246.0,197560,LIU,21,19,0.56104,0.39072,0.47744,0.45498
2018,baseball,2018-04-30,False,159.0,197566,LMU (CA),20,24,0.45854,0.5029,0.51347,0.49445
2018,baseball,2018-04-30,False,55.0,197562,LSU,26,19,0.53763,0.56864,0.53617,0.55277
2018,baseball,2018-04-30,False,279.0,197555,La Salle,14,29,0.35437,0.42917,0.47337,0.42152
2018,baseball,2018-04-30,False,267.0,197556,Lafayette,13,32,0.33105,0.45995,0.47094,0.43047
2018,baseball,2018-04-30,False,223.0,197557,Lamar University,15,30,0.32484,0.52424,0.49682,0.46754
2018,baseball,2018-04-30,False,228.0,197558,Lehigh,18,26,0.44018,0.47994,0.46047,0.46513
2018,baseball,2018-04-30,False,117.0,197559,Liberty,26,16,0.62434,0.46902,0.50096,0.51583
2018,baseball,2018-04-30,False,183.0,197741,Lipscomb,18,24,0.35878,0.54581,0.49838,0.48719
2018,baseball,2018-04-30,False,69.0,197457,Little Rock,23,19,0.58578,0.53368,0.50692,0.54001
2018,baseball,2018-04-30,False,151.0,197478,Long Beach St.,18,26,0.39529,0.54194,0.52675,0.50148
2018,baseball,2018-04-30,False,264.0,197561,Longwood,14,28,0.30808,0.46951,0.4814,0.43213
2018,baseball,2018-04-30,False,63.0,197677,Louisiana,26,20,0.56522,0.55036,0.52803,0.54849
2018,baseball,2018-04-30,False,54.0,197563,Louisiana Tech,31,15,0.67603,0.50993,0.52054,0.55411
2018,baseball,2018-04-30,False,50.0,197564,Louisville,29,14,0.62283,0.53124,0.5395,0.5562
2018,baseball,2018-04-30,False,248.0,197567,Maine,11,28,0.34242,0.49623,0.48002,0.45372
2018,baseball,2018-04-30,False,198.0,197568,Manhattan,20,23,0.56553,0.43993,0.48239,0.48194
2018,baseball,2018-04-30,False,133.0,197569,Marist,21,16,0.61846,0.46341,0.49025,0.50888
2018,baseball,2018-04-30,False,185.0,197570,Marshall,18,23,0.47332,0.49118,0.49279,0.48712
2018,baseball,2018-04-30,False,103.0,197572,Maryland,19,24,0.43187,0.5698,0.51062,0.52052
2018,baseball,2018-04-30,False,266.0,197574,Massachusetts,12,21,0.36607,0.43532,0.48721,0.43098
2018,baseball,2018-04-30,False,146.0,197575,McNeese,20,24,0.42358,0.54305,0.50883,0.50463
2018,baseball,2018-04-30,False,195.0,197576,Memphis,15,30,0.31293,0.54642,0.52643,0.48305
2018,baseball,2018-04-30,False,96.0,197577,Mercer,31,15,0.65385,0.46225,0.51922,0.52439
2018,baseball,2018-04-30,False,75.0,197579,Miami (FL),18,25,0.3759,0.61661,0.53101,0.53503
2018,baseball,2018-04-30,False,180.0,197578,Miami (OH),25,15,0.63003,0.40727,0.50837,0.48824
2018,baseball,2018-04-30,False,59.0,197581,Michigan,25,13,0.67781,0.50113,0.52117,0.55031
2018,baseball,2018-04-30,False,208.0,197580,Michigan St.,16,23,0.38889,0.50922,0.49631,0.47591
2018,baseball,2018-04-30,False,182.0,197582,Middle Tenn.,22,22,0.46591,0.48201,0.5192,0.48728
2018,baseball,2018-04-30,False,190.0,197719,Milwaukee,16,22,0.52161,0.46127,0.49073,0.48372
2018,baseball,2018-04-30,False,25.0,197583,Minnesota,28,12,0.69773,0.54056,0.52227,0.57528
2018,baseball,2018-04-30,False,39.0,197584,Mississippi St.,24,21,0.52941,0.60012,0.52169,0.56284
2018,baseball,2018-04-30,False,290.0,197585,Mississippi Val.,11,28,0.29595,0.41564,0.47094,0.39954
2018,baseball,2018-04-30,False,26.0,197587,Missouri,29,15,0.65561,0.54921,0.54371,0.57443
2018,baseball,2018-04-30,False,47.0,197675,Missouri St.,27,13,0.67021,0.52474,0.51757,0.55932
2018,baseball,2018-04-30,False,163.0,197588,Monmouth,19,20,0.51977,0.49388,0.46485,0.4931
2018,baseball,2018-04-30,False,152.0,197589,Morehead St.,27,18,0.62759,0.43537,0.50397,0.50057
2018,baseball,2018-04-30,False,276.0,197590,Mount St. Mary's,17,23,0.4233,0.41133,0.45444,0.4251
2018,baseball,2018-04-30,False,253.0,197591,Murray St.,19,24,0.40483,0.43818,0.50069,0.44547
2018,baseball,2018-04-30,False,231.0,197609,N.C. A&T,24,20,0.5122,0.42582,0.48741,0.46281
2018,baseball,2018-04-30,False,221.0,197610,N.C. Central,26,21,0.54628,0.42607,0.47737,0.46895
2018,baseball,2018-04-30,False,14.0,197611,NC State,31,11,0.69586,0.56208,0.52976,0.58745
2018,baseball,2018-04-30,False,168.0,197616,NIU,15,28,0.3941,0.55524,0.46286,0.49186
2018,baseball,2018-04-30,False,142.0,197601,NJIT,18,18,0.58197,0.47819,0.48223,0.50514
2018,baseball,2018-04-30,False,116.0,197698,Navy,34,12,0.72247,0.42631,0.48873,0.51595
2018,baseball,2018-04-30,False,110.0,197597,Nebraska,20,22,0.4602,0.55297,0.50491,0.51776
2018,baseball,2018-04-30,False,80.0,197600,Nevada,21,19,0.57821,0.52198,0.51,0.53304
2018,baseball,2018-04-30,False,176.0,197603,New Mexico,15,27,0.34848,0.55451,0.50272,0.49006
2018,baseball,2018-04-30,False,109.0,197602,New Mexico St.,28,16,0.63291,0.46884,0.50231,0.51822
2018,baseball,2018-04-30,False,189.0,197604,New Orleans,19,27,0.41895,0.50919,0.50107,0.4846
2018,baseball,2018-04-30,False,270.0,197606,Niagara,15,22,0.47765,0.37411,0.48982,0.42892
2018,baseball,2018-04-30,False,213.0,197607,Nicholls,19,26,0.382,0.50495,0.4998,0.47293
2018,baseball,2018-04-30,False,294.0,197608,Norfolk St.,16,23,0.3954,0.31684,0.43751,0.36665
2018,baseball,2018-04-30,False,4.0,197593,North Carolina,31,13,0.68974,0.60041,0.54024,0.6077
2018,baseball,2018-04-30,False,225.0,197612,North Dakota St.,17,19,0.55362,0.42411,0.46479,0.46666
2018,baseball,2018-04-30,False,149.0,197734,North Florida,19,22,0.38719,0.55454,0.51122,0.50187
2018,baseball,2018-04-30,False,28.0,197614,Northeastern,26,13,0.70556,0.53363,0.51895,0.57294
2018,baseball,2018-04-30,False,187.0,197615,Northern Colo.,23,21,0.5237,0.46308,0.4934,0.48582
2018,baseball,2018-04-30,False,265.0,197617,Northern Ky.,12,29,0.32432,0.46384,0.47574,0.43194
2018,baseball,2018-04-30,False,216.0,197619,Northwestern,13,24,0.39691,0.48465,0.51833,0.47113
2018,baseball,2018-04-30,False,153.0,197618,Northwestern St.,25,19,0.55687,0.46705,0.50703,0.4995
2018,baseball,2018-04-30,False,107.0,197620,Notre Dame,20,24,0.4455,0.54823,0.53199,0.51849
2018,baseball,2018-04-30,False,239.0,197621,Oakland,12,27,0.35246,0.50718,0.46942,0.45906
2018,baseball,2018-04-30,False,250.0,197623,Ohio,20,23,0.51781,0.39579,0.48767,0.44927
2018,baseball,2018-04-30,False,36.0,197622,Ohio St.,28,13,0.65829,0.54204,0.51683,0.5648
2018,baseball,2018-04-30,False,38.0,197625,Oklahoma,28,18,0.5599,0.57992,0.53327,0.56325
2018,baseball,2018-04-30,False,22.0,197624,Oklahoma St.,27,14,0.66102,0.55617,0.54162,0.57875
2018,baseball,2018-04-30,False,255.0,197626,Old Dominion,12,29,0.24505,0.50819,0.50495,0.44159
2018,baseball,2018-04-30,False,6.0,197586,Ole Miss,34,11,0.73935,0.55568,0.54972,0.6001
2018,baseball,2018-04-30,False,275.0,197598,Omaha,14,25,0.36782,0.42845,0.47657,0.42532
2018,baseball,2018-04-30,False,179.0,197627,Oral Roberts,26,15,0.60571,0.42417,0.50034,0.4886
2018,baseball,2018-04-30,False,76.0,197629,Oregon,21,20,0.50137,0.55877,0.52101,0.53498
2018,baseball,2018-04-30,False,9.0,197628,Oregon St.,32,7,0.81389,0.50865,0.54277,0.59349
2018,baseball,2018-04-30,False,171.0,197630,Pacific,17,25,0.41542,0.52917,0.49283,0.49165
2018,baseball,2018-04-30,False,280.0,197633,Penn,13,24,0.41246,0.39744,0.47074,0.41952
2018,baseball,2018-04-30,False,242.0,197632,Penn St.,9,28,0.2533,0.53962,0.49342,0.45649
2018,baseball,2018-04-30,False,113.0,197634,Pepperdine,22,17,0.5393,0.50568,0.51597,0.51666
2018,baseball,2018-04-30,False,102.0,197635,Pittsburgh,23,17,0.57181,0.49628,0.52029,0.52117
2018,baseball,2018-04-30,False,211.0,197636,Portland,17,26,0.35646,0.52517,0.49208,0.47472
2018,baseball,2018-04-30,False,287.0,197637,Prairie View,12,29,0.28877,0.43992,0.45561,0.40605
2018,baseball,2018-04-30,False,272.0,197731,Presbyterian,13,33,0.27064,0.48087,0.4772,0.42739
2018,baseball,2018-04-30,False,271.0,197638,Princeton,10,23,0.33038,0.44872,0.48632,0.42854
2018,baseball,2018-04-30,False,57.0,197639,Purdue,24,16,0.62916,0.53248,0.51211,0.55156
2018,baseball,2018-04-30,False,292.0,197544,Purdue Fort Wayne,10,27,0.27647,0.39047,0.46896,0.38159
2018,baseball,2018-04-30,False,217.0,197640,Quinnipiac,20,22,0.55897,0.41595,0.49216,0.47076
2018,baseball,2018-04-30,False,232.0,197641,Radford,20,23,0.48193,0.43005,0.50887,0.46272
2018,baseball,2018-04-30,False,77.0,197642,Rhode Island,16,25,0.45028,0.59914,0.49082,0.53485
2018,baseball,2018-04-30,False,134.0,197643,Rice,17,25,0.36869,0.5755,0.51452,0.50855
2018,baseball,2018-04-30,False,188.0,197644,Richmond,22,19,0.48825,0.47847,0.49341,0.48465
2018,baseball,2018-04-30,False,286.0,197645,Rider,11,26,0.32036,0.44014,0.44327,0.41098
2018,baseball,2018-04-30,False,154.0,197646,Rutgers,22,18,0.57256,0.451,0.51873,0.49832
2018,baseball,2018-04-30,False,241.0,197679,SFA,14,29,0.33251,0.50498,0.48644,0.45722
2018,baseball,2018-04-30,False,204.0,197672,SIUE,13,29,0.36473,0.53163,0.47859,0.47665
2018,baseball,2018-04-30,False,148.0,197480,Sacramento St.,24,18,0.58156,0.46452,0.50275,0.50334
2018,baseball,2018-04-30,False,281.0,197647,Sacred Heart,10,28,0.29326,0.44873,0.4748,0.41638
2018,baseball,2018-04-30,False,243.0,197650,Saint Joseph's,16,23,0.41728,0.45511,0.49456,0.45552
2018,baseball,2018-04-30,False,122.0,197651,Saint Louis,28,15,0.6432,0.45418,0.50303,0.51365
2018,baseball,2018-04-30,False,136.0,197652,Saint Mary's (CA),25,18,0.62945,0.44025,0.52165,0.5079
2018,baseball,2018-04-30,False,295.0,197653,Saint Peter's,0,33,0.0,0.45832,0.43828,0.33873
2018,baseball,2018-04-30,False,40.0,197654,Sam Houston,31,13,0.68192,0.52909,0.51122,0.56283
2018,baseball,2018-04-30,False,120.0,197655,Samford,24,21,0.51007,0.51987,0.50803,0.51446
2018,baseball,2018-04-30,False,104.0,197657,San Diego,20,24,0.43925,0.56931,0.50389,0.52044
2018,baseball,2018-04-30,False,45.0,197656,San Diego St.,30,14,0.65155,0.53045,0.52871,0.56029
2018,baseball,2018-04-30,False,145.0,197658,San Francisco,24,20,0.53917,0.48254,0.51439,0.50466
2018,baseball,2018-04-30,False,178.0,197659,San Jose St.,19,22,0.45408,0.50129,0.49986,0.48913
2018,baseball,2018-04-30,False,210.0,197660,Santa Clara,19,22,0.43641,0.47391,0.51523,0.47487
2018,baseball,2018-04-30,False,293.0,197661,Savannah St.,5,29,0.1185,0.45128,0.45378,0.36871
2018,baseball,2018-04-30,False,135.0,197732,Seattle U,29,12,0.64474,0.43548,0.51624,0.50799
2018,baseball,2018-04-30,False,87.0,197662,Seton Hall,20,15,0.59701,0.51228,0.49607,0.52941
2018,baseball,2018-04-30,False,215.0,197663,Siena,12,28,0.36416,0.52042,0.48148,0.47162
2018,baseball,2018-04-30,False,61.0,197664,South Alabama,25,17,0.60417,0.53185,0.53061,0.54962
2018,baseball,2018-04-30,False,49.0,197665,South Carolina,26,18,0.55612,0.56929,0.53083,0.55638
2018,baseball,2018-04-30,False,233.0,197666,South Dakota St.,12,24,0.40741,0.4903,0.46285,0.46271
2018,baseball,2018-04-30,False,27.0,197667,South Fla.,29,15,0.59439,0.58811,0.52609,0.57418
2018,baseball,2018-04-30,False,199.0,197668,Southeast Mo. St.,21,23,0.46579,0.48094,0.49913,0.4817
2018,baseball,2018-04-30,False,123.0,197669,Southeastern La.,30,17,0.59447,0.46953,0.52005,0.51339
2018,baseball,2018-04-30,False,132.0,197670,Southern California,19,21,0.47792,0.51125,0.53573,0.50904
2018,baseball,2018-04-30,False,126.0,197671,Southern Ill.,24,20,0.5625,0.48546,0.51801,0.51286
2018,baseball,2018-04-30,False,32.0,197673,Southern Miss.,32,11,0.7325,0.50602,0.53464,0.56979
2018,baseball,2018-04-30,False,289.0,197674,Southern U.,9,30,0.2541,0.44439,0.45778,0.40016
2018,baseball,2018-04-30,False,282.0,197648,St. Bonaventure,9,24,0.30841,0.44647,0.4638,0.41629
2018,baseball,2018-04-30,False,53.0,197649,St. John's (NY),28,11,0.7526,0.4741,0.5195,0.55507
2018,baseball,2018-04-30,False,2.0,197678,Stanford,33,6,0.82609,0.56693,0.53961,0.62489
2018,baseball,2018-04-30,False,16.0,197680,Stetson,34,11,0.75066,0.53124,0.52872,0.58546
2018,baseball,2018-04-30,False,206.0,197681,Stony Brook,23,19,0.54167,0.44141,0.48089,0.47634
2018,baseball,2018-04-30,False,68.0,197686,TCU,22,18,0.51771,0.55812,0.53121,0.54129
2018,baseball,2018-04-30,False,66.0,197683,Tennessee,25,21,0.50465,0.5681,0.53477,0.54391
2018,baseball,2018-04-30,False,21.0,197682,Tennessee Tech,37,6,0.84096,0.48076,0.52235,0.58121
2018,baseball,2018-04-30,False,29.0,197690,Texas,30,17,0.61298,0.56393,0.54145,0.57058
2018,baseball,2018-04-30,False,11.0,197685,Texas A&M,32,12,0.71018,0.55484,0.54578,0.59141
2018,baseball,2018-04-30,False,196.0,197687,Texas Southern,21,24,0.53788,0.45219,0.48771,0.48249
2018,baseball,2018-04-30,False,137.0,197676,Texas St.,22,21,0.46556,0.5162,0.53346,0.50785
2018,baseball,2018-04-30,False,3.0,197688,Texas Tech,33,12,0.75758,0.56899,0.54298,0.60963
2018,baseball,2018-04-30,False,274.0,197494,The Citadel,15,27,0.28873,0.45147,0.51237,0.42601
2018,baseball,2018-04-30,False,186.0,197692,Toledo,14,26,0.38147,0.5423,0.48168,0.48694
2018,baseball,2018-04-30,False,261.0,197693,Towson,12,31,0.30361,0.4821,0.46733,0.43378
2018,baseball,2018-04-30,False,44.0,197694,Troy,30,14,0.66346,0.52599,0.52794,0.56085
2018,baseball,2018-04-30,False,84.0,197695,Tulane,21,24,0.42857,0.58722,0.52142,0.53111
2018,baseball,2018-04-30,False,167.0,197449,UAB,19,22,0.43198,0.51306,0.51044,0.49213
2018,baseball,2018-04-30,False,205.0,197450,UAlbany,17,17,0.55786,0.43405,0.48034,0.47657
2018,baseball,2018-04-30,False,192.0,197483,UC Davis,15,23,0.38684,0.52333,0.49966,0.48329
2018,baseball,2018-04-30,False,92.0,197484,UC Irvine,25,17,0.58565,0.49952,0.51905,0.52593
2018,baseball,2018-04-30,False,230.0,197486,UC Riverside,16,22,0.38587,0.47525,0.5159,0.46307
2018,baseball,2018-04-30,False,174.0,197481,UC Santa Barbara,20,19,0.47126,0.49054,0.50907,0.49035
2018,baseball,2018-04-30,False,46.0,197490,UCF,29,15,0.625,0.53842,0.53638,0.55956
2018,baseball,2018-04-30,False,30.0,197485,UCLA,29,11,0.70185,0.52172,0.53513,0.5701
2018,baseball,2018-04-30,False,12.0,197498,UConn,25,13,0.73724,0.55008,0.52154,0.58974
2018,baseball,2018-04-30,False,227.0,197541,UIC,23,14,0.60588,0.37649,0.50551,0.46609
2018,baseball,2018-04-30,False,169.0,197735,UIW,27,18,0.58333,0.44095,0.50171,0.49174
2018,baseball,2018-04-30,False,201.0,197613,ULM,18,25,0.42744,0.489,0.51301,0.47961
2018,baseball,2018-04-30,False,226.0,197571,UMBC,17,20,0.44728,0.46471,0.48902,0.46643
2018,baseball,2018-04-30,False,296.0,197573,UMES,9,35,0.19121,0.35639,0.41661,0.33015
2018,baseball,2018-04-30,False,191.0,197565,UMass Lowell,18,22,0.51081,0.4632,0.49697,0.48355
2018,baseball,2018-04-30,False,254.0,197592,UNC Asheville,12,31,0.29156,0.4971,0.48869,0.44361
2018,baseball,2018-04-30,False,67.0,197595,UNC Greensboro,31,11,0.71465,0.47036,0.51364,0.54225
2018,baseball,2018-04-30,False,119.0,197596,UNCW,26,17,0.54768,0.50461,0.50296,0.51496
2018,baseball,2018-04-30,False,62.0,197599,UNLV,29,17,0.6425,0.51082,0.53338,0.54938
2018,baseball,2018-04-30,False,240.0,197737,USC Upstate,22,24,0.42986,0.45515,0.49582,0.459
2018,baseball,2018-04-30,False,118.0,197689,UT Arlington,21,23,0.46329,0.53863,0.52101,0.51539
2018,baseball,2018-04-30,False,235.0,197684,UT Martin,9,32,0.25905,0.54655,0.49467,0.46171
2018,baseball,2018-04-30,False,221.0,197631,UTRGV,21,23,0.44634,0.47012,0.48921,0.46895
2018,baseball,2018-04-30,False,72.0,197691,UTSA,24,18,0.55714,0.54095,0.50676,0.53645
2018,baseball,2018-04-30,False,209.0,197699,Utah,12,29,0.29589,0.5512,0.50145,0.47493
2018,baseball,2018-04-30,False,244.0,197743,Utah Valley,14,27,0.39687,0.45779,0.50793,0.45509
2018,baseball,2018-04-30,False,130.0,197703,VCU,28,16,0.62344,0.45839,0.50104,0.51032
2018,baseball,2018-04-30,False,161.0,197704,VMI,23,20,0.54156,0.46484,0.50241,0.49341
2018,baseball,2018-04-30,False,160.0,197700,Valparaiso,15,23,0.469,0.50092,0.50662,0.49437
2018,baseball,2018-04-30,False,34.0,197701,Vanderbilt,25,18,0.53964,0.59502,0.53403,0.56593
2018,baseball,2018-04-30,False,283.0,197702,Villanova,6,29,0.19582,0.50074,0.45915,0.41411
2018,baseball,2018-04-30,False,86.0,197706,Virginia,24,20,0.49749,0.55289,0.51701,0.53007
2018,baseball,2018-04-30,False,138.0,197705,Virginia Tech,18,26,0.40811,0.55015,0.51822,0.50666
2018,baseball,2018-04-30,False,72.0,197707,Wagner,30,12,0.77857,0.45154,0.46415,0.53645
2018,baseball,2018-04-30,False,79.0,197708,Wake Forest,20,25,0.42922,0.59362,0.51791,0.53359
2018,baseball,2018-04-30,False,89.0,197710,Washington,20,19,0.48556,0.55395,0.51828,0.52793
2018,baseball,2018-04-30,False,173.0,197709,Washington St.,14,23,0.38462,0.52968,0.51915,0.49078
2018,baseball,2018-04-30,False,35.0,197711,West Virginia,22,19,0.54308,0.6034,0.51023,0.56503
2018,baseball,2018-04-30,False,278.0,197712,Western Caro.,4,38,0.08095,0.5628,0.48571,0.42307
2018,baseball,2018-04-30,False,284.0,197713,Western Ill.,10,25,0.28571,0.44755,0.47019,0.41275
2018,baseball,2018-04-30,False,181.0,197714,Western Ky.,20,23,0.43418,0.49692,0.5235,0.48788
2018,baseball,2018-04-30,False,207.0,197715,Western Mich.,18,18,0.48,0.4639,0.49659,0.4761
2018,baseball,2018-04-30,False,20.0,197716,Wichita St.,28,14,0.67204,0.56198,0.5316,0.5819
2018,baseball,2018-04-30,False,234.0,197717,William & Mary,15,29,0.3,0.52787,0.49365,0.46235
2018,baseball,2018-04-30,False,197.0,197718,Winthrop,20,22,0.45556,0.49389,0.48454,0.48197
2018,baseball,2018-04-30,False,100.0,197736,Wofford,29,16,0.61692,0.48403,0.50025,0.52131
2018,baseball,2018-04-30,False,88.0,197720,Wright St.,28,13,0.74121,0.43224,0.51028,0.52899
2018,baseball,2018-04-30,False,131.0,197721,Xavier,15,29,0.40244,0.57304,0.48852,0.50926
2018,baseball,2018-04-30,False,170.0,197722,Yale,20,17,0.56338,0.4631,0.47719,0.49169
2018,baseball,2018-04-30,False,269.0,197723,Youngstown St.,12,29,0.28652,0.48295,0.46401,0.42911
2018,baseball,2018-05-07,False,172.0,197740,A&M-Corpus Christi,24,26,0.46875,0.49144,0.512,0.49091
2018,baseball,2018-05-07,False,253.0,197445,Abilene Christian,19,26,0.382,0.4513,0.4973,0.44547
2018,baseball,2018-05-07,False,88.0,197696,Air Force,23,24,0.51707,0.54942,0.49859,0.52862
2018,baseball,2018-05-07,False,84.0,197448,Alabama,24,25,0.44037,0.57214,0.53786,0.53062
2018,baseball,2018-05-07,False,285.0,197446,Alabama A&M,12,37,0.23557,0.46984,0.45929,0.40863
2018,baseball,2018-05-07,False,217.0,197447,Alabama St.,27,20,0.56416,0.42281,0.47507,0.47121
2018,baseball,2018-05-07,False,287.0,197451,Alcorn,12,34,0.29302,0.43866,0.45015,0.40512
2018,baseball,2018-05-07,False,183.0,197452,App State,16,31,0.38362,0.52746,0.51073,0.48732
2018,baseball,2018-05-07,False,37.0,197454,Arizona,28,17,0.60401,0.56466,0.51533,0.56216
2018,baseball,2018-05-07,False,126.0,197453,Arizona St.,19,27,0.36384,0.58388,0.5133,0.51122
2018,baseball,2018-05-07,False,251.0,197733,Ark.-Pine Bluff,20,21,0.4715,0.42659,0.47179,0.44912
2018,baseball,2018-05-07,False,6.0,197456,Arkansas,33,15,0.67692,0.59581,0.53803,0.60164
2018,baseball,2018-05-07,False,184.0,197455,Arkansas St.,17,26,0.39364,0.51232,0.52928,0.48689
2018,baseball,2018-05-07,False,102.0,197697,Army West Point,30,21,0.59172,0.5021,0.49233,0.52206
2018,baseball,2018-05-07,False,8.0,197458,Auburn,34,14,0.68856,0.57923,0.54428,0.59782
2018,baseball,2018-05-07,False,100.0,197459,Austin Peay,28,20,0.60091,0.49098,0.50672,0.52239
2018,baseball,2018-05-07,False,188.0,197468,BYU,19,23,0.47135,0.48238,0.50654,0.48566
2018,baseball,2018-05-07,False,141.0,197460,Ball St.,26,20,0.60169,0.46203,0.49536,0.50528
2018,baseball,2018-05-07,False,45.0,197462,Baylor,26,17,0.6005,0.55232,0.52993,0.55877
2018,baseball,2018-05-07,False,258.0,197738,Belmont,16,31,0.30349,0.48487,0.49623,0.44236
2018,baseball,2018-05-07,False,182.0,197463,Bethune-Cookman,18,31,0.37753,0.54414,0.48406,0.48747
2018,baseball,2018-05-07,False,234.0,197464,Binghamton,14,27,0.38727,0.49216,0.47579,0.46185
2018,baseball,2018-05-07,False,160.0,197465,Boston College,16,30,0.34511,0.55959,0.51914,0.49586
2018,baseball,2018-05-07,False,275.0,197466,Bowling Green,10,32,0.26944,0.48128,0.47488,0.42672
2018,baseball,2018-05-07,False,60.0,197467,Bradley,28,12,0.74699,0.46043,0.52468,0.54813
2018,baseball,2018-05-07,False,276.0,197469,Brown,11,26,0.32425,0.45022,0.47153,0.42406
2018,baseball,2018-05-07,False,98.0,197470,Bryant,27,19,0.65127,0.48138,0.47859,0.52316
2018,baseball,2018-05-07,False,224.0,197471,Bucknell,16,25,0.39756,0.49265,0.48421,0.46677
2018,baseball,2018-05-07,False,116.0,197473,Butler,29,14,0.66744,0.4462,0.49831,0.51454
2018,baseball,2018-05-07,False,222.0,197475,CSU Bakersfield,17,29,0.37277,0.50647,0.48362,0.46733
2018,baseball,2018-05-07,False,139.0,197479,CSUN,22,25,0.47722,0.52393,0.49887,0.50599
2018,baseball,2018-05-07,False,171.0,197474,Cal Poly,21,25,0.4356,0.50762,0.51339,0.49106
2018,baseball,2018-05-07,False,40.0,197477,Cal St. Fullerton,25,20,0.5737,0.57449,0.51713,0.55995
2018,baseball,2018-05-07,False,93.0,197482,California,26,19,0.54436,0.51575,0.52302,0.52472
2018,baseball,2018-05-07,False,131.0,197487,Campbell,26,19,0.54507,0.49963,0.49131,0.50891
2018,baseball,2018-05-07,False,190.0,197488,Canisius,27,18,0.64901,0.40264,0.48768,0.48549
2018,baseball,2018-05-07,False,107.0,197724,Central Ark.,28,18,0.56561,0.50254,0.50425,0.51873
2018,baseball,2018-05-07,False,270.0,197489,Central Conn. St.,15,26,0.35751,0.46255,0.45833,0.43524
2018,baseball,2018-05-07,False,229.0,197491,Central Mich.,20,25,0.45476,0.44529,0.51106,0.4641
2018,baseball,2018-05-07,False,268.0,197461,Charleston So.,15,31,0.31545,0.46948,0.49483,0.43731
2018,baseball,2018-05-07,False,92.0,197594,Charlotte,27,20,0.54673,0.51453,0.52328,0.52477
2018,baseball,2018-05-07,False,261.0,197492,Chicago St.,9,36,0.19841,0.54506,0.47441,0.44074
2018,baseball,2018-05-07,False,104.0,197493,Cincinnati,24,21,0.50735,0.52006,0.53455,0.5205
2018,baseball,2018-05-07,False,11.0,197495,Clemson,35,12,0.72045,0.55343,0.54812,0.59386
2018,baseball,2018-05-07,False,27.0,197496,Coastal Carolina,32,16,0.63111,0.56426,0.52706,0.57167
2018,baseball,2018-05-07,False,71.0,197725,Col. of Charleston,32,16,0.63333,0.50717,0.50987,0.53939
2018,baseball,2018-05-07,False,219.0,197497,Columbia,16,26,0.40741,0.49204,0.48741,0.46972
2018,baseball,2018-05-07,False,265.0,197499,Coppin St.,19,22,0.51928,0.41376,0.41085,0.43941
2018,baseball,2018-05-07,False,232.0,197500,Cornell,13,20,0.43302,0.47587,0.46591,0.46267
2018,baseball,2018-05-07,False,57.0,197501,Creighton,26,15,0.64878,0.51913,0.52189,0.55223
2018,baseball,2018-05-07,False,55.0,197726,DBU,31,15,0.66749,0.51289,0.52449,0.55444
2018,baseball,2018-05-07,False,255.0,197502,Dartmouth,15,20,0.46689,0.40534,0.49603,0.4434
2018,baseball,2018-05-07,False,80.0,197503,Davidson,30,16,0.62791,0.51314,0.48625,0.53511
2018,baseball,2018-05-07,False,233.0,197504,Dayton,14,29,0.35309,0.50875,0.47905,0.46241
2018,baseball,2018-05-07,False,169.0,197506,Delaware,25,22,0.51382,0.48716,0.48115,0.49232
2018,baseball,2018-05-07,False,297.0,197505,Delaware St.,9,35,0.21616,0.30796,0.42635,0.31461
2018,baseball,2018-05-07,False,18.0,197507,Duke,35,11,0.74402,0.52794,0.52669,0.58165
2018,baseball,2018-05-07,False,142.0,197509,ETSU,24,19,0.56909,0.4712,0.50877,0.50507
2018,baseball,2018-05-07,False,15.0,197508,East Carolina,33,12,0.70253,0.55366,0.53878,0.58716
2018,baseball,2018-05-07,False,206.0,197510,Eastern Ill.,18,28,0.42857,0.48838,0.50066,0.4765
2018,baseball,2018-05-07,False,155.0,197511,Eastern Ky.,26,23,0.5558,0.4682,0.50026,0.49811
2018,baseball,2018-05-07,False,195.0,197512,Eastern Mich.,18,27,0.44138,0.50702,0.47828,0.48342
2018,baseball,2018-05-07,False,110.0,197727,Elon,28,20,0.54825,0.50596,0.50864,0.5172
2018,baseball,2018-05-07,False,272.0,197513,Evansville,8,33,0.16298,0.53411,0.50318,0.4336
2018,baseball,2018-05-07,False,292.0,197515,FDU,10,32,0.27187,0.39246,0.4492,0.3765
2018,baseball,2018-05-07,False,66.0,197742,FGCU,31,15,0.65385,0.50669,0.50854,0.54394
2018,baseball,2018-05-07,False,147.0,197518,FIU,22,25,0.4214,0.54354,0.50141,0.50247
2018,baseball,2018-05-07,False,216.0,197514,Fairfield,20,25,0.48662,0.45688,0.48467,0.47126
2018,baseball,2018-05-07,False,34.0,197517,Fla. Atlantic,31,14,0.67866,0.52932,0.52374,0.56526
2018,baseball,2018-05-07,False,1.0,197520,Florida,38,11,0.76116,0.60493,0.55258,0.6309
2018,baseball,2018-05-07,False,250.0,197516,Florida A&M,23,25,0.45359,0.42936,0.48466,0.44924
2018,baseball,2018-05-07,False,9.0,197519,Florida St.,32,15,0.65877,0.5848,0.55511,0.59587
2018,baseball,2018-05-07,False,118.0,197521,Fordham,30,15,0.64865,0.45719,0.49497,0.5145
2018,baseball,2018-05-07,False,146.0,197476,Fresno St.,26,21,0.51294,0.49042,0.51745,0.50281
2018,baseball,2018-05-07,False,158.0,197522,Furman,22,25,0.44181,0.52534,0.49729,0.49745
2018,baseball,2018-05-07,False,73.0,197526,Ga. Southern,24,22,0.49528,0.5689,0.52049,0.53839
2018,baseball,2018-05-07,False,153.0,197728,Gardner-Webb,26,22,0.52412,0.4895,0.49237,0.49887
2018,baseball,2018-05-07,False,209.0,197523,George Mason,21,24,0.46377,0.47667,0.4879,0.47625
2018,baseball,2018-05-07,False,127.0,197524,George Washington,27,20,0.57583,0.49134,0.48339,0.51048
2018,baseball,2018-05-07,False,168.0,197525,Georgetown,21,24,0.47727,0.50258,0.48806,0.49262
2018,baseball,2018-05-07,False,4.0,197529,Georgia,33,14,0.70093,0.58641,0.5455,0.60482
2018,baseball,2018-05-07,False,124.0,197527,Georgia St.,22,25,0.42889,0.54622,0.52701,0.51209
2018,baseball,2018-05-07,False,48.0,197528,Georgia Tech,27,21,0.52143,0.59271,0.52267,0.55738
2018,baseball,2018-05-07,False,81.0,197530,Gonzaga,24,20,0.61743,0.50541,0.51207,0.53508
2018,baseball,2018-05-07,False,252.0,197531,Grambling,23,22,0.53535,0.38606,0.48018,0.44692
2018,baseball,2018-05-07,False,154.0,197729,Grand Canyon,27,20,0.54545,0.46418,0.51921,0.49826
2018,baseball,2018-05-07,False,199.0,197532,Hartford,19,26,0.42204,0.50989,0.48399,0.48145
2018,baseball,2018-05-07,False,163.0,197533,Harvard,20,19,0.6164,0.43781,0.48798,0.495
2018,baseball,2018-05-07,False,161.0,197534,Hawaii,23,19,0.49747,0.48151,0.52259,0.49577
2018,baseball,2018-05-07,False,133.0,197739,High Point,24,20,0.55227,0.4932,0.49614,0.50871
2018,baseball,2018-05-07,False,120.0,197535,Hofstra,22,18,0.58924,0.49058,0.48204,0.51311
2018,baseball,2018-05-07,False,180.0,197536,Holy Cross,17,25,0.45721,0.50579,0.48772,0.48913
2018,baseball,2018-05-07,False,62.0,197538,Houston,29,19,0.57512,0.53226,0.54428,0.54598
2018,baseball,2018-05-07,False,137.0,197537,Houston Christian,22,26,0.49561,0.51751,0.49952,0.50754
2018,baseball,2018-05-07,False,51.0,197540,Illinois,27,16,0.61239,0.54855,0.51329,0.55569
2018,baseball,2018-05-07,False,87.0,197539,Illinois St.,18,26,0.46364,0.58039,0.49462,0.52976
2018,baseball,2018-05-07,False,22.0,197543,Indiana,31,13,0.70127,0.54253,0.52623,0.57814
2018,baseball,2018-05-07,False,63.0,197542,Indiana St.,24,20,0.58297,0.547,0.50666,0.54591
2018,baseball,2018-05-07,False,248.0,197545,Iona,14,30,0.37617,0.48422,0.4552,0.44995
2018,baseball,2018-05-07,False,36.0,197546,Iowa,28,16,0.61881,0.55612,0.52295,0.5635
2018,baseball,2018-05-07,False,197.0,197547,Jackson St.,30,15,0.63946,0.40794,0.47492,0.48256
2018,baseball,2018-05-07,False,23.0,197549,Jacksonville,31,16,0.65237,0.56874,0.52152,0.57784
2018,baseball,2018-05-07,False,94.0,197548,Jacksonville St.,24,20,0.53271,0.53798,0.48842,0.52427
2018,baseball,2018-05-07,False,165.0,197550,James Madison,21,23,0.44318,0.51775,0.49569,0.4936
2018,baseball,2018-05-07,False,91.0,197552,Kansas,22,25,0.43914,0.57541,0.50929,0.52481
2018,baseball,2018-05-07,False,150.0,197551,Kansas St.,18,29,0.36504,0.55685,0.51997,0.49968
2018,baseball,2018-05-07,False,77.0,197730,Kennesaw St.,24,20,0.50495,0.5637,0.51108,0.53586
2018,baseball,2018-05-07,False,61.0,197553,Kent St.,32,13,0.74946,0.46807,0.50028,0.54647
2018,baseball,2018-05-07,False,19.0,197554,Kentucky,30,17,0.62302,0.58096,0.54143,0.58159
2018,baseball,2018-05-07,False,230.0,197560,LIU,24,21,0.54861,0.41616,0.473,0.46349
2018,baseball,2018-05-07,False,179.0,197566,LMU (CA),20,24,0.45854,0.49173,0.51474,0.48918
2018,baseball,2018-05-07,False,54.0,197562,LSU,28,20,0.53634,0.57051,0.54214,0.55487
2018,baseball,2018-05-07,False,282.0,197555,La Salle,14,34,0.32662,0.42612,0.48017,0.41476
2018,baseball,2018-05-07,False,254.0,197556,Lafayette,16,34,0.36701,0.47074,0.47308,0.44539
2018,baseball,2018-05-07,False,236.0,197557,Lamar University,15,34,0.30661,0.51741,0.50327,0.46118
2018,baseball,2018-05-07,False,210.0,197558,Lehigh,22,27,0.49203,0.47232,0.46552,0.47555
2018,baseball,2018-05-07,False,130.0,197559,Liberty,26,20,0.57282,0.48355,0.49914,0.50976
2018,baseball,2018-05-07,False,174.0,197741,Lipscomb,20,24,0.38084,0.54003,0.50138,0.49057
2018,baseball,2018-05-07,False,69.0,197457,Little Rock,25,20,0.58161,0.53929,0.51065,0.54271
2018,baseball,2018-05-07,False,136.0,197478,Long Beach St.,21,26,0.44612,0.53084,0.52438,0.50805
2018,baseball,2018-05-07,False,263.0,197561,Longwood,15,31,0.31395,0.48474,0.47497,0.4396
2018,baseball,2018-05-07,False,56.0,197677,Louisiana,28,21,0.56263,0.55869,0.53023,0.55256
2018,baseball,2018-05-07,False,64.0,197563,Louisiana Tech,32,17,0.64516,0.50857,0.51817,0.54512
2018,baseball,2018-05-07,False,41.0,197564,Louisville,32,15,0.64588,0.52403,0.54536,0.55982
2018,baseball,2018-05-07,False,240.0,197567,Maine,14,29,0.37838,0.48374,0.48186,0.45693
2018,baseball,2018-05-07,False,196.0,197568,Manhattan,22,25,0.54646,0.45303,0.4792,0.48293
2018,baseball,2018-05-07,False,109.0,197569,Marist,24,17,0.6411,0.47042,0.48856,0.51762
2018,baseball,2018-05-07,False,198.0,197570,Marshall,19,24,0.46785,0.48015,0.49793,0.48152
2018,baseball,2018-05-07,False,115.0,197572,Maryland,20,27,0.42827,0.55949,0.51323,0.51512
2018,baseball,2018-05-07,False,265.0,197574,Massachusetts,14,23,0.38701,0.44112,0.48836,0.43941
2018,baseball,2018-05-07,False,144.0,197575,McNeese,22,26,0.44177,0.53412,0.5075,0.50438
2018,baseball,2018-05-07,False,186.0,197576,Memphis,16,32,0.30591,0.5556,0.52706,0.48604
2018,baseball,2018-05-07,False,101.0,197577,Mercer,31,17,0.63377,0.47038,0.51416,0.52217
2018,baseball,2018-05-07,False,75.0,197579,Miami (FL),21,25,0.40596,0.60375,0.53585,0.53733
2018,baseball,2018-05-07,False,159.0,197578,Miami (OH),28,16,0.64891,0.41609,0.50743,0.49713
2018,baseball,2018-05-07,False,51.0,197581,Michigan,29,14,0.70419,0.50331,0.51193,0.55569
2018,baseball,2018-05-07,False,221.0,197580,Michigan St.,17,25,0.3948,0.48575,0.50306,0.46734
2018,baseball,2018-05-07,False,152.0,197582,Middle Tenn.,24,23,0.48837,0.4982,0.51278,0.49939
2018,baseball,2018-05-07,False,215.0,197719,Milwaukee,19,24,0.51269,0.4399,0.49589,0.47209
2018,baseball,2018-05-07,False,13.0,197583,Minnesota,32,12,0.71765,0.56236,0.52204,0.5911
2018,baseball,2018-05-07,False,38.0,197584,Mississippi St.,26,22,0.54875,0.58556,0.52601,0.56147
2018,baseball,2018-05-07,False,290.0,197585,Mississippi Val.,11,31,0.26389,0.43779,0.45996,0.39986
2018,baseball,2018-05-07,False,35.0,197587,Missouri,30,18,0.60811,0.55339,0.54288,0.56444
2018,baseball,2018-05-07,False,44.0,197675,Missouri St.,30,14,0.67991,0.51818,0.51926,0.55888
2018,baseball,2018-05-07,False,176.0,197588,Monmouth,22,21,0.55076,0.47094,0.46758,0.49006
2018,baseball,2018-05-07,False,128.0,197589,Morehead St.,30,19,0.63158,0.45256,0.50479,0.51037
2018,baseball,2018-05-07,False,264.0,197590,Mount St. Mary's,20,25,0.4642,0.41665,0.4603,0.43945
2018,baseball,2018-05-07,False,241.0,197591,Murray St.,22,25,0.44552,0.4419,0.49704,0.45659
2018,baseball,2018-05-07,False,247.0,197609,N.C. A&T,26,22,0.5045,0.40423,0.48791,0.45022
2018,baseball,2018-05-07,False,235.0,197610,N.C. Central,27,23,0.52311,0.42499,0.47409,0.46179
2018,baseball,2018-05-07,False,17.0,197611,NC State,34,12,0.68989,0.55616,0.52839,0.58265
2018,baseball,2018-05-07,False,202.0,197616,NIU,17,31,0.37793,0.53001,0.47691,0.47871
2018,baseball,2018-05-07,False,162.0,197601,NJIT,18,21,0.54198,0.47961,0.47882,0.49501
2018,baseball,2018-05-07,False,129.0,197698,Navy,36,13,0.71102,0.42262,0.48361,0.50997
2018,baseball,2018-05-07,False,113.0,197597,Nebraska,22,23,0.46387,0.54324,0.51487,0.5163
2018,baseball,2018-05-07,False,65.0,197600,Nevada,25,19,0.60881,0.5303,0.50914,0.54463
2018,baseball,2018-05-07,False,166.0,197603,New Mexico,16,30,0.33257,0.56872,0.50166,0.49292
2018,baseball,2018-05-07,False,105.0,197602,New Mexico St.,32,16,0.65721,0.45699,0.505,0.51905
2018,baseball,2018-05-07,False,177.0,197604,New Orleans,21,28,0.44291,0.50611,0.50465,0.48994
2018,baseball,2018-05-07,False,260.0,197606,Niagara,18,24,0.49624,0.39524,0.47785,0.44114
2018,baseball,2018-05-07,False,201.0,197607,Nicholls,22,27,0.42888,0.49309,0.49998,0.47876
2018,baseball,2018-05-07,False,294.0,197608,Norfolk St.,17,25,0.38248,0.33301,0.43654,0.37126
2018,baseball,2018-05-07,False,3.0,197593,North Carolina,32,13,0.69484,0.59793,0.53901,0.60742
2018,baseball,2018-05-07,False,218.0,197612,North Dakota St.,18,22,0.50639,0.45661,0.46104,0.47016
2018,baseball,2018-05-07,False,112.0,197734,North Florida,22,23,0.43951,0.55785,0.51043,0.51641
2018,baseball,2018-05-07,False,25.0,197614,Northeastern,30,14,0.72236,0.52785,0.5155,0.57339
2018,baseball,2018-05-07,False,175.0,197615,Northern Colo.,26,21,0.54628,0.46014,0.49536,0.49048
2018,baseball,2018-05-07,False,271.0,197617,Northern Ky.,13,32,0.32438,0.47172,0.47231,0.43504
2018,baseball,2018-05-07,False,225.0,197619,Northwestern,14,28,0.38061,0.48455,0.51513,0.46621
2018,baseball,2018-05-07,False,132.0,197618,Northwestern St.,27,20,0.57363,0.48112,0.49954,0.50885
2018,baseball,2018-05-07,False,95.0,197620,Notre Dame,23,25,0.45833,0.55334,0.52957,0.52364
2018,baseball,2018-05-07,False,244.0,197621,Oakland,14,28,0.36387,0.49053,0.47568,0.45515
2018,baseball,2018-05-07,False,257.0,197623,Ohio,20,26,0.47391,0.40758,0.48095,0.4425
2018,baseball,2018-05-07,False,28.0,197622,Ohio St.,30,15,0.65753,0.55491,0.51386,0.5703
2018,baseball,2018-05-07,False,39.0,197625,Oklahoma,31,18,0.5814,0.56475,0.5344,0.56132
2018,baseball,2018-05-07,False,21.0,197624,Oklahoma St.,28,17,0.63982,0.56937,0.53442,0.57824
2018,baseball,2018-05-07,False,256.0,197626,Old Dominion,13,31,0.25986,0.50174,0.50691,0.44256
2018,baseball,2018-05-07,False,10.0,197586,Ole Miss,36,13,0.72748,0.55386,0.54577,0.59525
2018,baseball,2018-05-07,False,283.0,197598,Omaha,14,28,0.34688,0.41221,0.48504,0.41409
2018,baseball,2018-05-07,False,119.0,197627,Oral Roberts,30,15,0.65152,0.45409,0.49779,0.51437
2018,baseball,2018-05-07,False,86.0,197629,Oregon,22,23,0.48395,0.55935,0.5188,0.53036
2018,baseball,2018-05-07,False,7.0,197628,Oregon St.,35,7,0.83208,0.51052,0.54257,0.59892
2018,baseball,2018-05-07,False,189.0,197630,Pacific,19,27,0.4095,0.51823,0.4964,0.48559
2018,baseball,2018-05-07,False,280.0,197633,Penn,13,24,0.41246,0.39757,0.46712,0.41868
2018,baseball,2018-05-07,False,239.0,197632,Penn St.,11,29,0.27094,0.53122,0.49494,0.45708
2018,baseball,2018-05-07,False,106.0,197634,Pepperdine,25,18,0.55257,0.50657,0.50967,0.51884
2018,baseball,2018-05-07,False,103.0,197635,Pittsburgh,26,19,0.58034,0.49512,0.51737,0.52199
2018,baseball,2018-05-07,False,214.0,197636,Portland,17,26,0.35646,0.52038,0.49446,0.47292
2018,baseball,2018-05-07,False,289.0,197637,Prairie View,13,33,0.26932,0.4374,0.45843,0.40064
2018,baseball,2018-05-07,False,278.0,197731,Presbyterian,13,34,0.26637,0.47206,0.47886,0.42233
2018,baseball,2018-05-07,False,277.0,197638,Princeton,10,27,0.30518,0.45616,0.47696,0.42362
2018,baseball,2018-05-07,False,59.0,197639,Purdue,27,16,0.64806,0.51706,0.51681,0.54975
2018,baseball,2018-05-07,False,291.0,197544,Purdue Fort Wayne,10,30,0.26039,0.39355,0.46727,0.37869
2018,baseball,2018-05-07,False,226.0,197640,Quinnipiac,22,25,0.5237,0.42538,0.48362,0.46452
2018,baseball,2018-05-07,False,238.0,197641,Radford,20,26,0.45872,0.43369,0.51201,0.45953
2018,baseball,2018-05-07,False,83.0,197642,Rhode Island,19,25,0.48042,0.57556,0.49378,0.53133
2018,baseball,2018-05-07,False,116.0,197643,Rice,20,26,0.41055,0.56742,0.51274,0.51454
2018,baseball,2018-05-07,False,151.0,197644,Richmond,24,20,0.51202,0.49636,0.49323,0.49949
2018,baseball,2018-05-07,False,286.0,197645,Rider,11,28,0.30747,0.4312,0.45087,0.40519
2018,baseball,2018-05-07,False,156.0,197646,Rutgers,24,20,0.55131,0.46519,0.51039,0.49802
2018,baseball,2018-05-07,False,246.0,197679,SFA,15,31,0.32339,0.49497,0.48844,0.45044
2018,baseball,2018-05-07,False,203.0,197672,SIUE,14,31,0.35347,0.53736,0.48375,0.47798
2018,baseball,2018-05-07,False,135.0,197480,Sacramento St.,26,20,0.56893,0.48479,0.49574,0.50856
2018,baseball,2018-05-07,False,273.0,197647,Sacred Heart,14,30,0.37346,0.44435,0.47161,0.43344
2018,baseball,2018-05-07,False,227.0,197650,Saint Joseph's,18,24,0.43151,0.46661,0.49304,0.46444
2018,baseball,2018-05-07,False,123.0,197651,Saint Louis,30,17,0.61726,0.4651,0.50139,0.51221
2018,baseball,2018-05-07,False,122.0,197652,Saint Mary's (CA),29,18,0.65256,0.43829,0.52267,0.51295
2018,baseball,2018-05-07,False,296.0,197653,Saint Peter's,0,37,0.0,0.46307,0.44563,0.34294
2018,baseball,2018-05-07,False,47.0,197654,Sam Houston,33,15,0.65625,0.53581,0.50628,0.55854
2018,baseball,2018-05-07,False,108.0,197655,Samford,27,22,0.51767,0.52627,0.50458,0.5187
2018,baseball,2018-05-07,False,121.0,197657,San Diego,21,27,0.41667,0.56545,0.5048,0.51309
2018,baseball,2018-05-07,False,50.0,197656,San Diego St.,33,15,0.66667,0.51503,0.52682,0.55589
2018,baseball,2018-05-07,False,138.0,197658,San Francisco,25,23,0.52778,0.49321,0.51193,0.50653
2018,baseball,2018-05-07,False,157.0,197659,San Jose St.,21,24,0.47222,0.50875,0.50036,0.49752
2018,baseball,2018-05-07,False,192.0,197660,Santa Clara,22,23,0.47875,0.46728,0.52191,0.4838
2018,baseball,2018-05-07,False,292.0,197661,Savannah St.,6,32,0.14211,0.45499,0.4539,0.3765
2018,baseball,2018-05-07,False,140.0,197732,Seattle U,30,15,0.61429,0.45044,0.50713,0.50557
2018,baseball,2018-05-07,False,85.0,197662,Seton Hall,23,16,0.62133,0.50198,0.49678,0.53052
2018,baseball,2018-05-07,False,212.0,197663,Siena,14,28,0.38889,0.51088,0.48459,0.47381
2018,baseball,2018-05-07,False,58.0,197664,South Alabama,26,19,0.59611,0.54067,0.52959,0.55176
2018,baseball,2018-05-07,False,46.0,197665,South Carolina,28,19,0.5537,0.57417,0.53278,0.5587
2018,baseball,2018-05-07,False,220.0,197666,South Dakota St.,15,24,0.44348,0.48479,0.46464,0.46942
2018,baseball,2018-05-07,False,26.0,197667,South Fla.,29,15,0.59439,0.5836,0.52688,0.57212
2018,baseball,2018-05-07,False,200.0,197668,Southeast Mo. St.,21,26,0.4414,0.48869,0.49709,0.47897
2018,baseball,2018-05-07,False,90.0,197669,Southeastern La.,32,18,0.60814,0.488,0.51571,0.52496
2018,baseball,2018-05-07,False,125.0,197670,Southern California,21,22,0.48058,0.51636,0.53388,0.5118
2018,baseball,2018-05-07,False,134.0,197671,Southern Ill.,25,23,0.52851,0.49386,0.51826,0.50862
2018,baseball,2018-05-07,False,32.0,197673,Southern Miss.,35,12,0.73451,0.49851,0.53511,0.56666
2018,baseball,2018-05-07,False,288.0,197674,Southern U.,9,32,0.24093,0.45426,0.45361,0.40076
2018,baseball,2018-05-07,False,284.0,197648,St. Bonaventure,9,28,0.26975,0.45544,0.46272,0.41084
2018,baseball,2018-05-07,False,33.0,197649,St. John's (NY),32,11,0.76942,0.48806,0.51625,0.56545
2018,baseball,2018-05-07,False,2.0,197678,Stanford,37,6,0.84655,0.54902,0.53987,0.62111
2018,baseball,2018-05-07,False,12.0,197680,Stetson,37,11,0.76716,0.5387,0.52931,0.59347
2018,baseball,2018-05-07,False,193.0,197681,Stony Brook,26,20,0.54751,0.45433,0.47877,0.48373
2018,baseball,2018-05-07,False,67.0,197686,TCU,27,18,0.56618,0.5394,0.5289,0.54347
2018,baseball,2018-05-07,False,68.0,197683,Tennessee,27,23,0.49149,0.57159,0.53742,0.54302
2018,baseball,2018-05-07,False,20.0,197682,Tennessee Tech,40,6,0.85463,0.47355,0.5185,0.58006
2018,baseball,2018-05-07,False,24.0,197690,Texas,33,18,0.63158,0.5693,0.53921,0.57735
2018,baseball,2018-05-07,False,14.0,197685,Texas A&M,34,14,0.67612,0.56799,0.54091,0.58826
2018,baseball,2018-05-07,False,205.0,197687,Texas Southern,23,26,0.52791,0.44996,0.48087,0.47717
2018,baseball,2018-05-07,False,145.0,197676,Texas St.,23,24,0.45934,0.51141,0.53088,0.50326
2018,baseball,2018-05-07,False,5.0,197688,Texas Tech,35,14,0.72018,0.57581,0.53792,0.60243
2018,baseball,2018-05-07,False,262.0,197494,The Citadel,17,28,0.32462,0.46463,0.50902,0.44072
2018,baseball,2018-05-07,False,173.0,197692,Toledo,16,27,0.415,0.52956,0.48889,0.49075
2018,baseball,2018-05-07,False,269.0,197693,Towson,13,35,0.28059,0.4955,0.47277,0.43609
2018,baseball,2018-05-07,False,42.0,197694,Troy,32,16,0.65778,0.52583,0.52873,0.55954
2018,baseball,2018-05-07,False,82.0,197695,Tulane,22,27,0.40798,0.59927,0.51963,0.53154
2018,baseball,2018-05-07,False,187.0,197449,UAB,19,26,0.38925,0.5237,0.50697,0.4859
2018,baseball,2018-05-07,False,223.0,197450,UAlbany,18,20,0.51724,0.43472,0.48179,0.46712
2018,baseball,2018-05-07,False,211.0,197483,UC Davis,15,27,0.34507,0.525,0.50304,0.47453
2018,baseball,2018-05-07,False,89.0,197484,UC Irvine,27,19,0.56568,0.51001,0.51723,0.52573
2018,baseball,2018-05-07,False,249.0,197486,UC Riverside,16,26,0.343,0.46911,0.51795,0.44979
2018,baseball,2018-05-07,False,191.0,197481,UC Santa Barbara,22,21,0.46701,0.48131,0.50942,0.48476
2018,baseball,2018-05-07,False,29.0,197490,UCF,32,16,0.64352,0.5476,0.53455,0.56832
2018,baseball,2018-05-07,False,31.0,197485,UCLA,30,14,0.67554,0.52841,0.53537,0.56693
2018,baseball,2018-05-07,False,16.0,197498,UConn,27,14,0.74118,0.53695,0.52889,0.58599
2018,baseball,2018-05-07,False,208.0,197541,UIC,25,16,0.60428,0.4022,0.49636,0.47626
2018,baseball,2018-05-07,False,178.0,197735,UIW,29,20,0.56787,0.44625,0.49718,0.48939
2018,baseball,2018-05-07,False,181.0,197613,ULM,22,25,0.46683,0.48782,0.51166,0.48853
2018,baseball,2018-05-07,False,228.0,197571,UMBC,18,23,0.44092,0.46416,0.48774,0.46424
2018,baseball,2018-05-07,False,295.0,197573,UMES,12,37,0.24803,0.35445,0.4208,0.34443
2018,baseball,2018-05-07,False,167.0,197565,UMass Lowell,20,24,0.52439,0.47648,0.4939,0.49281
2018,baseball,2018-05-07,False,259.0,197592,UNC Asheville,12,32,0.28643,0.49282,0.49473,0.4417
2018,baseball,2018-05-07,False,53.0,197595,UNC Greensboro,33,11,0.72439,0.49351,0.50857,0.55499
2018,baseball,2018-05-07,False,99.0,197596,UNCW,29,17,0.58705,0.49764,0.50794,0.52257
2018,baseball,2018-05-07,False,74.0,197599,UNLV,30,19,0.6097,0.50667,0.52818,0.53781
2018,baseball,2018-05-07,False,242.0,197737,USC Upstate,22,24,0.42986,0.44812,0.49653,0.45566
2018,baseball,2018-05-07,False,149.0,197689,UT Arlington,21,27,0.41497,0.53235,0.52002,0.49992
2018,baseball,2018-05-07,False,245.0,197684,UT Martin,10,34,0.2551,0.53373,0.49683,0.45485
2018,baseball,2018-05-07,False,237.0,197631,UTRGV,21,27,0.41216,0.47212,0.48741,0.46095
2018,baseball,2018-05-07,False,97.0,197691,UTSA,26,20,0.53913,0.52127,0.51193,0.5234
2018,baseball,2018-05-07,False,204.0,197699,Utah,12,32,0.26733,0.56849,0.50655,0.47771
2018,baseball,2018-05-07,False,243.0,197743,Utah Valley,14,31,0.36451,0.47743,0.5016,0.45524
2018,baseball,2018-05-07,False,143.0,197703,VCU,29,19,0.58277,0.46616,0.50417,0.50481
2018,baseball,2018-05-07,False,164.0,197704,VMI,24,21,0.54015,0.4649,0.50483,0.4937
2018,baseball,2018-05-07,False,193.0,197700,Valparaiso,15,27,0.41727,0.50846,0.50075,0.48373
2018,baseball,2018-05-07,False,43.0,197701,Vanderbilt,25,22,0.49647,0.60169,0.53709,0.55923
2018,baseball,2018-05-07,False,281.0,197702,Villanova,8,32,0.21292,0.497,0.46729,0.41855
2018,baseball,2018-05-07,False,79.0,197706,Virginia,25,20,0.50617,0.55794,0.51857,0.53515
2018,baseball,2018-05-07,False,114.0,197705,Virginia Tech,20,26,0.43508,0.55453,0.51768,0.51545
2018,baseball,2018-05-07,False,70.0,197707,Wagner,32,14,0.76739,0.46467,0.46093,0.53942
2018,baseball,2018-05-07,False,72.0,197708,Wake Forest,21,26,0.43886,0.59686,0.52238,0.53874
2018,baseball,2018-05-07,False,78.0,197710,Washington,23,20,0.52459,0.54737,0.52391,0.53581
2018,baseball,2018-05-07,False,170.0,197709,Washington St.,14,25,0.35613,0.54783,0.51512,0.49172
2018,baseball,2018-05-07,False,49.0,197711,West Virginia,24,21,0.54676,0.58147,0.5166,0.55658
2018,baseball,2018-05-07,False,267.0,197712,Western Caro.,6,39,0.13245,0.56495,0.48873,0.43777
2018,baseball,2018-05-07,False,279.0,197713,Western Ill.,13,25,0.33131,0.43792,0.47772,0.42122
2018,baseball,2018-05-07,False,185.0,197714,Western Ky.,21,26,0.43041,0.49799,0.51887,0.48631
2018,baseball,2018-05-07,False,207.0,197715,Western Mich.,20,21,0.45972,0.47964,0.4866,0.4764
2018,baseball,2018-05-07,False,30.0,197716,Wichita St.,29,16,0.63457,0.55291,0.52875,0.56728
2018,baseball,2018-05-07,False,231.0,197717,William & Mary,15,32,0.28538,0.53539,0.49602,0.46305
2018,baseball,2018-05-07,False,213.0,197718,Winthrop,21,25,0.44924,0.4793,0.48415,0.473
2018,baseball,2018-05-07,False,96.0,197736,Wofford,31,18,0.61468,0.48928,0.50115,0.5236
2018,baseball,2018-05-07,False,76.0,197720,Wright St.,31,14,0.73148,0.45624,0.50117,0.53628
2018,baseball,2018-05-07,False,111.0,197721,Xavier,16,31,0.40732,0.58559,0.48736,0.51646
2018,baseball,2018-05-07,False,148.0,197722,Yale,21,17,0.5788,0.47411,0.47687,0.50097
2018,baseball,2018-05-07,False,274.0,197723,Youngstown St.,13,31,0.30026,0.46883,0.47131,0.42731
2018,baseball,2018-05-14,False,153.0,197740,A&M-Corpus Christi,27,26,0.48968,0.50081,0.50876,0.50001
2018,baseball,2018-05-14,False,254.0,197445,Abilene Christian,21,29,0.38341,0.45184,0.49418,0.44532
2018,baseball,2018-05-14,False,109.0,197696,Air Force,24,26,0.49436,0.53515,0.50215,0.5167
2018,baseball,2018-05-14,False,83.0,197448,Alabama,26,27,0.45106,0.56514,0.5386,0.52998
2018,baseball,2018-05-14,False,285.0,197446,Alabama A&M,12,37,0.23557,0.46622,0.45676,0.40619
2018,baseball,2018-05-14,False,228.0,197447,Alabama St.,27,20,0.56416,0.4154,0.47077,0.46643
2018,baseball,2018-05-14,False,286.0,197451,Alcorn,12,37,0.27938,0.44296,0.44767,0.40324
2018,baseball,2018-05-14,False,187.0,197452,App State,17,33,0.389,0.52017,0.51315,0.48562
2018,baseball,2018-05-14,False,45.0,197454,Arizona,29,20,0.5808,0.56328,0.51481,0.55554
2018,baseball,2018-05-14,False,131.0,197453,Arizona St.,20,28,0.37131,0.5735,0.51656,0.50872
2018,baseball,2018-05-14,False,258.0,197733,Ark.-Pine Bluff,20,23,0.455,0.42474,0.47028,0.44369
2018,baseball,2018-05-14,False,6.0,197456,Arkansas,36,15,0.69343,0.60068,0.53912,0.60848
2018,baseball,2018-05-14,False,185.0,197455,Arkansas St.,18,29,0.37416,0.52103,0.52834,0.48614
2018,baseball,2018-05-14,False,98.0,197697,Army West Point,33,22,0.60217,0.49575,0.49478,0.52211
2018,baseball,2018-05-14,False,12.0,197458,Auburn,35,17,0.66059,0.58446,0.54254,0.59301
2018,baseball,2018-05-14,False,91.0,197459,Austin Peay,30,22,0.6,0.50173,0.50638,0.52746
2018,baseball,2018-05-14,False,174.0,197468,BYU,21,25,0.48821,0.47792,0.50992,0.48849
2018,baseball,2018-05-14,False,141.0,197460,Ball St.,28,23,0.59048,0.46671,0.49187,0.50394
2018,baseball,2018-05-14,False,49.0,197462,Baylor,30,18,0.60811,0.54042,0.53091,0.55496
2018,baseball,2018-05-14,False,267.0,197738,Belmont,17,34,0.30894,0.4752,0.49576,0.43878
2018,baseball,2018-05-14,False,197.0,197463,Bethune-Cookman,20,32,0.38559,0.52276,0.4872,0.47958
2018,baseball,2018-05-14,False,230.0,197464,Binghamton,17,29,0.41055,0.4845,0.47714,0.46417
2018,baseball,2018-05-14,False,162.0,197465,Boston College,16,30,0.34511,0.56024,0.51931,0.49622
2018,baseball,2018-05-14,False,280.0,197466,Bowling Green,11,35,0.26,0.46981,0.4773,0.41923
2018,baseball,2018-05-14,False,68.0,197467,Bradley,29,15,0.68764,0.47811,0.51764,0.54037
2018,baseball,2018-05-14,False,276.0,197469,Brown,11,26,0.32425,0.45978,0.47433,0.42953
2018,baseball,2018-05-14,False,92.0,197470,Bryant,29,20,0.64348,0.49445,0.47738,0.52744
2018,baseball,2018-05-14,False,217.0,197471,Bucknell,17,27,0.39729,0.49954,0.48849,0.47121
2018,baseball,2018-05-14,False,134.0,197473,Butler,31,16,0.64043,0.44478,0.49694,0.50673
2018,baseball,2018-05-14,False,226.0,197475,CSU Bakersfield,18,32,0.36885,0.5086,0.48257,0.46716
2018,baseball,2018-05-14,False,137.0,197479,CSUN,25,26,0.48687,0.51753,0.50308,0.50625
2018,baseball,2018-05-14,False,169.0,197474,Cal Poly,23,27,0.42827,0.51241,0.51441,0.49188
2018,baseball,2018-05-14,False,58.0,197477,Cal St. Fullerton,27,21,0.57051,0.55785,0.5176,0.55095
2018,baseball,2018-05-14,False,82.0,197482,California,29,19,0.56621,0.51723,0.52634,0.53175
2018,baseball,2018-05-14,False,118.0,197487,Campbell,29,21,0.54771,0.50326,0.49232,0.51164
2018,baseball,2018-05-14,False,186.0,197488,Canisius,28,20,0.63958,0.41024,0.48405,0.48603
2018,baseball,2018-05-14,False,102.0,197724,Central Ark.,31,20,0.55419,0.51501,0.49888,0.52077
2018,baseball,2018-05-14,False,264.0,197489,Central Conn. St.,17,26,0.39806,0.45013,0.46004,0.43959
2018,baseball,2018-05-14,False,222.0,197491,Central Mich.,22,28,0.45182,0.46184,0.50222,0.46943
2018,baseball,2018-05-14,False,248.0,197461,Charleston So.,17,32,0.34669,0.47599,0.497,0.44892
2018,baseball,2018-05-14,False,86.0,197594,Charlotte,30,20,0.56793,0.51435,0.52056,0.5293
2018,baseball,2018-05-14,False,259.0,197492,Chicago St.,12,38,0.24,0.5255,0.47612,0.44178
2018,baseball,2018-05-14,False,93.0,197493,Cincinnati,26,24,0.51209,0.53174,0.53219,0.52694
2018,baseball,2018-05-14,False,11.0,197495,Clemson,39,13,0.71726,0.55604,0.54725,0.59415
2018,baseball,2018-05-14,False,21.0,197496,Coastal Carolina,36,16,0.65272,0.56777,0.52928,0.57938
2018,baseball,2018-05-14,False,67.0,197725,Col. of Charleston,34,16,0.65,0.50124,0.50935,0.54046
2018,baseball,2018-05-14,False,204.0,197497,Columbia,18,27,0.43796,0.49049,0.48888,0.47695
2018,baseball,2018-05-14,False,261.0,197499,Coppin St.,20,22,0.52778,0.40666,0.41924,0.44008
2018,baseball,2018-05-14,False,237.0,197500,Cornell,14,22,0.41243,0.47495,0.47059,0.45823
2018,baseball,2018-05-14,False,61.0,197501,Creighton,31,15,0.69684,0.48851,0.52071,0.54864
2018,baseball,2018-05-14,False,27.0,197726,DBU,35,15,0.70524,0.52983,0.5192,0.57102
2018,baseball,2018-05-14,False,247.0,197502,Dartmouth,17,21,0.48936,0.41024,0.49576,0.4514
2018,baseball,2018-05-14,False,73.0,197503,Davidson,32,16,0.64444,0.51178,0.48632,0.53858
2018,baseball,2018-05-14,False,231.0,197504,Dayton,17,31,0.37188,0.49682,0.48694,0.46312
2018,baseball,2018-05-14,False,158.0,197506,Delaware,28,23,0.54583,0.47925,0.48502,0.49734
2018,baseball,2018-05-14,False,297.0,197505,Delaware St.,9,35,0.21616,0.30716,0.4275,0.31449
2018,baseball,2018-05-14,False,15.0,197507,Duke,38,12,0.73451,0.53704,0.52794,0.58414
2018,baseball,2018-05-14,False,157.0,197509,ETSU,26,21,0.55603,0.46319,0.51115,0.49839
2018,baseball,2018-05-14,False,13.0,197508,East Carolina,37,13,0.70441,0.55417,0.53571,0.58712
2018,baseball,2018-05-14,False,229.0,197510,Eastern Ill.,20,30,0.42213,0.47042,0.50113,0.46602
2018,baseball,2018-05-14,False,149.0,197511,Eastern Ky.,26,26,0.53138,0.4903,0.49197,0.50098
2018,baseball,2018-05-14,False,195.0,197512,Eastern Mich.,20,30,0.44672,0.50468,0.4784,0.48362
2018,baseball,2018-05-14,False,125.0,197727,Elon,31,21,0.55306,0.48938,0.50771,0.50988
2018,baseball,2018-05-14,False,266.0,197513,Evansville,10,35,0.19949,0.52663,0.50489,0.43941
2018,baseball,2018-05-14,False,294.0,197515,FDU,10,34,0.25612,0.38993,0.4522,0.37205
2018,baseball,2018-05-14,False,78.0,197742,FGCU,31,19,0.59221,0.52282,0.50693,0.53619
2018,baseball,2018-05-14,False,129.0,197518,FIU,25,25,0.4668,0.53343,0.50237,0.50901
2018,baseball,2018-05-14,False,211.0,197514,Fairfield,21,27,0.4863,0.46559,0.47875,0.47406
2018,baseball,2018-05-14,False,28.0,197517,Fla. Atlantic,34,15,0.69147,0.53456,0.52148,0.57052
2018,baseball,2018-05-14,False,1.0,197520,Florida,41,12,0.75104,0.60855,0.5526,0.63019
2018,baseball,2018-05-14,False,253.0,197516,Florida A&M,24,28,0.43191,0.43759,0.47631,0.44585
2018,baseball,2018-05-14,False,10.0,197519,Florida St.,37,16,0.67457,0.57777,0.54828,0.5946
2018,baseball,2018-05-14,False,104.0,197521,Fordham,33,15,0.67702,0.45238,0.49299,0.51869
2018,baseball,2018-05-14,False,145.0,197476,Fresno St.,28,23,0.50531,0.49216,0.51878,0.5021
2018,baseball,2018-05-14,False,135.0,197522,Furman,24,26,0.46479,0.53301,0.49547,0.50657
2018,baseball,2018-05-14,False,71.0,197526,Ga. Southern,27,23,0.52979,0.55303,0.52283,0.53967
2018,baseball,2018-05-14,False,175.0,197728,Gardner-Webb,27,24,0.50307,0.47826,0.49422,0.48845
2018,baseball,2018-05-14,False,206.0,197523,George Mason,23,25,0.46712,0.47344,0.48982,0.47595
2018,baseball,2018-05-14,False,126.0,197524,George Washington,28,22,0.54945,0.50427,0.48109,0.50977
2018,baseball,2018-05-14,False,165.0,197525,Georgetown,24,26,0.49428,0.50097,0.48129,0.49438
2018,baseball,2018-05-14,False,5.0,197529,Georgia,35,16,0.69462,0.59602,0.54812,0.6087
2018,baseball,2018-05-14,False,127.0,197527,Georgia St.,25,26,0.44928,0.53159,0.52621,0.50966
2018,baseball,2018-05-14,False,48.0,197528,Georgia Tech,28,23,0.51556,0.59001,0.52479,0.55509
2018,baseball,2018-05-14,False,74.0,197530,Gonzaga,26,21,0.61136,0.51743,0.50761,0.53846
2018,baseball,2018-05-14,False,262.0,197531,Grambling,23,24,0.50962,0.38613,0.47714,0.43975
2018,baseball,2018-05-14,False,150.0,197729,Grand Canyon,29,22,0.53586,0.47694,0.51314,0.50072
2018,baseball,2018-05-14,False,184.0,197532,Hartford,20,28,0.42607,0.51834,0.48226,0.48625
2018,baseball,2018-05-14,False,167.0,197533,Harvard,21,20,0.60302,0.44401,0.48376,0.4937
2018,baseball,2018-05-14,False,143.0,197534,Hawaii,25,20,0.51981,0.48766,0.51833,0.50336
2018,baseball,2018-05-14,False,110.0,197739,High Point,28,20,0.59959,0.48189,0.49856,0.51548
2018,baseball,2018-05-14,False,156.0,197535,Hofstra,23,21,0.54505,0.48263,0.48529,0.4989
2018,baseball,2018-05-14,False,159.0,197536,Holy Cross,18,27,0.45283,0.52693,0.48207,0.49719
2018,baseball,2018-05-14,False,53.0,197538,Houston,31,20,0.59041,0.5396,0.54174,0.55284
2018,baseball,2018-05-14,False,113.0,197537,Houston Christian,23,28,0.49482,0.53208,0.50003,0.51476
2018,baseball,2018-05-14,False,39.0,197540,Illinois,29,17,0.62473,0.55235,0.51583,0.56132
2018,baseball,2018-05-14,False,96.0,197539,Illinois St.,20,27,0.46681,0.56799,0.49694,0.52493
2018,baseball,2018-05-14,False,26.0,197543,Indiana,33,15,0.68707,0.54175,0.52452,0.57377
2018,baseball,2018-05-14,False,79.0,197542,Indiana St.,26,21,0.57938,0.5236,0.51243,0.53475
2018,baseball,2018-05-14,False,268.0,197545,Iona,16,31,0.38462,0.45375,0.45938,0.43787
2018,baseball,2018-05-14,False,56.0,197546,Iowa,29,18,0.61021,0.5372,0.52194,0.55164
2018,baseball,2018-05-14,False,209.0,197547,Jackson St.,32,16,0.63248,0.39815,0.46888,0.47441
2018,baseball,2018-05-14,False,24.0,197549,Jacksonville,34,17,0.67076,0.56235,0.5163,0.57794
2018,baseball,2018-05-14,False,130.0,197548,Jacksonville St.,26,23,0.50947,0.51688,0.49245,0.50892
2018,baseball,2018-05-14,False,148.0,197550,James Madison,23,26,0.4538,0.52884,0.49332,0.5012
2018,baseball,2018-05-14,False,100.0,197552,Kansas,23,27,0.4417,0.56351,0.5145,0.5208
2018,baseball,2018-05-14,False,154.0,197551,Kansas St.,20,30,0.3737,0.55145,0.52304,0.49991
2018,baseball,2018-05-14,False,107.0,197730,Kennesaw St.,25,24,0.45572,0.55282,0.5092,0.51764
2018,baseball,2018-05-14,False,69.0,197553,Kent St.,34,14,0.73663,0.46183,0.50049,0.5402
2018,baseball,2018-05-14,False,18.0,197554,Kentucky,33,18,0.62733,0.57428,0.54611,0.5805
2018,baseball,2018-05-14,False,240.0,197560,LIU,25,24,0.53648,0.41162,0.46953,0.45731
2018,baseball,2018-05-14,False,179.0,197566,LMU (CA),21,27,0.4527,0.49426,0.50947,0.48767
2018,baseball,2018-05-14,False,51.0,197562,LSU,31,21,0.54273,0.56288,0.54475,0.55331
2018,baseball,2018-05-14,False,283.0,197555,La Salle,14,37,0.31197,0.43082,0.48086,0.41362
2018,baseball,2018-05-14,False,251.0,197556,Lafayette,16,34,0.36701,0.47156,0.47425,0.4461
2018,baseball,2018-05-14,False,236.0,197557,Lamar University,16,36,0.31559,0.5089,0.5013,0.45867
2018,baseball,2018-05-14,False,203.0,197558,Lehigh,22,27,0.49203,0.47344,0.4695,0.4771
2018,baseball,2018-05-14,False,147.0,197559,Liberty,27,23,0.53761,0.48623,0.49591,0.50149
2018,baseball,2018-05-14,False,178.0,197741,Lipscomb,21,27,0.38095,0.5343,0.50288,0.48811
2018,baseball,2018-05-14,False,65.0,197457,Little Rock,26,23,0.56156,0.54674,0.51196,0.54175
2018,baseball,2018-05-14,False,119.0,197478,Long Beach St.,24,27,0.46429,0.52992,0.52111,0.51131
2018,baseball,2018-05-14,False,272.0,197561,Longwood,16,34,0.31489,0.47556,0.47697,0.43575
2018,baseball,2018-05-14,False,59.0,197677,Louisiana,29,23,0.55837,0.55665,0.52891,0.55015
2018,baseball,2018-05-14,False,47.0,197563,Louisiana Tech,35,18,0.66236,0.52198,0.51519,0.55538
2018,baseball,2018-05-14,False,29.0,197564,Louisville,37,15,0.68327,0.53021,0.53811,0.57045
2018,baseball,2018-05-14,False,215.0,197567,Maine,17,29,0.43765,0.48571,0.47821,0.47182
2018,baseball,2018-05-14,False,188.0,197568,Manhattan,24,26,0.54489,0.46118,0.47494,0.48554
2018,baseball,2018-05-14,False,105.0,197569,Marist,26,18,0.63265,0.47931,0.48243,0.51843
2018,baseball,2018-05-14,False,200.0,197570,Marshall,19,28,0.43505,0.49086,0.49595,0.47818
2018,baseball,2018-05-14,False,103.0,197572,Maryland,24,27,0.46061,0.55313,0.51534,0.52055
2018,baseball,2018-05-14,False,269.0,197574,Massachusetts,14,26,0.35142,0.45779,0.4839,0.43772
2018,baseball,2018-05-14,False,140.0,197575,McNeese,25,27,0.45817,0.52568,0.50673,0.50407
2018,baseball,2018-05-14,False,194.0,197576,Memphis,18,34,0.3248,0.54041,0.53117,0.4842
2018,baseball,2018-05-14,False,106.0,197577,Mercer,34,18,0.6405,0.46064,0.51032,0.51802
2018,baseball,2018-05-14,False,63.0,197579,Miami (FL),25,25,0.46266,0.59,0.53758,0.54506
2018,baseball,2018-05-14,False,164.0,197578,Miami (OH),31,17,0.64653,0.41774,0.49854,0.49514
2018,baseball,2018-05-14,False,54.0,197581,Michigan,32,16,0.68481,0.50564,0.51245,0.55214
2018,baseball,2018-05-14,False,198.0,197580,Michigan St.,18,28,0.38877,0.51225,0.50453,0.47945
2018,baseball,2018-05-14,False,152.0,197582,Middle Tenn.,25,25,0.47036,0.5094,0.51235,0.50038
2018,baseball,2018-05-14,False,213.0,197719,Milwaukee,20,25,0.50483,0.44937,0.49082,0.4736
2018,baseball,2018-05-14,False,20.0,197583,Minnesota,34,13,0.70575,0.54622,0.5197,0.57947
2018,baseball,2018-05-14,False,35.0,197584,Mississippi St.,28,24,0.55439,0.58541,0.52996,0.56379
2018,baseball,2018-05-14,False,290.0,197585,Mississippi Val.,11,33,0.25401,0.43057,0.45686,0.39301
2018,baseball,2018-05-14,False,37.0,197587,Missouri,31,20,0.60085,0.55281,0.54336,0.56245
2018,baseball,2018-05-14,False,38.0,197675,Missouri St.,33,14,0.69488,0.51831,0.51786,0.56234
2018,baseball,2018-05-14,False,168.0,197588,Monmouth,26,22,0.57494,0.46341,0.47286,0.49366
2018,baseball,2018-05-14,False,139.0,197589,Morehead St.,31,21,0.62351,0.45056,0.49707,0.50543
2018,baseball,2018-05-14,False,252.0,197590,Mount St. Mary's,20,29,0.43418,0.4415,0.46669,0.44597
2018,baseball,2018-05-14,False,234.0,197591,Murray St.,24,26,0.45,0.45081,0.49231,0.46098
2018,baseball,2018-05-14,False,233.0,197609,N.C. A&T,29,23,0.53099,0.41713,0.48174,0.46174
2018,baseball,2018-05-14,False,232.0,197610,N.C. Central,28,24,0.51613,0.43093,0.47341,0.46285
2018,baseball,2018-05-14,False,16.0,197611,NC State,39,12,0.7125,0.54169,0.53676,0.58316
2018,baseball,2018-05-14,False,214.0,197616,NIU,19,32,0.40741,0.5029,0.48022,0.47336
2018,baseball,2018-05-14,False,151.0,197601,NJIT,20,22,0.56103,0.47781,0.48563,0.50057
2018,baseball,2018-05-14,False,132.0,197698,Navy,38,14,0.70428,0.42065,0.48632,0.50797
2018,baseball,2018-05-14,False,111.0,197597,Nebraska,23,26,0.43368,0.55664,0.51421,0.5153
2018,baseball,2018-05-14,False,62.0,197600,Nevada,27,21,0.60714,0.53483,0.51045,0.54681
2018,baseball,2018-05-14,False,161.0,197603,New Mexico,18,32,0.35477,0.56164,0.50715,0.4963
2018,baseball,2018-05-14,False,101.0,197602,New Mexico St.,34,18,0.65659,0.46078,0.50501,0.52079
2018,baseball,2018-05-14,False,163.0,197604,New Orleans,24,28,0.47103,0.50316,0.50459,0.49549
2018,baseball,2018-05-14,False,255.0,197606,Niagara,22,24,0.52927,0.38715,0.47729,0.44522
2018,baseball,2018-05-14,False,220.0,197607,Nicholls,23,30,0.41344,0.48336,0.50042,0.47015
2018,baseball,2018-05-14,False,291.0,197608,Norfolk St.,18,28,0.38247,0.3627,0.43393,0.38545
2018,baseball,2018-05-14,False,3.0,197593,North Carolina,34,16,0.67666,0.61143,0.53645,0.60899
2018,baseball,2018-05-14,False,219.0,197612,North Dakota St.,22,22,0.53938,0.44061,0.46141,0.4705
2018,baseball,2018-05-14,False,122.0,197734,North Florida,24,24,0.44444,0.5415,0.51603,0.51087
2018,baseball,2018-05-14,False,41.0,197614,Northeastern,31,17,0.66446,0.52981,0.51335,0.55936
2018,baseball,2018-05-14,False,189.0,197615,Northern Colo.,28,22,0.54468,0.4509,0.49419,0.48517
2018,baseball,2018-05-14,False,278.0,197617,Northern Ky.,14,34,0.31667,0.45829,0.47509,0.42709
2018,baseball,2018-05-14,False,207.0,197619,Northwestern,16,29,0.38889,0.49726,0.5188,0.47555
2018,baseball,2018-05-14,False,115.0,197618,Northwestern St.,31,20,0.59834,0.47862,0.4986,0.51354
2018,baseball,2018-05-14,False,97.0,197620,Notre Dame,23,25,0.45833,0.55568,0.52801,0.52443
2018,baseball,2018-05-14,False,244.0,197621,Oakland,14,29,0.35222,0.49423,0.47564,0.45408
2018,baseball,2018-05-14,False,273.0,197623,Ohio,21,29,0.44466,0.40749,0.48029,0.43498
2018,baseball,2018-05-14,False,30.0,197622,Ohio St.,33,17,0.63711,0.56136,0.51215,0.568
2018,baseball,2018-05-14,False,31.0,197625,Oklahoma,33,19,0.59611,0.56987,0.53543,0.56782
2018,baseball,2018-05-14,False,22.0,197624,Oklahoma St.,29,19,0.6308,0.5741,0.53403,0.57826
2018,baseball,2018-05-14,False,249.0,197626,Old Dominion,15,33,0.26752,0.50636,0.50743,0.44692
2018,baseball,2018-05-14,False,7.0,197586,Ole Miss,39,13,0.74009,0.56193,0.54725,0.6028
2018,baseball,2018-05-14,False,281.0,197598,Omaha,14,32,0.31762,0.43897,0.47789,0.41836
2018,baseball,2018-05-14,False,112.0,197627,Oral Roberts,33,16,0.65802,0.45327,0.49616,0.51518
2018,baseball,2018-05-14,False,94.0,197629,Oregon,25,24,0.49431,0.54388,0.52423,0.52657
2018,baseball,2018-05-14,False,4.0,197628,Oregon St.,38,8,0.81777,0.53805,0.54104,0.60873
2018,baseball,2018-05-14,False,176.0,197630,Pacific,20,27,0.42637,0.51288,0.50099,0.48828
2018,baseball,2018-05-14,False,270.0,197633,Penn,16,25,0.46475,0.40684,0.47138,0.43745
2018,baseball,2018-05-14,False,245.0,197632,Penn St.,13,31,0.28182,0.51545,0.5029,0.4539
2018,baseball,2018-05-14,False,84.0,197634,Pepperdine,28,19,0.58242,0.51537,0.50657,0.52993
2018,baseball,2018-05-14,False,116.0,197635,Pittsburgh,27,22,0.5378,0.49771,0.5179,0.51278
2018,baseball,2018-05-14,False,199.0,197636,Portland,20,28,0.38155,0.51697,0.49832,0.47845
2018,baseball,2018-05-14,False,288.0,197637,Prairie View,13,38,0.24892,0.43577,0.46327,0.39593
2018,baseball,2018-05-14,False,279.0,197731,Presbyterian,15,36,0.27673,0.46148,0.48425,0.42098
2018,baseball,2018-05-14,False,277.0,197638,Princeton,10,27,0.30518,0.46358,0.47958,0.42798
2018,baseball,2018-05-14,False,52.0,197639,Purdue,30,18,0.65359,0.52299,0.51194,0.55288
2018,baseball,2018-05-14,False,293.0,197544,Purdue Fort Wayne,10,34,0.24165,0.40068,0.46763,0.37766
2018,baseball,2018-05-14,False,216.0,197640,Quinnipiac,23,27,0.52128,0.44229,0.4794,0.47131
2018,baseball,2018-05-14,False,225.0,197641,Radford,22,28,0.47479,0.4442,0.50693,0.46753
2018,baseball,2018-05-14,False,87.0,197642,Rhode Island,21,26,0.50481,0.55596,0.49887,0.5289
2018,baseball,2018-05-14,False,108.0,197643,Rice,23,27,0.43277,0.55856,0.51838,0.51707
2018,baseball,2018-05-14,False,146.0,197644,Richmond,28,21,0.54048,0.4861,0.49535,0.50201
2018,baseball,2018-05-14,False,287.0,197645,Rider,11,33,0.27937,0.43305,0.44739,0.39822
2018,baseball,2018-05-14,False,170.0,197646,Rutgers,24,23,0.525,0.46376,0.51472,0.49181
2018,baseball,2018-05-14,False,250.0,197679,SFA,17,32,0.33477,0.47943,0.49176,0.44635
2018,baseball,2018-05-14,False,205.0,197672,SIUE,15,34,0.35551,0.53276,0.48306,0.47603
2018,baseball,2018-05-14,False,128.0,197480,Sacramento St.,28,22,0.57026,0.48611,0.49447,0.50924
2018,baseball,2018-05-14,False,265.0,197647,Sacred Heart,17,32,0.38616,0.45075,0.47045,0.43953
2018,baseball,2018-05-14,False,224.0,197650,Saint Joseph's,19,26,0.43441,0.47608,0.48961,0.46905
2018,baseball,2018-05-14,False,117.0,197651,Saint Louis,32,17,0.63808,0.45436,0.50084,0.51191
2018,baseball,2018-05-14,False,123.0,197652,Saint Mary's (CA),30,20,0.62241,0.449,0.52049,0.51023
2018,baseball,2018-05-14,False,295.0,197653,Saint Peter's,1,40,0.03266,0.45173,0.44968,0.34645
2018,baseball,2018-05-14,False,55.0,197654,Sam Houston,35,17,0.63269,0.53232,0.5094,0.55168
2018,baseball,2018-05-14,False,114.0,197655,Samford,30,23,0.54649,0.50018,0.50781,0.51366
2018,baseball,2018-05-14,False,133.0,197657,San Diego,23,30,0.41935,0.54922,0.50937,0.50679
2018,baseball,2018-05-14,False,60.0,197656,San Diego St.,35,17,0.64909,0.51143,0.52422,0.54904
2018,baseball,2018-05-14,False,155.0,197658,San Francisco,26,26,0.5,0.49357,0.5097,0.49921
2018,baseball,2018-05-14,False,144.0,197659,San Jose St.,23,27,0.47357,0.51891,0.5003,0.50292
2018,baseball,2018-05-14,False,173.0,197660,Santa Clara,25,24,0.49474,0.47321,0.5214,0.49064
2018,baseball,2018-05-14,False,292.0,197661,Savannah St.,7,34,0.16462,0.44535,0.46045,0.37894
2018,baseball,2018-05-14,False,166.0,197732,Seattle U,32,18,0.5929,0.43945,0.50308,0.49372
2018,baseball,2018-05-14,False,85.0,197662,Seton Hall,25,18,0.59518,0.51604,0.49141,0.52967
2018,baseball,2018-05-14,False,227.0,197663,Siena,16,32,0.38095,0.50059,0.48396,0.46652
2018,baseball,2018-05-14,False,57.0,197664,South Alabama,29,20,0.60592,0.53318,0.53317,0.55136
2018,baseball,2018-05-14,False,44.0,197665,South Carolina,30,21,0.53595,0.58076,0.53594,0.55835
2018,baseball,2018-05-14,False,239.0,197666,South Dakota St.,16,27,0.41558,0.47368,0.46743,0.45759
2018,baseball,2018-05-14,False,25.0,197667,South Fla.,30,17,0.58711,0.59232,0.52844,0.57505
2018,baseball,2018-05-14,False,212.0,197668,Southeast Mo. St.,23,27,0.44626,0.4784,0.49232,0.47384
2018,baseball,2018-05-14,False,80.0,197669,Southeastern La.,34,19,0.62,0.50099,0.51246,0.53361
2018,baseball,2018-05-14,False,121.0,197670,Southern California,23,23,0.50337,0.50223,0.5361,0.51098
2018,baseball,2018-05-14,False,124.0,197671,Southern Ill.,25,26,0.50524,0.51135,0.51225,0.51005
2018,baseball,2018-05-14,False,36.0,197673,Southern Miss.,36,14,0.69897,0.51219,0.53038,0.56343
2018,baseball,2018-05-14,False,289.0,197674,Southern U.,9,33,0.23664,0.44439,0.45249,0.39448
2018,baseball,2018-05-14,False,284.0,197648,St. Bonaventure,9,30,0.25191,0.46665,0.46589,0.41278
2018,baseball,2018-05-14,False,32.0,197649,St. John's (NY),34,12,0.77079,0.49327,0.50975,0.56677
2018,baseball,2018-05-14,False,2.0,197678,Stanford,39,8,0.82588,0.56622,0.53283,0.62279
2018,baseball,2018-05-14,False,8.0,197680,Stetson,40,11,0.78747,0.54931,0.52376,0.60246
2018,baseball,2018-05-14,False,190.0,197681,Stony Brook,28,21,0.54584,0.45738,0.47882,0.48485
2018,baseball,2018-05-14,False,64.0,197686,TCU,29,19,0.56322,0.54073,0.53006,0.54368
2018,baseball,2018-05-14,False,76.0,197683,Tennessee,28,25,0.47316,0.56731,0.54093,0.53718
2018,baseball,2018-05-14,False,17.0,197682,Tennessee Tech,44,6,0.86475,0.47243,0.51479,0.5811
2018,baseball,2018-05-14,False,23.0,197690,Texas,33,18,0.63158,0.57078,0.53973,0.57822
2018,baseball,2018-05-14,False,14.0,197685,Texas A&M,34,17,0.64414,0.57588,0.54327,0.58479
2018,baseball,2018-05-14,False,218.0,197687,Texas Southern,23,26,0.52791,0.43846,0.47963,0.47112
2018,baseball,2018-05-14,False,136.0,197676,Texas St.,25,25,0.46266,0.51718,0.52907,0.50652
2018,baseball,2018-05-14,False,9.0,197688,Texas Tech,35,15,0.69933,0.58321,0.53397,0.59993
2018,baseball,2018-05-14,False,257.0,197494,The Citadel,17,32,0.29505,0.48859,0.50483,0.44426
2018,baseball,2018-05-14,False,181.0,197692,Toledo,18,30,0.40523,0.52848,0.48672,0.48723
2018,baseball,2018-05-14,False,275.0,197693,Towson,13,39,0.26494,0.4919,0.47638,0.43128
2018,baseball,2018-05-14,False,42.0,197694,Troy,35,17,0.67134,0.52137,0.52312,0.5593
2018,baseball,2018-05-14,False,90.0,197695,Tulane,24,28,0.41423,0.58644,0.52298,0.52752
2018,baseball,2018-05-14,False,192.0,197449,UAB,20,28,0.39431,0.51688,0.50944,0.48438
2018,baseball,2018-05-14,False,256.0,197450,UAlbany,18,25,0.44725,0.42656,0.47852,0.44472
2018,baseball,2018-05-14,False,223.0,197483,UC Davis,15,31,0.32379,0.5259,0.50127,0.46921
2018,baseball,2018-05-14,False,88.0,197484,UC Irvine,29,20,0.5802,0.5086,0.51689,0.52857
2018,baseball,2018-05-14,False,235.0,197486,UC Riverside,18,28,0.37004,0.47164,0.52191,0.45881
2018,baseball,2018-05-14,False,196.0,197481,UC Santa Barbara,23,24,0.45392,0.483,0.50799,0.48198
2018,baseball,2018-05-14,False,34.0,197490,UCF,33,19,0.60381,0.55939,0.53304,0.56391
2018,baseball,2018-05-14,False,43.0,197485,UCLA,31,17,0.64459,0.52823,0.53386,0.55873
2018,baseball,2018-05-14,False,19.0,197498,UConn,30,16,0.71548,0.53687,0.52895,0.57954
2018,baseball,2018-05-14,False,201.0,197541,UIC,25,16,0.60428,0.40893,0.4901,0.47806
2018,baseball,2018-05-14,False,180.0,197735,UIW,29,23,0.54212,0.45857,0.49107,0.48758
2018,baseball,2018-05-14,False,193.0,197613,ULM,22,28,0.42601,0.50057,0.50981,0.48424
2018,baseball,2018-05-14,False,221.0,197571,UMBC,21,25,0.47208,0.46036,0.48714,0.46998
2018,baseball,2018-05-14,False,296.0,197573,UMES,12,39,0.24138,0.35595,0.43065,0.34598
2018,baseball,2018-05-14,False,176.0,197565,UMass Lowell,22,25,0.52403,0.4672,0.49467,0.48828
2018,baseball,2018-05-14,False,271.0,197592,UNC Asheville,12,36,0.25676,0.4978,0.49198,0.43608
2018,baseball,2018-05-14,False,50.0,197595,UNC Greensboro,37,12,0.73134,0.49018,0.50438,0.55402
2018,baseball,2018-05-14,False,89.0,197596,UNCW,31,19,0.58502,0.50798,0.50979,0.5277
2018,baseball,2018-05-14,False,77.0,197599,UNLV,32,20,0.60435,0.50931,0.52379,0.53669
2018,baseball,2018-05-14,False,242.0,197737,USC Upstate,23,27,0.40369,0.46279,0.49764,0.45673
2018,baseball,2018-05-14,False,160.0,197689,UT Arlington,21,30,0.3961,0.53609,0.52001,0.49708
2018,baseball,2018-05-14,False,246.0,197684,UT Martin,11,37,0.26526,0.52128,0.50082,0.45216
2018,baseball,2018-05-14,False,243.0,197631,UTRGV,22,29,0.41614,0.4582,0.49202,0.45614
2018,baseball,2018-05-14,False,99.0,197691,UTSA,28,21,0.55578,0.50838,0.51483,0.52184
2018,baseball,2018-05-14,False,210.0,197699,Utah,13,35,0.2662,0.5594,0.51152,0.47413
2018,baseball,2018-05-14,False,238.0,197743,Utah Valley,15,33,0.35333,0.49155,0.4954,0.45796
2018,baseball,2018-05-14,False,120.0,197703,VCU,31,21,0.58836,0.47813,0.49964,0.51107
2018,baseball,2018-05-14,False,172.0,197704,VMI,25,23,0.51577,0.47271,0.50471,0.49147
2018,baseball,2018-05-14,False,182.0,197700,Valparaiso,17,29,0.43764,0.50021,0.50918,0.48681
2018,baseball,2018-05-14,False,40.0,197701,Vanderbilt,27,24,0.50318,0.59978,0.53872,0.56036
2018,baseball,2018-05-14,False,282.0,197702,Villanova,8,36,0.18936,0.50312,0.47044,0.41651
2018,baseball,2018-05-14,False,81.0,197706,Virginia,26,21,0.49882,0.55178,0.52497,0.53184
2018,baseball,2018-05-14,False,142.0,197705,Virginia Tech,20,30,0.39381,0.54806,0.52455,0.50362
2018,baseball,2018-05-14,False,75.0,197707,Wagner,33,16,0.75154,0.46567,0.46611,0.53725
2018,baseball,2018-05-14,False,66.0,197708,Wake Forest,22,29,0.42798,0.60772,0.52104,0.54111
2018,baseball,2018-05-14,False,70.0,197710,Washington,25,21,0.52423,0.55682,0.5215,0.53984
2018,baseball,2018-05-14,False,183.0,197709,Washington St.,15,27,0.34375,0.54275,0.51688,0.48653
2018,baseball,2018-05-14,False,46.0,197711,West Virginia,26,23,0.54989,0.57585,0.52013,0.55543
2018,baseball,2018-05-14,False,263.0,197712,Western Caro.,7,42,0.1359,0.56507,0.49272,0.43969
2018,baseball,2018-05-14,False,274.0,197713,Western Ill.,15,26,0.37293,0.43804,0.47651,0.43138
2018,baseball,2018-05-14,False,202.0,197714,Western Ky.,21,29,0.39723,0.49765,0.51755,0.47752
2018,baseball,2018-05-14,False,208.0,197715,Western Mich.,22,23,0.47009,0.4734,0.48356,0.47511
2018,baseball,2018-05-14,False,33.0,197716,Wichita St.,32,17,0.63326,0.55105,0.53095,0.56658
2018,baseball,2018-05-14,False,241.0,197717,William & Mary,15,35,0.2617,0.53536,0.49608,0.45712
2018,baseball,2018-05-14,False,191.0,197718,Winthrop,23,27,0.46774,0.49315,0.48489,0.48473
2018,baseball,2018-05-14,False,95.0,197736,Wofford,33,20,0.61765,0.49404,0.49845,0.52605
2018,baseball,2018-05-14,False,72.0,197720,Wright St.,32,15,0.72788,0.46549,0.49835,0.5393
2018,baseball,2018-05-14,False,138.0,197721,Xavier,17,34,0.40042,0.56674,0.49077,0.50617
2018,baseball,2018-05-14,False,171.0,197722,Yale,22,19,0.54863,0.47255,0.47347,0.4918
2018,baseball,2018-05-14,False,260.0,197723,Youngstown St.,17,32,0.37783,0.45508,0.47431,0.44058
2018,baseball,2018-05-21,False,146.0,197740,A&M-Corpus Christi,30,26,0.52448,0.49004,0.50719,0.50294
2018,baseball,2018-05-21,False,265.0,197445,Abilene Christian,21,33,0.34756,0.45648,0.49186,0.4381
2018,baseball,2018-05-21,False,149.0,197696,Air Force,24,30,0.45912,0.5228,0.50265,0.50184
2018,baseball,2018-05-21,False,82.0,197448,Alabama,27,29,0.43539,0.5698,0.5391,0.52852
2018,baseball,2018-05-21,False,285.0,197446,Alabama A&M,12,37,0.23557,0.46619,0.45843,0.40659
2018,baseball,2018-05-21,False,232.0,197447,Alabama St.,30,22,0.56773,0.41131,0.46773,0.46452
2018,baseball,2018-05-21,False,286.0,197451,Alcorn,13,39,0.28274,0.44462,0.44714,0.40478
2018,baseball,2018-05-21,False,189.0,197452,App State,18,36,0.36872,0.52796,0.51308,0.48443
2018,baseball,2018-05-21,False,49.0,197454,Arizona,32,21,0.58887,0.55976,0.51695,0.55634
2018,baseball,2018-05-21,False,126.0,197453,Arizona St.,22,30,0.38583,0.56748,0.52073,0.51038
2018,baseball,2018-05-21,False,259.0,197733,Ark.-Pine Bluff,20,25,0.43333,0.43136,0.47087,0.44173
2018,baseball,2018-05-21,False,4.0,197456,Arkansas,37,17,0.68037,0.60186,0.5449,0.60724
2018,baseball,2018-05-21,False,167.0,197455,Arkansas St.,20,31,0.39192,0.52558,0.52683,0.49248
2018,baseball,2018-05-21,False,94.0,197697,Army West Point,34,22,0.60924,0.49597,0.49371,0.52372
2018,baseball,2018-05-21,False,12.0,197458,Auburn,37,19,0.64271,0.58302,0.54399,0.58819
2018,baseball,2018-05-21,False,115.0,197459,Austin Peay,30,25,0.55447,0.50089,0.50192,0.51454
2018,baseball,2018-05-21,False,197.0,197468,BYU,22,28,0.46121,0.4759,0.51024,0.48081
2018,baseball,2018-05-21,False,142.0,197460,Ball St.,31,24,0.59213,0.46798,0.49161,0.50492
2018,baseball,2018-05-21,False,42.0,197462,Baylor,32,19,0.62055,0.54481,0.53342,0.5609
2018,baseball,2018-05-21,False,266.0,197738,Belmont,19,36,0.33086,0.46142,0.49841,0.43802
2018,baseball,2018-05-21,False,196.0,197463,Bethune-Cookman,24,34,0.41729,0.51584,0.47742,0.4816
2018,baseball,2018-05-21,False,231.0,197464,Binghamton,18,30,0.42105,0.48091,0.47562,0.46462
2018,baseball,2018-05-21,False,166.0,197465,Boston College,17,32,0.34462,0.5517,0.52193,0.49249
2018,baseball,2018-05-21,False,282.0,197466,Bowling Green,11,39,0.23963,0.46873,0.48108,0.41454
2018,baseball,2018-05-21,False,71.0,197467,Bradley,30,17,0.67623,0.47929,0.51485,0.53742
2018,baseball,2018-05-21,False,277.0,197469,Brown,11,26,0.32425,0.4575,0.47451,0.42844
2018,baseball,2018-05-21,False,85.0,197470,Bryant,31,21,0.65314,0.48928,0.47576,0.52686
2018,baseball,2018-05-21,False,217.0,197471,Bucknell,17,27,0.39729,0.49809,0.48695,0.47011
2018,baseball,2018-05-21,False,101.0,197473,Butler,33,18,0.64118,0.47064,0.49438,0.51921
2018,baseball,2018-05-21,False,235.0,197475,CSU Bakersfield,20,34,0.37165,0.49102,0.4887,0.4606
2018,baseball,2018-05-21,False,138.0,197479,CSUN,26,29,0.48015,0.51861,0.50536,0.50569
2018,baseball,2018-05-21,False,154.0,197474,Cal Poly,27,27,0.46061,0.51231,0.51133,0.49914
2018,baseball,2018-05-21,False,60.0,197477,Cal St. Fullerton,29,22,0.56768,0.55324,0.51746,0.5479
2018,baseball,2018-05-21,False,78.0,197482,California,30,21,0.56129,0.52724,0.52136,0.53428
2018,baseball,2018-05-21,False,122.0,197487,Campbell,31,23,0.55496,0.49954,0.49272,0.51169
2018,baseball,2018-05-21,False,158.0,197488,Canisius,31,20,0.65469,0.4209,0.48508,0.49539
2018,baseball,2018-05-21,False,120.0,197724,Central Ark.,32,23,0.54038,0.50489,0.49877,0.51223
2018,baseball,2018-05-21,False,264.0,197489,Central Conn. St.,18,28,0.38952,0.45126,0.4604,0.43811
2018,baseball,2018-05-21,False,213.0,197491,Central Mich.,26,28,0.48283,0.45711,0.49753,0.47364
2018,baseball,2018-05-21,False,252.0,197461,Charleston So.,19,33,0.35551,0.46309,0.4995,0.4453
2018,baseball,2018-05-21,False,84.0,197594,Charlotte,31,22,0.56303,0.51628,0.51666,0.52806
2018,baseball,2018-05-21,False,260.0,197492,Chicago St.,13,41,0.25054,0.51727,0.47812,0.4408
2018,baseball,2018-05-21,False,83.0,197493,Cincinnati,28,26,0.49899,0.54064,0.53265,0.52823
2018,baseball,2018-05-21,False,11.0,197495,Clemson,43,13,0.74484,0.54835,0.54539,0.59673
2018,baseball,2018-05-21,False,24.0,197496,Coastal Carolina,38,17,0.66145,0.55538,0.52826,0.57512
2018,baseball,2018-05-21,False,63.0,197725,Col. of Charleston,35,17,0.65,0.5144,0.50464,0.54586
2018,baseball,2018-05-21,False,208.0,197497,Columbia,18,27,0.43796,0.49118,0.48914,0.47736
2018,baseball,2018-05-21,False,268.0,197499,Coppin St.,21,24,0.51408,0.40719,0.42004,0.43712
2018,baseball,2018-05-21,False,238.0,197500,Cornell,14,22,0.41243,0.47208,0.47178,0.45709
2018,baseball,2018-05-21,False,57.0,197501,Creighton,34,16,0.69155,0.49442,0.51546,0.54896
2018,baseball,2018-05-21,False,35.0,197726,DBU,36,17,0.6721,0.53685,0.51512,0.56523
2018,baseball,2018-05-21,False,245.0,197502,Dartmouth,17,22,0.47917,0.41935,0.49108,0.45224
2018,baseball,2018-05-21,False,92.0,197503,Davidson,32,19,0.59305,0.50831,0.48593,0.5239
2018,baseball,2018-05-21,False,191.0,197504,Dayton,21,31,0.43121,0.50906,0.48807,0.48435
2018,baseball,2018-05-21,False,164.0,197506,Delaware,29,25,0.52437,0.48176,0.48445,0.49309
2018,baseball,2018-05-21,False,297.0,197505,Delaware St.,9,35,0.21616,0.30123,0.42971,0.31208
2018,baseball,2018-05-21,False,18.0,197507,Duke,39,14,0.72025,0.53482,0.5305,0.5801
2018,baseball,2018-05-21,False,156.0,197509,ETSU,27,23,0.552,0.46363,0.50986,0.49728
2018,baseball,2018-05-21,False,14.0,197508,East Carolina,39,15,0.6973,0.557,0.53318,0.58612
2018,baseball,2018-05-21,False,203.0,197510,Eastern Ill.,23,30,0.4649,0.477,0.49954,0.47961
2018,baseball,2018-05-21,False,182.0,197511,Eastern Ky.,27,29,0.49809,0.47937,0.49252,0.48734
2018,baseball,2018-05-21,False,207.0,197512,Eastern Mich.,22,32,0.43939,0.49546,0.48219,0.47813
2018,baseball,2018-05-21,False,108.0,197727,Elon,35,21,0.58206,0.4866,0.50995,0.5163
2018,baseball,2018-05-21,False,262.0,197513,Evansville,12,37,0.22398,0.51467,0.5077,0.44025
2018,baseball,2018-05-21,False,294.0,197515,FDU,10,37,0.24468,0.39821,0.44675,0.37196
2018,baseball,2018-05-21,False,80.0,197742,FGCU,32,21,0.58641,0.51742,0.50662,0.53196
2018,baseball,2018-05-21,False,132.0,197518,FIU,26,26,0.46228,0.53285,0.50248,0.50761
2018,baseball,2018-05-21,False,212.0,197514,Fairfield,22,29,0.4793,0.4704,0.47786,0.47449
2018,baseball,2018-05-21,False,30.0,197517,Fla. Atlantic,36,15,0.70064,0.5238,0.52137,0.5674
2018,baseball,2018-05-21,False,1.0,197520,Florida,41,15,0.71968,0.60574,0.5506,0.62044
2018,baseball,2018-05-21,False,256.0,197516,Florida A&M,25,30,0.42647,0.43687,0.47424,0.44361
2018,baseball,2018-05-21,False,10.0,197519,Florida St.,39,17,0.66599,0.59127,0.54315,0.59792
2018,baseball,2018-05-21,False,107.0,197521,Fordham,34,17,0.64729,0.46464,0.48954,0.51653
2018,baseball,2018-05-21,False,139.0,197476,Fresno St.,30,24,0.50602,0.50018,0.51613,0.50563
2018,baseball,2018-05-21,False,143.0,197522,Furman,24,26,0.46479,0.52831,0.49502,0.50411
2018,baseball,2018-05-21,False,70.0,197526,Ga. Southern,29,24,0.52918,0.54856,0.52361,0.53748
2018,baseball,2018-05-21,False,177.0,197728,Gardner-Webb,29,25,0.52107,0.47387,0.49024,0.48976
2018,baseball,2018-05-21,False,200.0,197523,George Mason,26,25,0.51042,0.45995,0.48946,0.47994
2018,baseball,2018-05-21,False,113.0,197524,George Washington,29,24,0.54564,0.51684,0.4803,0.5149
2018,baseball,2018-05-21,False,179.0,197525,Georgetown,25,28,0.47447,0.4997,0.48174,0.4889
2018,baseball,2018-05-21,False,3.0,197529,Georgia,37,17,0.68496,0.59927,0.54927,0.60819
2018,baseball,2018-05-21,False,123.0,197527,Georgia St.,26,28,0.45098,0.5335,0.52696,0.51124
2018,baseball,2018-05-21,False,48.0,197528,Georgia Tech,31,25,0.51527,0.5934,0.52444,0.55663
2018,baseball,2018-05-21,False,73.0,197530,Gonzaga,29,22,0.61667,0.51159,0.50645,0.53657
2018,baseball,2018-05-21,False,251.0,197531,Grambling,26,26,0.51931,0.39674,0.47444,0.44681
2018,baseball,2018-05-21,False,112.0,197729,Grand Canyon,33,22,0.58175,0.48498,0.50818,0.51497
2018,baseball,2018-05-21,False,176.0,197532,Hartford,23,29,0.46241,0.50761,0.4815,0.48979
2018,baseball,2018-05-21,False,161.0,197533,Harvard,22,20,0.60988,0.44242,0.48213,0.49421
2018,baseball,2018-05-21,False,155.0,197534,Hawaii,26,22,0.49784,0.48878,0.5155,0.49772
2018,baseball,2018-05-21,False,116.0,197739,High Point,31,21,0.60769,0.47555,0.49712,0.51398
2018,baseball,2018-05-21,False,150.0,197535,Hofstra,23,21,0.54505,0.48633,0.48628,0.501
2018,baseball,2018-05-21,False,159.0,197536,Holy Cross,18,27,0.45283,0.52406,0.47998,0.49523
2018,baseball,2018-05-21,False,50.0,197538,Houston,33,21,0.60123,0.54107,0.54031,0.55592
2018,baseball,2018-05-21,False,109.0,197537,Houston Christian,26,28,0.51587,0.52287,0.50139,0.51575
2018,baseball,2018-05-21,False,47.0,197540,Illinois,31,18,0.61895,0.54529,0.51841,0.55699
2018,baseball,2018-05-21,False,100.0,197539,Illinois St.,22,28,0.488,0.54466,0.5023,0.5199
2018,baseball,2018-05-21,False,21.0,197543,Indiana,37,15,0.70947,0.53908,0.52725,0.57872
2018,baseball,2018-05-21,False,69.0,197542,Indiana St.,29,22,0.60264,0.52027,0.51221,0.53885
2018,baseball,2018-05-21,False,263.0,197545,Iona,16,31,0.38462,0.45752,0.45885,0.43963
2018,baseball,2018-05-21,False,62.0,197546,Iowa,33,18,0.63871,0.51446,0.5208,0.54711
2018,baseball,2018-05-21,False,215.0,197547,Jackson St.,34,18,0.62205,0.39927,0.46718,0.47194
2018,baseball,2018-05-21,False,19.0,197549,Jacksonville,37,17,0.68431,0.55804,0.51841,0.5797
2018,baseball,2018-05-21,False,117.0,197548,Jacksonville St.,30,23,0.55278,0.50303,0.49701,0.51397
2018,baseball,2018-05-21,False,144.0,197550,James Madison,26,26,0.4943,0.5117,0.49709,0.5037
2018,baseball,2018-05-21,False,89.0,197552,Kansas,26,28,0.45417,0.56507,0.51951,0.52595
2018,baseball,2018-05-21,False,134.0,197551,Kansas St.,23,31,0.41524,0.54402,0.52407,0.50684
2018,baseball,2018-05-21,False,110.0,197730,Kennesaw St.,25,28,0.42455,0.56273,0.51146,0.51537
2018,baseball,2018-05-21,False,67.0,197553,Kent St.,36,16,0.73004,0.46876,0.49485,0.5406
2018,baseball,2018-05-21,False,25.0,197554,Kentucky,34,21,0.60895,0.56944,0.54715,0.57375
2018,baseball,2018-05-21,False,240.0,197560,LIU,28,24,0.55647,0.39908,0.47059,0.45631
2018,baseball,2018-05-21,False,170.0,197566,LMU (CA),24,28,0.46444,0.49849,0.50557,0.49174
2018,baseball,2018-05-21,False,45.0,197562,LSU,33,23,0.54604,0.5707,0.54569,0.55828
2018,baseball,2018-05-21,False,284.0,197555,La Salle,14,41,0.28405,0.4379,0.48103,0.41022
2018,baseball,2018-05-21,False,254.0,197556,Lafayette,16,34,0.36701,0.46877,0.47263,0.4443
2018,baseball,2018-05-21,False,230.0,197557,Lamar University,19,36,0.34186,0.50552,0.50644,0.46483
2018,baseball,2018-05-21,False,209.0,197558,Lehigh,22,27,0.49203,0.47146,0.47,0.47624
2018,baseball,2018-05-21,False,135.0,197559,Liberty,29,24,0.55464,0.48868,0.49448,0.50662
2018,baseball,2018-05-21,False,172.0,197741,Lipscomb,23,28,0.38889,0.53397,0.50534,0.49054
2018,baseball,2018-05-21,False,86.0,197457,Little Rock,27,26,0.52767,0.53355,0.51225,0.52676
2018,baseball,2018-05-21,False,114.0,197478,Long Beach St.,26,28,0.48417,0.52766,0.52002,0.51488
2018,baseball,2018-05-21,False,271.0,197561,Longwood,17,36,0.30815,0.47947,0.47615,0.43581
2018,baseball,2018-05-21,False,54.0,197677,Louisiana,33,23,0.58118,0.54925,0.52719,0.55172
2018,baseball,2018-05-21,False,56.0,197563,Louisiana Tech,38,18,0.67496,0.50309,0.51509,0.54906
2018,baseball,2018-05-21,False,29.0,197564,Louisville,40,16,0.6791,0.528,0.53912,0.56856
2018,baseball,2018-05-21,False,233.0,197567,Maine,18,32,0.41425,0.47771,0.4823,0.46299
2018,baseball,2018-05-21,False,186.0,197568,Manhattan,25,28,0.5415,0.4657,0.46878,0.48542
2018,baseball,2018-05-21,False,119.0,197569,Marist,26,21,0.60048,0.48753,0.47684,0.5131
2018,baseball,2018-05-21,False,210.0,197570,Marshall,19,31,0.40267,0.5025,0.49544,0.47578
2018,baseball,2018-05-21,False,99.0,197572,Maryland,24,30,0.44186,0.56095,0.51612,0.51997
2018,baseball,2018-05-21,False,267.0,197574,Massachusetts,15,29,0.35371,0.4565,0.48371,0.43761
2018,baseball,2018-05-21,False,171.0,197575,McNeese,25,31,0.43036,0.51543,0.50488,0.49153
2018,baseball,2018-05-21,False,192.0,197576,Memphis,20,36,0.33031,0.53807,0.53081,0.48431
2018,baseball,2018-05-21,False,136.0,197577,Mercer,35,20,0.61315,0.45209,0.50828,0.5064
2018,baseball,2018-05-21,False,65.0,197579,Miami (FL),27,25,0.47782,0.57466,0.53745,0.54115
2018,baseball,2018-05-21,False,148.0,197578,Miami (OH),33,18,0.63924,0.43818,0.49297,0.50214
2018,baseball,2018-05-21,False,55.0,197581,Michigan,32,19,0.65368,0.51623,0.51037,0.54913
2018,baseball,2018-05-21,False,194.0,197580,Michigan St.,20,30,0.39034,0.51632,0.50797,0.48274
2018,baseball,2018-05-21,False,152.0,197582,Middle Tenn.,27,27,0.48352,0.5017,0.51373,0.50016
2018,baseball,2018-05-21,False,216.0,197719,Milwaukee,24,26,0.52088,0.43689,0.49296,0.4719
2018,baseball,2018-05-21,False,13.0,197583,Minnesota,37,13,0.72912,0.54923,0.51809,0.58642
2018,baseball,2018-05-21,False,26.0,197584,Mississippi St.,31,24,0.57315,0.59392,0.53289,0.57347
2018,baseball,2018-05-21,False,290.0,197585,Mississippi Val.,11,35,0.24112,0.42564,0.45596,0.38709
2018,baseball,2018-05-21,False,40.0,197587,Missouri,34,21,0.60198,0.54968,0.54484,0.56155
2018,baseball,2018-05-21,False,27.0,197675,Missouri St.,35,15,0.70124,0.53156,0.51564,0.57
2018,baseball,2018-05-21,False,160.0,197588,Monmouth,28,23,0.57906,0.46282,0.47398,0.49467
2018,baseball,2018-05-21,False,124.0,197589,Morehead St.,32,23,0.59813,0.47666,0.49225,0.51093
2018,baseball,2018-05-21,False,253.0,197590,Mount St. Mary's,21,31,0.41845,0.44622,0.46899,0.44497
2018,baseball,2018-05-21,False,225.0,197591,Murray St.,26,27,0.47059,0.44804,0.49651,0.46579
2018,baseball,2018-05-21,False,220.0,197609,N.C. A&T,32,23,0.55837,0.42006,0.4803,0.4697
2018,baseball,2018-05-21,False,229.0,197610,N.C. Central,28,24,0.51613,0.4353,0.47391,0.46516
2018,baseball,2018-05-21,False,16.0,197611,NC State,40,14,0.7002,0.55059,0.535,0.58409
2018,baseball,2018-05-21,False,224.0,197616,NIU,20,36,0.4,0.49515,0.48048,0.4677
2018,baseball,2018-05-21,False,151.0,197601,NJIT,22,23,0.5585,0.47723,0.48847,0.50036
2018,baseball,2018-05-21,False,140.0,197698,Navy,38,15,0.69084,0.42291,0.48437,0.50526
2018,baseball,2018-05-21,False,102.0,197597,Nebraska,24,28,0.43625,0.56298,0.51453,0.51919
2018,baseball,2018-05-21,False,59.0,197600,Nevada,29,22,0.60179,0.54209,0.50794,0.54848
2018,baseball,2018-05-21,False,165.0,197603,New Mexico,20,33,0.36346,0.54933,0.50853,0.49266
2018,baseball,2018-05-21,False,97.0,197602,New Mexico St.,36,19,0.66532,0.4613,0.50087,0.5222
2018,baseball,2018-05-21,False,153.0,197604,New Orleans,26,30,0.46816,0.5137,0.50302,0.49964
2018,baseball,2018-05-21,False,248.0,197606,Niagara,24,25,0.52863,0.39322,0.4796,0.44867
2018,baseball,2018-05-21,False,202.0,197607,Nicholls,26,30,0.4375,0.48983,0.50186,0.47975
2018,baseball,2018-05-21,False,291.0,197608,Norfolk St.,19,30,0.3797,0.36433,0.43548,0.38596
2018,baseball,2018-05-21,False,9.0,197593,North Carolina,37,17,0.68081,0.59519,0.53821,0.60235
2018,baseball,2018-05-21,False,214.0,197612,North Dakota St.,25,22,0.56136,0.43169,0.4644,0.47229
2018,baseball,2018-05-21,False,131.0,197734,North Florida,25,26,0.44662,0.53557,0.51536,0.50828
2018,baseball,2018-05-21,False,33.0,197614,Northeastern,33,17,0.68267,0.53395,0.51152,0.56552
2018,baseball,2018-05-21,False,181.0,197615,Northern Colo.,29,22,0.55694,0.45047,0.49258,0.48762
2018,baseball,2018-05-21,False,274.0,197617,Northern Ky.,14,38,0.29746,0.47583,0.47366,0.43069
2018,baseball,2018-05-21,False,223.0,197619,Northwestern,17,32,0.36694,0.49586,0.51544,0.46852
2018,baseball,2018-05-21,False,118.0,197618,Northwestern St.,33,22,0.60229,0.47636,0.49864,0.51341
2018,baseball,2018-05-21,False,93.0,197620,Notre Dame,24,28,0.45306,0.55692,0.52853,0.52386
2018,baseball,2018-05-21,False,241.0,197621,Oakland,15,31,0.36028,0.49322,0.47539,0.45552
2018,baseball,2018-05-21,False,275.0,197623,Ohio,21,32,0.42694,0.40703,0.48006,0.43027
2018,baseball,2018-05-21,False,41.0,197622,Ohio St.,34,20,0.62042,0.55744,0.5108,0.56152
2018,baseball,2018-05-21,False,39.0,197625,Oklahoma,34,21,0.5898,0.5616,0.53694,0.56248
2018,baseball,2018-05-21,False,28.0,197624,Oklahoma St.,29,22,0.58285,0.58112,0.53212,0.5693
2018,baseball,2018-05-21,False,249.0,197626,Old Dominion,15,37,0.25251,0.51742,0.50434,0.44792
2018,baseball,2018-05-21,False,8.0,197586,Ole Miss,42,14,0.75,0.55509,0.5495,0.60242
2018,baseball,2018-05-21,False,283.0,197598,Omaha,15,35,0.30474,0.43682,0.47426,0.41316
2018,baseball,2018-05-21,False,133.0,197627,Oral Roberts,35,18,0.65733,0.43839,0.49337,0.50687
2018,baseball,2018-05-21,False,91.0,197629,Oregon,25,27,0.47174,0.55177,0.52153,0.5242
2018,baseball,2018-05-21,False,5.0,197628,Oregon St.,42,9,0.82099,0.53245,0.53888,0.60619
2018,baseball,2018-05-21,False,173.0,197630,Pacific,22,29,0.44444,0.50758,0.5016,0.4903
2018,baseball,2018-05-21,False,270.0,197633,Penn,16,25,0.46475,0.4049,0.47172,0.43657
2018,baseball,2018-05-21,False,239.0,197632,Penn St.,15,34,0.29938,0.51238,0.50412,0.45707
2018,baseball,2018-05-21,False,103.0,197634,Pepperdine,29,22,0.54949,0.50974,0.50643,0.51885
2018,baseball,2018-05-21,False,130.0,197635,Pittsburgh,27,25,0.49602,0.51054,0.51619,0.50832
2018,baseball,2018-05-21,False,174.0,197636,Portland,23,29,0.42256,0.51989,0.49802,0.49009
2018,baseball,2018-05-21,False,289.0,197637,Prairie View,14,40,0.25407,0.4386,0.4651,0.39909
2018,baseball,2018-05-21,False,279.0,197731,Presbyterian,15,39,0.26506,0.4709,0.48286,0.42243
2018,baseball,2018-05-21,False,276.0,197638,Princeton,10,27,0.30518,0.46492,0.48076,0.42894
2018,baseball,2018-05-21,False,38.0,197639,Purdue,34,18,0.67351,0.53228,0.51259,0.56266
2018,baseball,2018-05-21,False,292.0,197544,Purdue Fort Wayne,11,37,0.23543,0.42143,0.46359,0.38547
2018,baseball,2018-05-21,False,218.0,197640,Quinnipiac,25,28,0.53877,0.43177,0.47799,0.47007
2018,baseball,2018-05-21,False,222.0,197641,Radford,24,30,0.47126,0.44958,0.50563,0.46902
2018,baseball,2018-05-21,False,98.0,197642,Rhode Island,24,27,0.51333,0.53424,0.49957,0.52035
2018,baseball,2018-05-21,False,104.0,197643,Rice,24,29,0.43281,0.56152,0.51505,0.51772
2018,baseball,2018-05-21,False,111.0,197644,Richmond,31,22,0.56859,0.49918,0.49363,0.51515
2018,baseball,2018-05-21,False,288.0,197645,Rider,12,35,0.27404,0.44012,0.44584,0.40003
2018,baseball,2018-05-21,False,169.0,197646,Rutgers,25,25,0.50317,0.47486,0.51577,0.49217
2018,baseball,2018-05-21,False,258.0,197679,SFA,17,36,0.31187,0.48089,0.49493,0.44215
2018,baseball,2018-05-21,False,219.0,197672,SIUE,15,37,0.32885,0.53429,0.48255,0.46999
2018,baseball,2018-05-21,False,137.0,197480,Sacramento St.,31,23,0.57333,0.4791,0.49371,0.50631
2018,baseball,2018-05-21,False,261.0,197647,Sacred Heart,17,35,0.36887,0.46274,0.4685,0.44071
2018,baseball,2018-05-21,False,226.0,197650,Saint Joseph's,21,27,0.43902,0.46729,0.48827,0.46547
2018,baseball,2018-05-21,False,105.0,197651,Saint Louis,35,18,0.63883,0.46484,0.5014,0.51748
2018,baseball,2018-05-21,False,145.0,197652,Saint Mary's (CA),31,23,0.60196,0.44707,0.51747,0.50339
2018,baseball,2018-05-21,False,295.0,197653,Saint Peter's,2,42,0.06118,0.44958,0.4544,0.35368
2018,baseball,2018-05-21,False,46.0,197654,Sam Houston,38,18,0.65018,0.53493,0.50867,0.55718
2018,baseball,2018-05-21,False,125.0,197655,Samford,32,24,0.54513,0.49624,0.50598,0.5109
2018,baseball,2018-05-21,False,129.0,197657,San Diego,23,32,0.4085,0.55953,0.50936,0.50923
2018,baseball,2018-05-21,False,61.0,197656,San Diego St.,36,19,0.64038,0.51343,0.52177,0.54725
2018,baseball,2018-05-21,False,162.0,197658,San Francisco,28,28,0.48905,0.48813,0.51047,0.49395
2018,baseball,2018-05-21,False,141.0,197659,San Jose St.,26,28,0.48902,0.51516,0.5016,0.50524
2018,baseball,2018-05-21,False,163.0,197660,Santa Clara,26,26,0.49402,0.48019,0.51898,0.49334
2018,baseball,2018-05-21,False,293.0,197661,Savannah St.,7,34,0.16462,0.45745,0.45693,0.38411
2018,baseball,2018-05-21,False,183.0,197732,Seattle U,32,21,0.54826,0.45015,0.49804,0.48665
2018,baseball,2018-05-21,False,79.0,197662,Seton Hall,27,18,0.61905,0.51161,0.4944,0.53417
2018,baseball,2018-05-21,False,243.0,197663,Siena,19,33,0.39868,0.4673,0.48444,0.45443
2018,baseball,2018-05-21,False,52.0,197664,South Alabama,30,23,0.58985,0.54582,0.52829,0.55245
2018,baseball,2018-05-21,False,37.0,197665,South Carolina,32,22,0.55285,0.58302,0.53671,0.5639
2018,baseball,2018-05-21,False,246.0,197666,South Dakota St.,16,30,0.39409,0.47417,0.46428,0.45168
2018,baseball,2018-05-21,False,23.0,197667,South Fla.,32,18,0.60177,0.58824,0.52817,0.5766
2018,baseball,2018-05-21,False,188.0,197668,Southeast Mo. St.,26,28,0.48523,0.47868,0.49526,0.48446
2018,baseball,2018-05-21,False,76.0,197669,Southeastern La.,36,20,0.6148,0.50742,0.51293,0.53564
2018,baseball,2018-05-21,False,106.0,197670,Southern California,25,25,0.49072,0.52213,0.53232,0.51683
2018,baseball,2018-05-21,False,121.0,197671,Southern Ill.,27,28,0.49611,0.52308,0.50567,0.51198
2018,baseball,2018-05-21,False,44.0,197673,Southern Miss.,39,15,0.70391,0.50351,0.52822,0.55979
2018,baseball,2018-05-21,False,287.0,197674,Southern U.,9,33,0.23664,0.45561,0.45556,0.40086
2018,baseball,2018-05-21,False,280.0,197648,St. Bonaventure,10,33,0.2623,0.47519,0.47209,0.42119
2018,baseball,2018-05-21,False,31.0,197649,St. John's (NY),36,14,0.73608,0.51369,0.50464,0.56703
2018,baseball,2018-05-21,False,2.0,197678,Stanford,43,8,0.83664,0.54731,0.5359,0.61679
2018,baseball,2018-05-21,False,7.0,197680,Stetson,41,11,0.79075,0.54886,0.52317,0.60291
2018,baseball,2018-05-21,False,187.0,197681,Stony Brook,29,23,0.54234,0.45974,0.47718,0.48475
2018,baseball,2018-05-21,False,64.0,197686,TCU,30,22,0.55011,0.54418,0.53204,0.54262
2018,baseball,2018-05-21,False,77.0,197683,Tennessee,29,27,0.47358,0.56319,0.54176,0.53543
2018,baseball,2018-05-21,False,17.0,197682,Tennessee Tech,46,7,0.85988,0.47974,0.50907,0.58211
2018,baseball,2018-05-21,False,15.0,197690,Texas,37,18,0.65289,0.57581,0.53804,0.58564
2018,baseball,2018-05-21,False,22.0,197685,Texas A&M,36,19,0.61983,0.57525,0.54391,0.57856
2018,baseball,2018-05-21,False,190.0,197687,Texas Southern,27,26,0.56809,0.44519,0.47901,0.48437
2018,baseball,2018-05-21,False,128.0,197676,Texas St.,28,26,0.49621,0.50609,0.53084,0.50981
2018,baseball,2018-05-21,False,6.0,197688,Texas Tech,38,15,0.72336,0.58094,0.53748,0.60568
2018,baseball,2018-05-21,False,242.0,197494,The Citadel,19,33,0.32528,0.497,0.50118,0.45511
2018,baseball,2018-05-21,False,195.0,197692,Toledo,21,31,0.42505,0.50569,0.4906,0.48176
2018,baseball,2018-05-21,False,278.0,197693,Towson,13,42,0.24584,0.49036,0.48082,0.42684
2018,baseball,2018-05-21,False,43.0,197694,Troy,38,18,0.66792,0.52484,0.52325,0.56022
2018,baseball,2018-05-21,False,88.0,197695,Tulane,24,31,0.39679,0.59215,0.52374,0.52621
2018,baseball,2018-05-21,False,204.0,197449,UAB,21,31,0.37782,0.51592,0.50624,0.47898
2018,baseball,2018-05-21,False,250.0,197450,UAlbany,19,26,0.45614,0.42787,0.4774,0.44732
2018,baseball,2018-05-21,False,227.0,197483,UC Davis,16,34,0.32787,0.51467,0.50401,0.4653
2018,baseball,2018-05-21,False,96.0,197484,UC Irvine,31,22,0.56957,0.50103,0.5175,0.52228
2018,baseball,2018-05-21,False,234.0,197486,UC Riverside,19,30,0.3763,0.47645,0.51938,0.46215
2018,baseball,2018-05-21,False,205.0,197481,UC Santa Barbara,24,27,0.44156,0.48296,0.50737,0.47871
2018,baseball,2018-05-21,False,36.0,197490,UCF,35,19,0.61523,0.55538,0.5316,0.5644
2018,baseball,2018-05-21,False,34.0,197485,UCLA,35,17,0.66528,0.53127,0.53402,0.56546
2018,baseball,2018-05-21,False,20.0,197498,UConn,32,18,0.69531,0.54611,0.53094,0.57962
2018,baseball,2018-05-21,False,198.0,197541,UIC,28,16,0.62532,0.40194,0.49223,0.48035
2018,baseball,2018-05-21,False,184.0,197735,UIW,29,26,0.5,0.47619,0.49137,0.48594
2018,baseball,2018-05-21,False,193.0,197613,ULM,23,31,0.42292,0.49839,0.51274,0.48311
2018,baseball,2018-05-21,False,228.0,197571,UMBC,22,27,0.45843,0.4587,0.48485,0.46517
2018,baseball,2018-05-21,False,296.0,197573,UMES,12,41,0.23247,0.3553,0.43261,0.34392
2018,baseball,2018-05-21,False,178.0,197565,UMass Lowell,24,27,0.51592,0.47568,0.49106,0.48959
2018,baseball,2018-05-21,False,272.0,197592,UNC Asheville,13,38,0.26964,0.4874,0.49222,0.43417
2018,baseball,2018-05-21,False,58.0,197595,UNC Greensboro,37,13,0.71162,0.48937,0.50374,0.54852
2018,baseball,2018-05-21,False,81.0,197596,UNCW,33,20,0.58157,0.51759,0.50959,0.53159
2018,baseball,2018-05-21,False,74.0,197599,UNLV,33,22,0.59754,0.51314,0.52069,0.53613
2018,baseball,2018-05-21,False,237.0,197737,USC Upstate,23,28,0.39798,0.47144,0.49773,0.45965
2018,baseball,2018-05-21,False,185.0,197689,UT Arlington,21,33,0.36527,0.52969,0.51799,0.48566
2018,baseball,2018-05-21,False,255.0,197684,UT Martin,11,40,0.24459,0.51624,0.49961,0.44417
2018,baseball,2018-05-21,False,236.0,197631,UTRGV,23,31,0.40278,0.47517,0.4862,0.45983
2018,baseball,2018-05-21,False,95.0,197691,UTSA,31,22,0.55977,0.50993,0.51138,0.52275
2018,baseball,2018-05-21,False,221.0,197699,Utah,14,38,0.26446,0.54972,0.5128,0.46918
2018,baseball,2018-05-21,False,247.0,197743,Utah Valley,15,37,0.32851,0.49091,0.49508,0.45135
2018,baseball,2018-05-21,False,127.0,197703,VCU,34,21,0.61024,0.46312,0.50421,0.51017
2018,baseball,2018-05-21,False,168.0,197704,VMI,26,25,0.5138,0.47535,0.50463,0.49228
2018,baseball,2018-05-21,False,201.0,197700,Valparaiso,18,32,0.41153,0.49808,0.51143,0.47978
2018,baseball,2018-05-21,False,32.0,197701,Vanderbilt,31,24,0.53106,0.59762,0.53995,0.56656
2018,baseball,2018-05-21,False,281.0,197702,Villanova,9,39,0.2,0.49074,0.47937,0.41521
2018,baseball,2018-05-21,False,87.0,197706,Virginia,28,24,0.49153,0.54374,0.52698,0.5265
2018,baseball,2018-05-21,False,147.0,197705,Virginia Tech,21,33,0.38596,0.54734,0.52847,0.50228
2018,baseball,2018-05-21,False,72.0,197707,Wagner,36,16,0.76181,0.45983,0.46696,0.53711
2018,baseball,2018-05-21,False,66.0,197708,Wake Forest,25,30,0.44038,0.60102,0.52145,0.54097
2018,baseball,2018-05-21,False,75.0,197710,Washington,28,22,0.54743,0.53547,0.52542,0.53595
2018,baseball,2018-05-21,False,180.0,197709,Washington St.,15,31,0.31579,0.5597,0.51915,0.48858
2018,baseball,2018-05-21,False,53.0,197711,West Virginia,27,25,0.52686,0.57931,0.52168,0.55179
2018,baseball,2018-05-21,False,269.0,197712,Western Caro.,7,45,0.12885,0.56289,0.4923,0.43673
2018,baseball,2018-05-21,False,273.0,197713,Western Ill.,17,29,0.38795,0.43654,0.47484,0.43396
2018,baseball,2018-05-21,False,211.0,197714,Western Ky.,21,31,0.38654,0.50043,0.51495,0.47559
2018,baseball,2018-05-21,False,206.0,197715,Western Mich.,23,25,0.47071,0.47991,0.4837,0.47856
2018,baseball,2018-05-21,False,51.0,197716,Wichita St.,34,19,0.6268,0.52781,0.53236,0.55369
2018,baseball,2018-05-21,False,244.0,197717,William & Mary,15,39,0.24699,0.53555,0.4968,0.45372
2018,baseball,2018-05-21,False,199.0,197718,Winthrop,24,29,0.44968,0.49368,0.48409,0.48028
2018,baseball,2018-05-21,False,90.0,197736,Wofford,35,21,0.61233,0.49471,0.4952,0.52424
2018,baseball,2018-05-21,False,68.0,197720,Wright St.,36,15,0.74847,0.45481,0.49838,0.53912
2018,baseball,2018-05-21,False,157.0,197721,Xavier,20,35,0.41487,0.53692,0.49654,0.49631
2018,baseball,2018-05-21,False,175.0,197722,Yale,22,19,0.54863,0.46824,0.47447,0.48989
2018,baseball,2018-05-21,False,257.0,197723,Youngstown St.,17,36,0.35084,0.47652,0.46807,0.44299
2018,baseball,2018-05-28,True,148.0,197740,A&M-Corpus Christi,30,26,0.52448,0.48772,0.50686,0.50169
2018,baseball,2018-05-28,True,264.0,197445,Abilene Christian,21,33,0.34756,0.45663,0.49196,0.4382
2018,baseball,2018-05-28,True,150.0,197696,Air Force,24,30,0.45912,0.51915,0.50368,0.50028
2018,baseball,2018-05-28,True,84.0,197448,Alabama,27,29,0.43539,0.56741,0.53825,0.52711
2018,baseball,2018-05-28,True,285.0,197446,Alabama A&M,12,37,0.23557,0.46764,0.45919,0.40751
2018,baseball,2018-05-28,True,226.0,197447,Alabama St.,30,22,0.56773,0.41285,0.46842,0.46546
2018,baseball,2018-05-28,True,286.0,197451,Alcorn,13,39,0.28274,0.44351,0.44758,0.40434
2018,baseball,2018-05-28,True,188.0,197452,App State,18,36,0.36872,0.52718,0.51227,0.48383
2018,baseball,2018-05-28,True,47.0,197454,Arizona,34,22,0.602,0.55101,0.51906,0.55577
2018,baseball,2018-05-28,True,132.0,197453,Arizona St.,23,32,0.37523,0.56469,0.52022,0.50621
2018,baseball,2018-05-28,True,260.0,197733,Ark.-Pine Bluff,20,25,0.43333,0.4306,0.47057,0.44127
2018,baseball,2018-05-28,True,4.0,197456,Arkansas,39,18,0.67949,0.60013,0.54563,0.60635
2018,baseball,2018-05-28,True,176.0,197455,Arkansas St.,20,32,0.38416,0.51977,0.52543,0.48728
2018,baseball,2018-05-28,True,86.0,197697,Army West Point,36,22,0.62069,0.49809,0.49146,0.52708
2018,baseball,2018-05-28,True,14.0,197458,Auburn,39,21,0.63158,0.58652,0.54397,0.58715
2018,baseball,2018-05-28,True,126.0,197459,Austin Peay,30,27,0.53371,0.49858,0.50078,0.50791
2018,baseball,2018-05-28,True,201.0,197468,BYU,22,28,0.46121,0.47589,0.50763,0.48016
2018,baseball,2018-05-28,True,142.0,197460,Ball St.,32,26,0.57895,0.47115,0.49139,0.50316
2018,baseball,2018-05-28,True,31.0,197462,Baylor,36,19,0.6499,0.54426,0.53461,0.56826
2018,baseball,2018-05-28,True,267.0,197738,Belmont,19,36,0.33086,0.45808,0.49776,0.43619
2018,baseball,2018-05-28,True,198.0,197463,Bethune-Cookman,24,34,0.41729,0.51481,0.47598,0.48072
2018,baseball,2018-05-28,True,230.0,197464,Binghamton,18,30,0.42105,0.48116,0.47464,0.4645
2018,baseball,2018-05-28,True,169.0,197465,Boston College,17,32,0.34462,0.54863,0.52249,0.49109
2018,baseball,2018-05-28,True,281.0,197466,Bowling Green,11,39,0.23963,0.46726,0.48205,0.41405
2018,baseball,2018-05-28,True,75.0,197467,Bradley,32,19,0.66288,0.47936,0.5144,0.534
2018,baseball,2018-05-28,True,276.0,197469,Brown,11,26,0.32425,0.4575,0.4724,0.42791
2018,baseball,2018-05-28,True,92.0,197470,Bryant,32,23,0.6348,0.49066,0.47475,0.52272
2018,baseball,2018-05-28,True,218.0,197471,Bucknell,17,27,0.39729,0.49875,0.4854,0.47005
2018,baseball,2018-05-28,True,100.0,197473,Butler,34,20,0.62963,0.47726,0.4962,0.52009
2018,baseball,2018-05-28,True,233.0,197475,CSU Bakersfield,21,36,0.36957,0.49653,0.48776,0.4626
2018,baseball,2018-05-28,True,125.0,197479,CSUN,28,30,0.49822,0.51729,0.50662,0.50985
2018,baseball,2018-05-28,True,133.0,197474,Cal Poly,30,27,0.5,0.50678,0.51069,0.50606
2018,baseball,2018-05-28,True,53.0,197477,Cal St. Fullerton,32,23,0.5915,0.54442,0.51914,0.54987
2018,baseball,2018-05-28,True,76.0,197482,California,32,22,0.57631,0.51789,0.52333,0.53385
2018,baseball,2018-05-28,True,109.0,197487,Campbell,35,24,0.57283,0.50039,0.4921,0.51643
2018,baseball,2018-05-28,True,133.0,197488,Canisius,35,20,0.68022,0.43071,0.4826,0.50606
2018,baseball,2018-05-28,True,127.0,197724,Central Ark.,32,25,0.52037,0.50548,0.49826,0.5074
2018,baseball,2018-05-28,True,265.0,197489,Central Conn. St.,18,28,0.38952,0.45048,0.46206,0.43814
2018,baseball,2018-05-28,True,202.0,197491,Central Mich.,29,30,0.49358,0.46334,0.49555,0.47895
2018,baseball,2018-05-28,True,259.0,197461,Charleston So.,19,35,0.34438,0.4627,0.49687,0.44167
2018,baseball,2018-05-28,True,81.0,197594,Charlotte,34,24,0.56654,0.51812,0.51516,0.52948
2018,baseball,2018-05-28,True,261.0,197492,Chicago St.,13,41,0.25054,0.5155,0.48141,0.44074
2018,baseball,2018-05-28,True,95.0,197493,Cincinnati,28,28,0.47683,0.53857,0.53322,0.5218
2018,baseball,2018-05-28,True,11.0,197495,Clemson,45,14,0.74067,0.54365,0.54581,0.59344
2018,baseball,2018-05-28,True,17.0,197496,Coastal Carolina,42,17,0.68603,0.55271,0.52845,0.57997
2018,baseball,2018-05-28,True,68.0,197725,Col. of Charleston,36,19,0.63061,0.51201,0.50376,0.5396
2018,baseball,2018-05-28,True,191.0,197497,Columbia,20,28,0.45662,0.49405,0.48842,0.48329
2018,baseball,2018-05-28,True,269.0,197499,Coppin St.,21,24,0.51408,0.40383,0.4197,0.43536
2018,baseball,2018-05-28,True,239.0,197500,Cornell,14,22,0.41243,0.4696,0.47182,0.45586
2018,baseball,2018-05-28,True,57.0,197501,Creighton,34,16,0.69155,0.49173,0.51535,0.54759
2018,baseball,2018-05-28,True,36.0,197726,DBU,40,19,0.67151,0.53517,0.51261,0.56361
2018,baseball,2018-05-28,True,244.0,197502,Dartmouth,17,22,0.47917,0.41879,0.4902,0.45173
2018,baseball,2018-05-28,True,101.0,197503,Davidson,33,21,0.57471,0.50821,0.48587,0.51925
2018,baseball,2018-05-28,True,192.0,197504,Dayton,21,31,0.43121,0.50617,0.48808,0.48291
2018,baseball,2018-05-28,True,158.0,197506,Delaware,31,27,0.5226,0.48512,0.48616,0.49475
2018,baseball,2018-05-28,True,297.0,197505,Delaware St.,9,35,0.21616,0.30035,0.42796,0.3112
2018,baseball,2018-05-28,True,22.0,197507,Duke,40,15,0.71142,0.53094,0.53054,0.57596
2018,baseball,2018-05-28,True,165.0,197509,ETSU,28,25,0.53962,0.4594,0.50932,0.49194
2018,baseball,2018-05-28,True,13.0,197508,East Carolina,43,16,0.70579,0.56012,0.53569,0.59043
2018,baseball,2018-05-28,True,207.0,197510,Eastern Ill.,23,31,0.45624,0.47329,0.49902,0.47546
2018,baseball,2018-05-28,True,167.0,197511,Eastern Ky.,30,31,0.50697,0.48425,0.49144,0.49173
2018,baseball,2018-05-28,True,213.0,197512,Eastern Mich.,22,34,0.42336,0.49061,0.48236,0.47174
2018,baseball,2018-05-28,True,110.0,197727,Elon,36,23,0.56859,0.49375,0.50846,0.51614
2018,baseball,2018-05-28,True,270.0,197513,Evansville,12,39,0.21429,0.51035,0.50595,0.43523
2018,baseball,2018-05-28,True,294.0,197515,FDU,10,37,0.24468,0.39789,0.4481,0.37214
2018,baseball,2018-05-28,True,83.0,197742,FGCU,32,21,0.58641,0.51059,0.50535,0.52823
2018,baseball,2018-05-28,True,139.0,197518,FIU,26,28,0.44507,0.53551,0.50186,0.50449
2018,baseball,2018-05-28,True,209.0,197514,Fairfield,22,29,0.4793,0.46922,0.47796,0.47393
2018,baseball,2018-05-28,True,33.0,197517,Fla. Atlantic,40,17,0.6968,0.5236,0.52353,0.56688
2018,baseball,2018-05-28,True,1.0,197520,Florida,42,17,0.69794,0.60205,0.54971,0.61294
2018,baseball,2018-05-28,True,252.0,197516,Florida A&M,25,30,0.42647,0.43648,0.47295,0.44309
2018,baseball,2018-05-28,True,7.0,197519,Florida St.,43,17,0.69115,0.5925,0.54203,0.60454
2018,baseball,2018-05-28,True,117.0,197521,Fordham,35,19,0.63352,0.46707,0.48852,0.51404
2018,baseball,2018-05-28,True,140.0,197476,Fresno St.,30,24,0.50602,0.49542,0.51731,0.50354
2018,baseball,2018-05-28,True,153.0,197522,Furman,24,28,0.44681,0.52455,0.49339,0.49732
2018,baseball,2018-05-28,True,80.0,197526,Ga. Southern,30,26,0.51803,0.53852,0.52353,0.52965
2018,baseball,2018-05-28,True,166.0,197728,Gardner-Webb,31,27,0.52743,0.475,0.48981,0.49181
2018,baseball,2018-05-28,True,178.0,197523,George Mason,29,27,0.51887,0.46927,0.4892,0.48665
2018,baseball,2018-05-28,True,107.0,197524,George Washington,32,26,0.5482,0.52092,0.48007,0.51753
2018,baseball,2018-05-28,True,184.0,197525,Georgetown,25,30,0.46074,0.49922,0.48308,0.48557
2018,baseball,2018-05-28,True,9.0,197529,Georgia,37,19,0.6582,0.59414,0.54688,0.59834
2018,baseball,2018-05-28,True,128.0,197527,Georgia St.,26,29,0.44231,0.53013,0.52595,0.50713
2018,baseball,2018-05-28,True,56.0,197528,Georgia Tech,31,27,0.49511,0.586,0.52538,0.54812
2018,baseball,2018-05-28,True,63.0,197530,Gonzaga,32,22,0.63922,0.51408,0.50549,0.54322
2018,baseball,2018-05-28,True,249.0,197531,Grambling,26,26,0.51931,0.39454,0.4746,0.44575
2018,baseball,2018-05-28,True,123.0,197729,Grand Canyon,33,24,0.56044,0.48833,0.50753,0.51116
2018,baseball,2018-05-28,True,152.0,197532,Hartford,26,29,0.4968,0.5072,0.48148,0.49817
2018,baseball,2018-05-28,True,160.0,197533,Harvard,22,20,0.60988,0.44353,0.48149,0.49461
2018,baseball,2018-05-28,True,155.0,197534,Hawaii,27,24,0.49693,0.4882,0.51319,0.49663
2018,baseball,2018-05-28,True,114.0,197739,High Point,34,22,0.6158,0.4752,0.49446,0.51517
2018,baseball,2018-05-28,True,156.0,197535,Hofstra,23,23,0.52211,0.48693,0.48702,0.49575
2018,baseball,2018-05-28,True,162.0,197536,Holy Cross,18,27,0.45283,0.52075,0.47921,0.49339
2018,baseball,2018-05-28,True,46.0,197538,Houston,36,23,0.60111,0.54203,0.54182,0.55675
2018,baseball,2018-05-28,True,106.0,197537,Houston Christian,29,30,0.52347,0.52304,0.50253,0.51802
2018,baseball,2018-05-28,True,45.0,197540,Illinois,33,20,0.61007,0.55203,0.51902,0.55829
2018,baseball,2018-05-28,True,113.0,197539,Illinois St.,22,30,0.46923,0.54444,0.50338,0.51537
2018,baseball,2018-05-28,True,26.0,197543,Indiana,38,17,0.68713,0.53565,0.52776,0.57155
2018,baseball,2018-05-28,True,72.0,197542,Indiana St.,31,24,0.59545,0.52148,0.51092,0.53733
2018,baseball,2018-05-28,True,263.0,197545,Iona,16,31,0.38462,0.4569,0.45951,0.43948
2018,baseball,2018-05-28,True,69.0,197546,Iowa,33,20,0.61237,0.5123,0.52062,0.5394
2018,baseball,2018-05-28,True,214.0,197547,Jackson St.,34,18,0.62205,0.39882,0.4671,0.4717
2018,baseball,2018-05-28,True,23.0,197549,Jacksonville,39,19,0.67091,0.55674,0.51846,0.57571
2018,baseball,2018-05-28,True,119.0,197548,Jacksonville St.,32,25,0.54902,0.50472,0.49661,0.51377
2018,baseball,2018-05-28,True,149.0,197550,James Madison,26,26,0.4943,0.50588,0.49778,0.50096
2018,baseball,2018-05-28,True,89.0,197552,Kansas,27,30,0.44706,0.56646,0.52027,0.52506
2018,baseball,2018-05-28,True,141.0,197551,Kansas St.,23,31,0.41524,0.53807,0.52242,0.50345
2018,baseball,2018-05-28,True,122.0,197730,Kennesaw St.,25,30,0.40812,0.5632,0.51037,0.51122
2018,baseball,2018-05-28,True,55.0,197553,Kent St.,39,16,0.7446,0.47921,0.49222,0.54881
2018,baseball,2018-05-28,True,32.0,197554,Kentucky,34,22,0.59733,0.56299,0.54591,0.5673
2018,baseball,2018-05-28,True,220.0,197560,LIU,31,24,0.58221,0.4122,0.47034,0.46924
2018,baseball,2018-05-28,True,172.0,197566,LMU (CA),25,30,0.45669,0.4967,0.50544,0.48889
2018,baseball,2018-05-28,True,34.0,197562,LSU,37,25,0.55977,0.57598,0.54768,0.56485
2018,baseball,2018-05-28,True,284.0,197555,La Salle,14,41,0.28405,0.43714,0.47995,0.40957
2018,baseball,2018-05-28,True,255.0,197556,Lafayette,16,34,0.36701,0.4655,0.47209,0.44252
2018,baseball,2018-05-28,True,228.0,197557,Lamar University,19,36,0.34186,0.50592,0.50633,0.46501
2018,baseball,2018-05-28,True,208.0,197558,Lehigh,22,27,0.49203,0.46928,0.46969,0.47507
2018,baseball,2018-05-28,True,135.0,197559,Liberty,32,26,0.55388,0.48742,0.49321,0.50548
2018,baseball,2018-05-28,True,177.0,197741,Lipscomb,24,30,0.38554,0.52866,0.50532,0.48704
2018,baseball,2018-05-28,True,90.0,197457,Little Rock,28,28,0.5197,0.52996,0.51235,0.52299
2018,baseball,2018-05-28,True,120.0,197478,Long Beach St.,27,30,0.46842,0.53273,0.51993,0.51345
2018,baseball,2018-05-28,True,272.0,197561,Longwood,17,38,0.29808,0.47548,0.47695,0.4315
2018,baseball,2018-05-28,True,59.0,197677,Louisiana,34,25,0.56591,0.54643,0.52566,0.54611
2018,baseball,2018-05-28,True,61.0,197563,Louisiana Tech,39,20,0.65767,0.50402,0.51582,0.54538
2018,baseball,2018-05-28,True,25.0,197564,Louisville,43,17,0.68403,0.53299,0.53947,0.57237
2018,baseball,2018-05-28,True,225.0,197567,Maine,20,34,0.42127,0.48069,0.47945,0.46553
2018,baseball,2018-05-28,True,182.0,197568,Manhattan,25,28,0.5415,0.466,0.4692,0.48567
2018,baseball,2018-05-28,True,143.0,197569,Marist,27,23,0.58239,0.47721,0.47569,0.50313
2018,baseball,2018-05-28,True,210.0,197570,Marshall,19,31,0.40267,0.49786,0.4964,0.4737
2018,baseball,2018-05-28,True,104.0,197572,Maryland,24,30,0.44186,0.5578,0.51632,0.51845
2018,baseball,2018-05-28,True,266.0,197574,Massachusetts,15,29,0.35371,0.45701,0.48421,0.43799
2018,baseball,2018-05-28,True,181.0,197575,McNeese,25,33,0.41552,0.51183,0.50446,0.48591
2018,baseball,2018-05-28,True,194.0,197576,Memphis,20,36,0.33031,0.5349,0.53033,0.48261
2018,baseball,2018-05-28,True,144.0,197577,Mercer,38,22,0.61199,0.44605,0.50819,0.50307
2018,baseball,2018-05-28,True,66.0,197579,Miami (FL),28,26,0.47868,0.5723,0.53658,0.53997
2018,baseball,2018-05-28,True,138.0,197578,Miami (OH),35,20,0.6284,0.45004,0.49013,0.50466
2018,baseball,2018-05-28,True,60.0,197581,Michigan,33,21,0.63415,0.51826,0.5109,0.54539
2018,baseball,2018-05-28,True,197.0,197580,Michigan St.,20,32,0.37524,0.5203,0.50912,0.48124
2018,baseball,2018-05-28,True,153.0,197582,Middle Tenn.,27,27,0.48352,0.49645,0.51285,0.49732
2018,baseball,2018-05-28,True,215.0,197719,Milwaukee,26,28,0.51919,0.43717,0.49136,0.47122
2018,baseball,2018-05-28,True,12.0,197583,Minnesota,41,13,0.74953,0.54916,0.52069,0.59213
2018,baseball,2018-05-28,True,29.0,197584,Mississippi St.,31,25,0.56189,0.59064,0.53321,0.56909
2018,baseball,2018-05-28,True,290.0,197585,Mississippi Val.,11,35,0.24112,0.42658,0.45632,0.38765
2018,baseball,2018-05-28,True,48.0,197587,Missouri,34,22,0.59029,0.54122,0.54385,0.55415
2018,baseball,2018-05-28,True,24.0,197675,Missouri St.,39,15,0.72414,0.52779,0.51533,0.57376
2018,baseball,2018-05-28,True,161.0,197588,Monmouth,30,25,0.57283,0.46648,0.47212,0.49448
2018,baseball,2018-05-28,True,88.0,197589,Morehead St.,37,24,0.62185,0.4957,0.49079,0.52601
2018,baseball,2018-05-28,True,257.0,197590,Mount St. Mary's,21,33,0.40123,0.44973,0.46887,0.44239
2018,baseball,2018-05-28,True,234.0,197591,Murray St.,27,29,0.46245,0.44436,0.49573,0.46173
2018,baseball,2018-05-28,True,223.0,197609,N.C. A&T,32,23,0.55837,0.41875,0.47896,0.46871
2018,baseball,2018-05-28,True,231.0,197610,N.C. Central,28,24,0.51613,0.43283,0.47351,0.46382
2018,baseball,2018-05-28,True,20.0,197611,NC State,40,16,0.67362,0.55026,0.53497,0.57728
2018,baseball,2018-05-28,True,227.0,197616,NIU,20,36,0.4,0.48983,0.4815,0.46529
2018,baseball,2018-05-28,True,157.0,197601,NJIT,22,25,0.53488,0.47968,0.48796,0.49555
2018,baseball,2018-05-28,True,147.0,197698,Navy,38,16,0.6779,0.42382,0.48306,0.50215
2018,baseball,2018-05-28,True,108.0,197597,Nebraska,24,28,0.43625,0.56039,0.51299,0.51751
2018,baseball,2018-05-28,True,67.0,197600,Nevada,29,24,0.57602,0.53755,0.50812,0.53981
2018,baseball,2018-05-28,True,163.0,197603,New Mexico,20,33,0.36346,0.55068,0.50863,0.49336
2018,baseball,2018-05-28,True,82.0,197602,New Mexico St.,40,20,0.67766,0.46976,0.50026,0.52936
2018,baseball,2018-05-28,True,145.0,197604,New Orleans,29,32,0.47861,0.51461,0.50407,0.50297
2018,baseball,2018-05-28,True,251.0,197606,Niagara,24,27,0.50633,0.39766,0.47844,0.44502
2018,baseball,2018-05-28,True,189.0,197607,Nicholls,28,32,0.44203,0.49557,0.50075,0.48348
2018,baseball,2018-05-28,True,292.0,197608,Norfolk St.,19,30,0.3797,0.36249,0.43319,0.38447
2018,baseball,2018-05-28,True,8.0,197593,North Carolina,38,18,0.67379,0.59263,0.5386,0.59941
2018,baseball,2018-05-28,True,224.0,197612,North Dakota St.,26,24,0.54334,0.43126,0.46236,0.46705
2018,baseball,2018-05-28,True,115.0,197734,North Florida,28,28,0.46443,0.53884,0.51643,0.51464
2018,baseball,2018-05-28,True,35.0,197614,Northeastern,36,19,0.67486,0.53718,0.51003,0.56481
2018,baseball,2018-05-28,True,195.0,197615,Northern Colo.,29,24,0.53479,0.45041,0.49436,0.48249
2018,baseball,2018-05-28,True,274.0,197617,Northern Ky.,14,39,0.29175,0.47316,0.4747,0.42819
2018,baseball,2018-05-28,True,229.0,197619,Northwestern,17,32,0.36694,0.4879,0.51615,0.46472
2018,baseball,2018-05-28,True,96.0,197618,Northwestern St.,37,22,0.63055,0.47811,0.49912,0.52147
2018,baseball,2018-05-28,True,99.0,197620,Notre Dame,24,30,0.43529,0.55811,0.52942,0.52023
2018,baseball,2018-05-28,True,246.0,197621,Oakland,15,32,0.35214,0.48759,0.47696,0.45107
2018,baseball,2018-05-28,True,273.0,197623,Ohio,21,32,0.42694,0.40792,0.47995,0.43068
2018,baseball,2018-05-28,True,37.0,197622,Ohio St.,36,22,0.61181,0.56533,0.51161,0.56352
2018,baseball,2018-05-28,True,41.0,197625,Oklahoma,36,23,0.58302,0.56136,0.53623,0.56049
2018,baseball,2018-05-28,True,40.0,197624,Oklahoma St.,29,24,0.56098,0.5757,0.53164,0.561
2018,baseball,2018-05-28,True,250.0,197626,Old Dominion,15,37,0.25251,0.51181,0.50519,0.44533
2018,baseball,2018-05-28,True,3.0,197586,Ole Miss,46,15,0.75455,0.56124,0.55034,0.60684
2018,baseball,2018-05-28,True,282.0,197598,Omaha,15,35,0.30474,0.43807,0.4731,0.4135
2018,baseball,2018-05-28,True,121.0,197627,Oral Roberts,38,18,0.68008,0.43948,0.49079,0.51246
2018,baseball,2018-05-28,True,102.0,197629,Oregon,26,29,0.45436,0.55028,0.52177,0.51917
2018,baseball,2018-05-28,True,6.0,197628,Oregon St.,44,10,0.80507,0.54102,0.53523,0.60558
2018,baseball,2018-05-28,True,171.0,197630,Pacific,22,29,0.44444,0.5055,0.50101,0.48911
2018,baseball,2018-05-28,True,268.0,197633,Penn,16,25,0.46475,0.4043,0.47072,0.43602
2018,baseball,2018-05-28,True,241.0,197632,Penn St.,15,34,0.29938,0.50734,0.50589,0.45499
2018,baseball,2018-05-28,True,105.0,197634,Pepperdine,31,24,0.54579,0.5113,0.50487,0.51831
2018,baseball,2018-05-28,True,116.0,197635,Pittsburgh,29,26,0.50564,0.51721,0.51806,0.51453
2018,baseball,2018-05-28,True,178.0,197636,Portland,23,30,0.41698,0.51541,0.49882,0.48665
2018,baseball,2018-05-28,True,289.0,197637,Prairie View,14,40,0.25407,0.43853,0.4651,0.39905
2018,baseball,2018-05-28,True,280.0,197731,Presbyterian,15,39,0.26506,0.46879,0.48231,0.42123
2018,baseball,2018-05-28,True,275.0,197638,Princeton,10,27,0.30518,0.46288,0.48099,0.42798
2018,baseball,2018-05-28,True,30.0,197639,Purdue,37,19,0.67932,0.54075,0.51371,0.56864
2018,baseball,2018-05-28,True,291.0,197544,Purdue Fort Wayne,11,37,0.23543,0.4208,0.46395,0.38524
2018,baseball,2018-05-28,True,219.0,197640,Quinnipiac,26,30,0.5272,0.43822,0.47621,0.46996
2018,baseball,2018-05-28,True,216.0,197641,Radford,25,32,0.4692,0.45417,0.50329,0.47021
2018,baseball,2018-05-28,True,103.0,197642,Rhode Island,24,27,0.51333,0.53022,0.50022,0.5185
2018,baseball,2018-05-28,True,94.0,197643,Rice,26,31,0.43773,0.56805,0.51464,0.52212
2018,baseball,2018-05-28,True,118.0,197644,Richmond,32,24,0.56098,0.50019,0.49401,0.51384
2018,baseball,2018-05-28,True,288.0,197645,Rider,12,35,0.27404,0.43938,0.44794,0.40019
2018,baseball,2018-05-28,True,168.0,197646,Rutgers,25,25,0.50317,0.47346,0.51535,0.49136
2018,baseball,2018-05-28,True,256.0,197679,SFA,17,36,0.31187,0.48145,0.49494,0.44243
2018,baseball,2018-05-28,True,221.0,197672,SIUE,15,37,0.32885,0.53242,0.483,0.46917
2018,baseball,2018-05-28,True,112.0,197480,Sacramento St.,35,25,0.58291,0.49437,0.49205,0.51592
2018,baseball,2018-05-28,True,262.0,197647,Sacred Heart,17,35,0.36887,0.4601,0.46984,0.43973
2018,baseball,2018-05-28,True,232.0,197650,Saint Joseph's,21,27,0.43902,0.46353,0.48839,0.46362
2018,baseball,2018-05-28,True,91.0,197651,Saint Louis,38,18,0.65872,0.46649,0.50006,0.52294
2018,baseball,2018-05-28,True,146.0,197652,Saint Mary's (CA),31,23,0.60196,0.44569,0.51537,0.50218
2018,baseball,2018-05-28,True,295.0,197653,Saint Peter's,2,42,0.06118,0.45033,0.45732,0.35479
2018,baseball,2018-05-28,True,51.0,197654,Sam Houston,39,20,0.63423,0.53207,0.50911,0.55187
2018,baseball,2018-05-28,True,98.0,197655,Samford,36,24,0.57576,0.50235,0.50353,0.521
2018,baseball,2018-05-28,True,131.0,197657,San Diego,23,32,0.4085,0.55454,0.50809,0.50642
2018,baseball,2018-05-28,True,49.0,197656,San Diego St.,39,19,0.65434,0.51984,0.52072,0.55368
2018,baseball,2018-05-28,True,175.0,197658,San Francisco,28,30,0.47183,0.4843,0.50936,0.48745
2018,baseball,2018-05-28,True,136.0,197659,San Jose St.,27,30,0.48295,0.5181,0.5015,0.50516
2018,baseball,2018-05-28,True,164.0,197660,Santa Clara,26,26,0.49402,0.47923,0.51629,0.49219
2018,baseball,2018-05-28,True,293.0,197661,Savannah St.,7,34,0.16462,0.4568,0.45657,0.3837
2018,baseball,2018-05-28,True,170.0,197732,Seattle U,34,23,0.5448,0.45915,0.49664,0.48994
2018,baseball,2018-05-28,True,71.0,197662,Seton Hall,30,20,0.61237,0.52176,0.49494,0.53771
2018,baseball,2018-05-28,True,238.0,197663,Siena,21,35,0.40688,0.4674,0.4836,0.45632
2018,baseball,2018-05-28,True,50.0,197664,South Alabama,32,25,0.58285,0.55128,0.52747,0.55322
2018,baseball,2018-05-28,True,44.0,197665,South Carolina,33,24,0.54023,0.57879,0.53651,0.55858
2018,baseball,2018-05-28,True,242.0,197666,South Dakota St.,18,32,0.40359,0.47635,0.46125,0.45438
2018,baseball,2018-05-28,True,19.0,197667,South Fla.,35,20,0.60159,0.59011,0.529,0.5777
2018,baseball,2018-05-28,True,193.0,197668,Southeast Mo. St.,27,30,0.47619,0.48017,0.49415,0.48267
2018,baseball,2018-05-28,True,79.0,197669,Southeastern La.,37,22,0.59964,0.50645,0.51176,0.53108
2018,baseball,2018-05-28,True,129.0,197670,Southern California,26,28,0.46139,0.51821,0.53,0.50696
2018,baseball,2018-05-28,True,137.0,197671,Southern Ill.,28,30,0.48713,0.51349,0.5058,0.50498
2018,baseball,2018-05-28,True,38.0,197673,Southern Miss.,43,16,0.7121,0.50641,0.5265,0.56286
2018,baseball,2018-05-28,True,287.0,197674,Southern U.,9,33,0.23664,0.45644,0.45615,0.40142
2018,baseball,2018-05-28,True,279.0,197648,St. Bonaventure,10,33,0.2623,0.47548,0.4731,0.42159
2018,baseball,2018-05-28,True,27.0,197649,St. John's (NY),39,15,0.7341,0.52099,0.5046,0.57017
2018,baseball,2018-05-28,True,2.0,197678,Stanford,44,10,0.81667,0.54383,0.53413,0.60961
2018,baseball,2018-05-28,True,5.0,197680,Stetson,45,11,0.80652,0.54716,0.52355,0.6061
2018,baseball,2018-05-28,True,186.0,197681,Stony Brook,32,25,0.54762,0.45605,0.47881,0.48463
2018,baseball,2018-05-28,True,58.0,197686,TCU,33,23,0.56582,0.5455,0.53275,0.54739
2018,baseball,2018-05-28,True,78.0,197683,Tennessee,29,27,0.47358,0.55819,0.53946,0.53235
2018,baseball,2018-05-28,True,18.0,197682,Tennessee Tech,48,9,0.83422,0.48569,0.50716,0.57819
2018,baseball,2018-05-28,True,21.0,197690,Texas,37,20,0.62698,0.56971,0.53761,0.576
2018,baseball,2018-05-28,True,15.0,197685,Texas A&M,39,20,0.62977,0.5785,0.54506,0.58296
2018,baseball,2018-05-28,True,187.0,197687,Texas Southern,27,26,0.56809,0.44566,0.47823,0.48441
2018,baseball,2018-05-28,True,124.0,197676,Texas St.,30,28,0.49381,0.51028,0.5291,0.51087
2018,baseball,2018-05-28,True,10.0,197688,Texas Tech,39,17,0.70077,0.57634,0.53848,0.59798
2018,baseball,2018-05-28,True,248.0,197494,The Citadel,19,34,0.31934,0.48613,0.50199,0.4484
2018,baseball,2018-05-28,True,206.0,197692,Toledo,22,33,0.41973,0.49656,0.49067,0.47588
2018,baseball,2018-05-28,True,278.0,197693,Towson,13,42,0.24584,0.48598,0.48097,0.42469
2018,baseball,2018-05-28,True,39.0,197694,Troy,41,19,0.67535,0.5268,0.52244,0.56284
2018,baseball,2018-05-28,True,87.0,197695,Tulane,25,33,0.39319,0.59378,0.52513,0.52647
2018,baseball,2018-05-28,True,204.0,197449,UAB,21,33,0.36413,0.51799,0.50609,0.47655
2018,baseball,2018-05-28,True,253.0,197450,UAlbany,20,28,0.44856,0.42308,0.4771,0.44296
2018,baseball,2018-05-28,True,222.0,197483,UC Davis,18,35,0.33786,0.51681,0.50359,0.46877
2018,baseball,2018-05-28,True,111.0,197484,UC Irvine,32,24,0.56537,0.491,0.51677,0.51603
2018,baseball,2018-05-28,True,240.0,197486,UC Riverside,19,33,0.34808,0.47899,0.51699,0.45577
2018,baseball,2018-05-28,True,190.0,197481,UC Santa Barbara,27,28,0.45363,0.48695,0.50613,0.48341
2018,baseball,2018-05-28,True,43.0,197490,UCF,35,21,0.59091,0.55619,0.53192,0.5588
2018,baseball,2018-05-28,True,28.0,197485,UCLA,36,19,0.65551,0.5468,0.52947,0.56965
2018,baseball,2018-05-28,True,16.0,197498,UConn,35,20,0.69052,0.55179,0.53233,0.58161
2018,baseball,2018-05-28,True,174.0,197541,UIC,30,18,0.62238,0.42178,0.48619,0.48803
2018,baseball,2018-05-28,True,180.0,197735,UIW,29,26,0.5,0.47684,0.49155,0.48631
2018,baseball,2018-05-28,True,196.0,197613,ULM,23,31,0.42292,0.49582,0.51123,0.48145
2018,baseball,2018-05-28,True,236.0,197571,UMBC,22,29,0.43764,0.45652,0.4829,0.4584
2018,baseball,2018-05-28,True,296.0,197573,UMES,12,41,0.23247,0.35143,0.43205,0.34185
2018,baseball,2018-05-28,True,183.0,197565,UMass Lowell,25,29,0.50499,0.47417,0.48904,0.4856
2018,baseball,2018-05-28,True,271.0,197592,UNC Asheville,13,38,0.26964,0.48733,0.49108,0.43384
2018,baseball,2018-05-28,True,70.0,197595,UNC Greensboro,39,15,0.6954,0.47783,0.50448,0.53889
2018,baseball,2018-05-28,True,65.0,197596,UNCW,37,21,0.6007,0.52653,0.51025,0.541
2018,baseball,2018-05-28,True,73.0,197599,UNLV,35,24,0.59693,0.51556,0.51887,0.53673
2018,baseball,2018-05-28,True,237.0,197737,USC Upstate,23,28,0.39798,0.46655,0.49701,0.45702
2018,baseball,2018-05-28,True,185.0,197689,UT Arlington,22,35,0.36347,0.52882,0.5178,0.48473
2018,baseball,2018-05-28,True,258.0,197684,UT Martin,11,40,0.24459,0.51197,0.50053,0.44227
2018,baseball,2018-05-28,True,235.0,197631,UTRGV,23,31,0.40278,0.47429,0.48936,0.46018
2018,baseball,2018-05-28,True,97.0,197691,UTSA,32,24,0.54758,0.51311,0.51047,0.52107
2018,baseball,2018-05-28,True,217.0,197699,Utah,16,39,0.29787,0.53328,0.51625,0.47017
2018,baseball,2018-05-28,True,247.0,197743,Utah Valley,15,37,0.32851,0.48789,0.49491,0.4498
2018,baseball,2018-05-28,True,130.0,197703,VCU,34,23,0.5838,0.46937,0.50346,0.5065
2018,baseball,2018-05-28,True,173.0,197704,VMI,26,27,0.49287,0.48008,0.50079,0.48845
2018,baseball,2018-05-28,True,199.0,197700,Valparaiso,19,34,0.40713,0.5024,0.51044,0.48059
2018,baseball,2018-05-28,True,42.0,197701,Vanderbilt,31,25,0.52063,0.59052,0.53938,0.56027
2018,baseball,2018-05-28,True,283.0,197702,Villanova,9,39,0.2,0.4864,0.48014,0.41323
2018,baseball,2018-05-28,True,84.0,197706,Virginia,29,25,0.49187,0.5444,0.52776,0.52711
2018,baseball,2018-05-28,True,151.0,197705,Virginia Tech,21,33,0.38596,0.54279,0.52851,0.50001
2018,baseball,2018-05-28,True,77.0,197707,Wagner,38,18,0.7427,0.46338,0.46504,0.53362
2018,baseball,2018-05-28,True,74.0,197708,Wake Forest,25,32,0.42407,0.60015,0.52071,0.53627
2018,baseball,2018-05-28,True,64.0,197710,Washington,30,23,0.54597,0.54945,0.52513,0.5425
2018,baseball,2018-05-28,True,205.0,197709,Washington St.,16,33,0.3082,0.53751,0.52137,0.47615
2018,baseball,2018-05-28,True,52.0,197711,West Virginia,29,27,0.52481,0.57806,0.52344,0.55109
2018,baseball,2018-05-28,True,243.0,197712,Western Caro.,11,47,0.18448,0.56667,0.48986,0.45192
2018,baseball,2018-05-28,True,277.0,197713,Western Ill.,17,31,0.37011,0.43266,0.47338,0.42721
2018,baseball,2018-05-28,True,212.0,197714,Western Ky.,21,31,0.38654,0.49639,0.51489,0.47355
2018,baseball,2018-05-28,True,203.0,197715,Western Mich.,23,25,0.47071,0.47551,0.48561,0.47684
2018,baseball,2018-05-28,True,54.0,197716,Wichita St.,35,21,0.60971,0.52737,0.53369,0.54953
2018,baseball,2018-05-28,True,244.0,197717,William & Mary,15,39,0.24699,0.53145,0.49701,0.45173
2018,baseball,2018-05-28,True,211.0,197718,Winthrop,25,31,0.434,0.48883,0.48285,0.47363
2018,baseball,2018-05-28,True,93.0,197736,Wofford,36,23,0.59662,0.50044,0.49228,0.52244
2018,baseball,2018-05-28,True,62.0,197720,Wright St.,39,15,0.75882,0.4616,0.49625,0.54457
2018,baseball,2018-05-28,True,159.0,197721,Xavier,20,35,0.41487,0.5334,0.49725,0.49473
2018,baseball,2018-05-28,True,200.0,197722,Yale,22,21,0.52257,0.46157,0.47531,0.48026
2018,baseball,2018-05-28,True,254.0,197723,Youngstown St.,18,38,0.35189,0.47434,0.47007,0.44266
