id,Player_id,Player_Name,team_id,year,round,pick,Bonus_round,classification_drafted,signed,signing_bonus,pick_value,pick_differential,draft_position
1,279,"Skenes, Paul",422,2023,1,1,TRUE,4YR JR,TRUE,9200000,9721000,-0.054,RHP
2,16209,"Crews, Dylan",422,2023,1,2,TRUE,4YR JR,TRUE,9000000,8998500,0,OF
3,10093,"Langford, Wyatt",265,2023,1,4,TRUE,4YR JR,TRUE,8000000,7698000,0.039,OF
4,4361,"Wilson, Jacob",116,2023,1,6,TRUE,4YR JR,TRUE,5500000,6634000,-0.171,SS
5,33425,"Lowder, Rhett",864,2023,1,7,TRUE,4YR JR,TRUE,5700000,6275200,-0.092,RHP
6,10733,"Dollander, Chase",776,2023,1,9,TRUE,4YR JR,TRUE,5716900,5716900,0,RHP
7,9985,"Schanuel, Nolan",262,2023,1,11,TRUE,4YR JR,TRUE,5253000,5253000,0,1B
8,29141,"Troy, Tommy",753,2023,1,12,TRUE,4YR JR,TRUE,4400000,5043800,-0.128,SS
9,17133,"Shaw, Matt",446,2023,1,13,TRUE,4YR JR,TRUE,4848500,4848500,0,SS
10,33161,"Teel, Kyle",856,2023,1,14,TRUE,4YR JR,TRUE,4000000,4663100,-0.142,C
11,22561,"Gonzalez, Jacob",584,2023,1,15,TRUE,4YR JR,TRUE,3900000,4488600,-0.131,SS
12,32980,"Bradfield Jr., Enrique",852,2023,1,17,TRUE,4YR JR,TRUE,4169700,4169700,0,OF
13,33446,"Wilken, Brock",864,2023,1,18,TRUE,4YR JR,TRUE,3150000,4021400,-0.217,3B
14,29928,"Taylor, Brayden",775,2023,1,19,TRUE,4YR JR,TRUE,3877600,3880100,-0.001,SS
15,1196,"Davis, Chase",31,2023,1,21,TRUE,4YR JR,TRUE,3618200,3618200,0,OF
16,27896,"Waldrep, Hurston",265,2023,1,24,TRUE,4YR JR,TRUE,2997500,3270500,-0.084,RHP
17,20187,"Matthews, Brice",525,2023,1,28,TRUE,4YR JR,TRUE,2478200,2880700,-0.14,SS
18,16216,"Floyd, Ty",422,2023,1,38,TRUE,4YR JR,TRUE,2097500,2255100,-0.07,RHP
19,17987,"Morales, Yohandy",469,2023,2,40,TRUE,4YR JR,TRUE,2600000,2144700,0.212,3B
20,25347,"Lasko, Ryan",660,2023,2,41,TRUE,4YR JR,TRUE,1700000,2094900,-0.189,OF
21,18095,"Jebb, Mitch",472,2023,2,42,TRUE,4YR JR,TRUE,1647500,2045900,-0.195,SS
22,20164,"Anderson, Max",525,2023,2,45,TRUE,4YR JR,TRUE,1429650,1906200,-0.25,2B
23,44588,"Sullivan, Sean",864,2023,2,46,TRUE,4YR SO,TRUE,1700000,1868400,-0.09,LHP
24,22546,"Alderman, Kemp",584,2023,2,47,TRUE,4YR JR,TRUE,1400000,1825300,-0.233,OF
25,5487,"Groover III, Gino",523,2023,2,48,TRUE,4YR JR,TRUE,1783000,1783000,0,3B
26,26424,"Keaschall, Luke",32,2023,2,49,TRUE,4YR JR,TRUE,1500000,1741500,-0.139,2B
27,42667,"Taylor, Grant",422,2023,2,51,TRUE,4YR SO,TRUE,1659800,1659800,0,RHP
28,20887,"Horvath, Mac",543,2023,2,53,TRUE,4YR JR,TRUE,1400000,1582900,-0.116,OF
29,22625,"Boeve, Mike",586,2023,2,54,TRUE,4YR JR,TRUE,1250000,1546100,-0.192,3B
30,26291,"Ledbetter, Colton",488,2023,2,55,TRUE,4YR JR,TRUE,1297500,1509800,-0.141,OF
31,10110,"Sproat, Brandon",265,2023,2,56,TRUE,4YR SR,TRUE,1474500,1474500,0,RHP
32,35180,"Williamson, Ben",910,2023,2,57,TRUE,4YR SR,TRUE,600000,1436500,-0.582,3B
33,48898,"Hackenberg, Drue",858,2023,2,59,TRUE,4YR SO,TRUE,1997500,1369300,0.459,RHP
34,33136,"Gelof, Jake",856,2023,2,60,TRUE,4YR JR,TRUE,1334400,1336900,-0.002,3B
35,48294,"Tredwell, Alonzo",815,2023,2,61,TRUE,4YR SO,TRUE,1497500,1304900,0.148,RHP
36,18000,"Walters, Andrew",469,2023,2,62,TRUE,4YR SR,TRUE,955275,1273700,-0.25,RHP
37,40409,"Baumeister, Jackson",267,2023,2,63,TRUE,4YR SO,TRUE,1605100,1243300,0.291,RHP
38,5997,"Grice, Caden",160,2023,2,64,TRUE,4YR JR,TRUE,1250000,1213200,0.03,LHP
39,26350,"Carrigg, Cole",685,2023,2,65,TRUE,4YR JR,TRUE,1300000,1184100,0.098,C
40,16068,"Roccaforte, Carson",419,2023,2,66,TRUE,4YR JR,TRUE,897500,1158900,-0.226,OF
41,1436,"Wiggins, Jaxon",36,2023,2,68,TRUE,4YR JR,TRUE,1401500,1101000,0.273,RHP
42,24173,"Whitman, Joe",371,2023,2,69,TRUE,4YR JR,TRUE,805575,1074100,-0.25,LHP
43,4469,"Kuehler, Cade",120,2023,2,70,TRUE,4YR JR,TRUE,1045000,1047500,-0.002,RHP
44,22752,"Forrester, Garret",589,2023,3,73,TRUE,4YR JR,TRUE,772500,990300,-0.22,3B
45,50614,"Hollan, Hunter",36,2023,3,74,TRUE,4YR JR,TRUE,597500,975100,-0.387,LHP
46,27417,"Mahoney, Jack",710,2023,3,77,TRUE,4YR JR,TRUE,925000,930600,-0.006,RHP
47,18117,"Vradenburg, Brock",472,2023,3,78,TRUE,4YR JR,TRUE,916000,916000,0,1B
48,29136,"Rios, Alberto",753,2023,3,79,TRUE,4YR JR,TRUE,847500,901500,-0.06,3B
49,33207,"Hurley, Jack",858,2023,3,80,TRUE,4YR JR,TRUE,887000,887000,0,OF
50,10105,"Rivera, Josh",265,2023,3,81,TRUE,4YR SR,TRUE,725000,872400,-0.169,SS
51,33422,"Keener, Seth",864,2023,3,84,TRUE,4YR JR,TRUE,800000,833900,-0.041,RHP
52,1654,"Foster, Cole",43,2023,3,85,TRUE,4YR JR,TRUE,747500,820900,-0.089,SS
53,4584,"Lord, Kiefer",870,2023,3,86,TRUE,4YR JR,TRUE,760000,808200,-0.06,RHP
54,16231,"Morgan, Tre'",422,2023,3,88,TRUE,4YR JR,TRUE,781300,783800,-0.003,1B
55,15956,"Watts-Brown, Juaron",581,2023,3,89,TRUE,4YR JR,TRUE,1002785,771500,0.3,RHP
56,3379,"Honeyman, Travis",87,2023,3,90,TRUE,4YR JR,TRUE,700000,759600,-0.079,OF
57,22453,"McLean, Nolan",581,2023,3,91,TRUE,4YR JR,TRUE,747600,747600,0,TWP
58,33429,"McGraw, Teddy",864,2023,3,92,TRUE,4YR JR,TRUE,600000,736400,-0.185,RHP
59,17982,"Kayfus, C.J.",469,2023,3,93,TRUE,4YR JR,TRUE,700000,725300,-0.035,OF
60,58474,"Ceballos, Sabin",588,2023,3,94,TRUE,4YR SO,TRUE,597500,714100,-0.163,SS
61,14730,"Bloss, Jake",291,2023,3,99,TRUE,--,TRUE,497500,678500,-0.267,RHP
62,14027,"Josenberger, Tavian",36,2023,3,100,TRUE,4YR JR,TRUE,603000,671800,-0.102,OF
63,20263,"Morris, Kade",527,2023,3,101,TRUE,4YR JR,TRUE,666500,666500,0,RHP
64,346,"Pinckney, Andrew",8,2023,4,102,TRUE,4YR SR,TRUE,500000,660000,-0.242,OF
65,34342,"Reed, Carlson",888,2023,4,104,TRUE,4YR JR,TRUE,597500,646900,-0.076,RHP
66,33010,"Owen, Hunter",852,2023,4,106,TRUE,4YR JR,TRUE,631700,634200,-0.004,LHP
67,26512,"Hales, Skylar",689,2023,4,108,TRUE,4YR JR,TRUE,565000,621700,-0.091,RHP
68,22190,"Coupet, Isaiah",576,2023,4,109,TRUE,4YR JR,TRUE,600000,615500,-0.025,LHP
69,20188,"Olson, Emmett",525,2023,4,110,TRUE,4YR JR,TRUE,460000,609600,-0.245,LHP
70,59746,"Redfield, Joe",682,2023,4,111,TRUE,4YR JR,TRUE,472500,603600,-0.217,OF
71,338,"Hitt, Grayson",8,2023,4,112,TRUE,4YR JR,TRUE,1200000,597500,1.008,LHP
72,27425,"Sanders, Will",710,2023,4,113,TRUE,4YR JR,TRUE,600000,591800,0.014,RHP
73,27874,"Hall, Tanner",722,2023,4,114,TRUE,4YR JR,TRUE,510000,586000,-0.13,RHP
74,4500,"Duffy, Matthew",121,2023,4,115,TRUE,4YR JR,TRUE,350000,580200,-0.397,RHP
75,22563,"Harris, Calvin",584,2023,4,116,TRUE,4YR JR,TRUE,600000,574600,0.044,C
76,14007,"Ahuna, Maui",776,2023,4,117,TRUE,4YR JR,TRUE,497500,569100,-0.126,SS
77,30370,"Wells, Levi",785,2023,4,118,TRUE,4YR JR,TRUE,500000,563600,-0.113,RHP
78,9839,"Woodward, Jason",258,2023,4,119,TRUE,4YR JR,TRUE,247500,557900,-0.556,RHP
79,1240,"Haas, Hunter",782,2023,4,120,TRUE,4YR JR,TRUE,534000,552500,-0.034,SS
80,29129,"Mathews, Quinn",753,2023,4,122,TRUE,4YR SR,TRUE,600000,541700,0.108,LHP
81,14267,"Hudepohl, Wyatt",145,2023,4,123,TRUE,4YR JR,TRUE,500000,536500,-0.068,RHP
82,6005,"Ingle, Cooper",160,2023,4,125,TRUE,4YR JR,TRUE,400000,526200,-0.24,C
83,10164,"Crowell, Wyatt",267,2023,4,127,TRUE,4YR JR,TRUE,647500,516800,0.253,LHP
84,11507,"Bush Jr., Homer",302,2023,4,128,TRUE,4YR JR,TRUE,511600,511600,0,OF
85,44929,"Riggio, Roc",581,2023,4,129,TRUE,4YR SO,TRUE,693000,506800,0.367,2B
86,38579,"Fisher, Cameron",145,2023,4,131,TRUE,4YR SR,TRUE,497500,497600,0,OF
87,40788,"Campbell, Kristian",295,2023,4,132,TRUE,4YR SO,TRUE,492700,492700,0,SS
88,36157,"Riemer, Justin",936,2023,4,133,TRUE,4YR JR,TRUE,500000,487800,0.025,SS
89,18824,"Troesser, Austin",490,2023,4,135,TRUE,4YR JR,TRUE,350000,478200,-0.268,RHP
90,30128,"Campbell, Dylan",781,2023,4,136,TRUE,4YR JR,TRUE,497500,473700,0.05,OF
91,18152,"Swan, Eriq",473,2023,4,137,TRUE,4YR JR,TRUE,466500,469000,-0.005,RHP
92,22431,"Brown, Marcus",581,2023,5,138,TRUE,4YR JR,TRUE,350000,464400,-0.246,SS
93,30179,"Dettmer, Nathan",782,2023,5,139,TRUE,4YR JR,TRUE,425000,459800,-0.076,RHP
94,33012,"Reilly, Patrick",852,2023,5,140,TRUE,4YR JR,TRUE,453100,455600,-0.006,RHP
95,15918,"Burns, Connor",416,2023,5,141,TRUE,4YR JR,TRUE,448600,451100,-0.006,C
96,18895,"Nivens, Spencer",492,2023,5,142,TRUE,4YR JR,TRUE,472500,446700,0.058,OF
97,18134,"Hamm, Jaden",473,2023,5,143,TRUE,4YR JR,TRUE,397500,442200,-0.101,RHP
98,17994,"Rosario, Alejandro",469,2023,5,144,TRUE,4YR JR,TRUE,437900,437900,0,RHP
99,31555,"Karros, Kyle",815,2023,5,145,TRUE,4YR JR,TRUE,433500,433500,0,3B
100,5492,"Lindsey, Andrew",776,2023,5,146,TRUE,4YR 5S,TRUE,340000,429400,-0.208,RHP
101,41146,"Clark, Chris",318,2023,5,147,TRUE,4YR JR,TRUE,318825,425100,-0.25,RHP
102,26340,"Sim, Kevin",684,2023,5,148,TRUE,4YR JR,TRUE,375000,421100,-0.11,3B
103,7527,"Carico, Michael",198,2023,5,149,TRUE,4YR JR,TRUE,400000,416900,-0.041,C
104,1532,"Early, Connelly",856,2023,5,151,TRUE,4YR JR,TRUE,408500,408500,0,LHP
105,16460,"McDaniel, Quinn",429,2023,5,153,TRUE,4YR JR,TRUE,300450,400600,-0.25,2B
106,5478,"Cunningham, Jake",145,2023,5,154,TRUE,4YR JR,TRUE,375000,396700,-0.055,OF
107,18063,"O'Halloran, Connor",471,2023,5,157,TRUE,4YR JR,TRUE,337500,385000,-0.123,LHP
108,43284,"Levenson, Zach",469,2023,5,158,TRUE,4YR JR,TRUE,381300,381300,0,OF
109,54363,"Thornton, Zach",302,2023,5,159,TRUE,4YR JR,TRUE,350000,378000,-0.074,LHP
110,49608,"Rodden, Brock",906,2023,5,160,TRUE,4YR JR,TRUE,200000,374400,-0.466,SS
111,16175,"Knapczyk, Christian",421,2023,5,161,TRUE,4YR JR,TRUE,385000,371000,0.038,SS
112,3402,"Vetrano, Joe",87,2023,5,163,TRUE,4YR JR,TRUE,397500,364400,0.091,1B
113,16214,"Dugas, Gavin",422,2023,6,165,TRUE,4YR 5S,TRUE,20000,357500,-0.944,2B
114,58464,"Cox, Jonah",587,2023,6,166,TRUE,4YR JR,TRUE,300000,354500,-0.154,OF
115,33421,"Furtado, Hunter",8,2023,6,167,TRUE,4YR JR,TRUE,348900,351400,-0.007,LHP
116,21496,"O'Donnell, Ethan",856,2023,6,168,TRUE,4YR JR,TRUE,307500,348400,-0.117,OF
117,12107,"Picard, Coleman",97,2023,6,169,TRUE,4YR JR,TRUE,343000,345500,-0.007,RHP
118,31052,"Lee, Bennett",864,2023,6,170,TRUE,4YR JR,TRUE,297500,342400,-0.131,C
119,22671,"Denton, Cade",587,2023,6,172,TRUE,4YR JR,TRUE,500000,336700,0.485,RHP
120,11235,"DeLeo, Jake",295,2023,6,173,TRUE,4YR JR,TRUE,300000,333900,-0.102,OF
121,33432,"Minacci, Camden",864,2023,6,174,TRUE,4YR JR,TRUE,328500,331000,-0.008,RHP
122,40379,"Abner, Philip",265,2023,6,175,TRUE,4YR SO,TRUE,300000,328300,-0.086,LHP
123,23250,"Harry, Jay",601,2023,6,177,TRUE,4YR JR,TRUE,175000,322900,-0.458,SS
124,27434,"Weins, CJ",893,2023,6,178,TRUE,4YR 5S,TRUE,50000,320200,-0.844,RHP
125,30137,"Gordon, Lucas",781,2023,6,179,TRUE,4YR JR,TRUE,300000,317400,-0.055,LHP
126,17134,"Shliger, Luke",446,2023,6,180,TRUE,4YR JR,TRUE,272500,314800,-0.134,C
127,26269,"Cravey, Jacob",683,2023,6,181,TRUE,4YR JR,TRUE,300000,312300,-0.039,RHP
128,1214,"Nichols, T.J.",31,2023,6,183,TRUE,4YR JR,TRUE,304800,307300,-0.008,RHP
129,22390,"Bohrofen, Jace",36,2023,6,184,TRUE,4YR JR,TRUE,302200,304700,-0.008,OF
130,17131,"Savacool, Jason",446,2023,6,185,TRUE,4YR JR,TRUE,302300,302300,0,RHP
131,19845,"Wenninger, Jack",345,2023,6,186,TRUE,4YR JR,TRUE,225000,299800,-0.25,RHP
132,6293,"Hopkins, Brody",919,2023,6,187,TRUE,4YR JR,TRUE,225000,297400,-0.243,RHP
133,48997,"Hawke, Tommy",864,2023,6,188,TRUE,4YR SO,TRUE,295000,295000,0,OF
134,26309,"Braun, Lucas",190,2023,6,189,TRUE,4YR SR,TRUE,347500,292700,0.187,RHP
135,21476,"Beshears, Jay",217,2023,6,191,TRUE,4YR JR,TRUE,250000,287700,-0.131,2B
136,18746,"Smith, Cade",488,2023,6,192,TRUE,4YR JR,TRUE,282900,285400,-0.009,RHP
137,18525,"Klassen, George",483,2023,6,193,TRUE,4YR JR,TRUE,297500,282900,0.052,RHP
138,36400,"Pecko, Ethan",793,2023,6,194,TRUE,4YR JR,TRUE,247500,280700,-0.118,RHP
139,14928,"Snell, Ryan",388,2023,7,195,TRUE,4YR 5S,TRUE,20000,278400,-0.928,C
140,4115,"Nankil, Nate",109,2023,7,196,TRUE,4YR JR,TRUE,300000,276100,0.087,OF
141,11140,"Woods, Jaden",292,2023,7,197,TRUE,4YR JR,TRUE,271300,273800,-0.009,LHP
142,17991,"Pitelli, Dominic",469,2023,7,198,TRUE,4YR JR,TRUE,222500,271600,-0.181,SS
143,30203,"Werner, Trevor",782,2023,7,199,TRUE,4YR SR,TRUE,350000,269200,0.3,TWP
144,23466,"Peck, John",607,2023,7,200,TRUE,4YR JR,TRUE,222500,267000,-0.167,SS
145,18791,"Halvorsen, Seth",776,2023,7,202,TRUE,4YR 5S,TRUE,200000,263200,-0.24,RHP
146,27891,"Storm, Justin",722,2023,7,203,TRUE,4YR JR,TRUE,241000,261000,-0.077,LHP
147,33654,"Fontenelle, Cole",775,2023,7,204,TRUE,4YR JR,TRUE,256400,258900,-0.01,3B
148,29111,"Bruno, Ryan",753,2023,7,205,TRUE,4YR JR,TRUE,140000,256700,-0.455,LHP
149,3020,"Santos, Nolan",77,2023,7,207,TRUE,4YR SR,TRUE,75000,252500,-0.703,RHP
150,353,"Rose, Caden",8,2023,7,208,TRUE,4YR JR,TRUE,150000,250300,-0.401,OF
151,45494,"Bandura, Scott",623,2023,7,210,TRUE,4YR JR,TRUE,197500,246500,-0.199,OF
152,6130,"Sharkey, Teddy",163,2023,7,211,TRUE,4YR JR,TRUE,215000,244400,-0.12,RHP
153,16176,"Kuehner, Tate",421,2023,7,212,TRUE,4YR SR,TRUE,72500,242400,-0.701,LHP
154,11431,"Wild, Owen",299,2023,7,213,TRUE,4YR JR,TRUE,238100,240600,-0.01,RHP
155,14065,"Goodwin, Nick",367,2023,7,214,TRUE,4YR JR,TRUE,236200,238700,-0.011,SS
156,31553,"Harrison, Charles",815,2023,7,215,TRUE,4YR SR,TRUE,236700,236700,0,RHP
157,1113,"Hall, Noah",710,2023,7,216,TRUE,4YR SR,TRUE,176250,235000,-0.25,RHP
158,4459,"Cummings, Ty",120,2023,7,217,TRUE,4YR JR,TRUE,225000,232900,-0.034,RHP
159,39605,"Mooney, Alex",217,2023,7,218,TRUE,4YR SO,TRUE,1000000,231300,3.323,SS
160,24785,"Long, Justin",643,2023,7,219,TRUE,4YR JR,TRUE,172500,229400,-0.248,RHP
161,16892,"Copen, Patrick",440,2023,7,220,TRUE,4YR JR,TRUE,225500,228000,-0.011,RHP
162,50545,"Romero, Kiko",31,2023,7,222,TRUE,4YR JR,TRUE,197500,224700,-0.121,1B
163,330,"Eddington, Jacob",492,2023,7,223,TRUE,4YR JR,TRUE,222500,222900,-0.002,RHP
164,29115,"Dixon, Joey",753,2023,7,224,TRUE,4YR JR,TRUE,218800,221300,-0.011,RHP
165,18821,"Simpson, Jared",353,2023,8,225,TRUE,4YR 5S,TRUE,20000,219700,-0.909,LHP
166,11236,"Finley, Jackson",295,2023,8,226,TRUE,4YR SR,TRUE,180000,218300,-0.175,RHP
167,14287,"Strickland, Austin",372,2023,8,227,TRUE,4YR JR,TRUE,197500,216900,-0.089,RHP
168,29119,"Graham, Carter",753,2023,8,228,TRUE,4YR JR,TRUE,212900,215400,-0.012,1B
169,27867,"Dickerson, Dustin",722,2023,8,229,TRUE,4YR SR,TRUE,197500,213500,-0.075,SS
170,16041,"Brock, Julian",419,2023,8,231,TRUE,4YR SR,TRUE,255000,210600,0.211,C
171,27435,"Wimmer, Braylen",710,2023,8,232,TRUE,4YR SR,TRUE,157050,209400,-0.25,2B
172,33003,"Maldonado, Nick",852,2023,8,233,TRUE,4YR SR,TRUE,160000,207800,-0.23,RHP
173,19402,"Feltner, Jackson",505,2023,8,235,TRUE,4YR JR,TRUE,175000,204900,-0.146,1B
174,18505,"Bateman, Brett",483,2023,8,236,TRUE,4YR JR,TRUE,180000,203600,-0.116,OF
175,45020,"Stoffal, Jace",588,2023,8,237,TRUE,4YR JR,TRUE,150000,202200,-0.258,RHP
176,2215,"O'Donnell, Trennor",56,2023,8,238,TRUE,4YR SR,TRUE,50000,201000,-0.751,RHP
177,29135,"Park, Eddie",753,2023,8,239,TRUE,4YR JR,TRUE,200000,199900,0.001,OF
178,20169,"Bragg, Braxton",201,2023,8,241,TRUE,4YR SR,TRUE,100000,197800,-0.494,RHP
179,13378,"Yoho, Craig",349,2023,8,242,TRUE,4YR 5S,TRUE,10000,196700,-0.949,RHP
180,29116,"Dowd, Drew",753,2023,8,243,TRUE,4YR JR,TRUE,397500,195800,1.03,LHP
181,34317,"Barry, Braden",888,2023,8,244,TRUE,4YR JR,TRUE,147500,194600,-0.242,OF
182,10658,"Henderson, Ixan",280,2023,8,245,TRUE,4YR JR,TRUE,230000,193800,0.187,LHP
183,16172,"Hawks, Ryan",421,2023,8,247,TRUE,4YR SR,TRUE,75000,191900,-0.609,RHP
184,24533,"Advincula, Jonah",872,2023,8,248,TRUE,4YR JR,TRUE,150000,191100,-0.215,OF
185,10314,"Wall, Cory",910,2023,8,249,TRUE,4YR SR,TRUE,47500,190300,-0.75,RHP
186,31770,"Judice, Nicholas",820,2023,8,252,TRUE,4YR SR,TRUE,185500,188000,-0.013,RHP
187,1680,"Ware, Bryson",43,2023,8,253,TRUE,4YR SR,TRUE,152500,187100,-0.185,3B
188,23451,"Johnson, Ryan",607,2023,8,254,TRUE,YR SR,TRUE,97500,186500,-0.477,2B
189,33016,"Schultz, Thomas",852,2023,9,255,TRUE,4YR SR,TRUE,20000,185800,-0.892,RHP
190,49739,"Avant, Corey",917,2023,9,256,TRUE,4YR SR,TRUE,185100,185100,0,RHP
191,31231,"Carrion, Danny",807,2023,9,257,TRUE,4YR SR,TRUE,157500,184500,-0.146,RHP
192,15767,"Van Treeck, Logan",411,2023,9,258,TRUE,4YR SR,TRUE,122500,183900,-0.334,LHP
193,45012,"Widener, Jacob",587,2023,9,259,TRUE,4YR SO,TRUE,137500,183200,-0.25,LHP
194,18893,"Minton, Hayden",492,2023,9,260,TRUE,4YR SR,TRUE,162500,182600,-0.11,RHP
195,31479,"McCabe, Ben",813,2023,9,262,TRUE,4YR 5S,TRUE,150000,181600,-0.174,C
196,22730,"Shade, Colby",588,2023,9,263,TRUE,4YR JR,TRUE,180900,180900,0,OF
197,5446,"Gockel, Chase",632,2023,9,264,TRUE,4YR 5S,TRUE,1000,180300,-0.995,RHP
198,15937,"Long, Jonathan",416,2023,9,266,TRUE,4YR JR,TRUE,179400,179400,0,1B
199,22556,"Dougherty, Jack",584,2023,9,267,TRUE,4YR JR,TRUE,160000,179000,-0.106,RHP
200,55351,"Wehunt, Blake",370,2023,9,268,TRUE,4YR JR,TRUE,100000,178600,-0.44,RHP
201,13672,"Peppers, Jake",357,2023,9,269,TRUE,--,TRUE,178000,178000,0,RHP
202,61668,"Szykowny, Charlie",817,2023,9,270,TRUE,4YR 5S,TRUE,47500,177500,-0.732,3B
203,39364,"Manfredi, Mark",200,2023,9,272,TRUE,4YR 5S,TRUE,27500,176700,-0.844,LHP
204,22400,"Fowler, Dalton",461,2023,9,273,TRUE,4YR SR,TRUE,22500,176200,-0.872,LHP
205,33237,"Worley, Christian",858,2023,9,275,TRUE,4YR JR,TRUE,200000,175600,0.139,RHP
206,33104,"Lorusso, Nick",446,2023,9,276,TRUE,4YR SR,TRUE,50000,175100,-0.714,3B
207,41148,"Driver, Jay",318,2023,9,278,TRUE,4YR JR,TRUE,151000,174300,-0.134,RHP
208,13166,"Gowens, Riley",345,2023,9,279,TRUE,4YR 5S,TRUE,47500,173800,-0.727,RHP
209,2196,"Brown, Ryan",56,2023,9,280,TRUE,4YR JR,TRUE,171100,173600,-0.014,RHP
210,7557,"Wilson, Ryan",198,2023,9,281,TRUE,4YR JR,TRUE,125000,173400,-0.279,OF
211,7095,"Wegner, Jared",36,2023,9,282,TRUE,4YR 5S,TRUE,72500,173100,-0.581,OF
212,27239,"Owusu-Asiedu, Avery",705,2023,9,283,TRUE,4YR JR,TRUE,147500,172700,-0.146,OF
213,47969,"Williams, Jeron",792,2023,9,284,TRUE,4YR SR,TRUE,147500,172500,-0.145,SS
214,8461,"Reisinger, Tom",222,2023,10,286,TRUE,4YR JR,TRUE,125000,171400,-0.271,RHP
215,16148,"Tomkins, Landon",420,2023,10,287,TRUE,4YR 5S,TRUE,12500,171200,-0.927,RHP
216,1255,"Osman, Graham",416,2023,10,288,TRUE,4YR SR,TRUE,122500,170900,-0.283,LHP
217,14743,"Johnson, Justin",864,2023,10,289,TRUE,4YR 5S,TRUE,57500,170600,-0.663,SS
218,24697,"Sears, Andrew",816,2023,10,290,TRUE,4YR JR,TRUE,167800,170300,-0.015,LHP
219,33665,"Matter, Case",870,2023,10,291,TRUE,4YR JR,TRUE,155000,170100,-0.089,RHP
220,35019,"Kaminska, Jace",525,2023,10,292,TRUE,4YR JR,TRUE,150000,169900,-0.117,RHP
221,19956,"Meachem, Xavier",519,2023,10,293,TRUE,4YR JR,TRUE,169500,169500,0,RHP
222,20422,"Barraza, Chris",31,2023,10,294,TRUE,4YR 5S,TRUE,7500,169000,-0.956,RHP
223,7655,"Russell, Zane",201,2023,10,295,TRUE,4YR SR,TRUE,155000,168800,-0.082,RHP
224,10166,"Dunn, Ross",32,2023,10,297,TRUE,4YR JR,TRUE,150000,168100,-0.108,LHP
225,5982,"Ammons, Ryan",160,2023,10,298,TRUE,4YR SR,TRUE,50000,167900,-0.702,LHP
226,34442,"Franklin, Zach",490,2023,10,299,TRUE,4YR SR,TRUE,10000,167600,-0.94,RHP
227,14047,"Vanderhei, Ryan",775,2023,10,300,TRUE,4YR SR,TRUE,47500,167200,-0.716,RHP
228,60325,"Etzel, Matthew",722,2023,10,301,TRUE,4YR JR,TRUE,167000,167000,0,OF
229,12866,"Austin, Morris",338,2023,10,302,TRUE,4YR 5S,TRUE,17500,166800,-0.895,RHP
230,8247,"Boucher, Adam",217,2023,10,303,TRUE,4YR JR,TRUE,148500,166500,-0.108,RHP
231,26433,"Mollerus, Josh",588,2023,10,304,TRUE,4YR 5S,TRUE,47500,166200,-0.714,RHP
232,31277,"Kendle, Caden",808,2023,10,305,TRUE,4YR JR,FALSE,0,165900,0,OF
233,29225,"Pregent, Christian",756,2023,10,306,TRUE,4YR SR,TRUE,50000,165800,-0.698431846,C
234,61592,"Sundstrom, Jared",811,2023,10,307,TRUE,4YR SR,TRUE,165500,165500,0,OF
235,46881,"Boucher, Pier-Olivier",719,2023,10,309,TRUE,4YR JR,TRUE,1000,164800,-0.993932039,OF
236,25513,"Mongelli, Sam",664,2023,10,310,TRUE,4YR SR,TRUE,47500,164600,-0.711421628,SS
237,1210,"McClaughry, Nik",31,2023,10,311,TRUE,4YR 5S,TRUE,25000,164400,-0.847931873,SS
238,28616,"Hendry, Brian",581,2023,10,312,TRUE,4YR 5S,TRUE,47500,164400,-0.71107056,RHP
239,29897,"Brown, Cam",775,2023,10,313,TRUE,4YR JR,TRUE,154500,164400,-0.060218978,RHP
240,3852,"Deming, Austin",101,2023,10,314,TRUE,4YR 5S,TRUE,7500,164400,-0.954379562,3B
241,26733,"Conover, Drew",660,2023,11,316,FALSE,4YR JR,TRUE,150000,150000,0,RHP
242,27402,"Cotto, Magdiel",372,2023,11,317,FALSE,4YR JR,TRUE,197500,150000,0.316666667,LHP
243,1251,"Moss, Jack",782,2023,11,318,FALSE,4YR JR,TRUE,150000,150000,0,1B
244,29942,"Dickey, Jared",776,2023,11,319,FALSE,4YR JR,TRUE,572500,150000,2.816666667,OF
245,339,"Jarvis, Jim",8,2023,11,320,FALSE,4YR SR,TRUE,175000,150000,0.166666667,SS
246,33653,"Flesland III, Stu",870,2023,11,322,FALSE,4YR SR,TRUE,150000,150000,0,LHP
247,31542,"Brooks, Jake",815,2023,11,323,FALSE,4YR JR,TRUE,150000,150000,0,RHP
248,62062,"Anderson, Casey",843,2023,11,325,FALSE,4YR SR,TRUE,150000,150000,0,RHP
249,13513,"Langenberg, Ty",353,2023,11,327,FALSE,4YR JR,TRUE,150000,150000,0,RHP
250,58483,"Nishida, Rikuu",588,2023,11,329,FALSE,4YR JR,TRUE,170000,150000,0.133333333,2B
251,16182,"Payton, Jack",421,2023,11,330,FALSE,4YR JR,TRUE,175000,150000,0.166666667,C
252,26703,"German, Nestor",693,2023,11,331,FALSE,4YR JR,TRUE,150000,150000,0,RHP
253,16215,"Edwards, Garrett",422,2023,11,333,FALSE,4YR JR,TRUE,499850,150000,2.332333333,RHP
254,43144,"Rogers, Grant",457,2023,11,334,FALSE,4YR SR,TRUE,150000,150000,0,RHP
255,58357,"Harris, Dakota",580,2023,11,335,FALSE,4YR JR,TRUE,150000,150000,0,SS
256,48491,"Banks, Brett",829,2023,11,336,FALSE,4YR SR,TRUE,200000,150000,0.333333333,RHP
257,24383,"Garcia, Brandyn",782,2023,11,337,FALSE,4YR JR,TRUE,150000,150000,0,LHP
258,33677,"Tincher, Johnny",870,2023,11,338,FALSE,4YR SR,TRUE,150000,150000,0,C
259,7640,"Grady, Jace",201,2023,11,339,FALSE,4YR SR,TRUE,150000,150000,0,OF
260,26285,"Hobbs, Carson",683,2023,11,340,FALSE,4YR JR,TRUE,150000,150000,0,RHP
261,10181,"Montgomery, Carson",267,2023,11,341,FALSE,4YR JR,TRUE,200000,150000,0.333333333,RHP
262,8368,"Grosz, Josh",220,2023,11,342,FALSE,4YR JR,TRUE,150000,150000,0,RHP
263,30158,"Sthele, Travis",781,2023,12,345,FALSE,4YR JR,TRUE,150000,150000,0,RHP
264,31619,"Conn, Cole",817,2023,12,346,FALSE,4YR JR,TRUE,150000,150000,0,C
265,30178,"Curtis, Khristian",32,2023,12,347,FALSE,4YR JR,TRUE,497500,150000,2.316666667,RHP
266,32799,"Miller, Simon",846,2023,12,348,FALSE,4YR JR,TRUE,150000,150000,0,RHP
267,26843,"Martin, Logan",372,2023,12,349,FALSE,4YR SR,TRUE,297500,150000,0.983333333,RHP
268,60278,"Bonzagni, Paul",719,2023,12,351,FALSE,4YR JR,TRUE,150000,150000,0,RHP
269,6000,"Hammer, Bryson",201,2023,12,352,FALSE,4YR JR,TRUE,200000,150000,0.333333333,LHP
270,14905,"Ekness, Josh",337,2023,12,353,FALSE,4YR JR,TRUE,150000,150000,0,RHP
271,23892,"Brown, Sam",872,2023,12,354,FALSE,4YR JR,TRUE,150000,150000,0,1B
272,27367,"Knowlton, Sam",709,2023,12,355,FALSE,4YR 5S,TRUE,150000,150000,0,RHP
273,22511,"Trice, Carter",523,2023,12,356,FALSE,4YR JR,TRUE,150000,150000,0,2B
274,4270,"Pasqualotto, Paulshawn",114,2023,12,357,FALSE,4YR JR,TRUE,150000,150000,0,RHP
275,20875,"Carlson, Max",543,2023,12,358,FALSE,4YR JR,TRUE,150000,150000,0,RHP
276,10097,"Manning, Timmy",32,2023,12,360,FALSE,4YR JR,TRUE,150000,150000,0,LHP
277,16230,"Money, Blake",422,2023,12,361,FALSE,4YR JR,TRUE,150000,150000,0,RHP
278,1212,"Murphy, Chandler",490,2023,12,363,FALSE,4YR SR,TRUE,150000,150000,0,RHP
279,42661,"Jobert, Brayden",422,2023,12,365,FALSE,4YR SR,TRUE,150000,150000,0,OF
280,33212,"Kirtner, Brady",858,2023,12,366,FALSE,4YR JR,FALSE,0,150000,0,RHP
281,23242,"Evans, Logan",614,2023,12,367,FALSE,4YR SR,TRUE,100000,150000,-0.333333333,RHP
282,14059,"Day, Brady",367,2023,12,369,FALSE,4YR JR,FALSE,0,150000,0,2B
283,39379,"Rose, Brady",201,2023,12,372,FALSE,4YR SR,TRUE,150000,150000,0,LHP
284,30331,"Beckel, Brandon",786,2023,12,373,FALSE,4YR JR,TRUE,162500,150000,0.083333333,RHP
285,11134,"Sullivan, Liam",292,2023,13,375,FALSE,4YR JR,TRUE,150000,150000,0,LHP
286,30184,"Johnston, Will",782,2023,13,376,FALSE,4YR SR,TRUE,150000,150000,0,LHP
287,26479,"McAdoo, Charles",688,2023,13,377,FALSE,4YR JR,TRUE,150000,150000,0,2B
288,22545,"Adcock, Cody",36,2023,13,378,FALSE,4YR JR,TRUE,150000,150000,0,RHP
289,36171,"Bosacker, Ethan",937,2023,13,379,FALSE,4YR SR,TRUE,150000,150000,0,RHP
290,25665,"Callahan, Brett",668,2023,13,380,FALSE,4YR JR,TRUE,197500,150000,0.316666667,OF
291,6301,"Privette, William",167,2023,13,381,FALSE,4YR JR,TRUE,150000,150000,0,RHP
292,62008,"Hobson, Caleb",839,2023,13,382,FALSE,4YR JR,TRUE,150000,150000,0,OF
293,60155,"Lawrence, Colson",709,2023,13,383,FALSE,4YR JR,TRUE,150000,150000,0,OF
294,36461,"Bauman, Riley",2,2023,13,384,FALSE,4YR JR,TRUE,135000,150000,-0.1,RHP
295,16049,"Durke, Hayden",643,2023,13,385,FALSE,4YR JR,TRUE,350000,150000,1.333333333,RHP
296,44932,"Armstrong, Sam",582,2023,13,386,FALSE,4YR SR,TRUE,135000,150000,-0.1,RHP
297,27370,"Lee, Jeremy",709,2023,13,387,FALSE,4YR JR,TRUE,150000,150000,0,RHP
298,20995,"Feeney, Cade",546,2023,13,388,FALSE,4YR JR,TRUE,150000,150000,0,RHP
299,35984,"Galanie, Ryan",932,2023,13,389,FALSE,4YR SR,TRUE,150000,150000,0,3B
300,1193,"Cooper, Riley",422,2023,13,391,FALSE,4YR JR,TRUE,150000,150000,0,LHP
301,3722,"Wichrowski, Brett",97,2023,13,392,FALSE,4YR JR,TRUE,100000,150000,-0.333333333,RHP
302,18083,"Broecker, Bryan",472,2023,13,393,FALSE,4YR JR,TRUE,150000,150000,0,C
303,27238,"Orf, Brennan",705,2023,13,394,FALSE,4YR JR,TRUE,150000,150000,0,OF
304,30945,"Sullivan, William",799,2023,13,395,FALSE,4YR SR,TRUE,150000,150000,0,1B
305,9067,"Simon, Ben",239,2023,13,396,FALSE,4YR JR,TRUE,150000,150000,0,RHP
306,14058,"Dale, Elijah",347,2023,13,397,FALSE,4YR SR,TRUE,125000,150000,-0.166666667,RHP
307,21580,"Makarewich, Alex",561,2023,13,400,FALSE,4YR JR,TRUE,150000,150000,0,RHP
308,46747,"Hicks, James",710,2023,13,404,FALSE,4YR SR,TRUE,150000,150000,0,RHP
309,29914,"Nunez, Elijah",775,2023,14,405,FALSE,4YR JR,TRUE,150000,150000,0,OF
310,18802,"Mann, Luke",490,2023,14,406,FALSE,4YR 5S,TRUE,50000,150000,-0.666666667,3B
311,36579,"McMillan, Garrett",8,2023,14,407,FALSE,4YR SR,TRUE,150000,150000,0,RHP
312,9824,"Miller, Mason",258,2023,14,409,FALSE,4YR JR,TRUE,150000,150000,0,LHP
313,31610,"Smith, David",816,2023,14,410,FALSE,4YR SR,TRUE,150000,150000,0,2B
314,61096,"Mann, Hunter",777,2023,14,412,FALSE,4YR SR,TRUE,130000,150000,-0.133333333,RHP
315,61872,"Sellinger, Jack",832,2023,14,413,FALSE,4YR JR,TRUE,100000,150000,-0.333333333,LHP
316,61082,"Joyce, Zach",776,2023,14,414,FALSE,4YR SR,TRUE,150000,150000,0,RHP
317,29946,"Fitzgibbons, Jake",776,2023,14,415,FALSE,4YR JR,TRUE,150000,150000,0,LHP
318,33006,"Moore, Grayson",852,2023,14,416,FALSE,4YR JR,TRUE,150000,150000,0,RHP
319,33203,"Hamilton, Xander",29,2023,14,417,FALSE,4YR SR,TRUE,100000,150000,-0.333333333,RHP
320,26364,"Ingrassia, Joseph",109,2023,14,418,FALSE,4YR JR,TRUE,150000,150000,0,LHP
321,53750,"Felix, Edrick",258,2023,14,419,FALSE,4YR JR,TRUE,150000,150000,0,2B
322,26357,"Fondtain, T.J.",685,2023,14,423,FALSE,4YR SR,TRUE,150000,150000,0,OF
323,13721,"Vogatsky, Joe",358,2023,14,424,FALSE,4YR JR,FALSE,0,150000,0,RHP
324,51787,"Day, Ernie",120,2023,14,427,FALSE,4YR JR,TRUE,150000,150000,0,RHP
325,47780,"Morehouse, Zane",781,2023,14,428,FALSE,4YR SR,TRUE,150000,150000,0,RHP
326,35432,"Farris, Mitch",917,2023,14,429,FALSE,4YR SR,TRUE,125000,150000,-0.166666667,LHP
327,66,"Morgan, Tyler",2,2023,14,431,FALSE,4YR SR,TRUE,125000,150000,-0.166666667,RHP
328,41398,"Arnold, Zach",337,2023,14,433,FALSE,4YR SR,TRUE,150000,150000,0,SS
329,10185,"Nezuh, Jackson",419,2023,14,434,FALSE,4YR JR,TRUE,150000,150000,0,RHP
330,18751,"Tepper, Mikey",405,2023,15,435,FALSE,4YR JR,TRUE,150000,150000,0,RHP
331,33673,"Simpson, Will",870,2023,15,436,FALSE,4YR SR,TRUE,150000,150000,0,OF
332,10192,"Simmons, Dylan",614,2023,15,438,FALSE,4YR SR,TRUE,100000,150000,-0.333333333,RHP
333,26288,"Isbell, Chase",43,2023,15,439,FALSE,4YR SR,TRUE,150000,150000,0,RHP
334,31565,"Perry, Darius",815,2023,15,442,FALSE,4YR SR,TRUE,150000,150000,0,C
335,17104,"Belgrave, Nigel",446,2023,15,443,FALSE,4YR JR,TRUE,150000,150000,0,RHP
336,42510,"Ketchup, Caleb",411,2023,15,444,FALSE,4YR JR,TRUE,150000,150000,0,SS
337,22706,"Britton, Rio",523,2023,15,445,FALSE,4YR JR,TRUE,150000,150000,0,LHP
338,2206,"Johnson, Ty",56,2023,15,446,FALSE,4YR JR,TRUE,125000,150000,-0.166666667,RHP
339,4324,"Bengard, Spencer",116,2023,15,447,FALSE,4YR JR,TRUE,100000,150000,-0.333333333,RHP
340,48086,"Carmouche, Dylan",802,2023,15,450,FALSE,4YR JR,TRUE,150000,150000,0,LHP
341,49610,"Stevens, Will",773,2023,15,453,FALSE,4YR SR,TRUE,150000,150000,0,RHP
342,26385,"Sauer, Kelena",685,2023,15,454,FALSE,4YR JR,TRUE,150000,150000,0,RHP
343,2428,"Richardson, Tre",775,2023,15,455,FALSE,4YR SR,TRUE,150000,150000,0,SS
344,44061,"Lawson, Justin",523,2023,15,456,FALSE,4YR SR,TRUE,125000,150000,-0.166666667,RHP
345,33210,"Jones, Carson",858,2023,15,457,FALSE,4YR SR,TRUE,150000,150000,0,OF
346,16236,"Thompson, Jordan",422,2023,15,460,FALSE,4YR 5S,TRUE,197500,150000,0.316666667,SS
347,16882,"Addkison, Zac",440,2023,15,461,FALSE,4YR JR,TRUE,150000,150000,0,RHP
348,20883,"Frick, Tomas",543,2023,15,462,FALSE,4YR JR,TRUE,150000,150000,0,C
349,17997,"Thomas, Jared",414,2023,15,463,FALSE,4YR JR,TRUE,100000,150000,-0.333333333,C
350,27696,"Guillemette, Garret",781,2023,15,464,FALSE,4YR JR,TRUE,150000,150000,0,C
351,29191,"Amaral, Austin",756,2023,16,465,FALSE,4YR JR,TRUE,150000,150000,0,RHP
352,22744,"Brown, Ryan",589,2023,16,466,FALSE,4YR JR,TRUE,140000,150000,-0.066666667,RHP
353,14224,"Miknis, Justin",371,2023,16,467,FALSE,4YR SR,TRUE,75000,150000,-0.5,C
354,35013,"Hansell, Josh",32,2023,16,469,FALSE,4YR JR,TRUE,150000,150000,0,RHP
355,32988,"Evans, Donye",145,2023,16,470,FALSE,4YR JR,TRUE,150000,150000,0,RHP
356,20840,"Emener, Austin",248,2023,16,472,FALSE,4YR JR,TRUE,150000,150000,0,LHP
357,26811,"Vaupel, Kevin",695,2023,16,473,FALSE,4YR SR,TRUE,75000,150000,-0.5,LHP
358,24784,"Linskey, Matthew",643,2023,16,475,FALSE,4YR JR,TRUE,150000,150000,0,RHP
359,4454,"Brown, Daniel",120,2023,16,476,FALSE,4YR SR,TRUE,150000,150000,0,LHP
360,58381,"Stebens, Isaac",581,2023,16,478,FALSE,4YR JR,TRUE,150000,150000,0,RHP
361,6508,"Eberly, Weston",173,2023,16,479,FALSE,4YR SR,TRUE,150000,150000,0,C
362,46389,"Wishkoski, Justin",682,2023,16,480,FALSE,4YR SR,TRUE,125000,150000,-0.166666667,3B
363,4124,"Urman, Cole",109,2023,16,481,FALSE,4YR SR,TRUE,150000,150000,0,C
364,58308,"Timmerman, Josh",576,2023,16,482,FALSE,4YR JR,TRUE,150000,150000,0,RHP
365,27259,"Hornung, Jackson",706,2023,16,484,FALSE,4YR SR,TRUE,150000,150000,0,C
366,33241,"Bradt, Tyler",220,2023,16,485,FALSE,4YR SR,TRUE,75000,150000,-0.5,RHP
367,50608,"Cali, Caleb",36,2023,16,487,FALSE,4YR SR,TRUE,150000,150000,0,3B
368,57658,"Gallegos, Isaac",531,2023,16,489,FALSE,4YR JR,TRUE,100000,150000,-0.333333333,RHP
369,16207,"Coleman, Javen",422,2023,16,490,FALSE,4YR JR,FALSE,0,150000,0,LHP
370,31419,"Whiting, Sam",811,2023,16,491,FALSE,4YR SR,TRUE,150000,150000,0,RHP
371,27580,"Landry, Andrew",714,2023,16,492,FALSE,4YR JR,TRUE,150000,150000,0,RHP
372,8751,"Russo, Luke",229,2023,16,493,FALSE,4YR SR,TRUE,100000,150000,-0.333333333,RHP
373,15848,"Baldo, Merrick",414,2023,17,495,FALSE,4YR SR,TRUE,100000,150000,-0.333333333,RHP
374,10091,"Halter, Colby",265,2023,17,496,FALSE,4YR JR,TRUE,125000,150000,-0.166666667,2B
375,47679,"Oliver, Connor",470,2023,17,499,FALSE,4YR SR,TRUE,100000,150000,-0.333333333,LHP
376,14221,"Longwell, Aidan",371,2023,17,502,FALSE,4YR JR,TRUE,130000,150000,-0.133333333,1B
377,24635,"Coley, Mark",640,2023,17,503,FALSE,4YR 5S,TRUE,50000,150000,-0.666666667,OF
378,30173,"Britt, Logan",2,2023,17,504,FALSE,4YR SR,TRUE,150000,150000,0,RHP
379,21846,"Rey, Carlos",567,2023,17,505,FALSE,4YR JR,TRUE,100000,150000,-0.333333333,LHP
380,48281,"Flanagan, Ethan",815,2023,17,506,FALSE,4YR SO,TRUE,150000,150000,0,LHP
381,50461,"Bragg, Kade",27,2023,17,507,FALSE,4YR SR,TRUE,100000,150000,-0.333333333,LHP
382,58494,"Kane, Mikey",589,2023,17,509,FALSE,4YR JR,TRUE,150000,150000,0,IF
383,53812,"Cavanaugh, Drew",263,2023,17,510,FALSE,4YR SO,TRUE,50000,150000,-0.666666667,C
384,12511,"Barnhart, Zane",328,2023,17,511,FALSE,4YR JR,TRUE,100000,150000,-0.333333333,RHP
385,24522,"Snelsire, Hayden",636,2023,17,513,FALSE,4YR SR,TRUE,100000,150000,-0.333333333,RHP
386,268,"Kulasingam, Sam",6,2023,17,514,FALSE,4YR JR,FALSE,0,150000,0,1B
387,7811,"Paige, Trey",205,2023,17,515,FALSE,4YR SR,TRUE,150000,150000,0,3B
388,61081,"Jenkins, Bryce",776,2023,17,516,FALSE,4YR SR,TRUE,180000,150000,0.2,RHP
389,61873,"Sharp, Jacob",832,2023,17,517,FALSE,4YR JR,TRUE,150000,150000,0,C
390,22204,"Kern, Kade",576,2023,17,519,FALSE,4YR JR,TRUE,150000,150000,0,OF
391,8257,"Fox, Luke",217,2023,17,520,FALSE,4YR JR,TRUE,197500,150000,0.316666667,LHP
392,21223,"Yost, Eric",551,2023,17,521,FALSE,4YR JR,TRUE,150000,150000,0,RHP
393,30364,"Rombach, Nate",201,2023,18,525,FALSE,4YR SR,TRUE,150000,150000,0,C
394,30182,"Harrison, Kalae",523,2023,18,527,FALSE,4YR JR,TRUE,150000,150000,0,SS
395,17672,"Kendrick, Dalton",461,2023,18,534,FALSE,4YR SR,TRUE,125000,150000,-0.166666667,LHP
396,7629,"Baker, Alec",201,2023,18,535,FALSE,4YR 5S,TRUE,50000,150000,-0.666666667,RHP
397,54322,"Kalmer, Brian",299,2023,18,536,FALSE,4YR SR,TRUE,50000,150000,-0.666666667,3B
398,3665,"Fogell, Zach",816,2023,18,538,FALSE,4YR 5S,TRUE,150000,150000,0,LHP
399,44464,"Rodriguez, Michael",549,2023,18,540,FALSE,4YR JR,TRUE,50000,150000,-0.666666667,LHP
400,30165,"Witt, Tanner",781,2023,18,541,FALSE,4YR JR,FALSE,0,150000,0,RHP
401,34340,"Ouderkirk, Daniel",601,2023,18,547,FALSE,4YR 5S,TRUE,50000,150000,-0.666666667,RHP
402,13436,"Jachec, Matt",351,2023,18,548,FALSE,4YR SR,TRUE,50000,150000,-0.666666667,RHP
403,36903,"Magee, Cam",872,2023,18,549,FALSE,4YR SO,TRUE,150000,150000,0,SS
404,41179,"Gustin, Harry",320,2023,18,551,FALSE,4YR SO,TRUE,150000,150000,0,LHP
405,49090,"Morales, Coby",870,2023,18,552,FALSE,4YR JR,TRUE,150000,150000,0,OF
406,32089,"Chenault, Ethan",829,2023,18,553,FALSE,4YR JR,TRUE,125000,150000,-0.166666667,RHP
407,4016,"True, Derek",105,2023,18,554,FALSE,4YR JR,TRUE,100000,150000,-0.333333333,RHP
408,13275,"Salata, Derek",347,2023,19,556,FALSE,4YR 5S,FALSE,0,150000,0,RHP
409,1258,"Pivaroff, Blake",32,2023,19,560,FALSE,4YR JR,TRUE,150000,150000,0,RHP
410,6473,"Handy, Kannon",172,2023,19,562,FALSE,4YR SR,TRUE,100000,150000,-0.333333333,LHP
411,27709,"Olmstead, Johnny",717,2023,19,563,FALSE,4YR 5S,TRUE,25000,150000,-0.833333333,3B
412,6379,"Crenshaw, Wyatt",32,2023,19,565,FALSE,4YR 5S,TRUE,5000,150000,-0.966666667,2B
413,17114,"Dean, Nick",446,2023,19,566,FALSE,4YR SR,TRUE,75000,150000,-0.5,RHP
414,61175,"Tucker, Stanley",782,2023,19,568,FALSE,4YR JR,TRUE,150000,150000,0,OF
415,4096,"Connor, Caden",109,2023,19,569,FALSE,4YR SR,TRUE,100000,150000,-0.333333333,OF
416,56489,"Kane, Tom",446,2023,19,570,FALSE,4YR JR,TRUE,75000,150000,-0.5,LHP
417,26443,"Stevenson, Owen",32,2023,19,573,FALSE,4YR JR,TRUE,197500,150000,0.316666667,RHP
418,1051,"Munson, Aaron",27,2023,19,574,FALSE,4YR JR,TRUE,100000,150000,-0.333333333,RHP
419,7252,"Tarlow, Graysen",190,2023,19,575,FALSE,4YR JR,TRUE,125000,150000,-0.166666667,C
420,33002,"Little, Christian",422,2023,19,576,FALSE,4YR JR,FALSE,0,150000,0,RHP
421,9552,"Pagliarini, Charlie",251,2023,19,577,FALSE,4YR SR,TRUE,100000,150000,-0.333333333,3B
422,43198,"Harlow, Josh",462,2023,19,578,FALSE,4YR SR,TRUE,100000,150000,-0.333333333,RHP
423,18366,"Frey, Riley",479,2023,19,579,FALSE,4YR JR,TRUE,115000,150000,-0.233333333,LHP
424,27394,"Austin, Cade",710,2023,19,582,FALSE,4YR JR,TRUE,150000,150000,0,RHP
425,33634,"Steward, Casey",869,2023,19,583,FALSE,4YR SR,TRUE,150000,150000,0,RHP
426,22701,"Ayon, Isaac",588,2023,20,585,FALSE,4YR JR,FALSE,0,150000,0,RHP
427,15850,"Barrera, Diego",414,2023,20,586,FALSE,4YR 5S,TRUE,50000,150000,-0.666666667,LHP
428,20273,"Stumbo, Peyton",527,2023,20,587,FALSE,4YR JR,TRUE,150000,150000,0,RHP
429,8660,"Ignoffo, Ryan",227,2023,20,593,FALSE,4YR 5S,TRUE,75000,150000,-0.5,TWP
430,45008,"McCroskey, Mac",587,2023,20,594,FALSE,4YR 5S,TRUE,75000,150000,-0.5,SS
431,29108,"Bowser, Drew",753,2023,20,596,FALSE,4YR JR,TRUE,150000,150000,0,3B
432,29933,"Wright, Garrett",775,2023,20,599,FALSE,4YR JR,TRUE,150000,150000,0,RHP
433,24041,"Lewis, Nadir",623,2023,20,600,FALSE,4YR SR,TRUE,50000,150000,-0.666666667,OF
434,27433,"Vasquez, Jalen",549,2023,20,601,FALSE,4YR JR,TRUE,30000,150000,-0.8,SS
435,18712,"Clark, Kellum",488,2023,20,606,FALSE,4YR JR,TRUE,150000,150000,0,OF
436,8702,"King, Will",228,2023,20,609,FALSE,4YR JR,TRUE,150000,150000,0,C
437,4020,"Warrecker, Bryce",105,2023,20,612,FALSE,4YR JR,TRUE,150000,150000,0,RHP
438,33412,"Bennett, Pierce",864,2023,20,613,FALSE,4YR SR,TRUE,100000,150000,-0.333333333,2B
439,34441,"Ferreras, Pascanel",891,2023,20,614,FALSE,4YR JR,TRUE,150000,150000,0,SS
440,33013,"Rocker, Kumar",852,2022,1,3,TRUE,4YR JR,TRUE,5200000,7587600,-0.314671306,RHP
441,1183,"Berry, Jacob",422,2022,1,6,TRUE,4YR SO,TRUE,6000000,6034300,-0.005684172,3B
442,22405,"Horton, Cade",580,2022,1,7,TRUE,4YR SO,TRUE,4450000,5708000,-0.220392432,RHP
443,4006,"Lee, Brooks",105,2022,1,8,TRUE,4YR JR,TRUE,5675000,5439500,0.04329442,SS
444,33193,"Cross, Gavin",858,2022,1,9,TRUE,4YR JR,TRUE,5202900,5200200,0.000519211,OF
445,11403,"Hughes, Gabriel",299,2022,1,10,TRUE,4YR JR,TRUE,4000000,4980400,-0.196851659,RHP
446,11253,"Parada, Kevin",295,2022,1,11,TRUE,4YR SO,TRUE,5019735,4778200,0.05054937,C
447,30349,"Jung, Jace",786,2022,1,12,TRUE,4YR JR,TRUE,4590300,4587900,0.000523115,2B
448,4472,"Neto, Zach",120,2022,1,13,TRUE,4YR JR,TRUE,3500000,4410200,-0.206385198,SS
449,13690,"DeLauter, Chase",358,2022,1,16,TRUE,4YR JR,TRUE,3750000,3935500,-0.047135053,OF
450,1223,"Susac, Daniel",31,2022,1,19,TRUE,4YR SO,TRUE,3531200,3529400,0.000510002,C
451,22759,"Hjerpe, Cooper",589,2022,1,22,TRUE,4YR JR,TRUE,3182200,3180600,0.00050305,LHP
452,32996,"Jones, Spencer",852,2022,1,25,TRUE,4YR JR,TRUE,2880800,2879300,0.00052096,OF
453,6101,"Brown, Eric",163,2022,1,27,TRUE,4YR JR,TRUE,2050000,2700500,-0.240881318,SS
454,29947,"Gilbert, Drew",776,2022,1,28,TRUE,4YR JR,TRUE,2500000,2620400,-0.045947184,OF
455,31582,"Crawford, Reggie",816,2022,1,30,TRUE,4YR JR,TRUE,2297500,2485500,-0.075638704,LHP
456,10112,"Thompson, Sterlin",265,2022,1,31,TRUE,4YR SO,TRUE,2430500,2429300,0.000493969,OF
457,4249,"Beavers, Dylan",114,2022,1,33,TRUE,4YR JR,TRUE,2200000,2313900,-0.049224253,OF
458,18744,"Sims, Landon",488,2022,1,34,TRUE,4YR JR,TRUE,2347050,2257100,0.039852023,RHP
459,4464,"Harrington, Thomas",120,2022,1,36,TRUE,4YR SO,TRUE,2050000,2149200,-0.046156709,RHP
460,22434,"Campbell, Justin",581,2022,1,37,TRUE,4YR JR,TRUE,1700000,2100700,-0.190745942,RHP
461,29935,"Beck, Jordan",776,2022,1,38,TRUE,4YR JR,TRUE,2200000,2051300,0.072490616,OF
462,16188,"Rushing, Dalton",421,2022,2,40,TRUE,4YR JR,TRUE,1959390,1950900,0.004351838,C
463,6023,"Wagner, Max",160,2022,2,42,TRUE,4YR SO,TRUE,1900000,1861000,0.020956475,3B
464,30145,"Melendez, Ivan",781,2022,2,43,TRUE,4YR SR,TRUE,1400000,1817600,-0.229753521,1B
465,10079,"Barco, Hunter",265,2022,2,44,TRUE,4YR JR,TRUE,1525000,1775200,-0.140941866,LHP
466,22388,"Bennett, Jake",580,2022,2,45,TRUE,4YR JR,TRUE,1734800,1733900,0.000519061,LHP
467,349,"Prielipp, Connor",8,2022,2,48,TRUE,4YR JR,TRUE,1825000,1621900,0.125223503,LHP
468,1431,"Wallace, Cayden",36,2022,2,49,TRUE,4YR SO,TRUE,1700000,1584100,0.073164573,3B
469,22402,"Graham, Peyton",580,2022,2,51,TRUE,4YR JR,TRUE,1800000,1509800,0.192210889,SS
470,29976,"Tidwell, Blade",776,2022,2,52,TRUE,4YR SO,TRUE,1850000,1474400,0.254747694,RHP
471,27456,"Mazur, Adam",353,2022,2,53,TRUE,4YR JR,TRUE,1250000,1439900,-0.131884159,RHP
472,10180,"Messick, Parker",267,2022,2,54,TRUE,4YR JR,TRUE,1300000,1406400,-0.075654152,LHP
473,18750,"Tanner, Logan",488,2022,2,55,TRUE,4YR JR,TRUE,1030500,1373300,-0.249617709,C
474,33078,"Locklear, Tyler",854,2022,2,58,TRUE,4YR JR,TRUE,1276500,1275900,0.000470256,3B
475,26323,"Mautz, Brycen",684,2022,2,59,TRUE,4YR JR,TRUE,1100000,1245600,-0.116891458,LHP
476,22719,"Kasevich, Josh",588,2022,2,60,TRUE,4YR JR,TRUE,1000000,1216100,-0.177699202,SS
477,4014,"Thorpe, Drew",105,2022,2,61,TRUE,4YR JR,TRUE,1187600,1187000,0.000505476,RHP
478,1417,"Pallette, Peyton",36,2022,2,62,TRUE,4YR JR,TRUE,1500000,1158600,0.294665976,RHP
479,22771,"Melton, Jacob",589,2022,2,64,TRUE,4YR SR,TRUE,1000000,1103600,-0.093874592,OF
480,29125,"Jones, Brock",753,2022,2,65,TRUE,4YR JR,TRUE,1077600,1077100,0.000464209,OF
481,8388,"Whisenhunt, Carson",220,2022,2,66,TRUE,4YR JR,TRUE,1868720,1054200,0.772642762,LHP
482,10087,"Fabian, Jud",265,2022,2,67,TRUE,4YR JR,TRUE,1026800,1026300,0.000487187,OF
483,33226,"Schobel, Tanner",858,2022,2,68,TRUE,4YR SO,TRUE,1002000,1001500,0.000499251,SS
484,18054,"Elliott, Clark",471,2022,2,69,TRUE,4YR JR,TRUE,900000,977000,-0.078812692,OF
485,31183,"Simpson, Chandler",295,2022,2,70,TRUE,4YR JR,TRUE,750000,952800,-0.212846348,SS
486,13249,"Cermak, Ryan",347,2022,2,71,TRUE,4YR JR,TRUE,750000,929100,-0.192767194,OF
487,1412,"Moore, Robert",36,2022,2,72,TRUE,4YR JR,TRUE,800000,914900,-0.125587496,SS
488,22743,"Boyd, Justin",589,2022,2,73,TRUE,4YR JR,TRUE,847500,900900,-0.059274059,OF
489,1649,"Burkhalter, Blake",43,2022,2,76,TRUE,4YR JR,TRUE,647500,859700,-0.24683029,RHP
490,16211,"Doughty, Cade",422,2022,2,78,TRUE,4YR JR,TRUE,833600,833200,0.000480077,2B
491,5182,"Taylor, Andrew",137,2022,2,80,TRUE,4YR JR,TRUE,807200,806800,0.000495786,RHP
492,22453,"McLean, Nolan",581,2022,3,81,TRUE,4YR SO,FALSE,0,793600,0,RHP
493,33156,"Savino, Nate",856,2022,3,82,TRUE,4YR JR,TRUE,700000,782000,-0.104859335,LHP
494,21743,"Brannigan, Jack",565,2022,3,83,TRUE,4YR JR,TRUE,770700,770300,0.000519278,3B
495,29956,"Lipscomb, Trey",776,2022,3,84,TRUE,4YR SR,TRUE,758900,758500,0.000527357,3B
496,1645,"Barnett, Mason",43,2022,3,87,TRUE,4YR JR,TRUE,697500,724300,-0.037001243,RHP
497,17989,"Palmquist, Carson",469,2022,3,88,TRUE,4YR JR,TRUE,775000,713000,0.086956522,LHP
498,47691,"Joyce, Ben",776,2022,3,89,TRUE,4YR SR,TRUE,997500,701800,0.421345113,RHP
499,10110,"Sproat, Brandon",265,2022,3,90,TRUE,4YR JR,FALSE,0,691000,0,RHP
500,8286,"Williams, Henry",217,2022,3,91,TRUE,4YR JR,TRUE,800000,680100,0.176297603,RHP
501,1246,"Lampe, Joe",32,2022,3,92,TRUE,4YR JR,TRUE,800000,669900,0.194208091,OF
502,40343,"Rincones, Gabriel",262,2022,3,93,TRUE,4YR JR,TRUE,627500,659800,-0.048954229,OF
503,10171,"Hubbart, Bryce",267,2022,3,94,TRUE,4YR JR,TRUE,522500,649600,-0.195658867,LHP
504,17726,"Thomas, Colby",462,2022,3,95,TRUE,4YR JR,TRUE,750000,641800,0.168588345,OF
505,18877,"Baldwin, Drake",492,2022,3,96,TRUE,4YR JR,TRUE,633300,635500,-0.003461841,C
506,30138,"Hansen, Pete",781,2022,3,97,TRUE,4YR JR,TRUE,629800,629500,0.000476569,LHP
507,7083,"Roden, Alan",186,2022,3,98,TRUE,4YR SR,TRUE,497500,623200,-0.201700899,OF
508,46929,"Rogers, Dalton",722,2022,3,99,TRUE,4YR JR,TRUE,447500,617200,-0.274951393,LHP
509,11427,"Vrieling, Trystan",299,2022,3,100,TRUE,4YR JR,TRUE,611400,611100,0.000490918,RHP
510,11103,"Cannon, Jonathan",292,2022,3,101,TRUE,4YR JR,TRUE,925000,606300,0.525647369,RHP
511,4110,"Knorr, Michael",163,2022,3,103,TRUE,4YR SR,TRUE,487500,594300,-0.179707219,RHP
512,22450,"Martin, Trevor",581,2022,3,104,TRUE,4YR SO,TRUE,586200,588400,-0.003738953,RHP
513,31471,"Freeland, Alex",813,2022,3,105,TRUE,4YR SO,TRUE,580200,582400,-0.003777473,SS
514,11406,"Kempner, William",299,2022,3,106,TRUE,4YR JR,TRUE,525000,576900,-0.089963599,RHP
515,30126,"Ardoin, Silas",781,2022,4,107,TRUE,4YR JR,TRUE,571400,571100,0.000525302,C
516,351,"Ray, Dylan",8,2022,4,108,TRUE,4YR SO,TRUE,565800,565500,0.000530504,RHP
517,8261,"Johnson, Marcus",217,2022,4,112,TRUE,4YR JR,TRUE,510000,543600,-0.061810155,RHP
518,47851,"Morris, Andrew",786,2022,4,114,TRUE,4YR SR,TRUE,500000,533100,-0.062089664,RHP
519,4285,"Zobac, Steven",114,2022,4,115,TRUE,4YR JR,TRUE,500000,527800,-0.052671466,RHP
520,14283,"Ritter, Ryan",372,2022,4,116,TRUE,4YR JR,TRUE,530000,522700,0.013965946,SS
521,26374,"Melton, Troy",685,2022,4,117,TRUE,4YR SR,TRUE,517900,517700,0.000386324,RHP
522,5484,"Furman, Nate",145,2022,4,121,TRUE,4YR SO,TRUE,300000,497700,-0.397227245,2B
523,17985,"McFarlane, Alex",469,2022,4,122,TRUE,4YR JR,TRUE,575000,492800,0.166801948,RHP
524,34350,"Watters, Jacob",888,2022,4,124,TRUE,4YR JR,TRUE,491750,483300,0.017483964,RHP
525,5495,"McCabe, David",145,2022,4,125,TRUE,4YR JR,TRUE,476400,478700,-0.004804679,3B
526,22397,"Crooks, Jimmy",580,2022,4,127,TRUE,4YR JR,TRUE,470300,470100,0.000425441,C
527,16131,"Jennings, Ryan",420,2022,4,128,TRUE,4YR 5S,TRUE,70000,465400,-0.849591749,RHP
528,26325,"Meidroth, Chase",684,2022,4,129,TRUE,4YR SR,TRUE,272500,461000,-0.408893709,2B
529,22715,"Hall, Anthony",588,2022,4,130,TRUE,4YR JR,TRUE,456500,456300,0.000438308,OF
530,31412,"Sprinkle, Jordan",811,2022,4,131,TRUE,4YR JR,TRUE,452900,452700,0.000441794,SS
531,23271,"Wood, Matthew",601,2022,4,132,TRUE,4YR JR,TRUE,347500,448200,-0.224676484,C
532,19156,"Dombroski, Trey",499,2022,4,133,TRUE,4YR JR,TRUE,443900,443700,0.000450755,LHP
533,32997,"Keegan, Dominic",852,2022,4,134,TRUE,4YR SR,TRUE,397500,439400,-0.095357305,C
534,33191,"Biddison, Nick",858,2022,4,135,TRUE,4YR JR,TRUE,382500,435000,-0.120689655,OF
535,18805,"Miles, Spencer",490,2022,4,136,TRUE,4YR JR,TRUE,347500,430900,-0.193548387,RHP
536,1647,"Bright, Trace",43,2022,5,137,TRUE,4YR SR,TRUE,400000,426600,-0.062353493,RHP
537,3864,"Pintar, Andrew",101,2022,5,138,TRUE,4YR JR,TRUE,316950,422400,-0.249644886,SS
538,11238,"Gonzalez, Tres",295,2022,5,140,TRUE,4YR JR,TRUE,347500,414300,-0.161235819,OF
539,2420,"McKenzie, Jared",62,2022,5,141,TRUE,4YR JR,TRUE,410500,410200,0.000731351,OF
540,4283,"White, Josh",114,2022,5,142,TRUE,4YR JR,TRUE,406500,406200,0.000738552,RHP
541,30333,"Birdsell, Brandon",786,2022,5,143,TRUE,4YR SR,TRUE,385000,402100,-0.042526735,RHP
542,21812,"Ross, Ben",566,2022,5,144,TRUE,4YR JR,TRUE,220000,398200,-0.447513812,SS
543,31485,"Patteson, Hunter",813,2022,5,145,TRUE,4YR JR,TRUE,394500,394200,0.000761035,LHP
544,17135,"Staine, Connor",813,2022,5,146,TRUE,4YR JR,TRUE,400000,390500,0.024327785,RHP
545,3376,"Gold, Luke",87,2022,5,147,TRUE,4YR JR,TRUE,386900,386600,0.000775996,3B
546,26276,"DiChiara, Sonny",43,2022,5,148,TRUE,4YR SR,TRUE,172500,382900,-0.549490729,1B
547,27718,"Smith, D'Andre",717,2022,5,149,TRUE,4YR SO,TRUE,379400,379100,0.000791348,SS
548,4263,"Martorella, Nathan",114,2022,5,150,TRUE,4YR JR,TRUE,325000,375200,-0.133795309,1B
549,2547,"Lipscomb, Guy",65,2022,5,151,TRUE,4YR SO,TRUE,275000,371600,-0.259956943,OF
550,27490,"Kerkering, Orion",712,2022,5,152,TRUE,4YR JR,TRUE,322500,368100,-0.123879381,RHP
551,33206,"Hunter, Cade",858,2022,5,153,TRUE,4YR JR,TRUE,362100,364400,-0.006311745,C
552,16183,"Perkins, Jack",349,2022,5,154,TRUE,4YR SR,TRUE,270750,360800,-0.249584257,RHP
553,6135,"VanScoter, Reid",163,2022,5,156,TRUE,4YR 5S,TRUE,20000,353700,-0.943454905,LHP
554,34343,"Scott, Victor",888,2022,5,157,TRUE,4YR JR,TRUE,350400,350200,0.000571102,OF
555,15483,"Fluharty, Mason",405,2022,5,158,TRUE,4YR JR,TRUE,222500,346800,-0.358419839,LHP
556,22483,"Dean, Noah",582,2022,5,159,TRUE,4YR JR,TRUE,325000,343800,-0.054682955,LHP
557,26441,"Reyzelman, Eric",422,2022,5,160,TRUE,4YR JR,TRUE,340700,340500,0.000587372,RHP
558,2223,"Schweitzer, Tyler",56,2022,5,161,TRUE,4YR JR,TRUE,325000,337400,-0.03675163,LHP
559,4047,"Rudy, Will",106,2022,5,162,TRUE,4YR JR,TRUE,150000,334300,-0.551301226,RHP
560,7529,"DeVos, Nolan",198,2022,5,163,TRUE,4YR JR,TRUE,197500,331400,-0.404043452,RHP
561,1395,"Battles, Jalen",36,2022,5,164,TRUE,4YR SR,TRUE,247500,328200,-0.245886654,SS
562,1250,"McLain, Sean",32,2022,5,165,TRUE,4YR JR,TRUE,322900,325200,-0.007072571,SS
563,21775,"Simon, Liam",565,2022,5,166,TRUE,4YR JR,TRUE,317500,322400,-0.015198511,RHP
564,30139,"Hodo, Douglas",781,2022,6,167,TRUE,4YR JR,TRUE,305000,319600,-0.045682103,OF
565,29958,"Mabrey, Will",776,2022,6,168,TRUE,4YR JR,TRUE,225000,316900,-0.289996844,LHP
566,22555,"Diamond, Derek",584,2022,6,170,TRUE,4YR JR,TRUE,311600,311400,0.000642261,RHP
567,16185,"Poland, Jared",421,2022,6,172,TRUE,4YR SR,TRUE,149000,306200,-0.513389941,RHP
568,22753,"Frisch, Will",589,2022,6,173,TRUE,4YR JR,TRUE,228000,303700,-0.249259137,RHP
569,29961,"Ortega, Jorel",776,2022,6,174,TRUE,4YR JR,TRUE,250000,301000,-0.169435216,2B
570,22557,"Dunhurst, Hayden",584,2022,6,175,TRUE,4YR JR,TRUE,300000,298600,0.004688547,C
571,16186,"Prosecky, Michael",421,2022,6,176,TRUE,4YR JR,TRUE,300000,296100,0.013171226,LHP
572,20909,"Serretti, Danny",543,2022,6,177,TRUE,4YR SR,TRUE,293900,293700,0.000680967,SS
573,17986,"Mederos, Victor",581,2022,6,178,TRUE,4YR SO,TRUE,227750,291200,-0.217891484,RHP
574,27892,"Stuart, Tyler",722,2022,6,179,TRUE,4YR SR,TRUE,220000,288700,-0.237963284,RHP
575,5166,"Marsee, Jakob",137,2022,6,180,TRUE,4YR JR,TRUE,250000,286300,-0.12679008,OF
576,44959,"DeLucia, Dylan",584,2022,6,181,TRUE,4YR JR,TRUE,275000,284000,-0.031690141,RHP
577,11251,"Maxwell, Zach",295,2022,6,183,TRUE,4YR JR,TRUE,222500,279500,-0.203935599,RHP
578,27420,"Milone, Brennan",588,2022,6,184,TRUE,4YR JR,TRUE,200000,277100,-0.278238903,3B
579,44057,"Hood, Josh",523,2022,6,186,TRUE,4YR SR,TRUE,250000,272600,-0.082905356,SS
580,31567,"Rajcic, Max",815,2022,6,187,TRUE,4YR SO,TRUE,600000,270500,1.218114603,RHP
581,22185,"Brock, T.J.",576,2022,6,188,TRUE,4YR SR,TRUE,72500,268300,-0.729780097,RHP
582,32021,"Hoppe, Alex",827,2022,6,189,TRUE,4YR 5S,TRUE,32250,266200,-0.878850488,RHP
583,30346,"Hampton, Chase",786,2022,6,190,TRUE,4YR SO,TRUE,497500,263800,0.885898408,RHP
584,33410,"Adler, Eric",864,2022,6,191,TRUE,4YR JR,TRUE,200000,261600,-0.235474006,RHP
585,17718,"Price, Collin",462,2022,6,193,TRUE,4YR SR,TRUE,122500,257300,-0.52390206,C
586,8645,"Birdsong, Hayden",227,2022,6,196,TRUE,4YR JR,TRUE,187500,251100,-0.253285544,RHP
587,18725,"Johnson, Preston",488,2022,7,197,TRUE,4YR SR,TRUE,325000,249000,0.305220884,RHP
588,15947,"Ramirez, Luis",416,2022,7,199,TRUE,4YR JR,TRUE,250000,244800,0.02124183,RHP
589,18528,"Massey, J.P.",483,2022,7,200,TRUE,4YR SR,TRUE,150000,242800,-0.382207578,RHP
590,29900,"Cornelio, Riley",775,2022,7,201,TRUE,4YR JR,TRUE,241600,241400,0.0008285,RHP
591,16120,"Crigger, Kyle",420,2022,7,202,TRUE,4YR 5S,TRUE,37500,239300,-0.843292938,RHP
592,11516,"Hull, Nick",302,2022,7,203,TRUE,4YR 5S,TRUE,25000,237300,-0.894648125,RHP
593,30633,"Jones, Kyle",792,2022,7,204,TRUE,4YR SR,TRUE,235600,235400,0.000849618,RHP
594,5983,"Anglin, Mack",160,2022,7,205,TRUE,4YR JR,TRUE,231100,233400,-0.009854327,RHP
595,29123,"Huff, Kody",753,2022,7,206,TRUE,4YR JR,TRUE,231600,231400,0.000864304,C
596,47696,"Stephenson, Seth",776,2022,7,207,TRUE,4YR JR,TRUE,300000,229600,0.306620209,OF
597,22458,"Phansalkar, Roman",581,2022,7,208,TRUE,4YR 5S,TRUE,27500,227600,-0.879173989,RHP
598,31417,"Vogt, Nick",811,2022,7,210,TRUE,4YR JR,TRUE,200000,224100,-0.107541276,OF
599,26334,"Ricketts, Caleb",684,2022,7,212,TRUE,4YR SR,TRUE,218800,220400,-0.007259528,C
600,30134,"Faltine, Trey",781,2022,7,213,TRUE,4YR JR,TRUE,200000,218800,-0.085923218,SS
601,45018,"Maier, Adam",588,2022,7,215,TRUE,4YR JR,TRUE,1200000,215200,4.576208178,RHP
602,32045,"Windish, Hogan",827,2022,7,216,TRUE,4YR 5S,TRUE,20000,213700,-0.906410856,2B
603,9052,"Iadisernia, Alex",239,2022,7,217,TRUE,4YR JR,TRUE,212000,211800,0.000944287,OF
604,13538,"Williams, Peyton",353,2022,7,218,TRUE,4YR JR,TRUE,197500,210300,-0.06086543,1B
605,1396,"Bolden, Caleb",775,2022,7,219,TRUE,4YR 5S,TRUE,7500,208600,-0.964046021,RHP
606,21217,"Schlittler, Cam",551,2022,7,220,TRUE,4YR JR,TRUE,205000,207300,-0.011095031,RHP
607,29959,"McLaughlin, Mark",776,2022,7,221,TRUE,4YR JR,TRUE,150000,205600,-0.270428016,RHP
608,16181,"Metzinger, Ben",421,2022,7,222,TRUE,4YR SR,TRUE,97500,204300,-0.522760646,3B
609,18358,"Blubaugh, A.J.",479,2022,7,223,TRUE,4YR JR,TRUE,172500,202700,-0.148988653,RHP
610,44911,"Robertson, Blake",580,2022,7,224,TRUE,4YR JR,TRUE,198900,201200,-0.011431412,1B
611,25815,"Campos, Chris",672,2022,7,225,TRUE,4YR SO,TRUE,197500,199700,-0.011016525,SS
612,10672,"Morgan, Zach",280,2022,7,226,TRUE,4YR SR,TRUE,122500,198500,-0.382871537,C
613,18074,"Weston, Cameron",471,2022,8,227,TRUE,4YR JR,TRUE,197400,197200,0.001014199,RHP
614,36342,"Brosky, Matt",942,2022,8,229,TRUE,4YR SR,TRUE,5000,194100,-0.974240082,RHP
615,3863,"Nielson, Cy",101,2022,8,230,TRUE,4YR JR,TRUE,175000,193000,-0.093264249,LHP
616,11243,"Huff, Chance",295,2022,8,231,TRUE,4YR SR,TRUE,191700,191500,0.001044386,RHP
617,25367,"Stanavich, Dale",660,2022,8,232,TRUE,4YR SR,TRUE,47500,190400,-0.75052521,LHP
618,34450,"Matthews, Zebby",891,2022,8,234,TRUE,4YR SR,TRUE,125000,187700,-0.334043687,RHP
619,20898,"Palermo, Davison",543,2022,8,236,TRUE,4YR SR,TRUE,175000,185200,-0.055075594,RHP
620,32964,"Miller, Jake",851,2022,8,237,TRUE,4YR JR,TRUE,150000,183900,-0.184339315,LHP
621,14081,"Phillips, Dylan",367,2022,8,238,TRUE,4YR SR,TRUE,42500,182800,-0.76750547,OF
622,7091,"Tebrake, Dylan",186,2022,8,239,TRUE,4YR SR,TRUE,136425,181800,-0.249587459,RHP
623,21307,"Doersching, Griffin",581,2022,8,240,TRUE,4YR 5S,TRUE,25000,180800,-0.861725664,1B
624,21770,"Rao, Alex",565,2022,8,242,TRUE,4YR SR,TRUE,72500,178900,-0.594745668,RHP
625,33004,"McElvain, Chris",852,2022,8,243,TRUE,4YR JR,TRUE,175700,178100,-0.013475576,RHP
626,30339,"Dallas, Micah",782,2022,8,244,TRUE,4YR SR,TRUE,125000,177000,-0.293785311,RHP
627,4003,"Franks, Jason",105,2022,8,245,TRUE,4YR 5S,TRUE,2500,176300,-0.985819626,RHP
628,36393,"Levins, Tatem",614,2022,8,246,TRUE,4YR SR,TRUE,50000,175500,-0.715099715,C
629,32466,"Winquest, Cade",838,2022,8,247,TRUE,4YR SR,TRUE,174600,174500,0.000573066,RHP
630,32803,"Rock, Dylan",782,2022,8,248,TRUE,4YR 5S,TRUE,22500,173800,-0.870540852,OF
631,18008,"Brand, Jonathan",470,2022,8,249,TRUE,4YR SR,TRUE,7500,173100,-0.956672444,RHP
632,29106,"Barrera, Brett",753,2022,8,250,TRUE,4YR JR,TRUE,135000,172200,-0.216027875,SS
633,5146,"Camilletti, Mario",137,2022,8,251,TRUE,4YR 5S,TRUE,20000,171700,-0.883517764,2B
634,22457,"Peterson, Nate",817,2022,8,252,TRUE,4YR SR,TRUE,167500,171000,-0.020467836,LHP
635,15750,"Guilfoil, Tyler",372,2022,8,253,TRUE,4YR SR,TRUE,122500,170200,-0.280258519,RHP
636,14261,"Harney, Sean",372,2022,8,254,TRUE,4YR 5S,TRUE,47500,169600,-0.719929245,RHP
637,16153,"Young, Taylor",420,2022,8,255,TRUE,4YR 5S,TRUE,2500,169000,-0.985207101,2B
638,22770,"Meckler, Wade",589,2022,8,256,TRUE,4YR SR,TRUE,97500,168400,-0.421021378,OF
639,29114,"Crampton, Adam",753,2022,9,257,TRUE,4YR JR,TRUE,125000,167800,-0.255065554,SS
640,22766,"Logan, Gavin",589,2022,9,258,TRUE,4YR SR,TRUE,75000,167300,-0.551703527,C
641,11191,"Cheney, Griffin",294,2022,9,259,TRUE,4YR 5S,TRUE,1000,166600,-0.993997599,SS
642,36243,"Walsh, Mike",938,2022,9,260,TRUE,4YR JR,TRUE,147500,166100,-0.111980734,RHP
643,33015,"Romero Jr., Maxwell",469,2022,9,261,TRUE,4YR JR,TRUE,165700,165600,0.000603865,C
644,1426,"Taylor, Evan",36,2022,9,262,TRUE,4YR SR,TRUE,140000,165200,-0.152542373,LHP
645,1415,"Noland, Connor",36,2022,9,263,TRUE,4YR SR,TRUE,200000,164500,0.215805471,RHP
646,31396,"Lewis, Cory",811,2022,9,264,TRUE,4YR JR,TRUE,140000,164000,-0.146341463,RHP
647,22566,"Johnson, Brandon",584,2022,9,265,TRUE,4YR SR,TRUE,47500,163700,-0.709835064,RHP
648,18713,"Cumbest, Brad",488,2022,9,266,TRUE,NS,TRUE,163300,163200,0.000612745,OF
649,11246,"Jenkins, Andrew",295,2022,9,267,TRUE,4YR JR,TRUE,162900,162800,0.000614251,1B
650,18114,"Stewart, Joe",471,2022,9,268,TRUE,4YR 5S,TRUE,7500,162400,-0.953817734,OF
651,14257,"Estep, Chase",372,2022,9,269,TRUE,4YR JR,TRUE,125000,161900,-0.227918468,3B
652,13522,"Nedved, Dylan",353,2022,9,270,TRUE,4YR 5S,TRUE,20000,161400,-0.876084263,RHP
653,31606,"Peterson, Austin",816,2022,9,271,TRUE,4YR SR,TRUE,125000,161100,-0.22408442,RHP
654,4329,"Castillo, Chad",116,2022,9,272,TRUE,4YR SR,TRUE,22500,160700,-0.859987554,OF
655,19165,"Hensey, Rob",499,2022,9,273,TRUE,4YR SR,TRUE,47500,160300,-0.703680599,LHP
656,22468,"Trenkle, Caeden",581,2022,9,274,TRUE,4YR SO,TRUE,130000,160000,-0.1875,OF
657,10076,"Acton, Cory",292,2022,9,275,TRUE,4YR SR,TRUE,2500,159700,-0.984345648,2B
658,4257,"King, Joseph",114,2022,9,277,TRUE,4YR JR,TRUE,125000,159000,-0.213836478,RHP
659,15930,"Harrison, Devereaux",416,2022,9,278,TRUE,4YR JR,TRUE,122500,158500,-0.227129338,RHP
660,46867,"Keating, Matt",717,2022,9,280,TRUE,4YR JR,TRUE,122500,157900,-0.224192527,RHP
661,14240,"Turner, Michael",36,2022,9,281,TRUE,4YR 5S,TRUE,35000,157700,-0.778059607,C
662,23900,"Gillis, Brett",619,2022,9,283,TRUE,4YR SR,TRUE,97500,157100,-0.379376194,RHP
663,20120,"Villaman, Chris",523,2022,9,284,TRUE,4YR JR,TRUE,325000,156900,1.071383047,LHP
664,33150,"Neeck, Brandon",856,2022,9,285,TRUE,4YR SR,TRUE,27500,156500,-0.82428115,LHP
665,1610,"Choate, Jack",42,2022,9,286,TRUE,4YR JR,TRUE,87500,155900,-0.438742784,LHP
666,43085,"Johnson, Brett",454,2022,10,288,TRUE,4YR SR,TRUE,55000,155400,-0.646074646,OF
667,41903,"Hatcher, Josh",370,2022,10,289,TRUE,4YR 5S,TRUE,1000,155200,-0.993556701,OF
668,30156,"Stehly, Murphy",781,2022,10,291,TRUE,4YR 5S,TRUE,10000,154700,-0.935358759,3B
669,16126,"Gibson, Cade",420,2022,10,292,TRUE,4YR 5S,TRUE,12500,154500,-0.919093851,LHP
670,35442,"McCullough, Brody",917,2022,10,293,TRUE,4YR SR,TRUE,125000,154200,-0.189364462,RHP
671,30317,"Shuffield, Dalton",785,2022,10,294,TRUE,4YR 5S,TRUE,20000,153700,-0.869876383,SS
672,16197,"Usher, Levi",421,2022,10,295,TRUE,4YR SR,TRUE,72500,153500,-0.527687296,OF
673,8354,"Agnos, Zach",220,2022,10,296,TRUE,4YR JR,TRUE,165000,153100,0.077726976,RHP
674,14921,"Michael, Trevin",580,2022,10,297,TRUE,4YR 5S,TRUE,50000,152900,-0.672988882,RHP
675,22480,"Coutney, Matt",582,2022,10,298,TRUE,4YR 5S,TRUE,7500,152700,-0.950884086,1B
676,1430,"Vermillion, Zebulon",36,2022,10,299,TRUE,4YR SR,TRUE,20000,152400,-0.868766404,RHP
677,24165,"Smeltz, Jackson",627,2022,10,300,TRUE,4YR SR,TRUE,25000,152100,-0.835634451,LHP
678,11405,"Jessee, Brody",299,2022,10,303,TRUE,4YR JR,TRUE,132500,151400,-0.124834875,RHP
679,49608,"Rodden, Brock",906,2022,10,304,TRUE,4YR JR,FALSE,0,151200,0,2B
680,27526,"Keck, Andrew",713,2022,10,305,TRUE,4YR SR,TRUE,2500,150900,-0.983432737,C
681,17711,"Knight, Bill",462,2022,10,306,TRUE,4YR SR,TRUE,50000,150800,-0.668435013,OF
682,24278,"Jacobson, Tanner",630,2022,10,307,TRUE,4YR SR,TRUE,25000,150500,-0.833887043,RHP
683,1191,"Churchill, Ian",684,2022,10,308,TRUE,4YR 5S,TRUE,7500,150300,-0.9500998,LHP
684,22665,"Coffey, Isaac",587,2022,10,309,TRUE,4YR JR,TRUE,7500,149900,-0.949966644,RHP
685,8686,"Brian, Will",228,2022,10,310,TRUE,4YR 5S,TRUE,57500,149700,-0.615898464,LHP
686,22559,"Elko, Tim",584,2022,10,311,TRUE,4YR 5S,TRUE,35000,149500,-0.765886288,1B
687,25343,"Fitzpatrick, Brian",660,2022,10,312,TRUE,4YR SR,TRUE,100000,149500,-0.331103679,LHP
688,2198,"Cole, Zach",56,2022,10,313,TRUE,4YR JR,TRUE,97500,149500,-0.347826087,OF
689,12183,"Halemanu, Cade",320,2022,10,314,TRUE,4YR SR,TRUE,122500,149500,-0.180602007,RHP
690,21741,"Bertrand, John",565,2022,10,316,TRUE,4YR 5S,TRUE,47500,149400,-0.68206158,LHP
691,5485,"Giesting, Spencer",145,2022,11,318,FALSE,4YR SO,TRUE,400000,130000,2.076923077,LHP
692,26207,"Perachi, Dominic",681,2022,11,320,FALSE,4YR JR,TRUE,125000,130000,-0.038461538,LHP
693,29143,"Williams, Alex",753,2022,11,322,FALSE,4YR SR,TRUE,125000,130000,-0.038461538,RHP
694,25667,"Cossetti, Andrew",668,2022,11,324,FALSE,4YR SR,TRUE,125000,130000,-0.038461538,C
695,44912,"Sandlin, David",580,2022,11,325,FALSE,4YR JR,TRUE,400000,130000,2.076923077,RHP
696,1672,"Skipper, Carson",43,2022,11,326,FALSE,4YR SR,TRUE,100000,130000,-0.230769231,LHP
697,23186,"Miller, Joe",599,2022,11,327,FALSE,4YR SR,TRUE,125000,130000,-0.038461538,LHP
698,27722,"Thomas, Rhylan",717,2022,11,329,FALSE,4YR JR,TRUE,180000,130000,0.384615385,OF
699,20445,"Mejia, Ian",532,2022,11,335,FALSE,4YR SR,TRUE,100000,130000,-0.230769231,RHP
700,29916,"Perez, Marcelo",775,2022,11,336,FALSE,4YR SR,TRUE,125000,130000,-0.038461538,RHP
701,31266,"Church, Nathan",808,2022,11,337,FALSE,4YR SR,TRUE,125000,130000,-0.038461538,OF
702,31590,"Gallagher, Pat",816,2022,11,338,FALSE,4YR JR,TRUE,125000,130000,-0.038461538,RHP
703,15933,"Johnson, Marques",416,2022,11,339,FALSE,4YR SR,TRUE,122500,130000,-0.057692308,RHP
704,31390,"Harvey, Ryan",811,2022,11,340,FALSE,4YR JR,TRUE,250000,130000,0.923076923,RHP
705,27560,"Burke, Jacob",469,2022,11,341,FALSE,4YR JR,TRUE,225000,130000,0.730769231,OF
706,8756,"Wagoner, Cameron",229,2022,11,342,FALSE,4YR JR,TRUE,125000,130000,-0.038461538,RHP
707,2423,"Nevin, Kyle",62,2022,11,345,FALSE,4YR JR,TRUE,397500,130000,2.057692308,OF
708,25813,"Bower, Sam",672,2022,11,346,FALSE,4YR SO,TRUE,317500,130000,1.442307692,RHP
709,36133,"Brehmer, Bradley",349,2022,12,347,FALSE,4YR SR,TRUE,125000,130000,-0.038461538,RHP
710,17710,"Kelley, Jackson",462,2022,12,349,FALSE,4YR SR,TRUE,125000,130000,-0.038461538,RHP
711,18723,"Hunt, K.C.",488,2022,12,350,FALSE,4YR JR,FALSE,0,130000,0,RHP
712,13178,"Kirschsieper, Cole",345,2022,12,352,FALSE,4YR JR,TRUE,125000,130000,-0.038461538,LHP
713,1226,"Baez, Nate",32,2022,12,354,FALSE,4YR JR,TRUE,125000,130000,-0.038461538,C
714,2427,"Pineda, Jack",62,2022,12,355,FALSE,4YR SR,TRUE,147500,130000,0.134615385,SS
715,23899,"Franzen, Caleb",619,2022,12,356,FALSE,4YR JR,TRUE,125000,130000,-0.038461538,LHP
716,14288,"Stupp, Cole",372,2022,12,357,FALSE,4YR JR,TRUE,125000,130000,-0.038461538,RHP
717,30155,"Southard, Jared",781,2022,12,358,FALSE,4YR JR,TRUE,137500,130000,0.057692308,RHP
718,42659,"Gervase, Paul",422,2022,12,359,FALSE,4YR SR,TRUE,170000,130000,0.307692308,RHP
719,29909,"Krob, Austin",775,2022,12,360,FALSE,4YR SR,TRUE,125000,130000,-0.038461538,LHP
720,27489,"Jasiak, Jack",712,2022,12,361,FALSE,4YR JR,TRUE,125000,130000,-0.038461538,RHP
721,3392,"Pelio, Mason",87,2022,12,363,FALSE,4YR SR,TRUE,125000,130000,-0.038461538,RHP
722,13174,"Janas, Justin",345,2022,12,365,FALSE,4YR JR,TRUE,125000,130000,-0.038461538,1B
723,48182,"Taylor, Troy",808,2022,12,366,FALSE,4YR JR,TRUE,125000,130000,-0.038461538,RHP
724,31548,"Curialle, Michael",815,2022,12,367,FALSE,4YR JR,TRUE,150000,130000,0.153846154,SS
725,1667,"Mullins, Hayden",43,2022,12,369,FALSE,4YR JR,TRUE,97500,130000,-0.25,LHP
726,18717,"Fristoe, Jackson",488,2022,12,370,FALSE,4YR SO,TRUE,272500,130000,1.096153846,RHP
727,32082,"Baldwin, Brooks",829,2022,12,371,FALSE,4YR SR,TRUE,125000,130000,-0.038461538,3B
728,22191,"Dezenzo, Zach",576,2022,12,373,FALSE,4YR SR,TRUE,125000,130000,-0.038461538,SS
729,29911,"Meador, Jacob",201,2022,12,375,FALSE,4YR JR,TRUE,125000,130000,-0.038461538,RHP
730,41720,"Vogel, Tyler",356,2022,12,376,FALSE,4YR JR,TRUE,125000,130000,-0.038461538,RHP
731,25703,"Beck, Jared",669,2022,13,377,FALSE,4YR JR,TRUE,125000,130000,-0.038461538,LHP
732,25473,"Saul, Eli",663,2022,13,378,FALSE,4YR JR,TRUE,125000,130000,-0.038461538,RHP
733,11240,"Grissom, Marquis",295,2022,13,381,FALSE,4YR SO,TRUE,125000,130000,-0.038461538,RHP
734,15940,"Luttrell, Chase",416,2022,13,382,FALSE,4YR SR,TRUE,125000,130000,-0.038461538,OF
735,4331,"Culpepper, C.J.",116,2022,13,384,FALSE,4YR JR,TRUE,125000,130000,-0.038461538,RHP
736,17130,"Ramsey, Ryan",446,2022,13,385,FALSE,4YR JR,TRUE,125000,130000,-0.038461538,LHP
737,1393,"Adams, Blake",367,2022,13,386,FALSE,4YR JR,TRUE,125000,130000,-0.038461538,RHP
738,22448,"Johnson, Dom",367,2022,13,387,FALSE,4YR SO,TRUE,180000,130000,0.384615385,OF
739,40762,"Ross, Dylan",292,2022,13,389,FALSE,4YR JR,TRUE,125000,130000,-0.038461538,RHP
740,8274,"Pauley, Graham",217,2022,13,390,FALSE,4YR JR,TRUE,125000,130000,-0.038461538,3B
741,27724,"Turner, Tyresse",717,2022,13,391,FALSE,4YR JR,TRUE,125000,130000,-0.038461538,SS
742,11031,"Fergus, Cade",290,2022,13,392,FALSE,4YR SR,TRUE,125000,130000,-0.038461538,OF
743,21571,"Harmon, Johnathan",561,2022,13,393,FALSE,4YR JR,TRUE,125000,130000,-0.038461538,RHP
744,22776,"Pfennigs, Jake",589,2022,13,394,FALSE,4YR SR,TRUE,125000,130000,-0.038461538,RHP
745,32049,"Bowen, Darren",828,2022,13,396,FALSE,4YR JR,TRUE,125000,130000,-0.038461538,RHP
746,7628,"Arnold, Chandler",201,2022,13,397,FALSE,4YR JR,TRUE,175000,130000,0.346153846,RHP
747,42614,"Bonds, Bo",419,2022,13,398,FALSE,4YR JR,TRUE,125000,130000,-0.038461538,RHP
748,5996,"Gilbert, Geoffrey",160,2022,13,400,FALSE,4YR JR,TRUE,125000,130000,-0.038461538,LHP
749,13612,"Adams, Mason",356,2022,13,401,FALSE,4YR SR,TRUE,75000,130000,-0.423076923,RHP
750,26241,"Loftin, Jackson",587,2022,13,403,FALSE,4YR JR,TRUE,125000,130000,-0.038461538,SS
751,37882,"Dahle, Nate",101,2022,13,404,FALSE,4YR JR,TRUE,87500,130000,-0.326923077,RHP
752,33151,"Newell, Chris",856,2022,13,405,FALSE,4YR JR,TRUE,147500,130000,0.134615385,OF
753,22993,"Gavello, Thomas",595,2022,13,406,FALSE,4YR JR,TRUE,125000,130000,-0.038461538,C
754,15219,"Retzbach, Adam",397,2022,14,407,FALSE,4YR JR,TRUE,125000,130000,-0.038461538,C
755,22562,"Graham, Kevin",584,2022,14,408,FALSE,4YR SR,TRUE,125000,130000,-0.038461538,OF
756,27396,"Bosnic, Julian",710,2022,14,410,FALSE,4YR SR,TRUE,125000,130000,-0.038461538,LHP
757,29953,"Lawson, Cortland",776,2022,14,411,FALSE,4YR JR,TRUE,125000,130000,-0.038461538,SS
758,18806,"Montgomery, Torin",490,2022,14,412,FALSE,4YR JR,TRUE,75000,130000,-0.423076923,1B
759,11120,"Marshall, Shane",292,2022,14,413,FALSE,4YR SR,TRUE,125000,130000,-0.038461538,RHP
760,12858,"Sears, Ben",337,2022,14,415,FALSE,4YR SR,TRUE,125000,130000,-0.038461538,RHP
761,15472,"Adametz III, Joe",405,2022,14,417,FALSE,4YR JR,TRUE,130000,130000,0,LHP
762,17549,"Foster, Cameron",457,2022,14,419,FALSE,4YR 5S,TRUE,40000,130000,-0.692307692,RHP
763,16066,"Robertson, Tyler",419,2022,14,420,FALSE,4YR SR,TRUE,125000,130000,-0.038461538,OF
764,32012,"Cavenaugh, Pres",827,2022,14,421,FALSE,4YR JR,TRUE,125000,130000,-0.038461538,OF
765,11006,"Lyons, Jared",289,2022,14,423,FALSE,4YR SR,TRUE,100000,130000,-0.230769231,RHP
766,46922,"Harper, Landon",722,2022,14,425,FALSE,4YR JR,TRUE,140000,130000,0.076923077,RHP
767,5062,"Cleveland, Tyler",135,2022,14,426,FALSE,4YR SR,TRUE,125000,130000,-0.038461538,RHP
768,45027,"Carpenter, D.J.",589,2022,14,427,FALSE,4YR JR,TRUE,100000,130000,-0.230769231,RHP
769,13183,"Maldonado, Aidan",483,2022,14,432,FALSE,4YR SR,TRUE,125000,130000,-0.038461538,RHP
770,29920,"Sacco, Tommy",775,2022,14,433,FALSE,4YR 5S,TRUE,125000,130000,-0.038461538,SS
771,24772,"Garcia, Roel",643,2022,14,434,FALSE,4YR 5S,TRUE,50000,130000,-0.615384615,RHP
772,46747,"Hicks, James",710,2022,15,437,FALSE,4YR JR,FALSE,0,130000,0,RHP
773,18786,"Day, Joshua",490,2022,15,438,FALSE,4YR SR,TRUE,125000,130000,-0.038461538,SS
774,27428,"Sightler, Josiah",710,2022,15,440,FALSE,4YR SR,TRUE,125000,130000,-0.038461538,1B
775,4112,"Luckham, Kyle",32,2022,15,441,FALSE,4YR SR,TRUE,125000,130000,-0.038461538,RHP
776,15739,"Buxton, Ike",411,2022,15,442,FALSE,4YR SR,TRUE,100000,130000,-0.230769231,RHP
777,6479,"McGeary, Haydn",172,2022,15,443,FALSE,4YR JR,TRUE,125000,130000,-0.038461538,C
778,27868,"Ethridge, Ben",722,2022,15,444,FALSE,4YR JR,TRUE,125000,130000,-0.038461538,RHP
779,33020,"Vaz, Javier",852,2022,15,445,FALSE,4YR JR,TRUE,125000,130000,-0.038461538,OF
780,33739,"Hill, Brady",688,2022,15,446,FALSE,4YR JR,TRUE,175000,130000,0.346153846,RHP
781,22728,"Pridgen, Patrick",261,2022,15,447,FALSE,4YR 5S,TRUE,125000,130000,-0.038461538,RHP
782,22456,"Osmond, Bryce",581,2022,15,448,FALSE,4YR JR,TRUE,129500,130000,-0.003846154,RHP
783,21181,"Balboni, Thomas",551,2022,15,450,FALSE,4YR JR,TRUE,125000,130000,-0.038461538,RHP
784,34349,"Tulloch, Adam",32,2022,15,451,FALSE,4YR SR,TRUE,125000,130000,-0.038461538,LHP
785,17132,"Schreffler Jr., Troy",446,2022,15,452,FALSE,4YR JR,TRUE,125000,130000,-0.038461538,OF
786,1392,"Adamiak, Mark",36,2022,15,454,FALSE,4YR JR,TRUE,125000,130000,-0.038461538,RHP
787,37071,"Rambusch, Blake",43,2022,15,456,FALSE,4YR JR,TRUE,125000,130000,-0.038461538,3B
788,47650,"Hickey, Matt",773,2022,15,457,FALSE,4YR 5S,TRUE,25000,130000,-0.807692308,RHP
789,33444,"Turconi, Michael",864,2022,15,458,FALSE,4YR SR,TRUE,75000,130000,-0.423076923,SS
790,43568,"Landry, Nathan",490,2022,15,459,FALSE,4YR JR,TRUE,112500,130000,-0.134615385,LHP
791,11498,"Aguilar, Tayler",302,2022,15,460,FALSE,4YR JR,TRUE,125000,130000,-0.038461538,OF
792,8278,"Seidl, Billy",217,2022,15,461,FALSE,4YR JR,TRUE,100000,130000,-0.230769231,RHP
793,3387,"Mancini, Joey",87,2022,15,463,FALSE,4YR SR,TRUE,125000,130000,-0.038461538,RHP
794,1215,"O'Tremba, Tanner",31,2022,15,466,FALSE,4YR SR,TRUE,75000,130000,-0.423076923,OF
795,33196,"Firoved, Graham",858,2022,16,467,FALSE,4YR JR,TRUE,80000,130000,-0.384615385,RHP
796,4337,"Martin, David",116,2022,16,468,FALSE,4YR JR,TRUE,100000,130000,-0.230769231,C
797,16584,"Cimillo, Nick",660,2022,16,470,FALSE,4YR SR,TRUE,100000,130000,-0.230769231,C
798,30011,"Roberts, Brett",267,2022,16,472,FALSE,4YR JR,TRUE,100000,130000,-0.230769231,SS
799,3861,"McKeehan, Cooper",101,2022,16,475,FALSE,4YR JR,TRUE,125000,130000,-0.038461538,LHP
800,30332,"Becker, Austin",786,2022,16,476,FALSE,4YR SR,TRUE,100000,130000,-0.230769231,RHP
801,13134,"Gudaitis, Quinn",343,2022,16,477,FALSE,4YR 5S,TRUE,75000,130000,-0.423076923,RHP
802,26734,"Dana, Casey",816,2022,16,478,FALSE,4YR 5S,TRUE,125000,130000,-0.038461538,OF
803,8263,"Loper, Jimmy",217,2022,16,479,FALSE,4YR SR,TRUE,125000,130000,-0.038461538,RHP
804,38445,"Bortka, Josh",138,2022,16,482,FALSE,4YR SR,TRUE,75000,130000,-0.423076923,RHP
805,20046,"Braithwaite, Trey",888,2022,16,483,FALSE,4YR 5S,TRUE,100000,130000,-0.230769231,RHP
806,12196,"Pontes, Blaze",320,2022,16,484,FALSE,4YR SR,TRUE,75000,130000,-0.423076923,RHP
807,15822,"Exposito, E.J.",413,2022,16,485,FALSE,4YR JR,TRUE,100000,130000,-0.230769231,SS
808,343,"McNairy, Jacob",8,2022,16,486,FALSE,4YR SR,FALSE,0,130000,0,RHP
809,22997,"Hayes, Hunter",595,2022,16,487,FALSE,4YR JR,TRUE,100000,130000,-0.230769231,RHP
810,22438,"Davis, Kale",581,2022,16,488,FALSE,4YR SO,FALSE,0,130000,0,RHP
811,27885,"Ramsey, Garrett",722,2022,16,489,FALSE,4YR SR,TRUE,97500,130000,-0.25,RHP
812,9501,"Gray, Shane",250,2022,16,490,FALSE,4YR SR,TRUE,125000,130000,-0.038461538,RHP
813,30319,"Stivors, Tristan",785,2022,16,491,FALSE,4YR 5S,TRUE,75000,130000,-0.423076923,RHP
814,16161,"Borden, Tim",295,2022,16,493,FALSE,4YR SR,TRUE,50000,130000,-0.615384615,SS
815,18724,"James, Kamren",488,2022,16,494,FALSE,4YR JR,TRUE,125000,130000,-0.038461538,SS
816,31554,"Karros, Jared",815,2022,16,495,FALSE,4YR SO,TRUE,125000,130000,-0.038461538,RHP
817,10665,"Kachel, Andrew",280,2022,16,496,FALSE,4YR JR,TRUE,125000,130000,-0.038461538,2B
818,33021,"Young, Carter",852,2022,17,497,FALSE,4YR JR,TRUE,1325000,130000,9.192307692,SS
819,41402,"Clayton, Logan",337,2022,17,498,FALSE,4YR SO,TRUE,100000,130000,-0.230769231,RHP
820,12836,"Deese, Jaycob",337,2022,17,500,FALSE,4YR SR,TRUE,80000,130000,-0.384615385,RHP
821,48225,"Klassen, Blake",811,2022,17,501,FALSE,4YR JR,TRUE,125000,130000,-0.038461538,1B
822,22488,"Garriola, Andy",582,2022,17,503,FALSE,4YR SR,TRUE,50000,130000,-0.615384615,OF
823,36160,"Sayre, Alec",936,2022,17,504,FALSE,4YR JR,TRUE,100000,130000,-0.230769231,OF
824,44906,"Martinez, Chazz",580,2022,17,505,FALSE,4YR SR,TRUE,125000,130000,-0.038461538,LHP
825,31046,"Hoffman, Tyler",802,2022,17,506,FALSE,4YR SR,TRUE,125000,130000,-0.038461538,RHP
826,26757,"Patten, Cole",855,2022,17,507,FALSE,4YR SR,TRUE,35000,130000,-0.730769231,RHP
827,20446,"Natera, Sammy",532,2022,17,508,FALSE,4YR JR,TRUE,125000,130000,-0.038461538,LHP
828,30618,"Brandon, Connor",792,2022,17,509,FALSE,4YR JR,TRUE,200000,130000,0.538461538,RHP
829,20916,"Zarate, Angel",543,2022,17,511,FALSE,4YR 5S,TRUE,100000,130000,-0.230769231,OF
830,14262,"Harper, Daniel",372,2022,17,512,FALSE,4YR 5S,TRUE,20000,130000,-0.846153846,RHP
831,34576,"Sikorski, Easton",894,2022,17,513,FALSE,4YR SR,TRUE,75000,130000,-0.423076923,RHP
832,17977,"Garland, Jake",469,2022,17,514,FALSE,4YR JR,TRUE,100000,130000,-0.230769231,RHP
833,33670,"Raeth, Stefan",870,2022,17,516,FALSE,4YR SR,TRUE,50000,130000,-0.615384615,RHP
834,1665,"Moore, Brody",43,2022,17,517,FALSE,4YR SR,TRUE,50000,130000,-0.615384615,SS
835,4455,"Chasse, Ryan",120,2022,17,518,FALSE,4YR SR,TRUE,50000,130000,-0.615384615,LHP
836,2080,"Merda, Hayden",53,2022,17,520,FALSE,4YR SR,TRUE,125000,130000,-0.038461538,RHP
837,18541,"Altermatt, Nick",484,2022,17,521,FALSE,4YR SR,TRUE,125000,130000,-0.038461538,RHP
838,23703,"McGowan, Garrett",613,2022,17,523,FALSE,4YR 5S,TRUE,20000,130000,-0.846153846,1B
839,22550,"Bench, Justin",584,2022,17,526,FALSE,4YR SR,TRUE,100000,130000,-0.230769231,SS
840,18000,"Walters, Andrew",469,2022,18,527,FALSE,4YR JR,FALSE,0,130000,0,RHP
841,22987,"Birdsong, Elijah",595,2022,18,530,FALSE,4YR SR,TRUE,100000,130000,-0.230769231,RHP
842,27493,"Lord, Brad",712,2022,18,531,FALSE,4YR SR,TRUE,125000,130000,-0.038461538,RHP
843,6457,"Bramwell, Spencer",172,2022,18,532,FALSE,4YR 5S,TRUE,10000,130000,-0.923076923,C
844,11101,"Brown, Garrett",292,2022,18,533,FALSE,4YR SR,TRUE,80000,130000,-0.384615385,RHP
845,23863,"Veen, Zach",617,2022,18,534,FALSE,4YR JR,TRUE,80000,130000,-0.384615385,LHP
846,22415,"Ramos, Javier",580,2022,18,536,FALSE,4YR SR,TRUE,130000,130000,0,RHP
847,6674,"Williams, Chris",176,2022,18,537,FALSE,4YR SR,TRUE,50000,130000,-0.615384615,OF
848,3375,"Gieg, Max",87,2022,18,538,FALSE,4YR JR,TRUE,125000,130000,-0.038461538,RHP
849,25841,"Santiago, Chris",672,2022,18,539,FALSE,4YR JR,TRUE,125000,130000,-0.038461538,RHP
850,31310,"Jacobs, Zach",809,2022,18,541,FALSE,4YR JR,TRUE,125000,130000,-0.038461538,RHP
851,27435,"Wimmer, Braylen",710,2022,18,542,FALSE,4YR JR,FALSE,0,130000,0,SS
852,11526,"Reilly, Vince",302,2022,18,544,FALSE,4YR JR,TRUE,100000,130000,-0.230769231,RHP
853,44390,"Schaeffer, Brandon",543,2022,18,546,FALSE,4YR SR,TRUE,100000,130000,-0.230769231,LHP
854,36195,"Lynch, John",937,2022,18,547,FALSE,4YR JR,TRUE,125000,130000,-0.038461538,LHP
855,21208,"Keane, Sebastian",551,2022,18,550,FALSE,4YR JR,TRUE,125000,130000,-0.038461538,RHP
856,31421,"Willits, Bryce",811,2022,18,551,FALSE,4YR SR,TRUE,40000,130000,-0.692307692,3B
857,13502,"Davitt, Duncan",353,2022,18,554,FALSE,4YR SR,TRUE,25000,130000,-0.807692308,RHP
858,24824,"Mathes, Alden",644,2022,19,557,FALSE,4YR JR,FALSE,0,130000,0,OF
859,12859,"Thomas, Johnathon",784,2022,19,561,FALSE,4YR SR,TRUE,125000,130000,-0.038461538,OF
860,27492,"Lane, Carmine",712,2022,19,562,FALSE,4YR JR,TRUE,75000,130000,-0.423076923,C
861,36579,"McMillan, Garrett",8,2022,19,564,FALSE,4YR JR,FALSE,0,130000,0,RHP
862,14035,"Messinger, Skyler",781,2022,19,566,FALSE,4YR 5S,TRUE,20000,130000,-0.846153846,3B
863,36182,"Franzoni, Luke",937,2022,19,568,FALSE,4YR SR,TRUE,75000,130000,-0.423076923,1B
864,18789,"Garrett, Drew",490,2022,19,572,FALSE,4YR SR,TRUE,50000,130000,-0.615384615,RHP
865,19056,"Stevenson, Tommy",496,2022,19,574,FALSE,4YR JR,TRUE,100000,130000,-0.230769231,1B
866,45555,"Washington, Curtis",627,2022,19,576,FALSE,4YR SR,TRUE,50000,130000,-0.615384615,OF
867,33117,"Rotondo, Chris",855,2022,19,577,FALSE,4YR SR,TRUE,25000,130000,-0.807692308,OF
868,22401,"Godman, Jaret",580,2022,19,579,FALSE,4YR SR,TRUE,122500,130000,-0.057692308,RHP
869,40887,"Garcia, John",301,2022,19,583,FALSE,4YR JR,TRUE,75000,130000,-0.423076923,C
870,29129,"Mathews, Quinn",753,2022,19,584,FALSE,4YR JR,FALSE,0,130000,0,LHP
871,17101,"Alleyne, Chris",446,2022,19,585,FALSE,4YR 5S,TRUE,125000,130000,-0.038461538,OF
872,13365,"Sharp, Reese",349,2022,20,587,FALSE,4YR JR,TRUE,125000,130000,-0.038461538,RHP
873,15830,"Loeschorn, Joshua",413,2022,20,590,FALSE,4YR SR,TRUE,25000,130000,-0.807692308,RHP
874,11112,"Gowen, Jack",292,2022,20,592,FALSE,4YR SR,TRUE,75000,130000,-0.423076923,RHP
875,15228,"Torres, Carlos",397,2022,20,596,FALSE,4YR JR,TRUE,100000,130000,-0.230769231,RHP
876,26733,"Conover, Drew",694,2022,20,597,FALSE,4YR SO,FALSE,0,130000,0,RHP
877,33443,"Tinsman, Brendan",864,2022,20,598,FALSE,4YR SR,TRUE,25000,130000,-0.807692308,C
878,11499,"Ankeney, Eli",302,2022,20,599,FALSE,4YR JR,TRUE,100000,130000,-0.230769231,LHP
879,20902,"Rapp, Shawn",543,2022,20,601,FALSE,4YR JR,TRUE,50000,130000,-0.615384615,LHP
880,22202,"Karaffa, Nathan",576,2022,20,602,FALSE,4YR JR,TRUE,75000,130000,-0.423076923,RHP
881,30187,"Menefee, Joseph",782,2022,20,603,FALSE,4YR SR,TRUE,125000,130000,-0.038461538,LHP
882,4016,"True, Derek",105,2022,20,604,FALSE,4YR JR,FALSE,0,130000,0,RHP
883,4267,"Ogans, Keshawn",114,2022,20,605,FALSE,4YR JR,TRUE,125000,130000,-0.038461538,SS
884,13724,"Zona, Nick",358,2022,20,606,FALSE,4YR SR,TRUE,5000,130000,-0.961538462,2B
885,3065,"Butler, Connor",79,2022,20,609,FALSE,4YR SR,TRUE,72500,130000,-0.442307692,LHP
886,9055,"Kirk, Trevor",239,2022,20,610,FALSE,4YR JR,TRUE,125000,130000,-0.038461538,RHP
887,22198,"Hammerberg, Ethan",576,2022,20,611,FALSE,4YR JR,TRUE,100000,130000,-0.230769231,RHP
888,1113,"Hall, Noah",710,2022,20,612,FALSE,4YR JR,FALSE,0,130000,0,RHP
889,7664,"Wrobleski, Ryan",201,2022,20,613,FALSE,4YR SR,TRUE,30000,130000,-0.769230769,C
890,33164,"Wyatt, Matt",856,2022,20,614,FALSE,4YR JR,TRUE,260100,130000,1.000769231,RHP
891,1248,"Long, Ethan",32,2022,20,616,FALSE,4YR SO,FALSE,0,130000,0,1B
892,16165,"Davis, Henry",421,2021,1,1,TRUE,4YR JR,TRUE,6500000,8420000,-0.228028504,C
893,33001,"Leiter, Jack",852,2021,1,2,TRUE,4YR SO,TRUE,7922000,7790000,0.016944801,RHP
894,26229,"Cowser, Colton",682,2021,1,5,TRUE,4YR JR,TRUE,4900000,6180000,-0.207119741,OF
895,18003,"Bachman, Sam",470,2021,1,9,TRUE,4YR JR,TRUE,3847500,4950000,-0.222727273,RHP
896,33013,"Rocker, Kumar",852,2021,1,10,TRUE,4YR JR,FALSE,0,4740000,0,RHP
897,18709,"Bednar, Will",488,2021,1,14,TRUE,4YR SO,TRUE,3650000,4040000,-0.096534653,RHP
898,3373,"Frelick, Sal",87,2021,1,15,TRUE,4YR JR,TRUE,4000000,3890000,0.028277635,OF
899,31557,"McLain, Matt",815,2021,1,17,TRUE,4YR JR,TRUE,4625000,3610000,0.281163435,SS
900,31399,"McGreevy, Michael",811,2021,1,18,TRUE,4YR JR,TRUE,2750000,3480000,-0.209770115,RHP
901,22564,"Hoglund, Gunnar",584,2021,1,19,TRUE,4YR JR,TRUE,3247500,3360000,-0.033482143,RHP
902,8678,"Sweeney, Trey",227,2021,1,20,TRUE,4YR JR,TRUE,3000000,3240000,-0.074074074,SS
903,14091,"Wicks, Jordan",367,2021,1,21,TRUE,4YR JR,TRUE,3132300,3130000,0.000734824,LHP
904,8390,"Williams, Gavin",220,2021,1,23,TRUE,4YR SR,TRUE,2250000,2930000,-0.232081911,RHP
905,33418,"Cusick, Ryan",864,2021,1,24,TRUE,4YR JR,TRUE,2700000,2830000,-0.045936396,RHP
906,30144,"Madden, Ty",781,2021,1,32,TRUE,4YR JR,TRUE,2500000,2260000,0.10619469,RHP
907,36132,"Black, Tyler",936,2021,1,33,TRUE,4YR JR,TRUE,2200000,2200000,0,2B
908,10183,"Nelson, Matheu",267,2021,1,35,TRUE,4YR JR,TRUE,2095800,2100000,-0.002,C
909,22740,"Zavala, Aaron",588,2021,2,38,TRUE,4YR JR,TRUE,830000,1950000,-0.574358974,OF
910,10087,"Fabian, Jud",265,2021,2,40,TRUE,4YR JR,FALSE,0,1860000,0,OF
911,8380,"Norby, Connor",220,2021,2,41,TRUE,4YR JR,TRUE,1700000,1810000,-0.060773481,2B
912,1646,"Bliss, Ryan",43,2021,2,42,TRUE,4YR JR,TRUE,1250000,1770000,-0.293785311,SS
913,16223,"Hill, Jaden",422,2021,2,44,TRUE,4YR JR,TRUE,1689500,1690000,-0.000295858,RHP
914,25814,"Bush, Ky",672,2021,2,45,TRUE,4YR JR,TRUE,1750000,1650000,0.060606061,LHP
915,27391,"Wilson, Ethan",709,2021,2,49,TRUE,4YR JR,TRUE,1507600,1510000,-0.001589404,OF
916,10302,"Mikulski, Matt",270,2021,2,50,TRUE,4YR SR,TRUE,1200000,1470000,-0.183673469,LHP
917,29925,"Smith, Russell",775,2021,2,51,TRUE,4YR SR,TRUE,1000000,1440000,-0.305555556,LHP
918,3391,"Morissette, Cody",87,2021,2,52,TRUE,4YR JR,TRUE,1403200,1400000,0.002285714,SS
919,33127,"Abbott, Andrew",856,2021,2,53,TRUE,4YR SR,TRUE,1300000,1370000,-0.051094891,LHP
920,29107,"Beck, Brendan",753,2021,2,55,TRUE,4YR SR,TRUE,1050000,1310000,-0.198473282,RHP
921,22578,"Nikhazy, Doug",584,2021,2,58,TRUE,4YR JR,TRUE,1200000,1210000,-0.008264463,LHP
922,20196,"Schwellenbach, Spencer",525,2021,2,59,TRUE,4YR JR,TRUE,1000000,1190000,-0.159663866,RHP
923,33137,"Gelof, Zack",856,2021,2,60,TRUE,4YR JR,TRUE,1157400,1160000,-0.002241379,3B
924,18056,"Hajjar, Steve",471,2021,2,61,TRUE,4YR JR,TRUE,1129700,1130000,-0.000265487,LHP
925,33748,"Manzardo, Kyle",872,2021,2,63,TRUE,4YR JR,TRUE,747500,1080000,-0.30787037,1B
926,27893,"Trimble, Reed",722,2021,2,65,TRUE,4YR SO,TRUE,800000,1030000,-0.223300971,OF
927,360,"Wilson, Peyton",8,2021,2,66,TRUE,4YR SO,TRUE,1003300,1000000,0.0033,2B
928,17971,"Del Castillo, Adrian",469,2021,2,67,TRUE,4YR SO,TRUE,1000000,976700,0.023855841,C
929,22089,"Rock, Joe",573,2021,2,68,TRUE,4YR JR,TRUE,953100,953100,0,LHP
930,10096,"Mace, Tommy",265,2021,2,69,TRUE,4YR JR,TRUE,1100000,929800,0.183050118,RHP
931,1202,"Holgate, Ryan",31,2021,2,70,TRUE,4YR JR,TRUE,875000,906800,-0.035068372,OF
932,12839,"Gasser, Robert",337,2021,2,71,TRUE,4YR JR,TRUE,884200,884200,0,LHP
933,357,"Smith, Dylan",8,2021,3,74,TRUE,4YR JR,TRUE,1115000,844200,0.320777067,RHP
934,20104,"McDonough, Tyler",523,2021,3,75,TRUE,4YR JR,TRUE,828600,831100,-0.003008062,2B
935,14281,"Rhodes, John",372,2021,3,76,TRUE,4YR SO,TRUE,1375000,818200,0.680518211,OF
936,13338,"Brown, McCade",349,2021,3,79,TRUE,4YR JR,TRUE,780400,780400,0,RHP
937,16227,"Marceaux, Landon",422,2021,3,80,TRUE,4YR JR,TRUE,767800,767800,0,RHP
938,7642,"Hamel, Dominic",201,2021,3,81,TRUE,4YR SR,TRUE,755300,755300,0,RHP
939,1186,"Boissiere, Branden",31,2021,3,82,TRUE,4YR JR,TRUE,600000,744200,-0.193765117,OF
940,15201,"Black, Mason",397,2021,3,85,TRUE,4YR JR,TRUE,710700,710700,0,RHP
941,16160,"Binelas, Alex",421,2021,3,86,TRUE,4YR JR,TRUE,700000,699700,0.000428755,3B
942,20118,"Torres, Jose",523,2021,3,89,TRUE,4YR SO,TRUE,622500,667900,-0.067974248,SS
943,20892,"Love, Austin",543,2021,3,90,TRUE,4YR JR,TRUE,600000,657600,-0.087591241,RHP
944,17109,"Burke, Sean",446,2021,3,94,TRUE,4YR JR,TRUE,900000,618200,0.455839534,RHP
945,27519,"Dodd, Dylan",713,2021,3,96,TRUE,4YR 5S,TRUE,122500,604800,-0.797453704,LHP
946,10890,"Miller, Mason",286,2021,3,97,TRUE,4YR 5S,TRUE,599100,599100,0,RHP
947,20191,"Povich, Cade",525,2021,3,98,TRUE,4YR JR,TRUE,500000,593100,-0.156971843,LHP
948,1406,"Kopps, Kevin",36,2021,3,99,TRUE,4YR SR,TRUE,300000,587400,-0.48927477,RHP
949,3705,"Mattison, Tyler",97,2021,4,104,TRUE,4YR SR,TRUE,400000,560000,-0.285714286,RHP
950,1225,"Williams, Donta'",31,2021,4,106,TRUE,4YR SR,TRUE,400000,549000,-0.27140255,OF
951,24237,"Patrick, Chad",629,2021,4,107,TRUE,4YR SR,TRUE,350000,543500,-0.356025759,RHP
952,17664,"Goodman, Hunter",461,2021,4,109,TRUE,4YR JR,TRUE,600000,533000,0.125703565,C
953,33007,"Murphy, Luke",852,2021,4,110,TRUE,4YR JR,TRUE,750000,527800,0.4209928,RHP
954,31570,"Schwartz, JT",815,2021,4,111,TRUE,4YR JR,TRUE,475000,522600,-0.091083046,1B
955,30192,"Saenz, Dustin",782,2021,4,112,TRUE,4YR SR,TRUE,500000,517400,-0.033629687,LHP
956,30189,"Miller, Bryce",782,2021,4,113,TRUE,4YR JR,TRUE,400000,512400,-0.219359875,RHP
957,18708,"Allen, Tanner",488,2021,4,118,TRUE,4YR SR,TRUE,247500,487900,-0.492723919,OF
958,26472,"Ibarra, Ruben",688,2021,4,119,TRUE,4YR SR,TRUE,172500,483000,-0.642857143,1B
959,33752,"Mills, Zane",872,2021,4,120,TRUE,4YR JR,TRUE,375000,478300,-0.215973239,RHP
960,29939,"Dallas, Chad",776,2021,4,121,TRUE,4YR JR,TRUE,497500,473700,0.05024277,RHP
961,16162,"Bowman, Cooper",421,2021,4,122,TRUE,4YR JR,TRUE,353000,469000,-0.247334755,2B
962,1401,"Franklin, Christian",36,2021,4,123,TRUE,4YR JR,TRUE,425000,464500,-0.085037675,OF
963,3478,"Gosswein, Brooks",90,2021,4,124,TRUE,4YR SR,TRUE,200000,460000,-0.565217391,LHP
964,11139,"Webb, Ryan",292,2021,4,125,TRUE,4YR SR,TRUE,400000,455600,-0.122036874,LHP
965,30338,"Conley, Cal",786,2021,4,126,TRUE,4YR JR,TRUE,422500,451800,-0.064851704,SS
966,7227,"Clarke, Denzel",190,2021,4,127,TRUE,4YR JR,TRUE,700000,447400,0.56459544,OF
967,22441,"Encarnacion-Strand, Christian",581,2021,4,128,TRUE,4YR JR,TRUE,442900,442900,0,3B
968,34351,"Wolf, Jackson",888,2021,4,129,TRUE,4YR JR,TRUE,300000,438700,-0.316161386,LHP
969,30330,"Baker, Dru",786,2021,4,130,TRUE,4YR JR,TRUE,431800,434300,-0.00575639,3B
970,31561,"Nastrini, Nick",815,2021,4,131,TRUE,4YR SO,TRUE,500000,430800,0.160631383,RHP
971,2210,"McDermott, Chayce",56,2021,4,132,TRUE,4YR SR,TRUE,375000,426600,-0.120956399,RHP
972,7639,"Glenn, Jackson",201,2021,5,133,TRUE,4YR 5S,TRUE,12500,422300,-0.970400189,3B
973,21757,"Kohlhepp, Tanner",565,2021,5,135,TRUE,4YR JR,TRUE,400000,414000,-0.033816425,RHP
974,10092,"Hickey, Nathan",265,2021,5,136,TRUE,4YR SO,TRUE,1000000,410100,1.438429651,C
975,32459,"Tavera, Carlos",838,2021,5,137,TRUE,4YR SR,TRUE,375000,406000,-0.07635468,RHP
976,20905,"Roberts, Caleb",543,2021,5,138,TRUE,4YR JR,TRUE,402000,402000,0,C
977,18711,"Cerantola, Eric",488,2021,5,139,TRUE,4YR JR,TRUE,500000,398000,0.256281407,RHP
978,20101,"Justice, Evan",523,2021,5,140,TRUE,4YR SR,TRUE,150000,394300,-0.619579001,LHP
979,27413,"Kerry, Brett",710,2021,5,141,TRUE,4YR JR,TRUE,297500,390400,-0.237961066,RHP
980,10107,"Scott, Christian",265,2021,5,142,TRUE,4YR JR,TRUE,350000,386600,-0.094671495,RHP
981,2435,"Thomas, Andy",62,2021,5,144,TRUE,4YR SR,TRUE,25000,379000,-0.934036939,C
982,33147,"McGarry, Griff",856,2021,5,145,TRUE,4YR SR,TRUE,322500,375200,-0.140458422,RHP
983,36228,"Handa, Rohan",938,2021,5,146,TRUE,4YR JR,TRUE,347500,371600,-0.064854682,LHP
984,8270,"Murray, Ethan",217,2021,5,147,TRUE,4YR JR,TRUE,272500,367900,-0.259309595,SS
985,36144,"Hamilton, Quincy",936,2021,5,148,TRUE,4YR 5S,TRUE,47500,364400,-0.869648738,OF
986,27393,"Allen, Brady",710,2021,5,149,TRUE,4YR JR,TRUE,358300,360800,-0.006929047,OF
987,27407,"Farr, Thomas",710,2021,5,150,TRUE,4YR JR,TRUE,297500,357100,-0.166900028,RHP
988,33098,"Graceffo, Gordon",855,2021,5,151,TRUE,4YR JR,TRUE,500000,353700,0.413627368,RHP
989,22403,"Hardman, Tyler",580,2021,5,153,TRUE,4YR SR,TRUE,200000,346800,-0.423298731,1B
990,29973,"Spence, Liam",776,2021,5,154,TRUE,4YR SR,TRUE,135000,343400,-0.606872452,SS
991,4093,"Bibee, Tanner",109,2021,5,156,TRUE,4YR SR,TRUE,259400,336600,-0.229352347,RHP
992,11264,"Waddell, Luke",295,2021,5,157,TRUE,4YR SR,TRUE,247500,333300,-0.257425743,SS
993,33014,"Rodriguez, CJ",852,2021,5,158,TRUE,4YR SO,TRUE,400000,330100,0.211754014,C
994,18732,"MacLeod, Christian",488,2021,5,159,TRUE,4YR JR,TRUE,500000,327200,0.528117359,LHP
995,29945,"Ferguson, Max",776,2021,5,160,TRUE,4YR JR,TRUE,324100,324100,0,2B
996,31580,"Casparius, Ben",816,2021,5,162,TRUE,4YR SR,TRUE,247500,318200,-0.222187304,RHP
997,26365,"Jarvis, Mike",685,2021,6,163,TRUE,4YR SR,TRUE,7500,315400,-0.976220672,SS
998,342,"Lee, Chase",8,2021,6,164,TRUE,4YR SR,TRUE,75000,312400,-0.759923175,RHP
999,20108,"Murr, Austin",523,2021,6,165,TRUE,4YR JR,TRUE,200000,309500,-0.353796446,OF
1000,31038,"Burns, Collin",802,2021,6,167,TRUE,4YR JR,TRUE,375000,304200,0.232741617,SS
1001,14205,"Albright, Luke",371,2021,6,168,TRUE,4YR JR,TRUE,301600,301600,0,RHP
1002,30342,"Fulford, Braxton",786,2021,6,170,TRUE,4YR SR,TRUE,280000,296400,-0.055330634,C
1003,17996,"Smith, Jake",469,2021,6,171,TRUE,4YR JR,TRUE,247500,293800,-0.157590197,RHP
1004,14084,"Seymour, Carson",367,2021,6,172,TRUE,4YR SR,TRUE,291400,291400,0,RHP
1005,16174,"Kirian, Michael",421,2021,6,173,TRUE,4YR SR,TRUE,200000,289000,-0.307958478,LHP
1006,4022,"Woo, Bryan",105,2021,6,174,TRUE,4YR JR,TRUE,318200,286500,0.110645724,RHP
1007,22207,"Lonsway, Seth",576,2021,6,176,TRUE,4YR SR,TRUE,300000,281800,0.064584812,LHP
1008,16035,"Arrighetti, Spencer",419,2021,6,178,TRUE,4YR JR,TRUE,147500,277100,-0.467701191,RHP
1009,348,"Praytor, Sam",8,2021,6,179,TRUE,4YR SR,TRUE,200000,274800,-0.272197962,C
1010,20913,"Thompson, Justice",543,2021,6,180,TRUE,4YR JR,TRUE,250000,272500,-0.082568807,OF
1011,15953,"Ruiz, Alfredo",416,2021,6,181,TRUE,4YR JR,TRUE,50000,270300,-0.815020348,LHP
1012,18889,"Juenger, Hayden",492,2021,6,182,TRUE,4YR JR,TRUE,197500,268200,-0.263609247,RHP
1013,1653,"Fitts, Richard",43,2021,6,183,TRUE,4YR JR,TRUE,346800,266000,0.303759398,RHP
1014,24348,"Martin, Riley",632,2021,6,184,TRUE,4YR 5S,TRUE,1000,263700,-0.996207812,LHP
1015,22551,"Broadway, Taylor",584,2021,6,185,TRUE,4YR 5S,TRUE,30000,261600,-0.885321101,RHP
1016,12176,"Davenport, Aaron",320,2021,6,186,TRUE,4YR JR,TRUE,450000,259400,0.734772552,RHP
1017,11249,"Malloy, Justyn-Henry",295,2021,6,187,TRUE,4YR JR,TRUE,297500,257400,0.155788656,3B
1018,4256,"Holman, Grant",114,2021,6,188,TRUE,4YR JR,TRUE,375000,255300,0.468860165,RHP
1019,25447,"Adams, Travis",663,2021,6,189,TRUE,4YR JR,TRUE,253300,253300,0,RHP
1020,34319,"Bergert, Ryan",888,2021,6,190,TRUE,4YR JR,TRUE,500000,251100,0.99123855,RHP
1021,30357,"Montgomery, Mason",786,2021,6,191,TRUE,4YR JR,TRUE,225000,249000,-0.096385542,LHP
1022,3397,"Sheehan, Emmet",87,2021,6,192,TRUE,4YR JR,TRUE,244500,247000,-0.010121457,RHP
1023,26363,"Hendrie, Wyatt",685,2021,7,193,TRUE,4YR JR,TRUE,177500,244900,-0.275214373,C
1024,33091,"Webb, Bradford",854,2021,7,194,TRUE,4YR 5S,TRUE,10000,243000,-0.958847737,RHP
1025,11244,"Hurter, Brant",295,2021,7,195,TRUE,4YR 5S,TRUE,241000,241000,0,LHP
1026,22412,"Olds, Wyatt",580,2021,7,196,TRUE,4YR JR,TRUE,236500,239000,-0.010460251,RHP
1027,29963,"Pavolony, Connor",776,2021,7,197,TRUE,4YR JR,TRUE,325000,237000,0.371308017,C
1028,25471,"Randall, Scott",663,2021,7,198,TRUE,4YR SR,TRUE,125000,235100,-0.468311357,RHP
1029,5061,"Cameron, Noah",135,2021,7,199,TRUE,4YR JR,TRUE,197500,233000,-0.152360515,LHP
1030,5759,"Shawver, Evan",152,2021,7,200,TRUE,4YR JR,TRUE,231100,231100,0,LHP
1031,1400,"Costeiu, Ryan",36,2021,7,201,TRUE,4YR JR,TRUE,222500,229700,-0.031345233,RHP
1032,31556,"Kendall, Kevin",815,2021,7,202,TRUE,4YR SR,TRUE,200000,227700,-0.121651296,SS
1033,10114,"Young, Jacob",265,2021,7,203,TRUE,4YR JR,TRUE,275000,225800,0.21789194,OF
1034,35979,"Davis, Colin",932,2021,7,204,TRUE,4YR SR,TRUE,150000,224000,-0.330357143,OF
1035,16468,"Sinacola, Nick",429,2021,7,206,TRUE,4YR JR,TRUE,197500,220200,-0.103088102,RHP
1036,27786,"Peters, Tristan",719,2021,7,207,TRUE,4YR JR,TRUE,147500,218500,-0.324942792,OF
1037,8264,"Loperfido, Joey",217,2021,7,208,TRUE,4YR SR,TRUE,72500,216600,-0.665281625,OF
1038,13336,"Bierman, Gabe",349,2021,7,209,TRUE,4YR SO,TRUE,197500,214900,-0.080967892,RHP
1039,22741,"Abel, Kevin",589,2021,7,210,TRUE,4YR JR,TRUE,172500,213300,-0.191279887,RHP
1040,22699,"Ahlstrom, Robby",588,2021,7,213,TRUE,4YR SR,TRUE,140000,208200,-0.327569645,LHP
1041,6102,"Chavers, Parker",163,2021,7,214,TRUE,4YR SR,TRUE,125000,206500,-0.394673123,OF
1042,3475,"Denlinger, Theo",90,2021,7,215,TRUE,4YR 5S,TRUE,10000,204800,-0.951171875,RHP
1043,10094,"Leftwich, Jack",265,2021,7,216,TRUE,4YR JR,TRUE,167000,203400,-0.178957719,RHP
1044,11402,"Harris, Brett",299,2021,7,218,TRUE,4YR SR,TRUE,120000,200100,-0.40029985,3B
1045,29967,"Rucker, Jake",776,2021,7,219,TRUE,4YR JR,TRUE,250000,198500,0.259445844,3B
1046,27882,"Och, Ryan",722,2021,7,220,TRUE,4YR SR,TRUE,150000,197300,-0.239736442,LHP
1047,15195,"Workman, Logan",396,2021,7,221,TRUE,4YR SR,TRUE,122500,195700,-0.374041901,RHP
1048,30368,"Sublette, Ryan",786,2021,7,222,TRUE,4YR SR,TRUE,150000,194400,-0.228395062,RHP
1049,4280,"Sullivan, Sean",114,2021,8,223,TRUE,4YR JR,TRUE,175000,192900,-0.092794194,RHP
1050,3077,"Kindreich, Larson",79,2021,8,224,TRUE,4YR JR,TRUE,150000,191500,-0.216710183,LHP
1051,32405,"Marks, Jordan",837,2021,8,225,TRUE,4YR JR,TRUE,150000,190100,-0.21094161,RHP
1052,30341,"Dobbins, Hunter",786,2021,8,226,TRUE,4YR JR,TRUE,197500,188900,0.045526734,RHP
1053,10177,"Martin, Robby",267,2021,8,230,TRUE,4YR JR,TRUE,200000,183700,0.088731628,OF
1054,10749,"Jones, Nick",282,2021,8,231,TRUE,4YR SR,TRUE,122500,182300,-0.328030719,LHP
1055,33162,"Vasil, Mike",856,2021,8,232,TRUE,4YR JR,TRUE,181200,181200,0,RHP
1056,30181,"Frizzell, Will",782,2021,8,233,TRUE,4YR SR,TRUE,179800,179800,0,1B
1057,6015,"Parker, James",160,2021,8,234,TRUE,4YR JR,TRUE,150000,178600,-0.160134378,SS
1058,22418,"Ruffcorn, Jason",580,2021,8,235,TRUE,4YR 5S,TRUE,147500,177400,-0.16854566,RHP
1059,4282,"Villers, Ian",114,2021,8,236,TRUE,4YR JR,TRUE,217500,176300,0.233692569,RHP
1060,18530,"Raabe, Zack",483,2021,8,237,TRUE,4YR JR,TRUE,150000,175000,-0.142857143,2B
1061,31472,"Gordon, Colton",813,2021,8,238,TRUE,4YR SR,TRUE,127500,174000,-0.267241379,LHP
1062,30356,"Monteverde, Patrick",786,2021,8,239,TRUE,4YR 5S,TRUE,47500,173000,-0.725433526,LHP
1063,30125,"Antico, Mike",781,2021,8,241,TRUE,4YR 5S,TRUE,20000,171200,-0.88317757,OF
1064,22491,"Gregory, Hunter",582,2021,8,242,TRUE,4YR JR,TRUE,127500,170300,-0.251321198,RHP
1065,27593,"Warren, Will",714,2021,8,243,TRUE,4YR SR,TRUE,150000,169500,-0.115044248,RHP
1066,1416,"Opitz, Casey",36,2021,8,244,TRUE,4YR SR,TRUE,90000,168500,-0.465875371,C
1067,15480,"Ellard, Fraser",405,2021,8,245,TRUE,4YR 5S,TRUE,20000,167800,-0.880810489,LHP
1068,31381,"Boone, Rodney",811,2021,8,246,TRUE,4YR JR,TRUE,167000,167000,0,LHP
1069,1259,"Swift, Drew",32,2021,8,248,TRUE,4YR SR,TRUE,125000,165400,-0.244256348,SS
1070,31543,"Cardenas, Noah",815,2021,8,249,TRUE,4YR JR,TRUE,200000,164700,0.214329083,C
1071,16166,"Dunn, Lucas",421,2021,8,250,TRUE,4YR SR,TRUE,100000,163900,-0.389871873,2B
1072,1435,"Wicklander, Patrick",36,2021,8,251,TRUE,4YR JR,TRUE,147500,163400,-0.097307222,LHP
1073,11115,"Harris, Ben",292,2021,8,252,TRUE,4YR JR,TRUE,197500,162700,0.213890596,LHP
1074,16163,"Brown, Luke",421,2021,9,253,TRUE,4YR SR,TRUE,72500,162000,-0.552469136,OF
1075,1456,"Hicks, Liam",37,2021,9,254,TRUE,4YR JR,TRUE,30000,161400,-0.814126394,C
1076,22187,"Burhenn, Garrett",576,2021,9,255,TRUE,4YR JR,TRUE,160800,160800,0,RHP
1077,1664,"Miller, Tyler",43,2021,9,256,TRUE,4YR JR,TRUE,160300,160300,0,3B
1078,10659,"Higgins, Ryan",280,2021,9,257,TRUE,4YR JR,TRUE,159700,159700,0,3B
1079,14191,"Rice, Jake",370,2021,9,258,TRUE,4YR 5S,TRUE,30000,159200,-0.811557789,LHP
1080,16115,"Bates, Parker",420,2021,9,259,TRUE,4YR 5S,TRUE,17500,158600,-0.889659521,OF
1081,22718,"Kafka, Cullen",588,2021,9,260,TRUE,4YR JR,TRUE,158100,158100,0,RHP
1082,31058,"Olthoff, Braden",802,2021,9,261,TRUE,4YR SR,TRUE,122500,157600,-0.222715736,RHP
1083,21563,"David, Levi",561,2021,9,262,TRUE,4YR SR,TRUE,120000,157200,-0.236641221,RHP
1084,30153,"Quintanilla, Cole",781,2021,9,263,TRUE,4YR SR,TRUE,130000,156600,-0.169859515,RHP
1085,4474,"Packard, Spencer",120,2021,9,264,TRUE,4YR SR,TRUE,25000,156100,-0.839846252,OF
1086,27412,"Jordan, Brannon",710,2021,9,267,TRUE,4YR JR,TRUE,47500,154900,-0.693350549,RHP
1087,18122,"Brown, Aaron",473,2021,9,268,TRUE,4YR SR,TRUE,57500,154600,-0.628072445,RHP
1088,36161,"Schrand, Jake",936,2021,9,269,TRUE,4YR SR,TRUE,97500,154100,-0.367293965,RHP
1089,26253,"Rogers, Jack",682,2021,9,270,TRUE,4YR SR,TRUE,127500,153600,-0.169921875,OF
1090,1025,"Baker, Trent",27,2021,9,271,TRUE,4YR SR,TRUE,75000,153300,-0.510763209,RHP
1091,23259,"Larkin, Conor",601,2021,9,272,TRUE,4YR SR,TRUE,77500,152900,-0.493132767,RHP
1092,27687,"Champlain, Chandler",717,2021,9,273,TRUE,4YR JR,TRUE,150000,152600,-0.017038008,RHP
1093,22785,"Watkins, Chase",589,2021,9,274,TRUE,4YR JR,TRUE,125000,152300,-0.179251477,LHP
1094,1209,"Luna, Gil",31,2021,9,275,TRUE,4YR SR,TRUE,10000,152000,-0.934210526,LHP
1095,17543,"Dion, Will",457,2021,9,276,TRUE,4YR JR,TRUE,125000,151600,-0.175461741,LHP
1096,3707,"McGill, Liam",97,2021,9,277,TRUE,4YR 5S,TRUE,7500,151300,-0.95042961,C
1097,26324,"McGuire, Shane",684,2021,9,278,TRUE,4YR SR,TRUE,100000,150800,-0.336870027,C
1098,31614,"Winkel, Pat",816,2021,9,279,TRUE,4YR JR,TRUE,500000,150500,2.322259136,C
1099,1408,"Lockhart, Lael",36,2021,9,282,TRUE,4YR 5S,TRUE,2500,149800,-0.983311081,LHP
1100,8746,"Meis, Justin",229,2021,10,283,TRUE,4YR JR,TRUE,127500,149500,-0.147157191,RHP
1101,14285,"Schultz, Austin",372,2021,10,285,TRUE,4YR JR,TRUE,148900,148900,0,OF
1102,13351,"Litwicki, Matt",349,2021,10,286,TRUE,4YR SR,TRUE,47500,148400,-0.679919137,RHP
1103,23443,"Cook, Billy",607,2021,10,287,TRUE,4YR SR,TRUE,100000,148200,-0.325236167,OF
1104,32989,"Fisher, Hugh",852,2021,10,288,TRUE,4YR SR,TRUE,100000,147900,-0.323867478,LHP
1105,33192,"Connolly, Shane",858,2021,10,289,TRUE,4YR SR,TRUE,72500,147700,-0.509140149,LHP
1106,14073,"Kokoska, Zach",367,2021,10,290,TRUE,4YR SR,TRUE,130000,147400,-0.118046133,OF
1107,27422,"Peters, Andrew",710,2021,10,291,TRUE,4YR JR,TRUE,144700,147200,-0.016983696,RHP
1108,5984,"Askew, Keyshawn",160,2021,10,292,TRUE,4YR JR,TRUE,125000,147000,-0.149659864,LHP
1109,4248,"Baker, Darren",114,2021,10,293,TRUE,4YR SR,TRUE,146800,146800,0,2B
1110,10745,"Jackson, Jordan",282,2021,10,294,TRUE,4YR JR,TRUE,25000,146300,-0.82911825,RHP
1111,30912,"Cerny, Logan",799,2021,10,295,TRUE,4YR JR,TRUE,146100,146100,0,OF
1112,9999,"Brown, Vaun",263,2021,10,296,TRUE,4YR SR,TRUE,7500,145700,-0.948524365,OF
1113,27401,"Clarke, Wes",710,2021,10,297,TRUE,4YR JR,TRUE,75000,145500,-0.484536082,C
1114,27381,"Sandle, Michael",709,2021,10,298,TRUE,4YR 5S,TRUE,47500,145300,-0.673090158,OF
1115,10186,"Perdue, Hunter",267,2021,10,299,TRUE,4YR JR,TRUE,57500,145000,-0.603448276,RHP
1116,31035,"Benoit, Donovan",802,2021,10,300,TRUE,4YR SR,TRUE,130000,144800,-0.102209945,RHP
1117,2094,"Tovalin, Osvaldo",53,2021,10,301,TRUE,4YR JR,TRUE,50000,144600,-0.654218534,3B
1118,16046,"Cooke, Connor",419,2021,10,302,TRUE,4YR JR,TRUE,141900,144400,-0.017313019,RHP
1119,17113,"Cowles, Benjamin",446,2021,10,303,TRUE,4YR JR,TRUE,140000,144100,-0.028452464,SS
1120,8267,"Matt, Peter",217,2021,10,304,TRUE,4YR 5S,TRUE,5000,143900,-0.965253648,OF
1121,13368,"Sommer, Tommy",349,2021,10,305,TRUE,4YR SR,TRUE,20000,143600,-0.860724234,LHP
1122,10077,"Aleman, Franco",265,2021,10,306,TRUE,4YR JR,TRUE,175000,143500,0.219512195,RHP
1123,26449,"Winkler, Jack",687,2021,10,308,TRUE,4YR SR,TRUE,50000,143000,-0.65034965,SS
1124,11432,"Yake, Ernie",299,2021,10,309,TRUE,4YR SR,TRUE,10000,142700,-0.929922915,SS
1125,24374,"Bender, Colton",633,2021,10,310,TRUE,4YR SR,TRUE,5000,142500,-0.964912281,C
1126,36447,"Vernon, Austin",950,2021,10,311,TRUE,4YR SR,TRUE,142300,142300,0,RHP
1127,25828,"Hobbs, Michael",672,2021,10,312,TRUE,4YR SR,TRUE,2500,142200,-0.982419128,RHP
1128,8249,"Carey, Jack",217,2021,11,313,FALSE,4YR JR,TRUE,125000,125000,0,RHP
1129,31469,"Crouch, Josh",813,2021,11,315,FALSE,4YR JR,TRUE,125000,125000,0,C
1130,21755,"Kavadas, Niko",565,2021,11,316,FALSE,4YR SR,TRUE,250000,125000,1,1B
1131,23657,"Heid, Dylan",612,2021,11,317,FALSE,4YR SR,TRUE,75000,125000,-0.4,RHP
1132,29140,"Tawa, Tim",753,2021,11,318,FALSE,4YR SR,TRUE,125000,125000,0,2B
1133,33143,"Kent, Nic",856,2021,11,320,FALSE,4YR JR,TRUE,175000,125000,0.4,SS
1134,1221,"Silseth, Chase",31,2021,11,321,FALSE,4YR JR,TRUE,485000,125000,2.88,RHP
1135,18726,"Jordan, Rowdey",488,2021,11,322,FALSE,4YR SR,TRUE,125000,125000,0,OF
1136,33420,"Fleming, William",864,2021,11,324,FALSE,4YR SR,TRUE,125000,125000,0,RHP
1137,23926,"Stevens, Chad",619,2021,11,328,FALSE,4YR SR,TRUE,125000,125000,0,SS
1138,31541,"Bergin, Jesse",815,2021,11,329,FALSE,4YR JR,TRUE,125000,125000,0,RHP
1139,20390,"Chambers, Mack",531,2021,11,331,FALSE,4YR JR,TRUE,175000,125000,0.4,SS
1140,13537,"Wallace, Trenton",353,2021,11,332,FALSE,4YR SR,TRUE,172500,125000,0.38,LHP
1141,22212,"Neely, Jack",576,2021,11,333,FALSE,4YR JR,TRUE,150000,125000,0.2,RHP
1142,13656,"Edwards, Christian",357,2021,11,335,FALSE,4YR SR,TRUE,150000,125000,0.2,RHP
1143,27889,"Stanley, Hunter",722,2021,11,336,FALSE,4YR 5S,TRUE,125000,125000,0,RHP
1144,30333,"Birdsell, Brandon",786,2021,11,339,FALSE,4YR JR,FALSE,0,125000,0,RHP
1145,32074,"Ryan, River",828,2021,11,340,FALSE,4YR SR,TRUE,100000,125000,-0.2,RHP
1146,31560,"Mullen, Sean",815,2021,11,341,FALSE,4YR JR,TRUE,125000,125000,0,RHP
1147,22471,"Wrobleski, Justin",581,2021,11,342,FALSE,4YR JR,TRUE,197500,125000,0.58,LHP
1148,29954,"Leath, Jackson",776,2021,12,344,FALSE,4YR SR,TRUE,125000,125000,0,RHP
1149,8275,"Rothenberg, Mike",217,2021,12,345,FALSE,4YR SR,TRUE,125000,125000,0,C
1150,31416,"Troye, Christopher",811,2021,12,346,FALSE,4YR SR,TRUE,122500,125000,-0.02,RHP
1151,20384,"Armbruester, Justin",531,2021,12,347,FALSE,4YR JR,TRUE,100000,125000,-0.2,RHP
1152,33657,"Guerrero, Tyson",870,2021,12,349,FALSE,4YR JR,TRUE,127500,125000,0.02,LHP
1153,5201,"Green, Mason",138,2021,12,350,FALSE,4YR SR,TRUE,125000,125000,0,LHP
1154,32241,"Wold, Jack-Thomas",832,2021,12,352,FALSE,4YR SR,TRUE,125000,125000,0,OF
1155,3990,"Alvarez, Andrew",105,2021,12,353,FALSE,4YR SR,TRUE,125000,125000,0,LHP
1156,32037,"Rosier, Corey",827,2021,12,354,FALSE,4YR JR,TRUE,125000,125000,0,OF
1157,33224,"Rumfield, T.J.",858,2021,12,355,FALSE,4YR JR,TRUE,125000,125000,0,3B
1158,32112,"Roupp, Landen",829,2021,12,356,FALSE,4YR SR,TRUE,75000,125000,-0.4,RHP
1159,7646,"Kouba, Rhett",201,2021,12,358,FALSE,4YR JR,TRUE,125000,125000,0,RHP
1160,33772,"White, Brandon",872,2021,12,359,FALSE,4YR JR,TRUE,125000,125000,0,RHP
1161,33199,"Gerard, Chris",858,2021,12,361,FALSE,4YR JR,TRUE,250000,125000,1,LHP
1162,7621,"Tirotta, Riley",200,2021,12,362,FALSE,4YR SR,TRUE,125000,125000,0,3B
1163,7466,"Rice, Ben",196,2021,12,363,FALSE,4YR JR,TRUE,125000,125000,0,C
1164,29917,"Ray, Johnny",775,2021,12,365,FALSE,4YR SR,TRUE,150000,125000,0.2,RHP
1165,15935,"Kokx, Connor",416,2021,12,366,FALSE,4YR JR,TRUE,125000,125000,0,OF
1166,13171,"Hoffmann, Andrew",345,2021,12,367,FALSE,4YR JR,TRUE,125000,125000,0,RHP
1167,31588,"Fedko, Kyler",816,2021,12,369,FALSE,4YR FR,TRUE,125000,125000,0,OF
1168,31383,"Castanon, Marcos",811,2021,12,370,FALSE,4YR SR,TRUE,125000,125000,0,SS
1169,20270,"Sharts, Owen",527,2021,13,373,FALSE,4YR JR,TRUE,125000,125000,0,RHP
1170,30639,"Meyers, Chris",792,2021,13,375,FALSE,4YR SR,TRUE,125000,125000,0,3B
1171,10031,"Teter, Jacob",263,2021,13,377,FALSE,4YR SR,TRUE,100000,125000,-0.2,1B
1172,10648,"Andrews, EJ",280,2021,13,380,FALSE,4YR JR,TRUE,125000,125000,0,OF
1173,214,"Hanley, Mo",5,2021,13,381,FALSE,4YR SR,TRUE,125000,125000,0,RHP
1174,26383,"Rudick, Matt",685,2021,13,382,FALSE,4YR JR,TRUE,125000,125000,0,OF
1175,5983,"Anglin, Mack",160,2021,13,383,FALSE,4YR SO,FALSE,0,125000,0,RHP
1176,27712,"Ramirez, Ben",717,2021,13,384,FALSE,4YR SR,TRUE,100000,125000,-0.2,SS
1177,26982,"Carr, Jared",699,2021,13,385,FALSE,4YR JR,TRUE,50000,125000,-0.6,OF
1178,21196,"Dupere, Jared",551,2021,13,386,FALSE,4YR JR,TRUE,125000,125000,0,OF
1179,1205,"Kato, Kobe",31,2021,13,388,FALSE,4YR SR,TRUE,125000,125000,0,2B
1180,30185,"Jozwiak, Chandler",782,2021,13,389,FALSE,4YR SR,TRUE,125000,125000,0,LHP
1181,21503,"Trautwein, Michael",559,2021,13,390,FALSE,4YR JR,TRUE,125000,125000,0,C
1182,35988,"Heinecke, Hayes",932,2021,13,391,FALSE,4YR JR,TRUE,125000,125000,0,LHP
1183,15224,"Svanson, Matt",397,2021,13,392,FALSE,4YR SR,TRUE,50000,125000,-0.6,RHP
1184,33148,"Messinger, Zach",856,2021,13,393,FALSE,4YR JR,TRUE,225000,125000,0.8,RHP
1185,6018,"Sharpe, Davis",160,2021,13,396,FALSE,4YR JR,TRUE,150000,125000,0.2,RHP
1186,28603,"Zebrowski, Adam",739,2021,13,397,FALSE,4YR JR,TRUE,125000,125000,0,C
1187,22494,"Holiday, Aaron",582,2021,13,398,FALSE,4YR JR,TRUE,125000,125000,0,RHP
1188,26737,"Festa, David",694,2021,13,399,FALSE,4YR JR,TRUE,125000,125000,0,RHP
1189,33440,"Seymour, Bobby",864,2021,13,401,FALSE,4YR SR,TRUE,125000,125000,0,1B
1190,5460,"Petit, RJ",144,2021,14,405,FALSE,4YR JR,TRUE,125000,125000,0,RHP
1191,18039,"Webb, Jacob",470,2021,14,406,FALSE,4YR SR,TRUE,122500,125000,-0.02,RHP
1192,27415,"Lloyd, Daniel",710,2021,14,407,FALSE,4YR JR,TRUE,155000,125000,0.24,RHP
1193,11524,"Ortiz, Channy",302,2021,14,408,FALSE,4YR SR,TRUE,125000,125000,0,SS
1194,1411,"Monke, Caden",36,2021,14,409,FALSE,4YR JR,TRUE,125000,125000,0,LHP
1195,350,"Ras, Tyler",8,2021,14,410,FALSE,4YR JR,TRUE,125000,125000,0,RHP
1196,14089,"Torres, Eric",367,2021,14,411,FALSE,4YR JR,TRUE,125000,125000,0,LHP
1197,13181,"Lavender, Nathan",345,2021,14,412,FALSE,4YR JR,TRUE,125000,125000,0,LHP
1198,1261,"Tolman, Erik",32,2021,14,413,FALSE,4YR JR,TRUE,125000,125000,0,LHP
1199,9938,"Myrick, Tyler",261,2021,14,416,FALSE,4YR 5S,TRUE,125000,125000,0,RHP
1200,22778,"Salgado, Bryant",589,2021,14,418,FALSE,4YR JR,TRUE,125000,125000,0,RHP
1201,14268,"Jones, Holt",372,2021,14,419,FALSE,4YR SR,TRUE,125000,125000,0,RHP
1202,6016,"Raffield, Carter",160,2021,14,420,FALSE,4YR JR,TRUE,125000,125000,0,RHP
1203,31308,"Granillo, Andre",809,2021,14,421,FALSE,4YR JR,TRUE,125000,125000,0,RHP
1204,11528,"Scalzo, Frankie",302,2021,14,424,FALSE,4YR SR,TRUE,125000,125000,0,RHP
1205,31269,"Denholm, Trenton",808,2021,14,426,FALSE,4YR JR,TRUE,150000,125000,0.2,RHP
1206,33784,"Durbin, Caleb",873,2021,14,427,FALSE,4YR JR,TRUE,50000,125000,-0.6,SS
1207,20088,"Butler, Jonny",523,2021,14,428,FALSE,4YR SR,TRUE,125000,125000,0,OF
1208,11522,"Ohl, Pierson",302,2021,14,429,FALSE,4YR JR,TRUE,100000,125000,-0.2,RHP
1209,2131,"Smith, Adam",54,2021,14,430,FALSE,4YR JR,TRUE,125000,125000,0,RHP
1210,33431,"Menendez, Antonio",864,2021,14,431,FALSE,4YR SR,TRUE,100000,125000,-0.2,RHP
1211,29799,"Leasure, Jordan",772,2021,14,432,FALSE,4YR 5S,TRUE,125000,125000,0,RHP
1212,27380,"Samaniego, Tyler",709,2021,15,433,FALSE,4YR SR,TRUE,75000,125000,-0.4,LHP
1213,28519,"Holub, Blake",738,2021,15,435,FALSE,4YR SR,TRUE,100000,125000,-0.2,RHP
1214,31043,"Gillies, Keagan",802,2021,15,437,FALSE,4YR 5S,TRUE,50000,125000,-0.6,RHP
1215,33433,"Muntz, Shane",864,2021,15,438,FALSE,4YR SR,TRUE,125000,125000,0,C
1216,7662,"Town, River",201,2021,15,439,FALSE,4YR JR,TRUE,125000,125000,0,OF
1217,18070,"Sems, Benjamin",471,2021,15,440,FALSE,4YR 5S,TRUE,25000,125000,-0.8,SS
1218,16154,"Albanese, Glenn",421,2021,15,441,FALSE,4YR SR,TRUE,125000,125000,0,RHP
1219,23476,"Young, Wyatt",607,2021,15,442,FALSE,4YR JR,TRUE,125000,125000,0,SS
1220,26355,"Fein, Jaden",685,2021,15,443,FALSE,4YR JR,TRUE,125000,125000,0,OF
1221,13334,"Barr, Cole",349,2021,15,444,FALSE,4YR SR,TRUE,125000,125000,0,3B
1222,28478,"Osterberg, Matt",737,2021,15,445,FALSE,4YR SR,TRUE,100000,125000,-0.2,LHP
1223,32082,"Baldwin, Brooks",829,2021,15,446,FALSE,4YR JR,FALSE,0,125000,0,SS
1224,31545,"Chaidez, Adrian",815,2021,15,448,FALSE,4YR JR,TRUE,75000,125000,-0.4,RHP
1225,31616,"Wurster, Caleb",816,2021,15,449,FALSE,4YR SR,TRUE,25000,125000,-0.8,LHP
1226,34560,"Dunn, Blake",894,2021,15,450,FALSE,4YR SR,TRUE,125000,125000,0,OF
1227,27692,"Cornwell, Alex",717,2021,15,451,FALSE,4YR SR,TRUE,50000,125000,-0.6,LHP
1228,2004,"Spain, Garrett",51,2021,15,452,FALSE,4YR JR,TRUE,125000,125000,0,OF
1229,33090,"Watson, Danny",854,2021,15,453,FALSE,4YR JR,TRUE,125000,125000,0,RHP
1230,9978,"Murray, BJ",262,2021,15,454,FALSE,4YR JR,TRUE,125000,125000,0,3B
1231,6096,"Abney, Alaska",163,2021,15,456,FALSE,4YR JR,TRUE,125000,125000,0,RHP
1232,29137,"Robinson, Christian",753,2021,15,457,FALSE,4YR SR,TRUE,125000,125000,0,OF
1233,5235,"Anderson, Luke",139,2021,15,458,FALSE,4YR JR,TRUE,75000,125000,-0.4,RHP
1234,31564,"Perez, Mikey",815,2021,15,459,FALSE,4YR SR,TRUE,75000,125000,-0.4,SS
1235,17999,"Vilar, Anthony",469,2021,15,460,FALSE,4YR SO,TRUE,125000,125000,0,C
1236,16034,"Angel, Conor",419,2021,15,461,FALSE,4YR SR,TRUE,90000,125000,-0.28,RHP
1237,34332,"Jeffrey, Madison",888,2021,15,462,FALSE,4YR JR,TRUE,125000,125000,0,RHP
1238,10158,"Anderson, Jack",267,2021,16,465,FALSE,4YR JR,TRUE,125000,125000,0,RHP
1239,31296,"Van Loon, Peter",808,2021,16,467,FALSE,4YR JR,TRUE,75000,125000,-0.4,RHP
1240,7166,"Roberson, Jacen",188,2021,16,468,FALSE,4YR JR,TRUE,125000,125000,0,OF
1241,33228,"Simonelli, Anthony",858,2021,16,469,FALSE,4YR SR,TRUE,75000,125000,-0.4,RHP
1242,33679,"Ward, Braiden",870,2021,16,470,FALSE,4YR JR,TRUE,125000,125000,0,OF
1243,21195,"Dufault, Brandon",551,2021,16,471,FALSE,4YR SR,TRUE,125000,125000,0,RHP
1244,9547,"McLoughlin, Trey",251,2021,16,472,FALSE,4YR SR,TRUE,30000,125000,-0.76,RHP
1245,31494,"Sinclair, Jack",813,2021,16,473,FALSE,4YR SR,TRUE,100000,125000,-0.2,RHP
1246,12612,"Joyce, Jimmy",331,2021,16,474,FALSE,4YR SR,TRUE,25000,125000,-0.8,RHP
1247,27396,"Bosnic, Julian",710,2021,16,476,FALSE,4YR JR,FALSE,0,125000,0,LHP
1248,21257,"Swanson, Nic",552,2021,16,478,FALSE,4YR JR,TRUE,125000,125000,0,RHP
1249,30145,"Melendez, Ivan",781,2021,16,479,FALSE,4YR JR,FALSE,0,125000,0,3B
1250,5497,"McKeithan, Aaron",145,2021,16,481,FALSE,4YR JR,TRUE,50000,125000,-0.6,C
1251,30302,"Leigh, Zac",785,2021,16,484,FALSE,4YR SR,TRUE,50000,125000,-0.6,RHP
1252,20115,"Tatum, Terrell",523,2021,16,485,FALSE,4YR JR,TRUE,125000,125000,0,OF
1253,31566,"Pettway, Zach",815,2021,16,486,FALSE,4YR SR,TRUE,75000,125000,-0.4,RHP
1254,13261,"Johnson, Colton",347,2021,16,488,FALSE,4YR SR,TRUE,10000,125000,-0.92,LHP
1255,15936,"Lavallee, Johnathan",416,2021,16,489,FALSE,4YR SR,TRUE,75000,125000,-0.4,RHP
1256,11404,"Jacob, Alek",299,2021,16,490,FALSE,4YR SR,TRUE,75000,125000,-0.4,RHP
1257,5161,"Leatherman, Ian",137,2021,16,491,FALSE,4YR SO,TRUE,90000,125000,-0.28,RHP
1258,25831,"Lomeli, Carlos",672,2021,17,493,FALSE,4YR SR,TRUE,25000,125000,-0.8,RHP
1259,35011,"Haase, Aaron",906,2021,17,495,FALSE,4YR JR,TRUE,125000,125000,0,RHP
1260,23881,"Long, Ryan",618,2021,17,497,FALSE,4YR JR,TRUE,125000,125000,0,RHP
1261,20119,"Tresh, Luca",523,2021,17,499,FALSE,4YR JR,TRUE,423000,125000,2.384,C
1262,10004,"Cande, Jarrod",263,2021,17,500,FALSE,4YR JR,TRUE,125000,125000,0,RHP
1263,18087,"Erla, Mason",472,2021,17,501,FALSE,4YR SR,TRUE,125000,125000,0,RHP
1264,36211,"Zwack, Nick",937,2021,17,502,FALSE,4YR SR,TRUE,50000,125000,-0.6,LHP
1265,32014,"Collins, Brendan",827,2021,17,503,FALSE,4YR JR,TRUE,100000,125000,-0.2,RHP
1266,33101,"Kingsbury, Jimmy",855,2021,17,504,FALSE,4YR SR,TRUE,25000,125000,-0.8,RHP
1267,32393,"Garbrick, Alex",837,2021,17,505,FALSE,4YR 5S,TRUE,30000,125000,-0.76,RHP
1268,22463,"Standlee, Brett",581,2021,17,506,FALSE,4YR JR,TRUE,75000,125000,-0.4,RHP
1269,23270,"Williams, Justin",601,2021,17,508,FALSE,4YR JR,TRUE,125000,125000,0,3B
1270,1237,"Fall, Justin",32,2021,17,509,FALSE,4YR SR,TRUE,125000,125000,0,LHP
1271,10163,"Cabell, Elijah",267,2021,17,511,FALSE,4YR JR,TRUE,125000,125000,0,OF
1272,1229,"Benson, Cooper",32,2021,17,512,FALSE,4YR SO,TRUE,125000,125000,0,LHP
1273,13361,"Richardson, Grant",349,2021,17,513,FALSE,4YR SO,TRUE,125000,125000,0,OF
1274,32991,"Gonzalez, Jayson",852,2021,17,515,FALSE,4YR SR,TRUE,125000,125000,0,3B
1275,1260,"Thornton, Tyler",32,2021,17,516,FALSE,4YR JR,TRUE,50000,125000,-0.6,RHP
1276,14201,"Tolve, Tyler",370,2021,17,517,FALSE,4YR SO,TRUE,125000,125000,0,C
1277,23269,"Virbitsky, Kyle",601,2021,17,518,FALSE,4YR SR,TRUE,50000,125000,-0.6,RHP
1278,30359,"Neuse, Dylan",786,2021,17,519,FALSE,4YR SR,TRUE,100000,125000,-0.2,2B
1279,2398,"Boyd, Luke",62,2021,17,520,FALSE,4YR 5S,TRUE,25000,125000,-0.8,RHP
1280,5196,"Dryer, Conor",138,2021,17,521,FALSE,4YR SR,TRUE,30000,125000,-0.76,RHP
1281,34349,"Tulloch, Adam",888,2021,17,522,FALSE,4YR JR,FALSE,0,125000,0,LHP
1282,21211,"Malgeri, Ben",551,2021,18,525,FALSE,4YR JR,TRUE,125000,125000,0,OF
1283,29924,"Sikes, Phillip",775,2021,18,526,FALSE,4YR SR,TRUE,97500,125000,-0.22,OF
1284,10167,"Grady, Conor",267,2021,18,527,FALSE,4YR SR,TRUE,50000,125000,-0.6,RHP
1285,29892,"Beethe, Harrison",775,2021,18,529,FALSE,4YR 5S,TRUE,125000,125000,0,RHP
1286,5496,"McGowan, Bryce",145,2021,18,530,FALSE,4YR JR,TRUE,300000,125000,1.4,RHP
1287,28625,"Mondak, Nick",740,2021,18,531,FALSE,4YR 5S,TRUE,50000,125000,-0.6,LHP
1288,30142,"Kubichek, Kolby",781,2021,18,532,FALSE,4YR JR,TRUE,125000,125000,0,RHP
1289,1681,"Williams, Steven",43,2021,18,533,FALSE,4YR SR,TRUE,100000,125000,-0.2,C
1290,31159,"Davis, Riley",805,2021,18,534,FALSE,4YR SR,TRUE,75000,125000,-0.4,RHP
1291,35429,"Dula, Hunter",917,2021,18,536,FALSE,4YR SR,TRUE,125000,125000,0,RHP
1292,22497,"Moore, Ryne",582,2021,18,537,FALSE,4YR SR,TRUE,60000,125000,-0.52,RHP
1293,15508,"Wagner, Will",405,2021,18,538,FALSE,4YR SR,TRUE,50000,125000,-0.6,2B
1294,21001,"Hostetler, Bennett",546,2021,18,539,FALSE,4YR 5S,TRUE,60000,125000,-0.52,SS
1295,31598,"Marrero, Andrew",816,2021,18,541,FALSE,4YR SO,TRUE,100000,125000,-0.2,RHP
1296,25709,"Burnette, Jimmy",669,2021,18,542,FALSE,4YR SR,TRUE,50000,125000,-0.6,LHP
1297,23240,"Dees, Bailey",601,2021,18,543,FALSE,4YR SR,TRUE,50000,125000,-0.6,RHP
1298,5998,"Hackenberg, Adam",160,2021,18,545,FALSE,4YR JR,TRUE,125000,125000,0,C
1299,1222,"Smith, Austin",31,2021,18,547,FALSE,4YR SR,TRUE,80000,125000,-0.36,RHP
1300,7615,"Ricciardi, Mariano",200,2021,18,548,FALSE,4YR SR,TRUE,10000,125000,-0.92,2B
1301,26378,"Paredes, Mike",685,2021,18,549,FALSE,4YR JR,TRUE,75000,125000,-0.4,RHP
1302,4336,"Keith, Damon",116,2021,18,552,FALSE,4YR JR,TRUE,125000,125000,0,OF
1303,13510,"Irvine, Drew",353,2021,19,553,FALSE,4YR JR,TRUE,100000,125000,-0.2,RHP
1304,34435,"Bigbie, Justice",891,2021,19,555,FALSE,4YR JR,TRUE,100000,125000,-0.2,1B
1305,21504,"Uberstine, Tyler",559,2021,19,556,FALSE,4YR SR,TRUE,97500,125000,-0.22,RHP
1306,26440,"Pham, Alex",687,2021,19,557,FALSE,4YR SR,TRUE,25000,125000,-0.8,RHP
1307,30164,"Williams, Cam",781,2021,19,559,FALSE,4YR SR,TRUE,20000,125000,-0.84,3B
1308,1429,"Trest, Elijah",36,2021,19,560,FALSE,4YR JR,FALSE,0,125000,0,RHP
1309,22745,"Burns, Nathan",589,2021,19,561,FALSE,4YR SR,TRUE,50000,125000,-0.6,RHP
1310,16062,"Osborn, Drake",419,2021,19,562,FALSE,4YR 5S,TRUE,30000,125000,-0.76,C
1311,1433,"Welch, Charlie",36,2021,19,564,FALSE,4YR SR,TRUE,125000,125000,0,C
1312,18791,"Halvorsen, Seth",490,2021,19,565,FALSE,4YR JR,FALSE,0,125000,0,RHP
1313,16813,"Cardona, Ryan",438,2021,19,570,FALSE,4YR JR,TRUE,110000,125000,-0.12,RHP
1314,8365,"Francisco, Thomas",220,2021,19,571,FALSE,4YR JR,TRUE,100000,125000,-0.2,1B
1315,32997,"Keegan, Dominic",852,2021,19,573,FALSE,4YR JR,FALSE,0,125000,0,C
1316,21486,"Goosenberg, Shawn",559,2021,19,575,FALSE,4YR JR,TRUE,125000,125000,0,SS
1317,20100,"Johnston, Reid",523,2021,19,576,FALSE,4YR JR,TRUE,75000,125000,-0.4,RHP
1318,26304,"Strickland, Samuel",683,2021,19,577,FALSE,4YR SR,TRUE,100000,125000,-0.2,LHP
1319,18044,"Beers, Blake",471,2021,19,578,FALSE,4YR SR,TRUE,40000,125000,-0.68,RHP
1320,29951,"Hunley, Sean",776,2021,19,581,FALSE,4YR SR,TRUE,25000,125000,-0.8,RHP
1321,44057,"Hood, Josh",523,2021,20,586,FALSE,4YR JR,FALSE,0,125000,0,SS
1322,7635,"Carver, Ross",201,2021,20,588,FALSE,4YR JR,TRUE,50000,125000,-0.6,RHP
1323,31030,"Aldrich, Jack",802,2021,20,589,FALSE,4YR SR,TRUE,125000,125000,0,LHP
1324,10155,"Ahearn, Tyler",267,2021,20,590,FALSE,4YR SR,TRUE,75000,125000,-0.4,RHP
1325,29916,"Perez, Marcelo",775,2021,20,591,FALSE,4YR JR,FALSE,0,125000,0,RHP
1326,9542,"Guerrera, Justin",251,2021,20,592,FALSE,4YR JR,TRUE,75000,125000,-0.4,SS
1327,20200,"Wynne, Cam",525,2021,20,595,FALSE,4YR SR,TRUE,50000,125000,-0.6,RHP
1328,30166,"Zubia, Zach",781,2021,20,599,FALSE,4YR 5S,TRUE,25000,125000,-0.8,1B
1329,9984,"Rivera, Javier",262,2021,20,600,FALSE,4YR JR,TRUE,125000,125000,0,RHP
1330,29902,"Green, Haylen",775,2021,20,605,FALSE,4YR 5S,TRUE,20000,125000,-0.84,LHP
1331,26328,"Miller, Jake",684,2021,20,606,FALSE,4YR JR,TRUE,300000,125000,1.4,RHP
1332,22705,"Breault, Hunter",588,2021,20,608,FALSE,4YR SR,TRUE,35000,125000,-0.72,RHP
1333,31293,"Tatum, Dillon",808,2021,20,609,FALSE,4YR JR,TRUE,25000,125000,-0.8,C
1334,30258,"Fields, Kamron",784,2021,20,611,FALSE,4YR SR,TRUE,25000,125000,-0.8,RHP
1335,20049,"Connolly, Charlie",522,2021,20,612,FALSE,4YR SR,FALSE,0,125000,0,RHP
1336,,"Torkelson, Spencer",32,2020,1,1,TRUE,4YR JR,TRUE,8420000,8420000,0,1B
1337,,"Kjerstad, Heston",36,2020,1,2,TRUE,4YR JR,TRUE,5200000,7790000,-0.332477535,RF
1338,,"Meyer, Max",483,2020,1,3,TRUE,4YR JR,TRUE,6700000,7220000,-0.072022161,P
1339,,"Lacy, Asa",782,2020,1,4,TRUE,4YR JR,TRUE,6670000,6660000,0.001501502,P
1340,,"Martin, Austin",852,2020,1,5,TRUE,4YR JR,TRUE,7000000,6180000,0.132686084,2B
1341,,"Hancock, Emerson",292,2020,1,6,TRUE,4YR JR,TRUE,5700000,5740000,-0.006968641,P
1342,,"Gonzales, Nick",532,2020,1,7,TRUE,4YR JR,TRUE,5430000,5430000,0,2B
1343,,"Detmers, Reid",421,2020,1,10,TRUE,4YR JR,TRUE,4670000,4740000,-0.014767932,P
1344,,"Crochet, Garrett",776,2020,1,11,TRUE,4YR JR,TRUE,4550000,4550000,0,P
1345,,"Bailey, Patrick",523,2020,1,13,TRUE,4YR JR,TRUE,3800000,4200000,-0.095238095,C
1346,,"Foscue, Justin",488,2020,1,14,TRUE,4YR JR,TRUE,3250000,4040000,-0.195544554,2B
1347,,"Jarvis, Bryce",217,2020,1,18,TRUE,4YR JR,TRUE,2650000,3480000,-0.238505747,P
1348,,"Mitchell, Garrett",815,2020,1,20,TRUE,4YR JR,TRUE,3240000,3240000,0,CF
1349,,"Cavalli, Cade",580,2020,1,22,TRUE,4YR JR,TRUE,3030000,3030000,0,P
1350,,"Shuster, Jared",864,2020,1,25,TRUE,4YR JR,TRUE,2200000,2740000,-0.197080292,P
1351,,"Sabato, Aaron",543,2020,1,27,TRUE,4YR SO,TRUE,2750000,2570000,0.070038911,1B
1352,,"Wells, Austin",31,2020,1,28,TRUE,4YR SO,TRUE,2500000,2490000,0.004016064,C
1353,,"Miller, Bobby",421,2020,1,29,TRUE,4YR JR,TRUE,2200000,2420000,-0.090909091,P
1354,,"Westburg, Jordan",488,2020,1,30,TRUE,4YR JR,TRUE,2370000,2370000,0,2B
1355,,"Mlodzinski, Carmen",710,2020,1,31,TRUE,4YR JR,TRUE,2050000,2310000,-0.112554113,P
1356,,"Loftin, Nick",62,2020,1,32,TRUE,4YR JR,TRUE,3000000,2260000,0.327433628,SS
1357,,"Cecconi, Slade",469,2020,1,33,TRUE,4YR SO,TRUE,2380000,2200000,0.081818182,P
1358,,"Burns, Tanner",43,2020,1,36,TRUE,4YR JR,TRUE,1600000,2050000,-0.219512195,P
1359,,"Williams, Alika",32,2020,1,37,TRUE,4YR JR,TRUE,1850000,2000000,-0.075,SS
1360,,"Dingler, Dillon",576,2020,2,38,TRUE,4YR JR,TRUE,1950000,1950000,0,C
1361,,"Haskin, Hudson",802,2020,2,39,TRUE,4YR SO,TRUE,1910000,1910000,0,OF
1362,,"Van Eyk, CJ",267,2020,2,42,TRUE,4YR JR,TRUE,1800000,1770000,0.016949153,P
1363,,"DeLoach, Zach",782,2020,2,43,TRUE,4YR JR,TRUE,1730000,1730000,0,RF
1364,,"McMahon, Chris",469,2020,2,46,TRUE,4YR JR,TRUE,1640000,1620000,0.012345679,P
1365,,"Roa, Christian",782,2020,2,48,TRUE,4YR JR,TRUE,1540000,1540000,0,P
1366,,"Schmitt, Casey",685,2020,2,49,TRUE,4YR JR,TRUE,1150000,1510000,-0.238410596,SS
1367,,"Carraway, Burl",195,2020,2,51,TRUE,4YR JR,TRUE,1050000,1440000,-0.270833333,P
1368,,"Ginn, J.T.",488,2020,2,52,TRUE,4YR SO,TRUE,2900000,1400000,1.071428571,P
1369,,"Zamora, Freddy",469,2020,2,53,TRUE,4YR JR,TRUE,1150000,1370000,-0.160583942,SS
1370,,"Henry, Cole",422,2020,2,55,TRUE,4YR SO,TRUE,2000000,1310000,0.526717557,P
1371,,"Allen, Logan",261,2020,2,56,TRUE,4YR JR,TRUE,1130000,1280000,-0.1171875,P
1372,,"Seymour, Ian",858,2020,2,57,TRUE,4YR JR,TRUE,1240000,1240000,0,P
1373,,"Criswell, Jeff",471,2020,2,58,TRUE,4YR JR,TRUE,1000000,1210000,-0.173553719,P
1374,,"Soularie, Alerick",776,2020,2,59,TRUE,4YR JR,TRUE,900000,1190000,-0.243697479,OF
1375,,"Knack, Landon",248,2020,2,60,TRUE,4YR SR,TRUE,712500,1160000,-0.385775862,P
1376,,"Nicolas, Kyle",56,2020,2,61,TRUE,4YR JR,TRUE,1130000,1130000,0,P
1377,,"Cabrera, Daniel",422,2020,2,62,TRUE,4YR JR,TRUE,1210000,1100000,0.1,RF
1378,,"Beeter, Clayton",786,2020,2,66,TRUE,4YR JR,TRUE,1200000,1000000,0.2,P
1379,,"Swiney, Nick",523,2020,2,67,TRUE,4YR JR,TRUE,1200000,976700,0.228627009,P
1380,,"Glowenke, Jimmy",195,2020,2,68,TRUE,4YR JR,TRUE,5975000,953100,5.269016892,2B
1381,,"Burleson, Alec",220,2020,2,70,TRUE,4YR JR,TRUE,700000,906800,-0.228054698,LF
1382,,"Cruz, Trei",643,2020,3,73,TRUE,4YR SO,TRUE,900000,857400,0.049685094,SS
1383,,"Servideo, Anthony",584,2020,3,74,TRUE,4YR JR,TRUE,950000,844200,0.125325752,SS
1384,,"McCambley, Zach",163,2020,3,75,TRUE,4YR JR,TRUE,775000,831100,-0.067500902,P
1385,,"Gentry, Tyler",8,2020,3,76,TRUE,4YR JR,TRUE,750000,818200,-0.083353703,RF
1386,,"Palmer, Trent",356,2020,3,77,TRUE,4YR JR,TRUE,8475000,805600,9.520109235,P
1387,,"Polcovich, Kaden",581,2020,3,78,TRUE,4YR JR,TRUE,575000,793000,-0.274905422,2B
1388,,"Garcia, Nick",142,2020,3,79,TRUE,4YR JR,TRUE,1200000,780400,0.537672988,P
1389,,"Wilcox, Cole",292,2020,3,80,TRUE,4YR SO,TRUE,3300000,767800,3.297994269,P
1390,,"Weatherly, Sam",160,2020,3,81,TRUE,4YR JR,TRUE,755300,755300,0,P
1391,,"Bonnin, Bryce",786,2020,3,84,TRUE,4YR SO,TRUE,700000,721900,-0.030336612,P
1392,,"Martin, Casey",36,2020,3,87,TRUE,4YR JR,TRUE,1300000,689300,0.885971275,2B
1393,,"Nwogu, Jordan",471,2020,3,88,TRUE,4YR JR,TRUE,678600,678600,0,OF
1394,,"Walters, Anthony",685,2020,3,91,TRUE,4YR JR,TRUE,20000,647300,-0.969102425,2B
1395,,"Warren, Zavier",137,2020,3,92,TRUE,4YR JR,TRUE,575000,637600,-0.098180678,1B
1396,,"Prater, Levi",580,2020,3,93,TRUE,4YR JR,TRUE,575000,627900,-0.084249084,P
1397,,"Powell, Holden",815,2020,3,94,TRUE,4YR JR,TRUE,500000,618200,-0.191200259,P
1398,,"Franklin V, Jesse",471,2020,3,97,TRUE,4YR JR,TRUE,497500,599100,-0.169587715,OF
1399,,"Guldberg, Michael",295,2020,3,98,TRUE,4YR JR,TRUE,300000,593100,-0.494183106,OF
1400,,"Hauver, Trevor",32,2020,3,99,TRUE,4YR JR,TRUE,587500,587400,0.000170242,2B
1401,,"Brown, Tyler",852,2020,3,101,TRUE,4YR JR,TRUE,577000,577000,0,P
1402,,"Workman, Gage",32,2020,4,102,TRUE,4YR JR,TRUE,1000000,571400,0.750087504,SS
1403,,"Eder, Jake",852,2020,4,104,TRUE,4YR JR,TRUE,700000,560000,0.25,P
1404,,"Chamberlain, Christian",589,2020,4,105,TRUE,4YR JR,TRUE,450000,554300,-0.188165253,P
1405,,"Frasso, Nick",414,2020,4,106,TRUE,4YR JR,TRUE,459000,549000,-0.163934426,P
1406,,"Keenan, Tyler",584,2020,4,107,TRUE,4YR JR,TRUE,500000,543500,-0.080036799,3B
1407,,"Hartman, Jack",29,2020,4,108,TRUE,4YR SR,TRUE,60000,538200,-0.88851728,P
1408,,"Thomas, Levi",799,2020,4,109,TRUE,4YR JR,TRUE,80000,533000,-0.849906191,P
1409,,"Mechals, Kade",302,2020,4,112,TRUE,4YR JR,TRUE,10000,517400,-0.980672594,P
1410,,"Dabovich, R.J.",32,2020,4,114,TRUE,4YR JR,TRUE,197500,507400,-0.610760741,P
1411,,"Ragsdale, Carson",712,2020,4,116,TRUE,4YR SR,TRUE,225000,497500,-0.547738693,P
1412,,"Wu-Yelland, Jeremy",320,2020,4,118,TRUE,4YR JR,TRUE,200000,487900,-0.590079934,P
1413,,"Dyer, Matthew",31,2020,4,120,TRUE,4YR SR,TRUE,350000,478300,-0.268241689,OF
1414,,"Wiemer, Joey",152,2020,4,121,TRUE,4YR JR,TRUE,150000,473700,-0.683343889,CF
1415,,"Bedell, Ian",490,2020,4,122,TRUE,4YR JR,TRUE,800000,469000,0.70575693,P
1416,,"Lindsly, Brady",580,2020,4,123,TRUE,4YR SR,TRUE,20000,464500,-0.956942949,C
1417,,"Murray, Tanner",807,2020,4,125,TRUE,4YR JR,TRUE,455600,455600,0,SS
1418,,"Strider, Spencer",160,2020,4,126,TRUE,4YR JR,TRUE,449300,451800,-0.005533422,P
1419,,"Acker, Dane",580,2020,4,127,TRUE,4YR JR,TRUE,447400,447400,0,P
1420,,"Taylor, Carson",858,2020,4,130,TRUE,4YR SO,TRUE,397500,434300,-0.084734055,C
1421,,"Daniels, Zach",776,2020,4,131,TRUE,4YR JR,TRUE,400000,430800,-0.071494893,CF
1422,,"Hurt, Kyle",717,2020,5,134,TRUE,4YR JR,TRUE,300000,418200,-0.282639885,P
1423,,"Klein, Will",227,2020,5,135,TRUE,4YR JR,TRUE,200000,414000,-0.516908213,P
1424,,"Britton, Zach",421,2020,5,136,TRUE,4YR JR,TRUE,97500,410100,-0.762253109,C
1425,,"Dollard, Taylor",105,2020,5,137,TRUE,4YR JR,TRUE,406000,406000,0,P
1426,,"Hofmann, Logan",561,2020,5,138,TRUE,4YR JR,TRUE,125000,402000,-0.689054726,P
1427,,"Blomgren, Jack",471,2020,5,140,TRUE,4YR JR,TRUE,394300,394300,0,SS
1428,,"Seminaris, Adam",416,2020,5,141,TRUE,4YR JR,TRUE,140000,390400,-0.641393443,P
1429,,"Horn, Bailey",43,2020,5,142,TRUE,4YR JR,TRUE,150000,386600,-0.612002069,P
1430,,"Boyle, Joe",565,2020,5,143,TRUE,4YR JR,TRUE,500000,382700,0.306506402,P
1431,,"Murphy, Ryan",358,2020,5,144,TRUE,4YR JR,TRUE,22500,379000,-0.940633245,P
1432,,"Radcliff, Baron",295,2020,5,146,TRUE,4YR JR,TRUE,100000,371600,-0.730893434,OF
1433,,"Drohan, Shane",267,2020,5,148,TRUE,4YR JR,TRUE,600000,364400,0.646542261,P
1434,,"Pfaadt, Brandon",64,2020,5,149,TRUE,4YR JR,TRUE,100000,360800,-0.722838137,P
1435,,"Orze, Eric",533,2020,5,150,TRUE,4YR 5S,TRUE,20000,357100,-0.943993279,P
1436,,"Cantrelle, Hayden",419,2020,5,151,TRUE,4YR JR,TRUE,300000,353700,-0.151823579,2B
1437,,"Jones, L.J.",416,2020,5,152,TRUE,4YR JR,TRUE,100000,350300,-0.714530403,OF
1438,,"Hickman, Mason",852,2020,5,154,TRUE,4YR JR,TRUE,340000,343400,-0.00990099,P
1439,,"Hakanson, Jeff",813,2020,5,155,TRUE,4YR JR,TRUE,340000,340000,0,P
1440,,"Elder, Bryce",781,2020,5,156,TRUE,4YR JR,TRUE,847500,336600,1.517825312,P
1441,,"Emanuels, Stevie",870,2020,5,157,TRUE,4YR JR,TRUE,400000,333300,0.200120012,P
1442,,"Stone, Gavin",135,2020,5,159,TRUE,4YR JR,TRUE,97500,327200,-0.702017115,P
1443,,"Whitcomb, Shay",810,2020,5,160,TRUE,4YR JR,TRUE,56000,324100,-0.827213823,SS
1444,,"Rutschman, Adley",589,2019,1,1,TRUE,4YR,TRUE,8100000,8420000,-0.038004751,C
1445,,"Vaughn, Andrew",114,2019,1,3,TRUE,4YR,TRUE,7221200,7220000,0.000166205,1B
1446,,"Bleday, JJ",852,2019,1,4,TRUE,4YR,TRUE,6670000,6660000,0.001501502,OF
1447,,"Lodolo, Nick",775,2019,1,7,TRUE,4YR,TRUE,5432400,5430000,0.000441989,LHP
1448,,"Jung, Josh",786,2019,1,8,TRUE,4YR,TRUE,4400000,5180000,-0.150579151,3B
1449,,"Langeliers, Shea",62,2019,1,9,TRUE,4YR,TRUE,3997500,4950000,-0.192424242,C
1450,,"Bishop, Hunter",32,2019,1,10,TRUE,4YR,TRUE,4097500,4740000,-0.135548523,OF
1451,,"Manoah, Alek",888,2019,1,11,TRUE,4YR,TRUE,4547500,4550000,-0.000549451,RHP
1452,,"Stott, Bryson",832,2019,1,14,TRUE,4YR,TRUE,3900000,4040000,-0.034653465,SS
1453,,"Wilson, Will",523,2019,1,15,TRUE,4YR,TRUE,3397500,3890000,-0.126606684,SS
1454,,"Thompson, Zack",372,2019,1,19,TRUE,4YR,TRUE,3000000,3360000,-0.107142857,LHP
1455,,"Kirby, George",239,2019,1,20,TRUE,4YR,TRUE,3242900,3240000,0.000895062,RHP
1456,,"Shewmake, Braden",782,2019,1,21,TRUE,4YR,TRUE,3129800,3130000,-6.39E-05,SS
1457,,"Jones, Greg",829,2019,1,22,TRUE,4YR,TRUE,3024500,3030000,-0.001815182,SS
1458,,"Toglia, Michael",815,2019,1,23,TRUE,4YR,TRUE,2725000,2930000,-0.06996587,1B
1459,,"Hoese, Kody",802,2019,1,25,TRUE,4YR,TRUE,2740300,2740000,0.000109489,3B
1460,,"Jensen, Ryan",280,2019,1,27,TRUE,4YR,TRUE,2000000,2570000,-0.221789883,RHP
1461,,"Small, Ethan",488,2019,1,28,TRUE,4YR,TRUE,1800000,2490000,-0.277108434,LHP
1462,,"Davidson, Logan",160,2019,1,29,TRUE,4YR,TRUE,2424600,2420000,0.001900826,SS
1463,,"Busch, Michael",543,2019,1,31,TRUE,4YR,TRUE,2312000,2310000,0.000865801,2B
1464,,"Lee, Korey",114,2019,1,32,TRUE,4YR,TRUE,1750000,2260000,-0.225663717,C
1465,,"Jameson, Drey",56,2019,1,34,TRUE,4YR,TRUE,1400000,2150000,-0.348837209,RHP
1466,,"Misner, Kameron",490,2019,1,35,TRUE,4YR,TRUE,2115000,2100000,0.007142857,OF
1467,,"Sikkema, T.J.",490,2019,1,38,TRUE,4YR,TRUE,1949800,1950000,-0.000102564,LHP
1468,,"Wallner, Matt",722,2019,1,39,TRUE,4YR,TRUE,1800000,1910000,-0.057591623,OF
1469,,"Johnson, Seth",120,2019,1,40,TRUE,4YR,TRUE,1722500,1860000,-0.073924731,RHP
1470,,"Wendzel, Davis",62,2019,1,41,TRUE,4YR,TRUE,1600000,1810000,-0.116022099,3B
1471,,"Cannon, Cam",31,2019,2,43,TRUE,4YR,TRUE,1300000,1730000,-0.248554913,SS
1472,,"McConnell, Brady",265,2019,2,44,TRUE,4YR,TRUE,2222500,1690000,0.315088757,SS
1473,,"Quintana, Nick",31,2019,2,47,TRUE,4YR,TRUE,1580200,1580000,0.000126582,3B
1474,,"Garcia, Ryan",815,2019,2,50,TRUE,4YR,TRUE,1469900,1470000,-6.80E-05,RHP
1475,,"Wyatt, Logan",421,2019,2,51,TRUE,4YR,TRUE,997500,1440000,-0.307291667,1B
1476,,"Canterino, Matt",643,2019,2,54,TRUE,4YR,TRUE,1100000,1340000,-0.179104478,RHP
1477,,"Nelson, Ryne",588,2019,2,56,TRUE,4YR,TRUE,1100000,1280000,-0.140625,RHP
1478,,"Gorski, Matt",349,2019,2,57,TRUE,4YR,TRUE,1000000,1240000,-0.193548387,OF
1479,,"Williamson, Brandon",775,2019,2,59,TRUE,4YR,TRUE,925000,1190000,-0.222689076,LHP
1480,,"Philip, Beau",589,2019,2,60,TRUE,4YR,TRUE,697500,1160000,-0.398706897,SS
1481,,"Doxakis, John",782,2019,2,61,TRUE,4YR,TRUE,1127200,1130000,-0.002477876,LHP
1482,,"Schunk, Aaron",292,2019,2,62,TRUE,4YR,TRUE,1102700,1100000,0.002454545,3B
1483,,"Strumpf, Chase",815,2019,2,64,TRUE,4YR,TRUE,1050300,1050000,0.000285714,2B
1484,,"Baum, Tyler",543,2019,2,66,TRUE,4YR,TRUE,900000,1000000,-0.1,RHP
1485,,"H. Smith, Josh",422,2019,2,67,TRUE,4YR,TRUE,976700,976700,0,2B
1486,,"Kessinger, Grae",584,2019,2,68,TRUE,4YR,TRUE,750000,953100,-0.213094114,SS
1487,,"Marsh, Alec",32,2019,2,70,TRUE,4YR,TRUE,904300,906800,-0.002756948,RHP
1488,,"Stowers, Kyle",753,2019,2,71,TRUE,4YR,TRUE,884200,884200,0,OF
1489,,"Triolo, Jared",337,2019,2,72,TRUE,4YR,TRUE,868200,870700,-0.002871253,3B
1490,,"Driscoll, Logan",289,2019,2,73,TRUE,4YR,TRUE,600000,857400,-0.300209937,C
1491,,"Henry, Tommy",471,2019,2,74,TRUE,4YR,TRUE,750000,844200,-0.111584932,LHP
1492,,"Fletcher, Dominic",36,2019,2,75,TRUE,4YR,TRUE,700000,831100,-0.157742751,OF
1493,,"Campbell, Isaiah",36,2019,2,76,TRUE,4YR,TRUE,850000,818200,0.038865803,RHP
1494,,"Kauffmann, Karl",471,2019,2,77,TRUE,4YR,TRUE,805600,805600,0,RHP
1495,,"Watson, Zach",422,2019,3,79,TRUE,4YR,TRUE,780400,780400,0,OF
1496,,"Gambrell, Grant",589,2019,3,80,TRUE,4YR,TRUE,647500,767800,-0.156681427,RHP
1497,,"Burdick, Peyton",936,2019,3,82,TRUE,4YR,TRUE,397500,744200,-0.46586939,OF
1498,,"Lipcius, Andre",776,2019,3,83,TRUE,4YR,TRUE,733100,733100,0,3B
1499,,"Slaten, Justin",531,2019,3,86,TRUE,4YR,TRUE,575000,699700,-0.178219237,RHP
1500,,"Steer, Spencer",588,2019,3,90,TRUE,4YR,TRUE,575000,657600,-0.125608273,SS
1501,,"English, Tristin",295,2019,3,93,TRUE,4YR,TRUE,500000,627900,-0.203694856,1B
1502,,"Mendoza, Drew",267,2019,3,94,TRUE,4YR,TRUE,800000,618200,0.294079586,3B
1503,,"Fraizer, Matt",31,2019,3,95,TRUE,4YR,TRUE,525000,610800,-0.140471513,OF
1504,,"Locey, Tony",292,2019,3,96,TRUE,4YR,TRUE,604800,604800,0,RHP
1505,,"Stoudt, Levi",397,2019,3,97,TRUE,4YR,TRUE,339000,599100,-0.434151227,RHP
1506,,"Wallace, Jacob",816,2019,3,100,TRUE,4YR,TRUE,581600,581600,0,RHP
1507,,"Pepiot, Ryan",100,2019,3,102,TRUE,4YR,TRUE,547500,571400,-0.041827091,RHP
1508,,"McAvene, Michael",421,2019,3,103,TRUE,4YR,TRUE,500000,565600,-0.115983027,RHP
1509,,"Sanford, Jake",893,2019,3,105,TRUE,4YR,TRUE,597500,554300,0.077936136,OF
1510,,"Brewer, Jordan",471,2019,3,106,TRUE,4YR,TRUE,500000,549000,-0.089253188,OF
1511,,"Zeferjahn, Ryan",366,2019,3,107,TRUE,4YR,TRUE,500000,543500,-0.080036799,RHP
1512,,"Ortiz, Joey",532,2019,4,108,TRUE,4YR,TRUE,450000,538200,-0.163879599,SS
1513,,"Massey, Michael",345,2019,4,109,TRUE,4YR,TRUE,472500,533000,-0.113508443,2B
1514,,"Edwards, Evan",523,2019,4,111,TRUE,4YR,TRUE,122500,522600,-0.765595101,1B
1515,,"Kreidler, Ryan",815,2019,4,112,TRUE,4YR,TRUE,517400,517400,0,SS
1516,,"Brash, Matt",536,2019,4,113,TRUE,4YR,TRUE,512400,512400,0,RHP
1517,,"Fitzgerald, Tyler",421,2019,4,116,TRUE,4YR,TRUE,495000,497500,-0.005025126,SS
1518,,"Robertson, Will",186,2019,4,117,TRUE,4YR,TRUE,422500,492700,-0.142480211,OF
1519,,"Mangum, Jake",488,2019,4,118,TRUE,4YR,TRUE,20000,487900,-0.959007993,OF
1520,,"Gray, Seth",936,2019,4,119,TRUE,4YR,TRUE,483000,483000,0,3B
1521,,"Miller, Erik",753,2019,4,120,TRUE,4YR,TRUE,428300,478300,-0.104536902,LHP
1522,,"Hill, Glenallen",62,2019,4,122,TRUE,4YR,TRUE,850000,469000,0.812366738,SS
1523,,"Cronin, Matt",36,2019,4,123,TRUE,4YR,TRUE,464500,464500,0,LHP
1524,,"Flowers, J.C.",267,2019,4,124,TRUE,4YR,TRUE,497500,460000,0.081521739,RHP
1525,,"Pallante, Andre",808,2019,4,125,TRUE,4YR,TRUE,455600,455600,0,RHP
1526,,"Elliott, Tim",292,2019,4,126,TRUE,4YR,TRUE,400000,451800,-0.114652501,RHP
1527,,"Kalich, Kasey",782,2019,4,127,TRUE,4YR,TRUE,347500,447400,-0.223290121,RHP
1528,,"Stinson, Graeme",217,2019,4,128,TRUE,4YR,TRUE,440400,442900,-0.005644615,LHP
1529,,"Doyle, Brenton",699,2019,4,129,TRUE,4YR,TRUE,500000,438700,0.139731023,OF
1530,,"Lewis, Brandon",808,2019,4,131,TRUE,4YR,TRUE,372500,430800,-0.135329619,3B
1531,,"Clarke, Chris",717,2019,4,132,TRUE,4YR,TRUE,426600,426600,0,RHP
1532,,"Kahle, Nick",870,2019,4,133,TRUE,4YR,TRUE,325000,422300,-0.230404925,C
1533,,"McCann, Kyle",295,2019,4,134,TRUE,4YR,TRUE,500000,418200,0.195600191,C
1534,,"Agnos, Jake",220,2019,4,135,TRUE,4YR,TRUE,411500,414000,-0.006038647,LHP
1535,,"Song, Noah",522,2019,4,137,TRUE,4YR,TRUE,100000,406000,-0.753694581,RHP
1536,,"Rave, John",347,2019,5,139,TRUE,4YR,TRUE,297500,398000,-0.252512563,OF
1537,,"Metzdorf, Dan",87,2019,5,140,TRUE,4YR,TRUE,10000,394300,-0.9746386,LHP
1538,,"Packard, Bryant",220,2019,5,142,TRUE,4YR,TRUE,386600,386600,0,OF
1539,,"Lincoln, Chris",811,2019,5,143,TRUE,4YR,TRUE,325000,382700,-0.150770839,RHP
1540,,"Kravetz, Evan",643,2019,5,144,TRUE,4YR,TRUE,112500,379000,-0.703166227,LHP
1541,,"Strahm, Kellen",688,2019,5,145,TRUE,4YR,TRUE,205000,375200,-0.453624733,OF
1542,,"Morris, Tanner",856,2019,5,147,TRUE,4YR,TRUE,397500,367900,0.080456646,SS
1543,,"Jones, Nate",561,2019,5,148,TRUE,4YR,TRUE,10000,364400,-0.972557629,RHP
1544,,"Holland, Will",43,2019,5,149,TRUE,4YR,TRUE,575000,360800,0.59368071,SS
1545,,"Stallings, Garrett",776,2019,5,151,TRUE,4YR,TRUE,312500,353700,-0.116482895,RHP
1546,,"Grammes, Conor",937,2019,5,152,TRUE,4YR,TRUE,300000,350300,-0.143591208,RHP
1547,,"Dyson, Tyler",265,2019,5,153,TRUE,4YR,TRUE,500000,346800,0.441753172,RHP
1548,,"Ford, Grant",527,2019,5,154,TRUE,4YR,TRUE,422500,343400,0.230343623,RHP
1549,,"Thomas, Connor",295,2019,5,155,TRUE,4YR,TRUE,340000,340000,0,LHP
1550,,"Shenton, Austin",261,2019,5,156,TRUE,4YR,TRUE,336600,336600,0,3B
1551,,"Brecht, Ben",811,2019,5,158,TRUE,4YR,TRUE,297500,330100,-0.098757952,LHP
1552,,"Ethridge, Will",584,2019,5,159,TRUE,4YR,TRUE,327200,327200,0,RHP
1553,,"Gaddis, Hunter",294,2019,5,160,TRUE,4YR,TRUE,415000,324100,0.280468991,RHP
1554,,"Little, Jack",753,2019,5,161,TRUE,4YR,TRUE,318600,321100,-0.007785737,RHP
1555,,"Burgmann, Josh",870,2019,5,162,TRUE,4YR,TRUE,225000,318200,-0.292897549,RHP
1556,,"Dillard, Thomas",584,2019,5,163,TRUE,4YR,TRUE,397500,315400,0.260304375,C
1557,,"Waldichuk, Ken",672,2019,5,165,TRUE,4YR,TRUE,307000,309500,-0.008077544,LHP
1558,,"Brown, Hunter",875,2019,5,166,TRUE,4YR,TRUE,325000,306800,0.059322034,RHP
1559,,"Groshans, Jaxx",366,2019,5,167,TRUE,4YR,TRUE,304200,304200,0,C
1560,,"Handley, Maverick",753,2019,6,168,TRUE,4YR,TRUE,250000,301600,-0.171087533,C
1561,,"Biasi, Dante",601,2019,6,169,TRUE,4YR,TRUE,247500,299000,-0.172240803,LHP
1562,,"Weems, Avery",31,2019,6,170,TRUE,4YR,TRUE,10000,296400,-0.966261808,LHP
1563,,"Johnson, M.D.",195,2019,6,171,TRUE,4YR,TRUE,17500,293800,-0.940435671,RHP
1564,,"Johnson, Cooper",584,2019,6,172,TRUE,4YR,TRUE,291400,291400,0,C
1565,,"Fellows, Drake",852,2019,6,173,TRUE,4YR,TRUE,260000,289000,-0.100346021,RHP
1566,,"Ashcraft, Graham",805,2019,6,174,TRUE,4YR,TRUE,247500,286500,-0.136125654,RHP
1567,,"Bradford, Cody",62,2019,6,175,TRUE,4YR,TRUE,700000,284200,1.463054187,LHP
1568,,"Eden, Cam",114,2019,6,177,TRUE,4YR,TRUE,222500,279500,-0.203935599,SS
1569,,"Ashford, Zach",280,2019,6,178,TRUE,4YR,TRUE,10000,277100,-0.963911945,OF
1570,,"Gipson-Long, Sawyer",462,2019,6,179,TRUE,4YR,TRUE,215000,274800,-0.217612809,RHP
1571,,"Schultz, Andrew",776,2019,6,180,TRUE,4YR,TRUE,225000,272500,-0.174311927,RHP
1572,,"Peek, Zach",919,2019,6,181,TRUE,4YR,TRUE,267800,270300,-0.009248983,RHP
1573,,"Saalfrank, Andrew",349,2019,6,182,TRUE,4YR,TRUE,225000,268200,-0.161073826,LHP
1574,,"Cluff, Jackson",101,2019,6,183,TRUE,4YR,TRUE,200000,266000,-0.248120301,SS
1575,,"Matthiessen, William",753,2019,6,184,TRUE,4YR,TRUE,261200,263700,-0.00948047,OF
1576,,"Pages, Pedro",262,2019,6,185,TRUE,4YR,TRUE,250000,261600,-0.044342508,C
1577,,"Gordon, Tanner",349,2019,6,187,TRUE,4YR,TRUE,212500,257400,-0.174436674,RHP
1578,,"White, Colby",488,2019,6,188,TRUE,4YR,TRUE,197500,255300,-0.226400313,RHP
1579,,"Hollowell, Gavin",740,2019,6,189,TRUE,4YR,TRUE,225000,253300,-0.111725227,RHP
1580,,"Ochsenbein, Aaron",228,2019,6,191,TRUE,4YR,TRUE,72500,249000,-0.708835341,RHP
1581,,"Bennett, Nick",421,2019,6,193,TRUE,4YR,TRUE,244900,244900,0,LHP
1582,,"Shuman, Seth",282,2019,6,194,TRUE,4YR,TRUE,235000,243000,-0.032921811,RHP
1583,,"Wesneski, Hayden",682,2019,6,195,TRUE,4YR,TRUE,217500,241000,-0.097510373,RHP
1584,,"Barefoot, Matthew",120,2019,6,196,TRUE,4YR,TRUE,150000,239000,-0.372384937,OF
1585,,"Murphy, Chris",684,2019,6,197,TRUE,4YR,TRUE,200000,237000,-0.156118143,LHP
1586,,"Rizer, Johnny",775,2019,7,198,TRUE,4YR,TRUE,15000,235100,-0.936197363,OF
1587,,"Murdock, Noah",856,2019,7,199,TRUE,4YR,TRUE,230500,233000,-0.010729614,RHP
1588,,"Patel, Karan",846,2019,7,200,TRUE,4YR,TRUE,10000,231100,-0.956728689,RHP
1589,,"Hoeing, Bryan",421,2019,7,201,TRUE,4YR,TRUE,229700,229700,0,RHP
1590,,"Hess, Zack",422,2019,7,202,TRUE,4YR,TRUE,227700,227700,0,RHP
1591,,"Lehmann, Connor",670,2019,7,203,TRUE,4YR,TRUE,35000,225800,-0.844995571,RHP
1592,,"Yang, Eric",811,2019,7,204,TRUE,4YR,TRUE,197500,224000,-0.118303571,C
1593,,"Smith, Armani",811,2019,7,206,TRUE,4YR,TRUE,297500,220200,0.351044505,OF
1594,,"Talley, LJ",292,2019,7,207,TRUE,4YR,TRUE,22500,218500,-0.897025172,2B
1595,,"Ritter, Luke",906,2019,7,208,TRUE,4YR,TRUE,10000,216600,-0.953831948,2B
1596,,"Prato, Anthony",816,2019,7,209,TRUE,4YR,TRUE,274800,214900,0.278734295,SS
1597,,"Schulze, Brett",483,2019,7,210,TRUE,4YR,TRUE,175000,213300,-0.179559306,RHP
1598,,"Daniel, Davis",43,2019,7,211,TRUE,4YR,TRUE,172500,211500,-0.184397163,RHP
1599,,"Brickhouse, Spencer",220,2019,7,212,TRUE,4YR,TRUE,190000,209800,-0.094375596,1B
1600,,"Peterson, Todd",422,2019,7,213,TRUE,4YR,TRUE,220000,208200,0.056676273,RHP
1601,,"Sabol, Blake",717,2019,7,214,TRUE,4YR,TRUE,247500,206500,0.198547215,OF
1602,,"Ralston, Jack",815,2019,7,215,TRUE,4YR,TRUE,204800,204800,0,RHP
1603,,"Vines, Darius",188,2019,7,217,TRUE,4YR,TRUE,127500,201600,-0.367559524,RHP
1604,,"Guenther, Jake",775,2019,7,218,TRUE,4YR,TRUE,197600,200100,-0.012493753,1B
1605,,"Horn, Jared",114,2019,7,219,TRUE,4YR,TRUE,198500,198500,0,RHP
1606,,"Curry, Xzavion",295,2019,7,220,TRUE,4YR,TRUE,125000,197300,-0.366447035,RHP
1607,,"Robertson, Nick",358,2019,7,221,TRUE,4YR,TRUE,177500,195700,-0.092999489,RHP
1608,,"Deppermann, Brad",547,2019,7,222,TRUE,4YR,TRUE,50000,194400,-0.742798354,RHP
1609,,"Holt, Gabe",786,2019,7,223,TRUE,4YR,TRUE,450000,192900,1.33281493,2B
1610,,"Millas, Drew",492,2019,7,224,TRUE,4YR,TRUE,170000,191500,-0.11227154,C
1611,,"Paciorek, Nick",559,2019,7,225,TRUE,4YR,TRUE,162500,190100,-0.145186744,RHP
1612,,"Henley, Blair",781,2019,7,226,TRUE,4YR,TRUE,150000,188900,-0.205929063,RHP
1613,,"McLarty, Griffin",167,2019,8,228,TRUE,4YR,TRUE,170000,186300,-0.08749329,RHP
1614,,"Parrish, Drew",267,2019,8,229,TRUE,4YR,TRUE,167500,184700,-0.093123985,LHP
1615,,"Gonzalez, Ivan",888,2019,8,230,TRUE,4YR,TRUE,10000,183700,-0.945563419,C
1616,,"Mitchell, Tevin",811,2019,8,231,TRUE,4YR,TRUE,10000,182300,-0.945145365,OF
1617,,"Kenley, Jack",36,2019,8,232,TRUE,4YR,TRUE,135000,181200,-0.254966887,SS
1618,,", Andrew",688,2019,8,233,TRUE,4YR,TRUE,1000,179800,-0.994438265,LHP
1619,,"Cotton, Quin",302,2019,8,234,TRUE,4YR,TRUE,147500,178600,-0.174132139,OF
1620,,"Matthews, John",371,2019,8,235,TRUE,4YR,TRUE,177400,177400,0,RHP
1621,,"Kilian, Caleb",786,2019,8,236,TRUE,4YR,TRUE,397500,176300,1.254679524,RHP
1622,,"Camacho, Angel",356,2019,8,237,TRUE,4YR,TRUE,2500,175000,-0.985714286,3B
1623,,"Wollersheim, Connor",371,2019,8,238,TRUE,4YR,TRUE,1000,174000,-0.994252874,LHP
1624,,"Legumina, Casey",299,2019,8,239,TRUE,4YR,TRUE,250000,173000,0.445086705,RHP
1625,,"Fassnacht, Nate",290,2019,8,240,TRUE,4YR,TRUE,100000,172100,-0.418942475,SS
1626,,"Brnovich, Kyle",239,2019,8,241,TRUE,4YR,TRUE,168700,171200,-0.014602804,RHP
1627,,"Canzone, Dominic",576,2019,8,242,TRUE,4YR,TRUE,170300,170300,0,OF
1628,,"Ydens, Jeremy",815,2019,8,243,TRUE,4YR,TRUE,169500,169500,0,OF
1629,,"Roberts, Austin",663,2019,8,244,TRUE,4YR,TRUE,166000,168500,-0.014836795,RHP
1630,,"Gragg, Logan",581,2019,8,245,TRUE,4YR,TRUE,167800,167800,0,RHP
1631,,"Adcock, Ty",239,2019,8,246,TRUE,4YR,TRUE,150000,167000,-0.101796407,RHP
1632,,"DeVito, Ricky",694,2019,8,247,TRUE,4YR,TRUE,167500,166100,0.008428657,RHP
1633,,"Wiles, Nathan",580,2019,8,248,TRUE,4YR,TRUE,162900,165400,-0.015114873,RHP
1634,,"Kostyshock, Jacob",36,2019,8,249,TRUE,4YR,TRUE,164700,164700,0,RHP
1635,,"Brennan, Will",367,2019,8,250,TRUE,4YR,TRUE,163900,163900,0,OF
1636,,"Ward, Ryan",97,2019,8,251,TRUE,4YR,TRUE,160900,163400,-0.015299878,OF
1637,,"Hamilton, David",781,2019,8,253,TRUE,4YR,TRUE,400000,162000,1.469135802,SS
1638,,"Greene, Zach",709,2019,8,255,TRUE,4YR,TRUE,17500,160800,-0.891169154,RHP
1639,,"Dalton, Wil",265,2019,8,257,TRUE,4YR,TRUE,135000,159700,-0.154664997,OF
1640,,"Gillispie, Connor",854,2019,9,258,TRUE,4YR,TRUE,125000,159200,-0.214824121,RHP
1641,,"Dungan, Clay",351,2019,9,259,TRUE,4YR,TRUE,2500,158600,-0.984237074,SS
1642,,"Messer, Tyson",120,2019,9,260,TRUE,4YR,TRUE,10000,158100,-0.936748893,RHP
1643,,"Brabrand, Evan",405,2019,9,261,TRUE,4YR,TRUE,1000,157600,-0.993654822,RHP
1644,,"Bergner, Austin",543,2019,9,262,TRUE,4YR,TRUE,157200,157200,0,RHP
1645,,"Blanchard, Jason",388,2019,9,263,TRUE,4YR,TRUE,5000,156600,-0.96807152,LHP
1646,,"Hopkins, TJ",710,2019,9,264,TRUE,4YR,TRUE,17500,156100,-0.887892377,OF
1647,,"Kent, Zak",328,2019,9,265,TRUE,4YR,TRUE,140000,155800,-0.101412067,RHP
1648,,"Whiteman, Simon",938,2019,9,266,TRUE,4YR,TRUE,22500,155300,-0.855119124,SS
1649,,"Clarke, Phil",852,2019,9,267,TRUE,4YR,TRUE,500000,154900,2.227888961,C
1650,,"Genord, Joe",712,2019,9,268,TRUE,4YR,TRUE,10000,154600,-0.935316947,1B
1651,,"Headrick, Brent",347,2019,9,269,TRUE,4YR,TRUE,130000,154100,-0.156391953,LHP
1652,,"Rott, Rudy",573,2019,9,270,TRUE,4YR,TRUE,10000,153600,-0.934895833,1B
1653,,"Linginfelter, Zach",776,2019,9,271,TRUE,4YR,TRUE,150800,153300,-0.016307893,RHP
1654,,"Ay, Bobby",105,2019,9,272,TRUE,4YR,TRUE,100000,152900,-0.345977763,RHP
1655,,"McMahon, Hunter",785,2019,9,273,TRUE,4YR,TRUE,152600,152600,0,RHP
1656,,"Paul, Ethan",852,2019,9,274,TRUE,4YR,TRUE,57500,152300,-0.62245568,SS
1657,,"Lott, Todd",384,2019,9,275,TRUE,4YR,TRUE,152000,152000,0,OF
1658,,"Salvatore, Mike",267,2019,9,276,TRUE,4YR,TRUE,15000,151600,-0.901055409,SS
1659,,"McKendry, Evan",469,2019,9,278,TRUE,4YR,TRUE,148300,150800,-0.016578249,RHP
1660,,"Collins, Isaac",186,2019,9,279,TRUE,4YR,TRUE,150500,150500,0,2B
1661,,"Peluse, Colin",864,2019,9,284,TRUE,4YR,TRUE,149300,149300,0,RHP
1662,,"Henson, Spencer",587,2019,9,285,TRUE,4YR,TRUE,137500,148900,-0.076561451,1B
1663,,"Battenfield, Peyton",581,2019,9,286,TRUE,4YR,TRUE,148400,148400,0,RHP
1664,,"Scroggins, Cody",36,2019,9,287,TRUE,4YR,TRUE,100000,148200,-0.325236167,RHP
1665,,"Cannon, Jordan",682,2019,10,288,TRUE,4YR,TRUE,5000,147900,-0.966193374,C
1666,,"Veneziano, Anthony",163,2019,10,289,TRUE,4YR,TRUE,122500,147700,-0.170616114,LHP
1667,,"Pawelczyk, Nate",919,2019,10,290,TRUE,4YR,TRUE,10000,147400,-0.932157395,RHP
1668,,"Orr, J.D.",936,2019,10,291,TRUE,4YR,TRUE,2500,147200,-0.983016304,OF
1669,,"Holton, Jake",186,2019,10,292,TRUE,4YR,TRUE,147000,147000,0,1B
1670,,"Elliott, Ethan",408,2019,10,293,TRUE,4YR,TRUE,5000,146800,-0.965940054,LHP
1671,,"Stevenson, Jake",483,2019,10,294,TRUE,4YR,TRUE,7500,146300,-0.948735475,RHP
1672,,"Corbett, Joe",886,2019,10,295,TRUE,4YR,TRUE,10000,146100,-0.93155373,RHP
1673,,"Houghtby, Jeff",684,2019,10,296,TRUE,4YR,TRUE,22500,145700,-0.845573095,SS
1674,,"Ota, Scott",817,2019,10,298,TRUE,4YR,TRUE,1000,145300,-0.993117688,OF
1675,,"Gross, Ben",217,2019,10,299,TRUE,4YR,TRUE,10000,145000,-0.931034483,RHP
1676,,"Tatum, McCarthy",280,2019,10,300,TRUE,4YR,TRUE,5000,144800,-0.965469613,3B
1677,,"Sykes, Chad",827,2019,10,301,TRUE,4YR,TRUE,7500,144600,-0.94813278,RHP
1678,,"Pratt, Andrew",423,2019,10,303,TRUE,4YR,TRUE,10000,144100,-0.930603747,C
1679,,"Junker, Cameron",565,2019,10,304,TRUE,4YR,TRUE,125000,143900,-0.131341209,RHP
1680,,"Sommers, Jake",479,2019,10,305,TRUE,4YR,TRUE,10000,143600,-0.930362117,RHP
1681,,"Hill, Kyle",62,2019,10,306,TRUE,4YR,TRUE,10000,143500,-0.930313589,RHP
1682,,"Embry, Jonathan",405,2019,10,308,TRUE,4YR,TRUE,67500,143000,-0.527972028,C
1683,,"Yalowitz, Jack",345,2019,10,309,TRUE,4YR,TRUE,5000,142700,-0.964961458,OF
1684,,"Hart, Zach",277,2019,10,310,TRUE,4YR,TRUE,5000,142500,-0.964912281,RHP
1685,,"Ching, Zac",854,2019,10,311,TRUE,4YR,TRUE,2500,142300,-0.982431483,SS
1686,,"Floyd, Taylor",786,2019,10,313,TRUE,4YR,TRUE,139700,142200,-0.017580872,RHP
1687,,"McColl, Patrick",318,2019,10,314,TRUE,4YR,TRUE,20000,142200,-0.859353024,1B
1688,,"Spence, Mitch",835,2019,10,315,TRUE,4YR,TRUE,122500,142200,-0.138537271,RHP
1689,,"Stubbs, C.J.",717,2019,10,316,TRUE,4YR,TRUE,85000,142200,-0.402250352,C
1690,,"Scott, Stephen",852,2019,10,317,TRUE,4YR,TRUE,50000,142200,-0.64838256,OF
1691,,"Daschbach, Andrew",753,2019,11,318,FALSE,4YR,TRUE,250000,125000,1,1B
1692,,"Pasquantino, Vinnie",582,2019,11,319,FALSE,4YR,TRUE,125000,125000,0,1B
1693,,"Maldonado, Anthony",77,2019,11,321,FALSE,4YR,TRUE,125000,125000,0,RHP
1694,,"McMillon, John",786,2019,11,322,FALSE,4YR,FALSE,0,125000,0,OF
1695,,"Feole, Mason",816,2019,11,323,FALSE,4YR,TRUE,0,125000,0,LHP
1696,,"Martinson, Jordan",195,2019,11,328,FALSE,4YR,FALSE,0,125000,0,LHP
1697,,"Brubaker, Tanner",808,2019,11,329,FALSE,4YR,TRUE,200000,125000,0.6,RHP
1698,,"Killam, Brent",291,2019,11,331,FALSE,4YR,TRUE,0,125000,0,LHP
1699,,"Snyder, Nick",888,2019,11,332,FALSE,4YR,TRUE,125000,125000,0,LHP
1700,,"Arruda, J.T.",280,2019,11,333,FALSE,4YR,TRUE,250000,125000,1,SS
1701,,"Lunn, Connor",717,2019,11,335,FALSE,4YR,TRUE,125000,125000,0,RHP
1702,,"Bins, Carter",280,2019,11,336,FALSE,4YR,TRUE,350000,125000,1.8,C
1703,,"Troike, Ben",345,2019,11,338,FALSE,4YR,TRUE,125000,125000,0,SS
1704,,"Ruff, Mike",262,2019,11,339,FALSE,4YR,TRUE,200000,125000,0.6,RHP
1705,,"Mikolajchak, Nick",682,2019,11,340,FALSE,4YR,TRUE,125000,125000,0,RHP
1706,,"Boyer, Logan",685,2019,11,341,FALSE,4YR,TRUE,297500,125000,1.38,RHP
1707,,"Dunn, Oliver",841,2019,11,345,FALSE,4YR,TRUE,137500,125000,0.1,2B
1708,,"Strowd, Kade",888,2019,12,348,FALSE,4YR,TRUE,125000,125000,0,RHP
1709,,"Lukas, Adam",250,2019,12,349,FALSE,4YR,TRUE,125000,125000,0,RHP
1710,,"Joyce, Corey",950,2019,12,352,FALSE,4YR,TRUE,125000,125000,0,SS
1711,,"Acosta, Matthew",717,2019,12,353,FALSE,4YR,TRUE,100000,125000,-0.2,OF
1712,,"Wright, Chris",97,2019,12,356,FALSE,4YR,TRUE,125000,125000,0,LHP
1713,,"Ryan, Sam",854,2019,12,357,FALSE,4YR,TRUE,125000,125000,0,RHP
1714,,"Duplantis, Antoine",422,2019,12,358,FALSE,4YR,TRUE,85000,125000,-0.32,OF
1715,,"Mooney, Sean",740,2019,12,359,FALSE,4YR,TRUE,125000,125000,0,RHP
1716,,"Dashwood, Jack",811,2019,12,361,FALSE,4YR,TRUE,125000,125000,0,LHP
1717,,"Wilkie, Kyle",160,2019,12,364,FALSE,4YR,TRUE,125000,125000,0,C
1718,,"Sogard, Nick",414,2019,12,368,FALSE,4YR,TRUE,125000,125000,0,SS
1719,,"Koss, Christian",808,2019,12,369,FALSE,4YR,TRUE,180000,125000,0.44,SS
1720,,"Tyranski, Mitchell",472,2019,12,371,FALSE,4YR,TRUE,125000,125000,0,LHP
1721,,"Bigge, Hunter",318,2019,12,372,FALSE,4YR,TRUE,125000,125000,0,RHP
1722,,"Sabouri, Arman",114,2019,12,373,FALSE,4YR,TRUE,125000,125000,0,LHP
1723,,"Anderson, Ryan",527,2019,12,375,FALSE,4YR,TRUE,125000,125000,0,LHP
1724,,"Gayle, Garrett",643,2019,12,376,FALSE,4YR,TRUE,125000,125000,0,RHP
1725,,"Cellucci, Brendan",802,2019,12,377,FALSE,4YR,TRUE,345000,125000,1.76,LHP
1726,,"Hammer, Dan",614,2019,13,378,FALSE,4YR,TRUE,150000,125000,0.2,RHP
1727,,"Tolbert, Tyler",9,2019,13,379,FALSE,4YR,TRUE,125000,125000,0,SS
1728,,"Bradford, Cooper",263,2019,13,380,FALSE,4YR,TRUE,125000,125000,0,RHP
1729,,"King, Zach",852,2019,13,381,FALSE,4YR,TRUE,125000,125000,0,LHP
1730,,"Walker, Matt",347,2019,13,382,FALSE,4YR,TRUE,125000,125000,0,LHP
1731,,"Berryhill, Luke",710,2019,13,384,FALSE,4YR,TRUE,149500,125000,0.196,C
1732,,"Anderson, Ben",78,2019,13,385,FALSE,4YR,TRUE,125000,125000,0,RHP
1733,,"Freed, Harrison",100,2019,13,386,FALSE,4YR,TRUE,100000,125000,-0.2,OF
1734,,"Schwecke, Trevor",479,2019,13,387,FALSE,4YR,TRUE,125000,125000,0,SS
1735,,"Thomas, Dylan",320,2019,13,389,FALSE,4YR,TRUE,100000,125000,-0.2,RHP
1736,,"Markwardt, Hunter",579,2019,13,390,FALSE,4YR,TRUE,100000,125000,-0.2,OF
1737,,"Coursey, Cam",,2019,13,392,FALSE,4YR,TRUE,125000,125000,0,2B
1738,,"Murray, Chase",295,2019,13,394,FALSE,4YR,TRUE,125000,125000,0,OF
1739,,"Jew, Tommy",811,2019,13,395,FALSE,4YR,TRUE,125000,125000,0,OF
1740,,"Morgan, Reid",710,2019,13,396,FALSE,4YR,TRUE,125000,125000,0,RHP
1741,,"Cope, Daniel",109,2019,13,399,FALSE,4YR,TRUE,125000,125000,0,C
1742,,"Pries, Micah",617,2019,13,400,FALSE,4YR,TRUE,125000,125000,0,OF
1743,,"Cantleberry, Jake",490,2019,13,401,FALSE,4YR,TRUE,125000,125000,0,LHP
1744,,"Gillis, Jackson",852,2019,13,403,FALSE,4YR,TRUE,0,125000,0,LHP
1745,,"Valenzuela, Sahid",109,2019,13,404,FALSE,4YR,TRUE,100000,125000,-0.2,SS
1746,,"L. Alvarez, Nelson",712,2019,13,405,FALSE,4YR,TRUE,125000,125000,0,RHP
1747,,"Janvrin, Mason",138,2019,14,408,FALSE,4YR,TRUE,125000,125000,0,OF
1748,,"Hooper, Justin",815,2019,14,409,FALSE,4YR,TRUE,125000,125000,0,LHP
1749,,"Moore, McKinley",412,2019,14,410,FALSE,4YR,TRUE,100000,125000,-0.2,RHP
1750,,"Lucas, Easton",607,2019,14,411,FALSE,4YR,TRUE,75000,125000,-0.4,LHP
1751,,"Stuka, Ted",810,2019,14,412,FALSE,4YR,TRUE,0,125000,0,RHP
1752,,"Wolforth, Garrett",567,2019,14,414,FALSE,4YR,TRUE,25000,125000,-0.8,C
1753,,"Morreale, Nick",291,2019,14,416,FALSE,4YR,TRUE,125000,125000,0,RHP
1754,,"Rivera, Eric",262,2019,14,417,FALSE,4YR,TRUE,125000,125000,0,OF
1755,,"Taylor, Kennie",217,2019,14,418,FALSE,4YR,TRUE,10000,125000,-0.92,OF
1756,,"Laweryson, Cody",429,2019,14,419,FALSE,4YR,TRUE,80000,125000,-0.36,RHP
1757,,"Micheles, Chris",870,2019,14,420,FALSE,4YR,TRUE,100000,125000,-0.2,LHP
1758,,"Kristofak, Zac",292,2019,14,421,FALSE,4YR,TRUE,125000,125000,0,RHP
1759,,"Lin, Lyle",32,2019,14,422,FALSE,4YR,TRUE,125000,125000,0,C
1760,,"Shackelford, Aaron",,2019,14,424,FALSE,4YR,TRUE,10000,125000,-0.92,SS
1761,,"Frick, Patrick",864,2019,14,426,FALSE,4YR,TRUE,100000,125000,-0.2,SS
1762,,"Allen, Logan",97,2019,14,428,FALSE,4YR,TRUE,125000,125000,0,OF
1763,,"Aeilts, Joe",347,2019,14,429,FALSE,4YR,TRUE,110000,125000,-0.12,OF
1764,,"Freeman, Ike",543,2019,14,430,FALSE,4YR,TRUE,125000,125000,0,SS
1765,,"Mellen, Sean",551,2019,14,431,FALSE,4YR,TRUE,125000,125000,0,LHP
1766,,"Reynolds, Ryan",781,2019,14,432,FALSE,4YR,TRUE,125000,125000,0,3B
1767,,"Schultz, Paxton",843,2019,14,433,FALSE,4YR,TRUE,125000,125000,0,RHP
1768,,"Milam, Kevin",672,2019,14,435,FALSE,4YR,TRUE,125000,125000,0,2B
1769,,"West, Derek",614,2019,14,436,FALSE,4YR,TRUE,75000,125000,-0.4,RHP
1770,,"Martin, Kyle",270,2019,15,438,FALSE,4YR,TRUE,125000,125000,0,RHP
1771,,"Bretz, Sean",337,2019,15,439,FALSE,4YR,FALSE,0,125000,0,RHP
1772,,"Freeman, Caleb",786,2019,15,440,FALSE,4YR,TRUE,0,125000,0,RHP
1773,,"Magno, Andrew",576,2019,15,442,FALSE,4YR,TRUE,125000,125000,0,LHP
1774,,"Lloyd, Matt",349,2019,15,444,FALSE,4YR,TRUE,25000,125000,-0.8,OF
1775,,"Aldrete, Carter",32,2019,15,446,FALSE,4YR,TRUE,125000,125000,0,2B
1776,,"Ragan, Mitch",186,2019,15,448,FALSE,4YR,TRUE,10000,125000,-0.92,RHP
1777,,"Varland, Louie",180,2019,15,449,FALSE,4YR,TRUE,115000,125000,-0.08,RHP
1778,,"Veliz, Greg",469,2019,15,451,FALSE,4YR,TRUE,125000,125000,0,RHP
1779,,"Pope, Austin",251,2019,15,452,FALSE,4YR,TRUE,100000,125000,-0.2,RHP
1780,,"Moore, Davis",280,2019,15,453,FALSE,4YR,TRUE,125000,125000,0,RHP
1781,,"Leonard, Garrett",655,2019,15,454,FALSE,4YR,TRUE,25000,125000,-0.8,RHP
1782,,"Vinsky, David",563,2019,15,455,FALSE,4YR,TRUE,100000,125000,-0.2,OF
1783,,"Blair, Connor",870,2019,15,457,FALSE,4YR,TRUE,125000,125000,0,OF
1784,,"Benton, Trey",220,2019,15,460,FALSE,4YR,TRUE,100000,125000,-0.2,RHP
1785,,"Vranesh, Joe",672,2019,15,461,FALSE,4YR,TRUE,125000,125000,0,OF
1786,,"Bryant, Zach",356,2019,15,462,FALSE,4YR,TRUE,125000,125000,0,RHP
1787,,"Devanney, Cam",239,2019,15,463,FALSE,4YR,TRUE,10000,125000,-0.92,SS
1788,,"Watson, Josh",775,2019,15,464,FALSE,4YR,TRUE,10000,125000,-0.92,OF
1789,,"Barclay, Edgar",188,2019,15,465,FALSE,4YR,TRUE,125000,125000,0,LHP
1790,,"McDonald, Cole",353,2019,15,466,FALSE,4YR,TRUE,1000,125000,-0.992,RHP
1791,,"Perkins, Shelton",358,2019,16,468,FALSE,4YR,TRUE,100000,125000,-0.2,RHP
1792,,"Nardi, Andrew",31,2019,16,471,FALSE,4YR,TRUE,125000,125000,0,LHP
1793,,"Quiggle, Kona",302,2019,16,472,FALSE,4YR,TRUE,125000,125000,0,OF
1794,,"Parker, Jason",523,2019,16,474,FALSE,4YR,TRUE,125000,125000,0,RHP
1795,,"Polley, Triston",351,2019,16,475,FALSE,4YR,TRUE,5000,125000,-0.96,LHP
1796,,"Martorano, Brandon",543,2019,16,476,FALSE,4YR,TRUE,125000,125000,0,C
1797,,"Gaddis, Nic",357,2019,16,478,FALSE,4YR,TRUE,5000,125000,-0.96,3B
1798,,"Shreve, Ryan",595,2019,16,479,FALSE,4YR,TRUE,50000,125000,-0.6,RHP
1799,,"Cornelius, Chris",490,2019,16,480,FALSE,4YR,TRUE,120000,125000,-0.04,SS
1800,,"Wilson, Eli",483,2019,16,484,FALSE,4YR,TRUE,125000,125000,0,C
1801,,"Rinehart, Logan",116,2019,16,486,FALSE,4YR,TRUE,100000,125000,-0.2,RHP
1802,,"Gobillot, Joe",852,2019,16,488,FALSE,4YR,TRUE,222500,125000,0.78,LHP
1803,,"Barlow, Trysten",488,2019,16,489,FALSE,4YR,TRUE,125000,125000,0,LHP
1804,,"Jones, Jordan",870,2019,16,490,FALSE,4YR,TRUE,100000,125000,-0.2,RHP
1805,,"Wilson, Mike",761,2019,16,493,FALSE,4YR,TRUE,100000,125000,-0.2,OF
1806,,"Basso, Brady",581,2019,16,494,FALSE,4YR,TRUE,75000,125000,-0.4,LHP
1807,,"McNeely, Shaine",335,2019,16,495,FALSE,4YR,TRUE,125000,125000,0,RHP
1808,,"McSweeney, Morgan",864,2019,17,498,FALSE,4YR,TRUE,125000,125000,0,RHP
1809,,"Franklin, A.J.",852,2019,17,499,FALSE,4YR,TRUE,125000,125000,0,LHP
1810,,"Burke, Jeremiah",291,2019,17,500,FALSE,4YR,TRUE,125000,125000,0,RHP
1811,,"Johnston, Troy",299,2019,17,501,FALSE,4YR,TRUE,125000,125000,0,OF
1812,,"Block, A.J.",872,2019,17,502,FALSE,4YR,FALSE,0,125000,0,LHP
1813,,"Raby, Patrick",852,2019,17,504,FALSE,4YR,TRUE,0,125000,0,RHP
1814,,"Cannon, Connor",809,2019,17,506,FALSE,4YR,TRUE,0,125000,0,1B
1815,,"DiCesare, Jared",289,2019,17,507,FALSE,4YR,TRUE,50000,125000,-0.6,RHP
1816,,"Goggin, Dan",358,2019,17,508,FALSE,4YR,TRUE,10000,125000,-0.92,RHP
1817,,"White, Brandon",888,2019,17,511,FALSE,4YR,TRUE,125000,125000,0,OF
1818,,"Grande, Nick",761,2019,17,512,FALSE,4YR,TRUE,75000,125000,-0.4,SS
1819,,"Willingham, Amos",295,2019,17,513,FALSE,4YR,TRUE,125000,125000,0,RHP
1820,,"YaSenka, Michael",227,2019,17,515,FALSE,4YR,TRUE,75000,125000,-0.4,RHP
1821,,"Barger, Alec",523,2019,17,517,FALSE,4YR,TRUE,125000,125000,0,RHP
1822,,"Brigden, Trevor",,2019,17,518,FALSE,4YR,TRUE,5000,125000,-0.96,RHP
1823,,"Baayoun, Zak",416,2019,17,519,FALSE,4YR,TRUE,100000,125000,-0.2,LHP
1824,,"Escobedo, Julian",685,2019,17,520,FALSE,4YR,TRUE,125000,125000,0,OF
1825,,"Wulff, Brandon",753,2019,17,521,FALSE,4YR,TRUE,75000,125000,-0.4,OF
1826,,"Jesson-Dalton, Tanner",663,2019,17,522,FALSE,4YR,TRUE,5000,125000,-0.96,RHP
1827,,"Coletti, Vince",262,2019,17,524,FALSE,4YR,TRUE,1500,125000,-0.988,RHP
1828,,"DeMarco, Pat",852,2019,17,525,FALSE,4YR,TRUE,297,125000,-0.997624,OF
1829,,"Cody, Danny",55,2019,17,526,FALSE,4YR,TRUE,1000,125000,-0.992,RHP
1830,,"Erro, Alex",559,2019,17,527,FALSE,4YR,TRUE,125000,125000,0,2B
1831,,"Emond, Malachi",531,2019,18,528,FALSE,4YR,TRUE,1000,125000,-0.992,RHP
1832,,"Peralta, Sammy",772,2019,18,530,FALSE,4YR,TRUE,85000,125000,-0.32,LHP
1833,,"Skelton, Dustin",488,2019,18,531,FALSE,4YR,TRUE,0,125000,0,C
1834,,"Mang, Jared",531,2019,18,532,FALSE,4YR,TRUE,4000,125000,-0.968,OF
1835,,"Dean, Andrew",343,2019,18,533,FALSE,4YR,TRUE,5000,125000,-0.96,LHP
1836,,"Ruffcorn, Jason",580,2019,18,534,FALSE,4YR,FALSE,0,125000,0,RHP
1837,,"Waites, Cole",881,2019,18,536,FALSE,4YR,TRUE,100000,125000,-0.2,RHP
1838,,"Eisert, Brandon",589,2019,18,537,FALSE,4YR,TRUE,125000,125000,0,LHP
1839,,"Murphy, Tanner",547,2019,18,538,FALSE,4YR,TRUE,100000,125000,-0.2,OF
1840,,"Julien, Edouard",43,2019,18,539,FALSE,4YR,TRUE,493000,125000,2.944,2B
1841,,"Lackney, Nick",483,2019,18,540,FALSE,4YR,TRUE,5000,125000,-0.96,LHP
1842,,"Smith, Ryan",623,2019,18,541,FALSE,4YR,TRUE,3000,125000,-0.976,LHP
1843,,"Martinez, Ricky",776,2019,18,542,FALSE,4YR,TRUE,100000,125000,-0.2,SS
1844,,"Antonini, Aaron",473,2019,18,545,FALSE,4YR,TRUE,75000,125000,-0.4,C
1845,,"LaSorsa, Joe",740,2019,18,548,FALSE,4YR,TRUE,95000,125000,-0.24,LHP
1846,,"Boone, Trevor",581,2019,18,549,FALSE,4YR,TRUE,125000,125000,0,OF
1847,,"Waldron, Matt",525,2019,18,550,FALSE,4YR,TRUE,5000,125000,-0.96,RHP
1848,,"Belge, Jeff",740,2019,18,551,FALSE,4YR,TRUE,125000,125000,0,RHP
1849,,"Moore, Alex",390,2019,18,552,FALSE,4YR,TRUE,1000,125000,-0.992,RHP
1850,,"McGee, Ashton",543,2019,18,553,FALSE,4YR,TRUE,125000,125000,0,2B
1851,,"Voliva, Evan",220,2019,18,555,FALSE,4YR,TRUE,10000,125000,-0.92,RHP
1852,,"Elliott, Jensen",581,2019,19,558,FALSE,4YR,TRUE,125000,125000,0,RHP
1853,,"Manning, Austin",717,2019,19,559,FALSE,4YR,TRUE,60000,125000,-0.52,LHP
1854,,"Carpenter, Kerry",858,2019,19,562,FALSE,4YR,TRUE,125000,125000,0,OF
1855,,"Givin, Chris",937,2019,19,563,FALSE,4YR,TRUE,5000,125000,-0.96,SS
1856,,"Garbee, Tyler",465,2019,19,564,FALSE,4YR,TRUE,10000,125000,-0.92,RHP
1857,,"Crim, Blaine",487,2019,19,565,FALSE,4YR,TRUE,5000,125000,-0.96,1B
1858,,"Parsons, Hunter",446,2019,19,568,FALSE,4YR,TRUE,0,125000,0,RHP
1859,,"Windeler, Niall",,2019,19,569,FALSE,4YR,TRUE,30000,125000,-0.76,LHP
1860,,"Van Scoyoc, Spencer",139,2019,19,570,FALSE,4YR,TRUE,75000,125000,-0.4,LHP
1861,,"Lawson, Garrett",205,2019,19,571,FALSE,4YR,TRUE,0,125000,0,LHP
1862,,"Yankosky, Tyler",476,2019,19,573,FALSE,4YR,TRUE,125000,125000,0,RHP
1863,,"Wood, Cory",163,2019,19,574,FALSE,4YR,TRUE,125000,125000,0,2B
1864,,"Sharpe, Zarion",829,2019,19,575,FALSE,4YR,FALSE,0,125000,0,LHP
1865,,"Kuhn, Travis",684,2019,19,576,FALSE,4YR,TRUE,85000,125000,-0.32,RHP
1866,,"Brown, Turner",220,2019,19,579,FALSE,4YR,TRUE,3000,125000,-0.976,SS
1867,,"Kelly, Kevin",358,2019,19,580,FALSE,4YR,TRUE,100000,125000,-0.2,RHP
1868,,"Fink, Braidyn",580,2019,19,581,FALSE,4YR,TRUE,222500,125000,0.78,RHP
1869,,"Laskey, Adam",217,2019,19,582,FALSE,4YR,TRUE,125000,125000,0,LHP
1870,,"Milligan, Bryce",,2019,19,583,FALSE,4YR,TRUE,30000,125000,-0.76,RHP
1871,,"McDonald, Jared",896,2019,19,584,FALSE,4YR,TRUE,1500,125000,-0.988,C
1872,,"Bell, Chad",820,2019,19,585,FALSE,4YR,TRUE,10000,125000,-0.92,3B
1873,,"Krabbe, Tyler",503,2019,19,586,FALSE,4YR,TRUE,1000,125000,-0.992,C
1874,,"Davis, Joe",337,2019,19,587,FALSE,4YR,TRUE,5000,125000,-0.96,1B
1875,,"McGinness, Clayton",906,2019,20,588,FALSE,4YR,TRUE,1000,125000,-0.992,RHP
1876,,"Davenport, Cody",135,2019,20,589,FALSE,4YR,TRUE,5000,125000,-0.96,RHP
1877,,"Simmons, Cameron",856,2019,20,590,FALSE,4YR,TRUE,85000,125000,-0.32,OF
1878,,"Rowan, Thomas",811,2019,20,591,FALSE,4YR,TRUE,2500,125000,-0.98,C
1879,,"Navigato, Andrew",581,2019,20,592,FALSE,4YR,TRUE,125000,125000,0,SS
1880,,"Medders, Deacon",8,2019,20,593,FALSE,4YR,TRUE,80000,125000,-0.36,RHP
1881,,"Gaskins, Najee",737,2019,20,596,FALSE,4YR,TRUE,75000,125000,-0.4,OF
1882,,"Robbins, Jimmy",655,2019,20,597,FALSE,4YR,TRUE,125000,125000,0,LHP
1883,,"O'Neill, Matt",599,2019,20,598,FALSE,4YR,TRUE,15000,125000,-0.88,C
1884,,"Griffith, Owen",160,2019,20,599,FALSE,4YR,TRUE,70000,125000,-0.44,RHP
1885,,"Greenwalt, Keaton",423,2019,20,600,FALSE,4YR,TRUE,75000,125000,-0.4,OF
1886,,"Liebelt, Jared",488,2019,20,602,FALSE,4YR,TRUE,5000,125000,-0.96,RHP
1887,,"Dunn, Jack",559,2019,20,603,FALSE,4YR,TRUE,10000,125000,-0.92,SS
1888,,"Snider, Jake",421,2019,20,604,FALSE,4YR,TRUE,125000,125000,0,OF
1889,,"Mardueno, Adrian",685,2019,20,605,FALSE,4YR,TRUE,75000,125000,-0.4,RHP
1890,,"Marlowe, Cade",884,2019,20,606,FALSE,4YR,TRUE,5000,125000,-0.96,OF
1891,,"Williams, Peyton",127,2019,20,607,FALSE,4YR,TRUE,125000,125000,0,RHP
1892,,"Shepherd, Cam",292,2019,20,608,FALSE,4YR,FALSE,0,125000,0,SS
1893,,"Torrealba, Yorvis",772,2019,20,609,FALSE,4YR,TRUE,100000,125000,-0.2,OF
1894,,"Enright, Nic",858,2019,20,610,FALSE,4YR,TRUE,75000,125000,-0.4,RHP
1895,,"Plunkett, Zack",36,2019,20,611,FALSE,4YR,TRUE,0,125000,0,RHP
1896,,"Hill, Darius",888,2019,20,612,FALSE,4YR,TRUE,5000,125000,-0.96,OF
1897,,"Weisenburger, Jack",471,2019,20,614,FALSE,4YR,TRUE,50000,125000,-0.6,RHP
1898,,"Palmer, Alex",697,2019,20,616,FALSE,4YR,TRUE,80000,125000,-0.36,RHP
1899,,"Welk, Toby",606,2019,21,618,FALSE,4YR,TRUE,1000,125000,-0.992,3B
1900,,"Solesky, Chase",802,2019,21,620,FALSE,4YR,TRUE,125000,125000,0,RHP
1901,,"McKeon, Scott",163,2019,21,622,FALSE,4YR,FALSE,0,125000,0,SS
1902,,"Stronach, Jack",815,2019,21,623,FALSE,4YR,TRUE,100000,125000,-0.2,3B
1903,,"Fehmel, Bryce",589,2019,21,626,FALSE,4YR,TRUE,2000,125000,-0.984,RHP
1904,,"Caracci, Parker",584,2019,21,627,FALSE,4YR,TRUE,100000,125000,-0.2,RHP
1905,,"Fryman, Branden",683,2019,21,628,FALSE,4YR,TRUE,90000,125000,-0.28,SS
1906,,"Blake, Andrew",523,2019,21,631,FALSE,4YR,TRUE,125000,125000,0,RHP
1907,,"Lacaze, Dustin",1,2019,21,632,FALSE,4YR,TRUE,25000,125000,-0.8,RHP
1908,,"Strohschein, Kevin",777,2019,21,633,FALSE,4YR,TRUE,10000,125000,-0.92,1B
1909,,"Roth, Alex",896,2019,21,634,FALSE,4YR,TRUE,100000,125000,-0.2,RHP
1910,,"Owen, Jack",43,2019,21,635,FALSE,4YR,FALSE,0,125000,0,LHP
1911,,"Martin, Reeves",533,2019,21,636,FALSE,4YR,TRUE,50000,125000,-0.6,RHP
1912,,"Valdes, Javier",261,2019,21,637,FALSE,4YR,TRUE,0,125000,0,C
1913,,"Jones, Stephen",683,2019,21,639,FALSE,4YR,TRUE,3000,125000,-0.976,RHP
1914,,"Amditis, Michael",469,2019,21,640,FALSE,4YR,TRUE,110000,125000,-0.12,C
1915,,"Maldonado, Nelson",265,2019,21,642,FALSE,4YR,TRUE,5000,125000,-0.96,OF
1916,,"Tavarez, Eddy",,2019,21,643,FALSE,4YR,TRUE,5000,125000,-0.96,RHP
1917,,"Selman, Shane",457,2019,21,644,FALSE,4YR,TRUE,1000,125000,-0.992,OF
1918,,"Kohn, Zach",137,2019,21,645,FALSE,4YR,TRUE,125000,125000,0,RHP
1919,,"Vainer, Davis",8,2019,21,646,FALSE,4YR,FALSE,0,125000,0,RHP
1920,,"Spacke, Dylan",416,2019,21,647,FALSE,4YR,TRUE,75000,125000,-0.4,RHP
1921,,"Lyons, Jake",581,2019,22,648,FALSE,4YR,TRUE,125000,125000,0,RHP
1922,,"Means, Jake",351,2019,22,649,FALSE,4YR,TRUE,5000,125000,-0.96,3B
1923,,"Paiva, Codie",414,2019,22,651,FALSE,4YR,TRUE,2500,125000,-0.98,RHP
1924,,"Zabowski, Cole",584,2019,22,652,FALSE,4YR,TRUE,125000,125000,0,1B
1925,,"Warren, Cameron",786,2019,22,654,FALSE,4YR,TRUE,5000,125000,-0.96,1B
1926,,"Williams, Javeyan",725,2019,22,656,FALSE,4YR,TRUE,0,125000,0,OF
1927,,"Fraze, Nick",785,2019,22,657,FALSE,4YR,TRUE,80000,125000,-0.36,RHP
1928,,"Reyes, Rogelio",114,2019,22,659,FALSE,4YR,TRUE,50000,125000,-0.6,RHP
1929,,"Maxwell, Tucker",292,2019,22,660,FALSE,4YR,TRUE,75000,125000,-0.4,OF
1930,,"McCullough, Morgan",8,2019,22,661,FALSE,4YR,TRUE,125000,125000,0,SS
1931,,"Alvarez, Andres",872,2019,22,664,FALSE,4YR,TRUE,2000,125000,-0.984,SS
1932,,"Tingelstad, Trent",820,2019,22,666,FALSE,4YR,TRUE,90000,125000,-0.28,OF
1933,,"Segal, Alex",906,2019,22,667,FALSE,4YR,TRUE,125000,125000,0,LHP
1934,,"Del Bonta-Smith, Fineas",688,2019,22,669,FALSE,4YR,TRUE,0,125000,0,RHP
1935,,"Pinorini, Austin",299,2019,22,670,FALSE,4YR,TRUE,5000,125000,-0.96,C
1936,,"Titus, Jimmy",97,2019,22,671,FALSE,4YR,TRUE,125000,125000,0,SS
1937,,"Cushing, Jack",291,2019,22,674,FALSE,4YR,TRUE,1000,125000,-0.992,RHP
1938,,"Barry, Shea",811,2019,22,676,FALSE,4YR,TRUE,75000,125000,-0.4,RHP
1939,,"D'Alessandro, Dominic",290,2019,22,677,FALSE,4YR,TRUE,10000,125000,-0.92,1B
1940,,"Fontana, Shayne",427,2019,23,678,FALSE,4YR,TRUE,1000,125000,-0.992,OF
1941,,"Anderson, Elliott",43,2019,23,679,FALSE,4YR,TRUE,100000,125000,-0.2,LHP
1942,,"Milto, Pauly",349,2019,23,680,FALSE,4YR,TRUE,2500,125000,-0.98,RHP
1943,,"Ready, Nic",6,2019,23,681,FALSE,4YR,TRUE,2500,125000,-0.98,3B
1944,,"Dey, Griffin",938,2019,23,682,FALSE,4YR,TRUE,1500,125000,-0.988,1B
1945,,"Keys, JC",722,2019,23,684,FALSE,4YR,TRUE,5000,125000,-0.96,RHP
1946,,"Rashi, Taylor",808,2019,23,686,FALSE,4YR,TRUE,2000,125000,-0.984,RHP
1947,,"MacDonald, Nick",261,2019,23,688,FALSE,4YR,TRUE,125000,125000,0,RHP
1948,,"Swain, Matthew",,2019,23,689,FALSE,4YR,TRUE,1000,125000,-0.992,RHP
1949,,"Iser, Herbert",195,2019,23,690,FALSE,4YR,TRUE,50000,125000,-0.6,C
1950,,"Ware, Brylie",580,2019,23,695,FALSE,4YR,TRUE,3000,125000,-0.976,3B
1951,,"Ricca, Caleb",561,2019,23,696,FALSE,4YR,TRUE,80000,125000,-0.36,SS
1952,,"Campbell, Drew",421,2019,23,697,FALSE,4YR,TRUE,0,125000,0,OF
1953,,"Murray, Jayden",,2019,23,698,FALSE,4YR,TRUE,3000,125000,-0.976,RHP
1954,,"Calvo, Blair",264,2019,23,699,FALSE,4YR,TRUE,3000,125000,-0.976,RHP
1955,,"Fidel, Chandler",412,2019,23,700,FALSE,4YR,TRUE,75000,125000,-0.4,LHP
1956,,"Watson, Cyrillo",345,2019,23,701,FALSE,4YR,TRUE,125000,125000,0,RHP
1957,,"Wahl, Austin",110,2019,23,704,FALSE,4YR,TRUE,1000,125000,-0.992,RHP
1958,,"Minnick, Matt",465,2019,23,705,FALSE,4YR,TRUE,10000,125000,-0.92,LHP
1959,,"Biermann, Zach",163,2019,23,706,FALSE,4YR,TRUE,1000,125000,-0.992,1B
1960,,"Martinez, Andrew",811,2019,24,708,FALSE,4YR,TRUE,115000,125000,-0.08,SS
1961,,"Smith, Alex",461,2019,24,709,FALSE,4YR,TRUE,5000,125000,-0.96,LHP
1962,,"Goldfarb, Jakob",588,2019,24,710,FALSE,4YR,TRUE,2500,125000,-0.98,C
1963,,"Lindgren, Jeff",347,2019,24,711,FALSE,4YR,TRUE,2500,125000,-0.98,RHP
1964,,"Bienlien, Michael",523,2019,24,712,FALSE,4YR,TRUE,125000,125000,0,RHP
1965,,"Sefcik, Quinten",345,2019,24,714,FALSE,4YR,TRUE,5000,125000,-0.96,RHP
1966,,"Lumbert, Evan",258,2019,24,716,FALSE,4YR,TRUE,2000,125000,-0.984,RHP
1967,,"Horwitz, Spencer",634,2019,24,717,FALSE,4YR,TRUE,100000,125000,-0.2,1B
1968,,"Jensen, Trevor",802,2019,24,719,FALSE,4YR,TRUE,1000,125000,-0.992,1B
1969,,"Kelso, Shane",578,2019,24,721,FALSE,4YR,TRUE,10000,125000,-0.92,RHP
1970,,"Alu, Jake",87,2019,24,723,FALSE,4YR,TRUE,10000,125000,-0.92,3B
1971,,"McGough, Trey",509,2019,24,724,FALSE,4YR,TRUE,100000,125000,-0.2,LHP
1972,,"Guay, Will",175,2019,24,725,FALSE,4YR,TRUE,3000,125000,-0.976,RHP
1973,,"Rollings, Kipp",549,2019,24,726,FALSE,4YR,TRUE,10000,125000,-0.92,RHP
1974,,"Ball, Bryce",195,2019,24,727,FALSE,4YR,TRUE,197500,125000,0.58,1B
1975,,"Kinamon, Duke",753,2019,24,728,FALSE,4YR,TRUE,40000,125000,-0.68,SS
1976,,"Spicer, Jordan",813,2019,24,729,FALSE,4YR,TRUE,3000,125000,-0.976,RHP
1977,,"Byrd, Grayson",160,2019,24,732,FALSE,4YR,TRUE,5000,125000,-0.96,IF
1978,,"Kubo, Trayson",697,2019,24,734,FALSE,4YR,TRUE,1000,125000,-0.992,RHP
1979,,"Pries, Jake",815,2019,24,735,FALSE,4YR,TRUE,7500,125000,-0.94,OF
1980,,"Pavlica, Preston",302,2019,24,736,FALSE,4YR,TRUE,1000,125000,-0.992,OF
1981,,"Miller, Dean",809,2019,24,737,FALSE,4YR,TRUE,5000,125000,-0.96,OF
1982,,"Farmer, Garrett",357,2019,25,738,FALSE,4YR,TRUE,35000,125000,-0.72,RHP
1983,,"Broughton, Josh",849,2019,25,739,FALSE,4YR,TRUE,5000,125000,-0.96,3B
1984,,"Butler, Hansen",543,2019,25,740,FALSE,4YR,TRUE,2500,125000,-0.98,RHP
1985,,"Strunc, Jack",186,2019,25,741,FALSE,4YR,TRUE,2500,125000,-0.98,SS
1986,,"Coburn, Josh",370,2019,25,742,FALSE,4YR,TRUE,100000,125000,-0.2,LHP
1987,,"Hadley, Nate",815,2019,25,749,FALSE,4YR,TRUE,1000,125000,-0.992,RHP
1988,,"Sara, Jamie",910,2019,25,750,FALSE,4YR,TRUE,40000,125000,-0.68,RHP
1989,,"Mulrine, Anthony",683,2019,25,751,FALSE,4YR,TRUE,125000,125000,0,C
1990,,"Maxwell, Carson",457,2019,25,752,FALSE,4YR,TRUE,2500,125000,-0.98,3B
1991,,"Quinn, Parker",331,2019,25,753,FALSE,4YR,TRUE,10000,125000,-0.92,1B
1992,,"Goforth, Ethan",125,2019,25,754,FALSE,4YR,TRUE,60000,125000,-0.52,C
1993,,"Villarreal, Fred",337,2019,25,756,FALSE,4YR,TRUE,75000,125000,-0.4,RHP
1994,,"Hiott, Garrett",232,2019,25,758,FALSE,4YR,TRUE,3000,125000,-0.976,OF
1995,,"James, Keegan",488,2019,25,759,FALSE,4YR,TRUE,70000,125000,-0.44,RHP
1996,,"Mock, Eric",601,2019,25,760,FALSE,4YR,TRUE,50000,125000,-0.6,RHP
1997,,"DeLuca, Jonny",588,2019,25,761,FALSE,4YR,TRUE,0,125000,0,OF
1998,,"Taylor, Zac",345,2019,25,762,FALSE,4YR,TRUE,1000,125000,-0.992,OF
1999,,"Wirchansky, Dan",594,2019,25,763,FALSE,4YR,FALSE,0,125000,0,LHP
2000,,"Duvall, Ty",852,2019,25,764,FALSE,4YR,FALSE,0,125000,0,C
2001,,"Reese, E.P.",918,2019,25,766,FALSE,4YR,TRUE,25000,125000,-0.8,OF
2002,,"Roth, Nick",708,2019,26,768,FALSE,4YR,TRUE,1000,125000,-0.992,RHP
2003,,"Charleston, Jay",776,2019,26,769,FALSE,4YR,TRUE,125000,125000,0,2B
2004,,"Friedman, Justin",335,2019,26,770,FALSE,4YR,TRUE,2500,125000,-0.98,RHP
2005,,"McIlwain, Brandon",114,2019,26,771,FALSE,4YR,FALSE,0,125000,0,OF
2006,,"White, Brendan",702,2019,26,772,FALSE,4YR,TRUE,50000,125000,-0.6,RHP
2007,,"McAfee, Quincy",607,2019,26,774,FALSE,4YR,TRUE,75000,125000,-0.4,SS
2008,,"Avila, Nick",416,2019,26,776,FALSE,4YR,TRUE,50000,125000,-0.6,RHP
2009,,"Senger, Mitchell",756,2019,26,778,FALSE,4YR,TRUE,25000,125000,-0.8,LHP
2010,,"Hearn, Hunter",682,2019,26,780,FALSE,4YR,TRUE,5000,125000,-0.96,OF
2011,,"Molnar, Kyle",815,2019,26,781,FALSE,4YR,TRUE,122500,125000,-0.02,RHP
2012,,"Hart, Dupree",167,2019,26,783,FALSE,4YR,FALSE,0,125000,0,2B
2013,,"Troutman, Ryan",390,2019,26,784,FALSE,4YR,TRUE,2000,125000,-0.984,RHP
2014,,"Randolph, Jeremy",8,2019,26,785,FALSE,4YR,TRUE,3000,125000,-0.976,RHP
2015,,"Westberg, Garrett",813,2019,26,786,FALSE,4YR,TRUE,5000,125000,-0.96,RHP
2016,,"King, Riley",292,2019,26,787,FALSE,4YR,FALSE,0,125000,0,3B
2017,,"Peto, Robbie",756,2019,26,788,FALSE,4YR,FALSE,0,125000,0,RHP
2018,,"Chevalier, Luke",555,2019,26,789,FALSE,4YR,TRUE,2500,125000,-0.98,RHP
2019,,"Mixon, Mark",469,2019,26,791,FALSE,4YR,TRUE,125000,125000,0,RHP
2020,,"Olson, Jacob",710,2019,26,792,FALSE,4YR,TRUE,1000,125000,-0.992,IF
2021,,"Humphreys, Zach",775,2019,26,793,FALSE,4YR,FALSE,0,125000,0,C
2022,,"Peralta, Elvis",440,2019,26,794,FALSE,4YR,TRUE,50000,125000,-0.6,SS
2023,,"Casey, Chandler",423,2019,26,796,FALSE,4YR,TRUE,1000,125000,-0.992,RHP
2024,,"Walter, Brandon",204,2019,26,797,FALSE,4YR,TRUE,35000,125000,-0.72,LHP
2025,,"McCollough, Dillon",232,2019,27,798,FALSE,4YR,TRUE,1000,125000,-0.992,LHP
2026,,"Phillips, Zack",584,2019,27,799,FALSE,4YR,TRUE,125000,125000,0,LHP
2027,,"Osik, Tyler",813,2019,27,800,FALSE,4YR,TRUE,2500,125000,-0.98,1B
2028,,"Combs, Casey",223,2019,27,801,FALSE,4YR,TRUE,2500,125000,-0.98,C
2029,,"Brieske, Beau",189,2019,27,802,FALSE,4YR,TRUE,75000,125000,-0.4,RHP
2030,,"Malone, Tyler",589,2019,27,803,FALSE,4YR,TRUE,125000,125000,0,C
2031,,"Gill, Matt",87,2019,27,804,FALSE,4YR,TRUE,40000,125000,-0.68,RHP
2032,,"Cole, Mason",782,2019,27,805,FALSE,4YR,TRUE,85000,125000,-0.32,RHP
2033,,"Garcia, Roel",643,2019,27,807,FALSE,4YR,FALSE,0,125000,0,RHP
2034,,"Phillips, Parker",51,2019,27,809,FALSE,4YR,TRUE,5000,125000,-0.96,1B
2035,,"Adams, Tyler",350,2019,27,810,FALSE,4YR,TRUE,65000,125000,-0.48,LHP
2036,,"Yovan, Kenyon",588,2019,27,811,FALSE,4YR,FALSE,0,125000,0,RHP
2037,,"McMinn, Josh",587,2019,27,812,FALSE,4YR,TRUE,2500,125000,-0.98,RHP
2038,,"Hubbard, Jaylen",785,2019,27,813,FALSE,4YR,TRUE,10000,125000,-0.92,3B
2039,,"Abernathy, Samson",595,2019,27,814,FALSE,4YR,TRUE,2000,125000,-0.984,RHP
2040,,"Lex, Eric",689,2019,27,815,FALSE,4YR,TRUE,3000,125000,-0.976,RHP
2041,,"Minich, Brock",567,2019,27,816,FALSE,4YR,TRUE,5000,125000,-0.96,RHP
2042,,"Diaz, Indigo",472,2019,27,817,FALSE,4YR,TRUE,0,125000,0,RHP
2043,,"Enck, Cameron",655,2019,27,819,FALSE,4YR,TRUE,2500,125000,-0.98,RHP
2044,,"Brahms, Parker",663,2019,27,821,FALSE,4YR,FALSE,0,125000,0,RHP
2045,,"Ueckert, Cayne",457,2019,27,822,FALSE,4YR,TRUE,5000,125000,-0.96,RHP
2046,,"MacDonald, Kyle",37,2019,27,825,FALSE,4YR,TRUE,5000,125000,-0.96,1B
2047,,"Roedahl, Devon",337,2019,27,827,FALSE,4YR,TRUE,25000,125000,-0.8,RHP
2048,,"Pendergast, Jonathan",607,2019,28,828,FALSE,4YR,TRUE,1000,125000,-0.992,RHP
2049,,"Hampton, Lorenzo",261,2019,28,831,FALSE,4YR,TRUE,2500,125000,-0.98,OF
2050,,"Perry, Connor",614,2019,28,832,FALSE,4YR,TRUE,1500,125000,-0.988,OF
2051,,"Hoover, Jake",328,2019,28,835,FALSE,4YR,TRUE,50000,125000,-0.6,SS
2052,,"Ortega, Jake",188,2019,28,838,FALSE,4YR,TRUE,5000,125000,-0.96,C
2053,,"Hull, Denson",186,2019,28,842,FALSE,4YR,TRUE,2500,125000,-0.98,LHP
2054,,"Bocko, Jordan",808,2019,28,843,FALSE,4YR,TRUE,0,125000,0,RHP
2055,,"Bellomy, Bear",936,2019,28,844,FALSE,4YR,TRUE,2000,125000,-0.984,RHP
2056,,"Peck, Tyler",142,2019,28,845,FALSE,4YR,TRUE,3000,125000,-0.976,RHP
2057,,"Lepre, Anthony",,2019,28,846,FALSE,4YR,TRUE,5000,125000,-0.96,C
2058,,"Alexander, Hill",423,2019,28,848,FALSE,4YR,TRUE,3000,125000,-0.976,OF
2059,,"Pimentel, Keven",772,2019,28,849,FALSE,4YR,TRUE,2500,125000,-0.98,RHP
2060,,"Brito, Serafino",660,2019,28,850,FALSE,4YR,TRUE,5000,125000,-0.96,RHP
2061,,"Kachmar, Chris",411,2019,28,852,FALSE,4YR,TRUE,1000,125000,-0.992,RHP
2062,,"Nnebe, Andre",689,2019,28,853,FALSE,4YR,TRUE,0,125000,0,OF
2063,,"Jensen, Wil",607,2019,28,854,FALSE,4YR,FALSE,0,125000,0,RHP
2064,,"Giacone, Michael",549,2019,28,855,FALSE,4YR,TRUE,75000,125000,-0.4,LHP
2065,,"Arias, Bryan",846,2019,28,856,FALSE,4YR,TRUE,1000,125000,-0.992,2B
2066,,"Bakst, Daniel",753,2019,28,857,FALSE,4YR,TRUE,75000,125000,-0.4,SS
2067,,"Roth, Houston",584,2019,29,858,FALSE,4YR,TRUE,150000,125000,0.2,RHP
2068,,"Roper, Kaleb",802,2019,29,860,FALSE,4YR,TRUE,2500,125000,-0.98,RHP
2069,,"Baker, John",56,2019,29,861,FALSE,4YR,FALSE,0,125000,0,RHP
2070,,"Cary, Elliott",,2019,29,862,FALSE,4YR,TRUE,1500,125000,-0.988,OF
2071,,"Crawford, Brooks",160,2019,29,866,FALSE,4YR,TRUE,2000,125000,-0.984,RHP
2072,,"Struble, LT",256,2019,29,868,FALSE,4YR,TRUE,1000,125000,-0.992,OF
2073,,"Isola, Alex",775,2019,29,869,FALSE,4YR,TRUE,70000,125000,-0.44,C
2074,,"Woods, Matthew",658,2019,29,871,FALSE,4YR,TRUE,0,125000,0,OF
2075,,"Poulin, Tyler",633,2019,29,872,FALSE,4YR,TRUE,2500,125000,-0.98,RHP
2076,,"Gilbert, Marshall",488,2019,29,874,FALSE,4YR,TRUE,2000,125000,-0.984,C
2077,,"Politz, Scott",938,2019,29,875,FALSE,4YR,TRUE,3000,125000,-0.976,RHP
2078,,"Jones, Utah",549,2019,29,876,FALSE,4YR,TRUE,5000,125000,-0.96,SS
2079,,"Acuna, James",588,2019,29,877,FALSE,4YR,TRUE,0,125000,0,RHP
2080,,"Simpson, Colin",581,2019,29,879,FALSE,4YR,TRUE,2500,125000,-0.98,C
2081,,"Ocker, Nathan",167,2019,29,880,FALSE,4YR,TRUE,5000,125000,-0.96,RHP
2082,,"Washer, Jake",220,2019,29,882,FALSE,4YR,TRUE,0,125000,0,C
2083,,"Urbaez, Jackie",,2019,29,883,FALSE,4YR,TRUE,2000,125000,-0.984,2B
2084,,"Woodworth, Michael",816,2019,29,884,FALSE,4YR,TRUE,1000,125000,-0.992,2B
2085,,"Illig, Chase",888,2019,29,885,FALSE,4YR,TRUE,5000,125000,-0.96,C
2086,,"Drennan, Whit",655,2019,29,886,FALSE,4YR,TRUE,1000,125000,-0.992,LHP
2087,,"Bandy, Luke",195,2019,29,887,FALSE,4YR,TRUE,75000,125000,-0.4,OF
2088,,"Stambaugh, Dalton",505,2019,30,888,FALSE,4YR,TRUE,50000,125000,-0.6,LHP
2089,,"Govern, Jimmy",227,2019,30,889,FALSE,4YR,TRUE,5000,125000,-0.96,2B
2090,,"Millwee, Daniel",326,2019,30,890,FALSE,4YR,TRUE,2500,125000,-0.98,C
2091,,"Steele, Joey",687,2019,30,891,FALSE,4YR,TRUE,2500,125000,-0.98,RHP
2092,,"Reyes, Ripken",684,2019,30,893,FALSE,4YR,TRUE,5000,125000,-0.96,2B
2093,,"Crump, Justin",829,2019,30,896,FALSE,4YR,TRUE,75000,125000,-0.4,RHP
2094,,"Lasko, Justin",24,2019,30,898,FALSE,4YR,TRUE,1000,125000,-0.992,RHP
2095,,"Beck, Tyler",772,2019,30,899,FALSE,4YR,TRUE,1000,125000,-0.992,RHP
2096,,"Bash, Andrew",116,2019,30,901,FALSE,4YR,TRUE,0,125000,0,RHP
2097,,"Stainbrook, Troy",79,2019,30,903,FALSE,4YR,TRUE,10000,125000,-0.92,LHP
2098,,"Dulle, Cameron",490,2019,30,905,FALSE,4YR,TRUE,3000,125000,-0.976,RHP
2099,,"Grosse, Cody",714,2019,30,906,FALSE,4YR,TRUE,5000,125000,-0.96,SS
2100,,"Calandra, Mitch",232,2019,30,907,FALSE,4YR,TRUE,5000,125000,-0.96,C
2101,,"Achtermann, Alex",613,2019,30,909,FALSE,4YR,TRUE,2000,125000,-0.984,OF
2102,,"King, Bryan",457,2019,30,912,FALSE,4YR,TRUE,1000,125000,-0.992,LHP
2103,,"Long, Peyton",,2019,30,913,FALSE,4YR,TRUE,75000,125000,-0.4,RHP
2104,,"Baram, Edward",4,2019,30,914,FALSE,4YR,TRUE,1000,125000,-0.992,RHP
2105,,"Horrell, Michael",120,2019,30,916,FALSE,4YR,TRUE,1000,125000,-0.992,RHP
2106,,"Prizina, Jake",693,2019,31,918,FALSE,4YR,TRUE,1000,125000,-0.992,LHP
2107,,"Filia, Mikey",808,2019,31,919,FALSE,4YR,TRUE,5000,125000,-0.96,OF
2108,,"Reich, Connor",785,2019,31,920,FALSE,4YR,TRUE,2500,125000,-0.98,RHP
2109,,"Tassin, Bryce",714,2019,31,922,FALSE,4YR,TRUE,50000,125000,-0.6,RHP
2110,,"Gomez, Justin",53,2019,31,924,FALSE,4YR,TRUE,5000,125000,-0.96,C
2111,,"Wyatt, Tyler",302,2019,31,926,FALSE,4YR,TRUE,2000,125000,-0.984,RHP
2112,,"Sanderson, Blake",262,2019,31,927,FALSE,4YR,TRUE,1000,125000,-0.992,RHP
2113,,"Edwards, Andrew",532,2019,31,928,FALSE,4YR,TRUE,50000,125000,-0.6,LHP
2114,,"Smith, Max",832,2019,31,929,FALSE,4YR,TRUE,1000,125000,-0.992,OF
2115,,"Stover, Brady",711,2019,31,933,FALSE,4YR,FALSE,0,125000,0,LHP
2116,,"Bissonette, Josh",62,2019,31,934,FALSE,4YR,TRUE,2000,125000,-0.984,2B
2117,,"Pearce, Dylan",589,2019,31,935,FALSE,4YR,TRUE,3000,125000,-0.976,RHP
2118,,"Leban, Greg",51,2019,31,937,FALSE,4YR,TRUE,5000,125000,-0.96,RHP
2119,,"Janczak, Jared",775,2019,31,940,FALSE,4YR,TRUE,5000,125000,-0.96,RHP
2120,,"Combs, Shane",565,2019,31,942,FALSE,4YR,TRUE,50000,125000,-0.6,RHP
2121,,"Koehler, Matthew",891,2019,31,944,FALSE,4YR,TRUE,1000,125000,-0.992,OF
2122,,"Plumlee, Peyton",488,2019,31,946,FALSE,4YR,TRUE,1000,125000,-0.992,RHP
2123,,"Franks, Feleipe",265,2019,31,947,FALSE,4YR,TRUE,0,125000,0,RHP
2124,,"Yett, Harris",145,2019,32,948,FALSE,4YR,TRUE,1000,125000,-0.992,C
2125,,"Garza, Saul",422,2019,32,949,FALSE,4YR,FALSE,0,125000,0,C
2126,,"Allen, Jonathan",687,2019,32,950,FALSE,4YR,TRUE,2500,125000,-0.98,OF
2127,,"Simpson, Josh",173,2019,32,951,FALSE,4YR,TRUE,25000,125000,-0.8,LHP
2128,,"Dellinger, Jack",858,2019,32,952,FALSE,4YR,TRUE,60000,125000,-0.52,RHP
2129,,"Reynolds, Jason",397,2019,32,953,FALSE,4YR,TRUE,50000,125000,-0.6,RHP
2130,,"Serreino, Dan",658,2019,32,954,FALSE,4YR,TRUE,5000,125000,-0.96,RHP
2131,,"Gordon, Cole",488,2019,32,958,FALSE,4YR,TRUE,1000,125000,-0.992,RHP
2132,,"Walter, Chase",891,2019,32,961,FALSE,4YR,FALSE,0,125000,0,RHP
2133,,"Waddell, Luke",295,2019,32,962,FALSE,4YR,FALSE,0,125000,0,3B
2134,,"Beasley, Dylan",73,2019,32,963,FALSE,4YR,TRUE,50000,125000,-0.6,RHP
2135,,"Wright, Jake",163,2019,32,964,FALSE,4YR,TRUE,125000,125000,0,OF
2136,,"Redmond, Chandler",286,2019,32,965,FALSE,4YR,TRUE,3000,125000,-0.976,2B
2137,,"Birdsong, Cody",632,2019,32,967,FALSE,4YR,TRUE,0,125000,0,2B
2138,,"Misiaszek, Andrew",551,2019,32,970,FALSE,4YR,TRUE,5000,125000,-0.96,LHP
2139,,"Sinatro, Danny",872,2019,32,971,FALSE,4YR,TRUE,100000,125000,-0.2,OF
2140,,"Windham, Bryce",582,2019,32,972,FALSE,4YR,TRUE,1000,125000,-0.992,2B
2141,,"Bechina, Marty",472,2019,32,974,FALSE,4YR,TRUE,1000,125000,-0.992,2B
2142,,"Carvajal, Oscar",280,2019,32,976,FALSE,4YR,FALSE,0,125000,0,RHP
2143,,"Lewis, Craig",695,2019,33,978,FALSE,4YR,TRUE,70000,125000,-0.44,OF
2144,,"Smith, Patrick",627,2019,33,979,FALSE,4YR,TRUE,5000,125000,-0.96,LHP
2145,,"Jeans, Trey",820,2019,33,980,FALSE,4YR,TRUE,2500,125000,-0.98,LHP
2146,,"Owings, Zachary",229,2019,33,981,FALSE,4YR,TRUE,50000,125000,-0.6,1B
2147,,"Kerr, Jimmy",471,2019,33,982,FALSE,4YR,TRUE,1500,125000,-0.988,3B
2148,,"Mraz, Spencer",470,2019,33,985,FALSE,4YR,TRUE,70000,125000,-0.44,RHP
2149,,"Dempsey, Nolan",280,2019,33,986,FALSE,4YR,TRUE,2500,125000,-0.98,2B
2150,,"Kleszcz, Cole",53,2019,33,988,FALSE,4YR,TRUE,100000,125000,-0.2,OF
2151,,"Schmidt, Kyle",644,2019,33,989,FALSE,4YR,TRUE,1000,125000,-0.992,C
2152,,"Kunz, Justin",286,2019,33,991,FALSE,4YR,TRUE,0,125000,0,C
2153,,"Bayless, Jarod",195,2019,33,996,FALSE,4YR,TRUE,5000,125000,-0.96,RHP
2154,,"Yeager, Justin",719,2019,33,997,FALSE,4YR,TRUE,137500,125000,0.1,RHP
2155,,"Coleman, Carson",372,2019,33,998,FALSE,4YR,FALSE,0,125000,0,RHP
2156,,"Coulter, Kevin",462,2019,33,1000,FALSE,4YR,TRUE,5000,125000,-0.96,RHP
2157,,"Hall, Charles",803,2019,33,1004,FALSE,4YR,TRUE,1000,125000,-0.992,RHP
2158,,"Thomas, Thayer",523,2019,33,1007,FALSE,4YR,FALSE,0,125000,0,OF
2159,,"Love, Brock",8,2019,34,1011,FALSE,4YR,TRUE,90000,125000,-0.28,RHP
2160,,"Kessler, Sam",888,2019,34,1012,FALSE,4YR,TRUE,50000,125000,-0.6,RHP
2161,,"Shinn, Ryan",372,2019,34,1018,FALSE,4YR,TRUE,1000,125000,-0.992,OF
2162,,"Chapman, Ridge",710,2019,34,1021,FALSE,4YR,TRUE,0,125000,0,RHP
2163,,"Gomez, Anthony",845,2019,34,1023,FALSE,4YR,TRUE,10000,125000,-0.92,2B
2164,,"Shockley, Dylan",,2019,34,1024,FALSE,4YR,TRUE,15000,125000,-0.88,C
2165,,"Baird, Ben",870,2019,34,1025,FALSE,4YR,TRUE,5000,125000,-0.96,SS
2166,,"Carter, Willie",,2019,34,1027,FALSE,4YR,TRUE,20000,125000,-0.84,OF
2167,,"Bach, Carter",864,2019,34,1028,FALSE,4YR,TRUE,30000,125000,-0.76,LHP
2168,,"Allen, Tanner",488,2019,34,1029,FALSE,4YR,FALSE,0,125000,0,1B
2169,,"Wisely, Alec",712,2019,34,1030,FALSE,4YR,TRUE,5000,125000,-0.96,RHP
2170,,"Shapiro, Josh",440,2019,34,1033,FALSE,4YR,TRUE,3000,125000,-0.976,LHP
2171,,"Nambiar, Kumar",938,2019,34,1034,FALSE,4YR,TRUE,1000,125000,-0.992,LHP
2172,,"Lancellotti, Joey",543,2019,34,1035,FALSE,4YR,FALSE,0,125000,0,RHP
2173,,"Lee, AJ",446,2019,34,1036,FALSE,4YR,TRUE,1000,125000,-0.992,SS
2174,,"Berardino, Ryan",71,2019,34,1037,FALSE,4YR,FALSE,0,125000,0,1B
2175,,"Dipoto, Jonah",810,2019,35,1039,FALSE,4YR,TRUE,0,125000,0,RHP
2176,,"Klinchock, Robert",698,2019,35,1042,FALSE,4YR,TRUE,1500,125000,-0.988,LHP
2177,,"Collett, Keegan",258,2019,35,1043,FALSE,4YR,TRUE,75000,125000,-0.4,RHP
2178,,"Hunter, Leon",519,2019,35,1045,FALSE,4YR,TRUE,1000,125000,-0.992,RHP
2179,,"Walters, Mitchell",906,2019,35,1058,FALSE,4YR,TRUE,50000,125000,-0.6,RHP
2180,,"Labaut, Randy",31,2019,35,1060,FALSE,4YR,TRUE,50000,125000,-0.6,LHP
2181,,"Washington, Justin",690,2019,35,1061,FALSE,4YR,TRUE,50000,125000,-0.6,OF
2182,,"Rafuse, Zach",835,2019,35,1064,FALSE,4YR,TRUE,1000,125000,-0.992,RHP
2183,,"Mauloni, Christopher",356,2019,35,1067,FALSE,4YR,FALSE,0,125000,0,RHP
2184,,"Kehe, Trevor",171,2019,36,1068,FALSE,4YR,TRUE,10000,125000,-0.92,OF
2185,,"Cronin, Declan",332,2019,36,1070,FALSE,4YR,TRUE,2500,125000,-0.98,RHP
2186,,"Infante, Julian",852,2019,36,1071,FALSE,4YR,TRUE,2500,125000,-0.98,1B
2187,,"Parks, Pavin",371,2019,36,1072,FALSE,4YR,TRUE,1500,125000,-0.988,3B
2188,,"Bradley, Scotty",349,2019,36,1077,FALSE,4YR,TRUE,5000,125000,-0.96,1B
2189,,"Beauchamp, Cam",349,2019,36,1080,FALSE,4YR,TRUE,0,125000,0,LHP
2190,,"Weisz, Keaton",163,2019,36,1081,FALSE,4YR,TRUE,0,125000,0,SS
2191,,"Skeels, Kyle",163,2019,36,1085,FALSE,4YR,TRUE,10000,125000,-0.92,C
2192,,"Smiddy, Shay",421,2019,36,1088,FALSE,4YR,TRUE,35000,125000,-0.72,RHP
2193,,"Kanfer, Matthew",607,2019,36,1091,FALSE,4YR,FALSE,0,125000,0,OF
2194,,"McCarville, Keegan",689,2019,36,1093,FALSE,4YR,TRUE,30000,125000,-0.76,RHP
2195,,"Walkinshaw, Jake",723,2019,36,1094,FALSE,4YR,TRUE,1000,125000,-0.992,RHP
2196,,"Hill, Caleb",537,2019,36,1097,FALSE,4YR,FALSE,0,125000,0,LHP
2197,,"Alston, Garvin",835,2019,37,1100,FALSE,4YR,TRUE,2500,125000,-0.98,LHP
2198,,"Ingram, Kolton",174,2019,37,1102,FALSE,4YR,TRUE,1500,125000,-0.988,LHP
2199,,"Van Blake, Caleb",807,2019,37,1104,FALSE,4YR,TRUE,5000,125000,-0.96,2B
2200,,"Weiss, Cole",208,2019,37,1106,FALSE,4YR,FALSE,0,125000,0,3B
2201,,"McInvale, Andrew",405,2019,37,1107,FALSE,4YR,TRUE,90000,125000,-0.28,RHP
2202,,"Cruz, Trei",643,2019,37,1113,FALSE,4YR,FALSE,0,125000,0,SS
2203,,"Dandeneau, C.J.",816,2019,37,1114,FALSE,4YR,TRUE,2000,125000,-0.984,RHP
2204,,"Barr, Cole",349,2019,37,1116,FALSE,4YR,FALSE,0,125000,0,3B
2205,,"Schwab, Davis",492,2019,37,1117,FALSE,4YR,TRUE,5000,125000,-0.96,LHP
2206,,"Moss, Addison",643,2019,37,1118,FALSE,4YR,TRUE,0,125000,0,RHP
2207,,"Forrester, Jacob",140,2019,37,1120,FALSE,4YR,TRUE,5000,125000,-0.96,RHP
2208,,"McLaughlin, Jaylon",527,2019,37,1122,FALSE,4YR,FALSE,0,125000,0,OF
2209,,"Wheatcroft, Chase",754,2019,37,1124,FALSE,4YR,TRUE,1000,125000,-0.992,RHP
2210,,"Jarvis, Bryce",217,2019,37,1125,FALSE,4YR,FALSE,0,125000,0,RHP
2211,,"Sylk, Augie",717,2019,38,1129,FALSE,4YR,TRUE,0,125000,0,LHP
2212,,"Sloniger, Ryan",601,2019,38,1137,FALSE,4YR,TRUE,1000,125000,-0.992,C
2213,,"Hendrickson, Josh",684,2019,38,1140,FALSE,4YR,TRUE,75000,125000,-0.4,LHP
2214,,"Boyd, Luke",62,2019,38,1141,FALSE,4YR,FALSE,0,125000,0,RHP
2215,,"Mathews, Grant",802,2019,38,1147,FALSE,4YR,FALSE,0,125000,0,OF
2216,,"Armenta, Angelo",685,2019,38,1148,FALSE,4YR,TRUE,1000,125000,-0.992,SS
2217,,"Eissler, Jake",775,2019,38,1150,FALSE,4YR,FALSE,0,125000,0,RHP
2218,,"Ryan, Tyler",595,2019,38,1151,FALSE,4YR,TRUE,5000,125000,-0.96,C
2219,,"Nabholz, Eli",476,2019,38,1153,FALSE,4YR,TRUE,1000,125000,-0.992,RHP
2220,,"Leal, David",420,2019,38,1154,FALSE,4YR,TRUE,1000,125000,-0.992,LHP
2221,,"Correa, J.C.",388,2019,38,1156,FALSE,4YR,FALSE,0,125000,0,SS
2222,,"Archer, Tom",427,2019,39,1160,FALSE,4YR,TRUE,1000,125000,-0.992,2B
2223,,"Justice, Evan",523,2019,39,1161,FALSE,4YR,FALSE,0,125000,0,LHP
2224,,"Hoffman, Dylan",,2019,39,1163,FALSE,4YR,TRUE,5000,125000,-0.96,LHP
2225,,"Bumpass, AJ",152,2019,39,1164,FALSE,4YR,TRUE,5000,125000,-0.96,OF
2226,,"Lanzilli, Chris",864,2019,39,1166,FALSE,4YR,FALSE,0,125000,0,OF
2227,,"Conti, Nick",232,2019,39,1168,FALSE,4YR,TRUE,1000,125000,-0.992,2B
2228,,"Hirabayashi, Jake",815,2019,39,1169,FALSE,4YR,TRUE,1000,125000,-0.992,3B
2229,,"Crowson, Austin",896,2019,39,1170,FALSE,4YR,TRUE,20000,125000,-0.84,LHP
2230,,"Ross, Daniel",476,2019,39,1174,FALSE,4YR,TRUE,2000,125000,-0.984,RHP
2231,,"Hurtubise, Jacob",39,2019,39,1176,FALSE,4YR,FALSE,0,125000,0,OF
2232,,"Gross, Andrew",838,2019,39,1178,FALSE,4YR,TRUE,1000,125000,-0.992,RHP
2233,,"Lee, DJ",644,2019,39,1184,FALSE,4YR,FALSE,0,125000,0,OF
2234,,"Farrell, Jake",551,2019,39,1185,FALSE,4YR,TRUE,5000,125000,-0.96,1B
2235,,"Silva, Nick",429,2019,40,1190,FALSE,4YR,TRUE,1000,125000,-0.992,RHP
2236,,"Mechals, Kade",302,2019,40,1191,FALSE,4YR,FALSE,0,125000,0,RHP
2237,,"Dalatri, Gianluca",543,2019,40,1192,FALSE,4YR,FALSE,0,125000,0,RHP
2238,,"Fallon, Koty",896,2019,40,1193,FALSE,4YR,TRUE,5000,125000,-0.96,RHP
2239,,"Myrick, Tyler",261,2019,40,1195,FALSE,4YR,FALSE,0,125000,0,RHP
2240,,"Friscia, Vito",331,2019,40,1200,FALSE,4YR,TRUE,2500,125000,-0.98,C
2241,,"Dunham, Elijah",349,2019,40,1204,FALSE,4YR,FALSE,0,125000,0,OF
2242,,"Bunnell, Cade",349,2019,40,1207,FALSE,4YR,TRUE,0,125000,0,2B
2243,,"Trevino, Luis",2,2019,40,1208,FALSE,4YR,TRUE,1000,125000,-0.992,C
2244,45025,"Bazzana, Travis",589,2024,1,1,TRUE,4YR JR,TRUE,8950000,10570600,-0.153,2B
2245,47687,"Burns, Chase",864,2024,1,2,TRUE,4YR JR,TRUE,9250000,9785000,-0.055,RHP
2246,40756,"Condon, Charlie",292,2024,1,3,TRUE,4YR JR,TRUE,9250000,9070800,0.02,OF
2247,49000,"Kurtz, Nick",864,2024,1,4,TRUE,4YR JR,TRUE,7000000,8370800,-0.164,1B
2248,36953,"Smith, Hagen",36,2024,1,5,TRUE,4YR JR,TRUE,8000000,7763700,0.03,LHP
2249,40380,"Caglianone, Jac",265,2024,1,6,TRUE,4YR JR,TRUE,7497500,7213800,0.039,1B
2250,49361,"Wetherholt, J.J.",888,2024,1,7,TRUE,4YR JR,TRUE,6900000,6823700,0.011,SS
2251,47694,"Moore, Christian",776,2024,1,8,TRUE,4YR JR,TRUE,4997500,6502800,-0.231,2B
2252,49743,"King, Seaver",864,2024,1,10,TRUE,4YR JR,TRUE,5150000,5953800,-0.135,SS
2253,47384,"Montgomery, Braden",782,2024,1,12,TRUE,4YR JR,TRUE,5000000,5484600,-0.088,OF
2254,40417,"Tibbs Iii, James",267,2024,1,13,TRUE,4YR SR,TRUE,4747500,5272300,-0.1,1B
2255,53873,"Smith, Cam",267,2024,1,14,TRUE,4YR SO,TRUE,5070700,5070700,0,3B
2256,57072,"Cijntje, Jurrangelo",488,2024,1,15,TRUE,4YR SO,TRUE,4880900,4880900,0,SHP
2257,44917,"Benge, Carson",581,2024,1,19,TRUE,4YR JR,TRUE,3997500,4219200,-0.053,OF
2258,39657,"Yesavage, Trey",220,2024,1,20,TRUE,4YR JR,TRUE,4175000,4073400,0.025,RHP
2259,41869,"Culpepper, Kaelen",367,2024,1,21,TRUE,4YR JR,TRUE,3934400,3934400,0,SS
2260,44384,"Honeycutt, Vance",543,2024,1,22,TRUE,4YR JR,TRUE,4000000,3802200,0.052,OF
2261,36574,"Hess, Ben",8,2024,1,26,TRUE,4YR JR,TRUE,2747500,3332900,-0.176,RHP
2262,46384,"Janek, Walker",682,2024,1,28,TRUE,4YR JR,TRUE,3130000,3132500,-0.001,C
2263,60803,"Moore, Malcolm",753,2024,1,30,TRUE,4YR SO,TRUE,3000000,2971300,0.01,C
2264,38576,"Waldschmidt, Ryan",372,2024,1,31,TRUE,4YR JR,TRUE,2904000,2904000,0,OF
2265,48875,"O'Ferrall, Griff",856,2024,1,32,TRUE,4YR JR,TRUE,2697500,2835400,-0.049,SS
2266,42617,"Debarge, Kyle",419,2024,1,33,TRUE,4YR JR,TRUE,2400000,2766100,-0.132,SS
2267,47686,"Burke, Blake",776,2024,1,34,TRUE,4YR JR,TRUE,2100000,2698300,-0.222,1B
2268,41661,"Brecht, Brody",353,2024,1,38,TRUE,4YR JR,TRUE,2700000,2452200,0.101,RHP
2269,38117,"Lomavita, Caleb",114,2024,1,39,TRUE,4YR JR,TRUE,2325000,2395000,-0.029,C
2270,44068,"White, Tommy",422,2024,2,40,TRUE,4YR JR,TRUE,3000000,2332100,0.286,3B
2271,61160,"Thomas, Jared",781,2024,2,42,TRUE,4YR SO,TRUE,2000000,2224700,-0.101,OF
2272,47785,"Cortez, Chris",782,2024,2,45,TRUE,4YR JR,TRUE,1597500,2072800,-0.229,RHP
2273,39610,"Santucci, Jonathan",217,2024,2,46,TRUE,4YR JR,TRUE,2031700,2031700,0,LHP
2274,44051,"Cozart, Jacob",523,2024,2,48,TRUE,4YR JR,TRUE,2050000,1938800,0.057,C
2275,49612,"Tolle, Payton",775,2024,2,50,TRUE,4YR JR,TRUE,2000000,1846400,0.083,LHP
2276,48818,"Cunningham , Bryce",852,2024,2,53,TRUE,4YR JR,TRUE,2297500,1721200,0.335,RHP
2277,38892,"Mathis, Cole",167,2024,2,54,TRUE,4YR JR,TRUE,1681200,1681200,0,1B
2278,41941,"Pitre, Émilien",372,2024,2,58,TRUE,4YR JR,TRUE,1522700,1525200,-0.002,2B
2279,45551,"Stephen, Khal",488,2024,2,59,TRUE,4YR JR,TRUE,1116750,1489000,-0.25,RHP
2280,38799,"Amick, Billy",776,2024,2,60,TRUE,4YR JR,TRUE,1453700,1453700,0,3B
2281,48870,"Anderson, Ethan",856,2024,2,61,TRUE,4YR JR,TRUE,1172500,1418900,-0.174,1B
2282,48823,"Holton, Carter",852,2024,2,62,TRUE,4YR JR,TRUE,1347500,1385000,-0.027,LHP
2283,61078,"Dreiling, Dylan",776,2024,2,65,TRUE,4YR SO,TRUE,1287600,1287600,0,OF
2284,50540,"May, Aiden",589,2024,2,70,TRUE,4YR JR,TRUE,900000,1139100,-0.21,RHP
2285,36576,"Holman, Luke",422,2024,2,71,TRUE,4YR JR,TRUE,997500,1110600,-0.102,RHP
2286,48288,"Jump, Gage",422,2024,2,73,TRUE,4YR SO,TRUE,2000000,1076900,0.857,LHP
2287,39376,"Johnson, Ryan",201,2024,2,74,TRUE,4YR JR,TRUE,1747500,1060300,0.648,RHP
2288,46065,"Kuroda-Grauer, Joshua",660,2024,3,75,TRUE,4YR JR,TRUE,1043900,1043900,0,SS
2289,47684,"Beam, Drew",776,2024,3,76,TRUE,4YR JR,TRUE,1097500,1027700,0.068,RHP
2290,46753,"Messina, Cole",710,2024,3,77,TRUE,4YR JR,TRUE,1011900,1011900,0,C
2291,48292,"Mclain, Nick",32,2024,3,78,TRUE,4YR JR,TRUE,800000,996100,-0.197,OF
2292,47841,"Bazzell, Kevin",786,2024,3,79,TRUE,4YR JR,TRUE,980300,980300,0,C
2293,67614,"Holiday, Brian",581,2024,3,80,TRUE,4YR JR,TRUE,800000,964500,-0.171,RHP
2294,47791,"Prager, Ryan",782,2024,3,81,TRUE,4YR JR,FALSE,0,948600,0,LHP
2295,37228,"Dohm, Nate",488,2024,3,82,TRUE,4YR JR,TRUE,797500,934800,-0.147,RHP
2296,48996,"Hartle, Josh",864,2024,3,83,TRUE,4YR JR,TRUE,850000,920800,-0.077,LHP
2297,36890,"Randall, Josh",684,2024,3,85,TRUE,4YR JR,TRUE,697500,892600,-0.219,RHP
2298,40389,"Neely, Brandon",265,2024,3,86,TRUE,4YR JR,TRUE,700000,878800,-0.203,RHP
2299,44493,"Sirota, Mike",551,2024,3,87,TRUE,4YR JR,TRUE,863300,865800,-0.003,OF
2300,48286,"Hurd, Thatcher",422,2024,3,89,TRUE,4YR JR,TRUE,836400,838900,-0.003,RHP
2301,46409,"Cranton, Hunter",366,2024,3,91,TRUE,4YR 5S,TRUE,50000,812900,-0.938,RHP
2302,69161,"Miller, Gage",8,2024,3,92,TRUE,4YR JR,TRUE,800800,800800,0,3B
2303,52911,"Deberry, Jaron",201,2024,3,93,TRUE,4YR SR,TRUE,25000,788700,-0.968,RHP
2304,42553,"Diaw, Khadim",414,2024,3,96,TRUE,4YR JR,TRUE,597500,759700,-0.214,C
2305,60274,"Overn, Austin",717,2024,3,97,TRUE,4YR SO,TRUE,847500,752500,0.126,OF
2306,49425,"Sinnard, Luke",349,2024,3,99,TRUE,4YR JR,TRUE,735300,737800,-0.003,RHP
2307,44913,"Spikerman, John",580,2024,3,100,TRUE,4YR JR,TRUE,672500,730500,-0.079,OF
2308,48202,"Forcucci, Ryan",810,2024,3,101,TRUE,4YR JR,TRUE,997500,724800,0.376,RHP
2309,45486,"Eagen, Daniel",622,2024,3,102,TRUE,4YR JR,TRUE,650000,717700,-0.094,RHP
2310,44381,"Cook, Casey",543,2024,3,103,TRUE,4YR JR,TRUE,700000,710400,-0.015,OF
2311,38115,"Green Jr., Rodney",114,2024,4,104,TRUE,4YR JR,TRUE,1000000,703400,0.422,OF
2312,70405,"Langevin, LP",419,2024,4,105,TRUE,4YR JR,TRUE,597500,696300,-0.142,RHP
2313,6025,"Wright, Blake",160,2024,4,106,TRUE,4YR SR,TRUE,250000,689600,-0.637,3B
2314,48878,"Saucke, Casey",856,2024,4,107,TRUE,4YR JR,TRUE,847500,682800,0.241,OF
2315,36888,"Kent, Jackson",31,2024,4,108,TRUE,4YR JR,TRUE,625000,676000,-0.075,LHP
2316,36898,"Campos, Ryan",32,2024,4,109,TRUE,4YR JR,TRUE,669300,669300,0,C
2317,38807,"Gordon, Austin",160,2024,4,110,TRUE,4YR JR,TRUE,572500,662900,-0.136,RHP
2318,57558,"Serrano Iii, Eli",523,2024,4,111,TRUE,4YR SO,TRUE,697500,656400,0.063,1B
2319,43287,"Schlesinger, Rafe",469,2024,4,113,TRUE,4YR JR,TRUE,466900,643500,-0.274,LHP
2320,48092,"Massey, Michael",864,2024,4,114,TRUE,4YR JR,TRUE,522500,637200,-0.18,RHP
2321,44924,"Ehrhard, Zach",581,2024,4,115,TRUE,4YR JR,TRUE,500000,630900,-0.207,OF
2322,57079,"Jordan, Dakota",488,2024,4,116,TRUE,4YR SO,TRUE,1997500,624800,2.197,OF
2323,36955,"Stovall, Peyton",36,2024,4,117,TRUE,4YR JR,TRUE,625000,618800,0.01,2B
2324,41875,"Neighbors, Tyson",367,2024,4,118,TRUE,4YR JR,TRUE,600000,612900,-0.021,RHP
2325,43292,"Ziehl, Gage",469,2024,4,119,TRUE,4YR JR,TRUE,637000,606700,0.05,RHP
2326,44089,"Caron, Josh",525,2024,4,121,TRUE,4YR JR,TRUE,594000,594900,-0.002,C
2327,41743,"Trimble, Fenwick",358,2024,4,122,TRUE,4YR JR,TRUE,550000,589000,-0.066,OF
2328,68253,"Dinges, Marco",267,2024,4,123,TRUE,4YR JR,TRUE,500000,583400,-0.143,C
2329,49652,"Knowles, Nate",910,2024,4,124,TRUE,4YR JR,TRUE,397500,577700,-0.312,RHP
2330,37840,"Keys, Sean",98,2024,4,125,TRUE,4YR JR,TRUE,569700,572200,-0.004,3B
2331,40412,"Ferrer, Jaime",267,2024,4,126,TRUE,4YR JR,TRUE,425550,567400,-0.25,OF
2332,37059,"Allsup, Chase",43,2024,4,127,TRUE,4YR JR,TRUE,522500,562000,-0.07,RHP
2333,37952,"Wright, Jakob",105,2024,4,128,TRUE,4YR JR,TRUE,553800,556300,-0.004,LHP
2334,68740,"Hernandez, Herick",469,2024,4,129,TRUE,4YR JR,TRUE,472500,551100,-0.143,LHP
2335,48895,"Demartini, Carson",858,2024,4,130,TRUE,4YR JR,TRUE,542900,545400,-0.005,3B
2336,45785,"Smith, Parker",643,2024,4,131,TRUE,4YR JR,TRUE,447500,541100,-0.173,RHP
2337,49349,"Hagaman, David",888,2024,4,133,TRUE,4YR JR,TRUE,515000,530400,-0.029,RHP
2338,47697,"Tears, Kavares",776,2024,4,134,TRUE,4YR JR,TRUE,525200,525200,0,OF
2339,62937,"Candiotti, Clark",31,2024,4,135,TRUE,4YR 5S,TRUE,80000,520000,-0.846,RHP
2340,49406,"Mitchell, Nick",349,2024,4,136,TRUE,4YR JR,TRUE,467500,515100,-0.092,OF
2341,45038,"Stuhr, Sam",619,2024,5,137,TRUE,4YR SR,TRUE,510000,510000,0,RHP
2342,41722,"Causey, Aj",776,2024,5,138,TRUE,4YR JR,TRUE,477500,505000,-0.054,RHP
2343,30140,"Johnson Jr., Lebarron",781,2024,5,139,TRUE,4YR SR,TRUE,500000,500000,0,RHP
2344,67901,"Antonacci, Sam",163,2024,5,140,TRUE,4YR JR,TRUE,572500,495400,0.156,3B
2345,41639,"Diaz, Randal",351,2024,5,141,TRUE,4YR JR,TRUE,420000,490500,-0.144,SS
2346,46382,"Davis, Braden",580,2024,5,142,TRUE,4YR JR,TRUE,485700,485700,0,LHP
2347,38813,"Taylor, Will",160,2024,5,145,TRUE,4YR JR,TRUE,497500,471400,0.055,OF
2348,49355,"Major, Aidan",888,2024,5,146,TRUE,4YR JR,TRUE,425000,466900,-0.09,RHP
2349,44694,"Penney, Jack",565,2024,5,147,TRUE,4YR JR,TRUE,397500,462300,-0.14,3B
2350,45401,"Christian, Jakob",684,2024,5,149,TRUE,4YR JR,TRUE,397500,453300,-0.123,1B
2351,52342,"Smith, Tristan",160,2024,5,150,TRUE,4YR SO,TRUE,600000,448700,0.337,LHP
2352,48817,"Carter, Greysen",852,2024,5,152,TRUE,4YR JR,TRUE,440100,440100,0,RHP
2353,46396,"Armas, Ari",684,2024,5,153,TRUE,4YR JR,TRUE,375000,435600,-0.139,C
2354,3662,"Beilenson, Charlie",217,2024,5,154,TRUE,4YR GR,TRUE,25000,431400,-0.942,RHP
2355,45640,"Holobetz, John",582,2024,5,156,TRUE,4YR JR,TRUE,322500,422900,-0.237,RHP
2356,45032,"Kmatz, Jacob",589,2024,5,157,TRUE,4YR JR,TRUE,397500,418600,-0.05,RHP
2357,41883,"Wentworth, Jackson",367,2024,5,158,TRUE,4YR JR,TRUE,412100,414600,-0.006,RHP
2358,31277,"Kendle, Caden",808,2024,5,159,TRUE,4YR SR,TRUE,147500,411000,-0.641,OF
2359,37950,"Stafford, Ryan",105,2024,5,160,TRUE,4YR JR,TRUE,404500,407100,-0.006,C
2360,41613,"Mathison, Carter",349,2024,5,162,TRUE,4YR JR,TRUE,447500,399600,0.12,OF
2361,42401,"Hertzler, Cole",405,2024,5,163,TRUE,4YR JR,TRUE,393700,396200,-0.006,RHP
2362,55044,"Foley, Connor",349,2024,5,164,TRUE,4YR SO,TRUE,1000000,392300,1.549,RHP
2363,41726,"Jones, Tanner",782,2024,6,167,TRUE,4YR JR,TRUE,379600,382100,-0.007,RHP
2364,40718,"Eaton, Konner",289,2024,6,168,TRUE,4YR JR,TRUE,378900,378900,0,LHP
2365,23165,"Appel, Jackson",782,2024,6,169,TRUE,4YR 5S,TRUE,122500,375700,-0.674,C
2366,40366,"Garcia, Davian",258,2024,6,170,TRUE,4YR JR,TRUE,425000,372300,0.142,RHP
2367,47960,"Kross, Josh",152,2024,6,171,TRUE,4YR JR,TRUE,369100,369100,0,C
2368,58361,"Olejnik, Peyton",470,2024,6,172,TRUE,4YR JR,TRUE,197500,366100,-0.461,RHP
2369,11105,"Collins, Corey",292,2024,6,173,TRUE,4YR SR,TRUE,272500,363100,-0.25,1B
2370,48216,"Ager, Matt",811,2024,6,174,TRUE,4YR JR,TRUE,357400,359900,-0.007,RHP
2371,49603,"Favors, Caden",906,2024,6,175,TRUE,4YR SR,TRUE,75000,357000,-0.79,LHP
2372,31272,"Hadeen, Woody",808,2024,6,176,TRUE,4YR SR,TRUE,297500,354100,-0.16,SS
2373,55332,"Aita, Blake",370,2024,6,177,TRUE,4YR SO,TRUE,300000,351100,-0.146,RHP
2374,46468,"Hipwell, Robert",689,2024,6,178,TRUE,4YR JR,TRUE,345700,348200,-0.007,3B
2375,39332,"Friend, Jacob",198,2024,6,179,TRUE,4YR JR,TRUE,272500,345100,-0.21,C
2376,62620,"Mcdowell, Darrien",883,2024,6,180,TRUE,4YR SR,TRUE,50000,342300,-0.854,1B
2377,56135,"Herring, Griffin",422,2024,6,181,TRUE,4YR SO,TRUE,797500,339600,1.348,LHP
2378,48221,"Gallagher, Ryan",811,2024,6,182,TRUE,4YR JR,TRUE,300000,337000,-0.11,RHP
2379,341,"Knipp, Grant",120,2024,6,183,TRUE,4YR SR,TRUE,275000,334200,-0.177,C
2380,44054,"Green, Payton",295,2024,6,184,TRUE,4YR JR,TRUE,328800,331300,-0.008,SS
2381,48102,"Welch, Chandler",802,2024,6,185,TRUE,4YR JR,TRUE,237500,328700,-0.277,RHP
2382,37886,"Keisel, Janzen",581,2024,6,186,TRUE,4YR JR,TRUE,272500,326000,-0.164,RHP
2383,48228,"Parker, Aaron",811,2024,6,187,TRUE,4YR JR,TRUE,297500,323400,-0.08,C
2384,38835,"Bender, Derek",163,2024,6,188,TRUE,4YR JR,TRUE,297500,320800,-0.073,1B
2385,43536,"Auger, Brooks",488,2024,6,190,TRUE,4YR SR,TRUE,197500,315500,-0.374,RHP
2386,55281,"Shojinaga, Kodey",366,2024,6,192,TRUE,4YR SO,TRUE,257500,310300,-0.17,2B
2387,37304,"Marriott, Mason",62,2024,6,194,TRUE,4YR JR,TRUE,241000,305200,-0.21,RHP
2388,42402,"Horn, Garrett",405,2024,6,195,TRUE,4YR JR,TRUE,250000,302700,-0.174,LHP
2389,44488,"Colleran, Dennis",551,2024,7,197,TRUE,4YR JR,TRUE,247500,297700,-0.169,RHP
2390,73076,"Ulloa, Fidel",422,2024,7,198,TRUE,4YR JR,TRUE,295300,295300,0,RHP
2391,54151,"Fox, Phil",614,2024,7,199,TRUE,4YR JR,TRUE,197500,292700,-0.325,RHP
2392,49602,"Cranz, Robert",581,2024,7,200,TRUE,4YR JR,TRUE,190000,290300,-0.346,RHP
2393,62215,"Dutkanych Iv, Andrew",852,2024,7,201,TRUE,4YR SO,TRUE,300000,288700,0.039,RHP
2394,69462,"Holmes, Bridger",589,2024,7,202,TRUE,4YR JR,TRUE,215000,286200,-0.249,RHP
2395,37940,"Watson, Will",717,2024,7,203,TRUE,4YR JR,TRUE,281300,283800,-0.009,RHP
2396,57009,"Wietgrefe, Connor",483,2024,7,204,TRUE,4YR JR,TRUE,247500,281500,-0.121,LHP
2397,38208,"Strong, Jackson",121,2024,7,206,TRUE,4YR JR,TRUE,222500,276700,-0.196,OF
2398,46741,"Turner, Will",709,2024,7,207,TRUE,4YR JR,TRUE,250000,274600,-0.09,OF
2399,56116,"Farone, Greg",8,2024,7,208,TRUE,4YR SR,TRUE,204150,272200,-0.25,LHP
2400,48180,"Smith, Myles",808,2024,7,209,TRUE,4YR JR,TRUE,247500,270000,-0.083,OF
2401,32572,"Roberts, Kai",841,2024,7,210,TRUE,4YR SR,TRUE,10000,268000,-0.963,OF
2402,46067,"Parliament, Wyatt",858,2024,7,211,TRUE,4YR JR,TRUE,199350,265800,-0.25,RHP
2403,36897,"Brethowr, Ivan",811,2024,7,212,TRUE,4YR JR,TRUE,245000,263600,-0.071,OF
2404,69644,"Moore, Brock",588,2024,7,213,TRUE,4YR 5S,TRUE,200000,261600,-0.235,RHP
2405,23891,"Brink, Nick",619,2024,7,214,TRUE,4YR SR,TRUE,195000,259600,-0.249,RHP
2406,47850,"Molina, Mason",36,2024,7,215,TRUE,4YR JR,TRUE,254900,257400,-0.01,LHP
2407,45727,"Andrade, Ryan",614,2024,7,216,TRUE,4YR JR,TRUE,253000,255500,-0.01,RHP
2408,68950,"Cates, Austin",832,2024,7,217,TRUE,4YR JR,TRUE,222500,253300,-0.122,RHP
2409,46750,"Jones, Eli",710,2024,7,218,TRUE,4YR JR,TRUE,212500,251500,-0.155,RHP
2410,68254,"Dorsey, Carson",267,2024,7,219,TRUE,4YR JR,TRUE,246500,249400,-0.012,LHP
2411,49114,"Hainline, Elijah",589,2024,7,220,TRUE,4YR JR,TRUE,197500,247900,-0.203,SS
2412,34499,"Sears, Brett",525,2024,7,221,TRUE,4YR 5S,TRUE,12500,245900,-0.949,RHP
2413,45485,"Dragoo, Joel",622,2024,7,222,TRUE,4YR JR,TRUE,222500,244300,-0.089,OF
2414,46739,"Sullivan, Joseph",709,2024,7,223,TRUE,4YR JR,TRUE,239900,242400,-0.01,OF
2415,32091,"Craig, Luke",829,2024,7,224,TRUE,4YR SR,TRUE,190000,240600,-0.21,LHP
2416,42298,"Perich, Rafe",397,2024,7,225,TRUE,4YR JR,TRUE,175000,238900,-0.267,3B
2417,48819,"Diaz, Davis",852,2024,9,226,TRUE,4YR JR,TRUE,250000,237400,0.053,3B
2418,8251,"Conte, Nick",217,2024,8,227,TRUE,4YR SR,TRUE,157500,235900,-0.332,RHP
2419,48287,"Jewett, Luke",815,2024,8,228,TRUE,4YR JR,TRUE,234200,234200,0,RHP
2420,6103,"Combs, Aaron",776,2024,8,229,TRUE,4YR SR,TRUE,247500,232200,0.066,RHP
2421,41672,"Petersen, Sam",353,2024,8,230,TRUE,4YR JR,TRUE,230900,230900,0,OF
2422,44689,"Findlay, Jack",565,2024,8,231,TRUE,4YR JR,TRUE,400000,229000,0.747,LHP
2423,50233,"Flores, Randy",11,2024,8,232,TRUE,4YR GR,TRUE,1000,227700,-0.996,SS
2424,57127,"Lambert, Ryan",580,2024,8,233,TRUE,4YR JR,TRUE,172500,226000,-0.237,RHP
2425,68247,"Adams, Gavin",267,2024,8,234,TRUE,4YR JR,TRUE,172500,224500,-0.232,RHP
2426,59449,"Zsak, Donovan",660,2024,8,235,TRUE,4YR SO,TRUE,200000,222800,-0.102,LHP
2427,24582,"Sloan, Ethan",638,2024,8,236,TRUE,4YR SR,TRUE,27500,221400,-0.876,LHP
2428,46924,"Mazza, Niko",722,2024,8,238,TRUE,4YR JR,TRUE,202500,218600,-0.074,RHP
2429,41609,"Hayden, Luke",351,2024,8,239,TRUE,4YR JR,TRUE,197500,217400,-0.092,RHP
2430,7624,"Wissman, Nick",200,2024,8,240,TRUE,4YR GR,TRUE,10000,216200,-0.954,RHP
2431,11540,"Wilson, Tyler",302,2024,8,241,TRUE,4YR SR,TRUE,47500,215100,-0.779,1B
2432,44287,"Alvarez, Edgar",537,2024,8,242,TRUE,4YR 5S,TRUE,125000,213900,-0.416,1B
2433,33265,"Riley, Will",859,2024,8,243,TRUE,4YR SR,TRUE,120000,212900,-0.436,UT
2434,39650,"Jenkins-Cowart, Jacob",220,2024,8,244,TRUE,4YR JR,TRUE,211600,211600,0,OF
2435,12445,"Garcia, Sam",581,2024,8,245,TRUE,4YR SR,TRUE,55000,210700,-0.739,LHP
2436,11047,"Micheletti, Jr., Eddie",858,2024,8,247,TRUE,4YR SR,TRUE,147500,208700,-0.293,C
2437,45007,"Hall, Jakob",587,2024,8,248,TRUE,4YR JR,TRUE,147500,207800,-0.29,RHP
2438,48881,"Tuft, Colin",802,2024,8,249,TRUE,4YR JR,TRUE,182500,206900,-0.118,C
2439,19345,"Samuels, Logan",503,2024,8,251,TRUE,4YR SR,TRUE,7500,205300,-0.963,RHP
2440,40794,"Hill, Camron",295,2024,8,252,TRUE,4YR JR,TRUE,197500,204400,-0.034,LHP
2441,59119,"Howard, Dylan",634,2024,8,253,TRUE,4YR SO,TRUE,201000,203500,-0.012,RHP
2442,42971,"Garnett, Travis",910,2024,8,254,TRUE,4YR JR,TRUE,175000,202800,-0.137,LHP
2443,36894,"Susac, Anthony",31,2024,8,255,TRUE,4YR JR,TRUE,200000,202000,-0.01,RHP
2444,24835,"Sprague-Lott, Jared",36,2024,9,256,TRUE,4YR SR,TRUE,50000,201300,-0.752,SS
2445,43990,"Brown, Canyon",519,2024,9,257,TRUE,4YR JR,TRUE,197500,200600,-0.015,C
2446,10662,"Hopfe, Tommy",280,2024,9,258,TRUE,4YR SR,TRUE,100000,200000,-0.5,C
2447,55110,"Young, Jack",353,2024,9,259,TRUE,4YR 5S,TRUE,7500,199200,-0.962,RHP
2448,40345,"Ross, Jackson",584,2024,9,260,TRUE,4YR GR,TRUE,2000,198600,-0.99,3B
2449,40863,"Mcgee, Cade",786,2024,9,261,TRUE,4YR JR,TRUE,275000,198000,0.389,3B
2450,21642,"Clark, Derek",888,2024,9,262,TRUE,4YR SR,TRUE,1000,197500,-0.995,LHP
2451,44095,"Jelkin, Jaxon",337,2024,9,263,TRUE,4YR JR,FALSE,0,196700,0,RHP
2452,48282,"Gourson, Duce",815,2024,9,264,TRUE,4YR JR,TRUE,187500,196100,-0.044,2B
2453,41153,"Matson, Sean",318,2024,9,265,TRUE,4YR JR,TRUE,175000,195700,-0.106,RHP
2454,47857,"White, Hudson",36,2024,9,267,TRUE,4YR JR,TRUE,185000,194600,-0.049,C
2455,61671,"Zielinski, Zane",817,2024,9,268,TRUE,4YR SR,TRUE,17500,194200,-0.91,SS
2456,39653,"Mccrystal, Ryan",220,2024,9,269,TRUE,4YR JR,TRUE,147500,193600,-0.238,C
2457,55791,"Evans, Zach",400,2024,9,270,TRUE,4YR SR,TRUE,10000,193000,-0.948,SS
2458,50726,"Bauman, Tanner",43,2024,9,271,TRUE,4YR SR,TRUE,37500,192600,-0.805,RHP
2459,26866,"Caple, Brooks",388,2024,9,272,TRUE,4YR SR,TRUE,125000,192100,-0.349,RHP
2460,48174,"Gleed, Dub",808,2024,9,274,TRUE,4YR JR,TRUE,188800,191300,-0.013,3B
2461,35504,"Gainey, Garrett",710,2024,9,276,TRUE,4YR 5S,TRUE,97500,190400,-0.488,LHP
2462,57077,"Holcombe, Colby",488,2024,9,277,TRUE,4YR JR,TRUE,197500,190100,0.039,RHP
2463,46702,"Doktorczyk, Jason",527,2024,9,278,TRUE,4YR JR,TRUE,187000,189500,-0.013,RHP
2464,13163,"Crowder, Jack",345,2024,9,279,TRUE,4YR SR,TRUE,27500,189000,-0.854,RHP
2465,61425,"Myers, Kole",799,2024,9,280,TRUE,4YR 5S,TRUE,2500,188800,-0.987,OF
2466,15865,"Hackman, Owen",414,2024,9,281,TRUE,4YR SR,TRUE,2500,188600,-0.987,RHP
2467,41669,"Morgan, Marcus",353,2024,9,282,TRUE,4YR JR,TRUE,185700,188200,-0.013,RHP
2468,48312,"Smith, Ryan",817,2024,9,283,TRUE,4YR JR,TRUE,177500,187800,-0.055,RHP
2469,50619,"Mclaughlin, Ben",36,2024,9,284,TRUE,4YR SR,TRUE,75000,187600,-0.6,3B
2470,33742,"Jones Ii, Keith",532,2024,9,285,TRUE,4YR SR,TRUE,30000,187100,-0.84,OF
2471,3385,"Leary, Cameron",87,2024,10,286,TRUE,4YR SR,TRUE,50000,186400,-0.732,OF
2472,56130,"Ackenhausen, Nate",422,2024,10,287,TRUE,4YR SR,TRUE,47500,186200,-0.745,LHP
2473,40387,"Jameson, Fisher",265,2024,10,288,TRUE,4YR JR,TRUE,185800,185800,0,RHP
2474,16138,"Mcconnell, Cole",420,2024,10,289,TRUE,4YR 5S,TRUE,7500,185500,-0.96,OF
2475,31926,"Johnson, Luke",824,2024,10,290,TRUE,4YR SR,TRUE,2000,185200,-0.989,RHP
2476,58359,"Madron, Bryce",580,2024,10,291,TRUE,4YR SR,TRUE,50000,185000,-0.73,OF
2477,5753,"Nicholson, Ryan",372,2024,10,292,TRUE,4YR 5S,TRUE,1000,184700,-0.995,1B
2478,30343,"Girton, Brendan",580,2024,10,293,TRUE,4YR SR,TRUE,122500,184300,-0.335,RHP
2479,1525,"Berg, Derek",39,2024,10,294,TRUE,4YR SR,TRUE,172500,183800,-0.061,C
2480,48502,"Sales, Rj",829,2024,10,296,TRUE,4YR JR,TRUE,147500,183000,-0.194,RHP
2481,48820,"Futrell, Devin",852,2024,10,297,TRUE,4YR JR,TRUE,250000,182800,0.368,LHP
2482,19842,"Vernon, Cade",516,2024,10,298,TRUE,4YR SR,TRUE,17500,182600,-0.904,RHP
2483,26312,"Costello, Jack",684,2024,10,300,TRUE,4YR SR,TRUE,10000,181800,-0.945,3B
2484,35152,"Delossantos, Joe",910,2024,10,301,TRUE,4YR 5S,TRUE,7500,181600,-0.959,OF
2485,48205,"Halbach, Matt",810,2024,10,302,TRUE,4YR JR,TRUE,180000,181400,-0.008,3B
2486,45629,"Donofrio, Anthony",543,2024,10,303,TRUE,4YR GR,TRUE,50000,181100,-0.724,OF
2487,33675,"Snyder, Michael",580,2024,10,304,TRUE,4YR SR,TRUE,17500,180700,-0.903,3B
2488,6300,"Pooser, Trey",372,2024,10,306,TRUE,4YR GR,TRUE,72500,180300,-0.598,RHP
2489,39645,"Cunningham, Carter",220,2024,10,307,TRUE,4YR GR,TRUE,22500,180000,-0.875,OF
2490,12437,"Carr, Peyton",326,2024,10,308,TRUE,4YR SR,TRUE,42500,179700,-0.763,INF
2491,4120,"Rodriguez, Christian",109,2024,10,309,TRUE,4YR SR,TRUE,147500,179200,-0.177,RHP
2492,16156,"Barrett, Seamus",414,2024,10,310,TRUE,4YR SR,TRUE,5000,179000,-0.972,RHP
2493,17208,"Kroeger, Jacob",448,2024,10,311,TRUE,4YR 5S,TRUE,2500,178800,-0.986,LHP
2494,14059,"Day, Brady",367,2024,10,312,TRUE,4YR SR,TRUE,176300,178800,-0.014,2B
2495,30741,"Youngblood, Trent",794,2024,10,314,TRUE,4YR SR,TRUE,50000,178800,-0.72,OF
2496,21660,"Jekielek, Jake",563,2024,10,315,TRUE,4YR SR,TRUE,20000,178800,-0.888,RHP
2497,47854,"Robinson, Kyle",786,2024,11,316,FALSE,4YR JR,TRUE,150000,150000,0,RHP
2498,70686,"Cawyer, Zachary",775,2024,11,317,FALSE,4YR JR,TRUE,150000,150000,0,RHP
2499,32987,"Espinal, Alan",852,2024,11,318,FALSE,4YR SR,TRUE,200000,150000,0.333,C
2500,45713,"Shepardson, Blake",687,2024,11,319,FALSE,4YR JR,TRUE,150000,150000,0,RHP
2501,39643,"Beeker, Merritt",56,2024,11,320,FALSE,4YR JR,TRUE,150000,150000,0,LHP
2502,50854,"Gazdar, Jon Jon",51,2024,11,321,FALSE,4YR SR,TRUE,250000,150000,0.667,2B
2503,37550,"Roselli, Nick",78,2024,11,323,FALSE,4YR JR,TRUE,150000,150000,0,2B
2504,61076,"Bimbi, Jacob",893,2024,11,324,FALSE,4YR SR,TRUE,180000,150000,0.2,LHP
2505,26286,"Howe, Garrett",683,2024,11,325,FALSE,4YR SR,TRUE,150000,150000,0,SS
2506,48644,"Ashman, Micah",841,2024,11,326,FALSE,4YR JR,TRUE,150000,150000,0,LHP
2507,37943,"Brooks, Steven",105,2024,11,327,FALSE,4YR JR,TRUE,200000,150000,0.333,RHP
2508,49740,"Barnett, Sean",917,2024,11,330,FALSE,4YR JR,TRUE,175000,150000,0.167,OF
2509,33002,"Little, Christian",422,2024,11,333,FALSE,4YR SR,TRUE,200000,150000,0.333,RHP
2510,36949,"Faherty, Jake",36,2024,11,334,FALSE,4YR JR,TRUE,200000,150000,0.333,RHP
2511,47680,"Parker, Caedmon",775,2024,11,335,FALSE,4YR JR,FALSE,0,150000,0,RHP
2512,32435,"Citelli, Cade",337,2024,11,336,FALSE,4YR SR,TRUE,150000,150000,0,RHP
2513,36141,"Gongora, Sebastian",421,2024,11,339,FALSE,4YR SR,TRUE,150000,150000,0,LHP
2514,70725,"Foeller, Aidan",719,2024,11,340,FALSE,4YR SR,TRUE,147500,150000,-0.017,RHP
2515,24138,"Clohisy, Patrick",670,2024,11,341,FALSE,4YR SR,TRUE,150000,150000,0,OF
2516,70049,"Kennedy-Hayes, Titan",51,2024,11,342,FALSE,4YR SR,TRUE,150000,150000,0,RHP
2517,41738,"Schiavone, Jason",358,2024,11,343,FALSE,4YR JR,TRUE,150000,150000,0,C
2518,44388,"Pence, Dalton",543,2024,11,345,FALSE,4YR JR,TRUE,350000,150000,1.333,LHP
2519,39220,"Camarillo, Ali",782,2024,12,346,FALSE,4YR JR,TRUE,250000,150000,0.667,SS
2520,45178,"Molsky, Tommy",581,2024,12,347,FALSE,4YR JR,TRUE,150000,150000,0,RHP
2521,11060,"Catlett, Everett",291,2024,12,348,FALSE,4YR SR,TRUE,200000,150000,0.333,LHP
2522,37723,"Archer, Nathan",89,2024,12,349,FALSE,4YR JR,TRUE,150000,150000,0,OF
2523,67913,"Meckley, Alexander",163,2024,12,350,FALSE,4YR JR,TRUE,150000,150000,0,RHP
2524,42978,"Petrutz, Ian",8,2024,12,351,FALSE,4YR JR,TRUE,250000,150000,0.667,OF
2525,39608,"Oschell Iii, Fran",217,2024,12,352,FALSE,4YR JR,TRUE,150000,150000,0,RHP
2526,47136,"Lanthier, Ethan",366,2024,12,353,FALSE,4YR JR,TRUE,150000,150000,0,RHP
2527,41550,"Janik, Camden",345,2024,12,354,FALSE,4YR JR,TRUE,120000,150000,-0.2,C
2528,36957,"Tygart, Brady",36,2024,12,357,FALSE,4YR JR,TRUE,300000,150000,1,RHP
2529,48219,"Darby, Zander",811,2024,12,358,FALSE,4YR JR,TRUE,150000,150000,0,3B
2530,50728,"Cannon, Will",43,2024,12,359,FALSE,4YR JR,TRUE,150000,150000,0,RHP
2531,49387,"Butterworth, Brandon",523,2024,12,360,FALSE,4YR JR,TRUE,150000,150000,0,SS
2532,41871,"Jones, Brendan",367,2024,12,361,FALSE,4YR JR,TRUE,150000,150000,0,OF
2533,40901,"Avitia, Daniel",302,2024,12,362,FALSE,4YR JR,TRUE,150000,150000,0,RHP
2534,38575,"Truitt, Evan",144,2024,12,363,FALSE,4YR JR,TRUE,150000,150000,0,RHP
2535,59016,"Caskenette, Connor",627,2024,12,364,FALSE,4YR SR,TRUE,100000,150000,-0.333,C
2536,57075,"Hardin, Tyson",488,2024,12,365,FALSE,4YR SR,TRUE,147500,150000,-0.017,RHP
2537,38109,"Becerra, Christian",114,2024,12,368,FALSE,4YR JR,TRUE,150000,150000,0,RHP
2538,8391,"Wilson, A.J.",145,2024,12,372,FALSE,4YR GR,TRUE,50000,150000,-0.667,LHP
2539,39194,"Verdugo, Ryan",188,2024,12,373,FALSE,4YR JR,TRUE,172500,150000,0.15,RHP
2540,3405,"West, John",87,2024,12,374,FALSE,4YR SR,TRUE,150000,150000,0,RHP
2541,63113,"Huge, Riley",919,2024,13,376,FALSE,4YR SR,TRUE,150000,150000,0,LHP
2542,268,"Kulasingam, Sam",6,2024,13,377,FALSE,4YR SR,TRUE,150000,150000,0,1B
2543,49998,"Loer, Justin",422,2024,13,378,FALSE,4YR JR,TRUE,150000,150000,0,LHP
2544,61154,"George, Pierce",8,2024,13,379,FALSE,4YR SO,TRUE,197500,150000,0.317,RHP
2545,67741,"Olson, Bryant",462,2024,13,380,FALSE,4YR JR,TRUE,150000,150000,0,LHP
2546,25046,"Sparks, Nolan",650,2024,13,381,FALSE,4YR SR,TRUE,250000,150000,0.667,RHP
2547,22712,"Gordon, Rj",588,2024,13,383,FALSE,4YR SR,TRUE,150000,150000,0,RHP
2548,46177,"Mcshane, Matt",668,2024,13,384,FALSE,4YR JR,TRUE,150000,150000,0,RHP
2549,45021,"Thompson, Bennett",588,2024,13,385,FALSE,4YR JR,TRUE,150000,150000,0,C
2550,39965,"Sprague, Shea",543,2024,13,387,FALSE,4YR JR,TRUE,155000,150000,0.033,LHP
2551,48880,"Stephan, Anthony",856,2024,13,389,FALSE,4YR JR,TRUE,150000,150000,0,OF
2552,50075,"Watson, Matthew",1,2024,13,390,FALSE,4YR SR,TRUE,150000,150000,0,RHP
2553,45595,"Lewis, Dillon",630,2024,13,391,FALSE,4YR JR,TRUE,150000,150000,0,OF
2554,61162,"Aschenbeck, Evan",782,2024,13,392,FALSE,4YR SR,TRUE,150000,150000,0,LHP
2555,20882,"Eike, Brandon",854,2024,13,393,FALSE,4YR SR,TRUE,150000,150000,0,3B
2556,48293,"Schrier, Cody",815,2024,13,394,FALSE,4YR JR,TRUE,150000,150000,0,SS
2557,33075,"Hujsak, Connor",488,2024,13,396,FALSE,4YR SR,TRUE,150000,150000,0,SS
2558,41617,"Tibbitts, Brock",349,2024,13,397,FALSE,4YR JR,TRUE,150000,150000,0,1B
2559,47170,"Kolhosser, Xavier",740,2024,13,398,FALSE,4YR JR,TRUE,150000,150000,0,RHP
2560,38139,"Downer, Brandon",116,2024,13,399,FALSE,4YR JR,TRUE,150000,150000,0,RHP
2561,70587,"Villani, Mike",416,2024,13,400,FALSE,4YR JR,TRUE,147500,150000,-0.017,RHP
2562,69246,"Cain, Tegan",366,2024,13,402,FALSE,4YR JR,TRUE,150000,150000,0,RHP
2563,22704,"Boettcher, Bryce",588,2024,13,403,FALSE,4YR SR,TRUE,150000,150000,0,OF
2564,54848,"Ayers, Kyle",775,2024,13,404,FALSE,4YR JR,TRUE,150000,150000,0,RHP
2565,71067,"Magdic, Ryan",490,2024,14,406,FALSE,4YR GR,TRUE,35000,150000,-0.767,LHP
2566,25364,"Sinibaldi, Justin",660,2024,14,409,FALSE,4YR SR,TRUE,150000,150000,0,LHP
2567,53844,"Tejeda Jr., Yoel",267,2024,14,410,FALSE,4YR SO,TRUE,225000,150000,0.5,RHP
2568,13246,"Burns, Mason",893,2024,14,411,FALSE,4YR SR,TRUE,80000,150000,-0.467,RHP
2569,9837,"Victor, Najer",813,2024,14,412,FALSE,4YR SR,TRUE,150000,150000,0,RHP
2570,30165,"Witt, Tanner",781,2024,14,413,FALSE,4YR SR,TRUE,222500,150000,0.483,RHP
2571,9810,"Farrow, Ian",258,2024,14,414,FALSE,4YR SR,TRUE,25000,150000,-0.833,OF
2572,46174,"Cesarini, Ryan",668,2024,14,415,FALSE,4YR JR,TRUE,150000,150000,0,OF
2573,25829,"Howey, Preston",672,2024,14,416,FALSE,4YR SR,TRUE,150000,150000,0,RHP
2574,39500,"Bouchard, Alex",397,2024,14,417,FALSE,4YR JR,TRUE,150000,150000,0,RHP
2575,42736,"Jenkins, Jeremiah",429,2024,14,418,FALSE,4YR JR,TRUE,150000,150000,0,1B
2576,3964,"Durfee, Brendan",811,2024,14,420,FALSE,4YR JR,TRUE,150000,150000,0,C
2577,61230,"Green, Austin",786,2024,14,421,FALSE,4YR 5S,TRUE,150000,150000,0,2B
2578,53614,"Sisneros, Cameron",248,2024,14,422,FALSE,4YR SR,TRUE,100000,150000,-0.333,1B
2579,36875,"St. Laurent, Austin",29,2024,14,423,FALSE,4YR SR,TRUE,75000,150000,-0.5,SS
2580,49081,"Clayton, Cam",870,2024,14,424,FALSE,4YR JR,TRUE,150000,150000,0,SS
2581,68878,"Schiefer, Ryan",32,2024,14,426,FALSE,4YR JR,TRUE,150000,150000,0,RHP
2582,44121,"Freethy, Jr",527,2024,14,427,FALSE,4YR JR,TRUE,150000,150000,0,SS
2583,37734,"Kisting, Jacob",90,2024,14,428,FALSE,4YR JR,TRUE,125000,150000,-0.167,RHP
2584,45030,"Guerra, Mason",589,2024,14,431,FALSE,4YR JR,TRUE,150000,150000,0,2B
2585,41648,"Spencer, Jared",351,2024,14,432,FALSE,4YR JR,FALSE,0,150000,0,LHP
2586,48304,"Quinn, Braden",816,2024,14,434,FALSE,4YR JR,TRUE,150000,150000,0,LHP
2587,69251,"Hartl, Ben",366,2024,14,435,FALSE,4YR JR,TRUE,150000,150000,0,C
2588,46467,"Hammond, Blake",689,2024,15,436,FALSE,4YR JR,TRUE,150000,150000,0,RHP
2589,33061,"Davis, Tyler",488,2024,15,437,FALSE,4YR SR,TRUE,100000,150000,-0.333,LHP
2590,49434,"Thelen, Luke",894,2024,15,438,FALSE,4YR JR,TRUE,150000,150000,0,RHP
2591,41939,"Moore, Mason",372,2024,15,439,FALSE,4YR JR,TRUE,150000,150000,0,RHP
2592,35420,"Broderson, Sam",420,2024,15,441,FALSE,4YR SR,TRUE,150000,150000,0,RHP
2593,54864,"Woodward, Owen",337,2024,15,443,FALSE,4YR SR,TRUE,150000,150000,0,RHP
2594,58420,"Lege, Ethan",584,2024,15,444,FALSE,4YR 5S,TRUE,25000,150000,-0.833,OF
2595,40420,"Whittaker, Conner",267,2024,15,445,FALSE,4YR JR,TRUE,150000,150000,0,RHP
2596,43300,"Macdonald, Zach",470,2024,15,446,FALSE,4YR JR,TRUE,150000,150000,0,OF
2597,45432,"Gartrell, Joey",619,2024,15,447,FALSE,4YR JR,TRUE,150000,150000,0,RHP
2598,1403,"Gray, Evan",670,2024,15,448,FALSE,4YR 5S,TRUE,25000,150000,-0.833,RHP
2599,39651,"Little, Jordan",858,2024,15,449,FALSE,4YR JR,TRUE,150000,150000,0,RHP
2600,41157,"Smith, Tanner",318,2024,15,450,FALSE,4YR JR,TRUE,150000,150000,0,RHP
2601,49948,"Toole, Marshall",932,2024,15,451,FALSE,4YR JR,TRUE,150000,150000,0,OF
2602,42505,"Frank, Hayden",411,2024,15,452,FALSE,4YR JR,TRUE,150000,150000,0,LHP
2603,40623,"Higgins, Thomas",282,2024,15,453,FALSE,4YR JR,TRUE,150000,150000,0,RHP
2604,41942,"Smith, Travis",372,2024,15,455,FALSE,4YR JR,TRUE,462500,150000,2.083,RHP
2605,62738,"Todd, Jonathan",891,2024,15,457,FALSE,4YR SR,TRUE,5000,150000,-0.967,
2606,38538,"Peschl, Cole",120,2024,15,458,FALSE,4YR JR,TRUE,150000,150000,0,
2607,26337,"Rustad, Carter",490,2024,15,459,FALSE,4YR 5S,TRUE,50000,150000,-0.667,RHP
2608,46176,"Gabrysh, Luke",668,2024,15,462,FALSE,4YR JR,TRUE,100000,150000,-0.333,RHP
2609,19843,"Vogel, Drew",516,2024,15,463,FALSE,4YR SR,TRUE,130000,150000,-0.133,SS
2610,38809,"Reid, Rocco",160,2024,15,464,FALSE,4YR JR,TRUE,150000,150000,0,LHP
2611,45006,"Fowler, Brooks",587,2024,15,465,FALSE,4YR JR,TRUE,150000,150000,0,RHP
2612,60227,"Spencer, Connor",584,2024,16,466,FALSE,4YR 5S,FALSE,0,150000,0,RHP
2613,51620,"Morones, Andrew",109,2024,16,467,FALSE,4YR 5S,TRUE,50000,150000,-0.667,RHP
2614,7232,"Fitzer, Kevin",190,2024,16,468,FALSE,4YR SR,TRUE,100000,150000,-0.333,1B
2615,22573,"Mccants, Tj",8,2024,16,469,FALSE,4YR SR,TRUE,75000,150000,-0.5,OF
2616,10294,"Hughes, Nolan",937,2024,16,470,FALSE,4YR SR,TRUE,150000,150000,0,LHP
2617,67519,"Gervase, Will",864,2024,16,472,FALSE,4YR SO,TRUE,150000,150000,0,LHP
2618,46859,"Blum, Josh",717,2024,16,473,FALSE,4YR JR,TRUE,150000,150000,0,RHP
2619,62235,"Curley, Brian",854,2024,16,474,FALSE,4YR SO,FALSE,0,150000,0,RHP
2620,49140,"Kilander, Griffin",874,2024,16,477,FALSE,4YR JR,TRUE,60000,150000,-0.6,RHP
2621,40680,"Switalski, Tyler",888,2024,16,478,FALSE,4YR JR,TRUE,162500,150000,0.083,LHP
2622,39609,"Romano, Jimmy",217,2024,16,479,FALSE,4YR JR,TRUE,150000,150000,0,RHP
2623,31687,"Rivas, Xavier",584,2024,16,481,FALSE,4YR SR,TRUE,150000,150000,0,LHP
2624,62240,"Gordon, Christian",854,2024,16,482,FALSE,4YR 5S,TRUE,90000,150000,-0.4,LHP
2625,39652,"Lunsford-Shenkman, Wyatt",220,2024,16,483,FALSE,4YR JR,TRUE,150000,150000,0,RHP
2626,69737,"Rataczak, Eric",536,2024,16,484,FALSE,4YR JR,TRUE,75000,150000,-0.5,1B
2627,48091,"Marget, Brady",802,2024,16,486,FALSE,4YR JR,TRUE,125000,150000,-0.167,1B
2628,70107,"Haugh, Aidan",543,2024,16,488,FALSE,4YR JR,FALSE,0,150000,0,RHP
2629,69254,"Shaw, Evan",366,2024,16,490,FALSE,4YR SR,TRUE,122500,150000,-0.183,LHP
2630,68689,"Dumitru, Titus",532,2024,16,491,FALSE,4YR JR,TRUE,150000,150000,0,OF
2631,45155,"Trop, Eli",599,2024,16,492,FALSE,4YR SR,TRUE,100000,150000,-0.333,RHP
2632,71068,"Mayer, Bryce",490,2024,16,493,FALSE,4YR SR,TRUE,175812,150000,0.172,RHP
2633,11230,"Brown, Dawson",295,2024,16,494,FALSE,4YR SR,TRUE,50000,150000,-0.667,RHP
2634,18891,"Loomis, Eric",492,2024,16,495,FALSE,4YR SR,TRUE,150000,150000,0,RHP
2635,26788,"Layton, Aidan",695,2024,17,496,FALSE,4YR SR,TRUE,25000,150000,-0.833,RHP
2636,7057,"Clifford, Nolan",186,2024,17,498,FALSE,4YR SR,TRUE,50000,150000,-0.667,SS
2637,44928,"Miller-Green, Lyle",51,2024,17,499,FALSE,4YR 5S,TRUE,25000,150000,-0.833,OF
2638,44843,"Bruni, Gavin",576,2024,17,500,FALSE,4YR JR,TRUE,150000,150000,0,LHP
2639,57133,"Thompson, Brandt",492,2024,17,501,FALSE,4YR SR,TRUE,10000,150000,-0.933,RHP
2640,17984,"Long, Jacoby",469,2024,17,503,FALSE,4YR SR,TRUE,150000,150000,0,OF
2641,49988,"Patrick, Andrew",936,2024,17,504,FALSE,4YR JR,TRUE,150000,150000,0,OF
2642,40796,"Mcguire, Logan",295,2024,17,505,FALSE,4YR JR,TRUE,150000,150000,0,RHP
2643,34964,"Dryden, Hunter",905,2024,17,508,FALSE,4YR SR,TRUE,50000,150000,-0.667,RHP
2644,49351,"Hodgdon, Trent",837,2024,17,509,FALSE,4YR JR,TRUE,150000,150000,0,RHP
2645,20257,"Jackson, Ryan",717,2024,17,510,FALSE,4YR SR,TRUE,100000,150000,-0.333,SS
2646,40781,"Jackson, Jojo",294,2024,17,511,FALSE,4YR JR,TRUE,150000,150000,0,OF
2647,10747,"Johnson, Ben",282,2024,17,512,FALSE,4YR SR,TRUE,50000,150000,-0.667,RHP
2648,22641,"Kreiling, Harrison",586,2024,17,513,FALSE,4YR SR,TRUE,50000,150000,-0.667,RHP
2649,22768,"Mcdowell, Micah",589,2024,17,514,FALSE,4YR 5S,TRUE,100000,150000,-0.333,OF
2650,38114,"Galan, Andres",114,2024,17,516,FALSE,4YR JR,TRUE,180000,150000,0.2,RHP
2651,283,"Thomason, Jay",6,2024,17,518,FALSE,4YR SR,TRUE,50000,150000,-0.667,3B
2652,44909,"Nicklaus, Jackson",580,2024,17,520,FALSE,4YR JR,TRUE,147500,150000,-0.017,2B
2653,32113,"Shafer, Jacob",829,2024,17,521,FALSE,4YR SR,TRUE,75000,150000,-0.5,RHP
2654,70208,"Degges, Ryan",145,2024,17,522,FALSE,4YR JR,TRUE,150000,150000,0,RHP
2655,26316,"Frize, Drake",684,2024,17,524,FALSE,4YR SR,FALSE,0,150000,0,RHP
2656,20989,"Danielson, Joey",546,2024,17,525,FALSE,4YR 5S,TRUE,25000,150000,-0.833,RHP
2657,43476,"Novotny, Tucker",483,2024,18,526,FALSE,4YR JR,TRUE,125000,150000,-0.167,LHP
2658,50857,"Hampu, Tyler",51,2024,18,528,FALSE,4YR SR,TRUE,50000,150000,-0.667,RHP
2659,68525,"Paddack, Liam",299,2024,18,529,FALSE,4YR JR,TRUE,172500,150000,0.15,LHP
2660,48083,"Banks, Teo",802,2024,18,530,FALSE,4YR JR,TRUE,150000,150000,0,OF
2661,48902,"Martin, Christian",858,2024,18,531,FALSE,4YR JR,TRUE,150000,150000,0,2B
2662,57081,"Mershon, David",488,2024,18,532,FALSE,4YR SO,TRUE,405000,150000,1.7,SS
2663,36162,"Shirk, Jake",936,2024,18,534,FALSE,4YR SR,TRUE,25000,150000,-0.833,RHP
2664,31355,"Martinez, Izaak",810,2024,18,535,FALSE,4YR GR,TRUE,25000,150000,-0.833,LHP
2665,58425,"Tolbert, Cole",584,2024,18,537,FALSE,4YR SR,TRUE,50000,150000,-0.667,RHP
2666,10108,"Slater, Ryan",265,2024,18,538,FALSE,4YR SR,TRUE,125000,150000,-0.167,RHP
2667,5488,"Hughes, Gus",326,2024,18,541,FALSE,4YR SR,TRUE,50000,150000,-0.667,RHP
2668,63750,"Tiberia, Matt",427,2024,18,543,FALSE,4YR SR,TRUE,100000,150000,-0.333,RHP
2669,5126,"Niman, Dominic",372,2024,18,546,FALSE,4YR GR,TRUE,50000,150000,-0.667,LHP
2670,48918,"Wilkerson, Holden",859,2024,18,547,FALSE,4YR JR,TRUE,150000,150000,0,RHP
2671,26298,"Ross, Michael",683,2024,18,548,FALSE,4YR SR,TRUE,150000,150000,0,RHP
2672,40229,"Caldon, Mike",256,2024,18,549,FALSE,4YR JR,TRUE,100000,150000,-0.333,RHP
2673,22701,"Ayon, Isaac",588,2024,18,550,FALSE,4YR SR,TRUE,147500,150000,-0.017,RHP
2674,51571,"Steels, Jacob",105,2024,18,551,FALSE,4YR SR,TRUE,75000,150000,-0.5,OF
2675,42592,"Warunek, Kevin",417,2024,18,552,FALSE,4YR JR,TRUE,150000,150000,0,LHP
2676,68765,"Burleson, Grant",893,2024,18,553,FALSE,4YR JR,TRUE,125000,150000,-0.167,RHP
2677,33737,"Gouldsmith, Gunner",663,2024,19,556,FALSE,4YR SR,TRUE,20000,150000,-0.867,SS
2678,71155,"Albus, Dash",2,2024,19,557,FALSE,4YR JR,TRUE,150000,150000,0,LHP
2679,34320,"Blasick, Nathan",533,2024,19,558,FALSE,4YR SR,TRUE,50000,150000,-0.667,RHP
2680,31286,"Pinto, Nick",808,2024,19,559,FALSE,4YR GR,TRUE,25000,150000,-0.833,LHP
2681,57744,"Minckler, Ryan",536,2024,19,560,FALSE,4YR JR,TRUE,150000,150000,0,RHP
2682,58188,"Elissalt, F.",567,2024,19,563,FALSE,4YR SR,TRUE,50000,150000,-0.667,RHP
2683,13721,"Vogatsky, Joe",358,2024,19,564,FALSE,4YR SR,TRUE,25000,150000,-0.833,RHP
2684,44663,"Schuelke, Cam",488,2024,19,565,FALSE,4YR SR,TRUE,55000,150000,-0.633,RHP
2685,44930,"Ure, Ryan",581,2024,19,568,FALSE,4YR JR,FALSE,0,150000,0,LHP
2686,44738,"Decker, Brandon",569,2024,19,571,FALSE,4YR SR,TRUE,50000,150000,-0.667,RHP
2687,56404,"Ayers, Owen",440,2024,19,572,FALSE,4YR 5S,TRUE,50000,150000,-0.667,C
2688,56833,"Walters, Brian",469,2024,19,573,FALSE,4YR JR,FALSE,0,150000,0,RHP
2689,28438,"Lashutka, Luke",669,2024,19,574,FALSE,4YR SR,TRUE,10000,150000,-0.933,RHP
2690,13491,"Santa Maria, Tony",660,2024,19,576,FALSE,4YR SR,TRUE,50000,150000,-0.667,2B
2691,20121,"Whitaker, Logan",523,2024,19,578,FALSE,4YR GR,TRUE,10000,150000,-0.933,RHP
2692,67667,"McIntyre, Dalton",722,2024,19,581,FALSE,4YR JR,TRUE,100000,150000,-0.333,OF
2693,39655,"Ritchie, Erik",220,2024,19,582,FALSE,4YR JR,TRUE,112000,150000,-0.253,LHP
2694,55102,"Obermueller, Cade",353,2024,19,585,FALSE,4YR SO,FALSE,0,150000,0,LHP
2695,69651,"Frederick, Carter",580,2024,20,587,FALSE,4YR SR,TRUE,150000,150000,0,OF
2696,40903,"Omlid, Hunter",32,2024,20,588,FALSE,4YR 5S,TRUE,50000,150000,-0.667,RHP
2697,50191,"Shelton, Colby",265,2024,20,590,FALSE,4YR SO,FALSE,0,150000,0,SS
2698,56955,"Rice, Owen",479,2024,20,591,FALSE,4YR JR,TRUE,150000,150000,0,LHP
2699,20278,"Walty, Cam",31,2024,20,595,FALSE,4YR SR,TRUE,50000,150000,-0.667,RHP
2700,51519,"Hansen, Ben",101,2024,20,597,FALSE,4YR SO,TRUE,50000,150000,-0.667,RHP
2701,11111,"Gonzalez, Fernando",292,2024,20,598,FALSE,4YR SR,TRUE,35000,150000,-0.767,C
2702,55048,"Risedorph, Brayden",349,2024,20,602,FALSE,4YR SO,TRUE,150000,150000,0,RHP
2703,25684,"Picollo, Ryan",668,2024,20,603,FALSE,4YR SR,TRUE,10000,150000,-0.933,OF
2704,48252,"Centala, Chase",813,2024,20,604,FALSE,4YR SR,TRUE,50000,150000,-0.667,RHP
2705,16164,"Corbett, Kaleb",421,2024,20,606,FALSE,4YR SR,TRUE,20000,150000,-0.867,RHP
2706,48283,"Grudzielanek, Bryce",717,2024,20,607,FALSE,4YR JR,FALSE,0,150000,0,SS
2707,62039,"Jones, Merit",841,2024,20,608,FALSE,4YR SO,FALSE,0,150000,0,RHP
2708,38030,"Yates, Evan",109,2024,20,609,FALSE,4YR JR,TRUE,150000,150000,0,RHP
2709,44960,"Elliott, Hunter",584,2024,20,610,FALSE,4YR JR,FALSE,0,150000,0,LHP
2710,36962,"Carmack, Kyler",584,2024,20,612,FALSE,4YR JR,TRUE,125000,150000,-0.167,RHP
2711,61580,Tyler Bremner,811,2025,1,2,TRUE,4YR JR,TRUE,7689525,10252700,-0.25,P
2712,73067,Kade Anderson,422,2025,1,3,TRUE,4YR SO,TRUE,8800000,9504400,-0.074113042,P
2713,52378,Liam Doyle,776,2025,1,5,TRUE,4YR JR,TRUE,7250000,8134800,-0.108767271,P
2714,62439,Aiva Arquette,589,2025,1,7,TRUE,4YR JR,TRUE,7149900,7149900,0,SS
2715,53861,Jamie Arnold,267,2025,1,11,TRUE,4YR JR,TRUE,5985100,5985100,0,P
2716,56118,Gavin Kilen,776,2025,1,13,TRUE,4YR JR,TRUE,5247500,5524300,-0.050105896,SS
2717,69665,Kyson Witherspoon,580,2025,1,15,TRUE,4YR JR,TRUE,5000000,5114200,-0.022329983,P
2718,62355,Marek Houston,864,2025,1,16,TRUE,4YR JR,TRUE,4497500,4929600,-0.087654171,SS
2719,56374,Ethan Conrad,864,2025,1,17,TRUE,4YR JR,TRUE,3563100,4750800,-0.25,OF
2720,50733,Ike Irish,43,2025,1,19,TRUE,4YR JR,TRUE,4418400,4420900,-0.000565496,C
2721,53150,Andrew Fischer,776,2025,1,20,TRUE,4YR JR,TRUE,3500000,4268100,-0.179962981,3B
2722,50623,Gage Wood,36,2025,1,26,TRUE,4YR JR,TRUE,3000000,3492200,-0.140942672,P
2723,61173,Jace LaViolette,782,2025,1,27,TRUE,4YR JR,TRUE,4000000,3382600,0.18252232,OF
2724,56117,Patrick Forbes,421,2025,1,29,TRUE,4YR JR,TRUE,3000000,3191100,-0.059885306,P
2725,52376,Caden Bodine,163,2025,1,30,TRUE,4YR JR,TRUE,3110800,3113300,-0.000803006,C
2726,59476,Wehiwa Aloy,36,2025,1,31,TRUE,4YR JR,TRUE,3040300,3042800,-0.000821612,SS
2727,69182,Marcus Phillips,776,2025,1,33,TRUE,4YR JR,TRUE,2500000,2898300,-0.137425387,P
2728,70114,Luke Stevenson,543,2025,1,35,TRUE,4YR SO,TRUE,2800000,2758300,0.015118007,C
2729,50190,Riley Quick,8,2025,1,36,TRUE,4YR JR,TRUE,2692000,2692000,0,P
2730,56848,Mitch Voit,471,2025,1,38,TRUE,4YR JR,TRUE,1750000,2569400,-0.318907138,P
2731,53191,Zach Root,36,2025,1,40,TRUE,4YR JR,TRUE,2197500,2443600,-0.100712064,P
2732,70671,Charles Davalan,36,2025,1,41,TRUE,4YR SO,TRUE,1997500,2386900,-0.163140475,OF
2733,50547,Brendan Summerhill,31,2025,1,42,TRUE,4YR JR,TRUE,1997500,2331000,-0.143071643,OF
2734,52331,Cam Cannarella,160,2025,1,43,TRUE,4YR JR,TRUE,2277425,2276700,0.000318443,OF
2735,60327,JB Middleton,722,2025,2,45,TRUE,4YR JR,TRUE,2071900,2171900,-0.046042635,P
2736,50551,Brandon Compton,32,2025,2,46,TRUE,4YR JR,TRUE,2000000,2128800,-0.06050357,OF
2737,56143,Chase Shores,422,2025,2,47,TRUE,4YR JR,TRUE,2077200,2079700,-0.001202096,P
2738,55050,Devin Taylor,349,2025,2,48,TRUE,4YR JR,TRUE,2500000,2031500,0.23061777,OF
2739,60170,Ethan Petry,710,2025,2,49,TRUE,4YR JR,TRUE,2090000,1984200,0.053321238,OF
2740,61084,AJ Russell,776,2025,2,52,TRUE,4YR JR,TRUE,2600000,1846700,0.407916825,P
2741,55854,Kane Kepley,543,2025,2,56,TRUE,4YR SO,TRUE,1400000,1680000,-0.166666667,OF
2742,56854,Joseph Dzierwa,472,2025,2,58,TRUE,4YR JR,TRUE,1497500,1598100,-0.062949753,P
2743,62222,J.D. Thompson,852,2025,2,59,TRUE,4YR JR,TRUE,1560200,1560200,0,P
2744,57895,Alex Lodise,267,2025,2,60,TRUE,4YR JR,TRUE,1297500,1523200,-0.148174895,SS
2745,61451,Michael Lombardi,802,2025,2,61,TRUE,4YR JR,TRUE,1297500,1486700,-0.127261721,P
2746,69664,Malachi Witherspoon,580,2025,2,62,TRUE,4YR JR,TRUE,1448700,1451200,-0.001722712,P
2747,55102,Cade Obermueller,353,2025,2,63,TRUE,4YR JR,TRUE,1197500,1416600,-0.154666102,P
2748,69173,Dean Curley,776,2025,2,64,TRUE,4YR SO,TRUE,1733905,1382300,0.254362295,SS
2749,61612,Cam Leiter,267,2025,2,65,TRUE,4YR JR,TRUE,1346600,1349100,-0.001853087,P
2750,59763,Aaron Walton,31,2025,2,66,TRUE,4YR JR,TRUE,1100000,1320400,-0.166919115,OF
2751,58423,JT Quinn,292,2025,2,69,TRUE,4YR JR,TRUE,1147500,1223800,-0.062346789,P
2752,61172,Justin Lamkin,782,2025,2,71,TRUE,4YR JR,TRUE,1161200,1163700,-0.00214832,P
2753,55339,Tanner Franklin,776,2025,2,72,TRUE,4YR JR,TRUE,1145900,1145900,0,P
2754,54066,Murf Gray,280,2025,2,73,TRUE,4YR JR,TRUE,997500,1128400,-0.116004963,3B
2755,61148,Max Belyeu,781,2025,2,74,TRUE,4YR JR,TRUE,1111000,1111000,0,OF
2756,62261,Henry Godbout,856,2025,2,75,TRUE,4YR JR,TRUE,1093800,1093800,0,2B
2757,50761,Kyle Lodise,295,2025,3,76,TRUE,4YR JR,TRUE,922500,1076800,-0.143294948,SS
2758,60272,Ethan Hedges,717,2025,3,77,TRUE,4YR JR,TRUE,950000,1060300,-0.104027162,3B
2759,50195,Max Williams,267,2025,3,78,TRUE,4YR JR,TRUE,897500,1043700,-0.140078567,OF
2760,60324,Jake Cook,722,2025,3,81,TRUE,4YR JR,TRUE,922500,993900,-0.071838213,P
2761,58351,Easton Carmichael,580,2025,3,82,TRUE,4YR JR,TRUE,977000,979500,-0.002552323,C
2762,58421,Mason Morris,584,2025,3,83,TRUE,4YR JR,TRUE,897500,964800,-0.06975539,P
2763,59440,Trevor Cohen,660,2025,3,85,TRUE,4YR JR,TRUE,847500,935300,-0.093873623,OF
2764,61567,Anthony Eyanson,422,2025,3,87,TRUE,4YR JR,TRUE,1750000,907200,0.929012346,P
2765,68495,James Ellwanger,201,2025,3,88,TRUE,4YR SO,TRUE,1000000,893000,0.119820829,P
2766,59772,Jack Gurevitch,684,2025,3,89,TRUE,4YR SO,TRUE,879000,879000,0,1B
2767,58377,Dominick Reid,2,2025,3,90,TRUE,4YR JR,TRUE,649125,865500,-0.25,P
2768,52242,Griffin Hugus,469,2025,3,91,TRUE,4YR JR,TRUE,640000,851800,-0.248649918,P
2769,62235,Brian Curley,292,2025,3,92,TRUE,4YR JR,TRUE,700000,839100,-0.165772852,P
2770,62214,RJ Austin,852,2025,3,93,TRUE,4YR JR,TRUE,823900,826400,-0.003025169,OF
2771,52385,Jacob Morrison,163,2025,3,94,TRUE,4YR JR,TRUE,697500,813600,-0.142699115,P
2772,56133,Ethan Frey,422,2025,3,95,TRUE,4YR JR,TRUE,997500,803900,0.240825973,OF
2773,53612,Cody Miller,248,2025,3,96,TRUE,4YR JR,TRUE,297500,796000,-0.626256281,SS
2774,61639,Ben Jacobs,32,2025,3,98,TRUE,4YR JR,TRUE,722500,780600,-0.074429926,P
2775,115464,Ryan Wideman,893,2025,3,99,TRUE,4YR JR,TRUE,650000,773100,-0.159229078,OF
2776,54213,Cody Bowker,852,2025,3,100,TRUE,4YR JR,TRUE,700000,765400,-0.085445519,P
2777,58378,Nolan Schubart,581,2025,3,101,TRUE,4YR JR,TRUE,730000,759400,-0.038714775,OF
2778,68742,Antonio Jimenez,813,2025,3,102,TRUE,4YR SO,TRUE,564000,752000,-0.25,SS
2779,61171,Kaeden Kent,782,2025,3,103,TRUE,4YR JR,TRUE,741900,744400,-0.003358409,SS
2780,52247,Landyn Vidourek,152,2025,3,104,TRUE,4YR JR,TRUE,552750,737000,-0.25,OF
2781,62949,Nate Snead,776,2025,3,105,TRUE,4YR JR,TRUE,597500,729600,-0.181058114,P
2782,61547,Riley Kelly,808,2025,4,107,TRUE,4YR JR,TRUE,700000,715400,-0.021526419,P
2783,61610,Drew Faurot,267,2025,4,108,TRUE,4YR JR,TRUE,531225,708300,-0.25,2B
2784,116674,Jake Munroe,421,2025,4,109,TRUE,4YR JR,TRUE,597500,701300,-0.148010837,3B
2785,58505,Gavin Turley,589,2025,4,110,TRUE,4YR JR,TRUE,600000,694600,-0.136193493,OF
2786,56132,Micah Bucknam,201,2025,4,112,TRUE,4YR JR,TRUE,678300,680800,-0.00367215,P
2787,50620,Mason Neville,588,2025,4,114,TRUE,4YR JR,TRUE,697500,667700,0.044630822,OF
2788,67334,Mason McConnaughey,525,2025,4,115,TRUE,4YR JR,TRUE,495825,661100,-0.25,P
2789,60845,Lorenzo Meola,756,2025,4,116,TRUE,4YR JR,TRUE,652200,654700,-0.003818543,SS
2790,57552,Dominic Fritton,523,2025,4,117,TRUE,4YR JR,TRUE,497500,648400,-0.232726712,P
2791,50548,Mason White,31,2025,4,118,TRUE,4YR JR,TRUE,642200,642200,0,SS
2792,59594,Jason Reitz,588,2025,4,119,TRUE,4YR JR,TRUE,633200,635700,-0.003932673,P
2793,115960,Cade Crossland,580,2025,4,120,TRUE,4YR JR,TRUE,729500,629500,0.158856235,P
2794,116533,Mason Peters,201,2025,4,122,TRUE,4YR JR,TRUE,550000,617200,-0.108878808,P
2795,100600,Colin Yeaman,808,2025,4,124,TRUE,4YR JR,TRUE,602800,605300,-0.004130183,3B
2796,60328,Nick Monistere,722,2025,4,126,TRUE,4YR JR,TRUE,397500,594500,-0.3313709,2B
2797,39147,Nolan Sailors,186,2025,4,128,TRUE,4YR SR,TRUE,147500,582900,-0.746954881,OF
2798,42738,Caleb Leys,429,2025,4,129,TRUE,4YR SR,TRUE,574900,577400,-0.004329754,P
2799,54195,Michael Salina,736,2025,4,130,TRUE,4YR JR,TRUE,571500,571500,0,P
2800,65446,Sean Youngerman,581,2025,4,131,TRUE,4YR JR,TRUE,564500,567000,-0.004409171,P
2801,50556,Luke Hill,584,2025,4,132,TRUE,4YR JR,TRUE,722600,561400,0.287139295,SS
2802,43544,Pico Kohn,488,2025,4,134,TRUE,4YR SR,TRUE,547800,550300,-0.004542977,P
2803,53194,Dixon Williams,220,2025,4,136,TRUE,4YR JR,TRUE,497500,539700,-0.078191588,2B
2804,58371,Gabe Davis,581,2025,5,137,TRUE,4YR JR,TRUE,587500,534400,0.099363772,P
2805,67525,Cam Nelson,864,2025,5,138,TRUE,4YR SO,TRUE,600000,529100,0.134001134,OF
2806,53835,Chris Arroyo,856,2025,5,139,TRUE,4YR JR,TRUE,521400,523900,-0.004771903,OF
2807,48504,Zane Taylor,829,2025,5,141,TRUE,4YR SR,TRUE,513900,513900,0,P
2808,51346,Adonys Guzman,31,2025,5,144,TRUE,4YR JR,TRUE,496500,499000,-0.00501002,C
2809,61061,Ben Abeldt,775,2025,5,146,TRUE,4YR JR,TRUE,450000,489200,-0.080130826,P
2810,54193,James Quinn-Irons,289,2025,5,147,TRUE,4YR JR,TRUE,481900,484400,-0.005161024,OF
2811,50613,Christian Foutch,36,2025,5,148,TRUE,4YR JR,TRUE,400000,479800,-0.1663193,P
2812,101043,Ethan Young,220,2025,5,150,TRUE,4YR JR,TRUE,630000,470100,0.340140396,P
2813,69166,Kade Snell,8,2025,5,151,TRUE,4YR GR,TRUE,200000,465400,-0.57026214,OF
2814,56115,Korbyn Dickerson,349,2025,5,152,TRUE,4YR JR,TRUE,461100,461100,0,OF
2815,52337,Nathan Hall,710,2025,5,153,TRUE,4YR JR,TRUE,456400,456400,0,OF
2816,73453,Sean Episcope,623,2025,5,155,TRUE,4YR SO,TRUE,335550,447400,-0.25,P
2817,117052,Nick Potter,906,2025,5,156,TRUE,4YR JR,TRUE,336600,443100,-0.240352065,P
2818,58493,Aiden Jimenez,36,2025,5,158,TRUE,4YR JR,TRUE,431900,434400,-0.005755064,P
2819,30177,Gabe Craig,62,2025,5,161,TRUE,4YR GR,TRUE,197500,422700,-0.532765555,P
2820,116105,Riley Nelson,852,2025,5,162,TRUE,4YR JR,TRUE,350000,418700,-0.164079293,1B
2821,71005,Peyton Prescott,267,2025,5,163,TRUE,4YR SO,TRUE,197500,415100,-0.524211033,P
2822,44094,Core Jackson,841,2025,5,164,TRUE,4YR SR,TRUE,147500,411100,-0.641206519,SS
2823,53869,Davion Hickson,643,2025,5,165,TRUE,4YR JR,TRUE,404800,407300,-0.006137982,P
2824,50191,Colby Shelton,265,2025,6,166,TRUE,4YR JR,TRUE,447500,403900,0.107947512,SS
2825,56119,Matt Klein,421,2025,6,167,TRUE,4YR JR,TRUE,425000,400400,0.061438561,C
2826,46782,Joey Volini,267,2025,6,168,TRUE,4YR SR,TRUE,297750,397000,-0.25,P
2827,54359,Grant Richardson,302,2025,6,170,TRUE,4YR JR,TRUE,400000,390100,0.025378108,P
2828,38707,Boston Smith,936,2025,6,171,TRUE,4YR SR,TRUE,50000,386700,-0.870700802,C
2829,60200,Eric Snow,43,2025,6,172,TRUE,4YR JR,TRUE,381100,383600,-0.006517205,SS
2830,54058,Jack Anker,280,2025,6,173,TRUE,4YR JR,TRUE,347500,380500,-0.086727989,P
2831,55343,Braden Osbolt,370,2025,6,174,TRUE,4YR JR,TRUE,297500,377100,-0.211084593,P
2832,9338,Jordan Gottesman,551,2025,6,176,TRUE,4YR 5S,TRUE,197500,371000,-0.467654987,P
2833,70107,Aidan Haugh,543,2025,6,177,TRUE,4YR SR,TRUE,157500,367900,-0.571894537,P
2834,54224,Leighton Finley,292,2025,6,178,TRUE,4YR JR,TRUE,364800,364800,0,P
2835,54574,Matthew Miura,320,2025,6,180,TRUE,4YR JR,TRUE,358700,358700,0,OF
2836,61170,Lucas Kelly,32,2025,6,182,TRUE,4YR JR,TRUE,325000,353100,-0.079580855,P
2837,36549,Sawyer Hawks,852,2025,6,183,TRUE,4YR SR,TRUE,250000,350200,-0.286122216,P
2838,116866,Caden Hunter,717,2025,6,184,TRUE,4YR JR,TRUE,344600,347100,-0.007202535,P
2839,62065,Daniel Dickinson,422,2025,6,185,TRUE,4YR JR,TRUE,325000,344400,-0.056329849,SS
2840,58297,Landon Beidelschies,36,2025,6,187,TRUE,4YR JR,TRUE,297500,338900,-0.122159929,P
2841,67347,Tyriq Kemp,62,2025,6,188,TRUE,4YR SR,TRUE,147500,336100,-0.561142517,SS
2842,58477,Grayson Grinsell,588,2025,6,189,TRUE,4YR JR,TRUE,297500,333500,-0.107946027,P
2843,19153,Jaxon Dalena,700,2025,6,190,TRUE,4YR 5S,TRUE,10000,330600,-0.969751966,P
2844,53156,James Tallon,217,2025,6,191,TRUE,4YR JR,TRUE,325300,327800,-0.007626602,P
2845,58495,Nelson Keljo,589,2025,6,192,TRUE,4YR JR,TRUE,325100,325100,0,P
2846,52028,Nathan Hall2,138,2025,6,193,TRUE,4YR JR,TRUE,297500,322300,-0.076946944,P
2847,58165,Rory Fox,565,2025,6,194,TRUE,4YR JR,TRUE,411100,319800,0.285490932,P
2848,45730,Anthony DePino,640,2025,7,196,TRUE,4YR SR,TRUE,147500,314500,-0.53100159,3B
2849,340,Antoine Jean,337,2025,7,197,TRUE,4YR GR,TRUE,200000,311900,-0.358768836,P
2850,53838,Jake Clemente,265,2025,7,198,TRUE,4YR JR,TRUE,500000,309400,0.616031028,P
2851,49944,Lucas Mahlstedt,160,2025,7,199,TRUE,4YR SR,TRUE,47500,306700,-0.84512553,P
2852,62693,Logan Sauve,888,2025,7,200,TRUE,4YR JR,TRUE,304200,304200,0,C
2853,37707,Julian Tonghini,31,2025,7,201,TRUE,4YR SR,TRUE,10000,302500,-0.966942149,P
2854,68117,Dylan Watts,43,2025,7,202,TRUE,4YR JR,TRUE,197500,299900,-0.341447149,P
2855,100163,Brent Iredale,36,2025,7,203,TRUE,4YR JR,TRUE,294900,297400,-0.008406187,3B
2856,53751,Justin Henschel,258,2025,7,204,TRUE,4YR JR,TRUE,222500,295000,-0.245762712,P
2857,56137,Paxton Kling,601,2025,7,205,TRUE,4YR JR,TRUE,375000,292400,0.28248974,OF
2858,57956,Cam Maldonado,551,2025,7,206,TRUE,4YR JR,TRUE,387400,289900,0.33632287,OF
2859,56045,Myles Patton,782,2025,7,208,TRUE,4YR JR,TRUE,285200,285200,0,P
2860,68567,Jacob McCombs,808,2025,7,209,TRUE,4YR SO,TRUE,280400,282900,-0.008837045,OF
2861,54319,Payton Graham,299,2025,7,210,TRUE,4YR JR,TRUE,280800,280800,0,P
2862,40381,Pierce Coppola,265,2025,7,211,TRUE,4YR SR,TRUE,278500,278500,0,P
2863,50008,Colton Shaw,938,2025,7,212,TRUE,4YR SR,TRUE,100000,276200,-0.637943519,P
2864,62354,Joe Ariola,864,2025,7,213,TRUE,4YR JR,TRUE,250000,274100,-0.087924115,P
2865,74927,Hunter Allen,41,2025,7,214,TRUE,4YR SR,TRUE,147500,272000,-0.457720588,P
2866,55094,Josiah Ragsdale,87,2025,7,215,TRUE,4YR JR,TRUE,237500,269700,-0.119391917,OF
2867,62132,Zach Royse,846,2025,7,217,TRUE,4YR JR,TRUE,197500,265400,-0.255840241,P
2868,116064,Bryson Dudley,785,2025,7,218,TRUE,4YR JR,TRUE,261000,263500,-0.009487666,P
2869,5730,Kerrington Cross,152,2025,7,220,TRUE,4YR 5S,TRUE,20000,259700,-0.922988063,3B
2870,59538,Will McCausland,584,2025,7,222,TRUE,4YR JR,TRUE,235000,256000,-0.08203125,P
2871,68116,Cam Tilly,43,2025,7,223,TRUE,4YR SO,TRUE,397500,254000,0.56496063,P
2872,117068,Richie Bonomolo Jr.,8,2025,7,224,TRUE,4YR JR,TRUE,222500,252100,-0.117413725,OF
2873,76265,Mason Estrada,494,2025,7,225,TRUE,4YR SO,TRUE,447500,250300,0.787854575,P
2874,67465,Blaine Wynk,576,2025,8,226,TRUE,4YR JR,TRUE,246200,248700,-0.010052272,P
2875,61837,Tanner Thach,829,2025,8,227,TRUE,4YR JR,TRUE,325000,247200,0.314724919,1B
2876,54354,Emilio Barreras,302,2025,8,228,TRUE,4YR JR,TRUE,122500,245400,-0.500814996,SS
2877,50558,Isaiah Jackson,32,2025,8,229,TRUE,4YR JR,TRUE,297500,243300,0.222770242,OF
2878,70768,Corey Braun,712,2025,8,230,TRUE,4YR SR,TRUE,200000,241900,-0.173212071,P
2879,44964,Riley Maddox,584,2025,8,231,TRUE,4YR SR,TRUE,10000,239900,-0.958315965,P
2880,20010,Danny Thompson Jr.,827,2025,8,232,TRUE,4YR 5S,TRUE,5000,238600,-0.979044426,P
2881,54231,Josh Tate,282,2025,8,233,TRUE,4YR JR,TRUE,234300,236800,-0.010557432,SS
2882,56490,Kyle McCoy,446,2025,8,234,TRUE,4YR JR,TRUE,232700,235200,-0.010629252,P
2883,57084,Evan Siary,488,2025,8,235,TRUE,4YR JR,TRUE,300000,233400,0.285347044,P
2884,50607,Ben Bybee,36,2025,8,236,TRUE,4YR JR,TRUE,229500,232000,-0.010775862,P
2885,54063,Aidan Cremarosa,280,2025,8,237,TRUE,4YR JR,TRUE,182500,230400,-0.207899306,P
2886,58387,Dylan Brown,582,2025,8,238,TRUE,4YR JR,TRUE,229000,229000,0,P
2887,53454,Ryan Sprock,239,2025,8,239,TRUE,4YR JR,TRUE,225300,227800,-0.010974539,3B
2888,59540,Ryan Weingartner,601,2025,8,240,TRUE,4YR JR,TRUE,226500,226500,0,SS
2889,57836,Jake Knapp,543,2025,8,241,TRUE,4YR GR,TRUE,175000,225400,-0.223602484,P
2890,54781,Danny Macchiarola,332,2025,8,242,TRUE,4YR JR,TRUE,175000,224100,-0.219098617,P
2891,48048,Jack Martinez,32,2025,8,243,TRUE,4YR SR,TRUE,167326,223100,-0.249995518,P
2892,42642,Kyle Walker,32,2025,8,246,TRUE,4YR JR,TRUE,152500,219800,-0.306187443,2B
2893,49655,Carter Lovasz,910,2025,8,247,TRUE,4YR SR,TRUE,7500,218700,-0.965706447,P
2894,61418,Brooks Bryan,799,2025,8,248,TRUE,4YR JR,TRUE,197500,217700,-0.092788241,C
2895,51735,Nick Dumesnil,116,2025,8,249,TRUE,4YR JR,TRUE,214300,216800,-0.011531365,OF
2896,30347,Jamie Hitt,580,2025,8,250,TRUE,4YR 5S,TRUE,10000,215600,-0.953617811,P
2897,56833,Brian Walters,469,2025,8,251,TRUE,4YR SR,TRUE,309400,215100,0.438400744,P
2898,61549,Anthony Martinez,808,2025,8,252,TRUE,4YR JR,TRUE,214200,214200,0,1B
2899,69187,Mac Heuer,786,2025,8,254,TRUE,4YR SO,TRUE,400000,212500,0.882352941,P
2900,62266,Jack O'Connor,856,2025,8,255,TRUE,4YR JR,TRUE,158775,211700,-0.25,P
2901,6106,Riley Eikhoff,163,2025,9,256,TRUE,4YR GR,TRUE,7500,210900,-0.964438122,P
2902,36781,Zach Rogacki,78,2025,9,257,TRUE,4YR SR,TRUE,50000,210200,-0.762131304,C
2903,67774,Kaiden Wilson,782,2025,9,258,TRUE,4YR SO,TRUE,697500,209600,2.327767176,P
2904,43535,Slate Alford,292,2025,9,259,TRUE,4YR SR,TRUE,17500,208700,-0.91614758,3B
2905,53907,Daniel Bucciero,270,2025,9,260,TRUE,4YR JR,TRUE,208100,208100,0,3B
2906,23179,Wyatt Henseler,782,2025,9,261,TRUE,4YR 5S,TRUE,10000,207500,-0.951807229,3B
2907,43285,Karson Ligon,488,2025,9,262,TRUE,4YR SR,TRUE,125000,206900,-0.395843403,P
2908,56136,Jared Jones,422,2025,9,263,TRUE,4YR JR,TRUE,203600,206100,-0.012130034,1B
2909,50563,Kien Vu,32,2025,9,264,TRUE,4YR JR,TRUE,172500,205500,-0.160583942,OF
2910,53154,Owen Proksch,217,2025,9,265,TRUE,4YR JR,TRUE,200000,205100,-0.024865919,P
2911,44968,Mason Nichols,584,2025,9,267,TRUE,4YR SR,TRUE,37500,203900,-0.816086317,P
2912,57761,Jacob Mayers,422,2025,9,268,TRUE,4YR JR,TRUE,190000,203500,-0.066339066,P
2913,53452,Justin Mitrovich,239,2025,9,269,TRUE,4YR JR,TRUE,172500,202900,-0.149827501,P
2914,58113,Michael Dattalo,201,2025,9,270,TRUE,4YR JR,TRUE,202200,202200,0,3B
2915,47495,Colton Book,668,2025,9,271,TRUE,4YR JR,TRUE,100000,201800,-0.504459861,P
2916,50503,Jackson Steensma,29,2025,9,272,TRUE,4YR JR,TRUE,201300,201300,0,P
2917,44900,Wallace Clark,217,2025,9,273,TRUE,4YR SR,TRUE,25000,200800,-0.875498008,SS
2918,53152,Andrew Healy,217,2025,9,275,TRUE,4YR JR,TRUE,147500,200000,-0.2625,P
2919,69469,Kellan Oakes,589,2025,9,276,TRUE,4YR JR,TRUE,247500,199500,0.240601504,P
2920,48132,Logan Braunschweig,805,2025,9,277,TRUE,4YR SR,TRUE,2500,199200,-0.987449799,OF
2921,52689,Shane Van Dam,523,2025,9,278,TRUE,4YR JR,TRUE,196100,198600,-0.012588117,P
2922,42652,Will Koger,32,2025,9,280,TRUE,4YR SR,TRUE,5000,197800,-0.974721941,P
2923,47791,Ryan Prager,782,2025,9,282,TRUE,4YR SR,TRUE,197200,197200,0,P
2924,54225,Blake Gillespie,145,2025,9,284,TRUE,4YR JR,TRUE,187300,196600,-0.047304171,P
2925,70518,Conner O'Neal,714,2025,9,285,TRUE,4YR SR,TRUE,2500,196000,-0.987244898,
2926,54865,Daniel Wright,353,2025,10,286,TRUE,4YR GR,TRUE,7500,195300,-0.961597542,P
2927,60195,Austin Newton,712,2025,10,287,TRUE,4YR JR,TRUE,195100,195100,0,P
2928,57129,Jake McCutcheon,492,2025,10,288,TRUE,4YR JR,TRUE,192200,194700,-0.012840267,SS
2929,38571,Nick Rodriguez,492,2025,10,289,TRUE,4YR SR,TRUE,47500,194400,-0.755658436,SS
2930,42657,Samuel Dutton,43,2025,10,290,TRUE,4YR SR,TRUE,150000,194100,-0.227202473,P
2931,43543,Hunter Hines,488,2025,10,291,TRUE,4YR SR,TRUE,5000,193800,-0.974200206,3B
2932,48212,Austin Smith,684,2025,10,292,TRUE,4YR SR,TRUE,5000,193500,-0.974160207,OF
2933,48732,Matt King,32,2025,10,293,TRUE,4YR SR,TRUE,22500,193100,-0.883480062,SS
2934,69573,Ty Doucette,660,2025,10,294,TRUE,4YR SO,TRUE,157500,192600,-0.182242991,1B
2935,38461,J.D. McReynolds,138,2025,10,295,TRUE,4YR SR,TRUE,25000,192400,-0.87006237,P
2936,57551,Isaiah Barkett,756,2025,10,296,TRUE,4YR JR,TRUE,747500,191700,2.899321857,SS
2937,47852,Trendan Parish,786,2025,10,297,TRUE,4YR SR,TRUE,500,191500,-0.997389034,P
2938,59444,Maximus Martin,367,2025,10,298,TRUE,4YR JR,TRUE,191300,191300,0,SS
2939,55026,Shai Robinson,347,2025,10,299,TRUE,4YR JR,TRUE,147500,190900,-0.227344159,SS
2940,68480,Ty Van Dyke,756,2025,10,300,TRUE,4YR SR,TRUE,150000,190500,-0.212598425,P
2941,70646,Justin Stransky,280,2025,10,301,TRUE,4YR SR,TRUE,140000,190300,-0.264319496,C
2942,54355,Isaac Lyon,302,2025,10,302,TRUE,4YR JR,TRUE,190100,190100,0,P
2943,43471,Brady Counsell,366,2025,10,303,TRUE,4YR SR,TRUE,50000,189800,-0.736564805,SS
2944,62621,Dalton Neuschwander,883,2025,10,304,TRUE,4YR 5S,TRUE,27500,189300,-0.854727945,P
2945,48734,Braylon Owens,846,2025,10,305,TRUE,4YR SR,TRUE,10000,189000,-0.947089947,P
2946,71076,Zach Daudet,105,2025,10,306,TRUE,4YR SR,TRUE,7500,188900,-0.960296453,
2947,36586,Kade Woods,422,2025,10,307,TRUE,4YR SR,TRUE,2500,188600,-0.986744433,P
2948,61548,Max Martin,808,2025,10,308,TRUE,4YR JR,TRUE,185800,188300,-0.013276686,P
2949,100936,Edian Espinal,813,2025,10,309,TRUE,4YR JR,TRUE,185300,187800,-0.013312034,2B
2950,46399,Justin DeCriscio,523,2025,10,310,TRUE,4YR SR,TRUE,15000,187600,-0.920042644,SS
2951,13427,Cole Gilley,349,2025,10,311,TRUE,4YR GR,TRUE,7500,187300,-0.959957288,P
2952,54567,Harrison Bodendorf,581,2025,10,312,TRUE,4YR JR,TRUE,150000,187300,-0.199145755,P
2953,9216,Tyler McLoughlin,292,2025,10,313,TRUE,4YR 5S,TRUE,7500,187300,-0.959957288,P
2954,100637,Connor McGinnis,337,2025,10,314,TRUE,4YR JR,TRUE,172500,187300,-0.079017619,SS
2955,69403,Jacob Frost,367,2025,10,315,TRUE,4YR SR,TRUE,47500,187300,-0.746396156,P
2956,54091,Zach Harris,292,2025,11,317,FALSE,4YR JR,TRUE,200000,150000,0.538461538,P
2957,50183,Alton Davis II,292,2025,11,319,FALSE,4YR JR,TRUE,397500,150000,2.057692308,P
2958,46770,Bobby Boser,265,2025,11,320,FALSE,4YR SR,TRUE,150000,150000,,3B
2959,37870,Jack Moroknek,100,2025,11,321,FALSE,4YR SR,TRUE,200000,150000,0.538461538,OF
2960,41648,Jared Spencer,781,2025,11,322,FALSE,4YR SR,TRUE,165000,150000,0.269230769,P
2961,54774,Dylan Palmer,331,2025,11,323,FALSE,4YR JR,TRUE,150000,150000,,2B
2962,52438,Jake Brink,167,2025,11,324,FALSE,4YR JR,TRUE,150000,150000,,P
2963,61168,Luke Jackson,782,2025,11,327,FALSE,4YR JR,TRUE,497500,150000,2.826923077,P
2964,61649,Ryan Daniels,816,2025,11,329,FALSE,4YR JR,TRUE,150000,150000,,SS
2965,61152,Jalin Flores,781,2025,11,330,FALSE,4YR JR,TRUE,175000,150000,0.346153846,SS
2966,60168,Eli Jerzembeck,710,2025,11,331,FALSE,4YR JR,TRUE,150000,150000,,P
2967,42887,Dusty Revis,891,2025,11,332,FALSE,4YR SR,TRUE,150000,150000,,P
2968,67550,Luke Dotson,488,2025,11,333,FALSE,4YR SO,TRUE,500000,150000,2.846153846,P
2969,57807,Holden deJong,540,2025,11,334,FALSE,4YR JR,TRUE,150000,150000,,P
2970,54232,Justin Thomas,36,2025,11,336,FALSE,4YR JR,TRUE,177500,150000,0.365384615,OF
2971,61500,Colin Daniel,805,2025,11,337,FALSE,4YR JR,TRUE,150000,150000,,P
2972,116428,Hunter Alberini,31,2025,11,338,FALSE,4YR JR,TRUE,150000,150000,,P
2973,56128,Will Vierling,516,2025,11,341,FALSE,4YR JR,TRUE,150000,150000,,C
2974,58913,Tyler Howard,619,2025,11,342,FALSE,4YR JR,TRUE,150000,150000,,C
2975,21487,Ben Grable,349,2025,11,344,FALSE,4YR 5S,TRUE,150000,150000,,P
2976,67733,Ely Brown,462,2025,12,346,FALSE,4YR JR,TRUE,172500,150000,0.326923077,
2977,45040,Wilson Weber,589,2025,12,348,FALSE,4YR SR,TRUE,100000,150000,,C
2978,58394,Ben Moore,582,2025,12,351,FALSE,4YR JR,TRUE,150000,150000,,P
2979,50734,Cameron Keshock,683,2025,12,353,FALSE,4YR JR,TRUE,150000,150000,,P
2980,117719,Carson Latimer,663,2025,12,354,FALSE,4YR JR,TRUE,150000,150000,,P
2981,61636,Cody Delvecchio,815,2025,12,356,FALSE,4YR JR,TRUE,150000,150000,,P
2982,54260,Brady Jones,295,2025,12,357,FALSE,4YR JR,TRUE,150000,150000,,P
2983,56065,Ethan Walker,372,2025,12,358,FALSE,4YR JR,TRUE,500000,150000,2.846153846,P
2984,54230,Kolten Smith,292,2025,12,359,FALSE,4YR JR,TRUE,200000,150000,0.538461538,P
2985,44516,Kaden Echeman,554,2025,12,360,FALSE,4YR SR,TRUE,175000,150000,0.346153846,P
2986,60227,Connor Spencer,584,2025,12,361,FALSE,4YR GR,TRUE,100000,150000,,P
2987,52912,Grant Jay,201,2025,12,362,FALSE,4YR JR,TRUE,150000,150000,,C
2988,43545,Tayler Montiel,802,2025,12,363,FALSE,4YR SR,TRUE,100000,150000,,P
2989,48882,Jay Woolfolk,856,2025,12,367,FALSE,4YR SR,TRUE,150000,150000,,P
2990,54226,Matthew Hoskins,292,2025,12,368,FALSE,4YR JR,TRUE,150000,150000,,P
2991,55829,George Bilecki,403,2025,12,370,FALSE,4YR JR,TRUE,150000,150000,,OF
2992,42184,Tyler Bowen,390,2025,12,371,FALSE,4YR SR,TRUE,150000,150000,,P
2993,59535,Ryan DeSanto,601,2025,12,372,FALSE,4YR JR,TRUE,150000,150000,,P
2994,73413,Truman Pauley,318,2025,12,373,FALSE,4YR SO,TRUE,400000,150000,2.076923077,P
2995,38814,Camden Troyer,405,2025,12,374,FALSE,4YR SR,TRUE,150000,150000,,OF
2996,57110,Logan Lunceford,864,2025,12,375,FALSE,4YR JR,TRUE,150000,150000,,P
2997,61153,Rylan Galvan,781,2025,13,376,FALSE,4YR JR,TRUE,150000,150000,,C
2998,45181,Chase Renner,601,2025,13,378,FALSE,4YR SR,TRUE,150000,150000,,P
2999,48490,Bryan Arendt,829,2025,13,380,FALSE,4YR SR,TRUE,100000,150000,,C
3000,56112,Tucker Biven,421,2025,13,381,FALSE,4YR JR,TRUE,150000,150000,,P
3001,70069,Trace Baker,829,2025,13,382,FALSE,4YR JR,TRUE,150000,150000,,P
3002,51721,Dylan Mathiesen,405,2025,13,383,FALSE,4YR JR,TRUE,150000,150000,,P
3003,48295,Brady Afthim,816,2025,13,384,FALSE,4YR SR,TRUE,150000,150000,,P
3004,40404,Broedy Poppell,266,2025,13,386,FALSE,4YR SR,TRUE,50000,150000,,C
3005,62362,Jack Winnay,864,2025,13,388,FALSE,4YR JR,TRUE,150000,150000,,3B
3006,54552,Callan Fang,318,2025,13,389,FALSE,4YR JR,TRUE,177500,150000,0.365384615,P
3007,59510,Jake Shelagowski,665,2025,13,390,FALSE,4YR JR,TRUE,150000,150000,,P
3008,57087,Nate Williams,488,2025,13,391,FALSE,4YR SR,TRUE,150000,150000,,P
3009,16169,Alex Galvan,813,2025,13,393,FALSE,4YR 5S,TRUE,100000,150000,,P
3010,100131,Brayden Smith,581,2025,13,394,FALSE,4YR JR,TRUE,150000,150000,,2B
3011,61834,Aubrey Smith,829,2025,13,396,FALSE,4YR JR,TRUE,150000,150000,,P
3012,115854,Logan Forsythe,420,2025,13,397,FALSE,4YR JR,TRUE,150000,150000,,P
3013,58729,Jack Goodman,551,2025,13,399,FALSE,4YR JR,TRUE,150000,150000,,SS
3014,50908,Dylan Grego,56,2025,13,400,FALSE,4YR JR,TRUE,150000,150000,,SS
3015,55105,Aaron Savary,353,2025,13,402,FALSE,4YR JR,TRUE,150000,150000,,P
3016,61581,Frank Camarillo,811,2025,13,403,FALSE,4YR JR,TRUE,150000,150000,,P
3017,38544,Kyle West,888,2025,13,404,FALSE,4YR SR,TRUE,150000,150000,,OF
3018,62691,Robby Porco,888,2025,13,405,FALSE,4YR JR,TRUE,147500,150000,,P
3019,38518,Max Banks,870,2025,14,406,FALSE,4YR SR,TRUE,150000,150000,,P
3020,116712,Luke Broderick,525,2025,14,407,FALSE,4YR JR,TRUE,165000,150000,0.269230769,P
3021,116065,Carson Laws,785,2025,14,408,FALSE,4YR JR,TRUE,150000,150000,,P
3022,24344,Griffin Kirn,888,2025,14,410,FALSE,4YR 5S,TRUE,150000,150000,,P
3023,61502,Nick Hollifield,805,2025,14,411,FALSE,4YR JR,TRUE,150000,150000,,C
3024,68212,Bryce Archie,712,2025,14,414,FALSE,4YR JR,TRUE,150000,150000,,P
3025,37230,Jacob Hartlaub,56,2025,14,417,FALSE,4YR SR,TRUE,150000,150000,,P
3026,51459,Carter Rasmussen,932,2025,14,418,FALSE,4YR JR,TRUE,150000,150000,,P
3027,62039,Merit Jones,841,2025,14,419,FALSE,4YR JR,TRUE,150000,150000,,P
3028,52717,Anthony Watts,353,2025,14,420,FALSE,4YR JR,TRUE,150000,150000,,P
3029,53841,Luke Heyman,265,2025,14,422,FALSE,4YR JR,TRUE,230000,150000,0.769230769,C
3030,101758,Josh Wakefield,302,2025,14,426,FALSE,4YR JR,TRUE,150000,150000,,OF
3031,61977,Mathieu Curtis,858,2025,14,427,FALSE,4YR JR,TRUE,150000,150000,,P
3032,40900,Beau Ankeney,414,2025,14,429,FALSE,4YR SR,TRUE,150000,150000,,1B
3033,61793,Clay Edmondson,826,2025,14,430,FALSE,4YR SR,TRUE,100000,150000,,P
3034,29207,Jonathan Gonzalez,756,2025,14,431,FALSE,4YR GR,TRUE,50000,150000,,P
3035,61072,Anthony Silva,775,2025,14,432,FALSE,4YR JR,TRUE,150000,150000,,SS
3036,115874,James Smith IV,461,2025,14,433,FALSE,4YR JR,FALSE,0,150000,,OF
3037,27587,Brennan Stuprich,714,2025,14,434,FALSE,4YR GR,TRUE,150000,150000,,P
3038,54255,Davis Chastain,292,2025,14,435,FALSE,4YR JR,TRUE,147500,150000,,P
3039,47680,Caedmon Parker,775,2025,15,436,FALSE,4YR JR,TRUE,150000,150000,,P
3040,69649,Dylan Crooks,580,2025,15,437,FALSE,4YR SR,TRUE,175000,150000,0.346153846,P
3041,69768,Josh Hogue,523,2025,15,438,FALSE,4YR JR,TRUE,150000,150000,,OF
3042,45024,Jacob Walsh,588,2025,15,441,FALSE,4YR SR,TRUE,150000,150000,,1B
3043,41923,Jake Casey,371,2025,15,442,FALSE,4YR SR,TRUE,150000,150000,,OF
3044,57559,Andrew Shaffner,523,2025,15,444,FALSE,4YR JR,TRUE,240000,150000,0.846153846,P
3045,62262,Luke Hanson,856,2025,15,445,FALSE,4YR JR,TRUE,150000,150000,,SS
3046,61221,Damian Bravo,786,2025,15,446,FALSE,4YR JR,TRUE,150000,150000,,3B
3047,62687,Skylar King,888,2025,15,448,FALSE,4YR JR,TRUE,150000,150000,,OF
3048,61587,Reed Moring,811,2025,15,449,FALSE,4YR JR,TRUE,100000,150000,,P
3049,47383,Trevor Haskins,753,2025,15,450,FALSE,4YR SR,TRUE,100000,150000,,SS
3050,37733,Noah Edders,799,2025,15,451,FALSE,4YR SR,TRUE,100000,150000,,P
3051,116121,Brayden Corn,891,2025,15,452,FALSE,4YR JR,TRUE,150000,150000,,OF
3052,50737,Hayden Murphy,43,2025,15,453,FALSE,4YR JR,TRUE,150000,150000,,P
3053,51367,DJ Newman,89,2025,15,456,FALSE,4YR JR,TRUE,202500,150000,0.557692308,P
3054,58499,Dallas Macias,589,2025,15,457,FALSE,4YR JR,TRUE,150000,150000,,OF
3055,53190,Connor Rasmussen,802,2025,15,458,FALSE,4YR JR,TRUE,150000,150000,,SS
3056,51998,Charlie Christensen,135,2025,15,459,FALSE,4YR JR,TRUE,150000,150000,,P
3057,58862,Ryan Reed,614,2025,15,460,FALSE,4YR JR,TRUE,150000,150000,,P
3058,55083,Jacob Pruitt,488,2025,15,461,FALSE,4YR JR,TRUE,150000,150000,,P
3059,55149,Evan Chrest,267,2025,15,462,FALSE,4YR JR,TRUE,150000,150000,,P
3060,100621,Conner Ware,422,2025,15,463,FALSE,4YR JR,TRUE,150000,150000,,P
3061,46773,Jack Cebert,786,2025,15,464,FALSE,4YR SR,TRUE,150000,150000,,P
3062,18643,Matt Lanzendorfer,856,2025,15,465,FALSE,4YR GR,TRUE,147500,150000,,P
3063,68107,Kaleb Freeman,294,2025,16,466,FALSE,4YR SR,TRUE,150000,150000,,C
3064,43470,Seth Clausen,483,2025,16,467,FALSE,4YR SR,TRUE,50000,150000,,P
3065,61339,RJ Shunck,792,2025,16,468,FALSE,4YR JR,TRUE,100000,150000,,P
3066,61231,Gage Harrelson,267,2025,16,469,FALSE,4YR JR,TRUE,150000,150000,,OF
3067,27423,Jackson Phipps,357,2025,16,470,FALSE,4YR 5S,TRUE,100000,150000,,P
3068,52379,Levi Huesman,852,2025,16,471,FALSE,4YR JR,TRUE,150000,150000,,P
3069,50193,Jaxson West,267,2025,16,472,FALSE,4YR JR,TRUE,150000,150000,,C
3070,42651,Eddie King Jr.,421,2025,16,473,FALSE,4YR SR,TRUE,125000,150000,,OF
3071,62243,Maison Martinez,267,2025,16,474,FALSE,4YR JR,TRUE,147500,150000,,P
3072,39783,Garrett Langrell,186,2025,16,476,FALSE,4YR GR,TRUE,50000,150000,,P
3073,54280,Riley Stanford,295,2025,16,477,FALSE,4YR JR,TRUE,150000,150000,,OF
3074,41887,Jason Gilman,368,2025,16,478,FALSE,4YR GR,TRUE,150000,150000,,P
3075,69167,Jonathan Stevens,8,2025,16,479,FALSE,4YR SO,TRUE,172400,150000,0.326153846,P
3076,116633,Alex Breckheimer,366,2025,16,480,FALSE,4YR JR,TRUE,200000,150000,0.538461538,P
3077,69950,Riely Hunsaker,388,2025,16,481,FALSE,4YR SR,TRUE,45000,150000,,P
3078,50537,Casey Hintz,31,2025,16,482,FALSE,4YR JR,TRUE,150000,150000,,P
3079,41879,Collin Rothermel,356,2025,16,483,FALSE,4YR SR,TRUE,100000,150000,,P
3080,50609,Parker Coil,36,2025,16,485,FALSE,4YR JR,FALSE,0,150000,,P
3081,48173,Chase Call,808,2025,16,486,FALSE,4YR SR,TRUE,20000,150000,,OF
3082,57636,Randy Ramnarace,529,2025,16,488,FALSE,4YR JR,TRUE,150000,150000,,P
3083,51036,Joe Ruzicka,65,2025,16,489,FALSE,4YR SR,TRUE,150000,150000,,P
3084,61723,Cardell Thibodeaux,725,2025,16,490,FALSE,4YR JR,TRUE,150000,150000,,OF
3085,116670,Zack Mack,414,2025,16,493,FALSE,4YR SR,TRUE,150000,150000,,P
3086,57108,Jackson Lovich,490,2025,16,494,FALSE,4YR JR,TRUE,150000,150000,,SS
3087,68733,AJ Soldra,694,2025,16,495,FALSE,4YR SO,TRUE,147500,150000,,OF
3088,120391,Derek Cerda,366,2025,17,496,FALSE,4YR JR,TRUE,150000,150000,,OF
3089,57560,Derrick Smith,523,2025,17,497,FALSE,4YR JR,TRUE,100000,150000,,P
3090,59782,Xavier Cardenas III,685,2025,17,498,FALSE,4YR JR,TRUE,100000,150000,,P
3091,115445,Jared Davis,858,2025,17,500,FALSE,4YR JR,TRUE,100000,150000,,SS
3092,60613,Bryce Molinaro,601,2025,17,501,FALSE,4YR JR,FALSE,0,150000,,3B
3093,38564,Dylan King,799,2025,17,504,FALSE,4YR SR,TRUE,150000,150000,,P
3094,62284,Brody Donay,265,2025,17,507,FALSE,4YR JR,TRUE,150000,150000,,C
3095,58416,Patrick Galle,584,2025,17,508,FALSE,4YR SO,TRUE,150000,150000,,P
3096,59491,JP Smith,663,2025,17,509,FALSE,4YR JR,TRUE,75000,150000,,3B
3097,41412,Cameron Nickens,51,2025,17,510,FALSE,4YR SR,TRUE,50000,150000,,OF
3098,62221,Logan Poteet,145,2025,17,511,FALSE,4YR JR,TRUE,180000,150000,0.384615385,C
3099,58190,Anthony Karoly,567,2025,17,512,FALSE,4YR JR,TRUE,50000,150000,,P
3100,52129,Joel Sarver,145,2025,17,513,FALSE,4YR 5S,TRUE,75000,150000,,P
3101,61073,Braeden Sloan,775,2025,17,514,FALSE,4YR JR,TRUE,150000,150000,,P
3102,58424,Grayson Saunier,781,2025,17,516,FALSE,4YR JR,TRUE,150000,150000,,P
3103,57926,Brody Fowler,549,2025,17,517,FALSE,4YR JR,TRUE,150000,150000,,P
3104,102099,Luke Nowak,817,2025,17,518,FALSE,4YR SR,TRUE,100000,150000,,OF
3105,63167,Tyler Schmitt,345,2025,17,520,FALSE,4YR JR,TRUE,150000,150000,,P
3106,63824,Richie Cortese,390,2025,17,521,FALSE,4YR SR,TRUE,150000,150000,,P
3107,57557,Cannon Peebles,776,2025,17,522,FALSE,4YR JR,TRUE,150000,150000,,C
3108,51476,Ryan Osinski,856,2025,17,524,FALSE,4YR JR,TRUE,150000,150000,,P
3109,57107,Sam Horn,490,2025,17,525,FALSE,4YR JR,TRUE,497500,150000,2.826923077,P
3110,67671,Landen Payne,722,2025,18,526,FALSE,4YR SR,TRUE,150000,150000,,P
3111,55017,Tyrelle Chadwick,347,2025,18,527,FALSE,4YR JR,TRUE,125000,150000,,P
3112,118097,Hayden Cutherbertson,470,2025,18,528,FALSE,4YR JR,TRUE,100000,150000,,P
3113,99860,Angelo Smith,813,2025,18,529,FALSE,4YR JR,TRUE,150000,150000,,P
3114,38804,Jay Dill,799,2025,18,530,FALSE,4YR SR,TRUE,100000,150000,,P
3115,40329,Owen Puk,261,2025,18,531,FALSE,4YR SR,TRUE,150000,150000,,P
3116,49111,Will Cresswell,872,2025,18,532,FALSE,4YR SR,TRUE,100000,150000,,C
3117,58502,Canon Reeder,589,2025,18,533,FALSE,4YR JR,TRUE,150000,150000,,OF
3118,54990,Julius Sanchez,345,2025,18,535,FALSE,4YR JR,TRUE,150000,150000,,P
3119,48039,Cooper McGrath,551,2025,18,536,FALSE,4YR GR,TRUE,10000,150000,,P
3120,44962,Brayden Jones,584,2025,18,537,FALSE,4YR GR,TRUE,75000,150000,,P
3121,53839,Cade Fisher,43,2025,18,538,FALSE,4YR JR,TRUE,150000,150000,,P
3122,48200,Matthew Dalquist,810,2025,18,539,FALSE,4YR SR,TRUE,150000,150000,,P
3123,60175,Dylan Driessen,711,2025,18,540,FALSE,4YR JR,TRUE,125000,150000,,P
3124,54186,Connor Knox,289,2025,18,541,FALSE,4YR JR,TRUE,140000,150000,,P
3125,62295,Griffin Stieg,858,2025,18,542,FALSE,4YR JR,FALSE,0,150000,,P
3126,70840,Raul Garayzar,31,2025,18,543,FALSE,4YR SR,TRUE,100000,150000,,P
3127,57953,Aiven Cabral,551,2025,18,547,FALSE,4YR JR,TRUE,100000,150000,,P
3128,41872,Landry Jurecka,630,2025,18,550,FALSE,4YR SR,TRUE,75000,150000,,P
3129,38843,Matthew Potok,163,2025,18,551,FALSE,4YR SR,TRUE,150000,150000,,P
3130,61236,Zane Petty,786,2025,18,552,FALSE,4YR JR,TRUE,100000,150000,,P
3131,56129,Justin West,421,2025,18,554,FALSE,4YR JR,TRUE,150000,150000,,P
3132,42906,Nicholas Weyrich,440,2025,19,556,FALSE,4YR SR,TRUE,10000,150000,,P
3133,57607,Easton Marks,261,2025,19,557,FALSE,4YR JR,TRUE,150000,150000,,P
3134,69003,Peyton Fosher,527,2025,19,558,FALSE,4YR SR,TRUE,100000,150000,,P
3135,70794,Itsuki Takemoto,320,2025,19,560,FALSE,4YR SO,TRUE,125000,150000,,P
3136,71083,Luke Kovach,105,2025,19,562,FALSE,4YR SR,TRUE,150000,150000,,P
3137,115955,Brandon Cain,580,2025,19,563,FALSE,4YR JR,TRUE,100000,150000,,OF
3138,44937,Blake Morgan,582,2025,19,567,FALSE,4YR SR,TRUE,50000,150000,,P
3139,46743,Matthew Becker,710,2025,19,569,FALSE,4YR SR,TRUE,25000,150000,,P
3140,101994,Liam Best,29,2025,19,570,FALSE,4YR SR,TRUE,100000,150000,,P
3141,48832,Jonathan Vastine,852,2025,19,580,FALSE,4YR SR,TRUE,50000,150000,,SS
3142,115801,Joe Scarborough,357,2025,19,583,FALSE,4YR JR,TRUE,150000,150000,,P
3143,45013,Anson Aroz,588,2025,19,585,FALSE,4YR SR,TRUE,147500,150000,,C
3144,62293,Andrew Sentlinger,858,2025,20,586,FALSE,4YR JR,TRUE,150000,150000,,P
3145,50786,Ethan Cole,47,2025,20,587,FALSE,4YR JR,TRUE,150000,150000,,P
3146,69114,Cannon Pickell,891,2025,20,588,FALSE,4YR 5S,TRUE,5000,150000,,P
3147,58426,Sam Tookoian,584,2025,20,589,FALSE,4YR JR,TRUE,50000,150000,,P
3148,59477,Kade Brown,663,2025,20,590,FALSE,4YR JR,TRUE,125000,150000,,P
3149,50232,Juan Cruz,11,2025,20,591,FALSE,4YR JR,TRUE,150000,150000,,1B
3150,116470,Garrison Sumner,101,2025,20,598,FALSE,4YR JR,FALSE,0,150000,,P
3151,116430,Michael Hilker,31,2025,20,599,FALSE,4YR JR,TRUE,125000,150000,,P
3152,38452,Chase Heath,138,2025,20,600,FALSE,4YR SR,TRUE,5000,150000,,C
3153,51568,Freddy Rodriguez,320,2025,20,601,FALSE,4YR JR,TRUE,50000,150000,,P
3154,58168,Estevan Moreno,565,2025,20,602,FALSE,4YR JR,TRUE,150000,150000,,SS
3155,58912,Curtis Hebert,619,2025,20,606,FALSE,4YR JR,TRUE,150000,150000,,SS
3156,62728,Hayden Friese,891,2025,20,607,FALSE,4YR JR,TRUE,100000,150000,,OF
3157,54256,Kameron Douglas,11,2025,20,609,FALSE,4YR JR,TRUE,150000,150000,,OF
3158,40192,Luke Cantwell,614,2025,20,610,FALSE,4YR SR,TRUE,50000,150000,,1B
3159,59224,Garrett Stratton,643,2025,20,613,FALSE,4YR JR,TRUE,150000,150000,,P
3160,48283,Bryce Martin-Grudzielanek,717,2025,20,614,FALSE,4YR SR,TRUE,150000,150000,,SS
