id,games_played,putouts,assists,total_chances,errors,fielding_percentage,catchers_interference,passed_balls,stolen_bases_allowed,caught_stealing_by,double_plays_turned,range_factor,year,team_id
1,59,4508,3110,4613,161,0.965,1,46,406,101,291,5.25,2023,2
2,61,4371,3296,4502,161,0.964,1,54,276,103,305,2.53,2023,6
3,56,3925,2808,4134,233,0.944,0,44,520,96,173,0.29,2023,7
4,64,4743,1585,6465,137,0.979,0,17,276,77,393,4.24,2023,8
5,49,3045,2363,3006,234,0.922,0,78,579,89,163,1.6,2023,9
6,59,4151,1242,5598,205,0.963,0,44,394,83,251,8.53,2023,11
7,47,3428,2467,3553,136,0.962,1,44,424,99,222,2.25,2023,806
8,46,2651,1845,2852,272,0.905,4,74,798,117,147,1.51,2023,16
9,55,4152,2903,4294,177,0.959,1,22,376,112,293,4.48,2023,29
10,64,4984,3560,5190,196,0.962,1,37,242,78,384,3.19,2023,31
11,57,4468,3227,4674,169,0.964,0,33,325,82,406,1.52,2023,32
12,67,5039,3504,5040,129,0.974,0,21,259,99,434,5.23,2023,36
13,51,3815,1188,5220,217,0.958,0,41,528,104,214,0.15,2023,37
14,56,4177,2929,4324,160,0.963,0,36,264,96,357,0.29,2023,39
15,65,4654,1535,6325,136,0.979,0,31,214,79,386,0.18,2023,43
16,58,4387,2910,4512,197,0.956,0,42,479,116,334,0.29,2023,51
17,59,4306,2782,4274,152,0.964,0,28,336,129,218,0.3,2023,56
18,55,4200,2940,4391,179,0.959,0,27,276,117,350,0.21,2023,62
19,54,3992,2809,4101,212,0.948,1,48,418,90,278,0.11,2023,64
20,58,3099,2662,2672,145,0.946,0,29,239,100,164,0.5,2023,77
21,52,3525,1196,4853,132,0.973,0,28,505,82,231,0.06,2023,78
22,56,4200,2813,4233,142,0.967,0,29,336,114,330,0.87,2023,87
23,52,3644,2434,3680,130,0.965,1,38,308,103,256,0.6,2023,89
24,49,3529,2356,3422,151,0.956,0,32,272,82,191,0.77,2023,90
25,38,1928,696,2721,97,0.964,0,23,204,54,106,1.25,2023,96
26,54,3900,2893,3847,190,0.951,0,37,312,96,265,0.25,2023,97
27,48,3139,2369,3174,148,0.953,1,20,237,78,240,0,2023,98
28,56,3767,2838,3797,220,0.942,1,48,500,108,208,0,2023,100
29,54,4090,3098,4408,214,0.952,0,37,244,74,349,0,2023,101
30,58,4492,1655,6300,153,0.976,0,13,198,83,294,3,2023,105
31,56,4424,3043,4601,166,0.964,0,19,179,104,325,0,2023,109
32,54,3832,3013,4001,150,0.963,0,27,166,71,323,1,2023,190
33,56,4302,3131,4519,188,0.958,1,27,276,108,341,0,2023,114
34,61,4675,1622,6513,216,0.967,2,22,508,90,325,1,2023,120
35,54,3553,1201,4918,164,0.967,0,58,318,78,239,9.02,2023,121
36,50,3719,2681,3953,135,0.966,1,32,290,115,297,4.08,2023,136
37,62,4489,1440,6091,162,0.973,2,34,256,94,224,1.92,2023,137
38,52,3785,1243,5256,228,0.957,0,21,395,94,226,0.14,2023,144
39,64,4742,1492,6388,154,0.976,1,20,421,66,319,2.53,2023,145
40,55,4281,3065,4582,172,0.963,0,27,336,112,345,1.93,2023,152
41,63,4592,3126,4710,170,0.964,0,44,274,96,306,4.29,2023,160
42,63,4586,1629,6405,190,0.97,0,28,292,115,395,1.63,2023,163
43,57,4436,3144,4654,204,0.956,0,31,263,91,304,5.9,2023,167
44,50,2459,899,3464,106,0.969,0,28,86,61,198,1.08,2023,173
45,66,4793,3198,4476,161,0.964,0,23,282,109,283,3.41,2023,816
46,54,3528,1246,4989,215,0.957,2,44,820,92,202,0.17,2023,181
47,36,1818,651,2577,108,0.958,1,28,295,58,123,0.61,2023,182
48,49,3559,1285,4948,104,0.979,0,38,260,73,245,0.36,2023,186
49,52,3851,2818,3956,223,0.944,0,27,252,125,311,0,2023,188
50,43,2157,752,3008,99,0.967,0,26,192,50,112,1.95,2023,196
51,56,4149,2973,4212,180,0.957,0,42,262,86,291,0.48,2023,198
52,59,4083,1423,5766,260,0.955,2,55,460,110,252,3.81,2023,200
53,59,3740,1387,5307,180,0.966,2,53,306,99,283,0.61,2023,204
54,48,3310,2397,3579,230,0.936,1,42,491,117,216,0.44,2023,205
55,63,4572,2900,4668,164,0.965,0,38,262,82,263,0.81,2023,217
56,67,5180,3431,5087,138,0.973,0,35,348,125,300,0.87,2023,220
57,55,4010,1494,5671,167,0.971,0,20,259,79,252,0.33,2023,248
58,59,4163,1397,5711,151,0.974,0,32,348,106,323,0.11,2023,227
59,59,4433,3168,4610,175,0.962,0,38,290,155,372,0.13,2023,228
60,56,3964,2781,4082,167,0.959,0,55,314,131,267,0.5,2023,229
61,61,4434,3024,4618,144,0.969,0,28,354,81,362,0.17,2023,250
62,55,3851,1307,5307,149,0.972,0,27,276,72,247,0,2023,251
63,53,3809,2822,3844,195,0.949,0,52,428,118,305,0,2023,254
64,71,5193,1727,7092,172,0.976,3,45,266,57,309,0,2023,265
65,59,4322,1532,6089,235,0.961,0,57,311,148,263,0,2023,266
66,59,4525,1397,6085,163,0.973,0,25,214,114,312,0,2023,262
67,55,4044,1344,5576,188,0.966,1,73,400,96,304,2.73,2023,261
68,59,4522,3192,4571,207,0.955,0,50,148,79,288,3.29,2023,267
69,55,3903,2744,3999,172,0.957,0,41,456,122,267,2.16,2023,270
70,56,3869,1377,5479,233,0.958,0,40,477,147,249,0.48,2023,628
71,56,4140,1503,5843,200,0.966,3,22,190,116,370,3.06,2023,280
72,63,4131,1373,5697,193,0.966,1,32,396,81,303,3.57,2023,289
73,55,3889,2790,4026,203,0.95,1,36,292,115,246,6.48,2023,290
74,57,3704,2867,3639,170,0.953,0,27,297,87,270,4.51,2023,291
75,59,4525,2967,4416,128,0.971,0,29,208,80,268,3.29,2023,292
76,61,4573,3232,4654,165,0.965,1,39,336,71,308,2.32,2023,282
77,57,4472,1422,6110,216,0.965,1,37,362,100,263,5.42,2023,294
78,60,4597,1450,6249,202,0.968,1,31,307,71,315,0.26,2023,295
79,56,4287,2935,4233,123,0.971,0,23,380,91,270,5.48,2023,299
80,57,3902,2843,3996,255,0.936,0,75,558,116,218,0.62,2023,301
81,44,2211,678,2993,104,0.965,1,23,210,75,132,1.62,2023,318
82,52,3974,2961,4210,177,0.958,0,31,247,76,321,0.6,2023,320
83,53,3749,2814,3772,139,0.963,0,35,404,130,273,0.58,2023,331
84,61,4555,1634,6323,134,0.979,0,19,320,130,342,0.11,2023,337
85,53,3835,1284,5354,235,0.956,0,50,412,114,222,0.83,2023,338
86,53,3931,1309,5366,126,0.977,0,27,220,78,263,0.63,2023,345
87,57,4057,2702,4140,169,0.959,0,27,414,81,273,3.08,2023,347
88,52,3768,1474,5395,153,0.972,0,13,226,95,370,0.23,2023,817
89,63,4357,2979,4313,179,0.959,0,24,228,73,227,5.36,2023,349
90,62,4320,1496,5953,137,0.977,0,29,170,87,305,0.4,2023,351
91,49,2741,2156,2599,192,0.926,2,53,570,105,114,0.2,2023,352
92,60,4189,2916,4196,129,0.969,0,29,196,55,261,0.33,2023,353
93,56,3804,2697,3729,196,0.947,1,46,481,139,195,0,2023,355
94,58,4321,1448,5947,178,0.97,2,54,380,112,276,0,2023,356
95,57,4276,1553,5991,162,0.973,0,35,268,115,343,0,2023,357
96,56,3583,2716,3576,161,0.955,1,23,368,85,284,0,2023,358
97,57,4391,3067,4663,165,0.965,0,35,316,122,355,0,2023,366
98,59,4515,1608,6309,186,0.971,1,37,302,109,279,2.03,2023,367
99,58,4201,2841,4448,192,0.957,1,35,354,119,253,4.03,2023,371
100,61,4471,3060,4479,122,0.973,0,23,218,56,315,7.47,2023,372
101,52,3220,2381,3234,201,0.938,0,45,415,69,203,1.88,2023,384
102,58,4220,3086,4261,155,0.964,2,28,180,117,256,2.93,2023,388
103,60,4593,1482,6233,158,0.975,0,25,308,95,290,1.32,2023,405
104,54,4049,2844,4298,197,0.954,0,29,332,102,316,4.04,2023,412
105,55,4110,1310,5556,136,0.976,2,16,130,110,240,8.33,2023,416
106,58,3920,1282,5428,226,0.958,1,40,314,118,201,2.19,2023,413
107,54,4030,2914,4248,216,0.949,0,45,446,120,276,1.7,2023,417
108,64,4853,1756,6804,195,0.971,0,34,330,110,379,0.23,2023,420
109,64,4505,1315,5994,174,0.971,1,23,184,94,330,0.94,2023,421
110,55,4168,2989,4217,168,0.96,0,37,260,73,293,0.5,2023,414
111,71,5169,1451,6824,204,0.97,1,41,232,85,286,0.12,2023,422
112,53,3702,2565,3757,166,0.956,3,43,492,85,242,1.45,2023,429
113,56,3493,1172,4869,204,0.958,0,25,426,119,161,0.16,2023,432
114,52,3156,2255,3061,172,0.944,0,28,286,87,233,0.56,2023,438
115,55,3884,2867,3915,172,0.956,1,24,383,105,284,0.29,2023,440
116,63,4596,3387,4690,173,0.963,0,49,335,86,300,0.65,2023,446
117,62,4625,1668,6472,179,0.972,0,25,300,121,326,0.35,2023,457
118,57,4336,2941,4486,175,0.961,0,30,474,149,264,0,2023,461
119,58,4517,3125,4572,150,0.967,0,31,312,106,296,0.69,2023,462
120,51,3666,1390,5231,175,0.967,2,25,456,108,293,0.19,2023,466
121,63,4680,1513,6357,164,0.974,0,30,154,61,355,0.31,2023,469
122,56,4196,1323,5725,206,0.964,2,64,332,93,243,0.25,2023,470
123,62,4282,1488,5929,159,0.973,0,27,305,84,315,0.29,2023,471
124,55,3999,1400,5570,171,0.969,1,21,286,149,342,0.83,2023,472
125,56,4234,3051,4453,192,0.957,0,34,331,91,348,0.27,2023,473
126,57,4025,2824,4414,177,0.96,1,47,365,161,291,0.18,2023,479
127,52,3697,1375,5249,177,0.966,1,23,425,86,258,0.2,2023,483
128,68,4639,1348,6146,159,0.974,0,29,255,74,286,0.11,2023,488
129,52,2656,1919,2712,235,0.913,0,42,455,87,143,0.63,2023,489
130,54,3974,2667,4070,143,0.965,2,42,296,58,272,0.43,2023,490
131,60,4185,1403,5776,188,0.968,3,18,308,90,350,0,2023,492
132,51,3406,2486,3251,147,0.955,0,22,300,78,195,0.17,2023,499
133,56,4005,1464,5667,198,0.965,0,21,296,74,347,0,2023,505
134,52,3494,1261,4954,199,0.96,1,31,474,89,215,0,2023,509
135,59,4500,1535,6250,215,0.966,0,39,449,103,268,1.74,2023,516
136,50,3134,2206,3153,115,0.964,1,32,262,78,215,2.36,2023,522
137,57,4551,1483,6200,166,0.973,0,39,231,77,283,6.8,2023,523
138,57,4132,1450,5722,140,0.976,0,24,181,68,259,3.84,2023,525
139,55,3987,2933,4031,157,0.961,0,20,188,86,351,3.6,2023,527
140,54,3767,1494,5430,169,0.969,0,14,228,77,386,2.22,2023,531
141,58,4106,3070,4229,195,0.954,0,23,328,129,394,1.8,2023,532
142,60,4321,1483,5973,169,0.972,0,18,344,107,418,4.55,2023,533
143,54,3366,1054,4604,184,0.96,0,48,342,107,189,1.42,2023,536
144,57,4285,1587,6050,178,0.971,0,23,436,99,279,2.34,2023,537
145,53,3904,1260,5340,176,0.967,0,12,306,104,251,1.04,2023,540
146,52,3646,2492,3958,288,0.927,1,92,658,108,234,2.67,2023,541
147,53,3775,1141,5123,207,0.96,0,53,396,144,186,1.13,2023,542
148,64,4787,3267,4634,164,0.965,0,34,249,84,347,1,2023,543
149,52,3908,1292,5408,208,0.962,1,45,354,138,291,0.64,2023,519
150,61,4188,1423,5790,179,0.969,2,46,316,71,306,2.57,2023,546
151,60,4469,3313,4604,148,0.968,2,33,253,79,321,0.64,2023,551
152,50,3403,2433,3418,224,0.935,2,64,487,118,207,1,2023,553
153,54,3850,2688,4073,227,0.944,0,41,690,152,230,0.54,2023,539
154,57,3991,2785,4108,160,0.961,0,28,418,101,219,1.08,2023,554
155,51,3506,2689,3697,164,0.956,3,30,320,112,263,0.42,2023,559
156,56,4177,2856,4348,183,0.958,0,44,486,120,241,0.45,2023,561
157,58,4240,3214,4382,122,0.972,0,36,182,89,338,0.18,2023,565
158,60,4135,1393,5731,203,0.965,0,18,286,122,217,0,2023,569
159,53,3807,2773,4012,156,0.961,0,48,334,97,250,0.27,2023,573
160,55,3885,2749,3987,187,0.953,0,32,410,86,228,0.1,2023,576
161,69,4869,1834,6414,199,0.969,2,36,306,96,321,2.56,2023,580
162,64,4772,1517,6435,146,0.977,0,26,359,94,294,0,2023,581
163,60,4566,1547,6288,175,0.972,2,20,358,89,290,0,2023,582
164,67,4831,1323,6310,156,0.975,0,20,287,82,224,0.8,2023,584
165,57,3901,2854,3813,174,0.954,2,27,274,97,265,0,2023,586
166,66,4666,3139,4813,140,0.971,2,20,212,84,344,0,2023,587
167,63,4779,3307,4900,142,0.971,0,17,249,83,421,0,2023,588
168,66,5050,3428,4945,121,0.976,0,23,230,84,365,0,2023,589
169,51,3939,1341,5489,209,0.962,0,37,374,140,327,3.39,2023,595
170,50,2952,897,3971,122,0.969,2,32,247,85,167,2.95,2023,599
171,55,3852,2931,3869,194,0.95,0,31,246,75,285,2.54,2023,601
172,50,3782,1349,5284,153,0.971,1,46,278,83,302,9.47,2023,607
173,56,4044,1413,5607,150,0.973,0,35,302,61,289,3.02,2023,614
174,54,4189,1310,5679,180,0.968,0,17,290,99,243,2.68,2023,619
175,56,3568,1391,5207,248,0.952,0,41,344,106,282,6.79,2023,621
176,47,2217,805,3159,137,0.957,1,17,321,37,163,0.52,2023,623
177,53,3810,1391,5359,158,0.971,0,38,273,68,268,1.37,2023,627
178,56,3305,2476,3336,203,0.939,2,59,426,84,225,1.6,2023,633
179,54,3866,2753,4205,236,0.944,0,34,403,140,284,0.48,2023,634
180,55,4135,2964,4325,214,0.951,2,52,296,119,251,0.11,2023,640
181,56,4270,1567,6025,188,0.969,1,45,328,171,314,0.68,2023,643
182,56,3800,1247,5234,187,0.964,0,25,258,105,257,0.68,2023,644
183,57,3838,1261,5241,142,0.973,0,26,292,78,293,0.6,2023,645
184,59,4224,3008,4158,146,0.965,2,35,308,67,335,0.84,2023,660
185,58,4377,1547,6078,154,0.975,0,23,332,113,359,0.21,2023,663
186,56,4144,1357,5753,252,0.956,1,44,512,132,283,0.81,2023,664
187,54,3760,2817,3777,172,0.955,2,51,275,73,282,0.47,2023,668
188,56,4055,1511,5767,201,0.965,0,21,382,97,318,0.07,2023,670
189,51,4138,2841,4179,172,0.959,1,29,336,83,253,0.38,2023,672
190,50,2980,2262,2872,210,0.927,2,47,580,88,151,0,2023,675
191,64,4526,3083,4767,198,0.959,0,41,276,93,293,0.22,2023,682
192,62,4591,1535,6305,179,0.972,1,25,462,108,350,0.63,2023,683
193,57,4050,1331,5496,115,0.979,0,17,164,110,307,0.29,2023,684
194,55,4054,2891,3985,210,0.947,1,48,192,86,294,0.14,2023,685
195,57,4188,1492,5845,165,0.972,1,26,338,126,297,0,2023,687
196,58,3943,1428,5529,158,0.971,0,38,340,109,343,0,2023,688
197,56,4247,1363,5791,181,0.969,0,31,252,95,266,0.33,2023,689
198,54,4005,2854,4166,145,0.965,0,31,304,96,309,0,2023,694
199,53,3451,1163,4834,220,0.955,0,35,554,102,210,0,2023,702
200,55,4079,2796,4108,157,0.962,0,38,478,108,250,2.73,2023,705
201,58,4365,1470,5996,161,0.973,0,14,308,139,294,2.41,2023,709
202,63,4581,1442,6178,155,0.975,0,21,291,92,275,6.36,2023,710
203,52,3582,1272,5048,194,0.962,0,37,405,106,259,3.28,2023,711
204,59,4350,1414,5929,165,0.972,0,38,318,61,277,6.33,2023,713
205,61,4321,3192,4368,165,0.962,0,26,156,113,342,3.37,2023,714
206,54,3994,3004,4192,258,0.939,1,40,588,143,277,1.51,2023,725
207,58,4299,3020,4578,169,0.963,0,21,204,85,327,2.2,2023,717
208,60,4633,1703,6494,158,0.976,1,36,326,95,419,2.87,2023,719
209,55,3643,1261,5145,241,0.953,0,29,360,91,286,0.43,2023,720
210,66,5060,3489,5031,172,0.966,1,39,225,128,280,3.77,2023,722
211,47,3016,2243,3080,187,0.939,2,38,418,104,206,1.57,2023,736
212,55,3800,2832,3865,183,0.953,0,40,421,83,271,1.1,2023,740
213,47,3398,1158,4688,132,0.972,1,31,386,137,193,0.05,2023,750
214,65,5006,1587,6756,163,0.976,1,28,220,93,289,0.53,2023,753
215,50,3876,1343,5400,181,0.967,0,47,451,105,260,0.5,2023,697
216,57,4237,1378,5778,163,0.972,0,13,282,106,274,0.2,2023,756
217,49,3102,1037,4312,173,0.96,1,46,514,93,198,2,2023,760
218,52,3876,1396,5450,178,0.967,0,14,490,118,268,0.46,2023,761
219,68,4957,1776,6888,155,0.978,1,18,252,116,411,0.54,2023,775
220,68,5332,1674,7167,161,0.978,1,26,510,92,282,0.08,2023,776
221,57,4105,1357,5659,197,0.965,1,24,362,109,281,0.23,2023,777
222,69,5294,2007,7437,136,0.982,0,28,257,128,425,0.5,2023,781
223,65,4892,1751,6837,194,0.972,1,31,248,109,301,0,2023,782
224,53,3733,2684,3931,256,0.935,0,54,483,124,258,0.55,2023,784
225,61,4651,3215,4699,219,0.953,0,25,322,95,305,0.1,2023,785
226,64,4791,3323,4972,198,0.96,3,34,443,119,325,0,2023,786
227,57,4201,2999,4271,215,0.95,1,29,322,86,304,0.5,2023,788
228,58,4188,1409,5762,165,0.971,0,63,428,110,294,0.17,2023,792
229,57,4324,3117,4783,228,0.952,0,63,374,137,316,0,2023,793
230,62,4496,1544,6258,218,0.965,0,18,322,96,331,0,2023,799
231,61,4577,1579,6346,190,0.97,2,42,464,120,310,3.46,2023,802
232,56,4152,2912,4188,192,0.954,0,33,340,107,219,1.89,2023,805
233,57,3962,1433,5583,188,0.966,0,56,328,148,297,2.64,2023,807
234,61,4613,1585,6359,161,0.975,0,28,243,84,329,1.58,2023,808
235,53,4011,2875,4272,194,0.955,2,18,473,118,290,4.51,2023,809
236,54,4238,3060,4383,181,0.959,1,21,328,137,264,2.66,2023,810
237,61,4647,1515,6328,166,0.974,3,18,169,127,319,5.31,2023,811
238,61,4710,1639,6554,205,0.969,0,45,360,100,345,0.76,2023,813
239,64,4670,3340,4596,172,0.963,0,23,158,104,250,1.36,2023,815
240,65,4811,1627,6616,178,0.973,0,16,266,129,324,1.7,2023,419
241,56,4208,3031,4375,206,0.953,1,44,388,114,287,0.09,2023,820
242,49,3503,1248,4948,197,0.96,0,43,411,115,240,1.32,2023,452
243,58,4014,1350,5556,192,0.965,0,40,298,126,266,4.14,2023,823
244,57,3879,1358,5444,207,0.962,0,33,432,88,198,2.09,2023,824
245,55,2720,2372,2571,203,0.921,1,24,344,94,244,2.73,2023,825
246,52,3916,2965,4278,191,0.955,1,54,380,94,335,0.33,2023,826
247,63,4559,3380,4656,217,0.953,0,40,468,141,338,1.67,2023,827
248,57,4410,3105,4649,174,0.963,3,36,340,104,346,0.48,2023,829
249,58,3749,3031,3700,202,0.945,1,20,268,65,316,0.57,2023,832
250,61,4665,3201,4948,206,0.958,1,35,368,103,281,1.15,2023,712
251,58,4401,1450,6059,208,0.966,1,31,398,94,264,0.05,2023,838
252,56,3811,1276,5279,192,0.964,0,44,489,108,287,0.32,2023,839
253,55,4145,1629,5960,186,0.969,0,33,320,89,378,0.17,2023,841
254,58,4344,3078,4558,196,0.957,0,18,378,108,374,1.06,2023,845
255,58,4202,2915,4139,166,0.96,1,27,212,84,288,3.47,2023,846
256,51,3639,2451,3744,154,0.959,0,41,374,101,275,5.31,2023,851
257,67,5072,3193,5050,159,0.969,0,31,267,91,317,0.13,2023,852
258,62,4466,1403,6059,190,0.969,0,35,268,92,230,0.54,2023,854
259,51,3471,2504,3485,154,0.956,0,37,379,121,201,0.38,2023,855
260,65,4935,3101,5014,164,0.967,0,27,224,88,315,0.75,2023,856
261,59,4358,3085,4303,134,0.969,0,39,272,75,300,0.8,2023,858
262,56,4018,1338,5589,233,0.958,2,30,371,103,249,0.67,2023,859
263,56,3735,1283,5221,203,0.961,0,22,367,133,289,1.11,2023,863
264,66,4590,1495,6259,174,0.972,2,62,226,76,327,0.11,2023,864
265,56,4317,1527,5993,149,0.975,0,21,226,88,317,0.5,2023,870
266,52,4035,1404,5608,169,0.97,2,46,290,86,298,1.33,2023,872
267,60,4377,3059,4653,205,0.956,1,37,238,101,273,0,2023,888
268,58,4204,3128,4329,209,0.952,0,39,430,82,356,0,2023,891
269,52,3567,2668,3685,220,0.94,0,36,448,113,184,2.69,2023,892
270,58,4327,1578,6119,214,0.965,0,26,309,88,314,0.5,2023,893
271,56,4302,1485,5962,175,0.971,0,20,370,104,307,0.08,2023,906
272,56,3914,1380,5462,168,0.969,0,42,276,92,231,1.98,2023,910
273,56,4080,2803,4229,210,0.95,0,28,506,98,265,0.11,2023,919
274,62,4283,1451,5892,158,0.973,0,23,296,97,290,0.19,2023,936
275,64,4554,3098,4615,179,0.961,0,30,250,112,315,3.05,2023,937
276,40,2054,746,2869,69,0.976,0,17,204,42,126,0.41,2023,938
277,57,4204,2925,4350,227,0.948,1,29,544,126,290,8.28,2023,942
278,51,3326,2406,3399,253,0.926,0,66,690,143,182,4.09,2023,35
279,60,4444,3145,4570,151,0.967,3,24,287,105,348,0.08,2023,65
280,58,4397,3301,4861,215,0.956,0,42,230,138,406,0,2023,116
281,54,4080,2759,4110,169,0.959,1,13,292,123,191,0,2023,135
282,55,4105,1451,5769,213,0.963,0,13,344,96,260,8.09,2023,239
283,60,4319,3130,4417,236,0.947,0,33,266,88,345,0.63,2023,258
284,60,4397,1551,6126,178,0.971,1,46,414,100,273,0.11,2023,286
285,62,4729,3303,4837,165,0.966,0,28,194,95,376,0.41,2023,302
286,56,4046,1471,5740,223,0.961,0,34,460,130,357,0.33,2023,326
287,64,4386,3295,4429,230,0.948,0,29,294,79,387,0,2023,370
288,55,3578,1306,5100,216,0.958,1,27,340,110,234,1.16,2023,409
289,62,4385,3028,4409,174,0.961,1,49,400,71,322,0,2023,411
290,55,4051,2922,4173,206,0.951,0,13,307,72,342,1.69,2023,547
291,55,4022,1374,5599,203,0.964,0,44,322,124,251,0.43,2023,622
292,55,3430,2518,3365,211,0.937,0,32,298,63,206,2.2,2023,630
293,53,3916,2680,4077,213,0.948,0,22,402,84,284,0.14,2023,693
294,54,4006,1482,5708,220,0.962,2,43,396,114,289,2.41,2023,773
295,55,4159,2935,4308,236,0.945,0,33,360,106,237,0.13,2023,1
296,60,4540,1507,6261,214,0.966,1,40,346,89,230,0.4,2023,837
297,57,4228,2952,4495,183,0.959,0,36,361,125,330,0.53,2023,843
298,59,4597,1573,6359,189,0.97,0,25,204,85,188,0,2023,932
299,55,4060,1436,5721,225,0.961,0,33,270,107,343,1.63,2023,842
300,63,4731,1347,6233,155,0.975,0,40,206,75,305,0.88,2023,201
301,54,3970,2876,4205,187,0.956,1,59,528,121,293,1.94,2023,819
302,54,3769,2629,3889,171,0.956,0,41,390,121,318,9.39,2023,894
303,47,3181,2266,3106,161,0.948,0,33,380,109,187,4.31,2023,4
304,49,2740,2119,2720,141,0.948,0,40,288,91,183,2.12,2023,12
305,46,2740,983,3970,247,0.938,0,87,580,87,135,1.86,2023,17
306,47,2933,2236,3048,209,0.931,0,56,444,86,207,3.47,2023,23
307,65,4494,3283,4640,117,0.975,0,40,160,84,368,1.98,2023,27
308,54,3598,2462,3692,160,0.957,1,21,269,66,253,2.4,2023,38
309,56,3812,1399,5432,221,0.959,0,41,274,100,309,1.09,2023,41
310,50,3344,2321,3381,196,0.942,0,52,372,92,157,1.18,2023,45
311,68,4357,2978,4424,183,0.959,1,60,242,92,262,7.17,2023,47
312,57,3873,2874,3865,178,0.954,1,27,238,84,247,8.16,2023,53
313,53,3324,2482,3214,184,0.943,0,31,307,74,259,0.09,2023,58
314,59,3822,2593,3764,169,0.955,0,26,334,87,215,0.03,2023,66
315,45,2808,2016,2785,165,0.941,1,34,380,79,174,0.45,2023,71
316,45,2521,994,3727,212,0.943,0,48,334,97,216,0.12,2023,82
317,51,2658,1933,2680,201,0.925,1,59,391,85,120,0.08,2023,84
318,53,3534,2640,3666,202,0.945,0,45,186,88,246,0.73,2023,189
319,65,2997,2468,2794,107,0.962,0,49,140,41,260,0.1,2023,191
320,53,2710,2293,2269,92,0.96,0,13,114,43,220,0.56,2023,106
321,51,2543,2226,2309,120,0.948,0,19,170,33,201,1.35,2023,108
322,56,2871,2468,2509,104,0.959,0,41,170,35,226,0.71,2023,110
323,50,3154,1115,4396,127,0.971,0,21,194,96,221,0.69,2023,115
324,56,4264,3016,4499,151,0.966,1,35,234,66,314,0.77,2023,138
325,51,3061,1085,4344,198,0.954,0,48,388,67,229,0.23,2023,140
326,57,3575,1130,4881,176,0.964,0,40,248,104,191,0,2023,143
327,40,2430,853,3474,191,0.945,0,80,428,80,187,0.27,2023,153
328,51,3304,2407,3506,193,0.945,0,56,420,90,258,0.78,2023,170
329,52,3079,1100,4357,178,0.959,1,29,256,55,204,0.29,2023,171
330,60,4128,1368,5653,157,0.972,0,22,232,101,270,0.33,2023,172
331,59,4045,1410,5605,150,0.973,0,21,296,59,350,0,2023,174
332,53,3171,2360,3263,158,0.952,0,31,328,81,181,0,2023,175
333,44,2422,914,3532,196,0.945,0,20,336,76,182,1,2023,218
334,59,3976,1445,5625,204,0.964,2,64,316,91,274,4.58,2023,197
335,53,3756,1382,5295,157,0.97,0,34,254,82,330,6.93,2023,207
336,54,3453,1266,4920,201,0.959,0,53,304,97,238,4.19,2023,215
337,60,3367,2710,3112,117,0.962,0,19,220,101,287,2.36,2023,222
338,49,2617,1047,3770,106,0.972,3,8,282,78,224,0.98,2023,232
339,48,2119,703,2991,169,0.944,1,75,327,95,112,2.13,2023,234
340,48,2505,2237,2220,144,0.935,0,16,246,87,184,7.25,2023,240
341,49,3486,1298,5026,242,0.952,0,41,284,106,271,2.05,2023,242
342,57,3247,1105,4556,204,0.955,0,59,410,138,184,0.68,2023,256
343,54,3356,1113,4685,216,0.954,0,54,398,80,185,0.15,2023,259
344,52,3387,2445,3207,149,0.954,0,34,331,92,238,0.23,2023,263
345,50,3288,2548,3240,144,0.956,0,20,316,90,195,0.08,2023,268
346,53,3250,2414,3317,167,0.95,0,19,359,81,216,0.04,2023,277
347,50,3279,1106,4573,188,0.959,0,50,242,106,209,1.96,2023,279
348,53,3110,2242,3191,201,0.937,2,63,308,96,195,0.27,2023,281
349,54,3833,2775,3811,179,0.953,0,52,279,91,243,0.25,2023,283
350,46,2691,943,3772,138,0.963,0,24,246,93,130,0.11,2023,285
351,57,3251,2490,3423,192,0.944,0,30,304,133,180,0.39,2023,298
352,53,3509,2516,3681,198,0.946,0,33,300,58,208,0.29,2023,303
353,57,3909,1398,5496,189,0.966,0,38,332,103,312,0.25,2023,324
354,52,3418,2454,3652,210,0.943,0,62,410,69,289,5.8,2023,328
355,51,3145,2509,3187,197,0.938,1,43,433,111,185,1,2023,333
356,59,3753,2736,3638,155,0.957,1,26,222,84,266,0.47,2023,343
357,53,3005,912,4078,161,0.961,0,60,348,81,153,7.5,2023,350
358,46,3090,2295,3239,198,0.939,0,40,351,92,207,0.83,2023,377
359,54,3454,2399,3400,185,0.946,0,50,379,117,196,5.33,2023,381
360,47,2347,791,3398,260,0.924,0,32,472,74,142,0.25,2023,391
361,56,3213,2453,3233,147,0.955,0,15,344,81,228,0.09,2023,394
362,31,1338,1134,1212,164,0.865,2,72,632,47,46,0,2023,399
363,57,3961,1424,5575,190,0.966,0,47,365,99,270,0.13,2023,396
364,59,3893,2903,3792,216,0.943,1,31,470,120,219,1.86,2023,400
365,53,3340,1167,4663,156,0.967,0,31,376,95,233,0.17,2023,403
366,49,3220,1168,4536,148,0.967,0,64,309,100,191,0.2,2023,408
367,58,3796,2808,4295,211,0.951,1,39,386,163,359,0,2023,423
368,47,3204,2465,3158,185,0.941,1,38,459,67,209,1.58,2023,427
369,57,3832,2885,3979,160,0.96,2,30,300,87,269,0.6,2023,512
370,51,3347,1307,4838,184,0.962,0,23,458,103,182,7.03,2023,442
371,56,3564,1250,4982,168,0.966,0,32,282,78,216,2.63,2023,448
372,49,3090,1106,4352,156,0.964,3,49,390,97,189,3.75,2023,464
373,49,3103,1174,4412,135,0.969,0,57,387,98,153,2.22,2023,465
374,56,3752,1209,5134,173,0.966,0,59,210,65,266,8.89,2023,476
375,58,3338,2207,3451,210,0.939,0,43,318,76,189,1.81,2023,481
376,61,3852,2511,4079,156,0.962,1,25,254,81,217,4.34,2023,484
377,51,3373,2480,3393,182,0.946,0,38,322,82,173,2,2023,485
378,48,3138,994,4285,153,0.964,2,29,335,75,227,2.1,2023,491
379,62,4013,2751,4197,169,0.96,0,56,188,124,250,0.9,2023,496
380,55,3647,2888,3739,166,0.956,1,36,256,86,282,6.62,2023,498
381,55,3478,2439,3469,162,0.953,0,34,238,117,189,0.23,2023,503
382,38,1703,599,2475,173,0.93,1,39,461,52,115,0.22,2023,506
383,55,3968,1252,5387,167,0.969,1,46,376,108,284,0.29,2023,508
384,58,3777,1363,5296,156,0.971,0,19,188,77,249,1.2,2023,534
385,63,4361,3190,4313,210,0.951,1,32,256,86,256,0.89,2023,549
386,56,3841,2824,3888,237,0.939,0,58,366,136,264,0.79,2023,552
387,54,3695,2658,3831,200,0.948,0,32,197,88,260,0.33,2023,558
388,61,3948,1432,5614,234,0.958,1,40,226,85,236,0.28,2023,563
389,52,2941,1069,4188,178,0.958,0,36,504,128,177,0.59,2023,566
390,52,3287,2555,3057,173,0.943,0,29,263,72,251,0.38,2023,567
391,54,3342,1267,4826,217,0.955,0,59,330,88,248,0.13,2023,574
392,55,3518,2394,3566,198,0.945,0,66,286,70,204,0.13,2023,578
393,56,3726,2669,3680,165,0.955,0,34,316,54,197,0.53,2023,592
394,55,3115,1060,4348,173,0.96,0,13,282,91,224,0.14,2023,594
395,50,3243,1106,4563,214,0.953,1,53,368,103,227,1.93,2023,598
396,52,3889,2662,3959,148,0.963,0,24,334,110,236,0.1,2023,613
397,61,3527,1110,4746,109,0.977,1,18,204,71,168,0.5,2023,617
398,52,2972,2341,2877,244,0.915,0,54,460,122,148,0.33,2023,620
399,47,3037,1055,4291,199,0.954,0,39,314,96,173,0,2023,629
400,53,3019,2289,3206,196,0.939,0,47,394,88,184,0,2023,631
401,62,3938,1300,5395,157,0.971,2,37,346,84,277,3.73,2023,632
402,55,3504,1230,4929,195,0.96,1,33,300,74,268,5.37,2023,638
403,49,3203,1115,4535,217,0.952,0,30,326,105,222,3.25,2023,652
404,61,3723,3050,3566,127,0.964,1,16,300,90,347,1.98,2023,655
405,51,3318,2546,3500,214,0.939,1,54,308,82,217,2.7,2023,665
406,53,3383,1081,4625,161,0.965,0,29,393,75,183,2.22,2023,669
407,46,3107,2257,3101,189,0.939,0,31,300,88,157,1.96,2023,671
408,36,2210,1686,2233,215,0.904,1,34,457,65,122,0.49,2023,674
409,55,3273,1079,4549,197,0.957,0,52,344,110,122,4.84,2023,678
410,48,2374,2110,2109,115,0.946,0,18,174,30,180,3.88,2023,686
411,47,2699,2096,2641,162,0.939,0,21,404,55,157,0.97,2023,690
412,61,3778,1202,5109,129,0.975,0,14,202,56,220,1.88,2023,695
413,52,3173,1113,4438,152,0.966,1,40,388,100,220,3.13,2023,700
414,52,3297,2362,3339,214,0.936,1,63,432,92,166,0.48,2023,704
415,52,3432,2489,3479,138,0.96,1,25,230,69,306,0.7,2023,715
416,60,4036,1276,5475,163,0.97,1,35,178,101,257,0.15,2023,716
417,47,2694,2210,2574,178,0.931,3,32,188,62,146,7,2023,718
418,58,3813,1292,5282,177,0.967,0,33,269,53,244,0.32,2023,723
419,44,2868,2060,2998,146,0.951,1,41,268,84,160,0.06,2023,729
420,56,3283,2477,3359,187,0.944,0,47,383,75,310,0,2023,733
421,53,3357,1096,4588,135,0.971,0,50,266,83,170,0.63,2023,737
422,57,3753,2783,3850,196,0.949,1,34,280,89,293,0.25,2023,738
423,50,3225,2375,3294,172,0.948,0,39,292,107,191,0.31,2023,752
424,52,2486,912,3538,140,0.96,0,21,166,54,176,0.06,2023,754
425,57,3722,2850,3555,133,0.963,1,54,282,89,289,0.25,2023,772
426,48,3304,2255,3394,203,0.94,0,75,354,71,179,0.4,2023,791
427,52,3787,1244,5218,187,0.964,0,33,223,95,229,0.29,2023,795
428,45,2144,701,3036,191,0.937,0,55,518,83,120,0.17,2023,804
429,60,3741,1273,5211,197,0.962,0,53,446,122,221,0.42,2023,818
430,56,3978,2803,4070,221,0.946,1,47,366,88,248,0.33,2023,828
431,54,3676,1302,5158,180,0.965,2,38,296,96,272,0.11,2023,835
432,58,3636,2619,3788,145,0.962,0,37,358,108,263,0,2023,840
433,53,3618,2473,3800,189,0.95,0,39,249,65,247,0.25,2023,849
434,48,2168,1533,2130,153,0.928,2,58,413,54,83,0,2023,857
435,54,3519,1349,5039,171,0.966,0,36,234,74,291,0.5,2023,865
436,56,3679,1410,5243,154,0.971,0,39,196,50,288,3.91,2023,874
437,50,3050,2226,3215,173,0.946,0,35,341,109,216,2.41,2023,875
438,52,3229,2517,3149,155,0.951,0,34,310,66,251,2.34,2023,882
439,56,3803,2573,4101,131,0.968,0,22,260,68,281,7.68,2023,883
440,49,3328,2423,3683,188,0.949,0,34,340,111,238,8.35,2023,884
441,51,2971,1018,4201,212,0.95,0,46,460,75,175,1.67,2023,885
442,46,2427,853,3510,230,0.935,2,48,441,94,153,2.19,2023,887
443,50,3023,1144,4304,137,0.968,2,29,322,66,248,2.73,2023,889
444,53,3173,2402,2913,122,0.958,1,37,257,68,215,2.23,2023,896
445,49,3064,2225,3249,220,0.932,2,58,316,74,230,1,2023,902
446,53,3378,2473,3497,180,0.949,1,42,315,96,267,0,2023,911
447,46,2795,949,3918,174,0.956,0,35,262,71,176,0.29,2023,914
448,47,3174,1025,4393,194,0.956,0,66,429,100,176,1.3,2023,918
449,49,2712,1920,2940,190,0.935,0,59,416,57,165,0.28,2023,924
450,58,3942,2995,4028,231,0.943,0,61,330,98,311,1.19,2023,941
451,47,3390,1249,4820,181,0.962,1,40,336,81,189,0.53,2023,5
452,39,2757,2074,2979,230,0.923,2,27,252,109,195,0.53,2023,14
453,43,3006,2197,3194,197,0.938,0,24,347,85,182,0.21,2023,18
454,44,2752,1006,3962,204,0.949,0,43,364,95,165,0.62,2023,21
455,48,3028,2326,3197,207,0.935,2,21,249,77,234,0.42,2023,22
456,36,2031,1636,1964,129,0.934,0,42,262,48,124,0,2023,24
457,46,3322,1091,4624,211,0.954,0,63,292,81,217,0.45,2023,25
458,49,3145,2373,3103,131,0.958,0,34,298,73,241,2.36,2023,30
459,26,1121,1101,869,61,0.93,0,16,114,31,74,0.18,2023,40
460,39,2361,861,3404,182,0.947,1,21,318,85,167,0.27,2023,44
461,48,3573,2553,3760,202,0.946,1,36,234,78,228,0.91,2023,46
462,48,3573,1242,4948,133,0.973,0,14,252,101,242,0.8,2023,49
463,42,2575,1997,2546,108,0.958,1,13,192,67,175,0,2023,54
464,51,3698,2396,4077,171,0.958,1,39,338,105,219,0.13,2023,55
465,25,1135,1010,1005,94,0.907,0,10,218,53,76,0.33,2023,60
466,33,1690,1464,1638,116,0.929,0,45,276,37,130,1,2023,61
467,44,3018,2140,2998,172,0.943,1,33,186,108,163,0,2023,63
468,45,2886,1035,4084,163,0.96,1,41,304,91,195,0,2023,67
469,44,3183,1106,4435,146,0.967,0,27,249,79,260,0,2023,70
470,45,3130,2250,3329,183,0.945,0,33,401,62,232,2.02,2023,73
471,39,2730,1047,3983,206,0.948,0,55,306,72,130,1.78,2023,74
472,35,2493,1792,2628,131,0.95,0,33,260,71,120,2.86,2023,75
473,46,3123,2283,3239,109,0.966,0,22,216,67,260,3.76,2023,76
474,51,3692,1372,5288,224,0.958,1,40,260,81,272,3.53,2023,80
475,44,3098,1067,4375,210,0.952,0,43,316,84,196,1.82,2023,85
476,41,1576,1481,1211,172,0.858,0,68,315,41,56,8.44,2023,86
477,35,1662,1558,1502,134,0.911,1,23,222,45,82,2.2,2023,88
478,42,2597,899,3657,161,0.956,0,38,274,79,220,6.42,2023,92
479,43,2940,1031,4199,228,0.946,1,36,298,116,152,1.49,2023,94
480,46,2767,1057,3987,163,0.959,0,30,296,83,230,0.43,2023,95
481,43,3210,2220,3339,163,0.951,1,36,192,92,228,0.22,2023,99
482,34,1434,1256,1308,148,0.887,0,31,412,45,100,0.27,2023,130
483,43,2432,994,3582,156,0.956,0,27,290,68,185,0.23,2023,161
484,43,2933,1133,4225,159,0.962,0,33,340,102,268,0.45,2023,194
485,42,2705,2095,2783,113,0.959,0,40,295,95,243,4.45,2023,102
486,43,2512,866,3565,187,0.948,0,35,435,101,119,0,2023,103
487,46,2944,1077,4207,186,0.956,0,53,174,89,200,0.06,2023,104
488,38,1774,1697,1697,166,0.902,1,41,370,74,120,2.28,2023,117
489,39,2715,1107,4015,193,0.952,0,44,280,69,193,0.41,2023,118
490,39,2564,976,3800,260,0.932,1,40,427,103,119,0.12,2023,122
491,33,2213,825,3217,179,0.944,1,29,348,88,136,0.18,2023,123
492,44,3078,1143,4441,220,0.951,1,40,456,91,154,0.29,2023,124
493,41,2980,2133,3241,200,0.938,0,60,380,87,216,0.63,2023,126
494,49,2870,1048,4115,197,0.952,0,57,284,82,166,0.13,2023,128
495,36,2043,754,2975,178,0.94,0,45,348,58,143,1.27,2023,129
496,46,3188,1295,4637,154,0.967,0,32,283,75,278,1.14,2023,132
497,39,2322,867,3366,177,0.947,1,35,370,71,118,3.92,2023,133
498,45,2963,2286,3220,179,0.944,0,41,320,76,206,0.08,2023,141
499,48,3022,2466,2926,162,0.945,0,34,402,94,242,1.9,2023,142
500,38,2624,974,3782,184,0.951,0,52,252,94,126,0,2023,146
501,43,3149,1043,4342,150,0.966,0,29,262,80,213,0.2,2023,150
502,39,1984,1676,1700,114,0.933,1,27,176,39,125,0,2023,154
503,39,2259,856,3259,144,0.956,1,27,280,71,146,0,2023,156
504,34,2289,813,3222,120,0.963,0,30,277,83,135,1,2023,159
505,33,1924,670,2744,150,0.945,0,54,238,54,77,0.19,2023,162
506,41,2348,893,3424,183,0.947,0,51,293,52,180,1.95,2023,164
507,43,3154,1212,4547,181,0.96,0,45,240,79,286,2.59,2023,165
508,37,2325,1807,2274,128,0.944,1,38,238,98,156,3.39,2023,168
509,41,2802,1013,3975,160,0.96,2,49,262,100,190,1.42,2023,176
510,42,2969,1073,4270,228,0.947,0,53,290,84,202,2.16,2023,177
511,42,2970,2214,3279,189,0.942,0,36,312,67,226,3.49,2023,178
512,39,2460,929,3520,131,0.963,0,16,258,54,168,8.76,2023,179
513,47,3493,1414,5031,124,0.975,1,25,215,76,323,5.38,2023,184
514,41,2700,2086,2760,168,0.939,0,36,302,69,194,6.45,2023,185
515,45,2967,1000,4167,200,0.952,1,47,434,71,176,2.3,2023,187
516,38,2567,901,3679,211,0.943,1,49,416,87,77,7.1,2023,195
517,39,2663,879,3759,217,0.942,2,54,468,61,160,0,2023,209
518,36,1844,716,2723,163,0.94,0,29,327,92,137,0.19,2023,202
519,46,3321,2547,3533,159,0.955,1,31,165,107,294,1.46,2023,208
520,44,2471,836,3461,154,0.956,0,36,288,62,158,0.25,2023,211
521,42,3153,2255,3424,180,0.947,0,33,184,81,185,0.22,2023,216
522,45,3182,1153,4518,183,0.96,1,35,328,112,201,0.13,2023,219
523,57,3655,2478,3885,156,0.96,1,70,246,87,219,0.13,2023,223
524,38,2510,804,3525,211,0.94,0,56,461,94,105,0.35,2023,225
525,52,3568,1282,4985,135,0.973,0,26,212,75,286,5.55,2023,226
526,41,2234,1827,2175,172,0.921,2,61,277,65,111,0,2023,231
527,44,3214,1059,4531,258,0.943,1,45,307,84,199,0.1,2023,233
528,44,2910,982,4046,154,0.962,1,25,362,64,143,0.89,2023,235
529,43,2902,1976,3186,152,0.952,0,51,380,86,144,0.87,2023,236
530,37,2003,1591,2022,134,0.934,0,35,365,59,150,0.15,2023,241
531,54,3273,1165,4546,108,0.976,0,17,188,86,202,4.11,2023,246
532,38,2576,1815,2631,174,0.934,0,70,388,52,137,0.5,2023,249
533,41,2584,1077,3847,186,0.952,0,27,376,136,162,0,2023,255
534,39,1608,524,2323,191,0.918,0,42,430,83,76,0.07,2023,
535,40,2341,1767,2375,227,0.904,1,48,414,59,137,5.68,2023,260
536,43,3042,2159,3243,184,0.943,0,32,354,82,172,0.25,2023,269
537,41,2376,787,3349,186,0.945,2,52,386,65,154,3.33,2023,272
538,39,2535,920,3619,164,0.955,0,44,412,50,176,8.31,2023,274
539,46,3278,1138,4674,258,0.945,0,27,437,56,228,1.44,2023,275
540,43,2463,812,3423,148,0.957,0,23,308,41,124,1.14,2023,276
541,34,1982,750,2905,173,0.94,0,37,372,90,118,1.96,2023,278
542,38,1725,637,2623,261,0.901,0,55,263,46,105,0.33,2023,284
543,41,2943,1046,4156,167,0.96,0,45,196,79,225,0.44,2023,288
544,39,2245,1730,2323,188,0.919,0,42,556,74,133,0.43,2023,300
545,39,2793,2003,2993,215,0.928,0,21,423,62,167,1.2,2023,304
546,43,2953,2288,3210,225,0.93,1,56,262,114,194,0.31,2023,305
547,39,2464,1830,2584,178,0.931,0,46,349,61,143,0.56,2023,306
548,42,2985,2239,3129,157,0.95,0,32,256,56,227,0.75,2023,307
549,42,2837,1110,4125,178,0.957,1,65,228,60,189,0.14,2023,309
550,40,2694,1862,2819,173,0.939,0,48,334,78,145,0.4,2023,312
551,40,2986,2091,3160,219,0.931,2,41,438,107,165,0.47,2023,314
552,41,1995,727,2866,144,0.95,2,38,261,65,165,1.77,2023,319
553,44,2949,2267,3049,173,0.943,1,61,388,75,236,0.33,2023,325
554,44,2319,1779,2577,203,0.921,0,52,302,66,158,0.2,2023,327
555,40,2714,1939,2816,229,0.919,0,27,346,85,136,0.63,2023,329
556,30,695,235,996,66,0.934,1,4,83,22,32,0.21,2023,330
557,38,2566,980,3745,199,0.947,0,29,332,87,179,1.92,2023,334
558,40,2902,969,4063,192,0.953,2,42,304,78,135,0.2,2023,335
559,41,2571,955,3732,206,0.945,1,75,354,86,163,2.98,2023,336
560,41,2848,967,4003,188,0.953,1,37,258,86,141,2.23,2023,340
561,44,2778,1058,3986,150,0.962,2,42,201,59,205,0.14,2023,341
562,43,2810,1971,2834,195,0.931,0,47,357,72,165,2.95,2023,342
563,45,3056,1093,4327,178,0.959,1,43,406,92,190,1.16,2023,344
564,41,3027,1137,4362,198,0.955,0,63,369,100,177,0.53,2023,346
565,43,2839,1009,4050,202,0.95,3,19,180,56,204,0.57,2023,348
566,48,3141,2503,3239,193,0.94,0,39,244,91,242,4.22,2023,354
567,45,2853,2087,2825,191,0.932,0,47,410,61,162,3.21,2023,364
568,45,3099,2135,3393,187,0.945,2,55,402,112,191,1.16,2023,360
569,41,1646,1445,1597,152,0.905,1,28,504,77,104,1.85,2023,361
570,55,3050,2103,3226,169,0.948,0,16,298,86,177,6.74,2023,362
571,37,2457,819,3487,211,0.94,0,46,390,96,147,1.6,2023,363
572,42,2925,2069,3071,185,0.94,0,22,284,68,200,1.73,2023,365
573,45,3245,1286,4685,154,0.967,0,32,231,96,264,6.7,2023,368
574,37,2283,1664,2287,180,0.921,0,47,469,61,136,1.4,2023,369
575,46,2987,1038,4242,217,0.949,0,54,367,71,243,1.61,2023,376
576,37,2255,853,3279,171,0.948,1,22,293,96,130,0.93,2023,378
577,50,2758,2173,2720,143,0.947,1,35,168,53,195,0.3,2023,383
578,38,2624,1887,2725,212,0.922,0,52,332,61,155,1.74,2023,387
579,41,2403,1989,2513,191,0.924,0,78,371,59,168,3.48,2023,389
580,38,2689,988,3873,196,0.949,0,50,308,68,191,0.46,2023,393
581,48,3148,2408,3180,222,0.93,0,32,282,77,234,3.5,2023,395
582,30,1152,352,1626,122,0.925,0,42,392,42,49,0.17,2023,398
583,45,2860,1088,4157,209,0.95,0,36,342,49,266,1.09,2023,404
584,40,2896,2249,3094,137,0.956,0,26,198,91,252,8.09,2023,410
585,46,3186,2217,3344,161,0.952,0,33,254,106,198,0.14,2023,418
586,48,3311,2483,3759,181,0.952,0,58,234,103,284,0,2023,424
587,56,4106,2904,4574,250,0.945,0,40,363,102,287,0.52,2023,426
588,45,3027,2381,3159,165,0.948,0,58,325,56,186,0.47,2023,511
589,32,1871,719,2744,154,0.944,0,56,388,99,94,0.11,2023,518
590,43,3108,2045,3394,269,0.921,0,83,316,102,179,0.28,2023,431
591,38,2382,1911,2545,190,0.925,0,42,368,105,121,0.35,2023,433
592,23,1145,868,1196,169,0.859,0,28,516,48,55,0.5,2023,435
593,42,3000,2043,3174,191,0.94,0,25,283,83,162,2.4,2023,436
594,51,3838,1580,5563,145,0.974,0,26,222,71,364,0.2,2023,437
595,44,2867,2052,2956,233,0.921,0,32,294,52,225,0.64,2023,445
596,44,2709,2166,2853,158,0.945,1,19,209,80,186,1.21,2023,447
597,43,2790,2054,2911,151,0.948,1,41,293,90,192,0.4,2023,449
598,42,2149,846,3098,103,0.967,0,23,258,58,182,0,2023,451
599,38,1987,1483,2084,202,0.903,1,54,412,70,77,0,2023,458
600,45,2652,981,3786,153,0.96,0,23,350,59,189,0,2023,463
601,40,2627,1044,3856,185,0.952,0,50,216,98,175,2.59,2023,467
602,44,2313,808,3255,134,0.959,1,42,276,47,162,1.25,2023,474
603,47,3416,2425,3675,134,0.964,0,18,262,86,197,1.76,2023,477
604,45,3004,2312,3114,236,0.924,0,76,474,113,148,3.34,2023,478
605,38,2442,909,3537,186,0.947,0,34,456,87,148,2.41,2023,482
606,55,3482,2524,3803,139,0.963,0,36,205,86,267,2.93,2023,486
607,44,2862,1050,4049,137,0.966,0,33,233,62,196,2.9,2023,495
608,44,2877,1023,4065,165,0.959,0,30,205,90,214,2.5,2023,502
609,40,2649,2020,2727,168,0.938,0,31,386,92,164,3.25,2023,504
610,42,3115,1090,4365,160,0.963,0,28,153,120,279,6.69,2023,510
611,40,2909,2111,3152,266,0.916,1,38,354,99,173,7.66,2023,513
612,35,2241,864,3270,165,0.95,0,27,360,103,162,1.42,2023,514
613,40,2761,1055,4053,237,0.942,0,50,290,70,202,0.3,2023,517
614,46,3441,2426,3571,202,0.943,0,44,320,114,215,0.27,2023,520
615,41,2934,2152,3069,203,0.934,0,68,278,129,176,5.14,2023,524
616,42,2392,883,3431,156,0.955,1,50,278,48,153,0.14,2023,526
617,40,2433,1702,2389,164,0.931,0,68,329,83,120,2.25,2023,528
618,40,2749,2081,2941,259,0.912,0,38,498,90,178,0.3,2023,530
619,41,2614,872,3661,175,0.952,0,33,296,71,124,0.16,2023,538
620,49,3545,2640,3668,199,0.946,1,22,200,63,214,0.47,2023,544
621,33,1814,601,2631,216,0.918,1,60,668,52,63,0,2023,545
622,42,3161,2292,3390,147,0.957,0,45,354,116,192,0.86,2023,550
623,32,1586,1275,1562,139,0.911,1,39,238,48,100,0.64,2023,564
624,36,2005,751,2911,155,0.947,0,38,334,68,131,0.29,2023,570
625,40,2015,715,2898,168,0.942,1,31,148,45,184,0.85,2023,571
626,42,2869,1040,4120,211,0.949,2,27,434,79,213,0.75,2023,572
627,42,3059,2257,3343,215,0.936,0,30,342,108,252,1.17,2023,575
628,39,2475,871,3576,230,0.936,3,46,376,57,196,0.25,2023,577
629,37,2040,740,2908,128,0.956,0,29,425,65,123,1.09,2023,583
630,34,2236,875,3322,211,0.937,0,53,584,73,146,0.67,2023,585
631,46,2985,1078,4260,197,0.954,1,55,316,62,149,1.26,2023,590
632,49,3442,1331,4940,167,0.966,0,30,168,88,273,3.12,2023,596
633,43,2454,853,3467,160,0.954,1,58,413,51,158,1.84,2023,600
634,47,3304,1187,4699,208,0.956,0,65,310,79,207,2.09,2023,602
635,44,2722,992,3888,174,0.955,0,38,336,94,187,3.55,2023,603
636,47,2509,907,3598,182,0.949,0,41,340,60,150,1.82,2023,604
637,42,2904,971,4060,185,0.954,0,33,208,78,169,7.65,2023,605
638,34,2102,1660,2208,184,0.917,0,42,426,71,129,5.22,2023,606
639,38,2520,1965,2649,158,0.94,1,44,388,71,179,3.68,2023,608
640,43,3175,1193,4572,204,0.955,0,27,294,80,200,1.41,2023,609
641,36,2272,916,3373,185,0.945,0,37,350,91,160,1.36,2023,615
642,40,2237,821,3244,186,0.943,0,44,388,90,125,2.14,2023,616
643,46,2212,765,3112,135,0.957,0,40,184,50,146,8.14,2023,618
644,30,1081,352,1580,147,0.907,0,13,322,16,54,1.68,2023,624
645,37,2784,946,3889,159,0.959,0,25,274,60,171,0.24,2023,625
646,43,2403,1775,2699,153,0.943,0,24,360,97,196,0.57,2023,626
647,38,2506,1002,3632,124,0.966,1,53,306,73,200,0.25,2023,647
648,42,2635,954,3736,147,0.961,0,26,411,74,177,1.17,2023,635
649,47,3097,969,4225,159,0.962,0,19,252,71,159,0.24,2023,636
650,43,2950,2046,3067,141,0.954,0,20,263,62,194,0.19,2023,641
651,45,2930,947,4060,183,0.955,0,63,350,117,132,0.94,2023,642
652,43,3075,1156,4472,241,0.946,0,35,382,102,188,1.06,2023,646
653,45,3086,1107,4368,175,0.96,0,40,276,78,292,0.47,2023,649
654,43,2995,2313,3136,172,0.945,0,27,186,66,267,0.93,2023,650
655,40,2865,1916,2997,244,0.919,0,51,379,75,155,0.27,2023,651
656,41,2779,956,3898,163,0.958,0,34,232,90,240,0.2,2023,653
657,44,3197,1081,4484,206,0.954,2,19,280,98,216,0.71,2023,656
658,35,1561,558,2279,160,0.93,2,47,295,61,79,0.2,2023,657
659,48,3329,1233,4761,199,0.958,2,28,212,81,260,0.7,2023,658
660,43,1943,713,2827,171,0.94,0,37,264,44,141,0.86,2023,659
661,38,2375,1906,2506,147,0.941,0,30,254,67,174,0.17,2023,662
662,47,2872,994,4002,136,0.966,0,32,258,46,153,0.2,2023,764
663,39,2146,1808,2138,228,0.893,0,32,452,64,137,2.33,2023,765
664,44,2321,1771,2545,133,0.948,0,16,244,56,187,0,2023,766
665,40,2400,1825,2559,152,0.941,0,57,346,63,149,3.44,2023,768
666,35,1888,683,2727,156,0.943,0,47,314,76,116,2.75,2023,769
667,40,2191,1773,2215,183,0.917,0,66,384,44,160,1.74,2023,666
668,41,2863,1044,4078,171,0.958,0,13,234,85,204,7.34,2023,667
669,44,2822,2078,3165,169,0.947,0,24,254,103,265,2.47,2023,673
670,40,2749,2010,2972,153,0.949,0,28,240,67,200,1.76,2023,677
671,51,3648,1405,5172,119,0.977,1,22,184,81,291,5.59,2023,680
672,50,2973,2241,2921,141,0.952,0,28,239,65,193,1.3,2023,681
673,42,2866,2231,3006,151,0.95,0,41,264,59,218,3.11,2023,692
674,43,2275,845,3243,123,0.962,0,23,374,79,149,2.41,2023,696
675,52,3811,1551,5523,161,0.971,0,44,212,90,342,0.54,2023,698
676,41,2941,2022,3065,196,0.936,0,40,332,87,171,7.08,2023,703
677,40,2237,866,3239,136,0.958,0,15,266,91,160,1.33,2023,706
678,45,3285,1223,4664,156,0.967,0,27,250,67,346,0.71,2023,721
679,36,2254,905,3379,220,0.935,0,68,433,107,171,0.25,2023,726
680,47,3399,2374,3547,172,0.952,0,38,284,62,243,0.11,2023,732
681,47,3230,2422,3442,170,0.951,0,42,248,61,273,0.75,2023,739
682,37,2095,1715,2234,164,0.927,0,43,522,75,119,0.06,2023,741
683,40,2497,2003,2705,91,0.966,0,6,272,81,217,0.19,2023,742
684,35,2155,1642,2223,184,0.917,0,23,272,76,128,0.8,2023,744
685,28,1922,684,2768,162,0.942,0,48,372,53,128,0.87,2023,745
686,40,2754,1038,3967,175,0.956,0,29,214,83,234,0.2,2023,747
687,34,2087,680,2898,131,0.955,0,29,250,35,104,0.6,2023,748
688,33,2211,796,3127,120,0.962,0,16,160,45,183,0.14,2023,749
689,43,2625,942,3773,206,0.945,0,73,278,88,190,0.25,2023,751
690,40,2509,1899,2419,151,0.938,0,48,318,69,186,1.4,2023,758
691,43,2463,2058,2396,137,0.943,0,44,432,68,150,0,2023,762
692,48,3001,2324,3248,217,0.933,0,71,372,49,191,0.2,2023,770
693,42,2091,1917,1804,128,0.929,0,30,248,57,154,0,2023,771
694,48,2983,1131,4281,167,0.961,0,40,273,78,224,0.67,2023,774
695,44,3306,2287,3522,133,0.962,0,41,394,59,262,0,2023,783
696,39,2703,1096,4021,222,0.945,0,41,294,69,234,2.59,2023,789
697,41,2262,1894,2268,164,0.928,0,44,338,50,139,8.2,2023,790
698,44,3148,1067,4438,223,0.95,1,59,505,60,175,2.38,2023,794
699,51,3555,2784,3723,188,0.95,0,45,357,98,300,3.58,2023,798
700,42,2476,865,3467,126,0.964,0,16,203,62,165,2.34,2023,801
701,41,2826,2030,2939,207,0.93,1,20,288,94,139,7.21,2023,814
702,43,2669,1973,2537,147,0.942,0,28,266,65,168,1.72,2023,821
703,41,2650,2076,2701,187,0.931,1,44,303,60,173,1.22,2023,822
704,38,2176,804,3125,145,0.954,1,34,334,85,151,1.74,2023,830
705,39,2607,940,3745,198,0.947,0,66,359,43,182,2.47,2023,844
706,40,2519,1705,2813,189,0.933,0,44,448,102,185,0.88,2023,860
707,36,2633,930,3783,220,0.942,0,74,353,88,135,0.71,2023,848
708,35,1756,632,2564,184,0.928,0,51,520,66,99,0.21,2023,850
709,38,2250,1749,2294,183,0.92,0,27,273,70,166,0.26,2023,853
710,42,2816,1031,4014,167,0.958,0,26,306,100,195,0.09,2023,862
711,46,2958,1188,4297,151,0.965,0,55,392,108,216,8.09,2023,866
712,46,3329,2631,3600,164,0.954,1,19,184,59,240,0.75,2023,867
713,35,2463,826,3458,169,0.951,2,15,368,49,124,0.26,2023,868
714,40,2994,2026,3263,165,0.949,0,35,290,92,155,0.05,2023,873
715,41,2651,2146,2778,235,0.915,1,52,364,71,169,0.44,2023,871
716,49,3588,2570,3844,152,0.961,0,39,210,77,226,0.17,2023,877
717,31,1767,1406,1787,118,0.934,0,34,404,67,130,0.12,2023,879
718,36,1999,675,2804,130,0.954,0,25,332,79,167,0.71,2023,880
719,37,1898,659,2740,183,0.933,1,30,306,68,88,0.5,2023,890
720,42,2450,904,3502,148,0.958,0,39,213,60,205,1,2023,895
721,40,2421,947,3539,171,0.952,0,45,264,63,171,0.1,2023,897
722,44,2856,1899,3193,182,0.943,1,56,308,80,192,0.2,2023,898
723,41,2777,1155,4126,194,0.953,2,22,266,76,207,0,2023,899
724,43,3025,2166,3319,200,0.94,0,51,388,64,178,0.33,2023,900
725,51,3304,1304,4742,134,0.972,0,23,196,72,254,0.4,2023,901
726,41,2976,1024,4207,207,0.951,0,93,358,80,174,0.75,2023,903
727,40,1978,1713,1721,174,0.899,0,48,278,38,103,0,2023,904
728,41,2924,1084,4171,163,0.961,0,59,410,101,225,0,2023,905
729,42,2724,2051,2796,185,0.934,0,82,346,67,147,0,2023,907
730,41,2593,1038,3802,171,0.955,0,32,254,54,205,0,2023,908
731,46,3196,1118,4559,245,0.946,1,40,359,55,224,0,2023,912
732,40,2923,2013,2955,187,0.937,0,31,554,84,179,0,2023,915
733,44,2635,759,3519,125,0.965,0,41,248,52,124,2.74,2023,916
734,38,2668,1910,2902,192,0.934,1,49,472,111,168,7.24,2023,920
735,40,2857,939,4059,263,0.935,0,72,396,118,170,2.59,2023,921
736,49,3424,2234,3537,195,0.945,1,32,291,67,170,2.66,2023,922
737,43,3077,1032,4251,142,0.967,0,36,250,51,198,5.35,2023,923
738,52,3648,2675,3646,163,0.955,0,32,200,94,227,0.32,2023,926
739,39,2694,877,3730,159,0.957,0,12,282,62,168,1.53,2023,928
740,46,3465,1089,4716,162,0.966,2,27,134,76,208,4.8,2023,929
741,42,2774,1076,4010,160,0.96,1,16,176,78,247,1.74,2023,930
742,46,3167,2532,3352,187,0.944,0,30,241,122,273,3.18,2023,931
743,52,3231,2503,3083,167,0.946,0,45,259,89,239,2.06,2023,933
744,39,2383,871,3417,163,0.952,0,41,320,70,143,0.92,2023,934
745,29,1374,1184,1469,203,0.862,0,35,671,29,87,2,2023,939
746,43,3005,1070,4249,174,0.959,0,25,243,81,200,0.33,2023,940
747,50,3225,1159,4584,200,0.956,0,39,446,87,224,0.47,2023,943
748,49,2902,1047,4181,232,0.945,0,42,366,88,198,0.06,2023,3
749,53,3596,2592,3664,198,0.946,0,38,390,92,203,0.24,2023,10
750,34,1865,550,2592,177,0.932,0,56,408,35,49,0.63,2023,13
751,38,2163,746,3091,182,0.941,0,57,492,65,98,0.19,2023,15
752,39,2408,778,3326,140,0.958,0,27,279,65,230,0.4,2023,19
753,46,1880,636,2787,271,0.903,0,79,749,60,94,0.79,2023,20
754,52,3276,2324,3383,225,0.934,0,25,330,101,188,0.29,2023,26
755,42,2610,1849,2684,183,0.932,0,58,373,64,101,0.79,2023,28
756,50,3004,2193,3240,227,0.93,0,41,292,98,186,0.14,2023,33
757,52,3394,2284,3352,170,0.949,0,55,292,79,148,0.58,2023,34
758,48,2857,928,3969,184,0.954,0,56,350,41,195,5.09,2023,42
759,51,3540,1371,5109,198,0.961,0,20,301,111,318,0.5,2023,48
760,36,2379,852,3440,209,0.939,0,46,647,76,135,0.29,2023,50
761,40,2776,877,3830,177,0.954,0,22,558,70,104,0,2023,52
762,32,1944,1592,1988,152,0.924,0,26,369,70,129,0,2023,57
763,52,3516,2565,3540,183,0.948,0,37,316,98,262,0,2023,59
764,46,2983,933,4167,251,0.94,0,44,535,106,130,2.75,2023,68
765,47,1923,708,2885,254,0.912,0,58,576,88,109,2.54,2023,69
766,37,1869,1553,1672,164,0.902,0,82,555,62,88,2.11,2023,72
767,48,3107,2319,3037,187,0.938,0,50,236,83,208,2.02,2023,79
768,38,2490,899,3620,231,0.936,0,37,467,81,104,2.63,2023,81
769,45,2945,920,4041,176,0.956,0,31,361,90,151,3.45,2023,83
770,36,2020,1628,1945,149,0.923,0,27,385,66,129,7.56,2023,91
771,47,2714,2228,2695,165,0.939,0,31,340,128,188,2.75,2023,93
772,55,2617,2425,2295,105,0.954,0,39,170,48,243,2.94,2023,107
773,47,2325,774,3227,128,0.96,0,17,186,54,166,7.15,2023,111
774,50,2437,924,3535,174,0.951,0,27,168,67,250,3.1,2023,112
775,40,2512,998,3744,234,0.938,0,25,312,126,220,1.59,2023,113
776,50,3175,1120,4530,235,0.948,0,111,549,93,189,0.48,2023,119
777,52,3556,1270,4993,167,0.967,0,34,140,79,250,0.11,2023,125
778,54,3759,2814,3719,158,0.958,0,25,309,94,300,0.58,2023,127
779,50,3220,1052,4466,194,0.957,0,61,484,87,203,0.44,2023,131
780,41,2826,2043,3074,219,0.929,0,53,358,100,177,0.28,2023,134
781,51,3739,1332,5214,143,0.973,0,24,240,91,221,0.29,2023,139
782,45,2782,1072,4058,204,0.95,0,23,360,107,192,1.71,2023,147
783,48,2346,881,3361,134,0.96,0,12,140,41,222,0.6,2023,148
784,40,2576,830,3627,221,0.939,0,57,460,85,130,0.5,2023,149
785,47,3233,2244,3360,209,0.938,0,32,554,99,227,0.31,2023,151
786,49,2774,940,3894,180,0.954,0,70,486,104,138,0.09,2023,155
787,42,1965,663,2873,245,0.915,0,58,438,64,119,0,2023,157
788,37,1699,642,2555,214,0.916,0,87,572,53,58,0.13,2023,158
789,48,3283,2397,3371,211,0.937,0,69,330,129,182,0,2023,166
790,37,1576,1407,1450,145,0.9,0,53,334,42,65,0.4,2023,169
791,45,2954,1082,4221,185,0.956,0,21,394,96,187,0,2023,180
792,40,3040,1179,4441,222,0.95,0,51,293,92,204,0,2023,183
793,50,3169,1092,4402,141,0.968,0,40,324,64,207,0,2023,192
794,36,2304,818,3249,127,0.961,0,40,268,55,133,0,2023,193
795,48,2457,846,3554,251,0.929,0,58,412,87,104,0,2023,199
796,39,2777,925,3912,210,0.946,0,70,475,90,137,8,2023,203
797,38,2470,934,3597,193,0.946,0,26,393,81,168,2.45,2023,206
798,40,2697,991,3884,196,0.95,0,25,352,70,180,7.95,2023,210
799,38,2867,2045,3000,190,0.937,0,32,392,86,127,9.89,2023,212
800,50,2991,2227,2953,239,0.919,0,53,456,132,149,0.26,2023,213
801,39,2293,883,3354,178,0.947,0,30,464,83,180,1.55,2023,214
802,49,3082,946,4304,276,0.936,0,86,430,99,217,1.61,2023,221
803,38,2501,1904,2614,177,0.932,0,50,390,104,153,3.5,2023,224
804,51,3134,2284,3284,230,0.93,0,51,446,82,231,3.82,2023,230
805,38,2423,1818,2599,186,0.928,0,47,407,70,166,1.38,2023,237
806,39,2200,1661,2276,149,0.935,0,52,197,63,122,3.53,2023,238
807,39,2253,845,3254,156,0.952,0,20,358,57,156,2.47,2023,243
808,47,2541,1780,2791,198,0.929,0,28,416,72,176,0.67,2023,244
809,52,3558,1298,5038,182,0.964,0,43,270,135,203,1.23,2023,245
810,49,3468,1088,4797,241,0.95,0,43,382,106,197,1,2023,247
811,49,2895,2208,2926,197,0.933,0,46,440,82,169,0.38,2023,252
812,37,2186,802,3101,113,0.964,0,16,282,61,130,0.33,2023,253
813,40,2848,2116,2976,236,0.921,0,26,336,118,190,0.5,2023,257
814,52,3580,2754,3640,178,0.951,0,37,320,111,245,1.17,2023,264
815,50,3180,1257,4654,217,0.953,0,24,452,116,196,2.36,2023,271
816,54,3485,1201,4907,221,0.955,0,26,412,105,229,0.73,2023,273
817,38,2570,919,3779,290,0.923,0,37,364,101,133,0.73,2023,287
818,53,3540,1280,5014,194,0.961,0,40,387,104,276,0.3,2023,293
819,39,2347,1867,2330,174,0.925,0,32,210,93,143,0,2023,296
820,50,2983,2252,3019,172,0.943,0,53,374,98,206,0.88,2023,297
821,40,2363,858,3386,165,0.951,0,31,274,102,146,0.17,2023,308
822,39,2319,1859,2361,183,0.923,0,32,282,85,197,0.67,2023,310
823,38,1977,1619,1780,98,0.945,0,20,246,40,91,0.33,2023,311
824,39,2831,981,3977,165,0.959,0,22,274,73,153,0,2023,313
825,52,3495,2609,3572,134,0.963,0,31,174,87,280,0,2023,315
826,45,2954,2278,3193,211,0.934,0,36,382,74,242,4.94,2023,316
827,48,3068,2505,2997,176,0.941,0,50,456,111,185,7.24,2023,317
828,45,2909,2289,2900,164,0.943,0,30,376,90,175,1.84,2023,321
829,47,2799,2122,2813,158,0.944,0,34,368,94,201,1.96,2023,322
830,41,3100,1236,4543,207,0.954,0,39,311,92,277,2.09,2023,323
831,52,3280,1172,4665,213,0.954,0,42,397,108,220,0.08,2023,332
832,40,2724,1030,3966,212,0.947,0,50,354,95,224,1.83,2023,339
833,48,2954,2171,2986,197,0.934,0,24,530,91,188,8.49,2023,359
834,44,2261,792,3268,215,0.934,0,33,351,81,134,1.88,2023,373
835,36,2007,1575,1867,109,0.942,0,21,267,56,153,1.3,2023,374
836,35,2041,1577,2072,174,0.916,0,44,347,70,125,0.93,2023,375
837,39,2553,1803,2752,268,0.903,0,40,586,74,128,3.87,2023,379
838,46,2933,2008,2884,203,0.93,0,47,562,65,184,3.48,2023,380
839,35,2154,1716,2294,156,0.932,0,43,189,71,195,0.74,2023,382
840,53,3339,2573,3179,175,0.945,0,28,240,64,215,0.37,2023,385
841,47,2900,2059,3073,226,0.927,0,121,501,62,217,0.18,2023,386
842,52,3710,2654,3816,200,0.948,0,93,344,100,269,0.13,2023,390
843,38,2331,851,3370,188,0.944,0,52,278,66,103,0.19,2023,392
844,50,3559,1366,5111,186,0.964,0,64,318,85,288,0.13,2023,397
845,40,2036,1626,1970,184,0.907,0,71,386,51,99,0,2023,401
846,43,2849,1070,4106,187,0.955,0,33,276,72,171,0.2,2023,402
847,46,3060,2202,3195,237,0.926,0,34,457,74,136,0.2,2023,406
848,47,2536,1879,2731,264,0.903,0,51,553,94,143,0.47,2023,407
849,41,2484,772,3378,122,0.964,0,31,349,64,116,0.57,2023,415
850,35,797,292,1159,70,0.94,0,8,128,30,45,0.38,2023,425
851,33,2116,1579,2220,165,0.926,0,24,292,47,149,0.08,2023,428
852,50,3312,1213,4728,203,0.957,0,49,390,89,261,0,2023,430
853,46,2875,928,4019,216,0.946,0,53,433,57,153,0.5,2023,434
854,49,3289,2525,3485,163,0.953,0,46,462,99,198,0,2023,439
855,31,1745,1379,1811,189,0.896,0,33,686,64,48,5.13,2023,441
856,39,1849,661,2719,209,0.923,0,23,432,58,119,0.83,2023,443
857,44,2807,1005,3980,168,0.958,0,40,264,86,188,1,2023,444
858,37,2268,777,3227,182,0.944,0,35,302,46,133,3.33,2023,450
859,40,2283,785,3199,131,0.959,0,24,298,70,140,0.33,2023,453
860,47,3059,1069,4307,179,0.958,0,46,414,102,166,0,2023,454
861,38,1722,1555,1580,169,0.893,0,34,339,38,85,7.17,2023,455
862,41,2788,2162,2896,220,0.924,0,54,424,97,171,2.87,2023,456
863,33,1709,1360,1758,175,0.901,0,58,395,65,73,1.66,2023,459
864,38,1761,1203,1957,147,0.925,0,87,652,46,67,2.74,2023,460
865,42,2885,1142,4182,155,0.963,0,29,242,89,206,4.07,2023,468
866,50,2574,2108,2399,181,0.925,0,35,289,81,124,2.36,2023,475
867,50,3194,1171,4548,183,0.96,0,40,362,116,196,3.68,2023,480
868,48,3232,1298,4735,205,0.957,0,21,278,93,352,4.94,2023,487
869,47,3285,1225,4731,221,0.953,0,36,394,95,227,0.06,2023,493
870,42,1997,681,2844,166,0.942,0,33,336,76,84,1.42,2023,494
871,50,3045,996,4257,216,0.949,0,70,564,94,184,1.08,2023,497
872,39,2641,882,3711,188,0.949,0,28,372,94,136,4.67,2023,500
873,50,3316,1141,4689,232,0.951,0,54,254,63,189,0.3,2023,501
874,42,2665,2121,2756,142,0.949,0,57,244,73,207,0.35,2023,507
875,39,2278,774,3191,139,0.956,0,25,290,62,147,0.64,2023,515
876,49,3056,1212,4558,290,0.936,0,58,330,88,210,0.54,2023,521
877,43,2530,1935,2436,135,0.945,0,21,234,57,145,0.62,2023,529
878,53,3184,1154,4554,216,0.953,0,53,562,94,203,1.23,2023,535
879,53,3929,2874,4077,134,0.967,0,41,274,71,252,1.33,2023,548
880,42,2786,1925,2774,153,0.945,0,28,362,135,125,0,2023,555
881,34,2200,1511,2298,223,0.903,0,39,637,62,74,0.55,2023,556
882,46,3364,2431,3517,198,0.944,0,19,350,80,207,0.09,2023,557
883,50,3363,1228,4808,217,0.955,0,19,288,113,235,0.1,2023,560
884,47,3108,1151,4403,144,0.967,0,49,214,83,228,0.2,2023,562
885,33,1616,520,2229,93,0.958,0,25,244,60,76,0.25,2023,568
886,51,3353,1224,4807,230,0.952,0,32,358,87,249,1.5,2023,579
887,42,2960,1148,4278,170,0.96,0,20,379,98,237,0.29,2023,591
888,40,2676,960,3843,207,0.946,0,45,364,100,161,0.71,2023,593
889,42,2983,2108,3037,134,0.956,0,13,210,75,195,0,2023,597
890,35,1937,1571,1945,167,0.914,0,41,296,78,112,0.75,2023,610
891,37,2105,1520,2344,175,0.925,0,53,262,56,150,0,2023,611
892,49,2843,2087,2926,166,0.943,0,30,378,94,125,0,2023,612
893,39,2378,828,3336,130,0.961,0,34,134,54,195,0,2023,637
894,41,2122,719,2961,120,0.96,0,15,274,53,144,1,2023,639
895,36,1632,583,2405,190,0.921,0,22,420,59,57,2.27,2023,648
896,51,3579,2632,3666,171,0.953,0,18,429,116,266,3.78,2023,654
897,40,2730,1098,4013,185,0.954,0,21,289,74,215,3.1,2023,661
898,44,2618,2058,2384,160,0.933,0,35,459,55,119,2.56,2023,676
899,42,2400,856,3400,144,0.958,0,31,256,82,218,3.62,2023,679
900,40,2884,2173,3119,200,0.936,0,30,386,114,202,6.31,2023,691
901,44,2784,913,3844,147,0.962,0,48,251,96,154,1.7,2023,699
902,51,3575,1258,5042,209,0.959,0,46,256,119,218,1.89,2023,701
903,51,3016,2205,3039,126,0.959,0,21,226,69,142,5.58,2023,707
904,50,2357,936,3390,97,0.971,0,41,178,62,169,1.2,2023,708
905,50,3203,2268,3274,257,0.922,0,56,466,63,175,3.97,2023,724
906,50,3303,2336,3318,245,0.926,0,70,664,81,140,1.06,2023,727
907,50,3083,2190,3217,238,0.926,0,59,458,115,199,3.68,2023,728
908,40,2933,2008,3069,188,0.939,0,118,482,97,190,2.29,2023,730
909,49,3182,2165,3209,190,0.941,0,35,250,126,204,0,2023,731
910,38,2059,773,2959,127,0.957,0,25,285,77,122,1.73,2023,734
911,46,2829,959,3959,171,0.957,0,65,352,96,200,0.57,2023,735
912,45,2537,1961,2521,143,0.943,0,71,252,68,139,0.14,2023,743
913,52,3572,2648,3847,231,0.94,0,49,354,99,375,0,2023,746
914,43,2421,851,3454,182,0.947,0,41,402,89,174,0.4,2023,755
915,44,2966,1260,4389,163,0.963,0,22,244,94,190,0.4,2023,757
916,42,2769,1043,4014,202,0.95,0,27,342,52,195,0.32,2023,759
917,37,2602,973,3770,195,0.948,0,72,386,75,169,0.13,2023,763
918,37,2301,815,3251,135,0.959,0,59,300,117,101,0.4,2023,767
919,49,3168,1084,4445,193,0.957,0,36,324,93,193,0.79,2023,778
920,53,3355,2473,3331,209,0.937,0,24,322,58,193,0.07,2023,779
921,49,3167,2169,3273,231,0.929,0,41,484,79,203,0.21,2023,780
922,52,3547,2682,3667,212,0.942,0,122,454,198,359,0.07,2023,787
923,1,21,13,36,2,0.944,0,0,4,2,3,0.36,2023,948
924,39,2623,2029,2867,211,0.926,0,33,338,99,163,0,2023,796
925,35,2166,852,3123,105,0.966,0,35,268,71,189,0.36,2023,797
926,50,3158,2359,3315,244,0.926,0,24,388,94,161,0.11,2023,800
927,48,3386,1225,4820,209,0.957,0,30,321,125,195,0.57,2023,803
928,50,3486,1418,5101,197,0.961,0,68,334,92,328,1,2023,812
929,45,2985,1018,4205,202,0.952,0,47,308,85,234,0,2023,831
930,46,2921,1053,4154,180,0.957,0,33,263,81,166,0,2023,833
931,40,2315,1823,2255,143,0.937,0,61,366,61,130,9.06,2023,834
932,41,1038,363,1472,71,0.952,0,21,194,22,63,1.82,2023,836
933,50,2913,2305,2994,216,0.928,0,35,424,106,165,2.1,2023,847
934,35,1862,685,2719,172,0.937,0,31,262,66,60,1.29,2023,861
935,55,3867,2817,3841,209,0.946,0,33,466,125,264,3.16,2023,869
936,38,2566,1046,3772,160,0.958,0,30,250,73,208,3.35,2023,876
937,38,2429,950,3557,178,0.95,0,76,480,63,152,2.76,2023,878
938,49,3138,2270,3105,223,0.928,0,66,360,86,184,1.89,2023,881
939,58,3707,2780,3787,176,0.954,0,24,252,90,279,8.19,2023,886
940,1,27,11,39,1,0.974,0,0,4,2,0,3.28,2023,951
941,45,3028,1061,4262,173,0.959,0,25,230,61,213,1.24,2023,909
942,29,1634,1238,1656,142,0.914,0,34,309,67,123,0.32,2023,913
943,58,4049,2857,4004,180,0.955,0,30,316,91,239,0.07,2023,917
944,41,2727,1010,3954,217,0.945,0,48,409,104,120,0.21,2023,925
945,42,2856,1155,4197,186,0.956,0,52,372,112,236,0.17,2023,927
946,38,2104,1663,2142,141,0.934,0,17,240,53,110,0.09,2023,935
947,59,1534,2079,496,49,0.901,0,15,110,31,93,0.22,2022,2
948,61,1603,2250,587,60,0.898,0,17,88,34,124,0.71,2022,6
949,56,1331,1894,478,85,0.822,0,15,216,23,64,6.14,2022,7
950,58,1534,505,2079,40,0.981,0,8,90,22,127,0,2022,8
951,49,1228,1753,435,90,0.793,0,26,226,46,69,0.76,2022,9
952,59,1538,473,2075,64,0.969,0,12,130,23,123,1.81,2022,11
953,47,1198,1657,418,41,0.902,0,9,108,36,66,0.63,2022,806
954,40,843,1196,238,115,0.517,0,21,332,33,51,1.5,2022,16
955,53,1395,1929,460,74,0.839,0,5,116,44,118,0.07,2022,29
956,64,1709,2367,592,66,0.889,0,14,64,27,156,4.42,2022,31
957,57,1533,2147,552,62,0.888,0,9,118,31,134,2.75,2022,32
958,67,1773,2445,629,43,0.932,0,13,98,36,161,0.43,2022,36
959,49,1262,389,1735,84,0.952,0,12,244,50,32,0.6,2022,37
960,56,1409,1989,518,62,0.88,0,9,98,31,112,0.75,2022,39
961,65,1737,582,2364,45,0.981,0,9,60,35,139,0,2022,43
962,56,1441,1955,464,50,0.892,0,6,176,59,109,0,2022,51
963,59,1434,1908,425,49,0.885,0,8,130,28,74,0,2022,56
964,54,1409,1967,503,55,0.891,0,13,86,34,176,4.11,2022,62
965,54,1382,1950,494,74,0.85,0,18,134,26,114,3.52,2022,64
966,58,1539,2172,555,78,0.86,0,16,112,54,117,7.34,2022,77
967,49,1350,472,1882,60,0.968,0,9,202,31,82,1.71,2022,78
968,53,1390,1918,457,71,0.845,0,14,122,30,120,8.6,2022,87
969,52,1223,1658,394,41,0.896,0,11,78,36,97,2.61,2022,89
970,49,1248,1632,325,59,0.819,0,5,104,36,46,2.92,2022,90
971,36,931,346,1324,47,0.965,0,11,72,29,43,1.78,2022,96
972,54,1500,2084,516,68,0.868,0,10,100,37,126,1.64,2022,97
973,48,1199,1664,423,42,0.901,0,3,82,40,78,1.26,2022,98
974,56,1446,2014,500,68,0.864,0,21,154,35,64,0.85,2022,100
975,54,1436,2058,561,61,0.891,0,19,84,24,150,2.9,2022,101
976,58,1552,551,2160,57,0.974,0,4,66,26,98,0.15,2022,105
977,55,1460,2037,521,56,0.893,0,7,68,47,87,0.56,2022,109
978,54,1439,2092,595,58,0.903,0,5,82,27,140,0.39,2022,190
979,56,1492,2095,544,59,0.892,0,11,66,28,118,0.39,2022,114
980,60,1602,553,2226,71,0.968,0,7,228,38,85,0.22,2022,120
981,54,1397,461,1929,71,0.963,0,22,100,25,101,0.25,2022,121
982,47,1245,1744,453,46,0.899,0,11,78,41,108,0.31,2022,136
983,62,1538,494,2088,56,0.973,0,19,102,36,73,0.88,2022,137
984,52,1372,451,1911,88,0.954,0,7,142,24,68,0.27,2022,144
985,58,1550,488,2087,49,0.977,0,9,124,26,107,0.75,2022,145
986,55,1408,1994,526,60,0.886,0,13,96,39,109,0.3,2022,152
987,58,1532,2125,536,57,0.894,0,12,109,44,115,0.33,2022,160
988,60,1554,578,2189,57,0.974,0,10,98,32,144,0,2022,163
989,57,1495,2033,468,70,0.85,0,7,77,31,82,0.13,2022,167
990,50,1297,472,1825,56,0.969,0,11,44,33,89,0.33,2022,173
991,66,1777,2337,499,61,0.878,0,7,96,48,96,0,2022,816
992,54,1320,470,1860,70,0.962,0,14,256,38,91,0.6,2022,181
993,36,931,325,1316,60,0.954,0,20,138,21,52,0.25,2022,182
994,49,1290,449,1788,49,0.973,0,18,110,31,58,1,2022,186
995,52,1387,1938,470,81,0.828,0,11,74,51,115,0,2022,188
996,43,1122,368,1535,45,0.971,0,12,110,19,51,2.34,2022,196
997,56,1491,2042,497,54,0.891,0,10,42,23,80,7.63,2022,198
998,50,1302,422,1812,88,0.951,0,21,124,36,83,2.24,2022,200
999,51,1333,474,1866,59,0.968,0,15,98,33,101,1.66,2022,204
1000,48,1112,1582,403,67,0.834,0,17,166,49,61,2.58,2022,205
1001,54,1434,1933,449,50,0.889,0,10,68,17,67,8.65,2022,217
1002,67,1792,2395,564,39,0.931,0,17,140,43,121,3.6,2022,220
1003,51,1347,489,1895,59,0.969,0,5,80,36,65,0.02,2022,248
1004,53,1369,423,1838,46,0.975,0,9,130,43,95,4.11,2022,227
1005,58,1531,2102,519,52,0.9,0,10,94,26,126,1.39,2022,228
1006,56,1362,1888,473,53,0.888,0,20,84,44,79,0.42,2022,229
1007,56,1444,2000,508,48,0.906,0,15,108,16,139,0.32,2022,250
1008,52,1376,468,1903,59,0.969,0,9,118,34,104,4.13,2022,251
1009,53,1421,1986,495,70,0.859,0,11,98,35,115,0.27,2022,254
1010,66,1761,590,2396,45,0.981,0,10,82,20,125,1.9,2022,265
1011,59,1509,504,2104,91,0.957,0,18,125,40,71,0.39,2022,266
1012,58,1540,466,2057,51,0.975,0,6,66,37,74,2.06,2022,262
1013,50,1332,391,1786,63,0.965,0,22,176,30,95,0.59,2022,261
1014,59,1602,2179,504,73,0.855,0,30,38,27,84,0.35,2022,267
1015,50,1353,1877,467,57,0.878,0,13,126,39,96,1.31,2022,270
1016,54,1356,475,1901,70,0.963,0,12,125,47,107,0.56,2022,628
1017,55,1481,524,2076,71,0.966,0,5,55,41,103,0.07,2022,280
1018,56,1467,512,2047,68,0.967,0,13,168,24,137,0.13,2022,289
1019,52,1363,1892,464,65,0.86,0,20,88,41,67,0.08,2022,290
1020,56,1485,2068,517,66,0.872,0,12,94,32,93,0,2022,291
1021,59,1557,2074,472,45,0.905,0,10,86,26,98,0,2022,292
1022,61,1617,2267,609,41,0.933,0,7,106,27,118,0,2022,282
1023,57,1486,480,2038,72,0.965,0,14,98,45,88,0,2022,294
1024,60,1591,459,2118,68,0.968,0,12,92,25,75,0,2022,295
1025,56,1513,2033,477,43,0.91,0,11,118,38,93,0,2022,299
1026,57,1396,1976,474,106,0.776,0,33,120,44,78,0,2022,301
1027,41,1071,309,1429,49,0.966,0,15,108,42,51,5.84,2022,318
1028,48,1290,1891,515,86,0.833,0,24,182,45,79,1.51,2022,317
1029,52,1394,1971,520,57,0.89,0,15,56,29,120,4.43,2022,320
1030,53,1413,1967,502,52,0.896,0,17,152,50,103,2.06,2022,331
1031,52,1332,483,1904,89,0.953,0,11,132,37,102,2.21,2022,332
1032,61,1617,607,2260,36,0.984,0,9,74,54,106,3.89,2022,337
1033,53,1339,443,1871,89,0.952,0,19,142,34,71,1.91,2022,338
1034,53,1406,484,1936,46,0.976,0,10,52,28,97,4.34,2022,345
1035,51,1349,1818,424,45,0.894,0,9,114,30,89,6.25,2022,347
1036,47,1206,446,1711,59,0.966,0,4,56,27,120,0.67,2022,817
1037,59,1538,2057,456,63,0.862,0,14,104,19,86,0.96,2022,349
1038,48,1296,436,1780,48,0.973,0,21,74,34,71,0.38,2022,351
1039,46,1165,1612,367,80,0.782,0,30,238,40,46,0.04,2022,352
1040,54,1468,1975,456,51,0.888,0,11,72,13,75,2.61,2022,353
1041,56,1405,1907,423,79,0.813,0,14,203,51,59,4.57,2022,355
1042,55,1476,492,2026,58,0.971,0,27,160,41,100,0.3,2022,356
1043,55,1463,591,2113,59,0.972,0,8,78,45,141,0.35,2022,357
1044,53,1386,1947,505,56,0.889,0,10,136,31,98,0.71,2022,358
1045,53,1424,2020,540,56,0.896,0,19,106,34,120,0.25,2022,366
1046,58,1520,537,2128,71,0.967,0,13,124,36,92,3.31,2022,367
1047,53,1333,1882,489,60,0.877,0,8,84,33,86,1.53,2022,371
1048,59,1539,2061,474,48,0.899,0,7,90,19,95,1.2,2022,372
1049,50,1209,1665,381,75,0.803,0,17,152,20,63,0.43,2022,384
1050,58,1536,2130,530,64,0.879,0,11,74,37,89,5.29,2022,388
1051,50,1233,498,1796,65,0.964,0,11,110,41,98,0.38,2022,397
1052,60,1605,551,2215,59,0.973,0,10,96,34,102,0.67,2022,405
1053,51,1326,1913,517,70,0.865,0,10,102,42,99,0.11,2022,412
1054,54,1488,494,2032,50,0.975,0,2,58,45,95,0.17,2022,416
1055,58,1550,491,2134,93,0.956,0,14,94,43,77,0,2022,413
1056,53,1386,1981,525,70,0.867,0,14,166,36,109,0,2022,417
1057,64,1703,597,2365,65,0.973,0,9,86,42,133,0,2022,420
1058,64,1726,490,2275,59,0.974,0,9,80,28,105,4.04,2022,421
1059,55,1485,2099,545,69,0.873,0,17,96,24,101,2.58,2022,414
1060,62,1638,438,2158,82,0.962,0,18,62,19,80,2.02,2022,422
1061,49,1279,1727,389,59,0.848,0,12,136,36,80,1.96,2022,429
1062,50,1281,447,1786,58,0.968,0,13,131,39,62,8.39,2022,432
1063,46,1198,1612,351,63,0.821,0,8,80,32,67,7.29,2022,438
1064,55,1435,1997,493,69,0.86,0,8,94,46,105,1.94,2022,440
1065,62,1671,2330,597,62,0.896,0,18,126,40,84,3.03,2022,446
1066,57,1519,513,2096,64,0.97,0,6,110,31,88,0.4,2022,457
1067,55,1435,1921,438,48,0.89,0,11,124,45,68,2.14,2022,461
1068,58,1546,2100,490,64,0.869,0,12,68,29,91,0.2,2022,462
1069,49,1244,452,1761,65,0.963,0,7,164,54,98,3.17,2022,466
1070,60,1602,507,2174,65,0.97,0,13,40,22,118,0.17,2022,469
1071,56,1393,458,1925,74,0.962,0,23,92,23,85,0.1,2022,470
1072,62,1628,553,2243,62,0.972,0,12,116,27,96,0.25,2022,471
1073,54,1412,491,1971,68,0.966,0,8,128,50,135,0.05,2022,472
1074,55,1439,2039,527,73,0.862,0,10,110,38,109,2.84,2022,473
1075,50,1253,1740,434,53,0.878,0,11,100,49,61,0.44,2022,479
1076,52,1366,471,1903,66,0.965,0,8,177,33,70,0.29,2022,483
1077,56,1469,452,1955,34,0.983,0,3,48,19,98,1,2022,488
1078,41,963,1393,344,86,0.75,0,19,194,44,64,0.29,2022,489
1079,51,1315,1780,423,42,0.901,0,16,64,13,120,1,2022,490
1080,60,1555,531,2160,74,0.966,0,6,84,31,131,0.29,2022,492
1081,51,1333,1829,435,61,0.86,0,11,140,29,64,1.27,2022,499
1082,54,1385,492,1957,80,0.959,0,4,108,22,132,1.1,2022,505
1083,48,1219,437,1731,75,0.957,0,11,166,39,98,0.1,2022,509
1084,55,1460,494,2030,76,0.963,0,18,158,34,86,0,2022,516
1085,45,1113,1532,381,38,0.9,0,8,130,16,47,0.38,2022,522
1086,57,1537,494,2109,78,0.963,0,17,66,25,109,0,2022,523
1087,53,1374,514,1948,60,0.969,0,6,74,24,85,0.67,2022,525
1088,55,1463,2051,528,60,0.886,0,3,68,29,138,0,2022,527
1089,54,1398,538,2013,77,0.962,0,8,98,21,147,4.25,2022,531
1090,58,1500,2099,528,71,0.866,0,8,98,46,124,3.36,2022,532
1091,53,1392,499,1954,63,0.968,0,7,120,39,146,2.09,2022,533
1092,54,1397,409,1859,53,0.972,0,20,120,44,64,1.62,2022,536
1093,51,1320,482,1859,57,0.969,0,5,140,17,68,0.13,2022,537
1094,53,1374,486,1912,52,0.973,0,4,90,35,102,8.91,2022,540
1095,46,1124,1644,410,110,0.732,0,47,271,27,67,2.54,2022,541
1096,53,1321,405,1792,66,0.963,0,17,112,57,81,7.06,2022,542
1097,64,1732,2352,560,60,0.893,0,12,84,19,157,0.8,2022,543
1098,52,1405,456,1939,78,0.96,0,21,162,51,95,1.81,2022,519
1099,46,1268,441,1762,53,0.97,0,16,108,39,72,1.65,2022,546
1100,60,1600,2281,618,63,0.898,0,13,113,39,137,2.89,2022,551
1101,50,1220,1733,412,101,0.755,0,19,196,44,75,0.86,2022,553
1102,54,1265,1781,435,81,0.814,0,17,302,38,84,0.52,2022,539
1103,54,1356,1914,500,58,0.884,0,13,146,42,92,0.95,2022,554
1104,51,1281,1843,512,50,0.902,0,14,124,46,83,0.38,2022,559
1105,53,1374,1911,477,60,0.874,0,11,180,36,89,0.17,2022,561
1106,58,1553,2188,591,44,0.926,0,15,68,32,117,0.35,2022,565
1107,57,1460,484,2012,68,0.966,0,2,88,36,79,0.18,2022,569
1108,53,1307,1843,481,55,0.886,0,20,110,28,101,2.6,2022,573
1109,51,1333,1870,453,84,0.815,0,11,142,31,55,0.93,2022,576
1110,69,1843,829,2255,71,0.969,0,19,104,47,117,0.43,2022,580
1111,64,1713,544,2307,50,0.978,0,8,125,33,94,0.14,2022,581
1112,58,1574,544,2168,50,0.977,0,9,150,25,79,0.86,2022,582
1113,65,1693,464,2218,61,0.973,0,6,74,31,70,1.08,2022,584
1114,57,1496,2036,478,62,0.87,0,11,134,53,79,0,2022,586
1115,58,1518,2090,524,48,0.908,0,6,64,23,102,6.8,2022,587
1116,61,1617,2223,559,47,0.916,0,8,74,33,149,0,2022,588
1117,66,1784,2391,564,43,0.924,0,6,63,24,146,0.5,2022,589
1118,51,1346,473,1894,75,0.96,0,20,128,57,112,0,2022,595
1119,48,1262,376,1693,55,0.968,0,23,130,39,66,0,2022,599
1120,55,1470,2095,541,84,0.845,0,12,118,19,111,1,2022,601
1121,50,1335,455,1845,55,0.97,0,23,76,30,116,0.6,2022,607
1122,56,1469,524,2054,61,0.97,0,11,108,13,97,0,2022,614
1123,54,1443,436,1933,54,0.972,0,6,110,39,85,0,2022,619
1124,53,1417,556,2086,113,0.946,0,20,156,52,121,0.5,2022,621
1125,40,1025,377,1473,71,0.952,0,3,147,15,69,3.83,2022,623
1126,50,1352,459,1858,47,0.975,0,13,108,22,94,3.8,2022,627
1127,46,1231,1769,445,93,0.791,0,29,198,32,84,2.33,2022,633
1128,48,1255,1803,478,70,0.854,0,13,146,42,100,1,2022,634
1129,55,1421,1986,492,73,0.852,0,20,94,54,94,6.18,2022,640
1130,55,1457,500,2044,87,0.957,0,21,126,58,123,1.64,2022,643
1131,56,1511,498,2091,82,0.961,0,10,98,41,77,0.95,2022,644
1132,54,1416,476,1938,46,0.976,0,6,130,39,86,2.83,2022,645
1133,59,1569,2089,479,41,0.914,0,12,112,23,104,1,2022,660
1134,58,1500,565,2112,47,0.978,0,7,128,44,120,1.71,2022,663
1135,51,1345,439,1874,90,0.952,0,15,204,40,88,8.14,2022,664
1136,54,1414,2023,537,72,0.866,0,23,88,31,120,8.27,2022,668
1137,53,1363,526,1955,66,0.966,0,5,132,31,113,0.96,2022,670
1138,51,1423,1914,428,63,0.853,0,12,110,27,78,0.65,2022,672
1139,50,1209,1699,409,81,0.802,0,10,178,32,58,0.35,2022,675
1140,56,1454,2019,499,66,0.868,0,16,100,32,114,0.24,2022,682
1141,57,1473,533,2062,56,0.973,0,3,120,34,112,0.19,2022,683
1142,57,1541,522,2105,42,0.98,0,4,56,42,145,1.29,2022,684
1143,55,1498,2095,510,87,0.829,0,18,86,33,94,0.93,2022,685
1144,57,1549,542,2150,59,0.973,0,6,120,44,97,0.36,2022,687
1145,56,1552,556,2171,63,0.971,0,15,138,34,118,0.62,2022,688
1146,53,1392,435,1894,67,0.965,0,10,74,22,90,0.08,2022,689
1147,53,1372,1884,465,47,0.899,0,8,84,34,93,0.38,2022,694
1148,46,1212,412,1704,80,0.953,0,13,216,42,73,0.08,2022,702
1149,55,1398,1905,443,64,0.856,0,11,170,32,91,0.25,2022,705
1150,54,1428,519,1998,51,0.975,0,3,78,40,129,0.55,2022,709
1151,55,1437,487,1976,52,0.974,0,6,102,23,90,0.18,2022,710
1152,45,1142,405,1613,66,0.959,0,7,161,30,71,5.6,2022,711
1153,59,1549,503,2110,58,0.973,0,9,114,21,106,0.44,2022,713
1154,61,1605,2246,591,50,0.915,0,9,56,46,134,0,2022,714
1155,54,1434,2049,517,98,0.81,0,16,148,52,112,0.29,2022,725
1156,53,1402,1956,501,53,0.894,0,16,44,21,112,0,2022,717
1157,60,1589,568,2218,61,0.973,0,12,140,33,124,0,2022,719
1158,49,1198,409,1690,83,0.951,0,10,128,29,81,0,2022,720
1159,66,1789,2488,643,56,0.913,0,21,94,57,108,0,2022,722
1160,44,1112,1587,404,71,0.824,0,18,120,33,100,4.44,2022,736
1161,55,1398,1961,486,77,0.842,0,19,152,31,87,4.52,2022,740
1162,45,1145,365,1550,40,0.974,0,11,140,48,62,8.25,2022,750
1163,65,1743,546,2345,56,0.976,0,10,66,27,106,2.48,2022,753
1164,50,1297,456,1817,64,0.965,0,20,175,37,65,0.9,2022,697
1165,55,1476,501,2040,63,0.969,0,2,86,41,116,2.83,2022,756
1166,47,1118,391,1571,62,0.961,0,21,138,47,85,2.31,2022,760
1167,52,1344,466,1866,56,0.97,0,5,252,51,89,5.78,2022,761
1168,60,1576,557,2181,48,0.978,0,8,98,42,148,1.37,2022,775
1169,66,1784,576,2409,49,0.98,0,6,174,34,94,0.62,2022,776
1170,57,1500,508,2071,63,0.97,0,4,116,38,103,5.48,2022,777
1171,69,1810,691,2538,37,0.985,0,9,84,47,127,1.85,2022,781
1172,64,1698,645,2425,82,0.966,0,12,67,36,93,0.36,2022,782
1173,53,1293,1848,477,78,0.837,0,19,154,42,107,0.19,2022,784
1174,61,1615,2246,553,78,0.859,0,9,76,30,131,0.14,2022,785
1175,61,1618,2212,542,52,0.904,0,10,139,26,66,1.59,2022,786
1176,57,1486,2098,526,86,0.837,0,8,81,31,114,0.5,2022,788
1177,58,1435,498,1989,56,0.972,0,10,150,27,85,0.8,2022,792
1178,52,1362,1970,527,81,0.846,0,23,114,45,99,0.2,2022,793
1179,56,1488,563,2109,58,0.973,0,10,103,40,109,1.4,2022,799
1180,60,1561,559,2185,65,0.97,0,11,98,44,137,1.36,2022,802
1181,56,1454,2018,484,80,0.835,0,14,152,50,91,0.23,2022,805
1182,41,1066,366,1489,57,0.962,0,25,78,47,84,0.17,2022,807
1183,56,1519,558,2135,58,0.973,0,4,99,30,101,2.09,2022,808
1184,53,1353,1859,455,51,0.888,0,4,156,38,105,0.22,2022,809
1185,54,1481,2096,548,67,0.878,0,12,106,37,96,0.75,2022,810
1186,58,1557,531,2148,60,0.972,0,5,78,53,114,0.29,2022,811
1187,60,1567,552,2180,61,0.972,0,18,124,28,123,1.17,2022,813
1188,64,1731,2346,553,62,0.888,0,9,46,33,74,0,2022,815
1189,60,1597,567,2226,62,0.972,0,6,82,49,131,0,2022,419
1190,56,1462,2082,547,73,0.867,0,14,148,35,102,0.25,2022,820
1191,49,1264,446,1760,50,0.972,0,20,137,40,123,0,2022,452
1192,58,1529,489,2083,65,0.969,0,8,100,51,103,0,2022,823
1193,55,1438,488,2004,78,0.961,0,11,140,40,57,0,2022,824
1194,53,1262,1819,457,100,0.781,0,14,186,42,112,0,2022,825
1195,51,1323,1944,547,74,0.865,0,17,152,31,132,3.63,2022,826
1196,63,1671,2323,573,79,0.862,0,21,188,58,100,2.77,2022,827
1197,55,1465,2029,509,55,0.892,0,10,95,41,116,4.38,2022,829
1198,58,1561,2226,585,80,0.863,0,9,110,18,129,1.62,2022,832
1199,57,1484,2082,520,78,0.85,0,15,114,38,109,2.17,2022,712
1200,48,1387,499,1960,74,0.962,0,2,158,25,95,1.35,2022,838
1201,45,1157,405,1617,55,0.966,0,10,181,39,103,6.86,2022,839
1202,54,1420,560,2034,54,0.974,0,9,100,19,116,4.52,2022,841
1203,58,1470,2029,499,60,0.88,0,6,104,41,124,3.44,2022,845
1204,58,1506,2019,447,66,0.852,0,9,88,25,95,1.58,2022,846
1205,48,1193,1677,427,57,0.867,0,13,118,36,84,1.54,2022,851
1206,62,1635,2226,539,52,0.904,0,11,101,33,106,0.85,2022,852
1207,62,1652,516,2248,80,0.964,0,13,58,19,100,0.33,2022,854
1208,49,1258,1773,451,64,0.858,0,12,98,39,62,5.31,2022,855
1209,58,1535,2082,489,58,0.881,0,13,72,22,97,2.31,2022,856
1210,59,1593,2180,543,44,0.919,0,14,84,26,113,0.17,2022,858
1211,56,1443,463,1990,84,0.958,0,8,138,33,113,0.1,2022,859
1212,51,1290,472,1843,81,0.956,0,11,170,41,116,0.15,2022,863
1213,61,1609,592,2263,62,0.973,0,27,52,32,109,0.39,2022,864
1214,56,1486,519,2056,51,0.975,0,7,66,26,122,2.56,2022,870
1215,52,1400,481,1930,49,0.975,0,13,100,35,97,0.5,2022,872
1216,55,1438,2039,545,56,0.897,0,17,84,37,107,1.53,2022,888
1217,58,1528,2149,543,78,0.856,0,15,140,14,129,0.47,2022,891
1218,52,1293,1888,503,92,0.817,0,10,172,41,60,0.17,2022,892
1219,54,1392,497,1967,78,0.96,0,5,94,22,91,0.14,2022,893
1220,56,1493,526,2079,60,0.971,0,8,152,45,78,0.5,2022,906
1221,49,1288,444,1785,53,0.97,0,15,52,33,86,0.33,2022,910
1222,52,1357,1883,451,75,0.834,0,4,174,31,101,0,2022,919
1223,57,1467,506,2031,58,0.971,0,8,114,32,109,0,2022,936
1224,60,1543,2109,501,65,0.87,0,12,104,41,95,1.58,2022,937
1225,38,1003,361,1400,36,0.974,0,5,102,20,72,2.72,2022,938
1226,57,1420,1966,463,83,0.821,0,5,146,62,72,3.45,2022,942
1227,49,1198,1673,380,95,0.75,0,16,274,54,61,0.07,2022,35
1228,59,1548,2166,581,37,0.936,0,7,78,29,118,1.74,2022,65
1229,56,1446,2103,577,80,0.861,0,16,66,43,134,1.55,2022,116
1230,53,1399,1882,433,50,0.885,0,1,86,30,60,2.52,2022,135
1231,55,1465,528,2076,83,0.96,0,3,96,30,125,0.93,2022,239
1232,58,1535,2192,558,99,0.823,0,10,100,34,103,1.55,2022,258
1233,60,1542,503,2109,64,0.97,0,15,206,33,83,2.31,2022,286
1234,62,1623,2204,524,57,0.891,0,8,70,25,132,2.41,2022,302
1235,56,1463,551,2082,68,0.967,0,15,172,48,131,4.39,2022,326
1236,64,1664,2318,577,77,0.867,0,9,100,30,151,7.44,2022,370
1237,49,1183,433,1691,75,0.956,0,8,74,29,69,7.18,2022,409
1238,58,1533,2149,560,56,0.9,0,25,152,33,117,1,2022,411
1239,55,1431,1996,493,72,0.854,0,5,144,22,105,1.42,2022,547
1240,54,1405,451,1936,80,0.959,0,17,136,49,73,0.44,2022,622
1241,51,1329,1811,414,68,0.836,0,14,88,24,78,0.17,2022,630
1242,50,1297,1772,406,69,0.83,0,10,124,23,75,0.67,2022,693
1243,52,1342,528,1952,82,0.958,0,15,116,38,112,1.71,2022,773
1244,55,1423,1970,459,88,0.808,0,14,126,42,75,0.38,2022,1
1245,58,1540,504,2123,79,0.963,0,15,116,40,71,0.47,2022,837
1246,55,1369,1943,509,65,0.872,0,10,136,43,115,0.67,2022,843
1247,59,1535,537,2146,74,0.966,0,8,82,23,70,0.21,2022,932
1248,55,1396,540,2001,65,0.968,0,9,78,53,152,0.21,2022,842
1249,59,1543,447,2041,51,0.975,0,12,86,18,107,1,2022,201
1250,52,1348,1913,499,66,0.868,0,16,188,39,107,0.54,2022,819
1251,54,1278,1757,417,62,0.851,0,12,148,46,107,0.64,2022,894
1252,51,1249,497,1800,54,0.97,0,6,90,28,134,0.5,2022,48
1253,50,1229,436,1732,67,0.961,0,10,148,32,86,0,2022,943
1254,42,949,343,1374,82,0.94,0,12,104,20,70,0,2022,3
1255,47,1196,1654,403,55,0.864,0,10,117,30,83,1,2022,4
1256,53,1287,1775,417,77,0.815,0,16,128,44,64,0,2022,10
1257,46,1080,1528,388,60,0.845,0,28,139,36,90,0,2022,12
1258,44,933,310,1327,84,0.937,0,38,210,37,34,1.86,2022,17
1259,29,588,179,867,100,0.885,0,42,252,5,24,3.36,2022,20
1260,44,1071,1587,422,94,0.777,0,25,156,26,89,9.98,2022,23
1261,46,1137,1594,373,84,0.775,0,6,82,25,77,6.13,2022,26
1262,65,1584,2277,650,43,0.934,0,10,44,32,152,0.32,2022,27
1263,44,1012,1464,372,80,0.785,0,16,108,37,69,1.72,2022,33
1264,47,1184,1606,358,64,0.821,0,25,114,38,31,2.39,2022,34
1265,50,1209,1681,417,55,0.868,0,11,104,21,65,3,2022,38
1266,56,1373,499,1959,87,0.956,0,21,132,34,134,1.45,2022,41
1267,48,1197,378,1654,79,0.952,0,23,138,19,90,1.91,2022,42
1268,48,1165,1600,360,75,0.792,0,21,128,29,51,2.18,2022,45
1269,61,1477,2033,486,70,0.856,0,23,86,29,95,2,2022,47
1270,57,1468,2024,494,62,0.875,0,12,92,42,84,0.22,2022,53
1271,46,1301,1855,467,87,0.814,0,11,139,32,102,0.28,2022,58
1272,52,1303,1789,427,59,0.862,0,20,116,34,75,0.41,2022,59
1273,53,1343,1774,364,67,0.816,0,15,114,35,51,0.09,2022,66
1274,45,1047,331,1457,79,0.946,0,12,157,41,48,1.67,2022,68
1275,47,997,350,1501,154,0.897,0,30,298,44,51,0.25,2022,69
1276,42,1036,1444,342,66,0.807,0,8,162,23,64,0.45,2022,71
1277,48,1206,1675,387,82,0.788,0,14,98,31,70,0.3,2022,79
1278,41,901,351,1325,73,0.945,0,10,150,26,86,0.42,2022,82
1279,45,1100,339,1499,60,0.96,0,13,144,26,48,0.28,2022,83
1280,46,985,1392,336,71,0.789,0,30,144,30,47,1.35,2022,84
1281,47,1140,1639,433,66,0.848,0,14,146,54,72,0.14,2022,93
1282,53,1275,1826,471,80,0.83,0,23,58,26,92,0.31,2022,189
1283,54,1338,1876,487,51,0.895,0,34,72,21,122,0.33,2022,191
1284,50,1240,429,1719,50,0.971,0,24,126,19,72,1.17,2022,192
1285,53,1370,1873,460,43,0.907,0,6,50,25,111,0,2022,106
1286,55,1366,1928,502,60,0.881,0,26,86,26,156,0,2022,107
1287,50,1237,1732,442,53,0.88,0,9,58,17,99,0.4,2022,108
1288,54,1408,1963,496,59,0.881,0,24,82,17,91,0,2022,110
1289,47,1221,404,1699,74,0.956,0,10,126,35,97,0,2022,111
1290,50,1257,452,1798,89,0.951,0,20,88,34,104,0,2022,112
1291,40,879,313,1273,81,0.936,0,5,104,40,53,0,2022,113
1292,48,1080,362,1488,46,0.969,0,7,60,31,63,8.71,2022,115
1293,48,1070,340,1487,77,0.948,0,50,136,33,63,1.22,2022,119
1294,52,1340,480,1880,60,0.968,0,13,30,34,90,1.66,2022,125
1295,54,1437,2032,526,69,0.869,0,10,98,42,126,2.82,2022,127
1296,47,1112,323,1498,63,0.958,0,16,96,25,54,2.15,2022,131
1297,55,1412,1991,525,54,0.897,0,13,74,16,89,5,2022,138
1298,50,1280,430,1761,51,0.971,0,14,86,32,50,1.88,2022,139
1299,49,1164,395,1641,82,0.95,0,17,171,22,68,1.67,2022,140
1300,57,1264,403,1717,50,0.971,0,14,80,44,84,4.38,2022,143
1301,44,1005,387,1470,78,0.947,0,4,118,30,72,1.39,2022,147
1302,48,1239,483,1784,62,0.965,0,6,80,22,148,1.5,2022,148
1303,40,960,277,1322,85,0.936,0,24,188,35,47,0.03,2022,149
1304,46,1087,1547,384,76,0.802,0,13,200,37,74,2.76,2022,151
1305,33,718,271,1036,47,0.955,0,19,122,29,66,1.11,2022,153
1306,45,962,302,1339,75,0.944,0,25,212,41,45,0.21,2022,155
1307,42,886,291,1282,105,0.918,0,31,166,21,64,6.9,2022,157
1308,48,1175,1657,397,85,0.786,0,27,156,42,67,0.1,2022,166
1309,49,1137,1595,396,62,0.843,0,24,130,32,73,0.19,2022,170
1310,52,1251,436,1743,56,0.968,0,5,60,25,82,0.33,2022,171
1311,60,1479,492,2019,48,0.976,0,8,78,30,80,0.4,2022,172
1312,59,1485,538,2086,63,0.97,0,4,85,19,143,0.67,2022,174
1313,53,1169,1681,468,44,0.906,0,8,80,21,71,0.44,2022,175
1314,44,1033,360,1459,66,0.955,0,9,156,42,63,6.29,2022,180
1315,34,771,292,1116,53,0.953,0,8,124,26,51,0.4,2022,218
1316,59,1461,510,2054,83,0.96,0,27,134,26,77,0.93,2022,197
1317,42,874,298,1247,75,0.94,0,16,148,20,32,0.57,2022,199
1318,49,1205,404,1648,39,0.976,0,6,84,19,95,0.23,2022,207
1319,50,1137,1606,354,115,0.675,0,15,194,53,38,0,2022,213
1320,53,1262,457,1799,80,0.956,0,8,96,36,81,2.67,2022,215
1321,48,1068,321,1487,98,0.934,0,33,174,37,71,0,2022,221
1322,60,1483,2052,511,58,0.887,0,7,104,39,111,0,2022,222
1323,48,1103,1544,362,79,0.782,0,21,130,23,94,4.3,2022,230
1324,48,1304,510,1872,58,0.969,0,6,124,31,106,3.59,2022,232
1325,48,956,314,1362,92,0.933,0,40,187,33,49,1.29,2022,234
1326,48,1254,1780,447,79,0.823,0,6,128,51,85,6.47,2022,240
1327,48,1227,489,1794,78,0.957,0,11,76,30,92,2.03,2022,242
1328,37,815,1139,275,49,0.822,0,4,146,24,36,6.47,2022,244
1329,52,1287,459,1812,66,0.964,0,19,140,48,76,2.44,2022,245
1330,49,1212,366,1653,75,0.955,0,10,138,41,46,2.89,2022,247
1331,49,1110,1575,388,77,0.802,0,21,162,33,66,0.77,2022,252
1332,48,1151,392,1622,79,0.951,0,13,130,50,93,7.74,2022,256
1333,49,1159,380,1611,72,0.955,0,18,150,35,42,0.74,2022,259
1334,50,1327,1828,445,64,0.856,0,12,163,36,95,0.04,2022,263
1335,52,1374,1949,513,62,0.879,0,9,72,52,109,0.04,2022,264
1336,50,1319,1828,458,51,0.889,0,4,96,48,85,0.58,2022,268
1337,45,1076,420,1573,77,0.951,0,8,180,47,76,2.61,2022,271
1338,48,1227,465,1768,76,0.957,0,5,118,34,69,0.14,2022,273
1339,48,1183,1670,413,74,0.821,0,15,104,25,71,0.79,2022,277
1340,50,1266,409,1759,84,0.952,0,26,110,40,71,0.11,2022,279
1341,49,1115,1572,391,66,0.831,0,26,92,36,65,0.28,2022,281
1342,54,1406,1956,468,82,0.825,0,26,81,23,82,0.47,2022,283
1343,46,1041,331,1419,47,0.967,0,5,70,41,44,0.24,2022,285
1344,53,1349,500,1914,65,0.966,0,10,143,48,107,0.75,2022,293
1345,50,1132,1587,393,62,0.842,0,17,144,32,85,0.13,2022,297
1346,52,1178,1704,449,77,0.829,0,5,124,50,63,0.19,2022,298
1347,50,1212,1702,431,59,0.863,0,10,108,22,59,0.67,2022,303
1348,51,1278,1784,451,55,0.878,0,13,48,35,98,0.71,2022,315
1349,45,1152,1647,416,79,0.81,0,15,168,31,76,0.14,2022,321
1350,44,1070,1476,343,63,0.816,0,11,126,34,69,0.62,2022,322
1351,57,1441,554,2062,67,0.968,0,15,110,35,126,0.15,2022,324
1352,48,1132,1615,400,83,0.793,0,14,126,22,110,0,2022,328
1353,50,1248,1788,456,84,0.816,0,16,229,37,58,0.17,2022,333
1354,59,1442,2001,498,61,0.878,0,8,66,34,83,0.27,2022,343
1355,49,1046,303,1396,47,0.966,0,23,106,41,64,0.33,2022,350
1356,47,1090,1522,354,78,0.78,0,2,246,28,59,0.33,2022,359
1357,44,997,362,1462,103,0.93,0,10,167,41,33,0,2022,373
1358,45,1116,1563,391,56,0.857,0,16,96,27,58,1.97,2022,377
1359,46,1059,1445,315,71,0.775,0,24,254,27,46,2.32,2022,380
1360,54,1254,1701,382,65,0.83,0,17,138,39,83,4.27,2022,381
1361,43,974,1389,333,82,0.754,0,42,161,25,61,2.48,2022,386
1362,51,1309,1833,459,65,0.858,0,35,116,37,109,2.88,2022,390
1363,35,741,258,1092,93,0.915,0,9,216,31,42,6.68,2022,391
1364,52,1236,1689,399,54,0.865,0,3,126,29,82,7.16,2022,394
1365,29,634,907,195,78,0.6,0,18,240,21,22,1.11,2022,399
1366,57,1434,500,1996,62,0.969,0,5,96,33,107,1.92,2022,396
1367,59,1533,2112,502,77,0.847,0,9,154,51,80,1.66,2022,400
1368,48,1110,392,1559,57,0.963,0,12,140,37,90,6.03,2022,403
1369,45,1073,1532,380,79,0.792,0,6,145,23,46,0.11,2022,406
1370,39,878,1290,316,96,0.696,0,21,230,25,47,0.11,2022,407
1371,45,1130,389,1562,43,0.973,0,47,130,27,72,0.46,2022,408
1372,41,964,301,1320,55,0.958,0,13,138,17,42,1.48,2022,415
1373,52,1196,1755,495,64,0.871,0,17,110,47,112,0.3,2022,423
1374,47,1280,1782,434,68,0.843,0,11,150,19,78,1.08,2022,427
1375,57,1386,1976,527,63,0.881,0,12,112,40,96,0.32,2022,512
1376,50,1164,423,1667,80,0.952,0,24,186,22,111,0.13,2022,430
1377,46,1105,378,1566,83,0.947,0,20,172,21,65,0.1,2022,434
1378,48,1189,1696,450,57,0.873,0,12,166,29,80,0.33,2022,439
1379,51,1211,478,1753,64,0.964,0,11,182,27,69,0.65,2022,442
1380,52,1248,451,1749,50,0.971,0,10,104,20,76,0.06,2022,448
1381,47,1073,374,1506,59,0.961,0,18,182,26,66,0.6,2022,454
1382,47,1167,411,1639,61,0.963,0,11,122,32,60,0.31,2022,464
1383,49,1112,417,1579,50,0.968,0,24,130,34,54,0.23,2022,465
1384,50,1149,1648,416,83,0.801,0,20,148,35,62,0.36,2022,475
1385,56,1342,415,1825,68,0.963,0,32,62,32,93,0.36,2022,476
1386,50,1162,430,1655,63,0.962,0,11,94,53,71,0.8,2022,480
1387,45,1072,1505,353,80,0.773,0,7,114,43,52,0.1,2022,481
1388,48,1176,1597,377,44,0.883,0,9,64,33,72,0,2022,484
1389,51,1248,1779,458,73,0.841,0,10,136,26,85,0.5,2022,485
1390,48,1138,446,1662,78,0.953,0,12,136,15,123,0.67,2022,487
1391,45,1052,339,1457,66,0.955,0,14,126,24,58,0,2022,491
1392,45,1122,406,1602,74,0.954,0,13,170,29,97,2.14,2022,493
1393,52,1301,1801,433,67,0.845,0,13,76,41,68,6.89,2022,496
1394,44,1008,315,1385,62,0.955,0,24,202,23,48,2.56,2022,497
1395,55,1410,2031,550,71,0.871,0,11,98,26,108,2.21,2022,498
1396,50,1249,414,1743,80,0.954,0,16,100,19,84,3.92,2022,501
1397,51,1248,1693,388,57,0.853,0,15,42,40,87,3.76,2022,503
1398,37,852,277,1228,99,0.919,0,13,193,30,57,7.07,2022,506
1399,54,1364,453,1884,67,0.964,0,21,152,36,102,1.39,2022,508
1400,46,1076,438,1604,90,0.944,0,33,98,23,84,6.05,2022,521
1401,43,1021,1436,354,61,0.828,0,7,120,34,54,2.05,2022,529
1402,51,1295,452,1801,54,0.97,0,7,46,26,75,3.13,2022,534
1403,46,1130,429,1638,79,0.952,0,13,122,33,82,2.63,2022,535
1404,51,1386,1938,508,44,0.913,0,20,98,29,91,0.35,2022,548
1405,63,1638,2293,569,86,0.849,0,14,81,34,108,0,2022,549
1406,56,1413,2031,524,94,0.821,0,21,116,42,121,2.45,2022,552
1407,41,992,1386,341,53,0.845,0,9,126,55,68,0.32,2022,555
1408,46,1179,1637,399,59,0.852,0,3,90,18,47,0,2022,557
1409,54,1304,1828,467,57,0.878,0,10,64,41,76,0.41,2022,558
1410,50,1183,428,1703,92,0.946,0,9,104,41,93,0.56,2022,560
1411,55,1353,525,1968,90,0.954,0,10,60,34,87,0.63,2022,563
1412,52,1162,425,1649,62,0.962,0,18,240,55,64,0.67,2022,566
1413,52,1408,1969,490,71,0.855,0,9,72,34,128,1,2022,567
1414,49,1152,427,1649,70,0.958,0,29,110,25,83,0.21,2022,574
1415,49,1212,1652,380,60,0.842,0,33,88,26,76,3.46,2022,578
1416,51,1209,449,1722,64,0.963,0,11,150,29,87,0.69,2022,579
1417,56,1382,1877,437,58,0.867,0,16,122,25,66,0,2022,592
1418,43,1050,395,1505,60,0.96,0,3,106,13,102,0,2022,594
1419,50,1332,490,1923,101,0.948,0,24,190,50,111,0.43,2022,598
1420,47,1031,1471,386,54,0.86,0,6,120,33,50,0,2022,612
1421,52,1317,1807,437,53,0.879,0,13,122,39,66,0,2022,613
1422,61,1540,454,2031,37,0.982,0,6,54,36,70,0.5,2022,617
1423,51,1239,1749,409,101,0.753,0,19,184,46,71,0,2022,620
1424,43,1050,387,1508,71,0.953,0,14,82,46,80,0,2022,629
1425,43,1065,1510,361,84,0.767,0,15,92,18,45,4.62,2022,631
1426,62,1488,532,2074,54,0.974,0,19,122,25,125,2.09,2022,632
1427,52,1246,430,1748,72,0.959,0,17,122,32,102,7.2,2022,638
1428,48,1105,387,1580,88,0.944,0,13,122,47,81,1.67,2022,652
1429,51,1302,1805,447,56,0.875,0,9,158,50,92,7,2022,654
1430,60,1611,2271,604,56,0.907,0,5,150,32,173,1.35,2022,655
1431,48,1216,1759,470,73,0.845,0,22,132,35,85,4.54,2022,665
1432,53,1402,460,1927,65,0.966,0,15,130,32,80,2.16,2022,669
1433,46,1155,1625,399,71,0.822,0,10,90,27,79,2.82,2022,671
1434,36,856,1248,309,83,0.731,0,16,183,31,34,0.96,2022,674
1435,44,1156,1616,390,70,0.821,0,18,182,15,58,1.87,2022,676
1436,46,1064,352,1481,65,0.956,0,17,112,32,44,0.15,2022,678
1437,46,1179,1664,419,66,0.843,0,7,96,14,96,0.4,2022,686
1438,46,1107,1556,398,51,0.872,0,11,180,21,67,1,2022,690
1439,53,1225,403,1676,48,0.971,0,5,70,28,73,0.11,2022,695
1440,41,979,355,1376,42,0.97,0,19,92,31,68,0.44,2022,699
1441,49,1170,420,1643,53,0.968,0,9,106,32,68,0,2022,700
1442,51,1218,397,1694,79,0.953,0,21,96,41,57,0.2,2022,701
1443,52,1197,1659,392,70,0.821,0,16,130,43,85,1.29,2022,704
1444,51,1113,1525,371,41,0.89,0,2,70,25,53,0.07,2022,707
1445,50,1251,494,1797,52,0.971,0,26,120,38,88,0.31,2022,708
1446,52,1247,1731,441,43,0.903,0,10,68,22,110,0.17,2022,715
1447,60,1456,412,1934,66,0.966,0,18,66,44,81,0.75,2022,716
1448,47,1169,1645,391,85,0.783,0,9,70,21,41,0.83,2022,718
1449,58,1458,524,2061,79,0.962,0,13,100,25,115,0.09,2022,723
1450,50,1127,1607,380,100,0.737,0,25,192,23,55,2.89,2022,724
1451,50,1187,1693,410,96,0.766,0,35,308,33,61,0.33,2022,727
1452,49,1055,1526,379,92,0.757,0,19,204,48,80,1,2022,728
1453,41,988,1407,369,50,0.865,0,15,110,43,75,0,2022,729
1454,46,1095,1496,332,69,0.792,0,14,100,46,90,0,2022,731
1455,53,1227,1725,431,67,0.845,0,16,163,32,122,0.5,2022,733
1456,45,1062,361,1482,59,0.96,0,17,88,26,86,0.25,2022,735
1457,50,1197,372,1610,41,0.975,0,21,108,24,56,0,2022,737
1458,57,1372,1913,472,69,0.854,0,17,116,39,99,0,2022,738
1459,52,1215,1752,450,87,0.807,0,16,136,36,140,2,2022,746
1460,46,1182,1646,407,57,0.86,0,16,94,38,56,2.08,2022,752
1461,46,1152,391,1623,80,0.951,0,14,96,32,67,2.21,2022,754
1462,36,820,331,1210,59,0.951,0,16,130,28,62,0,2022,755
1463,57,1515,2061,486,60,0.877,0,33,106,19,104,2.35,2022,772
1464,47,1137,371,1561,53,0.966,0,27,90,27,72,3.63,2022,778
1465,53,1283,1785,432,70,0.838,0,6,104,21,89,2.61,2022,779
1466,49,1084,1521,374,63,0.832,0,14,220,34,65,7.15,2022,780
1467,48,1119,1512,328,65,0.802,0,18,114,20,56,8.16,2022,791
1468,52,1271,426,1775,78,0.956,0,13,54,32,83,2.45,2022,795
1469,50,1147,1655,432,76,0.824,0,9,114,37,70,2.5,2022,800
1470,45,1192,406,1691,93,0.945,0,10,119,47,45,0.11,2022,803
1471,34,845,270,1216,101,0.917,0,23,167,29,37,2.27,2022,804
1472,47,1282,486,1867,99,0.947,0,23,174,25,98,0.27,2022,812
1473,52,1231,433,1739,75,0.957,0,14,184,44,69,6.92,2022,818
1474,55,1402,1950,484,64,0.868,0,17,118,38,81,0.32,2022,828
1475,50,1250,457,1777,70,0.961,0,11,94,17,97,0.29,2022,835
1476,53,1259,1737,431,47,0.891,0,17,110,27,89,1.92,2022,840
1477,50,1139,1673,453,81,0.821,0,19,208,40,86,0.17,2022,847
1478,42,1000,325,1386,61,0.956,0,10,78,36,84,0.32,2022,831
1479,43,950,308,1330,72,0.946,0,10,104,18,60,0.16,2022,833
1480,46,1174,1623,388,71,0.817,0,10,70,13,70,0.12,2022,849
1481,37,796,1087,225,66,0.707,0,33,183,21,23,0.67,2022,857
1482,54,1310,501,1874,63,0.966,0,9,76,26,122,0.71,2022,865
1483,55,1446,2030,504,80,0.841,0,13,190,56,98,0.29,2022,869
1484,56,1367,508,1924,49,0.975,0,13,70,24,103,0,2022,874
1485,45,1074,1538,421,43,0.898,0,10,90,64,82,0.38,2022,875
1486,49,1170,1651,388,93,0.76,0,29,142,40,78,0.42,2022,881
1487,51,1308,1837,461,68,0.853,0,20,124,31,91,0.1,2022,882
1488,46,1160,1641,438,43,0.902,0,9,74,35,82,0.1,2022,883
1489,44,1072,1556,428,56,0.869,0,14,118,37,99,0.29,2022,884
1490,48,1033,332,1446,81,0.944,0,17,192,26,46,0,2022,885
1491,58,1379,1882,444,59,0.867,0,4,122,25,96,3.86,2022,886
1492,42,867,324,1262,71,0.944,0,14,194,20,53,1.88,2022,887
1493,45,972,358,1374,44,0.968,0,14,102,22,93,2.76,2022,889
1494,53,1347,1820,428,45,0.895,0,21,87,20,78,2.31,2022,896
1495,49,1067,1505,375,63,0.832,0,14,100,24,83,7.11,2022,902
1496,51,1198,1679,412,69,0.833,0,11,86,23,73,0.77,2022,911
1497,44,1085,351,1515,79,0.948,0,14,98,16,67,1.56,2022,914
1498,58,1482,2002,461,59,0.872,0,10,82,28,104,2.59,2022,917
1499,40,970,284,1306,52,0.96,0,9,156,39,47,2.28,2022,918
1500,37,876,1246,305,65,0.787,0,19,146,14,40,7.83,2022,924
1501,58,1475,2081,511,95,0.814,0,26,154,21,130,0.48,2022,941
1502,32,688,253,1003,62,0.938,0,15,96,25,16,3.61,2022,861
1503,40,1020,389,1476,67,0.955,0,12,112,24,72,0.33,2022,5
1504,33,738,236,1037,63,0.939,0,26,166,22,13,1.14,2022,13
1505,39,964,1386,345,77,0.777,0,7,76,42,88,0.43,2022,14
1506,37,854,276,1204,74,0.939,0,31,230,21,34,0.25,2022,15
1507,43,1035,1486,383,68,0.823,0,16,132,32,59,5.67,2022,18
1508,39,931,273,1264,60,0.953,0,11,102,28,87,0.71,2022,19
1509,39,941,343,1353,69,0.949,0,5,170,33,53,0.29,2022,21
1510,43,1099,1613,431,83,0.807,0,6,92,25,87,0.5,2022,22
1511,35,859,1224,308,57,0.815,0,18,126,21,54,0.93,2022,24
1512,41,1062,348,1473,63,0.957,0,17,144,33,78,0.17,2022,25
1513,40,911,1283,304,68,0.776,0,16,148,25,39,3.83,2022,28
1514,49,1224,1687,414,49,0.882,0,11,126,23,88,3.64,2022,30
1515,26,671,950,243,36,0.852,0,8,78,15,38,0.5,2022,40
1516,39,858,319,1245,68,0.945,0,9,110,24,60,0.5,2022,44
1517,46,1207,1704,420,77,0.817,0,13,88,20,75,0.43,2022,46
1518,47,1190,393,1636,53,0.968,0,7,88,40,65,0,2022,49
1519,34,847,313,1242,82,0.934,0,17,247,19,53,0.5,2022,50
1520,40,1008,309,1373,56,0.959,0,6,190,20,52,6,2022,52
1521,39,1024,1418,351,43,0.878,0,7,71,23,59,2.26,2022,54
1522,50,1284,1511,661,54,0.918,0,16,104,40,65,7.17,2022,55
1523,32,792,1166,316,58,0.817,0,9,110,35,47,2.76,2022,57
1524,25,564,812,195,53,0.728,0,5,68,25,51,3.45,2022,60
1525,33,770,1129,313,46,0.853,0,22,130,21,77,3.47,2022,61
1526,44,1092,1520,354,74,0.791,0,14,92,35,72,4.28,2022,63
1527,39,995,384,1446,67,0.954,0,15,120,38,59,1.66,2022,67
1528,39,993,318,1354,43,0.968,0,13,94,23,68,5,2022,70
1529,36,871,1227,270,86,0.682,0,50,290,28,28,2.3,2022,72
1530,41,1037,1488,371,80,0.784,0,13,118,13,92,3.1,2022,73
1531,39,913,336,1315,66,0.95,0,26,78,37,28,0.28,2022,74
1532,34,847,1240,346,47,0.864,0,10,126,20,45,0.22,2022,75
1533,46,1095,1533,395,43,0.891,0,6,52,21,83,0.39,2022,76
1534,51,1307,481,1868,80,0.957,0,17,106,17,112,0.38,2022,80
1535,38,887,320,1308,101,0.923,0,11,140,35,34,3.07,2022,81
1536,38,971,365,1393,57,0.959,0,12,70,16,75,0.31,2022,85
1537,41,903,1286,277,106,0.617,0,49,180,24,41,0.75,2022,86
1538,35,855,1243,317,71,0.776,0,15,98,22,49,0.73,2022,88
1539,34,862,1205,279,64,0.771,0,7,116,14,68,0.27,2022,91
1540,36,894,329,1275,52,0.959,0,13,94,45,99,0.8,2022,92
1541,43,1050,382,1512,80,0.947,0,14,92,38,62,0.1,2022,94
1542,45,1072,386,1520,62,0.959,0,8,120,26,76,0,2022,95
1543,41,1069,1474,347,58,0.833,0,17,74,43,65,0.13,2022,99
1544,33,679,970,205,86,0.581,0,21,250,19,26,2,2022,130
1545,43,1018,433,1518,67,0.956,0,13,104,34,90,0,2022,161
1546,40,1055,415,1525,55,0.964,0,13,130,44,103,0,2022,194
1547,42,1029,1449,384,36,0.906,0,19,99,38,120,0,2022,102
1548,41,1003,322,1405,80,0.943,0,19,157,32,57,0.67,2022,103
1549,46,1194,414,1671,63,0.962,0,17,60,44,95,1.5,2022,104
1550,38,867,1352,382,103,0.73,0,19,168,38,53,0,2022,117
1551,37,918,380,1355,57,0.958,0,19,58,27,67,2,2022,118
1552,39,917,355,1375,103,0.925,0,12,160,36,37,0.24,2022,122
1553,32,782,293,1128,53,0.953,0,9,94,27,37,1.13,2022,123
1554,41,1001,352,1418,65,0.954,0,15,162,33,44,0.71,2022,124
1555,40,972,1387,351,64,0.818,0,24,138,32,55,5.55,2022,126
1556,49,1290,457,1841,94,0.949,0,30,128,36,80,0,2022,128
1557,30,652,235,948,61,0.936,0,17,136,16,43,0.17,2022,129
1558,46,1163,471,1692,58,0.966,0,7,98,32,94,1.51,2022,132
1559,39,916,334,1317,67,0.949,0,11,144,30,43,1.56,2022,133
1560,38,936,1378,371,71,0.809,0,18,92,34,70,1.79,2022,134
1561,42,1036,1518,414,68,0.836,0,23,106,29,91,0.33,2022,141
1562,48,1292,1817,455,70,0.846,0,19,176,35,87,0,2022,142
1563,38,889,326,1291,76,0.941,0,20,74,36,30,7.65,2022,146
1564,41,1090,342,1483,51,0.966,0,11,100,24,70,6.05,2022,150
1565,39,979,1364,327,58,0.823,0,19,102,19,68,1.67,2022,154
1566,33,869,341,1267,57,0.955,0,10,104,20,75,0.86,2022,156
1567,25,580,208,871,83,0.905,0,37,192,26,22,0.13,2022,158
1568,31,747,284,1065,34,0.968,0,10,58,24,45,0.2,2022,159
1569,33,819,286,1171,66,0.944,0,22,92,20,33,0.42,2022,162
1570,41,930,355,1348,63,0.953,0,25,115,22,95,0.42,2022,164
1571,43,1111,425,1603,67,0.958,0,14,78,42,104,2.36,2022,165
1572,36,934,1328,335,59,0.824,0,21,120,28,86,4.63,2022,168
1573,37,774,1126,287,65,0.774,0,20,140,20,36,2.71,2022,169
1574,38,929,351,1333,53,0.96,0,15,88,43,60,0,2022,176
1575,40,1024,369,1479,86,0.942,0,18,100,26,69,0.47,2022,177
1576,40,987,1441,394,60,0.848,0,17,108,18,71,2.12,2022,178
1577,31,725,259,1025,41,0.96,0,4,64,14,48,0.59,2022,179
1578,39,1052,430,1567,85,0.946,0,23,108,39,67,0.41,2022,183
1579,47,1220,464,1729,45,0.974,0,13,65,23,108,1,2022,184
1580,41,1029,1456,359,68,0.811,0,11,104,29,65,1,2022,185
1581,45,1086,342,1493,65,0.957,0,11,124,37,53,1.4,2022,187
1582,36,931,313,1279,35,0.973,0,13,86,25,50,4.21,2022,193
1583,37,870,286,1219,63,0.948,0,18,174,19,28,2.7,2022,195
1584,39,964,302,1330,64,0.952,0,14,144,18,49,2.23,2022,209
1585,40,972,351,1388,65,0.953,0,9,144,19,43,2.55,2022,210
1586,35,787,312,1166,67,0.943,0,17,136,50,56,5.57,2022,202
1587,36,877,292,1234,65,0.947,0,40,124,34,34,5.93,2022,203
1588,38,915,332,1318,71,0.946,0,10,135,27,46,2.31,2022,206
1589,46,1190,1712,465,57,0.877,0,11,69,52,87,1.81,2022,208
1590,37,944,325,1340,71,0.947,0,18,122,25,75,1.03,2022,211
1591,38,987,1385,334,64,0.808,0,8,108,34,50,1.33,2022,212
1592,39,975,393,1437,69,0.952,0,17,210,39,83,0.25,2022,214
1593,39,1018,1482,400,64,0.84,0,12,66,29,59,4.04,2022,216
1594,39,1034,390,1483,59,0.96,0,17,102,28,51,1.13,2022,219
1595,46,1155,1590,388,47,0.879,0,23,80,33,55,7.05,2022,223
1596,36,927,1289,305,57,0.813,0,19,124,44,43,0.43,2022,224
1597,38,961,299,1346,86,0.936,0,22,150,36,29,1.24,2022,225
1598,52,1356,507,1914,51,0.973,0,10,62,33,97,0.05,2022,226
1599,41,953,1371,342,76,0.778,0,16,131,19,42,0,2022,231
1600,44,1134,350,1579,95,0.94,0,21,104,24,77,2.78,2022,233
1601,44,1118,384,1570,68,0.957,0,16,146,30,53,0.22,2022,235
1602,36,873,1252,330,49,0.852,0,17,130,21,40,0.65,2022,236
1603,38,859,1241,327,55,0.832,0,18,135,25,58,0.31,2022,237
1604,36,803,1141,274,64,0.766,0,18,63,27,60,0.93,2022,238
1605,33,794,1142,289,59,0.796,0,12,133,16,62,1.2,2022,241
1606,38,969,366,1405,70,0.95,0,13,186,17,66,0.43,2022,243
1607,50,1319,489,1844,36,0.981,0,5,58,28,103,0.86,2022,246
1608,38,909,1274,307,58,0.811,0,22,126,17,45,0,2022,249
1609,41,958,390,1400,52,0.963,0,7,68,42,46,0.75,2022,255
1610,37,870,295,1203,38,0.968,0,9,122,20,50,0.14,2022,253
1611,40,1040,1496,384,72,0.813,0,6,82,41,78,0.25,2022,257
1612,39,815,255,1160,90,0.922,0,22,250,49,21,0.33,2022,
1613,39,889,1260,280,91,0.675,0,18,152,20,38,0,2022,260
1614,40,1003,1376,305,68,0.777,0,4,122,22,52,0,2022,269
1615,37,866,278,1217,73,0.94,0,16,153,29,67,1.95,2022,272
1616,39,928,336,1329,65,0.951,0,12,132,11,95,3.35,2022,274
1617,43,1098,364,1553,91,0.941,0,4,105,23,57,2.29,2022,275
1618,39,974,311,1341,56,0.958,0,7,132,11,44,7.86,2022,276
1619,34,780,319,1164,65,0.944,0,16,136,45,71,2.53,2022,278
1620,37,864,300,1295,131,0.899,0,47,167,17,42,3.42,2022,284
1621,38,879,324,1305,102,0.922,0,8,134,41,38,0.03,2022,287
1622,41,1096,407,1564,61,0.961,0,12,64,30,93,3.45,2022,288
1623,38,957,1389,360,72,0.8,0,14,86,40,49,6.15,2022,296
1624,35,842,1210,290,78,0.731,0,15,154,36,44,1.74,2022,300
1625,35,929,1335,326,80,0.755,0,8,144,17,41,0.23,2022,304
1626,43,1049,1577,449,79,0.824,0,22,108,32,85,3.33,2022,305
1627,35,866,1249,305,78,0.744,0,20,123,22,39,1.85,2022,306
1628,42,1063,1518,392,63,0.839,0,12,86,12,75,0.2,2022,307
1629,33,857,296,1237,84,0.932,0,13,80,42,33,0.21,2022,308
1630,42,1000,366,1434,68,0.953,0,21,58,18,66,0.17,2022,309
1631,39,930,1321,321,70,0.782,0,4,100,35,87,0.33,2022,310
1632,38,921,1239,282,36,0.872,0,8,120,22,42,4.69,2022,311
1633,39,903,1274,319,52,0.837,0,16,108,34,42,0.21,2022,312
1634,39,1007,353,1422,62,0.956,0,9,110,22,55,0.69,2022,313
1635,38,992,1411,343,76,0.778,0,9,170,31,64,0,2022,314
1636,43,1054,1538,413,71,0.828,0,7,90,30,94,1.17,2022,316
1637,37,942,339,1343,62,0.954,0,14,128,28,71,1.17,2022,319
1638,39,1039,410,1506,57,0.962,0,16,147,44,93,0.75,2022,323
1639,44,1112,1569,399,58,0.855,0,17,148,34,86,0,2022,325
1640,35,791,1189,327,71,0.783,0,15,96,24,62,0.13,2022,327
1641,40,942,1351,318,91,0.714,0,11,108,24,41,6.38,2022,329
1642,38,965,353,1403,85,0.939,0,6,136,36,72,0.33,2022,334
1643,38,950,303,1308,55,0.958,0,19,68,27,35,0,2022,335
1644,38,834,312,1217,71,0.942,0,13,122,30,47,0,2022,336
1645,39,925,343,1338,70,0.948,0,20,136,22,61,0,2022,339
1646,41,1005,332,1417,80,0.944,0,15,72,36,44,0,2022,340
1647,41,993,361,1401,47,0.967,0,14,75,24,75,1.94,2022,341
1648,40,987,1381,310,84,0.729,0,22,150,17,65,3.2,2022,342
1649,37,893,328,1268,47,0.963,0,12,118,31,48,1.8,2022,344
1650,41,1037,375,1451,39,0.973,0,14,114,29,59,7.33,2022,346
1651,43,1107,385,1577,85,0.946,0,10,84,24,74,3.75,2022,348
1652,48,1227,1753,454,72,0.841,0,15,124,42,99,6.02,2022,354
1653,45,1073,1530,377,80,0.788,0,35,162,22,64,4.02,2022,364
1654,38,965,1358,344,49,0.858,0,17,160,41,79,1.49,2022,360
1655,37,763,1089,266,60,0.774,0,11,242,36,60,2.28,2022,361
1656,38,992,1419,371,56,0.849,0,11,98,38,52,3.59,2022,362
1657,35,880,315,1276,81,0.937,0,22,148,27,73,0.4,2022,363
1658,40,1001,1420,366,53,0.855,0,7,100,20,86,0.88,2022,365
1659,44,1178,459,1690,53,0.969,0,13,60,35,114,0.27,2022,368
1660,34,842,1183,263,78,0.703,0,17,161,30,30,3.76,2022,369
1661,36,867,1204,292,45,0.846,0,11,100,28,78,0.4,2022,374
1662,35,798,1126,266,62,0.767,0,17,114,25,50,0.32,2022,375
1663,46,1186,408,1683,89,0.947,0,24,145,30,102,0.26,2022,376
1664,33,758,275,1082,49,0.955,0,13,78,28,47,0.35,2022,378
1665,35,840,1219,283,96,0.661,0,12,186,22,45,0.19,2022,379
1666,35,809,1213,347,57,0.836,0,12,76,27,89,0.47,2022,382
1667,43,1109,1585,408,68,0.833,0,15,38,28,90,0.8,2022,383
1668,53,1383,1951,497,71,0.857,0,15,72,26,78,0.87,2022,385
1669,38,930,1313,314,69,0.78,0,31,106,20,63,1.21,2022,387
1670,38,956,1412,377,79,0.791,0,40,182,29,74,0,2022,389
1671,38,878,333,1277,66,0.948,0,25,130,27,37,0.46,2022,392
1672,38,969,373,1404,62,0.956,0,16,90,24,96,0.54,2022,393
1673,39,959,347,1378,72,0.948,0,16,102,28,64,0.38,2022,402
1674,45,1190,1731,432,109,0.748,0,11,136,35,103,0.25,2022,395
1675,25,501,142,700,57,0.919,0,20,142,24,22,0.18,2022,398
1676,40,859,1235,297,79,0.734,0,19,142,19,32,0.18,2022,401
1677,37,951,380,1407,76,0.946,0,21,156,13,107,0.25,2022,404
1678,40,1044,1523,429,50,0.883,0,13,72,38,104,0,2022,410
1679,43,1072,1482,372,38,0.898,0,8,62,40,46,0,2022,418
1680,42,1047,1525,417,61,0.854,0,20,56,42,71,0,2022,424
1681,48,1269,1817,474,74,0.844,0,14,82,23,85,3.69,2022,426
1682,38,845,1242,309,88,0.715,0,19,184,16,45,3.76,2022,455
1683,42,1059,366,1511,86,0.943,0,17,162,38,55,1.93,2022,494
1684,45,1131,1644,437,76,0.826,0,15,114,28,68,5.63,2022,511
1685,22,524,193,775,58,0.925,0,25,138,32,11,1.19,2022,518
1686,33,756,1086,266,64,0.759,0,16,94,19,53,5.24,2022,428
1687,36,932,1323,309,82,0.735,0,32,168,28,68,1.6,2022,431
1688,37,904,1349,380,65,0.829,0,20,112,24,47,0.75,2022,433
1689,22,419,638,145,74,0.49,0,11,136,16,35,1.02,2022,435
1690,39,969,1371,341,61,0.821,0,6,74,32,46,7.36,2022,436
1691,51,1344,579,1960,37,0.981,0,9,74,34,142,2.08,2022,437
1692,31,682,1017,266,69,0.741,0,13,270,31,33,1.85,2022,441
1693,39,948,313,1369,108,0.921,0,20,228,26,66,1.11,2022,443
1694,44,1075,383,1517,59,0.961,0,23,108,33,78,3.16,2022,444
1695,40,998,1412,314,100,0.682,0,11,116,20,68,1.07,2022,445
1696,44,1034,1489,399,56,0.86,0,11,88,31,62,0.04,2022,447
1697,38,983,1401,359,59,0.836,0,20,120,28,66,0.31,2022,449
1698,37,849,281,1179,49,0.958,0,24,112,15,54,0.23,2022,450
1699,41,976,389,1414,49,0.965,0,5,88,26,86,0.29,2022,451
1700,40,987,345,1396,64,0.954,0,8,107,26,69,0.32,2022,453
1701,41,1051,1519,382,86,0.775,0,15,134,34,65,0.05,2022,456
1702,33,715,1034,240,79,0.671,0,17,168,26,30,0.39,2022,458
1703,33,679,970,227,64,0.718,0,19,168,28,39,0.88,2022,459
1704,25,534,780,203,43,0.788,0,22,188,11,25,0.12,2022,460
1705,45,1106,384,1569,79,0.95,0,15,166,19,87,0.75,2022,463
1706,40,1011,418,1494,65,0.957,0,28,108,44,73,0.06,2022,467
1707,42,1123,449,1629,57,0.965,0,9,100,28,91,0.14,2022,468
1708,44,1128,398,1601,75,0.953,0,15,116,26,79,0.77,2022,474
1709,43,1101,1570,420,49,0.883,0,6,96,24,77,0.56,2022,477
1710,45,1141,1636,417,78,0.813,0,33,172,35,50,0,2022,478
1711,36,834,338,1224,52,0.958,0,8,158,46,54,0.14,2022,482
1712,45,1121,1604,433,50,0.885,0,15,96,32,69,0,2022,486
1713,44,1053,366,1476,57,0.961,0,11,98,17,67,0,2022,495
1714,39,936,310,1318,72,0.945,0,11,166,25,48,0,2022,500
1715,44,1127,390,1582,65,0.959,0,11,99,29,80,0,2022,502
1716,40,991,1441,386,64,0.834,0,17,94,40,70,4.29,2022,504
1717,42,1030,1488,402,56,0.861,0,9,80,25,74,2.95,2022,507
1718,42,1068,348,1463,47,0.968,0,9,26,41,86,4.49,2022,510
1719,39,970,1373,306,97,0.683,0,9,96,25,48,2.71,2022,513
1720,32,746,287,1093,60,0.945,0,8,116,35,53,0.2,2022,514
1721,37,932,322,1317,63,0.952,0,15,86,19,58,1.51,2022,515
1722,38,974,381,1443,88,0.939,0,7,104,22,84,3.56,2022,517
1723,45,1159,1658,409,90,0.78,0,16,96,42,78,1.77,2022,520
1724,32,771,246,1065,48,0.955,0,12,92,39,32,5.36,2022,568
1725,41,1046,1464,354,64,0.819,0,16,110,35,73,5.96,2022,524
1726,35,866,303,1230,61,0.95,0,12,104,18,60,3.58,2022,526
1727,40,902,1223,268,53,0.802,0,15,98,29,49,0.3,2022,528
1728,39,976,1444,370,98,0.735,0,10,190,28,71,1.82,2022,530
1729,41,1045,368,1479,66,0.955,0,13,116,38,57,0.04,2022,538
1730,49,1275,1762,404,83,0.795,0,8,94,23,65,3.92,2022,544
1731,25,575,207,855,73,0.915,0,21,228,23,13,0.09,2022,545
1732,41,1054,1471,366,51,0.861,0,17,134,26,51,0.3,2022,550
1733,33,733,1042,224,85,0.621,0,13,220,16,27,0.74,2022,556
1734,43,1058,393,1493,42,0.972,0,16,76,27,84,0.06,2022,562
1735,32,666,956,237,53,0.776,0,11,70,20,53,0.35,2022,564
1736,36,906,347,1318,65,0.951,0,21,184,34,64,0.06,2022,570
1737,40,1023,328,1449,98,0.932,0,15,74,20,66,0.44,2022,571
1738,40,1004,332,1404,68,0.952,0,13,106,36,63,1.13,2022,572
1739,40,1014,1493,399,80,0.8,0,12,142,44,81,0.5,2022,575
1740,38,917,333,1346,96,0.929,0,23,154,20,81,0,2022,577
1741,34,757,254,1078,67,0.938,0,17,186,26,52,0.7,2022,583
1742,34,788,284,1131,59,0.948,0,19,152,27,45,0,2022,585
1743,46,1171,431,1667,65,0.961,0,10,110,30,53,0.33,2022,590
1744,42,1050,407,1508,51,0.966,0,8,148,34,92,0.5,2022,591
1745,38,921,324,1324,79,0.94,0,21,158,21,54,0,2022,593
1746,46,1217,480,1743,46,0.974,0,17,44,24,85,4.42,2022,596
1747,40,1053,1452,358,41,0.886,0,5,76,19,65,4.44,2022,597
1748,38,910,312,1284,62,0.952,0,29,238,16,55,4.1,2022,600
1749,47,1190,402,1672,80,0.952,0,10,126,26,49,2.77,2022,602
1750,44,1122,441,1641,78,0.953,0,21,136,42,86,4.35,2022,603
1751,38,843,307,1221,71,0.942,0,14,112,22,46,2.43,2022,604
1752,42,1019,332,1425,74,0.948,0,20,62,17,54,3.53,2022,605
1753,33,799,1200,331,70,0.789,0,18,150,27,53,1.95,2022,606
1754,38,941,1365,368,56,0.848,0,17,150,22,79,2.26,2022,608
1755,41,1074,386,1544,84,0.946,0,11,168,21,62,0.09,2022,609
1756,35,797,1154,289,68,0.765,0,20,126,30,41,1.36,2022,610
1757,30,669,983,255,59,0.769,0,17,94,23,42,0.1,2022,611
1758,36,953,388,1427,86,0.94,0,17,148,41,77,0.4,2022,615
1759,40,909,337,1316,70,0.947,0,12,116,36,55,0.45,2022,616
1760,46,1183,408,1676,85,0.949,0,13,84,31,69,6.45,2022,618
1761,25,471,152,691,68,0.902,0,6,176,8,18,0.33,2022,624
1762,37,984,325,1369,60,0.956,0,11,92,21,61,0.11,2022,625
1763,34,759,1115,299,57,0.809,0,12,110,45,63,0.61,2022,626
1764,38,936,415,1393,42,0.97,0,21,114,32,86,6.06,2022,647
1765,42,1048,366,1483,69,0.954,0,10,166,25,61,0.69,2022,635
1766,38,983,275,1304,46,0.965,0,12,88,25,42,0.14,2022,636
1767,39,1004,342,1407,61,0.957,0,13,24,22,115,0.54,2022,637
1768,32,790,272,1117,55,0.951,0,3,110,20,47,0.83,2022,639
1769,40,990,1348,313,45,0.856,0,14,110,19,59,0.36,2022,641
1770,45,1108,346,1524,70,0.954,0,24,130,38,53,0.09,2022,642
1771,43,1097,379,1554,78,0.95,0,14,110,47,62,0.44,2022,646
1772,31,636,232,944,76,0.92,0,1,122,31,23,0.14,2022,648
1773,42,1066,401,1525,58,0.962,0,15,100,21,102,0.14,2022,649
1774,43,1103,1595,423,69,0.837,0,5,56,28,86,1.29,2022,650
1775,37,950,1309,295,64,0.783,0,12,108,19,55,0.17,2022,651
1776,40,1022,337,1415,56,0.96,0,8,80,28,93,3.67,2022,653
1777,41,1065,366,1490,59,0.96,0,11,104,26,79,1.57,2022,656
1778,32,751,253,1084,80,0.926,0,28,178,27,33,10.21,2022,657
1779,43,1141,408,1613,64,0.96,0,7,72,20,83,1.89,2022,658
1780,42,920,337,1350,93,0.931,0,19,164,22,69,2.75,2022,659
1781,40,1000,427,1495,68,0.955,0,4,70,27,84,3.22,2022,661
1782,32,900,1296,335,61,0.818,0,11,84,25,65,6.29,2022,662
1783,44,1086,336,1470,48,0.967,0,10,86,14,50,1.37,2022,764
1784,39,906,1344,322,116,0.64,0,21,190,24,50,0.5,2022,765
1785,35,793,1166,326,47,0.856,0,8,64,23,76,1,2022,766
1786,36,885,318,1245,42,0.966,0,11,86,45,45,1.96,2022,767
1787,34,849,1215,306,60,0.804,0,33,142,9,49,0.15,2022,768
1788,29,643,254,951,54,0.943,0,18,122,20,31,0.24,2022,769
1789,38,875,1276,310,91,0.707,0,30,180,18,64,0.32,2022,666
1790,41,980,347,1381,54,0.961,0,4,54,25,82,0.03,2022,667
1791,37,891,1295,343,61,0.822,0,7,72,28,78,0.42,2022,673
1792,38,912,1324,354,58,0.836,0,12,72,24,70,0.21,2022,677
1793,42,1000,252,1300,48,0.963,0,10,58,18,79,0.04,2022,679
1794,51,1407,549,1996,40,0.98,0,5,94,36,98,0.09,2022,680
1795,45,1157,1609,392,60,0.847,0,3,97,27,55,0.14,2022,681
1796,40,986,1451,382,83,0.783,0,11,134,42,75,3.59,2022,691
1797,41,1054,1520,399,67,0.832,0,16,76,20,86,0.05,2022,692
1798,41,990,344,1398,64,0.954,0,17,194,29,66,0.23,2022,696
1799,50,1356,581,1988,51,0.974,0,12,70,33,128,0.14,2022,698
1800,39,973,1323,276,74,0.732,0,17,118,21,71,0.21,2022,703
1801,37,909,369,1349,71,0.947,0,8,108,33,78,0.22,2022,706
1802,42,1100,428,1578,50,0.968,0,7,82,26,132,0.59,2022,721
1803,32,731,317,1098,50,0.955,0,12,120,41,50,0.19,2022,726
1804,38,969,1320,290,61,0.79,0,50,155,42,42,0.09,2022,730
1805,45,1132,1604,405,67,0.835,0,4,104,14,74,0.33,2022,732
1806,38,941,361,1354,52,0.962,0,13,135,34,62,0.2,2022,734
1807,47,1130,1637,447,60,0.866,0,10,76,22,110,0.4,2022,739
1808,37,798,1207,337,72,0.786,0,11,172,46,49,0,2022,741
1809,38,906,1320,377,37,0.902,0,5,108,25,82,0,2022,742
1810,45,1010,1420,360,50,0.861,0,26,64,38,41,0,2022,743
1811,35,820,1131,252,59,0.766,0,14,84,20,34,2.38,2022,744
1812,27,664,258,989,67,0.932,0,28,110,22,48,1.83,2022,745
1813,38,940,343,1336,53,0.96,0,12,42,28,85,1.97,2022,747
1814,33,780,242,1070,48,0.955,0,8,94,11,24,2.94,2022,748
1815,32,753,257,1055,45,0.957,0,2,60,12,63,7.51,2022,749
1816,43,967,360,1413,86,0.939,0,15,94,28,67,2.71,2022,751
1817,44,1072,453,1591,66,0.959,0,9,66,35,75,0.45,2022,757
1818,40,1008,1406,336,62,0.816,0,24,144,28,74,9.6,2022,758
1819,40,1008,362,1448,78,0.946,0,9,134,15,68,1.12,2022,759
1820,43,1070,1519,388,61,0.843,0,25,126,29,71,1.44,2022,762
1821,36,866,314,1260,80,0.937,0,22,98,30,56,0.9,2022,763
1822,41,1075,1587,440,72,0.836,0,40,154,20,52,0.93,2022,770
1823,42,1098,1568,402,68,0.831,0,14,100,29,87,3.58,2022,771
1824,38,1000,402,1453,51,0.965,0,14,71,21,105,0.06,2022,774
1825,42,1070,1484,382,32,0.916,0,18,134,22,96,0.39,2022,783
1826,52,1320,1811,424,67,0.842,0,23,178,30,90,0.31,2022,787
1827,38,925,361,1355,69,0.949,0,15,92,19,75,0.42,2022,789
1828,41,952,1369,343,74,0.784,0,18,120,20,37,0.27,2022,790
1829,36,920,308,1310,82,0.937,0,19,222,22,30,0.18,2022,794
1830,36,922,1352,354,76,0.785,0,15,130,35,69,0.38,2022,796
1831,35,875,338,1260,47,0.963,0,25,158,28,73,0.45,2022,797
1832,51,1331,1906,504,71,0.859,0,15,163,38,93,0.17,2022,798
1833,36,871,302,1219,46,0.962,0,9,72,14,83,0.24,2022,801
1834,38,988,1430,368,74,0.799,0,5,90,29,46,0.24,2022,814
1835,43,1073,1450,324,53,0.836,0,10,106,22,69,0.69,2022,821
1836,41,1032,1496,390,74,0.81,0,22,116,25,55,1.31,2022,822
1837,34,790,282,1140,68,0.94,0,15,144,23,40,0.13,2022,830
1838,38,944,1330,317,69,0.782,0,30,154,30,62,0.09,2022,834
1839,37,896,347,1319,76,0.942,0,16,66,15,73,0.1,2022,844
1840,33,751,1082,282,49,0.826,0,9,134,27,73,0,2022,860
1841,36,934,355,1362,73,0.946,0,35,78,28,74,0,2022,848
1842,28,676,236,973,69,0.929,0,27,216,34,23,0,2022,850
1843,35,859,1240,296,85,0.713,0,10,132,19,54,2,2022,853
1844,34,824,1190,307,59,0.808,0,12,70,30,42,1,2022,935
1845,39,1014,367,1447,66,0.954,0,14,106,42,58,8.58,2022,862
1846,46,1106,473,1642,63,0.962,0,23,132,46,105,1.26,2022,866
1847,46,1201,1740,478,61,0.872,0,7,60,13,97,2.75,2022,867
1848,33,925,292,1279,62,0.952,0,5,102,19,38,3.18,2022,868
1849,35,897,1287,326,64,0.804,0,16,120,42,31,0.76,2022,873
1850,41,1043,1537,410,84,0.795,0,16,140,30,84,2.43,2022,871
1851,38,948,408,1420,64,0.955,0,18,88,29,93,3.13,2022,876
1852,46,1177,1709,476,56,0.882,0,16,78,29,84,3.13,2022,877
1853,37,888,344,1307,75,0.943,0,37,198,26,51,1.78,2022,878
1854,31,705,1020,268,47,0.825,0,10,128,29,56,6.92,2022,879
1855,33,857,289,1213,67,0.945,0,12,160,42,76,6.63,2022,880
1856,25,615,226,902,61,0.932,0,10,112,28,21,1.17,2022,890
1857,40,986,359,1412,67,0.953,0,10,88,20,81,2.42,2022,895
1858,40,957,341,1359,61,0.955,0,13,70,23,75,1.28,2022,897
1859,34,824,1165,293,48,0.836,0,19,90,24,46,0.17,2022,898
1860,41,1050,427,1549,72,0.954,0,13,100,25,74,1.06,2022,899
1861,38,975,1400,364,61,0.832,0,10,144,32,56,0.65,2022,900
1862,44,1177,466,1700,57,0.967,0,9,58,25,88,0.59,2022,901
1863,39,988,344,1416,84,0.941,0,46,116,26,66,1.06,2022,903
1864,40,974,1385,313,98,0.687,0,13,168,17,43,1.81,2022,904
1865,36,964,380,1408,64,0.955,0,24,166,32,63,0.67,2022,905
1866,41,1010,1431,349,72,0.794,0,39,138,31,54,0.53,2022,907
1867,39,901,371,1311,39,0.97,0,13,78,11,70,0.23,2022,908
1868,36,941,330,1331,60,0.955,0,8,90,23,73,0.42,2022,909
1869,42,1060,370,1519,89,0.941,0,12,130,23,88,3.67,2022,912
1870,26,626,897,218,53,0.757,0,16,135,20,54,1.09,2022,913
1871,40,1017,1452,368,67,0.818,0,14,172,48,69,0,2022,915
1872,41,1001,270,1319,48,0.964,0,21,102,23,26,0.38,2022,916
1873,36,871,1250,316,63,0.801,0,21,118,46,61,0.5,2022,920
1874,40,971,295,1339,73,0.946,0,24,142,37,54,0.2,2022,921
1875,42,1081,1509,351,77,0.781,0,13,103,26,50,0.4,2022,922
1876,43,1080,353,1485,52,0.965,0,14,82,21,53,0.2,2022,923
1877,34,861,302,1230,67,0.946,0,24,154,29,28,0,2022,925
1878,52,1353,1917,497,67,0.865,0,9,62,32,110,0,2022,926
1879,40,999,408,1468,61,0.958,0,23,112,32,68,0,2022,927
1880,39,964,311,1329,54,0.959,0,4,74,16,54,2.73,2022,928
1881,46,1226,382,1662,54,0.968,0,9,56,28,72,1.76,2022,929
1882,39,992,377,1432,63,0.956,0,7,48,31,83,1.93,2022,930
1883,46,1185,1736,469,82,0.825,0,19,113,43,102,7.79,2022,931
1884,52,1350,1867,458,59,0.871,0,17,116,43,104,3.9,2022,933
1885,36,939,335,1335,61,0.954,0,11,146,19,55,1.84,2022,934
1886,29,571,874,228,75,0.671,0,10,255,8,35,1.87,2022,939
1887,43,1110,396,1570,64,0.959,0,6,80,44,74,6.62,2022,940
1888,46,1007,355,1456,94,0.935,0,33,178,33,69,2.13,2022,
1889,54,1351,461,1880,68,0.964,0,10,138,26,74,2.71,2021,1
1890,56,1447,533,2052,72,0.965,0,15,162,40,97,0,2021,2
1891,36,871,280,1203,52,0.957,0,8,70,29,52,3.26,2021,943
1892,38,859,308,1241,74,0.94,0,18,72,32,41,0.07,2021,3
1893,34,817,255,1118,46,0.959,0,13,143,24,43,0.77,2021,4
1894,47,1115,423,1581,43,0.973,0,6,84,28,64,1,2021,5
1895,48,1239,479,1766,48,0.973,0,17,82,43,75,0.88,2021,6
1896,50,1188,445,1696,63,0.963,0,18,90,42,55,6.13,2021,7
1897,58,1542,566,2157,49,0.977,0,2,74,29,125,0.19,2021,8
1898,29,678,220,957,59,0.938,0,11,160,29,24,0.53,2021,9
1899,42,1121,373,1549,55,0.965,0,15,122,22,63,0.37,2021,10
1900,41,1069,296,1434,69,0.952,0,19,120,30,37,0.35,2021,11
1901,19,457,140,617,20,0.968,0,2,44,11,28,0.94,2021,12
1902,19,388,110,544,46,0.915,0,3,98,7,7,0.63,2021,13
1903,39,830,331,1240,79,0.936,0,9,94,35,30,0.21,2021,14
1904,19,432,163,626,31,0.951,0,6,92,23,25,1.5,2021,15
1905,27,646,259,951,46,0.952,0,14,160,35,34,0.08,2021,16
1906,39,830,308,1215,77,0.937,0,15,164,29,55,0.5,2021,17
1907,41,947,330,1344,67,0.95,0,5,122,31,53,0.25,2021,18
1908,27,562,183,775,30,0.961,0,5,54,17,58,2.4,2021,19
1909,16,321,96,475,58,0.878,0,24,112,12,10,0,2021,20
1910,33,723,247,1035,65,0.937,0,8,106,24,27,0.75,2021,21
1911,33,766,285,1109,58,0.948,0,3,89,17,77,1.67,2021,22
1912,31,735,257,1037,45,0.957,0,18,87,29,27,0,2021,23
1913,13,288,79,383,16,0.958,0,5,16,5,13,0,2021,24
1914,42,1079,350,1501,72,0.952,0,28,80,19,63,0,2021,25
1915,37,852,252,1161,57,0.951,0,10,128,25,28,4.12,2021,26
1916,53,1342,472,1855,41,0.978,0,22,66,13,117,6.42,2021,27
1917,30,687,218,955,50,0.948,0,11,88,18,24,1.79,2021,28
1918,52,1320,482,1847,45,0.976,0,6,86,28,82,4.31,2021,29
1919,33,789,271,1102,42,0.962,0,6,74,18,58,2.14,2021,30
1920,63,1702,604,2384,78,0.967,0,13,50,25,113,2.04,2021,31
1921,55,1483,573,2106,50,0.976,0,11,76,20,164,1.27,2021,32
1922,33,830,325,1203,48,0.96,0,8,48,32,47,5.22,2021,33
1923,40,964,306,1309,39,0.97,0,13,72,16,56,2.4,2021,34
1924,36,904,310,1289,75,0.942,0,25,156,37,48,2.89,2021,35
1925,61,1674,547,2266,45,0.98,0,2,66,33,132,0.04,2021,36
1926,49,1242,364,1681,75,0.955,0,11,104,24,83,0.27,2021,37
1927,45,1092,341,1477,44,0.97,0,3,62,23,77,0.2,2021,38
1928,53,1335,448,1831,48,0.974,0,14,108,31,118,6.33,2021,39
1929,43,1095,386,1551,70,0.955,0,14,90,37,70,7.13,2021,41
1930,23,542,181,758,35,0.954,0,7,72,2,47,0.67,2021,42
1931,52,1390,479,1914,45,0.977,0,9,78,22,143,0.1,2021,43
1932,33,785,284,1126,57,0.949,0,6,136,33,64,2.24,2021,44
1933,36,909,305,1270,56,0.956,0,10,108,19,44,0.6,2021,45
1934,44,1152,436,1652,64,0.961,0,13,62,26,89,0.45,2021,46
1935,49,1200,381,1627,46,0.972,0,14,78,29,59,0.25,2021,47
1936,41,1071,403,1543,69,0.955,0,7,72,31,98,0.11,2021,48
1937,46,1170,434,1648,44,0.973,0,6,90,30,95,0.24,2021,49
1938,27,649,232,936,55,0.941,0,20,226,19,31,0.12,2021,50
1939,56,1462,454,1985,69,0.965,0,13,125,28,134,0.6,2021,51
1940,31,788,249,1080,43,0.96,0,10,150,19,21,0.4,2021,52
1941,43,1066,357,1473,50,0.966,0,5,56,18,64,0.29,2021,53
1942,17,453,166,638,19,0.97,0,3,16,12,40,0.08,2021,54
1943,40,1018,389,1462,55,0.962,0,16,92,27,54,0,2021,55
1944,56,1359,447,1857,51,0.973,0,7,68,42,83,0,2021,56
1945,20,467,171,673,35,0.948,0,6,92,14,42,0.38,2021,57
1946,25,607,173,812,32,0.961,0,9,65,9,40,0,2021,58
1947,37,971,303,1334,60,0.955,0,14,98,30,81,0,2021,59
1948,8,177,57,252,18,0.929,0,4,26,0,9,0,2021,61
1949,51,1331,462,1842,49,0.973,0,5,42,37,90,0,2021,62
1950,38,948,302,1301,51,0.961,0,8,32,41,50,0,2021,63
1951,48,1247,416,1729,66,0.962,0,9,130,32,66,0,2021,64
1952,52,1324,486,1861,51,0.973,0,11,76,43,109,2.36,2021,65
1953,41,982,309,1337,46,0.966,0,7,78,33,70,4.06,2021,66
1954,30,757,259,1061,45,0.958,0,9,56,30,52,5.98,2021,67
1955,39,895,286,1261,80,0.937,0,12,184,29,33,7.37,2021,68
1956,8,165,62,257,30,0.883,0,14,44,12,2,1.38,2021,69
1957,42,1062,367,1482,53,0.964,0,3,75,32,78,3.73,2021,70
1958,28,682,200,914,32,0.965,0,13,116,16,43,2.09,2021,71
1959,41,987,328,1358,43,0.968,0,12,170,10,38,1.57,2021,73
1960,35,872,339,1266,55,0.957,0,14,138,14,42,1.48,2021,74
1961,31,736,275,1045,34,0.968,0,15,60,24,57,2.08,2021,75
1962,41,984,353,1368,31,0.977,0,5,70,18,69,1.32,2021,76
1963,36,847,297,1179,35,0.97,0,5,152,26,79,0.28,2021,78
1964,33,789,258,1092,45,0.959,0,19,60,17,59,5.95,2021,79
1965,44,1125,439,1626,62,0.962,0,10,72,41,81,0.26,2021,80
1966,32,750,277,1087,60,0.945,0,17,130,20,30,0.22,2021,81
1967,24,541,201,802,60,0.925,0,10,72,34,28,1.67,2021,82
1968,42,904,278,1227,45,0.963,0,9,96,31,55,0.71,2021,83
1969,23,493,159,695,43,0.938,0,6,68,17,22,0.38,2021,84
1970,44,1111,334,1526,81,0.947,0,22,146,33,52,0.13,2021,85
1971,49,1292,384,1710,34,0.98,0,8,112,44,81,0.19,2021,87
1972,49,1153,383,1577,41,0.974,0,15,130,37,83,0.8,2021,89
1973,42,1056,337,1436,43,0.97,0,11,54,21,74,0.64,2021,90
1974,15,315,115,451,21,0.953,0,2,21,10,19,0.57,2021,91
1975,27,633,194,869,42,0.952,0,9,58,9,47,0.23,2021,92
1976,21,512,194,730,24,0.967,0,5,46,21,31,0.36,2021,93
1977,29,764,260,1086,62,0.943,0,11,98,37,38,0.09,2021,94
1978,28,597,246,882,39,0.956,0,10,72,23,46,0.1,2021,95
1979,42,1113,389,1567,65,0.959,0,9,120,18,59,0.33,2021,97
1980,33,798,279,1115,38,0.966,0,5,66,12,71,0.17,2021,98
1981,43,1045,373,1475,57,0.961,0,9,68,32,67,0,2021,99
1982,36,906,309,1269,54,0.957,0,16,108,20,50,1.5,2021,100
1983,50,1305,497,1872,70,0.963,0,10,72,18,91,2.26,2021,101
1984,27,651,273,959,35,0.964,0,8,74,16,50,8.59,2021,102
1985,20,475,173,679,31,0.954,0,6,82,10,14,4.21,2021,103
1986,21,562,214,818,42,0.949,0,14,40,12,31,2.23,2021,104
1987,56,1453,567,2063,43,0.979,0,4,62,25,118,3.59,2021,105
1988,52,1455,533,2050,62,0.97,0,5,61,28,105,1.38,2021,109
1989,30,687,289,1052,76,0.928,0,7,80,39,50,2.55,2021,113
1990,55,1459,552,2073,62,0.97,0,9,122,45,123,6.98,2021,114
1991,41,911,344,1296,41,0.968,0,6,44,26,68,4.49,2021,115
1992,56,1426,595,2088,67,0.968,0,11,74,50,132,2.03,2021,116
1993,38,874,376,1322,72,0.946,0,13,94,16,81,0.1,2021,118
1994,39,997,364,1455,94,0.935,0,29,203,27,69,0.48,2021,119
1995,55,1434,522,2020,64,0.968,0,10,96,19,136,0.48,2021,120
1996,35,843,300,1172,29,0.975,0,15,52,22,43,0.26,2021,121
1997,31,810,290,1168,68,0.942,0,14,119,24,35,0.61,2021,122
1998,29,694,257,999,48,0.952,0,8,85,17,58,0.32,2021,123
1999,44,1115,450,1644,79,0.952,0,14,108,28,84,0.19,2021,124
2000,43,1003,333,1384,48,0.965,0,7,32,20,77,0.29,2021,125
2001,41,1042,382,1492,68,0.954,0,9,118,24,64,0.47,2021,126
2002,44,1025,320,1382,37,0.973,0,2,54,24,67,0.73,2021,127
2003,27,613,241,894,40,0.955,0,15,70,24,36,0.21,2021,128
2004,30,614,231,899,54,0.94,0,14,88,15,58,0.5,2021,129
2005,40,942,326,1317,49,0.963,0,34,134,32,70,0,2021,131
2006,41,1059,411,1513,43,0.972,0,9,91,22,101,1.1,2021,132
2007,17,429,173,641,39,0.939,0,6,114,25,23,0.14,2021,133
2008,41,949,334,1362,79,0.942,0,18,128,40,49,1.17,2021,134
2009,51,1285,435,1779,59,0.967,0,9,114,51,71,1.67,2021,135
2010,43,1148,452,1633,33,0.98,0,5,108,38,71,0,2021,136
2011,60,1428,456,1935,51,0.974,0,8,66,27,97,0,2021,137
2012,54,1385,495,1920,40,0.979,0,14,66,26,93,0.5,2021,138
2013,45,1146,438,1621,37,0.977,0,5,86,15,106,0,2021,139
2014,30,702,225,971,44,0.955,0,13,95,15,48,0,2021,140
2015,33,802,313,1172,57,0.951,0,10,82,19,46,0,2021,141
2016,21,553,218,799,28,0.965,0,3,102,23,37,4,2021,142
2017,46,1026,342,1424,56,0.961,0,11,80,34,55,3.71,2021,143
2018,44,1131,392,1587,64,0.96,0,9,126,28,90,3.47,2021,144
2019,61,1514,484,2056,58,0.972,0,9,116,23,99,1.6,2021,145
2020,35,820,300,1184,64,0.946,0,16,82,31,40,7.65,2021,146
2021,33,750,271,1073,52,0.952,0,8,96,29,69,1.32,2021,147
2022,31,694,228,977,55,0.944,0,17,150,22,32,1.55,2021,149
2023,34,916,316,1283,51,0.96,0,3,62,34,36,1.95,2021,150
2024,37,963,352,1380,65,0.953,0,14,102,31,62,5.81,2021,151
2025,54,1439,525,2008,44,0.978,0,7,102,42,135,0.92,2021,152
2026,32,788,274,1131,69,0.939,0,39,96,16,61,1.48,2021,153
2027,34,710,252,1003,41,0.959,0,19,86,27,30,2.12,2021,155
2028,14,357,122,500,21,0.958,0,3,72,11,18,4.77,2021,156
2029,9,182,33,240,25,0.896,0,3,85,13,4,1.32,2021,157
2030,14,300,117,453,36,0.921,0,5,110,10,6,0.38,2021,158
2031,30,744,243,1022,35,0.966,0,7,106,19,40,0.3,2021,159
2032,52,1376,423,1859,60,0.968,0,18,92,29,68,0.21,2021,160
2033,22,505,227,765,33,0.957,0,5,66,13,34,0.37,2021,161
2034,10,271,83,377,23,0.939,0,2,26,3,13,0,2021,162
2035,50,1347,477,1895,71,0.963,0,11,94,40,95,1.12,2021,163
2036,24,563,236,857,58,0.932,0,9,106,14,38,0.88,2021,164
2037,43,1038,396,1482,48,0.968,0,13,66,29,102,0.63,2021,165
2038,38,863,283,1185,39,0.967,0,16,70,43,35,1.07,2021,166
2039,52,1379,533,1980,68,0.966,0,9,92,33,136,0.2,2021,167
2040,22,480,153,661,28,0.958,0,4,34,21,28,0.67,2021,168
2041,4,78,35,117,4,0.966,0,4,20,2,2,0.13,2021,169
2042,41,984,384,1414,46,0.968,0,12,104,14,75,0.93,2021,170
2043,30,719,253,1031,59,0.943,0,12,78,9,57,0.38,2021,171
2044,47,1218,378,1653,57,0.966,0,8,50,30,71,0,2021,172
2045,47,1214,411,1675,50,0.97,0,9,87,28,103,0.1,2021,174
2046,40,896,298,1244,50,0.96,0,12,88,38,38,5.2,2021,175
2047,34,831,279,1157,47,0.959,0,11,82,27,53,0,2021,176
2048,36,891,314,1283,78,0.939,0,12,88,30,58,0.13,2021,177
2049,42,1032,411,1512,69,0.954,0,8,126,30,78,0,2021,178
2050,36,867,330,1241,44,0.965,0,8,118,22,35,0,2021,179
2051,38,862,327,1238,49,0.96,0,7,88,23,59,0,2021,180
2052,39,870,325,1283,88,0.931,0,14,282,20,37,0,2021,181
2053,38,939,361,1373,73,0.947,0,18,120,21,62,0,2021,183
2054,42,1065,460,1559,34,0.978,0,4,62,26,113,2.36,2021,184
2055,33,813,314,1180,53,0.955,0,11,86,16,48,0.83,2021,185
2056,39,994,327,1344,23,0.983,0,5,64,17,63,4.37,2021,186
2057,41,936,324,1337,77,0.942,0,16,170,20,62,5.51,2021,187
2058,43,1126,430,1607,51,0.968,0,6,80,45,103,2.08,2021,188
2059,39,960,327,1347,60,0.956,0,12,76,31,62,2.22,2021,189
2060,38,1048,387,1478,43,0.971,0,13,42,15,88,4.44,2021,190
2061,36,862,306,1204,36,0.97,0,7,62,25,50,9.15,2021,192
2062,23,498,191,713,24,0.966,0,16,58,11,27,1.63,2021,193
2063,30,760,299,1102,43,0.961,0,8,94,20,73,0.26,2021,194
2064,30,725,279,1066,62,0.942,0,5,88,30,39,0.3,2021,195
2065,49,1224,453,1729,52,0.97,0,19,80,24,99,0.58,2021,197
2066,51,1255,453,1765,57,0.968,0,8,90,27,108,4.17,2021,198
2067,30,602,232,906,72,0.921,0,24,84,29,22,0.65,2021,199
2068,51,1230,479,1789,80,0.955,0,17,154,23,79,0.5,2021,200
2069,59,1513,451,2021,57,0.972,0,14,48,25,99,1,2021,201
2070,8,168,71,255,16,0.937,0,1,16,6,15,7.63,2021,202
2071,39,975,305,1357,77,0.943,0,18,215,30,32,0.53,2021,203
2072,34,882,324,1251,45,0.964,0,16,120,28,38,0.13,2021,204
2073,43,972,350,1402,80,0.943,0,10,125,32,62,0.33,2021,205
2074,29,681,239,977,57,0.942,0,7,120,21,67,0.47,2021,206
2075,48,1246,518,1829,65,0.965,0,13,52,29,127,2.2,2021,207
2076,40,950,361,1355,44,0.968,0,11,46,24,91,0.57,2021,208
2077,36,787,255,1122,80,0.929,0,15,164,15,58,0.45,2021,209
2078,32,780,245,1076,51,0.953,0,11,82,25,52,0.27,2021,210
2079,16,421,143,588,24,0.959,0,4,60,16,36,1.2,2021,211
2080,37,903,325,1295,67,0.948,0,10,148,32,50,0.78,2021,212
2081,33,745,245,1035,45,0.957,0,21,84,28,48,4,2021,213
2082,18,377,128,530,25,0.953,0,10,110,8,24,0.25,2021,214
2083,40,923,337,1320,60,0.955,0,23,100,36,64,0.71,2021,215
2084,41,1027,421,1493,45,0.97,0,8,62,30,54,0,2021,216
2085,54,1451,462,1977,64,0.968,0,13,92,32,86,0,2021,217
2086,27,615,249,941,77,0.918,0,8,90,19,33,0,2021,218
2087,45,1177,414,1667,76,0.954,0,12,116,31,74,0,2021,219
2088,61,1608,522,2177,47,0.978,0,9,94,41,103,4.61,2021,220
2089,39,883,267,1232,82,0.933,0,22,120,22,68,3.5,2021,221
2090,31,677,249,951,25,0.974,0,8,60,27,62,10.45,2021,222
2091,45,1073,397,1518,48,0.968,0,16,68,28,49,2.81,2021,223
2092,24,614,243,903,46,0.949,0,21,80,32,36,1.88,2021,224
2093,27,630,217,886,39,0.956,0,25,80,22,49,1.67,2021,225
2094,40,1007,338,1384,39,0.972,0,8,82,20,70,2.17,2021,226
2095,48,1240,417,1703,46,0.973,0,15,112,27,89,3.91,2021,227
2096,53,1363,490,1907,54,0.972,0,11,86,62,89,1.6,2021,228
2097,51,1212,433,1701,56,0.967,0,6,82,34,105,1.12,2021,229
2098,38,871,304,1257,82,0.935,0,19,158,28,54,0.39,2021,230
2099,16,358,136,519,25,0.952,0,22,48,11,9,0.35,2021,231
2100,37,919,354,1364,91,0.933,0,8,91,38,65,1.2,2021,233
2101,28,638,196,871,37,0.958,0,4,100,13,27,0.33,2021,235
2102,43,1126,413,1596,57,0.964,0,16,108,24,58,0.33,2021,236
2103,34,771,292,1160,97,0.916,0,18,156,19,37,0.28,2021,237
2104,24,517,196,749,36,0.952,0,16,66,10,18,1.68,2021,238
2105,44,1175,398,1639,66,0.96,0,5,126,38,50,0.68,2021,239
2106,10,258,95,368,15,0.959,0,3,68,8,20,0.52,2021,241
2107,41,982,350,1399,67,0.952,0,24,112,36,64,0.63,2021,242
2108,12,306,119,443,18,0.959,0,1,40,10,10,0.84,2021,243
2109,23,591,232,882,59,0.933,0,13,84,19,53,0.41,2021,244
2110,42,1028,384,1480,68,0.954,0,13,60,38,39,0.09,2021,245
2111,20,501,181,711,29,0.959,0,6,16,15,31,0.55,2021,246
2112,43,1027,316,1417,74,0.948,0,18,110,35,69,3.91,2021,247
2113,49,1277,483,1816,56,0.969,0,7,71,20,90,0,2021,248
2114,33,755,254,1062,53,0.95,0,28,154,20,41,0.75,2021,249
2115,55,1365,459,1866,42,0.978,0,8,68,20,125,0.14,2021,250
2116,43,1039,339,1412,34,0.976,0,9,42,13,62,0,2021,251
2117,40,811,277,1149,61,0.947,0,17,112,22,50,0,2021,252
2118,21,519,220,771,32,0.959,0,4,58,18,26,0,2021,253
2119,37,984,343,1390,63,0.955,0,14,214,36,76,3.19,2021,254
2120,30,682,263,1004,59,0.941,0,12,128,34,35,0.74,2021,255
2121,31,701,252,997,44,0.956,0,9,70,35,36,7.61,2021,256
2122,31,812,281,1171,78,0.933,0,15,114,36,44,2.52,2021,257
2123,48,1255,430,1752,67,0.962,0,10,76,19,113,6.05,2021,258
2124,39,900,300,1270,70,0.945,0,27,116,20,62,3.77,2021,259
2125,23,505,181,724,38,0.948,0,10,72,14,25,2.13,2021,260
2126,51,1256,440,1756,60,0.966,0,25,78,41,100,2.74,2021,261
2127,57,1416,490,1948,42,0.978,0,8,82,39,113,2.49,2021,262
2128,26,651,223,898,24,0.973,0,14,52,12,58,0.29,2021,263
2129,38,996,382,1428,50,0.965,0,20,110,27,48,0.7,2021,264
2130,60,1593,535,2198,70,0.968,0,15,112,15,102,0.91,2021,265
2131,56,1298,483,1848,67,0.964,0,14,66,50,109,0.41,2021,266
2132,55,1487,508,2060,65,0.968,0,12,44,33,90,0.23,2021,267
2133,27,675,225,926,26,0.972,0,4,90,14,20,3.55,2021,268
2134,43,1036,403,1505,66,0.956,0,9,88,36,65,0.25,2021,269
2135,43,1117,386,1561,58,0.963,0,16,124,26,71,2.32,2021,270
2136,37,919,366,1339,54,0.96,0,5,106,35,35,0.05,2021,271
2137,27,548,201,795,46,0.942,0,6,117,16,13,1.16,2021,272
2138,35,906,292,1259,61,0.952,0,16,108,27,72,0.06,2021,273
2139,35,849,315,1208,44,0.964,0,10,138,20,51,1.5,2021,274
2140,39,996,321,1407,90,0.936,0,10,146,20,68,0.53,2021,275
2141,15,396,141,558,21,0.962,0,2,36,4,14,2.29,2021,276
2142,33,812,321,1159,26,0.978,0,0,73,14,76,0,2021,277
2143,19,429,146,608,33,0.946,0,6,112,16,13,0.14,2021,278
2144,36,886,296,1239,57,0.954,0,16,62,29,56,0.93,2021,279
2145,45,1146,444,1658,68,0.959,0,9,67,27,140,0.73,2021,280
2146,39,798,273,1128,57,0.95,0,15,104,26,63,0.18,2021,281
2147,57,1517,458,2041,66,0.968,0,13,108,34,73,0.14,2021,282
2148,40,1046,383,1470,41,0.972,0,15,80,31,76,0,2021,283
2149,35,715,278,1036,43,0.959,0,5,66,28,36,0,2021,285
2150,52,1379,499,1939,61,0.969,0,13,126,30,66,0,2021,286
2151,34,813,286,1192,93,0.922,0,16,114,18,33,0,2021,287
2152,36,902,318,1263,43,0.966,0,14,60,24,71,2.1,2021,288
2153,41,997,340,1400,63,0.955,0,4,84,23,49,6.63,2021,289
2154,44,1075,380,1509,54,0.964,0,10,56,30,81,1.61,2021,290
2155,30,745,262,1042,35,0.966,0,7,98,18,40,0.07,2021,291
2156,56,1518,461,2025,46,0.977,0,16,50,31,78,4.09,2021,292
2157,37,960,347,1366,59,0.957,0,17,90,29,79,3.35,2021,293
2158,55,1440,437,1953,76,0.961,0,9,122,24,68,2.73,2021,294
2159,56,1512,479,2062,71,0.966,0,9,124,21,101,8.3,2021,295
2160,14,351,124,502,27,0.946,0,12,28,22,17,0.12,2021,296
2161,37,783,282,1116,51,0.954,0,9,104,30,48,4.71,2021,297
2162,31,719,278,1037,40,0.961,0,6,68,38,41,2.04,2021,298
2163,53,1407,448,1891,36,0.981,0,7,108,20,110,0.23,2021,299
2164,22,482,176,705,47,0.933,0,6,76,18,22,1.35,2021,300
2165,44,1120,358,1549,71,0.954,0,24,218,38,56,0.08,2021,301
2166,60,1552,585,2196,59,0.973,0,10,52,30,130,1.65,2021,302
2167,39,954,358,1370,58,0.958,0,10,66,18,49,0.18,2021,303
2168,33,838,291,1200,71,0.941,0,1,130,28,74,0.43,2021,304
2169,40,949,386,1417,82,0.942,0,16,98,40,62,3.2,2021,305
2170,24,624,213,877,40,0.954,0,13,84,8,40,0.05,2021,306
2171,38,906,334,1283,43,0.967,0,9,90,26,49,0.17,2021,307
2172,19,491,164,690,35,0.949,0,5,114,22,16,0.24,2021,308
2173,34,828,317,1194,49,0.959,0,24,62,17,60,0.24,2021,309
2174,21,495,187,723,41,0.943,0,8,58,15,34,2.35,2021,310
2175,12,264,98,373,11,0.971,0,4,26,4,3,0.75,2021,311
2176,40,918,329,1305,58,0.956,0,20,102,28,57,1.14,2021,312
2177,32,827,286,1159,46,0.96,0,4,84,31,43,2.5,2021,313
2178,40,1016,333,1434,85,0.941,0,20,162,29,48,0.18,2021,314
2179,41,996,363,1392,33,0.976,0,8,58,15,77,0,2021,315
2180,34,797,286,1145,62,0.946,0,20,146,15,64,0,2021,316
2181,38,886,277,1199,36,0.97,0,11,76,28,52,0,2021,317
2182,1,27,6,34,1,0.971,0,0,0,0,0,0.13,2021,319
2183,50,1293,500,1859,66,0.965,0,11,109,29,105,0.2,2021,320
2184,29,695,233,965,37,0.962,0,6,105,28,31,0,2021,321
2185,26,609,228,880,43,0.951,0,8,110,21,48,0,2021,322
2186,41,1018,411,1500,71,0.953,0,11,42,19,79,0,2021,323
2187,46,1117,381,1550,52,0.967,0,14,130,28,85,0,2021,324
2188,32,771,304,1129,54,0.952,0,18,106,23,68,0,2021,325
2189,45,1172,423,1670,75,0.955,0,6,138,46,91,2.13,2021,326
2190,23,516,183,754,55,0.927,0,17,116,9,38,4.7,2021,327
2191,44,1042,367,1477,68,0.954,0,35,116,21,65,8.53,2021,328
2192,40,834,278,1191,79,0.934,0,6,88,29,50,2.51,2021,329
2193,39,1004,353,1397,40,0.971,0,6,112,36,66,2.35,2021,331
2194,30,730,259,1038,49,0.953,0,5,75,34,59,1.97,2021,332
2195,28,685,248,978,45,0.954,0,5,78,20,28,7.03,2021,333
2196,32,735,286,1076,55,0.949,0,12,86,29,37,0.76,2021,334
2197,40,926,342,1342,74,0.945,0,13,106,25,52,0.96,2021,335
2198,34,803,286,1152,63,0.945,0,48,102,24,52,0.35,2021,336
2199,52,1365,493,1917,59,0.969,0,4,80,28,87,3.35,2021,337
2200,52,1268,412,1737,57,0.967,0,14,114,36,73,1.5,2021,338
2201,34,830,330,1239,79,0.936,0,7,142,39,74,4.14,2021,339
2202,32,837,254,1147,56,0.951,0,10,86,24,37,1.62,2021,340
2203,31,729,272,1050,49,0.953,0,10,42,12,31,0.3,2021,341
2204,29,739,251,1041,51,0.951,0,7,70,24,42,0.74,2021,342
2205,45,1087,378,1510,45,0.97,0,6,42,25,86,4.22,2021,343
2206,42,1038,366,1474,70,0.953,0,13,142,42,65,0.44,2021,344
2207,44,1139,353,1532,40,0.974,0,7,104,20,71,0.17,2021,345
2208,40,996,382,1463,85,0.942,0,20,122,33,60,7.12,2021,346
2209,57,1403,472,1943,68,0.965,0,10,116,34,123,0,2021,347
2210,27,675,254,978,49,0.95,0,5,46,10,60,0.69,2021,348
2211,44,1150,374,1571,47,0.97,0,4,56,20,56,0.63,2021,349
2212,37,753,218,1029,58,0.944,0,23,118,22,31,0.53,2021,350
2213,52,1350,424,1822,48,0.974,0,4,46,12,85,0.29,2021,351
2214,14,328,117,478,33,0.931,0,1,79,16,9,0.23,2021,352
2215,44,1154,438,1629,37,0.977,0,7,42,11,71,0.17,2021,353
2216,29,707,314,1074,53,0.951,0,10,58,16,53,0.17,2021,354
2217,42,1086,353,1495,56,0.963,0,14,112,30,54,0.8,2021,355
2218,50,1308,420,1782,54,0.97,0,15,110,22,96,0.11,2021,356
2219,53,1362,450,1863,51,0.973,0,15,94,34,106,0.11,2021,357
2220,28,732,281,1062,49,0.954,0,6,86,19,63,0,2021,358
2221,34,775,285,1110,50,0.955,0,12,94,23,62,2,2021,359
2222,40,1007,338,1417,72,0.949,0,25,154,35,48,0,2021,360
2223,21,555,178,764,31,0.959,0,0,46,14,50,0,2021,362
2224,26,582,192,828,54,0.935,0,12,54,31,17,0,2021,363
2225,29,669,224,943,50,0.947,0,9,94,17,33,5.65,2021,364
2226,40,895,296,1251,60,0.952,0,7,118,29,44,1.43,2021,365
2227,56,1492,530,2073,51,0.975,0,10,102,36,111,8.94,2021,366
2228,57,1474,546,2082,62,0.97,0,16,116,23,95,3.88,2021,367
2229,31,867,365,1279,47,0.963,0,5,62,30,54,2.53,2021,368
2230,22,511,158,713,44,0.938,0,10,158,5,19,3.67,2021,369
2231,51,1324,477,1858,57,0.969,0,11,128,22,115,1.85,2021,370
2232,56,1331,440,1833,62,0.966,0,15,110,45,73,1.78,2021,371
2233,52,1353,436,1828,39,0.979,0,5,64,17,80,1.97,2021,372
2234,12,255,62,338,21,0.938,0,5,16,4,13,3.21,2021,373
2235,14,288,94,404,22,0.946,0,2,55,4,27,0.31,2021,374
2236,23,516,187,746,43,0.942,0,15,96,16,23,1.21,2021,375
2237,28,728,256,1036,52,0.95,0,10,98,11,61,0.14,2021,376
2238,38,889,316,1254,49,0.961,0,17,74,34,67,0.15,2021,377
2239,27,635,237,921,49,0.947,0,1,109,36,44,0.25,2021,378
2240,32,810,259,1165,96,0.918,0,11,194,18,32,0.96,2021,379
2241,38,790,233,1073,50,0.953,0,9,138,13,65,0.38,2021,380
2242,40,968,304,1315,43,0.967,0,16,66,23,65,2.75,2021,381
2243,23,536,191,747,20,0.973,0,3,18,10,49,0.44,2021,382
2244,12,314,103,432,15,0.965,0,1,16,4,24,0.18,2021,383
2245,31,760,283,1082,39,0.964,0,16,70,17,58,1.59,2021,384
2246,34,879,267,1184,38,0.968,0,6,66,14,67,1.35,2021,385
2247,37,858,304,1223,61,0.95,0,51,140,12,64,0.44,2021,386
2248,34,856,280,1211,75,0.938,0,8,136,25,31,0.4,2021,387
2249,48,1199,423,1662,40,0.976,0,12,70,38,77,0,2021,388
2250,21,488,194,711,29,0.959,0,3,50,8,30,0,2021,389
2251,39,1024,320,1407,63,0.955,0,36,74,24,62,0.18,2021,390
2252,26,540,173,780,67,0.914,0,13,52,12,32,0,2021,391
2253,27,546,206,806,54,0.933,0,5,42,12,35,1,2021,392
2254,34,801,276,1136,59,0.948,0,18,114,21,47,0.4,2021,393
2255,25,604,229,857,24,0.972,0,3,42,13,38,0.4,2021,394
2256,32,777,299,1132,56,0.951,0,12,54,18,50,0,2021,395
2257,47,1236,452,1745,57,0.967,0,21,109,31,83,0,2021,396
2258,43,1089,427,1579,63,0.96,0,29,102,21,94,0,2021,397
2259,41,969,311,1350,70,0.948,0,4,140,31,54,1.5,2021,400
2260,16,312,108,454,34,0.925,0,26,50,10,21,0,2021,401
2261,37,858,293,1205,54,0.955,0,9,60,12,39,1.87,2021,402
2262,41,992,352,1396,52,0.963,0,4,62,31,68,1.89,2021,403
2263,32,725,281,1081,75,0.931,0,5,72,15,70,2.92,2021,404
2264,57,1503,505,2040,32,0.984,0,5,90,18,108,3.18,2021,405
2265,36,815,273,1151,63,0.945,0,18,180,19,40,4.8,2021,406
2266,24,566,210,826,50,0.94,0,10,84,21,30,3.96,2021,407
2267,35,819,294,1163,50,0.957,0,8,82,22,28,8.02,2021,408
2268,43,1037,406,1489,46,0.969,0,4,64,27,78,1.34,2021,409
2269,38,870,352,1273,51,0.96,0,6,68,32,77,1.51,2021,410
2270,47,1234,387,1673,52,0.969,0,9,126,25,105,2.67,2021,411
2271,51,1318,433,1811,60,0.967,0,9,120,30,116,3.13,2021,412
2272,35,954,336,1334,44,0.967,0,3,66,39,60,0.26,2021,413
2273,49,1279,431,1764,54,0.969,0,12,62,21,95,0.28,2021,414
2274,28,558,153,737,26,0.965,0,10,70,14,37,1.8,2021,415
2275,43,1145,351,1531,35,0.977,0,11,36,34,69,0.48,2021,416
2276,46,1252,463,1799,84,0.953,0,22,132,48,67,0.05,2021,417
2277,42,987,358,1397,52,0.963,0,14,90,33,66,1.15,2021,418
2278,55,1505,485,2063,73,0.965,0,7,90,40,82,0.33,2021,419
2279,41,978,437,1488,73,0.951,0,18,52,42,99,5.29,2021,945
2280,62,1568,589,2224,67,0.97,0,13,160,20,126,0.29,2021,420
2281,50,1335,421,1812,56,0.969,0,3,44,40,114,0.75,2021,421
2282,63,1694,593,2350,63,0.973,0,7,90,36,121,1.27,2021,422
2283,47,1214,488,1776,74,0.958,0,11,140,58,118,0.07,2021,423
2284,48,1147,491,1700,62,0.964,0,17,68,43,116,0.31,2021,424
2285,51,1344,544,1993,105,0.947,0,20,153,50,66,0.08,2021,426
2286,27,693,261,989,35,0.965,0,13,105,19,57,1,2021,427
2287,25,619,218,878,41,0.953,0,5,118,14,49,0.91,2021,428
2288,44,1060,379,1490,51,0.966,0,15,164,23,75,0.36,2021,429
2289,42,975,361,1400,64,0.954,0,12,98,31,71,3,2021,430
2290,41,1057,344,1498,97,0.935,0,23,82,42,50,0.33,2021,431
2291,36,799,251,1104,54,0.951,0,5,93,24,40,0,2021,432
2292,22,530,211,790,49,0.938,0,7,98,33,24,0,2021,433
2293,36,740,212,1003,51,0.949,0,13,106,20,36,0,2021,434
2294,16,291,99,431,41,0.905,0,10,140,12,14,0,2021,435
2295,42,1076,355,1501,70,0.953,0,11,98,33,70,4.04,2021,436
2296,44,1188,476,1704,40,0.977,0,6,46,16,99,4.41,2021,437
2297,29,666,199,903,38,0.958,0,7,38,11,54,7.11,2021,438
2298,35,884,347,1278,47,0.963,0,24,156,16,31,1.54,2021,439
2299,45,1050,373,1462,39,0.973,0,3,94,24,94,1.98,2021,440
2300,21,428,134,626,64,0.898,0,6,188,15,5,1.98,2021,441
2301,41,968,343,1354,43,0.968,0,2,130,40,40,5.35,2021,442
2302,39,920,353,1331,58,0.956,0,5,80,30,55,1.58,2021,444
2303,28,718,242,1025,65,0.937,0,6,74,20,58,2.08,2021,445
2304,48,1260,447,1757,50,0.972,0,15,108,20,102,1.76,2021,446
2305,27,673,267,980,40,0.959,0,2,31,15,52,0.44,2021,447
2306,40,943,291,1282,48,0.963,0,16,86,21,35,0.74,2021,448
2307,30,727,284,1050,39,0.963,0,9,69,19,64,0.91,2021,449
2308,22,513,166,735,56,0.924,0,3,72,8,24,0.24,2021,450
2309,8,179,59,246,8,0.968,0,1,38,3,8,0.4,2021,451
2310,42,1001,367,1435,67,0.953,0,13,144,34,48,0.68,2021,452
2311,14,344,100,462,18,0.961,0,4,54,7,8,0.05,2021,453
2312,39,886,320,1257,51,0.959,0,10,110,32,44,0.11,2021,454
2313,2,48,18,71,5,0.93,0,0,18,0,0,5.17,2021,455
2314,33,791,277,1136,68,0.94,0,21,160,41,41,0.5,2021,456
2315,62,1565,542,2169,62,0.971,0,10,98,39,106,0.22,2021,457
2316,22,477,162,685,46,0.933,0,14,38,12,15,6.88,2021,458
2317,18,355,134,534,45,0.916,0,11,66,17,6,0.41,2021,459
2318,17,395,139,565,31,0.945,0,34,124,17,13,0.24,2021,460
2319,57,1411,461,1933,61,0.968,0,12,148,57,91,0.53,2021,461
2320,57,1476,511,2028,41,0.98,0,8,148,46,75,0.4,2021,462
2321,23,585,254,863,24,0.972,0,4,54,21,29,0,2021,463
2322,29,713,238,979,28,0.971,0,1,108,21,34,0,2021,464
2323,42,897,331,1267,39,0.969,0,17,86,23,48,0.3,2021,465
2324,41,1095,409,1549,45,0.971,0,7,148,34,95,0.1,2021,466
2325,29,671,278,993,44,0.956,0,17,52,16,34,0.13,2021,467
2326,30,740,287,1077,50,0.954,0,7,74,25,45,1,2021,468
2327,54,1423,519,1994,52,0.974,0,10,54,25,118,0,2021,469
2328,55,1332,421,1819,66,0.964,0,16,98,43,69,2.11,2021,470
2329,46,1194,426,1666,46,0.972,0,6,75,33,111,4.54,2021,471
2330,44,1155,435,1639,49,0.97,0,9,76,52,110,4.38,2021,472
2331,54,1328,469,1854,57,0.969,0,12,86,30,115,1.62,2021,473
2332,8,162,46,219,11,0.95,0,5,36,2,9,8.98,2021,474
2333,15,343,108,480,29,0.94,0,2,42,5,12,4.09,2021,475
2334,45,994,317,1353,42,0.969,0,10,80,19,70,1.73,2021,476
2335,47,1216,450,1714,48,0.972,0,9,108,24,57,2.27,2021,477
2336,34,769,269,1127,89,0.921,0,22,118,24,35,1.68,2021,478
2337,55,1326,523,1920,71,0.963,0,16,149,49,109,1.4,2021,479
2338,40,938,319,1313,56,0.957,0,14,170,33,40,5.13,2021,480
2339,38,917,264,1242,61,0.951,0,21,92,11,43,0.08,2021,481
2340,30,679,225,972,68,0.93,0,8,170,21,42,1.23,2021,482
2341,37,938,358,1346,50,0.963,0,7,96,18,85,0.09,2021,483
2342,49,1190,367,1610,53,0.967,0,11,96,19,49,0.38,2021,484
2343,40,963,299,1314,52,0.96,0,14,100,23,34,0.25,2021,485
2344,41,1010,375,1423,38,0.973,0,11,42,22,76,0.26,2021,486
2345,36,911,391,1360,58,0.957,0,3,48,29,95,0.21,2021,487
2346,68,1811,515,2386,60,0.975,0,5,74,31,115,0.59,2021,488
2347,16,467,172,688,49,0.929,0,13,136,19,22,0.38,2021,489
2348,47,1312,452,1812,48,0.974,0,20,116,20,80,0.4,2021,490
2349,42,989,334,1371,48,0.965,0,8,70,29,91,0.87,2021,491
2350,44,1125,414,1573,34,0.978,0,3,58,24,104,0.5,2021,492
2351,39,978,356,1397,63,0.955,0,12,110,31,63,0.09,2021,493
2352,35,789,305,1125,31,0.972,0,13,56,11,56,1,2021,495
2353,43,1154,373,1569,42,0.973,0,20,50,43,62,4.38,2021,496
2354,39,892,270,1238,76,0.939,0,28,176,37,46,0,2021,497
2355,36,905,333,1277,39,0.97,0,8,70,33,64,0,2021,498
2356,37,867,267,1160,26,0.978,0,6,18,21,58,1.79,2021,499
2357,28,721,276,1052,55,0.948,0,3,106,25,50,3.9,2021,500
2358,40,915,291,1283,77,0.94,0,27,74,24,52,3.35,2021,501
2359,30,783,305,1136,48,0.958,0,9,50,33,45,2.9,2021,502
2360,36,895,302,1259,62,0.951,0,10,106,38,39,2.87,2021,503
2361,30,677,236,945,32,0.966,0,2,56,16,48,8.1,2021,504
2362,47,1187,423,1672,62,0.963,0,6,84,23,87,5.81,2021,505
2363,33,757,292,1081,32,0.97,0,24,64,21,57,1.45,2021,507
2364,49,1216,343,1607,48,0.97,0,15,84,15,75,1.88,2021,508
2365,37,935,365,1352,52,0.962,0,10,136,22,45,2.11,2021,509
2366,41,1070,434,1554,50,0.968,0,8,48,52,118,2.14,2021,510
2367,34,865,334,1235,36,0.971,0,23,122,16,47,0.48,2021,511
2368,44,1080,403,1528,45,0.971,0,10,72,28,74,0.28,2021,512
2369,40,1001,359,1452,92,0.937,0,18,172,41,56,0.13,2021,513
2370,23,544,204,782,34,0.957,0,4,82,30,42,0.17,2021,514
2371,16,418,118,561,25,0.955,0,5,46,15,22,0.38,2021,515
2372,57,1512,512,2088,64,0.969,0,10,138,41,100,0.24,2021,516
2373,31,752,256,1073,65,0.939,0,25,88,31,58,0,2021,517
2374,31,657,255,955,43,0.955,0,14,83,39,42,0.35,2021,518
2375,52,1269,418,1744,57,0.967,0,13,96,45,79,0.16,2021,519
2376,43,1102,361,1522,59,0.961,0,8,128,38,62,4.39,2021,520
2377,38,915,350,1335,70,0.948,0,9,54,20,57,0.71,2021,521
2378,32,775,255,1053,23,0.978,0,13,62,18,49,0.41,2021,522
2379,56,1500,473,2009,36,0.982,0,9,90,21,97,0.13,2021,523
2380,40,919,350,1335,66,0.951,0,27,76,56,49,0.31,2021,524
2381,48,1274,441,1751,36,0.979,0,9,29,24,91,0.36,2021,525
2382,22,522,197,749,30,0.96,0,7,26,16,36,0.07,2021,526
2383,45,1147,427,1608,34,0.979,0,5,30,30,122,0.36,2021,527
2384,31,708,228,980,44,0.955,0,21,88,14,28,0.4,2021,528
2385,19,449,167,643,27,0.958,0,5,58,12,28,0.22,2021,529
2386,30,767,274,1126,85,0.925,0,15,138,24,45,0.25,2021,530
2387,41,1062,394,1499,43,0.971,0,4,66,24,102,0,2021,531
2388,54,1307,458,1825,60,0.967,0,10,108,22,139,0.75,2021,532
2389,57,1420,453,1939,66,0.966,0,5,146,30,120,0.33,2021,533
2390,40,979,336,1355,40,0.971,0,4,62,13,62,0,2021,534
2391,32,781,270,1108,57,0.949,0,9,184,29,41,0,2021,535
2392,33,747,236,1038,55,0.947,0,9,63,17,38,0,2021,536
2393,55,1399,506,1975,70,0.965,0,8,162,45,91,0,2021,537
2394,24,557,163,765,45,0.941,0,13,44,12,8,2.35,2021,538
2395,54,1252,456,1783,75,0.958,0,12,122,53,83,2.73,2021,539
2396,51,1199,376,1636,61,0.963,0,5,136,30,65,8.35,2021,540
2397,52,1253,442,1768,73,0.959,0,18,94,40,102,2.87,2021,541
2398,46,1199,392,1666,75,0.955,0,25,136,46,63,6.92,2021,542
2399,55,1451,446,1946,49,0.975,0,13,58,36,83,2.62,2021,543
2400,47,1224,496,1776,56,0.969,0,6,30,8,80,3.56,2021,544
2401,23,501,147,687,39,0.943,0,3,124,16,6,2.75,2021,545
2402,61,1567,537,2177,73,0.967,0,18,118,19,125,0.34,2021,546
2403,45,1181,435,1675,59,0.965,0,4,62,19,125,3.52,2021,547
2404,45,1151,423,1604,30,0.981,0,10,46,15,70,0.38,2021,548
2405,46,1172,353,1571,46,0.971,0,7,77,15,77,0.2,2021,549
2406,41,1049,399,1487,39,0.974,0,8,88,45,63,0.4,2021,550
2407,48,1277,434,1745,34,0.981,0,11,52,32,61,2.21,2021,551
2408,42,1093,362,1506,51,0.966,0,25,84,33,63,0.22,2021,552
2409,47,1112,341,1513,60,0.96,0,33,152,36,66,0.11,2021,553
2410,48,1141,385,1574,48,0.97,0,6,150,24,60,0.61,2021,554
2411,37,829,269,1137,39,0.966,0,4,80,42,27,0,2021,555
2412,31,667,205,948,76,0.92,0,11,246,17,20,1.21,2021,556
2413,39,995,364,1421,62,0.956,0,7,114,28,84,0.93,2021,557
2414,45,1127,365,1551,59,0.962,0,5,34,14,77,2.5,2021,558
2415,36,934,359,1347,54,0.96,0,6,52,33,89,0.08,2021,559
2416,41,1022,379,1453,52,0.964,0,7,60,31,89,0.09,2021,560
2417,52,1344,496,1908,68,0.964,0,16,148,50,84,0.75,2021,561
2418,47,1178,444,1675,53,0.968,0,13,54,37,89,0,2021,562
2419,46,1167,425,1665,73,0.956,0,16,62,32,62,0.17,2021,563
2420,9,186,69,267,12,0.955,0,0,18,14,6,0.2,2021,564
2421,47,1263,493,1788,32,0.982,0,13,34,26,121,0.25,2021,565
2422,40,837,330,1214,47,0.961,0,8,122,36,61,0,2021,566
2423,25,612,201,841,28,0.967,0,4,22,14,53,0.25,2021,567
2424,46,1104,343,1518,71,0.953,0,13,114,34,58,0.67,2021,569
2425,10,219,72,307,16,0.948,0,6,38,11,7,7.86,2021,570
2426,35,847,304,1222,71,0.942,0,5,110,21,53,7.74,2021,572
2427,48,1260,490,1803,53,0.971,0,14,104,31,64,1.82,2021,573
2428,39,928,334,1321,59,0.955,0,16,78,20,45,4.53,2021,574
2429,36,939,382,1384,63,0.955,0,9,130,16,101,0.88,2021,575
2430,42,1109,389,1544,46,0.97,0,13,166,24,57,4.34,2021,576
2431,40,925,294,1286,67,0.948,0,9,128,24,48,0.68,2021,947
2432,31,631,219,909,59,0.935,0,10,92,24,48,1.68,2021,577
2433,41,982,318,1356,56,0.959,0,17,100,20,62,2.55,2021,578
2434,40,1014,332,1426,80,0.944,0,4,98,8,62,1.48,2021,579
2435,55,1447,453,1961,61,0.969,0,5,100,27,88,1.9,2021,580
2436,56,1476,427,1955,52,0.973,0,11,126,28,87,0.24,2021,581
2437,60,1519,500,2079,60,0.971,0,8,116,43,98,0.25,2021,582
2438,19,452,161,625,12,0.981,0,2,64,16,16,0.04,2021,583
2439,67,1759,453,2269,57,0.975,0,8,91,33,72,0.88,2021,584
2440,30,638,272,985,75,0.924,0,18,144,30,42,0.26,2021,585
2441,47,1174,431,1662,57,0.966,0,6,60,16,111,0.55,2021,586
2442,54,1401,464,1919,54,0.972,0,8,68,29,104,0.29,2021,587
2443,55,1485,537,2062,40,0.981,0,6,66,23,138,2.53,2021,588
2444,61,1639,534,2212,39,0.982,0,14,110,38,115,0.47,2021,589
2445,32,780,309,1128,39,0.965,0,9,54,8,65,0.63,2021,590
2446,34,881,354,1285,50,0.961,0,9,96,36,66,0.25,2021,591
2447,40,943,312,1310,55,0.958,0,7,100,9,44,0,2021,592
2448,31,798,298,1135,39,0.966,0,4,106,37,61,0.6,2021,593
2449,30,719,234,1001,48,0.952,0,2,76,23,41,0.47,2021,594
2450,51,1332,459,1846,55,0.97,0,8,118,52,131,0.27,2021,595
2451,49,1163,474,1695,58,0.966,0,5,64,42,79,0,2021,596
2452,42,992,343,1390,55,0.96,0,5,72,31,55,0.92,2021,597
2453,26,655,234,929,40,0.957,0,9,64,16,46,0.46,2021,598
2454,14,370,123,513,20,0.961,0,4,26,16,20,1.33,2021,599
2455,23,540,181,759,38,0.95,0,1,86,15,17,0.3,2021,600
2456,42,1084,373,1510,53,0.965,0,10,58,27,69,0.11,2021,601
2457,38,946,351,1358,61,0.955,0,24,86,23,53,0,2021,602
2458,26,635,237,908,36,0.96,0,8,46,26,41,0.75,2021,603
2459,27,606,226,867,35,0.96,0,2,50,13,40,2.33,2021,604
2460,38,907,304,1259,48,0.962,0,7,62,39,54,0,2021,605
2461,20,455,169,673,49,0.927,0,11,100,16,28,0,2021,606
2462,45,1163,424,1628,41,0.975,0,12,66,25,101,4.61,2021,607
2463,23,619,231,900,50,0.944,0,11,98,21,39,1.86,2021,608
2464,37,981,395,1435,59,0.959,0,9,54,34,62,2.44,2021,609
2465,20,442,162,630,26,0.959,0,12,74,19,19,3.47,2021,610
2466,28,615,247,926,64,0.931,0,10,88,16,50,3.11,2021,611
2467,36,734,249,1036,53,0.949,0,12,96,27,30,4.08,2021,612
2468,46,1215,415,1674,44,0.974,0,8,90,43,80,3.67,2021,613
2469,43,1149,415,1598,34,0.979,0,8,74,18,90,0.96,2021,614
2470,20,460,188,686,38,0.945,0,2,88,18,22,7.28,2021,615
2471,24,574,216,841,51,0.939,0,11,94,21,27,4.03,2021,616
2472,32,735,239,1004,30,0.97,0,4,46,12,26,0.18,2021,617
2473,49,1326,427,1818,65,0.964,0,8,92,31,81,0.92,2021,619
2474,21,440,137,637,60,0.906,0,5,158,26,15,0.79,2021,620
2475,30,773,288,1117,56,0.95,0,12,68,23,60,0.17,2021,621
2476,45,1195,440,1691,56,0.967,0,12,56,34,74,0.09,2021,622
2477,36,874,300,1239,65,0.948,0,10,94,13,78,0.23,2021,625
2478,27,653,269,953,31,0.968,0,4,82,21,56,0.3,2021,626
2479,42,1087,428,1571,56,0.964,0,16,74,25,77,0,2021,627
2480,46,1089,373,1537,75,0.951,0,8,152,28,42,0.33,2021,628
2481,33,809,260,1118,49,0.956,0,6,94,15,26,0.76,2021,629
2482,30,701,209,962,52,0.946,0,9,84,19,27,0.38,2021,630
2483,26,645,254,939,40,0.957,0,11,118,15,34,0.36,2021,631
2484,44,1060,326,1432,46,0.968,0,8,108,31,61,0.36,2021,632
2485,28,618,210,865,37,0.957,0,12,72,18,35,0.08,2021,633
2486,46,1207,470,1734,57,0.967,0,3,39,68,104,0.54,2021,634
2487,23,619,230,883,34,0.962,0,10,102,13,49,0.5,2021,635
2488,34,888,320,1262,54,0.957,0,3,68,23,51,0.17,2021,636
2489,16,430,190,648,28,0.957,0,5,36,7,42,0.27,2021,637
2490,39,948,340,1342,54,0.96,0,4,68,16,62,0.4,2021,638
2491,14,327,113,453,13,0.971,0,1,50,11,23,0.3,2021,639
2492,52,1364,484,1925,77,0.96,0,8,96,42,71,0.38,2021,640
2493,36,869,305,1220,46,0.962,0,3,88,16,44,0.14,2021,641
2494,32,782,254,1089,53,0.951,0,21,96,29,50,0,2021,642
2495,53,1295,475,1815,45,0.975,0,16,116,62,103,0,2021,643
2496,36,881,292,1212,39,0.968,0,8,50,29,63,4.42,2021,644
2497,41,946,310,1298,42,0.968,0,12,48,9,89,2.82,2021,645
2498,37,891,361,1327,75,0.944,0,10,182,29,56,2.29,2021,646
2499,27,645,224,904,35,0.961,0,12,84,11,50,3.53,2021,647
2500,10,192,72,294,30,0.898,0,15,30,6,3,7.71,2021,648
2501,33,852,297,1198,49,0.959,0,15,82,31,72,2.5,2021,649
2502,34,821,323,1185,41,0.965,0,5,62,16,84,1.76,2021,650
2503,40,994,308,1399,97,0.931,0,20,161,28,33,1.64,2021,651
2504,42,967,325,1345,53,0.961,0,10,58,28,59,6.31,2021,652
2505,31,740,251,1034,43,0.958,0,14,44,22,57,0.27,2021,653
2506,42,1058,371,1480,51,0.966,0,3,96,33,63,0,2021,654
2507,20,495,182,699,22,0.969,0,3,46,10,34,0.3,2021,655
2508,36,995,333,1400,72,0.949,0,5,90,46,60,0.45,2021,656
2509,35,944,389,1387,54,0.961,0,6,48,27,78,0.58,2021,658
2510,44,1172,406,1633,55,0.966,0,8,70,18,79,6.31,2021,660
2511,27,705,245,1003,53,0.947,0,6,131,24,43,0.05,2021,661
2512,18,483,233,756,40,0.947,0,9,76,16,46,0.58,2021,662
2513,57,1421,482,1937,34,0.982,0,8,84,30,113,0.37,2021,663
2514,48,1255,404,1736,77,0.956,0,15,158,45,60,0.11,2021,664
2515,32,833,329,1229,67,0.946,0,19,92,16,59,0.61,2021,665
2516,14,333,115,479,31,0.935,0,9,86,13,17,0.56,2021,666
2517,41,966,367,1391,58,0.958,0,7,84,26,46,0.06,2021,667
2518,40,975,362,1391,54,0.961,0,12,68,17,72,0.29,2021,668
2519,26,643,203,881,35,0.96,0,8,98,18,32,0.13,2021,669
2520,48,1188,437,1677,52,0.969,0,8,122,31,88,0.56,2021,670
2521,38,920,282,1261,59,0.953,0,7,96,28,40,0.13,2021,671
2522,48,1361,495,1914,58,0.97,0,11,102,35,83,0.8,2021,672
2523,44,1101,460,1617,56,0.965,0,12,96,45,96,0.08,2021,673
2524,24,545,180,785,60,0.924,0,6,116,9,49,0.43,2021,674
2525,26,548,152,757,57,0.925,0,21,96,10,11,1,2021,675
2526,22,505,163,694,26,0.963,0,4,66,14,34,0.2,2021,676
2527,34,843,327,1223,53,0.957,0,8,90,13,67,0,2021,677
2528,39,900,291,1255,64,0.949,0,16,130,23,28,0.2,2021,678
2529,23,529,249,814,36,0.956,0,10,78,23,64,0.2,2021,679
2530,38,1073,380,1486,33,0.978,0,3,44,17,78,0.67,2021,680
2531,24,572,241,850,37,0.957,0,17,42,13,53,0,2021,681
2532,55,1410,515,1994,69,0.965,0,7,94,35,79,1.89,2021,682
2533,58,1521,505,2103,77,0.963,0,12,134,44,111,2.68,2021,683
2534,45,1205,387,1626,34,0.979,0,8,50,25,69,2.09,2021,684
2535,46,1187,391,1636,58,0.965,0,17,52,26,94,2.06,2021,685
2536,53,1398,457,1912,57,0.97,0,8,144,41,101,3.8,2021,687
2537,36,870,323,1226,33,0.973,0,16,108,26,93,0.21,2021,688
2538,51,1349,414,1820,57,0.969,0,10,112,39,77,7.67,2021,689
2539,21,471,125,621,25,0.96,0,10,86,14,20,2.24,2021,690
2540,40,932,353,1333,48,0.964,0,14,120,22,71,1.83,2021,691
2541,31,709,293,1035,33,0.968,0,4,58,19,58,6.41,2021,692
2542,51,1266,435,1780,79,0.956,0,7,120,35,96,1.49,2021,693
2543,48,1188,416,1650,46,0.972,0,15,76,19,82,0.91,2021,694
2544,47,1090,316,1449,43,0.97,0,3,42,13,55,1.19,2021,695
2545,9,246,85,339,8,0.976,0,1,68,16,9,5.37,2021,696
2546,50,1252,433,1740,55,0.968,0,13,120,37,81,0.08,2021,697
2547,42,1085,440,1579,54,0.966,0,8,48,27,98,0.24,2021,698
2548,37,773,225,1052,54,0.949,0,9,44,23,26,0,2021,699
2549,36,724,241,1006,41,0.959,0,15,90,24,54,0.05,2021,700
2550,44,1137,395,1589,57,0.964,0,9,70,20,70,0.1,2021,701
2551,39,859,255,1171,57,0.951,0,8,74,11,36,0.11,2021,702
2552,41,940,336,1334,58,0.957,0,11,86,35,64,0.83,2021,703
2553,42,981,377,1422,64,0.955,0,10,130,25,54,0.35,2021,704
2554,50,1288,450,1789,51,0.972,0,18,106,36,86,1.88,2021,705
2555,15,353,134,506,19,0.963,0,2,48,13,18,1.38,2021,706
2556,37,762,243,1043,38,0.964,0,7,62,20,43,1.2,2021,707
2557,58,1533,491,2066,42,0.98,0,3,84,55,94,0.2,2021,709
2558,57,1521,419,1987,47,0.976,0,7,101,44,88,4.86,2021,710
2559,47,1152,411,1625,62,0.962,0,15,126,41,87,0.14,2021,711
2560,61,1615,514,2200,71,0.968,0,9,122,21,64,2.23,2021,712
2561,52,1366,491,1906,49,0.974,0,15,88,23,82,0.33,2021,713
2562,56,1412,505,1973,56,0.972,0,12,40,34,112,0.36,2021,714
2563,39,930,317,1284,37,0.971,0,6,100,27,78,0.22,2021,715
2564,46,1149,414,1605,42,0.974,0,7,54,22,89,0,2021,716
2565,51,1355,533,1948,60,0.969,0,4,56,25,95,0.17,2021,717
2566,18,417,147,591,27,0.954,0,9,66,20,25,0.67,2021,718
2567,60,1543,586,2181,52,0.976,0,10,86,27,135,0,2021,719
2568,44,1067,398,1533,68,0.956,0,4,98,30,72,2.18,2021,720
2569,45,1195,446,1684,43,0.975,0,10,74,22,131,2.75,2021,721
2570,61,1530,441,2021,50,0.975,0,12,66,30,79,1.4,2021,722
2571,37,939,294,1280,47,0.963,0,7,37,16,43,2.78,2021,723
2572,40,893,268,1217,56,0.954,0,16,110,11,30,7.06,2021,724
2573,49,1267,478,1828,83,0.955,0,14,204,41,78,5.49,2021,725
2574,26,669,265,1017,83,0.918,0,31,188,31,46,3.63,2021,726
2575,39,922,308,1289,59,0.954,0,19,164,29,41,2.98,2021,727
2576,40,938,275,1270,57,0.955,0,14,72,26,51,2.7,2021,728
2577,34,797,254,1084,33,0.97,0,17,68,13,17,1.97,2021,729
2578,38,932,324,1332,76,0.943,0,41,139,21,61,0.4,2021,730
2579,39,936,313,1311,62,0.953,0,13,56,43,61,8.07,2021,731
2580,44,1082,394,1540,64,0.958,0,18,86,32,75,0.2,2021,732
2581,30,704,224,966,38,0.961,0,7,76,15,42,0.16,2021,733
2582,10,243,101,355,11,0.969,0,2,54,10,12,1.25,2021,734
2583,29,669,225,946,52,0.945,0,17,100,26,56,0.26,2021,735
2584,31,731,279,1056,46,0.956,0,10,72,32,46,2,2021,736
2585,36,872,290,1208,46,0.962,0,16,74,18,50,0.48,2021,737
2586,40,1014,398,1470,58,0.961,0,8,88,17,85,0.36,2021,738
2587,38,952,338,1336,46,0.966,0,5,50,15,74,0.48,2021,739
2588,40,1012,338,1399,49,0.965,0,7,108,24,73,0.44,2021,740
2589,22,495,212,749,42,0.944,0,21,164,9,19,0.39,2021,741
2590,24,564,247,833,22,0.974,0,1,64,21,39,0.11,2021,742
2591,27,615,235,879,29,0.967,0,15,84,8,47,0.31,2021,743
2592,24,578,199,838,61,0.927,0,4,94,26,54,0.2,2021,744
2593,24,614,221,887,52,0.941,0,6,144,19,36,0.64,2021,745
2594,45,1155,445,1662,62,0.963,0,21,116,23,110,0.25,2021,746
2595,33,811,329,1183,43,0.964,0,7,76,26,79,0.5,2021,747
2596,23,533,174,739,32,0.957,0,9,52,12,24,0.08,2021,748
2597,29,689,255,974,30,0.969,0,8,38,15,54,0.55,2021,749
2598,47,1160,425,1626,41,0.975,0,4,78,39,83,0.75,2021,750
2599,33,692,250,1002,60,0.94,0,31,68,34,57,0,2021,751
2600,33,839,321,1206,46,0.962,0,7,86,16,42,0.25,2021,752
2601,56,1532,514,2090,44,0.979,0,7,74,38,99,0,2021,753
2602,24,574,198,825,53,0.936,0,13,112,31,56,0,2021,755
2603,49,1279,448,1766,39,0.978,0,9,76,32,71,0,2021,756
2604,36,866,363,1283,54,0.958,0,7,78,32,70,5.94,2021,757
2605,26,619,217,879,43,0.951,0,10,62,19,58,3.67,2021,758
2606,26,679,317,1040,44,0.958,0,4,86,13,67,2.44,2021,759
2607,32,753,266,1058,39,0.963,0,5,108,9,53,3.27,2021,760
2608,48,1163,430,1644,51,0.969,0,3,82,23,73,1.7,2021,761
2609,23,519,214,752,19,0.975,0,8,74,16,26,3.68,2021,762
2610,32,797,292,1156,67,0.942,0,21,120,17,45,8.2,2021,763
2611,25,583,204,822,35,0.957,0,5,62,6,39,1.38,2021,764
2612,23,480,165,691,46,0.933,0,4,114,8,23,0.9,2021,765
2613,24,550,247,835,38,0.955,0,3,56,13,47,1.46,2021,766
2614,20,471,151,649,27,0.958,0,12,62,29,20,0.11,2021,767
2615,24,558,215,807,34,0.958,0,7,80,19,29,1.11,2021,768
2616,21,460,142,636,34,0.947,0,6,74,12,27,0.65,2021,769
2617,28,637,242,935,56,0.94,0,7,106,9,37,4.17,2021,770
2618,29,735,242,1001,24,0.976,0,10,64,29,38,2.05,2021,772
2619,54,1327,490,1901,84,0.956,0,20,150,44,89,0.58,2021,773
2620,28,737,257,1044,50,0.952,0,12,96,20,46,0.18,2021,774
2621,59,1583,590,2226,53,0.976,0,7,48,35,130,0.24,2021,775
2622,68,1844,633,2536,59,0.977,0,7,162,28,117,1,2021,776
2623,47,1200,403,1658,55,0.967,0,8,128,36,89,1.07,2021,777
2624,35,888,304,1259,67,0.947,0,1,98,21,49,0.14,2021,778
2625,33,879,276,1223,68,0.944,0,8,106,9,36,1.07,2021,779
2626,38,925,287,1308,96,0.927,0,11,142,16,60,0.15,2021,780
2627,66,1787,709,2546,50,0.98,0,6,74,44,161,0.17,2021,781
2628,56,1495,517,2072,60,0.971,0,9,82,51,90,0.11,2021,782
2629,44,1123,441,1611,47,0.971,0,9,116,20,89,1.89,2021,783
2630,47,1144,426,1658,88,0.947,0,17,166,31,60,0,2021,784
2631,55,1474,501,2033,58,0.972,0,6,124,33,84,2.88,2021,785
2632,56,1474,499,2033,60,0.971,0,6,114,49,121,0,2021,786
2633,42,1130,435,1662,97,0.942,0,76,186,135,180,2,2021,787
2634,51,1316,437,1833,80,0.956,0,15,136,32,75,0.33,2021,788
2635,34,821,343,1232,68,0.945,0,16,62,25,79,0,2021,789
2636,24,516,231,790,43,0.946,0,9,58,19,46,0,2021,790
2637,45,1077,324,1461,60,0.959,0,22,70,13,53,2.56,2021,791
2638,56,1301,449,1817,67,0.963,0,43,156,39,100,2.35,2021,792
2639,57,1476,553,2093,64,0.969,0,18,92,40,104,4.7,2021,793
2640,44,1121,362,1552,69,0.956,0,21,138,29,58,3.64,2021,794
2641,49,1224,381,1656,51,0.969,0,8,66,46,73,3.31,2021,795
2642,34,723,271,1064,70,0.934,0,12,118,16,35,0.93,2021,796
2643,17,387,171,577,19,0.967,0,3,30,13,36,3.73,2021,797
2644,37,983,372,1412,57,0.96,0,13,104,29,101,1.36,2021,798
2645,53,1385,484,1934,65,0.966,0,4,90,20,87,5.51,2021,799
2646,39,881,293,1253,79,0.937,0,8,120,34,40,4.88,2021,800
2647,23,526,170,733,37,0.95,0,3,52,5,28,3.94,2021,801
2648,55,1457,494,2011,60,0.97,0,19,180,30,77,0.46,2021,802
2649,41,975,366,1391,50,0.964,0,13,60,42,61,1.83,2021,803
2650,12,262,77,359,20,0.944,0,7,26,5,21,0.36,2021,804
2651,54,1307,435,1813,71,0.961,0,15,126,27,75,0,2021,805
2652,47,1130,434,1607,43,0.973,0,20,170,30,69,0.11,2021,806
2653,57,1482,557,2111,72,0.966,0,16,124,50,96,0.26,2021,807
2654,61,1618,540,2210,52,0.977,0,14,88,30,114,0.06,2021,808
2655,51,1317,497,1884,70,0.963,0,7,164,38,71,4.61,2021,809
2656,52,1365,515,1948,68,0.965,0,7,104,62,85,1.18,2021,810
2657,61,1624,534,2209,51,0.977,0,3,42,42,126,1.41,2021,811
2658,43,1049,449,1536,38,0.975,0,12,46,27,113,0.44,2021,812
2659,61,1587,562,2221,72,0.968,0,13,114,34,101,0,2021,813
2660,29,727,234,1014,53,0.948,0,5,54,30,25,0.47,2021,814
2661,57,1524,512,2079,43,0.979,0,8,50,28,93,0,2021,815
2662,53,1387,377,1814,50,0.972,0,5,96,35,64,0.27,2021,816
2663,48,1218,543,1817,56,0.969,0,5,104,35,114,1.2,2021,817
2664,44,1053,372,1473,48,0.967,0,14,94,40,49,0.43,2021,818
2665,49,1203,435,1698,60,0.965,0,28,158,32,81,0.5,2021,819
2666,52,1351,439,1854,64,0.966,0,13,118,38,78,0,2021,820
2667,19,498,154,684,32,0.953,0,3,34,13,34,1.14,2021,821
2668,26,692,243,981,46,0.953,0,5,64,22,50,7.8,2021,822
2669,47,1106,411,1571,54,0.966,0,24,110,37,70,1.66,2021,823
2670,43,1003,379,1439,57,0.96,0,13,134,9,54,2.26,2021,824
2671,48,1238,473,1771,60,0.966,0,18,116,34,112,0.71,2021,826
2672,52,1353,462,1875,60,0.968,0,10,128,40,81,3.75,2021,827
2673,44,1153,361,1574,60,0.962,0,17,92,17,55,2.97,2021,828
2674,54,1443,541,2043,59,0.971,0,15,114,45,122,2.59,2021,829
2675,20,476,149,651,26,0.96,0,4,42,22,22,2.32,2021,830
2676,36,916,295,1288,77,0.94,0,20,102,15,60,8.46,2021,831
2677,33,856,301,1197,40,0.967,0,3,42,14,68,0.85,2021,832
2678,39,911,354,1314,49,0.963,0,10,62,35,43,6.36,2021,833
2679,15,378,138,541,25,0.954,0,11,26,8,23,0.11,2021,834
2680,37,1004,327,1368,37,0.973,0,15,64,17,75,0.41,2021,835
2681,53,1394,447,1907,66,0.965,0,13,90,24,58,0.5,2021,837
2682,57,1521,489,2068,58,0.972,0,9,98,32,88,0.4,2021,838
2683,48,1241,390,1693,62,0.963,0,17,124,35,73,0.62,2021,839
2684,40,1025,357,1424,42,0.971,0,7,124,41,54,0.77,2021,840
2685,50,1287,550,1896,59,0.969,0,14,70,39,139,0,2021,841
2686,55,1365,456,1894,73,0.962,0,11,98,30,91,1,2021,842
2687,57,1393,477,1935,65,0.966,0,11,135,47,128,1.4,2021,843
2688,35,799,233,1086,54,0.95,0,17,128,18,51,0,2021,844
2689,58,1416,528,2021,77,0.962,0,8,138,32,106,0,2021,845
2690,48,1185,413,1649,51,0.969,0,12,64,33,93,0.29,2021,846
2691,33,680,245,968,43,0.956,0,5,62,23,24,0.5,2021,847
2692,27,759,271,1098,68,0.938,0,21,129,28,23,6.33,2021,848
2693,41,1082,383,1513,48,0.968,0,20,79,31,81,0.2,2021,849
2694,15,300,84,438,54,0.877,0,15,114,8,5,0,2021,850
2695,51,1257,393,1703,53,0.969,0,20,146,37,76,0.25,2021,851
2696,67,1794,510,2369,65,0.973,0,9,76,36,100,0.5,2021,852
2697,20,456,151,639,32,0.95,0,7,68,10,29,0,2021,853
2698,54,1380,422,1870,68,0.964,0,12,86,23,45,0,2021,854
2699,35,914,290,1243,39,0.969,0,8,82,27,61,2.02,2021,855
2700,63,1680,499,2234,55,0.975,0,8,102,32,98,3.92,2021,856
2701,13,288,117,419,14,0.967,0,14,58,8,21,4.2,2021,857
2702,52,1371,409,1830,50,0.973,0,11,69,23,64,4.17,2021,858
2703,46,1168,410,1643,65,0.96,0,19,116,25,65,7.94,2021,859
2704,32,783,261,1110,66,0.941,0,14,126,29,69,1.66,2021,860
2705,22,463,176,680,41,0.94,0,10,26,20,18,3.13,2021,861
2706,33,754,298,1102,50,0.955,0,8,60,23,62,3.62,2021,862
2707,36,977,306,1347,64,0.953,0,5,91,44,61,1.53,2021,863
2708,47,1236,349,1648,63,0.962,0,23,116,28,85,0.63,2021,864
2709,41,995,377,1425,53,0.963,0,10,36,26,82,0.63,2021,865
2710,41,972,408,1436,56,0.961,0,18,136,28,51,1.59,2021,866
2711,40,971,430,1441,40,0.972,0,3,44,22,68,0.2,2021,867
2712,25,647,202,899,50,0.944,0,8,142,10,23,0.74,2021,868
2713,42,1080,349,1488,59,0.96,0,4,116,33,76,0.14,2021,869
2714,50,1350,473,1872,49,0.974,0,7,70,33,88,0.48,2021,870
2715,25,639,259,933,35,0.963,0,10,92,13,50,0.63,2021,871
2716,49,1272,458,1801,71,0.961,0,25,122,20,79,0.42,2021,872
2717,40,1076,395,1510,39,0.974,0,8,58,20,73,0.19,2021,873
2718,39,963,407,1418,48,0.966,0,16,74,19,87,0.73,2021,874
2719,34,785,310,1148,53,0.954,0,15,136,24,48,1.07,2021,875
2720,30,698,250,982,34,0.965,0,7,58,23,48,0.43,2021,876
2721,45,1146,380,1567,41,0.974,0,9,68,21,62,1.86,2021,877
2722,28,657,278,973,38,0.961,0,17,100,12,46,0.2,2021,878
2723,17,368,141,529,20,0.962,0,3,74,16,33,1.8,2021,879
2724,12,264,99,381,18,0.953,0,7,32,6,19,4.5,2021,880
2725,34,844,250,1152,58,0.95,0,11,82,21,40,0.22,2021,881
2726,31,635,209,871,27,0.969,0,6,62,5,71,0.38,2021,882
2727,48,1254,406,1701,41,0.976,0,9,98,20,70,0.38,2021,883
2728,41,1047,406,1526,73,0.952,0,4,116,36,59,0.29,2021,884
2729,41,840,294,1197,63,0.947,0,15,102,25,55,0.17,2021,885
2730,43,1101,417,1570,52,0.967,0,9,44,21,85,0,2021,886
2731,30,600,210,878,68,0.923,0,7,139,33,37,0,2021,887
2732,51,1358,433,1869,78,0.958,0,13,104,30,74,0,2021,888
2733,42,936,381,1355,38,0.972,0,5,94,16,78,0,2021,889
2734,15,421,154,615,40,0.935,0,2,70,19,18,0,2021,890
2735,49,1267,459,1779,53,0.97,0,14,104,24,126,0,2021,891
2736,40,983,380,1411,48,0.966,0,15,118,32,67,0,2021,892
2737,56,1385,504,1946,57,0.971,0,12,55,36,95,3.48,2021,893
2738,50,1180,392,1634,62,0.962,0,20,124,35,86,5.86,2021,894
2739,17,385,141,552,26,0.953,0,9,38,12,20,4.33,2021,895
2740,30,723,190,945,32,0.966,0,8,54,10,41,2.46,2021,896
2741,26,544,219,800,37,0.954,0,10,52,15,36,3.47,2021,897
2742,40,987,358,1408,63,0.955,0,19,86,40,79,3.93,2021,898
2743,31,731,315,1107,61,0.945,0,6,84,24,42,6.82,2021,899
2744,43,1088,380,1546,78,0.95,0,26,118,14,74,0.97,2021,900
2745,28,744,301,1076,31,0.971,0,4,32,8,43,1.69,2021,901
2746,39,901,346,1330,83,0.938,0,11,108,24,76,1.54,2021,902
2747,40,912,322,1299,65,0.95,0,30,104,26,46,0.28,2021,903
2748,41,956,340,1348,52,0.961,0,17,100,38,85,1.89,2021,905
2749,54,1387,498,1928,43,0.978,0,2,92,36,118,2.62,2021,906
2750,31,738,253,1031,40,0.961,0,18,68,11,40,0.11,2021,907
2751,31,730,300,1088,58,0.947,0,5,78,10,68,0.59,2021,908
2752,45,1070,394,1532,68,0.956,0,5,72,20,84,0.38,2021,909
2753,43,1125,411,1577,41,0.974,0,11,110,33,67,0.27,2021,910
2754,40,940,352,1355,63,0.954,0,22,90,30,90,1.64,2021,911
2755,38,924,297,1294,73,0.944,0,13,92,14,43,0.36,2021,912
2756,13,285,91,396,20,0.95,0,10,44,9,16,1,2021,913
2757,26,585,207,821,29,0.965,0,11,24,13,52,0,2021,914
2758,38,931,303,1300,66,0.949,0,5,174,21,55,0.17,2021,915
2759,27,630,197,870,43,0.951,0,3,68,13,37,0.5,2021,916
2760,52,1285,428,1784,71,0.96,0,3,106,43,78,1.91,2021,917
2761,42,1015,319,1387,53,0.962,0,22,108,30,49,0.3,2021,918
2762,45,1235,425,1720,60,0.965,0,9,132,25,93,0.1,2021,919
2763,38,945,379,1380,56,0.959,0,15,216,23,54,0.33,2021,920
2764,38,910,336,1333,87,0.935,0,29,162,50,50,0.14,2021,921
2765,42,1072,311,1435,52,0.964,0,13,122,27,32,0,2021,922
2766,39,992,345,1393,56,0.96,0,17,92,8,86,0,2021,923
2767,31,705,245,999,49,0.951,0,13,84,10,33,0,2021,924
2768,41,1031,399,1513,83,0.945,0,4,114,46,44,0,2021,925
2769,43,1086,354,1493,53,0.965,0,17,86,41,51,1,2021,926
2770,42,1051,448,1573,74,0.953,0,7,136,48,120,3.68,2021,927
2771,37,858,287,1199,54,0.955,0,7,136,24,61,9.43,2021,928
2772,46,1181,362,1587,44,0.972,0,11,24,16,77,1.09,2021,929
2773,32,735,308,1074,31,0.971,0,5,50,18,60,7.12,2021,930
2774,35,939,374,1358,45,0.967,0,6,40,46,75,1.46,2021,931
2775,57,1499,478,2044,67,0.967,0,8,82,35,47,2.65,2021,932
2776,38,844,289,1185,52,0.956,0,11,69,17,58,2.54,2021,933
2777,23,517,202,754,35,0.954,0,4,46,26,43,1.5,2021,934
2778,14,361,128,512,23,0.955,0,0,46,7,11,3.74,2021,935
2779,48,1199,382,1621,40,0.975,0,4,66,28,67,0.94,2021,936
2780,52,1326,438,1828,64,0.965,0,13,60,27,100,0.1,2021,937
2781,12,234,100,371,37,0.9,0,7,132,6,15,1.93,2021,939
2782,38,942,357,1351,52,0.962,0,7,90,19,56,0.23,2021,940
2783,41,1072,410,1537,55,0.964,0,11,88,31,75,0.28,2021,941
2784,56,1389,472,1920,59,0.969,0,8,104,28,124,0.21,2021,942
2785,53,1288,400,1744,56,0.968,0,7,98,30,50,0.27,2021,949
2786,47,1107,363,1524,54,0.965,0,11,165,31,61,0.57,2021,950
2787,24,507,161,720,52,0.928,0,24,108,9,19,0.29,2021,
2788,35,793,269,1163,101,0.913,0,20,180,34,55,0.19,2021,
2789,30,672,206,935,57,0.939,0,29,82,11,27,0.39,2021,
2790,24,526,180,750,44,0.941,0,14,120,24,17,0.71,2021,
2791,25,589,195,847,63,0.926,0,9,114,32,29,0.13,2021,
2792,58,1445,482,1991,64,0.967855349,0,10,174,46,81,3.691570881,2024,228
2793,53,1354,443,1838,41,0.977693145,0,5,96,33,72,3.767295597,2024,43
2794,53,1386,459,1891,46,0.975674246,1,14,144,33,87,3.867924528,2024,670
2795,46,1195,370,1632,67,0.958946078,0,5,116,23,69,3.780193237,2024,750
2796,60,1573,498,2113,42,0.980123048,1,10,84,20,55,3.835185185,2024,217
2797,60,1569,440,2080,71,0.965865385,3,14,76,22,79,3.72037037,2024,349
2798,56,1465,501,2029,63,0.968950222,0,18,136,41,125,3.900793651,2024,446
2799,59,1501,590,2160,69,0.968055556,4,8,121,33,112,3.937853107,2024,282
2800,52,1349,515,1919,55,0.971339239,0,6,156,22,111,3.982905983,2024,761
2801,57,1497,573,2121,51,0.975954738,0,7,50,17,153,4.035087719,2024,627
2802,54,1412,425,1881,44,0.976608187,1,6,106,16,101,3.779835391,2024,353
2803,54,1412,472,1943,59,0.969634586,0,17,156,36,83,3.87654321,2024,694
2804,62,1642,555,2256,59,0.973847518,0,8,46,23,86,3.937275986,2024,525
2805,53,1390,462,1912,60,0.968619247,1,8,98,34,131,3.882599581,2024,62
2806,52,1340,470,1846,36,0.980498375,0,1,116,45,112,3.867521368,2024,559
2807,62,1634,597,2290,59,0.974235808,2,7,132,35,135,3.998207885,2024,802
2808,53,1377,470,1888,41,0.978283898,0,8,80,27,119,3.8721174,2024,87
2809,55,1425,511,1993,57,0.9713999,1,3,79,40,107,3.911111111,2024,576
2810,61,1591,608,2263,64,0.971718957,1,6,86,48,159,4.005464481,2024,358
2811,60,1571,443,2053,39,0.98100341,1,7,90,23,86,3.72962963,2024,36
2812,57,1472,568,2108,68,0.967741935,1,15,94,40,114,3.976608187,2024,97
2813,58,1529,519,2099,51,0.975702716,1,5,120,29,100,3.923371648,2024,813
2814,52,1333,434,1822,55,0.969813392,1,16,182,30,62,3.775641026,2024,270
2815,60,1570,480,2104,54,0.974334601,1,18,112,29,89,3.796296296,2024,864
2816,55,1406,600,2073,67,0.967679691,0,11,94,33,101,4.052525253,2024,6
2817,63,1659,452,2153,42,0.980492336,0,13,91,24,83,3.723104056,2024,488
2818,49,1241,437,1753,75,0.957216201,0,19,166,49,65,3.804988662,2024,736
2819,53,1382,446,1869,41,0.978063135,1,4,103,32,96,3.832285115,2024,788
2820,57,1532,552,2130,46,0.978403756,0,10,92,60,103,4.062378168,2024,740
2821,66,1596,526,2162,40,0.981498612,0,10,94,38,82,3.572390572,2024,265
2822,61,1633,431,2123,59,0.972209138,0,6,103,21,88,3.759562842,2024,581
2823,58,1512,437,1996,47,0.976452906,1,9,48,34,52,3.733716475,2024,682
2824,55,1363,436,1860,61,0.967204301,0,6,145,63,79,3.634343434,2024,438
2825,63,1652,505,2209,52,0.976459937,1,13,119,31,110,3.804232804,2024,722
2826,54,1389,557,2037,91,0.95532646,1,20,162,49,79,4.004115226,2024,793
2827,62,1604,519,2174,51,0.976540938,0,5,30,22,105,3.804659498,2024,932
2828,51,1314,452,1804,38,0.978935698,0,12,92,23,112,3.847494553,2024,645
2829,63,1662,507,2220,51,0.977027027,1,9,54,38,70,3.825396825,2024,220
2830,59,1556,529,2144,59,0.972481343,0,7,93,36,99,3.926553672,2024,457
2831,68,1617,477,2141,47,0.978047641,1,5,35,25,90,3.421568627,2024,782
2832,56,1534,491,2064,39,0.981104651,0,2,40,30,94,4.017857143,2024,684
2833,60,1611,578,2249,60,0.973321476,0,7,120,53,104,4.053703704,2024,781
2834,54,1367,427,1852,58,0.968682505,0,8,134,29,49,3.691358025,2024,542
2835,56,1454,478,1980,48,0.975757576,0,12,144,29,92,3.833333333,2024,709
2836,57,1496,562,2128,70,0.967105263,1,16,176,45,102,4.011695906,2024,290
2837,57,1486,507,2050,57,0.972195122,0,9,106,34,63,3.884990253,2024,582
2838,53,1380,479,1929,70,0.963711768,0,9,126,27,72,3.897274633,2024,289
2839,61,1603,608,2273,62,0.972723273,0,7,38,31,173,4.027322404,2024,163
2840,57,1456,465,1992,71,0.96435743,1,6,133,28,91,3.744639376,2024,262
2841,61,1568,505,2122,49,0.976908577,0,11,66,22,110,3.775956284,2024,852
2842,54,1419,484,1952,49,0.974897541,0,19,154,20,124,3.91563786,2024,470
2843,62,1598,522,2184,64,0.970695971,1,7,112,28,125,3.799283154,2024,710
2844,53,1366,411,1821,44,0.975837452,0,11,120,16,71,3.725366876,2024,89
2845,56,1420,503,1999,76,0.96198099,0,9,130,45,107,3.81547619,2024,473
2846,51,1312,459,1827,56,0.969348659,0,13,100,37,81,3.8583878,2024,546
2847,59,1613,565,2232,54,0.975806452,0,14,74,24,117,4.101694915,2024,808
2848,50,1302,514,1869,53,0.97164259,0,18,120,40,115,4.035555556,2024,826
2849,60,1492,430,1975,53,0.973164557,0,5,116,16,92,3.559259259,2024,292
2850,51,1207,416,1716,93,0.945804196,1,36,261,40,88,3.535947712,2024,9
2851,49,1202,389,1678,87,0.948152563,0,24,224,68,43,3.607709751,2024,35
2852,56,1421,484,1980,75,0.962121212,0,7,127,21,78,3.779761905,2024,859
2853,66,1727,487,2265,51,0.977483444,2,7,76,31,97,3.727272727,2024,422
2854,56,1434,549,2040,57,0.972058824,0,5,96,39,105,3.93452381,2024,838
2855,56,1478,414,1947,55,0.971751412,0,10,70,15,64,3.753968254,2024,846
2856,61,1591,461,2096,44,0.979007634,0,5,118,29,103,3.737704918,2024,816
2857,55,1404,528,1989,57,0.971342383,0,14,162,38,116,3.903030303,2024,712
2858,55,1412,475,1954,67,0.965711361,2,15,228,59,101,3.812121212,2024,100
2859,66,1646,507,2199,46,0.979081401,1,9,70,10,117,3.624579125,2024,267
2860,57,1465,503,2033,65,0.968027545,0,6,210,22,105,3.83625731,2024,331
2861,63,1614,562,2230,54,0.975784753,1,11,116,38,143,3.837742504,2024,856
2862,57,1462,459,1985,64,0.967758186,1,15,144,42,135,3.744639376,2024,294
2863,57,1454,497,2010,59,0.970646766,0,4,124,26,114,3.803118908,2024,533
2864,56,1421,491,1971,59,0.970065956,0,11,90,41,99,3.793650794,2024,370
2865,55,1438,490,1994,66,0.966900702,0,6,144,25,73,3.894949495,2024,805
2866,50,1290,453,1799,56,0.968871595,0,11,162,19,74,3.873333333,2024,573
2867,56,1420,523,2002,59,0.970529471,0,9,176,36,115,3.85515873,2024,411
2868,52,1343,463,1833,27,0.985270049,0,16,70,19,118,3.858974359,2024,565
2869,59,1563,624,2249,62,0.972432192,0,18,94,48,162,4.118644068,2024,643
2870,59,1494,512,2072,66,0.968146718,0,19,159,47,90,3.777777778,2024,554
2871,56,1447,468,1991,76,0.961828227,0,13,246,32,104,3.799603175,2024,839
2872,51,1307,388,1761,66,0.962521295,4,10,140,23,49,3.692810458,2024,586
2873,54,1392,538,1997,67,0.966449675,0,19,170,29,120,3.971193416,2024,37
2874,60,1582,567,2201,52,0.976374375,0,11,112,34,100,3.97962963,2024,888
2875,63,1618,532,2212,62,0.971971067,0,14,144,30,80,3.791887125,2024,756
2876,63,1646,569,2278,63,0.972344162,1,10,92,42,100,3.906525573,2024,713
2877,60,1577,544,2160,39,0.981944444,0,15,74,31,157,3.927777778,2024,201
2878,53,1358,432,1843,53,0.971242539,1,9,145,23,106,3.752620545,2024,299
2879,52,1389,478,1934,67,0.965356774,1,12,123,23,95,3.989316239,2024,815
2880,56,1487,513,2054,54,0.973709834,1,16,100,36,114,3.968253968,2024,619
2881,54,1399,409,1878,70,0.962726305,0,20,142,43,90,3.720164609,2024,685
2882,57,1481,503,2048,64,0.96875,0,7,92,36,56,3.867446394,2024,937
2883,60,1610,534,2214,70,0.968383017,1,15,60,31,114,3.97037037,2024,160
2884,50,1286,471,1834,77,0.958015267,0,8,210,34,83,3.904444444,2024,394
2885,49,1204,425,1702,73,0.957109283,0,12,108,31,85,3.693877551,2024,338
2886,50,1265,471,1813,77,0.957528958,1,13,176,33,87,3.857777778,2024,633
2887,58,1497,541,2106,68,0.967711301,0,12,154,28,122,3.904214559,2024,405
2888,49,1247,419,1754,88,0.949828962,0,22,142,27,76,3.777777778,2024,711
2889,54,1360,469,1890,61,0.967724868,2,9,126,28,91,3.763374486,2024,532
2890,54,1393,521,1976,62,0.968623482,1,14,174,32,95,3.938271605,2024,409
2891,55,1444,515,2023,64,0.968363816,0,21,122,38,111,3.957575758,2024,200
2892,54,1412,501,1991,78,0.960823707,2,8,154,42,85,3.936213992,2024,540
2893,57,1505,532,2100,63,0.97,0,13,58,27,102,3.970760234,2024,469
2894,51,1237,456,1751,58,0.966876071,0,13,188,46,84,3.688453159,2024,90
2895,58,1486,529,2079,64,0.969215969,0,12,110,39,86,3.860153257,2024,893
2896,50,1288,515,1850,47,0.974594595,0,7,218,50,106,4.006666667,2024,634
2897,58,1492,504,2041,45,0.977951984,0,10,111,27,92,3.823754789,2024,295
2898,55,1439,440,1924,45,0.976611227,1,10,134,24,99,3.795959596,2024,29
2899,53,1363,531,1963,69,0.96484972,0,8,134,42,137,3.970649895,2024,286
2900,52,1398,465,1912,49,0.974372385,0,9,62,29,98,3.980769231,2024,689
2901,58,1509,460,2029,60,0.970428783,0,7,135,47,90,3.772030651,2024,32
2902,61,1563,607,2232,62,0.972222222,0,9,94,47,135,3.952641166,2024,505
2903,52,1311,428,1793,54,0.969882878,0,11,150,31,88,3.715811966,2024,198
2904,58,1529,486,2115,100,0.952718676,1,9,177,50,80,3.860153257,2024,664
2905,60,1564,532,2152,56,0.973977695,1,7,110,31,94,3.881481481,2024,537
2906,62,1522,486,2049,41,0.979990239,0,9,58,19,105,3.598566308,2024,372
2907,60,1548,496,2110,66,0.968720379,0,17,168,25,89,3.785185185,2024,837
2908,52,1350,457,1868,61,0.967344754,0,4,86,21,80,3.861111111,2024,832
2909,55,1395,490,1962,77,0.960754332,0,12,166,37,88,3.808080808,2024,595
2910,55,1293,410,1792,89,0.950334821,0,16,184,27,106,3.44040404,2024,64
2911,55,1446,515,2038,77,0.962217861,1,15,66,44,134,3.961616162,2024,777
2912,51,1335,476,1861,50,0.973132724,0,6,135,28,110,3.945533769,2024,527
2913,52,1362,453,1882,67,0.964399575,0,9,156,31,112,3.878205128,2024,809
2914,57,1494,488,2041,59,0.971092602,0,9,106,38,112,3.863547758,2024,688
2915,53,1432,487,1961,42,0.978582356,0,9,88,35,71,4.023060797,2024,810
2916,49,1169,391,1635,75,0.95412844,0,22,147,32,64,3.537414966,2024,384
2917,56,1430,485,1968,53,0.973069106,0,3,68,20,88,3.799603175,2024,248
2918,50,1267,439,1782,76,0.957351291,0,18,154,59,81,3.791111111,2024,352
2919,54,1401,532,1984,51,0.974294355,0,6,96,42,138,3.977366255,2024,891
2920,57,1467,426,1973,80,0.95945261,1,12,148,33,93,3.69005848,2024,509
2921,53,1400,475,2000,125,0.9375,2,33,208,87,88,3.93081761,2024,541
2922,52,1321,470,1871,80,0.957242117,3,25,204,42,95,3.826923077,2024,432
2923,57,1467,467,1981,47,0.976274609,0,3,106,41,95,3.769980507,2024,8
2924,73,1677,541,2267,49,0.978385532,1,6,96,24,98,3.375951294,2024,776
2925,59,1531,505,2100,64,0.96952381,0,8,127,50,114,3.834274953,2024,786
2926,56,1467,437,1952,48,0.975409836,2,5,92,31,85,3.777777778,2024,135
2927,59,1514,494,2066,58,0.971926428,0,19,112,44,106,3.781544256,2024,56
2928,48,1171,427,1663,65,0.960914011,0,15,147,40,56,3.699074074,2024,397
2929,55,1425,522,1989,42,0.978883861,0,6,86,24,106,3.933333333,2024,817
2930,54,1411,459,1924,54,0.971933472,0,9,90,28,136,3.847736626,2024,366
2931,55,1367,445,1912,100,0.947698745,1,21,200,31,65,3.660606061,2024,621
2932,54,1317,490,1875,68,0.963733333,1,19,258,33,111,3.718106996,2024,301
2933,52,1383,518,1957,56,0.971384773,1,9,102,36,103,4.061965812,2024,101
2934,59,1570,539,2173,64,0.97054763,0,13,98,28,112,3.971751412,2024,717
2935,59,1529,524,2127,74,0.965209215,0,15,122,25,123,3.866290019,2024,720
2936,59,1552,525,2123,46,0.978332548,0,13,38,27,97,3.911487759,2024,388
2937,57,1449,473,1968,46,0.976626016,0,5,100,22,112,3.746588694,2024,347
2938,61,1640,569,2269,60,0.973556633,0,13,96,31,103,4.023679417,2024,367
2939,55,1461,483,2003,59,0.970544184,1,1,66,22,74,3.927272727,2024,114
2940,54,1386,520,1968,62,0.968495935,0,4,120,17,142,3.9218107,2024,531
2941,61,1592,536,2198,70,0.968152866,0,5,69,35,117,3.876138434,2024,589
2942,49,1120,401,1614,93,0.942379182,2,37,322,32,87,3.448979592,2024,16
2943,51,1262,431,1777,84,0.952729319,0,21,170,44,92,3.688453159,2024,725
2944,51,1306,482,1852,64,0.965442765,0,10,190,45,92,3.895424837,2024,855
2945,57,1432,469,1957,56,0.971384773,3,19,184,55,99,3.705653021,2024,819
2946,56,1449,489,2003,65,0.967548677,2,5,87,29,92,3.845238095,2024,421
2947,48,1224,464,1754,66,0.962371722,1,7,109,34,82,3.907407407,2024,121
2948,55,1423,420,1902,59,0.968980021,0,13,136,28,73,3.723232323,2024,668
2949,51,1352,466,1878,60,0.968051118,0,8,88,32,112,3.960784314,2024,472
2950,59,1530,585,2187,72,0.967078189,0,23,164,35,111,3.983050847,2024,466
2951,53,1387,535,1965,43,0.978117048,0,20,114,28,114,4.029350105,2024,660
2952,49,1237,376,1685,72,0.95727003,0,18,226,48,36,3.657596372,2024,919
2953,48,1255,483,1789,51,0.971492454,0,6,126,51,92,4.023148148,2024,499
2954,53,1375,493,1928,60,0.968879668,0,10,132,27,123,3.916142558,2024,601
2955,59,1535,571,2170,64,0.970506912,0,16,136,50,132,3.966101695,2024,792
2956,58,1515,508,2069,46,0.977767037,0,9,122,28,114,3.875478927,2024,462
2957,56,1417,488,1969,64,0.967496191,0,11,158,20,112,3.779761905,2024,705
2958,59,1499,525,2091,67,0.967957915,1,11,123,31,122,3.811676083,2024,799
2959,62,1621,640,2317,56,0.975830816,0,28,88,53,146,4.051971326,2024,116
2960,53,1379,461,1908,68,0.964360587,0,9,119,40,93,3.857442348,2024,607
2961,58,1488,477,2041,76,0.962763351,0,8,168,32,102,3.764367816,2024,251
2962,54,1423,516,1992,53,0.973393574,1,15,140,26,89,3.989711934,2024,827
2963,55,1441,486,1981,54,0.97274104,0,11,106,38,105,3.892929293,2024,894
2964,60,1606,673,2328,49,0.97895189,0,12,102,42,168,4.22037037,2024,471
2965,55,1407,511,1979,61,0.969176352,0,6,116,39,132,3.874747475,2024,823
2966,62,1626,602,2284,56,0.975481611,1,12,108,40,138,3.992831541,2024,326
2967,48,1263,433,1760,64,0.963636364,2,11,104,23,110,3.925925926,2024,483
2968,53,1423,508,1994,63,0.968405216,0,10,123,47,127,4.048218029,2024,188
2969,55,1476,561,2096,59,0.971851145,0,10,74,17,140,4.115151515,2024,841
2970,59,1542,493,2086,51,0.975551294,0,7,42,30,82,3.832391714,2024,351
2971,60,1579,521,2151,51,0.976290098,0,9,36,34,127,3.888888889,2024,588
2972,61,1601,500,2170,69,0.968202765,1,7,112,39,86,3.826958106,2024,580
2973,52,1357,446,1844,41,0.977765727,0,7,92,23,61,3.852564103,2024,186
2974,45,1164,389,1616,63,0.961014851,0,26,332,38,77,3.834567901,2024,181
2975,55,1387,491,1927,49,0.974571873,0,18,120,33,97,3.793939394,2024,137
2976,54,1320,432,1840,88,0.952173913,3,17,220,33,82,3.604938272,2024,697
2977,55,1421,466,1962,75,0.9617737,1,20,164,35,112,3.812121212,2024,536
2978,59,1524,476,2068,68,0.967117988,3,14,222,59,89,3.766478343,2024,644
2979,61,1617,554,2227,56,0.974854064,0,10,82,36,109,3.954462659,2024,854
2980,61,1498,505,2053,50,0.975645397,2,10,69,35,99,3.64845173,2024,523
2981,58,1509,600,2178,69,0.968319559,0,7,119,32,132,4.040229885,2024,843
2982,54,1436,578,2053,39,0.98100341,3,8,62,26,136,4.144032922,2024,190
2983,65,1631,562,2247,54,0.975967957,2,15,160,15,129,3.748717949,2024,250
2984,60,1581,524,2154,49,0.977251625,1,26,104,16,107,3.898148148,2024,587
2985,61,1583,571,2218,64,0.971145176,0,9,85,19,123,3.923497268,2024,906
2986,56,1489,490,2046,67,0.967253177,0,6,124,40,116,3.926587302,2024,412
2987,53,1273,430,1760,57,0.967613636,1,16,168,31,61,3.570230608,2024,332
2988,58,1518,459,2073,96,0.953690304,0,5,166,42,92,3.787356322,2024,910
2989,57,1481,519,2075,75,0.963855422,0,14,104,37,108,3.898635478,2024,1
2990,55,1468,543,2080,69,0.966826923,0,17,104,61,140,4.062626263,2024,461
2991,52,1341,476,1867,50,0.973219068,0,7,108,49,118,3.882478632,2024,357
2992,55,1386,469,1926,71,0.963136033,0,16,180,42,130,3.747474747,2024,630
2993,58,1462,472,1997,63,0.968452679,0,14,142,24,99,3.704980843,2024,683
2994,55,1436,514,2023,73,0.963914978,0,16,122,45,90,3.939393939,2024,440
2995,55,1475,596,2131,60,0.971844205,0,1,92,30,171,4.183838384,2024,167
2996,51,1256,398,1686,32,0.981020166,0,6,112,20,121,3.603485839,2024,522
2997,53,1377,503,1949,69,0.964597229,2,19,200,34,93,3.94129979,2024,239
2998,50,1261,391,1725,73,0.957681159,0,7,180,40,83,3.671111111,2024,892
2999,56,1411,457,1929,61,0.968377398,0,21,156,13,96,3.706349206,2024,51
3000,54,1397,496,1951,58,0.970271656,0,16,186,35,136,3.895061728,2024,371
3001,61,1630,594,2279,55,0.975866608,0,16,118,31,150,4.051001821,2024,829
3002,56,1467,507,2040,66,0.967647059,2,9,126,35,81,3.916666667,2024,863
3003,64,1598,487,2142,57,0.973389356,0,12,67,14,123,3.619791667,2024,543
3004,49,1270,411,1741,60,0.965537048,0,18,202,19,32,3.811791383,2024,205
3005,54,1395,485,1967,87,0.955770208,3,5,162,38,116,3.868312757,2024,144
3006,53,1384,434,1889,71,0.962413976,1,8,160,30,68,3.811320755,2024,227
3007,56,1402,562,2031,67,0.967011324,0,6,89,55,155,3.896825397,2024,266
3008,48,1166,399,1656,91,0.945048309,1,12,256,36,88,3.622685185,2024,825
3009,53,1379,463,1909,67,0.964903091,0,12,74,55,118,3.86163522,2024,519
3010,54,1410,450,1895,35,0.981530343,0,4,118,22,96,3.827160494,2024,858
3011,58,1478,464,2002,60,0.97002997,1,4,133,27,81,3.720306513,2024,145
3012,52,1267,460,1789,62,0.965343767,0,12,219,60,107,3.69017094,2024,675
3013,56,1458,439,1956,59,0.969836401,1,19,148,23,61,3.763888889,2024,622
3014,52,1276,416,1766,74,0.958097395,1,16,278,42,75,3.615384615,2024,229
3015,58,1501,531,2077,45,0.978334136,0,3,88,31,131,3.892720307,2024,65
3016,54,1316,511,1878,51,0.97284345,0,8,34,22,135,3.759259259,2024,39
3017,53,1398,539,1985,48,0.97581864,0,2,70,44,135,4.060796646,2024,872
3018,56,1427,525,2021,69,0.965858486,1,8,112,44,131,3.873015873,2024,842
3019,58,1548,482,2087,57,0.972688069,0,5,69,35,68,3.888888889,2024,811
3020,53,1394,440,1892,58,0.969344609,0,14,186,15,62,3.844863732,2024,120
3021,52,1308,453,1816,55,0.969713656,0,8,150,36,109,3.762820513,2024,851
3022,56,1411,461,1948,76,0.960985626,0,16,182,32,73,3.714285714,2024,11
3023,56,1446,509,2015,60,0.970223325,0,8,157,41,89,3.878968254,2024,936
3024,62,1620,566,2249,63,0.97198755,1,7,92,26,126,3.917562724,2024,419
3025,57,1460,486,2022,76,0.962413452,0,16,154,47,116,3.79337232,2024,492
3026,55,1434,492,1986,60,0.96978852,1,5,136,32,124,3.890909091,2024,820
3027,57,1504,539,2126,83,0.960959548,0,5,114,33,143,3.98245614,2024,291
3028,61,1583,561,2198,54,0.975432211,0,7,106,37,140,3.905282332,2024,302
3029,60,1473,526,2086,87,0.958293384,1,11,246,48,84,3.701851852,2024,942
3030,56,1450,530,2036,56,0.972495088,0,12,84,23,125,3.928571429,2024,785
3031,61,1585,563,2195,47,0.978587699,1,13,74,36,116,3.912568306,2024,773
3032,58,1492,555,2119,72,0.966021708,0,12,88,40,86,3.921455939,2024,714
3033,51,1377,484,1900,39,0.979473684,1,4,86,21,104,4.054466231,2024,870
3034,55,1487,541,2111,83,0.960682141,1,18,62,33,101,4.096969697,2024,416
3035,55,1353,481,1919,85,0.955706097,0,12,168,59,81,3.705050505,2024,553
3036,64,1701,608,2357,48,0.979635129,0,10,128,51,125,4.008680556,2024,420
3037,55,1391,567,2013,55,0.972677596,0,21,134,53,108,3.955555556,2024,479
3038,62,1610,523,2180,47,0.978440367,1,5,66,24,121,3.822580645,2024,280
3039,50,1286,424,1755,45,0.974358974,1,8,132,31,75,3.8,2024,78
3040,54,1416,495,1965,54,0.972519084,1,5,112,30,83,3.932098765,2024,337
3041,56,1439,469,1971,63,0.96803653,0,12,160,38,106,3.785714286,2024,258
3042,54,1426,437,1906,43,0.977439664,1,7,106,23,114,3.833333333,2024,775
3043,58,1499,479,2043,65,0.968184043,0,8,136,40,75,3.789272031,2024,413
3044,57,1484,490,2066,92,0.955469506,2,21,132,40,75,3.847953216,2024,261
3045,60,1581,514,2161,66,0.969458584,0,10,130,28,120,3.87962963,2024,719
3046,55,1389,482,1933,62,0.967925504,0,16,130,30,67,3.77979798,2024,561
3047,56,1441,429,1936,66,0.965909091,1,21,117,21,77,3.71031746,2024,584
3048,53,1429,475,1949,45,0.976911237,1,5,56,23,93,3.991614256,2024,320
3049,56,1408,481,1968,79,0.959857724,1,12,123,14,122,3.748015873,2024,355
3050,48,1139,420,1636,77,0.952933985,0,19,208,43,81,3.608796296,2024,784
3051,55,1449,520,2021,52,0.974270163,0,6,90,19,100,3.977777778,2024,551
3052,59,1574,519,2153,60,0.972131909,1,4,70,29,120,3.941619586,2024,31
3053,54,1418,494,1977,65,0.967121902,0,6,98,31,97,3.934156379,2024,109
3054,55,1443,461,1960,56,0.971428571,0,6,113,50,99,3.846464646,2024,753
3055,58,1495,550,2107,62,0.970574276,0,7,64,38,94,3.917624521,2024,569
3056,56,1467,475,1990,48,0.975879397,0,7,94,21,98,3.853174603,2024,672
3057,53,1363,517,1936,56,0.97107438,0,13,138,27,90,3.94129979,2024,693
3058,56,1509,578,2144,57,0.973414179,0,9,112,44,156,4.140873016,2024,807
3059,54,1426,458,1936,52,0.973140496,1,10,96,33,58,3.87654321,2024,414
3060,57,1502,526,2096,68,0.967557252,1,15,110,45,120,3.953216374,2024,663
3061,49,1198,418,1679,63,0.962477665,0,11,134,21,101,3.664399093,2024,429
3062,55,1396,443,1896,57,0.969936709,0,6,104,33,114,3.715151515,2024,614
3063,54,1369,495,1935,71,0.963307494,2,12,160,39,63,3.835390947,2024,7
3064,56,1471,525,2038,42,0.97939156,0,11,46,34,127,3.96031746,2024,345
3065,56,1444,476,1975,55,0.972151899,1,22,158,59,82,3.80952381,2024,254
3066,55,1441,561,2056,54,0.973735409,0,7,84,68,124,4.044444444,2024,687
3067,57,1494,510,2061,57,0.972343523,0,12,94,21,129,3.906432749,2024,152
3068,58,1501,475,2054,78,0.962025316,0,9,164,27,61,3.785440613,2024,356
3069,57,1486,525,2051,40,0.980497318,0,17,126,37,115,3.920077973,2024,204
3070,52,1349,428,1888,111,0.941207627,1,8,130,33,81,3.797008547,2024,547
3071,47,1211,431,1698,56,0.967020024,0,21,194,33,95,3.88179669,2024,760
3072,59,1538,579,2193,76,0.965344277,1,7,156,44,84,3.986817326,2024,77
3073,54,1366,483,1889,40,0.978824775,0,21,146,27,67,3.804526749,2024,539
3074,58,1480,465,2005,60,0.970074813,1,31,124,29,81,3.72605364,2024,2
3075,55,1428,459,1938,51,0.973684211,2,9,112,27,89,3.812121212,2024,490
3076,57,1548,572,2158,38,0.982391103,1,12,100,46,82,4.132553606,2024,105
3077,46,1086,377,1524,61,0.959973753,0,8,132,30,50,3.533816425,2024,98
3078,47,1217,437,1706,52,0.969519343,0,11,126,17,73,3.910165485,2024,640
3079,54,1415,496,1961,50,0.974502805,1,5,126,29,135,3.932098765,2024,845
3080,52,1272,441,1823,110,0.939659901,0,20,222,27,64,3.66025641,2024,702
3081,52,1295,420,1764,49,0.972222222,0,9,152,37,76,3.664529915,2024,417
3082,56,1385,521,1967,61,0.968988307,0,12,162,50,103,3.781746032,2024,628
3083,57,1501,530,2098,67,0.968064824,0,12,112,31,88,3.959064327,2024,516
3084,39,984,382,1418,52,0.963328632,2,10,88,24,70,3.891737892,2024,96
3085,44,1151,426,1630,53,0.967484663,0,12,94,27,85,3.982323232,2024,173
3086,39,999,379,1450,72,0.950344828,0,9,141,45,55,3.925925926,2024,196
3087,41,1064,395,1513,54,0.964309319,4,8,110,40,66,3.953929539,2024,938
3088,39,996,327,1384,61,0.955924855,0,7,104,20,63,3.769230769,2024,318
3089,50,1213,397,1680,70,0.958333333,0,8,142,32,67,3.577777778,2024,806
3090,38,993,379,1407,35,0.975124378,2,9,110,17,86,4.011695906,2024,182
3091,52,1364,493,1914,57,0.970219436,2,9,108,23,76,3.967948718,2024,824
3092,53,1327,473,1875,75,0.96,0,7,131,53,88,3.773584906,2024,452
3093,44,1142,423,1644,79,0.951946472,0,10,170,28,78,3.952020202,2024,623
3094,46,1083,353,1516,80,0.947229551,1,21,194,17,56,3.468599034,2024,489
3095,49,1279,346,1680,55,0.967261905,0,13,198,26,51,3.684807256,2024,599
3096,42,1100,459,1605,46,0.971339564,0,3,128,42,119,4.124338624,2024,136
3097,50,1193,440,1719,86,0.949970913,0,16,149,34,84,3.628888889,2024,321
3098,51,1159,363,1576,54,0.965736041,2,15,117,34,47,3.315904139,2024,791
3099,52,1327,473,1875,75,0.96,0,15,112,52,91,3.846153846,2024,242
3100,45,1102,456,1610,52,0.967701863,0,6,86,36,95,3.84691358,2024,487
3101,59,1488,578,2132,66,0.969043152,0,24,195,32,87,3.890772128,2024,917
3102,50,1345,450,1872,77,0.958867521,0,8,138,44,112,3.988888889,2024,58
3103,50,1124,346,1549,79,0.948999354,0,17,176,40,67,3.266666667,2024,221
3104,53,1337,470,1858,51,0.97255113,0,4,56,25,119,3.788259958,2024,139
3105,53,1364,496,1918,58,0.969760167,1,10,126,30,127,3.899371069,2024,869
3106,50,1329,481,1875,65,0.965333333,0,16,207,31,84,4.022222222,2024,427
3107,50,1254,471,1786,61,0.965845465,0,8,102,33,82,3.833333333,2024,245
3108,51,1260,414,1741,67,0.96151637,1,8,68,11,99,3.647058824,2024,592
3109,50,1230,440,1757,87,0.950483779,0,13,138,29,95,3.711111111,2024,552
3110,52,1232,410,1701,59,0.965314521,0,14,82,18,76,3.508547009,2024,578
3111,52,1306,464,1808,38,0.978982301,0,8,78,19,85,3.782051282,2024,613
3112,63,1596,576,2237,65,0.970943228,0,14,136,44,141,3.830687831,2024,127
3113,46,1239,413,1726,74,0.957126304,1,16,160,45,58,3.990338164,2024,598
3114,53,1408,491,1942,43,0.977857878,0,12,102,45,119,3.981132075,2024,390
3115,54,1372,417,1858,69,0.962863294,4,20,242,43,66,3.681069959,2024,247
3116,50,1260,453,1766,53,0.969988675,0,15,76,26,86,3.806666667,2024,324
3117,49,1244,421,1722,57,0.966898955,0,6,138,33,104,3.775510204,2024,654
3118,50,1222,392,1666,52,0.968787515,0,5,76,25,86,3.586666667,2024,716
3119,59,1525,572,2148,51,0.976256983,1,9,54,34,113,3.949152542,2024,496
3120,50,1241,484,1810,85,0.953038674,0,13,101,45,106,3.833333333,2024,112
3121,52,1258,474,1782,50,0.971941639,0,7,102,24,98,3.700854701,2024,322
3122,48,1140,465,1663,58,0.965123271,0,31,116,42,130,3.715277778,2024,812
3123,49,1172,426,1677,79,0.952892069,1,9,114,30,102,3.623582766,2024,715
3124,51,1224,460,1738,54,0.968929804,1,27,148,32,96,3.668845316,2024,53
3125,60,1538,508,2104,58,0.97243346,0,15,148,12,123,3.788888889,2024,110
3126,50,1163,398,1645,84,0.94893617,0,23,120,36,88,3.468888889,2024,579
3127,52,1210,484,1742,48,0.972445465,1,8,92,38,108,3.61965812,2024,840
3128,51,1299,481,1862,82,0.955961332,3,8,154,43,92,3.877995643,2024,557
3129,45,1079,369,1508,60,0.960212202,0,10,222,56,98,3.575308642,2024,151
3130,49,1207,438,1746,101,0.942153494,0,5,144,55,64,3.73015873,2024,535
3131,50,1139,365,1594,90,0.943538269,0,10,172,18,73,3.342222222,2024,724
3132,46,1076,295,1450,79,0.945517241,3,17,240,27,50,3.311594203,2024,391
3133,52,1182,433,1669,54,0.967645297,0,22,150,26,74,3.450854701,2024,3
3134,51,1248,444,1756,64,0.963553531,0,10,106,34,75,3.68627451,2024,271
3135,50,1147,440,1654,67,0.95949214,0,11,142,44,89,3.526666667,2024,746
3136,60,1447,513,2041,81,0.960313572,0,16,114,25,126,3.62962963,2024,780
3137,54,1390,468,1927,69,0.964193046,0,7,132,20,119,3.823045267,2024,174
3138,49,1249,475,1783,59,0.966909703,0,9,145,34,142,3.909297052,2024,232
3139,51,1280,494,1840,66,0.964130435,0,14,114,37,119,3.864923747,2024,108
3140,52,1304,498,1853,51,0.972477064,0,7,42,16,111,3.85042735,2024,558
3141,60,1487,548,2082,47,0.977425552,0,6,86,27,104,3.768518519,2024,617
3142,53,1269,487,1846,90,0.951245937,0,8,180,39,70,3.681341719,2024,733
3143,50,1280,518,1861,63,0.966147233,0,16,196,28,119,3.995555556,2024,268
3144,48,1165,420,1659,74,0.955394816,1,6,170,46,51,3.668981481,2024,26
3145,44,1116,393,1604,95,0.940773067,0,20,180,34,49,3.810606061,2024,836
3146,39,914,328,1300,58,0.955384615,0,25,162,32,64,3.538461538,2024,763
3147,52,1305,455,1843,83,0.954964731,1,8,162,45,61,3.760683761,2024,803
3148,46,1211,411,1675,53,0.968358209,0,5,110,43,115,3.917874396,2024,567
3149,47,1193,442,1721,86,0.950029053,0,23,170,45,73,3.865248227,2024,493
3150,49,1178,361,1598,59,0.963078849,1,3,75,23,77,3.489795918,2024,731
3151,47,1136,395,1607,76,0.952706907,0,9,160,22,107,3.619385343,2024,10
3152,47,1260,524,1842,58,0.968512486,0,3,84,27,124,4.21749409,2024,655
3153,52,1242,495,1799,62,0.965536409,4,17,170,28,89,3.711538462,2024,512
3154,51,1249,480,1773,44,0.975183305,0,22,86,25,109,3.766884532,2024,560
3155,53,1317,479,1854,58,0.968716289,1,9,236,35,94,3.765199161,2024,66
3156,51,1272,503,1829,54,0.97047567,0,14,42,40,74,3.867102397,2024,166
3157,56,1375,466,1895,54,0.971503958,0,7,96,34,102,3.652777778,2024,48
3158,51,1339,459,1852,54,0.970842333,1,7,90,35,100,3.917211329,2024,669
3159,49,1126,454,1648,68,0.958737864,0,31,185,31,97,3.58276644,2024,170
3160,48,1162,383,1589,44,0.972309629,1,16,92,16,93,3.576388889,2024,191
3161,49,1173,418,1676,85,0.94928401,0,11,178,50,48,3.607709751,2024,244
3162,53,1406,424,1876,46,0.975479744,2,5,98,48,31,3.836477987,2024,283
3163,51,1210,431,1709,68,0.96021065,0,10,90,40,84,3.575163399,2024,671
3164,54,1287,464,1842,91,0.950597177,0,19,144,58,75,3.602880658,2024,234
3165,51,1225,426,1704,53,0.968896714,0,13,110,34,97,3.596949891,2024,737
3166,56,1402,508,1984,74,0.962701613,0,13,150,26,102,3.78968254,2024,723
3167,48,1169,433,1686,84,0.950177936,1,18,154,36,82,3.708333333,2024,952
3168,48,1124,384,1595,87,0.945454545,2,14,162,40,67,3.490740741,2024,475
3169,48,1156,417,1642,69,0.957978076,1,23,94,38,107,3.641203704,2024,701
3170,61,1491,576,2138,71,0.966791394,0,18,146,49,124,3.765027322,2024,423
3171,50,1163,426,1669,80,0.952067106,0,34,184,57,76,3.531111111,2024,119
3172,52,1222,401,1688,65,0.961492891,0,41,116,46,62,3.467948718,2024,778
3173,56,1352,440,1855,63,0.966037736,1,8,84,42,79,3.555555556,2024,886
3174,60,1587,612,2252,53,0.976465364,1,12,112,44,134,4.072222222,2024,772
3175,58,1459,413,1932,60,0.968944099,0,3,101,27,75,3.586206897,2024,38
3176,50,1231,410,1751,110,0.937178755,0,38,204,25,72,3.646666667,2024,727
3177,57,1407,549,2010,54,0.973134328,0,20,102,22,131,3.812865497,2024,396
3178,46,1117,448,1606,41,0.974470735,0,8,120,42,97,3.780193237,2024,831
3179,56,1409,528,2003,66,0.967049426,1,11,86,42,107,3.843253968,2024,941
3180,49,1110,349,1549,90,0.941897999,3,19,178,23,82,3.308390023,2024,131
3181,50,1239,461,1749,49,0.971983991,0,29,96,29,69,3.777777778,2024,408
3182,50,1181,406,1670,83,0.950299401,1,10,120,25,58,3.526666667,2024,171
3183,59,1454,438,1948,56,0.971252567,0,9,130,50,84,3.563088512,2024,34
3184,57,1463,491,2024,70,0.96541502,0,10,162,21,99,3.808966862,2024,828
3185,52,1330,461,1879,88,0.953166578,0,20,198,61,59,3.826923077,2024,835
3186,50,1228,432,1728,68,0.960648148,0,17,192,36,91,3.688888889,2024,884
3187,51,1262,427,1755,66,0.962393162,0,13,132,21,80,3.679738562,2024,45
3188,52,1287,462,1805,56,0.968975069,0,11,118,27,84,3.737179487,2024,503
3189,57,1510,523,2092,59,0.971797323,0,3,84,31,96,3.962962963,2024,240
3190,50,1189,459,1708,60,0.964871194,0,21,200,47,81,3.662222222,2024,439
3191,51,1327,473,1851,51,0.972447326,0,5,88,36,93,3.921568627,2024,548
3192,54,1371,521,1979,87,0.956038403,0,12,78,39,103,3.893004115,2024,534
3193,48,1188,452,1702,62,0.963572268,4,13,152,54,97,3.796296296,2024,273
3194,52,1316,488,1874,70,0.962646745,1,9,154,48,77,3.854700855,2024,400
3195,53,1397,575,2039,67,0.967140755,0,10,134,33,175,4.134171908,2024,264
3196,44,1016,361,1466,89,0.939290587,0,49,253,75,46,3.477272727,2024,804
3197,59,1526,567,2164,71,0.967190388,3,12,110,20,123,3.941619586,2024,293
3198,48,1265,459,1771,47,0.973461321,0,16,151,38,84,3.990740741,2024,263
3199,58,1466,577,2107,64,0.969625059,0,8,98,19,137,3.913793103,2024,883
3200,50,1099,435,1607,73,0.95457374,1,34,158,34,105,3.408888889,2024,521
3201,54,1203,398,1646,45,0.972660996,1,12,57,17,71,3.294238683,2024,476
3202,62,1582,567,2189,40,0.981726816,0,10,83,30,146,3.85125448,2024,138
3203,55,1419,507,1988,62,0.968812877,1,14,114,43,110,3.890909091,2024,549
3204,65,1576,527,2161,58,0.973160574,0,12,74,44,96,3.594871795,2024,27
3205,50,1171,389,1636,76,0.953545232,1,18,110,24,88,3.466666667,2024,230
3206,50,1178,402,1655,75,0.954682779,1,9,100,26,67,3.511111111,2024,779
3207,52,1216,469,1754,69,0.960661345,0,23,128,57,89,3.60042735,2024,738
3208,51,1261,464,1798,73,0.959399333,0,17,92,38,121,3.758169935,2024,708
3209,57,1363,440,1870,67,0.964171123,0,23,166,37,85,3.514619883,2024,638
3210,51,1218,395,1651,38,0.976983646,0,6,128,18,70,3.51416122,2024,951
3211,52,1232,403,1702,67,0.960634548,1,22,74,46,60,3.493589744,2024,497
3212,47,1127,389,1595,79,0.950470219,1,13,128,14,101,3.58392435,2024,881
3213,56,1389,492,1929,48,0.975116641,1,8,96,26,86,3.732142857,2024,315
3214,57,1416,534,2043,93,0.954478708,0,25,82,31,109,3.801169591,2024,207
3215,48,1080,325,1477,72,0.951252539,0,23,180,11,48,3.252314815,2024,84
3216,48,1070,383,1538,85,0.94473342,1,15,195,27,79,3.363425926,2024,690
3217,46,969,289,1318,60,0.95447648,0,16,194,10,70,3.038647343,2024,699
3218,49,1148,493,1690,49,0.971005917,1,11,152,48,81,3.721088435,2024,847
3219,44,978,338,1402,86,0.938659058,0,11,114,28,42,3.323232323,2024,386
3220,50,1235,434,1737,68,0.960852044,3,16,74,29,67,3.708888889,2024,59
3221,50,1202,413,1713,98,0.942790426,0,18,119,43,69,3.588888889,2024,140
3222,49,1206,481,1744,57,0.967316514,2,5,96,22,132,3.825396825,2024,107
3223,50,1129,404,1594,61,0.961731493,0,7,102,19,59,3.406666667,2024,79
3224,49,1206,390,1679,83,0.950565813,1,14,134,39,45,3.619047619,2024,406
3225,44,1053,403,1518,62,0.959156785,3,26,130,52,70,3.676767677,2024,149
3226,46,1116,390,1565,59,0.962300319,0,22,124,37,94,3.637681159,2024,377
3227,50,1224,494,1778,60,0.966254218,1,21,98,31,77,3.817777778,2024,125
3228,50,1196,462,1744,86,0.950688073,0,34,98,31,107,3.684444444,2024,501
3229,60,1531,558,2171,82,0.962229387,0,9,92,46,135,3.868518519,2024,686
3230,39,830,276,1178,72,0.938879457,0,29,228,33,32,3.150997151,2024,857
3231,45,1074,422,1595,99,0.937931034,0,31,279,63,75,3.69382716,2024,157
3232,49,1150,396,1654,108,0.934703748,1,23,183,39,54,3.505668934,2024,373
3233,49,959,397,1411,55,0.961020553,0,33,282,32,89,3.074829932,2024,506
3234,9,224,89,334,21,0.937125749,0,3,26,6,18,3.864197531,2024,953
3235,47,1176,424,1662,62,0.962695548,1,6,54,29,78,3.78250591,2024,754
3236,45,993,309,1413,111,0.921443737,2,19,233,47,63,3.214814815,2024,153
3237,48,1152,441,1669,76,0.954463751,0,5,60,20,95,3.6875,2024,849
3238,49,1165,364,1584,55,0.965277778,0,18,143,30,100,3.467120181,2024,12
3239,57,1421,448,1921,52,0.972930765,1,10,122,29,65,3.643274854,2024,508
3240,56,1345,459,1872,68,0.963675214,0,7,80,29,84,3.579365079,2024,795
3241,56,1364,466,1907,77,0.959622444,0,8,110,37,90,3.630952381,2024,172
3242,54,1284,482,1834,68,0.962922574,0,11,125,34,121,3.633744856,2024,33
3243,52,1245,475,1796,76,0.957683742,1,6,96,51,109,3.675213675,2024,189
3244,51,1249,399,1698,50,0.970553592,0,18,100,22,91,3.590413943,2024,481
3245,50,1148,407,1609,54,0.966438782,0,26,174,32,51,3.455555556,2024,454
3246,49,1215,442,1716,59,0.965617716,2,7,78,15,114,3.757369615,2024,148
3247,52,1246,421,1749,82,0.953116066,0,25,268,47,49,3.561965812,2024,256
3248,52,1252,479,1789,58,0.967579653,0,13,42,28,167,3.698717949,2024,875
3249,50,1033,317,1449,99,0.931677019,0,14,386,42,50,3,2024,68
3250,49,1182,376,1600,42,0.97375,0,14,176,44,42,3.532879819,2024,620
3251,57,1300,463,1811,48,0.973495306,0,8,78,35,74,3.436647173,2024,222
3252,50,1066,368,1514,80,0.947159841,2,19,216,34,90,3.186666667,2024,566
3253,41,915,319,1276,42,0.967084639,2,9,142,35,48,3.344173442,2024,465
3254,50,1242,462,1756,52,0.970387244,2,9,166,20,99,3.786666667,2024,896
3255,48,1199,386,1644,59,0.964111922,1,15,102,31,68,3.668981481,2024,71
3256,48,1074,359,1484,51,0.965633423,0,11,132,34,69,3.31712963,2024,700
3257,54,1235,413,1709,61,0.964306612,0,15,82,21,109,3.390946502,2024,143
3258,50,1175,390,1635,70,0.957186544,0,24,140,49,55,3.477777778,2024,381
3259,49,1061,345,1488,82,0.944892473,0,26,166,26,47,3.188208617,2024,155
3260,51,1220,442,1753,91,0.94808899,0,12,190,45,84,3.620915033,2024,218
3261,56,1407,474,1931,50,0.97410668,0,4,58,21,95,3.732142857,2024,106
3262,49,1112,420,1567,35,0.977664327,0,10,128,37,51,3.473922902,2024,343
3263,59,1421,538,2011,52,0.974142218,1,14,148,36,89,3.689265537,2024,448
3264,49,1082,400,1540,58,0.962337662,0,29,204,29,76,3.360544218,2024,252
3265,50,1077,383,1499,39,0.973982655,0,26,98,29,86,3.244444444,2024,678
3266,51,1184,404,1655,67,0.959516616,0,14,134,37,65,3.459694989,2024,652
3267,50,1124,410,1590,56,0.964779874,3,10,186,32,28,3.408888889,2024,800
3268,50,1106,415,1603,82,0.948845914,1,17,128,40,116,3.38,2024,728
3269,43,957,323,1382,102,0.926193922,0,12,254,37,51,3.30749354,2024,407
3270,45,951,350,1373,72,0.947560087,0,28,280,34,39,3.212345679,2024,415
3271,48,1198,458,1724,68,0.960556845,0,9,72,24,129,3.833333333,2024,111
3272,47,1143,353,1565,69,0.955910543,2,5,104,30,71,3.536643026,2024,192
3273,46,1084,370,1507,53,0.96483079,0,3,52,27,93,3.512077295,2024,279
3274,46,1011,384,1444,49,0.966066482,0,10,102,33,88,3.369565217,2024,175
3275,3,81,27,116,8,0.931034483,0,3,4,6,0,4,2024,956
3276,62,1518,544,2155,93,0.956844548,1,14,148,35,134,3.695340502,2024,818
3277,49,1143,410,1614,61,0.9622057,0,19,168,31,61,3.52154195,2024,948
3278,47,1095,397,1537,45,0.970722186,1,15,164,17,57,3.527186761,2024,704
3279,49,1081,366,1503,56,0.962741184,1,12,172,34,67,3.281179138,2024,297
3280,51,1137,392,1585,56,0.96466877,0,14,136,27,84,3.331154684,2024,902
3281,46,1046,373,1468,49,0.966621253,0,12,82,22,73,3.427536232,2024,115
3282,55,1283,464,1806,59,0.967331118,0,16,126,31,89,3.529292929,2024,403
3283,43,1026,340,1428,62,0.956582633,0,19,142,35,40,3.529715762,2024,735
3284,47,1194,453,1705,58,0.965982405,0,16,32,44,93,3.893617021,2024,718
3285,49,1122,399,1611,90,0.944134078,0,16,192,29,68,3.448979592,2024,485
3286,49,1232,412,1735,91,0.947550432,1,32,146,34,76,3.727891156,2024,42
3287,50,1169,418,1648,61,0.962985437,0,9,94,43,63,3.526666667,2024,442
3288,50,1240,447,1747,60,0.965655409,3,11,76,18,100,3.748888889,2024,874
3289,49,1169,423,1649,57,0.965433596,1,10,146,37,69,3.609977324,2024,328
3290,56,1391,459,1917,67,0.965049557,0,10,156,30,108,3.670634921,2024,563
3291,54,1262,442,1765,61,0.965439093,0,17,212,29,71,3.50617284,2024,632
3292,56,1437,516,2022,69,0.965875371,0,10,142,30,113,3.875,2024,498
3293,43,1058,346,1475,71,0.951864407,0,21,146,33,82,3.627906977,2024,23
3294,57,1387,465,1906,54,0.971668416,1,4,82,21,72,3.610136452,2024,484
3295,53,1209,402,1680,69,0.958928571,0,18,130,34,66,3.377358491,2024,281
3296,48,1082,369,1519,68,0.955233706,1,15,132,32,81,3.358796296,2024,430
3297,51,1144,426,1615,45,0.972136223,0,5,128,25,105,3.420479303,2024,889
3298,49,1198,469,1736,69,0.960253456,0,19,206,43,81,3.780045351,2024,464
3299,55,1293,468,1840,79,0.957065217,0,14,210,37,74,3.557575758,2024,298
3300,59,1406,470,1927,51,0.973533991,2,9,162,46,100,3.532956685,2024,350
3301,51,1186,401,1677,90,0.946332737,0,2,129,36,90,3.45751634,2024,180
3302,49,982,304,1396,110,0.921203438,3,23,219,38,38,2.916099773,2024,199
3303,44,1110,365,1549,74,0.952227243,0,28,228,20,61,3.724747475,2024,676
3304,52,1263,467,1793,63,0.964863358,0,12,130,37,52,3.696581197,2024,215
3305,48,1016,329,1401,56,0.960028551,0,12,160,13,57,3.113425926,2024,83
3306,33,700,249,1052,103,0.902091255,0,34,318,29,24,3.195286195,2024,399
3307,50,1057,370,1489,62,0.958361316,0,11,166,50,45,3.171111111,2024,380
3308,46,962,303,1325,60,0.954716981,1,20,146,40,40,3.055555556,2024,434
3309,39,868,372,1318,78,0.940819423,2,35,254,67,51,3.532763533,2024,69
3310,8,147,49,225,29,0.871111111,0,15,60,2,5,2.722222222,2024,82
3311,58,1380,493,1912,39,0.97960251,1,11,48,36,77,3.588122605,2024,695
3312,54,1275,494,1835,66,0.964032698,0,18,86,32,97,3.639917695,2024,197
3313,50,1177,425,1669,67,0.959856201,1,11,84,23,81,3.56,2024,865
3314,49,1080,423,1574,71,0.954891995,0,9,150,39,90,3.408163265,2024,612
3315,50,1168,403,1645,74,0.955015198,0,11,124,16,90,3.491111111,2024,574
3316,51,1231,412,1731,88,0.949162334,3,27,144,44,92,3.579520697,2024,924
3317,50,1191,420,1667,56,0.966406719,0,9,168,27,46,3.58,2024,259
3318,59,1461,505,2028,62,0.969428008,0,14,149,28,95,3.702448211,2024,665
3319,51,1203,436,1694,55,0.967532468,1,18,88,31,93,3.5708061,2024,729
3320,49,1182,382,1639,75,0.95424039,0,21,122,32,73,3.546485261,2024,918
3321,49,1142,433,1651,76,0.953967293,0,13,104,43,101,3.571428571,2024,491
3322,48,1198,453,1723,72,0.95821242,0,14,156,34,75,3.821759259,2024,277
3323,46,1147,442,1640,51,0.968902439,0,15,168,58,114,3.838164251,2024,4
3324,50,1149,357,1551,45,0.97098646,0,1,150,38,61,3.346666667,2024,359
3325,55,1363,509,1951,79,0.959507945,0,5,83,23,104,3.781818182,2024,303
3326,45,984,369,1422,69,0.951476793,0,18,104,30,80,3.340740741,2024,285
3327,43,954,352,1364,58,0.957478006,0,15,174,35,30,3.374677003,2024,93
3328,56,1416,462,1938,60,0.969040248,0,13,142,21,119,3.726190476,2024,529
3329,42,976,379,1419,64,0.954897815,0,9,155,38,91,3.584656085,2024,147
3330,45,1093,398,1569,78,0.950286807,0,7,95,27,73,3.681481481,2024,914
3331,52,1209,419,1692,64,0.962174941,3,14,120,32,67,3.478632479,2024,882
3332,49,1159,375,1610,76,0.952795031,0,10,132,30,67,3.47845805,2024,629
3333,49,1233,466,1778,79,0.955568054,0,22,108,43,98,3.85260771,2024,631
3334,51,1208,441,1730,81,0.953179191,0,9,135,50,76,3.592592593,2024,752
3335,57,1340,448,1840,52,0.97173913,2,15,50,27,98,3.485380117,2024,47
3336,49,1112,410,1577,55,0.965123653,0,14,154,22,57,3.451247166,2024,555
3337,54,1285,462,1802,55,0.969478357,0,10,126,36,90,3.594650206,2024,911
3338,43,1036,349,1469,84,0.942818244,0,5,204,39,76,3.57881137,2024,755
3339,50,1032,369,1470,69,0.953061224,2,27,146,40,90,3.113333333,2024,885
3340,45,936,331,1329,62,0.953348382,0,19,174,24,88,3.128395062,2024,887
3341,51,963,327,1380,90,0.934782609,0,9,213,40,42,2.810457516,2024,954
3342,47,1043,363,1487,81,0.945527909,1,18,172,39,77,3.323877069,2024,213
3343,46,1025,349,1418,44,0.968970381,0,4,104,22,43,3.31884058,2024,707
3344,57,1413,500,1985,72,0.96372796,0,12,64,23,116,3.729044834,2024,41
3345,41,972,343,1414,99,0.929985856,0,13,190,39,66,3.563685637,2024,674
3346,49,1135,390,1614,89,0.944857497,0,15,95,43,70,3.458049887,2024,480
3347,47,1062,384,1505,59,0.960797342,1,14,188,49,62,3.418439716,2024,833
3348,2,38,16,62,8,0.870967742,0,0,10,0,2,3,2024,955
3349,36,816,388,1270,66,0.948031496,0,14,150,48,63,3.716049383,2024,113
3350,47,1228,438,1711,45,0.973699591,0,13,88,38,85,3.938534279,2024,594
3351,43,1064,382,1504,58,0.96143617,0,25,92,21,73,3.736434109,2024,418
3352,43,1100,430,1572,42,0.973282443,1,9,84,32,88,3.953488372,2024,550
3353,42,1096,412,1554,46,0.97039897,0,25,86,15,91,3.989417989,2024,783
3354,35,870,287,1203,46,0.961762261,0,18,128,21,26,3.673015873,2024,195
3355,40,971,309,1348,68,0.949554896,1,12,110,26,76,3.555555556,2024,904
3356,42,1081,379,1505,45,0.970099668,0,15,172,36,62,3.862433862,2024,730
3357,39,1026,413,1493,54,0.963831212,0,22,98,20,81,4.0997151,2024,597
3358,49,1227,404,1673,42,0.974895397,1,13,116,23,89,3.698412698,2024,223
3359,39,1047,387,1475,41,0.97220339,0,11,72,28,51,4.085470085,2024,410
3360,40,1073,404,1532,55,0.964099217,0,14,54,30,92,4.102777778,2024,288
3361,38,913,332,1317,72,0.945330296,0,12,157,37,55,3.640350877,2024,50
3362,42,1050,372,1510,88,0.941721854,0,38,156,25,62,3.761904762,2024,898
3363,34,745,277,1091,69,0.93675527,0,14,168,23,33,3.339869281,2024,861
3364,40,972,340,1408,96,0.931818182,0,17,144,19,60,3.644444444,2024,402
3365,42,1018,424,1505,63,0.958139535,0,10,108,40,59,3.814814815,2024,876
3366,37,939,315,1333,79,0.940735184,0,29,146,34,53,3.765765766,2024,524
3367,40,1014,353,1420,53,0.962676056,0,13,82,30,64,3.797222222,2024,637
3368,40,950,369,1397,78,0.94416607,3,16,192,21,55,3.663888889,2024,921
3369,38,849,305,1236,82,0.933656958,1,20,106,28,38,3.374269006,2024,428
3370,39,903,325,1273,45,0.964650432,1,24,114,16,77,3.498575499,2024,309
3371,39,927,306,1303,70,0.94627782,0,17,70,26,39,3.512820513,2024,312
3372,34,798,286,1145,61,0.946724891,1,13,115,21,42,3.54248366,2024,44
3373,40,1018,401,1508,89,0.940981432,0,12,106,28,87,3.941666667,2024,571
3374,41,1003,335,1394,56,0.959827834,1,8,140,26,73,3.62601626,2024,316
3375,46,1185,465,1704,54,0.968309859,0,18,87,38,128,3.985507246,2024,176
3376,38,903,357,1340,80,0.940298507,0,17,106,28,59,3.684210526,2024,339
3377,38,939,373,1374,62,0.954876274,0,9,156,49,83,3.83625731,2024,691
3378,41,1029,375,1480,76,0.948648649,0,20,90,21,125,3.804878049,2024,456
3379,38,918,346,1328,64,0.951807229,0,32,176,12,92,3.695906433,2024,117
3380,42,1077,354,1496,65,0.956550802,2,3,60,16,76,3.785714286,2024,63
3381,41,1014,399,1471,58,0.96057104,2,12,160,50,97,3.829268293,2024,696
3382,46,1146,452,1668,70,0.958033573,2,36,172,42,68,3.859903382,2024,325
3383,41,1073,415,1563,75,0.952015355,0,6,82,37,102,4.032520325,2024,94
3384,49,1260,466,1791,65,0.963707426,2,18,118,24,110,3.9138322,2024,520
3385,39,1001,343,1428,84,0.941176471,1,4,130,18,63,3.829059829,2024,243
3386,42,1027,431,1509,51,0.966202783,0,9,118,27,118,3.857142857,2024,73
3387,39,969,350,1399,80,0.942816297,0,30,140,16,44,3.757834758,2024,751
3388,40,924,342,1326,60,0.954751131,0,8,106,30,74,3.516666667,2024,593
3389,37,931,298,1315,86,0.93460076,0,12,252,17,53,3.690690691,2024,52
3390,41,1042,407,1509,60,0.960238569,0,10,113,17,78,3.926829268,2024,92
3391,51,1315,448,1831,68,0.962861824,1,20,142,24,116,3.840958606,2024,618
3392,41,1012,357,1438,69,0.95201669,0,13,189,56,56,3.7100271,2024,478
3393,42,1078,382,1516,56,0.963060686,2,23,110,35,87,3.862433862,2024,21
3394,42,1003,353,1437,81,0.943632568,0,14,156,26,62,3.587301587,2024,185
3395,48,1228,531,1825,66,0.963835616,2,11,68,25,94,4.071759259,2024,867
3396,46,1219,464,1740,57,0.967241379,0,17,124,18,87,4.065217391,2024,55
3397,47,1107,494,1647,46,0.972070431,0,8,144,43,127,3.784869976,2024,742
3398,42,1129,411,1593,53,0.966729441,1,5,130,21,77,4.074074074,2024,368
3399,38,846,349,1261,66,0.947660587,0,34,274,42,51,3.494152047,2024,158
3400,36,891,338,1267,38,0.970007893,0,3,98,24,97,3.793209877,2024,102
3401,35,849,270,1195,76,0.936401674,0,17,182,24,39,3.552380952,2024,907
3402,45,1181,467,1686,38,0.977461447,0,9,74,39,128,4.069135802,2024,698
3403,40,888,343,1298,67,0.948382126,0,25,219,38,55,3.419444444,2024,514
3404,40,1024,345,1411,42,0.970233877,0,8,70,48,47,3.802777778,2024,445
3405,39,1008,395,1476,73,0.950542005,1,29,124,35,78,3.997150997,2024,848
3406,39,962,361,1389,66,0.952483801,2,16,82,42,51,3.769230769,2024,912
3407,35,756,260,1063,47,0.955785513,0,12,147,31,45,3.225396825,2024,130
3408,40,987,375,1422,60,0.957805907,0,9,100,30,45,3.783333333,2024,757
3409,38,946,343,1353,64,0.952697709,0,10,198,35,82,3.769005848,2024,504
3410,38,980,369,1393,44,0.968413496,0,23,68,36,79,3.944444444,2024,340
3411,41,1033,431,1532,68,0.955613577,1,8,147,23,63,3.967479675,2024,572
3412,40,1003,356,1414,55,0.961103253,0,13,108,28,81,3.775,2024,269
3413,43,1119,460,1631,52,0.968117719,0,19,116,27,79,4.080103359,2024,132
3414,43,1079,371,1509,59,0.960901259,1,23,128,32,51,3.746770026,2024,642
3415,42,1088,366,1502,48,0.96804261,0,9,48,32,57,3.846560847,2024,216
3416,40,992,401,1460,67,0.954109589,0,26,76,36,67,3.869444444,2024,957
3417,39,939,346,1334,49,0.963268366,0,4,88,28,47,3.660968661,2024,133
3418,35,922,310,1307,75,0.942616679,1,17,118,33,35,3.911111111,2024,868
3419,40,1061,409,1509,39,0.97415507,0,10,120,19,74,4.083333333,2024,404
3420,34,762,275,1104,67,0.939311594,0,16,112,24,60,3.388888889,2024,583
3421,40,1047,346,1456,63,0.956730769,1,19,82,24,39,3.869444444,2024,625
3422,45,1191,430,1660,39,0.976506024,2,12,62,30,63,4.002469136,2024,104
3423,45,1186,420,1641,35,0.978671542,1,6,100,25,70,3.965432099,2024,477
3424,49,1253,451,1774,70,0.96054115,0,17,135,21,67,3.863945578,2024,80
3425,39,1027,407,1485,51,0.965656566,0,5,112,25,111,4.085470085,2024,142
3426,42,1106,372,1522,44,0.97109067,0,2,60,15,44,3.91005291,2024,609
3427,46,1167,427,1638,44,0.973137973,0,14,98,41,90,3.850241546,2024,467
3428,43,1108,417,1588,63,0.960327456,2,15,67,41,89,3.940568475,2024,468
3429,43,996,349,1427,82,0.94253679,0,17,168,41,54,3.475452196,2024,103
3430,41,1012,372,1449,65,0.955141477,1,18,58,29,56,3.750677507,2024,444
3431,42,1101,386,1536,49,0.968098958,0,7,86,19,77,3.933862434,2024,905
3432,40,927,327,1345,91,0.932342007,1,24,118,17,51,3.483333333,2024,233
3433,40,995,393,1467,79,0.946148603,0,16,158,36,87,3.855555556,2024,425
3434,43,1054,403,1529,72,0.952910399,0,17,180,23,75,3.764857881,2024,304
3435,37,928,292,1286,66,0.948678072,1,24,168,27,56,3.663663664,2024,518
3436,46,1198,433,1691,60,0.964518037,4,10,114,36,69,3.939613527,2024,184
3437,44,1180,524,1758,54,0.969283276,0,4,108,34,94,4.303030303,2024,680
3438,54,1424,582,2077,71,0.965816081,0,10,128,19,111,4.127572016,2024,426
3439,41,1094,343,1504,67,0.955452128,1,6,86,37,73,3.894308943,2024,150
3440,45,1161,354,1581,66,0.958254269,1,7,128,16,52,3.740740741,2024,732
3441,43,1104,415,1590,71,0.955345912,2,19,118,43,63,3.925064599,2024,305
3442,43,1066,406,1526,54,0.964613368,0,11,134,31,51,3.803617571,2024,814
3443,47,1157,464,1686,65,0.961447212,2,13,82,22,137,3.8321513,2024,154
3444,32,708,255,1016,53,0.947834646,1,11,198,25,30,3.34375,2024,237
3445,40,956,353,1357,48,0.964627856,0,16,178,53,48,3.636111111,2024,334
3446,44,1107,432,1588,49,0.969143577,0,10,100,31,61,3.886363636,2024,787
3447,39,959,321,1364,84,0.938416422,0,2,121,22,39,3.646723647,2024,225
3448,34,805,262,1127,60,0.946761313,0,15,174,13,51,3.486928105,2024,915
3449,49,1257,435,1752,60,0.965753425,0,7,98,42,72,3.836734694,2024,141
3450,44,1151,433,1649,65,0.960582171,1,19,164,27,101,4,2024,46
3451,41,1007,354,1448,87,0.939917127,1,10,162,18,81,3.688346883,2024,210
3452,43,1099,362,1530,69,0.954901961,0,27,131,19,80,3.775193798,2024,99
3453,44,1134,395,1595,66,0.95862069,1,29,90,28,59,3.861111111,2024,25
3454,43,1124,407,1601,70,0.956277327,1,13,154,26,52,3.956072351,2024,770
3455,40,1031,372,1451,48,0.966919366,0,13,98,36,73,3.897222222,2024,873
3456,38,923,366,1366,77,0.94363104,1,14,114,39,41,3.769005848,2024,726
3457,44,1155,443,1638,40,0.975579976,1,11,128,45,85,4.035353535,2024,449
3458,46,1228,454,1753,71,0.959498003,0,8,164,38,78,4.062801932,2024,649
3459,38,844,295,1234,95,0.923014587,1,26,208,25,59,3.330409357,2024,624
3460,42,1067,379,1502,56,0.962716378,0,19,198,18,93,3.825396825,2024,608
3461,42,1011,404,1487,72,0.951580363,2,11,126,29,54,3.743386243,2024,18
3462,39,1020,373,1483,90,0.939312205,0,29,182,32,85,3.968660969,2024,257
3463,40,999,384,1456,73,0.949862637,2,9,152,58,81,3.841666667,2024,296
3464,40,1037,355,1444,52,0.96398892,2,18,80,26,100,3.866666667,2024,510
3465,42,1069,350,1484,65,0.956199461,0,5,134,34,64,3.753968254,2024,308
3466,43,1102,405,1563,56,0.964171465,0,8,84,29,60,3.894056848,2024,385
3467,47,1183,429,1693,81,0.952155936,0,22,112,17,58,3.810874704,2024,495
3468,39,958,331,1350,61,0.954814815,0,25,163,44,69,3.672364672,2024,871
3469,41,1085,358,1503,60,0.96007984,0,33,84,31,77,3.910569106,2024,596
3470,39,903,321,1327,103,0.922381311,0,30,134,47,50,3.487179487,2024,657
3471,36,902,323,1286,61,0.952566096,2,4,154,38,59,3.780864198,2024,224
3472,47,1160,407,1629,62,0.96193984,0,9,100,34,54,3.704491726,2024,22
3473,49,1289,426,1763,48,0.972773681,0,2,130,19,116,3.888888889,2024,636
3474,39,891,339,1296,66,0.949074074,0,15,84,26,59,3.504273504,2024,327
3475,39,943,340,1335,52,0.961048689,0,10,128,34,72,3.655270655,2024,146
3476,35,879,323,1247,45,0.963913392,0,20,156,21,61,3.815873016,2024,313
3477,42,1065,419,1541,57,0.963011032,0,10,66,22,96,3.925925926,2024,447
3478,55,1402,532,1996,62,0.968937876,0,10,77,29,91,3.907070707,2024,486
3479,36,821,291,1207,95,0.921292461,0,6,180,47,37,3.432098765,2024,443
3480,41,1026,367,1461,68,0.953456537,0,12,76,26,52,3.775067751,2024,307
3481,37,687,278,1008,43,0.95734127,1,14,78,26,64,2.897897898,2024,40
3482,32,733,288,1090,69,0.936697248,2,19,116,23,63,3.545138889,2024,745
3483,40,963,342,1375,70,0.949090909,0,12,84,42,64,3.625,2024,382
3484,35,835,290,1200,75,0.9375,0,17,169,30,32,3.571428571,2024,758
3485,42,1045,419,1520,56,0.963157895,0,4,70,21,102,3.873015873,2024,538
3486,38,983,357,1410,70,0.95035461,0,3,148,34,51,3.918128655,2024,931
3487,37,839,328,1228,61,0.950325733,0,9,115,18,58,3.504504505,2024,878
3488,47,1170,411,1624,43,0.973522167,0,7,104,30,85,3.737588652,2024,30
3489,38,948,338,1338,52,0.961136024,0,13,160,26,38,3.760233918,2024,834
3490,45,1112,429,1586,45,0.971626734,0,24,162,15,85,3.804938272,2024,739
3491,30,760,264,1077,53,0.950789229,0,6,114,36,45,3.792592593,2024,159
3492,40,976,412,1452,64,0.955922865,0,14,226,43,72,3.855555556,2024,255
3493,40,980,293,1326,53,0.960030166,0,17,92,35,50,3.536111111,2024,923
3494,41,961,352,1354,41,0.96971935,0,19,100,20,78,3.558265583,2024,511
3495,29,730,285,1069,54,0.9494855,0,11,124,40,42,3.888888889,2024,61
3496,43,1122,399,1579,58,0.963267891,0,6,62,32,92,3.930232558,2024,437
3497,38,871,340,1285,74,0.942412451,0,17,278,41,22,3.540935673,2024,850
3498,40,1040,378,1489,71,0.952316991,2,11,106,34,83,3.938888889,2024,650
3499,39,932,330,1324,62,0.953172205,1,21,164,16,47,3.595441595,2024,389
3500,35,910,329,1298,59,0.954545455,0,7,60,28,54,3.933333333,2024,933
3501,42,1038,380,1516,98,0.935356201,1,15,114,24,67,3.751322751,2024,275
3502,40,994,382,1469,93,0.936691627,0,29,186,39,59,3.822222222,2024,860
3503,50,1302,451,1828,75,0.958971554,1,15,94,38,85,3.895555556,2024,681
3504,47,1228,407,1698,63,0.962897527,0,17,148,29,74,3.865248227,2024,128
3505,37,903,341,1286,42,0.967340591,0,10,112,34,50,3.735735736,2024,925
3506,43,1130,382,1575,63,0.96,0,15,104,14,70,3.906976744,2024,903
3507,47,1237,382,1681,62,0.963117192,0,16,90,35,74,3.827423168,2024,383
3508,40,946,322,1345,77,0.942750929,0,8,110,25,43,3.522222222,2024,659
3509,43,1039,372,1469,58,0.960517359,1,12,184,26,80,3.645994832,2024,463
3510,48,1224,356,1657,77,0.953530477,0,16,148,27,43,3.657407407,2024,314
3511,39,967,399,1419,53,0.962649753,0,7,92,26,73,3.891737892,2024,118
3512,38,878,321,1286,87,0.932348367,0,20,156,16,71,3.505847953,2024,81
3513,41,1062,424,1550,64,0.958709677,1,20,150,33,94,4.027100271,2024,544
3514,43,1100,404,1573,69,0.956134774,0,16,116,26,70,3.88630491,2024,877
3515,42,1050,377,1512,85,0.943783069,2,16,135,36,64,3.775132275,2024,513
3516,36,855,285,1202,62,0.948419301,0,17,148,26,64,3.518518519,2024,482
3517,39,1029,427,1529,73,0.952256377,0,16,98,40,110,4.148148148,2024,323
3518,40,951,336,1347,60,0.95545657,0,29,98,19,71,3.575,2024,177
3519,50,1308,493,1847,46,0.975094748,0,12,54,19,110,4.002222222,2024,208
3520,43,1074,375,1515,66,0.956435644,0,16,106,48,48,3.744186047,2024,369
3521,38,969,345,1381,67,0.951484432,1,12,128,30,71,3.842105263,2024,453
3522,39,1003,411,1457,43,0.970487303,1,18,74,25,90,4.028490028,2024,344
3523,47,1235,475,1766,56,0.968289921,0,10,72,25,75,4.042553191,2024,5
3524,37,946,374,1371,51,0.962800875,2,18,182,45,62,3.963963964,2024,900
3525,37,957,338,1362,67,0.950807636,0,9,116,28,93,3.888888889,2024,771
3526,39,1052,346,1459,61,0.958190541,0,15,132,16,74,3.982905983,2024,502
3527,37,840,280,1202,82,0.931780366,0,33,297,50,30,3.363363363,2024,666
3528,40,1009,376,1443,58,0.95980596,2,12,122,58,74,3.847222222,2024,214
3529,38,1003,375,1431,53,0.962962963,0,8,102,30,88,4.029239766,2024,662
3530,46,1218,433,1705,54,0.968328446,0,7,152,28,67,3.987922705,2024,362
3531,40,969,363,1384,52,0.962427746,4,9,208,26,57,3.7,2024,310
3532,40,1035,367,1478,76,0.948579161,1,9,154,24,53,3.894444444,2024,759
3533,44,1101,433,1594,60,0.962358846,1,5,109,31,102,3.873737374,2024,895
3534,39,906,312,1289,71,0.944918542,0,22,184,26,41,3.47008547,2024,603
3535,41,1022,338,1419,59,0.958421424,0,2,76,10,60,3.685636856,2024,365
3536,48,1272,456,1782,54,0.96969697,2,25,142,24,100,4,2024,794
3537,42,1051,377,1496,68,0.954545455,0,24,78,27,60,3.777777778,2024,393
3538,39,924,335,1326,67,0.949472097,0,13,124,39,41,3.586894587,2024,507
3539,43,1130,427,1614,57,0.964684015,1,9,118,31,79,4.023255814,2024,54
3540,47,1233,484,1774,57,0.967869222,2,9,146,44,91,4.059101655,2024,798
3541,38,940,378,1400,82,0.941428571,1,8,102,41,74,3.85380117,2024,122
3542,41,956,349,1372,67,0.951166181,0,10,124,36,81,3.536585366,2024,651
3543,36,792,273,1134,69,0.939153439,0,18,178,20,60,3.287037037,2024,375
3544,34,781,274,1130,75,0.933628319,2,31,220,44,29,3.447712418,2024,441
3545,41,1062,359,1476,55,0.962737127,0,10,94,28,56,3.850948509,2024,194
3546,38,956,310,1326,60,0.954751131,0,11,136,32,50,3.701754386,2024,768
3547,45,1185,377,1629,67,0.958870473,2,10,116,28,74,3.856790123,2024,909
3548,40,973,357,1368,38,0.972222222,0,6,84,33,74,3.694444444,2024,209
3549,40,933,306,1320,81,0.938636364,2,26,216,27,57,3.441666667,2024,920
3550,39,974,375,1404,55,0.960826211,0,20,122,32,107,3.843304843,2024,346
3551,40,905,300,1269,64,0.949566588,1,18,110,19,83,3.347222222,2024,747
3552,40,909,284,1290,97,0.924806202,0,19,174,24,33,3.313888889,2024,212
3553,41,1060,391,1512,61,0.959656085,0,8,104,30,86,3.932249322,2024,591
3554,44,1043,381,1502,78,0.948069241,1,15,204,21,49,3.595959596,2024,844
3555,39,928,339,1313,46,0.964965727,0,5,72,16,85,3.60968661,2024,766
3556,40,1020,366,1460,74,0.949315068,1,11,120,20,61,3.85,2024,703
3557,40,1024,378,1483,81,0.945380984,0,17,135,47,73,3.894444444,2024,124
3558,36,895,289,1277,93,0.927173062,0,5,159,40,30,3.654320988,2024,72
3559,47,1189,443,1702,70,0.958871915,0,19,190,35,68,3.858156028,2024,767
3560,47,1200,496,1753,57,0.967484313,0,12,100,27,102,4.009456265,2024,235
3561,38,907,373,1359,79,0.941869021,0,18,225,31,70,3.742690058,2024,585
3562,37,907,307,1291,77,0.940356313,2,12,110,31,48,3.645645646,2024,219
3563,47,1208,437,1715,70,0.959183673,0,11,120,44,77,3.888888889,2024,165
3564,42,1093,351,1502,58,0.96138482,0,16,152,25,61,3.82010582,2024,126
3565,38,918,304,1277,55,0.956930305,0,12,76,31,40,3.573099415,2024,764
3566,37,925,306,1282,51,0.960218409,0,15,92,33,41,3.696696697,2024,530
3567,39,916,325,1287,46,0.964257964,0,15,104,15,53,3.535612536,2024,401
3568,36,916,325,1298,57,0.956086287,0,9,86,23,57,3.830246914,2024,646
3569,40,984,409,1449,56,0.961352657,0,6,84,18,86,3.869444444,2024,335
3570,46,1154,435,1655,66,0.960120846,1,26,100,34,88,3.838164251,2024,602
3571,43,1058,412,1529,59,0.961412688,0,24,136,30,85,3.798449612,2024,562
3572,41,1020,409,1484,55,0.962938005,0,2,80,19,77,3.872628726,2024,19
3573,39,933,391,1375,51,0.962909091,1,10,124,45,69,3.772079772,2024,360
3574,38,877,291,1244,76,0.938906752,0,22,98,28,39,3.415204678,2024,336
3575,38,926,356,1338,56,0.958146487,0,18,110,23,80,3.748538012,2024,526
3576,39,976,316,1373,81,0.941005098,0,10,176,38,50,3.680911681,2024,276
3577,38,950,327,1344,67,0.95014881,0,14,75,29,56,3.733918129,2024,319
3578,38,948,344,1331,39,0.970698723,0,10,124,26,44,3.777777778,2024,568
3579,34,742,267,1082,73,0.932532348,1,22,190,40,42,3.297385621,2024,765
3580,44,1107,409,1576,60,0.961928934,0,13,78,20,118,3.828282828,2024,656
3581,39,974,299,1345,72,0.946468401,0,25,90,38,64,3.626780627,2024,134
3582,42,1083,452,1573,38,0.975842339,0,7,74,38,92,4.060846561,2024,899
3583,45,1115,414,1585,56,0.96466877,0,10,64,23,77,3.775308642,2024,348
3584,41,1054,429,1548,65,0.958010336,2,11,98,28,88,4.01897019,2024,661
3585,39,987,340,1397,70,0.949892627,4,10,126,27,65,3.780626781,2024,570
3586,43,1099,433,1608,76,0.952736318,1,12,108,15,73,3.958656331,2024,930
3587,39,975,351,1392,66,0.952586207,0,18,146,36,66,3.777777778,2024,306
3588,42,1007,373,1413,33,0.976645435,0,14,60,29,88,3.650793651,2024,76
3589,35,844,303,1212,65,0.946369637,0,14,134,17,62,3.641269841,2024,378
3590,40,1040,401,1491,50,0.966465459,1,7,100,26,108,4.002777778,2024,862
3591,40,982,354,1410,74,0.94751773,0,21,48,32,63,3.711111111,2024,431
3592,40,903,320,1303,80,0.938603223,2,30,170,14,55,3.397222222,2024,249
3593,38,898,355,1303,50,0.961627015,2,3,82,22,45,3.66374269,2024,450
3594,36,878,345,1287,64,0.95027195,0,8,54,20,84,3.774691358,2024,330
3595,39,903,319,1274,52,0.959183673,1,5,84,16,81,3.481481481,2024,436
3596,38,885,314,1273,74,0.941869599,1,14,160,24,48,3.505847953,2024,260
3597,41,992,316,1394,86,0.93830703,0,45,194,30,51,3.544715447,2024,28
3598,34,824,252,1126,50,0.955595027,0,4,90,13,41,3.516339869,2024,75
3599,39,908,374,1337,55,0.958863126,0,17,116,16,45,3.652421652,2024,673
3600,38,952,330,1364,82,0.939882698,0,15,158,44,25,3.748538012,2024,15
3601,38,937,327,1316,52,0.960486322,0,15,65,23,52,3.695906433,2024,14
3602,47,1142,384,1570,44,0.971974522,1,4,50,22,109,3.607565012,2024,70
3603,42,1112,416,1610,82,0.949068323,0,13,105,27,73,4.042328042,2024,354
3604,45,1075,359,1476,42,0.971544715,1,10,104,31,63,3.540740741,2024,49
3605,42,1087,423,1560,50,0.967948718,0,17,108,32,103,3.994708995,2024,866
3606,39,922,294,1250,34,0.9728,1,11,104,16,79,3.464387464,2024,374
3607,37,858,265,1183,60,0.949281488,0,13,156,17,35,3.372372372,2024,161
3608,41,973,358,1393,62,0.955491744,0,6,203,24,42,3.60704607,2024,361
3609,37,843,255,1169,71,0.939264328,0,17,164,26,30,3.297297297,2024,611
3610,37,863,331,1258,64,0.949125596,0,27,208,43,52,3.585585586,2024,206
3611,39,950,318,1344,76,0.943452381,0,22,212,39,50,3.612535613,2024,515
3612,41,976,375,1441,90,0.937543373,1,6,122,19,69,3.661246612,2024,164
3613,38,958,387,1390,45,0.967625899,1,5,74,42,93,3.932748538,2024,908
3614,39,989,325,1371,57,0.958424508,0,14,116,27,44,3.743589744,2024,517
3615,34,854,363,1262,45,0.964342314,0,7,82,35,69,3.977124183,2024,647
3616,43,1130,389,1569,50,0.968132569,0,14,194,26,63,3.925064599,2024,692
3617,37,858,302,1222,62,0.949263502,0,17,160,27,37,3.483483483,2024,238
3618,39,937,346,1339,56,0.958177745,0,26,118,22,46,3.655270655,2024,156
3619,36,774,243,1100,83,0.924545455,1,20,168,27,25,3.138888889,2024,455
3620,26,525,184,785,76,0.903184713,1,31,342,6,13,3.02991453,2024,939
3621,36,812,289,1153,52,0.95490026,1,10,104,30,62,3.398148148,2024,610
3622,38,834,313,1243,96,0.922767498,0,27,158,12,67,3.35380117,2024,74
3623,35,805,284,1158,69,0.940414508,0,6,170,35,52,3.457142857,2024,123
3624,44,1116,423,1612,73,0.95471464,2,21,92,12,106,3.886363636,2024,424
3625,37,826,311,1184,47,0.960304054,0,11,168,30,65,3.414414414,2024,604
3626,37,906,367,1334,61,0.954272864,0,15,90,24,91,3.822822823,2024,395
3627,38,898,351,1310,61,0.953435115,0,9,140,40,52,3.652046784,2024,796
3628,33,765,286,1152,101,0.912326389,3,9,168,32,27,3.538720539,2024,545
3629,38,858,290,1195,47,0.960669456,0,11,76,12,56,3.356725146,2024,749
3630,31,569,167,838,102,0.878281623,1,37,310,12,8,2.637992832,2024,435
3631,39,920,285,1274,69,0.945839874,1,14,246,24,48,3.433048433,2024,300
3632,38,906,344,1297,47,0.963762529,0,10,76,35,57,3.65497076,2024,679
3633,32,766,276,1114,72,0.935368043,0,17,180,20,40,3.618055556,2024,57
3634,41,1010,364,1423,49,0.965565706,0,6,124,28,55,3.723577236,2024,928
3635,40,958,366,1397,73,0.947745168,0,9,82,25,61,3.677777778,2024,667
3636,41,976,367,1392,49,0.964798851,0,13,78,35,84,3.639566396,2024,392
3637,43,1036,382,1482,64,0.956815115,0,7,94,28,84,3.664082687,2024,605
3638,41,938,317,1324,69,0.947885196,0,13,82,16,67,3.401084011,2024,178
3639,41,1034,407,1515,74,0.951155116,1,7,93,26,93,3.905149051,2024,830
3640,37,866,262,1190,62,0.94789916,1,15,122,25,51,3.387387387,2024,916
3641,34,799,257,1112,56,0.949640288,0,13,172,49,21,3.450980392,2024,528
3642,32,774,290,1126,62,0.944937833,0,15,182,32,55,3.694444444,2024,241
3643,40,980,336,1361,45,0.966936076,1,3,140,28,66,3.655555556,2024,211
3644,40,994,343,1415,78,0.944876325,0,18,165,43,45,3.713888889,2024,958
3645,45,1170,431,1669,68,0.95925704,0,10,173,25,101,3.95308642,2024,635
3646,41,1014,410,1478,54,0.963464141,0,3,102,34,97,3.859078591,2024,940
3647,57,1449,544,2050,57,0.972195122,1,17,44,44,125,3.884990253,2024,929
3648,47,1161,367,1608,80,0.950248756,2,11,188,34,69,3.612293144,2024,376
3649,40,1059,386,1492,47,0.96849866,0,8,64,28,76,4.013888889,2024,774
3650,37,914,329,1306,63,0.951761103,0,8,202,23,59,3.732732733,2024,91
3651,37,879,327,1257,51,0.959427208,0,14,90,24,57,3.621621622,2024,734
3652,44,1148,401,1611,62,0.961514587,1,13,84,27,84,3.911616162,2024,226
3653,36,803,297,1174,74,0.936967632,0,13,155,19,46,3.395061728,2024,274
3654,43,1070,330,1483,83,0.944032367,2,9,136,22,48,3.617571059,2024,187
3655,38,944,341,1340,55,0.958955224,0,31,130,34,44,3.757309942,2024,927
3656,43,1127,347,1541,67,0.956521739,0,22,70,32,68,3.80878553,2024,821
3657,33,817,295,1185,73,0.938396624,0,10,82,31,39,3.744107744,2024,853
3658,36,817,289,1174,68,0.942078365,0,17,168,31,49,3.413580247,2024,193
3659,36,837,296,1209,76,0.937138131,1,12,268,24,55,3.49691358,2024,741
3660,40,1024,322,1390,44,0.968345324,0,8,126,31,40,3.738888889,2024,364
3661,44,1165,420,1646,61,0.962940462,0,5,96,31,70,4.002525253,2024,658
3662,42,998,367,1440,75,0.947916667,0,19,154,22,62,3.611111111,2024,169
3663,38,906,378,1341,57,0.957494407,1,16,180,26,109,3.754385965,2024,451
3664,45,1168,426,1649,55,0.966646452,0,21,184,24,92,3.935802469,2024,474
3665,43,1096,353,1504,55,0.963430851,0,5,86,29,61,3.744186047,2024,926
3666,51,1326,444,1808,38,0.978982301,0,10,76,25,78,3.85620915,2024,246
3667,36,869,288,1206,49,0.959369818,1,12,156,13,41,3.570987654,2024,797
3668,41,1040,341,1442,61,0.957697642,0,6,42,36,58,3.742547425,2024,575
3669,33,776,262,1109,71,0.935978359,0,14,138,20,38,3.494949495,2024,606
3670,40,1014,353,1440,73,0.949305556,0,23,121,19,73,3.797222222,2024,590
3671,44,1043,350,1456,63,0.956730769,2,13,120,24,70,3.517676768,2024,748
3672,38,946,328,1330,56,0.957894737,1,13,148,15,40,3.725146199,2024,721
3673,37,887,346,1277,44,0.965544244,3,15,74,19,64,3.702702703,2024,341
3674,39,949,317,1336,70,0.94760479,0,11,126,55,36,3.606837607,2024,236
3675,38,902,307,1277,68,0.946750196,0,10,124,33,43,3.535087719,2024,564
3676,36,907,329,1313,77,0.941355674,0,6,94,35,69,3.814814815,2024,706
3677,25,569,221,832,42,0.949519231,0,6,138,33,27,3.511111111,2024,60
3678,37,955,331,1356,70,0.948377581,0,20,144,27,53,3.861861862,2024,494
3679,34,751,260,1053,42,0.96011396,1,14,110,10,52,3.303921569,2024,769
3680,39,811,297,1193,85,0.928751048,0,19,186,31,34,3.156695157,2024,458
3681,35,817,314,1186,55,0.953625632,0,17,92,28,52,3.59047619,2024,88
3682,33,648,171,928,109,0.882543103,0,69,312,21,24,2.757575758,2024,959
3683,42,1013,361,1426,52,0.963534362,0,9,98,24,68,3.634920635,2024,95
3684,38,905,320,1307,82,0.937260903,2,24,135,36,56,3.581871345,2024,379
3685,41,1043,343,1442,56,0.961165049,2,14,104,19,49,3.756097561,2024,67
3686,42,1010,300,1382,72,0.947901592,0,18,126,18,54,3.465608466,2024,342
3687,36,853,337,1268,78,0.938485804,0,32,167,30,58,3.672839506,2024,278
3688,28,676,225,946,45,0.95243129,0,1,168,19,44,3.575396825,2024,311
3689,43,1016,350,1436,70,0.951253482,2,21,104,28,83,3.529715762,2024,897
3690,39,976,409,1463,78,0.946684894,1,14,82,21,120,3.945868946,2024,577
3691,27,541,175,784,68,0.913265306,0,25,296,7,24,2.946502058,2024,398
3692,41,1051,364,1515,100,0.933993399,0,15,146,37,47,3.834688347,2024,183
3693,35,819,262,1161,80,0.931093885,0,14,158,38,48,3.431746032,2024,231
3694,40,1038,344,1464,82,0.943989071,0,19,108,36,59,3.838888889,2024,85
3695,38,898,341,1279,40,0.968725567,0,10,106,28,53,3.622807018,2024,253
3696,39,962,341,1360,57,0.958088235,0,44,156,43,55,3.712250712,2024,743
3697,33,722,269,1037,46,0.955641273,0,33,84,20,52,3.336700337,2024,790
3698,36,829,262,1156,65,0.943771626,0,2,176,44,20,3.367283951,2024,556
3699,41,1011,376,1442,55,0.96185853,0,8,100,30,91,3.758807588,2024,168
3700,38,880,328,1276,68,0.946708464,1,12,112,29,81,3.532163743,2024,600
3701,34,873,319,1233,41,0.96674777,0,5,74,22,61,3.895424837,2024,639
3702,46,1145,443,1666,78,0.953181273,0,21,180,33,81,3.835748792,2024,822
3703,40,944,360,1361,57,0.95811903,0,7,120,20,62,3.622222222,2024,626
3704,38,926,324,1320,70,0.946969697,0,13,118,33,61,3.65497076,2024,500
3705,43,1082,356,1518,80,0.947299078,0,20,156,26,63,3.715762274,2024,762
3706,32,760,259,1098,79,0.928051002,0,14,182,16,61,3.538194444,2024,648
3707,29,713,244,1003,46,0.954137587,0,22,112,26,30,3.666666667,2024,616
3708,40,959,359,1366,48,0.964860908,0,23,148,20,68,3.661111111,2024,879
3709,35,798,301,1139,40,0.964881475,0,12,118,18,62,3.488888889,2024,179
3710,40,964,301,1331,66,0.950413223,0,15,96,24,64,3.513888889,2024,329
3711,38,943,365,1365,57,0.958241758,1,14,170,22,78,3.824561404,2024,935
3712,40,1013,355,1441,73,0.949340736,0,13,154,24,74,3.8,2024,363
3713,40,984,346,1393,63,0.954773869,0,18,159,10,50,3.694444444,2024,615
3714,36,859,323,1239,57,0.953995157,1,8,114,28,26,3.648148148,2024,677
3715,37,857,262,1178,59,0.94991511,0,17,111,33,68,3.36036036,2024,203
3716,36,880,306,1268,82,0.93533123,1,10,179,36,45,3.660493827,2024,287
3717,38,979,370,1385,36,0.97400722,0,6,100,43,81,3.944444444,2024,901
3718,39,893,293,1263,77,0.939034046,1,40,140,29,30,3.378917379,2024,934
3719,41,1013,353,1413,47,0.966737438,0,8,64,22,83,3.701897019,2024,801
3720,35,904,326,1282,52,0.959438378,0,18,66,23,79,3.904761905,2024,162
3721,41,946,332,1344,66,0.950892857,4,9,130,34,49,3.463414634,2024,433
3722,35,851,290,1208,67,0.944536424,0,17,128,28,69,3.622222222,2024,641
3723,38,940,351,1353,62,0.954175905,1,11,94,35,64,3.774853801,2024,653
3724,39,938,340,1358,80,0.941089838,0,10,150,35,52,3.641025641,2024,789
3725,40,896,320,1314,98,0.925418569,2,19,206,13,50,3.377777778,2024,387
3726,35,822,257,1147,68,0.940714908,1,10,183,12,43,3.425396825,2024,202
3727,35,851,275,1202,76,0.936772047,0,20,152,26,30,3.574603175,2024,13
3728,36,891,341,1281,49,0.961748634,1,9,74,32,102,3.802469136,2024,24
3729,32,754,292,1111,65,0.941494149,0,10,100,20,36,3.631944444,2024,744
3730,34,827,290,1166,49,0.957975986,1,6,130,23,47,3.650326797,2024,880
3731,30,614,206,866,46,0.946882217,1,15,176,23,26,3.037037037,2024,459
3732,35,833,283,1185,69,0.941772152,0,21,142,34,38,3.542857143,2024,890
3733,52,1322,450,1835,63,0.965667575,2,18,74,29,95,3.786324786,2024,922
3734,53,1039,291,1360,30,0.977941176,0,12,112,20,36,2.788259958,2023,1116
3735,40,770,306,1127,51,0.954747116,0,33,120,6,37,2.988888889,2023,1820
3736,38,698,295,1061,68,0.935909519,0,10,170,24,26,2.903508772,2023,2007
3737,47,925,340,1337,72,0.946148093,0,17,140,14,25,2.990543735,2023,2083
3738,41,700,340,1114,74,0.933572711,0,8,106,21,9,2.818428184,2023,1784
3739,47,930,324,1348,94,0.930267062,0,13,140,26,23,2.964539007,2023,1647
3740,56,1093,390,1544,61,0.960492228,0,7,80,10,53,2.942460317,2023,1385
3741,55,1121,348,1507,38,0.97478434,0,9,78,24,30,2.967676768,2023,1568
3742,62,1167,472,1706,67,0.960726846,2,8,86,22,54,2.937275986,2023,1112
3743,36,698,326,1091,67,0.938588451,0,4,180,31,32,3.160493827,2023,1364
3744,50,975,414,1432,43,0.969972067,0,6,74,12,30,3.086666667,2023,1091
3745,47,930,285,1262,47,0.962757528,0,4,148,24,37,2.872340426,2023,1109
3746,50,975,319,1350,56,0.958518519,0,8,122,19,28,2.875555556,2023,1500
3747,45,883,305,1252,64,0.948881789,0,15,202,13,16,2.933333333,2023,1552
3748,45,903,331,1280,46,0.9640625,0,7,110,28,52,3.04691358,2023,1175
3749,40,745,369,1203,89,0.926018288,0,10,176,18,24,3.094444444,2023,1523
3750,53,1045,422,1534,67,0.956323338,0,7,173,26,34,3.075471698,2023,1286
3751,42,785,367,1212,60,0.95049505,0,21,76,16,40,3.047619048,2023,1584
3752,44,894,408,1378,76,0.944847605,0,18,58,20,23,3.287878788,2023,1723
3753,45,861,394,1312,57,0.956554878,0,12,106,24,42,3.098765432,2023,1401
3754,35,647,263,982,72,0.926680244,0,15,74,5,8,2.888888889,2023,1912
3755,45,865,293,1209,51,0.957816377,0,6,134,31,25,2.859259259,2023,1223
3756,36,703,317,1073,53,0.950605778,0,1,56,31,37,3.148148148,2023,1755
3757,44,904,432,1389,53,0.961843053,0,4,100,11,27,3.373737374,2023,1639
3758,51,1031,488,1575,56,0.964444444,1,13,84,21,41,3.309368192,2023,1508
3759,51,986,310,1361,65,0.952240999,1,13,108,14,26,2.823529412,2023,1368
3760,58,1120,464,1633,49,0.969993876,1,8,86,16,45,3.034482759,2023,1146
3761,32,662,244,960,54,0.94375,0,2,90,18,35,3.145833333,2023,2012
3762,50,959,338,1359,62,0.954378219,0,21,150,16,11,2.882222222,2023,1312
3763,38,729,198,985,58,0.941116751,0,10,122,28,17,2.710526316,2023,1901
3764,51,957,368,1393,68,0.951184494,0,13,120,20,28,2.88671024,2023,1357
3765,59,1183,454,1677,40,0.976147883,0,0,64,14,38,3.082862524,2023,1495
3766,52,1011,339,1403,53,0.962223806,0,10,90,16,36,2.884615385,2023,1412
3767,45,833,244,1127,50,0.955634428,0,7,102,20,25,2.659259259,2023,1919
3768,62,1203,294,1539,42,0.972709552,0,12,76,20,18,2.682795699,2023,1303
3769,43,843,245,1126,38,0.96625222,0,3,80,18,25,2.811369509,2023,1700
3770,49,969,275,1296,52,0.959876543,0,5,130,28,9,2.820861678,2023,1353
3771,41,813,339,1203,51,0.957605985,0,4,98,25,17,3.12195122,2023,1782
3772,54,1153,435,1629,41,0.974831185,0,7,104,18,53,3.267489712,2023,1131
3773,41,723,302,1113,88,0.920934412,1,22,142,30,16,2.777777778,2023,2003
3774,55,1080,342,1455,33,0.977319588,0,8,104,25,20,2.872727273,2023,1331
3775,56,1064,420,1542,58,0.962386511,0,11,86,8,29,2.944444444,2023,1427
3776,41,838,218,1082,26,0.975970425,0,1,42,14,13,2.861788618,2023,1698
3777,49,930,305,1273,38,0.970149254,1,7,86,23,36,2.800453515,2023,1400
3778,31,584,313,941,44,0.953241233,0,13,106,16,10,3.215053763,2023,2034
3779,42,830,335,1212,47,0.961221122,0,8,82,16,38,3.082010582,2023,1733
3780,47,927,309,1270,34,0.973228346,0,4,88,19,17,2.921985816,2023,1114
3781,53,1045,311,1400,44,0.968571429,0,8,68,24,39,2.842767296,2023,1274
3782,47,905,336,1282,41,0.968018721,1,8,54,14,27,2.933806147,2023,1422
3783,52,1011,406,1477,60,0.959377116,0,9,201,23,36,3.027777778,2023,1306
3784,39,790,282,1108,36,0.967509025,0,16,86,14,11,3.054131054,2023,1729
3785,50,957,446,1455,52,0.964261168,0,10,126,25,29,3.117777778,2023,1600
3786,50,988,378,1401,35,0.975017844,0,6,58,20,38,3.035555556,2023,1405
3787,50,1014,374,1442,54,0.962552011,0,4,66,24,23,3.084444444,2023,1294
3788,49,985,387,1424,52,0.963483146,1,5,98,34,24,3.111111111,2023,1186
3789,50,1015,416,1496,65,0.956550802,0,7,68,26,39,3.18,2023,1502
3790,56,1102,483,1661,76,0.954244431,1,15,146,16,29,3.14484127,2023,1420
3791,53,1014,293,1360,53,0.961029412,1,10,66,24,37,2.740041929,2023,1113
3792,39,770,344,1173,59,0.94970162,0,5,64,15,46,3.173789174,2023,1682
3793,45,822,244,1123,57,0.949243099,0,21,122,18,25,2.632098765,2023,1598
3794,45,871,349,1268,48,0.96214511,0,5,106,22,23,3.012345679,2023,1265
3795,50,1018,373,1448,57,0.960635359,0,9,70,10,23,3.091111111,2023,1708
3796,48,917,302,1258,39,0.96899841,0,5,100,10,42,2.821759259,2023,1658
3797,55,1060,507,1649,82,0.950272893,0,9,170,49,26,3.165656566,2023,1300
3798,35,681,233,966,52,0.946169772,1,2,36,7,19,2.901587302,2023,1696
3799,53,1070,387,1514,57,0.962351387,0,2,40,28,29,3.054507338,2023,1588
3800,43,871,270,1207,66,0.945318973,0,6,132,15,31,2.948320413,2023,1872
3801,53,1054,448,1555,53,0.965916399,1,8,76,41,25,3.14884696,2023,1244
3802,54,1046,303,1391,42,0.969805895,1,14,82,16,31,2.775720165,2023,1628
3803,40,788,350,1188,50,0.957912458,0,3,66,11,15,3.161111111,2023,1839
3804,47,878,416,1413,119,0.915782024,0,12,160,39,33,3.059101655,2023,1460
3805,35,606,233,928,89,0.904094828,0,9,136,6,24,2.663492063,2023,1695
3806,34,615,244,944,85,0.909957627,2,28,178,13,10,2.807189542,2023,1885
3807,49,979,427,1470,64,0.956462585,0,3,128,30,52,3.188208617,2023,1583
3808,54,1066,351,1474,57,0.961329715,0,11,102,23,32,2.91563786,2023,1332
3809,43,893,276,1216,47,0.961348684,0,7,74,22,17,3.020671835,2023,1217
3810,43,834,309,1209,66,0.945409429,1,24,100,22,10,2.953488372,2023,1602
3811,60,1302,433,1788,53,0.970357942,0,8,56,22,35,3.212962963,2023,1450
3812,50,903,391,1345,51,0.962081784,0,12,170,30,39,2.875555556,2023,1166
3813,49,913,341,1294,40,0.969088099,0,2,38,26,49,2.843537415,2023,1125
3814,38,662,240,980,78,0.920408163,0,16,116,10,11,2.637426901,2023,1982
3815,38,770,247,1063,46,0.956726246,0,10,78,8,18,2.973684211,2023,1726
3816,38,769,324,1137,44,0.961301671,0,17,94,14,25,3.195906433,2023,2018
3817,55,1075,410,1541,56,0.963659961,0,13,66,10,36,3,2023,1106
3818,51,1003,435,1508,70,0.953580902,2,11,152,21,27,3.132897603,2023,1150
3819,58,1145,387,1590,58,0.963522013,3,7,54,18,54,2.9348659,2023,1123
3820,30,555,242,853,56,0.934349355,0,2,114,14,26,2.951851852,2023,2000
3821,56,1128,405,1591,58,0.96354494,0,4,86,11,43,3.041666667,2023,1465
3822,57,1144,458,1673,71,0.957561267,0,7,88,14,37,3.122807018,2023,1545
3823,45,860,312,1220,48,0.960655738,0,1,94,24,11,2.89382716,2023,1356
3824,67,1370,436,1859,53,0.971490048,0,6,56,22,26,2.995024876,2023,1308
3825,43,845,437,1359,77,0.943340692,0,14,58,14,27,3.312661499,2023,1773
3826,38,714,238,1002,50,0.9500998,0,17,136,8,23,2.783625731,2023,1852
3827,52,1029,369,1459,61,0.958190541,0,10,114,34,46,2.987179487,2023,1324
3828,46,905,358,1331,68,0.948910594,0,11,136,20,18,3.050724638,2023,1380
3829,31,583,155,781,43,0.944942382,0,15,58,8,11,2.64516129,2023,2026
3830,36,713,290,1055,52,0.9507109,0,9,110,9,30,3.095679012,2023,1830
3831,46,861,259,1202,82,0.931780366,0,3,106,20,33,2.70531401,2023,1470
3832,51,1020,317,1392,55,0.960488506,0,4,90,25,32,2.912854031,2023,1296
3833,50,1033,327,1400,40,0.971428571,0,2,78,20,29,3.022222222,2023,1224
3834,38,734,288,1068,46,0.956928839,0,6,110,8,18,2.988304094,2023,1995
3835,32,603,286,949,60,0.936775553,0,4,70,8,27,3.086805556,2023,1817
3836,45,887,280,1199,32,0.973311093,0,2,22,17,24,2.881481481,2023,1760
3837,49,966,304,1327,57,0.957045968,1,6,90,12,23,2.879818594,2023,1279
3838,42,805,240,1108,63,0.943140794,0,9,146,7,7,2.764550265,2023,1444
3839,55,1080,380,1521,61,0.959894806,0,14,78,20,62,2.949494949,2023,1227
3840,45,853,366,1267,48,0.962115233,0,8,122,15,40,3.009876543,2023,1216
3841,48,927,362,1352,63,0.953402367,0,8,146,18,27,2.983796296,2023,1611
3842,36,662,200,931,69,0.925886144,0,9,127,16,29,2.660493827,2023,1980
3843,36,719,261,1043,63,0.939597315,0,6,68,26,35,3.024691358,2023,1663
3844,38,699,331,1108,78,0.929602888,0,24,110,35,24,3.011695906,2023,1804
3845,52,1033,414,1482,35,0.976383266,0,14,82,30,55,3.091880342,2023,1258
3846,52,961,444,1493,88,0.941058272,0,13,144,25,41,3.002136752,2023,1637
3847,32,644,210,900,46,0.948888889,1,4,58,12,9,2.965277778,2023,1767
3848,54,1115,482,1683,86,0.948900772,1,16,148,19,33,3.28600823,2023,1313
3849,41,808,211,1082,63,0.941774492,1,8,112,6,12,2.761517615,2023,1897
3850,53,1032,380,1471,59,0.95989123,2,9,112,36,44,2.960167715,2023,1133
3851,38,789,256,1097,52,0.952597995,0,4,156,18,27,3.055555556,2023,1953
3852,37,751,209,1005,45,0.955223881,0,8,84,6,11,2.882882883,2023,2025
3853,58,1149,365,1583,69,0.956411876,2,8,136,19,21,2.900383142,2023,1413
3854,30,539,213,803,51,0.936488169,0,12,230,8,8,2.785185185,2023,2010
3855,42,830,379,1254,45,0.964114833,0,12,128,5,24,3.198412698,2023,1566
3856,38,712,348,1099,39,0.964513194,0,7,64,14,28,3.099415205,2023,1788
3857,42,843,318,1218,57,0.95320197,0,3,74,20,28,3.071428571,2023,1846
3858,55,1061,397,1490,32,0.97852349,1,4,38,16,31,2.945454545,2023,1666
3859,55,1110,494,1674,70,0.95818399,0,9,110,27,65,3.24040404,2023,1212
3860,50,981,347,1385,57,0.958844765,0,15,114,16,18,2.951111111,2023,1605
3861,47,913,378,1376,85,0.938226744,1,9,150,17,16,3.052009456,2023,1551
3862,55,1121,440,1632,71,0.956495098,0,11,125,18,42,3.153535354,2023,1553
3863,46,870,341,1304,93,0.928680982,0,7,132,16,22,2.925120773,2023,1432
3864,56,1152,480,1698,66,0.961130742,0,9,104,32,33,3.238095238,2023,1341
3865,40,789,375,1227,63,0.948655257,0,6,58,34,32,3.233333333,2023,1688
3866,55,1090,385,1523,48,0.968483257,0,12,36,28,58,2.97979798,2023,1117
3867,43,815,361,1271,95,0.925255704,0,20,80,8,30,3.03875969,2023,2017
3868,41,840,333,1231,58,0.952883834,0,5,180,26,30,3.178861789,2023,1691
3869,38,762,359,1181,60,0.949195597,0,11,68,16,15,3.277777778,2023,1921
3870,52,1086,392,1538,60,0.960988296,2,11,136,13,32,3.158119658,2023,1132
3871,52,1006,401,1454,47,0.967675378,1,7,102,25,28,3.006410256,2023,1467
3872,40,735,255,1049,59,0.943755958,0,4,180,6,20,2.75,2023,1975
3873,55,1158,347,1545,40,0.974110032,0,5,72,30,35,3.04040404,2023,1141
3874,50,981,415,1468,72,0.950953678,0,19,152,27,40,3.102222222,2023,1351
3875,34,649,267,974,58,0.940451745,0,14,118,24,7,2.993464052,2023,1981
3876,42,793,226,1060,41,0.961320755,0,10,62,16,23,2.695767196,2023,1672
3877,47,934,412,1398,52,0.962804006,0,5,150,26,13,3.182033097,2023,1261
3878,40,762,354,1180,64,0.945762712,0,15,142,27,53,3.1,2023,1909
3879,32,602,246,896,48,0.946428571,0,2,104,16,14,2.944444444,2023,1971
3880,51,1012,360,1416,44,0.968926554,0,8,72,27,13,2.989106754,2023,1386
3881,45,875,346,1270,49,0.961417323,0,13,162,17,25,3.014814815,2023,1136
3882,56,1109,384,1542,49,0.968223087,1,13,132,40,48,2.962301587,2023,1148
3883,38,765,293,1118,60,0.946332737,0,6,126,15,12,3.093567251,2023,1678
3884,30,557,287,894,50,0.944071588,0,3,56,8,17,3.125925926,2023,1959
3885,54,1106,389,1562,67,0.957106274,0,10,66,28,37,3.076131687,2023,1088
3886,46,935,306,1293,52,0.959783449,0,2,60,6,7,2.997584541,2023,1384
3887,43,842,303,1199,54,0.954962469,0,2,78,25,20,2.958656331,2023,1712
3888,50,961,286,1309,62,0.9526356,1,5,112,25,14,2.771111111,2023,1430
3889,41,813,321,1191,57,0.952141058,0,11,130,8,18,3.073170732,2023,1831
3890,40,830,355,1236,51,0.958737864,1,2,64,14,41,3.291666667,2023,1745
3891,42,810,312,1182,60,0.949238579,0,9,84,22,11,2.968253968,2023,1753
3892,42,880,294,1215,41,0.966255144,0,8,64,18,23,3.105820106,2023,1825
3893,44,858,343,1266,65,0.948657188,1,9,102,23,21,3.032828283,2023,1335
3894,39,735,352,1150,63,0.945217391,0,7,116,14,34,3.096866097,2023,1967
3895,52,1035,337,1413,41,0.970983723,0,3,64,26,29,2.931623932,2023,1321
3896,34,703,301,1053,49,0.953466287,0,11,70,16,18,3.281045752,2023,1791
3897,50,979,395,1427,53,0.962859145,0,12,150,18,37,3.053333333,2023,1290
3898,37,702,362,1118,54,0.951699463,0,7,70,28,36,3.195195195,2023,1905
3899,53,1074,383,1513,56,0.962987442,1,3,64,22,23,3.054507338,2023,1255
3900,57,1170,409,1614,35,0.978314746,0,5,120,36,22,3.07797271,2023,1276
3901,61,1176,516,1726,34,0.980301275,0,4,51,20,76,3.081967213,2023,1144
3902,35,667,231,957,59,0.938349007,0,8,66,19,16,2.850793651,2023,1900
3903,53,1147,296,1491,48,0.967806841,0,2,102,17,19,3.025157233,2023,1269
3904,33,619,295,972,58,0.940329218,0,7,88,10,20,3.077441077,2023,1856
3905,53,1093,462,1614,59,0.963444857,0,4,64,14,44,3.259958071,2023,1559
3906,39,761,322,1149,66,0.942558747,0,16,196,27,21,3.085470085,2023,1295
3907,40,789,388,1246,69,0.944622793,0,12,70,22,18,3.269444444,2023,1731
3908,39,675,298,1052,79,0.924904943,0,18,146,23,29,2.772079772,2023,1621
3909,51,1010,336,1383,37,0.973246565,0,4,40,36,25,2.932461874,2023,1169
3910,49,986,353,1399,60,0.957112223,0,4,72,26,33,3.036281179,2023,1215
3911,52,1021,427,1513,65,0.957038995,0,12,82,22,28,3.094017094,2023,1681
3912,59,1211,427,1692,54,0.968085106,0,5,135,18,51,3.084745763,2023,1482
3913,45,893,328,1293,72,0.944315545,0,8,82,13,28,3.014814815,2023,1797
3914,57,1206,456,1724,62,0.964037123,0,8,86,40,29,3.239766082,2023,1179
3915,42,826,284,1150,40,0.965217391,0,11,72,5,45,2.936507937,2023,1871
3916,56,1137,370,1555,48,0.969131833,0,5,34,24,29,2.990079365,2023,1561
3917,45,900,220,1160,40,0.965517241,0,4,36,14,24,2.765432099,2023,1927
3918,40,775,273,1084,36,0.966789668,0,2,54,12,14,2.911111111,2023,1710
3919,29,405,122,636,109,0.828616352,0,3,94,14,9,2.019157088,2023,2045
3920,42,830,423,1306,53,0.95941807,1,9,122,29,33,3.314814815,2023,1837
3921,35,667,296,1023,60,0.941348974,0,8,92,18,31,3.057142857,2023,1796
3922,43,853,270,1176,53,0.954931973,0,25,144,12,12,2.901808786,2023,1680
3923,42,868,293,1209,48,0.960297767,0,15,63,25,16,3.071428571,2023,1522
3924,38,747,232,1035,56,0.94589372,0,6,194,20,5,2.862573099,2023,1984
3925,42,829,377,1252,46,0.963258786,0,12,160,28,39,3.19047619,2023,1770
3926,52,1051,401,1488,36,0.975806452,1,5,30,16,51,3.102564103,2023,1725
3927,30,507,177,748,64,0.914438503,0,5,124,20,6,2.533333333,2023,1985
3928,48,963,343,1358,52,0.961708395,0,16,72,18,30,3.023148148,2023,1446
3929,36,693,242,999,64,0.935935936,1,3,90,6,24,2.885802469,2023,1841
3930,31,606,213,855,36,0.957894737,0,4,66,10,19,2.935483871,2023,1715
3931,43,830,262,1131,39,0.965517241,0,6,62,8,25,2.821705426,2023,1177
3932,59,1163,430,1634,41,0.974908201,1,10,92,20,63,3,2023,1159
3933,51,1025,300,1370,45,0.967153285,0,9,98,22,8,2.88671024,2023,1218
3934,49,998,366,1399,35,0.97498213,0,6,50,20,21,3.092970522,2023,1492
3935,38,756,273,1072,43,0.95988806,0,13,71,18,18,3.00877193,2023,1781
3936,38,760,245,1044,39,0.962643678,0,4,82,10,17,2.938596491,2023,1801
3937,41,777,324,1178,77,0.934634975,2,17,160,21,14,2.983739837,2023,1818
3938,38,693,230,994,71,0.928571429,0,4,156,15,17,2.698830409,2023,1990
3939,63,1249,375,1673,49,0.970711297,0,9,98,10,30,2.864197531,2023,1435
3940,46,883,354,1312,75,0.942835366,0,10,120,26,30,2.987922705,2023,1554
3941,40,770,231,1077,76,0.929433612,1,12,108,8,21,2.780555556,2023,1972
3942,51,1048,416,1513,49,0.967614012,1,3,82,18,74,3.189542484,2023,1370
3943,42,848,270,1168,50,0.957191781,0,8,110,10,11,2.957671958,2023,1609
3944,45,891,402,1340,47,0.964925373,1,4,44,25,32,3.192592593,2023,1732
3945,50,980,394,1418,44,0.968970381,0,8,50,35,34,3.053333333,2023,1596
3946,43,888,383,1322,51,0.961422088,0,2,108,28,57,3.284237726,2023,1727
3947,43,871,344,1273,58,0.954438335,0,12,172,18,14,3.139534884,2023,1337
3948,57,1146,492,1708,70,0.959016393,0,8,94,16,58,3.192982456,2023,1118
3949,47,918,387,1379,74,0.946337926,0,7,120,13,16,3.085106383,2023,1627
3950,51,982,270,1289,37,0.971295578,0,12,66,18,20,2.727668845,2023,1271
3951,42,846,251,1129,32,0.971656333,0,2,116,21,11,2.902116402,2023,1762
3952,45,860,342,1294,92,0.928902628,0,15,124,14,21,2.967901235,2023,1635
3953,56,1065,343,1454,46,0.968363136,0,4,82,14,31,2.793650794,2023,1235
3954,42,749,362,1172,61,0.947952218,1,16,164,24,27,2.939153439,2023,1491
3955,36,698,278,1031,55,0.946653734,0,8,103,16,19,3.012345679,2023,1834
3956,50,982,411,1468,75,0.948910082,1,9,124,21,24,3.095555556,2023,1419
3957,55,1104,425,1597,68,0.957420163,0,6,110,14,41,3.088888889,2023,1326
3958,52,1047,286,1393,60,0.956927495,0,12,122,18,15,2.848290598,2023,1192
3959,39,721,267,1073,85,0.920782852,0,16,136,30,11,2.814814815,2023,1740
3960,50,971,361,1401,69,0.950749465,0,13,220,23,30,2.96,2023,1494
3961,47,893,339,1281,49,0.961748634,0,7,142,15,39,2.912529551,2023,1633
3962,51,1021,382,1462,59,0.959644323,0,18,160,18,20,3.05664488,2023,1539
3963,56,1112,439,1577,26,0.983512999,0,6,56,4,44,3.077380952,2023,1172
3964,43,854,421,1346,71,0.947251114,0,10,112,14,45,3.294573643,2023,1845
3965,49,953,278,1296,65,0.949845679,0,10,96,10,26,2.79138322,2023,1448
3966,42,814,232,1085,39,0.9640553,0,4,94,16,22,2.767195767,2023,1854
3967,40,741,322,1134,71,0.937389771,0,2,146,28,25,2.952777778,2023,1917
3968,39,744,261,1078,73,0.932282004,0,15,65,19,9,2.863247863,2023,1704
3969,46,881,330,1259,48,0.961874504,0,16,112,26,19,2.925120773,2023,1188
3970,43,809,284,1137,44,0.961301671,0,1,84,26,12,2.824289406,2023,1684
3971,57,1175,389,1610,46,0.971428571,0,9,74,20,19,3.048732943,2023,1137
3972,57,1148,321,1517,48,0.968358603,1,18,62,10,30,2.863547758,2023,1395
3973,52,979,370,1407,58,0.958777541,1,9,70,24,35,2.882478632,2023,1206
3974,56,1130,476,1671,65,0.961101137,1,11,118,18,38,3.186507937,2023,1503
3975,48,959,447,1476,70,0.952574526,0,23,158,27,34,3.25462963,2023,1509
3976,52,1015,405,1486,66,0.955585464,0,9,234,25,20,3.034188034,2023,1461
3977,55,1090,302,1446,54,0.962655602,0,15,84,19,26,2.812121212,2023,1122
3978,34,663,216,891,12,0.986531987,0,2,26,16,16,2.87254902,2023,1752
3979,40,738,244,1032,50,0.951550388,1,2,122,19,11,2.727777778,2023,1563
3980,54,1115,429,1590,46,0.971069182,0,9,126,24,61,3.176954733,2023,1143
3981,58,1138,325,1512,49,0.967592593,0,5,84,13,41,2.802681992,2023,1089
3982,45,786,318,1186,82,0.930860034,0,11,146,26,31,2.725925926,2023,2080
3983,46,888,253,1192,51,0.957214765,2,5,64,9,19,2.756038647,2023,1711
3984,51,1002,422,1494,70,0.953145917,0,12,50,18,49,3.102396514,2023,1638
3985,57,1158,442,1677,77,0.954084675,0,11,64,16,47,3.118908382,2023,1518
3986,38,713,270,1052,69,0.934410646,0,5,149,14,18,2.874269006,2023,1679
3987,43,819,327,1207,61,0.949461475,0,3,98,14,43,2.96124031,2023,1449
3988,50,989,305,1359,65,0.952170714,0,9,74,22,30,2.875555556,2023,1174
3989,43,881,240,1161,40,0.965546942,0,2,84,12,7,2.896640827,2023,1741
3990,44,864,360,1296,72,0.944444444,1,5,72,33,47,3.090909091,2023,1171
3991,56,1158,301,1511,52,0.965585705,1,7,76,32,21,2.89484127,2023,1499
3992,54,1200,428,1693,65,0.961606615,1,8,54,20,38,3.349794239,2023,1355
3993,50,900,312,1269,57,0.955082742,1,19,200,31,12,2.693333333,2023,1606
3994,44,786,265,1125,74,0.934222222,0,9,136,12,13,2.654040404,2023,1504
3995,46,839,301,1198,58,0.951585977,1,7,176,15,18,2.753623188,2023,1560
3996,38,704,239,1022,79,0.922700587,0,18,108,12,22,2.757309942,2023,1950
3997,49,946,296,1276,34,0.973354232,0,5,44,32,6,2.816326531,2023,1662
3998,29,539,251,848,58,0.931603774,0,10,84,13,15,3.026819923,2023,1998
3999,37,742,270,1042,30,0.971209213,0,6,44,24,38,3.039039039,2023,1278
4000,32,588,236,859,35,0.959254948,0,3,94,28,20,2.861111111,2023,1836
4001,55,1106,593,1785,86,0.951820728,1,9,116,22,86,3.432323232,2023,1593
4002,60,1162,435,1664,67,0.959735577,0,3,118,24,62,2.957407407,2023,1477
4003,49,980,371,1399,48,0.965689778,1,11,142,24,47,3.063492063,2023,1328
4004,42,846,334,1217,37,0.969597371,0,5,54,22,33,3.121693122,2023,1823
4005,30,450,168,697,79,0.886657102,0,14,168,7,8,2.288888889,2023,1997
4006,38,730,316,1111,65,0.941494149,0,13,122,18,24,3.058479532,2023,1718
4007,43,848,299,1177,30,0.97451147,0,5,50,14,34,2.963824289,2023,1398
4008,47,889,369,1310,52,0.960305344,0,6,88,16,21,2.973995272,2023,1582
4009,45,892,216,1146,38,0.966841187,1,3,56,14,12,2.735802469,2023,1665
4010,41,780,322,1181,79,0.933107536,0,5,200,40,25,2.986449864,2023,1381
4011,40,789,205,1041,47,0.954851105,0,8,124,13,6,2.761111111,2023,1644
4012,57,1105,355,1515,55,0.96369637,0,4,138,34,29,2.846003899,2023,1240
4013,38,670,284,1026,72,0.929824561,0,9,114,17,42,2.789473684,2023,1879
4014,48,917,427,1403,59,0.957947256,0,16,86,33,31,3.111111111,2023,1266
4015,53,1045,348,1466,73,0.950204638,0,14,126,46,16,2.92033543,2023,1205
4016,47,927,421,1398,50,0.964234621,0,4,36,16,37,3.186761229,2023,1713
4017,55,1082,420,1545,43,0.972168285,0,11,98,20,29,3.034343434,2023,1532
4018,28,509,113,658,36,0.945288754,0,10,34,16,6,2.468253968,2023,1650
4019,21,313,114,489,62,0.873210634,0,22,145,9,4,2.259259259,2023,2081
4020,44,895,434,1403,74,0.94725588,0,7,102,22,55,3.356060606,2023,1673
4021,48,958,349,1379,72,0.947788252,0,11,106,13,27,3.025462963,2023,1128
4022,33,645,264,956,47,0.95083682,0,11,106,19,12,3.060606061,2023,1458
4023,44,791,288,1150,71,0.93826087,0,11,178,30,18,2.724747475,2023,1199
4024,44,826,293,1184,65,0.945101351,1,7,198,24,14,2.825757576,2023,1590
4025,53,1009,376,1457,72,0.950583391,0,10,110,15,32,2.903563941,2023,1361
4026,52,1021,319,1375,35,0.974545455,1,19,84,28,33,2.863247863,2023,1100
4027,45,902,364,1339,73,0.945481703,0,6,154,31,52,3.125925926,2023,1475
4028,62,1175,430,1637,32,0.980452046,0,5,38,22,41,2.876344086,2023,1099
4029,51,991,341,1394,62,0.955523673,0,9,80,4,30,2.901960784,2023,1569
4030,37,693,243,1004,68,0.932270916,0,9,126,19,9,2.810810811,2023,1884
4031,41,756,330,1157,71,0.938634399,0,8,106,16,19,2.943089431,2023,1743
4032,55,1123,253,1415,39,0.972438163,0,12,130,19,13,2.77979798,2023,1429
4033,31,580,191,820,49,0.940243902,0,7,130,11,24,2.76344086,2023,1996
4034,40,826,215,1079,38,0.964782206,0,7,64,8,11,2.891666667,2023,1771
4035,52,1001,315,1352,36,0.973372781,1,4,34,16,20,2.811965812,2023,1656
4036,52,1066,503,1644,75,0.954379562,0,4,150,12,50,3.352564103,2023,1280
4037,46,866,305,1238,67,0.945880452,0,10,204,34,25,2.828502415,2023,1506
4038,53,1017,333,1410,60,0.957446809,0,6,102,18,15,2.830188679,2023,1231
4039,35,681,314,1043,48,0.953978907,0,13,100,15,25,3.158730159,2023,2038
4040,53,1005,420,1486,61,0.958950202,0,10,102,34,49,2.987421384,2023,1228
4041,54,991,327,1338,20,0.985052317,0,4,94,4,47,2.711934156,2023,1096
4042,56,1087,390,1534,57,0.962842243,0,10,58,14,59,2.930555556,2023,1120
4043,36,669,225,952,58,0.93907563,0,5,82,15,19,2.759259259,2023,1692
4044,54,968,346,1373,59,0.957028405,0,9,204,28,30,2.703703704,2023,2078
4045,46,874,374,1313,65,0.95049505,0,6,124,22,33,3.014492754,2023,1320
4046,56,1125,413,1584,46,0.970959596,0,4,44,28,39,3.051587302,2023,1168
4047,50,959,281,1301,61,0.95311299,0,8,142,32,21,2.755555556,2023,1203
4048,50,1000,449,1505,56,0.962790698,0,5,60,11,41,3.22,2023,1702
4049,36,712,244,1000,44,0.956,0,13,142,14,12,2.950617284,2023,2028
4050,47,906,262,1209,41,0.966087676,0,7,90,20,15,2.761229314,2023,1211
4051,39,775,259,1072,38,0.964552239,0,2,56,22,18,2.945868946,2023,1198
4052,50,943,331,1357,83,0.938835667,0,28,166,28,5,2.831111111,2023,1457
4053,39,794,253,1102,55,0.950090744,0,5,72,9,13,2.982905983,2023,1835
4054,28,527,196,777,54,0.930501931,0,9,125,10,3,2.869047619,2023,1388
4055,34,714,317,1137,106,0.906772208,108,78,257,142,121,3.369281046,2023,1955
4056,52,1042,496,1605,67,0.958255452,0,17,99,24,37,3.286324786,2023,1230
4057,29,538,227,811,46,0.943279901,0,10,104,15,35,2.931034483,2023,1693
4058,31,614,248,894,32,0.964205817,0,5,66,8,21,3.089605735,2023,1824
4059,49,911,375,1336,50,0.96257485,0,6,90,22,36,2.916099773,2023,1409
4060,41,840,395,1260,25,0.98015873,0,16,70,28,33,3.346883469,2023,1739
4061,51,988,382,1424,54,0.962078652,0,6,152,32,41,2.984749455,2023,1291
4062,51,1040,317,1414,57,0.959688826,1,8,102,11,24,2.956427015,2023,1447
4063,59,1151,365,1546,30,0.980595084,0,10,84,12,36,2.854990584,2023,1101
4064,37,720,242,1018,56,0.944990177,0,2,88,18,14,2.888888889,2023,1756
4065,49,880,348,1298,70,0.946070878,0,6,172,36,26,2.784580499,2023,1640
4066,47,918,362,1374,94,0.931586608,0,8,178,31,14,3.026004728,2023,1287
4067,50,988,373,1445,84,0.941868512,0,16,190,25,33,3.024444444,2023,1164
4068,62,1233,437,1712,42,0.97546729,0,2,22,28,37,2.992831541,2023,1221
4069,49,966,300,1321,55,0.958364875,0,12,156,24,37,2.870748299,2023,1252
4070,55,1153,406,1605,46,0.971339564,0,4,60,16,34,3.149494949,2023,1453
4071,56,1061,464,1565,40,0.974440895,0,8,68,29,30,3.025793651,2023,1387
4072,40,808,257,1112,47,0.957733813,0,3,74,10,6,2.958333333,2023,1803
4073,55,1067,454,1568,47,0.97002551,0,4,80,33,51,3.072727273,2023,1263
4074,52,991,427,1523,105,0.931057124,2,8,156,40,26,3.02991453,2023,1339
4075,50,986,393,1420,41,0.971126761,1,12,88,28,29,3.064444444,2023,1103
4076,56,1174,445,1675,56,0.966567164,0,6,70,27,60,3.212301587,2023,1259
4077,39,690,292,1043,61,0.941514861,0,9,126,26,25,2.797720798,2023,1213
4078,37,667,280,1028,81,0.921206226,0,23,140,8,7,2.843843844,2023,1966
4079,45,861,258,1161,42,0.963824289,1,4,70,43,30,2.762962963,2023,1394
4080,41,764,330,1145,51,0.955458515,1,6,110,35,20,2.964769648,2023,1459
4081,42,800,270,1115,45,0.959641256,0,9,48,26,31,2.830687831,2023,1758
4082,25,426,189,681,66,0.9030837,0,27,184,21,3,2.733333333,2023,1616
4083,60,1233,538,1836,65,0.96459695,0,16,92,18,51,3.27962963,2023,1513
4084,52,996,517,1584,71,0.955176768,3,4,112,25,39,3.232905983,2023,1343
4085,54,1026,360,1484,98,0.933962264,1,12,126,8,19,2.851851852,2023,1486
4086,59,1215,327,1578,36,0.977186312,0,12,130,13,18,2.903954802,2023,1318
4087,48,944,414,1431,73,0.948986723,1,15,146,14,28,3.143518519,2023,1487
4088,44,890,294,1240,56,0.95483871,0,6,120,16,17,2.98989899,2023,1135
4089,52,1027,489,1577,61,0.96131896,0,3,106,28,54,3.239316239,2023,1140
4090,40,798,311,1156,47,0.959342561,0,9,72,12,11,3.080555556,2023,1786
4091,54,1132,419,1606,55,0.965753425,1,6,86,22,43,3.191358025,2023,1108
4092,55,1075,317,1456,64,0.956043956,0,15,166,19,28,2.812121212,2023,1464
4093,35,683,250,997,64,0.935807422,1,10,80,20,18,2.961904762,2023,1876
4094,50,988,367,1412,57,0.959631728,1,14,114,26,42,3.011111111,2023,1615
4095,39,750,224,1030,56,0.945631068,0,12,96,16,9,2.774928775,2023,1939
4096,50,984,380,1412,48,0.966005666,0,1,40,16,41,3.031111111,2023,1437
4097,53,1017,415,1503,71,0.952761144,0,13,218,22,41,3.002096436,2023,1544
4098,37,709,296,1105,100,0.909502262,0,26,164,25,27,3.018018018,2023,2014
4099,36,674,271,986,41,0.95841785,0,5,48,4,18,2.916666667,2023,1895
4100,52,1072,437,1568,59,0.962372449,0,4,80,19,36,3.224358974,2023,1488
4101,38,726,217,979,36,0.963227783,0,5,88,8,17,2.757309942,2023,1928
4102,38,663,275,1015,77,0.924137931,0,12,144,3,2,2.742690058,2023,2037
4103,54,1058,371,1489,60,0.9597045,0,7,50,26,60,2.940329218,2023,1354
4104,39,772,287,1114,55,0.950628366,0,8,76,18,16,3.017094017,2023,1935
4105,44,849,315,1231,67,0.945572705,0,15,68,20,32,2.939393939,2023,1924
4106,48,945,305,1301,51,0.960799385,0,3,78,21,23,2.893518519,2023,1730
4107,50,981,391,1430,58,0.959440559,0,8,100,53,41,3.048888889,2023,1562
4108,61,1186,406,1627,35,0.978488015,0,17,74,10,61,2.899817851,2023,1282
4109,53,1038,450,1551,63,0.959381044,0,13,96,26,32,3.119496855,2023,1517
4110,36,673,239,944,32,0.966101695,1,9,122,6,18,2.814814815,2023,1979
4111,41,814,337,1218,67,0.94499179,0,9,100,27,17,3.119241192,2023,1964
4112,58,1100,333,1469,36,0.975493533,0,12,160,24,46,2.745210728,2023,1472
4113,48,930,322,1318,66,0.949924127,0,10,230,10,15,2.898148148,2023,1371
4114,42,831,244,1122,47,0.958110517,0,5,68,16,31,2.843915344,2023,1750
4115,34,655,268,983,60,0.93896236,1,12,118,8,14,3.016339869,2023,2036
4116,41,748,242,1050,60,0.942857143,0,3,124,12,27,2.682926829,2023,1954
4117,43,819,233,1087,35,0.967801288,0,3,100,34,8,2.718346253,2023,1237
4118,44,815,355,1204,34,0.971760797,0,8,70,21,43,2.954545455,2023,1669
4119,42,865,360,1291,66,0.94887684,0,15,134,38,21,3.240740741,2023,1690
4120,56,1096,525,1695,74,0.956342183,1,17,108,45,40,3.216269841,2023,1547
4121,39,737,245,1018,36,0.964636542,0,8,114,16,9,2.797720798,2023,2020
4122,44,859,370,1288,59,0.954192547,1,9,102,38,47,3.103535354,2023,1763
4123,40,778,338,1169,53,0.954662104,0,9,116,12,23,3.1,2023,1705
4124,44,883,261,1197,53,0.95572264,0,4,44,8,19,2.888888889,2023,1657
4125,44,893,298,1230,39,0.968292683,0,6,35,8,16,3.007575758,2023,1806
4126,37,730,283,1085,72,0.933640553,0,20,124,17,14,3.042042042,2023,1870
4127,52,1047,290,1388,51,0.963256484,1,4,104,22,14,2.856837607,2023,1478
4128,45,834,236,1112,42,0.962230216,1,13,80,18,17,2.641975309,2023,1209
4129,42,828,297,1175,50,0.957446809,0,5,56,21,18,2.976190476,2023,1685
4130,57,1163,363,1577,51,0.967660114,1,6,76,20,24,2.974658869,2023,1410
4131,51,1024,365,1498,109,0.927236315,1,5,202,24,24,3.026143791,2023,1578
4132,54,1125,379,1556,52,0.966580977,2,12,72,28,54,3.094650206,2023,1304
4133,50,946,346,1357,65,0.952100221,0,13,116,25,29,2.871111111,2023,1607
4134,37,783,278,1095,34,0.968949772,0,12,130,12,16,3.186186186,2023,1721
4135,66,1280,349,1687,58,0.965619443,0,11,74,24,28,2.742424242,2023,1102
4136,51,1053,366,1479,60,0.959432049,0,7,102,20,41,3.091503268,2023,1241
4137,53,1069,411,1522,42,0.972404731,0,21,139,5,27,3.102725367,2023,1463
4138,44,882,402,1334,50,0.962518741,0,5,134,14,24,3.242424242,2023,1840
4139,35,684,323,1083,76,0.929824561,0,9,112,12,22,3.196825397,2023,2002
4140,38,773,315,1138,50,0.956063269,0,19,148,23,27,3.18128655,2023,1799
4141,41,816,316,1197,65,0.945697577,0,13,38,14,25,3.067750678,2023,1653
4142,59,1154,427,1652,71,0.957021792,0,5,92,22,26,2.97740113,2023,1254
4143,56,1081,423,1563,59,0.962252079,0,14,90,18,36,2.984126984,2023,1452
4144,48,943,328,1316,45,0.965805471,0,4,86,26,19,2.94212963,2023,1157
4145,55,1161,344,1561,56,0.964125561,0,10,80,10,17,3.04040404,2023,1564
4146,47,864,334,1259,61,0.951548848,0,18,164,20,14,2.8321513,2023,1226
4147,56,1124,486,1671,61,0.963494913,1,7,78,32,19,3.194444444,2023,1469
4148,57,1107,497,1674,70,0.95818399,0,15,142,26,38,3.126705653,2023,1526
4149,58,1165,429,1635,41,0.974923547,0,10,72,40,49,3.053639847,2023,1204
4150,45,857,330,1223,36,0.970564186,0,6,64,18,54,2.930864198,2023,1416
4151,38,799,271,1130,60,0.946902655,0,10,82,23,26,3.128654971,2023,1794
4152,46,881,334,1282,67,0.94773791,0,9,122,29,33,2.934782609,2023,1462
4153,41,774,269,1090,47,0.956880734,0,11,38,28,22,2.826558266,2023,1918
4154,48,937,270,1248,41,0.967147436,0,3,44,16,19,2.793981481,2023,1424
4155,49,944,359,1357,54,0.960206338,0,8,112,19,16,2.954648526,2023,1126
4156,58,1165,441,1663,57,0.965724594,0,6,86,14,51,3.076628352,2023,1253
4157,40,794,296,1135,45,0.960352423,0,2,74,10,37,3.027777778,2023,1245
4158,54,1015,268,1322,39,0.970499244,0,6,52,11,23,2.639917695,2023,1194
4159,55,1100,435,1579,44,0.972134262,0,6,130,18,36,3.101010101,2023,1107
4160,39,732,305,1112,75,0.932553957,0,23,170,19,33,2.954415954,2023,1476
4161,53,1060,445,1554,49,0.968468468,0,7,88,26,34,3.155136268,2023,1433
4162,41,657,275,1017,85,0.916420846,0,24,198,34,29,2.525745257,2023,1408
4163,47,951,306,1305,48,0.963218391,0,7,96,16,16,2.971631206,2023,1587
4164,38,717,310,1106,79,0.928571429,1,15,74,14,16,3.002923977,2023,1941
4165,54,1147,392,1601,62,0.961274204,0,17,208,11,18,3.166666667,2023,1579
4166,57,1144,494,1681,43,0.974419988,0,7,172,30,41,3.192982456,2023,1178
4167,40,745,206,1052,101,0.903992395,0,34,148,6,22,2.641666667,2023,2043
4168,55,1087,473,1644,84,0.948905109,1,12,202,14,26,3.151515152,2023,1202
4169,43,855,334,1241,52,0.958098308,1,9,90,18,23,3.072351421,2023,1937
4170,52,1060,393,1504,51,0.966090426,0,3,98,30,43,3.104700855,2023,1236
4171,37,759,264,1064,41,0.961466165,0,5,110,20,11,3.072072072,2023,1257
4172,53,1080,331,1466,55,0.962482947,3,9,74,18,27,2.958071279,2023,1483
4173,30,576,187,820,57,0.930487805,1,7,76,7,12,2.825925926,2023,1779
4174,49,889,339,1289,61,0.952676493,0,4,148,29,22,2.784580499,2023,1363
4175,29,430,137,714,147,0.794117647,1,41,168,4,13,2.172413793,2023,2050
4176,42,822,373,1233,38,0.96918086,0,3,84,8,38,3.161375661,2023,1811
4177,45,917,333,1331,81,0.939143501,2,4,118,26,27,3.086419753,2023,1614
4178,36,633,200,906,73,0.919426049,0,21,58,20,21,2.570987654,2023,1735
4179,41,770,319,1121,32,0.971454059,0,6,84,20,12,2.951219512,2023,1655
4180,52,1048,415,1527,64,0.958087754,0,20,282,25,33,3.126068376,2023,1585
4181,42,832,357,1257,68,0.945902944,1,16,226,16,17,3.145502646,2023,1540
4182,54,1089,354,1493,50,0.966510382,0,7,116,31,26,2.969135802,2023,1624
4183,47,935,380,1371,56,0.959153902,0,6,96,14,37,3.108747045,2023,1160
4184,59,1144,302,1494,48,0.967871486,2,2,24,14,31,2.723163842,2023,1104
4185,36,684,274,1036,78,0.924710425,0,11,194,6,8,2.956790123,2023,1931
4186,40,763,311,1138,64,0.943760984,0,7,66,37,21,2.983333333,2023,1890
4187,61,1262,415,1740,63,0.963793103,1,7,82,34,22,3.054644809,2023,1520
4188,49,970,327,1347,50,0.962880475,0,8,124,8,38,2.941043084,2023,1501
4189,59,1227,374,1652,51,0.969128329,0,7,98,32,26,3.015065913,2023,1436
4190,62,1260,574,1900,66,0.965263158,0,14,88,28,76,3.286738351,2023,1277
4191,43,843,327,1224,54,0.955882353,1,6,104,11,17,3.023255814,2023,1737
4192,50,947,462,1466,57,0.96111869,0,11,100,16,37,3.131111111,2023,1577
4193,42,790,341,1182,51,0.956852792,0,11,108,24,29,2.992063492,2023,1798
4194,53,1080,433,1567,54,0.965539247,0,26,128,23,26,3.171907757,2023,1537
4195,53,1017,303,1361,41,0.969875092,0,3,118,16,30,2.767295597,2023,1190
4196,58,1144,430,1650,76,0.953939394,0,13,102,28,54,3.01532567,2023,1396
4197,42,786,242,1081,53,0.950971323,0,7,71,8,2,2.71957672,2023,1802
4198,51,952,399,1454,103,0.929160935,0,12,230,19,21,2.94335512,2023,1613
4199,43,804,344,1218,70,0.942528736,0,10,136,23,16,2.966408269,2023,1938
4200,53,1071,308,1427,48,0.966362999,1,4,136,22,22,2.890985325,2023,1625
4201,36,737,202,982,43,0.956211813,0,4,78,8,16,2.898148148,2023,1707
4202,36,689,244,975,42,0.956923077,0,4,60,18,14,2.87962963,2023,1853
4203,50,970,443,1525,112,0.926557377,116,86,384,132,158,3.14,2023,1524
4204,50,944,398,1398,56,0.959942775,1,5,150,24,33,2.982222222,2023,1383
4205,40,778,319,1147,50,0.956408021,0,20,128,25,25,3.047222222,2023,1903
4206,41,796,341,1188,51,0.957070707,0,7,84,10,15,3.081300813,2023,1654
4207,39,736,313,1131,82,0.92749779,0,13,118,12,24,2.988603989,2023,1697
4208,54,1125,459,1633,49,0.969993876,0,3,114,16,29,3.259259259,2023,1404
4209,24,345,95,554,114,0.794223827,0,19,256,3,6,2.037037037,2023,2041
4210,48,930,229,1199,40,0.966638866,0,4,116,28,9,2.68287037,2023,1181
4211,56,1096,460,1614,58,0.964064436,0,4,112,19,34,3.087301587,2023,1167
4212,48,949,345,1364,70,0.948680352,0,13,162,16,20,2.99537037,2023,1610
4213,61,1282,471,1802,49,0.972807991,0,2,34,12,48,3.193078324,2023,1548
4214,47,934,315,1297,48,0.962991519,0,4,110,31,18,2.952718676,2023,1301
4215,37,654,246,976,76,0.922131148,0,12,120,18,6,2.702702703,2023,2013
4216,37,750,302,1112,60,0.946043165,0,7,90,20,15,3.159159159,2023,1744
4217,44,823,349,1226,54,0.955954323,0,9,94,30,24,2.95959596,2023,1474
4218,52,1032,381,1474,61,0.958616011,1,5,120,24,54,3.019230769,2023,1334
4219,38,696,201,948,51,0.946202532,0,3,128,20,7,2.622807018,2023,1377
4220,39,681,259,1014,74,0.927021696,0,3,290,23,17,2.678062678,2023,2032
4221,46,888,297,1258,73,0.941971383,0,7,100,8,32,2.862318841,2023,1250
4222,30,513,195,772,64,0.917098446,0,5,144,9,3,2.622222222,2023,2047
4223,24,418,142,596,36,0.939597315,0,10,118,11,5,2.592592593,2023,1575
4224,45,856,307,1218,55,0.954844007,0,5,68,12,26,2.871604938,2023,1565
4225,53,1068,443,1563,52,0.966730646,0,6,140,22,36,3.167714885,2023,1264
4226,56,1131,526,1711,54,0.968439509,0,7,62,25,50,3.287698413,2023,1105
4227,52,1060,319,1438,59,0.958970793,0,9,162,31,26,2.946581197,2023,1314
4228,53,1049,479,1577,49,0.968928345,2,13,116,22,35,3.203354298,2023,1298
4229,40,776,359,1225,90,0.926530612,109,73,214,134,130,3.152777778,2023,2082
4230,44,850,298,1224,76,0.937908497,1,17,74,29,36,2.898989899,2023,1683
4231,36,694,164,946,88,0.906976744,1,33,152,14,12,2.648148148,2023,1589
4232,58,1175,467,1706,64,0.962485346,0,8,74,24,79,3.14559387,2023,1170
4233,44,861,226,1139,52,0.954345917,0,5,32,14,12,2.744949495,2023,1916
4234,41,802,301,1131,28,0.975243148,0,3,106,20,17,2.989159892,2023,1769
4235,53,1013,462,1542,67,0.956549935,1,11,138,27,33,3.092243187,2023,1536
4236,48,935,355,1356,66,0.951327434,0,10,130,30,46,2.986111111,2023,1239
4237,39,756,345,1149,48,0.958224543,0,10,118,6,19,3.136752137,2023,1778
4238,39,749,310,1138,79,0.930579965,0,23,160,26,35,3.017094017,2023,1920
4239,40,777,263,1093,53,0.951509607,0,12,84,4,21,2.888888889,2023,1978
4240,44,852,346,1235,37,0.970040486,0,4,80,13,27,3.025252525,2023,1670
4241,36,714,270,1030,46,0.955339806,0,5,92,18,16,3.037037037,2023,1833
4242,32,534,176,788,78,0.901015228,0,13,156,9,29,2.465277778,2023,1925
4243,40,778,335,1177,64,0.945624469,1,7,94,24,23,3.091666667,2023,1592
4244,47,855,299,1208,54,0.955298013,0,7,102,11,23,2.728132388,2023,1267
4245,47,934,341,1330,55,0.958646617,0,3,120,30,32,3.014184397,2023,1310
4246,48,926,337,1328,65,0.951054217,0,9,116,16,32,2.923611111,2023,1184
4247,40,775,264,1080,41,0.962037037,0,3,104,18,14,2.886111111,2023,1323
4248,30,615,262,961,84,0.912591051,0,13,110,13,14,3.248148148,2023,1827
4249,59,1101,501,1654,52,0.968561064,0,7,62,14,47,3.016949153,2023,1087
4250,45,904,280,1246,62,0.95024077,0,11,78,9,22,2.92345679,2023,1915
4251,52,952,372,1418,94,0.93370945,0,7,268,14,11,2.829059829,2023,1576
4252,45,879,296,1216,41,0.966282895,0,18,44,21,22,2.901234568,2023,1714
4253,50,970,347,1363,46,0.966250917,0,12,74,19,27,2.926666667,2023,1550
4254,50,961,425,1468,82,0.944141689,0,15,214,27,53,3.08,2023,1643
4255,45,882,333,1292,77,0.940402477,0,4,188,17,22,3,2023,1567
4256,37,728,291,1068,49,0.95411985,0,5,62,12,16,3.06006006,2023,1675
4257,57,1128,408,1590,54,0.966037736,1,6,100,31,33,2.994152047,2023,1284
4258,44,891,308,1276,77,0.939655172,1,11,68,10,13,3.027777778,2023,2008
4259,34,738,231,1033,64,0.93804453,0,5,54,20,16,3.166666667,2023,1742
4260,57,1188,396,1635,51,0.968807339,0,2,98,14,32,3.087719298,2023,1519
4261,34,618,232,908,58,0.936123348,0,5,148,14,14,2.777777778,2023,1952
4262,55,1080,431,1584,73,0.953914141,1,6,142,22,33,3.052525253,2023,1468
4263,39,708,286,1089,95,0.912764004,0,19,136,6,18,2.831908832,2023,2019
4264,40,783,356,1203,64,0.946799667,0,6,66,32,27,3.163888889,2023,1754
4265,34,634,193,892,65,0.927130045,0,18,121,2,18,2.702614379,2023,1855
4266,47,930,317,1288,41,0.968167702,0,5,66,32,6,2.947990544,2023,1110
4267,53,1034,388,1465,43,0.970648464,0,4,58,15,37,2.981132075,2023,1473
4268,32,555,289,908,64,0.929515419,0,17,130,28,12,2.930555556,2023,1929
4269,42,831,301,1174,42,0.964224872,0,11,80,23,24,2.994708995,2023,1774
4270,41,810,239,1102,53,0.951905626,1,9,98,2,15,2.842818428,2023,1751
4271,38,783,228,1068,57,0.946629213,0,5,72,17,17,2.956140351,2023,1815
4272,53,1052,277,1374,45,0.967248908,0,8,58,20,46,2.786163522,2023,1139
4273,69,1336,474,1868,58,0.968950749,0,17,68,6,39,2.914653784,2023,1094
4274,34,647,255,945,43,0.954497354,2,8,69,5,10,2.947712418,2023,1659
4275,58,1128,337,1533,68,0.955642531,0,11,132,22,11,2.80651341,2023,1529
4276,40,798,243,1100,59,0.946363636,1,7,116,8,19,2.891666667,2023,1898
4277,53,1109,617,1807,81,0.955174322,0,6,82,34,54,3.618448637,2023,1407
4278,50,1051,350,1455,54,0.962886598,0,15,176,26,29,3.113333333,2023,1442
4279,46,925,407,1418,86,0.939351199,0,1,158,18,42,3.217391304,2023,1555
4280,56,1074,406,1546,66,0.957309185,0,4,38,18,60,2.936507937,2023,1208
4281,57,1127,375,1531,29,0.981058132,0,12,54,16,42,2.927875244,2023,1293
4282,55,1063,458,1587,66,0.958412098,1,12,124,14,61,3.072727273,2023,1389
4283,41,871,320,1253,62,0.950518755,0,10,92,10,31,3.227642276,2023,1838
4284,41,794,331,1185,60,0.949367089,0,6,90,24,23,3.048780488,2023,1874
4285,40,774,269,1113,70,0.937106918,0,6,102,12,14,2.897222222,2023,1877
4286,58,1176,393,1633,64,0.960808328,1,6,74,29,37,3.005747126,2023,1281
4287,40,781,338,1168,49,0.958047945,0,14,82,37,21,3.108333333,2023,1289
4288,35,658,209,932,65,0.930257511,0,8,128,11,2,2.752380952,2023,1942
4289,36,715,231,984,38,0.961382114,0,4,108,8,13,2.919753086,2023,1991
4290,39,764,378,1229,87,0.92921074,0,10,120,11,17,3.253561254,2023,1951
4291,34,653,276,978,49,0.949897751,0,6,162,23,23,3.035947712,2023,1946
4292,46,873,322,1249,54,0.956765412,0,4,132,6,27,2.88647343,2023,1809
4293,52,1023,439,1546,84,0.945666235,0,11,153,8,25,3.123931624,2023,1438
4294,57,1098,479,1633,56,0.965707287,0,17,109,38,37,3.074074074,2023,1451
4295,42,833,274,1150,43,0.962608696,0,4,98,18,24,2.928571429,2023,1163
4296,51,1035,395,1485,55,0.962962963,0,7,40,35,45,3.11546841,2023,1207
4297,60,1219,364,1652,69,0.958232446,1,9,122,16,13,2.931481481,2023,1156
4298,49,962,367,1367,38,0.972201902,1,2,58,27,34,3.013605442,2023,1748
4299,48,946,338,1341,57,0.957494407,0,9,104,12,11,2.972222222,2023,1556
4300,53,1062,298,1420,60,0.957746479,0,12,78,24,26,2.85115304,2023,1417
4301,54,1068,441,1570,61,0.961146497,0,3,94,13,66,3.104938272,2023,1327
4302,49,989,370,1421,62,0.956368754,0,6,128,26,35,3.081632653,2023,1162
4303,49,985,418,1472,69,0.953125,0,29,78,14,33,3.181405896,2023,1402
4304,49,899,383,1376,94,0.931686047,0,15,146,31,38,2.907029478,2023,1362
4305,56,1114,448,1622,60,0.963008631,0,8,110,34,44,3.099206349,2023,1431
4306,62,1158,335,1512,19,0.987433862,2,4,18,8,52,2.67562724,2023,1086
4307,41,827,238,1124,59,0.947508897,0,10,92,12,7,2.886178862,2023,1734
4308,31,576,205,816,35,0.957107843,0,7,34,12,17,2.799283154,2023,1828
4309,39,791,366,1212,55,0.954620462,1,3,66,28,27,3.296296296,2023,1701
4310,54,1029,482,1588,77,0.951511335,1,20,224,28,54,3.109053498,2023,1378
4311,36,699,210,951,42,0.955835962,1,9,126,20,24,2.805555556,2023,2035
4312,34,671,277,1014,66,0.934911243,0,5,70,14,40,3.098039216,2023,1706
4313,35,561,234,857,62,0.927654609,0,4,86,18,23,2.523809524,2023,1850
4314,39,799,342,1192,51,0.957214765,0,7,94,27,25,3.250712251,2023,1908
4315,36,674,274,993,45,0.954682779,0,2,84,21,30,2.925925926,2023,1844
4316,48,956,341,1356,59,0.956489676,0,7,74,19,22,3.002314815,2023,1634
4317,36,675,305,1082,102,0.905730129,0,4,104,14,14,3.024691358,2023,2039
4318,38,763,341,1147,43,0.962510898,1,10,96,22,26,3.228070175,2023,1894
4319,47,923,193,1164,48,0.958762887,0,4,79,12,20,2.638297872,2023,2052
4320,35,705,297,1072,70,0.934701493,0,6,108,24,15,3.180952381,2023,1987
4321,41,806,359,1233,68,0.944849959,0,12,84,10,46,3.157181572,2023,1789
4322,47,920,290,1271,61,0.952006294,0,7,78,20,35,2.860520095,2023,1283
4323,56,1058,286,1394,50,0.964131994,0,3,84,18,22,2.666666667,2023,1514
4324,39,748,275,1073,50,0.953401678,0,7,102,13,19,2.914529915,2023,1747
4325,52,983,316,1366,67,0.950951684,0,10,167,25,23,2.775641026,2023,1515
4326,59,1149,424,1641,68,0.958561853,0,10,152,24,37,2.962335217,2023,1111
4327,48,952,286,1288,50,0.961180124,0,21,168,14,15,2.865740741,2023,1608
4328,36,680,290,1040,70,0.932692308,0,28,90,17,15,2.99382716,2023,1922
4329,65,1237,341,1633,55,0.966319657,0,8,54,22,44,2.697435897,2023,1440
4330,53,987,440,1483,56,0.962238705,0,2,112,22,50,2.991614256,2023,1246
4331,38,741,264,1037,32,0.969141755,0,4,68,16,29,2.938596491,2023,1775
4332,50,953,358,1408,97,0.931107955,0,1,226,15,25,2.913333333,2023,1626
4333,36,745,235,1034,54,0.947775629,0,5,86,19,14,3.024691358,2023,2023
4334,39,729,272,1081,80,0.92599445,0,7,94,18,19,2.851851852,2023,1857
4335,53,1032,445,1542,65,0.957846952,0,10,52,24,50,3.096436059,2023,1270
4336,36,700,307,1046,39,0.962715105,0,13,96,10,19,3.108024691,2023,1832
4337,36,662,226,958,70,0.926931106,0,13,129,5,23,2.740740741,2023,1906
4338,39,753,287,1084,44,0.959409594,0,5,70,16,29,2.962962963,2023,1914
4339,53,1026,475,1562,61,0.960947503,0,12,100,38,35,3.146750524,2023,1573
4340,49,965,397,1444,82,0.943213296,0,8,134,22,23,3.088435374,2023,1471
4341,49,946,290,1289,53,0.958882855,0,5,84,16,31,2.802721088,2023,1411
4342,45,851,353,1273,69,0.945797329,0,13,194,33,31,2.972839506,2023,1093
4343,40,750,259,1095,86,0.921461187,0,22,80,18,19,2.802777778,2023,1904
4344,61,1211,505,1779,63,0.964586847,0,9,56,16,57,3.12568306,2023,1085
4345,42,824,292,1163,47,0.959587274,0,8,66,12,28,2.952380952,2023,1597
4346,48,920,386,1376,70,0.949127907,1,7,96,31,60,3.023148148,2023,1155
4347,57,1107,426,1608,75,0.953358209,0,8,176,16,35,2.988304094,2023,1234
4348,31,632,241,944,71,0.924788136,0,16,116,18,16,3.129032258,2023,1738
4349,51,980,418,1484,86,0.942048518,0,15,136,35,63,3.045751634,2023,1367
4350,51,968,472,1506,66,0.956175299,0,13,156,20,36,3.137254902,2023,1558
4351,41,847,373,1266,46,0.963665087,0,24,98,22,40,3.306233062,2023,2001
4352,61,1179,314,1532,39,0.974543081,1,6,74,22,36,2.719489982,2023,1161
4353,50,1016,339,1412,57,0.959631728,0,15,121,20,46,3.011111111,2023,1149
4354,42,810,355,1239,74,0.940274415,0,14,118,12,28,3.082010582,2023,1868
4355,50,959,294,1313,60,0.954303123,0,1,105,30,28,2.784444444,2023,1232
4356,59,1105,493,1687,89,0.947243628,0,9,156,21,62,3.009416196,2023,1330
4357,34,650,219,926,57,0.938444924,0,13,70,20,9,2.839869281,2023,2006
4358,48,975,445,1488,68,0.954301075,1,4,64,32,27,3.287037037,2023,1603
4359,54,1107,345,1497,45,0.96993988,0,3,32,25,30,2.987654321,2023,1689
4360,47,962,274,1274,38,0.970172684,0,1,52,10,16,2.921985816,2023,1187
4361,56,1113,542,1702,47,0.972385429,0,2,70,28,56,3.283730159,2023,1127
4362,38,786,238,1075,51,0.95255814,1,8,114,10,22,2.994152047,2023,1805
4363,45,853,278,1219,88,0.92780968,0,33,326,13,17,2.792592593,2023,1359
4364,50,963,431,1441,47,0.967383761,0,11,40,16,57,3.097777778,2023,1530
4365,40,734,253,1061,74,0.930254477,0,12,182,23,15,2.741666667,2023,1580
4366,41,800,326,1214,88,0.927512356,0,18,96,12,40,3.051490515,2023,1810
4367,28,472,156,688,60,0.912790698,1,4,122,15,4,2.492063492,2023,1546
4368,46,859,321,1222,42,0.965630115,1,5,78,8,30,2.850241546,2023,1651
4369,62,1280,372,1707,55,0.967779731,1,2,110,27,40,2.960573477,2023,1272
4370,44,844,310,1226,72,0.941272431,0,7,176,22,19,2.914141414,2023,1115
4371,40,754,306,1134,74,0.934744268,0,16,98,12,20,2.944444444,2023,1765
4372,41,784,341,1190,65,0.945378151,0,4,80,14,26,3.048780488,2023,1902
4373,62,1281,459,1807,67,0.96292197,0,7,102,28,36,3.11827957,2023,1285
4374,46,901,321,1283,61,0.952455183,0,8,88,8,17,2.951690821,2023,1496
4375,60,1188,435,1678,55,0.967222884,0,7,136,14,14,3.005555556,2023,1197
4376,50,946,385,1392,61,0.956178161,2,7,138,14,53,2.957777778,2023,1288
4377,32,584,287,907,36,0.96030871,0,7,118,13,24,3.024305556,2023,1814
4378,59,1189,447,1690,54,0.968047337,1,10,78,32,38,3.080979284,2023,1479
4379,52,970,394,1425,61,0.957192982,0,16,194,21,42,2.914529915,2023,1322
4380,57,1116,438,1590,36,0.977358491,0,11,54,27,40,3.029239766,2023,1200
4381,41,804,229,1089,56,0.948576676,0,4,104,24,24,2.799457995,2023,1940
4382,41,805,316,1175,54,0.954042553,0,5,94,22,31,3.037940379,2023,1717
4383,35,586,205,849,58,0.931684335,0,8,132,11,4,2.511111111,2023,1819
4384,52,1069,425,1540,46,0.97012987,0,7,76,14,27,3.192307692,2023,1601
4385,48,854,288,1207,65,0.946147473,0,6,166,25,26,2.643518519,2023,2079
4386,49,966,356,1375,53,0.961454545,0,4,158,28,24,2.997732426,2023,1336
4387,60,1212,430,1706,64,0.962485346,0,14,84,22,51,3.040740741,2023,1098
4388,51,1012,416,1496,68,0.954545455,0,10,78,13,32,3.111111111,2023,1455
4389,38,709,278,1043,56,0.946308725,0,10,102,14,18,2.885964912,2023,1913
4390,52,989,318,1350,43,0.968148148,0,8,108,14,13,2.792735043,2023,1297
4391,41,792,309,1173,72,0.938618926,0,6,180,23,19,2.983739837,2023,1521
4392,42,814,271,1146,61,0.946771379,0,16,108,32,11,2.87037037,2023,1768
4393,46,888,287,1203,28,0.976724855,0,6,80,14,27,2.838164251,2023,1142
4394,61,1245,436,1736,55,0.968317972,2,4,80,32,57,3.061930783,2023,1154
4395,44,787,340,1212,85,0.929867987,0,31,174,24,24,2.845959596,2023,1617
4396,47,831,382,1303,90,0.930928626,0,13,176,17,40,2.867612293,2023,1641
4397,49,988,439,1467,40,0.97273347,0,12,117,13,34,3.235827664,2023,1153
4398,43,859,374,1304,71,0.945552147,0,2,68,29,12,3.186046512,2023,1716
4399,49,1005,411,1479,63,0.957403651,0,4,104,16,53,3.210884354,2023,1219
4400,55,1037,388,1491,66,0.955734406,1,5,96,14,34,2.878787879,2023,1426
4401,54,1031,403,1474,40,0.972862958,0,4,74,14,35,2.950617284,2023,1393
4402,34,659,285,1010,66,0.934653465,0,22,238,10,14,3.08496732,2023,1863
4403,32,618,228,905,59,0.93480663,0,8,72,18,21,2.9375,2023,2005
4404,35,712,263,1014,39,0.961538462,2,8,50,22,24,3.095238095,2023,1719
4405,37,637,261,959,61,0.936392075,0,5,170,32,16,2.696696697,2023,1883
4406,42,823,338,1206,45,0.962686567,0,6,114,30,37,3.071428571,2023,1994
4407,30,517,215,813,81,0.900369004,0,21,113,21,6,2.711111111,2023,1703
4408,54,1111,477,1663,75,0.954900782,0,5,58,7,58,3.267489712,2023,1466
4409,51,989,345,1373,39,0.971595047,1,6,102,24,22,2.906318083,2023,1180
4410,41,781,376,1240,83,0.933064516,0,4,142,29,23,3.135501355,2023,1210
4411,37,692,301,1077,84,0.922005571,1,7,94,21,20,2.981981982,2023,1847
4412,55,1122,337,1499,40,0.973315544,0,5,58,20,38,2.947474747,2023,1225
4413,34,622,295,959,42,0.95620438,1,28,131,21,34,2.996732026,2023,1531
4414,49,862,339,1286,85,0.933903577,1,28,244,38,28,2.723356009,2023,1645
4415,60,1185,435,1670,50,0.97005988,1,12,92,30,56,3,2023,1243
4416,61,1213,507,1778,58,0.967379078,1,7,82,18,63,3.132969035,2023,1130
4417,43,866,384,1291,41,0.968241673,1,3,64,25,29,3.22997416,2023,1826
4418,31,593,191,835,51,0.938922156,0,7,99,18,12,2.810035842,2023,1790
4419,46,875,329,1261,57,0.95479778,1,12,78,12,31,2.90821256,2023,1344
4420,43,796,267,1106,43,0.961121157,0,15,120,23,27,2.746770026,2023,1664
4421,68,1339,441,1819,39,0.978559648,0,7,60,19,39,2.908496732,2023,1403
4422,49,924,274,1249,51,0.959167334,0,3,92,24,36,2.716553288,2023,1165
4423,50,926,383,1372,63,0.954081633,0,10,114,44,47,2.908888889,2023,1373
4424,39,734,314,1128,80,0.929078014,0,15,82,23,10,2.985754986,2023,1686
4425,71,1389,499,1937,49,0.974703149,0,7,72,24,46,2.954616588,2023,1399
4426,44,823,262,1127,42,0.962732919,0,16,137,22,14,2.73989899,2023,1406
4427,55,1067,411,1546,68,0.956015524,0,6,103,30,36,2.985858586,2023,1347
4428,62,1187,368,1590,35,0.977987421,0,6,78,20,43,2.786738351,2023,1340
4429,44,841,330,1241,70,0.943593876,0,8,134,17,24,2.957070707,2023,1242
4430,51,983,370,1402,49,0.965049929,0,9,84,18,38,2.947712418,2023,1350
4431,37,733,281,1057,43,0.959318827,0,4,66,17,26,3.045045045,2023,1676
4432,51,1019,405,1491,67,0.955063716,0,11,170,28,52,3.102396514,2023,1305
4433,55,1041,316,1402,45,0.967902996,0,3,96,15,12,2.741414141,2023,1480
4434,38,709,299,1068,60,0.943820225,0,13,142,30,18,2.947368421,2023,1848
4435,43,862,359,1268,47,0.962933754,0,11,134,12,23,3.15503876,2023,1668
4436,36,542,177,844,125,0.851895735,0,75,204,12,3,2.219135802,2023,2042
4437,47,934,347,1311,30,0.977116705,0,11,70,14,36,3.028368794,2023,1182
4438,22,302,92,488,94,0.807377049,1,7,86,11,7,1.98989899,2023,2049
4439,36,680,322,1089,87,0.920110193,0,20,118,20,16,3.092592593,2023,1865
4440,56,1104,378,1544,62,0.95984456,0,7,56,35,26,2.94047619,2023,1493
4441,51,1045,429,1529,55,0.964028777,0,9,56,39,33,3.211328976,2023,1338
4442,42,812,270,1129,47,0.958370239,0,3,58,14,28,2.862433862,2023,1821
4443,50,946,423,1448,79,0.945441989,0,9,204,28,16,3.042222222,2023,1629
4444,50,999,312,1348,37,0.972551929,0,8,82,20,27,2.913333333,2023,1652
4445,50,972,356,1386,58,0.958152958,0,4,32,26,33,2.951111111,2023,1158
4446,61,1159,437,1645,49,0.970212766,0,4,78,30,43,2.907103825,2023,1425
4447,47,926,288,1273,59,0.953652789,0,16,78,14,36,2.869976359,2023,1623
4448,38,752,349,1160,59,0.949137931,0,7,64,36,30,3.219298246,2023,1785
4449,62,1172,319,1544,53,0.965673575,0,9,118,24,17,2.672043011,2023,1414
4450,59,1188,446,1702,68,0.960047004,0,8,112,30,64,3.077212806,2023,1249
4451,38,709,248,1010,53,0.947524752,0,12,130,15,19,2.798245614,2023,1783
4452,56,1177,451,1692,64,0.962174941,0,7,102,20,27,3.23015873,2023,1325
4453,38,721,234,999,44,0.955955956,0,5,118,16,23,2.792397661,2023,1572
4454,50,982,396,1435,57,0.960278746,0,14,242,13,29,3.062222222,2023,1124
4455,42,841,258,1158,59,0.949050086,2,7,66,6,28,2.907407407,2023,1829
4456,55,1061,385,1489,43,0.971121558,1,6,164,28,18,2.921212121,2023,1329
4457,49,980,374,1406,52,0.963015647,0,4,78,34,20,3.070294785,2023,1349
4458,41,806,376,1250,68,0.9456,2,3,70,27,47,3.203252033,2023,1534
4459,56,1120,375,1558,63,0.959563543,0,13,114,23,18,2.966269841,2023,1176
4460,42,826,384,1253,43,0.965682362,0,7,132,15,45,3.201058201,2023,1958
4461,48,891,322,1247,34,0.972734563,1,3,22,14,25,2.80787037,2023,1660
4462,37,707,317,1064,40,0.962406015,0,6,128,19,27,3.075075075,2023,1694
4463,45,875,380,1310,55,0.958015267,0,14,90,10,41,3.098765432,2023,1535
4464,34,705,282,1043,56,0.946308725,0,2,90,17,14,3.225490196,2023,1808
4465,48,913,309,1268,46,0.963722397,0,5,132,22,50,2.828703704,2023,1352
4466,53,1051,293,1395,51,0.96344086,0,5,136,18,39,2.817610063,2023,1129
4467,56,1068,369,1480,43,0.970945946,0,9,120,30,21,2.851190476,2023,1421
4468,50,1040,260,1351,51,0.962250185,0,6,148,31,22,2.888888889,2023,1307
4469,43,853,288,1178,37,0.968590832,0,7,82,18,25,2.948320413,2023,1813
4470,53,1068,374,1511,69,0.954334878,0,17,140,19,36,3.023060797,2023,1138
4471,39,737,322,1111,52,0.95319532,0,12,120,6,23,3.017094017,2023,1973
4472,50,1000,353,1423,70,0.950808152,0,13,76,4,28,3.006666667,2023,1309
4473,48,905,277,1259,77,0.938840349,0,5,136,12,24,2.736111111,2023,1415
4474,46,826,293,1189,70,0.941126997,0,8,208,19,27,2.702898551,2023,1620
4475,46,885,267,1203,51,0.957605985,0,19,78,18,23,2.782608696,2023,1441
4476,37,685,169,913,59,0.935377875,0,28,120,4,7,2.564564565,2023,1944
4477,44,844,251,1146,51,0.955497382,0,11,124,22,15,2.765151515,2023,1891
4478,43,803,329,1200,68,0.943333333,2,8,144,25,22,2.925064599,2023,1618
4479,58,1181,463,1684,40,0.976247031,0,12,78,20,52,3.149425287,2023,1512
4480,39,728,270,1036,38,0.963320463,0,10,100,14,14,2.843304843,2023,1671
4481,60,1209,385,1658,64,0.961399276,0,5,90,10,57,2.951851852,2023,1391
4482,58,1170,460,1671,41,0.975463794,0,6,72,14,63,3.122605364,2023,1248
4483,55,1098,520,1683,65,0.961378491,1,13,170,23,52,3.268686869,2023,1636
4484,44,846,350,1248,52,0.958333333,0,4,66,42,28,3.02020202,2023,1152
4485,60,1177,425,1654,52,0.968561064,0,5,42,18,55,2.966666667,2023,1092
4486,34,583,176,813,54,0.933579336,0,27,185,15,6,2.480392157,2023,1947
4487,55,1098,404,1557,55,0.964675658,0,7,62,16,47,3.034343434,2023,1147
4488,53,990,477,1570,103,0.934394904,0,46,294,47,32,3.075471698,2023,1302
4489,38,744,323,1120,53,0.952678571,0,4,86,12,15,3.119883041,2023,1911
4490,31,610,177,839,52,0.938021454,0,8,100,8,21,2.82078853,2023,2015
4491,56,1154,290,1492,48,0.967828418,0,1,68,24,14,2.865079365,2023,1481
4492,34,523,220,859,116,0.864959255,1,45,205,13,2,2.428104575,2023,2046
4493,50,992,331,1384,61,0.955924855,0,1,114,15,21,2.94,2023,1619
4494,50,906,335,1313,72,0.945163747,0,19,218,15,22,2.757777778,2023,1369
4495,55,1037,332,1408,39,0.972301136,0,9,56,23,26,2.765656566,2023,1397
4496,57,1119,372,1528,37,0.97578534,2,10,48,25,54,2.906432749,2023,1134
4497,38,727,343,1162,92,0.920826162,0,7,109,9,37,3.128654971,2023,2022
4498,42,831,319,1216,66,0.945723684,1,13,114,4,17,3.042328042,2023,1591
4499,50,964,415,1472,93,0.936820652,1,14,126,21,27,3.064444444,2023,1571
4500,34,661,308,1005,36,0.964179104,0,6,92,10,37,3.166666667,2023,1936
4501,51,994,385,1421,42,0.97044335,0,7,114,18,44,3.004357298,2023,1247
4502,18,264,116,432,52,0.87962963,0,14,100,4,4,2.345679012,2023,2048
4503,46,955,476,1474,43,0.97082768,0,6,82,16,49,3.456521739,2023,1574
4504,56,1110,394,1537,33,0.978529603,0,2,40,19,18,2.984126984,2023,1485
4505,38,708,278,1060,74,0.930188679,0,21,124,14,22,2.883040936,2023,1873
4506,52,1044,279,1364,41,0.969941349,0,4,52,30,17,2.826923077,2023,1661
4507,39,730,261,1013,22,0.97828233,0,2,52,4,19,2.823361823,2023,1867
4508,51,995,344,1406,67,0.952347084,0,24,214,40,30,2.917211329,2023,1489
4509,63,1278,579,1899,42,0.977883096,1,5,60,40,97,3.275132275,2023,1229
4510,32,556,183,808,69,0.91460396,0,38,198,8,8,2.565972222,2023,1934
4511,49,985,445,1497,67,0.955243821,0,6,118,28,31,3.242630385,2023,1510
4512,58,1171,449,1685,65,0.961424332,2,2,124,12,39,3.103448276,2023,1570
4513,47,934,370,1360,56,0.958823529,2,5,66,28,29,3.082742317,2023,1097
4514,51,1005,400,1463,58,0.960355434,2,8,96,16,29,3.061002179,2023,1173
4515,34,637,281,967,49,0.949327818,0,21,84,30,19,3,2023,1948
4516,42,802,239,1087,46,0.957681693,0,10,130,18,16,2.753968254,2023,2054
4517,42,815,376,1257,66,0.947494033,4,7,72,33,36,3.150793651,2023,1646
4518,39,747,299,1114,68,0.938958707,0,8,144,15,43,2.98005698,2023,1822
4519,53,1034,340,1442,68,0.952843273,0,3,100,25,13,2.880503145,2023,1505
4520,52,1018,429,1496,49,0.967245989,1,6,90,22,29,3.091880342,2023,1333
4521,35,631,254,955,70,0.926701571,0,8,132,9,19,2.80952381,2023,1881
4522,50,1033,421,1545,91,0.941100324,1,13,128,29,37,3.231111111,2023,1527
4523,54,1088,377,1519,54,0.964450296,0,7,66,22,20,3.014403292,2023,1516
4524,42,823,373,1266,70,0.944707741,0,8,220,16,9,3.164021164,2023,1893
4525,59,1149,438,1635,48,0.970642202,0,23,54,12,57,2.988700565,2023,1195
4526,35,682,297,1047,68,0.935052531,0,10,142,22,19,3.107936508,2023,2030
4527,25,359,141,563,63,0.888099467,0,15,112,19,16,2.222222222,2023,2040
4528,50,974,422,1477,81,0.945159106,1,14,106,18,30,3.102222222,2023,1490
4529,61,1199,406,1680,75,0.955357143,1,12,78,15,26,2.923497268,2023,1090
4530,40,838,297,1202,67,0.944259567,0,3,106,29,33,3.152777778,2023,1932
4531,44,839,382,1270,49,0.961417323,0,16,84,16,24,3.083333333,2023,1776
4532,51,990,295,1328,43,0.967620482,1,6,58,16,28,2.79956427,2023,1222
4533,63,1255,513,1810,42,0.97679558,1,5,66,16,77,3.118165785,2023,1119
4534,56,1055,440,1568,73,0.953443878,0,5,168,27,19,2.966269841,2023,1299
4535,40,706,213,997,78,0.921765296,0,28,400,17,11,2.552777778,2023,1375
4536,35,665,275,997,57,0.942828485,0,16,78,6,19,2.984126984,2023,1949
4537,36,704,264,1007,39,0.961271102,0,4,114,14,34,2.987654321,2023,2024
4538,51,973,284,1332,75,0.943693694,0,6,146,21,15,2.738562092,2023,1542
4539,34,632,232,952,88,0.907563025,0,11,118,10,15,2.823529412,2023,1930
4540,53,1091,303,1428,34,0.976190476,0,4,64,20,33,2.922431866,2023,1445
4541,37,717,295,1061,49,0.953817154,0,4,92,6,15,3.039039039,2023,1766
4542,44,880,391,1303,32,0.975441289,0,3,42,19,25,3.20959596,2023,1764
4543,47,952,390,1403,61,0.956521739,0,6,64,14,49,3.172576832,2023,1262
4544,42,814,310,1179,55,0.953350297,0,4,82,15,7,2.973544974,2023,1699
4545,48,927,426,1421,68,0.952146376,0,5,110,7,54,3.131944444,2023,1456
4546,40,752,280,1090,58,0.946788991,1,20,136,38,22,2.866666667,2023,1896
4547,60,1109,461,1613,43,0.9733416,2,7,42,20,67,2.907407407,2023,1095
4548,51,960,316,1350,74,0.945185185,0,11,117,28,33,2.779956427,2023,1183
4549,41,799,312,1170,59,0.94957265,0,3,116,14,16,3.010840108,2023,1886
4550,48,979,342,1397,76,0.945597709,0,6,78,25,38,3.05787037,2023,1418
4551,50,983,416,1450,51,0.964827586,0,7,110,14,51,3.108888889,2023,1581
4552,34,675,192,923,56,0.939328277,0,12,58,16,17,2.833333333,2023,1965
4553,27,474,190,750,86,0.885333333,0,94,164,9,21,2.732510288,2023,1642
4554,17,237,97,392,58,0.852040816,0,16,176,16,4,2.183006536,2023,1632
4555,53,1067,373,1500,60,0.96,2,12,104,32,20,3.018867925,2023,1454
4556,43,822,388,1262,52,0.958795563,1,13,104,25,35,3.126614987,2023,1724
4557,45,859,329,1248,60,0.951923077,0,5,154,28,20,2.933333333,2023,1379
4558,36,646,242,930,42,0.95483871,0,4,166,12,20,2.740740741,2023,1861
4559,37,685,289,1034,60,0.941972921,0,3,132,26,17,2.924924925,2023,1926
4560,44,849,213,1111,49,0.95589559,0,7,42,12,17,2.681818182,2023,1746
4561,51,951,330,1355,74,0.945387454,0,17,172,12,16,2.790849673,2023,1528
4562,33,598,263,904,43,0.952433628,0,7,108,26,23,2.898989899,2023,1907
4563,37,672,321,1068,75,0.929775281,0,5,108,8,13,2.981981982,2023,1777
4564,47,937,234,1227,56,0.954360228,0,6,166,31,8,2.768321513,2023,1348
4565,53,1046,238,1333,49,0.96324081,0,7,78,19,15,2.691823899,2023,1316
4566,43,812,295,1173,66,0.943734015,0,6,158,28,11,2.860465116,2023,1145
4567,51,1048,368,1455,39,0.973195876,0,4,58,22,36,3.08496732,2023,1275
4568,40,797,368,1240,75,0.939516129,0,5,107,24,28,3.236111111,2023,1859
4569,49,998,432,1539,109,0.929174789,0,13,277,17,24,3.242630385,2023,1233
4570,46,893,359,1290,38,0.970542636,0,7,18,4,20,3.024154589,2023,1722
4571,34,681,181,894,32,0.964205817,0,8,72,10,11,2.816993464,2023,2033
4572,41,897,322,1265,46,0.963636364,0,23,90,23,35,3.303523035,2023,1816
4573,42,806,237,1095,52,0.952511416,0,2,88,12,8,2.759259259,2023,1674
4574,27,461,210,727,56,0.922971114,0,7,76,6,11,2.761316872,2023,1728
4575,36,675,248,977,54,0.944728762,0,3,56,24,13,2.848765432,2023,1866
4576,37,704,249,1028,75,0.927042802,2,9,66,14,10,2.861861862,2023,1888
4577,51,1020,383,1460,57,0.960958904,0,15,129,32,27,3.05664488,2023,1595
4578,33,636,302,1001,63,0.937062937,0,22,96,22,25,3.158249158,2023,1923
4579,31,563,214,812,35,0.956896552,0,3,76,7,15,2.784946237,2023,1800
4580,47,916,302,1260,42,0.966666667,0,5,110,24,23,2.879432624,2023,1193
4581,40,797,290,1120,33,0.970535714,0,6,74,21,22,3.019444444,2023,1366
4582,60,1177,523,1786,86,0.951847704,0,11,186,13,45,3.148148148,2023,1434
4583,58,1146,424,1610,40,0.97515528,0,14,115,15,27,3.007662835,2023,1392
4584,46,870,362,1251,19,0.98481215,0,4,40,18,33,2.975845411,2023,1649
4585,36,817,261,1126,48,0.957371226,0,4,62,14,32,3.327160494,2023,2027
4586,48,930,383,1343,30,0.977661951,0,7,76,18,51,3.039351852,2023,1390
4587,34,580,219,870,71,0.918390805,0,9,97,17,18,2.611111111,2023,2084
4588,51,1008,357,1420,55,0.961267606,0,9,88,44,41,2.973856209,2023,1317
4589,40,796,393,1254,65,0.948165869,0,9,156,16,30,3.302777778,2023,1864
4590,44,879,309,1251,63,0.949640288,0,6,54,17,24,3,2023,1792
4591,4,57,24,94,13,0.861702128,0,2,20,2,3,2.25,2023,2085
4592,27,471,180,723,72,0.900414938,0,25,86,10,7,2.679012346,2023,1962
4593,47,917,362,1366,87,0.936310395,0,19,107,27,31,3.023640662,2023,1372
4594,50,875,378,1319,66,0.949962092,1,18,202,20,19,2.784444444,2023,1346
4595,45,875,261,1175,39,0.966808511,0,10,110,10,17,2.804938272,2023,1497
4596,49,961,342,1358,55,0.959499264,0,0,58,10,22,2.954648526,2023,1423
4597,42,837,367,1270,66,0.948031496,0,24,78,21,7,3.185185185,2023,1986
4598,40,823,354,1232,55,0.955357143,1,6,84,6,25,3.269444444,2023,1761
4599,40,801,264,1116,51,0.954301075,1,4,94,21,11,2.958333333,2023,1795
4600,37,733,255,1056,68,0.935606061,0,2,66,9,24,2.966966967,2023,1977
4601,24,340,139,567,88,0.844797178,0,6,102,15,16,2.217592593,2023,2044
4602,47,941,313,1299,45,0.965357968,0,6,75,12,26,2.964539007,2023,1538
4603,34,643,301,991,47,0.952573158,0,5,180,9,27,3.08496732,2023,1251
4604,60,1148,395,1590,47,0.970440252,1,3,100,36,56,2.857407407,2023,2063
4605,57,1115,400,1558,43,0.972400513,0,5,70,26,48,2.953216374,2023,1151
4606,50,965,389,1416,62,0.956214689,0,6,122,41,27,3.008888889,2023,1342
4607,53,1008,445,1536,83,0.945963542,5,16,140,22,52,3.046121593,2023,2061
4608,48,966,373,1377,38,0.972403776,1,6,60,10,23,3.099537037,2023,1807
4609,39,711,231,1014,72,0.928994083,0,9,174,9,8,2.683760684,2023,1976
4610,63,1262,490,1791,39,0.978224456,0,4,44,8,67,3.08994709,2023,1428
4611,43,814,340,1228,74,0.939739414,0,13,76,10,19,2.981912145,2023,1880
4612,46,899,430,1382,53,0.961649783,0,4,124,29,43,3.210144928,2023,1319
4613,51,1016,340,1426,70,0.950911641,1,8,87,20,36,2.954248366,2023,1484
4614,38,764,310,1138,64,0.943760984,1,13,118,27,33,3.140350877,2023,1533
4615,45,868,243,1154,43,0.962738302,1,16,74,10,17,2.743209877,2023,1787
4616,36,674,255,992,63,0.936491935,0,12,150,9,17,2.867283951,2023,2011
4617,51,1007,435,1509,67,0.955599735,1,4,108,30,41,3.1416122,2023,1541
4618,36,675,235,944,34,0.963983051,0,9,124,24,19,2.808641975,2023,1970
4619,39,757,286,1104,61,0.944746377,0,8,98,4,39,2.971509972,2023,1974
4620,32,574,253,900,73,0.918888889,0,23,120,20,13,2.871527778,2023,1988
4621,28,416,137,620,67,0.891935484,0,7,96,8,3,2.194444444,2023,2016
4622,40,765,389,1217,63,0.948233361,0,7,88,24,23,3.205555556,2023,1882
4623,38,672,279,1064,113,0.893796992,0,9,152,27,18,2.780701754,2023,1860
4624,36,662,337,1071,72,0.932773109,0,11,224,24,17,3.083333333,2023,1772
4625,36,679,198,931,54,0.941997852,0,13,130,10,18,2.706790123,2023,1862
4626,24,433,175,653,45,0.931087289,0,22,72,22,8,2.814814815,2023,1498
4627,22,352,106,532,74,0.860902256,0,32,166,7,4,2.313131313,2023,1648
4628,54,1047,345,1440,48,0.966666667,0,18,142,30,35,2.864197531,2023,1345
4629,41,807,282,1140,51,0.955263158,1,8,130,8,16,2.951219512,2023,1256
4630,44,850,382,1278,46,0.96400626,0,3,52,26,29,3.111111111,2023,1667
4631,49,944,312,1303,47,0.963929394,0,10,111,20,37,2.848072562,2023,1374
4632,63,1277,429,1758,52,0.970420933,1,7,50,16,61,3.008818342,2023,1382
4633,48,943,291,1287,53,0.958818959,0,11,128,12,13,2.856481481,2023,1586
4634,51,987,444,1483,52,0.964935941,0,2,128,24,43,3.117647059,2023,1196
4635,41,798,279,1123,46,0.95903829,0,13,66,10,24,2.918699187,2023,1910
4636,53,1025,322,1424,77,0.945926966,0,3,206,38,17,2.823899371,2023,1612
4637,47,914,313,1281,54,0.957845433,0,13,148,13,25,2.90070922,2023,1311
4638,53,1069,315,1428,44,0.969187675,0,4,82,7,10,2.901467505,2023,1315
4639,40,608,197,876,71,0.918949772,0,11,104,10,8,2.236111111,2023,2021
4640,42,807,386,1248,55,0.955929487,0,5,52,22,26,3.156084656,2023,1709
4641,38,733,310,1092,49,0.955128205,0,4,96,14,28,3.049707602,2023,1993
4642,52,1029,310,1407,68,0.95167022,0,11,82,32,21,2.861111111,2023,1360
4643,34,647,224,923,52,0.943661972,0,4,106,18,27,2.846405229,2023,1999
4644,39,744,276,1063,43,0.959548448,0,25,78,10,48,2.905982906,2023,1899
4645,46,919,372,1340,49,0.963432836,1,9,108,24,32,3.118357488,2023,1292
4646,37,701,270,1078,107,0.900742115,114,93,248,107,112,2.915915916,2023,1622
4647,44,864,271,1169,34,0.970915312,0,6,82,16,32,2.866161616,2023,1720
4648,51,1005,494,1588,89,0.94395466,0,5,156,20,34,3.265795207,2023,1439
4649,40,768,309,1121,44,0.960749331,0,5,26,24,36,2.991666667,2023,1842
4650,34,675,284,1006,47,0.953280318,0,6,44,4,19,3.133986928,2023,2004
4651,51,945,449,1446,52,0.964038728,0,7,158,22,55,3.037037037,2023,1511
4652,53,990,454,1507,63,0.95819509,0,19,104,30,33,3.027253669,2023,1214
4653,43,840,358,1229,31,0.974776241,1,3,58,6,45,3.095607235,2023,1878
4654,42,836,336,1220,48,0.960655738,0,1,78,27,29,3.100529101,2023,1220
4655,43,873,289,1219,57,0.953240361,0,5,138,18,29,3.002583979,2023,1889
4656,35,672,238,957,47,0.950888192,0,8,90,24,12,2.888888889,2023,1851
4657,35,662,176,891,53,0.940516274,0,6,68,9,3,2.66031746,2023,1858
4658,55,1068,376,1502,58,0.96138482,0,13,94,20,36,2.917171717,2023,1189
4659,39,721,283,1077,73,0.932219127,0,1,114,22,34,2.86039886,2023,1945
4660,38,666,294,1038,78,0.924855491,0,12,100,17,34,2.807017544,2023,1677
4661,57,1161,433,1651,57,0.965475469,1,5,64,16,36,3.107212476,2023,1273
4662,46,890,335,1298,73,0.94375963,0,6,114,22,34,2.958937198,2023,1543
4663,34,675,211,915,29,0.968306011,0,13,54,6,7,2.895424837,2023,1960
4664,41,760,310,1108,38,0.965703971,0,6,34,11,22,2.899728997,2023,1759
4665,53,1029,381,1470,60,0.959183673,0,9,94,31,7,2.955974843,2023,1507
4666,30,518,139,728,71,0.902472527,0,32,136,6,6,2.433333333,2023,1983
4667,47,939,324,1304,41,0.968558282,0,13,64,18,21,2.985815603,2023,1604
4668,33,581,224,884,79,0.910633484,0,33,126,14,7,2.71043771,2023,2029
4669,50,1000,456,1524,68,0.955380577,0,10,102,25,50,3.235555556,2023,1599
4670,29,485,167,708,56,0.920903955,0,4,106,11,5,2.498084291,2023,1956
4671,35,661,249,956,46,0.951882845,0,10,82,16,16,2.888888889,2023,1849
4672,36,619,245,939,75,0.920127796,0,13,102,6,9,2.666666667,2023,1992
4673,41,800,302,1164,62,0.946735395,0,10,100,8,23,2.986449864,2023,2009
4674,48,922,337,1314,55,0.958143075,0,11,78,22,41,2.914351852,2023,1191
4675,49,960,194,1183,29,0.975486052,1,1,76,20,10,2.616780045,2023,1260
4676,63,1242,513,1805,50,0.972299169,0,5,46,43,50,3.095238095,2023,1443
4677,49,929,310,1318,79,0.940060698,0,1,156,24,19,2.80952381,2023,1376
4678,41,808,365,1209,36,0.970223325,0,10,94,13,63,3.178861789,2023,1594
4679,44,912,327,1284,45,0.964953271,1,4,56,14,27,3.128787879,2023,1961
4680,47,915,288,1267,64,0.949486977,0,7,142,39,18,2.843971631,2023,1525
4681,47,886,337,1282,59,0.953978159,0,18,160,20,37,2.891252955,2023,1201
4682,42,823,333,1214,58,0.952224053,0,12,100,15,23,3.058201058,2023,1687
4683,39,804,327,1175,44,0.962553191,0,8,50,38,39,3.222222222,2023,1757
4684,43,913,291,1256,52,0.958598726,0,6,102,22,16,3.111111111,2023,1780
4685,49,915,387,1376,74,0.94622093,1,11,166,21,24,2.952380952,2023,2051
4686,43,842,228,1125,55,0.951111111,0,8,46,8,9,2.764857881,2023,1963
4687,43,908,366,1331,57,0.957175056,1,9,100,10,30,3.291989664,2023,1557
4688,32,627,228,912,57,0.9375,0,11,88,13,11,2.96875,2023,1875
4689,43,788,348,1236,100,0.919093851,1,19,150,22,18,2.935400517,2023,1869
4690,48,949,368,1377,60,0.956427015,0,8,120,27,24,3.048611111,2023,1238
4691,53,1066,397,1536,73,0.952473958,0,10,184,20,43,3.067085954,2023,1268
4692,44,854,388,1298,56,0.956856703,0,4,98,29,32,3.136363636,2023,1365
4693,31,522,160,749,67,0.910547397,0,9,78,6,6,2.444444444,2023,1969
4694,54,1043,329,1419,47,0.966878083,0,14,62,18,23,2.823045267,2023,1549
4695,39,647,229,952,76,0.920168067,0,25,264,8,5,2.495726496,2023,2031
4696,48,942,368,1375,65,0.952727273,0,13,144,28,26,3.032407407,2023,1631
4697,48,828,328,1219,63,0.948318294,0,26,142,25,36,2.675925926,2023,1630
4698,34,584,201,855,70,0.918128655,0,9,113,10,14,2.565359477,2023,1968
4699,44,888,306,1250,56,0.9552,0,20,74,14,14,3.015151515,2023,1812
4700,56,1112,287,1454,55,0.962173315,0,2,84,17,31,2.775793651,2023,1185
4701,46,924,273,1253,56,0.955307263,0,6,110,24,17,2.891304348,2023,1121
4702,27,400,148,607,59,0.902800659,0,19,118,21,6,2.255144033,2023,1736
4703,31,580,245,884,59,0.933257919,0,12,90,18,32,2.956989247,2023,1892
4704,38,727,317,1090,46,0.957798165,0,1,88,16,24,3.052631579,2023,1793
4705,52,1058,391,1516,67,0.955804749,1,5,152,38,13,3.096153846,2023,2064
4706,29,465,160,680,55,0.919117647,0,1,132,9,6,2.394636015,2023,1957
4707,40,760,263,1106,83,0.924954792,0,9,124,18,26,2.841666667,2023,1943
4708,27,456,186,709,67,0.905500705,0,6,63,12,14,2.641975309,2023,1989
4709,50,961,311,1336,64,0.952095808,0,11,160,25,17,2.826666667,2023,2065
4710,53,1041,340,1447,66,0.95438839,0,8,56,18,36,2.895178197,2023,2066
4711,39,763,294,1090,33,0.969724771,0,3,74,4,33,3.011396011,2023,2053
4712,46,927,302,1282,53,0.958658346,0,6,92,26,31,2.968599034,2023,2059
4713,46,868,283,1213,62,0.948887057,0,12,66,19,8,2.780193237,2023,2056
4714,44,874,262,1177,41,0.965165675,0,10,66,14,22,2.868686869,2023,2060
4715,46,815,319,1204,70,0.941860465,0,15,134,31,17,2.739130435,2023,2062
4716,48,949,270,1267,48,0.962115233,0,6,90,37,14,2.821759259,2023,2057
4717,6,111,34,154,9,0.941558442,0,1,8,0,4,2.685185185,2023,2072
4718,41,597,213,926,116,0.874730022,0,85,345,21,4,2.195121951,2023,2086
4719,32,636,219,906,51,0.943708609,0,6,106,8,12,2.96875,2023,2055
4720,2,36,12,51,3,0.941176471,0,0,8,0,2,2.666666667,2023,2068
4721,65,1236,523,1823,64,0.964893033,1,6,28,6,80,3.006837607,2024,1085
4722,66,1233,434,1701,34,0.980011758,1,2,34,12,61,2.806397306,2024,1086
4723,58,1064,315,1430,51,0.964335664,0,2,58,20,26,2.641762452,2024,1087
4724,50,940,278,1257,39,0.968973747,0,3,68,12,31,2.706666667,2024,1088
4725,55,1041,326,1405,38,0.972953737,1,7,74,14,42,2.761616162,2024,1089
4726,62,1200,526,1788,62,0.965324385,0,5,82,27,40,3.093189964,2024,1090
4727,57,1116,481,1648,51,0.969053398,0,9,82,10,39,3.113060429,2024,1091
4728,63,1244,461,1763,58,0.967101531,0,7,58,6,32,3.007054674,2024,1092
4729,45,875,350,1279,54,0.957779515,0,3,121,21,32,3.024691358,2024,1093
4730,62,1189,495,1737,53,0.969487622,0,10,80,9,69,3.017921147,2024,1094
4731,69,1290,385,1717,42,0.97553873,1,2,18,26,58,2.69726248,2024,1095
4732,56,1090,409,1529,30,0.980379333,0,5,66,14,63,2.974206349,2024,1096
4733,47,872,322,1232,38,0.969155844,0,1,96,15,34,2.822695035,2024,1097
4734,61,1242,428,1713,43,0.97489784,0,11,46,22,39,3.041894353,2024,1098
4735,60,1221,392,1648,35,0.978762136,0,2,32,16,44,2.987037037,2024,1099
4736,54,1020,379,1459,60,0.958875942,0,15,95,22,49,2.878600823,2024,1100
4737,47,926,299,1250,25,0.98,0,9,68,14,37,2.895981087,2024,1101
4738,64,1249,547,1855,59,0.96819407,1,5,64,6,122,3.118055556,2024,1102
4739,50,975,413,1434,46,0.967921897,0,13,60,22,31,3.084444444,2024,1103
4740,55,1065,308,1408,35,0.975142045,0,2,32,22,28,2.773737374,2024,1104
4741,58,1169,499,1723,55,0.968078932,1,7,90,26,52,3.195402299,2024,1105
4742,53,1021,449,1529,59,0.961412688,0,6,91,26,70,3.081761006,2024,1106
4743,58,1184,498,1727,45,0.973943254,0,4,88,14,53,3.222222222,2024,1107
4744,52,1074,397,1522,51,0.966491459,0,6,136,17,50,3.143162393,2024,1108
4745,51,1036,339,1410,35,0.975177305,0,3,100,33,42,2.995642702,2024,1109
4746,44,874,397,1333,62,0.953488372,0,7,108,14,26,3.20959596,2024,1110
4747,55,1103,506,1671,62,0.962896469,0,3,86,18,47,3.250505051,2024,1111
4748,60,1189,459,1709,61,0.964306612,0,23,94,26,46,3.051851852,2024,1112
4749,50,936,410,1395,49,0.964874552,0,8,80,12,62,2.991111111,2024,1113
4750,53,1040,377,1450,33,0.977241379,1,3,150,4,43,2.970649895,2024,1114
4751,45,840,367,1268,61,0.951892744,0,13,142,32,25,2.980246914,2024,1115
4752,55,1063,379,1489,47,0.968435191,0,14,44,12,62,2.913131313,2024,1116
4753,51,1009,363,1408,36,0.974431818,0,6,46,25,34,2.989106754,2024,1117
4754,56,1139,409,1602,54,0.966292135,0,18,74,28,75,3.071428571,2024,1118
4755,61,1178,531,1751,42,0.976013706,0,12,42,22,40,3.112932605,2024,1119
4756,59,1145,405,1593,43,0.973006905,0,17,40,12,55,2.919020716,2024,1120
4757,49,978,368,1398,52,0.962804006,0,9,112,10,16,3.052154195,2024,1121
4758,56,1138,302,1490,50,0.966442953,0,8,56,34,29,2.857142857,2024,1122
4759,57,1123,338,1524,63,0.958661417,1,11,60,22,62,2.847953216,2024,1123
4760,55,1068,459,1584,57,0.964015152,1,10,90,21,18,3.084848485,2024,1124
4761,59,1148,382,1582,52,0.967130215,0,2,90,22,60,2.881355932,2024,1125
4762,49,962,349,1357,46,0.966101695,0,1,84,22,35,2.972789116,2024,1126
4763,55,1056,499,1612,57,0.964640199,0,4,70,22,48,3.141414141,2024,1127
4764,45,870,352,1287,65,0.949494949,0,9,78,11,27,3.017283951,2024,1128
4765,56,1108,375,1529,46,0.969914977,1,8,78,12,35,2.942460317,2024,1129
4766,56,1095,473,1602,34,0.978776529,0,10,94,18,55,3.111111111,2024,1130
4767,52,1029,345,1415,41,0.971024735,0,3,80,18,35,2.935897436,2024,1131
4768,58,1161,405,1616,50,0.969059406,1,4,86,44,68,3,2024,1132
4769,53,1008,350,1399,41,0.970693352,0,15,60,22,36,2.846960168,2024,1133
4770,55,1112,456,1628,60,0.963144963,2,12,80,26,50,3.167676768,2024,1134
4771,51,1025,347,1431,59,0.958770091,0,7,86,18,45,2.989106754,2024,1135
4772,53,1028,307,1388,53,0.961815562,0,0,130,16,22,2.798742138,2024,1136
4773,53,1054,459,1555,42,0.972990354,0,5,58,14,91,3.171907757,2024,1137
4774,54,1019,380,1455,56,0.961512027,2,7,64,9,46,2.878600823,2024,1138
4775,51,1004,298,1361,59,0.956649522,0,5,44,25,32,2.836601307,2024,1139
4776,52,1029,402,1478,47,0.968200271,0,6,86,10,38,3.057692308,2024,1140
4777,57,1134,349,1514,31,0.979524439,1,8,98,12,27,2.890838207,2024,1141
4778,55,1054,406,1545,85,0.944983819,0,13,62,21,29,2.949494949,2024,1142
4779,54,1039,369,1450,42,0.971034483,1,9,58,23,50,2.897119342,2024,1143
4780,54,1106,449,1619,64,0.960469426,0,11,68,14,32,3.199588477,2024,1144
4781,47,947,331,1341,63,0.953020134,0,12,80,24,24,3.021276596,2024,1145
4782,53,1081,438,1561,42,0.97309417,0,11,102,8,65,3.184486373,2024,1146
4783,57,1138,419,1631,74,0.954629062,0,11,100,14,39,3.035087719,2024,1147
4784,52,1012,342,1421,67,0.952850106,1,6,90,40,35,2.893162393,2024,1148
4785,55,1021,349,1419,49,0.96546864,0,9,123,14,36,2.767676768,2024,1149
4786,51,967,365,1390,58,0.958273381,0,13,92,12,36,2.901960784,2024,1150
4787,62,1250,422,1713,41,0.976065382,0,5,58,16,62,2.996415771,2024,1151
4788,50,947,379,1380,54,0.960869565,0,4,64,25,28,2.946666667,2024,1152
4789,53,1071,473,1598,54,0.96620776,0,10,82,17,55,3.236897275,2024,1153
4790,62,1263,420,1749,66,0.962264151,0,8,60,12,67,3.016129032,2024,1154
4791,52,1011,425,1480,44,0.97027027,0,8,94,14,25,3.068376068,2024,1155
4792,58,1183,412,1641,46,0.971968312,0,10,100,21,55,3.055555556,2024,1156
4793,48,968,349,1371,54,0.960612691,0,9,98,28,49,3.048611111,2024,1157
4794,50,999,386,1430,45,0.968531469,1,1,64,26,30,3.077777778,2024,1158
4795,61,1260,442,1744,42,0.975917431,0,7,52,18,68,3.100182149,2024,1159
4796,48,956,347,1346,43,0.968053492,0,15,114,18,41,3.016203704,2024,1160
4797,55,1119,385,1541,37,0.975989617,0,6,34,10,28,3.038383838,2024,1161
4798,54,1064,363,1474,47,0.968113976,1,2,110,28,36,2.936213992,2024,1162
4799,45,933,258,1238,47,0.962035541,0,2,42,38,17,2.940740741,2024,1163
4800,57,1070,428,1616,118,0.926980198,0,12,212,43,41,2.920077973,2024,1164
4801,53,1064,433,1567,70,0.955328653,0,3,127,16,62,3.13836478,2024,1165
4802,47,948,400,1401,53,0.962169879,1,16,104,17,42,3.186761229,2024,1166
4803,52,1013,425,1492,54,0.963806971,0,4,56,24,43,3.072649573,2024,1167
4804,51,1038,453,1535,44,0.971335505,0,3,54,12,57,3.248366013,2024,1168
4805,49,987,345,1392,60,0.956896552,0,4,54,24,33,3.020408163,2024,1169
4806,59,1139,485,1676,52,0.968973747,1,7,87,32,64,3.058380414,2024,1170
4807,47,907,373,1322,42,0.968229955,0,3,40,8,48,3.026004728,2024,1171
4808,50,961,317,1321,43,0.967448902,0,11,100,12,17,2.84,2024,1172
4809,53,1063,452,1581,66,0.958254269,0,9,126,31,34,3.176100629,2024,1173
4810,52,1012,344,1404,48,0.965811966,0,7,96,30,21,2.897435897,2024,1174
4811,47,929,394,1372,49,0.964285714,2,6,78,13,55,3.127659574,2024,1175
4812,55,1071,443,1568,54,0.965561224,0,11,78,26,33,3.058585859,2024,1176
4813,54,1048,448,1563,67,0.957133717,2,8,90,25,49,3.0781893,2024,1177
4814,55,1106,441,1597,50,0.968691296,0,5,74,12,51,3.125252525,2024,1178
4815,56,1099,443,1597,55,0.965560426,0,14,94,26,37,3.05952381,2024,1179
4816,51,988,329,1364,47,0.965542522,0,4,80,14,32,2.869281046,2024,1180
4817,42,842,285,1169,42,0.964071856,0,2,70,20,19,2.981481481,2024,1181
4818,52,1042,381,1477,54,0.963439404,0,7,98,16,17,3.040598291,2024,1182
4819,48,891,379,1329,59,0.955605719,1,16,132,16,39,2.939814815,2024,1183
4820,55,1080,351,1487,56,0.962340282,0,12,158,14,23,2.890909091,2024,1184
4821,54,1085,351,1501,65,0.956695536,0,19,120,12,29,2.95473251,2024,1185
4822,48,949,349,1333,35,0.973743436,0,4,138,30,27,3.00462963,2024,1186
4823,55,1127,380,1567,60,0.961710274,0,5,74,17,19,3.044444444,2024,1187
4824,49,953,319,1334,62,0.953523238,1,13,126,8,14,2.884353741,2024,1188
4825,54,1113,366,1543,64,0.958522359,1,4,86,39,29,3.043209877,2024,1189
4826,58,1136,364,1535,35,0.977198697,0,1,62,16,36,2.873563218,2024,1190
4827,51,1010,408,1470,52,0.96462585,1,6,70,16,56,3.089324619,2024,1191
4828,49,966,410,1457,81,0.944406314,0,17,126,20,23,3.120181406,2024,1192
4829,53,1043,360,1469,66,0.955071477,0,5,94,10,33,2.94129979,2024,1193
4830,55,1088,294,1427,45,0.968465312,1,16,76,17,32,2.791919192,2024,1194
4831,55,1091,403,1527,33,0.978388998,0,10,38,10,67,3.018181818,2024,1195
4832,50,958,361,1365,46,0.966300366,0,1,124,13,35,2.931111111,2024,1196
4833,50,1016,388,1429,25,0.982505248,0,6,92,26,36,3.12,2024,1197
4834,35,670,187,892,35,0.960762332,0,2,62,26,18,2.720634921,2024,1198
4835,46,827,273,1153,53,0.954032958,0,6,200,20,27,2.657004831,2024,1199
4836,54,1078,407,1530,45,0.970588235,0,16,90,20,29,3.055555556,2024,1200
4837,46,880,286,1209,43,0.964433416,0,19,98,32,13,2.816425121,2024,1201
4838,55,1080,421,1570,69,0.956050955,1,6,150,22,33,3.032323232,2024,1202
4839,52,988,341,1404,75,0.946581197,2,15,118,30,28,2.83974359,2024,1203
4840,55,1047,361,1445,37,0.974394464,2,5,60,37,52,2.844444444,2024,1204
4841,53,1044,326,1413,43,0.969568294,0,13,112,38,14,2.8721174,2024,1205
4842,54,1058,417,1527,52,0.9659463,1,15,74,26,59,3.034979424,2024,1206
4843,52,1012,319,1402,71,0.94935806,1,11,70,13,43,2.844017094,2024,1207
4844,52,1054,378,1491,59,0.960429242,0,5,48,24,55,3.05982906,2024,1208
4845,47,944,337,1336,55,0.958832335,1,8,114,28,29,3.028368794,2024,1209
4846,39,757,328,1126,41,0.963587922,1,4,94,24,16,3.091168091,2024,1210
4847,51,984,325,1349,40,0.970348406,0,10,92,6,24,2.851851852,2024,1211
4848,53,1052,432,1537,53,0.965517241,0,12,84,18,46,3.111111111,2024,1212
4849,50,972,437,1467,58,0.960463531,0,5,146,31,39,3.131111111,2024,1213
4850,52,1053,379,1497,65,0.956579826,1,8,76,35,42,3.05982906,2024,1214
4851,53,0,0,0,0,0,0,0,0,0,0,0,2024,1215
4852,54,1091,391,1525,43,0.971803279,1,1,96,26,24,3.049382716,2024,1255
4853,40,732,251,1024,41,0.959960938,0,8,130,16,22,2.730555556,2024,1256
4854,42,814,255,1109,40,0.96393147,0,7,56,26,32,2.828042328,2024,1257
4855,54,1037,553,1663,73,0.956103428,0,11,76,22,62,3.271604938,2024,1258
4856,54,1096,451,1599,52,0.967479675,0,7,68,30,34,3.183127572,2024,1259
4857,54,1113,307,1468,48,0.967302452,1,5,76,14,19,2.9218107,2024,1260
4858,41,830,300,1162,32,0.972461274,0,4,126,24,18,3.062330623,2024,1261
4859,52,1020,392,1481,69,0.953409858,3,6,66,26,60,3.017094017,2024,1262
4860,53,1039,459,1553,55,0.964584675,0,3,106,12,48,3.140461216,2024,1263
4861,54,1100,436,1580,44,0.972151899,1,3,100,20,46,3.160493827,2024,1264
4862,40,793,284,1124,47,0.958185053,0,4,104,10,53,2.991666667,2024,1265
4863,50,953,465,1469,51,0.965282505,0,7,90,29,34,3.151111111,2024,1266
4864,50,937,350,1346,59,0.956166419,1,4,150,18,18,2.86,2024,1267
4865,52,1002,293,1346,51,0.962109955,0,14,176,18,26,2.767094017,2024,1268
4866,50,1018,243,1306,45,0.965543645,0,6,82,10,11,2.802222222,2024,1269
4867,46,890,407,1358,61,0.955081001,0,7,76,32,42,3.132850242,2024,1270
4868,50,994,334,1373,45,0.967225055,1,16,80,14,21,2.951111111,2024,1271
4869,52,1055,328,1436,53,0.963091922,0,3,76,24,26,2.955128205,2024,1272
4870,56,1106,473,1631,52,0.968117719,0,7,66,19,70,3.132936508,2024,1273
4871,53,1063,308,1430,59,0.958741259,0,4,98,20,30,2.874213836,2024,1274
4872,54,1093,411,1541,37,0.975989617,0,1,66,20,58,3.094650206,2024,1275
4873,50,953,245,1245,47,0.962248996,0,12,98,18,26,2.662222222,2024,1276
4874,63,1250,412,1720,58,0.96627907,3,26,88,24,52,2.931216931,2024,1277
4875,47,925,274,1241,42,0.966156326,0,4,62,11,17,2.834515366,2024,1278
4876,53,1043,314,1418,61,0.956981664,1,6,78,14,25,2.844863732,2024,1279
4877,54,1086,486,1655,83,0.949848943,3,19,188,21,37,3.234567901,2024,1280
4878,59,1227,486,1790,77,0.95698324,2,5,58,30,42,3.225988701,2024,1281
4879,66,1343,416,1810,51,0.971823204,1,8,38,14,41,2.961279461,2024,1282
4880,45,897,300,1263,66,0.947743468,0,7,60,24,29,2.955555556,2024,1283
4881,50,993,356,1395,46,0.96702509,0,9,102,24,19,2.997777778,2024,1284
4882,46,930,360,1339,49,0.963405527,2,10,88,31,34,3.115942029,2024,1285
4883,50,999,379,1443,65,0.954954955,0,13,190,23,51,3.062222222,2024,1286
4884,40,805,286,1151,60,0.947871416,0,13,148,28,14,3.030555556,2024,1287
4885,54,1015,371,1445,59,0.95916955,1,8,188,22,43,2.851851852,2024,1288
4886,45,893,359,1304,52,0.960122699,0,10,98,30,26,3.091358025,2024,1289
4887,47,913,354,1311,44,0.966437834,0,6,158,20,38,2.995271868,2024,1290
4888,51,1035,419,1504,50,0.966755319,0,13,114,20,30,3.167755991,2024,1291
4889,51,1000,341,1401,60,0.957173448,0,6,110,26,27,2.921568627,2024,1292
4890,54,1049,372,1462,41,0.971956224,0,11,74,17,20,2.923868313,2024,1293
4891,53,1070,388,1520,62,0.959210526,0,9,72,8,49,3.056603774,2024,1294
4892,36,670,297,1057,90,0.914853359,0,13,268,38,11,2.984567901,2024,1295
4893,51,981,299,1330,50,0.962406015,0,5,53,22,25,2.788671024,2024,1296
4894,58,1154,400,1610,56,0.965217391,0,3,122,27,31,2.977011494,2024,1297
4895,52,1069,332,1449,48,0.966873706,1,9,88,16,30,2.993589744,2024,1298
4896,51,1021,489,1581,71,0.955091714,0,4,142,28,31,3.289760349,2024,1299
4897,56,1147,421,1642,74,0.954933009,0,19,142,22,36,3.111111111,2024,1300
4898,43,850,293,1191,48,0.959697733,0,12,114,30,14,2.953488372,2024,1301
4899,55,1074,514,1669,81,0.951467945,1,15,208,35,66,3.208080808,2024,1302
4900,51,1071,300,1404,33,0.976495726,0,8,52,16,51,2.986928105,2024,1303
4901,55,1175,453,1668,40,0.976019185,3,20,66,20,58,3.288888889,2024,1304
4902,49,952,443,1452,57,0.960743802,0,14,134,22,46,3.163265306,2024,1305
4903,49,920,354,1329,55,0.9586155,0,3,132,17,24,2.888888889,2024,1306
4904,55,1122,383,1573,68,0.956770502,1,14,172,22,27,3.04040404,2024,1307
4905,59,1225,485,1765,55,0.968838527,0,11,52,26,60,3.220338983,2024,1308
4906,56,1149,399,1603,55,0.965689333,0,24,116,24,35,3.071428571,2024,1309
4907,47,906,330,1285,49,0.961867704,0,4,98,30,32,2.921985816,2024,1310
4908,56,1097,346,1488,45,0.969758065,1,10,136,10,26,2.863095238,2024,1311
4909,48,942,337,1333,54,0.959489872,1,16,150,21,21,2.960648148,2024,1312
4910,52,975,457,1506,74,0.950863214,1,8,204,36,63,3.05982906,2024,1313
4911,46,917,350,1307,40,0.969395562,0,7,72,22,25,3.060386473,2024,1314
4912,54,1074,382,1502,46,0.969374168,0,1,106,20,41,2.995884774,2024,1315
4913,55,1168,299,1515,48,0.968316832,0,0,114,15,24,2.963636364,2024,1316
4914,46,904,266,1226,56,0.954323002,0,8,122,32,31,2.826086957,2024,1317
4915,52,1035,390,1484,59,0.960242588,0,7,142,16,79,3.044871795,2024,1318
4916,52,1013,391,1485,81,0.945454545,0,14,142,25,33,3,2024,1319
4917,51,975,320,1361,66,0.951506245,0,4,82,22,17,2.821350763,2024,1320
4918,54,1103,331,1479,45,0.969574037,0,8,54,21,34,2.950617284,2024,1321
4919,54,1078,415,1550,57,0.963225806,0,7,120,14,48,3.072016461,2024,1322
4920,53,1033,385,1486,68,0.954239569,1,9,188,16,22,2.972746331,2024,1323
4921,54,1080,340,1468,48,0.967302452,1,10,78,37,18,2.9218107,2024,1324
4922,51,1000,375,1449,74,0.948930297,0,9,122,16,29,2.995642702,2024,1325
4923,54,1048,434,1550,68,0.956129032,0,13,146,16,37,3.049382716,2024,1326
4924,52,1005,445,1506,56,0.962815405,0,3,86,16,53,3.098290598,2024,1327
4925,49,921,309,1276,46,0.963949843,0,5,72,27,29,2.789115646,2024,1328
4926,52,979,386,1424,59,0.958567416,0,5,136,15,33,2.916666667,2024,1329
4927,53,1031,474,1596,91,0.942982456,0,6,116,34,32,3.155136268,2024,1330
4928,50,957,337,1364,70,0.948680352,0,13,90,29,25,2.875555556,2024,1331
4929,53,1027,275,1380,78,0.943478261,0,2,108,25,7,2.729559748,2024,1332
4930,50,978,415,1456,63,0.956730769,0,5,110,32,46,3.095555556,2024,1333
4931,50,1026,384,1485,75,0.949494949,0,8,101,31,24,3.133333333,2024,1334
4932,51,981,447,1487,59,0.960322798,0,3,106,40,39,3.111111111,2024,1335
4933,45,860,310,1221,51,0.958230958,0,7,102,6,18,2.888888889,2024,1336
4934,49,957,363,1384,64,0.953757225,0,6,198,22,16,2.993197279,2024,1337
4935,50,1012,412,1485,61,0.958922559,0,5,88,24,23,3.164444444,2024,1338
4936,54,1085,517,1689,87,0.948490231,4,7,176,36,70,3.296296296,2024,1339
4937,60,1275,542,1878,61,0.967518637,1,4,54,30,87,3.364814815,2024,1340
4938,49,975,341,1364,48,0.964809384,1,5,52,20,38,2.984126984,2024,1341
4939,51,1005,474,1545,66,0.957281553,0,5,146,37,53,3.222222222,2024,1342
4940,53,1058,420,1537,59,0.961613533,1,10,144,16,32,3.098532495,2024,1343
4941,46,930,332,1317,55,0.958238421,2,8,90,22,21,3.048309179,2024,1344
4942,49,971,318,1351,62,0.954108068,0,11,166,22,20,2.922902494,2024,1345
4943,51,911,377,1366,78,0.942898975,1,16,188,22,33,2.806100218,2024,1346
4944,43,798,307,1164,59,0.949312715,0,7,101,30,16,2.855297158,2024,1347
4945,51,991,291,1323,41,0.969009826,0,10,180,28,14,2.793028322,2024,1348
4946,50,1019,301,1375,55,0.96,0,5,72,22,11,2.933333333,2024,1349
4947,54,1028,414,1515,73,0.951815182,0,4,102,16,36,2.967078189,2024,1350
4948,55,1077,405,1558,76,0.951219512,0,9,152,30,37,2.993939394,2024,1351
4949,48,900,349,1309,60,0.954163484,2,6,115,19,12,2.891203704,2024,1352
4950,47,926,332,1307,49,0.962509564,2,11,126,26,47,2.973995272,2024,1353
4951,54,1080,377,1511,54,0.964262078,0,3,104,32,33,2.997942387,2024,1354
4952,54,1106,483,1658,69,0.958383595,1,3,60,34,64,3.269547325,2024,1355
4953,50,1009,317,1369,43,0.968590212,0,3,64,20,12,2.946666667,2024,1356
4954,47,892,356,1330,82,0.938345865,0,7,60,20,22,2.95035461,2024,1357
4955,47,1003,449,1510,58,0.961589404,0,8,80,25,40,3.432624113,2024,1358
4956,44,905,302,1266,59,0.953396524,1,17,219,23,14,3.047979798,2024,1359
4957,53,1100,376,1540,64,0.958441558,0,18,162,25,22,3.094339623,2024,1360
4958,47,892,428,1386,66,0.952380952,0,3,132,26,32,3.120567376,2024,1361
4959,40,716,285,1057,56,0.947019868,0,27,244,31,32,2.780555556,2024,1362
4960,49,924,328,1312,60,0.954268293,0,10,171,24,33,2.839002268,2024,1363
4961,40,783,337,1198,78,0.934891486,0,10,256,25,26,3.111111111,2024,1364
4962,40,759,421,1232,52,0.957792208,0,13,170,27,31,3.277777778,2024,1365
4963,38,729,267,1034,38,0.963249516,0,4,95,10,6,2.912280702,2024,1366
4964,48,912,343,1312,57,0.956554878,0,14,196,9,40,2.905092593,2024,1367
4965,47,943,305,1312,64,0.951219512,1,5,136,27,18,2.95035461,2024,1368
4966,44,795,336,1194,63,0.947236181,1,16,200,29,27,2.856060606,2024,1369
4967,46,886,350,1306,70,0.946401225,0,3,156,20,25,2.985507246,2024,1370
4968,53,1059,443,1574,72,0.954256671,0,20,168,16,31,3.14884696,2024,1371
4969,47,878,352,1341,111,0.917225951,0,33,194,31,26,2.907801418,2024,1372
4970,56,1075,474,1611,62,0.961514587,1,9,94,38,42,3.073412698,2024,1373
4971,57,1059,324,1451,68,0.953135768,0,3,96,30,14,2.695906433,2024,1374
4972,35,641,241,996,114,0.885542169,0,17,316,8,10,2.8,2024,1375
4973,49,926,418,1442,98,0.932038835,2,32,296,49,28,3.047619048,2024,1376
4974,44,756,272,1102,74,0.932849365,0,16,150,22,16,2.595959596,2024,1377
4975,46,817,343,1204,44,0.96345515,0,9,220,30,34,2.801932367,2024,1378
4976,42,787,252,1110,71,0.936036036,0,5,82,20,35,2.748677249,2024,1379
4977,41,749,275,1105,81,0.926696833,0,12,182,26,15,2.775067751,2024,1380
4978,48,893,356,1329,80,0.939804364,0,23,226,38,12,2.891203704,2024,1381
4979,59,1141,374,1562,47,0.969910371,0,22,42,14,37,2.853107345,2024,1382
4980,56,1043,399,1485,43,0.971043771,0,11,148,6,41,2.861111111,2024,1383
4981,54,1003,292,1351,56,0.958549223,0,2,82,20,20,2.664609053,2024,1384
4982,61,1182,527,1779,70,0.960652052,2,11,82,16,57,3.112932605,2024,1385
4983,59,1137,446,1656,73,0.955917874,1,14,102,21,52,2.981167608,2024,1386
4984,61,1170,370,1586,46,0.970996217,1,19,74,20,36,2.805100182,2024,1387
4985,30,564,232,839,43,0.94874851,1,17,64,11,3,2.948148148,2024,1388
4986,57,1063,422,1544,59,0.961787565,1,7,41,18,83,2.894736842,2024,1389
4987,61,1206,351,1600,43,0.973125,0,11,64,24,41,2.836065574,2024,1390
4988,62,1219,447,1717,51,0.97029703,0,1,119,13,70,2.985663082,2024,1391
4989,58,1099,428,1570,43,0.972611465,0,9,56,4,31,2.925287356,2024,1392
4990,65,1277,480,1816,59,0.967511013,0,3,70,24,29,3.003418803,2024,1393
4991,52,988,415,1468,65,0.955722071,0,9,88,42,38,2.997863248,2024,1394
4992,59,1132,306,1467,29,0.980231766,0,10,56,12,19,2.708097928,2024,1395
4993,51,1010,356,1427,61,0.957252978,1,4,114,18,51,2.976034858,2024,1396
4994,57,1129,300,1491,62,0.95841717,0,10,72,21,37,2.785575049,2024,1397
4995,52,979,339,1356,38,0.971976401,2,7,106,20,20,2.816239316,2024,1398
4996,65,1229,377,1658,52,0.968636912,0,6,58,15,30,2.745299145,2024,1399
4997,50,962,284,1288,42,0.967391304,0,2,82,8,31,2.768888889,2024,1400
4998,47,902,377,1322,43,0.967473525,0,4,128,4,27,3.023640662,2024,1401
4999,52,1056,334,1469,79,0.94622192,0,14,104,22,30,2.97008547,2024,1402
5000,66,1315,498,1858,45,0.975780409,0,6,40,14,59,3.052188552,2024,1403
5001,57,1124,471,1650,55,0.966666667,0,3,80,16,27,3.109161793,2024,1404
5002,52,1006,414,1471,51,0.965329708,0,7,88,25,48,3.034188034,2024,1405
5003,42,768,292,1121,61,0.9455843,0,11,135,13,19,2.804232804,2024,1406
5004,47,926,433,1425,66,0.953684211,0,3,110,16,30,3.212765957,2024,1407
5005,38,664,307,1036,65,0.937258687,0,16,174,18,13,2.839181287,2024,1408
5006,47,866,309,1226,51,0.958401305,0,8,136,22,52,2.777777778,2024,1409
5007,58,1109,348,1502,45,0.970039947,1,15,100,16,47,2.791187739,2024,1410
5008,52,1011,276,1345,58,0.956877323,0,10,68,16,47,2.75,2024,1411
5009,70,1406,456,1926,64,0.966770509,1,8,70,13,37,2.955555556,2024,1412
5010,59,1153,461,1681,67,0.960142772,1,6,92,22,26,3.039548023,2024,1413
5011,58,1137,406,1630,87,0.946625767,0,8,88,21,41,2.955938697,2024,1414
5012,47,911,272,1258,75,0.940381558,0,6,144,18,6,2.796690307,2024,1415
5013,50,984,420,1460,56,0.961643836,0,11,96,17,31,3.12,2024,1416
5014,56,1095,318,1465,52,0.964505119,0,11,106,29,29,2.803571429,2024,1417
5015,56,1077,350,1494,67,0.955153949,0,10,106,22,27,2.831349206,2024,1418
5016,53,1056,442,1551,53,0.965828498,0,12,132,18,25,3.140461216,2024,1419
5017,53,1087,445,1583,51,0.967782691,3,12,94,23,39,3.211740042,2024,1420
5018,54,1001,350,1413,62,0.956121727,1,13,144,32,27,2.779835391,2024,1421
5019,50,1006,405,1461,50,0.965776865,1,4,90,17,38,3.135555556,2024,1422
5020,55,1081,372,1513,60,0.960343688,0,5,38,16,24,2.935353535,2024,1423
5021,50,922,392,1352,38,0.971893491,0,6,100,15,21,2.92,2024,1424
5022,53,1003,375,1455,77,0.947079038,1,18,134,22,11,2.888888889,2024,1425
5023,60,1221,376,1662,65,0.960890493,0,9,88,12,43,2.957407407,2024,1426
5024,51,999,434,1486,53,0.964333782,0,7,92,6,41,3.122004357,2024,1427
5025,57,1100,451,1601,50,0.968769519,2,1,28,8,38,3.023391813,2024,1428
5026,57,1179,370,1587,38,0.976055451,0,23,140,22,16,3.019493177,2024,1429
5027,54,1046,415,1549,88,0.943189154,1,26,144,25,40,3.00617284,2024,1430
5028,52,980,459,1507,68,0.95487724,2,15,77,45,51,3.074786325,2024,1431
5029,49,1009,364,1428,55,0.961484594,0,25,90,16,17,3.113378685,2024,1432
5030,48,980,415,1445,50,0.965397924,1,8,72,20,29,3.229166667,2024,1433
5031,51,985,414,1483,84,0.943358058,0,9,110,12,40,3.047930283,2024,1434
5032,63,1255,372,1672,45,0.973086124,0,4,68,24,20,2.869488536,2024,1435
5033,53,1035,396,1477,46,0.968855789,0,6,76,18,44,3,2024,1436
5034,62,1217,482,1743,44,0.974756168,0,7,50,10,52,3.044802867,2024,1437
5035,49,973,407,1430,50,0.965034965,0,13,106,15,17,3.129251701,2024,1438
5036,59,1140,456,1649,53,0.967859309,1,7,122,29,36,3.005649718,2024,1439
5037,60,1229,303,1569,37,0.976418101,1,6,42,17,24,2.837037037,2024,1440
5038,45,828,273,1178,77,0.934634975,0,14,126,13,16,2.718518519,2024,1441
5039,52,1003,304,1348,41,0.96958457,1,15,82,22,24,2.792735043,2024,1442
5040,67,1335,463,1845,47,0.974525745,0,3,48,28,38,2.981757877,2024,1443
5041,46,860,303,1245,82,0.934136546,1,7,108,35,6,2.809178744,2024,1444
5042,54,1033,315,1383,35,0.974692697,0,5,56,20,30,2.773662551,2024,1445
5043,44,840,248,1125,37,0.967111111,0,9,88,21,6,2.747474747,2024,1446
5044,43,806,286,1145,53,0.95371179,0,10,108,12,13,2.821705426,2024,1447
5045,54,1063,302,1436,71,0.950557103,1,10,122,22,24,2.808641975,2024,1448
5046,42,805,382,1235,48,0.961133603,0,11,82,28,43,3.14021164,2024,1449
5047,52,1051,403,1511,57,0.962276638,0,4,64,21,32,3.106837607,2024,1450
5048,48,922,329,1310,59,0.954961832,0,9,66,22,33,2.895833333,2024,1451
5049,58,1172,487,1736,77,0.955645161,0,12,64,25,27,3.17816092,2024,1452
5050,60,1200,436,1673,37,0.977884041,1,4,28,12,37,3.02962963,2024,1453
5051,54,1062,435,1562,65,0.958386684,0,5,134,19,23,3.080246914,2024,1454
5052,41,811,326,1193,56,0.953059514,0,9,44,17,31,3.081300813,2024,1455
5053,53,1065,253,1352,34,0.974852071,0,2,60,5,17,2.763102725,2024,1456
5054,43,796,336,1228,96,0.921824104,0,14,154,25,9,2.925064599,2024,1457
5055,39,740,333,1119,46,0.958891868,0,18,160,16,7,3.056980057,2024,1458
5056,44,871,300,1216,45,0.962993421,0,9,80,32,26,2.957070707,2024,1459
5057,54,986,320,1393,87,0.937544867,0,15,106,42,14,2.687242798,2024,1460
5058,53,936,370,1383,77,0.944323933,0,26,202,26,35,2.737945493,2024,1461
5059,42,822,358,1250,70,0.944,0,20,100,19,47,3.121693122,2024,1462
5060,45,828,356,1242,58,0.953301127,0,13,154,8,6,2.92345679,2024,1463
5061,54,1035,243,1333,55,0.958739685,1,3,120,16,22,2.62962963,2024,1464
5062,55,1050,412,1510,48,0.968211921,0,6,92,18,33,2.953535354,2024,1465
5063,58,1231,553,1857,73,0.960689284,0,9,64,8,89,3.417624521,2024,1466
5064,53,1033,381,1482,68,0.954116059,0,5,78,12,48,2.964360587,2024,1467
5065,55,1125,406,1608,77,0.952114428,3,7,204,16,29,3.092929293,2024,1468
5066,62,1193,444,1696,59,0.965212264,0,1,108,30,37,2.933691756,2024,1469
5067,47,905,296,1260,59,0.953174603,0,5,118,14,29,2.839243499,2024,1470
5068,48,933,390,1398,75,0.946351931,0,13,96,29,33,3.0625,2024,1471
5069,57,1128,337,1516,51,0.966358839,1,11,134,18,26,2.855750487,2024,1472
5070,54,1100,431,1588,57,0.964105793,0,14,80,16,34,3.150205761,2024,1473
5071,50,917,305,1295,73,0.943629344,0,3,170,16,15,2.715555556,2024,1474
5072,45,926,336,1324,62,0.953172205,0,7,122,25,33,3.116049383,2024,1475
5073,46,870,320,1287,97,0.924630925,2,9,191,32,52,2.874396135,2024,1476
5074,45,852,384,1298,62,0.952234206,0,10,158,12,51,3.051851852,2024,1477
5075,49,995,251,1283,37,0.971161341,0,1,94,19,21,2.825396825,2024,1478
5076,52,1068,339,1457,50,0.96568291,0,9,112,18,29,3.006410256,2024,1479
5077,54,1048,251,1351,52,0.961509993,0,6,106,12,8,2.672839506,2024,1480
5078,55,1069,353,1490,68,0.954362416,1,12,122,16,23,2.872727273,2024,1481
5079,58,1160,490,1726,76,0.955967555,0,10,114,22,61,3.16091954,2024,1482
5080,57,1143,384,1591,64,0.959773727,0,8,70,16,17,2.976608187,2024,1483
5081,53,1031,300,1404,73,0.948005698,1,12,124,16,46,2.790356394,2024,1484
5082,54,1071,309,1419,39,0.972515856,0,2,86,13,14,2.839506173,2024,1485
5083,49,970,357,1407,80,0.943141436,2,15,116,16,35,3.009070295,2024,1486
5084,47,895,430,1378,53,0.961538462,0,8,148,14,40,3.132387707,2024,1487
5085,56,1132,369,1556,55,0.964652956,0,8,102,29,47,2.978174603,2024,1488
5086,57,1095,439,1592,58,0.963567839,1,17,168,22,38,2.990253411,2024,1489
5087,53,1044,349,1460,67,0.954109589,0,9,110,24,20,2.92033543,2024,1490
5088,49,914,437,1415,64,0.954770318,0,18,142,21,43,3.063492063,2024,1491
5089,54,1152,411,1614,51,0.968401487,0,6,34,34,18,3.216049383,2024,1492
5090,48,965,306,1323,52,0.960695389,0,4,86,17,20,2.94212963,2024,1493
5091,51,1017,311,1383,55,0.960231381,0,15,126,20,27,2.893246187,2024,1494
5092,58,1187,408,1635,40,0.975535168,0,2,52,31,19,3.055555556,2024,1495
5093,46,822,316,1218,80,0.934318555,1,22,104,32,27,2.748792271,2024,1496
5094,58,1192,425,1666,49,0.970588235,1,8,88,26,23,3.097701149,2024,1497
5095,24,438,166,637,33,0.948194662,0,9,106,1,0,2.796296296,2024,1498
5096,55,1099,320,1469,50,0.96596324,0,3,86,12,24,2.866666667,2024,1499
5097,52,1039,378,1474,57,0.961329715,0,7,138,18,34,3.027777778,2024,1500
5098,64,1365,481,1904,58,0.969537815,0,10,106,10,41,3.204861111,2024,1501
5099,58,1144,388,1602,70,0.956304619,0,7,120,16,42,2.9348659,2024,1502
5100,50,1036,378,1457,43,0.970487303,0,11,94,18,19,3.142222222,2024,1503
5101,47,858,214,1130,58,0.948672566,0,10,138,18,18,2.53427896,2024,1504
5102,51,995,280,1320,45,0.965909091,0,4,56,16,36,2.777777778,2024,1505
5103,50,1007,395,1466,64,0.956343793,0,6,164,28,28,3.115555556,2024,1506
5104,54,1058,467,1607,82,0.948973242,0,10,142,20,29,3.137860082,2024,1507
5105,41,848,470,1368,50,0.963450292,1,4,54,18,61,3.571815718,2024,1508
5106,51,1048,492,1595,55,0.965517241,0,7,166,26,32,3.355119826,2024,1509
5107,49,1022,399,1484,63,0.95754717,0,4,94,16,17,3.222222222,2024,1510
5108,52,993,403,1456,60,0.958791209,0,10,120,26,32,2.982905983,2024,1511
5109,53,1063,323,1427,41,0.971268395,0,7,74,27,17,2.905660377,2024,1512
5110,52,1080,421,1540,39,0.974675325,0,11,64,14,19,3.207264957,2024,1513
5111,53,1058,360,1466,48,0.967257844,0,15,58,26,40,2.972746331,2024,1514
5112,53,976,367,1411,68,0.951807229,0,19,188,21,30,2.815513627,2024,1515
5113,55,1090,351,1499,58,0.961307538,0,5,59,12,45,2.911111111,2024,1516
5114,48,914,348,1311,49,0.962623951,0,12,86,30,24,2.921296296,2024,1517
5115,54,953,382,1405,70,0.950177936,0,13,110,22,19,2.74691358,2024,1518
5116,57,1173,360,1595,62,0.961128527,0,2,64,18,24,2.988304094,2024,1519
5117,49,957,395,1436,84,0.941504178,0,15,192,16,19,3.065759637,2024,1520
5118,48,912,274,1240,54,0.956451613,0,9,90,30,16,2.74537037,2024,1521
5119,41,803,339,1200,58,0.951666667,1,11,60,13,29,3.094850949,2024,1522
5120,41,759,355,1187,73,0.938500421,0,11,210,20,19,3.01897019,2024,1523
5121,52,914,489,1537,134,0.912817176,1,14,224,34,33,2.997863248,2024,1524
5122,51,981,222,1267,64,0.949486977,1,4,116,18,19,2.620915033,2024,1525
5123,55,1094,407,1574,73,0.953621347,0,14,196,20,43,3.032323232,2024,1526
5124,52,1041,403,1528,84,0.945026178,0,8,174,17,64,3.085470085,2024,1527
5125,52,1025,379,1470,66,0.955102041,1,9,202,22,31,3,2024,1528
5126,59,1179,388,1647,80,0.951426837,0,16,156,28,18,2.951035782,2024,1529
5127,48,985,451,1491,55,0.963112005,0,6,70,15,47,3.324074074,2024,1530
5128,35,635,239,905,31,0.965745856,0,14,108,25,20,2.774603175,2024,1531
5129,52,1034,367,1442,41,0.971567268,0,7,72,30,33,2.993589744,2024,1532
5130,44,874,385,1334,75,0.943778111,0,4,133,32,29,3.179292929,2024,1533
5131,44,840,328,1257,89,0.9291965,0,6,68,18,33,2.949494949,2024,1534
5132,52,0,0,0,0,0,0,0,0,0,0,0,2024,1535
5133,50,0,0,0,0,0,0,0,0,0,0,0,2024,1536
5134,52,0,0,0,0,0,0,0,0,0,0,0,2024,1537
5135,49,1008,408,1466,50,0.965893588,0,9,80,20,31,3.210884354,2024,1538
5136,46,919,298,1271,54,0.957513769,0,4,102,10,15,2.939613527,2024,1539
5137,52,1002,483,1550,65,0.958064516,0,16,272,36,21,3.173076923,2024,1540
5138,49,933,375,1367,59,0.956839795,0,2,94,20,46,2.965986395,2024,1541
5139,51,951,334,1362,77,0.943465492,0,13,134,20,25,2.79956427,2024,1542
5140,48,912,393,1390,85,0.938848921,0,9,126,30,63,3.020833333,2024,1543
5141,52,991,323,1358,44,0.967599411,0,8,176,10,40,2.807692308,2024,1544
5142,51,1032,376,1475,67,0.954576271,1,12,88,18,40,3.067538126,2024,1545
5143,40,744,262,1117,111,0.900626679,0,20,344,22,13,2.794444444,2024,1546
5144,53,989,389,1448,70,0.951657459,0,7,158,16,15,2.888888889,2024,1547
5145,53,1141,416,1620,63,0.961111111,0,8,68,18,45,3.264150943,2024,1548
5146,56,1132,489,1670,49,0.970658683,0,5,80,10,49,3.216269841,2024,1549
5147,48,929,360,1343,54,0.959791512,0,10,136,12,15,2.983796296,2024,1550
5148,42,781,368,1224,75,0.93872549,0,14,134,17,28,3.03968254,2024,1551
5149,46,907,352,1304,45,0.965490798,0,12,110,17,19,3.041062802,2024,1552
5150,52,991,369,1436,76,0.947075209,0,8,120,23,35,2.905982906,2024,1553
5151,34,664,236,950,50,0.947368421,0,18,168,22,13,2.941176471,2024,1554
5152,42,793,275,1147,79,0.931124673,0,25,182,19,13,2.825396825,2024,1555
5153,44,865,288,1193,40,0.966471081,0,11,100,7,29,2.911616162,2024,1556
5154,47,935,399,1391,57,0.959022286,0,5,144,11,26,3.153664303,2024,1557
5155,54,1018,451,1541,72,0.953277093,0,22,258,10,50,3.022633745,2024,1558
5156,46,943,342,1325,40,0.969811321,0,5,98,18,44,3.103864734,2024,1559
5157,38,712,213,977,52,0.946775844,0,4,108,10,16,2.704678363,2024,1560
5158,53,1102,407,1561,52,0.96668802,0,3,30,14,52,3.163522013,2024,1561
5159,46,923,414,1383,46,0.966738973,0,3,46,24,41,3.229468599,2024,1562
5160,43,778,270,1118,70,0.937388193,0,13,188,4,26,2.708010336,2024,1563
5161,55,1104,329,1497,64,0.957247829,1,3,66,18,28,2.894949495,2024,1564
5162,48,966,396,1416,54,0.961864407,0,7,102,22,39,3.152777778,2024,1565
5163,43,900,354,1303,49,0.962394474,0,7,70,4,51,3.240310078,2024,1566
5164,45,915,449,1444,80,0.944598338,0,3,190,14,26,3.367901235,2024,1567
5165,58,1190,413,1648,45,0.972694175,0,6,60,29,29,3.070881226,2024,1568
5166,51,990,341,1395,64,0.954121864,0,12,144,39,18,2.899782135,2024,1569
5167,55,1121,424,1601,56,0.965021861,1,7,124,14,26,3.121212121,2024,1570
5168,49,922,450,1426,54,0.962131837,0,16,88,12,31,3.111111111,2024,1571
5169,33,608,192,861,61,0.929152149,0,2,89,19,12,2.693602694,2024,1572
5170,47,921,407,1376,48,0.965116279,0,8,118,14,16,3.139479905,2024,1573
5171,36,742,370,1158,46,0.960276339,0,4,36,10,52,3.432098765,2024,1574
5172,20,351,139,518,28,0.945945946,1,5,94,6,7,2.722222222,2024,1575
5173,46,871,299,1250,80,0.936,0,10,192,16,13,2.826086957,2024,1576
5174,49,921,420,1415,74,0.94770318,0,6,164,19,34,3.040816327,2024,1577
5175,54,1045,457,1604,102,0.936408978,2,26,152,21,29,3.090534979,2024,1578
5176,52,1081,418,1541,42,0.972744971,1,10,74,32,40,3.202991453,2024,1579
5177,43,777,368,1250,105,0.916,1,41,250,22,32,2.958656331,2024,1580
5178,41,782,229,1057,46,0.956480605,0,6,83,16,14,2.739837398,2024,1581
5179,51,1020,362,1423,41,0.971187632,0,11,132,18,17,3.010893246,2024,1582
5180,51,976,412,1452,64,0.955922865,0,13,92,34,38,3.023965142,2024,1583
5181,46,827,377,1261,57,0.95479778,0,9,166,12,33,2.90821256,2024,1584
5182,46,990,386,1469,93,0.936691627,1,7,194,21,25,3.323671498,2024,1585
5183,48,941,326,1313,46,0.964965727,2,11,98,22,33,2.93287037,2024,1586
5184,43,902,298,1245,45,0.963855422,0,6,104,14,25,3.100775194,2024,1587
5185,49,972,352,1378,54,0.960812772,0,8,30,26,14,3.002267574,2024,1588
5186,34,645,244,953,64,0.932843652,0,17,124,17,15,2.905228758,2024,1589
5187,42,751,325,1158,82,0.929188256,0,15,224,10,20,2.846560847,2024,1590
5188,43,879,375,1323,69,0.947845805,0,8,130,14,29,3.240310078,2024,1591
5189,36,737,353,1146,56,0.95113438,0,4,60,21,47,3.364197531,2024,1592
5190,53,1068,387,1494,39,0.973895582,0,2,44,12,27,3.050314465,2024,1593
5191,43,910,472,1427,45,0.968465312,0,2,60,12,43,3.571059432,2024,1594
5192,47,937,463,1471,71,0.951733515,1,10,99,19,48,3.309692671,2024,1595
5193,45,951,347,1350,52,0.961481481,0,6,82,22,16,3.204938272,2024,1596
5194,48,1018,347,1427,62,0.956552207,0,4,120,24,31,3.159722222,2024,1597
5195,39,719,265,1038,54,0.947976879,1,9,190,12,22,2.803418803,2024,1598
5196,48,991,492,1547,64,0.958629606,0,7,55,30,47,3.43287037,2024,1599
5197,49,908,350,1324,66,0.950151057,0,15,130,31,53,2.85260771,2024,1600
5198,42,835,311,1190,44,0.96302521,0,8,84,14,35,3.031746032,2024,1601
5199,51,970,418,1455,67,0.95395189,0,16,168,29,34,3.023965142,2024,1602
5200,45,920,383,1364,61,0.955278592,1,11,84,16,15,3.217283951,2024,1603
5201,43,846,245,1133,42,0.962930274,0,3,106,17,29,2.819121447,2024,1604
5202,49,982,297,1326,47,0.964555053,0,8,116,15,10,2.900226757,2024,1605
5203,49,892,314,1272,66,0.948113208,0,23,170,24,15,2.734693878,2024,1606
5204,53,1008,416,1478,54,0.963464141,1,7,132,27,29,2.985324948,2024,1607
5205,60,1231,373,1670,66,0.960479042,0,20,134,22,26,2.97037037,2024,1608
5206,37,751,280,1090,59,0.94587156,0,9,74,2,11,3.096096096,2024,1609
5207,44,828,260,1137,49,0.956904134,0,8,114,22,13,2.747474747,2024,1610
5208,56,1112,509,1679,58,0.965455628,0,3,140,28,54,3.216269841,2024,1611
5209,52,1042,334,1429,53,0.962911127,0,11,130,14,22,2.94017094,2024,1612
5210,44,867,324,1250,59,0.9528,0,6,128,31,43,3.007575758,2024,1613
5211,44,853,263,1184,68,0.942567568,2,3,136,24,16,2.818181818,2024,1614
5212,47,859,327,1235,49,0.960323887,0,3,80,27,40,2.803782506,2024,1615
5213,40,722,351,1122,49,0.956327986,0,30,110,24,29,2.980555556,2024,1617
5214,45,0,0,0,0,0,0,0,0,0,0,0,2024,1618
5215,51,1066,364,1490,60,0.959731544,0,6,156,28,28,3.11546841,2024,1619
5216,40,697,256,1029,76,0.926141885,0,17,249,16,25,2.647222222,2024,1620
5217,40,707,271,1054,76,0.927893738,0,37,150,13,10,2.716666667,2024,1622
5218,41,779,268,1090,43,0.960550459,0,11,98,19,25,2.837398374,2024,1623
5219,40,795,294,1132,43,0.962014134,0,6,108,20,31,3.025,2024,1624
5220,54,1063,316,1434,55,0.961645746,0,3,108,8,34,2.83744856,2024,1625
5221,46,823,303,1209,83,0.931348222,0,5,174,33,18,2.719806763,2024,1626
5222,55,1119,522,1715,74,0.956851312,0,8,158,34,43,3.315151515,2024,1627
5223,50,992,373,1426,61,0.957223001,0,8,88,20,22,3.033333333,2024,1628
5224,53,934,373,1384,77,0.944364162,0,22,260,19,21,2.740041929,2024,1629
5225,47,911,398,1384,75,0.945809249,0,25,150,36,52,3.094562648,2024,1630
5226,52,1001,385,1471,85,0.942216179,0,11,150,20,25,2.961538462,2024,1631
5227,32,544,153,769,72,0.906371912,0,14,201,14,12,2.420138889,2024,1632
5228,45,886,329,1281,66,0.948477752,0,3,132,16,28,3,2024,1633
5229,47,943,303,1299,53,0.959199384,0,2,62,29,16,2.945626478,2024,1634
5230,51,1021,420,1519,78,0.948650428,0,8,174,16,38,3.139433551,2024,1635
5231,52,971,394,1447,82,0.94333103,0,7,180,12,61,2.916666667,2024,1636
5232,47,870,349,1295,76,0.941312741,0,7,144,30,22,2.88179669,2024,1637
5233,45,863,385,1313,65,0.95049505,0,19,82,24,38,3.081481481,2024,1638
5234,50,978,397,1440,65,0.954861111,0,3,112,37,48,3.055555556,2024,1639
5235,46,817,302,1203,84,0.930174564,0,16,236,24,20,2.702898551,2024,1640
5236,32,583,252,895,60,0.932960894,0,11,136,4,13,2.899305556,2024,1641
5237,26,450,184,693,59,0.914862915,0,54,214,8,3,2.709401709,2024,1642
5238,51,1034,387,1491,70,0.953051643,0,11,104,38,50,3.095860566,2024,1643
5239,40,760,213,1028,55,0.946498054,0,3,196,11,9,2.702777778,2024,1644
5240,48,907,398,1384,79,0.942919075,1,23,266,17,58,3.020833333,2024,1645
5241,41,850,399,1309,60,0.954163484,2,5,90,29,22,3.384823848,2024,1646
5242,42,814,277,1156,65,0.943771626,0,10,120,33,21,2.886243386,2024,1647
5243,30,551,237,856,68,0.920560748,0,13,128,16,6,2.918518519,2024,1648
5244,51,948,404,1383,31,0.97758496,0,6,66,9,40,2.945533769,2024,1649
5245,36,621,164,835,50,0.94011976,0,6,73,9,7,2.422839506,2024,1650
5246,44,752,278,1071,41,0.961718021,0,3,76,10,30,2.601010101,2024,1651
5247,53,1010,364,1420,46,0.967605634,0,11,102,17,38,2.880503145,2024,1652
5248,42,833,357,1239,49,0.960451977,0,2,78,9,53,3.148148148,2024,1653
5249,45,834,331,1229,64,0.947925142,1,13,94,16,19,2.87654321,2024,1654
5250,41,756,275,1076,45,0.958178439,0,5,62,18,14,2.79403794,2024,1655
5251,48,849,209,1093,35,0.967978042,0,1,40,8,7,2.449074074,2024,1656
5252,42,805,284,1120,31,0.972321429,0,0,36,5,27,2.880952381,2024,1657
5253,49,909,286,1235,40,0.967611336,0,2,92,16,40,2.709750567,2024,1658
5254,39,724,265,1054,65,0.938330171,0,19,94,20,24,2.817663818,2024,1659
5255,38,734,270,1028,24,0.976653696,0,2,54,10,30,2.935672515,2024,1660
5256,54,1007,263,1304,34,0.97392638,1,5,46,28,17,2.613168724,2024,1661
5257,44,833,285,1164,46,0.9604811,0,6,46,16,17,2.823232323,2024,1662
5258,45,881,305,1232,46,0.962662338,0,3,52,16,38,2.928395062,2024,1663
5259,46,817,235,1095,43,0.960730594,0,11,110,16,14,2.541062802,2024,1664
5260,37,716,256,1009,37,0.96333003,0,0,46,17,23,2.918918919,2024,1665
5261,46,885,334,1254,35,0.972089314,0,2,59,12,32,2.944444444,2024,1666
5262,41,752,366,1160,42,0.963793103,0,8,108,25,38,3.029810298,2024,1667
5263,43,842,287,1156,27,0.976643599,0,3,70,12,24,2.917312661,2024,1668
5264,43,823,370,1257,64,0.949085123,0,8,80,20,39,3.082687339,2024,1669
5265,40,782,371,1204,51,0.957641196,1,2,50,15,39,3.202777778,2024,1670
5266,37,658,300,1010,52,0.948514851,0,7,76,13,23,2.876876877,2024,1671
5267,42,779,219,1021,23,0.977473066,0,6,62,8,14,2.64021164,2024,1672
5268,47,913,377,1359,69,0.949227373,0,5,58,29,42,3.04964539,2024,1673
5269,41,803,299,1179,77,0.934690416,0,4,62,25,27,2.986449864,2024,1674
5270,41,792,284,1109,33,0.970243463,0,5,50,16,21,2.91598916,2024,1675
5271,38,735,290,1063,38,0.964252117,0,4,34,14,19,2.997076023,2024,1676
5272,34,645,194,886,47,0.946952596,0,12,84,6,12,2.741830065,2024,1677
5273,40,767,256,1070,47,0.956074766,0,6,114,33,25,2.841666667,2024,1678
5274,41,781,229,1069,59,0.944808232,0,6,118,4,30,2.737127371,2024,1679
5275,43,868,241,1165,56,0.95193133,0,31,108,12,18,2.865633075,2024,1680
5276,50,955,447,1452,50,0.965564738,0,5,50,23,19,3.115555556,2024,1681
5277,43,851,347,1257,59,0.953062848,1,3,52,14,20,3.095607235,2024,1682
5278,43,819,295,1156,42,0.96366782,0,15,76,16,27,2.878552972,2024,1683
5279,31,612,209,844,23,0.972748815,0,7,110,18,13,2.94265233,2024,1684
5280,43,840,285,1174,49,0.958262351,0,7,74,12,29,2.906976744,2024,1685
5281,40,757,234,1023,32,0.968719453,0,18,88,6,3,2.752777778,2024,1686
5282,47,939,423,1419,57,0.959830867,4,7,68,14,12,3.219858156,2024,1687
5283,40,763,369,1181,49,0.958509738,0,2,58,25,59,3.144444444,2024,1688
5284,42,873,260,1173,40,0.965899403,0,6,64,22,9,2.997354497,2024,1689
5285,47,950,367,1395,78,0.944086022,0,4,70,44,39,3.113475177,2024,1690
5286,39,756,331,1144,57,0.950174825,0,5,90,12,36,3.096866097,2024,1691
5287,40,731,256,1051,64,0.939105614,0,7,124,24,15,2.741666667,2024,1692
5288,38,709,251,1014,54,0.946745562,0,8,44,15,20,2.807017544,2024,1693
5289,40,785,333,1183,65,0.945054945,0,10,156,16,10,3.105555556,2024,1694
5290,35,618,288,1006,100,0.900596421,0,5,84,9,14,2.876190476,2024,1695
5291,37,689,279,1031,63,0.938894277,0,5,36,14,12,2.906906907,2024,1696
5292,41,798,243,1087,46,0.957681693,0,9,86,18,12,2.821138211,2024,1697
5293,44,878,226,1147,43,0.962510898,0,1,56,25,16,2.787878788,2024,1698
5294,48,941,339,1329,49,0.963130173,0,4,102,26,46,2.962962963,2024,1699
5295,49,959,315,1313,39,0.97029703,2,8,88,16,24,2.888888889,2024,1700
5296,41,794,400,1262,68,0.946117274,0,1,60,33,36,3.235772358,2024,1701
5297,41,783,282,1092,27,0.975274725,0,7,52,18,22,2.886178862,2024,1702
5298,32,556,214,829,59,0.928829916,0,24,126,13,21,2.673611111,2024,1703
5299,37,706,325,1076,45,0.958178439,1,2,52,20,20,3.096096096,2024,1704
5300,43,831,319,1194,44,0.963149079,0,7,86,17,14,2.971576227,2024,1705
5301,34,667,304,1025,54,0.947317073,0,1,84,22,34,3.173202614,2024,1706
5302,38,745,190,974,39,0.959958932,1,5,72,0,13,2.733918129,2024,1707
5303,45,886,305,1231,40,0.967506093,0,4,90,8,27,2.940740741,2024,1708
5304,42,802,345,1201,54,0.955037469,0,8,74,18,18,3.034391534,2024,1709
5305,41,792,269,1106,45,0.959312839,0,5,46,16,22,2.875338753,2024,1710
5306,45,890,239,1168,39,0.966609589,2,6,46,8,20,2.787654321,2024,1711
5307,42,794,312,1159,53,0.954270923,2,6,102,12,26,2.925925926,2024,1712
5308,41,775,350,1160,35,0.969827586,0,2,46,13,65,3.048780488,2024,1713
5309,57,1130,349,1521,42,0.972386588,0,15,92,14,28,2.883040936,2024,1714
5310,36,671,252,979,56,0.942798774,0,3,128,17,16,2.848765432,2024,1715
5311,43,839,303,1197,55,0.954051796,0,5,66,14,32,2.950904393,2024,1716
5312,35,668,253,968,47,0.951446281,1,7,110,2,17,2.923809524,2024,1717
5313,36,695,317,1063,51,0.952022578,0,15,104,13,13,3.12345679,2024,1718
5314,35,679,260,996,57,0.942771084,0,2,72,12,8,2.980952381,2024,1719
5315,42,839,349,1236,48,0.961165049,0,5,100,7,26,3.142857143,2024,1720
5316,39,821,326,1187,40,0.966301601,0,10,84,24,30,3.267806268,2024,1721
5317,49,976,484,1502,42,0.972037284,0,2,28,19,47,3.310657596,2024,1722
5318,43,824,309,1193,60,0.949706622,0,11,106,12,19,2.927648579,2024,1723
5319,39,770,307,1135,58,0.948898678,2,6,71,24,14,3.068376068,2024,1724
5320,51,1004,434,1474,36,0.975576662,0,3,48,16,51,3.132897603,2024,1725
5321,43,845,242,1122,35,0.968805704,0,23,88,10,14,2.80878553,2024,1726
5322,42,826,260,1124,38,0.966192171,0,10,116,16,42,2.873015873,2024,1727
5323,28,533,193,776,50,0.93556701,0,10,82,9,12,2.880952381,2024,1728
5324,39,764,363,1179,52,0.955894826,0,32,90,19,31,3.210826211,2024,1729
5325,44,871,245,1162,46,0.960413081,0,3,64,12,15,2.818181818,2024,1730
5326,30,568,282,894,44,0.950782998,0,6,100,16,10,3.148148148,2024,1731
5327,41,824,289,1176,63,0.946428571,0,2,84,22,22,3.016260163,2024,1732
5328,39,758,318,1122,46,0.959001783,0,4,70,12,11,3.065527066,2024,1733
5329,39,778,323,1149,48,0.958224543,0,10,110,12,19,3.136752137,2024,1734
5330,26,487,172,701,42,0.940085592,0,1,62,7,18,2.816239316,2024,1735
5331,30,506,172,740,62,0.916216216,0,30,112,9,22,2.511111111,2024,1736
5332,43,843,360,1251,48,0.961630695,0,7,82,19,33,3.108527132,2024,1737
5333,30,593,195,839,51,0.939213349,2,5,104,28,5,2.918518519,2024,1738
5334,41,789,357,1187,41,0.965459141,1,27,104,12,22,3.105691057,2024,1739
5335,40,867,347,1305,91,0.930268199,0,13,146,29,13,3.372222222,2024,1740
5336,41,777,266,1092,49,0.955128205,0,8,110,20,18,2.826558266,2024,1741
5337,44,849,317,1231,65,0.9471974,0,4,108,14,25,2.944444444,2024,1742
5338,40,793,333,1183,57,0.951817413,0,7,66,12,62,3.127777778,2024,1743
5339,35,690,267,989,32,0.967644085,1,5,94,10,20,3.038095238,2024,1744
5340,38,759,336,1145,50,0.956331878,0,3,92,9,39,3.201754386,2024,1745
5341,41,807,258,1097,32,0.970829535,0,3,44,10,30,2.886178862,2024,1746
5342,35,673,282,988,33,0.96659919,0,3,52,16,32,3.031746032,2024,1747
5343,39,759,206,999,34,0.965965966,1,7,88,15,14,2.749287749,2024,1748
5344,34,568,248,880,64,0.927272727,0,47,127,11,16,2.666666667,2024,1749
5345,42,863,320,1217,34,0.972062449,0,0,82,10,31,3.12962963,2024,1750
5346,42,816,273,1145,56,0.951091703,0,3,118,16,17,2.880952381,2024,1751
5347,45,863,342,1245,40,0.967871486,0,2,96,38,25,2.975308642,2024,1752
5348,43,831,282,1149,36,0.968668407,0,5,58,24,33,2.875968992,2024,1753
5349,33,615,240,910,55,0.93956044,0,12,80,20,13,2.878787879,2024,1754
5350,35,669,304,1012,39,0.961462451,0,10,76,21,37,3.088888889,2024,1755
5351,30,599,255,897,43,0.95206243,0,1,62,21,28,3.162962963,2024,1756
5352,39,723,280,1068,65,0.939138577,0,12,88,18,11,2.857549858,2024,1757
5353,39,762,268,1081,51,0.952821462,0,5,110,14,17,2.934472934,2024,1758
5354,41,781,269,1100,50,0.954545455,1,3,78,10,12,2.845528455,2024,1759
5355,52,1047,383,1457,27,0.981468771,1,0,28,27,59,3.055555556,2024,1760
5356,35,683,319,1047,45,0.957020057,0,3,66,13,31,3.180952381,2024,1761
5357,43,821,327,1215,67,0.944855967,0,10,112,32,37,2.966408269,2024,1762
5358,33,669,296,1002,37,0.963073852,0,13,72,10,19,3.249158249,2024,1763
5359,44,865,387,1302,50,0.961597542,0,10,86,24,15,3.161616162,2024,1764
5360,40,798,366,1228,64,0.947882736,0,25,96,18,32,3.233333333,2024,1765
5361,42,856,324,1248,68,0.945512821,0,1,76,25,37,3.121693122,2024,1766
5362,36,735,306,1107,66,0.940379404,0,12,138,10,21,3.212962963,2024,1767
5363,41,810,261,1118,47,0.957960644,0,11,90,30,24,2.902439024,2024,1768
5364,39,772,303,1108,33,0.970216606,0,3,110,44,21,3.062678063,2024,1769
5365,44,881,368,1295,46,0.964478764,0,5,226,28,19,3.154040404,2024,1770
5366,40,783,222,1050,45,0.957142857,0,6,72,18,39,2.791666667,2024,1771
5367,40,746,317,1127,64,0.943212067,0,11,194,22,42,2.952777778,2024,1772
5368,40,772,308,1139,59,0.948200176,0,17,50,14,15,3,2024,1773
5369,42,769,217,1048,62,0.940839695,0,7,138,12,11,2.608465608,2024,1774
5370,44,867,243,1155,45,0.961038961,0,9,128,18,15,2.803030303,2024,1775
5371,39,754,305,1110,51,0.954054054,1,5,88,14,30,3.017094017,2024,1776
5372,36,722,296,1077,59,0.945218199,0,8,106,12,24,3.141975309,2024,1777
5373,40,824,346,1223,53,0.956663941,0,1,84,6,32,3.25,2024,1778
5374,39,751,269,1080,60,0.944444444,0,13,88,19,34,2.905982906,2024,1779
5375,43,840,301,1184,43,0.963682432,1,7,74,32,11,2.948320413,2024,1780
5376,46,919,409,1393,65,0.953338119,0,8,84,30,39,3.207729469,2024,1781
5377,40,803,325,1163,35,0.969905417,0,9,150,28,31,3.133333333,2024,1782
5378,37,687,198,949,64,0.93256059,1,18,220,17,9,2.657657658,2024,1783
5379,36,655,324,1059,80,0.924457035,0,4,104,24,15,3.021604938,2024,1784
5380,38,759,373,1179,47,0.960135708,0,7,124,33,42,3.30994152,2024,1785
5381,50,981,368,1416,67,0.952683616,0,9,68,30,31,2.997777778,2024,1786
5382,43,846,251,1142,45,0.960595447,1,11,62,9,13,2.834625323,2024,1787
5383,34,647,291,1000,62,0.938,0,12,80,22,16,3.065359477,2024,1788
5384,42,836,322,1223,65,0.946852003,0,8,108,11,28,3.063492063,2024,1789
5385,29,569,176,792,47,0.940656566,0,14,106,22,13,2.85440613,2024,1790
5386,41,813,360,1220,47,0.96147541,0,3,168,13,26,3.178861789,2024,1791
5387,44,856,341,1279,82,0.935887412,0,7,80,32,35,3.022727273,2024,1792
5388,33,652,268,975,55,0.943589744,0,4,76,19,21,3.097643098,2024,1793
5389,39,785,293,1144,66,0.942307692,0,6,106,20,43,3.071225071,2024,1794
5390,39,721,276,1054,57,0.945920304,0,14,112,16,17,2.84045584,2024,1795
5391,35,690,319,1040,31,0.970192308,0,6,96,10,11,3.203174603,2024,1796
5392,43,822,336,1213,55,0.954657873,0,26,106,12,11,2.992248062,2024,1797
5393,41,799,340,1194,55,0.953936348,0,12,148,16,26,3.086720867,2024,1798
5394,42,804,393,1260,63,0.95,0,21,194,25,23,3.166666667,2024,1799
5395,38,712,315,1085,58,0.946543779,0,5,108,8,32,3.002923977,2024,1800
5396,41,772,232,1062,58,0.945386064,0,5,76,8,11,2.720867209,2024,1801
5397,42,834,267,1143,42,0.963254593,0,8,86,15,16,2.912698413,2024,1802
5398,46,929,259,1231,43,0.96506905,0,5,94,12,14,2.869565217,2024,1803
5399,38,626,288,1009,95,0.905847374,0,13,95,25,10,2.67251462,2024,1804
5400,37,728,229,994,37,0.96277666,0,3,98,12,14,2.873873874,2024,1805
5401,46,920,298,1261,43,0.965900079,0,7,106,25,32,2.942028986,2024,1806
5402,45,912,352,1309,45,0.965622613,0,2,70,20,19,3.120987654,2024,1807
5403,39,788,305,1140,47,0.95877193,0,4,94,10,30,3.113960114,2024,1808
5404,45,906,434,1403,63,0.955096222,0,9,88,8,26,3.308641975,2024,1809
5405,40,799,309,1179,71,0.939779474,0,13,126,18,40,3.077777778,2024,1810
5406,43,823,322,1212,67,0.944719472,0,2,148,10,30,2.958656331,2024,1811
5407,44,901,274,1211,36,0.970272502,0,10,82,25,15,2.967171717,2024,1812
5408,43,856,301,1201,44,0.963363863,0,15,92,24,18,2.989664083,2024,1813
5409,36,650,317,1038,71,0.931599229,0,6,120,30,11,2.984567901,2024,1814
5410,39,786,241,1067,40,0.962511715,0,4,86,20,25,2.925925926,2024,1815
5411,38,800,375,1214,39,0.967874794,0,9,78,20,63,3.435672515,2024,1816
5412,30,607,243,901,51,0.943396226,0,12,88,9,18,3.148148148,2024,1817
5413,39,752,296,1096,48,0.95620438,0,5,74,30,15,2.985754986,2024,1818
5414,32,547,229,862,86,0.900232019,0,8,164,16,8,2.694444444,2024,1819
5415,39,772,323,1166,71,0.939108062,0,28,156,22,30,3.11965812,2024,1820
5416,41,805,356,1204,43,0.964285714,0,7,46,26,28,3.146341463,2024,1821
5417,37,667,225,964,72,0.925311203,0,8,102,18,25,2.678678679,2024,1822
5418,49,947,343,1331,41,0.969196093,0,5,126,32,29,2.925170068,2024,1823
5419,39,790,340,1165,35,0.969957082,0,7,78,6,20,3.219373219,2024,1824
5420,41,816,272,1118,30,0.973166369,1,2,44,20,41,2.948509485,2024,1825
5421,37,764,307,1108,37,0.966606498,0,0,76,16,18,3.216216216,2024,1826
5422,34,671,295,1013,47,0.953603159,1,10,84,31,14,3.156862745,2024,1827
5423,33,686,222,957,49,0.948798328,0,11,76,11,31,3.057239057,2024,1828
5424,44,908,309,1282,65,0.949297972,0,5,86,12,17,3.073232323,2024,1829
5425,34,588,223,867,56,0.935409458,0,15,152,16,12,2.650326797,2024,1830
5426,43,863,381,1278,34,0.973395931,0,7,88,21,51,3.214470284,2024,1831
5427,37,768,302,1122,52,0.953654189,0,4,108,16,17,3.213213213,2024,1832
5428,36,736,296,1091,59,0.945921173,0,12,106,26,20,3.185185185,2024,1833
5429,35,614,234,910,62,0.931868132,0,3,116,13,21,2.692063492,2024,1834
5430,42,835,279,1163,49,0.957867584,1,3,86,12,16,2.947089947,2024,1835
5431,38,700,309,1057,48,0.954588458,0,10,174,29,11,2.950292398,2024,1836
5432,40,787,330,1169,52,0.955517536,0,16,207,39,29,3.102777778,2024,1837
5433,43,873,362,1275,40,0.968627451,0,2,100,25,17,3.19121447,2024,1838
5434,43,879,348,1279,52,0.959343237,0,9,80,10,37,3.170542636,2024,1839
5435,43,853,375,1299,71,0.945342571,1,4,186,29,18,3.173126615,2024,1840
5436,41,830,336,1205,39,0.967634855,0,1,108,14,22,3.159891599,2024,1841
5437,41,816,311,1175,48,0.959148936,1,7,108,10,17,3.054200542,2024,1842
5438,39,706,285,1061,70,0.934024505,2,2,134,17,19,2.823361823,2024,1843
5439,38,777,208,1016,31,0.969488189,0,2,54,4,8,2.880116959,2024,1844
5440,41,787,424,1291,80,0.938032533,0,12,134,8,31,3.281842818,2024,1845
5441,42,841,315,1209,53,0.956162117,0,1,108,17,24,3.058201058,2024,1846
5442,38,802,346,1260,112,0.911111111,101,95,262,125,126,3.356725146,2024,1847
5443,36,671,312,1033,50,0.951597289,0,6,140,13,14,3.033950617,2024,1848
5444,30,552,220,822,50,0.939172749,0,10,102,5,10,2.859259259,2024,1849
5445,36,623,292,978,63,0.935582822,0,14,156,12,20,2.824074074,2024,1850
5446,35,591,236,891,64,0.928170595,0,20,143,21,10,2.625396825,2024,1851
5447,40,776,274,1107,57,0.948509485,0,11,148,29,13,2.916666667,2024,1852
5448,38,720,249,1028,59,0.942607004,0,5,62,20,19,2.833333333,2024,1853
5449,37,713,234,986,39,0.960446247,0,6,136,15,24,2.843843844,2024,1854
5450,34,641,269,978,68,0.930470348,0,14,94,18,16,2.973856209,2024,1855
5451,39,769,311,1121,41,0.963425513,0,16,80,4,27,3.076923077,2024,1856
5452,38,759,321,1144,64,0.944055944,0,5,112,22,43,3.157894737,2024,1857
5453,35,633,196,891,62,0.930415264,0,7,134,8,22,2.631746032,2024,1858
5454,40,783,294,1132,55,0.951413428,0,5,114,10,46,2.991666667,2024,1859
5455,34,620,215,941,106,0.887353879,0,12,112,16,12,2.72875817,2024,1860
5456,33,620,254,946,72,0.923890063,0,5,154,13,9,2.942760943,2024,1861
5457,40,784,254,1086,48,0.955801105,0,17,100,14,16,2.883333333,2024,1862
5458,34,617,219,904,68,0.924778761,0,6,184,3,11,2.732026144,2024,1863
5459,42,846,368,1263,49,0.961203484,0,5,140,21,23,3.211640212,2024,1864
5460,36,670,340,1083,73,0.932594645,0,10,142,14,16,3.117283951,2024,1865
5461,36,713,234,982,35,0.964358452,1,1,44,16,21,2.922839506,2024,1866
5462,35,669,232,946,45,0.95243129,0,8,92,6,10,2.86031746,2024,1867
5463,43,816,364,1234,54,0.95623987,0,11,86,11,28,3.049095607,2024,1868
5464,39,768,315,1153,70,0.939288812,1,13,114,10,26,3.085470085,2024,1869
5465,42,827,260,1145,58,0.949344978,0,4,82,10,18,2.875661376,2024,1870
5466,37,727,269,1059,63,0.940509915,0,9,116,13,15,2.990990991,2024,1871
5467,40,798,245,1087,44,0.959521619,0,8,90,21,22,2.897222222,2024,1872
5468,45,897,232,1190,61,0.948739496,1,16,129,13,9,2.787654321,2024,1873
5469,33,662,285,995,48,0.951758794,0,3,80,8,22,3.188552189,2024,1874
5470,34,671,249,959,39,0.959332638,0,10,64,13,26,3.006535948,2024,1875
5471,37,724,289,1062,49,0.95386064,0,3,54,15,20,3.042042042,2024,1876
5472,35,667,273,989,49,0.950455005,0,9,164,26,13,2.984126984,2024,1877
5473,38,749,301,1100,50,0.954545455,0,3,126,14,30,3.070175439,2024,1878
5474,39,709,280,1078,89,0.917439703,0,4,138,18,30,2.817663818,2024,1879
5475,36,675,313,1030,42,0.959223301,0,14,62,19,19,3.049382716,2024,1880
5476,42,841,325,1241,75,0.939564867,1,6,112,22,25,3.084656085,2024,1881
5477,36,710,280,1063,73,0.931326435,0,2,82,6,22,3.055555556,2024,1882
5478,34,596,277,921,48,0.947882736,0,18,142,32,16,2.852941176,2024,1883
5479,38,733,227,1017,57,0.943952802,0,14,130,14,9,2.807017544,2024,1884
5480,36,688,281,1027,58,0.94352483,0,18,142,19,17,2.990740741,2024,1885
5481,40,773,232,1068,63,0.941011236,0,15,130,15,2,2.791666667,2024,1886
5482,42,827,372,1261,62,0.950832672,0,18,80,24,27,3.171957672,2024,2054
5483,40,800,337,1212,75,0.938118812,1,8,112,35,31,3.158333333,2024,1888
5484,36,702,258,1016,56,0.94488189,0,6,122,29,20,2.962962963,2024,1889
5485,38,753,434,1261,74,0.941316416,0,13,76,18,54,3.470760234,2024,1890
5486,24,466,117,608,25,0.958881579,0,7,78,10,10,2.699074074,2024,1891
5487,40,791,321,1162,50,0.95697074,0,7,112,8,18,3.088888889,2024,1892
5488,41,817,360,1241,64,0.948428687,0,22,206,18,25,3.189701897,2024,1893
5489,36,730,313,1086,43,0.960405157,0,7,88,21,30,3.219135802,2024,1894
5490,36,710,250,1004,44,0.956175299,0,15,86,17,18,2.962962963,2024,1895
5491,40,785,379,1219,55,0.95488105,0,10,104,34,29,3.233333333,2024,1896
5492,38,724,186,967,57,0.941054809,0,5,144,8,7,2.660818713,2024,1897
5493,39,787,269,1117,61,0.945389436,1,7,96,17,15,3.008547009,2024,1898
5494,39,829,238,1119,52,0.953529937,0,33,76,9,18,3.03988604,2024,1899
5495,36,711,301,1058,46,0.956521739,0,10,114,7,33,3.12345679,2024,1900
5496,34,662,204,912,46,0.949561404,1,8,150,22,14,2.830065359,2024,1901
5497,37,698,191,969,80,0.91744066,0,9,132,18,9,2.66966967,2024,1902
5498,39,772,343,1191,76,0.936188077,0,18,172,9,25,3.176638177,2024,1903
5499,38,726,315,1116,75,0.932795699,0,19,128,22,7,3.043859649,2024,1904
5500,28,533,258,825,34,0.958787879,0,8,86,30,22,3.138888889,2024,1905
5501,38,718,258,1038,62,0.94026975,0,28,200,15,9,2.85380117,2024,1906
5502,41,843,338,1218,37,0.969622332,0,7,62,14,27,3.200542005,2024,1907
5503,40,799,340,1226,87,0.92903752,0,6,159,31,27,3.163888889,2024,1908
5504,40,771,313,1147,63,0.945074106,0,11,166,22,29,3.011111111,2024,1909
5505,47,975,282,1298,41,0.968412943,0,8,118,22,28,2.971631206,2024,1910
5506,36,686,300,1042,56,0.946257198,0,3,78,12,11,3.043209877,2024,1911
5507,40,767,258,1072,47,0.956156716,0,8,140,8,9,2.847222222,2024,1912
5508,34,690,217,975,68,0.93025641,0,9,102,9,23,2.964052288,2024,1913
5509,39,837,293,1190,60,0.949579832,0,3,94,12,27,3.219373219,2024,1914
5510,45,908,277,1233,48,0.96107056,0,4,102,21,17,2.925925926,2024,1915
5511,40,787,286,1126,53,0.952930728,0,9,40,14,20,2.980555556,2024,1916
5512,40,765,357,1189,67,0.943650126,0,5,174,30,51,3.116666667,2024,1917
5513,38,752,270,1064,42,0.960526316,0,6,32,21,18,2.988304094,2024,1918
5514,40,785,255,1074,34,0.968342644,1,4,96,13,25,2.888888889,2024,1919
5515,39,743,242,1037,52,0.949855352,0,19,256,10,23,2.806267806,2024,1920
5516,37,753,381,1210,76,0.937190083,0,13,98,3,9,3.405405405,2024,1921
5517,38,710,317,1077,50,0.953574745,0,12,112,21,30,3.002923977,2024,1922
5518,36,694,315,1099,90,0.91810737,0,5,134,10,16,3.114197531,2024,1923
5519,42,852,329,1221,40,0.967239967,0,5,82,11,13,3.124338624,2024,1924
5520,36,620,185,889,84,0.905511811,0,22,216,8,33,2.484567901,2024,1925
5521,37,675,254,985,56,0.943147208,0,15,124,21,12,2.78978979,2024,1926
5522,38,743,216,993,34,0.965760322,1,2,60,14,13,2.804093567,2024,1927
5523,37,730,218,998,50,0.9498998,0,4,96,20,18,2.846846847,2024,1928
5524,38,713,288,1056,55,0.947916667,0,13,150,27,23,2.926900585,2024,1929
5525,34,714,209,995,72,0.927638191,0,8,58,12,5,3.016339869,2024,1930
5526,32,614,276,947,57,0.939809926,0,29,182,22,12,3.090277778,2024,1931
5527,38,733,239,1041,69,0.933717579,0,6,126,42,31,2.842105263,2024,1932
5528,40,798,210,1094,86,0.921389397,1,10,130,20,12,2.8,2024,1933
5529,36,676,239,965,50,0.948186528,0,12,100,12,19,2.824074074,2024,1934
5530,34,660,230,925,35,0.962162162,0,2,66,25,8,2.908496732,2024,1935
5531,33,678,293,1008,37,0.963293651,2,11,108,14,25,3.269360269,2024,1936
5532,42,811,291,1166,64,0.945111492,0,3,74,22,30,2.915343915,2024,1937
5533,35,637,278,980,65,0.933673469,0,10,162,10,31,2.904761905,2024,1938
5534,36,722,280,1037,35,0.966248795,0,19,94,17,21,3.092592593,2024,1939
5535,36,709,218,975,48,0.950769231,0,5,62,10,21,2.861111111,2024,1940
5536,37,691,348,1096,57,0.947992701,0,8,86,14,23,3.12012012,2024,1941
5537,33,576,217,865,72,0.916763006,0,26,140,18,7,2.67003367,2024,1942
5538,31,593,224,879,62,0.929465301,0,5,72,20,22,2.928315412,2024,1943
5539,32,609,191,862,62,0.928074246,0,23,108,4,5,2.777777778,2024,1944
5540,44,853,314,1261,94,0.925455987,1,8,155,25,20,2.946969697,2024,1945
5541,38,773,314,1142,55,0.951838879,0,10,146,16,18,3.178362573,2024,1946
5542,29,487,189,725,49,0.932413793,1,32,158,8,12,2.590038314,2024,1947
5543,43,862,382,1335,91,0.931835206,0,21,100,15,18,3.214470284,2024,1948
5544,32,606,239,923,78,0.915492958,0,12,127,16,20,2.934027778,2024,1949
5545,37,723,251,1027,53,0.948393379,0,10,102,18,9,2.924924925,2024,1950
5546,32,605,223,874,46,0.947368421,1,27,134,18,10,2.875,2024,1951
5547,39,761,309,1144,74,0.935314685,0,19,182,14,36,3.048433048,2024,1952
5548,32,621,232,905,52,0.942541436,1,3,118,16,22,2.961805556,2024,1953
5549,38,726,259,1058,73,0.93100189,0,6,182,10,16,2.880116959,2024,1954
5550,32,572,223,865,70,0.919075145,0,14,162,2,10,2.760416667,2024,1955
5551,28,479,182,735,74,0.899319728,0,15,116,11,6,2.623015873,2024,1956
5552,30,493,200,747,54,0.927710843,0,14,112,8,9,2.566666667,2024,1957
5553,40,774,306,1121,41,0.963425513,0,11,166,14,36,3,2024,1958
5554,37,732,363,1145,50,0.956331878,0,5,108,18,26,3.288288288,2024,1959
5555,35,713,249,1005,43,0.95721393,0,3,122,8,16,3.053968254,2024,1960
5556,38,775,287,1131,69,0.938992042,0,8,68,12,8,3.105263158,2024,1961
5557,21,336,164,555,55,0.900900901,0,26,70,7,3,2.645502646,2024,1962
5558,43,842,207,1099,50,0.954504095,1,8,120,4,8,2.710594315,2024,1963
5559,35,678,222,962,62,0.935550936,0,3,114,13,7,2.857142857,2024,1964
5560,35,688,269,1011,54,0.946587537,0,4,94,20,25,3.038095238,2024,1965
5561,36,675,297,1025,53,0.948292683,0,15,122,8,21,3,2024,1966
5562,41,787,289,1135,59,0.948017621,0,16,120,14,32,2.91598916,2024,1967
5563,32,569,199,858,90,0.895104895,0,18,82,19,13,2.666666667,2024,1968
5564,36,660,240,961,61,0.936524454,0,11,132,8,15,2.777777778,2024,1969
5565,32,599,199,833,35,0.957983193,0,8,104,12,13,2.770833333,2024,1970
5566,36,688,251,994,55,0.944668008,1,9,126,12,13,2.898148148,2024,1971
5567,39,713,288,1099,98,0.910828025,1,11,176,35,13,2.851851852,2024,1972
5568,34,594,249,896,53,0.940848214,0,5,130,6,7,2.754901961,2024,1973
5569,32,598,275,936,63,0.932692308,0,8,112,2,39,3.03125,2024,1974
5570,40,788,330,1158,40,0.965457686,0,0,134,7,25,3.105555556,2024,1975
5571,35,670,173,894,51,0.94295302,0,6,130,12,18,2.676190476,2024,1976
5572,36,664,300,1008,44,0.956349206,0,8,94,4,3,2.975308642,2024,1977
5573,40,799,246,1112,67,0.939748201,1,12,80,10,22,2.902777778,2024,1978
5574,36,715,248,1017,54,0.946902655,0,16,128,11,12,2.972222222,2024,1979
5575,43,814,359,1257,84,0.933174224,0,12,202,32,17,3.031007752,2024,1980
5576,34,623,199,901,79,0.912319645,0,8,240,14,2,2.68627451,2024,1981
5577,35,644,256,977,77,0.921187308,0,10,74,19,37,2.857142857,2024,1982
5578,35,585,234,920,101,0.890217391,0,49,168,14,10,2.6,2024,1983
5579,40,766,239,1054,49,0.953510436,0,22,130,16,20,2.791666667,2024,1984
5580,28,455,148,679,76,0.888070692,0,8,114,14,7,2.392857143,2024,1985
5581,35,681,345,1098,72,0.93442623,1,8,162,14,16,3.257142857,2024,1986
5582,41,824,312,1187,51,0.957034541,0,5,94,17,21,3.078590786,2024,1987
5583,36,660,202,915,53,0.942076503,1,20,120,12,15,2.660493827,2024,1988
5584,28,495,208,750,47,0.937333333,0,8,106,13,1,2.78968254,2024,1989
5585,37,718,305,1088,65,0.940257353,2,24,146,23,11,3.072072072,2024,1990
5586,34,677,243,975,55,0.943589744,0,7,78,18,11,3.006535948,2024,1991
5587,37,659,227,945,59,0.937566138,0,24,120,14,0,2.660660661,2024,1992
5588,36,670,329,1051,52,0.950523311,0,6,174,14,14,3.083333333,2024,1993
5589,43,880,314,1237,43,0.96523848,0,6,104,20,28,3.085271318,2024,1994
5590,38,733,288,1077,56,0.948003714,0,8,128,18,11,2.985380117,2024,1995
5591,39,788,233,1082,61,0.943622921,0,8,138,16,24,2.908831909,2024,1996
5592,34,643,170,863,50,0.942062572,0,11,90,19,7,2.656862745,2024,1997
5593,27,499,219,779,61,0.92169448,0,9,82,10,18,2.95473251,2024,1998
5594,33,639,165,852,48,0.943661972,0,10,148,19,18,2.707070707,2024,1999
5595,37,640,278,970,52,0.946391753,0,7,168,10,32,2.756756757,2024,2000
5596,37,755,269,1063,39,0.963311383,0,9,90,8,19,3.075075075,2024,2001
5597,42,838,384,1292,70,0.945820433,0,12,138,23,13,3.232804233,2024,2002
5598,37,640,251,999,108,0.891891892,1,21,168,18,18,2.675675676,2024,2003
5599,31,613,252,912,47,0.948464912,0,6,90,12,24,3.100358423,2024,2004
5600,38,772,293,1114,49,0.956014363,0,3,78,28,15,3.114035088,2024,2005
5601,38,688,301,1047,58,0.944603629,0,6,240,12,12,2.891812865,2024,2006
5602,36,657,269,977,51,0.947799386,0,6,192,30,7,2.858024691,2024,2007
5603,44,893,313,1271,65,0.948859166,0,7,90,8,22,3.045454545,2024,2008
5604,37,700,272,1041,69,0.933717579,0,4,133,6,31,2.918918919,2024,2009
5605,27,501,218,778,59,0.924164524,0,7,212,16,10,2.958847737,2024,2010
5606,35,674,280,1013,59,0.941757157,0,10,192,11,14,3.028571429,2024,2011
5607,34,773,295,1137,69,0.939313984,0,11,132,25,18,3.490196078,2024,2012
5608,35,659,294,1049,96,0.908484271,0,21,122,18,8,3.025396825,2024,2013
5609,40,745,233,1064,86,0.919172932,1,19,136,21,18,2.716666667,2024,2014
5610,34,612,261,953,80,0.916054565,1,11,170,18,15,2.852941176,2024,2015
5611,27,437,145,647,65,0.899536321,0,8,144,9,5,2.395061728,2024,2016
5612,40,787,359,1214,68,0.94398682,0,5,92,23,25,3.183333333,2024,2017
5613,38,734,265,1049,50,0.952335558,2,11,66,11,21,2.921052632,2024,2018
5614,40,766,324,1190,100,0.915966387,0,12,136,25,25,3.027777778,2024,2019
5615,38,711,298,1054,45,0.957305503,0,9,100,14,22,2.950292398,2024,2020
5616,38,658,202,929,69,0.925726588,0,21,160,8,21,2.514619883,2024,2021
5617,40,760,342,1167,65,0.944301628,0,5,176,15,16,3.061111111,2024,2022
5618,36,714,218,985,53,0.946192893,0,3,82,24,21,2.87654321,2024,2023
5619,38,702,295,1068,71,0.933520599,0,2,126,24,36,2.915204678,2024,2024
5620,34,662,232,930,36,0.961290323,0,17,134,10,7,2.921568627,2024,2025
5621,34,653,215,915,47,0.94863388,1,18,114,1,18,2.836601307,2024,2026
5622,33,684,249,976,43,0.955942623,0,3,78,16,18,3.141414141,2024,2027
5623,38,732,281,1074,61,0.94320298,0,15,126,12,23,2.961988304,2024,2028
5624,24,394,169,627,64,0.897926635,0,23,138,12,6,2.606481481,2024,2029
5625,37,702,310,1075,63,0.941395349,0,7,130,34,23,3.039039039,2024,2030
5626,31,567,237,851,47,0.944770858,0,9,144,19,19,2.88172043,2024,2031
5627,39,750,227,1033,56,0.945788964,0,10,282,13,8,2.783475783,2024,2032
5628,35,668,245,960,47,0.951041667,0,6,108,30,14,2.898412698,2024,2033
5629,32,559,227,860,74,0.913953488,0,9,134,9,18,2.729166667,2024,2034
5630,36,716,278,1036,42,0.959459459,0,7,160,21,19,3.067901235,2024,2035
5631,28,488,196,733,49,0.933151432,0,11,86,3,15,2.714285714,2024,2036
5632,36,616,253,952,83,0.912815126,0,13,188,10,25,2.682098765,2024,2037
5633,34,648,300,1003,55,0.945164506,0,16,88,25,30,3.098039216,2024,2038
5634,36,716,263,1053,74,0.929724596,0,3,115,7,25,3.021604938,2024,2039
5635,26,405,124,591,62,0.895093063,0,14,170,22,1,2.260683761,2024,2040
5636,23,321,135,545,89,0.836697248,0,10,220,7,7,2.202898551,2024,2041
5637,27,441,145,680,94,0.861764706,0,18,191,6,4,2.411522634,2024,2042
5638,32,566,170,833,97,0.883553421,0,30,176,7,10,2.555555556,2024,2043
5639,28,480,176,723,67,0.907330567,0,12,162,9,13,2.603174603,2024,2044
5640,36,556,200,869,113,0.869965478,0,10,144,5,8,2.333333333,2024,2045
5641,32,502,151,751,98,0.869507324,0,27,166,5,7,2.267361111,2024,2046
5642,19,299,104,450,47,0.895555556,0,2,118,7,8,2.356725146,2024,2047
5643,25,321,109,530,100,0.811320755,1,25,120,0,7,1.911111111,2024,2048
5644,26,355,128,592,109,0.815878378,0,10,112,11,3,2.064102564,2024,2049
5645,29,360,103,555,92,0.834234234,0,22,200,2,10,1.77394636,2024,2050
5646,53,1004,434,1514,76,0.949801849,0,15,172,22,43,3.014675052,2025,1183
5647,51,1003,287,1351,61,0.954848261,0,2,130,41,32,2.810457516,2025,1613
5648,55,947,466,1503,90,0.94011976,2,15,148,20,33,2.854545455,2025,1524
5649,47,980,331,1380,69,0.95,0,5,126,14,43,3.09929078,2025,1564
5650,42,763,255,1072,54,0.949626866,0,6,120,12,13,2.693121693,2025,1733
5651,32,563,151,768,54,0.9296875,0,10,162,8,13,2.479166667,2025,1783
5652,55,1056,323,1420,41,0.971126761,1,7,92,17,32,2.785858586,2025,1218
5653,63,1200,518,1779,61,0.965711074,0,5,44,24,75,3.029982363,2025,1308
5654,40,735,296,1118,87,0.922182469,0,18,191,36,10,2.863888889,2025,1295
5655,51,1022,345,1416,49,0.96539548,0,8,142,11,23,2.978213508,2025,1410
5656,51,967,386,1440,87,0.939583333,1,18,182,54,37,2.947712418,2025,1164
5657,55,1083,353,1483,47,0.968307485,1,8,112,21,42,2.901010101,2025,1327
5658,47,882,312,1242,48,0.961352657,1,9,104,29,42,2.822695035,2025,1171
5659,41,755,349,1161,57,0.950904393,0,21,135,26,28,2.991869919,2025,1381
5660,44,861,240,1168,67,0.942636986,0,14,102,12,18,2.78030303,2025,1937
5661,40,778,223,1060,59,0.944339623,0,1,122,26,4,2.780555556,2025,1858
5662,35,651,290,1011,70,0.930761622,0,14,108,17,16,2.987301587,2025,1969
5663,38,720,287,1098,91,0.91712204,0,19,176,47,23,2.944444444,2025,1362
5664,28,530,263,878,85,0.903189066,0,4,135,6,18,3.146825397,2025,1695
5665,43,807,273,1121,41,0.963425513,1,4,66,17,18,2.790697674,2025,1710
5666,39,770,220,1034,44,0.957446809,0,9,86,2,37,2.820512821,2025,1707
5667,27,416,139,622,67,0.892282958,0,37,269,6,12,2.283950617,2025,2086
5668,34,634,188,856,34,0.960280374,0,5,88,28,18,2.68627451,2025,1940
5669,40,813,366,1229,50,0.959316517,0,5,82,11,46,3.275,2025,1824
5670,38,602,213,881,66,0.925085131,0,8,212,7,21,2.383040936,2025,1883
5671,32,593,191,828,44,0.946859903,0,4,90,10,16,2.722222222,2025,1554
5672,35,672,243,971,56,0.942327497,0,14,110,6,18,2.904761905,2025,2025
5673,32,615,282,938,41,0.956289979,0,13,160,6,18,3.114583333,2025,1966
5674,52,993,428,1468,47,0.967983651,0,3,126,24,52,3.036324786,2025,1456
5675,61,1180,415,1631,36,0.977927652,0,4,46,24,57,2.905282332,2025,1516
5676,29,517,172,739,50,0.932341001,0,30,136,4,10,2.639846743,2025,1884
5677,50,970,336,1364,58,0.957478006,0,3,120,19,21,2.902222222,2025,1150
5678,36,663,245,976,68,0.930327869,0,3,142,8,19,2.802469136,2025,1897
5679,61,1164,481,1688,43,0.974526066,0,6,24,24,77,2.996357013,2025,1096
5680,56,1126,436,1610,48,0.970186335,2,9,100,18,31,3.099206349,2025,1191
5681,55,1099,446,1607,62,0.961418793,0,12,124,21,46,3.121212121,2025,1596
5682,58,1093,354,1471,24,0.983684568,0,12,72,12,57,2.772030651,2025,1195
5683,47,909,319,1276,48,0.962382445,0,10,148,30,30,2.903073286,2025,1582
5684,42,796,288,1166,82,0.929674099,0,17,298,24,5,2.867724868,2025,1359
5685,36,701,247,995,47,0.952763819,0,5,98,14,16,2.925925926,2025,1943
5686,46,914,326,1293,53,0.959010054,0,8,108,32,22,2.995169082,2025,1603
5687,48,950,352,1357,55,0.959469418,1,12,86,27,16,3.013888889,2025,1522
5688,59,1182,428,1667,57,0.965806839,1,13,124,24,66,3.032015066,2025,1303
5689,54,1099,292,1440,49,0.965972222,0,3,76,6,24,2.862139918,2025,1387
5690,40,707,367,1157,83,0.928262748,0,10,168,26,22,2.983333333,2025,1896
5691,56,1155,484,1703,64,0.96241926,0,9,82,39,31,3.251984127,2025,1565
5692,40,817,327,1195,51,0.957322176,0,17,66,12,29,3.177777778,2025,1815
5693,61,1223,468,1746,55,0.968499427,0,6,78,18,23,3.080145719,2025,1393
5694,41,814,266,1123,43,0.961709706,1,3,84,11,9,2.926829268,2025,1657
5695,39,664,327,1071,80,0.925303455,1,33,184,5,16,2.823361823,2025,1772
5696,55,1072,420,1531,39,0.974526453,1,7,46,18,49,3.014141414,2025,1247
5697,43,810,316,1176,50,0.957482993,0,2,152,14,14,2.909560724,2025,1975
5698,53,1071,451,1566,44,0.971902937,0,8,94,20,45,3.190775681,2025,1513
5699,41,826,254,1142,62,0.945709282,0,8,70,2,15,2.926829268,2025,1915
5700,38,752,226,1005,27,0.973134328,0,7,54,22,27,2.859649123,2025,1768
5701,51,993,442,1485,50,0.966329966,0,7,40,20,45,3.126361656,2025,1228
5702,58,1195,493,1761,73,0.958546281,0,9,118,34,32,3.233716475,2025,1579
5703,50,984,299,1343,60,0.955323902,0,4,114,23,45,2.851111111,2025,1525
5704,38,682,289,1035,64,0.938164251,0,20,128,16,15,2.839181287,2025,1814
5705,33,634,233,899,32,0.964404894,0,1,74,15,22,2.919191919,2025,2004
5706,54,1059,513,1625,53,0.967384615,1,7,72,37,68,3.234567901,2025,1170
5707,41,787,231,1065,47,0.955868545,0,11,66,18,20,2.758807588,2025,1714
5708,41,770,291,1127,66,0.941437445,2,7,118,22,26,2.875338753,2025,2051
5709,46,870,340,1279,69,0.946051603,0,2,143,14,32,2.922705314,2025,1449
5710,57,1144,253,1436,39,0.972841226,0,7,62,21,14,2.723196881,2025,1269
5711,40,712,302,1093,79,0.927721866,0,31,174,18,32,2.816666667,2025,1847
5712,52,1011,331,1387,45,0.967555876,1,17,140,22,30,2.867521368,2025,1569
5713,39,732,218,1007,57,0.943396226,1,17,224,9,13,2.706552707,2025,1620
5714,46,878,279,1197,40,0.966583124,0,1,82,10,16,2.79468599,2025,1674
5715,47,955,295,1301,51,0.960799385,1,2,110,22,21,2.955082742,2025,1604
5716,34,562,242,881,77,0.912599319,0,14,180,25,22,2.62745098,2025,2040
5717,45,858,264,1170,48,0.958974359,0,17,129,13,28,2.77037037,2025,1652
5718,39,759,254,1071,58,0.945845005,0,3,78,12,23,2.886039886,2025,1779
5719,45,870,285,1192,37,0.968959732,0,7,140,20,16,2.851851852,2025,1683
5720,40,762,285,1113,66,0.940700809,0,8,74,14,24,2.908333333,2025,1698
5721,53,991,350,1407,66,0.953091684,0,10,144,49,22,2.811320755,2025,1203
5722,50,991,327,1364,46,0.96627566,1,9,96,17,44,2.928888889,2025,1211
5723,60,1246,454,1738,38,0.978135788,0,3,92,24,35,3.148148148,2025,1559
5724,54,1071,319,1457,67,0.9540151,0,7,152,32,23,2.860082305,2025,1504
5725,39,715,213,965,37,0.961658031,0,15,75,13,21,2.643874644,2025,1827
5726,36,625,213,910,72,0.920879121,0,9,140,10,8,2.586419753,2025,1610
5727,54,1060,300,1404,44,0.968660969,0,4,66,13,27,2.798353909,2025,1472
5728,43,795,305,1179,79,0.932994063,0,25,141,17,14,2.842377261,2025,1408
5729,38,696,291,1068,81,0.924157303,0,7,162,10,12,2.885964912,2025,2022
5730,56,1059,477,1597,61,0.961803381,0,6,64,24,60,3.047619048,2025,1125
5731,51,997,388,1447,62,0.95715273,0,6,84,19,32,3.017429194,2025,1324
5732,58,1136,312,1502,54,0.964047936,0,6,62,19,17,2.77394636,2025,1099
5733,40,797,271,1112,44,0.960431655,0,8,76,10,14,2.966666667,2025,1686
5734,47,895,243,1202,64,0.946755408,0,14,122,22,3,2.690307329,2025,1457
5735,52,984,400,1466,82,0.944065484,0,8,160,30,46,2.957264957,2025,1369
5736,55,1090,412,1573,71,0.954863318,2,11,178,10,36,3.034343434,2025,1300
5737,39,743,296,1084,45,0.958487085,0,12,138,21,23,2.96011396,2025,1928
5738,29,533,228,803,42,0.947696139,0,6,134,13,35,2.915708812,2025,2000
5739,49,980,391,1409,38,0.973030518,0,9,80,27,35,3.108843537,2025,1517
5740,43,838,255,1128,35,0.968971631,0,0,72,20,21,2.824289406,2025,1994
5741,37,697,218,973,58,0.940390545,2,3,114,26,13,2.747747748,2025,1869
5742,49,959,431,1434,44,0.969316597,0,9,40,41,63,3.151927438,2025,1100
5743,34,658,270,991,63,0.936427851,0,15,86,6,5,3.032679739,2025,1988
5744,38,667,223,971,81,0.916580844,0,7,126,16,9,2.602339181,2025,1956
5745,50,997,332,1377,48,0.965141612,0,6,72,16,15,2.953333333,2025,1257
5746,54,1019,323,1399,57,0.959256612,0,2,156,16,41,2.761316872,2025,1135
5747,48,924,332,1297,41,0.968388589,0,10,91,26,31,2.907407407,2025,1344
5748,34,597,241,899,61,0.93214683,0,8,184,12,12,2.738562092,2025,2006
5749,40,806,338,1200,56,0.953333333,0,20,114,15,25,3.177777778,2025,1882
5750,50,927,255,1238,56,0.954765751,0,12,138,35,9,2.626666667,2025,1312
5751,48,926,357,1336,53,0.960329341,0,10,68,32,55,2.969907407,2025,1214
5752,27,392,157,609,60,0.901477833,0,7,103,7,10,2.259259259,2025,2034
5753,48,916,347,1336,73,0.945359281,0,9,106,4,32,2.923611111,2025,1407
5754,51,924,460,1464,80,0.945355191,1,13,186,10,39,3.015250545,2025,1447
5755,58,1166,446,1644,32,0.98053528,0,13,128,26,51,3.088122605,2025,1105
5756,33,654,250,933,29,0.968917471,0,5,68,14,19,3.043771044,2025,1936
5757,47,898,380,1349,71,0.947368421,0,4,84,32,35,3.021276596,2025,1163
5758,52,1011,420,1484,53,0.964285714,0,1,88,16,25,3.057692308,2025,1588
5759,50,919,301,1277,57,0.955364135,0,3,112,20,27,2.711111111,2025,1346
5760,46,958,364,1392,70,0.949712644,0,1,74,14,36,3.193236715,2025,1601
5761,56,1142,504,1692,46,0.972813239,0,3,62,20,39,3.265873016,2025,1453
5762,55,1151,397,1601,53,0.96689569,0,5,38,6,66,3.127272727,2025,1593
5763,57,1169,387,1612,56,0.965260546,0,5,94,18,38,3.033138402,2025,1108
5764,54,1056,397,1513,60,0.960343688,1,4,52,27,37,2.989711934,2025,1107
5765,52,1053,362,1475,60,0.959322034,2,1,84,22,33,3.023504274,2025,1241
5766,50,942,373,1384,69,0.950144509,2,8,112,16,43,2.922222222,2025,1160
5767,53,1106,402,1574,66,0.958068615,1,4,76,34,49,3.161425577,2025,1433
5768,47,938,394,1393,61,0.95620962,0,4,134,12,40,3.14893617,2025,1557
5769,50,992,449,1505,64,0.957475083,0,8,122,12,45,3.202222222,2025,1573
5770,66,1319,649,2039,71,0.965179009,1,14,94,16,73,3.313131313,2025,1466
5771,58,1098,350,1504,56,0.962765957,0,4,44,22,71,2.77394636,2025,1118
5772,51,976,364,1426,86,0.939691445,0,7,58,36,37,2.919389978,2025,1338
5773,68,1284,440,1763,39,0.977878616,0,9,58,30,32,2.816993464,2025,1104
5774,50,1012,384,1462,66,0.954856361,0,8,186,14,26,3.102222222,2025,1236
5775,48,933,339,1335,63,0.952808989,0,4,98,18,25,2.944444444,2025,2064
5776,62,1258,537,1854,59,0.968176915,0,3,106,28,68,3.216845878,2025,1157
5777,40,776,244,1068,48,0.95505618,0,5,102,16,13,2.833333333,2025,1803
5778,53,1019,342,1434,73,0.949093445,2,2,116,26,41,2.853249476,2025,1514
5779,57,1117,431,1581,33,0.979127135,0,12,146,27,74,3.01754386,2025,1156
5780,52,959,337,1356,60,0.955752212,0,7,90,14,21,2.769230769,2025,1283
5781,31,462,176,728,90,0.876373626,0,11,192,12,19,2.286738351,2025,2016
5782,35,643,229,931,59,0.936627282,0,10,174,23,14,2.768253968,2025,1738
5783,40,757,285,1091,49,0.955087076,1,9,128,25,10,2.894444444,2025,1718
5784,45,861,340,1272,71,0.94418239,0,0,118,18,28,2.965432099,2025,1843
5785,36,691,253,982,38,0.961303462,0,12,204,18,8,2.913580247,2025,1901
5786,36,727,241,1012,44,0.956521739,0,13,124,14,25,2.987654321,2025,2018
5787,48,877,264,1186,45,0.962057336,0,14,58,15,21,2.641203704,2025,1400
5788,41,809,386,1231,36,0.970755483,1,5,106,14,28,3.238482385,2025,1791
5789,42,825,262,1119,32,0.971403038,1,5,64,30,30,2.875661376,2025,1700
5790,46,875,302,1228,51,0.958469055,0,7,124,28,29,2.842995169,2025,1416
5791,43,837,364,1280,79,0.93828125,0,5,54,7,28,3.103359173,2025,1839
5792,39,701,290,1058,67,0.936672968,0,18,156,21,38,2.823361823,2025,2036
5793,50,940,380,1406,86,0.93883357,0,15,147,14,17,2.933333333,2025,1627
5794,43,863,340,1246,43,0.965489567,0,5,126,14,35,3.108527132,2025,1837
5795,28,493,210,757,54,0.928665786,0,15,112,14,21,2.78968254,2025,1873
5796,55,1056,424,1521,41,0.97304405,0,11,50,24,63,2.98989899,2025,1293
5797,39,746,288,1061,27,0.974552309,0,7,48,26,22,2.945868946,2025,1806
5798,49,974,285,1301,42,0.967717141,0,5,158,27,23,2.854875283,2025,1278
5799,60,1196,430,1685,59,0.964985163,0,6,62,30,69,3.011111111,2025,1130
5800,51,999,345,1386,42,0.96969697,0,1,54,34,16,2.928104575,2025,1331
5801,49,986,343,1363,34,0.975055026,1,12,118,17,20,3.013605442,2025,1628
5802,63,1202,454,1687,31,0.981624185,0,6,68,10,59,2.920634921,2025,1428
5803,38,706,263,1031,62,0.93986421,0,8,72,12,19,2.833333333,2025,1634
5804,37,692,278,1036,66,0.936293436,0,27,198,23,15,2.912912913,2025,1852
5805,49,901,313,1282,68,0.946957878,1,15,120,21,39,2.752834467,2025,1536
5806,51,1002,522,1598,74,0.953692115,0,10,156,22,68,3.320261438,2025,1574
5807,44,890,290,1223,43,0.964840556,1,3,86,4,20,2.97979798,2025,1780
5808,56,1110,383,1564,71,0.954603581,0,11,120,8,35,2.962301587,2025,1305
5809,54,1113,270,1420,37,0.973943662,0,2,51,8,7,2.845679012,2025,1395
5810,49,938,290,1284,56,0.956386293,0,7,172,12,17,2.784580499,2025,1349
5811,40,746,299,1107,62,0.943992773,0,15,202,16,13,2.902777778,2025,2011
5812,41,825,306,1218,87,0.928571429,1,25,170,12,23,3.06504065,2025,1641
5813,40,809,342,1193,42,0.964794635,0,3,84,24,19,3.197222222,2025,1744
5814,48,905,359,1345,81,0.939776952,0,4,134,23,16,2.925925926,2025,1598
5815,48,955,323,1345,67,0.950185874,0,7,108,30,14,2.958333333,2025,1521
5816,43,846,247,1133,40,0.964695499,0,6,70,4,36,2.824289406,2025,1746
5817,48,911,327,1302,64,0.950844854,0,11,205,22,29,2.865740741,2025,1406
5818,37,757,355,1158,46,0.960276339,2,7,130,12,26,3.339339339,2025,1745
5819,40,751,307,1108,50,0.954873646,1,10,118,15,21,2.938888889,2025,1496
5820,35,607,275,955,73,0.923560209,0,27,242,28,9,2.8,2025,1580
5821,38,712,198,955,45,0.952879581,0,8,138,6,6,2.660818713,2025,2039
5822,37,687,281,1013,45,0.955577493,0,9,100,24,21,2.906906907,2025,1977
5823,62,1227,444,1735,64,0.963112392,0,4,56,8,49,2.994623656,2025,1144
5824,44,856,254,1171,61,0.947907771,1,5,118,17,8,2.803030303,2025,1226
5825,61,1219,549,1828,60,0.967177243,0,14,68,22,63,3.220400729,2025,1176
5826,35,659,203,926,64,0.930885529,0,8,107,24,20,2.736507937,2025,1735
5827,40,752,269,1073,52,0.951537745,0,14,132,9,16,2.836111111,2025,1708
5828,42,784,238,1088,66,0.939338235,0,5,134,13,7,2.703703704,2025,1441
5829,37,690,210,961,61,0.936524454,1,7,124,12,36,2.702702703,2025,1921
5830,51,965,376,1408,67,0.952414773,0,3,80,28,26,2.921568627,2025,1266
5831,59,1185,421,1643,37,0.977480219,0,8,48,27,40,3.024482109,2025,1382
5832,57,1156,425,1637,56,0.965791081,0,19,76,17,60,3.081871345,2025,1389
5833,54,1053,448,1582,81,0.948798989,1,9,132,40,50,3.088477366,2025,1442
5834,53,1005,422,1482,55,0.962887989,0,18,144,19,24,2.991614256,2025,1489
5835,48,874,323,1248,51,0.959134615,0,2,92,22,25,2.770833333,2025,1097
5836,57,1083,424,1592,85,0.94660804,1,20,118,30,35,2.937621832,2025,1542
5837,42,787,313,1138,38,0.966608084,0,1,106,18,23,2.91005291,2025,1256
5838,57,1151,487,1707,69,0.959578207,0,13,124,15,62,3.192982456,2025,1414
5839,51,1015,419,1506,72,0.952191235,0,5,76,27,44,3.124183007,2025,1507
5840,38,738,304,1098,56,0.948998179,0,13,102,17,10,3.046783626,2025,2030
5841,41,832,397,1281,52,0.959406714,0,5,92,19,35,3.330623306,2025,1857
5842,57,1151,446,1675,78,0.953432836,0,17,42,16,49,3.113060429,2025,1548
5843,40,735,322,1099,42,0.961783439,0,15,115,14,28,2.936111111,2025,1799
5844,45,854,324,1219,41,0.966365874,0,1,42,24,25,2.908641975,2025,1665
5845,54,1017,396,1495,82,0.945150502,0,8,144,14,71,2.907407407,2025,1396
5846,54,1062,315,1441,64,0.955586398,0,5,66,14,41,2.833333333,2025,1260
5847,49,922,292,1276,62,0.951410658,0,10,141,30,28,2.752834467,2025,1460
5848,31,563,262,871,46,0.947187141,0,12,196,14,26,2.956989247,2025,1242
5849,36,672,277,1002,53,0.947105788,0,8,118,12,11,2.929012346,2025,1834
5850,38,702,283,1033,48,0.953533398,0,4,44,20,33,2.880116959,2025,1220
5851,41,788,321,1170,61,0.947863248,0,9,102,16,33,3.005420054,2025,1676
5852,37,680,243,1003,80,0.920239282,0,10,116,14,8,2.771771772,2025,1861
5853,55,1119,381,1555,55,0.964630225,0,1,80,19,37,3.03030303,2025,1190
5854,37,671,292,1026,63,0.938596491,1,12,90,32,18,2.891891892,2025,2003
5855,38,730,239,1032,63,0.938953488,0,12,102,12,18,2.833333333,2025,1978
5856,43,830,317,1200,53,0.955833333,1,19,110,14,14,2.963824289,2025,1555
5857,40,717,269,1052,66,0.937262357,0,9,196,6,15,2.738888889,2025,2010
5858,38,756,242,1032,34,0.967054264,0,11,70,23,23,2.918128655,2025,1198
5859,48,905,328,1302,69,0.947004608,0,11,80,18,31,2.854166667,2025,1552
5860,56,1055,393,1507,59,0.96084937,0,19,105,32,24,2.873015873,2025,1526
5861,48,950,286,1271,35,0.972462628,2,10,44,8,33,2.861111111,2025,1189
5862,30,563,208,835,64,0.923353293,0,12,84,4,13,2.855555556,2025,1968
5863,54,1043,373,1469,53,0.963921035,0,7,54,25,18,2.913580247,2025,1153
5864,49,976,412,1458,70,0.951989026,0,6,124,39,19,3.14739229,2025,1251
5865,37,698,297,1055,60,0.943127962,1,4,94,22,30,2.987987988,2025,1777
5866,33,612,218,896,66,0.926339286,1,21,100,20,5,2.794612795,2025,1992
5867,47,897,343,1321,81,0.938682816,0,13,204,17,31,2.93144208,2025,1515
5868,39,738,318,1094,38,0.965265082,0,2,54,14,33,3.008547009,2025,1876
5869,48,925,369,1356,62,0.954277286,0,13,136,22,30,2.99537037,2025,1357
5870,40,806,335,1195,54,0.954811715,0,9,106,25,33,3.169444444,2025,1690
5871,37,704,271,1029,54,0.947521866,0,0,80,11,8,2.927927928,2025,1841
5872,42,814,294,1165,57,0.951072961,2,16,150,31,22,2.931216931,2025,1377
5873,35,688,259,1010,63,0.937623762,0,5,82,14,11,3.006349206,2025,1953
5874,55,1114,405,1578,59,0.9626109,0,5,78,22,45,3.068686869,2025,1587
5875,43,862,311,1229,56,0.9544345,1,2,70,28,21,3.031007752,2025,1687
5876,44,851,281,1190,58,0.951260504,0,6,126,16,28,2.858585859,2025,1560
5877,54,1047,447,1572,78,0.950381679,2,5,100,14,31,3.074074074,2025,1192
5878,41,804,242,1096,50,0.954379562,1,1,90,16,20,2.834688347,2025,1805
5879,45,814,297,1213,102,0.915910965,0,4,158,29,7,2.743209877,2025,1336
5880,58,1172,598,1841,71,0.961434003,2,15,119,22,57,3.390804598,2025,1454
5881,38,730,277,1052,45,0.957224335,0,9,78,11,23,2.944444444,2025,1877
5882,59,1149,405,1596,42,0.973684211,0,10,30,16,51,2.926553672,2025,1098
5883,38,825,247,1145,73,0.936244541,0,15,88,12,35,3.134502924,2025,1933
5884,57,1141,384,1595,70,0.956112853,1,11,74,28,41,2.972709552,2025,1122
5885,44,899,348,1290,43,0.966666667,0,9,100,26,32,3.148989899,2025,1586
5886,61,1211,332,1591,48,0.969830295,0,7,82,10,15,2.810564663,2025,1435
5887,55,1050,382,1495,63,0.957859532,1,13,114,46,30,2.892929293,2025,1345
5888,52,950,308,1316,58,0.955927052,1,4,192,29,54,2.688034188,2025,2079
5889,48,927,340,1298,31,0.976117103,0,5,54,16,35,2.93287037,2025,1649
5890,39,766,323,1125,36,0.968,0,12,108,3,36,3.102564103,2025,1831
5891,56,1098,419,1577,60,0.961953075,0,16,129,14,30,3.009920635,2025,1147
5892,54,1047,316,1407,44,0.96872779,1,7,76,12,37,2.804526749,2025,1140
5893,38,739,220,1012,53,0.947628458,0,5,178,16,12,2.804093567,2025,1999
5894,55,1092,438,1595,65,0.959247649,0,8,66,31,37,3.090909091,2025,1431
5895,42,813,290,1155,52,0.954978355,0,2,58,2,16,2.917989418,2025,1844
5896,50,1016,410,1497,71,0.95257181,0,9,168,40,24,3.168888889,2025,1633
5897,39,719,315,1105,71,0.935746606,0,2,98,27,25,2.945868946,2025,1701
5898,38,708,234,1023,81,0.920821114,1,10,164,6,26,2.754385965,2025,1534
5899,52,969,296,1330,65,0.95112782,1,19,132,33,17,2.702991453,2025,2052
5900,33,628,239,925,58,0.937297297,0,9,200,22,20,2.919191919,2025,1498
5901,38,760,203,1017,54,0.946902655,0,5,114,12,11,2.815789474,2025,1976
5902,30,657,238,945,50,0.947089947,0,15,194,11,13,3.314814815,2025,1979
5903,37,694,278,1047,75,0.928366762,1,16,146,12,9,2.918918919,2025,1973
5904,36,632,233,973,108,0.889003083,1,24,200,6,7,2.669753086,2025,1983
5905,54,1062,361,1490,67,0.955033557,0,15,88,18,36,2.927983539,2025,1239
5906,47,1015,412,1510,83,0.945033113,0,9,164,40,60,3.373522459,2025,1527
5907,35,699,260,992,33,0.966733871,0,2,138,10,22,3.044444444,2025,1991
5908,52,1007,438,1490,45,0.969798658,1,6,88,30,32,3.087606838,2025,1386
5909,38,714,234,1011,63,0.93768546,0,5,134,19,8,2.771929825,2025,1871
5910,52,942,470,1486,74,0.950201884,0,16,98,16,80,3.017094017,2025,2053
5911,47,898,325,1279,56,0.956215794,1,3,48,23,32,2.891252955,2025,1678
5912,54,1042,422,1523,59,0.96126067,1,6,120,22,29,3.012345679,2025,1427
5913,38,742,258,1039,39,0.962463908,0,8,72,8,28,2.923976608,2025,1927
5914,41,781,426,1288,81,0.937111801,0,5,150,22,19,3.27100271,2025,1563
5915,33,567,205,854,82,0.903981265,0,18,138,20,25,2.599326599,2025,1822
5916,54,1065,498,1657,94,0.943270972,1,9,136,19,35,3.216049383,2025,1313
5917,52,1033,335,1409,41,0.970901348,0,2,98,30,29,2.923076923,2025,1310
5918,37,750,210,1004,44,0.956175299,0,2,82,6,10,2.882882883,2025,1715
5919,49,973,370,1405,62,0.955871886,1,9,100,15,35,3.045351474,2025,1368
5920,56,1146,448,1651,57,0.965475469,1,11,136,25,51,3.162698413,2025,1420
5921,45,845,323,1229,61,0.950366151,0,1,64,16,55,2.883950617,2025,1675
5922,32,588,198,847,61,0.92798111,0,11,142,24,26,2.729166667,2025,1531
5923,46,923,392,1384,69,0.950144509,0,14,156,6,18,3.176328502,2025,1577
5924,49,971,375,1382,36,0.973950796,0,7,70,4,42,3.052154195,2025,1553
5925,38,734,275,1076,67,0.937732342,0,9,126,28,28,2.950292398,2025,2024
5926,50,1000,317,1363,46,0.966250917,0,4,74,22,25,2.926666667,2025,1448
5927,36,673,253,1017,91,0.910521141,0,6,142,10,10,2.858024691,2025,1950
5928,55,1076,419,1541,46,0.970149254,0,6,62,42,22,3.02020202,2025,1439
5929,65,1215,435,1700,50,0.970588235,0,8,44,18,73,2.820512821,2025,1095
5930,45,874,458,1381,49,0.964518465,0,18,242,29,31,3.288888889,2025,1115
5931,57,1103,276,1403,24,0.982893799,0,10,68,18,23,2.688109162,2025,1141
5932,59,1132,533,1731,66,0.96187175,2,8,100,36,66,3.13559322,2025,1281
5933,51,1051,370,1486,65,0.956258412,2,5,154,22,16,3.095860566,2025,1562
5934,52,1048,325,1414,41,0.971004243,0,13,48,20,40,2.933760684,2025,1169
5935,48,941,372,1395,82,0.941218638,0,20,220,29,34,3.039351852,2025,1619
5936,61,1163,435,1659,61,0.963230862,0,6,64,20,42,2.910746812,2025,1094
5937,26,479,192,702,31,0.955840456,0,7,62,14,19,2.867521368,2025,1872
5938,56,1104,431,1585,50,0.968454259,0,8,96,13,36,3.045634921,2025,1184
5939,45,843,262,1151,46,0.960034752,1,4,58,24,28,2.728395062,2025,1532
5940,48,909,368,1350,73,0.945925926,0,16,161,20,44,2.956018519,2025,1487
5941,43,828,314,1199,57,0.952460384,1,5,227,27,28,2.950904393,2025,1476
5942,42,812,261,1131,58,0.948717949,0,13,76,21,27,2.838624339,2025,1809
5943,59,1183,382,1608,43,0.973258706,1,3,64,10,22,2.947269303,2025,1426
5944,30,501,200,771,70,0.90920882,1,19,136,8,20,2.596296296,2025,2046
5945,32,697,207,957,53,0.9446186,0,8,122,12,8,3.138888889,2025,1996
5946,35,702,250,982,30,0.969450102,0,2,56,17,18,3.022222222,2025,1732
5947,40,810,267,1111,34,0.96939694,0,15,96,8,18,2.991666667,2025,1455
5948,30,556,183,797,58,0.927227102,0,2,78,14,19,2.737037037,2025,2014
5949,48,911,392,1367,64,0.953182151,0,22,208,14,17,3.016203704,2025,1438
5950,53,1020,462,1574,92,0.941550191,0,18,192,6,35,3.106918239,2025,1280
5951,34,541,210,861,110,0.87224158,1,70,220,10,23,2.454248366,2025,2043
5952,47,895,314,1251,42,0.966426859,0,6,106,6,17,2.858156028,2025,1401
5953,49,961,459,1481,61,0.958811614,0,10,112,36,30,3.219954649,2025,1205
5954,39,695,327,1078,56,0.948051948,0,7,68,22,25,2.911680912,2025,1776
5955,46,909,337,1314,68,0.948249619,0,17,80,16,34,3.009661836,2025,1786
5956,43,800,293,1138,45,0.960456942,0,4,40,18,32,2.824289406,2025,1916
5957,53,1053,374,1498,71,0.952603471,0,5,116,16,33,2.991614256,2025,1318
5958,54,1080,412,1531,39,0.974526453,0,3,88,27,8,3.069958848,2025,1136
5959,43,800,261,1107,46,0.958446251,0,9,112,26,14,2.741602067,2025,1353
5960,58,1138,414,1605,53,0.966978193,0,11,68,24,62,2.973180077,2025,1151
5961,47,915,232,1195,48,0.959832636,0,3,52,12,9,2.711583924,2025,1418
5962,51,989,356,1398,53,0.962088698,1,7,54,22,39,2.930283224,2025,1116
5963,54,1091,455,1579,33,0.979100697,0,6,86,28,61,3.181069959,2025,1291
5964,54,1032,406,1510,72,0.952317881,0,12,126,18,28,2.958847737,2025,1421
5965,51,991,267,1317,59,0.955201215,0,6,168,24,16,2.740740741,2025,1332
5966,42,810,343,1209,56,0.953680728,0,17,148,23,24,3.05026455,2025,1477
5967,49,941,379,1389,69,0.950323974,0,7,80,12,18,2.993197279,2025,1778
5968,53,1037,351,1450,62,0.957241379,1,7,100,14,24,2.909853249,2025,1539
5969,56,1138,481,1670,51,0.969461078,1,5,126,21,43,3.212301587,2025,1464
5970,38,734,336,1131,61,0.946065429,0,9,102,19,10,3.128654971,2025,2017
5971,46,874,356,1311,81,0.938215103,0,10,206,34,25,2.971014493,2025,1347
5972,55,1083,394,1517,40,0.973632169,0,5,54,10,46,2.983838384,2025,1092
5973,53,1040,291,1399,68,0.951393853,0,4,86,24,12,2.790356394,2025,1485
5974,44,849,302,1205,54,0.955186722,0,21,134,15,18,2.906565657,2025,1737
5975,43,834,266,1134,34,0.970017637,0,16,58,15,17,2.842377261,2025,1654
5976,44,798,337,1203,68,0.943474647,0,11,258,26,29,2.866161616,2025,1669
5977,39,757,229,1056,70,0.933712121,0,14,118,8,19,2.809116809,2025,1808
5978,40,767,262,1113,84,0.924528302,0,15,186,19,30,2.858333333,2025,1811
5979,40,798,310,1167,59,0.949443016,0,7,96,12,27,3.077777778,2025,2054
5980,36,711,255,1044,78,0.925287356,0,8,126,6,6,2.981481481,2025,1946
5981,32,623,264,912,25,0.972587719,0,12,60,16,29,3.079861111,2025,1939
5982,40,788,394,1227,45,0.963325183,0,8,112,27,30,3.283333333,2025,1755
5983,48,922,367,1376,87,0.936773256,0,21,218,21,22,2.983796296,2025,1319
5984,32,627,255,940,58,0.938297872,0,8,184,24,9,3.0625,2025,1954
5985,42,834,273,1135,28,0.975330396,0,2,76,29,34,2.928571429,2025,1782
5986,57,1129,316,1492,47,0.96849866,0,3,114,15,33,2.816764133,2025,1450
5987,40,785,278,1137,74,0.934916447,0,4,80,10,14,2.952777778,2025,2055
5988,35,607,246,928,75,0.919181034,0,11,132,11,23,2.707936508,2025,2087
5989,39,794,283,1127,50,0.955634428,1,8,64,7,18,3.068376068,2025,1110
5990,36,684,298,1051,69,0.93434824,0,26,100,12,35,3.030864198,2025,1788
5991,53,1078,374,1489,37,0.975151108,0,6,56,24,41,3.044025157,2025,1270
5992,49,1042,480,1582,60,0.962073325,0,3,82,32,53,3.451247166,2025,1594
5993,54,1071,351,1482,60,0.95951417,0,5,160,24,32,2.925925926,2025,1624
5994,40,769,333,1176,74,0.93707483,1,8,88,14,43,3.061111111,2025,1908
5995,54,1113,422,1585,50,0.968454259,1,3,124,20,27,3.158436214,2025,1509
5996,37,742,258,1063,63,0.940733772,1,6,120,9,20,3.003003003,2025,1863
5997,31,578,180,813,55,0.932349323,0,10,126,15,12,2.716845878,2025,1997
5998,57,1204,417,1697,76,0.955215085,0,8,113,22,59,3.159844055,2025,1493
5999,38,746,242,1026,38,0.962962963,1,8,88,14,13,2.888888889,2025,1727
6000,50,951,328,1342,63,0.953055142,1,11,116,22,18,2.842222222,2025,1341
6001,44,855,300,1218,63,0.948275862,0,8,128,25,19,2.916666667,2025,1306
6002,41,850,285,1203,68,0.943474647,0,3,64,28,17,3.075880759,2025,1614
6003,41,785,290,1130,55,0.951327434,1,19,150,8,9,2.913279133,2025,1904
6004,39,756,262,1072,54,0.949626866,1,11,76,21,15,2.9002849,2025,1835
6005,35,621,228,902,53,0.941241685,0,18,176,16,7,2.695238095,2025,2013
6006,47,939,397,1392,56,0.959770115,0,7,97,22,44,3.158392435,2025,1149
6007,50,956,441,1463,66,0.954887218,0,10,166,10,44,3.104444444,2025,1286
6008,41,715,274,1048,59,0.94370229,0,9,277,22,14,2.680216802,2025,1920
6009,50,947,316,1321,58,0.956093868,0,8,136,25,24,2.806666667,2025,1093
6010,40,675,312,1054,67,0.936432638,0,15,148,22,13,2.741666667,2025,1784
6011,45,848,288,1173,37,0.968456948,0,7,44,12,17,2.804938272,2025,1655
6012,39,759,273,1070,38,0.964485981,2,3,74,10,3,2.94017094,2025,1787
6013,54,1044,395,1482,43,0.970985155,0,13,46,28,61,2.96090535,2025,1155
6014,43,843,252,1131,36,0.968169761,0,3,82,32,7,2.829457364,2025,1774
6015,54,1092,466,1612,54,0.966501241,0,4,86,12,40,3.205761317,2025,1258
6016,44,859,345,1238,34,0.972536349,0,2,58,28,21,3.04040404,2025,1668
6017,54,1024,401,1514,89,0.941215324,0,4,142,35,19,2.932098765,2025,1339
6018,53,1082,431,1578,65,0.958808619,1,19,92,22,45,3.171907757,2025,1518
6019,50,984,401,1447,62,0.95715273,0,7,116,22,28,3.077777778,2025,1148
6020,40,762,281,1094,51,0.953382084,0,10,146,20,18,2.897222222,2025,1855
6021,50,1031,304,1373,38,0.972323379,0,3,92,20,31,2.966666667,2025,1109
6022,49,947,312,1307,48,0.963274675,0,5,102,26,28,2.854875283,2025,1223
6023,51,1023,300,1396,73,0.947707736,0,11,122,16,19,2.882352941,2025,1276
6024,46,871,271,1180,38,0.96779661,0,4,66,14,33,2.758454106,2025,1402
6025,54,981,354,1395,60,0.956989247,0,7,68,20,41,2.74691358,2025,1112
6026,65,1302,382,1759,75,0.957362138,0,8,96,19,30,2.878632479,2025,1443
6027,50,1023,364,1428,41,0.971288515,0,7,70,26,46,3.082222222,2025,1314
6028,53,1021,397,1457,39,0.97323267,2,0,58,30,19,2.972746331,2025,1285
6029,54,1037,454,1553,62,0.96007727,0,14,98,18,67,3.067901235,2025,1227
6030,38,716,163,912,33,0.963815789,0,6,52,14,3,2.570175439,2025,1771
6031,53,972,407,1465,86,0.941296928,0,8,168,11,19,2.890985325,2025,1233
6032,58,1115,345,1510,50,0.966887417,0,5,78,22,35,2.796934866,2025,1274
6033,50,1003,365,1426,58,0.959326788,0,10,140,24,19,3.04,2025,1334
6034,54,1020,378,1443,45,0.968814969,0,5,102,26,35,2.87654321,2025,1114
6035,11,221,94,324,9,0.972222222,0,10,24,4,3,3.181818182,2025,2073
6036,58,1155,511,1749,83,0.952544311,0,9,94,21,63,3.191570881,2025,2074
6037,30,574,180,810,56,0.930864198,0,3,89,21,15,2.792592593,2025,2033
6038,41,770,261,1067,36,0.966260544,0,2,78,16,29,2.79403794,2025,1664
6039,46,874,389,1320,57,0.956818182,1,10,98,9,40,3.050724638,2025,1709
6040,9,155,56,229,18,0.92139738,0,3,66,8,3,2.604938272,2025,1575
6041,38,744,307,1104,53,0.951992754,1,2,110,12,17,3.073099415,2025,1767
6042,36,713,223,986,50,0.949290061,0,5,98,12,30,2.888888889,2025,1913
6043,50,988,430,1468,50,0.965940054,2,6,56,22,46,3.151111111,2025,1206
6044,44,835,292,1181,54,0.954276037,0,4,74,23,28,2.845959596,2025,1716
6045,38,720,287,1052,45,0.957224335,0,12,76,16,22,2.944444444,2025,1952
6046,53,1054,403,1520,63,0.958552632,0,20,152,26,30,3.054507338,2025,1360
6047,51,955,378,1413,80,0.943382873,1,5,240,14,19,2.904139434,2025,1126
6048,59,1124,356,1558,78,0.949935815,0,11,88,18,38,2.787193974,2025,1194
6049,33,624,282,986,80,0.918864097,1,30,161,18,17,3.050505051,2025,1523
6050,45,813,382,1269,74,0.941686367,0,6,122,19,38,2.950617284,2025,1576
6051,34,651,245,943,47,0.950159067,1,13,100,24,13,2.928104575,2025,1929
6052,34,601,216,893,76,0.914893617,0,8,112,27,21,2.669934641,2025,1860
6053,27,468,158,689,63,0.908563135,0,9,140,12,8,2.576131687,2025,1790
6054,51,1004,372,1450,74,0.948965517,1,8,156,25,48,2.997821351,2025,1434
6055,35,761,250,1062,51,0.951977401,0,3,98,31,13,3.20952381,2025,2027
6056,37,606,217,912,89,0.902412281,0,14,156,14,18,2.471471471,2025,1942
6057,62,1238,472,1761,51,0.971039182,0,6,54,26,45,3.064516129,2025,1469
6058,38,700,319,1103,84,0.923844062,1,3,99,17,40,2.979532164,2025,1804
6059,39,771,292,1117,54,0.951656222,0,9,86,6,35,3.028490028,2025,1894
6060,38,702,312,1079,65,0.939759036,1,7,136,20,28,2.964912281,2025,1379
6061,40,761,319,1150,70,0.939130435,0,6,88,30,20,3,2025,1980
6062,46,796,291,1169,82,0.929854577,1,3,212,18,15,2.625603865,2025,1644
6063,45,851,313,1234,70,0.943273906,0,8,100,20,31,2.874074074,2025,1653
6064,42,809,304,1178,65,0.944821732,1,2,60,20,35,2.944444444,2025,1663
6065,56,1129,475,1656,52,0.968599034,0,8,115,30,27,3.182539683,2025,1299
6066,34,644,256,957,57,0.940438871,0,17,94,10,16,2.941176471,2025,1922
6067,50,965,396,1432,71,0.950418994,0,12,107,16,40,3.024444444,2025,1422
6068,42,787,357,1215,71,0.941563786,0,20,172,15,14,3.026455026,2025,1415
6069,32,584,234,875,57,0.934857143,2,11,117,4,11,2.840277778,2025,1797
6070,40,747,291,1103,65,0.94106981,0,16,125,24,17,2.883333333,2025,1879
6071,41,752,301,1126,73,0.935168739,1,7,114,22,36,2.853658537,2025,2056
6072,44,879,387,1312,46,0.964939024,0,5,58,19,41,3.196969697,2025,1807
6073,50,974,415,1452,63,0.95661157,0,11,120,20,38,3.086666667,2025,1409
6074,46,807,375,1272,90,0.929245283,0,13,184,28,20,2.855072464,2025,1581
6075,52,1010,338,1395,47,0.966308244,1,10,144,16,24,2.88034188,2025,1131
6076,30,495,165,713,53,0.925666199,0,25,154,6,12,2.444444444,2025,1736
6077,27,480,168,702,54,0.923076923,0,18,110,15,9,2.666666667,2025,1632
6078,57,1082,401,1552,69,0.955541237,0,4,74,10,44,2.890838207,2025,1412
6079,32,557,214,826,55,0.933414044,0,8,98,20,20,2.677083333,2025,2031
6080,45,854,357,1271,60,0.952793076,0,7,144,38,29,2.990123457,2025,1840
6081,45,856,263,1153,34,0.970511709,0,13,92,17,14,2.762962963,2025,1775
6082,57,1173,305,1545,67,0.956634304,2,9,122,15,12,2.881091618,2025,1519
6083,65,1285,387,1732,60,0.965357968,0,10,80,23,60,2.858119658,2025,1277
6084,38,743,258,1047,46,0.956064947,0,11,63,16,34,2.926900585,2025,1446
6085,54,1056,482,1610,72,0.955279503,0,10,76,30,39,3.164609053,2025,1425
6086,48,934,376,1382,72,0.947901592,1,10,124,57,30,3.032407407,2025,1630
6087,41,779,317,1174,78,0.933560477,0,13,182,16,9,2.970189702,2025,1589
6088,49,972,361,1393,60,0.956927495,0,13,116,27,23,3.022675737,2025,2057
6089,52,949,315,1308,44,0.966360856,0,3,66,16,37,2.700854701,2025,1661
6090,55,1058,453,1576,65,0.958756345,0,5,86,15,44,3.052525253,2025,1342
6091,26,480,201,721,40,0.944521498,0,7,204,27,9,2.91025641,2025,1648
6092,42,800,345,1181,36,0.969517358,0,10,54,18,56,3.029100529,2025,1556
6093,49,1006,429,1484,49,0.966981132,0,2,66,6,59,3.253968254,2025,1315
6094,46,892,313,1238,33,0.973344103,0,6,58,10,20,2.910628019,2025,1253
6095,53,1002,314,1395,79,0.943369176,2,16,138,28,36,2.758909853,2025,1268
6096,37,716,231,994,47,0.952716298,0,15,56,26,27,2.843843844,2025,2023
6097,58,1090,369,1506,47,0.968791501,0,6,26,14,41,2.795019157,2025,1159
6098,57,1138,409,1595,48,0.969905956,0,13,112,14,34,3.015594542,2025,1259
6099,54,1069,475,1593,49,0.969240427,2,5,68,17,87,3.176954733,2025,1102
6100,57,1094,479,1622,49,0.969790382,1,11,90,20,69,3.066276803,2025,1178
6101,51,1025,313,1380,42,0.969565217,0,8,74,13,44,2.91503268,2025,1208
6102,53,1005,379,1431,47,0.967155835,1,3,78,34,44,2.901467505,2025,1174
6103,53,1002,335,1414,77,0.945544554,0,21,148,13,30,2.80293501,2025,1294
6104,58,1134,474,1660,52,0.968674699,0,5,76,29,48,3.08045977,2025,1451
6105,41,822,336,1227,69,0.943765281,0,13,104,16,22,3.138211382,2025,1712
6106,29,565,203,801,33,0.958801498,0,2,68,21,26,2.942528736,2025,1935
6107,42,834,325,1223,64,0.947669665,0,7,86,26,33,3.066137566,2025,1846
6108,49,1005,304,1390,81,0.941726619,3,13,164,25,20,2.968253968,2025,1585
6109,40,760,298,1114,56,0.9497307,0,5,113,7,26,2.938888889,2025,2072
6110,42,785,301,1126,40,0.964476021,0,5,114,6,14,2.873015873,2025,1694
6111,49,924,464,1475,87,0.941016949,0,10,148,55,28,3.14739229,2025,1378
6112,34,629,254,935,52,0.944385027,0,3,140,10,10,2.885620915,2025,1728
6113,25,413,173,653,67,0.897396631,0,15,80,14,2,2.604444444,2025,2029
6114,40,863,340,1243,40,0.967819791,0,7,62,24,31,3.341666667,2025,1459
6115,36,716,319,1090,55,0.949541284,0,16,58,19,36,3.194444444,2025,1773
6116,45,825,297,1177,55,0.953271028,0,8,132,22,14,2.77037037,2025,1352
6117,42,760,332,1137,45,0.960422164,1,4,66,16,21,2.888888889,2025,1651
6118,38,759,288,1120,73,0.934821429,0,26,190,21,21,3.061403509,2025,1617
6119,33,426,151,733,156,0.787175989,0,50,191,10,7,1.942760943,2025,2048
6120,39,736,347,1120,37,0.966964286,0,6,86,19,22,3.085470085,2025,1781
6121,36,686,210,938,42,0.955223881,0,8,96,20,10,2.765432099,2025,1717
6122,58,1115,411,1570,44,0.971974522,0,9,48,15,30,2.923371648,2025,1111
6123,46,891,418,1387,78,0.943763518,0,4,104,19,33,3.161835749,2025,1444
6124,54,1014,438,1514,62,0.959048877,0,10,106,22,57,2.987654321,2025,1106
6125,32,506,250,830,74,0.910843373,0,7,206,17,9,2.625,2025,1819
6126,51,958,451,1475,66,0.955254237,0,17,208,17,28,3.069716776,2025,1618
6127,39,773,351,1181,57,0.951735817,0,3,72,26,23,3.202279202,2025,1756
6128,38,740,242,1009,27,0.973240833,0,3,56,24,35,2.871345029,2025,1748
6129,41,785,291,1141,65,0.943032428,0,6,142,20,41,2.91598916,2025,1995
6130,44,764,294,1148,90,0.921602787,0,7,184,23,18,2.671717172,2025,1199
6131,49,949,329,1338,60,0.955156951,1,20,150,25,11,2.897959184,2025,1217
6132,49,887,341,1278,50,0.960876369,0,13,102,14,45,2.784580499,2025,1200
6133,45,854,312,1217,51,0.958093673,0,29,174,28,23,2.879012346,2025,1868
6134,43,817,290,1166,59,0.949399657,0,6,158,8,25,2.860465116,2025,1699
6135,54,1043,431,1524,50,0.967191601,0,15,148,20,21,3.032921811,2025,1484
6136,38,717,334,1097,46,0.958067457,1,15,104,14,39,3.073099415,2025,1919
6137,34,604,249,932,79,0.915236052,0,43,160,16,24,2.787581699,2025,1885
6138,41,804,325,1160,31,0.973275862,0,1,40,26,33,3.059620596,2025,1764
6139,38,696,339,1081,46,0.957446809,0,15,134,10,50,3.026315789,2025,1905
6140,47,942,319,1323,62,0.95313681,1,5,156,21,27,2.98108747,2025,1351
6141,47,909,312,1292,71,0.94504644,1,8,128,19,28,2.886524823,2025,1810
6142,38,732,387,1177,58,0.950722175,0,7,88,19,39,3.271929825,2025,1961
6143,46,862,272,1201,67,0.944213156,0,15,144,22,29,2.739130435,2025,1317
6144,35,701,265,1021,55,0.946131244,0,18,98,14,25,3.066666667,2025,1888
6145,54,1133,285,1466,48,0.967257844,0,10,76,26,15,2.917695473,2025,1497
6146,35,707,266,1019,46,0.954857704,0,5,136,27,28,3.088888889,2025,1769
6147,61,1180,453,1694,61,0.963990555,1,12,84,20,77,2.974499089,2025,1229
6148,55,1028,431,1560,101,0.93525641,2,29,154,24,29,2.947474747,2025,1376
6149,44,930,384,1388,74,0.946685879,0,5,172,10,42,3.318181818,2025,2163
6150,66,1286,501,1860,73,0.960752688,0,12,108,16,58,3.008417508,2025,1234
6151,45,888,350,1302,64,0.950844854,0,8,70,12,33,3.056790123,2025,1462
6152,38,695,315,1077,67,0.937790158,1,11,194,21,27,2.953216374,2025,1463
6153,41,758,271,1077,48,0.955431755,0,16,176,14,13,2.788617886,2025,1886
6154,44,871,365,1302,66,0.949308756,0,8,156,12,12,3.121212121,2025,1371
6155,48,924,316,1297,57,0.956052429,2,5,78,13,27,2.87037037,2025,1685
6156,38,793,292,1152,67,0.941840278,1,3,137,31,38,3.17251462,2025,1794
6157,56,1109,479,1646,58,0.964763062,0,14,68,18,34,3.150793651,2025,1385
6158,62,1211,413,1680,56,0.966666667,0,12,68,26,25,2.910394265,2025,1087
6159,60,1150,325,1515,40,0.97359736,0,9,74,12,42,2.731481481,2025,1222
6160,45,852,301,1216,63,0.948190789,0,5,102,16,33,2.84691358,2025,1320
6161,53,1033,366,1467,68,0.953646898,1,9,106,24,36,2.932914046,2025,1272
6162,39,762,351,1159,46,0.960310613,0,13,88,15,27,3.170940171,2025,1796
6163,52,1012,434,1519,73,0.951942067,0,11,99,34,66,3.08974359,2025,1643
6164,39,764,306,1145,75,0.934497817,0,23,250,31,14,3.048433048,2025,1621
6165,52,1043,358,1475,74,0.949830508,0,17,66,25,25,2.993589744,2025,1486
6166,39,772,272,1079,35,0.967562558,1,7,106,15,22,2.974358974,2025,1821
6167,38,741,337,1136,58,0.948943662,0,15,86,11,39,3.152046784,2025,1990
6168,44,840,299,1191,52,0.956339211,0,19,130,21,24,2.876262626,2025,1741
6169,59,1181,479,1719,59,0.96567772,0,11,54,6,81,3.126177024,2025,1423
6170,57,1074,381,1540,85,0.944805195,0,28,168,34,33,2.83625731,2025,1535
6171,54,1025,434,1515,56,0.963036304,0,10,132,25,22,3.002057613,2025,1607
6172,56,1114,478,1644,52,0.96836983,0,14,84,18,32,3.158730159,2025,1473
6173,50,953,446,1469,70,0.952348536,0,4,130,18,45,3.108888889,2025,1137
6174,40,724,251,1052,77,0.926806084,0,20,140,19,15,2.708333333,2025,1697
6175,51,1071,424,1540,45,0.970779221,0,6,66,25,48,3.25708061,2025,1508
6176,43,839,290,1180,51,0.956779661,0,9,74,16,20,2.917312661,2025,1761
6177,63,1266,385,1706,55,0.967760844,0,11,84,19,28,2.911816578,2025,1243
6178,55,1058,327,1438,53,0.963143255,0,5,74,17,25,2.797979798,2025,1397
6179,58,1096,367,1507,44,0.97080292,0,6,49,24,39,2.802681992,2025,1138
6180,37,718,267,1030,45,0.95631068,0,5,64,17,16,2.957957958,2025,1959
6181,33,543,251,890,96,0.892134831,0,46,400,8,8,2.673400673,2025,1375
6182,53,1042,324,1432,66,0.953910615,1,4,144,25,21,2.863731656,2025,1608
6183,58,1187,511,1760,62,0.964772727,3,13,110,38,52,3.252873563,2025,1465
6184,53,1011,396,1472,65,0.955842391,0,11,86,25,41,2.949685535,2025,1296
6185,53,1058,414,1528,56,0.963350785,1,10,90,8,47,3.085953878,2025,1545
6186,56,1090,307,1439,42,0.970813065,1,3,64,18,30,2.771825397,2025,1282
6187,46,817,373,1258,68,0.945945946,0,15,174,10,52,2.874396135,2025,1322
6188,45,909,311,1275,55,0.956862745,0,10,156,15,28,3.012345679,2025,1481
6189,34,652,339,1039,48,0.953801732,1,10,60,10,25,3.238562092,2025,1880
6190,50,983,450,1489,56,0.962390866,0,6,102,23,45,3.184444444,2025,1488
6191,37,677,219,966,70,0.927536232,0,11,140,13,16,2.690690691,2025,1972
6192,53,962,351,1399,86,0.93852752,0,4,194,41,25,2.752620545,2025,1335
6193,50,879,319,1258,60,0.952305246,1,8,134,18,27,2.662222222,2025,1267
6194,44,772,215,1068,81,0.924157303,0,8,132,4,7,2.492424242,2025,1543
6195,41,809,272,1147,66,0.942458588,0,1,46,12,18,2.929539295,2025,1853
6196,55,1093,408,1570,69,0.956050955,0,15,176,29,33,3.032323232,2025,1474
6197,49,971,463,1470,36,0.975510204,0,4,40,19,37,3.25170068,2025,1702
6198,49,871,353,1307,83,0.936495792,1,17,222,20,38,2.775510204,2025,1365
6199,46,884,362,1320,74,0.943939394,0,7,106,21,29,3.009661836,2025,1250
6200,29,522,204,773,47,0.93919793,0,8,86,14,6,2.781609195,2025,1749
6201,34,681,172,912,59,0.935307018,0,7,90,4,6,2.787581699,2025,1828
6202,35,570,258,889,61,0.931383577,0,20,106,13,13,2.628571429,2025,1850
6203,51,999,324,1380,57,0.958695652,0,8,141,23,45,2.882352941,2025,1398
6204,42,831,276,1144,37,0.967657343,0,12,74,16,37,2.928571429,2025,1720
6205,36,654,241,964,69,0.928423237,0,19,92,12,13,2.762345679,2025,1851
6206,35,637,262,941,42,0.955366631,1,9,94,12,13,2.853968254,2025,1795
6207,50,981,445,1499,73,0.951300867,0,22,182,31,22,3.168888889,2025,1370
6208,42,840,307,1197,50,0.958228906,0,4,80,16,33,3.034391534,2025,1662
6209,41,783,304,1130,43,0.961946903,0,2,106,8,21,2.945799458,2025,1766
6210,49,967,348,1370,55,0.959854015,1,15,92,45,29,2.98185941,2025,1355
6211,35,682,245,975,48,0.950769231,0,13,118,8,19,2.942857143,2025,1910
6212,36,690,288,1055,77,0.927014218,0,34,20,14,45,3.018518519,2025,2015
6213,53,1074,265,1365,26,0.980952381,0,4,88,13,23,2.807127883,2025,1224
6214,45,861,375,1282,46,0.964118565,0,3,62,33,38,3.051851852,2025,1704
6215,50,968,394,1433,71,0.950453594,0,5,96,24,60,3.026666667,2025,1600
6216,58,1066,367,1481,48,0.967589467,2,7,56,18,28,2.745210728,2025,1146
6217,43,823,306,1197,68,0.943191312,0,9,114,14,12,2.917312661,2025,1987
6218,49,945,401,1383,37,0.973246565,0,15,108,18,52,3.052154195,2025,1103
6219,55,1085,342,1474,47,0.968113976,1,8,64,9,27,2.882828283,2025,1091
6220,40,751,271,1061,39,0.963242224,1,7,136,18,19,2.838888889,2025,1967
6221,37,697,276,1045,72,0.931100478,0,8,72,11,9,2.921921922,2025,1765
6222,44,878,311,1269,80,0.936958235,0,9,146,19,18,3.002525253,2025,1647
6223,36,663,315,1055,77,0.927014218,0,6,120,22,51,3.018518519,2025,1982
6224,38,750,319,1103,34,0.969174977,0,2,72,12,12,3.125730994,2025,1826
6225,52,1011,339,1400,50,0.964285714,1,8,131,14,26,2.884615385,2025,1288
6226,54,983,431,1489,75,0.949630625,0,12,131,36,50,2.909465021,2025,1615
6227,54,1058,368,1500,74,0.950666667,0,17,98,22,40,2.934156379,2025,1142
6228,40,792,226,1046,28,0.973231358,0,10,82,24,8,2.827777778,2025,1812
6229,38,737,327,1134,70,0.938271605,0,6,156,26,4,3.111111111,2025,1993
6230,53,1033,425,1533,75,0.951076321,0,5,174,40,29,3.056603774,2025,1424
6231,46,957,444,1467,66,0.955010225,0,17,232,29,68,3.384057971,2025,1547
6232,41,746,307,1113,60,0.946091644,0,3,106,22,37,2.853658537,2025,1145
6233,55,1044,442,1551,65,0.958091554,0,4,96,30,38,3.002020202,2025,1244
6234,45,940,261,1244,43,0.965434084,0,5,82,12,12,2.965432099,2025,2008
6235,44,873,387,1347,87,0.935412027,0,15,132,32,32,3.181818182,2025,1372
6236,51,1017,347,1413,49,0.96532201,1,4,66,14,24,2.97167756,2025,1275
6237,49,910,322,1339,107,0.920089619,1,30,202,31,37,2.793650794,2025,1367
6238,46,811,390,1313,112,0.914699162,2,32,240,28,25,2.900966184,2025,1302
6239,54,1034,396,1499,69,0.953969313,1,18,110,6,58,2.942386831,2025,1231
6240,45,823,350,1225,52,0.95755102,0,6,136,12,25,2.896296296,2025,1798
6241,50,960,365,1378,53,0.961538462,0,8,88,11,26,2.944444444,2025,1309
6242,57,1088,365,1495,42,0.971906355,1,2,62,16,36,2.832358674,2025,1088
6243,57,1086,402,1569,81,0.948374761,0,11,130,8,30,2.900584795,2025,1248
6244,57,1139,435,1638,64,0.960927961,0,11,104,37,43,3.068226121,2025,1249
6245,52,1028,449,1544,67,0.956606218,0,11,152,23,21,3.155982906,2025,1528
6246,43,875,355,1271,41,0.967741935,0,5,112,22,27,3.178294574,2025,1907
6247,35,497,172,774,105,0.864341085,0,13,156,19,2,2.123809524,2025,2045
6248,56,1078,454,1592,60,0.962311558,0,12,134,28,82,3.03968254,2025,1373
6249,50,901,409,1359,49,0.963944077,1,5,120,20,60,2.911111111,2025,1350
6250,62,1220,403,1678,55,0.967222884,0,4,128,12,24,2.908602151,2025,1255
6251,64,1254,489,1804,61,0.966186253,0,10,102,20,47,3.026041667,2025,1399
6252,56,1071,371,1490,48,0.967785235,1,12,90,20,28,2.861111111,2025,1383
6253,38,721,321,1096,54,0.950729927,0,6,124,26,42,3.046783626,2025,2009
6254,57,1119,533,1724,72,0.958236659,2,6,78,28,76,3.220272904,2025,1273
6255,48,910,353,1321,58,0.956093868,0,10,188,20,29,2.923611111,2025,1638
6256,49,891,338,1288,59,0.954192547,0,10,112,21,50,2.786848073,2025,1279
6257,51,992,341,1379,46,0.966642495,0,7,104,34,29,2.904139434,2025,1207
6258,50,1011,464,1536,61,0.960286458,0,6,44,7,50,3.277777778,2025,1271
6259,49,923,336,1298,39,0.969953775,0,7,90,20,23,2.854875283,2025,1181
6260,49,877,339,1288,72,0.944099379,0,27,180,14,32,2.757369615,2025,1432
6261,49,958,421,1414,35,0.975247525,0,6,112,27,45,3.126984127,2025,1467
6262,46,899,395,1343,49,0.96351452,0,9,32,26,47,3.125603865,2025,1561
6263,50,989,425,1492,78,0.94772118,0,18,114,31,24,3.142222222,2025,1571
6264,50,965,309,1326,52,0.960784314,0,9,208,24,19,2.831111111,2025,1333
6265,51,969,411,1439,59,0.958999305,0,9,32,8,44,3.006535948,2025,1225
6266,44,820,284,1136,32,0.971830986,0,11,100,15,12,2.787878788,2025,1659
6267,48,934,363,1355,58,0.957195572,1,4,100,10,22,3.002314815,2025,1570
6268,22,394,185,622,43,0.930868167,0,3,52,2,13,2.924242424,2025,1989
6269,55,1075,363,1490,52,0.965100671,1,5,170,19,18,2.905050505,2025,1158
6270,26,481,196,721,44,0.938973648,0,8,90,8,9,2.893162393,2025,1800
6271,55,1149,445,1647,53,0.967820279,0,12,116,30,36,3.22020202,2025,1436
6272,46,869,296,1224,59,0.951797386,0,4,94,20,28,2.814009662,2025,1245
6273,33,603,261,966,102,0.894409938,0,40,194,14,6,2.909090909,2025,1955
6274,38,723,310,1073,40,0.962721342,0,4,146,27,32,3.020467836,2025,2035
6275,54,1048,410,1509,51,0.966202783,1,8,96,14,29,3,2025,1503
6276,43,824,326,1224,74,0.939542484,0,16,152,14,10,2.971576227,2025,1742
6277,60,1087,370,1511,54,0.964262078,0,8,40,15,54,2.698148148,2025,1139
6278,56,1104,467,1635,64,0.960856269,0,7,116,40,22,3.117063492,2025,1202
6279,38,702,255,1030,73,0.929126214,0,6,158,25,29,2.798245614,2025,1706
6280,61,1169,432,1637,36,0.978008552,2,9,54,6,73,2.916211293,2025,1086
6281,53,1059,412,1533,62,0.959556425,0,15,58,10,47,3.083857442,2025,1499
6282,59,1194,371,1612,47,0.970843672,0,10,80,23,46,2.947269303,2025,1568
6283,55,1069,449,1562,44,0.971830986,0,6,28,20,60,3.066666667,2025,1119
6284,39,748,236,1048,64,0.938931298,0,3,50,14,15,2.803418803,2025,1818
6285,64,1232,383,1648,33,0.979975728,0,9,56,14,41,2.803819444,2025,1117
6286,47,934,266,1272,72,0.943396226,0,9,76,14,12,2.836879433,2025,1356
6287,36,684,205,936,47,0.949786325,0,6,98,8,15,2.74382716,2025,1944
6288,31,583,199,824,42,0.949029126,0,2,76,26,7,2.802867384,2025,1965
6289,53,1029,455,1547,63,0.959276018,0,10,147,22,53,3.111111111,2025,1631
6290,38,682,217,953,54,0.943336831,1,5,146,9,13,2.628654971,2025,2032
6291,61,1277,352,1668,39,0.976618705,0,7,100,6,29,2.967213115,2025,1478
6292,50,995,435,1493,63,0.957803081,0,8,108,22,59,3.177777778,2025,1323
6293,42,806,244,1083,33,0.969529086,0,9,84,11,15,2.777777778,2025,1813
6294,34,630,229,920,61,0.933695652,0,24,132,17,15,2.807189542,2025,2028
6295,38,739,313,1118,66,0.940966011,0,7,126,29,33,3.076023392,2025,1646
6296,45,908,339,1301,54,0.958493467,1,10,114,10,6,3.079012346,2025,1759
6297,38,757,324,1130,49,0.956637168,0,18,102,4,21,3.160818713,2025,1747
6298,39,728,298,1083,57,0.947368421,0,12,72,18,29,2.923076923,2025,1753
6299,41,812,300,1153,41,0.96444059,0,11,86,10,9,3.013550136,2025,1802
6300,34,665,192,887,30,0.966178129,0,2,58,14,10,2.800653595,2025,1867
6301,39,672,249,983,62,0.936927772,0,12,128,25,8,2.623931624,2025,1265
6302,39,739,244,1048,65,0.937977099,0,9,152,12,21,2.800569801,2025,1862
6303,43,843,317,1199,39,0.967472894,0,1,70,18,42,2.997416021,2025,2075
6304,52,948,305,1309,56,0.957219251,0,12,110,8,43,2.677350427,2025,1187
6305,46,872,280,1191,39,0.967254408,1,7,80,14,37,2.782608696,2025,1658
6306,44,840,280,1176,56,0.952380952,0,4,86,14,24,2.828282828,2025,1724
6307,54,1038,283,1362,41,0.96989721,0,7,108,22,30,2.718106996,2025,1390
6308,52,1000,348,1397,49,0.964924839,0,6,84,23,26,2.88034188,2025,1328
6309,36,653,295,1010,62,0.938613861,1,18,72,17,25,2.925925926,2025,1677
6310,36,769,215,1064,80,0.92481203,1,2,92,18,10,3.037037037,2025,1930
6311,40,756,364,1177,57,0.951571793,1,10,124,6,20,3.111111111,2025,1590
6312,36,688,173,906,45,0.950331126,0,6,94,10,9,2.657407407,2025,1960
6313,42,880,387,1338,71,0.946935725,0,5,116,14,24,3.351851852,2025,2012
6314,47,925,352,1346,69,0.948736999,0,13,137,16,35,3.01891253,2025,2076
6315,37,703,188,921,30,0.96742671,0,20,64,19,13,2.675675676,2025,1650
6316,39,774,326,1156,56,0.951557093,0,10,62,16,19,3.133903134,2025,1816
6317,51,945,370,1413,98,0.93064402,2,25,192,26,21,2.864923747,2025,1209
6318,42,713,256,1049,80,0.923736892,0,10,206,12,33,2.563492063,2025,1626
6319,36,642,344,1063,77,0.9275635,0,9,100,21,27,3.043209877,2025,1865
6320,47,948,346,1362,68,0.950073421,0,12,115,17,43,3.059101655,2025,1128
6321,47,908,310,1291,73,0.943454686,2,6,108,13,22,2.879432624,2025,1348
6322,46,904,315,1259,40,0.968228753,0,9,94,18,18,2.944444444,2025,1186
6323,20,300,95,445,50,0.887640449,0,1,142,6,4,2.194444444,2025,2058
6324,56,1083,309,1441,49,0.965995836,0,15,178,20,23,2.761904762,2025,1201
6325,38,730,185,962,47,0.951143451,0,4,166,13,7,2.675438596,2025,1981
6326,28,471,199,719,49,0.931849791,2,2,80,19,5,2.658730159,2025,1957
6327,47,917,236,1206,53,0.956053068,0,4,84,12,17,2.725768322,2025,1252
6328,52,1048,285,1386,53,0.961760462,1,10,56,15,29,2.848290598,2025,1298
6329,47,892,339,1287,56,0.956487956,0,10,102,33,22,2.910165485,2025,1468
6330,36,665,314,1033,54,0.947725073,0,24,126,16,16,3.021604938,2025,1567
6331,52,1044,488,1593,61,0.96170747,1,8,146,14,38,3.273504274,2025,2059
6332,48,894,329,1295,72,0.944401544,0,18,132,40,13,2.831018519,2025,1639
6333,46,911,314,1276,51,0.960031348,0,6,70,42,14,2.958937198,2025,1289
6334,55,1116,415,1576,45,0.971446701,0,9,84,20,46,3.092929293,2025,1290
6335,44,882,236,1162,44,0.962134251,1,4,76,25,12,2.823232323,2025,1730
6336,37,708,309,1083,66,0.939058172,0,5,166,24,14,3.054054054,2025,1889
6337,56,1127,371,1551,53,0.965828498,0,7,96,13,8,2.972222222,2025,1689
6338,51,987,392,1453,74,0.949070888,0,6,62,14,44,3.004357298,2025,1673
6339,37,706,276,1067,85,0.920337395,0,24,134,29,30,2.948948949,2025,1830
6340,51,947,354,1363,62,0.954512106,0,9,110,24,44,2.834422658,2025,1413
6341,41,806,313,1170,51,0.956410256,0,4,68,20,11,3.032520325,2025,1750
6342,48,916,303,1276,57,0.955329154,0,4,156,24,22,2.821759259,2025,1329
6343,40,790,256,1078,32,0.970315399,1,13,118,14,26,2.905555556,2025,1726
6344,41,803,248,1113,62,0.944294699,0,5,86,14,21,2.848238482,2025,1740
6345,59,1139,351,1542,52,0.966277562,0,1,68,26,28,2.806026365,2025,1232
6346,38,687,303,1044,54,0.948275862,0,9,134,23,34,2.894736842,2025,1848
6347,37,724,307,1090,59,0.94587156,0,8,68,6,30,3.096096096,2025,1874
6348,44,889,263,1205,53,0.956016598,0,11,94,13,22,2.909090909,2025,1823
6349,48,889,298,1241,54,0.956486704,0,11,104,13,16,2.747685185,2025,1261
6350,37,737,331,1110,42,0.962162162,2,7,76,12,42,3.207207207,2025,1713
6351,35,674,236,991,81,0.918264379,1,9,168,13,14,2.888888889,2025,1926
6352,38,778,315,1161,68,0.941429802,0,7,104,15,28,3.195906433,2025,1932
6353,44,890,266,1200,44,0.963333333,1,10,120,32,27,2.919191919,2025,1623
6354,42,836,207,1078,35,0.967532468,0,22,82,16,25,2.759259259,2025,1899
6355,54,1092,390,1525,43,0.971803279,0,7,60,13,39,3.049382716,2025,1495
6356,44,894,298,1241,49,0.960515713,0,6,76,17,49,3.01010101,2025,1510
6357,48,918,390,1379,71,0.948513416,0,20,149,12,31,3.027777778,2025,2070
6358,35,698,252,991,41,0.958627649,0,3,58,15,18,3.015873016,2025,1892
6359,36,614,246,915,55,0.93989071,0,28,170,18,5,2.654320988,2025,1754
6360,53,1005,402,1431,24,0.983228512,0,0,28,12,55,2.949685535,2025,1725
6361,40,760,223,1045,62,0.940669856,1,17,74,8,10,2.730555556,2025,1902
6362,35,665,275,1011,71,0.929772502,1,11,200,6,7,2.984126984,2025,2002
6363,38,662,287,1014,65,0.935897436,1,17,212,15,15,2.774853801,2025,2037
6364,56,1059,391,1523,73,0.952068286,2,26,150,36,40,2.876984127,2025,1134
6365,48,939,299,1279,41,0.967943706,0,4,88,14,34,2.865740741,2025,1311
6366,63,1258,414,1754,82,0.953249715,1,6,58,19,33,2.948853616,2025,1483
6367,40,780,346,1161,35,0.969853575,0,7,86,28,27,3.127777778,2025,1752
6368,40,768,368,1214,78,0.935749588,0,6,84,14,7,3.155555556,2025,1731
6369,40,767,272,1084,45,0.958487085,1,5,96,15,27,2.886111111,2025,2020
6370,41,788,348,1185,49,0.958649789,0,24,70,26,51,3.078590786,2025,1729
6371,37,686,243,1027,98,0.904576436,0,22,142,26,24,2.78978979,2025,1925
6372,38,714,334,1109,61,0.944995491,0,9,132,12,34,3.064327485,2025,2019
6373,52,1045,442,1545,58,0.962459547,0,8,170,26,20,3.177350427,2025,1558
6374,45,898,404,1338,36,0.97309417,0,5,58,14,5,3.214814815,2025,1666
6375,37,724,270,1039,45,0.956689124,0,13,126,22,32,2.984984985,2025,1964
6376,57,1140,424,1608,44,0.972636816,0,6,62,14,35,3.048732943,2025,1284
6377,56,1072,461,1585,52,0.967192429,0,12,104,24,39,3.041666667,2025,1179
6378,49,944,324,1317,49,0.962794229,0,3,104,16,24,2.875283447,2025,1246
6379,57,1139,503,1694,52,0.969303424,0,1,18,24,71,3.200779727,2025,1168
6380,59,1211,547,1819,61,0.966465091,0,5,46,24,87,3.310734463,2025,1599
6381,50,991,338,1370,41,0.970072993,0,3,98,12,36,2.953333333,2025,1240
6382,54,1089,477,1637,71,0.956627978,0,6,74,34,79,3.222222222,2025,1215
6383,33,480,190,779,109,0.860077022,2,14,190,33,11,2.255892256,2025,2049
6384,39,688,249,1025,88,0.914146341,0,13,155,18,12,2.66951567,2025,1546
6385,37,749,264,1090,77,0.929357798,0,17,224,14,17,3.042042042,2025,2007
6386,34,635,196,877,46,0.947548461,0,7,120,9,10,2.715686275,2025,1832
6387,53,1070,370,1509,69,0.954274354,0,5,62,20,37,3.018867925,2025,1127
6388,52,1038,366,1447,43,0.970283345,0,6,160,10,27,3,2025,1197
6389,45,859,366,1301,76,0.941583397,1,8,104,22,19,3.024691358,2025,1384
6390,37,708,286,1060,66,0.937735849,0,6,120,5,11,2.984984985,2025,1945
6391,27,510,222,790,58,0.926582278,0,9,122,27,15,3.012345679,2025,1642
6392,40,782,302,1135,51,0.955066079,0,9,176,23,32,3.011111111,2025,1864
6393,53,1077,347,1489,65,0.956346541,1,11,100,6,22,2.985324948,2025,1605
6394,58,1156,482,1697,59,0.965232764,0,9,126,14,48,3.137931034,2025,1404
6395,44,812,254,1113,47,0.957771788,0,7,150,28,12,2.691919192,2025,1640
6396,58,1174,349,1565,42,0.973162939,1,3,80,20,17,2.917624521,2025,1264
6397,42,815,204,1082,63,0.941774492,0,16,112,3,16,2.695767196,2025,1963
6398,49,926,369,1347,52,0.961395694,0,3,121,38,41,2.936507937,2025,1551
6399,43,849,404,1302,49,0.962365591,0,4,74,22,61,3.237726098,2025,1688
6400,50,989,355,1395,51,0.96344086,0,17,144,23,14,2.986666667,2025,1550
6401,35,623,262,955,70,0.926701571,0,5,102,4,12,2.80952381,2025,1923
6402,50,993,377,1444,74,0.948753463,0,19,132,30,37,3.044444444,2025,1537
6403,36,690,229,980,61,0.937755102,0,11,174,14,10,2.836419753,2025,1912
6404,61,1217,586,1908,105,0.944968553,1,6,106,22,86,3.284153005,2025,1530
6405,51,975,287,1316,54,0.958966565,0,5,114,10,17,2.749455338,2025,1316
6406,61,1169,413,1615,33,0.979566563,0,9,30,16,71,2.881602914,2025,1340
6407,53,1062,354,1471,55,0.962610469,0,9,124,8,13,2.968553459,2025,1505
6408,53,1015,287,1366,64,0.953147877,0,5,153,7,18,2.729559748,2025,2065
6409,39,772,391,1248,85,0.931891026,0,11,208,44,30,3.313390313,2025,1364
6410,55,1058,469,1571,44,0.971992362,0,12,104,18,45,3.084848485,2025,1263
6411,56,1106,437,1592,49,0.969221106,1,16,90,24,55,3.061507937,2025,1343
6412,55,1091,480,1624,53,0.967364532,1,7,62,18,56,3.173737374,2025,1204
6413,61,1200,482,1753,71,0.959498003,0,4,64,16,81,3.063752277,2025,1304
6414,46,927,346,1320,47,0.964393939,0,13,92,14,29,3.074879227,2025,1177
6415,64,1282,366,1714,66,0.961493582,3,6,82,13,52,2.861111111,2025,1090
6416,52,1053,227,1337,57,0.95736724,0,5,108,24,21,2.735042735,2025,1479
6417,53,1074,266,1373,33,0.97596504,0,4,48,27,10,2.809224319,2025,1512
6418,38,760,340,1136,36,0.968309859,0,4,50,14,24,3.216374269,2025,1591
6419,53,1038,331,1425,56,0.960701754,0,10,48,18,16,2.870020964,2025,1235
6420,54,1088,449,1599,62,0.961225766,1,8,88,26,45,3.16255144,2025,1185
6421,42,801,201,1046,44,0.95793499,0,9,115,22,15,2.650793651,2025,2060
6422,40,813,344,1210,53,0.956198347,1,6,110,25,14,3.213888889,2025,1739
6423,51,1023,375,1484,86,0.942048518,0,5,102,22,28,3.045751634,2025,1292
6424,54,1064,342,1458,52,0.964334705,0,7,56,18,38,2.893004115,2025,1417
6425,45,916,292,1259,51,0.95949166,0,11,84,14,14,2.982716049,2025,1566
6426,46,884,308,1251,59,0.95283773,0,10,134,28,14,2.879227053,2025,1287
6427,45,872,382,1309,55,0.957983193,0,9,104,29,46,3.096296296,2025,1213
6428,39,758,311,1120,51,0.954464286,0,12,134,25,63,3.045584046,2025,1820
6429,45,864,384,1300,52,0.96,0,17,130,17,26,3.081481481,2025,1491
6430,46,870,303,1236,63,0.949029126,0,8,150,20,13,2.833333333,2025,1471
6431,55,1076,383,1531,72,0.952971914,2,7,108,22,46,2.947474747,2025,1583
6432,46,912,377,1343,54,0.959791512,0,9,100,23,53,3.11352657,2025,1541
6433,39,741,323,1118,54,0.951699463,0,17,204,8,35,3.031339031,2025,1893
6434,40,752,261,1068,55,0.948501873,0,10,118,12,22,2.813888889,2025,1751
6435,54,1036,400,1487,51,0.965702757,1,15,150,25,13,2.95473251,2025,1506
6436,45,885,388,1319,46,0.965125095,0,3,74,17,24,3.143209877,2025,1670
6437,39,796,351,1187,40,0.966301601,1,7,88,16,15,3.267806268,2025,1597
6438,46,827,328,1226,71,0.942088091,0,22,164,22,43,2.789855072,2025,1380
6439,41,782,313,1143,48,0.958005249,0,1,128,18,15,2.967479675,2025,1757
6440,56,1117,360,1528,51,0.966623037,0,0,60,22,31,2.930555556,2025,1549
6441,55,1106,454,1615,55,0.965944272,1,5,98,19,50,3.151515152,2025,1636
6442,52,974,441,1496,81,0.945855615,0,10,178,30,27,3.023504274,2025,1124
6443,44,822,264,1123,37,0.967052538,0,5,58,23,23,2.742424242,2025,1672
6444,57,1135,312,1487,40,0.973100202,0,8,110,28,18,2.820662768,2025,1297
6445,34,580,185,797,32,0.959849435,0,9,96,12,12,2.5,2025,1671
6446,55,1093,456,1606,57,0.964508095,0,12,124,16,38,3.129292929,2025,1238
6447,35,628,273,980,79,0.919387755,0,24,68,21,12,2.86031746,2025,1703
6448,37,738,328,1112,46,0.958633094,0,5,60,8,21,3.201201201,2025,1875
6449,54,1091,351,1488,46,0.969086022,0,17,152,14,33,2.967078189,2025,1429
6450,58,1160,490,1690,40,0.976331361,0,21,152,29,63,3.16091954,2025,1212
6451,48,917,400,1379,62,0.955039884,0,2,96,28,32,3.048611111,2025,1538
6452,51,1004,359,1394,31,0.977761836,0,7,56,9,41,2.969498911,2025,1682
6453,55,1072,464,1602,66,0.958801498,0,8,80,14,49,3.103030303,2025,1482
6454,51,1034,351,1430,45,0.968531469,2,7,118,22,37,3.017429194,2025,1162
6455,30,556,273,880,51,0.942045455,0,14,108,8,22,3.07037037,2025,1931
6456,38,713,252,1009,44,0.956392468,0,6,132,14,33,2.821637427,2025,1592
6457,39,724,301,1077,52,0.951717734,0,8,156,44,18,2.92022792,2025,1909
6458,40,801,381,1219,37,0.969647252,0,6,82,20,42,3.283333333,2025,1691
6459,48,927,436,1423,60,0.957835559,0,11,184,28,49,3.155092593,2025,1196
6460,38,732,357,1147,58,0.949433304,0,10,150,39,23,3.184210526,2025,2038
6461,46,901,297,1237,39,0.96847211,0,2,98,45,14,2.893719807,2025,1684
6462,52,1014,369,1437,54,0.962421712,0,3,50,18,46,2.955128205,2025,1502
6463,50,965,455,1461,41,0.971937029,0,13,50,6,49,3.155555556,2025,2061
6464,38,707,295,1066,64,0.939962477,0,3,72,26,19,2.929824561,2025,1793
6465,55,1045,313,1399,41,0.970693352,0,7,38,12,48,2.743434343,2025,1221
6466,40,779,295,1118,44,0.960644007,0,7,104,24,46,2.983333333,2025,1475
6467,56,1062,455,1592,75,0.952889447,1,13,152,23,41,3.009920635,2025,1354
6468,61,1146,487,1696,63,0.962853774,0,7,146,24,46,2.974499089,2025,1325
6469,42,831,382,1272,59,0.953616352,0,5,96,19,32,3.208994709,2025,1911
6470,34,637,223,906,46,0.949227373,1,11,92,14,12,2.810457516,2025,1849
6471,41,764,226,1026,36,0.964912281,0,5,64,6,9,2.682926829,2025,1801
6472,48,948,338,1377,91,0.933914306,0,8,96,54,37,2.976851852,2025,2062
6473,50,932,402,1390,56,0.95971223,1,0,86,27,33,2.964444444,2025,1167
6474,39,750,293,1100,57,0.948181818,0,10,78,2,22,2.971509972,2025,1948
6475,53,934,445,1479,100,0.932386748,0,7,142,20,66,2.890985325,2025,1836
6476,40,758,274,1098,66,0.93989071,0,17,90,24,21,2.866666667,2025,1693
6477,34,641,229,907,37,0.959206174,0,20,68,13,18,2.843137255,2025,2001
6478,45,891,254,1201,56,0.95337219,0,7,82,13,30,2.827160494,2025,1763
6479,40,755,321,1164,88,0.924398625,0,16,190,14,20,2.988888889,2025,1906
6480,49,969,384,1399,46,0.967119371,0,11,64,18,34,3.068027211,2025,1180
6481,60,1231,474,1765,60,0.966005666,0,5,72,29,38,3.157407407,2025,1492
6482,58,1183,375,1614,56,0.965303594,0,9,76,40,28,2.98467433,2025,2063
6483,45,877,332,1273,64,0.949725059,0,11,107,17,45,2.985185185,2025,1219
6484,56,1123,387,1572,62,0.960559796,0,17,114,24,29,2.996031746,2025,1166
6485,56,1159,367,1570,44,0.971974522,0,3,70,16,29,3.027777778,2025,1132
6486,64,1238,408,1687,41,0.975696503,0,12,52,14,36,2.857638889,2025,1161
6487,47,919,359,1319,41,0.968915845,0,16,84,23,14,3.021276596,2025,1182
6488,59,1129,348,1521,44,0.971071663,1,12,66,6,58,2.781544256,2025,1120
6489,55,1085,405,1543,53,0.965651329,1,2,130,27,33,3.01010101,2025,1612
6490,48,887,400,1357,70,0.948415623,0,5,158,34,73,2.979166667,2025,1301
6491,55,1110,423,1629,96,0.94106814,1,24,141,13,24,3.096969697,2025,1500
6492,49,974,399,1425,52,0.963508772,0,6,95,22,60,3.113378685,2025,1230
6493,49,948,383,1361,30,0.977957384,0,11,42,18,61,3.01814059,2025,1660
6494,54,986,333,1409,90,0.936124911,0,12,243,21,34,2.71399177,2025,1645
6495,39,712,335,1113,66,0.940700809,0,6,80,43,9,2.982905983,2025,1210
6496,53,1051,318,1415,46,0.967491166,0,4,52,19,28,2.870020964,2025,1154
6497,68,1302,431,1781,48,0.973048849,0,3,46,28,85,2.831699346,2025,1113
6498,49,957,307,1322,58,0.95612708,1,5,80,32,21,2.866213152,2025,1625
6499,68,1295,512,1863,56,0.969940955,2,8,20,10,70,2.952614379,2025,1085
6500,35,700,314,1053,39,0.962962963,0,8,104,16,44,3.219047619,2025,1854
6501,50,945,425,1420,50,0.964788732,0,9,108,27,76,3.044444444,2025,1175
6502,55,1055,422,1554,77,0.95045045,2,9,120,40,38,2.983838384,2025,1374
6503,67,1276,391,1704,37,0.978286385,2,2,32,2,33,2.764510779,2025,1403
6504,36,711,227,995,57,0.942713568,1,18,120,10,17,2.895061728,2025,1971
6505,37,706,230,992,56,0.943548387,1,8,70,24,7,2.810810811,2025,2026
6506,42,820,270,1162,72,0.938037866,0,8,104,10,22,2.883597884,2025,1572
6507,46,887,316,1273,70,0.945011783,0,18,150,8,4,2.905797101,2025,2068
6508,57,1128,452,1654,74,0.955259976,0,4,68,22,41,3.079922027,2025,1490
6509,47,936,383,1381,62,0.955104996,0,21,162,21,48,3.11820331,2025,1121
6510,52,1006,433,1508,69,0.954244032,0,8,154,16,28,3.074786325,2025,1326
6511,39,762,258,1065,45,0.957746479,1,4,28,11,35,2.905982906,2025,1711
6512,47,954,376,1369,39,0.971512053,0,1,70,15,23,3.144208038,2025,1437
6513,51,963,267,1258,28,0.977742448,0,9,64,17,20,2.679738562,2025,1656
6514,33,620,250,921,51,0.944625407,0,10,76,6,32,2.929292929,2025,1856
6515,44,842,357,1237,38,0.969280517,0,14,156,6,16,3.027777778,2025,1770
6516,57,1095,440,1598,63,0.96057572,0,8,100,18,56,2.992202729,2025,1129
6517,51,990,344,1374,40,0.970887918,0,6,134,17,51,2.906318083,2025,1544
6518,44,859,435,1341,47,0.964951529,0,4,82,12,24,3.267676768,2025,1722
6519,54,1055,466,1580,59,0.962658228,1,12,138,32,48,3.12962963,2025,1133
6520,57,1097,336,1506,73,0.951527224,0,6,64,17,32,2.79337232,2025,1411
6521,34,626,210,890,54,0.939325843,0,5,93,7,20,2.732026144,2025,1540
6522,37,725,356,1155,74,0.935930736,0,4,108,20,9,3.246246246,2025,1986
6523,58,1154,450,1694,90,0.946871311,1,10,100,15,13,3.072796935,2025,1330
6524,29,581,211,839,47,0.94398093,0,10,82,6,20,3.034482759,2025,1949
6525,50,949,359,1389,81,0.941684665,0,9,210,21,14,2.906666667,2025,1494
6526,26,416,196,685,73,0.893430657,0,13,140,4,22,2.615384615,2025,2044
6527,47,916,373,1359,70,0.948491538,1,8,98,22,19,3.047281324,2025,1602
6528,42,822,274,1149,53,0.953872933,0,5,120,15,24,2.899470899,2025,1878
6529,40,759,341,1159,59,0.949094047,0,23,154,13,24,3.055555556,2025,1622
6530,53,1048,447,1572,77,0.951017812,0,18,66,28,81,3.134171908,2025,1123
6531,52,1004,514,1570,52,0.966878981,0,5,78,21,47,3.243589744,2025,1152
6532,50,968,310,1334,56,0.95802099,0,7,92,20,31,2.84,2025,2066
6533,51,968,377,1393,48,0.965541996,0,9,88,16,60,2.930283224,2025,1165
6534,36,696,281,1026,49,0.952241715,0,7,74,10,20,3.015432099,2025,1696
6535,51,1014,288,1348,46,0.965875371,1,14,138,11,13,2.836601307,2025,1430
6536,31,440,171,694,83,0.880403458,0,15,110,13,9,2.189964158,2025,1985
6537,50,1001,332,1396,63,0.95487106,0,10,84,25,32,2.962222222,2025,1363
6538,52,1040,383,1477,54,0.963439404,0,9,104,22,33,3.040598291,2025,2071
6539,32,609,207,860,44,0.948837209,0,7,72,16,16,2.833333333,2025,1895
6540,24,407,111,597,79,0.867671692,0,24,84,9,8,2.398148148,2025,1962
6541,31,549,223,834,62,0.925659472,0,22,103,2,6,2.76702509,2025,1998
6542,54,1023,334,1403,46,0.967213115,0,7,92,15,19,2.79218107,2025,1254
6543,57,1127,430,1615,58,0.964086687,1,9,44,24,40,3.035087719,2025,1321
6544,47,910,407,1369,52,0.96201607,0,8,72,22,33,3.113475177,2025,1584
6545,56,1056,338,1427,33,0.976874562,1,10,80,14,40,2.765873016,2025,1089
6546,28,518,227,795,50,0.937106918,0,15,122,4,13,2.956349206,2025,1388
6547,29,542,246,859,71,0.917345751,0,12,134,17,16,3.019157088,2025,1616
6548,56,1030,406,1480,44,0.97027027,0,6,36,18,38,2.849206349,2025,1681
6549,39,768,310,1118,40,0.964221825,0,5,52,26,12,3.071225071,2025,1366
6550,39,781,329,1175,65,0.944680851,0,12,88,12,29,3.162393162,2025,1533
6551,42,819,483,1366,64,0.953147877,0,7,106,43,22,3.444444444,2025,1845
6552,52,1033,403,1486,50,0.966352624,1,9,84,22,31,3.068376068,2025,1445
6553,54,1038,307,1382,37,0.973227207,0,15,84,18,30,2.767489712,2025,1101
6554,31,619,303,961,39,0.959417274,0,3,82,20,33,3.304659498,2025,1817
6555,37,701,301,1049,47,0.955195424,0,4,98,23,27,3.009009009,2025,1859
6556,41,820,279,1129,30,0.973427812,0,7,108,6,18,2.978319783,2025,1721
6557,56,1127,289,1472,56,0.961956522,0,5,114,28,27,2.80952381,2025,1470
6558,55,1107,377,1543,59,0.9617628,0,15,112,30,38,2.997979798,2025,1637
6559,36,719,221,978,38,0.961145194,1,3,90,2,4,2.901234568,2025,1914
6560,59,1160,433,1661,68,0.959060807,1,5,112,42,71,3,2025,1216
6561,27,499,174,715,42,0.941258741,0,14,108,8,7,2.769547325,2025,1743
6562,34,679,264,980,37,0.962244898,0,4,46,16,26,3.081699346,2025,2005
6563,42,828,283,1174,63,0.946337308,0,11,96,26,24,2.939153439,2025,1829
6564,41,809,294,1148,45,0.960801394,0,6,62,14,30,2.989159892,2025,1941
6565,30,468,178,709,63,0.911142454,0,15,154,19,6,2.392592593,2025,1947
6566,49,978,237,1253,38,0.969672785,1,13,60,12,19,2.755102041,2025,1480
6567,52,1044,413,1535,78,0.949185668,0,5,52,24,51,3.113247863,2025,1452
6568,55,1114,460,1648,74,0.955097087,0,7,74,20,28,3.17979798,2025,1394
6569,52,982,397,1461,82,0.943874059,0,5,236,30,37,2.946581197,2025,1461
6570,56,1118,498,1684,68,0.959619952,0,12,72,28,73,3.206349206,2025,1578
6571,64,1204,401,1654,49,0.970374849,0,11,48,8,15,2.786458333,2025,1392
6572,46,874,385,1324,65,0.950906344,0,8,42,4,44,3.041062802,2025,1635
6573,52,1049,383,1508,76,0.949602122,0,15,176,20,11,3.05982906,2025,1520
6574,53,1005,319,1376,52,0.962209302,0,5,178,10,20,2.775681342,2025,1193
6575,44,845,403,1294,46,0.964451314,0,4,154,19,32,3.151515152,2025,1890
6576,48,908,334,1315,73,0.944486692,0,11,138,20,19,2.875,2025,1337
6577,52,1058,406,1511,47,0.968894772,0,1,52,30,40,3.128205128,2025,1143
6578,52,979,419,1473,75,0.949083503,1,22,182,17,29,2.987179487,2025,1188
6579,44,889,402,1357,66,0.951363301,0,13,56,18,18,3.26010101,2025,1924
6580,53,1000,435,1510,75,0.950331126,0,6,80,20,63,3.008385744,2025,1606
6581,50,909,416,1406,81,0.942389758,1,11,202,24,50,2.944444444,2025,1595
6582,60,1168,414,1624,42,0.974137931,0,6,82,15,51,2.92962963,2025,1501
6583,43,793,268,1110,49,0.955855856,0,1,54,6,24,2.741602067,2025,1789
6584,32,581,198,839,60,0.928486293,0,18,82,18,1,2.704861111,2025,2021
6585,41,803,211,1041,27,0.974063401,0,2,52,20,25,2.74796748,2025,1758
6586,40,705,305,1064,54,0.94924812,1,13,106,24,26,2.805555556,2025,1900
6587,43,843,262,1167,62,0.946872322,0,4,94,12,28,2.855297158,2025,1898
6588,54,1002,366,1466,98,0.933151432,0,11,137,18,23,2.814814815,2025,1629
6589,40,795,345,1200,60,0.95,1,13,68,17,52,3.166666667,2025,1719
6590,38,661,216,928,51,0.945043103,1,4,140,24,22,2.564327485,2025,1958
6591,55,1066,381,1503,56,0.962741184,1,6,96,12,36,2.923232323,2025,1172
6592,39,708,252,1031,71,0.931134821,0,22,192,16,17,2.735042735,2025,1951
6593,32,648,235,922,39,0.957700651,0,0,62,14,13,3.065972222,2025,1866
6594,37,744,180,965,41,0.957512953,0,15,106,19,2,2.774774775,2025,1984
6595,50,983,406,1444,55,0.961911357,0,5,78,21,62,3.086666667,2025,1611
6596,34,650,281,975,44,0.954871795,0,4,154,6,29,3.04248366,2025,1974
6597,41,779,303,1144,62,0.945804196,1,25,146,12,15,2.932249322,2025,1762
6598,1,15,7,22,0,1,0,0,0,0,0,2.444444444,2025,2236
6599,41,816,313,1159,30,0.974115617,0,7,82,6,6,3.059620596,2025,1734
6600,55,1087,379,1516,50,0.96701847,0,4,90,17,26,2.961616162,2025,1391
6601,35,672,206,932,54,0.942060086,0,3,100,12,22,2.787301587,2025,1692
6602,36,662,231,929,36,0.961248654,0,15,98,4,16,2.75617284,2025,1679
6603,62,1212,338,1613,63,0.960942343,1,10,54,23,43,2.777777778,2025,1440
6604,56,1073,476,1595,46,0.971159875,0,16,40,17,71,3.073412698,2025,1405
6605,29,572,272,887,43,0.951521984,0,16,176,17,8,3.233716475,2025,1458
6606,53,1074,360,1499,65,0.956637759,0,6,120,10,23,3.006289308,2025,1307
6607,38,703,283,1048,62,0.940839695,0,8,78,24,20,2.883040936,2025,1917
6608,44,841,360,1259,58,0.953931692,0,7,130,19,29,3.032828283,2025,1833
6609,51,977,320,1369,72,0.947406866,0,6,128,22,32,2.825708061,2025,1361
6610,41,837,309,1206,60,0.950248756,0,4,94,16,13,3.105691057,2025,1723
6611,54,1049,424,1534,61,0.960234681,3,10,38,24,43,3.030864198,2025,1262
6612,47,943,336,1309,30,0.977081742,0,4,18,18,44,3.023640662,2025,1760
6613,53,1031,388,1480,61,0.958783784,0,3,108,29,39,2.974842767,2025,1511
6614,41,829,232,1120,59,0.947321429,0,6,114,15,10,2.875338753,2025,1918
6615,40,767,302,1129,60,0.946855624,0,12,108,17,22,2.969444444,2025,1970
6616,46,950,287,1279,42,0.967161845,0,3,100,21,16,2.987922705,2025,1825
6617,36,685,231,965,49,0.949222798,0,4,102,23,4,2.827160494,2025,1870
6618,43,788,326,1170,56,0.952136752,1,7,88,25,35,2.878552972,2025,1667
6619,47,959,339,1346,48,0.964338782,0,2,82,30,27,3.06855792,2025,1838
6620,41,788,358,1212,66,0.945544554,0,19,116,31,33,3.105691057,2025,1881
6621,52,1121,487,1652,44,0.973365617,0,11,56,20,82,3.435897436,2025,1358
6622,38,728,364,1144,52,0.954545455,0,4,134,48,27,3.192982456,2025,1785
6623,41,778,288,1102,36,0.967332123,0,8,78,14,13,2.888888889,2025,1705
6624,41,801,265,1116,50,0.955197133,0,3,90,6,31,2.888888889,2025,1680
6625,46,844,327,1210,39,0.967768595,0,11,128,18,19,2.828502415,2025,1237
6626,28,378,118,594,98,0.835016835,0,22,330,8,8,1.968253968,2025,2050
6627,36,658,306,1021,57,0.94417238,1,17,134,21,12,2.975308642,2025,1792
6628,25,354,127,589,108,0.81663837,0,13,170,0,8,2.137777778,2025,2041
6629,45,877,440,1365,48,0.964835165,0,7,110,11,25,3.251851852,2025,1419
6630,53,983,354,1418,81,0.942877292,1,13,156,23,33,2.80293501,2025,1173
6631,53,1004,434,1514,76,0.949801849,0,15,172,22,43,3.014675052,2025,1183
6632,51,1003,287,1351,61,0.954848261,0,2,130,41,32,2.810457516,2025,1613
6633,55,947,466,1503,90,0.94011976,2,15,148,20,33,2.854545455,2025,1524
6634,47,980,331,1380,69,0.95,0,5,126,14,43,3.09929078,2025,1564
6635,42,763,255,1072,54,0.949626866,0,6,120,12,13,2.693121693,2025,1733
6636,32,563,151,768,54,0.9296875,0,10,162,8,13,2.479166667,2025,1783
6637,55,1056,323,1420,41,0.971126761,1,7,92,17,32,2.785858586,2025,1218
6638,63,1200,518,1779,61,0.965711074,0,5,44,24,75,3.029982363,2025,1308
6639,40,735,296,1118,87,0.922182469,0,18,191,36,10,2.863888889,2025,1295
6640,51,1022,345,1416,49,0.96539548,0,8,142,11,23,2.978213508,2025,1410
6641,51,967,386,1440,87,0.939583333,1,18,182,54,37,2.947712418,2025,1164
6642,55,1083,353,1483,47,0.968307485,1,8,112,21,42,2.901010101,2025,1327
6643,47,882,312,1242,48,0.961352657,1,9,104,29,42,2.822695035,2025,1171
6644,41,755,349,1161,57,0.950904393,0,21,135,26,28,2.991869919,2025,1381
6645,44,861,240,1168,67,0.942636986,0,14,102,12,18,2.78030303,2025,1937
6646,40,778,223,1060,59,0.944339623,0,1,122,26,4,2.780555556,2025,1858
6647,35,651,290,1011,70,0.930761622,0,14,108,17,16,2.987301587,2025,1969
6648,38,720,287,1098,91,0.91712204,0,19,176,47,23,2.944444444,2025,1362
6649,28,530,263,878,85,0.903189066,0,4,135,6,18,3.146825397,2025,1695
6650,43,807,273,1121,41,0.963425513,1,4,66,17,18,2.790697674,2025,1710
6651,39,770,220,1034,44,0.957446809,0,9,86,2,37,2.820512821,2025,1707
6652,27,416,139,622,67,0.892282958,0,37,269,6,12,2.283950617,2025,2086
6653,34,634,188,856,34,0.960280374,0,5,88,28,18,2.68627451,2025,1940
6654,40,813,366,1229,50,0.959316517,0,5,82,11,46,3.275,2025,1824
6655,38,602,213,881,66,0.925085131,0,8,212,7,21,2.383040936,2025,1883
6656,32,593,191,828,44,0.946859903,0,4,90,10,16,2.722222222,2025,1554
6657,35,672,243,971,56,0.942327497,0,14,110,6,18,2.904761905,2025,2025
6658,32,615,282,938,41,0.956289979,0,13,160,6,18,3.114583333,2025,1966
6659,52,993,428,1468,47,0.967983651,0,3,126,24,52,3.036324786,2025,1456
6660,61,1180,415,1631,36,0.977927652,0,4,46,24,57,2.905282332,2025,1516
6661,29,517,172,739,50,0.932341001,0,30,136,4,10,2.639846743,2025,1884
6662,50,970,336,1364,58,0.957478006,0,3,120,19,21,2.902222222,2025,1150
6663,36,663,245,976,68,0.930327869,0,3,142,8,19,2.802469136,2025,1897
6664,61,1164,481,1688,43,0.974526066,0,6,24,24,77,2.996357013,2025,1096
6665,56,1126,436,1610,48,0.970186335,2,9,100,18,31,3.099206349,2025,1191
6666,55,1099,446,1607,62,0.961418793,0,12,124,21,46,3.121212121,2025,1596
6667,58,1093,354,1471,24,0.983684568,0,12,72,12,57,2.772030651,2025,1195
6668,47,909,319,1276,48,0.962382445,0,10,148,30,30,2.903073286,2025,1582
6669,42,796,288,1166,82,0.929674099,0,17,298,24,5,2.867724868,2025,1359
6670,36,701,247,995,47,0.952763819,0,5,98,14,16,2.925925926,2025,1943
6671,46,914,326,1293,53,0.959010054,0,8,108,32,22,2.995169082,2025,1603
6672,48,950,352,1357,55,0.959469418,1,12,86,27,16,3.013888889,2025,1522
6673,59,1182,428,1667,57,0.965806839,1,13,124,24,66,3.032015066,2025,1303
6674,54,1099,292,1440,49,0.965972222,0,3,76,6,24,2.862139918,2025,1387
6675,40,707,367,1157,83,0.928262748,0,10,168,26,22,2.983333333,2025,1896
6676,56,1155,484,1703,64,0.96241926,0,9,82,39,31,3.251984127,2025,1565
6677,40,817,327,1195,51,0.957322176,0,17,66,12,29,3.177777778,2025,1815
6678,61,1223,468,1746,55,0.968499427,0,6,78,18,23,3.080145719,2025,1393
6679,41,814,266,1123,43,0.961709706,1,3,84,11,9,2.926829268,2025,1657
6680,39,664,327,1071,80,0.925303455,1,33,184,5,16,2.823361823,2025,1772
6681,55,1072,420,1531,39,0.974526453,1,7,46,18,49,3.014141414,2025,1247
6682,43,810,316,1176,50,0.957482993,0,2,152,14,14,2.909560724,2025,1975
6683,53,1071,451,1566,44,0.971902937,0,8,94,20,45,3.190775681,2025,1513
6684,41,826,254,1142,62,0.945709282,0,8,70,2,15,2.926829268,2025,1915
6685,38,752,226,1005,27,0.973134328,0,7,54,22,27,2.859649123,2025,1768
6686,51,993,442,1485,50,0.966329966,0,7,40,20,45,3.126361656,2025,1228
6687,58,1195,493,1761,73,0.958546281,0,9,118,34,32,3.233716475,2025,1579
6688,50,984,299,1343,60,0.955323902,0,4,114,23,45,2.851111111,2025,1525
6689,38,682,289,1035,64,0.938164251,0,20,128,16,15,2.839181287,2025,1814
6690,33,634,233,899,32,0.964404894,0,1,74,15,22,2.919191919,2025,2004
6691,54,1059,513,1625,53,0.967384615,1,7,72,37,68,3.234567901,2025,1170
6692,41,787,231,1065,47,0.955868545,0,11,66,18,20,2.758807588,2025,1714
6693,41,770,291,1127,66,0.941437445,2,7,118,22,26,2.875338753,2025,2051
6694,46,870,340,1279,69,0.946051603,0,2,143,14,32,2.922705314,2025,1449
6695,57,1144,253,1436,39,0.972841226,0,7,62,21,14,2.723196881,2025,1269
6696,40,712,302,1093,79,0.927721866,0,31,174,18,32,2.816666667,2025,1847
6697,52,1011,331,1387,45,0.967555876,1,17,140,22,30,2.867521368,2025,1569
6698,39,732,218,1007,57,0.943396226,1,17,224,9,13,2.706552707,2025,1620
6699,46,878,279,1197,40,0.966583124,0,1,82,10,16,2.79468599,2025,1674
6700,47,955,295,1301,51,0.960799385,1,2,110,22,21,2.955082742,2025,1604
6701,34,562,242,881,77,0.912599319,0,14,180,25,22,2.62745098,2025,2040
6702,45,858,264,1170,48,0.958974359,0,17,129,13,28,2.77037037,2025,1652
6703,39,759,254,1071,58,0.945845005,0,3,78,12,23,2.886039886,2025,1779
6704,45,870,285,1192,37,0.968959732,0,7,140,20,16,2.851851852,2025,1683
6705,40,762,285,1113,66,0.940700809,0,8,74,14,24,2.908333333,2025,1698
6706,53,991,350,1407,66,0.953091684,0,10,144,49,22,2.811320755,2025,1203
6707,50,991,327,1364,46,0.96627566,1,9,96,17,44,2.928888889,2025,1211
6708,60,1246,454,1738,38,0.978135788,0,3,92,24,35,3.148148148,2025,1559
6709,54,1071,319,1457,67,0.9540151,0,7,152,32,23,2.860082305,2025,1504
6710,39,715,213,965,37,0.961658031,0,15,75,13,21,2.643874644,2025,1827
6711,36,625,213,910,72,0.920879121,0,9,140,10,8,2.586419753,2025,1610
6712,54,1060,300,1404,44,0.968660969,0,4,66,13,27,2.798353909,2025,1472
6713,43,795,305,1179,79,0.932994063,0,25,141,17,14,2.842377261,2025,1408
6714,38,696,291,1068,81,0.924157303,0,7,162,10,12,2.885964912,2025,2022
6715,56,1059,477,1597,61,0.961803381,0,6,64,24,60,3.047619048,2025,1125
6716,51,997,388,1447,62,0.95715273,0,6,84,19,32,3.017429194,2025,1324
6717,58,1136,312,1502,54,0.964047936,0,6,62,19,17,2.77394636,2025,1099
6718,40,797,271,1112,44,0.960431655,0,8,76,10,14,2.966666667,2025,1686
6719,47,895,243,1202,64,0.946755408,0,14,122,22,3,2.690307329,2025,1457
6720,52,984,400,1466,82,0.944065484,0,8,160,30,46,2.957264957,2025,1369
6721,55,1090,412,1573,71,0.954863318,2,11,178,10,36,3.034343434,2025,1300
6722,39,743,296,1084,45,0.958487085,0,12,138,21,23,2.96011396,2025,1928
6723,29,533,228,803,42,0.947696139,0,6,134,13,35,2.915708812,2025,2000
6724,49,980,391,1409,38,0.973030518,0,9,80,27,35,3.108843537,2025,1517
6725,43,838,255,1128,35,0.968971631,0,0,72,20,21,2.824289406,2025,1994
6726,37,697,218,973,58,0.940390545,2,3,114,26,13,2.747747748,2025,1869
6727,49,959,431,1434,44,0.969316597,0,9,40,41,63,3.151927438,2025,1100
6728,34,658,270,991,63,0.936427851,0,15,86,6,5,3.032679739,2025,1988
6729,38,667,223,971,81,0.916580844,0,7,126,16,9,2.602339181,2025,1956
6730,50,997,332,1377,48,0.965141612,0,6,72,16,15,2.953333333,2025,1257
6731,54,1019,323,1399,57,0.959256612,0,2,156,16,41,2.761316872,2025,1135
6732,48,924,332,1297,41,0.968388589,0,10,91,26,31,2.907407407,2025,1344
6733,34,597,241,899,61,0.93214683,0,8,184,12,12,2.738562092,2025,2006
6734,40,806,338,1200,56,0.953333333,0,20,114,15,25,3.177777778,2025,1882
6735,50,927,255,1238,56,0.954765751,0,12,138,35,9,2.626666667,2025,1312
6736,48,926,357,1336,53,0.960329341,0,10,68,32,55,2.969907407,2025,1214
6737,27,392,157,609,60,0.901477833,0,7,103,7,10,2.259259259,2025,2034
6738,48,916,347,1336,73,0.945359281,0,9,106,4,32,2.923611111,2025,1407
6739,51,924,460,1464,80,0.945355191,1,13,186,10,39,3.015250545,2025,1447
6740,58,1166,446,1644,32,0.98053528,0,13,128,26,51,3.088122605,2025,1105
6741,33,654,250,933,29,0.968917471,0,5,68,14,19,3.043771044,2025,1936
6742,47,898,380,1349,71,0.947368421,0,4,84,32,35,3.021276596,2025,1163
6743,52,1011,420,1484,53,0.964285714,0,1,88,16,25,3.057692308,2025,1588
6744,50,919,301,1277,57,0.955364135,0,3,112,20,27,2.711111111,2025,1346
6745,46,958,364,1392,70,0.949712644,0,1,74,14,36,3.193236715,2025,1601
6746,56,1142,504,1692,46,0.972813239,0,3,62,20,39,3.265873016,2025,1453
6747,55,1151,397,1601,53,0.96689569,0,5,38,6,66,3.127272727,2025,1593
6748,57,1169,387,1612,56,0.965260546,0,5,94,18,38,3.033138402,2025,1108
6749,54,1056,397,1513,60,0.960343688,1,4,52,27,37,2.989711934,2025,1107
6750,52,1053,362,1475,60,0.959322034,2,1,84,22,33,3.023504274,2025,1241
6751,50,942,373,1384,69,0.950144509,2,8,112,16,43,2.922222222,2025,1160
6752,53,1106,402,1574,66,0.958068615,1,4,76,34,49,3.161425577,2025,1433
6753,47,938,394,1393,61,0.95620962,0,4,134,12,40,3.14893617,2025,1557
6754,50,992,449,1505,64,0.957475083,0,8,122,12,45,3.202222222,2025,1573
6755,66,1319,649,2039,71,0.965179009,1,14,94,16,73,3.313131313,2025,1466
6756,58,1098,350,1504,56,0.962765957,0,4,44,22,71,2.77394636,2025,1118
6757,51,976,364,1426,86,0.939691445,0,7,58,36,37,2.919389978,2025,1338
6758,68,1284,440,1763,39,0.977878616,0,9,58,30,32,2.816993464,2025,1104
6759,50,1012,384,1462,66,0.954856361,0,8,186,14,26,3.102222222,2025,1236
6760,48,933,339,1335,63,0.952808989,0,4,98,18,25,2.944444444,2025,2064
6761,62,1258,537,1854,59,0.968176915,0,3,106,28,68,3.216845878,2025,1157
6762,40,776,244,1068,48,0.95505618,0,5,102,16,13,2.833333333,2025,1803
6763,53,1019,342,1434,73,0.949093445,2,2,116,26,41,2.853249476,2025,1514
6764,57,1117,431,1581,33,0.979127135,0,12,146,27,74,3.01754386,2025,1156
6765,52,959,337,1356,60,0.955752212,0,7,90,14,21,2.769230769,2025,1283
6766,31,462,176,728,90,0.876373626,0,11,192,12,19,2.286738351,2025,2016
6767,35,643,229,931,59,0.936627282,0,10,174,23,14,2.768253968,2025,1738
6768,40,757,285,1091,49,0.955087076,1,9,128,25,10,2.894444444,2025,1718
6769,45,861,340,1272,71,0.94418239,0,0,118,18,28,2.965432099,2025,1843
6770,36,691,253,982,38,0.961303462,0,12,204,18,8,2.913580247,2025,1901
6771,36,727,241,1012,44,0.956521739,0,13,124,14,25,2.987654321,2025,2018
6772,48,877,264,1186,45,0.962057336,0,14,58,15,21,2.641203704,2025,1400
6773,41,809,386,1231,36,0.970755483,1,5,106,14,28,3.238482385,2025,1791
6774,42,825,262,1119,32,0.971403038,1,5,64,30,30,2.875661376,2025,1700
6775,46,875,302,1228,51,0.958469055,0,7,124,28,29,2.842995169,2025,1416
6776,43,837,364,1280,79,0.93828125,0,5,54,7,28,3.103359173,2025,1839
6777,39,701,290,1058,67,0.936672968,0,18,156,21,38,2.823361823,2025,2036
6778,50,940,380,1406,86,0.93883357,0,15,147,14,17,2.933333333,2025,1627
6779,43,863,340,1246,43,0.965489567,0,5,126,14,35,3.108527132,2025,1837
6780,28,493,210,757,54,0.928665786,0,15,112,14,21,2.78968254,2025,1873
6781,55,1056,424,1521,41,0.97304405,0,11,50,24,63,2.98989899,2025,1293
6782,39,746,288,1061,27,0.974552309,0,7,48,26,22,2.945868946,2025,1806
6783,49,974,285,1301,42,0.967717141,0,5,158,27,23,2.854875283,2025,1278
6784,60,1196,430,1685,59,0.964985163,0,6,62,30,69,3.011111111,2025,1130
6785,51,999,345,1386,42,0.96969697,0,1,54,34,16,2.928104575,2025,1331
6786,49,986,343,1363,34,0.975055026,1,12,118,17,20,3.013605442,2025,1628
6787,63,1202,454,1687,31,0.981624185,0,6,68,10,59,2.920634921,2025,1428
6788,38,706,263,1031,62,0.93986421,0,8,72,12,19,2.833333333,2025,1634
6789,37,692,278,1036,66,0.936293436,0,27,198,23,15,2.912912913,2025,1852
6790,49,901,313,1282,68,0.946957878,1,15,120,21,39,2.752834467,2025,1536
6791,51,1002,522,1598,74,0.953692115,0,10,156,22,68,3.320261438,2025,1574
6792,44,890,290,1223,43,0.964840556,1,3,86,4,20,2.97979798,2025,1780
6793,56,1110,383,1564,71,0.954603581,0,11,120,8,35,2.962301587,2025,1305
6794,54,1113,270,1420,37,0.973943662,0,2,51,8,7,2.845679012,2025,1395
6795,49,938,290,1284,56,0.956386293,0,7,172,12,17,2.784580499,2025,1349
6796,40,746,299,1107,62,0.943992773,0,15,202,16,13,2.902777778,2025,2011
6797,41,825,306,1218,87,0.928571429,1,25,170,12,23,3.06504065,2025,1641
6798,40,809,342,1193,42,0.964794635,0,3,84,24,19,3.197222222,2025,1744
6799,48,905,359,1345,81,0.939776952,0,4,134,23,16,2.925925926,2025,1598
6800,48,955,323,1345,67,0.950185874,0,7,108,30,14,2.958333333,2025,1521
6801,43,846,247,1133,40,0.964695499,0,6,70,4,36,2.824289406,2025,1746
6802,48,911,327,1302,64,0.950844854,0,11,205,22,29,2.865740741,2025,1406
6803,37,757,355,1158,46,0.960276339,2,7,130,12,26,3.339339339,2025,1745
6804,40,751,307,1108,50,0.954873646,1,10,118,15,21,2.938888889,2025,1496
6805,35,607,275,955,73,0.923560209,0,27,242,28,9,2.8,2025,1580
6806,38,712,198,955,45,0.952879581,0,8,138,6,6,2.660818713,2025,2039
6807,37,687,281,1013,45,0.955577493,0,9,100,24,21,2.906906907,2025,1977
6808,62,1227,444,1735,64,0.963112392,0,4,56,8,49,2.994623656,2025,1144
6809,44,856,254,1171,61,0.947907771,1,5,118,17,8,2.803030303,2025,1226
6810,61,1219,549,1828,60,0.967177243,0,14,68,22,63,3.220400729,2025,1176
6811,35,659,203,926,64,0.930885529,0,8,107,24,20,2.736507937,2025,1735
6812,40,752,269,1073,52,0.951537745,0,14,132,9,16,2.836111111,2025,1708
6813,42,784,238,1088,66,0.939338235,0,5,134,13,7,2.703703704,2025,1441
6814,37,690,210,961,61,0.936524454,1,7,124,12,36,2.702702703,2025,1921
6815,51,965,376,1408,67,0.952414773,0,3,80,28,26,2.921568627,2025,1266
6816,59,1185,421,1643,37,0.977480219,0,8,48,27,40,3.024482109,2025,1382
6817,57,1156,425,1637,56,0.965791081,0,19,76,17,60,3.081871345,2025,1389
6818,54,1053,448,1582,81,0.948798989,1,9,132,40,50,3.088477366,2025,1442
6819,53,1005,422,1482,55,0.962887989,0,18,144,19,24,2.991614256,2025,1489
6820,48,874,323,1248,51,0.959134615,0,2,92,22,25,2.770833333,2025,1097
6821,57,1083,424,1592,85,0.94660804,1,20,118,30,35,2.937621832,2025,1542
6822,42,787,313,1138,38,0.966608084,0,1,106,18,23,2.91005291,2025,1256
6823,57,1151,487,1707,69,0.959578207,0,13,124,15,62,3.192982456,2025,1414
6824,51,1015,419,1506,72,0.952191235,0,5,76,27,44,3.124183007,2025,1507
6825,38,738,304,1098,56,0.948998179,0,13,102,17,10,3.046783626,2025,2030
6826,41,832,397,1281,52,0.959406714,0,5,92,19,35,3.330623306,2025,1857
6827,57,1151,446,1675,78,0.953432836,0,17,42,16,49,3.113060429,2025,1548
6828,40,735,322,1099,42,0.961783439,0,15,115,14,28,2.936111111,2025,1799
6829,45,854,324,1219,41,0.966365874,0,1,42,24,25,2.908641975,2025,1665
6830,54,1017,396,1495,82,0.945150502,0,8,144,14,71,2.907407407,2025,1396
6831,54,1062,315,1441,64,0.955586398,0,5,66,14,41,2.833333333,2025,1260
6832,49,922,292,1276,62,0.951410658,0,10,141,30,28,2.752834467,2025,1460
6833,31,563,262,871,46,0.947187141,0,12,196,14,26,2.956989247,2025,1242
6834,36,672,277,1002,53,0.947105788,0,8,118,12,11,2.929012346,2025,1834
6835,38,702,283,1033,48,0.953533398,0,4,44,20,33,2.880116959,2025,1220
6836,41,788,321,1170,61,0.947863248,0,9,102,16,33,3.005420054,2025,1676
6837,37,680,243,1003,80,0.920239282,0,10,116,14,8,2.771771772,2025,1861
6838,55,1119,381,1555,55,0.964630225,0,1,80,19,37,3.03030303,2025,1190
6839,37,671,292,1026,63,0.938596491,1,12,90,32,18,2.891891892,2025,2003
6840,38,730,239,1032,63,0.938953488,0,12,102,12,18,2.833333333,2025,1978
6841,43,830,317,1200,53,0.955833333,1,19,110,14,14,2.963824289,2025,1555
6842,40,717,269,1052,66,0.937262357,0,9,196,6,15,2.738888889,2025,2010
6843,38,756,242,1032,34,0.967054264,0,11,70,23,23,2.918128655,2025,1198
6844,48,905,328,1302,69,0.947004608,0,11,80,18,31,2.854166667,2025,1552
6845,56,1055,393,1507,59,0.96084937,0,19,105,32,24,2.873015873,2025,1526
6846,48,950,286,1271,35,0.972462628,2,10,44,8,33,2.861111111,2025,1189
6847,30,563,208,835,64,0.923353293,0,12,84,4,13,2.855555556,2025,1968
6848,54,1043,373,1469,53,0.963921035,0,7,54,25,18,2.913580247,2025,1153
6849,49,976,412,1458,70,0.951989026,0,6,124,39,19,3.14739229,2025,1251
6850,37,698,297,1055,60,0.943127962,1,4,94,22,30,2.987987988,2025,1777
6851,33,612,218,896,66,0.926339286,1,21,100,20,5,2.794612795,2025,1992
6852,47,897,343,1321,81,0.938682816,0,13,204,17,31,2.93144208,2025,1515
6853,39,738,318,1094,38,0.965265082,0,2,54,14,33,3.008547009,2025,1876
6854,48,925,369,1356,62,0.954277286,0,13,136,22,30,2.99537037,2025,1357
6855,40,806,335,1195,54,0.954811715,0,9,106,25,33,3.169444444,2025,1690
6856,37,704,271,1029,54,0.947521866,0,0,80,11,8,2.927927928,2025,1841
6857,42,814,294,1165,57,0.951072961,2,16,150,31,22,2.931216931,2025,1377
6858,35,688,259,1010,63,0.937623762,0,5,82,14,11,3.006349206,2025,1953
6859,55,1114,405,1578,59,0.9626109,0,5,78,22,45,3.068686869,2025,1587
6860,43,862,311,1229,56,0.9544345,1,2,70,28,21,3.031007752,2025,1687
6861,44,851,281,1190,58,0.951260504,0,6,126,16,28,2.858585859,2025,1560
6862,54,1047,447,1572,78,0.950381679,2,5,100,14,31,3.074074074,2025,1192
6863,41,804,242,1096,50,0.954379562,1,1,90,16,20,2.834688347,2025,1805
6864,45,814,297,1213,102,0.915910965,0,4,158,29,7,2.743209877,2025,1336
6865,58,1172,598,1841,71,0.961434003,2,15,119,22,57,3.390804598,2025,1454
6866,38,730,277,1052,45,0.957224335,0,9,78,11,23,2.944444444,2025,1877
6867,59,1149,405,1596,42,0.973684211,0,10,30,16,51,2.926553672,2025,1098
6868,38,825,247,1145,73,0.936244541,0,15,88,12,35,3.134502924,2025,1933
6869,57,1141,384,1595,70,0.956112853,1,11,74,28,41,2.972709552,2025,1122
6870,44,899,348,1290,43,0.966666667,0,9,100,26,32,3.148989899,2025,1586
6871,61,1211,332,1591,48,0.969830295,0,7,82,10,15,2.810564663,2025,1435
6872,55,1050,382,1495,63,0.957859532,1,13,114,46,30,2.892929293,2025,1345
6873,52,950,308,1316,58,0.955927052,1,4,192,29,54,2.688034188,2025,2079
6874,48,927,340,1298,31,0.976117103,0,5,54,16,35,2.93287037,2025,1649
6875,39,766,323,1125,36,0.968,0,12,108,3,36,3.102564103,2025,1831
6876,56,1098,419,1577,60,0.961953075,0,16,129,14,30,3.009920635,2025,1147
6877,54,1047,316,1407,44,0.96872779,1,7,76,12,37,2.804526749,2025,1140
6878,38,739,220,1012,53,0.947628458,0,5,178,16,12,2.804093567,2025,1999
6879,55,1092,438,1595,65,0.959247649,0,8,66,31,37,3.090909091,2025,1431
6880,42,813,290,1155,52,0.954978355,0,2,58,2,16,2.917989418,2025,1844
6881,50,1016,410,1497,71,0.95257181,0,9,168,40,24,3.168888889,2025,1633
6882,39,719,315,1105,71,0.935746606,0,2,98,27,25,2.945868946,2025,1701
6883,38,708,234,1023,81,0.920821114,1,10,164,6,26,2.754385965,2025,1534
6884,52,969,296,1330,65,0.95112782,1,19,132,33,17,2.702991453,2025,2052
6885,33,628,239,925,58,0.937297297,0,9,200,22,20,2.919191919,2025,1498
6886,38,760,203,1017,54,0.946902655,0,5,114,12,11,2.815789474,2025,1976
6887,30,657,238,945,50,0.947089947,0,15,194,11,13,3.314814815,2025,1979
6888,37,694,278,1047,75,0.928366762,1,16,146,12,9,2.918918919,2025,1973
6889,36,632,233,973,108,0.889003083,1,24,200,6,7,2.669753086,2025,1983
6890,54,1062,361,1490,67,0.955033557,0,15,88,18,36,2.927983539,2025,1239
6891,47,1015,412,1510,83,0.945033113,0,9,164,40,60,3.373522459,2025,1527
6892,35,699,260,992,33,0.966733871,0,2,138,10,22,3.044444444,2025,1991
6893,52,1007,438,1490,45,0.969798658,1,6,88,30,32,3.087606838,2025,1386
6894,38,714,234,1011,63,0.93768546,0,5,134,19,8,2.771929825,2025,1871
6895,52,942,470,1486,74,0.950201884,0,16,98,16,80,3.017094017,2025,2053
6896,47,898,325,1279,56,0.956215794,1,3,48,23,32,2.891252955,2025,1678
6897,54,1042,422,1523,59,0.96126067,1,6,120,22,29,3.012345679,2025,1427
6898,38,742,258,1039,39,0.962463908,0,8,72,8,28,2.923976608,2025,1927
6899,41,781,426,1288,81,0.937111801,0,5,150,22,19,3.27100271,2025,1563
6900,33,567,205,854,82,0.903981265,0,18,138,20,25,2.599326599,2025,1822
6901,54,1065,498,1657,94,0.943270972,1,9,136,19,35,3.216049383,2025,1313
6902,52,1033,335,1409,41,0.970901348,0,2,98,30,29,2.923076923,2025,1310
6903,37,750,210,1004,44,0.956175299,0,2,82,6,10,2.882882883,2025,1715
6904,49,973,370,1405,62,0.955871886,1,9,100,15,35,3.045351474,2025,1368
6905,56,1146,448,1651,57,0.965475469,1,11,136,25,51,3.162698413,2025,1420
6906,45,845,323,1229,61,0.950366151,0,1,64,16,55,2.883950617,2025,1675
6907,32,588,198,847,61,0.92798111,0,11,142,24,26,2.729166667,2025,1531
6908,46,923,392,1384,69,0.950144509,0,14,156,6,18,3.176328502,2025,1577
6909,49,971,375,1382,36,0.973950796,0,7,70,4,42,3.052154195,2025,1553
6910,38,734,275,1076,67,0.937732342,0,9,126,28,28,2.950292398,2025,2024
6911,50,1000,317,1363,46,0.966250917,0,4,74,22,25,2.926666667,2025,1448
6912,36,673,253,1017,91,0.910521141,0,6,142,10,10,2.858024691,2025,1950
6913,55,1076,419,1541,46,0.970149254,0,6,62,42,22,3.02020202,2025,1439
6914,65,1215,435,1700,50,0.970588235,0,8,44,18,73,2.820512821,2025,1095
6915,45,874,458,1381,49,0.964518465,0,18,242,29,31,3.288888889,2025,1115
6916,57,1103,276,1403,24,0.982893799,0,10,68,18,23,2.688109162,2025,1141
6917,59,1132,533,1731,66,0.96187175,2,8,100,36,66,3.13559322,2025,1281
6918,51,1051,370,1486,65,0.956258412,2,5,154,22,16,3.095860566,2025,1562
6919,52,1048,325,1414,41,0.971004243,0,13,48,20,40,2.933760684,2025,1169
6920,48,941,372,1395,82,0.941218638,0,20,220,29,34,3.039351852,2025,1619
6921,61,1163,435,1659,61,0.963230862,0,6,64,20,42,2.910746812,2025,1094
6922,26,479,192,702,31,0.955840456,0,7,62,14,19,2.867521368,2025,1872
6923,56,1104,431,1585,50,0.968454259,0,8,96,13,36,3.045634921,2025,1184
6924,45,843,262,1151,46,0.960034752,1,4,58,24,28,2.728395062,2025,1532
6925,48,909,368,1350,73,0.945925926,0,16,161,20,44,2.956018519,2025,1487
6926,43,828,314,1199,57,0.952460384,1,5,227,27,28,2.950904393,2025,1476
6927,42,812,261,1131,58,0.948717949,0,13,76,21,27,2.838624339,2025,1809
6928,59,1183,382,1608,43,0.973258706,1,3,64,10,22,2.947269303,2025,1426
6929,30,501,200,771,70,0.90920882,1,19,136,8,20,2.596296296,2025,2046
6930,32,697,207,957,53,0.9446186,0,8,122,12,8,3.138888889,2025,1996
6931,35,702,250,982,30,0.969450102,0,2,56,17,18,3.022222222,2025,1732
6932,40,810,267,1111,34,0.96939694,0,15,96,8,18,2.991666667,2025,1455
6933,30,556,183,797,58,0.927227102,0,2,78,14,19,2.737037037,2025,2014
6934,48,911,392,1367,64,0.953182151,0,22,208,14,17,3.016203704,2025,1438
6935,53,1020,462,1574,92,0.941550191,0,18,192,6,35,3.106918239,2025,1280
6936,34,541,210,861,110,0.87224158,1,70,220,10,23,2.454248366,2025,2043
6937,47,895,314,1251,42,0.966426859,0,6,106,6,17,2.858156028,2025,1401
6938,49,961,459,1481,61,0.958811614,0,10,112,36,30,3.219954649,2025,1205
6939,39,695,327,1078,56,0.948051948,0,7,68,22,25,2.911680912,2025,1776
6940,46,909,337,1314,68,0.948249619,0,17,80,16,34,3.009661836,2025,1786
6941,43,800,293,1138,45,0.960456942,0,4,40,18,32,2.824289406,2025,1916
6942,53,1053,374,1498,71,0.952603471,0,5,116,16,33,2.991614256,2025,1318
6943,54,1080,412,1531,39,0.974526453,0,3,88,27,8,3.069958848,2025,1136
6944,43,800,261,1107,46,0.958446251,0,9,112,26,14,2.741602067,2025,1353
6945,58,1138,414,1605,53,0.966978193,0,11,68,24,62,2.973180077,2025,1151
6946,47,915,232,1195,48,0.959832636,0,3,52,12,9,2.711583924,2025,1418
6947,51,989,356,1398,53,0.962088698,1,7,54,22,39,2.930283224,2025,1116
6948,54,1091,455,1579,33,0.979100697,0,6,86,28,61,3.181069959,2025,1291
6949,54,1032,406,1510,72,0.952317881,0,12,126,18,28,2.958847737,2025,1421
6950,51,991,267,1317,59,0.955201215,0,6,168,24,16,2.740740741,2025,1332
6951,42,810,343,1209,56,0.953680728,0,17,148,23,24,3.05026455,2025,1477
6952,49,941,379,1389,69,0.950323974,0,7,80,12,18,2.993197279,2025,1778
6953,53,1037,351,1450,62,0.957241379,1,7,100,14,24,2.909853249,2025,1539
6954,56,1138,481,1670,51,0.969461078,1,5,126,21,43,3.212301587,2025,1464
6955,38,734,336,1131,61,0.946065429,0,9,102,19,10,3.128654971,2025,2017
6956,46,874,356,1311,81,0.938215103,0,10,206,34,25,2.971014493,2025,1347
6957,55,1083,394,1517,40,0.973632169,0,5,54,10,46,2.983838384,2025,1092
6958,53,1040,291,1399,68,0.951393853,0,4,86,24,12,2.790356394,2025,1485
6959,44,849,302,1205,54,0.955186722,0,21,134,15,18,2.906565657,2025,1737
6960,43,834,266,1134,34,0.970017637,0,16,58,15,17,2.842377261,2025,1654
6961,44,798,337,1203,68,0.943474647,0,11,258,26,29,2.866161616,2025,1669
6962,39,757,229,1056,70,0.933712121,0,14,118,8,19,2.809116809,2025,1808
6963,40,767,262,1113,84,0.924528302,0,15,186,19,30,2.858333333,2025,1811
6965,36,711,255,1044,78,0.925287356,0,8,126,6,6,2.981481481,2025,1946
6966,32,623,264,912,25,0.972587719,0,12,60,16,29,3.079861111,2025,1939
6967,40,788,394,1227,45,0.963325183,0,8,112,27,30,3.283333333,2025,1755
6968,48,922,367,1376,87,0.936773256,0,21,218,21,22,2.983796296,2025,1319
6969,32,627,255,940,58,0.938297872,0,8,184,24,9,3.0625,2025,1954
6970,42,834,273,1135,28,0.975330396,0,2,76,29,34,2.928571429,2025,1782
6971,57,1129,316,1492,47,0.96849866,0,3,114,15,33,2.816764133,2025,1450
6972,40,785,278,1137,74,0.934916447,0,4,80,10,14,2.952777778,2025,2055
6973,35,607,246,928,75,0.919181034,0,11,132,11,23,2.707936508,2025,2087
6974,39,794,283,1127,50,0.955634428,1,8,64,7,18,3.068376068,2025,1110
6975,36,684,298,1051,69,0.93434824,0,26,100,12,35,3.030864198,2025,1788
6976,53,1078,374,1489,37,0.975151108,0,6,56,24,41,3.044025157,2025,1270
6977,49,1042,480,1582,60,0.962073325,0,3,82,32,53,3.451247166,2025,1594
6978,54,1071,351,1482,60,0.95951417,0,5,160,24,32,2.925925926,2025,1624
6979,40,769,333,1176,74,0.93707483,1,8,88,14,43,3.061111111,2025,1908
6980,54,1113,422,1585,50,0.968454259,1,3,124,20,27,3.158436214,2025,1509
6981,37,742,258,1063,63,0.940733772,1,6,120,9,20,3.003003003,2025,1863
6982,31,578,180,813,55,0.932349323,0,10,126,15,12,2.716845878,2025,1997
6983,57,1204,417,1697,76,0.955215085,0,8,113,22,59,3.159844055,2025,1493
6984,38,746,242,1026,38,0.962962963,1,8,88,14,13,2.888888889,2025,1727
6985,50,951,328,1342,63,0.953055142,1,11,116,22,18,2.842222222,2025,1341
6986,44,855,300,1218,63,0.948275862,0,8,128,25,19,2.916666667,2025,1306
6987,41,850,285,1203,68,0.943474647,0,3,64,28,17,3.075880759,2025,1614
6988,41,785,290,1130,55,0.951327434,1,19,150,8,9,2.913279133,2025,1904
6989,39,756,262,1072,54,0.949626866,1,11,76,21,15,2.9002849,2025,1835
6990,35,621,228,902,53,0.941241685,0,18,176,16,7,2.695238095,2025,2013
6991,47,939,397,1392,56,0.959770115,0,7,97,22,44,3.158392435,2025,1149
6992,50,956,441,1463,66,0.954887218,0,10,166,10,44,3.104444444,2025,1286
6993,41,715,274,1048,59,0.94370229,0,9,277,22,14,2.680216802,2025,1920
6994,50,947,316,1321,58,0.956093868,0,8,136,25,24,2.806666667,2025,1093
6995,40,675,312,1054,67,0.936432638,0,15,148,22,13,2.741666667,2025,1784
6996,45,848,288,1173,37,0.968456948,0,7,44,12,17,2.804938272,2025,1655
6997,39,759,273,1070,38,0.964485981,2,3,74,10,3,2.94017094,2025,1787
6998,54,1044,395,1482,43,0.970985155,0,13,46,28,61,2.96090535,2025,1155
6999,43,843,252,1131,36,0.968169761,0,3,82,32,7,2.829457364,2025,1774
7000,54,1092,466,1612,54,0.966501241,0,4,86,12,40,3.205761317,2025,1258
7001,44,859,345,1238,34,0.972536349,0,2,58,28,21,3.04040404,2025,1668
7002,54,1024,401,1514,89,0.941215324,0,4,142,35,19,2.932098765,2025,1339
7003,53,1082,431,1578,65,0.958808619,1,19,92,22,45,3.171907757,2025,1518
7004,50,984,401,1447,62,0.95715273,0,7,116,22,28,3.077777778,2025,1148
7005,40,762,281,1094,51,0.953382084,0,10,146,20,18,2.897222222,2025,1855
7006,50,1031,304,1373,38,0.972323379,0,3,92,20,31,2.966666667,2025,1109
7007,49,947,312,1307,48,0.963274675,0,5,102,26,28,2.854875283,2025,1223
7008,51,1023,300,1396,73,0.947707736,0,11,122,16,19,2.882352941,2025,1276
7009,46,871,271,1180,38,0.96779661,0,4,66,14,33,2.758454106,2025,1402
7010,54,981,354,1395,60,0.956989247,0,7,68,20,41,2.74691358,2025,1112
7011,65,1302,382,1759,75,0.957362138,0,8,96,19,30,2.878632479,2025,1443
7012,50,1023,364,1428,41,0.971288515,0,7,70,26,46,3.082222222,2025,1314
7013,53,1021,397,1457,39,0.97323267,2,0,58,30,19,2.972746331,2025,1285
7014,54,1037,454,1553,62,0.96007727,0,14,98,18,67,3.067901235,2025,1227
7015,38,716,163,912,33,0.963815789,0,6,52,14,3,2.570175439,2025,1771
7016,53,972,407,1465,86,0.941296928,0,8,168,11,19,2.890985325,2025,1233
7017,58,1115,345,1510,50,0.966887417,0,5,78,22,35,2.796934866,2025,1274
7018,50,1003,365,1426,58,0.959326788,0,10,140,24,19,3.04,2025,1334
7019,54,1020,378,1443,45,0.968814969,0,5,102,26,35,2.87654321,2025,1114
7020,11,221,94,324,9,0.972222222,0,10,24,4,3,3.181818182,2025,2073
7021,58,1155,511,1749,83,0.952544311,0,9,94,21,63,3.191570881,2025,2074
7022,30,574,180,810,56,0.930864198,0,3,89,21,15,2.792592593,2025,2033
7023,41,770,261,1067,36,0.966260544,0,2,78,16,29,2.79403794,2025,1664
7024,46,874,389,1320,57,0.956818182,1,10,98,9,40,3.050724638,2025,1709
7025,9,155,56,229,18,0.92139738,0,3,66,8,3,2.604938272,2025,1575
7026,38,744,307,1104,53,0.951992754,1,2,110,12,17,3.073099415,2025,1767
7027,36,713,223,986,50,0.949290061,0,5,98,12,30,2.888888889,2025,1913
7028,50,988,430,1468,50,0.965940054,2,6,56,22,46,3.151111111,2025,1206
7029,44,835,292,1181,54,0.954276037,0,4,74,23,28,2.845959596,2025,1716
7030,38,720,287,1052,45,0.957224335,0,12,76,16,22,2.944444444,2025,1952
7031,53,1054,403,1520,63,0.958552632,0,20,152,26,30,3.054507338,2025,1360
7032,51,955,378,1413,80,0.943382873,1,5,240,14,19,2.904139434,2025,1126
7033,59,1124,356,1558,78,0.949935815,0,11,88,18,38,2.787193974,2025,1194
7034,33,624,282,986,80,0.918864097,1,30,161,18,17,3.050505051,2025,1523
7035,45,813,382,1269,74,0.941686367,0,6,122,19,38,2.950617284,2025,1576
7036,34,651,245,943,47,0.950159067,1,13,100,24,13,2.928104575,2025,1929
7037,34,601,216,893,76,0.914893617,0,8,112,27,21,2.669934641,2025,1860
7038,27,468,158,689,63,0.908563135,0,9,140,12,8,2.576131687,2025,1790
7039,51,1004,372,1450,74,0.948965517,1,8,156,25,48,2.997821351,2025,1434
7040,35,761,250,1062,51,0.951977401,0,3,98,31,13,3.20952381,2025,2027
7041,37,606,217,912,89,0.902412281,0,14,156,14,18,2.471471471,2025,1942
7042,62,1238,472,1761,51,0.971039182,0,6,54,26,45,3.064516129,2025,1469
7043,38,700,319,1103,84,0.923844062,1,3,99,17,40,2.979532164,2025,1804
7044,39,771,292,1117,54,0.951656222,0,9,86,6,35,3.028490028,2025,1894
7045,38,702,312,1079,65,0.939759036,1,7,136,20,28,2.964912281,2025,1379
7046,40,761,319,1150,70,0.939130435,0,6,88,30,20,3,2025,1980
7047,46,796,291,1169,82,0.929854577,1,3,212,18,15,2.625603865,2025,1644
7048,45,851,313,1234,70,0.943273906,0,8,100,20,31,2.874074074,2025,1653
7049,42,809,304,1178,65,0.944821732,1,2,60,20,35,2.944444444,2025,1663
7050,56,1129,475,1656,52,0.968599034,0,8,115,30,27,3.182539683,2025,1299
7051,34,644,256,957,57,0.940438871,0,17,94,10,16,2.941176471,2025,1922
7052,50,965,396,1432,71,0.950418994,0,12,107,16,40,3.024444444,2025,1422
7053,42,787,357,1215,71,0.941563786,0,20,172,15,14,3.026455026,2025,1415
7054,32,584,234,875,57,0.934857143,2,11,117,4,11,2.840277778,2025,1797
7055,40,747,291,1103,65,0.94106981,0,16,125,24,17,2.883333333,2025,1879
7056,41,752,301,1126,73,0.935168739,1,7,114,22,36,2.853658537,2025,2056
7057,44,879,387,1312,46,0.964939024,0,5,58,19,41,3.196969697,2025,1807
7058,50,974,415,1452,63,0.95661157,0,11,120,20,38,3.086666667,2025,1409
7059,46,807,375,1272,90,0.929245283,0,13,184,28,20,2.855072464,2025,1581
7060,52,1010,338,1395,47,0.966308244,1,10,144,16,24,2.88034188,2025,1131
7061,30,495,165,713,53,0.925666199,0,25,154,6,12,2.444444444,2025,1736
7062,27,480,168,702,54,0.923076923,0,18,110,15,9,2.666666667,2025,1632
7063,57,1082,401,1552,69,0.955541237,0,4,74,10,44,2.890838207,2025,1412
7064,32,557,214,826,55,0.933414044,0,8,98,20,20,2.677083333,2025,2031
7065,45,854,357,1271,60,0.952793076,0,7,144,38,29,2.990123457,2025,1840
7066,45,856,263,1153,34,0.970511709,0,13,92,17,14,2.762962963,2025,1775
7067,57,1173,305,1545,67,0.956634304,2,9,122,15,12,2.881091618,2025,1519
7068,65,1285,387,1732,60,0.965357968,0,10,80,23,60,2.858119658,2025,1277
7069,38,743,258,1047,46,0.956064947,0,11,63,16,34,2.926900585,2025,1446
7070,54,1056,482,1610,72,0.955279503,0,10,76,30,39,3.164609053,2025,1425
7071,48,934,376,1382,72,0.947901592,1,10,124,57,30,3.032407407,2025,1630
7072,41,779,317,1174,78,0.933560477,0,13,182,16,9,2.970189702,2025,1589
7073,49,972,361,1393,60,0.956927495,0,13,116,27,23,3.022675737,2025,2057
7074,52,949,315,1308,44,0.966360856,0,3,66,16,37,2.700854701,2025,1661
7075,55,1058,453,1576,65,0.958756345,0,5,86,15,44,3.052525253,2025,1342
7076,26,480,201,721,40,0.944521498,0,7,204,27,9,2.91025641,2025,1648
7077,42,800,345,1181,36,0.969517358,0,10,54,18,56,3.029100529,2025,1556
7078,49,1006,429,1484,49,0.966981132,0,2,66,6,59,3.253968254,2025,1315
7079,46,892,313,1238,33,0.973344103,0,6,58,10,20,2.910628019,2025,1253
7080,53,1002,314,1395,79,0.943369176,2,16,138,28,36,2.758909853,2025,1268
7081,37,716,231,994,47,0.952716298,0,15,56,26,27,2.843843844,2025,2023
7082,58,1090,369,1506,47,0.968791501,0,6,26,14,41,2.795019157,2025,1159
7083,57,1138,409,1595,48,0.969905956,0,13,112,14,34,3.015594542,2025,1259
7084,54,1069,475,1593,49,0.969240427,2,5,68,17,87,3.176954733,2025,1102
7085,57,1094,479,1622,49,0.969790382,1,11,90,20,69,3.066276803,2025,1178
7086,51,1025,313,1380,42,0.969565217,0,8,74,13,44,2.91503268,2025,1208
7087,53,1005,379,1431,47,0.967155835,1,3,78,34,44,2.901467505,2025,1174
7088,53,1002,335,1414,77,0.945544554,0,21,148,13,30,2.80293501,2025,1294
7089,58,1134,474,1660,52,0.968674699,0,5,76,29,48,3.08045977,2025,1451
7090,41,822,336,1227,69,0.943765281,0,13,104,16,22,3.138211382,2025,1712
7091,29,565,203,801,33,0.958801498,0,2,68,21,26,2.942528736,2025,1935
7092,42,834,325,1223,64,0.947669665,0,7,86,26,33,3.066137566,2025,1846
7093,49,1005,304,1390,81,0.941726619,3,13,164,25,20,2.968253968,2025,1585
7094,40,760,298,1114,56,0.9497307,0,5,113,7,26,2.938888889,2025,2072
7095,42,785,301,1126,40,0.964476021,0,5,114,6,14,2.873015873,2025,1694
7096,49,924,464,1475,87,0.941016949,0,10,148,55,28,3.14739229,2025,1378
7097,34,629,254,935,52,0.944385027,0,3,140,10,10,2.885620915,2025,1728
7098,25,413,173,653,67,0.897396631,0,15,80,14,2,2.604444444,2025,2029
7099,40,863,340,1243,40,0.967819791,0,7,62,24,31,3.341666667,2025,1459
7100,36,716,319,1090,55,0.949541284,0,16,58,19,36,3.194444444,2025,1773
7101,45,825,297,1177,55,0.953271028,0,8,132,22,14,2.77037037,2025,1352
7102,42,760,332,1137,45,0.960422164,1,4,66,16,21,2.888888889,2025,1651
7103,38,759,288,1120,73,0.934821429,0,26,190,21,21,3.061403509,2025,1617
7104,33,426,151,733,156,0.787175989,0,50,191,10,7,1.942760943,2025,2048
7105,39,736,347,1120,37,0.966964286,0,6,86,19,22,3.085470085,2025,1781
7106,36,686,210,938,42,0.955223881,0,8,96,20,10,2.765432099,2025,1717
7107,58,1115,411,1570,44,0.971974522,0,9,48,15,30,2.923371648,2025,1111
7108,46,891,418,1387,78,0.943763518,0,4,104,19,33,3.161835749,2025,1444
7109,54,1014,438,1514,62,0.959048877,0,10,106,22,57,2.987654321,2025,1106
7110,32,506,250,830,74,0.910843373,0,7,206,17,9,2.625,2025,1819
7111,51,958,451,1475,66,0.955254237,0,17,208,17,28,3.069716776,2025,1618
7112,39,773,351,1181,57,0.951735817,0,3,72,26,23,3.202279202,2025,1756
7113,38,740,242,1009,27,0.973240833,0,3,56,24,35,2.871345029,2025,1748
7114,41,785,291,1141,65,0.943032428,0,6,142,20,41,2.91598916,2025,1995
7115,44,764,294,1148,90,0.921602787,0,7,184,23,18,2.671717172,2025,1199
7116,49,949,329,1338,60,0.955156951,1,20,150,25,11,2.897959184,2025,1217
7117,49,887,341,1278,50,0.960876369,0,13,102,14,45,2.784580499,2025,1200
7118,45,854,312,1217,51,0.958093673,0,29,174,28,23,2.879012346,2025,1868
7119,43,817,290,1166,59,0.949399657,0,6,158,8,25,2.860465116,2025,1699
7120,54,1043,431,1524,50,0.967191601,0,15,148,20,21,3.032921811,2025,1484
7121,38,717,334,1097,46,0.958067457,1,15,104,14,39,3.073099415,2025,1919
7122,34,604,249,932,79,0.915236052,0,43,160,16,24,2.787581699,2025,1885
7123,41,804,325,1160,31,0.973275862,0,1,40,26,33,3.059620596,2025,1764
7124,38,696,339,1081,46,0.957446809,0,15,134,10,50,3.026315789,2025,1905
7125,47,942,319,1323,62,0.95313681,1,5,156,21,27,2.98108747,2025,1351
7126,47,909,312,1292,71,0.94504644,1,8,128,19,28,2.886524823,2025,1810
7127,38,732,387,1177,58,0.950722175,0,7,88,19,39,3.271929825,2025,1961
7128,46,862,272,1201,67,0.944213156,0,15,144,22,29,2.739130435,2025,1317
7129,35,701,265,1021,55,0.946131244,0,18,98,14,25,3.066666667,2025,1888
7130,54,1133,285,1466,48,0.967257844,0,10,76,26,15,2.917695473,2025,1497
7131,35,707,266,1019,46,0.954857704,0,5,136,27,28,3.088888889,2025,1769
7132,61,1180,453,1694,61,0.963990555,1,12,84,20,77,2.974499089,2025,1229
7133,55,1028,431,1560,101,0.93525641,2,29,154,24,29,2.947474747,2025,1376
7134,44,930,384,1388,74,0.946685879,0,5,172,10,42,3.318181818,2025,2163
7135,66,1286,501,1860,73,0.960752688,0,12,108,16,58,3.008417508,2025,1234
7136,45,888,350,1302,64,0.950844854,0,8,70,12,33,3.056790123,2025,1462
7137,38,695,315,1077,67,0.937790158,1,11,194,21,27,2.953216374,2025,1463
7138,41,758,271,1077,48,0.955431755,0,16,176,14,13,2.788617886,2025,1886
7139,44,871,365,1302,66,0.949308756,0,8,156,12,12,3.121212121,2025,1371
7140,48,924,316,1297,57,0.956052429,2,5,78,13,27,2.87037037,2025,1685
7141,38,793,292,1152,67,0.941840278,1,3,137,31,38,3.17251462,2025,1794
7142,56,1109,479,1646,58,0.964763062,0,14,68,18,34,3.150793651,2025,1385
7143,62,1211,413,1680,56,0.966666667,0,12,68,26,25,2.910394265,2025,1087
7144,60,1150,325,1515,40,0.97359736,0,9,74,12,42,2.731481481,2025,1222
7145,45,852,301,1216,63,0.948190789,0,5,102,16,33,2.84691358,2025,1320
7146,53,1033,366,1467,68,0.953646898,1,9,106,24,36,2.932914046,2025,1272
7147,39,762,351,1159,46,0.960310613,0,13,88,15,27,3.170940171,2025,1796
7148,52,1012,434,1519,73,0.951942067,0,11,99,34,66,3.08974359,2025,1643
7149,39,764,306,1145,75,0.934497817,0,23,250,31,14,3.048433048,2025,1621
7150,52,1043,358,1475,74,0.949830508,0,17,66,25,25,2.993589744,2025,1486
7151,39,772,272,1079,35,0.967562558,1,7,106,15,22,2.974358974,2025,1821
7152,38,741,337,1136,58,0.948943662,0,15,86,11,39,3.152046784,2025,1990
7153,44,840,299,1191,52,0.956339211,0,19,130,21,24,2.876262626,2025,1741
7154,59,1181,479,1719,59,0.96567772,0,11,54,6,81,3.126177024,2025,1423
7155,57,1074,381,1540,85,0.944805195,0,28,168,34,33,2.83625731,2025,1535
7156,54,1025,434,1515,56,0.963036304,0,10,132,25,22,3.002057613,2025,1607
7157,56,1114,478,1644,52,0.96836983,0,14,84,18,32,3.158730159,2025,1473
7158,50,953,446,1469,70,0.952348536,0,4,130,18,45,3.108888889,2025,1137
7159,40,724,251,1052,77,0.926806084,0,20,140,19,15,2.708333333,2025,1697
7160,51,1071,424,1540,45,0.970779221,0,6,66,25,48,3.25708061,2025,1508
7161,43,839,290,1180,51,0.956779661,0,9,74,16,20,2.917312661,2025,1761
7162,63,1266,385,1706,55,0.967760844,0,11,84,19,28,2.911816578,2025,1243
7163,55,1058,327,1438,53,0.963143255,0,5,74,17,25,2.797979798,2025,1397
7164,58,1096,367,1507,44,0.97080292,0,6,49,24,39,2.802681992,2025,1138
7165,37,718,267,1030,45,0.95631068,0,5,64,17,16,2.957957958,2025,1959
7166,33,543,251,890,96,0.892134831,0,46,400,8,8,2.673400673,2025,1375
7167,53,1042,324,1432,66,0.953910615,1,4,144,25,21,2.863731656,2025,1608
7168,58,1187,511,1760,62,0.964772727,3,13,110,38,52,3.252873563,2025,1465
7169,53,1011,396,1472,65,0.955842391,0,11,86,25,41,2.949685535,2025,1296
7170,53,1058,414,1528,56,0.963350785,1,10,90,8,47,3.085953878,2025,1545
7171,56,1090,307,1439,42,0.970813065,1,3,64,18,30,2.771825397,2025,1282
7172,46,817,373,1258,68,0.945945946,0,15,174,10,52,2.874396135,2025,1322
7173,45,909,311,1275,55,0.956862745,0,10,156,15,28,3.012345679,2025,1481
7174,34,652,339,1039,48,0.953801732,1,10,60,10,25,3.238562092,2025,1880
7175,50,983,450,1489,56,0.962390866,0,6,102,23,45,3.184444444,2025,1488
7176,37,677,219,966,70,0.927536232,0,11,140,13,16,2.690690691,2025,1972
7177,53,962,351,1399,86,0.93852752,0,4,194,41,25,2.752620545,2025,1335
7178,50,879,319,1258,60,0.952305246,1,8,134,18,27,2.662222222,2025,1267
7179,44,772,215,1068,81,0.924157303,0,8,132,4,7,2.492424242,2025,1543
7180,41,809,272,1147,66,0.942458588,0,1,46,12,18,2.929539295,2025,1853
7181,55,1093,408,1570,69,0.956050955,0,15,176,29,33,3.032323232,2025,1474
7182,49,971,463,1470,36,0.975510204,0,4,40,19,37,3.25170068,2025,1702
7183,49,871,353,1307,83,0.936495792,1,17,222,20,38,2.775510204,2025,1365
7184,46,884,362,1320,74,0.943939394,0,7,106,21,29,3.009661836,2025,1250
7185,29,522,204,773,47,0.93919793,0,8,86,14,6,2.781609195,2025,1749
7186,34,681,172,912,59,0.935307018,0,7,90,4,6,2.787581699,2025,1828
7187,35,570,258,889,61,0.931383577,0,20,106,13,13,2.628571429,2025,1850
7188,51,999,324,1380,57,0.958695652,0,8,141,23,45,2.882352941,2025,1398
7189,42,831,276,1144,37,0.967657343,0,12,74,16,37,2.928571429,2025,1720
7190,36,654,241,964,69,0.928423237,0,19,92,12,13,2.762345679,2025,1851
7191,35,637,262,941,42,0.955366631,1,9,94,12,13,2.853968254,2025,1795
7192,50,981,445,1499,73,0.951300867,0,22,182,31,22,3.168888889,2025,1370
7193,42,840,307,1197,50,0.958228906,0,4,80,16,33,3.034391534,2025,1662
7194,41,783,304,1130,43,0.961946903,0,2,106,8,21,2.945799458,2025,1766
7195,49,967,348,1370,55,0.959854015,1,15,92,45,29,2.98185941,2025,1355
7196,35,682,245,975,48,0.950769231,0,13,118,8,19,2.942857143,2025,1910
7197,36,690,288,1055,77,0.927014218,0,34,20,14,45,3.018518519,2025,2015
7198,53,1074,265,1365,26,0.980952381,0,4,88,13,23,2.807127883,2025,1224
7199,45,861,375,1282,46,0.964118565,0,3,62,33,38,3.051851852,2025,1704
7200,50,968,394,1433,71,0.950453594,0,5,96,24,60,3.026666667,2025,1600
7201,58,1066,367,1481,48,0.967589467,2,7,56,18,28,2.745210728,2025,1146
7202,43,823,306,1197,68,0.943191312,0,9,114,14,12,2.917312661,2025,1987
7203,49,945,401,1383,37,0.973246565,0,15,108,18,52,3.052154195,2025,1103
7204,55,1085,342,1474,47,0.968113976,1,8,64,9,27,2.882828283,2025,1091
7205,40,751,271,1061,39,0.963242224,1,7,136,18,19,2.838888889,2025,1967
7206,37,697,276,1045,72,0.931100478,0,8,72,11,9,2.921921922,2025,1765
7207,44,878,311,1269,80,0.936958235,0,9,146,19,18,3.002525253,2025,1647
7208,36,663,315,1055,77,0.927014218,0,6,120,22,51,3.018518519,2025,1982
7209,38,750,319,1103,34,0.969174977,0,2,72,12,12,3.125730994,2025,1826
7210,52,1011,339,1400,50,0.964285714,1,8,131,14,26,2.884615385,2025,1288
7211,54,983,431,1489,75,0.949630625,0,12,131,36,50,2.909465021,2025,1615
7212,54,1058,368,1500,74,0.950666667,0,17,98,22,40,2.934156379,2025,1142
7213,40,792,226,1046,28,0.973231358,0,10,82,24,8,2.827777778,2025,1812
7214,38,737,327,1134,70,0.938271605,0,6,156,26,4,3.111111111,2025,1993
7215,53,1033,425,1533,75,0.951076321,0,5,174,40,29,3.056603774,2025,1424
7216,46,957,444,1467,66,0.955010225,0,17,232,29,68,3.384057971,2025,1547
7217,41,746,307,1113,60,0.946091644,0,3,106,22,37,2.853658537,2025,1145
7218,55,1044,442,1551,65,0.958091554,0,4,96,30,38,3.002020202,2025,1244
7219,45,940,261,1244,43,0.965434084,0,5,82,12,12,2.965432099,2025,2008
7220,44,873,387,1347,87,0.935412027,0,15,132,32,32,3.181818182,2025,1372
7221,51,1017,347,1413,49,0.96532201,1,4,66,14,24,2.97167756,2025,1275
7222,49,910,322,1339,107,0.920089619,1,30,202,31,37,2.793650794,2025,1367
7223,46,811,390,1313,112,0.914699162,2,32,240,28,25,2.900966184,2025,1302
7224,54,1034,396,1499,69,0.953969313,1,18,110,6,58,2.942386831,2025,1231
7225,45,823,350,1225,52,0.95755102,0,6,136,12,25,2.896296296,2025,1798
7226,50,960,365,1378,53,0.961538462,0,8,88,11,26,2.944444444,2025,1309
7227,57,1088,365,1495,42,0.971906355,1,2,62,16,36,2.832358674,2025,1088
7228,57,1086,402,1569,81,0.948374761,0,11,130,8,30,2.900584795,2025,1248
7229,57,1139,435,1638,64,0.960927961,0,11,104,37,43,3.068226121,2025,1249
7230,52,1028,449,1544,67,0.956606218,0,11,152,23,21,3.155982906,2025,1528
7231,43,875,355,1271,41,0.967741935,0,5,112,22,27,3.178294574,2025,1907
7232,35,497,172,774,105,0.864341085,0,13,156,19,2,2.123809524,2025,2045
7233,56,1078,454,1592,60,0.962311558,0,12,134,28,82,3.03968254,2025,1373
7234,50,901,409,1359,49,0.963944077,1,5,120,20,60,2.911111111,2025,1350
7235,62,1220,403,1678,55,0.967222884,0,4,128,12,24,2.908602151,2025,1255
7236,64,1254,489,1804,61,0.966186253,0,10,102,20,47,3.026041667,2025,1399
7237,56,1071,371,1490,48,0.967785235,1,12,90,20,28,2.861111111,2025,1383
7238,38,721,321,1096,54,0.950729927,0,6,124,26,42,3.046783626,2025,2009
7239,57,1119,533,1724,72,0.958236659,2,6,78,28,76,3.220272904,2025,1273
7240,48,910,353,1321,58,0.956093868,0,10,188,20,29,2.923611111,2025,1638
7241,49,891,338,1288,59,0.954192547,0,10,112,21,50,2.786848073,2025,1279
7242,51,992,341,1379,46,0.966642495,0,7,104,34,29,2.904139434,2025,1207
7243,50,1011,464,1536,61,0.960286458,0,6,44,7,50,3.277777778,2025,1271
7244,49,923,336,1298,39,0.969953775,0,7,90,20,23,2.854875283,2025,1181
7245,49,877,339,1288,72,0.944099379,0,27,180,14,32,2.757369615,2025,1432
7246,49,958,421,1414,35,0.975247525,0,6,112,27,45,3.126984127,2025,1467
7247,46,899,395,1343,49,0.96351452,0,9,32,26,47,3.125603865,2025,1561
7248,50,989,425,1492,78,0.94772118,0,18,114,31,24,3.142222222,2025,1571
7249,50,965,309,1326,52,0.960784314,0,9,208,24,19,2.831111111,2025,1333
7250,51,969,411,1439,59,0.958999305,0,9,32,8,44,3.006535948,2025,1225
7251,44,820,284,1136,32,0.971830986,0,11,100,15,12,2.787878788,2025,1659
7252,48,934,363,1355,58,0.957195572,1,4,100,10,22,3.002314815,2025,1570
7253,22,394,185,622,43,0.930868167,0,3,52,2,13,2.924242424,2025,1989
7254,55,1075,363,1490,52,0.965100671,1,5,170,19,18,2.905050505,2025,1158
7255,26,481,196,721,44,0.938973648,0,8,90,8,9,2.893162393,2025,1800
7256,55,1149,445,1647,53,0.967820279,0,12,116,30,36,3.22020202,2025,1436
7257,46,869,296,1224,59,0.951797386,0,4,94,20,28,2.814009662,2025,1245
7258,33,603,261,966,102,0.894409938,0,40,194,14,6,2.909090909,2025,1955
7259,38,723,310,1073,40,0.962721342,0,4,146,27,32,3.020467836,2025,2035
7260,54,1048,410,1509,51,0.966202783,1,8,96,14,29,3,2025,1503
7261,43,824,326,1224,74,0.939542484,0,16,152,14,10,2.971576227,2025,1742
7262,60,1087,370,1511,54,0.964262078,0,8,40,15,54,2.698148148,2025,1139
7263,56,1104,467,1635,64,0.960856269,0,7,116,40,22,3.117063492,2025,1202
7264,38,702,255,1030,73,0.929126214,0,6,158,25,29,2.798245614,2025,1706
7265,61,1169,432,1637,36,0.978008552,2,9,54,6,73,2.916211293,2025,1086
7266,53,1059,412,1533,62,0.959556425,0,15,58,10,47,3.083857442,2025,1499
7267,59,1194,371,1612,47,0.970843672,0,10,80,23,46,2.947269303,2025,1568
7268,55,1069,449,1562,44,0.971830986,0,6,28,20,60,3.066666667,2025,1119
7269,39,748,236,1048,64,0.938931298,0,3,50,14,15,2.803418803,2025,1818
7270,64,1232,383,1648,33,0.979975728,0,9,56,14,41,2.803819444,2025,1117
7271,47,934,266,1272,72,0.943396226,0,9,76,14,12,2.836879433,2025,1356
7272,36,684,205,936,47,0.949786325,0,6,98,8,15,2.74382716,2025,1944
7273,31,583,199,824,42,0.949029126,0,2,76,26,7,2.802867384,2025,1965
7274,53,1029,455,1547,63,0.959276018,0,10,147,22,53,3.111111111,2025,1631
7275,38,682,217,953,54,0.943336831,1,5,146,9,13,2.628654971,2025,2032
7276,61,1277,352,1668,39,0.976618705,0,7,100,6,29,2.967213115,2025,1478
7277,50,995,435,1493,63,0.957803081,0,8,108,22,59,3.177777778,2025,1323
7278,42,806,244,1083,33,0.969529086,0,9,84,11,15,2.777777778,2025,1813
7279,34,630,229,920,61,0.933695652,0,24,132,17,15,2.807189542,2025,2028
7280,38,739,313,1118,66,0.940966011,0,7,126,29,33,3.076023392,2025,1646
7281,45,908,339,1301,54,0.958493467,1,10,114,10,6,3.079012346,2025,1759
7282,38,757,324,1130,49,0.956637168,0,18,102,4,21,3.160818713,2025,1747
7283,39,728,298,1083,57,0.947368421,0,12,72,18,29,2.923076923,2025,1753
7284,41,812,300,1153,41,0.96444059,0,11,86,10,9,3.013550136,2025,1802
7285,34,665,192,887,30,0.966178129,0,2,58,14,10,2.800653595,2025,1867
7286,39,672,249,983,62,0.936927772,0,12,128,25,8,2.623931624,2025,1265
7287,39,739,244,1048,65,0.937977099,0,9,152,12,21,2.800569801,2025,1862
7288,43,843,317,1199,39,0.967472894,0,1,70,18,42,2.997416021,2025,2075
7289,52,948,305,1309,56,0.957219251,0,12,110,8,43,2.677350427,2025,1187
7290,46,872,280,1191,39,0.967254408,1,7,80,14,37,2.782608696,2025,1658
7291,44,840,280,1176,56,0.952380952,0,4,86,14,24,2.828282828,2025,1724
7292,54,1038,283,1362,41,0.96989721,0,7,108,22,30,2.718106996,2025,1390
7293,52,1000,348,1397,49,0.964924839,0,6,84,23,26,2.88034188,2025,1328
7294,36,653,295,1010,62,0.938613861,1,18,72,17,25,2.925925926,2025,1677
7295,36,769,215,1064,80,0.92481203,1,2,92,18,10,3.037037037,2025,1930
7296,40,756,364,1177,57,0.951571793,1,10,124,6,20,3.111111111,2025,1590
7297,36,688,173,906,45,0.950331126,0,6,94,10,9,2.657407407,2025,1960
7298,42,880,387,1338,71,0.946935725,0,5,116,14,24,3.351851852,2025,2012
7299,47,925,352,1346,69,0.948736999,0,13,137,16,35,3.01891253,2025,2076
7300,37,703,188,921,30,0.96742671,0,20,64,19,13,2.675675676,2025,1650
7301,39,774,326,1156,56,0.951557093,0,10,62,16,19,3.133903134,2025,1816
7302,51,945,370,1413,98,0.93064402,2,25,192,26,21,2.864923747,2025,1209
7303,42,713,256,1049,80,0.923736892,0,10,206,12,33,2.563492063,2025,1626
7304,36,642,344,1063,77,0.9275635,0,9,100,21,27,3.043209877,2025,1865
7305,47,948,346,1362,68,0.950073421,0,12,115,17,43,3.059101655,2025,1128
7306,47,908,310,1291,73,0.943454686,2,6,108,13,22,2.879432624,2025,1348
7307,46,904,315,1259,40,0.968228753,0,9,94,18,18,2.944444444,2025,1186
7308,20,300,95,445,50,0.887640449,0,1,142,6,4,2.194444444,2025,2058
7309,56,1083,309,1441,49,0.965995836,0,15,178,20,23,2.761904762,2025,1201
7310,38,730,185,962,47,0.951143451,0,4,166,13,7,2.675438596,2025,1981
7311,28,471,199,719,49,0.931849791,2,2,80,19,5,2.658730159,2025,1957
7312,47,917,236,1206,53,0.956053068,0,4,84,12,17,2.725768322,2025,1252
7313,52,1048,285,1386,53,0.961760462,1,10,56,15,29,2.848290598,2025,1298
7314,47,892,339,1287,56,0.956487956,0,10,102,33,22,2.910165485,2025,1468
7315,36,665,314,1033,54,0.947725073,0,24,126,16,16,3.021604938,2025,1567
7316,52,1044,488,1593,61,0.96170747,1,8,146,14,38,3.273504274,2025,2059
7317,48,894,329,1295,72,0.944401544,0,18,132,40,13,2.831018519,2025,1639
7318,46,911,314,1276,51,0.960031348,0,6,70,42,14,2.958937198,2025,1289
7319,55,1116,415,1576,45,0.971446701,0,9,84,20,46,3.092929293,2025,1290
7320,44,882,236,1162,44,0.962134251,1,4,76,25,12,2.823232323,2025,1730
7321,37,708,309,1083,66,0.939058172,0,5,166,24,14,3.054054054,2025,1889
7322,56,1127,371,1551,53,0.965828498,0,7,96,13,8,2.972222222,2025,1689
7323,51,987,392,1453,74,0.949070888,0,6,62,14,44,3.004357298,2025,1673
7324,37,706,276,1067,85,0.920337395,0,24,134,29,30,2.948948949,2025,1830
7325,51,947,354,1363,62,0.954512106,0,9,110,24,44,2.834422658,2025,1413
7326,41,806,313,1170,51,0.956410256,0,4,68,20,11,3.032520325,2025,1750
7327,48,916,303,1276,57,0.955329154,0,4,156,24,22,2.821759259,2025,1329
7328,40,790,256,1078,32,0.970315399,1,13,118,14,26,2.905555556,2025,1726
7329,41,803,248,1113,62,0.944294699,0,5,86,14,21,2.848238482,2025,1740
7330,59,1139,351,1542,52,0.966277562,0,1,68,26,28,2.806026365,2025,1232
7331,38,687,303,1044,54,0.948275862,0,9,134,23,34,2.894736842,2025,1848
7332,37,724,307,1090,59,0.94587156,0,8,68,6,30,3.096096096,2025,1874
7333,44,889,263,1205,53,0.956016598,0,11,94,13,22,2.909090909,2025,1823
7334,48,889,298,1241,54,0.956486704,0,11,104,13,16,2.747685185,2025,1261
7335,37,737,331,1110,42,0.962162162,2,7,76,12,42,3.207207207,2025,1713
7336,35,674,236,991,81,0.918264379,1,9,168,13,14,2.888888889,2025,1926
7337,38,778,315,1161,68,0.941429802,0,7,104,15,28,3.195906433,2025,1932
7338,44,890,266,1200,44,0.963333333,1,10,120,32,27,2.919191919,2025,1623
7339,42,836,207,1078,35,0.967532468,0,22,82,16,25,2.759259259,2025,1899
7340,54,1092,390,1525,43,0.971803279,0,7,60,13,39,3.049382716,2025,1495
7341,44,894,298,1241,49,0.960515713,0,6,76,17,49,3.01010101,2025,1510
7342,48,918,390,1379,71,0.948513416,0,20,149,12,31,3.027777778,2025,2070
7343,35,698,252,991,41,0.958627649,0,3,58,15,18,3.015873016,2025,1892
7344,36,614,246,915,55,0.93989071,0,28,170,18,5,2.654320988,2025,1754
7345,53,1005,402,1431,24,0.983228512,0,0,28,12,55,2.949685535,2025,1725
7346,40,760,223,1045,62,0.940669856,1,17,74,8,10,2.730555556,2025,1902
7347,35,665,275,1011,71,0.929772502,1,11,200,6,7,2.984126984,2025,2002
7348,38,662,287,1014,65,0.935897436,1,17,212,15,15,2.774853801,2025,2037
7349,56,1059,391,1523,73,0.952068286,2,26,150,36,40,2.876984127,2025,1134
7350,48,939,299,1279,41,0.967943706,0,4,88,14,34,2.865740741,2025,1311
7351,63,1258,414,1754,82,0.953249715,1,6,58,19,33,2.948853616,2025,1483
7352,40,780,346,1161,35,0.969853575,0,7,86,28,27,3.127777778,2025,1752
7353,40,768,368,1214,78,0.935749588,0,6,84,14,7,3.155555556,2025,1731
7354,40,767,272,1084,45,0.958487085,1,5,96,15,27,2.886111111,2025,2020
7355,41,788,348,1185,49,0.958649789,0,24,70,26,51,3.078590786,2025,1729
7356,37,686,243,1027,98,0.904576436,0,22,142,26,24,2.78978979,2025,1925
7357,38,714,334,1109,61,0.944995491,0,9,132,12,34,3.064327485,2025,2019
7358,52,1045,442,1545,58,0.962459547,0,8,170,26,20,3.177350427,2025,1558
7359,45,898,404,1338,36,0.97309417,0,5,58,14,5,3.214814815,2025,1666
7360,37,724,270,1039,45,0.956689124,0,13,126,22,32,2.984984985,2025,1964
7361,57,1140,424,1608,44,0.972636816,0,6,62,14,35,3.048732943,2025,1284
7362,56,1072,461,1585,52,0.967192429,0,12,104,24,39,3.041666667,2025,1179
7363,49,944,324,1317,49,0.962794229,0,3,104,16,24,2.875283447,2025,1246
7364,57,1139,503,1694,52,0.969303424,0,1,18,24,71,3.200779727,2025,1168
7365,59,1211,547,1819,61,0.966465091,0,5,46,24,87,3.310734463,2025,1599
7366,50,991,338,1370,41,0.970072993,0,3,98,12,36,2.953333333,2025,1240
7367,54,1089,477,1637,71,0.956627978,0,6,74,34,79,3.222222222,2025,1215
7368,33,480,190,779,109,0.860077022,2,14,190,33,11,2.255892256,2025,2049
7369,39,688,249,1025,88,0.914146341,0,13,155,18,12,2.66951567,2025,1546
7370,37,749,264,1090,77,0.929357798,0,17,224,14,17,3.042042042,2025,2007
7371,34,635,196,877,46,0.947548461,0,7,120,9,10,2.715686275,2025,1832
7372,53,1070,370,1509,69,0.954274354,0,5,62,20,37,3.018867925,2025,1127
7373,52,1038,366,1447,43,0.970283345,0,6,160,10,27,3,2025,1197
7374,45,859,366,1301,76,0.941583397,1,8,104,22,19,3.024691358,2025,1384
7375,37,708,286,1060,66,0.937735849,0,6,120,5,11,2.984984985,2025,1945
7376,27,510,222,790,58,0.926582278,0,9,122,27,15,3.012345679,2025,1642
7377,40,782,302,1135,51,0.955066079,0,9,176,23,32,3.011111111,2025,1864
7378,53,1077,347,1489,65,0.956346541,1,11,100,6,22,2.985324948,2025,1605
7379,58,1156,482,1697,59,0.965232764,0,9,126,14,48,3.137931034,2025,1404
7380,44,812,254,1113,47,0.957771788,0,7,150,28,12,2.691919192,2025,1640
7381,58,1174,349,1565,42,0.973162939,1,3,80,20,17,2.917624521,2025,1264
7382,42,815,204,1082,63,0.941774492,0,16,112,3,16,2.695767196,2025,1963
7383,49,926,369,1347,52,0.961395694,0,3,121,38,41,2.936507937,2025,1551
7384,43,849,404,1302,49,0.962365591,0,4,74,22,61,3.237726098,2025,1688
7385,50,989,355,1395,51,0.96344086,0,17,144,23,14,2.986666667,2025,1550
7386,35,623,262,955,70,0.926701571,0,5,102,4,12,2.80952381,2025,1923
7387,50,993,377,1444,74,0.948753463,0,19,132,30,37,3.044444444,2025,1537
7388,36,690,229,980,61,0.937755102,0,11,174,14,10,2.836419753,2025,1912
7389,61,1217,586,1908,105,0.944968553,1,6,106,22,86,3.284153005,2025,1530
7390,51,975,287,1316,54,0.958966565,0,5,114,10,17,2.749455338,2025,1316
7391,61,1169,413,1615,33,0.979566563,0,9,30,16,71,2.881602914,2025,1340
7392,53,1062,354,1471,55,0.962610469,0,9,124,8,13,2.968553459,2025,1505
7393,53,1015,287,1366,64,0.953147877,0,5,153,7,18,2.729559748,2025,2065
7394,39,772,391,1248,85,0.931891026,0,11,208,44,30,3.313390313,2025,1364
7395,55,1058,469,1571,44,0.971992362,0,12,104,18,45,3.084848485,2025,1263
7396,56,1106,437,1592,49,0.969221106,1,16,90,24,55,3.061507937,2025,1343
7397,55,1091,480,1624,53,0.967364532,1,7,62,18,56,3.173737374,2025,1204
7398,61,1200,482,1753,71,0.959498003,0,4,64,16,81,3.063752277,2025,1304
7399,46,927,346,1320,47,0.964393939,0,13,92,14,29,3.074879227,2025,1177
7400,64,1282,366,1714,66,0.961493582,3,6,82,13,52,2.861111111,2025,1090
7401,52,1053,227,1337,57,0.95736724,0,5,108,24,21,2.735042735,2025,1479
7402,53,1074,266,1373,33,0.97596504,0,4,48,27,10,2.809224319,2025,1512
7403,38,760,340,1136,36,0.968309859,0,4,50,14,24,3.216374269,2025,1591
7404,53,1038,331,1425,56,0.960701754,0,10,48,18,16,2.870020964,2025,1235
7405,54,1088,449,1599,62,0.961225766,1,8,88,26,45,3.16255144,2025,1185
7406,42,801,201,1046,44,0.95793499,0,9,115,22,15,2.650793651,2025,2060
7407,40,813,344,1210,53,0.956198347,1,6,110,25,14,3.213888889,2025,1739
7408,51,1023,375,1484,86,0.942048518,0,5,102,22,28,3.045751634,2025,1292
7409,54,1064,342,1458,52,0.964334705,0,7,56,18,38,2.893004115,2025,1417
7410,45,916,292,1259,51,0.95949166,0,11,84,14,14,2.982716049,2025,1566
7411,46,884,308,1251,59,0.95283773,0,10,134,28,14,2.879227053,2025,1287
7412,45,872,382,1309,55,0.957983193,0,9,104,29,46,3.096296296,2025,1213
7413,39,758,311,1120,51,0.954464286,0,12,134,25,63,3.045584046,2025,1820
7414,45,864,384,1300,52,0.96,0,17,130,17,26,3.081481481,2025,1491
7415,46,870,303,1236,63,0.949029126,0,8,150,20,13,2.833333333,2025,1471
7416,55,1076,383,1531,72,0.952971914,2,7,108,22,46,2.947474747,2025,1583
7417,46,912,377,1343,54,0.959791512,0,9,100,23,53,3.11352657,2025,1541
7418,39,741,323,1118,54,0.951699463,0,17,204,8,35,3.031339031,2025,1893
7419,40,752,261,1068,55,0.948501873,0,10,118,12,22,2.813888889,2025,1751
7420,54,1036,400,1487,51,0.965702757,1,15,150,25,13,2.95473251,2025,1506
7421,45,885,388,1319,46,0.965125095,0,3,74,17,24,3.143209877,2025,1670
7422,39,796,351,1187,40,0.966301601,1,7,88,16,15,3.267806268,2025,1597
7423,46,827,328,1226,71,0.942088091,0,22,164,22,43,2.789855072,2025,1380
7424,41,782,313,1143,48,0.958005249,0,1,128,18,15,2.967479675,2025,1757
7425,56,1117,360,1528,51,0.966623037,0,0,60,22,31,2.930555556,2025,1549
7426,55,1106,454,1615,55,0.965944272,1,5,98,19,50,3.151515152,2025,1636
7427,52,974,441,1496,81,0.945855615,0,10,178,30,27,3.023504274,2025,1124
7428,44,822,264,1123,37,0.967052538,0,5,58,23,23,2.742424242,2025,1672
7429,57,1135,312,1487,40,0.973100202,0,8,110,28,18,2.820662768,2025,1297
7430,34,580,185,797,32,0.959849435,0,9,96,12,12,2.5,2025,1671
7431,55,1093,456,1606,57,0.964508095,0,12,124,16,38,3.129292929,2025,1238
7432,35,628,273,980,79,0.919387755,0,24,68,21,12,2.86031746,2025,1703
7433,37,738,328,1112,46,0.958633094,0,5,60,8,21,3.201201201,2025,1875
7434,54,1091,351,1488,46,0.969086022,0,17,152,14,33,2.967078189,2025,1429
7435,58,1160,490,1690,40,0.976331361,0,21,152,29,63,3.16091954,2025,1212
7436,48,917,400,1379,62,0.955039884,0,2,96,28,32,3.048611111,2025,1538
7437,51,1004,359,1394,31,0.977761836,0,7,56,9,41,2.969498911,2025,1682
7438,55,1072,464,1602,66,0.958801498,0,8,80,14,49,3.103030303,2025,1482
7439,51,1034,351,1430,45,0.968531469,2,7,118,22,37,3.017429194,2025,1162
7440,30,556,273,880,51,0.942045455,0,14,108,8,22,3.07037037,2025,1931
7441,38,713,252,1009,44,0.956392468,0,6,132,14,33,2.821637427,2025,1592
7442,39,724,301,1077,52,0.951717734,0,8,156,44,18,2.92022792,2025,1909
7443,40,801,381,1219,37,0.969647252,0,6,82,20,42,3.283333333,2025,1691
7444,48,927,436,1423,60,0.957835559,0,11,184,28,49,3.155092593,2025,1196
7445,38,732,357,1147,58,0.949433304,0,10,150,39,23,3.184210526,2025,2038
7446,46,901,297,1237,39,0.96847211,0,2,98,45,14,2.893719807,2025,1684
7447,52,1014,369,1437,54,0.962421712,0,3,50,18,46,2.955128205,2025,1502
7448,50,965,455,1461,41,0.971937029,0,13,50,6,49,3.155555556,2025,2061
7449,38,707,295,1066,64,0.939962477,0,3,72,26,19,2.929824561,2025,1793
7450,55,1045,313,1399,41,0.970693352,0,7,38,12,48,2.743434343,2025,1221
7451,40,779,295,1118,44,0.960644007,0,7,104,24,46,2.983333333,2025,1475
7452,56,1062,455,1592,75,0.952889447,1,13,152,23,41,3.009920635,2025,1354
7453,61,1146,487,1696,63,0.962853774,0,7,146,24,46,2.974499089,2025,1325
7454,42,831,382,1272,59,0.953616352,0,5,96,19,32,3.208994709,2025,1911
7455,34,637,223,906,46,0.949227373,1,11,92,14,12,2.810457516,2025,1849
7456,41,764,226,1026,36,0.964912281,0,5,64,6,9,2.682926829,2025,1801
7457,48,948,338,1377,91,0.933914306,0,8,96,54,37,2.976851852,2025,2062
7458,50,932,402,1390,56,0.95971223,1,0,86,27,33,2.964444444,2025,1167
7459,39,750,293,1100,57,0.948181818,0,10,78,2,22,2.971509972,2025,1948
7460,53,934,445,1479,100,0.932386748,0,7,142,20,66,2.890985325,2025,1836
7461,40,758,274,1098,66,0.93989071,0,17,90,24,21,2.866666667,2025,1693
7462,34,641,229,907,37,0.959206174,0,20,68,13,18,2.843137255,2025,2001
7463,45,891,254,1201,56,0.95337219,0,7,82,13,30,2.827160494,2025,1763
7464,40,755,321,1164,88,0.924398625,0,16,190,14,20,2.988888889,2025,1906
7465,49,969,384,1399,46,0.967119371,0,11,64,18,34,3.068027211,2025,1180
7466,60,1231,474,1765,60,0.966005666,0,5,72,29,38,3.157407407,2025,1492
7467,58,1183,375,1614,56,0.965303594,0,9,76,40,28,2.98467433,2025,2063
7468,45,877,332,1273,64,0.949725059,0,11,107,17,45,2.985185185,2025,1219
7469,56,1123,387,1572,62,0.960559796,0,17,114,24,29,2.996031746,2025,1166
7470,56,1159,367,1570,44,0.971974522,0,3,70,16,29,3.027777778,2025,1132
7471,64,1238,408,1687,41,0.975696503,0,12,52,14,36,2.857638889,2025,1161
7472,47,919,359,1319,41,0.968915845,0,16,84,23,14,3.021276596,2025,1182
7473,59,1129,348,1521,44,0.971071663,1,12,66,6,58,2.781544256,2025,1120
7474,55,1085,405,1543,53,0.965651329,1,2,130,27,33,3.01010101,2025,1612
7475,48,887,400,1357,70,0.948415623,0,5,158,34,73,2.979166667,2025,1301
7476,55,1110,423,1629,96,0.94106814,1,24,141,13,24,3.096969697,2025,1500
7477,49,974,399,1425,52,0.963508772,0,6,95,22,60,3.113378685,2025,1230
7478,49,948,383,1361,30,0.977957384,0,11,42,18,61,3.01814059,2025,1660
7479,54,986,333,1409,90,0.936124911,0,12,243,21,34,2.71399177,2025,1645
7480,39,712,335,1113,66,0.940700809,0,6,80,43,9,2.982905983,2025,1210
7481,53,1051,318,1415,46,0.967491166,0,4,52,19,28,2.870020964,2025,1154
7482,68,1302,431,1781,48,0.973048849,0,3,46,28,85,2.831699346,2025,1113
7483,49,957,307,1322,58,0.95612708,1,5,80,32,21,2.866213152,2025,1625
7484,68,1295,512,1863,56,0.969940955,2,8,20,10,70,2.952614379,2025,1085
7485,35,700,314,1053,39,0.962962963,0,8,104,16,44,3.219047619,2025,1854
7486,50,945,425,1420,50,0.964788732,0,9,108,27,76,3.044444444,2025,1175
7487,55,1055,422,1554,77,0.95045045,2,9,120,40,38,2.983838384,2025,1374
7488,67,1276,391,1704,37,0.978286385,2,2,32,2,33,2.764510779,2025,1403
7489,36,711,227,995,57,0.942713568,1,18,120,10,17,2.895061728,2025,1971
7490,37,706,230,992,56,0.943548387,1,8,70,24,7,2.810810811,2025,2026
7491,42,820,270,1162,72,0.938037866,0,8,104,10,22,2.883597884,2025,1572
7492,46,887,316,1273,70,0.945011783,0,18,150,8,4,2.905797101,2025,2068
7493,57,1128,452,1654,74,0.955259976,0,4,68,22,41,3.079922027,2025,1490
7494,47,936,383,1381,62,0.955104996,0,21,162,21,48,3.11820331,2025,1121
7495,52,1006,433,1508,69,0.954244032,0,8,154,16,28,3.074786325,2025,1326
7496,39,762,258,1065,45,0.957746479,1,4,28,11,35,2.905982906,2025,1711
7497,47,954,376,1369,39,0.971512053,0,1,70,15,23,3.144208038,2025,1437
7498,51,963,267,1258,28,0.977742448,0,9,64,17,20,2.679738562,2025,1656
7499,33,620,250,921,51,0.944625407,0,10,76,6,32,2.929292929,2025,1856
7500,44,842,357,1237,38,0.969280517,0,14,156,6,16,3.027777778,2025,1770
7501,57,1095,440,1598,63,0.96057572,0,8,100,18,56,2.992202729,2025,1129
7502,51,990,344,1374,40,0.970887918,0,6,134,17,51,2.906318083,2025,1544
7503,44,859,435,1341,47,0.964951529,0,4,82,12,24,3.267676768,2025,1722
7504,54,1055,466,1580,59,0.962658228,1,12,138,32,48,3.12962963,2025,1133
7505,57,1097,336,1506,73,0.951527224,0,6,64,17,32,2.79337232,2025,1411
7506,34,626,210,890,54,0.939325843,0,5,93,7,20,2.732026144,2025,1540
7507,37,725,356,1155,74,0.935930736,0,4,108,20,9,3.246246246,2025,1986
7508,58,1154,450,1694,90,0.946871311,1,10,100,15,13,3.072796935,2025,1330
7509,29,581,211,839,47,0.94398093,0,10,82,6,20,3.034482759,2025,1949
7510,50,949,359,1389,81,0.941684665,0,9,210,21,14,2.906666667,2025,1494
7511,26,416,196,685,73,0.893430657,0,13,140,4,22,2.615384615,2025,2044
7512,47,916,373,1359,70,0.948491538,1,8,98,22,19,3.047281324,2025,1602
7513,42,822,274,1149,53,0.953872933,0,5,120,15,24,2.899470899,2025,1878
7514,40,759,341,1159,59,0.949094047,0,23,154,13,24,3.055555556,2025,1622
7515,53,1048,447,1572,77,0.951017812,0,18,66,28,81,3.134171908,2025,1123
7516,52,1004,514,1570,52,0.966878981,0,5,78,21,47,3.243589744,2025,1152
7517,50,968,310,1334,56,0.95802099,0,7,92,20,31,2.84,2025,2066
7518,51,968,377,1393,48,0.965541996,0,9,88,16,60,2.930283224,2025,1165
7519,36,696,281,1026,49,0.952241715,0,7,74,10,20,3.015432099,2025,1696
7520,51,1014,288,1348,46,0.965875371,1,14,138,11,13,2.836601307,2025,1430
7521,31,440,171,694,83,0.880403458,0,15,110,13,9,2.189964158,2025,1985
7522,50,1001,332,1396,63,0.95487106,0,10,84,25,32,2.962222222,2025,1363
7523,52,1040,383,1477,54,0.963439404,0,9,104,22,33,3.040598291,2025,2071
7524,32,609,207,860,44,0.948837209,0,7,72,16,16,2.833333333,2025,1895
7525,24,407,111,597,79,0.867671692,0,24,84,9,8,2.398148148,2025,1962
7526,31,549,223,834,62,0.925659472,0,22,103,2,6,2.76702509,2025,1998
7527,54,1023,334,1403,46,0.967213115,0,7,92,15,19,2.79218107,2025,1254
7528,57,1127,430,1615,58,0.964086687,1,9,44,24,40,3.035087719,2025,1321
7529,47,910,407,1369,52,0.96201607,0,8,72,22,33,3.113475177,2025,1584
7530,56,1056,338,1427,33,0.976874562,1,10,80,14,40,2.765873016,2025,1089
7531,28,518,227,795,50,0.937106918,0,15,122,4,13,2.956349206,2025,1388
7532,29,542,246,859,71,0.917345751,0,12,134,17,16,3.019157088,2025,1616
7533,56,1030,406,1480,44,0.97027027,0,6,36,18,38,2.849206349,2025,1681
7534,39,768,310,1118,40,0.964221825,0,5,52,26,12,3.071225071,2025,1366
7535,39,781,329,1175,65,0.944680851,0,12,88,12,29,3.162393162,2025,1533
7536,42,819,483,1366,64,0.953147877,0,7,106,43,22,3.444444444,2025,1845
7537,52,1033,403,1486,50,0.966352624,1,9,84,22,31,3.068376068,2025,1445
7538,54,1038,307,1382,37,0.973227207,0,15,84,18,30,2.767489712,2025,1101
7539,31,619,303,961,39,0.959417274,0,3,82,20,33,3.304659498,2025,1817
7540,37,701,301,1049,47,0.955195424,0,4,98,23,27,3.009009009,2025,1859
7541,41,820,279,1129,30,0.973427812,0,7,108,6,18,2.978319783,2025,1721
7542,56,1127,289,1472,56,0.961956522,0,5,114,28,27,2.80952381,2025,1470
7543,55,1107,377,1543,59,0.9617628,0,15,112,30,38,2.997979798,2025,1637
7544,36,719,221,978,38,0.961145194,1,3,90,2,4,2.901234568,2025,1914
7545,59,1160,433,1661,68,0.959060807,1,5,112,42,71,3,2025,1216
7546,27,499,174,715,42,0.941258741,0,14,108,8,7,2.769547325,2025,1743
7547,34,679,264,980,37,0.962244898,0,4,46,16,26,3.081699346,2025,2005
7548,42,828,283,1174,63,0.946337308,0,11,96,26,24,2.939153439,2025,1829
7549,41,809,294,1148,45,0.960801394,0,6,62,14,30,2.989159892,2025,1941
7550,30,468,178,709,63,0.911142454,0,15,154,19,6,2.392592593,2025,1947
7551,49,978,237,1253,38,0.969672785,1,13,60,12,19,2.755102041,2025,1480
7552,52,1044,413,1535,78,0.949185668,0,5,52,24,51,3.113247863,2025,1452
7553,55,1114,460,1648,74,0.955097087,0,7,74,20,28,3.17979798,2025,1394
7554,52,982,397,1461,82,0.943874059,0,5,236,30,37,2.946581197,2025,1461
7555,56,1118,498,1684,68,0.959619952,0,12,72,28,73,3.206349206,2025,1578
7556,64,1204,401,1654,49,0.970374849,0,11,48,8,15,2.786458333,2025,1392
7557,46,874,385,1324,65,0.950906344,0,8,42,4,44,3.041062802,2025,1635
7558,52,1049,383,1508,76,0.949602122,0,15,176,20,11,3.05982906,2025,1520
7559,53,1005,319,1376,52,0.962209302,0,5,178,10,20,2.775681342,2025,1193
7560,44,845,403,1294,46,0.964451314,0,4,154,19,32,3.151515152,2025,1890
7561,48,908,334,1315,73,0.944486692,0,11,138,20,19,2.875,2025,1337
7562,52,1058,406,1511,47,0.968894772,0,1,52,30,40,3.128205128,2025,1143
7563,52,979,419,1473,75,0.949083503,1,22,182,17,29,2.987179487,2025,1188
7564,44,889,402,1357,66,0.951363301,0,13,56,18,18,3.26010101,2025,1924
7565,53,1000,435,1510,75,0.950331126,0,6,80,20,63,3.008385744,2025,1606
7566,50,909,416,1406,81,0.942389758,1,11,202,24,50,2.944444444,2025,1595
7567,60,1168,414,1624,42,0.974137931,0,6,82,15,51,2.92962963,2025,1501
7568,43,793,268,1110,49,0.955855856,0,1,54,6,24,2.741602067,2025,1789
7569,32,581,198,839,60,0.928486293,0,18,82,18,1,2.704861111,2025,2021
7570,41,803,211,1041,27,0.974063401,0,2,52,20,25,2.74796748,2025,1758
7571,40,705,305,1064,54,0.94924812,1,13,106,24,26,2.805555556,2025,1900
7572,43,843,262,1167,62,0.946872322,0,4,94,12,28,2.855297158,2025,1898
7573,54,1002,366,1466,98,0.933151432,0,11,137,18,23,2.814814815,2025,1629
7574,40,795,345,1200,60,0.95,1,13,68,17,52,3.166666667,2025,1719
7575,38,661,216,928,51,0.945043103,1,4,140,24,22,2.564327485,2025,1958
7576,55,1066,381,1503,56,0.962741184,1,6,96,12,36,2.923232323,2025,1172
7577,39,708,252,1031,71,0.931134821,0,22,192,16,17,2.735042735,2025,1951
7578,32,648,235,922,39,0.957700651,0,0,62,14,13,3.065972222,2025,1866
7579,37,744,180,965,41,0.957512953,0,15,106,19,2,2.774774775,2025,1984
7580,50,983,406,1444,55,0.961911357,0,5,78,21,62,3.086666667,2025,1611
7581,34,650,281,975,44,0.954871795,0,4,154,6,29,3.04248366,2025,1974
7582,41,779,303,1144,62,0.945804196,1,25,146,12,15,2.932249322,2025,1762
7583,1,15,7,22,0,1,0,0,0,0,0,2.444444444,2025,2236
7584,41,816,313,1159,30,0.974115617,0,7,82,6,6,3.059620596,2025,1734
7585,55,1087,379,1516,50,0.96701847,0,4,90,17,26,2.961616162,2025,1391
7586,35,672,206,932,54,0.942060086,0,3,100,12,22,2.787301587,2025,1692
7587,36,662,231,929,36,0.961248654,0,15,98,4,16,2.75617284,2025,1679
7588,62,1212,338,1613,63,0.960942343,1,10,54,23,43,2.777777778,2025,1440
7589,56,1073,476,1595,46,0.971159875,0,16,40,17,71,3.073412698,2025,1405
7590,29,572,272,887,43,0.951521984,0,16,176,17,8,3.233716475,2025,1458
7591,53,1074,360,1499,65,0.956637759,0,6,120,10,23,3.006289308,2025,1307
7592,38,703,283,1048,62,0.940839695,0,8,78,24,20,2.883040936,2025,1917
7593,44,841,360,1259,58,0.953931692,0,7,130,19,29,3.032828283,2025,1833
7594,51,977,320,1369,72,0.947406866,0,6,128,22,32,2.825708061,2025,1361
7595,41,837,309,1206,60,0.950248756,0,4,94,16,13,3.105691057,2025,1723
7596,54,1049,424,1534,61,0.960234681,3,10,38,24,43,3.030864198,2025,1262
7597,47,943,336,1309,30,0.977081742,0,4,18,18,44,3.023640662,2025,1760
7598,53,1031,388,1480,61,0.958783784,0,3,108,29,39,2.974842767,2025,1511
7599,41,829,232,1120,59,0.947321429,0,6,114,15,10,2.875338753,2025,1918
7600,40,767,302,1129,60,0.946855624,0,12,108,17,22,2.969444444,2025,1970
7601,46,950,287,1279,42,0.967161845,0,3,100,21,16,2.987922705,2025,1825
7602,36,685,231,965,49,0.949222798,0,4,102,23,4,2.827160494,2025,1870
7603,43,788,326,1170,56,0.952136752,1,7,88,25,35,2.878552972,2025,1667
7604,47,959,339,1346,48,0.964338782,0,2,82,30,27,3.06855792,2025,1838
7605,41,788,358,1212,66,0.945544554,0,19,116,31,33,3.105691057,2025,1881
7606,52,1121,487,1652,44,0.973365617,0,11,56,20,82,3.435897436,2025,1358
7607,38,728,364,1144,52,0.954545455,0,4,134,48,27,3.192982456,2025,1785
7608,41,778,288,1102,36,0.967332123,0,8,78,14,13,2.888888889,2025,1705
7609,41,801,265,1116,50,0.955197133,0,3,90,6,31,2.888888889,2025,1680
7610,46,844,327,1210,39,0.967768595,0,11,128,18,19,2.828502415,2025,1237
7611,28,378,118,594,98,0.835016835,0,22,330,8,8,1.968253968,2025,2050
7612,36,658,306,1021,57,0.94417238,1,17,134,21,12,2.975308642,2025,1792
7613,25,354,127,589,108,0.81663837,0,13,170,0,8,2.137777778,2025,2041
7614,45,877,440,1365,48,0.964835165,0,7,110,11,25,3.251851852,2025,1419
7615,53,983,354,1418,81,0.942877292,1,13,156,23,33,2.80293501,2025,1173
7616,18,334,120,483,29,0.939959,0,1,46,10,8,2.802469,2026,1217
7617,48,935,313,1309,61,0.9534,0,15,75,22,28,2.888889,2026,1200
7618,47,895,424,1384,65,0.953035,0,11,130,18,32,3.118203,2026,1199
7619,49,937,362,1354,55,0.95938,0,9,140,8,18,2.945578,2026,1351
7620,62,1217,450,1731,64,0.963027,1,15,49,14,56,2.987455,2026,1229
7621,57,1072,440,1609,97,0.939714,0,11,119,18,54,2.947368,2026,1376
7622,50,946,360,1371,65,0.952589,0,14,109,4,34,2.902222,2026,1234
7623,51,951,363,1392,78,0.943966,0,10,97,34,57,2.862745,2026,1320
7624,51,1002,364,1430,64,0.955245,0,12,96,19,47,2.976035,2026,1272
7625,52,998,450,1511,63,0.958306,0,9,102,14,29,3.094017,2026,1137
7626,64,1261,372,1662,29,0.982551,0,5,40,14,37,2.835069,2026,1138
7627,39,633,271,971,67,0.930999,0,12,374,17,16,2.575499,2026,1375
7628,62,1199,493,1740,48,0.972414,0,9,64,22,61,3.032258,2026,1243
7629,57,1148,349,1519,22,0.985517,0,7,19,7,59,2.918129,2026,1282
7630,51,993,389,1438,56,0.961057,0,21,93,28,26,3.010893,2026,1335
7631,54,1030,352,1439,57,0.960389,0,6,125,9,23,2.843621,2026,1267
7632,45,887,313,1272,72,0.943396,0,9,122,12,16,2.962963,2026,1365
7633,48,913,371,1343,59,0.956069,1,1,132,23,44,2.972222,2026,1370
7634,52,1037,326,1409,46,0.967353,0,6,66,26,13,2.912393,2026,1355
7635,51,982,342,1369,45,0.967129,0,10,43,6,44,2.884532,2026,1088
7636,62,1230,372,1659,57,0.965642,1,5,62,19,30,2.870968,2026,1249
7637,60,1201,411,1652,40,0.975787,0,8,44,10,59,2.985185,2026,1146
7638,53,1029,476,1572,67,0.957379,0,13,47,9,72,3.155136,2026,1103
7639,59,1165,392,1601,44,0.972517,0,2,65,10,63,2.932203,2026,1091
7640,54,1046,385,1512,81,0.946429,0,13,78,17,33,2.944444,2026,1142
7641,55,1080,451,1578,47,0.970215,0,3,103,14,40,3.092929,2026,1288
7642,42,752,295,1113,66,0.940701,1,7,146,26,16,2.769841,2026,1145
7643,54,1039,429,1519,51,0.966425,0,3,57,6,56,3.020576,2026,1244
7644,43,847,349,1268,72,0.943218,0,14,120,32,30,3.090439,2026,1372
7645,51,1019,362,1472,91,0.938179,0,27,112,19,21,3.008715,2026,1367
7646,61,1153,417,1625,55,0.966154,0,10,98,21,28,2.859745,2026,2063
7647,53,970,329,1355,56,0.958672,0,10,59,20,24,2.72327,2026,2066
7648,50,907,373,1346,66,0.950966,2,8,177,27,27,2.844444,2026,2051
7649,51,969,378,1396,49,0.9649,0,13,91,17,55,2.934641,2026,2064
7650,48,924,285,1280,71,0.944531,0,3,110,23,17,2.798611,2026,2059
7651,56,1134,444,1637,59,0.963958,0,7,85,18,36,3.130952,2026,2057
7652,47,893,379,1341,69,0.948546,0,11,120,21,34,3.007092,2026,2060
7653,50,877,370,1313,66,0.949733,0,9,116,44,32,2.771111,2026,2062
7654,52,939,356,1356,61,0.955015,0,7,94,47,44,2.767094,2026,2079
7655,51,961,407,1448,80,0.944751,0,22,162,18,20,2.980392,2026,2056
7656,54,1068,424,1534,42,0.972621,1,8,59,21,47,3.069959,2026,1358
7657,51,971,315,1344,58,0.956845,0,9,99,31,33,2.801743,2026,1181
7658,62,1107,420,1557,30,0.980732,0,11,8,6,60,2.736559,2026,1086
7659,46,870,299,1222,53,0.956628,1,13,117,12,27,2.823671,2026,1209
7660,48,849,325,1264,90,0.928797,0,10,161,22,19,2.717593,2026,1124
7661,58,1147,396,1585,42,0.973502,0,9,84,24,56,2.955939,2026,1162
7662,50,961,364,1360,35,0.974265,0,17,53,5,45,2.944444,2026,1168
7663,47,957,294,1284,33,0.974299,0,5,58,24,19,2.957447,2026,1264
7664,53,1006,392,1445,47,0.967474,0,7,125,13,33,2.930818,2026,1177
7665,62,1185,377,1607,45,0.971998,0,5,34,15,55,2.799283,2026,1090
7666,51,1019,308,1392,65,0.953305,0,3,46,10,36,2.891068,2026,1235
7667,61,1251,477,1784,56,0.96861,0,4,38,22,81,3.147541,2026,1154
7668,55,1044,405,1508,59,0.960875,0,14,92,23,41,2.927273,2026,1132
7669,53,995,370,1420,55,0.961268,0,3,94,24,25,2.861635,2026,1254
7670,50,989,256,1301,56,0.956956,0,5,62,18,30,2.766667,2026,1189
7671,63,1144,441,1630,45,0.972393,0,2,22,21,59,2.795414,2026,1104
7672,60,1153,406,1608,49,0.969527,0,1,18,12,52,2.887037,2026,1098
7673,64,1275,408,1731,48,0.97227,0,8,19,18,51,2.921875,2026,1092
7674,61,1149,447,1661,65,0.960867,0,6,80,26,34,2.907104,2026,1263
7675,54,1056,447,1559,56,0.96408,0,15,80,28,36,3.092593,2026,1281
7676,45,878,256,1170,36,0.969231,0,4,62,24,20,2.8,2026,1171
7677,62,1162,305,1508,41,0.972812,1,4,82,22,34,2.629032,2026,1099
7678,56,1118,439,1596,39,0.975564,0,7,61,20,79,3.089286,2026,1107
7679,64,1220,394,1646,32,0.980559,0,8,18,14,62,2.802083,2026,1095
7680,45,907,301,1268,60,0.952681,3,4,80,10,30,2.982716,2026,1110
7681,48,901,363,1341,77,0.94258,0,16,120,23,18,2.925926,2026,1233
7682,57,1113,391,1567,63,0.959796,0,8,102,19,53,2.931774,2026,1277
7683,56,1116,518,1702,68,0.960047,0,10,48,10,55,3.242063,2026,1087
7684,58,1123,360,1522,39,0.974376,0,4,62,13,53,2.840996,2026,1222
7685,43,765,303,1135,67,0.940969,0,14,158,23,4,2.75969,2026,1250
7686,58,1114,453,1620,53,0.967284,1,5,80,12,78,3.001916,2026,1248
7687,51,1019,427,1490,44,0.97047,0,13,44,18,36,3.150327,2026,1309
7688,49,914,251,1197,32,0.973266,0,6,59,7,26,2.641723,2026,1224
7689,55,1061,408,1547,78,0.94958,0,8,138,23,72,2.967677,2026,1461
7690,42,774,268,1106,64,0.942134,0,26,150,14,19,2.756614,2026,1463
7691,53,1031,534,1622,57,0.964858,1,5,47,19,50,3.280922,2026,2061
7692,48,859,306,1268,103,0.91877,0,14,213,18,26,2.696759,2026,1302
7693,53,1006,391,1447,50,0.965446,0,8,82,12,35,2.928721,2026,1231
7694,50,956,321,1328,51,0.961596,1,2,72,25,49,2.837778,2026,1350
7695,51,979,428,1461,54,0.963039,0,15,70,16,52,3.065359,2026,1373
7696,56,1083,389,1527,55,0.963982,0,6,67,24,38,2.920635,2026,1273
7697,58,1196,492,1731,43,0.975159,0,7,57,24,51,3.233716,2026,1178
7698,51,977,379,1402,46,0.96719,0,13,85,18,25,2.954248,2026,1279
7699,43,828,308,1187,51,0.957035,0,5,84,14,42,2.935401,2026,1207
7700,53,1041,399,1510,70,0.953642,0,20,68,22,48,3.018868,2026,1271
7701,53,1012,411,1463,40,0.972659,0,8,83,7,14,2.983229,2026,1333
7702,50,947,335,1353,71,0.947524,0,5,45,10,29,2.848889,2026,1225
7703,53,1018,399,1476,59,0.960027,0,6,88,8,37,2.97065,2026,1158
7704,47,943,286,1280,51,0.960156,0,11,67,17,25,2.905437,2026,1245
7705,53,951,377,1401,73,0.947894,0,14,86,14,24,2.784067,2026,1139
7706,58,1098,385,1545,62,0.959871,1,15,94,11,19,2.840996,2026,1202
7707,58,1127,432,1605,46,0.97134,0,5,17,11,53,2.98659,2026,1119
7708,53,1036,369,1485,80,0.946128,0,4,102,16,29,2.945493,2026,1356
7709,55,1088,354,1490,48,0.967785,1,7,30,12,24,2.913131,2026,1117
7710,52,1024,363,1443,56,0.961192,0,7,122,18,47,2.963675,2026,1323
7711,54,1032,336,1418,50,0.964739,0,8,85,2,32,2.814815,2026,1187
7712,44,828,304,1208,76,0.937086,0,6,107,2,31,2.858586,2026,1265
7713,52,995,319,1387,73,0.947368,1,6,35,12,32,2.807692,2026,1328
7714,46,862,327,1240,51,0.958871,1,5,129,22,31,2.871981,2026,1128
7715,49,967,376,1377,34,0.975309,0,6,43,6,23,3.045351,2026,1186
7716,49,940,340,1335,55,0.958801,0,11,119,17,35,2.902494,2026,1201
7717,54,1018,346,1427,63,0.955851,0,8,70,17,71,2.806584,2026,1298
7718,45,841,429,1314,44,0.966514,0,0,53,28,39,3.135802,2026,1289
7719,51,994,388,1425,43,0.969825,0,12,80,20,40,3.010893,2026,1290
7720,45,914,288,1241,39,0.968574,0,4,79,20,30,2.967901,2026,1329
7721,49,946,327,1340,67,0.95,0,5,91,15,39,2.886621,2026,1232
7722,49,924,283,1295,88,0.932046,0,1,98,14,20,2.736961,2026,1261
7723,54,1025,399,1484,60,0.959569,0,6,82,25,57,2.930041,2026,1134
7724,54,1103,405,1572,64,0.959288,0,10,125,32,45,3.102881,2026,1311
7725,53,930,418,1424,76,0.946629,0,22,198,11,46,2.825996,2026,1380
7726,55,1101,319,1485,65,0.956229,2,7,126,21,17,2.868687,2026,1297
7727,51,1031,362,1458,65,0.955418,0,12,94,9,35,3.034858,2026,1238
7728,51,1010,456,1524,58,0.961942,0,8,130,24,40,3.1939,2026,1212
7729,51,934,355,1355,66,0.951292,1,12,234,22,23,2.808279,2026,1196
7730,56,1081,388,1508,39,0.974138,0,2,51,20,30,2.914683,2026,1284
7731,59,1107,374,1528,47,0.969241,1,6,70,13,42,2.789077,2026,1179
7732,51,1014,414,1486,58,0.960969,0,7,67,16,35,3.111111,2026,1246
7733,48,916,316,1277,45,0.964761,0,6,52,6,42,2.851852,2026,1240
7734,51,1009,446,1518,63,0.958498,0,3,75,23,78,3.169935,2026,1215
7735,49,945,343,1344,56,0.958333,2,5,123,32,28,2.920635,2026,1197
7736,59,1162,345,1568,61,0.961097,1,5,92,23,29,2.838041,2026,1316
7737,44,827,283,1176,66,0.943878,0,11,155,20,31,2.80303,2026,1364
7738,60,1161,415,1621,45,0.972239,0,5,38,19,52,2.918519,2026,1340
7739,59,1090,449,1596,57,0.964286,0,12,57,24,52,2.898305,2026,1204
7740,58,1112,362,1541,67,0.956522,1,20,128,12,34,2.823755,2026,1343
7741,61,1246,536,1820,38,0.979121,1,6,48,20,105,3.245902,2026,1304
7742,58,1107,460,1640,73,0.955488,0,8,50,20,57,3.001916,2026,1185
7743,57,1121,460,1621,40,0.975324,0,10,29,25,34,3.081871,2026,1292
7744,52,1013,377,1472,82,0.944293,0,8,124,26,40,2.970085,2026,1287
7745,51,962,386,1396,48,0.965616,0,12,65,19,42,2.936819,2026,1213
7746,49,917,331,1289,41,0.968192,0,9,98,22,54,2.829932,2026,1296
7747,56,1081,341,1471,49,0.966689,0,3,60,17,50,2.821429,2026,1102
7748,54,1081,354,1484,49,0.966981,0,14,28,9,28,2.952675,2026,1221
7749,56,1099,398,1543,46,0.970188,0,3,86,22,27,2.970238,2026,1354
7750,59,1131,483,1665,51,0.969369,0,11,68,16,43,3.039548,2026,1325
7751,50,976,432,1452,44,0.969697,0,7,100,18,47,3.128889,2026,1167
7752,44,842,356,1255,57,0.954582,0,11,83,17,27,3.025253,2026,1180
7753,40,742,323,1131,66,0.941645,1,30,282,11,40,2.958333,2026,1219
7754,50,940,356,1349,53,0.960712,0,7,73,14,31,2.88,2026,1166
7755,61,1203,447,1687,37,0.978068,0,10,32,6,50,3.005464,2026,1161
7756,54,1093,389,1529,47,0.969261,0,4,56,11,39,3.049383,2026,1182
7757,57,1094,307,1446,45,0.96888,0,9,40,22,41,2.730994,2026,1120
7758,42,818,343,1204,43,0.964286,0,2,62,16,28,3.071429,2026,1210
7759,71,1273,344,1659,42,0.974684,0,2,30,18,42,2.530516,2026,1113
7760,47,941,417,1419,61,0.957012,0,12,49,21,60,3.210402,2026,1230
7761,65,1257,430,1734,47,0.972895,0,6,17,8,62,2.883761,2026,1085
7762,49,925,343,1309,41,0.968678,0,19,118,22,38,2.875283,2026,1175
7763,57,1133,400,1599,66,0.958724,0,11,63,8,68,2.988304,2026,1374
7764,50,963,351,1351,37,0.972613,0,3,70,19,37,2.92,2026,1121
7765,51,1027,441,1560,92,0.941026,1,8,127,16,42,3.198257,2026,1326
7766,54,1059,354,1462,49,0.966484,0,7,38,19,46,2.907407,2026,1129
7767,53,1057,438,1558,63,0.959564,0,5,71,11,62,3.134172,2026,1133
7768,58,1131,442,1637,64,0.960904,0,10,107,17,22,3.01341,2026,1330
7769,54,1026,474,1556,56,0.96401,0,16,81,21,54,3.08642,2026,1152
7770,56,1078,471,1625,76,0.953231,0,13,43,10,76,3.073413,2026,1123
7771,52,990,344,1394,60,0.956958,0,7,78,27,30,2.850427,2026,1363
7772,60,1135,368,1547,44,0.971558,0,14,32,6,42,2.783333,2026,1089
7773,55,1091,371,1512,50,0.966931,0,11,35,10,50,2.953535,2026,1321
7774,50,935,325,1307,47,0.96404,0,5,102,27,14,2.8,2026,1366
7775,57,1100,401,1548,47,0.969638,0,12,38,14,38,2.925926,2026,1101
7776,56,1034,347,1445,64,0.955709,0,4,118,21,53,2.740079,2026,1216
7777,58,1146,415,1621,60,0.962986,0,0,106,17,31,2.990421,2026,1193
7778,46,845,313,1207,49,0.959403,0,12,125,13,26,2.797101,2026,1337
7779,53,1027,417,1494,50,0.966533,0,15,81,8,34,3.027254,2026,1143
7780,55,1085,354,1500,61,0.959333,0,12,87,28,20,2.907071,2026,1188
7781,52,1021,431,1492,40,0.97319,1,9,37,5,72,3.102564,2026,1172
7782,52,944,402,1407,61,0.956645,0,9,52,21,69,2.876068,2026,1118
7783,42,804,306,1177,67,0.943076,0,6,129,21,21,2.936508,2026,1236
7784,57,1086,442,1577,49,0.968928,0,9,74,14,57,2.978558,2026,1156
7785,44,868,278,1204,58,0.951827,0,4,79,16,32,2.893939,2026,1283
7786,45,892,253,1184,39,0.967061,0,2,56,12,22,2.82716,2026,1278
7787,61,1184,471,1704,49,0.971244,1,6,29,33,78,3.014572,2026,1130
7788,49,969,238,1238,31,0.97496,0,3,79,9,17,2.736961,2026,1331
7789,57,1078,515,1650,57,0.965455,0,23,125,22,49,3.105263,2026,1176
7790,55,1060,386,1518,72,0.952569,0,17,74,31,30,2.921212,2026,1266
7791,51,1001,414,1475,60,0.959322,0,9,66,19,48,3.082789,2026,1097
7792,45,914,361,1316,41,0.968845,0,5,54,10,30,3.148148,2026,1256
7793,60,1150,367,1571,54,0.965627,0,13,66,12,43,2.809259,2026,1260
7794,36,661,306,1018,51,0.949902,0,2,174,24,16,2.984568,2026,1242
7795,43,809,328,1186,49,0.958685,0,12,52,21,18,2.937984,2026,1220
7796,59,1159,414,1615,42,0.973994,0,7,51,18,48,2.962335,2026,1190
7797,33,603,235,872,34,0.961009,0,5,55,6,20,2.821549,2026,1198
7798,50,962,371,1398,65,0.953505,2,11,115,40,24,2.962222,2026,1357
7799,46,874,285,1215,56,0.953909,0,17,97,16,13,2.799517,2026,1251
7800,55,1057,376,1492,59,0.960456,0,5,139,15,27,2.894949,2026,1153
7801,47,889,328,1280,63,0.950781,0,17,133,39,26,2.877069,2026,1377
7802,51,988,443,1494,63,0.957831,0,6,104,15,34,3.117647,2026,1192
7803,45,843,268,1168,57,0.951199,1,5,57,28,21,2.74321,2026,1336
7804,59,1201,427,1676,48,0.97136,0,14,64,14,60,3.065913,2026,1122
7805,52,1025,337,1413,51,0.963907,0,10,74,22,31,2.910256,2026,1345
7806,59,1148,394,1594,52,0.967378,1,6,147,35,52,2.903955,2026,1147
7807,53,1041,370,1482,71,0.952092,0,11,112,21,59,2.958071,2026,1140
7808,51,978,374,1407,55,0.96091,0,8,138,16,23,2.945534,2026,1313
7809,51,991,320,1355,44,0.967528,0,5,82,20,28,2.856209,2026,1310
7810,50,931,232,1211,48,0.960363,0,8,137,32,17,2.584444,2026,1368
7811,54,1030,467,1568,71,0.954719,1,10,227,28,21,3.080247,2026,1115
7812,54,1059,273,1361,29,0.978692,0,5,60,15,30,2.740741,2026,1141
7813,52,1040,356,1445,49,0.96609,0,7,46,30,38,2.982906,2026,1169
7814,62,1179,462,1668,27,0.983813,0,4,28,6,92,2.94086,2026,1094
7815,54,1128,355,1551,68,0.956157,0,5,69,14,27,3.05144,2026,1338
7816,41,779,338,1171,54,0.953886,0,11,183,14,32,3.0271,2026,1371
7817,53,1036,404,1508,68,0.954907,0,6,126,10,16,3.018868,2026,1307
7818,47,860,375,1283,48,0.962588,0,8,160,27,33,2.919622,2026,1361
7819,54,1049,400,1500,51,0.966,1,4,49,25,50,2.981481,2026,1262
7820,45,850,320,1240,70,0.943548,0,4,88,19,24,2.888889,2026,1237
7821,51,954,278,1292,60,0.95356,1,2,116,18,13,2.684096,2026,1173
7822,57,1076,515,1637,46,0.9719,2,11,68,8,88,3.101365,2026,1293
7823,60,1192,365,1626,69,0.957565,0,2,79,14,30,2.883333,2026,1305
7824,51,968,401,1437,68,0.952679,0,11,103,14,46,2.982571,2026,1239
7825,57,1098,497,1666,71,0.957383,0,8,102,17,65,3.109162,2026,1205
7826,50,929,374,1364,61,0.955279,0,7,151,32,43,2.895556,2026,1360
7827,52,1013,277,1348,58,0.956973,0,7,134,17,19,2.75641,2026,1348
7828,51,1004,316,1386,66,0.952381,0,13,110,25,30,2.875817,2026,1127
7829,45,796,316,1183,71,0.939983,0,13,178,34,18,2.745679,2026,1359
7830,47,865,298,1229,66,0.946298,0,2,147,26,13,2.749409,2026,1223
7831,48,901,309,1270,60,0.952756,0,10,128,11,25,2.800926,2026,1322
7832,61,1162,428,1642,52,0.968331,0,4,68,14,24,2.896175,2026,1255
7833,54,991,337,1371,43,0.968636,0,3,63,32,40,2.73251,2026,1109
7834,54,1080,261,1376,35,0.974564,0,9,54,12,28,2.759259,2026,1269
7835,53,963,365,1388,60,0.956772,0,5,83,22,50,2.784067,2026,1301
7836,51,971,403,1458,84,0.942387,2,1,91,27,41,2.993464,2026,1342
7837,54,1052,340,1441,49,0.965996,0,10,55,23,56,2.864198,2026,1165
7838,48,857,303,1219,59,0.9516,1,19,114,19,24,2.685185,2026,1183
7839,60,1173,374,1604,57,0.964464,0,3,57,31,38,2.864815,2026,1218
7840,50,914,395,1408,99,0.929688,1,38,226,36,15,2.908889,2026,1295
7841,56,1062,392,1533,79,0.948467,0,14,215,44,31,2.884921,2026,1164
7842,65,1257,384,1680,39,0.976786,0,8,26,6,38,2.805128,2026,1308
7843,54,1056,407,1496,33,0.977941,0,2,47,22,57,3.010288,2026,1327
7844,49,881,420,1374,73,0.94687,0,30,264,25,22,2.950113,2026,1362
7845,50,937,229,1214,48,0.960461,0,4,89,19,17,2.591111,2026,1150
7846,63,1229,397,1683,57,0.966132,0,13,36,3,57,2.867725,2026,1191
7847,56,996,400,1436,40,0.972145,0,8,16,5,119,2.769841,2026,1096
7848,60,1103,381,1514,30,0.980185,1,11,26,6,92,2.748148,2026,1195
7849,55,1037,363,1477,77,0.947867,0,20,112,7,27,2.828283,2026,1303
7850,54,1031,417,1498,50,0.966622,0,10,130,16,33,2.979424,2026,1247
7851,48,933,362,1337,42,0.968586,1,4,32,10,41,2.997685,2026,1228
7852,51,956,371,1376,49,0.96439,0,4,214,20,31,2.891068,2026,1349
7853,58,1141,436,1631,54,0.966891,0,9,57,11,80,3.021073,2026,1170
7854,49,917,356,1325,52,0.960755,0,18,149,29,28,2.886621,2026,1203
7855,47,853,389,1300,58,0.955385,1,7,74,20,53,2.93617,2026,1211
7856,55,1066,464,1584,54,0.965909,0,8,52,25,64,3.090909,2026,1125
7857,51,954,357,1371,60,0.956236,0,5,104,15,33,2.856209,2026,1324
7858,49,939,419,1417,59,0.958363,1,2,64,22,43,3.079365,2026,1369
7859,53,976,317,1365,72,0.947253,0,12,135,25,24,2.710692,2026,1300
7860,51,926,399,1381,56,0.95945,1,9,100,24,65,2.88671,2026,1100
7861,45,861,332,1233,40,0.967559,0,7,133,15,21,2.945679,2026,1257
7862,44,827,284,1158,47,0.959413,0,7,92,14,34,2.805556,2026,1135
7863,45,803,257,1114,54,0.951526,0,2,96,26,9,2.617284,2026,1344
7864,56,1071,388,1512,53,0.964947,1,23,123,39,16,2.894841,2026,1312
7865,46,906,393,1354,55,0.95938,1,8,67,25,69,3.137681,2026,1214
7866,46,891,349,1297,57,0.956052,0,6,69,17,40,2.995169,2026,1163
7867,49,885,340,1305,80,0.938697,0,4,159,25,44,2.777778,2026,1346
7868,47,950,345,1347,52,0.961396,0,3,48,16,51,3.061466,2026,1108
7869,54,1074,493,1646,79,0.952005,0,4,42,18,64,3.22428,2026,1315
7870,46,875,341,1285,69,0.946304,0,4,85,24,38,2.937198,2026,1241
7871,53,1047,448,1561,66,0.957719,1,10,65,25,54,3.134172,2026,1160
7872,57,1104,391,1561,66,0.957719,0,3,76,37,43,2.91423,2026,1157
7873,56,1079,461,1590,50,0.968553,0,17,70,18,60,3.055556,2026,1144
7874,62,1231,396,1666,39,0.976591,0,6,52,15,42,2.915771,2026,1105
7875,52,1006,320,1372,46,0.966472,0,2,74,10,26,2.833333,2026,1275
7876,55,1112,378,1537,47,0.969421,1,10,103,16,62,3.010101,2026,1184
7877,53,956,368,1414,90,0.936351,0,14,202,11,53,2.775681,2026,1280
7878,51,1032,372,1444,40,0.972299,0,6,98,15,65,3.058824,2026,1318
7879,45,929,316,1298,53,0.959168,0,18,142,8,16,3.074074,2026,1136
7880,42,852,355,1256,49,0.960987,0,10,108,15,50,3.193122,2026,1353
7881,53,1024,453,1533,56,0.96347,0,4,63,21,53,3.096436,2026,1291
7882,56,1116,394,1581,71,0.955092,0,14,152,15,29,2.996032,2026,1332
7883,61,1181,411,1641,49,0.97014,0,5,25,14,43,2.899818,2026,1116
7884,61,1131,432,1596,33,0.979323,0,3,26,23,86,2.846995,2026,1151
7885,42,789,317,1165,59,0.949356,0,8,253,30,46,2.925926,2026,1347
7886,43,778,368,1217,71,0.94166,1,19,157,30,24,2.96124,2026,1319
7887,50,981,332,1350,37,0.972593,0,4,54,11,34,2.917778,2026,1270
7888,54,1045,350,1443,48,0.966736,0,9,77,22,25,2.87037,2026,1341
7889,44,796,291,1149,62,0.94604,0,7,108,34,14,2.744949,2026,1306
7890,47,860,379,1292,53,0.958978,0,2,129,13,24,2.929078,2026,1286
7891,51,967,362,1386,57,0.958874,0,4,60,9,40,2.895425,2026,1149
7892,47,882,291,1217,44,0.963846,0,2,65,14,32,2.77305,2026,1093
7893,57,1080,423,1549,46,0.970303,0,15,39,14,60,2.929825,2026,1155
7894,51,1027,497,1577,53,0.966392,0,4,63,18,58,3.320261,2026,1258
7895,54,1031,353,1449,65,0.955141,0,11,124,8,37,2.847737,2026,1148
7896,54,965,406,1431,60,0.958071,3,15,138,17,39,2.820988,2026,1339
7897,50,946,277,1280,57,0.955469,1,18,82,5,22,2.717778,2026,1276
7898,59,1109,465,1637,63,0.961515,0,6,38,8,85,2.964218,2026,1112
7899,53,1047,467,1555,41,0.973633,0,2,47,32,72,3.174004,2026,1314
7900,55,1053,440,1532,39,0.974543,0,3,45,18,50,3.016162,2026,1227
7901,54,1068,327,1443,48,0.966736,0,6,49,14,39,2.87037,2026,1285
7902,61,1201,356,1595,38,0.976176,0,8,90,19,25,2.836066,2026,1274
7903,55,1097,446,1604,61,0.96197,0,14,130,19,51,3.117172,2026,1334
7904,51,1001,408,1461,52,0.964408,1,14,125,17,36,3.069717,2026,1114
7905,57,1070,390,1508,48,0.96817,0,14,34,20,64,2.846004,2026,1206
7906,50,949,463,1484,72,0.951482,0,12,135,19,32,3.137778,2026,1126
7907,55,1052,416,1533,65,0.957599,1,9,77,11,44,2.965657,2026,1194
7908,52,981,381,1434,72,0.949791,0,13,97,36,27,2.910256,2026,1379
7909,58,1116,451,1619,52,0.967881,0,7,94,20,47,3.001916,2026,1299
7910,54,1058,318,1422,46,0.967651,1,19,96,19,42,2.831276,2026,1131
7911,56,1046,316,1406,44,0.968706,0,5,84,24,44,2.702381,2026,1253
7912,53,1008,307,1380,65,0.952899,0,10,91,34,41,2.756813,2026,1268
7913,59,1166,361,1565,38,0.975719,0,10,27,12,67,2.875706,2026,1159
7914,56,1116,376,1530,38,0.975163,0,11,59,15,41,2.960317,2026,1259
7915,58,1154,395,1605,56,0.965109,0,8,69,17,51,2.967433,2026,1208
7916,54,1041,301,1386,44,0.968254,0,6,64,30,28,2.761317,2026,1317
7917,52,1055,373,1476,48,0.96748,0,5,41,11,49,3.051282,2026,1174
7918,52,1060,416,1559,83,0.946761,0,7,37,32,35,3.153846,2026,1294
7919,48,857,394,1305,54,0.958621,0,8,123,25,23,2.895833,2026,1378
7920,52,1011,380,1452,61,0.957989,0,2,126,10,30,2.972222,2026,1352
7921,58,1118,396,1594,80,0.949812,0,4,104,14,20,2.900383,2026,1111
7922,57,1131,380,1557,46,0.970456,0,13,50,11,57,2.945419,2026,1106
7923,51,998,442,1502,62,0.958722,1,40,148,20,38,3.137255,2026,2073
7924,52,1033,446,1542,63,0.959144,1,12,124,9,81,3.160256,2026,1631
7925,59,1148,340,1547,59,0.961862,0,7,58,23,47,2.80226,2026,1390
7926,43,746,285,1096,65,0.940693,1,15,208,10,20,2.664083,2026,1626
7927,59,1173,302,1533,58,0.962166,0,17,96,27,29,2.777778,2026,1623
7928,50,996,379,1448,73,0.949586,0,3,90,12,37,3.055556,2026,1636
7929,53,1027,343,1427,57,0.960056,1,10,90,24,39,2.872117,2026,1538
7930,55,1079,496,1635,60,0.963303,0,5,67,24,58,3.181818,2026,1482
7931,51,1010,247,1320,63,0.952273,0,5,140,15,22,2.738562,2026,1479
7932,57,1127,313,1501,61,0.95936,0,6,56,12,24,2.807018,2026,1512
7933,50,985,457,1501,59,0.960693,0,1,74,14,38,3.204444,2026,1490
7934,56,1088,366,1492,38,0.974531,0,10,102,12,31,2.884921,2026,1637
7935,53,1033,399,1516,84,0.944591,0,17,112,31,27,3.002096,2026,1578
7936,51,1044,417,1525,64,0.958033,1,8,113,13,16,3.183007,2026,1635
7937,51,983,430,1480,67,0.95473,0,14,56,11,43,3.078431,2026,1606
7938,51,986,400,1455,69,0.952577,1,6,146,34,37,3.019608,2026,1595
7939,57,1097,358,1521,66,0.956607,0,1,114,8,43,2.836257,2026,1501
7940,46,916,260,1216,40,0.967105,0,10,56,8,18,2.84058,2026,1440
7941,47,928,334,1317,55,0.958238,0,6,96,17,33,2.983452,2026,1449
7942,44,818,384,1273,71,0.944226,0,9,130,28,44,3.035354,2026,1624
7943,45,935,402,1378,41,0.970247,0,10,68,12,28,3.301235,2026,1594
7944,58,1169,436,1671,66,0.960503,0,13,103,20,40,3.074713,2026,1489
7945,36,637,266,947,44,0.953537,0,7,116,22,8,2.787037,2026,1644
7946,54,1052,404,1547,91,0.941176,1,15,174,42,28,2.995885,2026,1471
7947,55,1073,382,1498,43,0.971295,1,1,82,20,36,2.939394,2026,1445
7948,40,779,361,1202,62,0.948419,0,8,74,13,23,3.166667,2026,1464
7949,48,957,283,1283,43,0.966485,1,5,144,18,40,2.87037,2026,1582
7950,56,1066,445,1575,64,0.959365,0,17,201,23,27,2.998016,2026,1615
7951,56,1077,422,1549,50,0.967721,0,11,86,16,38,2.974206,2026,1583
7952,50,966,406,1432,60,0.958101,0,7,115,31,41,3.048889,2026,1541
7953,52,1048,433,1535,54,0.964821,1,12,127,9,17,3.16453,2026,1598
7954,53,1064,387,1536,85,0.944661,0,4,161,32,28,3.041929,2026,1460
7955,36,626,207,888,55,0.938063,0,19,158,15,14,2.570988,2026,1560
7956,53,1021,429,1496,46,0.969251,1,16,108,30,37,3.039832,2026,1586
7957,49,928,347,1326,51,0.961538,0,16,100,20,57,2.891156,2026,1532
7958,64,1308,465,1820,47,0.974176,0,5,90,15,27,3.078125,2026,1465
7959,50,993,333,1367,41,0.970007,0,13,76,20,41,2.946667,2026,1545
7960,54,1092,460,1615,63,0.960991,1,12,126,28,66,3.193416,2026,1396
7961,52,983,395,1414,36,0.97454,0,11,114,16,42,2.944444,2026,1383
7962,50,904,326,1302,72,0.9447,0,15,149,24,11,2.733333,2026,1520
7963,50,1027,371,1463,65,0.955571,0,13,108,16,31,3.106667,2026,1527
7964,55,1094,333,1489,62,0.958361,0,16,76,25,33,2.882828,2026,1542
7965,47,920,239,1203,44,0.963425,0,16,84,8,3,2.739953,2026,1605
7966,54,1070,475,1616,71,0.956064,0,15,126,9,30,3.179012,2026,1505
7967,62,1209,495,1760,56,0.968182,0,12,63,19,74,3.053763,2026,1382
7968,53,1010,507,1595,78,0.951097,2,11,97,28,91,3.180294,2026,1389
7969,58,1151,454,1652,47,0.97155,0,8,67,16,43,3.074713,2026,1394
7970,46,901,276,1240,63,0.949194,0,13,216,14,16,2.842995,2026,1629
7971,52,1030,424,1517,63,0.958471,0,10,113,28,40,3.106838,2026,1638
7972,50,962,299,1323,62,0.953137,0,8,84,26,27,2.802222,2026,1411
7973,53,1034,404,1481,43,0.970966,0,5,84,12,38,3.014675,2026,1456
7974,43,803,338,1203,62,0.948462,0,6,120,18,15,2.94832,2026,1581
7975,51,978,330,1372,64,0.953353,2,7,144,30,37,2.849673,2026,1525
7976,55,1049,469,1569,51,0.967495,0,24,194,33,17,3.066667,2026,1558
7977,46,895,357,1320,68,0.948485,0,9,100,23,21,3.024155,2026,1585
7978,32,571,236,838,31,0.963007,0,14,134,4,12,2.802083,2026,1641
7979,50,972,397,1442,73,0.949376,0,12,116,6,35,3.042222,2026,1577
7980,52,1038,393,1487,56,0.96234,0,9,102,21,36,3.057692,2026,1436
7981,55,1068,443,1605,94,0.941433,1,12,178,55,31,3.052525,2026,1607
7982,41,812,292,1137,33,0.970976,0,7,108,15,30,2.99187,2026,1437
7983,55,1049,439,1559,71,0.954458,0,11,146,10,40,3.006061,2026,1409
7984,50,1040,402,1495,53,0.964548,0,7,109,30,23,3.204444,2026,1646
7985,52,1054,391,1503,58,0.961411,0,9,111,21,43,3.087607,2026,1518
7986,57,1161,431,1649,57,0.965434,0,15,72,30,27,3.103314,2026,1434
7987,63,1261,382,1696,53,0.96875,0,8,68,7,46,2.897707,2026,1399
7988,52,960,485,1527,82,0.9463,0,13,192,31,37,3.087607,2026,1547
7989,57,1111,381,1557,65,0.958253,3,4,98,8,25,2.908382,2026,1588
7990,51,943,346,1358,69,0.94919,0,5,116,9,36,2.808279,2026,1384
7991,52,975,435,1462,52,0.964432,0,7,116,20,53,3.012821,2026,1618
7992,49,915,317,1303,71,0.94551,0,5,118,28,37,2.793651,2026,1645
7993,52,1022,365,1458,71,0.951303,0,11,100,35,40,2.963675,2026,1612
7994,50,1015,391,1457,51,0.964997,0,3,104,22,26,3.124444,2026,1439
7995,50,1039,389,1472,44,0.970109,0,6,98,28,34,3.173333,2026,1587
7996,49,1003,325,1376,48,0.965116,0,6,102,21,30,3.011338,2026,1503
7997,50,952,404,1406,50,0.964438,2,14,170,24,40,3.013333,2026,1611
7998,52,1000,388,1472,84,0.942935,0,5,144,7,35,2.965812,2026,1627
7999,52,1083,474,1602,45,0.97191,0,9,70,22,30,3.326923,2026,1508
8000,50,969,422,1469,78,0.946903,0,16,90,39,35,3.091111,2026,1551
8001,56,1103,452,1608,53,0.96704,0,20,82,19,23,3.085317,2026,1550
8002,47,882,344,1275,49,0.961569,0,8,170,30,36,2.898345,2026,2076
8003,55,1063,428,1570,79,0.949682,0,5,113,24,40,3.012121,2026,1504
8004,44,876,260,1167,31,0.973436,0,10,66,14,27,2.868687,2026,1459
8005,57,1167,413,1634,54,0.966952,0,14,138,19,30,3.079922,2026,1566
8006,44,858,299,1216,59,0.95148,0,4,137,24,16,2.921717,2026,1647
8007,52,1009,351,1418,58,0.959097,0,15,140,16,48,2.905983,2026,1544
8008,52,1014,426,1485,45,0.969697,0,3,136,18,54,3.076923,2026,1467
8009,45,850,326,1245,69,0.944578,0,3,62,8,29,2.903704,2026,1570
8010,53,1050,393,1497,54,0.963928,0,5,181,10,27,3.025157,2026,1478
8011,51,955,399,1414,60,0.957567,0,13,76,26,38,2.949891,2026,1528
8012,45,864,290,1210,56,0.953719,0,4,130,8,25,2.849383,2026,1572
8013,40,835,342,1247,70,0.943865,0,15,116,17,14,3.269444,2026,1590
8014,39,755,257,1073,61,0.94315,0,7,140,20,22,2.883191,2026,1567
8015,52,970,400,1444,74,0.948753,0,7,155,42,25,2.92735,2026,1639
8016,50,953,345,1362,64,0.95301,0,18,170,18,27,2.884444,2026,1413
8017,45,899,346,1293,48,0.962877,0,2,70,23,35,3.074074,2026,1510
8018,61,1211,473,1714,30,0.982497,0,4,74,25,39,3.067395,2026,1549
8019,58,1161,396,1599,42,0.973734,0,10,108,17,21,2.982759,2026,1429
8020,47,894,365,1337,78,0.94166,1,7,144,34,35,2.976359,2026,1592
8021,51,1003,382,1458,73,0.949931,0,11,121,22,29,3.017429,2026,1599
8022,36,665,265,985,55,0.944162,0,25,268,27,11,2.87037,2026,1642
8023,57,1097,421,1549,31,0.979987,0,6,70,17,21,2.959064,2026,1404
8024,47,956,321,1323,46,0.965231,0,16,112,6,28,3.018913,2026,1537
8025,46,916,391,1358,51,0.962445,0,16,114,10,25,3.157005,2026,1591
8026,50,1023,373,1450,54,0.962759,0,5,53,29,26,3.102222,2026,1492
8027,56,1138,462,1651,51,0.96911,0,12,69,15,59,3.174603,2026,1500
8028,56,1094,287,1434,53,0.96304,0,2,42,31,35,2.740079,2026,1625
8029,33,660,200,909,49,0.946095,0,7,84,4,18,2.895623,2026,1540
8030,49,927,323,1337,87,0.934929,0,7,204,17,12,2.834467,2026,1602
8031,50,999,354,1408,55,0.960938,0,15,135,19,19,3.006667,2026,1430
8032,27,522,182,731,27,0.963064,0,8,120,29,18,2.897119,2026,1388
8033,41,691,270,1056,95,0.910038,1,15,208,15,16,2.604336,2026,1616
8034,49,989,275,1307,43,0.9671,0,5,159,16,25,2.866213,2026,1470
8035,59,1190,427,1660,43,0.974096,0,9,64,9,33,3.045198,2026,1405
8036,32,605,265,896,26,0.970982,0,18,121,14,13,3.020833,2026,1458
8037,54,1078,326,1458,54,0.962963,0,9,102,21,22,2.888889,2026,1511
8038,52,1010,397,1469,62,0.957794,0,21,165,25,61,3.00641,2026,1524
8039,56,1172,502,1728,54,0.96875,1,2,58,26,55,3.321429,2026,1596
8040,44,816,300,1176,60,0.94898,1,13,156,28,21,2.818182,2026,1408
8041,50,960,365,1418,93,0.934415,0,10,118,22,23,2.944444,2026,1407
8042,53,1080,401,1555,74,0.952412,0,8,75,22,39,3.104822,2026,1514
8043,55,1114,359,1505,32,0.978738,1,4,67,27,37,2.975758,2026,1400
8044,57,1112,481,1652,59,0.964286,1,13,141,26,40,3.105263,2026,1468
8045,68,1333,343,1725,49,0.971594,0,13,117,16,43,2.738562,2026,1497
8046,46,886,453,1398,59,0.957797,1,20,131,18,24,3.2343,2026,1622
8047,38,784,353,1179,42,0.964377,0,8,104,16,28,3.324561,2026,1533
8048,52,1046,391,1504,67,0.955452,0,10,118,37,33,3.070513,2026,1513
8049,49,944,300,1307,63,0.951798,0,12,143,37,6,2.820862,2026,1640
8050,47,921,340,1324,63,0.952417,1,2,105,39,16,2.981087,2026,1494
8051,49,988,359,1404,57,0.959402,0,7,88,12,12,3.054422,2026,1419
8052,51,1010,443,1523,70,0.954038,0,5,80,18,66,3.165577,2026,1451
8053,53,1040,439,1554,75,0.951737,0,6,108,34,36,3.100629,2026,1571
8054,59,1177,326,1538,35,0.977243,0,7,45,7,38,2.830508,2026,1568
8055,46,937,328,1305,40,0.969349,0,8,122,17,40,3.055556,2026,1584
8056,51,965,344,1353,44,0.96748,0,18,74,19,16,2.851852,2026,1491
8057,56,1151,419,1634,64,0.960832,1,12,81,20,38,3.115079,2026,1499
8058,66,1376,516,1944,52,0.973251,0,5,86,28,55,3.185185,2026,1559
8059,52,1018,315,1397,64,0.954188,1,21,117,32,18,2.848291,2026,1552
8060,60,1226,396,1677,55,0.967203,0,4,132,35,21,3.003704,2026,1564
8061,63,1211,405,1656,40,0.975845,1,10,147,8,19,2.850088,2026,1410
8062,43,817,381,1258,60,0.952305,0,14,154,22,34,3.095607,2026,1381
8063,48,936,340,1346,70,0.947994,0,19,170,20,21,2.953704,2026,1554
8064,61,1200,427,1683,56,0.966726,0,3,57,38,52,2.96357,2026,1516
8065,52,1054,409,1523,60,0.960604,1,17,128,19,47,3.126068,2026,1603
8066,61,1196,469,1733,68,0.960762,1,12,124,29,41,3.032787,2026,1522
8067,50,1017,403,1478,58,0.960758,0,11,156,13,35,3.155556,2026,1565
8068,55,1040,368,1461,53,0.963723,0,8,149,14,17,2.844444,2026,1579
8069,53,982,385,1428,61,0.957283,0,23,234,27,48,2.865828,2026,1569
8070,45,749,335,1204,120,0.900332,0,42,380,31,32,2.676543,2026,1620
8071,53,1006,426,1494,62,0.958501,0,12,161,25,22,3.002096,2026,1604
8072,46,904,324,1285,57,0.955642,0,12,110,14,33,2.966184,2026,1472
8073,45,882,289,1238,67,0.94588,0,20,148,24,19,2.891358,2026,1457
8074,52,1027,505,1614,82,0.949195,1,13,142,46,27,3.273504,2026,1517
8075,63,1237,475,1769,57,0.967778,0,6,72,16,53,3.0194,2026,1453
8076,50,965,402,1439,72,0.949965,0,6,68,26,50,3.037778,2026,1433
8077,44,865,358,1281,58,0.954723,0,7,112,6,26,3.088384,2026,1601
8078,60,1215,512,1794,67,0.962653,2,3,78,23,48,3.198148,2026,1593
8079,46,906,440,1414,68,0.951909,0,0,78,26,31,3.251208,2026,1557
8080,48,938,411,1410,61,0.956738,0,12,152,14,29,3.122685,2026,1447
8081,51,996,444,1494,54,0.963855,0,18,88,21,46,3.137255,2026,1628
8082,43,802,370,1259,87,0.930898,0,5,146,16,27,3.028424,2026,1574
8083,44,843,281,1166,42,0.963979,0,8,146,17,20,2.838384,2026,1496
8084,38,787,299,1139,53,0.953468,0,19,134,41,10,3.175439,2026,1580
8085,55,1084,495,1635,56,0.965749,2,31,156,22,64,3.189899,2026,1442
8086,53,1006,341,1434,87,0.939331,0,34,183,14,31,2.823899,2026,1526
8087,50,904,377,1342,61,0.954545,0,28,187,22,40,2.846667,2026,1515
8088,59,1175,391,1619,53,0.967264,0,8,44,26,21,2.949153,2026,1435
8089,49,864,332,1298,102,0.921418,0,9,224,16,29,2.712018,2026,1543
8090,47,850,314,1215,51,0.958025,0,9,79,3,22,2.751773,2026,1431
8091,46,904,294,1243,45,0.963797,0,9,85,17,15,2.89372,2026,1633
8092,46,815,256,1158,87,0.92487,0,4,220,28,19,2.586957,2026,1534
8093,44,833,297,1199,69,0.942452,0,16,182,31,20,2.853535,2026,2052
8094,52,973,265,1293,55,0.957463,0,6,128,12,14,2.645299,2026,2065
8095,50,942,347,1341,52,0.961223,0,4,76,12,25,2.864444,2026,2068
8096,25,423,191,656,42,0.935976,0,9,144,25,6,2.728889,2026,1498
8097,38,770,219,1029,40,0.961127,0,8,131,15,31,2.891813,2026,1531
8098,57,1096,433,1586,57,0.964061,2,10,102,36,40,2.980507,2026,1553
8099,49,996,329,1393,68,0.951184,1,8,148,26,5,3.004535,2026,1562
8100,45,894,322,1276,60,0.952978,0,2,146,20,46,3.002469,2026,1619
8101,48,941,374,1370,55,0.959854,2,11,289,10,16,3.043981,2026,1476
8102,53,1019,338,1407,50,0.964463,0,7,104,21,29,2.844864,2026,1455
8103,42,817,328,1192,47,0.96057,0,3,106,12,16,3.029101,2026,1401
8104,53,1053,346,1444,45,0.968837,0,5,104,22,16,2.932914,2026,1485
8105,52,1005,403,1471,63,0.957172,0,6,72,24,50,3.008547,2026,1493
8106,54,1046,442,1569,81,0.948375,2,12,136,6,26,3.061728,2026,1573
8107,56,1091,363,1495,41,0.972575,0,4,75,22,33,2.884921,2026,1402
8108,66,1303,502,1873,68,0.963695,0,15,52,14,41,3.038721,2026,1443
8109,43,765,349,1259,145,0.884829,1,12,237,12,19,2.878553,2026,1575
8110,28,494,215,762,53,0.930446,0,25,136,20,4,2.813492,2026,1523
8111,40,663,312,1033,58,0.943853,0,2,143,30,32,2.708333,2026,1576
8112,61,1230,465,1762,67,0.961975,0,3,63,18,64,3.087432,2026,1469
8113,28,484,221,782,77,0.901535,0,12,132,28,13,2.797619,2026,1415
8114,34,599,226,894,69,0.922819,0,17,146,24,10,2.696078,2026,1632
8115,50,953,386,1392,53,0.961925,0,6,67,23,36,2.975556,2026,1519
8116,47,916,347,1307,44,0.966335,0,10,103,33,33,2.985816,2026,1630
8117,41,773,343,1162,46,0.960413,1,16,214,21,22,3.02439,2026,1589
8118,59,1202,400,1674,72,0.956989,0,22,84,24,37,3.016949,2026,1480
8119,32,584,224,876,68,0.922374,0,16,154,21,18,2.805556,2026,1648
8120,50,994,252,1287,41,0.968143,0,3,58,20,19,2.768889,2026,1556
8121,55,1087,381,1534,66,0.956975,0,6,106,26,35,2.965657,2026,1423
8122,40,711,200,959,48,0.949948,0,12,92,25,9,2.530556,2026,1617
8123,51,1001,444,1504,59,0.960771,0,7,124,14,39,3.148148,2026,1484
8124,48,940,289,1292,63,0.951238,0,4,94,10,26,2.844907,2026,1462
8125,56,1092,434,1575,49,0.968889,0,8,92,13,49,3.027778,2026,1385
8126,51,931,239,1226,56,0.954323,0,23,186,35,18,2.54902,2026,1621
8127,52,990,373,1425,62,0.956491,0,15,76,28,18,2.912393,2026,1486
8128,54,1008,416,1480,56,0.962162,0,10,92,22,40,2.930041,2026,1473
8129,54,1099,350,1520,71,0.953289,0,3,94,10,23,2.981481,2026,1397
8130,52,1004,345,1400,51,0.963571,1,22,158,19,37,2.882479,2026,1481
8131,50,987,427,1462,48,0.967168,0,10,92,39,58,3.142222,2026,1488
8132,51,974,344,1366,48,0.964861,0,7,58,17,39,2.87146,2026,1416
8133,62,1188,445,1681,48,0.971446,0,5,100,12,43,2.926523,2026,1428
8134,46,854,360,1299,85,0.934565,0,12,250,20,42,2.932367,2026,1634
8135,53,1001,306,1405,98,0.930249,1,11,239,26,15,2.740042,2026,1536
8136,47,918,317,1305,70,0.94636,1,7,98,29,16,2.919622,2026,1521
8137,39,758,277,1084,49,0.954797,0,11,131,12,9,2.948718,2026,1441
8138,52,1032,455,1552,65,0.958119,0,15,86,17,31,3.17735,2026,1507
8139,56,1131,547,1740,62,0.964368,1,9,142,18,81,3.329365,2026,1454
8140,47,949,398,1389,42,0.969762,0,8,70,28,39,3.184397,2026,1427
8141,43,838,353,1252,61,0.951278,1,5,146,11,17,3.077519,2026,1563
8142,53,1035,368,1435,32,0.9777,0,15,98,16,23,2.9413,2026,1420
8143,53,1079,339,1468,50,0.96594,0,3,60,16,15,2.972746,2026,1448
8144,51,1055,394,1509,60,0.960239,0,8,146,35,39,3.156863,2026,1487
8145,60,1203,390,1635,42,0.974312,0,13,42,20,26,2.95,2026,1426
8146,49,963,311,1332,58,0.956456,0,4,94,12,34,2.888889,2026,1418
8147,52,1000,438,1519,81,0.946675,0,15,180,19,50,3.07265,2026,1421
8148,67,1311,521,1895,63,0.966755,0,3,149,8,46,3.038143,2026,1539
8149,51,1013,359,1432,60,0.958101,1,5,117,36,27,2.989107,2026,1450
8150,54,1049,361,1477,67,0.954638,0,2,114,11,38,2.901235,2026,1509
8151,44,846,281,1175,48,0.959149,0,6,82,16,37,2.84596,2026,1614
8152,53,1030,372,1453,51,0.9649,0,9,116,51,43,2.939203,2026,1600
8153,56,1134,473,1675,68,0.959403,1,3,82,25,25,3.188492,2026,1422
8154,50,966,382,1410,62,0.956028,0,15,68,11,15,2.995556,2026,1438
8155,36,717,249,1008,42,0.958333,0,5,80,20,20,2.981481,2026,1475
8156,56,1086,445,1582,51,0.967762,0,9,42,12,35,3.037698,2026,1403
8157,42,828,334,1204,42,0.965116,0,11,100,12,21,3.074074,2026,1555
8158,50,966,433,1450,51,0.964828,0,16,52,26,39,3.108889,2026,2053
8159,44,847,291,1192,54,0.954698,2,14,176,32,16,2.873737,2026,1546
8160,50,997,383,1441,61,0.957668,1,7,60,28,33,3.066667,2026,1425
8161,48,949,357,1368,62,0.954678,0,16,88,31,44,3.023148,2026,1444
8162,49,946,366,1378,66,0.952104,0,7,59,18,45,2.975057,2026,1643
8163,57,1145,401,1595,49,0.969279,0,6,82,23,39,3.013645,2026,1474
8164,53,953,370,1392,69,0.950431,0,15,118,24,54,2.773585,2026,1535
8165,55,1071,371,1497,55,0.96326,0,14,144,16,39,2.913131,2026,1398
8166,29,451,164,681,66,0.903084,0,20,311,12,4,2.356322,2026,2086
8167,42,814,270,1127,43,0.961846,0,7,124,26,11,2.867725,2026,1424
8168,48,924,356,1338,58,0.956652,0,13,80,24,9,2.962963,2026,1432
8169,53,1019,414,1495,62,0.958528,1,14,100,15,47,3.004193,2026,1561
8170,50,1005,415,1489,69,0.95366,2,14,136,16,29,3.155556,2026,2074
8171,48,903,391,1372,78,0.943149,0,17,194,21,26,2.99537,2026,2070
8172,55,1056,364,1475,55,0.962712,0,12,116,38,35,2.868687,2026,2071
8173,52,996,440,1520,84,0.944737,0,12,148,38,35,3.068376,2026,2163
8174,52,1011,459,1537,67,0.956409,0,11,76,31,42,3.141026,2026,1502
8175,48,931,322,1305,52,0.960153,0,9,78,21,35,2.900463,2026,1391
8176,43,812,277,1146,57,0.950262,0,17,182,26,28,2.813953,2026,1406
8177,56,1137,396,1586,53,0.966583,1,10,107,17,38,3.041667,2026,1387
8178,55,1083,464,1621,74,0.954349,1,8,40,19,44,3.125253,2026,1483
8179,53,1062,530,1685,93,0.944807,1,5,150,30,33,3.337526,2026,1597
8180,57,1130,469,1676,77,0.954057,1,9,50,28,37,3.116959,2026,1452
8181,64,1202,379,1624,43,0.973522,0,5,22,7,37,2.744792,2026,1392
8182,56,1107,344,1493,42,0.971869,0,20,118,26,41,2.878968,2026,1417
8183,58,1177,338,1556,41,0.97365,0,5,100,19,37,2.902299,2026,1495
8184,48,923,303,1277,51,0.960063,0,8,181,45,20,2.837963,2026,1506
8185,47,853,344,1279,82,0.935887,0,7,182,36,14,2.829787,2026,1386
8186,68,1407,556,2015,52,0.974194,1,7,47,9,92,3.207516,2026,1466
8187,60,1239,484,1799,76,0.957754,0,11,64,12,43,3.190741,2026,1548
8188,59,1132,428,1614,54,0.966543,0,24,98,18,29,2.937853,2026,1393
8189,58,1153,441,1654,60,0.963724,0,5,104,11,56,3.05364,2026,1414
8190,56,1089,515,1663,59,0.964522,1,9,88,10,47,3.18254,2026,1608
8191,65,1322,339,1704,43,0.974765,0,10,95,20,44,2.839316,2026,1395
8192,56,1110,369,1560,81,0.948077,0,3,36,7,39,2.934524,2026,1412
8193,47,917,372,1362,73,0.946402,0,15,100,12,62,3.047281,2026,1854
8194,47,840,321,1238,77,0.937803,0,6,131,24,33,2.744681,2026,1836
8195,34,598,242,906,66,0.927152,0,7,110,13,4,2.745098,2026,2087
8196,40,747,234,1052,71,0.93251,1,13,202,4,13,2.725,2026,1906
8197,40,782,314,1161,65,0.944014,0,11,131,6,26,3.044444,2026,1761
8198,40,797,268,1133,68,0.939982,1,21,113,11,4,2.958333,2026,1762
8199,40,789,284,1142,69,0.93958,0,6,142,12,15,2.980556,2026,1874
8200,38,746,269,1070,55,0.948598,0,6,94,23,22,2.967836,2026,1741
8201,41,795,284,1125,46,0.959111,0,6,62,18,31,2.924119,2026,1724
8202,34,618,230,900,52,0.942222,0,3,80,24,6,2.771242,2026,1849
8203,43,847,270,1155,38,0.9671,0,5,100,10,27,2.886305,2026,1775
8204,36,713,272,1025,40,0.960976,0,4,56,12,19,3.040123,2026,1709
8205,46,887,356,1299,56,0.95689,0,9,134,12,40,3.002415,2026,2032
8206,44,822,368,1242,52,0.958132,0,5,95,16,18,3.005051,2026,1751
8207,29,447,201,745,97,0.869799,0,10,112,2,19,2.482759,2026,2031
8208,44,857,351,1255,47,0.96255,0,14,114,25,36,3.050505,2026,1799
8209,40,750,319,1131,62,0.945181,0,10,106,6,49,2.969444,2026,1747
8210,44,805,304,1162,53,0.954389,1,6,112,11,45,2.800505,2026,1675
8211,36,569,200,834,65,0.922062,0,8,106,13,21,2.373457,2026,1883
8212,36,622,249,924,53,0.942641,0,4,135,21,21,2.688272,2026,1957
8213,48,914,343,1299,42,0.967667,0,24,116,21,15,2.909722,2026,1659
8214,39,681,336,1080,63,0.941667,0,27,124,20,8,2.897436,2026,2003
8215,37,689,197,940,54,0.942553,0,2,110,10,18,2.660661,2026,1828
8216,43,819,266,1142,57,0.950088,0,2,150,11,12,2.803618,2026,1683
8217,31,502,202,811,107,0.868064,0,6,184,15,7,2.523297,2026,2045
8218,34,577,191,826,58,0.929782,0,19,101,5,6,2.509804,2026,2029
8219,40,720,287,1085,78,0.928111,0,16,113,29,37,2.797222,2026,1925
8220,38,756,277,1095,62,0.943379,0,7,120,6,18,3.020468,2026,1880
8221,31,580,209,839,50,0.940405,0,9,86,14,1,2.827957,2026,1867
8222,26,402,151,584,31,0.946918,0,10,138,6,16,2.363248,2026,1790
8223,38,729,373,1175,73,0.937872,2,5,58,10,41,3.222222,2026,1793
8224,24,348,139,596,109,0.817114,0,11,62,4,11,2.25463,2026,1998
8225,43,829,246,1114,39,0.964991,0,1,99,24,10,2.777778,2026,1684
8226,36,584,224,869,61,0.929804,0,11,178,11,36,2.493827,2026,2046
8227,34,643,213,912,56,0.938596,0,10,56,18,18,2.797386,2026,1671
8228,39,718,243,1009,48,0.952428,0,10,78,9,16,2.737892,2026,1802
8229,42,820,276,1160,64,0.944828,1,23,144,20,10,2.899471,2026,1735
8230,44,861,286,1192,45,0.962248,0,1,38,16,26,2.896465,2026,1786
8231,33,611,235,902,56,0.937916,0,16,84,4,15,2.848485,2026,1922
8232,40,766,183,1018,69,0.93222,0,4,90,20,9,2.636111,2026,1861
8233,41,764,269,1106,73,0.933996,0,4,104,40,18,2.799458,2026,1862
8234,30,526,180,788,82,0.895939,0,22,136,14,12,2.614815,2026,2013
8235,34,479,190,773,104,0.865459,0,20,196,22,9,2.186275,2026,2049
8236,41,776,245,1048,27,0.974237,0,2,64,16,34,2.766938,2026,2075
8237,39,736,306,1092,50,0.954212,0,7,124,15,42,2.968661,2026,1820
8238,28,444,179,723,100,0.861687,0,20,164,4,15,2.472222,2026,2016
8239,29,448,171,695,76,0.890647,0,17,150,10,10,2.371648,2026,1985
8240,34,630,254,952,68,0.928571,1,17,152,16,27,2.888889,2026,1695
8241,33,591,251,909,67,0.926293,0,2,184,20,21,2.835017,2026,2040
8242,56,1072,340,1468,56,0.961853,0,3,89,29,41,2.801587,2026,1714
8243,42,808,380,1247,59,0.952686,0,12,94,18,59,3.142857,2026,1769
8244,32,629,208,890,53,0.940449,0,27,104,18,2,2.90625,2026,1968
8245,38,732,244,1015,39,0.961576,0,8,144,14,18,2.853801,2026,1901
8246,36,638,266,961,57,0.940687,0,4,140,19,28,2.790123,2026,2000
8247,51,962,313,1321,46,0.965178,0,2,47,23,46,2.777778,2026,1658
8248,40,730,239,1050,81,0.922857,0,12,103,8,13,2.691667,2026,1733
8249,40,759,238,1043,46,0.955896,0,6,86,12,16,2.769444,2026,1858
8250,40,785,329,1180,66,0.944068,0,4,142,17,13,3.094444,2026,1969
8251,44,841,306,1204,57,0.952658,1,6,76,31,27,2.896465,2026,1710
8252,34,658,318,1025,49,0.952195,0,1,72,8,31,3.189542,2026,1707
8253,37,707,287,1038,44,0.957611,1,5,94,18,14,2.984985,2026,1841
8254,38,739,230,1013,44,0.956565,0,3,86,8,20,2.833333,2026,1940
8255,33,720,250,1028,58,0.94358,0,25,131,16,21,3.265993,2026,2025
8256,36,671,289,1038,78,0.924855,0,36,128,13,10,2.962963,2026,1884
8257,38,655,264,993,74,0.925478,1,16,206,20,23,2.687135,2026,1896
8258,44,867,305,1210,38,0.968595,1,8,90,25,17,2.959596,2026,1815
8259,41,779,239,1073,55,0.948742,0,8,90,13,15,2.758808,2026,1657
8260,44,839,289,1158,30,0.974093,0,12,81,14,47,2.848485,2026,1975
8261,43,842,332,1230,56,0.954472,0,13,108,8,43,3.033592,2026,1915
8262,33,646,259,954,49,0.948637,0,6,110,14,20,3.047138,2026,1768
8263,36,707,318,1062,37,0.96516,0,3,70,15,12,3.16358,2026,2004
8264,38,710,251,1037,76,0.926712,0,22,152,22,17,2.809942,2026,1847
8265,41,743,300,1083,40,0.963066,0,31,153,28,26,2.826558,2026,1814
8266,42,836,323,1206,47,0.961028,0,9,98,24,35,3.066138,2026,1779
8267,43,854,329,1256,73,0.941879,0,4,58,26,13,3.056848,2026,1827
8268,34,754,309,1107,44,0.960253,2,15,92,19,12,3.473856,2026,1686
8269,40,774,253,1075,48,0.955349,0,2,120,15,22,2.852778,2026,1928
8270,45,887,263,1190,40,0.966387,0,5,78,21,19,2.839506,2026,1994
8271,40,772,263,1105,70,0.936652,1,8,88,11,14,2.875,2026,1869
8272,37,718,238,1013,57,0.943731,0,12,126,15,11,2.870871,2026,1988
8273,42,730,334,1154,90,0.92201,0,11,160,42,34,2.814815,2026,1956
8274,40,714,256,1033,63,0.939013,0,10,202,25,16,2.694444,2026,2006
8275,41,776,288,1119,55,0.950849,0,20,116,10,21,2.883469,2026,1882
8276,37,718,325,1094,51,0.953382,1,1,122,28,18,3.132132,2026,1936
8277,47,909,284,1242,49,0.960548,0,8,112,18,18,2.820331,2026,1803
8278,40,799,266,1114,49,0.956014,0,11,159,10,18,2.958333,2026,1738
8279,41,825,287,1166,54,0.953688,0,17,144,12,14,3.01355,2026,1718
8280,39,745,271,1069,53,0.950421,0,14,182,12,14,2.894587,2026,2018
8281,41,795,297,1138,46,0.959578,0,3,146,24,20,2.95935,2026,1791
8282,44,887,339,1279,53,0.958561,0,12,94,29,23,3.09596,2026,1700
8283,34,715,229,995,51,0.948744,0,10,64,6,29,3.084967,2026,1895
8284,44,894,403,1342,45,0.966468,0,4,86,8,26,3.275253,2026,1839
8285,40,740,399,1185,46,0.961181,0,12,148,25,31,3.163889,2026,1837
8286,44,841,296,1165,28,0.975966,0,7,78,26,31,2.871212,2026,1806
8287,35,658,264,968,46,0.952479,0,19,204,22,18,2.926984,2026,1852
8288,43,832,276,1167,59,0.949443,0,16,98,15,17,2.863049,2026,1780
8289,39,777,340,1169,52,0.955518,1,5,118,23,24,3.182336,2026,1744
8290,43,821,398,1297,78,0.939861,0,5,78,22,38,3.149871,2026,1746
8291,37,732,293,1076,51,0.952602,2,6,92,12,24,3.078078,2026,1745
8292,36,731,157,934,46,0.950749,0,6,106,10,4,2.740741,2026,2039
8293,35,618,244,932,70,0.924893,0,2,154,11,13,2.736508,2026,1977
8294,44,911,302,1266,53,0.958136,0,10,100,13,37,3.063131,2026,1921
8295,41,834,391,1289,64,0.950349,0,5,90,24,35,3.319783,2026,1857
8296,36,686,292,1035,57,0.944928,1,6,121,10,32,3.018519,2026,2030
8297,42,780,271,1097,46,0.958067,0,6,92,20,33,2.780423,2026,1834
8298,38,769,335,1180,76,0.935593,0,10,138,23,30,3.22807,2026,1978
8299,38,726,256,1023,41,0.959922,0,3,68,12,23,2.871345,2026,1777
8300,41,792,324,1170,54,0.953846,0,23,194,24,33,3.02439,2026,1876
8301,33,664,267,983,52,0.947101,0,5,40,13,25,3.13468,2026,1953
8302,42,853,302,1193,38,0.968148,0,6,80,20,39,3.055556,2026,1805
8303,38,747,306,1096,43,0.960766,0,11,108,8,23,3.078947,2026,1877
8304,41,828,310,1185,47,0.960338,0,6,80,14,25,3.084011,2026,1831
8305,34,606,215,879,58,0.934016,0,1,190,10,22,2.683007,2026,1999
8306,40,772,280,1091,39,0.964253,1,9,86,7,37,2.922222,2026,1976
8307,40,737,313,1096,46,0.958029,1,9,92,18,29,2.916667,2026,1979
8308,36,710,295,1064,59,0.944549,0,17,124,16,18,3.101852,2026,1973
8309,30,565,263,899,71,0.921023,1,15,120,2,18,3.066667,2026,1991
8310,40,717,224,1007,66,0.934459,0,13,114,14,17,2.613889,2026,1871
8311,41,836,286,1171,49,0.958155,0,2,102,26,31,3.04065,2026,1678
8312,32,584,224,877,69,0.921323,0,20,166,21,14,2.805556,2026,1822
8313,38,756,240,1032,36,0.965116,0,3,66,17,11,2.912281,2026,1715
8314,43,834,301,1210,75,0.938017,0,13,160,10,25,2.932817,2026,2024
8315,34,637,260,976,79,0.919057,0,5,86,13,24,2.931373,2026,1950
8316,39,749,319,1119,51,0.954424,0,3,100,13,26,3.042735,2026,1809
8317,36,695,236,980,49,0.95,0,8,82,25,10,2.873457,2026,1996
8318,39,726,253,1052,73,0.930608,0,9,102,16,23,2.789174,2026,2014
8319,30,460,147,722,115,0.84072,1,41,188,13,8,2.248148,2026,2043
8320,38,771,286,1094,37,0.966179,0,8,84,16,30,3.090643,2026,1776
8321,42,814,321,1175,40,0.965957,2,11,106,7,29,3.002646,2026,1737
8322,39,745,279,1094,70,0.936015,1,15,188,11,14,2.917379,2026,1669
8323,32,645,204,887,38,0.957159,0,6,60,12,28,2.947917,2026,1808
8324,39,775,364,1191,52,0.956339,0,10,112,26,28,3.245014,2026,2054
8325,37,717,307,1073,49,0.954334,0,15,134,8,22,3.075075,2026,1939
8326,39,673,333,1065,59,0.944601,0,13,140,14,19,2.866097,2026,1755
8327,33,622,185,832,25,0.969952,0,4,82,9,7,2.717172,2026,1782
8328,41,802,294,1142,46,0.95972,0,9,68,14,13,2.97019,2026,1788
8329,42,846,345,1271,80,0.937057,0,6,106,8,20,3.150794,2026,1908
8330,26,377,120,575,78,0.864348,1,59,218,3,6,2.123932,2026,1736
8331,40,768,287,1113,58,0.947889,1,10,128,16,17,2.930556,2026,1727
8332,41,793,251,1075,31,0.971163,0,13,94,36,12,2.829268,2026,1835
8333,43,748,361,1233,124,0.899432,0,9,168,25,24,2.865633,2026,1784
8334,45,883,268,1188,37,0.968855,0,2,78,0,26,2.841975,2026,1674
8335,46,881,325,1256,50,0.960191,0,9,100,24,14,2.913043,2026,1774
8336,44,868,314,1219,37,0.969647,0,3,88,15,40,2.984848,2026,1668
8337,36,712,242,1016,62,0.938976,0,4,98,11,13,2.944444,2026,1855
8338,34,690,219,951,42,0.955836,0,6,84,12,5,2.970588,2026,1771
8339,38,704,339,1119,76,0.932082,0,21,146,27,24,3.049708,2026,1982
8340,32,673,166,884,45,0.949095,1,0,76,14,15,2.913194,2026,2033
8341,40,704,231,987,52,0.947315,0,9,164,16,23,2.597222,2026,1664
8342,33,559,177,829,93,0.887817,0,25,192,4,23,2.478114,2026,1962
8343,40,763,315,1117,39,0.965085,1,9,104,18,29,2.994444,2026,1767
8344,33,595,209,865,61,0.92948,0,9,148,16,10,2.707071,2026,1913
8345,40,766,243,1044,35,0.966475,0,6,96,20,16,2.802778,2026,1716
8346,37,674,357,1076,45,0.958178,0,11,90,19,46,3.096096,2026,1952
8347,42,788,382,1248,78,0.9375,1,19,272,18,39,3.095238,2026,1929
8348,38,705,269,1035,61,0.941063,0,14,130,8,10,2.847953,2026,2027
8349,38,634,276,1034,124,0.880077,0,17,254,12,22,2.660819,2026,1942
8350,42,835,327,1226,64,0.947798,0,9,154,22,33,3.074074,2026,1894
8351,38,719,286,1065,60,0.943662,1,6,92,25,25,2.938596,2026,1653
8352,34,625,254,932,53,0.943133,1,6,159,17,20,2.872549,2026,1879
8353,43,854,328,1227,45,0.963325,0,9,86,26,59,3.054264,2026,1807
8354,47,911,270,1229,48,0.960944,0,14,70,11,18,2.791962,2026,2023
8355,39,769,309,1119,41,0.96336,0,16,84,21,15,3.071225,2026,1712
8356,30,581,246,868,41,0.952765,0,3,74,14,36,3.062963,2026,1935
8357,43,865,435,1369,69,0.949598,0,17,174,8,32,3.359173,2026,1846
8358,40,805,287,1146,54,0.95288,0,11,154,15,13,3.033333,2026,1694
8359,32,589,175,810,46,0.94321,0,7,86,4,6,2.652778,2026,1728
8360,40,779,265,1097,53,0.951686,0,6,67,18,13,2.9,2026,1717
8361,38,663,221,942,58,0.938429,0,4,146,20,15,2.584795,2026,1756
8362,42,755,207,1010,48,0.952475,1,6,110,34,15,2.544974,2026,1995
8363,44,803,258,1109,48,0.956718,0,9,110,10,17,2.679293,2026,1699
8364,35,694,332,1088,62,0.943015,0,6,106,13,34,3.257143,2026,1919
8365,46,929,402,1373,42,0.96941,1,1,60,17,34,3.214976,2026,1764
8366,37,708,338,1103,57,0.948323,0,13,122,9,37,3.141141,2026,1905
8367,40,784,299,1135,52,0.954185,0,10,84,16,34,3.008333,2026,1810
8368,43,838,275,1166,53,0.954545,0,27,135,12,8,2.875969,2026,1886
8369,46,874,361,1298,63,0.951464,0,14,116,24,19,2.983092,2026,1685
8370,43,842,359,1257,56,0.955449,0,6,154,23,38,3.103359,2026,1794
8371,45,900,354,1287,33,0.974359,0,6,76,16,18,3.096296,2026,1796
8372,39,748,254,1046,44,0.957935,2,2,122,14,5,2.854701,2026,1821
8373,38,748,309,1103,46,0.958296,0,12,85,17,32,3.090643,2026,1990
8374,36,692,245,986,49,0.950304,0,12,138,25,22,2.891975,2026,1972
8375,41,793,298,1126,35,0.968917,0,4,62,11,33,2.95664,2026,1853
8376,47,946,471,1470,53,0.963946,0,5,106,8,38,3.349882,2026,1702
8377,37,660,265,994,69,0.930584,0,17,108,8,12,2.777778,2026,1851
8378,45,874,302,1238,62,0.949919,0,3,37,6,38,2.903704,2026,1662
8379,49,975,295,1321,51,0.961393,0,8,58,14,8,2.879819,2026,1766
8380,42,836,361,1242,45,0.963768,1,10,92,25,27,3.166667,2026,1910
8381,38,702,292,1071,77,0.928105,0,8,72,16,21,2.906433,2026,2015
8382,37,740,381,1162,41,0.964716,1,3,132,23,33,3.366366,2026,1704
8383,37,709,270,1032,53,0.948643,0,4,84,31,23,2.93994,2026,1765
8384,41,762,175,960,23,0.976042,0,4,44,12,23,2.539295,2026,1812
8385,39,652,258,973,63,0.935252,0,12,176,19,7,2.592593,2026,1993
8386,38,734,299,1084,51,0.952952,0,18,96,28,28,3.020468,2026,2008
8387,40,726,318,1104,60,0.945652,0,17,94,14,31,2.9,2026,1885
8388,45,885,402,1341,54,0.959732,0,8,134,14,36,3.177778,2026,1798
8389,40,830,340,1214,44,0.963756,0,5,86,14,43,3.25,2026,1907
8390,41,809,348,1212,55,0.95462,1,4,116,28,38,3.135501,2026,2009
8391,31,552,245,844,47,0.944313,0,7,100,10,18,2.856631,2026,1989
8392,36,682,257,1002,63,0.937126,0,25,171,19,15,2.898148,2026,1955
8393,36,713,278,1033,42,0.959342,0,5,86,27,26,3.058642,2026,2035
8394,37,714,277,1044,53,0.949234,0,4,98,23,14,2.975976,2026,1742
8395,36,657,270,984,57,0.942073,0,14,202,34,11,2.861111,2026,1706
8396,37,663,215,922,44,0.952278,0,7,64,20,16,2.636637,2026,1693
8397,36,580,219,891,92,0.896745,0,18,215,18,25,2.466049,2026,2044
8398,41,724,313,1104,67,0.939312,0,14,112,23,15,2.810298,2026,1818
8399,27,500,197,720,23,0.968056,0,10,82,9,10,2.868313,2026,1944
8400,35,692,205,932,35,0.962446,0,11,154,18,5,2.847619,2026,1965
8401,33,555,226,889,108,0.878515,1,22,136,10,6,2.62963,2026,1983
8402,41,804,312,1168,52,0.955479,0,3,88,23,27,3.02439,2026,1753
8403,36,656,247,948,45,0.952532,0,13,122,17,23,2.787037,2026,1960
8404,38,789,256,1085,40,0.963134,0,6,76,8,39,3.055556,2026,2012
8405,40,784,363,1206,59,0.951078,0,3,106,22,13,3.186111,2026,1816
8406,40,720,296,1082,66,0.939002,0,21,112,18,24,2.822222,2026,1865
8407,26,373,150,599,76,0.873122,0,18,116,13,9,2.235043,2026,2058
8408,36,711,191,968,66,0.931818,1,9,180,24,8,2.783951,2026,1981
8409,40,751,250,1050,49,0.953333,0,8,86,18,27,2.780556,2026,1730
8410,42,799,316,1152,37,0.967882,1,14,88,5,36,2.949735,2026,1689
8411,33,606,257,931,68,0.92696,0,10,190,16,9,2.905724,2026,1889
8412,54,1035,442,1540,63,0.959091,0,6,86,10,58,3.039095,2026,1673
8413,36,681,234,965,50,0.948187,0,13,64,9,16,2.824074,2026,1830
8414,38,763,343,1150,44,0.961739,0,4,68,18,16,3.233918,2026,1750
8415,41,816,283,1145,46,0.959825,0,5,104,13,33,2.97832,2026,1726
8416,41,802,209,1065,54,0.949296,0,11,134,8,13,2.739837,2026,1740
8417,37,738,239,1029,52,0.949466,0,9,126,22,20,2.933934,2026,1848
8418,38,719,278,1083,86,0.920591,0,31,138,18,18,2.915205,2026,1926
8419,39,744,283,1108,81,0.926895,0,13,178,6,15,2.925926,2026,1932
8420,41,827,267,1126,32,0.971581,0,22,50,10,26,2.96477,2026,1899
8421,38,733,329,1113,51,0.954178,0,3,72,25,15,3.105263,2026,1892
8422,32,618,215,876,43,0.950913,2,7,132,6,22,2.892361,2026,2002
8423,40,725,267,1062,70,0.934087,0,22,224,18,9,2.755556,2026,2037
8424,47,925,409,1383,49,0.96457,0,3,54,36,43,3.153664,2026,1752
8425,42,781,314,1147,52,0.954664,0,4,142,19,35,2.896825,2026,1757
8426,41,797,306,1155,52,0.954978,0,19,132,14,17,2.98916,2026,1729
8427,33,617,240,914,57,0.937637,1,3,98,5,20,2.885522,2026,1875
8428,49,904,298,1239,37,0.970137,1,5,38,17,34,2.725624,2026,1682
8429,40,740,283,1070,47,0.956075,0,17,156,22,9,2.841667,2026,1909
8430,40,761,322,1128,45,0.960106,0,12,131,23,37,3.008333,2026,1691
8431,41,749,321,1126,56,0.950266,0,15,195,16,17,2.899729,2026,2038
8432,40,764,371,1194,59,0.950586,0,9,82,12,32,3.152778,2026,2019
8433,39,741,256,1041,44,0.957733,1,17,122,28,11,2.840456,2026,1666
8434,38,681,262,995,52,0.947739,0,9,144,27,11,2.75731,2026,1964
8435,38,765,203,1008,40,0.960317,0,18,122,11,13,2.830409,2026,1832
8436,41,800,310,1148,38,0.966899,0,7,108,19,27,3.00813,2026,1864
8437,44,824,200,1087,63,0.942042,0,8,88,16,9,2.585859,2026,1963
8438,49,949,334,1337,54,0.959611,0,1,66,26,13,2.909297,2026,1688
8439,37,731,346,1127,50,0.955634,0,7,96,14,33,3.234234,2026,1923
8440,37,703,243,996,50,0.949799,0,12,94,16,9,2.840841,2026,1912
8441,40,732,290,1100,78,0.929091,0,7,149,11,22,2.838889,2026,1945
8442,47,950,389,1402,63,0.955064,0,4,62,12,73,3.165485,2026,1961
8443,35,706,267,1003,30,0.97009,0,9,60,30,7,3.088889,2026,1739
8444,41,818,302,1154,34,0.970537,0,3,98,22,21,3.03523,2026,1670
8445,40,757,385,1190,48,0.959664,0,8,80,12,18,3.172222,2026,1911
8446,39,759,262,1047,26,0.975167,0,8,64,12,33,2.908832,2026,1801
8447,37,751,301,1114,62,0.944345,0,5,108,18,24,3.159159,2026,1948
8448,39,736,263,1069,70,0.934518,0,13,158,10,5,2.846154,2026,2001
8449,45,878,377,1297,42,0.967618,0,10,78,12,29,3.098765,2026,1763
8450,36,679,306,1054,69,0.934535,0,10,88,17,23,3.040123,2026,1971
8451,41,827,283,1161,51,0.956072,2,9,82,18,9,3.00813,2026,1826
8452,35,679,311,1022,32,0.968689,0,11,66,18,24,3.142857,2026,1856
8453,45,865,377,1285,43,0.966537,0,9,124,7,33,3.066667,2026,1770
8454,43,878,400,1346,68,0.94948,0,2,67,31,33,3.302326,2026,1722
8455,37,709,338,1113,66,0.940701,1,12,60,12,19,3.144144,2026,1986
8456,35,720,240,1022,62,0.939335,0,20,116,23,12,3.047619,2026,1949
8457,38,740,293,1095,62,0.943379,1,8,152,18,17,3.020468,2026,1878
8458,37,721,253,1032,58,0.943798,0,23,138,6,10,2.924925,2026,1696
8459,52,927,328,1292,37,0.971362,1,4,16,14,21,2.681624,2026,1681
8460,44,867,443,1383,73,0.947216,0,9,96,28,50,3.308081,2026,1845
8461,36,700,286,1013,27,0.973346,0,3,70,8,24,3.04321,2026,1817
8462,38,710,352,1126,64,0.943162,0,14,166,19,44,3.105263,2026,1859
8463,38,752,301,1105,52,0.952941,0,4,99,18,18,3.078947,2026,1721
8464,37,761,278,1092,53,0.951465,0,16,178,19,11,3.12012,2026,1743
8465,35,723,288,1055,44,0.958294,0,4,34,22,24,3.209524,2026,2005
8466,40,757,287,1090,46,0.957798,1,12,104,17,11,2.9,2026,1829
8467,36,700,308,1063,55,0.94826,0,11,106,8,38,3.111111,2026,1941
8468,38,748,357,1175,70,0.940426,0,5,108,14,53,3.230994,2026,1890
8469,34,663,307,1033,63,0.939013,0,14,208,10,20,3.169935,2026,1888
8470,40,805,355,1216,56,0.953947,0,14,88,16,26,3.222222,2026,1924
8471,38,699,271,1035,65,0.937198,0,19,140,23,15,2.836257,2026,1900
8472,37,738,221,997,38,0.961886,0,3,26,12,7,2.87988,2026,1898
8473,44,837,372,1278,69,0.946009,0,4,114,23,28,3.05303,2026,1719
8474,38,704,278,1036,54,0.947876,0,15,148,10,9,2.871345,2026,1951
8475,42,838,268,1160,54,0.953448,0,6,68,18,26,2.925926,2026,1866
8476,40,761,277,1090,52,0.952294,0,8,150,27,18,2.883333,2026,1984
8477,39,735,283,1061,43,0.959472,1,13,86,18,21,2.900285,2026,1974
8478,41,794,327,1172,51,0.956485,0,7,104,18,16,3.03794,2026,1833
8479,40,789,301,1148,58,0.949477,0,10,114,18,12,3.027778,2026,1723
8480,44,927,299,1259,33,0.973789,0,6,70,6,40,3.09596,2026,1760
8481,39,777,290,1111,44,0.960396,0,10,64,20,6,3.039886,2026,1918
8482,39,722,332,1107,53,0.952123,0,16,104,31,31,3.002849,2026,1970
8483,44,870,326,1240,44,0.964516,0,4,44,32,18,3.020202,2026,1825
8484,38,793,318,1152,41,0.96441,0,8,102,22,20,3.248538,2026,1870
8485,40,774,257,1073,42,0.960857,0,3,68,18,32,2.863889,2026,1838
8486,44,855,335,1252,62,0.950479,1,11,48,27,23,3.005051,2026,1881
8487,36,698,361,1109,50,0.954914,0,4,89,30,13,3.268519,2026,1785
8488,49,957,380,1372,35,0.97449,0,6,70,19,25,3.031746,2026,1705
8489,41,755,257,1055,43,0.959242,0,11,68,10,18,2.742547,2026,1680
8490,24,343,87,524,94,0.820611,0,13,374,14,1,1.990741,2026,2050
8491,39,760,320,1130,50,0.955752,0,17,98,18,42,3.076923,2026,1792
8492,38,732,322,1099,45,0.959054,0,7,108,18,21,3.081871,2026,1824
8493,38,750,280,1086,56,0.948435,0,15,164,16,28,3.011696,2026,1966
8494,33,616,252,914,46,0.949672,0,13,154,11,18,2.922559,2026,1772
8495,35,655,255,978,68,0.93047,0,5,184,4,19,2.888889,2026,1897
8496,45,859,274,1170,37,0.968376,0,11,78,14,33,2.797531,2026,1652
8497,40,748,300,1105,57,0.948416,0,18,124,10,20,2.911111,2026,2022
8498,43,858,312,1211,41,0.966144,1,4,74,14,9,3.023256,2026,1665
8499,34,603,235,907,69,0.923925,0,5,172,11,13,2.738562,2026,2010
8500,45,870,313,1207,24,0.980116,0,2,34,10,22,2.920988,2026,1649
8501,39,746,317,1119,56,0.949955,0,9,88,20,27,3.02849,2026,1701
8502,42,845,364,1264,55,0.956487,1,7,48,16,24,3.198413,2026,1916
8503,39,685,317,1058,56,0.94707,0,10,132,33,16,2.854701,2026,2017
8504,42,811,280,1164,73,0.937285,0,27,180,13,14,2.886243,2026,1811
8505,38,699,252,1035,84,0.918841,0,12,154,19,11,2.780702,2026,1954
8506,40,713,257,1009,39,0.961348,0,12,170,17,19,2.694444,2026,1863
8507,45,871,339,1276,66,0.948276,0,10,84,9,21,2.987654,2026,1655
8508,41,763,185,977,29,0.970317,0,7,50,10,9,2.569106,2026,1787
8509,33,584,228,887,75,0.915445,1,14,182,12,18,2.734007,2026,1860
8510,38,712,271,1054,71,0.932638,0,10,122,13,13,2.874269,2026,1980
8511,40,738,325,1169,106,0.909324,1,10,134,24,32,2.952778,2026,1804
8512,51,974,268,1295,53,0.959073,2,7,36,12,18,2.705882,2026,1661
8513,39,724,280,1043,39,0.962608,0,7,82,14,21,2.860399,2026,1773
8514,40,772,329,1149,48,0.958225,0,7,88,17,32,3.058333,2026,1781
8515,44,845,380,1276,51,0.960031,0,15,134,16,36,3.093434,2026,1748
8516,35,639,222,932,71,0.92382,0,10,125,10,8,2.733333,2026,1697
8517,38,796,335,1205,74,0.938589,0,7,98,25,17,3.307018,2026,1987
8518,36,698,278,1015,39,0.961576,0,4,116,12,29,3.012346,2026,1967
8519,47,907,251,1191,33,0.972292,0,9,86,18,27,2.737589,2026,1813
8520,31,504,190,764,70,0.908377,0,10,74,9,8,2.487455,2026,2034
8521,38,692,278,1038,68,0.934489,0,11,86,20,24,2.836257,2026,1677
8522,47,900,445,1416,71,0.949859,0,9,102,22,37,3.179669,2026,1687
8523,31,543,226,807,38,0.952912,0,9,102,12,8,2.756272,2026,1703
8524,40,755,264,1085,66,0.939171,0,3,166,16,23,2.830556,2026,2007
8525,48,903,320,1249,26,0.979183,0,2,56,18,36,2.831019,2026,1660
8526,42,812,345,1220,63,0.948361,0,8,84,15,37,3.060847,2026,1914
8527,39,752,285,1108,71,0.935921,0,4,99,14,19,2.954416,2026,2021
8528,42,799,226,1048,23,0.978053,0,4,62,8,25,2.71164,2026,1758
8529,39,732,229,1010,49,0.951485,0,16,129,21,12,2.737892,2026,1958
8530,40,738,341,1129,50,0.955713,0,13,98,27,27,2.997222,2026,1692
8531,37,666,246,956,44,0.953975,1,13,94,12,9,2.738739,2026,1795
8532,42,816,306,1181,59,0.950042,0,6,58,15,40,2.968254,2026,1732
8533,24,316,92,475,67,0.858947,0,11,160,1,0,1.888889,2026,2041
8534,34,658,283,1010,69,0.931683,0,22,244,21,9,3.075163,2026,1920
8535,38,742,268,1069,59,0.944808,0,13,142,18,37,2.953216,2026,2028
8536,41,748,208,1013,57,0.943731,1,23,124,6,12,2.590786,2026,2026
8537,48,961,331,1347,55,0.959169,0,21,164,15,14,2.990741,2026,1937
8538,30,522,202,791,67,0.915297,0,26,162,22,9,2.681481,2026,1997
8539,40,761,225,1054,68,0.935484,0,12,168,10,14,2.738889,2026,1904
8540,33,601,234,912,77,0.91557,0,17,110,9,9,2.811448,2026,1797
8541,40,790,310,1142,42,0.963222,0,8,216,17,42,3.055556,2026,1840
8542,41,787,276,1098,35,0.968124,0,5,60,16,30,2.880759,2026,1720
8543,32,588,201,841,52,0.938169,1,14,134,11,9,2.739583,2026,1819
8544,30,590,280,933,63,0.932476,0,5,90,10,10,3.222222,2026,1800
8545,43,823,306,1186,57,0.951939,1,3,84,34,31,2.917313,2026,2020
8546,40,722,249,1027,56,0.945472,1,14,162,24,30,2.697222,2026,1931
8547,42,830,358,1243,55,0.955752,0,7,152,17,28,3.142857,2026,1893
8548,40,769,291,1110,50,0.954955,0,7,62,23,37,2.944444,2026,1917
8549,35,667,192,891,32,0.964085,0,5,58,8,12,2.726984,2026,1844
8550,42,827,290,1161,44,0.962102,0,1,64,12,38,2.955026,2026,1927
8551,31,573,205,818,40,0.9511,1,9,76,11,11,2.78853,2026,1650
8552,33,675,321,1073,77,0.928239,0,1,68,16,15,3.353535,2026,1731
8553,40,767,301,1127,59,0.947649,0,20,160,13,20,2.966667,2026,2011
8554,42,795,313,1175,67,0.942979,0,14,110,26,9,2.931217,2026,1902
8555,20,326,116,483,41,0.915114,0,9,72,9,20,2.455556,2026,1783
8556,31,760,200,1014,54,0.946746,0,11,142,12,11,3.44086,2026,1930
8557,34,595,245,904,64,0.929204,0,6,121,16,18,2.745098,2026,1946
8558,38,698,296,1064,70,0.934211,0,15,130,30,21,2.906433,2026,1873
8559,41,770,242,1056,44,0.958333,0,7,136,4,16,2.742547,2026,1679
8560,19,315,134,488,39,0.920082,0,18,82,10,16,2.625731,2026,1947
8561,39,678,252,1006,76,0.924453,1,15,146,26,22,2.649573,2026,2036
8562,36,652,285,992,55,0.944556,0,4,56,36,27,2.891975,2026,1992
8563,25,327,140,556,89,0.839928,3,33,186,15,17,2.075556,2026,2048
8564,36,643,247,931,41,0.955961,0,4,102,32,21,2.746914,2026,1943
8565,43,808,274,1130,48,0.957522,0,2,126,24,8,2.795866,2026,1868
8566,41,778,258,1101,65,0.940963,0,12,116,22,13,2.807588,2026,2055
8567,30,573,166,793,54,0.931904,0,6,84,11,12,2.737037,2026,1959
8568,35,586,203,878,89,0.898633,0,30,242,10,13,2.504762,2026,1749
8569,38,648,268,1010,94,0.906931,0,6,164,15,7,2.678363,2026,1843
8570,39,667,273,1021,81,0.920666,0,37,186,16,55,2.678063,2026,2072
8571,44,892,289,1244,63,0.949357,0,5,126,18,55,2.982323,2026,1933
8572,50,968,478,1500,54,0.964,0,8,71,24,49,3.213333,2026,1711
8573,49,913,292,1250,45,0.964,3,6,74,8,23,2.732426,2026,1656
8574,43,819,297,1153,37,0.96791,0,11,82,18,19,2.883721,2026,1759
8575,40,747,217,1047,83,0.920726,1,6,210,9,11,2.677778,2026,1698
8576,41,787,294,1129,48,0.957484,0,12,88,15,13,2.929539,2026,1708
8577,42,828,292,1165,45,0.961373,1,5,90,23,21,2.962963,2026,1676
8578,41,768,276,1098,54,0.95082,0,12,106,32,17,2.829268,2026,1690
8579,41,784,322,1157,51,0.95592,1,11,157,12,28,2.99729,2026,1778
8580,54,1090,457,1600,53,0.966875,0,1,80,22,42,3.183128,2026,1725
8581,46,875,365,1281,41,0.967994,0,8,112,11,48,2.995169,2026,1651
8582,41,810,322,1192,60,0.949664,0,12,110,20,28,3.067751,2026,1823
8583,46,861,360,1286,65,0.949456,0,1,94,11,26,2.949275,2026,1713
8584,43,852,298,1199,49,0.959133,0,6,106,22,8,2.971576,2026,1672
8585,40,800,261,1097,36,0.967183,0,3,59,10,46,2.947222,2026,1789
8586,41,827,311,1184,46,0.961149,0,29,166,14,16,3.084011,2026,1734
8587,42,790,307,1144,47,0.958916,1,5,60,25,39,2.902116,2026,1667
8588,44,823,286,1158,49,0.957686,1,10,85,16,30,2.800505,2026,1654
8589,44,877,322,1247,48,0.961508,0,5,64,28,25,3.027778,2026,1663
8590,36,642,194,928,92,0.900862,0,15,194,24,15,2.580247,2026,2260
8591,44,899,328,1295,68,0.94749,0,13,162,16,13,3.098485,2026,2261
8592,51,1284,447,1800,69,0.961667,0,12,221,43,78,3.771242,2026,98
8593,54,1332,476,1873,65,0.965296,1,4,116,29,96,3.720165,2026,100
8594,63,1685,508,2254,61,0.972937,0,5,84,29,81,3.867725,2026,105
8595,55,1434,505,2017,78,0.961329,0,5,61,31,136,3.917172,2026,188
8596,56,1487,562,2104,55,0.973859,0,11,65,25,125,4.065476,2026,109
8597,52,1380,465,1907,62,0.967488,0,8,68,35,107,3.942308,2026,416
8598,53,1409,518,1977,50,0.974709,0,5,88,22,133,4.039832,2026,190
8599,61,1560,529,2141,52,0.975712,2,11,100,20,94,3.8051,2026,663
8600,60,1593,508,2157,56,0.974038,0,5,71,37,82,3.890741,2026,811
8601,55,1435,493,1988,60,0.969819,1,4,51,16,122,3.894949,2026,114
8602,54,1435,494,1975,46,0.976709,0,10,81,54,163,3.969136,2026,807
8603,52,1368,447,1860,45,0.975806,0,9,53,20,63,3.878205,2026,808
8604,60,1601,500,2147,46,0.978575,1,6,49,17,117,3.890741,2026,815
8605,52,1338,486,1891,67,0.964569,0,9,126,30,84,3.897436,2026,809
8606,58,1512,559,2141,70,0.967305,0,13,72,30,110,3.967433,2026,120
8607,48,1212,440,1715,63,0.963265,0,8,137,36,65,3.824074,2026,121
8608,44,1119,401,1608,88,0.945274,0,14,186,26,72,3.838384,2026,136
8609,55,1453,497,1997,47,0.976465,0,10,88,14,87,3.939394,2026,813
8610,53,1371,475,1902,56,0.970557,0,9,122,35,84,3.870021,2026,137
8611,60,1563,578,2205,64,0.970975,0,9,63,28,113,3.964815,2026,152
8612,62,1593,513,2156,50,0.976809,0,12,91,31,113,3.774194,2026,788
8613,57,1469,475,2011,67,0.966683,1,17,101,34,80,3.789474,2026,160
8614,60,1556,568,2172,48,0.977901,0,7,56,26,124,3.933333,2026,163
8615,42,1086,401,1534,47,0.969361,0,4,68,27,76,3.933862,2026,173
8616,58,1517,512,2090,61,0.970813,0,15,100,20,120,3.886973,2026,816
8617,48,1164,393,1669,112,0.932894,0,12,454,28,70,3.604167,2026,181
8618,37,971,335,1345,39,0.971004,1,18,239,24,72,3.921922,2026,182
8619,57,1490,538,2075,47,0.977349,0,11,122,61,93,3.953216,2026,186
8620,40,1024,385,1463,54,0.96309,0,10,150,39,56,3.913889,2026,196
8621,53,1361,459,1892,72,0.961945,1,12,184,46,74,3.815514,2026,198
8622,54,1422,491,1977,64,0.967628,2,8,187,38,101,3.936214,2026,200
8623,50,1169,407,1684,108,0.935867,1,50,484,43,49,3.502222,2026,205
8624,54,1364,478,1912,70,0.963389,1,23,149,29,104,3.790123,2026,204
8625,63,1596,512,2161,53,0.975474,0,7,52,28,94,3.717813,2026,220
8626,53,1347,452,1853,54,0.970858,0,2,85,36,97,3.771488,2026,248
8627,54,1394,449,1903,60,0.968471,0,10,116,17,122,3.792181,2026,227
8628,55,1372,483,1928,73,0.962137,1,9,166,43,100,3.747475,2026,228
8629,53,1366,465,1878,47,0.974973,0,15,171,59,65,3.838574,2026,229
8630,54,1425,487,1969,57,0.971051,1,2,115,32,100,3.934156,2026,251
8631,55,1425,575,2055,55,0.973236,0,8,186,43,122,4.040404,2026,254
8632,53,1368,477,1918,73,0.96194,1,9,121,51,91,3.867925,2026,266
8633,56,1482,509,2036,45,0.977898,0,6,89,16,128,3.950397,2026,262
8634,54,1408,477,1958,73,0.962717,0,13,235,32,99,3.878601,2026,261
8635,59,1516,469,2049,64,0.968765,0,6,76,15,107,3.73823,2026,267
8636,62,1617,466,2143,60,0.972002,1,6,143,31,95,3.732975,2026,265
8637,55,1433,497,1983,53,0.973273,1,7,117,40,96,3.89899,2026,270
8638,56,1463,480,2002,59,0.970529,0,8,184,44,84,3.855159,2026,289
8639,53,1378,509,1947,60,0.969183,2,9,144,52,126,3.955975,2026,290
8640,56,1466,483,2025,76,0.962469,0,13,146,40,100,3.867063,2026,291
8641,56,1417,502,1984,65,0.967238,0,12,106,23,96,3.80754,2026,282
8642,57,1479,521,2054,54,0.97371,0,19,114,32,138,3.898635,2026,294
8643,61,1541,508,2100,51,0.975714,0,8,58,15,85,3.73224,2026,295
8644,67,1720,568,2331,43,0.981553,1,12,113,36,115,3.794362,2026,292
8645,54,1401,463,1909,45,0.976427,0,6,90,16,121,3.835391,2026,299
8646,37,955,339,1349,55,0.959229,0,11,178,21,63,3.885886,2026,318
8647,50,1323,411,1776,42,0.976351,0,4,54,23,71,3.853333,2026,320
8648,51,1270,445,1760,45,0.974432,0,8,93,35,108,3.736383,2026,331
8649,55,1375,410,1862,77,0.958647,3,6,144,40,65,3.606061,2026,332
8650,53,1323,412,1785,50,0.971989,0,10,91,15,111,3.637317,2026,338
8651,55,1439,519,2012,54,0.973161,0,5,112,17,94,3.955556,2026,337
8652,57,1466,485,2013,62,0.9692,0,20,161,46,100,3.803119,2026,347
8653,55,1430,535,2008,43,0.978586,1,11,83,24,96,3.969697,2026,345
8654,57,1461,504,2022,57,0.97181,0,11,124,46,110,3.830409,2026,817
8655,57,1525,539,2137,73,0.96584,1,3,150,19,142,4.023392,2026,351
8656,54,1392,419,1859,48,0.97418,0,10,80,27,77,3.726337,2026,349
8657,47,1236,419,1727,72,0.958309,1,8,156,37,56,3.91253,2026,352
8658,56,1429,453,1914,32,0.983281,1,6,43,19,103,3.734127,2026,353
8659,53,1340,483,1903,80,0.957961,1,11,127,47,98,3.821803,2026,355
8660,63,1635,508,2198,55,0.974977,2,8,115,27,136,3.779541,2026,357
8661,55,1399,449,1908,60,0.968553,0,8,123,42,67,3.733333,2026,356
8662,53,1351,514,1918,53,0.972367,0,7,133,38,102,3.909853,2026,358
8663,57,1476,543,2075,56,0.973012,0,9,46,26,113,3.935673,2026,367
8664,63,1663,559,2283,61,0.973281,0,7,87,20,90,3.918871,2026,366
8665,57,1510,518,2092,64,0.969407,0,19,136,39,120,3.953216,2026,371
8666,56,1455,471,1985,59,0.970277,3,5,114,16,95,3.821429,2026,372
8667,45,1102,357,1522,63,0.958607,1,14,216,36,39,3.602469,2026,384
8668,61,1620,535,2204,49,0.977768,0,11,54,12,124,3.925319,2026,388
8669,46,1115,385,1549,49,0.968367,0,5,163,48,67,3.623188,2026,397
8670,64,1673,550,2266,43,0.981024,0,10,107,44,90,3.859375,2026,405
8671,61,1599,579,2250,72,0.968,0,8,141,37,91,3.967213,2026,417
8672,58,1492,440,1998,66,0.966967,3,13,90,29,71,3.701149,2026,422
8673,58,1487,493,2041,61,0.970113,0,15,80,31,118,3.793103,2026,420
8674,57,1456,548,2056,52,0.974708,0,9,52,45,114,3.906433,2026,421
8675,52,1342,479,1889,68,0.964002,0,7,104,21,111,3.891026,2026,823
8676,56,1397,530,2025,98,0.951605,1,13,72,31,115,3.823413,2026,414
8677,56,1425,492,1968,51,0.974085,0,7,216,38,84,3.803571,2026,429
8678,51,1270,481,1814,63,0.96527,1,16,236,40,99,3.814815,2026,432
8679,55,1378,443,1895,74,0.96095,2,20,206,24,73,3.678788,2026,438
8680,55,1421,497,1970,52,0.973604,2,8,138,21,97,3.874747,2026,440
8681,53,1375,522,1967,70,0.964413,1,11,129,30,125,3.976939,2026,824
8682,56,1401,468,1951,82,0.95797,1,13,153,35,105,3.708333,2026,446
8683,48,1169,396,1648,83,0.949636,0,6,244,44,47,3.622685,2026,825
8684,47,1221,354,1628,53,0.967445,0,9,169,33,62,3.723404,2026,452
8685,57,1547,484,2091,60,0.971306,1,8,62,34,123,3.959064,2026,457
8686,58,1515,497,2068,56,0.972921,1,9,106,23,95,3.854406,2026,461
8687,59,1493,463,2014,58,0.971202,0,6,70,20,115,3.683616,2026,462
8688,55,1416,490,1970,64,0.967513,2,8,106,54,65,3.850505,2026,470
8689,59,1559,500,2149,90,0.95812,0,3,54,22,110,3.877589,2026,469
8690,56,1446,519,2026,61,0.969891,0,3,129,23,98,3.89881,2026,472
8691,58,1499,523,2070,48,0.976812,0,2,46,21,108,3.873563,2026,471
8692,57,1451,534,2048,63,0.969238,2,12,126,40,114,3.869396,2026,473
8693,53,1361,455,1853,37,0.980032,1,4,94,17,118,3.807128,2026,483
8694,62,1599,471,2119,49,0.976876,2,14,101,31,70,3.709677,2026,488
8695,49,1189,422,1682,71,0.957788,0,16,199,34,58,3.653061,2026,489
8696,64,1677,511,2245,57,0.97461,0,1,122,29,86,3.798611,2026,584
8697,55,1395,438,1879,46,0.975519,0,6,146,26,85,3.70303,2026,490
8698,53,1353,469,1889,67,0.964531,0,7,180,37,93,3.819706,2026,499
8699,55,1414,498,1978,66,0.966633,0,8,95,35,85,3.862626,2026,505
8700,48,1237,427,1732,68,0.960739,0,9,108,31,83,3.851852,2026,509
8701,60,1513,491,2062,58,0.971872,0,11,149,55,82,3.711111,2026,516
8702,55,1390,504,1963,69,0.96485,0,17,144,57,132,3.826263,2026,826
8703,68,1779,594,2415,42,0.982609,0,6,39,16,157,3.877451,2026,543
8704,56,1416,509,1982,57,0.971241,0,4,127,31,101,3.819444,2026,145
8705,56,1398,482,1946,66,0.966084,0,16,157,33,82,3.730159,2026,827
8706,58,1515,525,2096,56,0.973282,0,11,104,36,86,3.908046,2026,829
8707,47,1228,437,1718,53,0.96915,0,9,159,28,58,3.93617,2026,586
8708,55,1395,463,1930,72,0.962694,0,15,165,20,116,3.753535,2026,832
8709,51,1307,425,1777,45,0.974676,0,3,70,24,89,3.77342,2026,527
8710,48,1256,469,1785,60,0.966387,1,18,171,35,91,3.993056,2026,540
8711,54,1362,456,1889,71,0.962414,1,6,134,42,111,3.740741,2026,532
8712,54,1403,479,1926,44,0.977155,0,12,49,20,123,3.872428,2026,531
8713,54,1414,583,2055,58,0.971776,0,12,57,31,161,4.109053,2026,533
8714,49,1297,402,1775,76,0.957183,0,24,168,34,96,3.852608,2026,536
8715,51,1264,436,1774,74,0.958286,1,25,289,50,87,3.703704,2026,541
8716,52,1305,426,1837,106,0.942297,0,21,255,27,80,3.698718,2026,519
8717,56,1403,425,1868,40,0.978587,0,7,59,17,83,3.626984,2026,523
8718,45,1125,409,1581,47,0.970272,0,14,113,29,63,3.787654,2026,546
8719,55,1425,513,1996,58,0.970942,0,3,92,28,125,3.915152,2026,820
8720,61,1589,576,2223,58,0.973909,0,9,95,21,92,3.943534,2026,551
8721,55,1393,541,2000,66,0.967,3,28,192,28,102,3.907071,2026,553
8722,55,1450,477,1968,41,0.979167,0,8,110,38,80,3.892929,2026,539
8723,55,1395,472,1931,64,0.966857,0,13,161,41,99,3.771717,2026,554
8724,52,1411,484,1938,43,0.977812,0,8,63,17,96,4.049145,2026,561
8725,52,1310,488,1837,39,0.97877,0,10,70,25,115,3.84188,2026,559
8726,53,1350,477,1876,49,0.973881,0,5,83,18,65,3.830189,2026,565
8727,55,1347,494,1912,71,0.962866,0,10,149,36,125,3.719192,2026,569
8728,55,1439,491,1995,65,0.967419,0,5,79,21,109,3.89899,2026,576
8729,54,1333,471,1878,74,0.960596,0,17,130,45,81,3.711934,2026,573
8730,65,1676,516,2249,57,0.974655,1,7,75,25,143,3.747009,2026,580
8731,55,1405,516,1989,68,0.965812,0,2,135,27,92,3.880808,2026,582
8732,59,1602,501,2136,33,0.984551,1,5,58,20,107,3.960452,2026,589
8733,61,1626,502,2167,39,0.982003,0,5,45,33,126,3.876138,2026,588
8734,55,1437,491,1979,51,0.974229,1,8,110,23,97,3.894949,2026,595
8735,55,1444,474,1966,48,0.975585,0,16,111,27,97,3.874747,2026,845
8736,51,1271,464,1784,49,0.972534,1,13,125,36,67,3.779956,2026,601
8737,54,1388,558,2008,62,0.969124,0,7,113,21,150,4.004115,2026,607
8738,57,1415,488,1963,60,0.969435,0,10,63,19,141,3.709552,2026,614
8739,52,1361,500,1914,53,0.972309,1,11,80,39,97,3.976496,2026,619
8740,50,1210,513,1802,79,0.95616,0,16,246,54,92,3.828889,2026,621
8741,42,1067,436,1553,50,0.967804,0,6,131,26,93,3.97619,2026,623
8742,57,1506,561,2131,64,0.969967,0,10,79,27,102,4.02924,2026,627
8743,51,1312,439,1815,64,0.964738,1,18,145,27,79,3.814815,2026,633
8744,50,1334,498,1883,51,0.972916,1,17,146,42,66,4.071111,2026,634
8745,57,1484,470,2023,69,0.965892,0,16,161,9,104,3.808967,2026,640
8746,59,1531,550,2143,62,0.971069,0,11,50,26,129,3.919021,2026,643
8747,57,1494,506,2061,61,0.970403,1,3,83,39,84,3.898635,2026,644
8748,53,1391,484,1913,38,0.980136,0,12,156,30,134,3.930818,2026,645
8749,56,1430,492,1981,59,0.970217,0,5,68,38,102,3.813492,2026,660
8750,49,1224,460,1766,82,0.953567,0,14,126,34,84,3.818594,2026,664
8751,50,1246,443,1775,86,0.951549,0,7,219,68,61,3.753333,2026,736
8752,55,1475,429,1984,80,0.959677,0,9,154,42,76,3.846465,2026,668
8753,54,1383,467,1904,54,0.971639,0,7,181,34,79,3.806584,2026,670
8754,63,1659,562,2270,49,0.978414,1,0,99,22,112,3.917108,2026,672
8755,52,1267,434,1807,106,0.941339,2,27,346,45,60,3.634615,2026,675
8756,58,1489,482,2023,52,0.974296,0,7,144,40,91,3.775862,2026,682
8757,56,1427,469,1933,37,0.980859,0,10,129,40,86,3.761905,2026,683
8758,60,1582,503,2130,45,0.978873,0,12,88,23,92,3.861111,2026,685
8759,51,1315,424,1796,57,0.968263,0,7,56,13,102,3.788671,2026,684
8760,58,1523,586,2177,68,0.968764,0,3,71,46,111,4.04023,2026,687
8761,51,1330,444,1817,43,0.976335,0,2,138,23,111,3.864924,2026,688
8762,54,1407,487,1935,41,0.978811,0,7,68,16,114,3.897119,2026,689
8763,46,1188,441,1690,61,0.963905,1,13,224,48,80,3.934783,2026,694
8764,50,1238,378,1706,90,0.947245,1,12,226,38,44,3.591111,2026,702
8765,57,1450,476,1974,48,0.975684,0,9,89,30,75,3.754386,2026,709
8766,57,1475,484,2030,71,0.965025,1,7,161,30,85,3.818713,2026,710
8767,57,1427,534,2012,51,0.974652,1,15,106,25,104,3.822612,2026,711
8768,53,1381,452,1877,44,0.976558,0,18,104,25,94,3.842767,2026,712
8769,55,1411,534,2009,64,0.968143,1,5,65,21,106,3.929293,2026,714
8770,66,1742,512,2298,44,0.980853,0,7,46,13,112,3.794613,2026,717
8771,59,1530,527,2115,58,0.972577,0,17,147,59,97,3.873823,2026,719
8772,57,1459,507,2003,37,0.981528,0,7,85,16,125,3.832359,2026,705
8773,51,1296,433,1785,56,0.968627,0,17,217,39,83,3.766885,2026,725
8774,55,1423,507,1977,47,0.976227,0,3,90,31,112,3.89899,2026,492
8775,63,1640,648,2356,68,0.971138,0,16,100,24,169,4.035273,2026,785
8776,66,1760,648,2458,50,0.979658,0,2,97,36,148,4.053872,2026,419
8777,54,1431,507,2007,69,0.96562,0,6,90,13,78,3.987654,2026,753
8778,56,1437,514,2018,67,0.966799,0,2,68,13,107,3.871032,2026,697
8779,51,1291,455,1818,72,0.960396,0,8,117,39,102,3.803922,2026,761
8780,55,1379,524,1958,55,0.97191,1,3,111,32,96,3.844444,2026,777
8781,55,1413,480,1984,91,0.954133,0,10,117,36,112,3.824242,2026,839
8782,53,1340,502,1910,68,0.964398,0,16,155,45,85,3.861635,2026,64
8783,55,1435,519,2005,51,0.974564,0,3,66,23,97,3.947475,2026,810
8784,58,1520,609,2187,58,0.97348,0,12,120,39,118,4.078544,2026,409
8785,54,1365,509,1945,71,0.963496,0,16,171,42,96,3.855967,2026,630
8786,58,1460,503,2033,70,0.965568,0,17,180,57,68,3.760536,2026,720
8787,49,1222,440,1753,91,0.948089,1,12,269,30,82,3.768707,2026,760
8788,48,1169,339,1571,63,0.959898,1,13,186,26,63,3.490741,2026,394
8789,59,1549,567,2183,67,0.969308,0,12,57,26,151,3.984934,2026,773
8790,56,1426,471,1951,54,0.972322,0,11,88,12,113,3.763889,2026,802
8791,48,1214,481,1728,33,0.980903,0,14,85,33,93,3.923611,2026,39
8792,58,1493,543,2076,40,0.980732,1,11,86,27,94,3.900383,2026,201
8793,56,1406,438,1896,52,0.972574,0,8,81,17,64,3.65873,2026,932
8794,57,1506,552,2109,51,0.975818,1,9,109,42,136,4.011696,2026,326
8795,53,1415,459,1922,48,0.975026,0,12,92,13,69,3.928721,2026,31
8796,53,1378,468,1911,65,0.965986,0,2,58,25,79,3.870021,2026,280
8797,57,1420,516,2021,85,0.957942,1,7,144,12,126,3.773879,2026,217
8798,54,1393,435,1896,68,0.964135,0,7,110,39,84,3.761317,2026,250
8799,53,1281,449,1812,82,0.954746,1,11,247,30,107,3.626834,2026,301
8800,52,1307,397,1756,52,0.970387,1,14,140,24,74,3.641026,2026,413
8801,60,1547,535,2117,35,0.983467,1,5,96,28,127,3.855556,2026,525
8802,51,1312,491,1864,61,0.967275,2,12,81,21,121,3.928105,2026,537
8803,61,1579,532,2163,52,0.975959,0,11,65,17,142,3.845173,2026,581
8804,59,1551,530,2118,37,0.982531,1,15,101,23,104,3.919021,2026,587
8805,42,1083,406,1529,40,0.973839,0,6,96,38,43,3.939153,2026,599
8806,62,1634,563,2249,52,0.976879,0,18,148,43,100,3.937276,2026,740
8807,57,1475,555,2063,33,0.984004,0,10,135,29,97,3.957115,2026,713
8808,61,1605,535,2181,41,0.981201,0,7,46,21,91,3.897996,2026,722
8809,55,1408,468,1939,63,0.967509,1,11,108,19,63,3.789899,2026,756
8810,60,1603,504,2142,35,0.98366,0,6,101,33,76,3.901852,2026,776
8811,47,1142,417,1604,45,0.971945,0,18,280,26,52,3.685579,2026,465
8812,54,1358,433,1855,64,0.965499,0,15,199,15,71,3.685185,2026,884
8813,50,1261,431,1763,71,0.959728,1,18,152,21,93,3.76,2026,750
8814,59,1533,563,2154,58,0.973073,0,14,90,36,88,3.947269,2026,842
8815,55,1357,514,1943,72,0.962944,2,10,206,40,92,3.779798,2026,7
8816,57,1443,419,1904,42,0.977941,0,4,57,21,86,3.62963,2026,782
8817,55,1373,460,1880,47,0.975,0,18,78,23,125,3.70303,2026,775
8818,45,1164,419,1647,64,0.961141,0,12,109,40,106,3.908642,2026,784
8819,55,1384,475,1916,57,0.970251,1,5,113,44,85,3.755556,2026,786
8820,51,1314,500,1874,60,0.967983,0,14,106,11,98,3.95207,2026,838
8821,61,1594,516,2156,46,0.978664,1,5,55,22,94,3.843352,2026,781
8822,58,1511,512,2092,69,0.967017,2,8,59,15,101,3.875479,2026,846
8823,61,1533,509,2093,51,0.975633,0,14,243,61,61,3.71949,2026,792
8824,54,1346,482,1896,68,0.964135,0,12,284,53,87,3.761317,2026,793
8825,71,1820,622,2503,61,0.975629,1,15,85,17,133,3.821596,2026,799
8826,55,1391,488,1936,57,0.970558,0,5,90,27,102,3.79596,2026,6
8827,49,1265,418,1732,49,0.971709,0,9,114,42,61,3.816327,2026,522
8828,51,1323,447,1823,53,0.970927,0,8,37,12,132,3.856209,2026,841
8829,50,1225,440,1726,61,0.964658,0,6,124,51,91,3.7,2026,851
8830,58,1507,487,2042,48,0.976494,2,12,88,33,126,3.819923,2026,852
8831,49,1234,382,1671,55,0.967086,1,13,98,32,94,3.664399,2026,855
8832,63,1647,518,2226,61,0.972597,0,9,90,23,112,3.818342,2026,854
8833,55,1364,479,1906,63,0.966946,0,13,92,41,83,3.723232,2026,859
8834,56,1453,443,1937,41,0.978833,0,4,85,25,77,3.761905,2026,858
8835,60,1542,487,2105,76,0.963895,0,12,93,14,81,3.757407,2026,856
8836,53,1330,516,1922,76,0.960458,1,18,171,38,119,3.870021,2026,863
8837,60,1512,425,2000,63,0.9685,0,13,70,13,118,3.587037,2026,864
8838,59,1493,622,2189,74,0.966195,1,6,73,26,155,3.983051,2026,872
8839,57,1482,440,1970,48,0.975635,0,6,62,25,77,3.746589,2026,870
8840,64,1694,578,2322,50,0.978467,0,6,66,21,140,3.944444,2026,888
8841,59,1515,569,2135,51,0.976112,1,3,86,46,123,3.92467,2026,891
8842,53,1373,472,1903,58,0.969522,0,4,243,41,63,3.867925,2026,892
8843,57,1493,498,2043,52,0.974547,0,5,72,34,103,3.881092,2026,893
8844,52,1334,447,1821,40,0.978034,0,3,167,27,94,3.805556,2026,894
8845,60,1520,511,2111,80,0.962103,1,10,100,26,86,3.761111,2026,906
8846,53,1351,446,1878,81,0.956869,0,9,146,27,99,3.767296,2026,910
8847,57,1527,503,2081,51,0.975493,0,6,96,31,97,3.957115,2026,919
8848,60,1503,508,2092,81,0.961281,0,15,140,34,113,3.724074,2026,479
8849,55,1443,495,1978,40,0.979778,1,8,126,24,101,3.915152,2026,936
8850,58,1509,489,2055,57,0.972263,0,2,63,42,102,3.827586,2026,937
8851,46,1231,430,1705,44,0.974194,0,13,102,23,72,4.012077,2026,938
8852,54,1363,481,1920,76,0.960417,0,15,216,46,86,3.794239,2026,942
8853,57,1474,543,2072,55,0.973456,2,16,88,24,105,3.931774,2026,135
8854,56,1438,601,2098,59,0.971878,0,15,231,51,120,4.045635,2026,466
8855,56,1439,537,2025,49,0.975802,0,6,81,26,114,3.920635,2026,167
8856,53,1382,527,1976,67,0.966093,0,4,126,21,83,4.002096,2026,239
8857,55,1386,502,1952,64,0.967213,0,8,116,44,134,3.814141,2026,286
8858,51,1348,468,1874,58,0.96905,0,4,49,10,112,3.956427,2026,302
8859,53,1368,452,1873,53,0.971703,1,7,70,25,126,3.815514,2026,370
8860,56,1393,466,1938,79,0.959236,1,19,268,37,100,3.688492,2026,622
8861,49,1276,468,1808,64,0.964602,1,5,108,37,110,3.954649,2026,693
8862,59,1442,492,2022,88,0.956479,0,24,163,30,92,3.642185,2026,35
8863,55,1402,492,1962,68,0.965341,1,13,90,24,119,3.826263,2026,547
8864,48,1259,470,1755,26,0.985185,2,7,94,15,123,4.002315,2026,819
8865,64,1648,579,2290,63,0.972489,1,4,196,47,118,3.866319,2026,837
8866,55,1400,505,1970,65,0.967005,1,11,180,48,88,3.848485,2026,65
8867,51,1308,408,1763,47,0.973341,0,6,73,14,74,3.738562,2026,1
8868,55,1446,536,2028,46,0.977318,1,14,140,38,115,4.00404,2026,411
8869,58,1528,467,2051,56,0.972696,0,7,69,30,69,3.821839,2026,258
8870,54,1339,493,1893,61,0.967776,0,15,95,21,83,3.769547,2026,843
8871,59,1529,548,2133,56,0.973746,0,7,93,17,113,3.911488,2026,542
8872,59,1604,536,2196,56,0.974499,1,11,54,39,119,4.030132,2026,116
8873,57,1465,502,2025,58,0.971358,0,23,193,29,86,3.834308,2026,2
8874,54,1310,437,1840,93,0.949457,2,26,242,35,66,3.59465,2026,9
8875,57,1469,516,2060,75,0.963592,1,15,140,32,105,3.869396,2026,11
8876,63,1635,563,2279,81,0.964458,1,10,110,32,140,3.876543,2026,8
8877,58,1486,572,2117,59,0.97213,3,8,133,28,101,3.942529,2026,805
8878,49,1239,439,1759,81,0.953951,1,12,214,24,113,3.804989,2026,806
8879,51,1194,416,1726,116,0.932793,1,35,229,41,61,3.507625,2026,16
8880,54,1410,467,1952,75,0.961578,0,7,151,29,118,3.86214,2026,29
8881,60,1595,477,2121,49,0.976898,0,8,67,26,97,3.837037,2026,32
8882,53,1398,525,1967,44,0.977631,0,5,75,21,104,4.031447,2026,37
8883,63,1629,555,2246,62,0.972395,1,4,102,21,117,3.851852,2026,36
8884,67,1748,640,2450,62,0.974694,0,13,118,34,122,3.960199,2026,412
8885,64,1641,485,2175,49,0.977471,1,10,59,24,106,3.690972,2026,43
8886,55,1401,508,1980,71,0.964141,1,15,70,36,114,3.856566,2026,51
8887,55,1370,499,1913,44,0.976999,0,11,122,36,117,3.775758,2026,56
8888,53,1363,511,1931,57,0.970482,3,4,98,29,101,3.928721,2026,144
8889,56,1450,489,1990,51,0.974372,0,8,39,18,143,3.847222,2026,62
8890,58,1452,520,2048,76,0.962891,1,6,85,60,131,3.777778,2026,77
8891,53,1344,462,1855,49,0.973585,0,13,138,29,132,3.786164,2026,78
8892,60,1545,495,2091,51,0.97561,0,8,57,27,107,3.777778,2026,87
8893,54,1365,423,1844,56,0.969631,0,6,155,24,75,3.679012,2026,89
8894,56,1372,515,1967,80,0.959329,0,18,184,46,105,3.744048,2026,90
8895,56,1448,497,1993,48,0.975916,0,4,66,33,121,3.859127,2026,101
8896,43,1115,420,1590,55,0.965409,0,7,152,44,97,3.966408,2026,96
8897,52,1288,476,1819,55,0.969764,0,11,93,25,84,3.769231,2026,97
8898,48,1026,357,1480,97,0.934459,2,22,232,67,59,3.201389,2026,1083
8899,46,1071,393,1543,79,0.948801,1,11,182,57,77,3.536232,2026,2240
8900,46,1143,392,1627,92,0.943454,0,22,302,25,59,3.707729,2026,836
8901,50,1190,420,1669,59,0.964649,0,2,102,24,117,3.577778,2026,951
8902,48,1046,396,1493,51,0.965841,0,15,198,41,62,3.337963,2026,252
8903,52,1158,424,1635,53,0.967584,0,9,118,22,66,3.380342,2026,965
8904,54,1279,466,1813,68,0.962493,0,9,136,41,90,3.590535,2026,259
8905,60,1521,478,2072,73,0.964768,0,6,114,40,103,3.701852,2026,273
8906,49,1225,369,1671,77,0.95392,1,15,222,33,72,3.614512,2026,293
8907,53,1344,456,1888,88,0.95339,1,16,159,22,87,3.773585,2026,283
8908,53,1169,403,1645,73,0.955623,2,13,157,36,39,3.295597,2026,297
8909,50,1234,455,1743,54,0.969019,0,13,83,24,83,3.753333,2026,315
8910,47,1094,392,1548,62,0.959948,0,6,89,17,94,3.513002,2026,324
8911,57,1475,517,2063,71,0.965584,1,16,184,44,117,3.883041,2026,390
8912,51,1259,441,1765,65,0.963173,0,3,115,14,109,3.703704,2026,400
8913,52,1306,459,1839,74,0.959761,0,5,120,43,77,3.771368,2026,408
8914,52,1329,496,1887,62,0.967144,0,8,158,58,76,3.899573,2026,439
8915,51,1281,442,1807,84,0.953514,0,11,145,32,76,3.753813,2026,503
8916,50,1259,428,1752,65,0.9629,0,3,180,29,74,3.748889,2026,508
8917,53,1320,483,1855,52,0.971968,1,5,102,44,115,3.779874,2026,534
8918,42,972,355,1394,67,0.951937,1,15,164,50,43,3.510582,2026,555
8919,59,1426,519,1999,54,0.972986,2,15,46,21,144,3.6629,2026,558
8920,50,1230,431,1734,73,0.957901,0,9,116,13,69,3.691111,2026,592
8921,56,1367,542,1959,50,0.974477,0,8,56,47,108,3.787698,2026,613
8922,51,1209,413,1697,75,0.955804,1,15,182,48,88,3.533769,2026,620
8923,49,1099,381,1562,82,0.947503,3,29,215,50,82,3.356009,2026,652
8924,51,1189,469,1737,79,0.954519,1,16,75,17,119,3.6122,2026,738
8925,53,1229,456,1764,79,0.955215,0,22,130,33,100,3.532495,2026,671
8926,58,1415,469,1982,98,0.950555,0,10,94,48,91,3.609195,2026,746
8927,49,1199,491,1754,64,0.963512,0,9,158,49,129,3.8322,2026,752
8928,52,1249,427,1735,59,0.965994,0,11,139,31,133,3.581197,2026,715
8929,50,1230,393,1704,81,0.952465,0,8,82,49,61,3.606667,2026,716
8930,50,1171,371,1613,71,0.955983,1,19,219,33,41,3.426667,2026,791
8931,52,1232,450,1756,74,0.957859,0,2,140,30,84,3.594017,2026,875
8932,46,968,328,1372,76,0.944606,0,14,178,34,55,3.130435,2026,885
8933,47,959,368,1384,57,0.958815,1,7,136,44,58,3.137116,2026,889
8934,51,1213,452,1729,64,0.962984,0,7,118,29,85,3.627451,2026,896
8935,58,1391,458,1955,106,0.94578,1,4,178,34,74,3.542146,2026,914
8936,59,1495,485,2048,68,0.966797,1,12,152,31,82,3.728814,2026,917
8937,54,1409,537,2010,64,0.968159,2,5,144,67,104,4.004115,2026,66
8938,48,1116,390,1560,54,0.965385,0,9,123,40,69,3.486111,2026,322
8939,47,1061,386,1510,63,0.958278,2,8,114,37,93,3.420804,2026,321
8940,53,1261,540,1871,70,0.962587,0,13,83,33,147,3.775681,2026,189
8941,47,1074,434,1579,71,0.955035,2,9,148,40,95,3.565012,2026,386
8942,48,1115,393,1587,79,0.950221,0,22,262,43,54,3.490741,2026,728
8943,51,1325,508,1901,68,0.964229,0,20,156,47,66,3.993464,2026,869
8944,57,1401,488,1992,103,0.948293,0,8,232,44,81,3.682261,2026,298
8945,49,1232,425,1716,59,0.965618,0,7,156,27,104,3.75737,2026,34
8946,50,1119,477,1682,86,0.94887,0,19,120,39,74,3.546667,2026,521
8947,48,1103,421,1578,54,0.965779,0,8,136,22,90,3.527778,2026,729
8948,48,1114,325,1494,55,0.963186,0,0,168,18,60,3.331019,2026,731
8949,39,903,275,1255,77,0.938645,0,16,242,28,24,3.356125,2026,149
8950,49,1220,417,1702,65,0.96181,0,16,248,68,77,3.712018,2026,213
8951,50,1221,441,1725,63,0.963478,1,7,142,51,118,3.693333,2026,221
8952,50,1249,484,1790,57,0.968156,3,41,156,34,121,3.851111,2026,271
8953,53,1342,435,1819,42,0.97691,0,5,102,24,85,3.725367,2026,496
8954,52,1306,448,1806,52,0.971207,1,30,152,41,107,3.747863,2026,493
8955,50,1198,415,1685,72,0.95727,0,10,204,39,80,3.584444,2026,180
8956,61,1584,558,2206,64,0.970988,0,7,178,40,108,3.901639,2026,549
8957,50,1065,370,1517,82,0.945946,2,16,230,50,87,3.188889,2026,887
8958,50,1333,430,1827,64,0.96497,1,14,100,32,84,3.917778,2026,240
8959,53,1260,549,1882,73,0.961211,1,19,70,30,106,3.792453,2026,812
8960,51,1080,393,1536,63,0.958984,0,13,202,35,77,3.20915,2026,699
8961,53,1389,483,1930,58,0.969948,0,9,110,33,112,3.924528,2026,835
8962,50,1123,420,1614,71,0.95601,0,11,136,45,75,3.428889,2026,170
8963,60,1467,495,2009,47,0.976605,2,7,71,28,114,3.633333,2026,172
8964,59,1462,506,2026,58,0.971372,0,4,100,37,133,3.706215,2026,883
8965,52,1122,398,1578,58,0.963245,1,8,122,29,61,3.247863,2026,902
8966,48,1167,441,1689,81,0.952043,1,23,276,37,116,3.722222,2026,552
8967,48,1173,389,1642,80,0.951279,2,12,154,34,76,3.615741,2026,803
8968,50,1223,401,1673,49,0.970711,0,8,142,32,66,3.608889,2026,26
8969,42,998,383,1469,88,0.940095,1,2,190,31,61,3.653439,2026,59
8970,50,1097,401,1535,37,0.975896,1,14,86,33,98,3.328889,2026,678
8971,49,1291,440,1819,88,0.951622,0,15,129,38,96,3.92517,2026,427
8972,45,1072,378,1526,76,0.950197,1,8,185,33,111,3.580247,2026,147
8973,58,1446,561,2079,72,0.965368,1,13,172,57,109,3.844828,2026,256
8974,50,1316,474,1839,49,0.973355,0,13,85,41,99,3.977778,2026,567
8975,52,1242,419,1744,83,0.952408,0,15,123,32,73,3.549145,2026,481
8976,55,1384,513,1963,66,0.966378,1,6,150,41,54,3.832323,2026,795
8977,57,1401,505,1980,74,0.962626,1,20,115,25,95,3.7154,2026,396
8978,49,1271,456,1832,105,0.942686,0,14,181,22,97,3.9161,2026,598
8979,56,1350,485,1893,58,0.969361,1,4,198,46,46,3.640873,2026,343
8980,51,1249,415,1724,60,0.965197,1,10,224,40,62,3.625272,2026,377
8981,58,1483,536,2070,51,0.975362,0,8,124,21,90,3.867816,2026,548
8982,50,1180,428,1702,94,0.944771,0,19,290,48,82,3.573333,2026,535
8983,55,1414,472,1928,42,0.978216,0,10,78,43,107,3.810101,2026,110
8984,42,889,305,1301,107,0.917756,4,27,204,28,24,3.15873,2026,153
8985,53,1211,449,1706,46,0.973036,0,8,46,24,73,3.480084,2026,695
8986,55,1323,510,1895,62,0.967282,0,11,100,44,101,3.70303,2026,442
8987,50,1120,402,1603,81,0.94947,0,16,178,36,69,3.382222,2026,780
8988,50,1177,463,1709,69,0.959626,0,22,152,51,119,3.644444,2026,778
8989,53,1332,515,1915,68,0.964491,0,17,168,49,139,3.872117,2026,264
8990,48,1141,435,1637,61,0.962737,0,16,124,33,76,3.648148,2026,48
8991,45,1048,368,1503,87,0.942116,0,17,188,36,47,3.496296,2026,33
8992,49,1133,440,1659,86,0.948162,1,11,119,29,72,3.566893,2026,574
8993,50,1162,445,1678,71,0.957688,0,6,208,50,77,3.571111,2026,911
8994,50,1194,452,1704,58,0.965962,1,11,128,35,116,3.657778,2026,131
8995,51,1236,477,1774,61,0.965614,0,12,140,38,97,3.732026,2026,485
8996,52,1218,406,1683,59,0.964944,0,8,168,38,72,3.470085,2026,704
8997,48,1125,383,1568,60,0.961735,2,4,110,48,74,3.490741,2026,430
8998,50,1155,361,1570,54,0.965605,0,28,210,45,67,3.368889,2026,454
8999,47,1101,383,1525,41,0.973115,1,6,102,20,82,3.508274,2026,865
9000,56,1358,476,1884,50,0.973461,1,25,96,39,116,3.638889,2026,53
9001,59,1395,500,1933,38,0.980341,0,13,78,37,104,3.568738,2026,279
9002,63,1529,561,2137,47,0.978007,1,4,58,27,130,3.686067,2026,617
9003,45,1055,350,1487,82,0.944855,0,13,114,36,64,3.469136,2026,701
9004,49,1113,416,1600,71,0.955625,0,20,183,41,101,3.46712,2026,724
9005,48,1187,457,1704,60,0.964789,0,18,191,22,98,3.805556,2026,831
9006,59,1512,571,2144,61,0.971549,0,4,128,30,119,3.922787,2026,941
9007,57,1350,559,1988,79,0.960262,0,7,119,32,113,3.721248,2026,423
9008,54,1285,494,1859,80,0.956966,0,15,143,50,90,3.660494,2026,560
9009,50,1113,422,1631,96,0.94114,0,16,148,18,108,3.411111,2026,579
9010,55,1404,466,1929,59,0.969414,2,5,130,35,95,3.777778,2026,654
9011,46,1115,408,1592,69,0.956658,0,2,182,59,53,3.678744,2026,847
9012,55,1349,500,1936,87,0.955062,0,9,196,43,118,3.735354,2026,733
9013,51,1218,414,1722,90,0.947735,0,17,142,47,50,3.555556,2026,727
9014,50,1242,454,1776,80,0.954955,1,24,166,45,115,3.768889,2026,242
9015,52,1299,431,1797,67,0.962716,0,3,82,23,125,3.696581,2026,111
9016,56,1332,495,1895,68,0.964116,0,20,122,25,103,3.625,2026,192
9017,46,1072,291,1435,72,0.949826,1,26,171,23,34,3.292271,2026,578
9018,52,1200,436,1709,73,0.957285,0,12,152,36,73,3.495726,2026,79
9019,58,1410,515,2005,80,0.9601,0,21,192,46,101,3.687739,2026,197
9020,43,997,398,1444,49,0.966066,0,10,142,41,106,3.604651,2026,629
9021,43,998,391,1451,62,0.957271,2,8,174,39,73,3.589147,2026,755
9022,64,1554,570,2186,62,0.971638,0,10,103,16,134,3.6875,2026,840
9023,54,1213,442,1704,49,0.971244,0,27,117,25,73,3.40535,2026,281
9024,47,1062,367,1501,72,0.952032,0,20,192,29,59,3.378251,2026,690
9025,51,1234,441,1742,67,0.961538,0,14,236,48,88,3.649237,2026,218
9026,49,1150,406,1629,73,0.955187,0,7,134,28,109,3.528345,2026,4
9027,45,1107,424,1616,85,0.947401,0,12,118,48,91,3.780247,2026,10
9028,46,1071,378,1529,80,0.947678,1,15,144,33,51,3.5,2026,12
9029,47,1068,384,1523,71,0.953381,0,17,157,24,84,3.432624,2026,23
9030,61,1487,545,2102,70,0.966698,1,5,99,26,130,3.701275,2026,27
9031,53,1322,434,1812,56,0.969095,0,11,138,21,74,3.681342,2026,41
9032,46,1074,348,1496,74,0.950535,1,7,156,17,61,3.434783,2026,42
9033,48,1169,422,1647,56,0.965999,0,5,166,45,74,3.68287,2026,45
9034,61,1501,554,2122,67,0.968426,3,12,142,32,114,3.743169,2026,47
9035,49,1302,446,1835,87,0.952589,2,12,123,25,85,3.963719,2026,58
9036,47,1025,364,1452,63,0.956612,0,14,242,25,75,3.283688,2026,68
9037,36,848,305,1209,56,0.953681,0,19,184,27,45,3.558642,2026,69
9038,61,1516,519,2091,56,0.973219,0,17,208,26,109,3.70674,2026,71
9039,48,1043,370,1455,42,0.971134,0,7,144,36,58,3.270833,2026,83
9040,46,1078,390,1526,58,0.961992,0,3,258,59,55,3.545894,2026,93
9041,55,1401,525,1975,49,0.97519,0,12,98,22,113,3.890909,2026,106
9042,45,1111,390,1560,59,0.962179,0,8,106,37,110,3.706173,2026,107
9043,56,1387,506,1956,63,0.967791,0,4,90,30,110,3.755952,2026,191
9044,50,1269,404,1732,59,0.965935,1,8,136,12,83,3.717778,2026,148
9045,50,1243,437,1741,61,0.964963,1,15,134,27,86,3.733333,2026,108
9046,51,1271,418,1761,72,0.959114,0,6,94,23,143,3.679739,2026,112
9047,48,1185,474,1735,76,0.956196,1,7,76,24,82,3.840278,2026,754
9048,49,1088,376,1524,60,0.96063,0,2,103,12,80,3.319728,2026,115
9049,57,1445,506,1997,46,0.976965,0,12,102,37,105,3.803119,2026,138
9050,47,1023,401,1488,64,0.956989,0,12,118,40,81,3.36643,2026,155
9051,42,956,352,1400,92,0.934286,1,20,372,58,51,3.460317,2026,157
9052,54,1262,476,1836,98,0.946623,1,15,206,29,85,3.576132,2026,171
9053,52,1315,470,1828,43,0.976477,0,12,132,34,94,3.814103,2026,174
9054,48,1124,425,1609,60,0.96271,1,8,238,46,84,3.585648,2026,244
9055,50,1028,366,1482,88,0.940621,0,32,259,36,52,3.097778,2026,199
9056,55,1398,488,1946,60,0.969168,0,6,98,19,78,3.810101,2026,207
9057,53,1178,427,1638,33,0.979853,0,22,76,24,92,3.36478,2026,222
9058,49,1188,389,1661,84,0.949428,0,7,99,28,71,3.575964,2026,501
9059,50,1138,410,1627,79,0.951444,0,24,104,20,67,3.44,2026,230
9060,48,1252,391,1708,65,0.961944,0,14,142,30,90,3.803241,2026,232
9061,46,1211,490,1782,81,0.954545,0,7,164,49,137,4.108696,2026,268
9062,48,1258,408,1724,58,0.966357,0,7,104,35,94,3.856481,2026,263
9063,43,1030,365,1451,56,0.961406,0,3,190,24,48,3.604651,2026,277
9064,47,1016,398,1465,51,0.965188,2,8,92,34,68,3.34279,2026,285
9065,58,1456,520,2029,53,0.973879,0,10,98,20,121,3.785441,2026,303
9066,52,1253,456,1761,52,0.970471,1,17,194,48,78,3.651709,2026,328
9067,52,1157,413,1631,61,0.9626,1,7,138,30,74,3.354701,2026,350
9068,63,1554,584,2233,95,0.957456,0,22,124,70,112,3.770723,2026,818
9069,49,1082,390,1583,111,0.92988,0,71,253,34,59,3.337868,2026,373
9070,54,1265,396,1717,56,0.967385,1,11,216,36,63,3.417695,2026,381
9071,45,952,329,1328,47,0.964608,1,14,179,62,75,3.162963,2026,380
9072,44,983,399,1482,100,0.932524,0,10,258,50,55,3.489899,2026,391
9073,50,1085,393,1619,141,0.912909,0,15,274,46,32,3.284444,2026,399
9074,49,1104,443,1592,45,0.971734,0,12,198,40,83,3.507937,2026,403
9075,44,921,333,1355,101,0.925461,0,24,352,45,48,3.166667,2026,407
9076,52,1296,474,1824,54,0.970395,1,10,90,23,79,3.782051,2026,881
9077,48,988,363,1452,101,0.930441,0,5,220,27,66,3.127315,2026,415
9078,56,1342,459,1850,49,0.973514,0,12,84,27,89,3.573413,2026,484
9079,48,1017,357,1437,63,0.956159,0,18,206,50,69,3.180556,2026,434
9080,51,1198,442,1708,68,0.960187,1,13,172,37,56,3.572985,2026,448
9081,52,1294,492,1843,57,0.969072,1,11,156,44,110,3.816239,2026,464
9082,56,1351,476,1888,61,0.967691,0,15,146,27,89,3.625,2026,512
9083,45,1019,369,1456,68,0.953297,0,14,230,31,60,3.42716,2026,475
9084,57,1275,449,1788,64,0.964206,0,18,66,26,90,3.360624,2026,476
9085,50,1189,427,1681,65,0.961333,1,15,143,30,82,3.591111,2026,480
9086,52,1250,502,1809,57,0.968491,1,16,123,45,94,3.74359,2026,487
9087,56,1328,522,1936,86,0.955579,0,11,144,28,100,3.670635,2026,491
9088,56,1366,432,1861,63,0.966147,1,8,186,56,55,3.56746,2026,497
9089,54,1355,512,1936,69,0.96436,2,10,80,33,94,3.841564,2026,498
9090,46,1079,402,1538,57,0.962939,1,37,440,29,57,3.577295,2026,506
9091,55,1382,522,1962,58,0.970438,0,16,112,28,134,3.846465,2026,723
9092,46,1127,385,1581,69,0.956357,0,8,231,31,63,3.652174,2026,529
9093,48,1065,351,1483,67,0.954821,0,15,234,37,60,3.277778,2026,800
9094,54,1391,494,1946,61,0.968654,0,19,156,23,57,3.878601,2026,557
9095,53,1244,412,1727,71,0.958888,1,8,136,29,61,3.471698,2026,563
9096,50,1205,468,1730,57,0.967052,0,8,108,44,99,3.717778,2026,594
9097,51,1294,415,1773,64,0.963903,0,4,96,62,82,3.723312,2026,828
9098,46,1133,409,1611,69,0.957169,0,6,183,66,58,3.724638,2026,359
9099,50,1027,366,1466,73,0.950205,0,7,177,28,82,3.095556,2026,612
9100,43,1023,402,1490,65,0.956376,0,15,128,50,96,3.682171,2026,631
9101,51,1177,379,1612,56,0.965261,3,4,170,31,65,3.389978,2026,632
9102,53,1184,456,1715,75,0.956268,2,26,215,40,74,3.438155,2026,638
9103,52,1362,490,1908,56,0.97065,0,7,88,22,126,3.957265,2026,655
9104,51,1238,437,1727,52,0.96989,0,3,174,54,86,3.649237,2026,665
9105,45,1069,348,1458,41,0.971879,1,10,98,14,81,3.498765,2026,735
9106,49,1191,393,1664,80,0.951923,0,12,159,30,67,3.591837,2026,737
9107,50,1281,539,1877,57,0.969632,0,4,113,49,96,4.044444,2026,669
9108,46,1061,394,1539,84,0.945419,0,12,158,37,58,3.514493,2026,674
9109,49,1039,410,1509,60,0.960239,0,4,150,33,80,3.285714,2026,700
9110,48,1051,344,1443,48,0.966736,0,6,146,25,63,3.229167,2026,707
9111,45,1052,338,1474,84,0.943012,0,11,166,27,54,3.432099,2026,718
9112,60,1589,594,2226,43,0.980683,0,7,84,19,127,4.042593,2026,772
9113,53,1261,379,1718,78,0.954598,0,43,118,26,66,3.438155,2026,779
9114,44,905,297,1310,108,0.917557,0,33,259,54,59,3.035354,2026,804
9115,47,1065,330,1442,47,0.967406,0,20,213,40,39,3.297872,2026,833
9116,50,1214,412,1694,68,0.959858,0,7,175,34,72,3.613333,2026,849
9117,32,726,234,1018,58,0.943026,0,16,89,28,39,3.333333,2026,857
9118,53,1358,535,1955,62,0.968286,1,21,130,47,83,3.968553,2026,874
9119,60,1364,481,1900,55,0.971053,0,6,98,43,101,3.416667,2026,882
9120,53,1237,468,1789,84,0.953046,0,5,128,33,103,3.574423,2026,886
9121,53,1238,449,1760,73,0.958523,1,19,94,22,89,3.536688,2026,918
9122,50,1215,489,1775,71,0.96,1,18,164,34,82,3.786667,2026,924
9123,50,1098,469,1642,75,0.954324,1,18,140,41,74,3.482222,2026,3
9124,58,1411,500,1964,53,0.973014,1,11,86,42,105,3.66092,2026,38
9125,38,783,234,1081,64,0.940796,1,16,98,10,41,2.973684,2026,84
9126,42,965,369,1402,68,0.951498,2,13,212,33,74,3.529101,2026,113
9127,49,1126,427,1671,118,0.929384,0,25,168,31,73,3.521542,2026,119
9128,50,1233,518,1806,55,0.969546,0,11,49,38,124,3.891111,2026,125
9129,63,1606,549,2194,39,0.982224,1,12,86,39,139,3.800705,2026,127
9130,52,1293,470,1806,43,0.97619,0,7,110,32,85,3.767094,2026,139
9131,44,1023,327,1411,61,0.956768,0,7,138,28,55,3.409091,2026,140
9132,56,1229,428,1726,69,0.960023,0,25,168,36,51,3.287698,2026,143
9133,47,1102,369,1550,79,0.949032,1,41,150,37,62,3.477541,2026,151
9134,51,1258,527,1862,77,0.958647,0,14,118,28,116,3.888889,2026,166
9135,53,1134,414,1614,66,0.959108,0,11,106,53,80,3.245283,2026,175
9136,53,1271,450,1778,57,0.967942,1,18,158,27,92,3.607966,2026,215
9137,53,1317,539,1911,55,0.971219,0,4,98,30,118,3.890985,2026,245
9138,53,1330,467,1877,80,0.957379,0,14,190,25,80,3.767296,2026,247
9139,54,1306,524,1920,90,0.953125,2,11,96,58,82,3.765432,2026,234
9140,47,1129,385,1574,60,0.961881,1,10,202,34,74,3.579196,2026,948
9141,50,1124,377,1586,85,0.946406,0,30,223,27,61,3.335556,2026,763
9142,46,1063,396,1531,72,0.952972,1,10,126,45,70,3.524155,2026,953
9143,49,1127,434,1652,91,0.944915,0,26,234,54,71,3.539683,2026,955
9144,50,1126,442,1668,100,0.940048,2,5,133,37,75,3.484444,2026,956
9145,48,1123,444,1632,65,0.960172,0,15,82,27,94,3.627315,2026,963
9146,50,1171,445,1680,64,0.961905,1,17,234,68,76,3.591111,2026,954
9147,49,1133,467,1664,64,0.961538,0,12,118,31,109,3.628118,2026,952
9148,50,1180,419,1643,44,0.97322,0,14,93,18,110,3.553333,2026,787
9149,40,956,378,1412,78,0.944759,0,11,266,50,55,3.705556,2026,1084
9150,42,1070,380,1511,61,0.959629,0,15,106,57,59,3.835979,2026,2243
9151,36,878,313,1259,68,0.945989,0,11,168,38,54,3.675926,2026,287
9152,40,967,394,1443,82,0.943174,1,12,156,31,50,3.780556,2026,389
9153,40,938,346,1365,81,0.940659,0,13,160,24,65,3.566667,2026,185
9154,44,1030,377,1474,67,0.954545,0,10,114,48,46,3.55303,2026,603
9155,36,867,309,1257,81,0.935561,0,13,126,32,55,3.62963,2026,336
9156,43,1038,355,1461,68,0.953457,0,6,161,37,61,3.599483,2026,726
9157,33,791,295,1154,68,0.941075,0,19,152,31,53,3.656566,2026,765
9158,40,900,323,1298,75,0.942219,0,9,208,37,12,3.397222,2026,850
9159,46,1067,436,1594,91,0.942911,1,12,159,23,109,3.630435,2026,18
9160,40,871,280,1248,97,0.922276,0,36,458,31,20,3.197222,2026,72
9161,42,1063,342,1474,69,0.953189,1,8,100,38,60,3.716931,2026,342
9162,9,207,84,310,19,0.93871,0,3,36,10,17,3.592593,2026,600
9163,54,1394,537,1979,48,0.975745,0,12,78,25,85,3.973251,2026,5
9164,42,1072,395,1541,74,0.951979,0,21,110,38,67,3.880952,2026,14
9165,39,945,393,1388,50,0.963977,0,10,116,39,73,3.811966,2026,15
9166,42,1065,386,1500,49,0.967333,1,12,91,20,97,3.838624,2026,19
9167,48,1180,392,1624,52,0.96798,0,18,124,17,94,3.638889,2026,210
9168,44,1128,435,1623,60,0.963031,0,6,118,26,56,3.94697,2026,21
9169,40,990,380,1414,44,0.968883,0,14,128,36,61,3.805556,2026,24
9170,41,975,354,1405,76,0.945907,2,23,118,32,95,3.601626,2026,28
9171,27,578,177,789,34,0.956907,0,3,96,23,37,3.106996,2026,44
9172,41,1035,325,1424,64,0.955056,0,12,138,17,62,3.685637,2026,46
9173,46,1078,352,1477,47,0.968179,0,8,108,35,65,3.454106,2026,49
9174,35,863,322,1236,51,0.958738,1,4,120,22,66,3.761905,2026,52
9175,44,1133,452,1670,85,0.949102,1,6,87,22,123,4.002525,2026,54
9176,49,1308,459,1816,49,0.973018,0,10,119,18,87,4.006803,2026,55
9177,30,722,293,1051,36,0.965747,0,7,54,32,71,3.759259,2026,61
9178,41,1013,352,1429,64,0.955213,0,7,120,21,61,3.699187,2026,67
9179,32,708,227,988,53,0.946356,0,7,168,24,25,3.246528,2026,60
9180,43,1067,413,1566,86,0.945083,1,19,134,23,101,3.824289,2026,74
9181,39,959,304,1309,46,0.964859,0,15,102,34,53,3.598291,2026,76
9182,39,914,327,1307,66,0.949503,1,11,148,24,47,3.535613,2026,81
9183,37,878,379,1311,54,0.95881,0,12,144,36,100,3.774775,2026,88
9184,36,882,307,1220,31,0.97459,0,5,136,14,71,3.669753,2026,91
9185,50,1282,509,1863,72,0.961353,0,16,146,23,92,3.98,2026,94
9186,40,941,338,1332,53,0.96021,0,13,166,20,46,3.552778,2026,95
9187,43,1085,380,1518,53,0.965086,0,18,123,29,69,3.78553,2026,764
9188,39,809,305,1189,75,0.936922,0,30,128,16,45,3.173789,2026,99
9189,37,822,309,1186,55,0.953626,0,9,258,46,43,3.396396,2026,117
9190,40,1035,392,1474,47,0.968114,0,7,122,24,83,3.963889,2026,104
9191,38,909,321,1305,75,0.942529,0,8,87,22,57,3.596491,2026,118
9192,37,931,335,1332,66,0.95045,1,7,102,42,59,3.801802,2026,122
9193,37,828,281,1181,72,0.939035,0,28,222,19,53,3.33033,2026,123
9194,40,1033,351,1438,54,0.962448,1,17,118,43,46,3.844444,2026,124
9195,42,1051,380,1487,56,0.96234,0,12,208,40,54,3.785714,2026,126
9196,39,1017,371,1456,68,0.953297,0,10,70,48,90,3.954416,2026,194
9197,42,1030,365,1466,71,0.951569,0,22,174,50,63,3.690476,2026,860
9198,38,996,399,1453,58,0.960083,0,14,100,42,93,4.078947,2026,128
9199,42,1068,416,1536,52,0.966146,0,16,152,36,73,3.925926,2026,132
9200,40,1008,385,1461,68,0.953457,0,17,72,40,42,3.869444,2026,134
9201,46,1170,390,1612,52,0.967742,0,8,84,29,58,3.768116,2026,141
9202,41,1082,357,1495,56,0.962542,0,7,160,32,84,3.899729,2026,142
9203,45,1132,429,1616,55,0.965965,0,3,122,38,73,3.854321,2026,814
9204,43,1119,414,1591,58,0.963545,0,11,106,38,100,3.96124,2026,150
9205,50,1235,469,1762,58,0.967083,2,17,86,13,106,3.786667,2026,154
9206,38,941,342,1364,81,0.940616,1,6,166,26,84,3.751462,2026,156
9207,34,854,245,1161,62,0.946598,0,8,169,24,23,3.591503,2026,159
9208,44,1064,368,1507,75,0.950232,0,8,66,31,54,3.616162,2026,165
9209,35,856,340,1250,54,0.9568,1,14,114,11,59,3.796825,2026,168
9210,39,872,359,1292,61,0.952786,0,8,162,17,92,3.507123,2026,169
9211,43,1093,392,1564,79,0.949488,0,10,120,37,74,3.837209,2026,177
9212,35,828,283,1150,39,0.966087,3,3,121,27,46,3.526984,2026,179
9213,38,915,319,1327,93,0.929917,0,13,142,22,48,3.608187,2026,183
9214,43,1083,386,1498,29,0.980641,1,16,83,16,102,3.795866,2026,184
9215,36,877,331,1271,63,0.950433,0,13,156,15,56,3.728395,2026,193
9216,45,1145,441,1655,69,0.958308,0,10,122,33,115,3.916049,2026,209
9217,39,895,317,1281,69,0.946136,3,11,246,63,35,3.452991,2026,206
9218,54,1379,425,1856,52,0.971983,0,9,71,25,87,3.711934,2026,208
9219,38,899,315,1285,71,0.944747,1,16,174,21,59,3.549708,2026,211
9220,42,1035,382,1472,55,0.962636,0,8,168,27,70,3.748677,2026,214
9221,38,965,372,1396,59,0.957736,0,12,130,31,50,3.909357,2026,216
9222,40,1019,394,1478,65,0.956022,0,10,110,30,71,3.925,2026,219
9223,41,1039,371,1473,63,0.95723,1,10,96,31,51,3.821138,2026,226
9224,39,914,358,1317,45,0.965831,2,16,184,38,65,3.623932,2026,224
9225,45,1142,468,1670,60,0.964072,1,12,218,27,74,3.975309,2026,235
9226,39,978,332,1382,72,0.947902,0,10,146,24,82,3.732194,2026,236
9227,35,810,270,1149,69,0.939948,3,18,176,24,13,3.428571,2026,237
9228,31,726,334,1117,57,0.94897,0,20,186,29,69,3.799283,2026,241
9229,40,1023,412,1519,84,0.9447,0,10,170,40,47,3.986111,2026,243
9230,39,919,317,1302,66,0.949309,1,30,204,24,46,3.521368,2026,249
9231,38,916,346,1330,68,0.948872,0,18,92,33,61,3.690058,2026,255
9232,46,1085,375,1520,60,0.960526,0,23,124,50,86,3.52657,2026,257
9233,38,844,297,1223,82,0.932952,1,9,180,27,41,3.336257,2026,260
9234,37,824,278,1211,109,0.909992,0,21,196,44,32,3.309309,2026,272
9235,38,929,346,1340,65,0.951493,1,7,118,21,43,3.72807,2026,276
9236,33,785,321,1167,61,0.947729,0,18,213,19,47,3.723906,2026,278
9237,41,1045,400,1498,53,0.964619,0,9,116,26,93,3.915989,2026,296
9238,45,1200,419,1685,66,0.960831,0,2,90,32,68,3.997531,2026,658
9239,43,1075,370,1524,79,0.948163,0,8,207,31,70,3.73385,2026,304
9240,43,1021,396,1500,83,0.944667,0,16,222,19,88,3.661499,2026,306
9241,40,1035,336,1426,55,0.961431,0,8,105,32,48,3.808333,2026,307
9242,39,918,314,1289,57,0.95578,3,13,104,18,52,3.509972,2026,309
9243,33,773,290,1122,59,0.947415,0,16,146,19,39,3.579125,2026,311
9244,39,916,331,1308,61,0.953364,0,14,70,14,63,3.552707,2026,312
9245,41,1021,374,1461,66,0.954825,0,16,138,31,53,3.780488,2026,313
9246,42,1041,403,1493,49,0.96718,1,16,88,30,95,3.820106,2026,316
9247,36,886,307,1236,43,0.96521,1,8,156,26,58,3.682099,2026,319
9248,40,1023,416,1511,72,0.952349,0,15,166,54,92,3.997222,2026,323
9249,29,555,175,807,77,0.904585,1,17,242,8,22,2.796935,2026,398
9250,37,918,310,1282,54,0.957878,0,9,146,20,61,3.687688,2026,329
9251,40,984,360,1433,89,0.937893,3,31,147,29,55,3.733333,2026,335
9252,45,1136,424,1638,78,0.952381,2,15,178,29,81,3.851852,2026,70
9253,44,1095,398,1575,82,0.947937,0,14,69,32,72,3.770202,2026,346
9254,40,1013,388,1452,51,0.964876,2,11,130,38,104,3.891667,2026,344
9255,39,921,351,1348,76,0.94362,0,12,166,33,67,3.623932,2026,348
9256,35,884,315,1258,59,0.9531,0,10,142,23,67,3.806349,2026,354
9257,39,981,373,1423,69,0.951511,0,2,170,36,97,3.85755,2026,530
9258,39,994,315,1353,44,0.96748,0,8,158,36,50,3.729345,2026,360
9259,38,819,343,1232,70,0.943182,0,17,192,32,39,3.397661,2026,361
9260,50,1300,489,1852,63,0.965983,0,4,73,34,124,3.975556,2026,362
9261,40,1015,395,1470,60,0.959184,1,13,146,33,77,3.916667,2026,363
9262,46,1169,402,1642,71,0.95676,0,14,40,23,78,3.794686,2026,365
9263,45,1188,473,1714,53,0.969078,0,8,109,27,135,4.101235,2026,368
9264,43,1091,387,1544,66,0.957254,0,10,90,27,83,3.819121,2026,369
9265,37,884,331,1272,57,0.955189,0,11,128,35,36,3.648649,2026,374
9266,33,752,288,1108,68,0.938628,0,29,237,38,48,3.501684,2026,378
9267,40,976,331,1394,87,0.93759,3,19,260,23,63,3.630556,2026,379
9268,44,1087,372,1518,59,0.961133,0,15,75,15,105,3.684343,2026,383
9269,39,932,313,1309,64,0.951108,0,14,117,25,62,3.547009,2026,393
9270,39,907,371,1348,70,0.948071,0,6,108,36,85,3.641026,2026,395
9271,41,1043,377,1498,78,0.947931,1,17,114,42,78,3.848238,2026,418
9272,46,1162,400,1630,68,0.958282,1,21,104,29,86,3.772947,2026,424
9273,49,1221,478,1744,45,0.974197,0,7,88,28,97,3.852608,2026,426
9274,47,1151,433,1640,56,0.965854,2,8,136,35,64,3.744681,2026,428
9275,39,812,288,1203,103,0.914381,0,20,114,16,43,3.133903,2026,458
9276,40,942,351,1351,58,0.957069,0,3,190,28,28,3.591667,2026,433
9277,33,865,332,1247,50,0.959904,1,12,84,29,69,4.030303,2026,437
9278,40,1003,354,1407,50,0.964463,0,5,130,17,49,3.769444,2026,445
9279,46,1110,452,1613,51,0.968382,0,9,100,32,91,3.772947,2026,447
9280,47,1213,479,1755,63,0.964103,2,8,139,28,99,4,2026,449
9281,43,1034,389,1472,49,0.966712,0,8,146,39,47,3.677003,2026,450
9282,36,844,349,1243,50,0.959775,0,13,160,34,83,3.682099,2026,494
9283,39,861,292,1211,58,0.952106,0,14,158,38,57,3.2849,2026,451
9284,43,1085,418,1573,70,0.955499,1,26,160,25,90,3.883721,2026,821
9285,51,1260,496,1821,65,0.964305,1,9,96,38,86,3.825708,2026,467
9286,43,1088,394,1538,56,0.963589,1,8,94,24,96,3.829457,2026,468
9287,36,906,343,1301,52,0.960031,0,9,76,34,55,3.854938,2026,474
9288,45,1163,495,1718,60,0.965076,0,6,32,21,91,4.093827,2026,477
9289,40,1012,402,1510,96,0.936424,2,24,150,30,99,3.927778,2026,478
9290,40,1012,324,1410,74,0.947518,0,9,105,40,54,3.711111,2026,500
9291,42,1078,443,1568,47,0.970026,0,6,94,30,78,4.02381,2026,502
9292,46,1153,416,1617,48,0.970315,0,17,110,28,93,3.789855,2026,63
9293,37,898,358,1309,53,0.959511,0,13,110,30,70,3.771772,2026,202
9294,33,741,284,1097,72,0.934366,0,12,278,27,50,3.451178,2026,916
9295,38,854,352,1303,97,0.925556,1,18,242,46,36,3.526316,2026,666
9296,42,1091,418,1580,71,0.955063,0,14,144,25,106,3.992063,2026,921
9297,40,1002,391,1448,55,0.962017,0,17,124,26,88,3.869444,2026,518
9298,38,990,378,1416,48,0.966102,0,18,110,47,65,4,2026,751
9299,37,884,326,1307,97,0.925784,1,8,194,29,39,3.633634,2026,443
9300,32,718,300,1101,83,0.924614,1,24,258,36,36,3.534722,2026,657
9301,45,1130,386,1607,91,0.943373,0,12,56,26,78,3.74321,2026,659
9302,42,1026,352,1454,76,0.94773,0,12,156,30,62,3.645503,2026,40
9303,35,825,266,1165,74,0.936481,0,15,178,36,43,3.463492,2026,274
9304,48,1236,495,1801,70,0.961133,0,27,96,20,97,4.006944,2026,608
9305,39,944,344,1389,101,0.927286,0,8,166,27,68,3.669516,2026,92
9306,37,909,321,1293,63,0.951276,0,18,290,30,43,3.693694,2026,504
9307,37,854,301,1253,98,0.921788,0,20,186,28,35,3.468468,2026,161
9308,44,1126,400,1574,48,0.969504,0,17,61,27,100,3.853535,2026,510
9309,36,906,323,1297,68,0.947571,0,12,254,13,81,3.79321,2026,515
9310,40,1029,414,1511,68,0.954997,0,8,94,14,71,4.008333,2026,517
9311,47,1143,454,1632,35,0.978554,0,7,52,30,79,3.775414,2026,330
9312,39,975,389,1397,33,0.976378,0,7,70,38,71,3.88604,2026,425
9313,40,817,291,1202,94,0.921797,0,26,250,36,22,3.077778,2026,959
9314,44,1073,403,1550,74,0.952258,0,33,160,36,81,3.727273,2026,957
9315,42,993,371,1418,54,0.961918,0,6,110,32,81,3.608466,2026,958
9316,36,825,317,1212,70,0.942244,0,6,210,25,47,3.524691,2026,964
9317,38,974,368,1394,52,0.962697,0,17,108,39,71,3.923977,2026,317
9318,40,965,363,1387,59,0.957462,0,8,134,35,59,3.688889,2026,524
9319,38,813,304,1200,83,0.930833,0,10,174,28,65,3.266082,2026,528
9320,38,923,356,1321,42,0.968206,0,22,126,43,76,3.739766,2026,767
9321,37,836,303,1181,42,0.964437,0,8,114,22,45,3.42042,2026,766
9322,34,777,268,1088,43,0.960478,0,16,168,26,53,3.415033,2026,568
9323,38,820,287,1181,74,0.937341,0,14,224,27,43,3.236842,2026,130
9324,42,1081,468,1623,74,0.954405,1,16,92,42,109,4.097884,2026,538
9325,38,820,287,1174,67,0.94293,0,17,226,24,35,3.236842,2026,455
9326,41,1074,431,1588,83,0.947733,1,39,191,29,87,4.078591,2026,520
9327,40,1007,354,1419,58,0.959126,0,13,154,26,78,3.780556,2026,544
9328,44,1115,408,1611,88,0.945376,0,19,206,38,54,3.84596,2026,550
9329,38,887,331,1276,58,0.954545,2,10,150,34,43,3.561404,2026,564
9330,39,955,342,1375,78,0.943273,0,18,184,33,47,3.695157,2026,570
9331,40,984,357,1380,39,0.971739,0,2,88,21,66,3.725,2026,571
9332,44,1144,406,1629,79,0.951504,0,9,56,22,59,3.914141,2026,575
9333,39,955,329,1337,53,0.960359,0,5,157,19,60,3.65812,2026,577
9334,35,799,279,1120,42,0.9625,0,4,128,30,56,3.422222,2026,583
9335,37,930,289,1290,71,0.944961,1,17,124,46,32,3.660661,2026,585
9336,39,938,395,1388,55,0.960375,0,14,140,45,87,3.797721,2026,768
9337,39,1020,444,1526,62,0.959371,0,9,112,56,93,4.17094,2026,590
9338,36,921,326,1320,73,0.944697,0,7,138,19,64,3.848765,2026,591
9339,38,839,296,1213,78,0.935697,0,15,120,23,38,3.318713,2026,238
9340,43,1052,360,1469,57,0.961198,1,7,76,25,75,3.648579,2026,605
9341,33,795,293,1145,57,0.950218,2,15,154,38,33,3.6633,2026,615
9342,31,719,235,1027,73,0.928919,1,9,196,21,24,3.419355,2026,616
9343,47,1127,375,1547,45,0.970911,0,11,86,18,98,3.550827,2026,618
9344,38,904,306,1310,100,0.923664,1,24,172,26,45,3.538012,2026,624
9345,40,1040,366,1449,43,0.970324,0,12,112,20,56,3.905556,2026,625
9346,45,1162,436,1655,57,0.965559,0,9,190,35,97,3.945679,2026,635
9347,46,1160,387,1608,61,0.962065,0,7,128,26,48,3.736715,2026,636
9348,41,1035,382,1473,56,0.961982,0,14,70,29,76,3.840108,2026,637
9349,40,1051,404,1508,53,0.964854,0,7,102,17,67,4.041667,2026,639
9350,33,799,301,1158,58,0.949914,0,7,196,21,56,3.703704,2026,641
9351,47,1215,472,1754,67,0.961802,3,13,88,44,76,3.98818,2026,642
9352,39,966,353,1395,76,0.94552,0,17,164,29,54,3.757835,2026,646
9353,41,963,358,1376,55,0.960029,1,7,54,33,101,3.579946,2026,649
9354,39,959,369,1369,41,0.970051,2,3,118,31,68,3.783476,2026,647
9355,35,879,353,1295,63,0.951351,1,5,72,23,81,3.911111,2026,650
9356,39,944,344,1356,68,0.949853,0,8,119,35,89,3.669516,2026,651
9357,38,935,290,1310,85,0.935115,0,9,188,32,22,3.581871,2026,653
9358,45,1137,363,1568,68,0.956633,0,5,178,41,62,3.703704,2026,656
9359,41,1057,396,1513,60,0.960344,0,4,153,24,70,3.937669,2026,661
9360,36,897,346,1292,49,0.962074,2,21,184,35,55,3.83642,2026,662
9361,42,1051,345,1457,61,0.958133,0,25,126,31,48,3.693122,2026,739
9362,44,1068,410,1532,54,0.964752,0,11,120,31,105,3.732323,2026,667
9363,49,1099,447,1602,56,0.965044,0,13,94,31,101,3.505669,2026,743
9364,36,898,366,1313,49,0.962681,1,12,64,31,79,3.901235,2026,744
9365,31,687,258,1010,65,0.935644,0,15,170,16,47,3.387097,2026,745
9366,42,1013,410,1449,26,0.982057,0,3,66,30,114,3.76455,2026,673
9367,39,920,369,1350,61,0.954815,0,7,78,47,69,3.672365,2026,747
9368,39,903,343,1304,58,0.955521,0,7,92,32,68,3.549858,2026,748
9369,38,922,284,1273,67,0.947368,0,10,106,14,36,3.526316,2026,749
9370,38,860,337,1250,53,0.9576,0,23,163,16,35,3.5,2026,679
9371,48,1217,488,1753,48,0.972618,0,8,76,17,108,3.946759,2026,680
9372,48,1254,457,1762,51,0.971056,0,10,82,11,88,3.960648,2026,681
9373,47,1158,395,1609,56,0.965196,2,11,218,34,63,3.671395,2026,692
9374,49,1228,501,1782,53,0.970258,1,9,80,38,115,3.920635,2026,698
9375,42,1062,356,1491,73,0.95104,1,14,88,33,57,3.751323,2026,703
9376,33,825,257,1130,48,0.957522,0,2,158,25,26,3.643098,2026,706
9377,41,1029,411,1514,74,0.951123,0,7,138,32,98,3.902439,2026,696
9378,43,1043,358,1472,71,0.951766,0,10,181,25,73,3.620155,2026,822
9379,44,1080,377,1520,63,0.958553,0,17,100,16,64,3.679293,2026,721
9380,39,984,361,1402,57,0.959344,0,4,124,18,72,3.831909,2026,734
9381,43,1101,440,1617,76,0.952999,0,21,170,45,76,3.981912,2026,757
9382,37,947,361,1373,65,0.952658,0,10,135,20,78,3.927928,2026,759
9383,37,902,347,1321,72,0.945496,2,16,260,35,44,3.750751,2026,762
9384,42,1099,433,1597,65,0.959299,0,29,136,41,76,4.05291,2026,770
9385,38,951,368,1382,63,0.954414,0,8,165,28,81,3.856725,2026,771
9386,38,941,346,1379,92,0.933285,0,11,208,47,58,3.763158,2026,789
9387,39,999,380,1465,86,0.941297,1,13,178,18,69,3.928775,2026,774
9388,42,1067,420,1547,60,0.961215,0,17,158,31,53,3.933862,2026,797
9389,44,1159,450,1672,63,0.962321,0,11,106,32,88,4.063131,2026,798
9390,42,1054,406,1498,38,0.974633,0,6,53,24,87,3.862434,2026,801
9391,35,843,335,1232,54,0.956169,0,8,84,17,80,3.739683,2026,162
9392,40,952,357,1364,55,0.959677,0,19,130,34,64,3.636111,2026,463
9393,37,933,330,1324,61,0.953927,0,1,102,41,56,3.792793,2026,830
9394,44,1137,401,1599,61,0.961851,0,14,169,20,93,3.883838,2026,834
9395,41,978,348,1398,72,0.948498,0,8,170,30,52,3.593496,2026,844
9396,33,791,254,1111,66,0.940594,1,10,140,19,60,3.518519,2026,853
9397,40,992,373,1433,68,0.952547,0,11,169,32,79,3.791667,2026,848
9398,40,982,347,1391,62,0.955428,0,18,95,20,72,3.691667,2026,862
9399,47,1190,436,1708,82,0.951991,0,14,114,39,89,3.843972,2026,866
9400,45,1133,501,1688,54,0.968009,0,5,59,29,83,4.034568,2026,867
9401,36,900,325,1291,66,0.948877,1,13,107,30,74,3.780864,2026,868
9402,42,1036,380,1500,84,0.944,1,13,172,29,92,3.746032,2026,871
9403,43,1104,412,1572,56,0.964377,0,2,122,20,60,3.917313,2026,873
9404,47,1198,417,1681,66,0.960738,0,5,104,51,93,3.817967,2026,877
9405,40,980,367,1409,62,0.955997,0,15,156,17,74,3.741667,2026,879
9406,35,848,285,1201,68,0.943381,0,10,126,33,52,3.596825,2026,880
9407,35,828,291,1182,63,0.946701,0,23,208,18,63,3.552381,2026,890
9408,43,1037,404,1487,46,0.969065,0,15,88,30,84,3.723514,2026,453
9409,44,1112,459,1642,71,0.95676,0,23,120,40,76,3.967172,2026,895
9410,42,936,341,1341,64,0.952274,1,15,196,26,37,3.378307,2026,897
9411,41,1001,372,1442,69,0.95215,0,3,188,34,63,3.720867,2026,900
9412,39,1026,354,1447,67,0.953697,0,7,98,17,84,3.931624,2026,901
9413,40,1013,317,1406,76,0.945946,0,23,188,40,59,3.694444,2026,903
9414,40,1018,365,1456,73,0.949863,0,8,74,38,40,3.841667,2026,904
9415,42,1041,321,1409,47,0.966643,1,17,212,30,55,3.603175,2026,907
9416,42,1099,404,1559,56,0.96408,0,10,134,28,110,3.97619,2026,908
9417,38,984,359,1415,72,0.949117,0,5,150,39,69,3.926901,2026,909
9418,41,1060,419,1533,54,0.964775,0,5,138,45,92,4.00813,2026,931
9419,32,750,279,1091,62,0.943171,0,12,158,28,37,3.572917,2026,913
9420,47,1209,429,1686,48,0.97153,2,7,40,33,109,3.87234,2026,922
9421,39,971,298,1318,49,0.962822,1,6,140,20,42,3.615385,2026,923
9422,40,986,333,1358,39,0.971281,0,9,108,33,28,3.663889,2026,925
9423,40,1044,361,1467,62,0.957737,0,9,126,45,51,3.902778,2026,926
9424,39,976,351,1388,61,0.956052,2,29,269,52,73,3.780627,2026,927
9425,41,1026,366,1433,41,0.971389,0,13,94,14,79,3.772358,2026,928
9426,49,1278,482,1816,56,0.969163,0,4,60,45,92,3.99093,2026,929
9427,44,1106,382,1532,44,0.971279,0,17,76,34,90,3.757576,2026,930
9428,41,1034,401,1486,51,0.96568,0,8,36,41,71,3.888889,2026,933
9429,37,905,348,1307,54,0.958684,1,17,289,18,70,3.762763,2026,935
9430,41,926,352,1342,64,0.95231,0,14,94,40,65,3.463415,2026,934
9431,30,598,210,899,91,0.898776,0,36,332,21,16,2.992593,2026,939
9432,41,994,388,1452,70,0.951791,1,5,86,32,64,3.745257,2026,940
9433,40,993,369,1433,71,0.950454,1,2,143,18,71,3.783333,2026,22
9434,43,1090,391,1537,56,0.963565,0,13,130,33,65,3.826873,2026,25
9435,36,868,315,1254,71,0.943381,0,4,160,26,67,3.651235,2026,50
9436,33,745,266,1079,68,0.936979,0,12,190,22,50,3.40404,2026,57
9437,42,1030,391,1481,60,0.959487,0,13,162,19,63,3.759259,2026,30
9438,42,1042,367,1451,42,0.971054,0,9,122,38,71,3.727513,2026,73
9439,40,1031,342,1456,83,0.942995,1,8,218,43,76,3.813889,2026,85
9440,39,966,367,1402,69,0.950785,1,5,134,31,85,3.797721,2026,178
9441,39,933,378,1368,57,0.958333,1,12,162,33,71,3.735043,2026,195
9442,53,1348,480,1885,57,0.969761,0,21,136,34,91,3.832285,2026,223
9443,42,1080,380,1532,72,0.953003,0,13,148,19,80,3.862434,2026,233
9444,40,1057,422,1536,57,0.962891,0,10,82,29,48,4.108333,2026,288
9445,37,892,291,1260,77,0.938889,0,11,114,34,48,3.552553,2026,300
9446,41,1037,422,1542,83,0.946174,1,22,140,20,84,3.95393,2026,305
9447,39,968,398,1440,74,0.948611,0,10,148,49,63,3.891738,2026,308
9448,42,1032,341,1430,57,0.96014,0,18,149,24,68,3.632275,2026,314
9449,43,1110,437,1623,76,0.953173,0,20,124,46,92,3.997416,2026,325
9450,40,1000,364,1399,35,0.974982,0,17,122,22,52,3.788889,2026,340
9451,40,929,327,1298,42,0.967643,0,20,168,37,49,3.488889,2026,341
9452,35,871,301,1238,66,0.946688,1,13,150,12,61,3.720635,2026,375
9453,39,992,366,1419,61,0.957012,0,19,106,33,77,3.868946,2026,385
9454,36,851,312,1229,66,0.946298,0,8,121,27,40,3.589506,2026,382
9455,40,996,378,1472,98,0.933424,1,5,103,37,74,3.816667,2026,387
9456,42,1104,333,1486,49,0.967026,0,10,118,16,73,3.801587,2026,410
9457,37,917,367,1345,61,0.954647,0,12,139,24,55,3.855856,2026,431
9458,32,572,169,853,112,0.868699,2,46,319,4,18,2.572917,2026,435
9459,37,921,369,1360,70,0.948529,1,4,123,35,72,3.873874,2026,436
9460,43,1078,379,1512,55,0.963624,0,7,116,26,73,3.764858,2026,444
9461,40,946,358,1351,47,0.965211,0,17,98,20,43,3.622222,2026,482
9462,36,851,297,1209,61,0.949545,1,22,188,14,64,3.54321,2026,526
9463,38,965,346,1366,55,0.959736,1,31,104,27,73,3.833333,2026,597
9464,37,829,338,1245,78,0.937349,0,7,210,46,89,3.504505,2026,103
9465,36,819,318,1195,58,0.951464,0,9,102,35,56,3.509259,2026,610
9466,37,923,329,1327,75,0.943482,0,15,204,26,42,3.75976,2026,212
9467,42,998,368,1420,54,0.961972,0,16,188,29,68,3.613757,2026,742
9468,40,1025,387,1486,74,0.950202,0,25,224,29,87,3.922222,2026,691
9469,42,1050,380,1491,61,0.959088,2,7,75,15,60,3.783069,2026,783
9470,40,929,343,1340,68,0.949254,0,2,154,19,62,3.533333,2026,876
9471,45,1099,381,1555,75,0.951768,1,12,185,37,51,3.654321,2026,898
9472,40,1041,381,1450,28,0.98069,0,7,64,28,62,3.95,2026,899
9473,47,1197,499,1750,54,0.969143,0,7,92,14,109,4.009456,2026,905
9474,38,905,273,1240,62,0.95,1,20,180,24,54,3.444444,2026,915
9475,38,833,331,1222,58,0.952537,0,24,192,22,62,3.403509,2026,514
9476,42,1069,414,1562,79,0.949424,0,20,167,34,92,3.92328,2026,275
9477,43,1089,414,1581,78,0.950664,0,16,124,24,55,3.883721,2026,572
9478,40,923,287,1286,76,0.940902,0,22,214,23,35,3.361111,2026,339
9479,40,1034,344,1435,57,0.960279,2,14,122,40,64,3.827778,2026,596
9480,41,907,360,1342,75,0.944113,0,31,142,29,26,3.433604,2026,790
9481,36,840,319,1213,54,0.955482,2,9,162,22,45,3.57716,2026,13
9482,39,924,351,1326,51,0.961538,0,11,62,33,53,3.632479,2026,327
9483,42,1010,389,1453,54,0.962836,0,22,170,19,58,3.701058,2026,334
9484,41,968,349,1390,73,0.947482,0,6,114,53,64,3.569106,2026,392
9485,45,1117,369,1537,51,0.966818,0,9,154,20,80,3.669136,2026,402
9486,42,1059,336,1463,68,0.95352,1,33,172,25,54,3.690476,2026,456
9487,39,994,360,1416,62,0.956215,0,14,124,42,73,3.85755,2026,513
9488,36,798,273,1157,86,0.92567,0,10,160,46,43,3.305556,2026,441
9489,40,986,341,1401,74,0.947181,2,11,176,23,79,3.686111,2026,730
9490,40,946,337,1356,73,0.946165,0,12,219,28,40,3.563889,2026,920
9491,40,958,311,1308,39,0.970183,0,5,115,30,52,3.525,2026,225
9492,58,1506,596,2156,54,0.974954,0,8,67,19,141,4.02682,2026,246
9493,33,789,295,1147,63,0.945074,0,13,118,28,52,3.649832,2026,769
9494,44,1098,368,1509,43,0.971504,1,9,102,28,52,3.70202,2026,146
9495,36,825,286,1177,66,0.943925,0,7,116,20,40,3.429012,2026,611
9496,39,936,430,1435,69,0.951916,0,15,165,32,90,3.891738,2026,310
9497,44,1106,469,1640,65,0.960366,0,5,126,47,69,3.977273,2026,133
9498,45,1115,430,1588,43,0.972922,0,6,72,50,93,3.814815,2026,486
9499,46,1131,401,1594,62,0.961104,0,16,162,45,103,3.700483,2026,912
9500,35,812,307,1184,65,0.945101,0,17,168,26,50,3.552381,2026,648
9501,44,1099,391,1560,70,0.955128,0,19,102,30,71,3.762626,2026,511
9502,48,1210,458,1737,69,0.960276,1,4,96,22,115,3.861111,2026,609
9503,36,861,309,1220,50,0.959016,1,15,210,16,31,3.611111,2026,758
9504,41,1068,388,1501,45,0.97002,0,9,156,16,45,3.945799,2026,404
9505,39,961,329,1402,112,0.920114,2,18,187,24,57,3.675214,2026,364
9506,39,936,378,1367,53,0.961229,0,8,172,38,100,3.74359,2026,593
9507,42,1117,312,1505,76,0.949502,0,12,96,50,64,3.780423,2026,732
9508,38,864,393,1312,55,0.958079,0,11,194,35,61,3.675439,2026,401
9509,48,1227,430,1702,45,0.973561,0,9,152,46,112,3.835648,2026,176
9510,37,826,275,1160,59,0.949138,0,10,232,26,61,3.306306,2026,604
9511,38,897,371,1315,47,0.964259,0,3,110,15,76,3.707602,2026,253
9512,44,1113,406,1584,65,0.958965,0,11,246,23,80,3.835859,2026,794
9513,37,786,285,1113,42,0.962264,0,2,150,23,32,3.216216,2026,626
9514,41,1043,392,1508,73,0.951592,1,13,124,30,88,3.888889,2026,562
9515,37,855,303,1219,61,0.949959,0,14,208,17,55,3.477477,2026,187
9516,41,953,335,1364,76,0.944282,1,20,192,26,49,3.490515,2026,507
9517,38,890,330,1290,70,0.945736,0,15,256,32,48,3.567251,2026,796
9518,43,1065,385,1495,45,0.9699,0,9,94,22,49,3.74677,2026,75
9519,37,817,285,1154,52,0.954939,0,9,160,44,49,3.309309,2026,545
9520,33,707,252,1031,72,0.930165,0,31,175,28,39,3.228956,2026,459
9521,43,1051,419,1531,61,0.960157,0,10,110,58,55,3.79845,2026,495
9522,35,801,296,1136,39,0.965669,0,10,248,22,59,3.48254,2026,606
9523,40,1006,326,1408,76,0.946023,0,14,140,34,76,3.7,2026,376
9524,37,903,314,1295,78,0.939768,0,5,164,29,54,3.654655,2026,677
9525,41,926,317,1326,83,0.937406,0,14,130,18,32,3.368564,2026,861
9526,32,712,288,1073,73,0.931966,1,30,182,24,41,3.472222,2026,741
9527,51,1339,523,1933,71,0.96327,3,11,128,34,85,4.056645,2026,602
9528,41,907,347,1311,57,0.956522,1,14,114,29,65,3.398374,2026,164
9529,35,752,252,1072,68,0.936567,0,25,194,19,36,3.187302,2026,2257
9530,38,851,312,1217,54,0.955629,2,14,164,36,44,3.400585,2026,2259
9531,52,1303,401,1782,78,0.956229,0,7,239,44,66,3.641026,2026,2258
9532,55,1387,517,1990,86,0.956784,2,21,198,65,146,3.846465,2026,949
9533,49,1087,386,1546,73,0.952781,0,16,178,35,71,3.340136,2026,962
