id,team_id,players_committed,players_leaving,top_players_add,top_players_remove,sixty_four_rating_portal_team,rank,year
1,292,18,11,12,2,5.0916,1,2023
2,36,11,8,8,0,5.0399,2,2023
3,782,11,9,7,1,4.9851,3,2023
4,584,7,12,6,0,4.9203,4,2023
5,776,7,11,5,4,4.8953,5,2023
6,8,12,10,5,4,4.8688,6,2023
7,422,6,3,4,0,4.8523,7,2023
8,267,10,12,6,1,4.8491,8,2023
9,710,12,5,5,0,4.842,9,2023
10,372,10,4,5,0,4.8108,10,2023
11,295,10,10,5,1,4.802,11,2023
12,43,7,4,5,0,4.7771,12,2023
13,565,11,4,4,1,4.7531,13,2023
14,864,10,9,5,3,4.7089,14,2023
15,813,16,9,3,2,4.6917,15,2023
16,152,9,4,2,1,4.6783,16,2023
17,576,6,6,4,0,4.6673,17,2023
18,349,9,13,3,1,4.5609,18,2023
19,775,12,7,2,0,4.5203,19,2023
20,580,7,14,2,0,4.4528,20,2023
21,32,10,10,2,2,4.4045,21,2023
22,858,10,8,1,0,4.4028,22,2023
23,160,7,6,3,1,4.3778,23,2023
24,614,12,16,3,0,4.3581,24,2023
25,217,7,8,3,1,4.3468,25,2023
26,660,7,12,2,4,4.333,26,2023
27,366,6,7,4,1,4.2993,27,2023
28,888,11,12,1,1,4.2618,28,2023
29,446,11,12,0,3,4.2093,29,2023
30,145,11,12,2,1,4.1699,30,2023
31,799,7,2,0,0,4.1233,31,2023
32,461,7,11,2,1,4.1014,32,2023
33,781,7,6,2,0,4.1002,33,2023
34,802,10,8,1,1,4.0008,34,2023
35,388,9,8,0,1,3.9756,35,2023
36,587,5,0,1,0,3.9145,36,2023
37,588,5,6,3,0,3.9098,37,2023
38,756,7,5,1,0,3.8095,38,2023
39,856,5,6,2,0,3.7772,39,2023
40,627,7,8,0,2,3.776,40,2023
41,543,5,10,4,1,3.7701,41,2023
42,601,9,8,1,1,3.7625,42,2023
43,286,8,10,0,2,3.7446,43,2023
44,490,11,15,2,4,3.7032,44,2023
45,291,8,3,1,0,3.6689,45,2023
46,893,5,14,1,0,3.668,46,2023
47,644,7,7,1,2,3.656,47,2023
48,51,5,3,1,0,3.6545,48,2023
49,265,7,11,3,0,3.6428,49,2023
50,523,5,10,3,3,3.609,50,2023
51,852,4,5,3,0,3.5908,51,2023
52,471,5,8,2,1,3.5518,52,2023
53,843,4,6,1,0,3.5423,53,2023
54,414,9,7,1,1,3.5375,54,2023
55,684,7,9,0,0,3.5136,55,2023
56,470,9,7,1,2,3.5078,56,2023
57,353,6,7,1,0,3.5068,57,2023
58,299,6,10,1,1,3.4774,58,2023
59,62,8,13,1,2,3.4126,59,2023
60,258,7,3,2,0,3.3444,60,2023
61,709,5,5,2,0,3.3424,61,2023
62,838,8,9,1,0,3.2827,62,2023
63,326,5,11,0,0,3.2398,63,2023
64,488,6,9,4,1,3.1929,64,2023
65,846,5,5,1,0,3.1419,65,2023
66,78,5,3,1,0,3.1386,66,2023
67,220,5,9,2,0,3.1214,67,2023
68,854,6,6,0,0,3.1116,68,2023
69,785,4,7,1,0,3.1015,69,2023
70,872,7,9,1,2,3.0982,70,2023
71,722,3,3,1,0,3.0883,71,2023
72,643,6,5,1,1,3.0466,72,2023
73,581,6,5,2,0,3.0142,73,2023
74,163,5,18,1,1,3.0105,74,2023
75,525,5,10,1,0,2.8833,75,2023
76,589,3,10,3,0,2.857,76,2023
77,837,5,10,1,2,2.8394,77,2023
78,201,4,3,2,0,2.8096,78,2023
79,186,4,3,0,0,2.7868,79,2023
80,717,4,6,2,0,2.7492,80,2023
81,670,4,2,0,0,2.7481,81,2023
82,337,9,10,2,0,2.7271,82,2023
83,137,3,5,0,1,2.7194,83,2023
84,932,4,11,0,5,2.7152,84,2023
85,2,7,8,0,0,2.7041,85,2023
86,294,8,8,2,3,2.7034,86,2023
87,719,3,5,0,0,2.6886,87,2023
88,31,5,12,2,3,2.611,88,2023
89,753,4,7,0,3,2.5999,89,2023
90,607,3,6,1,0,2.5946,90,2023
91,712,3,8,1,1,2.5658,91,2023
92,167,4,9,0,3,2.5305,92,2023
93,345,4,9,0,1,2.3995,93,2023
94,239,5,10,0,5,2.3965,94,2023
95,492,4,10,1,0,2.3292,95,2023
96,280,3,3,0,0,2.3017,96,2023
97,792,4,3,0,0,2.2591,97,2023
98,29,6,2,0,0,2.1969,98,2023
99,37,3,5,0,1,2.1521,99,2023
100,910,6,9,0,1,2.1349,100,2023
101,694,4,12,0,2,2.09,101,2023
102,855,6,5,0,0,2.0863,102,2023
103,532,7,18,0,1,2.0837,103,2023
104,421,4,10,1,1,2.0482,104,2023
105,567,7,1,0,0,2.0063,105,2023
106,841,3,10,0,1,1.9824,106,2023
107,483,3,1,0,0,1.9414,107,2023
108,832,2,7,1,1,1.877,108,2023
109,509,5,6,0,0,1.872,109,2023
110,820,4,9,0,0,1.8718,110,2023
111,367,3,9,1,1,1.8681,111,2023
112,282,4,7,0,0,1.8181,112,2023
113,109,4,7,0,0,1.8179,113,2023
114,462,5,9,0,3,1.8088,114,2023
115,547,6,5,0,2,1.7603,115,2023
116,786,3,15,1,4,1.7579,116,2023
117,808,2,3,0,0,1.75,117,2023
118,815,2,7,0,2,1.7492,118,2023
119,559,6,16,0,2,1.749,119,2023
120,356,4,2,0,0,1.7316,120,2023
121,371,3,3,0,0,1.7308,121,2023
122,351,4,2,0,0,1.7166,122,2023
123,100,6,13,0,0,1.6979,123,2023
124,290,4,8,0,2,1.6862,124,2023
125,440,2,4,1,0,1.6856,125,2023
126,683,2,3,1,2,1.6679,126,2023
127,97,3,5,0,2,1.6542,127,2023
128,405,5,10,0,0,1.6374,128,2023
129,906,8,27,1,10,1.6207,129,2023
130,546,3,5,0,0,1.5932,130,2023
131,411,4,6,0,0,1.5709,131,2023
132,937,3,7,0,2,1.5652,132,2023
133,347,5,6,0,0,1.5553,133,2023
134,358,2,8,0,0,1.5387,134,2023
135,682,2,6,0,3,1.498,135,2023
136,338,4,7,0,1,1.4909,136,2023
137,200,2,5,0,1,1.4854,137,2023
138,714,7,8,1,0,1.4826,138,2023
139,851,2,5,0,1,1.4623,139,2023
140,516,2,2,0,0,1.4581,140,2023
141,56,3,9,0,0,1.4471,141,2023
142,527,3,5,0,0,1.4368,142,2023
143,687,3,13,0,1,1.4368,142,2023
144,420,5,7,0,0,1.436,144,2023
145,840,4,0,0,0,1.4115,145,2023
146,816,4,5,0,0,1.4071,146,2023
147,227,4,5,0,0,1.4028,147,2023
148,819,6,1,0,0,1.3855,148,2023
149,720,2,8,0,0,1.3819,149,2023
150,473,3,9,0,1,1.344,150,2023
151,432,4,6,0,1,1.3108,151,2023
152,499,3,7,0,0,1.2917,152,2023
153,270,4,7,0,0,1.25,153,2023
154,716,2,1,0,0,1.2484,154,2023
155,261,5,8,0,0,1.2253,155,2023
156,551,3,4,0,0,1.2196,156,2023
157,883,4,0,0,0,1.1963,157,2023
158,331,5,3,0,0,1.1682,158,2023
159,457,2,5,0,1,1.1378,159,2023
160,263,4,2,0,0,1.1272,160,2023
161,779,1,0,0,0,1.1264,161,2023
162,114,2,4,1,0,1.1218,162,2023
163,839,3,1,0,0,1.0895,163,2023
164,561,5,9,0,5,1.0677,164,2023
165,268,5,1,0,0,1.0529,165,2023
166,419,3,1,0,0,1.0519,166,2023
167,229,3,10,0,2,1.0434,167,2023
168,417,3,8,0,1,1.0367,168,2023
169,87,4,5,1,2,1.0348,169,2023
170,688,2,3,0,0,1.0162,170,2023
171,640,3,6,0,1,0.9647,171,2023
172,302,2,11,1,0,0.9281,172,2023
173,497,3,0,0,0,0.919,173,2023
174,772,1,0,1,0,0.9147,174,2023
175,396,1,0,1,0,0.906,175,2023
176,240,1,0,1,0,0.9052,176,2023
177,469,3,10,0,2,0.8969,177,2023
178,370,1,9,0,0,0.8914,178,2023
179,197,2,0,0,0,0.8878,179,2023
180,438,2,5,0,0,0.8766,180,2023
181,355,1,5,0,0,0.8626,181,2023
182,1,2,13,0,1,0.8608,182,2023
183,689,1,9,0,2,0.8574,183,2023
184,917,1,1,0,0,0.8456,184,2023
185,736,2,6,0,0,0.8393,185,2023
186,658,2,0,0,0,0.8258,186,2023
187,250,2,3,0,1,0.8195,187,2023
188,503,2,0,0,0,0.8164,188,2023
189,496,4,0,0,0,0.81,189,2023
190,384,2,9,0,2,0.8049,190,2023
191,533,1,10,0,2,0.8009,191,2023
192,136,1,9,0,1,0.8002,192,2023
193,101,3,3,0,0,0.7998,193,2023
194,617,2,1,0,0,0.7978,194,2023
195,357,4,11,0,5,0.796,195,2023
196,531,2,6,0,2,0.7954,196,2023
197,728,1,0,0,0,0.7938,197,2023
198,537,2,5,0,0,0.7923,198,2023
199,567,7,1,0,0,0.7824,199,2023
200,472,1,5,0,1,0.778,200,2023
201,65,1,3,0,0,0.7709,201,2023
202,631,1,2,0,0,0.7694,202,2023
203,303,2,0,0,0,0.767,203,2023
204,429,1,5,0,1,0.7615,204,2023
205,817,3,5,0,0,0.7555,205,2023
206,452,1,5,0,0,0.7547,206,2023
207,702,3,2,1,0,0.7547,206,2023
208,542,1,1,0,0,0.7425,208,2023
209,77,4,10,0,0,0.7391,209,2023
210,685,1,5,0,1,0.7279,210,2023
211,423,2,0,0,0,0.716,211,2023
212,672,3,3,1,1,0.7137,212,2023
213,73,1,0,0,0,0.7133,213,2023
214,793,4,0,0,0,0.7129,214,2023
215,320,2,9,0,0,0.7081,215,2023
216,71,1,0,0,0,0.7058,216,2023
217,824,1,1,0,0,0.7026,217,2023
218,403,1,0,0,0,0.7006,218,2023
219,549,3,0,0,0,0.7002,219,2023
220,400,1,0,0,0,0.6998,220,2023
221,554,5,2,0,0,0.6994,221,2023
222,404,1,0,0,0,0.6989,222,2023
223,262,2,5,0,3,0.6981,223,2023
224,740,3,10,0,2,0.6981,223,2023
225,705,1,4,0,0,0.6963,225,2023
226,845,5,4,0,0,0.6884,226,2023
227,498,3,1,0,0,0.6682,227,2023
228,574,1,0,0,0,0.6627,228,2023
229,663,1,13,0,3,0.6615,229,2023
230,498,3,1,0,0,0.655,230,2023
231,135,1,6,0,0,0.6489,231,2023
232,204,3,6,0,0,0.6457,232,2023
233,826,2,7,0,0,0.643,233,2023
234,188,2,6,0,0,0.6422,234,2023
235,409,2,10,0,0,0.6398,235,2023
236,111,3,1,0,0,0.6394,236,2023
237,476,1,0,0,0,0.6347,237,2023
238,827,3,4,0,2,0.6307,238,2023
239,761,2,4,0,1,0.6295,239,2023
240,911,1,0,0,0,0.6256,240,2023
241,613,4,0,0,0,0.6118,241,2023
242,529,1,0,0,0,0.5956,242,2023
243,681,2,0,0,0,0.594,243,2023
244,352,1,2,0,0,0.5829,244,2023
245,497,3,0,0,0,0.5664,245,2023
246,573,2,3,0,0,0.561,246,2023
247,501,1,0,0,0,0.5569,247,2023
248,724,1,0,0,0,0.5494,248,2023
249,668,3,4,1,1,0.5454,249,2023
250,426,2,0,0,0,0.5304,250,2023
251,64,1,3,0,0,0.5284,251,2023
252,322,1,0,0,0,0.5261,252,2023
253,842,1,5,0,2,0.5253,253,2023
254,508,2,0,0,0,0.5225,254,2023
255,569,2,10,0,0,0.5221,255,2023
256,700,1,0,0,0,0.5201,256,2023
257,154,1,0,0,0,0.5111,257,2023
258,248,2,13,0,1,0.5079,258,2023
259,266,1,1,0,0,0.5043,259,2023
260,773,3,14,0,3,0.5024,260,2023
261,664,1,2,0,1,0.501,261,2023
262,870,2,7,0,2,0.4909,262,2023
263,919,1,3,0,0,0.4858,263,2023
264,273,1,0,0,0,0.4806,264,2023
265,258,7,3,2,0,0.4803,265,2023
266,638,3,0,0,0,0.4767,266,2023
267,871,1,0,0,0,0.4688,267,2023
268,354,1,0,0,0,0.4633,268,2023
269,840,4,0,0,0,0.4562,269,2023
270,150,4,0,0,0,0.455,270,2023
271,823,2,5,0,1,0.4518,271,2023
272,89,2,1,0,0,0.4479,272,2023
273,548,1,0,0,0,0.4447,273,2023
274,942,2,6,0,0,0.4293,274,2023
275,262,2,5,0,3,0.4285,275,2023
276,863,2,6,0,0,0.4265,276,2023
277,416,4,11,0,0,0.4206,277,2023
278,293,1,0,0,0,0.4171,278,2023
279,653,1,0,0,0,0.4159,279,2023
280,891,1,10,0,0,0.4135,280,2023
281,788,1,3,0,1,0.4088,281,2023
282,760,4,13,0,0,0.4084,282,2023
283,207,2,0,0,0,0.3999,283,2023
284,549,3,0,0,0,0.3902,284,2023
285,634,1,7,0,0,0.3882,285,2023
286,172,1,0,0,0,0.3669,286,2023
287,630,5,8,0,0,0.358,287,2023
288,886,3,0,0,0,0.358,287,2023
289,27,1,1,0,0,0.358,287,2023
290,586,0,6,0,1,0.3477,290,2023
291,134,1,0,0,0,0.3333,291,2023
292,613,4,0,0,0,0.312,292,2023
293,557,1,0,0,0,0.2994,293,2023
294,390,2,0,0,0,0.2852,294,2023
295,390,2,0,0,0,0.2852,294,2023
296,621,1,6,0,0,0.2852,294,2023
297,734,1,0,0,0,0.2788,297,2023
298,655,3,1,1,0,0.2705,298,2023
299,845,5,4,0,0,0.2705,298,2023
300,520,1,0,0,0,0.2595,300,2023
301,53,4,0,0,0,0.2405,301,2023
302,675,2,21,0,2,0.2387,302,2023
303,946,0,0,0,0,0.2314,303,2023
304,821,1,0,0,0,0.2279,304,2023
305,669,1,0,0,0,0.2216,305,2023
306,882,1,0,0,0,0.2216,305,2023
307,806,1,3,0,0,0.2216,305,2023
308,725,7,5,0,1,0.2101,308,2023
309,426,2,0,0,0,0.2101,308,2023
310,681,2,0,0,0,0.2046,310,2023
311,127,2,0,0,0,0.1831,311,2023
312,251,4,6,0,3,0.1491,312,2023
313,473,3,9,0,1,0.1491,312,2023
314,120,1,12,0,2,0.1491,312,2023
315,816,4,5,0,0,0.1491,312,2023
316,412,3,9,1,1,0.1491,312,2023
317,572,1,0,0,0,0.1143,317,2023
318,835,1,0,0,0,0.1143,317,2023
319,628,1,4,0,0,0.1062,319,2023
320,693,0,4,0,0,0.1003,320,2023
321,360,1,0,0,0,0.094,321,2023
322,303,2,0,0,0,0.0818,322,2023
323,563,1,1,0,0,0.0818,322,2023
324,142,1,0,0,0,0.0683,324,2023
325,427,0,0,0,0,0.0484,325,2023
326,764,0,0,0,0,0.0432,326,2023
327,641,1,0,0,0,0.0357,327,2023
328,125,2,0,0,0,0.0357,327,2023
329,481,1,0,0,0,0.0259,329,2023
330,226,1,0,0,0,0.0172,330,2023
331,376,1,0,0,0,0.0172,330,2023
332,733,2,0,0,0,0.0172,330,2023
333,254,3,10,0,0,0.0172,330,2023
334,658,2,0,0,0,0.0172,330,2023
335,934,1,0,0,0,0.0172,330,2023
336,228,1,10,0,0,0.4378,493,2024
337,43,9,10,6,1,6.29035,4,2024
338,670,10,9,1,1,3.69665,123,2024
339,750,2,6,0,1,1.0165,371,2024
340,217,9,4,4,1,6.22675,12,2024
341,349,9,12,3,1,5.78915,22,2024
342,446,7,9,2,0,4.8665,59,2024
343,282,10,13,1,0,3.93755,105,2024
344,761,9,14,0,2,3.8255,113,2024
345,627,10,5,3,1,5.79015,21,2024
346,353,6,5,0,0,3.9197,109,2024
347,694,7,9,0,1,4.3282,86,2024
348,525,2,6,0,0,1.7653,264,2024
349,62,4,13,0,0,2.631,187,2024
350,559,7,7,0,0,4.32155,88,2024
351,802,10,9,0,0,5.04145,55,2024
352,87,9,9,1,0,5.7993,20,2024
353,576,9,19,0,2,4.2941,92,2024
354,358,5,9,0,1,2.4924,199,2024
355,36,10,5,7,0,6.42095,2,2024
356,97,7,7,0,0,4.3448,85,2024
357,813,10,14,2,0,5.28665,46,2024
358,270,2,3,0,1,1.6823,275,2024
359,864,9,12,6,0,6.26935,9,2024
360,6,0,5,0,2,0.0,,2024
361,488,7,9,5,0,5.8197,19,2024
362,736,2,14,0,0,1.2543,334,2024
363,788,2,9,0,2,0.6099,450,2024
364,740,1,9,0,2,0.4671,485,2024
365,265,6,9,3,1,5.24915,49,2024
366,581,7,12,2,0,5.35165,43,2024
367,682,4,9,0,2,1.6223,286,2024
368,438,4,7,0,2,2.1849,226,2024
369,722,4,8,1,0,1.8698,255,2024
370,793,3,7,0,0,2.2354,221,2024
371,932,5,10,0,3,2.8552,171,2024
372,645,1,0,0,0,0.0,,2024
373,220,8,10,2,2,5.2663,47,2024
374,457,6,6,0,1,3.5891,127,2024
375,782,9,11,6,0,6.2785,7,2024
376,684,8,10,0,2,3.96985,104,2024
377,781,8,8,5,0,6.28905,5,2024
378,542,6,5,0,1,2.98005,166,2024
379,709,5,6,0,0,3.8893,111,2024
380,290,1,3,0,0,0.8386,397,2024
381,582,6,14,2,1,3.49905,129,2024
382,289,5,7,0,0,3.6762,124,2024
383,163,6,13,2,1,4.40455,79,2024
384,262,5,7,0,2,2.1375,233,2024
385,852,6,11,4,1,4.88465,58,2024
386,470,3,8,0,1,1.7546,266,2024
387,710,9,9,2,0,5.5942,35,2024
388,89,2,1,0,0,1.1073,357,2024
389,473,4,12,0,0,1.7356,269,2024
390,546,5,3,0,0,1.8912,251,2024
391,808,5,7,1,0,3.1939,148,2024
392,826,3,5,0,1,2.3354,213,2024
393,292,16,15,10,0,6.3816,3,2024
394,9,5,7,0,0,3.0805,155,2024
395,35,2,9,0,0,1.1164,353,2024
396,859,3,2,0,0,1.7494,268,2024
397,422,12,14,10,4,6.44495,1,2024
398,838,5,15,0,2,3.9328,107,2024
399,846,6,17,0,2,3.36545,135,2024
400,816,9,6,2,0,5.73235,26,2024
401,712,13,11,1,4,5.31135,44,2024
402,100,7,4,0,2,3.74575,118,2024
403,267,7,10,4,0,5.7501,23,2024
404,331,1,8,0,0,0.448,490,2024
405,856,5,4,0,2,4.081,97,2024
406,294,9,15,0,3,3.3383,138,2024
407,533,10,13,0,1,4.76115,64,2024
408,370,3,6,0,0,2.0134,244,2024
409,805,4,11,0,0,1.9371,249,2024
410,573,2,9,0,2,1.1821,342,2024
411,411,5,4,0,0,2.9937,164,2024
412,565,5,6,2,1,3.6712,125,2024
413,643,6,7,0,0,2.66465,182,2024
414,554,4,4,0,1,2.1775,227,2024
415,839,2,5,0,0,0.4587,487,2024
416,586,3,4,0,0,1.6466,284,2024
417,37,10,15,0,1,4.43875,78,2024
418,888,6,8,4,0,5.206,51,2024
419,756,6,6,0,1,3.4851,132,2024
420,713,0,6,0,1,0.0,,2024
421,201,4,6,2,0,3.0192,161,2024
422,299,3,10,0,0,1.945,248,2024
423,815,3,6,1,0,2.5972,189,2024
424,619,2,4,0,0,1.6762,276,2024
425,685,2,10,0,2,1.0474,365,2024
426,937,5,9,1,0,3.78,116,2024
427,160,7,4,5,1,5.57635,37,2024
428,394,1,3,0,0,0.6027,452,2024
429,338,6,15,0,0,3.03495,159,2024
430,633,7,11,0,2,2.71965,178,2024
431,405,5,24,0,5,3.3237,141,2024
432,711,0,3,0,1,0.0,,2024
433,532,3,8,1,0,1.8871,252,2024
434,409,0,12,0,2,0.0,,2024
435,200,4,16,0,2,2.2329,222,2024
436,540,4,6,0,1,2.3033,215,2024
437,469,13,13,5,3,6.28065,6,2024
438,90,2,10,0,1,0.8743,391,2024
439,893,5,12,0,1,3.6412,126,2024
440,634,3,12,0,2,1.4073,317,2024
441,295,10,17,1,1,5.74345,25,2024
442,29,6,3,0,0,4.15425,94,2024
443,286,15,12,0,1,5.5061,38,2024
444,689,2,5,0,0,1.79,261,2024
445,32,8,9,3,1,5.06435,54,2024
446,505,2,2,0,0,0.4308,495,2024
447,198,0,3,0,0,0.0,,2024
448,664,2,5,0,0,1.5936,293,2024
449,537,6,18,0,2,3.03065,160,2024
450,372,15,11,7,1,6.2758,8,2024
451,837,5,22,0,6,1.7266,270,2024
452,832,9,8,0,1,4.1991,93,2024
453,595,5,10,0,0,2.5016,198,2024
454,64,4,7,0,0,1.5396,299,2024
455,777,3,6,0,0,2.6454,184,2024
456,527,3,9,0,1,1.6534,283,2024
457,809,10,20,0,0,4.091,95,2024
458,688,8,7,0,1,4.54305,74,2024
459,810,2,7,0,2,1.6042,289,2024
460,384,5,10,0,0,2.0768,238,2024
461,248,2,6,0,1,1.8055,259,2024
462,352,1,7,0,1,0.379,503,2024
463,891,1,4,0,0,0.9232,383,2024
464,509,4,20,0,2,1.3395,324,2024
465,541,2,2,0,0,1.0779,359,2024
466,432,9,22,0,0,3.4914,130,2024
467,8,8,9,6,1,6.24485,11,2024
468,776,5,9,4,0,4.9303,56,2024
469,786,8,12,4,3,5.7097,28,2024
470,135,1,4,0,0,0.7866,409,2024
471,56,6,6,0,0,3.9009,110,2024
472,397,0,1,0,0,0.0,,2024
473,817,5,3,0,0,4.0604,101,2024
474,366,8,10,5,1,6.26345,10,2024
475,621,2,7,0,1,0.6749,437,2024
476,301,4,12,0,1,1.7511,267,2024
477,101,4,5,0,1,2.6376,186,2024
478,717,6,13,1,1,3.9297,108,2024
479,720,4,22,0,3,2.122,235,2024
480,388,16,6,2,0,5.6654,31,2024
481,347,4,8,0,1,2.6224,188,2024
482,367,8,8,5,1,5.6767,30,2024
483,114,9,11,0,3,4.3125,89,2024
484,531,2,5,0,0,0.8596,393,2024
485,589,4,8,1,0,3.1736,149,2024
486,16,0,5,0,0,0.0,,2024
487,725,5,5,0,0,3.166,151,2024
488,855,5,4,0,1,3.4515,133,2024
489,819,0,10,0,1,0.0,,2024
490,421,7,19,2,3,5.21835,50,2024
491,121,0,7,0,1,0.0,,2024
492,668,7,7,0,3,3.19935,147,2024
493,472,8,5,0,0,4.8954,57,2024
494,466,4,8,0,1,2.4518,203,2024
495,660,13,11,0,1,5.7445,24,2024
496,919,11,9,0,0,4.06875,98,2024
497,499,4,8,0,0,2.3869,209,2024
498,601,10,12,3,1,5.261,48,2024
499,792,4,11,0,1,1.9484,247,2024
500,462,5,11,0,1,3.1602,152,2024
501,705,3,2,0,0,1.3638,321,2024
502,799,8,6,2,0,5.374,42,2024
503,116,4,8,0,2,3.0609,156,2024
504,607,5,7,0,1,2.2402,220,2024
505,251,3,5,0,1,2.4608,201,2024
506,827,2,7,0,2,1.4717,309,2024
507,894,3,7,0,3,2.227,224,2024
508,471,10,15,2,1,5.95835,16,2024
509,823,3,5,0,0,1.2285,337,2024
510,326,10,12,0,0,5.414,41,2024
511,483,7,8,0,2,4.36375,81,2024
512,188,11,10,0,1,4.7841,62,2024
513,841,4,9,0,0,3.047,158,2024
514,351,11,25,1,6,5.4757,40,2024
515,588,7,9,4,0,5.63535,32,2024
516,580,4,14,2,0,3.4169,134,2024
517,186,7,12,0,2,3.3645,136,2024
518,181,2,17,0,0,0.9319,380,2024
519,137,7,7,0,2,3.93665,106,2024
520,697,4,9,0,0,2.6715,181,2024
521,536,1,11,1,0,0.9504,379,2024
522,644,4,7,1,0,3.2287,146,2024
523,854,12,14,0,1,4.54235,75,2024
524,523,6,7,2,0,4.3234,87,2024
525,843,7,13,1,1,4.7347,66,2024
526,190,4,13,0,0,1.7811,262,2024
527,250,1,2,0,0,0.6208,449,2024
528,587,5,10,0,0,2.6819,180,2024
529,906,6,18,1,3,4.0559,102,2024
530,412,3,4,0,0,1.2302,336,2024
531,332,1,9,0,0,0.3179,516,2024
532,910,3,5,0,1,2.3925,207,2024
533,1,4,11,0,0,1.4312,313,2024
534,461,8,9,1,0,4.8573,60,2024
535,357,6,27,0,3,3.8228,114,2024
536,630,0,11,0,0,0.0,,2024
537,683,3,6,0,3,1.5956,292,2024
538,440,7,7,1,0,3.4881,131,2024
539,167,1,9,0,0,0.8958,388,2024
540,522,0,0,0,0,0.0,,2024
541,239,2,6,1,0,1.8644,256,2024
542,892,5,6,0,1,1.7107,272,2024
543,51,11,2,0,0,4.581,72,2024
544,371,7,5,1,1,5.28915,45,2024
545,829,2,3,0,0,1.2006,341,2024
546,863,2,12,0,2,1.1439,347,2024
547,543,6,6,1,1,4.8031,61,2024
548,205,0,9,0,3,0.0,,2024
549,144,3,15,0,0,2.1585,230,2024
550,227,4,3,1,0,2.7906,174,2024
551,266,2,6,0,1,0.7613,415,2024
552,825,5,13,0,0,1.4788,307,2024
553,519,2,8,0,0,0.6578,442,2024
554,858,9,13,6,0,6.19575,13,2024
555,145,12,11,1,0,5.63175,33,2024
556,675,4,9,0,0,1.6935,273,2024
557,622,1,2,0,1,0.1447,556,2024
558,229,4,17,0,0,2.6397,185,2024
559,65,1,1,0,0,0.8575,396,2024
560,39,0,0,0,0,0.0,,2024
561,872,2,12,0,0,1.2382,335,2024
562,842,1,12,0,1,0.8046,404,2024
563,811,5,6,0,0,3.2911,142,2024
564,120,8,19,0,0,4.3505,84,2024
565,851,3,2,0,0,2.0252,243,2024
566,11,3,10,0,0,1.7746,263,2024
567,936,4,3,0,0,2.594,190,2024
568,419,3,10,0,1,1.357,322,2024
569,492,4,4,1,0,3.1501,153,2024
570,820,2,10,0,1,1.0456,366,2024
571,291,10,9,2,4,5.6945,29,2024
572,302,3,11,0,0,1.6887,274,2024
573,942,9,10,0,1,4.35825,82,2024
574,785,8,12,0,2,3.7066,121,2024
575,773,4,17,0,4,2.4149,206,2024
576,714,2,6,0,0,1.4991,305,2024
577,870,8,14,0,3,4.56655,73,2024
578,416,8,8,0,1,4.2952,91,2024
579,553,2,4,0,0,0.6665,439,2024
580,420,9,10,0,0,4.75465,65,2024
581,479,5,8,0,0,2.8238,173,2024
582,280,2,8,0,1,0.5011,474,2024
583,78,4,2,1,0,3.3316,139,2024
584,337,14,11,5,1,6.1343,14,2024
585,258,3,7,0,1,2.1714,228,2024
586,775,7,11,2,1,5.20295,52,2024
587,413,1,5,0,0,0.7285,426,2024
588,261,7,8,0,0,3.70915,120,2024
589,719,5,10,0,1,3.6986,122,2024
590,561,1,5,0,1,0.4434,491,2024
591,584,8,13,5,5,5.95335,17,2024
592,320,5,9,0,2,3.0122,162,2024
593,355,2,11,0,0,0.3753,505,2024
594,784,3,3,0,0,1.7226,271,2024
595,551,3,1,0,0,2.4532,202,2024
596,31,5,9,3,0,4.7142,68,2024
597,109,1,13,0,0,0.8579,395,2024
598,753,0,2,0,0,0.0,,2024
599,569,4,9,0,0,1.8793,254,2024
600,672,3,13,0,3,1.1544,345,2024
601,693,2,6,0,0,1.007,372,2024
602,807,1,1,0,0,0.9073,385,2024
603,414,8,7,0,1,5.6052,34,2024
604,663,1,6,0,0,0.4863,478,2024
605,429,3,6,0,0,2.3579,210,2024
606,614,10,10,2,1,5.86105,18,2024
607,7,6,9,0,0,2.96295,167,2024
608,345,6,5,0,1,4.38495,80,2024
609,254,2,5,0,1,1.4269,315,2024
610,687,5,8,0,0,3.1679,150,2024
611,152,12,11,3,0,6.0509,15,2024
612,356,7,12,0,2,4.0856,96,2024
613,204,6,5,1,1,2.95945,168,2024
614,547,7,9,1,0,4.7837,63,2024
615,760,5,10,0,2,2.2976,216,2024
616,77,3,9,0,0,1.1704,343,2024
617,539,4,2,0,0,2.3422,211,2024
618,2,4,9,0,0,2.6503,183,2024
619,490,3,13,0,1,2.2844,217,2024
620,105,3,8,0,0,0.8072,403,2024
621,98,1,0,0,0,0.7565,417,2024
622,640,2,6,0,1,0.9672,378,2024
623,845,2,12,0,0,0.827,400,2024
624,702,7,18,0,0,4.01645,103,2024
625,417,8,13,0,1,4.35335,83,2024
626,628,2,8,0,0,1.2154,339,2024
627,516,7,4,0,0,3.2775,144,2024
628,96,0,5,0,1,0.0,,2024
629,173,0,7,0,3,0.0,,2024
630,196,0,8,0,0,0.0,,2024
631,938,1,4,0,1,0.48,482,2024
632,318,0,5,0,1,0.0,,2024
633,806,3,2,0,0,1.7925,260,2024
634,182,0,3,0,0,0.0,,2024
635,824,1,6,0,3,0.5352,466,2024
636,452,2,1,0,0,1.5007,303,2024
637,623,0,4,0,1,0.0,,2024
638,489,2,2,0,0,0.3505,510,2024
639,599,0,7,0,2,0.0,,2024
640,136,3,16,0,0,2.1477,232,2024
641,321,0,7,0,0,0.0,,2024
642,791,1,7,0,0,0.6569,444,2024
643,655,6,7,1,0,4.60335,71,2024
644,665,0,3,0,1,0.0,,2024
645,857,2,2,0,0,0.2544,532,2024
646,242,2,11,0,0,1.6393,285,2024
647,487,1,4,0,0,0.4334,494,2024
648,917,3,6,0,0,1.4487,312,2024
649,58,5,20,0,0,2.5117,197,2024
650,221,11,3,0,0,2.5378,196,2024
651,139,6,5,0,0,2.5801,191,2024
652,869,2,7,0,0,1.1219,351,2024
653,427,6,2,0,0,2.55865,194,2024
654,245,3,9,0,0,2.127,234,2024
655,592,0,1,0,0,0.0,,2024
656,552,1,15,0,0,0.4519,489,2024
657,578,4,7,0,0,2.5474,195,2024
658,613,6,3,0,0,4.5388,77,2024
659,127,5,3,0,0,3.3266,140,2024
660,598,7,2,0,0,4.73045,67,2024
661,390,5,5,0,0,3.7226,119,2024
662,247,3,25,0,0,1.6019,291,2024
663,324,4,0,0,0,1.8856,253,2024
664,654,5,12,0,0,2.8253,172,2024
665,716,3,5,0,0,1.2791,330,2024
666,496,3,6,0,0,2.0683,240,2024
667,112,3,4,0,0,1.273,331,2024
668,322,3,7,0,0,1.086,358,2024
669,812,2,9,0,0,1.4565,311,2024
670,715,4,3,0,0,1.8166,257,2024
671,53,6,1,0,0,2.98155,165,2024
672,110,6,3,1,0,3.0538,157,2024
673,579,6,21,0,0,2.7146,179,2024
674,840,9,2,3,0,5.58145,36,2024
675,557,2,4,0,0,1.0574,363,2024
676,151,3,8,0,0,0.9995,374,2024
677,535,1,9,0,0,0.3079,520,2024
678,724,2,4,0,0,0.2658,528,2024
679,391,0,21,0,0,0.0,,2024
680,3,0,5,0,0,0.0,,2024
681,271,2,5,0,0,1.2252,338,2024
682,746,1,5,0,0,0.2598,529,2024
683,780,1,23,0,0,0.7652,414,2024
684,174,0,3,0,0,0.0,,2024
685,232,2,10,0,0,0.7104,429,2024
686,108,4,4,0,0,2.2764,219,2024
687,558,5,6,1,0,3.2524,145,2024
688,617,8,4,0,0,5.49935,39,2024
689,733,4,8,0,0,2.3904,208,2024
690,268,1,3,0,0,0.5585,459,2024
691,26,6,4,0,0,1.3932,319,2024
692,836,6,9,0,0,2.3316,214,2024
693,803,1,5,0,0,0.8592,394,2024
694,567,11,12,0,0,4.5412,76,2024
695,493,1,7,0,0,0.0,,2024
696,731,4,4,0,0,1.6736,277,2024
697,10,2,2,0,0,1.5774,295,2024
698,512,2,3,0,0,0.4754,484,2024
699,560,0,7,0,0,0.0,,2024
700,66,6,3,0,0,3.82615,112,2024
701,166,1,2,0,0,0.4832,480,2024
702,48,1,5,0,0,0.3127,518,2024
703,669,7,8,0,0,2.46165,200,2024
704,170,3,9,0,0,0.7501,418,2024
705,191,3,8,0,0,1.1158,354,2024
706,244,0,16,0,0,0.0,,2024
707,283,4,8,0,0,2.8999,169,2024
708,671,0,5,0,0,0.0,,2024
709,234,1,5,0,0,0.1815,551,2024
710,737,3,12,0,0,1.9533,246,2024
711,723,5,6,0,0,3.2789,143,2024
712,952,1,8,0,0,0.7456,420,2024
713,475,0,3,0,0,0.0,,2024
714,701,4,21,0,0,2.0931,236,2024
715,423,5,3,0,0,2.7604,176,2024
716,119,0,6,0,0,0.0,,2024
717,778,1,4,0,0,0.2315,538,2024
718,886,3,6,0,0,2.081,237,2024
719,772,10,9,2,0,5.72555,27,2024
720,38,4,4,0,0,2.3397,212,2024
721,727,2,17,0,0,0.9238,382,2024
722,396,3,4,1,0,2.5755,192,2024
723,831,0,0,0,0,0.0,,2024
724,941,3,3,0,0,1.5521,297,2024
725,131,0,4,0,0,0.0,,2024
726,408,0,8,0,0,0.0,,2024
727,171,1,0,0,0,0.3551,509,2024
728,34,4,2,0,0,1.6651,280,2024
729,828,3,4,0,0,2.032,242,2024
730,835,2,6,0,0,0.5511,461,2024
731,884,5,2,0,0,3.1075,154,2024
732,45,3,6,0,0,1.146,346,2024
733,503,5,9,0,0,1.9177,250,2024
734,240,3,1,0,0,1.576,296,2024
735,439,1,11,0,0,0.6654,440,2024
736,548,6,1,0,0,2.0741,239,2024
737,534,0,11,0,0,0.0,,2024
738,273,10,13,0,0,4.67065,70,2024
739,400,8,11,0,0,4.31045,90,2024
740,264,6,3,0,0,2.44795,205,2024
741,804,0,7,0,0,0.0,,2024
742,293,5,0,0,0,3.0081,163,2024
743,263,12,10,1,0,5.0914,53,2024
744,883,2,1,0,0,1.6665,279,2024
745,521,0,3,0,0,0.0,,2024
746,476,3,5,0,0,2.0022,245,2024
747,138,3,3,1,0,2.5626,193,2024
748,549,8,10,1,1,3.8104,115,2024
749,27,6,2,0,0,3.7512,117,2024
750,230,1,9,0,0,0.7339,424,2024
751,779,5,8,0,0,1.5779,294,2024
752,738,5,6,0,0,2.7717,175,2024
753,708,1,5,0,0,0.2163,539,2024
754,638,0,3,0,0,0.0,,2024
755,951,4,5,0,0,1.6642,281,2024
756,497,1,1,0,0,0.1919,548,2024
757,881,5,6,0,0,2.4484,204,2024
758,315,3,2,0,0,1.285,328,2024
759,207,1,3,0,0,0.7911,408,2024
760,84,2,19,0,1,1.1412,348,2024
761,690,2,3,0,0,1.1167,352,2024
762,699,0,5,0,0,0.0,,2024
763,847,1,4,0,0,0.0,,2024
764,386,1,7,0,0,0.6791,434,2024
765,59,2,18,0,0,1.0629,362,2024
766,140,2,3,0,0,1.4672,310,2024
767,107,1,10,0,0,0.9034,387,2024
768,79,3,10,0,0,2.2784,218,2024
769,406,1,9,0,0,0.3557,508,2024
770,149,0,5,0,0,0.0,,2024
771,377,2,4,0,0,1.1142,355,2024
772,125,1,5,0,0,0.3579,507,2024
773,501,1,5,0,0,0.5459,462,2024
774,686,2,7,0,0,1.4813,306,2024
775,157,3,5,0,0,0.4121,496,2024
776,373,0,6,0,0,0.0,,2024
777,506,0,7,0,0,0.0,,2024
778,953,0,14,0,0,0.0,,2024
779,754,3,4,0,0,1.1307,349,2024
780,153,0,4,0,0,0.0,,2024
781,849,4,5,0,0,2.1671,229,2024
782,12,2,4,0,0,1.1112,356,2024
783,508,7,5,0,0,4.0633,99,2024
784,795,7,5,0,0,3.5264,128,2024
785,172,1,5,0,0,0.3951,499,2024
786,33,1,2,0,0,0.693,433,2024
787,189,1,1,0,0,0.394,500,2024
788,481,1,3,0,0,0.5424,464,2024
789,454,2,13,0,0,1.1641,344,2024
790,148,2,3,0,0,1.2707,333,2024
791,256,1,16,0,0,0.7818,412,2024
792,875,3,7,0,0,1.4023,318,2024
793,68,3,6,0,0,0.4943,476,2024
794,620,0,9,0,0,0.0,,2024
795,222,2,8,0,0,0.8951,389,2024
796,566,0,35,0,0,0.0,,2024
797,465,1,3,0,1,0.5849,455,2024
798,896,1,8,0,0,0.6321,447,2024
799,71,2,0,0,0,1.5113,302,2024
800,700,2,2,0,0,0.9205,384,2024
801,143,2,6,0,0,1.3807,320,2024
802,381,4,8,0,0,1.2822,329,2024
803,155,0,5,0,0,0.0,,2024
804,218,1,0,0,0,0.0498,558,2024
805,106,4,7,0,0,2.208,225,2024
806,343,3,1,0,0,1.8146,258,2024
807,448,1,5,0,0,0.1036,557,2024
808,252,0,6,0,0,0.0,,2024
809,678,0,13,0,0,0.0,,2024
810,652,0,2,0,0,0.0,,2024
811,800,0,5,0,0,0.0,,2024
812,728,3,2,0,0,1.0672,361,2024
813,407,0,3,0,0,0.0,,2024
814,415,1,6,0,0,0.6789,435,2024
815,111,7,7,0,0,3.3504,137,2024
816,192,0,3,0,0,0.0,,2024
817,279,3,7,0,0,1.3059,326,2024
818,175,5,2,0,0,2.7334,177,2024
819,956,2,2,0,0,0.607,451,2024
820,818,6,3,0,0,2.8964,170,2024
821,948,0,2,0,0,0.0,,2024
822,704,1,4,0,0,0.8856,390,2024
823,297,2,3,0,0,0.8345,398,2024
824,902,1,13,0,0,0.0,,2024
825,115,3,2,0,0,1.4732,308,2024
826,403,3,0,0,0,1.6154,287,2024
827,735,0,1,0,0,0.0,,2024
828,718,2,2,0,0,0.5184,470,2024
829,485,1,3,0,0,0.6453,446,2024
830,42,2,6,0,0,0.7292,425,2024
831,442,0,3,0,0,0.0,,2024
832,874,3,1,0,0,1.4306,314,2024
833,328,0,3,0,0,0.0,,2024
834,563,1,2,0,0,0.6675,438,2024
835,632,2,10,0,0,1.0316,370,2024
836,498,0,2,0,0,0.0,,2024
837,23,1,17,0,0,0.1989,545,2024
838,484,6,5,2,0,4.69565,69,2024
839,281,5,6,0,0,1.5133,301,2024
840,430,0,3,0,0,0.0,,2024
841,889,1,5,0,0,0.7248,427,2024
842,464,1,11,0,0,0.3098,519,2024
843,298,2,1,0,0,1.043,367,2024
844,350,3,4,0,0,1.6112,288,2024
845,180,0,0,0,0,0.0,,2024
846,199,2,7,0,0,0.7078,431,2024
847,676,0,42,0,0,0.0,,2024
848,215,3,4,0,0,1.7578,265,2024
849,83,3,3,0,0,2.0389,241,2024
850,399,0,1,0,0,0.0,,2024
851,380,0,0,0,0,0.0,,2024
852,434,0,4,0,0,0.0,,2024
853,69,0,2,0,0,0.0,,2024
854,82,0,5,0,0,0.0,,2024
855,695,3,7,0,0,2.1505,231,2024
856,197,2,7,0,0,0.7609,416,2024
857,865,0,3,0,0,0.0,,2024
858,612,1,6,0,0,0.1956,547,2024
859,574,0,2,0,0,0.0,,2024
860,924,0,6,0,0,0.0,,2024
861,259,0,3,0,0,0.0,,2024
862,729,1,2,0,0,0.1725,553,2024
863,918,2,1,0,0,0.8042,405,2024
864,491,1,3,0,0,0.8338,399,2024
865,277,3,5,0,0,0.7141,428,2024
866,4,0,4,0,0,0.0,,2024
867,359,3,3,0,0,1.5389,300,2024
868,303,2,7,1,0,1.603,290,2024
869,285,1,2,0,0,0.624,448,2024
870,93,0,1,0,0,0.0,,2024
871,529,1,3,0,0,0.8007,406,2024
872,147,0,13,0,0,0.0,,2024
873,914,0,1,0,0,0.0,,2024
874,882,4,2,0,0,2.2271,223,2024
875,629,1,8,0,0,0.1836,550,2024
876,631,0,4,0,0,0.0,,2024
877,752,0,6,0,0,0.0,,2024
878,47,0,4,0,0,0.0,,2024
879,555,0,1,0,0,0.0,,2024
880,911,0,2,0,0,0.0,,2024
881,755,0,2,0,0,0.0,,2024
882,885,2,2,0,0,1.0536,364,2024
883,887,0,5,0,0,0.0,,2024
884,954,3,11,0,0,1.6538,282,2024
885,41,1,2,0,0,0.6577,443,2024
886,213,0,12,0,0,0.0,,2024
887,707,1,3,0,0,0.2539,533,2024
888,674,1,2,0,0,0.3377,514,2024
889,480,0,0,0,0,0.0,,2024
890,833,1,6,0,0,0.2583,530,2024
891,955,0,0,0,0,0.0,,2024
892,113,1,4,0,0,0.1786,552,2024
893,594,0,3,0,0,0.0,,2024
894,418,1,1,0,0,0.4826,481,2024
895,550,0,1,0,0,0.0,,2024
896,748,0,6,0,0,0.0,,2024
897,618,0,4,0,0,0.0,,2024
898,790,0,2,0,0,0.0,,2024
899,341,0,0,0,0,0.0,,2024
900,763,2,3,0,0,1.0776,360,2024
901,783,0,2,0,0,0.0,,2024
902,195,0,6,0,0,0.0,,2024
903,904,0,4,0,0,0.0,,2024
904,730,0,8,0,0,0.0,,2024
905,597,0,0,0,0,0.0,,2024
906,223,6,2,1,0,4.0614,100,2024
907,410,1,1,0,0,0.2483,534,2024
908,288,0,7,0,0,0.0,,2024
909,50,0,1,0,0,0.0,,2024
910,898,0,4,0,0,0.0,,2024
911,861,0,1,0,0,0.0,,2024
912,402,0,1,0,0,0.0,,2024
913,876,0,0,0,0,0.0,,2024
914,524,0,3,0,0,0.0,,2024
915,637,1,5,0,0,0.5516,460,2024
916,921,0,1,0,0,0.0,,2024
917,428,0,1,0,0,0.0,,2024
918,312,0,1,0,0,0.0,,2024
919,44,1,0,0,0,0.5862,454,2024
920,309,0,0,0,0,0.0,,2024
921,556,0,5,0,0,0.0,,2024
922,316,0,0,0,0,0.0,,2024
923,651,0,2,0,0,0.0,,2024
924,787,4,3,0,0,1.6717,278,2024
925,593,0,2,0,0,0.0,,2024
926,571,1,3,0,0,0.1684,555,2024
927,176,1,1,0,0,0.4413,492,2024
928,339,0,0,0,0,0.0,,2024
929,691,1,1,0,0,0.4976,475,2024
930,456,0,3,0,0,0.0,,2024
931,117,0,0,0,0,0.0,,2024
932,63,1,3,0,0,0.5688,456,2024
933,696,0,5,0,0,0.0,,2024
934,325,0,7,0,0,0.0,,2024
935,94,3,0,0,0,1.4249,316,2024
936,520,0,0,0,0,0.0,,2024
937,243,1,6,0,0,0.8094,402,2024
938,73,1,2,0,0,0.339,512,2024
939,751,0,2,0,0,0.0,,2024
940,52,0,2,0,0,0.0,,2024
941,92,2,3,0,0,1.0406,368,2024
942,478,0,1,0,0,0.0,,2024
943,21,0,3,0,0,0.0,,2024
944,185,0,5,0,0,0.0,,2024
945,867,0,0,0,0,0.0,,2024
946,55,2,1,0,0,1.0329,369,2024
947,742,0,5,0,0,0.0,,2024
948,368,1,1,0,0,0.2842,524,2024
949,158,0,8,0,0,0.0,,2024
950,102,0,12,0,0,0.0,,2024
951,907,0,2,0,0,0.0,,2024
952,698,0,3,0,0,0.0,,2024
953,514,0,1,0,0,0.0,,2024
954,445,0,4,0,0,0.0,,2024
955,848,0,5,0,0,0.0,,2024
956,912,0,5,0,0,0.0,,2024
957,130,0,1,0,0,0.0,,2024
958,757,2,4,0,0,1.4995,304,2024
959,504,0,1,0,0,0.0,,2024
960,340,0,0,0,0,0.0,,2024
961,572,2,2,0,0,0.3658,506,2024
962,269,0,1,0,0,0.0,,2024
963,132,0,7,0,0,0.0,,2024
964,642,1,5,0,0,0.7709,413,2024
965,216,0,1,0,0,0.0,,2024
966,957,0,1,0,0,0.0,,2024
967,133,0,0,0,0,0.0,,2024
968,868,0,0,0,0,0.0,,2024
969,404,0,2,0,0,0.0,,2024
970,583,0,6,0,0,0.0,,2024
971,625,0,1,0,0,0.0,,2024
972,104,1,2,0,0,0.3792,502,2024
973,477,0,2,0,0,0.0,,2024
974,80,0,28,0,0,0.0,,2024
975,142,3,5,0,0,0.7822,411,2024
976,609,0,0,0,0,0.0,,2024
977,467,1,2,0,0,0.3773,504,2024
978,468,2,2,0,0,1.0017,373,2024
979,103,0,2,0,0,0.0,,2024
980,444,3,3,0,0,0.9774,377,2024
981,905,2,4,0,0,0.7935,407,2024
982,233,0,1,0,0,0.0,,2024
983,425,0,1,0,0,0.0,,2024
984,304,1,6,0,0,0.9062,386,2024
985,518,0,0,0,0,0.0,,2024
986,184,0,0,0,0,0.0,,2024
987,680,1,2,0,0,0.5366,465,2024
988,426,1,0,0,0,0.7406,422,2024
989,150,2,5,0,0,1.3031,327,2024
990,732,0,1,0,0,0.0,,2024
991,305,1,2,0,0,0.0,,2024
992,814,1,0,0,0,0.5196,469,2024
993,154,0,4,0,0,0.0,,2024
994,237,1,2,0,0,0.4043,498,2024
995,334,0,4,0,0,0.0,,2024
996,225,0,0,0,0,0.0,,2024
997,915,0,1,0,0,0.0,,2024
998,141,1,2,0,0,0.2872,523,2024
999,46,0,2,0,0,0.0,,2024
1000,210,0,2,0,0,0.0,,2024
1001,99,0,0,0,0,0.0,,2024
1002,25,0,4,0,0,0.0,,2024
1003,770,0,7,0,0,0.0,,2024
1004,873,2,0,0,0,0.8719,392,2024
1005,726,0,4,0,0,0.0,,2024
1006,449,1,1,0,0,0.3821,501,2024
1007,649,0,4,0,0,0.0,,2024
1008,624,0,1,0,0,0.0,,2024
1009,608,0,6,0,0,0.0,,2024
1010,18,0,2,0,0,0.0,,2024
1011,257,0,4,0,0,0.0,,2024
1012,296,2,4,0,0,0.5198,468,2024
1013,510,0,2,0,0,0.0,,2024
1014,308,0,1,0,0,0.0,,2024
1015,385,1,13,0,0,0.4848,479,2024
1016,495,0,9,0,0,0.0,,2024
1017,871,1,4,0,0,0.4922,477,2024
1018,596,0,6,0,0,0.0,,2024
1019,657,0,1,0,0,0.0,,2024
1020,224,0,5,0,0,0.0,,2024
1021,22,1,1,0,0,0.4793,483,2024
1022,636,0,2,0,0,0.0,,2024
1023,327,0,0,0,0,0.0,,2024
1024,146,1,1,0,0,0.5098,472,2024
1025,313,1,1,0,0,0.2047,543,2024
1026,447,0,9,0,0,0.0,,2024
1027,486,0,3,0,1,0.0,,2024
1028,443,0,0,0,0,0.0,,2024
1029,307,0,2,0,0,0.0,,2024
1030,40,0,0,0,0,0.0,,2024
1031,745,0,0,0,0,0.0,,2024
1032,382,0,2,0,0,0.0,,2024
1033,758,1,1,0,0,0.5311,467,2024
1034,538,1,7,0,0,0.6628,441,2024
1035,931,2,2,0,0,0.458,488,2024
1036,878,0,33,0,0,0.0,,2024
1037,30,2,4,0,0,1.3153,325,2024
1038,834,0,3,0,0,0.0,,2024
1039,739,1,3,0,0,0.5994,453,2024
1040,159,0,0,0,0,0.0,,2024
1041,255,0,0,0,0,0.0,,2024
1042,923,0,1,0,0,0.0,,2024
1043,511,1,0,0,0,0.5165,471,2024
1044,61,0,6,0,0,0.0,,2024
1045,437,0,10,0,0,0.0,,2024
1046,850,0,4,0,0,0.0,,2024
1047,650,1,5,0,0,0.7478,419,2024
1048,389,0,2,0,0,0.0,,2024
1049,933,2,3,0,0,0.6943,432,2024
1050,275,1,1,0,0,0.2343,537,2024
1051,860,0,1,0,0,0.0,,2024
1052,681,1,5,0,0,0.7341,423,2024
1053,128,1,2,0,0,0.2361,536,2024
1054,925,0,2,0,0,0.0,,2024
1055,903,1,7,0,0,0.3494,511,2024
1056,383,0,3,0,0,0.0,,2024
1057,659,0,2,0,0,0.0,,2024
1058,463,0,0,0,0,0.0,,2024
1059,314,1,3,0,0,0.2748,527,2024
1060,118,0,5,0,0,0.0,,2024
1061,81,1,0,0,0,0.2078,542,2024
1062,544,0,1,0,0,0.0,,2024
1063,877,1,6,0,0,0.2385,535,2024
1064,513,0,0,0,0,0.0,,2024
1065,482,0,1,0,0,0.0,,2024
1066,323,0,0,0,0,0.0,,2024
1067,177,2,4,0,0,0.3031,522,2024
1068,208,0,4,0,0,0.0,,2024
1069,369,0,0,0,0,0.0,,2024
1070,453,0,0,0,0,0.0,,2024
1071,344,0,1,0,0,0.0,,2024
1072,5,0,5,0,0,0.0,,2024
1073,900,0,0,0,0,0.0,,2024
1074,771,0,3,0,0,0.0,,2024
1075,502,2,3,0,0,0.7851,410,2024
1076,666,0,8,0,0,0.0,,2024
1077,214,0,2,0,0,0.0,,2024
1078,662,0,1,0,0,0.0,,2024
1079,362,1,1,1,0,0.9952,375,2024
1080,310,0,1,0,0,0.0,,2024
1081,759,0,1,0,0,0.0,,2024
1082,895,0,1,0,0,0.0,,2024
1083,603,1,3,0,0,0.2134,540,2024
1084,365,0,0,0,0,0.0,,2024
1085,794,0,0,0,0,0.0,,2024
1086,393,0,4,0,0,0.0,,2024
1087,507,0,1,0,0,0.0,,2024
1088,54,3,2,0,0,1.3542,323,2024
1089,798,0,7,0,0,0.0,,2024
1090,122,0,2,0,0,0.0,,2024
1091,375,0,0,0,0,0.0,,2024
1092,441,0,0,0,0,0.0,,2024
1093,194,0,3,0,0,0.0,,2024
1094,768,0,1,0,0,0.0,,2024
1095,909,0,6,0,0,0.0,,2024
1096,124,0,0,0,0,0.0,,2024
1097,72,0,0,0,0,0.0,,2024
1098,209,0,2,0,0,0.0,,2024
1099,767,2,1,0,0,1.1223,350,2024
1100,235,0,1,0,0,0.0,,2024
1101,585,0,3,0,0,0.0,,2024
1102,219,0,2,0,0,0.0,,2024
1103,165,0,1,0,0,0.0,,2024
1104,747,0,1,0,0,0.0,,2024
1105,212,0,0,0,0,0.0,,2024
1106,126,0,0,0,0,0.0,,2024
1107,591,0,2,0,0,0.0,,2024
1108,764,1,1,0,0,0.8194,401,2024
1109,530,0,0,0,0,0.0,,2024
1110,401,0,5,0,0,0.0,,2024
1111,703,0,0,0,0,0.0,,2024
1112,646,0,2,0,0,0.0,,2024
1113,335,0,0,0,0,0.0,,2024
1114,602,0,4,0,0,0.0,,2024
1115,562,0,0,0,0,0.0,,2024
1116,19,0,1,0,0,0.0,,2024
1117,360,0,1,0,0,0.0,,2024
1118,336,0,0,0,0,0.0,,2024
1119,346,0,2,0,0,0.0,,2024
1120,526,0,6,0,0,0.0,,2024
1121,276,1,6,0,0,0.5657,457,2024
1122,920,0,0,0,0,0.0,,2024
1123,844,0,4,0,0,0.0,,2024
1124,766,1,5,0,0,0.2761,526,2024
1125,319,0,1,0,0,0.0,,2024
1126,568,2,1,0,0,1.2152,340,2024
1127,765,0,0,0,0,0.0,,2024
1128,656,0,3,0,0,0.0,,2024
1129,134,0,1,0,0,0.0,,2024
1130,899,0,5,0,0,0.0,,2024
1131,348,0,2,0,0,0.0,,2024
1132,661,0,2,0,0,0.0,,2024
1133,570,0,6,0,0,0.0,,2024
1134,930,0,1,0,0,0.0,,2024
1135,306,0,1,0,0,0.0,,2024
1136,76,0,1,0,0,0.0,,2024
1137,862,0,2,0,0,0.0,,2024
1138,431,1,1,0,0,0.0,,2024
1139,249,0,0,0,0,0.0,,2024
1140,450,1,1,0,0,0.2822,525,2024
1141,330,0,1,0,0,0.0,,2024
1142,436,0,0,0,0,0.0,,2024
1143,260,1,1,0,0,0.1688,554,2024
1144,28,0,2,0,0,0.0,,2024
1145,75,0,2,0,0,0.0,,2024
1146,673,0,1,0,0,0.0,,2024
1147,15,0,0,0,0,0.0,,2024
1148,14,0,4,0,0,0.0,,2024
1149,70,1,3,0,0,0.304,521,2024
1150,354,1,5,0,0,0.0389,559,2024
1151,49,0,6,0,0,0.0,,2024
1152,866,0,2,0,0,0.0,,2024
1153,374,0,3,0,0,0.0,,2024
1154,161,0,16,0,0,0.0,,2024
1155,361,0,1,0,0,0.0,,2024
1156,611,0,2,0,0,0.0,,2024
1157,515,0,5,0,0,0.0,,2024
1158,164,0,3,0,0,0.0,,2024
1159,908,1,0,0,0,0.2576,531,2024
1160,517,0,0,0,0,0.0,,2024
1161,647,0,0,0,0,0.0,,2024
1162,692,0,1,0,0,0.0,,2024
1163,206,0,1,0,0,0.0,,2024
1164,238,0,1,0,0,0.0,,2024
1165,156,0,0,0,0,0.0,,2024
1166,455,0,2,0,0,0.0,,2024
1167,939,0,0,0,0,0.0,,2024
1168,610,1,1,0,0,0.3296,515,2024
1169,74,1,3,0,0,0.1984,546,2024
1170,123,0,1,0,0,0.0,,2024
1171,424,0,0,0,0,0.0,,2024
1172,604,0,0,0,0,0.0,,2024
1173,395,0,2,0,0,0.0,,2024
1174,796,0,2,0,0,0.0,,2024
1175,545,0,6,0,0,0.0,,2024
1176,749,0,0,0,0,0.0,,2024
1177,435,0,0,0,0,0.0,,2024
1178,605,0,0,0,0,0.0,,2024
1179,300,0,6,0,0,0.0,,2024
1180,679,0,2,0,0,0.0,,2024
1181,57,0,4,0,0,0.0,,2024
1182,392,1,0,0,0,0.745,421,2024
1183,928,0,1,0,0,0.0,,2024
1184,667,0,1,0,0,0.0,,2024
1185,378,0,2,0,0,0.0,,2024
1186,178,1,3,0,0,0.4628,486,2024
1187,830,0,6,0,0,0.0,,2024
1188,916,0,5,0,0,0.0,,2024
1189,528,3,3,0,0,0.9896,376,2024
1190,241,1,5,0,0,0.2021,544,2024
1191,211,0,3,0,0,0.0,,2024
1192,958,0,4,0,0,0.0,,2024
1193,635,0,2,0,0,0.0,,2024
1194,929,0,1,0,0,0.0,,2024
1195,376,0,12,0,0,0.0,,2024
1196,91,1,1,0,0,0.5035,473,2024
1197,734,0,3,0,0,0.0,,2024
1198,226,1,10,0,0,0.9271,381,2024
1199,274,0,0,0,0,0.0,,2024
1200,187,0,2,0,0,0.0,,2024
1201,927,0,1,0,0,0.0,,2024
1202,821,2,6,0,0,1.5479,298,2024
1203,853,0,2,0,0,0.0,,2024
1204,193,0,6,0,0,0.0,,2024
1205,741,0,8,0,0,0.0,,2024
1206,364,0,0,0,0,0.0,,2024
1207,658,0,0,0,0,0.0,,2024
1208,169,0,1,0,0,0.0,,2024
1209,451,0,1,0,0,0.0,,2024
1210,474,0,5,0,0,0.0,,2024
1211,940,0,0,0,0,0.0,,2024
1212,926,1,1,0,0,0.7087,430,2024
1213,246,0,6,0,0,0.0,,2024
1214,797,1,6,0,0,0.3153,517,2024
1215,575,0,0,0,0,0.0,,2024
1216,606,0,2,0,0,0.0,,2024
1217,590,1,7,0,0,0.3386,513,2024
1218,721,0,3,0,0,0.0,,2024
1219,236,0,1,0,0,0.0,,2024
1220,564,0,0,0,0,0.0,,2024
1221,706,0,4,0,0,0.0,,2024
1222,60,0,1,0,0,0.0,,2024
1223,494,0,1,0,0,0.0,,2024
1224,769,0,1,0,0,0.0,,2024
1225,458,0,0,0,0,0.0,,2024
1226,88,0,1,0,0,0.0,,2024
1227,959,0,1,0,0,0.0,,2024
1228,95,0,4,0,0,0.0,,2024
1229,379,0,1,0,0,0.0,,2024
1230,67,1,0,0,0,0.2089,541,2024
1231,342,0,0,0,0,0.0,,2024
1232,278,0,0,0,0,0.0,,2024
1233,311,0,4,0,0,0.0,,2024
1234,897,0,0,0,0,0.0,,2024
1235,577,0,1,0,0,0.0,,2024
1236,398,0,0,0,0,0.0,,2024
1237,183,0,3,0,0,0.0,,2024
1238,231,0,17,0,0,0.0,,2024
1239,85,0,2,0,0,0.0,,2024
1240,253,1,0,0,0,0.5431,463,2024
1241,743,0,0,0,0,0.0,,2024
1242,168,0,5,0,0,0.0,,2024
1243,600,0,0,0,0,0.0,,2024
1244,639,0,1,0,0,0.0,,2024
1245,648,0,2,0,0,0.0,,2024
1246,616,0,0,0,0,0.0,,2024
1247,879,0,1,0,0,0.0,,2024
1248,179,0,0,0,0,0.0,,2024
1249,329,0,0,0,0,0.0,,2024
1250,935,2,3,0,0,1.272,332,2024
1251,317,0,4,0,0,0.0,,2024
1252,363,0,4,0,0,0.0,,2024
1253,615,2,2,0,0,0.5653,458,2024
1254,822,1,8,0,0,0.4119,497,2024
1255,626,0,0,0,0,0.0,,2024
1256,500,0,0,0,0,0.0,,2024
1257,762,1,1,0,0,0.6773,436,2024
1258,677,0,4,0,0,0.0,,2024
1259,203,0,0,0,0,0.0,,2024
1260,287,0,0,0,0,0.0,,2024
1261,774,0,3,0,0,0.0,,2024
1262,801,0,4,0,0,0.0,,2024
1263,162,0,0,0,0,0.0,,2024
1264,433,0,1,0,0,0.0,,2024
1265,641,0,3,0,0,0.0,,2024
1266,653,0,3,0,0,0.0,,2024
1267,789,2,2,0,0,0.6566,445,2024
1268,387,0,0,0,0,0.0,,2024
1269,202,0,5,0,0,0.0,,2024
1270,13,0,1,0,0,0.0,,2024
1271,901,0,10,0,0,0.0,,2024
1272,24,0,3,0,0,0.0,,2024
1273,744,0,3,0,0,0.0,,2024
1274,880,0,2,0,0,0.0,,2024
1275,459,0,0,0,0,0.0,,2024
1276,890,0,0,0,0,0.0,,2024
1277,922,0,2,0,0,0.0,,2024
1278,272,1,1,0,0,0.1871,549,2024
1279,913,0,0,0,0,0.0,,2024
1280,934,0,2,0,0,0.0,,2024
336,1,0,17,0,0,0.0,,2025
337,2,6,11,0,0,3.196989,165,2025
338,3,0,7,0,0,0.0,,2025
339,4,0,2,0,0,0.0,,2025
340,5,0,2,0,0,0.0,,2025
341,6,0,1,0,0,0.0,,2025
342,7,9,10,0,2,3.663739,144,2025
343,8,9,12,6,0,6.3497055,6,2025
344,9,4,1,0,0,1.899265,257,2025
345,10,1,5,0,0,0.445779,441,2025
346,11,4,14,0,0,2.591504,205,2025
347,12,1,7,0,0,0.233196,481,2025
348,13,0,1,0,0,0.0,,2025
349,14,0,2,0,0,0.0,,2025
350,15,0,0,0,0,0.0,,2025
351,16,1,15,0,0,0.723965,390,2025
352,18,0,5,0,0,0.0,,2025
353,19,0,2,0,0,0.0,,2025
354,21,1,2,0,0,0.72522,389,2025
355,22,0,1,0,0,0.0,,2025
356,23,0,6,0,0,0.0,,2025
357,24,0,2,0,0,0.0,,2025
358,25,0,1,0,0,0.0,,2025
359,26,2,6,0,0,1.166876,325,2025
360,27,4,9,0,0,0.844416,360,2025
361,28,0,5,0,0,0.0,,2025
362,29,9,9,0,2,5.2460105,65,2025
363,30,1,5,0,0,0.060943,500,2025
364,31,8,10,4,0,5.9035675,32,2025
365,32,16,17,6,0,6.2925255,11,2025
366,33,0,5,0,0,0.0,,2025
367,34,0,9,0,0,0.0,,2025
368,35,2,12,0,0,0.918444,349,2025
369,36,8,14,4,0,6.1799605,18,2025
370,37,7,15,0,1,3.3834015,160,2025
371,38,2,1,0,0,1.056103,334,2025
372,39,0,2,0,0,0.0,,2025
373,40,0,0,0,0,0.0,,2025
374,41,2,9,0,0,0.537014,417,2025
375,42,1,6,0,0,0.165442,490,2025
376,43,9,6,6,0,6.3648495,5,2025
377,44,0,0,0,0,0.0,,2025
378,45,4,12,0,0,0.877039,357,2025
379,46,0,0,0,0,0.0,,2025
380,47,3,2,0,0,1.463703,296,2025
381,48,0,2,0,0,0.0,,2025
382,49,1,6,0,0,0.3696,463,2025
383,50,0,13,0,0,0.0,,2025
384,51,7,6,1,1,4.870944,79,2025
385,52,0,1,0,0,0.0,,2025
386,53,1,8,0,0,0.0,,2025
387,54,3,0,0,0,1.603194,278,2025
388,55,0,2,0,0,0.0,,2025
389,56,6,10,0,2,2.42911,214,2025
390,57,0,2,0,0,0.0,,2025
391,58,4,29,0,0,2.274781,225,2025
392,59,5,22,0,0,2.378383,220,2025
393,60,0,0,0,0,0.0,,2025
394,61,0,2,0,0,0.0,,2025
395,62,4,10,0,2,3.054132,176,2025
396,63,0,7,0,0,0.0,,2025
397,64,10,18,0,1,4.4898735,99,2025
398,65,6,9,0,3,3.565783,150,2025
399,66,4,12,0,0,1.938519,250,2025
400,67,0,2,0,0,0.0,,2025
401,68,0,4,0,0,0.0,,2025
402,69,0,9,0,0,0.0,,2025
403,70,0,5,0,0,0.0,,2025
404,71,2,0,0,0,1.453451,298,2025
405,72,0,2,0,0,0.0,,2025
406,73,2,10,0,0,0.802653,372,2025
407,74,0,2,0,0,0.0,,2025
408,75,2,2,0,0,0.931887,347,2025
409,76,1,1,0,0,0.739559,384,2025
410,77,2,9,0,1,0.578598,410,2025
411,78,2,2,0,0,1.219394,318,2025
412,79,2,5,0,0,0.081556,499,2025
413,81,0,1,0,0,0.0,,2025
414,82,0,23,0,0,0.0,,2025
415,83,3,5,0,0,0.786163,374,2025
416,84,2,5,0,0,0.287686,475,2025
417,85,0,0,0,0,0.0,,2025
418,87,7,6,1,0,5.221814,66,2025
419,88,0,1,0,0,0.0,,2025
420,89,4,3,0,1,3.002689,179,2025
421,90,15,22,1,1,5.287685,62,2025
422,91,0,2,0,0,0.0,,2025
423,92,0,2,0,0,0.0,,2025
424,93,0,4,0,0,0.0,,2025
425,94,1,0,0,0,0.357949,466,2025
426,95,0,2,0,0,0.0,,2025
427,96,0,3,0,0,0.0,,2025
428,97,7,11,0,1,3.884119,126,2025
429,98,1,4,0,0,0.273705,477,2025
430,99,1,1,0,0,0.100556,496,2025
431,100,13,18,0,0,4.9188365,76,2025
432,101,3,9,0,0,2.189819,234,2025
433,103,0,22,0,0,0.0,,2025
434,104,0,5,0,0,0.0,,2025
435,105,5,9,1,1,2.783832,191,2025
436,106,2,4,0,0,0.744757,383,2025
437,107,4,8,0,0,2.017386,245,2025
438,108,3,5,0,0,1.324969,308,2025
439,109,8,13,0,0,3.062646,175,2025
440,110,3,9,0,0,1.449184,299,2025
441,111,3,14,0,0,1.246998,313,2025
442,112,1,5,0,0,0.519269,421,2025
443,113,2,5,0,0,1.219573,317,2025
444,114,10,17,0,3,4.8273875,81,2025
445,115,1,4,0,0,0.376053,462,2025
446,116,5,5,0,0,2.925613,183,2025
447,117,0,0,0,0,0.0,,2025
448,118,0,2,0,0,0.0,,2025
449,119,1,7,0,0,0.714465,392,2025
450,120,6,11,1,1,3.738125,138,2025
451,121,1,4,0,0,0.732748,388,2025
452,122,0,1,0,0,0.0,,2025
453,123,0,1,0,0,0.0,,2025
454,124,0,0,0,0,0.0,,2025
455,125,4,3,0,0,2.115075,239,2025
456,126,0,0,0,0,0.0,,2025
457,127,4,2,0,0,2.535938,208,2025
458,128,3,4,0,0,0.946407,345,2025
459,130,0,3,0,0,0.0,,2025
460,131,0,3,0,0,0.0,,2025
461,132,0,10,0,0,0.0,,2025
462,133,0,1,0,0,0.0,,2025
463,134,0,0,0,0,0.0,,2025
464,135,0,13,0,1,0.0,,2025
465,136,4,11,0,0,0.977236,343,2025
466,137,10,7,0,0,3.826044,134,2025
467,138,5,7,0,0,2.110413,240,2025
468,139,5,9,0,0,1.811078,266,2025
469,140,4,3,0,0,0.983868,341,2025
470,141,0,1,0,0,0.0,,2025
471,142,0,1,0,0,0.0,,2025
472,143,0,20,0,0,0.0,,2025
473,144,4,12,0,0,2.255063,227,2025
474,145,11,14,0,0,5.324252,60,2025
475,146,0,1,0,0,0.0,,2025
476,147,0,5,0,0,0.0,,2025
477,148,1,6,0,0,0.555476,411,2025
478,149,0,12,0,0,0.0,,2025
479,150,0,0,0,0,0.0,,2025
480,151,2,9,0,0,1.038358,335,2025
481,152,8,7,3,0,6.016939,29,2025
482,153,0,4,0,0,0.0,,2025
483,154,0,3,0,0,0.0,,2025
484,155,6,9,0,0,1.8666435,259,2025
485,156,0,1,0,0,0.0,,2025
486,157,0,2,0,0,0.0,,2025
487,158,0,0,0,0,0.0,,2025
488,159,0,1,0,0,0.0,,2025
489,160,7,14,2,2,5.4738315,54,2025
490,161,0,9,0,0,0.0,,2025
491,162,0,0,0,0,0.0,,2025
492,163,10,17,2,0,5.850242,37,2025
493,164,0,2,0,0,0.0,,2025
494,165,0,0,0,0,0.0,,2025
495,166,0,10,0,0,0.0,,2025
496,167,7,10,0,1,4.7226205,88,2025
497,168,0,4,0,0,0.0,,2025
498,169,0,1,0,0,0.0,,2025
499,170,2,2,0,0,0.64689,402,2025
500,171,0,6,0,0,0.0,,2025
501,172,2,7,0,0,1.295214,311,2025
502,173,1,6,0,1,0.481448,428,2025
503,174,1,9,0,0,0.407062,452,2025
504,175,0,6,0,0,0.0,,2025
505,176,0,4,0,0,0.0,,2025
506,177,0,1,0,0,0.0,,2025
507,178,0,1,0,0,0.0,,2025
508,179,0,0,0,0,0.0,,2025
509,180,4,3,0,0,0.903208,352,2025
510,181,1,16,0,0,0.43843,443,2025
511,182,0,4,0,0,0.0,,2025
512,183,0,7,0,0,0.0,,2025
513,184,4,1,0,0,2.311347,223,2025
514,185,0,4,0,0,0.0,,2025
515,186,5,5,1,0,4.258598,111,2025
516,187,0,10,0,0,0.0,,2025
517,188,3,12,0,1,2.374783,221,2025
518,189,2,6,0,0,0.622692,406,2025
519,190,2,11,0,0,1.100508,330,2025
520,191,3,3,0,0,1.967736,249,2025
521,192,1,2,0,0,0.276035,476,2025
522,193,0,1,0,0,0.0,,2025
523,194,0,0,0,0,0.0,,2025
524,195,0,3,0,0,0.0,,2025
525,196,0,2,0,0,0.0,,2025
526,197,3,1,0,0,0.790643,373,2025
527,198,0,4,0,4,0.0,,2025
528,199,0,5,0,0,0.0,,2025
529,200,6,23,0,2,3.9821645,123,2025
530,201,6,11,3,0,5.0911445,71,2025
531,202,0,7,0,0,0.0,,2025
532,204,8,15,0,1,4.1158805,117,2025
533,205,0,2,0,0,0.0,,2025
534,206,0,0,0,0,0.0,,2025
535,207,3,4,0,0,1.427316,301,2025
536,208,0,4,0,0,0.0,,2025
537,209,0,0,0,0,0.0,,2025
538,210,2,0,0,0,0.715719,391,2025
539,211,0,1,0,0,0.0,,2025
540,212,0,0,0,0,0.0,,2025
541,213,0,10,0,0,0.0,,2025
542,214,0,3,0,0,0.0,,2025
543,215,4,3,0,0,2.850152,188,2025
544,216,0,1,0,0,0.0,,2025
545,217,18,15,2,6,6.141872,21,2025
546,218,1,3,0,0,0.041047,503,2025
547,219,0,1,0,0,0.0,,2025
548,220,9,18,2,1,5.9078685,31,2025
549,221,0,2,0,0,0.0,,2025
550,222,4,7,0,0,2.218678,229,2025
551,223,3,6,0,0,1.717153,272,2025
552,224,0,1,0,0,0.0,,2025
553,225,0,1,0,0,0.0,,2025
554,226,3,3,0,0,0.115433,493,2025
555,227,4,13,0,0,2.599212,203,2025
556,228,8,23,0,0,3.0432785,177,2025
557,229,10,17,0,0,4.7302395,87,2025
558,230,6,16,0,0,2.287149,224,2025
559,232,4,11,0,0,0.842982,361,2025
560,233,0,0,0,0,0.0,,2025
561,234,0,11,0,0,0.0,,2025
562,235,0,2,0,0,0.0,,2025
563,236,0,1,0,0,0.0,,2025
564,237,0,3,0,0,0.0,,2025
565,238,0,0,0,0,0.0,,2025
566,239,9,12,2,2,5.655135,46,2025
567,240,0,4,0,0,0.0,,2025
568,241,0,0,0,0,0.0,,2025
569,242,0,10,0,0,0.0,,2025
570,243,0,2,0,0,0.0,,2025
571,244,1,8,0,0,0.517655,422,2025
572,245,1,3,0,0,0.600466,408,2025
573,246,0,3,0,0,0.0,,2025
574,247,4,20,0,0,2.232836,228,2025
575,248,3,13,0,4,0.700305,393,2025
576,249,0,2,0,0,0.0,,2025
577,250,2,11,0,0,0.636673,404,2025
578,251,7,2,0,0,4.1818415,113,2025
579,252,1,2,0,0,0.420326,449,2025
580,253,0,1,0,0,0.0,,2025
581,254,3,11,0,0,1.72038,271,2025
582,255,0,0,0,0,0.0,,2025
583,256,1,10,0,0,0.40993,451,2025
584,257,2,9,0,0,0.830615,365,2025
585,258,7,11,0,0,3.558435,152,2025
586,259,0,5,0,0,0.0,,2025
587,260,0,1,0,0,0.0,,2025
588,261,12,20,0,3,5.7576635,41,2025
589,262,8,10,0,2,4.42893,102,2025
590,263,8,10,0,0,3.5614805,151,2025
591,264,7,19,0,0,2.5946305,204,2025
592,265,9,8,6,1,6.283205,14,2025
593,266,0,3,0,0,0.0,,2025
594,267,10,8,7,1,6.3158935,9,2025
595,268,4,5,0,0,2.207743,232,2025
596,269,0,0,0,0,0.0,,2025
597,270,2,3,0,0,0.545603,414,2025
598,271,4,4,0,0,1.573221,281,2025
599,272,0,2,0,0,0.0,,2025
600,273,6,13,0,0,3.8458505,131,2025
601,274,0,3,0,0,0.0,,2025
602,275,0,0,0,0,0.0,,2025
603,276,0,0,0,0,0.0,,2025
604,277,1,15,0,0,0.537552,416,2025
605,278,0,0,0,0,0.0,,2025
606,279,0,4,0,0,0.0,,2025
607,280,1,10,0,0,0.218856,485,2025
608,281,0,7,0,0,0.0,,2025
609,282,6,15,1,1,3.586396,149,2025
610,283,1,9,0,0,0.352572,467,2025
611,285,0,5,0,0,0.0,,2025
612,286,19,12,1,0,5.4997305,52,2025
613,287,0,1,0,0,0.0,,2025
614,288,0,3,0,0,0.0,,2025
615,289,7,14,0,1,3.835364,133,2025
616,290,2,10,0,1,1.609752,276,2025
617,291,7,7,1,1,4.771203,83,2025
618,292,21,11,15,0,6.4584155,1,2025
619,293,3,12,0,0,1.230686,316,2025
620,294,9,14,0,3,3.9980285,122,2025
621,295,5,15,3,0,4.518911,98,2025
622,296,0,0,0,0,0.0,,2025
623,297,0,5,0,0,0.0,,2025
624,298,1,3,0,0,0.595268,409,2025
625,299,2,15,0,1,1.556192,285,2025
626,300,0,13,0,0,0.0,,2025
627,301,3,9,0,0,1.828464,263,2025
628,302,8,12,0,2,5.273974,63,2025
629,303,3,1,0,0,1.817709,264,2025
630,304,0,11,0,0,0.0,,2025
631,305,0,4,0,0,0.0,,2025
632,306,0,0,0,0,0.0,,2025
633,307,0,1,0,0,0.0,,2025
634,308,0,0,0,0,0.0,,2025
635,309,1,5,0,0,0.433411,444,2025
636,310,0,3,0,0,0.0,,2025
637,311,0,1,0,0,0.0,,2025
638,312,0,0,0,0,0.0,,2025
639,313,0,1,0,0,0.0,,2025
640,314,0,0,0,0,0.0,,2025
641,315,0,5,0,0,0.0,,2025
642,316,3,2,0,0,1.392543,303,2025
643,317,0,7,0,0,0.0,,2025
644,318,0,3,0,0,0.0,,2025
645,319,1,1,0,0,0.393081,457,2025
646,320,12,17,0,1,5.6204525,47,2025
647,321,1,17,0,0,0.746908,382,2025
648,322,6,5,0,0,2.886181,187,2025
649,323,0,1,0,0,0.0,,2025
650,324,0,6,0,0,0.0,,2025
651,325,1,2,0,0,0.67055,397,2025
652,326,6,7,1,1,4.306955,109,2025
653,327,0,0,0,0,0.0,,2025
654,328,1,4,0,0,0.192687,488,2025
655,329,0,1,0,0,0.0,,2025
656,330,0,2,0,0,0.0,,2025
657,331,4,7,0,0,1.647248,273,2025
658,332,2,6,0,0,0.862162,359,2025
659,334,0,1,0,0,0.0,,2025
660,335,0,0,0,0,0.0,,2025
661,336,0,3,0,0,0.0,,2025
662,337,8,16,1,0,5.8862695,36,2025
663,338,9,8,0,0,4.364133,106,2025
664,339,0,3,0,0,0.0,,2025
665,340,0,2,0,0,0.0,,2025
666,341,0,0,0,0,0.0,,2025
667,342,0,0,0,0,0.0,,2025
668,343,6,8,0,0,3.399265,159,2025
669,344,1,1,0,0,0.113461,494,2025
670,345,10,10,2,1,5.5806645,48,2025
671,346,0,7,0,0,0.0,,2025
672,347,11,12,0,2,5.417907,56,2025
673,348,0,2,0,0,0.0,,2025
674,349,11,17,1,2,5.89335,34,2025
675,350,3,6,0,0,1.777379,268,2025
676,351,4,10,0,0,3.112207,171,2025
677,352,2,3,0,0,0.806058,371,2025
678,353,6,9,1,1,4.038896,121,2025
679,354,0,2,0,0,0.0,,2025
680,355,1,7,0,1,0.668399,398,2025
681,356,8,9,0,1,4.0590605,120,2025
682,357,6,19,0,0,3.548396,153,2025
683,358,3,21,0,1,2.010755,247,2025
684,359,7,9,0,0,2.0543105,243,2025
685,360,0,1,0,0,0.0,,2025
686,361,0,1,0,0,0.0,,2025
687,362,2,1,0,0,1.739243,270,2025
688,363,0,0,0,0,0.0,,2025
689,364,0,1,0,0,0.0,,2025
690,365,1,1,0,0,0.433053,445,2025
691,366,6,15,2,1,4.93117,75,2025
692,367,11,12,3,2,6.073221,25,2025
693,368,3,0,0,0,0.672522,396,2025
694,369,0,1,0,0,0.0,,2025
695,370,6,9,0,1,4.638554,93,2025
696,371,3,6,0,1,1.587023,279,2025
697,372,14,16,5,1,6.3367095,8,2025
698,373,0,2,0,0,0.0,,2025
699,374,0,2,0,0,0.0,,2025
700,375,0,0,0,0,0.0,,2025
701,376,1,8,0,0,0.393977,456,2025
702,377,2,9,0,0,1.147876,327,2025
703,378,0,0,0,0,0.0,,2025
704,379,0,1,0,0,0.0,,2025
705,380,1,1,0,0,0.365478,465,2025
706,381,0,4,0,0,0.0,,2025
707,382,0,1,0,0,0.0,,2025
708,383,0,1,0,0,0.0,,2025
709,384,2,9,0,0,1.184263,322,2025
710,385,0,6,0,0,0.0,,2025
711,386,1,23,0,0,0.0,,2025
712,387,0,0,0,0,0.0,,2025
713,388,19,15,1,0,6.1029755,23,2025
714,389,0,2,0,0,0.0,,2025
715,390,2,6,0,0,0.872199,358,2025
716,391,0,7,0,0,0.0,,2025
717,392,0,1,0,0,0.0,,2025
718,393,0,4,0,0,0.0,,2025
719,394,1,2,0,0,0.100197,497,2025
720,395,0,1,0,0,0.0,,2025
721,396,3,7,0,0,1.785982,267,2025
722,397,1,0,0,0,0.650117,401,2025
723,398,0,0,0,0,0.0,,2025
724,399,0,2,0,0,0.0,,2025
725,400,5,12,0,0,2.674315,201,2025
726,401,0,4,0,0,0.0,,2025
727,402,1,3,0,0,0.19914,487,2025
728,403,7,2,0,0,2.7045155,198,2025
729,404,1,1,0,0,0.67772,395,2025
730,405,8,12,2,2,6.129953,22,2025
731,406,0,55,0,0,0.0,,2025
732,407,0,0,0,0,0.0,,2025
733,408,3,5,0,0,1.752643,269,2025
734,409,5,11,0,0,2.034594,244,2025
735,410,1,5,0,0,0.148055,491,2025
736,411,2,6,0,0,1.176018,324,2025
737,412,9,14,0,0,4.4062575,103,2025
738,413,3,8,0,0,1.813228,265,2025
739,414,2,13,0,1,1.440581,300,2025
740,415,0,5,0,0,0.0,,2025
741,416,7,9,0,3,4.579674,96,2025
742,417,5,18,0,0,2.778634,192,2025
743,418,0,4,0,0,0.0,,2025
744,419,5,15,1,2,2.890303,186,2025
745,420,5,11,0,0,3.936189,124,2025
746,421,4,8,2,0,3.078508,173,2025
747,422,9,10,5,0,6.2891195,13,2025
748,423,4,13,0,0,1.407242,302,2025
749,424,0,0,0,0,0.0,,2025
750,425,0,1,0,0,0.0,,2025
751,426,1,0,0,0,0.773974,377,2025
752,427,2,6,0,0,1.199856,319,2025
753,428,0,3,0,0,0.0,,2025
754,429,4,19,0,1,2.436119,212,2025
755,430,0,4,0,0,0.0,,2025
756,431,0,0,0,0,0.0,,2025
757,432,5,12,0,0,2.414411,217,2025
758,433,0,2,0,0,0.0,,2025
759,434,1,6,0,0,0.738842,385,2025
760,435,0,0,0,0,0.0,,2025
761,436,0,2,0,0,0.0,,2025
762,437,0,7,0,0,0.0,,2025
763,438,2,9,0,0,0.818426,369,2025
764,439,1,17,0,0,0.336619,471,2025
765,440,5,11,0,2,3.860728,128,2025
766,441,0,1,0,0,0.0,,2025
767,442,2,6,0,0,0.73472,387,2025
768,443,0,2,0,0,0.0,,2025
769,444,1,0,0,0,0.264922,479,2025
770,445,0,1,0,0,0.0,,2025
771,446,9,9,0,2,5.25793,64,2025
772,447,0,4,0,0,0.0,,2025
773,448,4,5,0,0,2.423193,216,2025
774,449,0,2,0,0,0.0,,2025
775,450,0,5,0,0,0.0,,2025
776,451,0,0,0,0,0.0,,2025
777,452,4,9,0,0,0.901416,353,2025
778,453,0,2,0,0,0.0,,2025
779,454,6,5,0,0,1.916383,254,2025
780,455,0,0,0,0,0.0,,2025
781,456,0,3,0,0,0.0,,2025
782,457,4,14,0,1,2.702634,199,2025
783,458,0,0,0,0,0.0,,2025
784,459,0,0,0,0,0.0,,2025
785,461,7,17,1,1,4.7167055,89,2025
786,462,6,16,0,1,2.9111855,184,2025
787,463,0,0,0,0,0.0,,2025
788,464,0,4,0,0,0.0,,2025
789,465,0,10,0,0,0.0,,2025
790,466,1,6,0,0,0.832049,364,2025
791,467,0,0,0,0,0.0,,2025
792,468,1,6,0,0,0.491307,426,2025
793,469,10,15,5,1,6.253809,17,2025
794,470,11,10,0,0,4.8642235,80,2025
795,471,10,9,2,1,5.097329,70,2025
796,472,3,13,1,0,2.725937,195,2025
797,473,4,6,0,0,2.48557,209,2025
798,474,0,2,0,0,0.0,,2025
799,475,0,13,0,0,0.0,,2025
800,476,3,5,0,0,1.075641,333,2025
801,477,0,2,0,0,0.0,,2025
802,478,0,1,0,0,0.0,,2025
803,479,6,14,0,1,3.11113,172,2025
804,480,0,3,0,0,0.0,,2025
805,481,0,6,0,0,0.0,,2025
806,482,0,1,0,0,0.0,,2025
807,483,10,12,1,2,5.8913795,35,2025
808,484,7,7,0,0,3.6611395,145,2025
809,485,1,3,0,0,0.310629,473,2025
810,486,1,7,0,0,0.0,,2025
811,487,5,7,0,0,2.953935,182,2025
812,488,15,16,10,2,6.4434485,3,2025
813,489,1,11,0,0,0.0,,2025
814,490,8,24,0,0,3.852751,129,2025
815,491,0,2,0,0,0.0,,2025
816,492,12,8,1,1,6.071966,26,2025
817,493,16,26,0,0,4.461552,100,2025
818,494,0,1,0,0,0.0,,2025
819,495,1,5,0,0,0.657286,400,2025
820,496,1,3,0,0,0.770927,378,2025
821,497,0,1,0,0,0.0,,2025
822,498,1,0,0,0,0.319412,472,2025
823,499,2,5,0,0,1.029396,337,2025
824,500,0,1,0,0,0.0,,2025
825,501,0,3,0,0,0.0,,2025
826,502,0,2,0,0,0.0,,2025
827,503,6,15,0,0,1.907331,255,2025
828,504,0,3,0,0,0.0,,2025
829,505,3,8,0,0,0.22513,483,2025
830,506,0,1,0,0,0.0,,2025
831,507,0,0,0,0,0.0,,2025
832,508,4,9,0,0,1.231762,315,2025
833,509,5,24,0,0,2.47159,211,2025
834,510,0,2,0,0,0.0,,2025
835,511,0,0,0,0,0.0,,2025
836,512,6,9,0,0,2.7844605,190,2025
837,513,0,0,0,0,0.0,,2025
838,514,0,1,0,0,0.0,,2025
839,515,0,2,0,0,0.0,,2025
840,516,11,11,0,0,5.3037275,61,2025
841,517,1,4,0,0,0.381968,459,2025
842,518,0,1,0,0,0.0,,2025
843,519,4,10,0,0,1.625381,275,2025
844,520,0,0,0,0,0.0,,2025
845,521,0,8,0,0,0.0,,2025
846,522,0,0,0,0,0.0,,2025
847,523,7,15,1,2,4.3471945,107,2025
848,524,0,0,0,0,0.0,,2025
849,525,6,11,0,1,4.5923995,95,2025
850,526,0,1,0,0,0.0,,2025
851,527,3,6,1,0,2.402402,219,2025
852,528,0,2,0,0,0.0,,2025
853,529,0,1,0,0,0.0,,2025
854,530,0,6,0,0,0.0,,2025
855,531,7,11,0,2,4.3868075,105,2025
856,532,3,8,0,1,1.934576,252,2025
857,533,7,20,0,2,4.126994,116,2025
858,534,0,9,0,0,0.0,,2025
859,535,0,13,0,0,0.0,,2025
860,536,1,5,0,0,0.456892,437,2025
861,537,4,8,0,0,1.572863,282,2025
862,538,0,2,0,0,0.0,,2025
863,539,6,13,0,2,4.259544,110,2025
864,540,3,6,0,0,0.785266,375,2025
865,541,1,4,0,0,0.816096,370,2025
866,542,8,3,0,0,4.968274,74,2025
867,543,6,14,4,0,5.3443275,59,2025
868,544,0,1,0,0,0.0,,2025
869,545,0,5,0,0,0.0,,2025
870,546,9,11,0,1,4.1052825,118,2025
871,547,3,7,0,1,1.359562,305,2025
872,548,7,3,0,0,3.780607,135,2025
873,549,5,7,0,0,2.411543,218,2025
874,550,0,2,0,0,0.0,,2025
875,551,2,2,0,0,1.542749,289,2025
876,552,5,12,0,0,2.140706,238,2025
877,553,4,8,0,1,1.033877,336,2025
878,554,9,6,0,1,3.86485,127,2025
879,555,1,5,0,0,0.291988,474,2025
880,556,0,21,0,0,0.0,,2025
881,557,3,10,0,0,2.17996,235,2025
882,558,5,8,0,0,3.020076,178,2025
883,559,8,10,0,1,4.5706215,97,2025
884,560,1,8,0,0,0.46209,434,2025
885,561,6,13,0,2,4.1662475,114,2025
886,562,0,2,0,0,0.0,,2025
887,563,0,3,0,0,0.0,,2025
888,564,0,0,0,0,0.0,,2025
889,565,7,8,2,2,5.505288,51,2025
890,566,0,0,0,0,0.0,,2025
891,567,3,11,0,0,1.549202,287,2025
892,568,0,4,0,0,0.0,,2025
893,569,2,9,0,0,0.921849,348,2025
894,570,0,1,0,0,0.0,,2025
895,571,0,1,0,0,0.0,,2025
896,572,0,1,0,0,0.0,,2025
897,573,11,17,0,1,4.6733295,92,2025
898,574,1,2,0,0,0.347195,469,2025
899,575,0,3,0,0,0.0,,2025
900,576,5,22,1,2,4.129772,115,2025
901,577,0,0,0,0,0.0,,2025
902,578,2,3,0,0,0.113461,494,2025
903,579,3,7,0,0,0.517339,423,2025
904,580,9,12,6,0,6.314842,10,2025
905,581,3,14,1,0,2.745832,194,2025
906,582,9,8,0,0,5.706399,43,2025
907,583,0,1,0,0,0.0,,2025
908,584,7,9,3,1,5.7072955,42,2025
909,585,0,5,0,0,0.0,,2025
910,586,4,11,0,0,2.435023,213,2025
911,587,6,7,0,0,2.197527,233,2025
912,588,8,15,3,1,5.5106665,50,2025
913,589,9,18,2,2,5.678258,44,2025
914,590,1,1,0,0,0.395232,455,2025
915,591,0,5,0,0,0.0,,2025
916,592,0,9,0,0,0.0,,2025
917,593,0,1,0,0,0.0,,2025
918,594,0,6,0,0,0.0,,2025
919,595,5,14,0,0,3.485034,155,2025
920,596,0,3,0,0,0.0,,2025
921,597,0,1,0,0,0.0,,2025
922,598,2,5,0,0,0.836889,363,2025
923,599,0,2,0,0,0.0,,2025
924,600,0,0,0,0,0.0,,2025
925,601,9,14,1,0,5.82444,39,2025
926,602,1,1,0,0,0.544184,415,2025
927,603,0,2,0,0,0.0,,2025
928,604,0,2,0,0,0.0,,2025
929,605,0,0,0,0,0.0,,2025
930,606,0,4,0,0,0.0,,2025
931,607,8,16,0,0,4.389496,104,2025
932,608,0,7,0,0,0.0,,2025
933,609,0,0,0,0,0.0,,2025
934,610,0,0,0,0,0.0,,2025
935,611,0,0,0,0,0.0,,2025
936,612,2,5,0,0,0.473562,431,2025
937,613,10,10,0,0,3.700394,140,2025
938,614,13,10,2,1,6.056731,28,2025
939,615,0,1,0,0,0.0,,2025
940,616,0,1,0,0,0.0,,2025
941,617,2,9,0,0,1.335186,307,2025
942,618,0,3,0,0,0.0,,2025
943,619,3,7,0,0,0.982972,342,2025
944,620,0,7,0,0,0.0,,2025
945,621,0,17,0,1,0.0,,2025
946,622,2,11,0,0,0.896935,354,2025
947,623,0,3,0,1,0.0,,2025
948,624,0,2,0,0,0.0,,2025
949,625,0,0,0,0,0.0,,2025
950,626,0,3,0,0,0.0,,2025
951,627,7,16,1,2,4.6896395,91,2025
952,628,0,29,0,1,0.0,,2025
953,629,0,6,0,0,0.0,,2025
954,630,5,11,0,0,1.642767,274,2025
955,631,2,5,0,0,1.239828,314,2025
956,632,4,14,0,0,1.583258,280,2025
957,633,2,4,0,0,0.941208,346,2025
958,634,4,8,0,0,2.100376,241,2025
959,635,1,3,0,0,0.225847,482,2025
960,636,0,3,0,0,0.0,,2025
961,637,0,3,0,0,0.0,,2025
962,638,0,8,0,0,0.0,,2025
963,639,1,2,0,0,0.246998,480,2025
964,640,3,5,0,0,1.920416,253,2025
965,641,0,3,0,0,0.0,,2025
966,642,0,2,0,0,0.0,,2025
967,643,13,11,1,1,5.1517305,69,2025
968,644,6,7,0,3,3.640259,146,2025
969,645,2,3,0,1,1.147517,328,2025
970,646,0,2,0,0,0.0,,2025
971,647,0,0,0,0,0.0,,2025
972,648,0,0,0,0,0.0,,2025
973,649,1,6,0,0,0.191074,489,2025
974,650,0,1,0,0,0.0,,2025
975,651,0,1,0,0,0.0,,2025
976,652,0,1,0,0,0.0,,2025
977,653,1,1,0,0,0.430185,446,2025
978,654,8,1,0,0,3.13031,168,2025
979,655,6,8,0,0,1.547052,288,2025
980,656,0,4,0,0,0.0,,2025
981,657,0,23,0,0,0.0,,2025
982,658,1,2,0,0,0.461373,435,2025
983,659,1,1,0,0,0.476609,429,2025
984,660,13,14,3,1,6.153344,20,2025
985,661,0,1,0,0,0.0,,2025
986,662,0,2,0,0,0.0,,2025
987,663,5,11,0,0,3.420327,157,2025
988,664,4,6,0,1,1.836888,262,2025
989,665,0,2,0,0,0.0,,2025
990,666,0,1,0,0,0.0,,2025
991,667,0,0,0,0,0.0,,2025
992,668,4,8,0,0,2.689908,200,2025
993,669,2,8,0,0,0.916472,350,2025
994,670,4,14,0,2,1.865926,260,2025
995,671,0,7,0,0,0.0,,2025
996,672,4,16,0,0,3.187668,166,2025
997,673,0,0,0,0,0.0,,2025
998,674,1,6,0,0,0.091952,498,2025
999,675,4,25,0,0,1.257574,312,2025
1000,677,0,1,0,0,0.0,,2025
1001,678,1,5,0,0,0.785087,376,2025
1002,679,0,2,0,0,0.0,,2025
1003,680,0,6,0,0,0.0,,2025
1004,681,1,4,0,0,0.449005,439,2025
1005,682,2,15,0,0,1.309913,309,2025
1006,683,2,11,0,2,0.988349,340,2025
1007,684,13,17,0,2,5.912569,30,2025
1008,685,14,24,0,2,4.9124385,77,2025
1009,686,0,19,0,0,0.0,,2025
1010,687,5,15,0,0,2.904643,185,2025
1011,688,9,8,0,0,3.674045,143,2025
1012,689,3,3,0,0,1.187847,320,2025
1013,690,2,8,0,1,1.027245,338,2025
1014,691,0,1,0,0,0.0,,2025
1015,692,0,1,0,0,0.0,,2025
1016,693,5,10,0,2,3.751748,136,2025
1017,694,12,11,0,3,4.8720195,78,2025
1018,695,0,6,0,0,0.0,,2025
1019,696,2,4,0,0,0.842086,362,2025
1020,697,4,16,0,0,1.53809,290,2025
1021,698,0,5,0,0,0.0,,2025
1022,699,0,5,0,0,0.0,,2025
1023,700,0,1,0,0,0.0,,2025
1024,701,0,20,0,0,0.0,,2025
1025,702,2,4,0,0,0.381789,460,2025
1026,703,0,0,0,0,0.0,,2025
1027,704,1,4,0,0,0.441118,442,2025
1028,705,1,6,0,1,0.421043,448,2025
1029,706,0,0,0,0,0.0,,2025
1030,707,2,0,0,0,1.07582,332,2025
1031,708,0,36,0,0,0.0,,2025
1032,709,5,14,1,1,3.900878,125,2025
1033,710,19,20,8,4,6.41925,4,2025
1034,711,0,8,0,0,0.0,,2025
1035,712,8,24,1,0,4.7331975,86,2025
1036,713,4,12,0,2,3.314035,161,2025
1037,714,5,8,0,0,3.234271,164,2025
1038,715,5,3,0,0,2.60889,202,2025
1039,716,1,9,0,0,0.404911,453,2025
1040,717,7,15,1,3,5.1974365,67,2025
1041,718,1,0,0,0,0.050726,501,2025
1042,719,14,9,0,3,5.4866465,53,2025
1043,720,4,16,0,0,1.889228,258,2025
1044,721,2,11,0,0,0.951067,344,2025
1045,722,4,2,0,0,3.588457,148,2025
1046,723,5,11,0,0,2.832407,189,2025
1047,724,1,1,0,0,0.453307,438,2025
1048,725,4,8,0,0,1.863238,261,2025
1049,726,0,4,0,0,0.0,,2025
1050,727,1,8,0,0,0.271733,478,2025
1051,728,4,7,0,0,2.214196,231,2025
1052,729,0,3,0,0,0.0,,2025
1053,730,0,7,0,0,0.0,,2025
1054,731,2,4,0,0,0.893709,355,2025
1055,732,0,0,0,0,0.0,,2025
1056,733,2,15,0,0,0.638466,403,2025
1057,734,0,1,0,0,0.0,,2025
1058,735,0,3,0,0,0.0,,2025
1059,736,2,12,0,0,1.482524,294,2025
1060,737,3,9,0,0,2.166696,237,2025
1061,738,0,10,0,0,0.0,,2025
1062,739,0,1,0,0,0.0,,2025
1063,740,5,8,0,0,2.762004,193,2025
1064,741,0,0,0,0,0.0,,2025
1065,742,1,2,0,0,0.448826,440,2025
1066,743,0,0,0,0,0.0,,2025
1067,744,0,2,0,0,0.0,,2025
1068,745,0,1,0,0,0.0,,2025
1069,746,2,2,0,0,0.91486,351,2025
1070,747,0,0,0,0,0.0,,2025
1071,748,0,1,0,0,0.0,,2025
1072,749,0,1,0,0,0.0,,2025
1073,750,3,9,0,0,2.082634,242,2025
1074,751,0,3,0,0,0.0,,2025
1075,752,0,20,0,0,0.0,,2025
1076,753,3,10,0,3,1.12565,329,2025
1077,754,1,3,0,0,0.615343,407,2025
1078,755,0,2,0,0,0.0,,2025
1079,756,6,9,1,2,2.716795,196,2025
1080,757,0,0,0,0,0.0,,2025
1081,758,0,4,0,0,0.0,,2025
1082,759,0,3,0,0,0.0,,2025
1083,760,1,10,0,0,0.69206,394,2025
1084,761,1,10,0,3,0.534863,418,2025
1085,762,0,0,0,0,0.0,,2025
1086,763,0,4,0,0,0.0,,2025
1087,764,0,0,0,0,0.0,,2025
1088,765,0,0,0,0,0.0,,2025
1089,766,0,1,0,0,0.0,,2025
1090,767,1,0,0,0,0.476071,430,2025
1091,768,0,1,0,0,0.0,,2025
1092,769,0,2,0,0,0.0,,2025
1093,770,0,3,0,0,0.0,,2025
1094,771,0,5,0,0,0.0,,2025
1095,772,6,22,1,0,3.74673,137,2025
1096,773,8,9,0,0,5.012367,73,2025
1097,774,0,0,0,0,0.0,,2025
1098,775,8,19,2,4,5.664456,45,2025
1099,776,9,24,9,1,6.453934,2,2025
1100,777,7,7,0,3,4.749597,85,2025
1101,778,0,6,0,0,0.0,,2025
1102,779,0,3,0,0,0.0,,2025
1103,780,2,6,0,0,0.462448,433,2025
1104,781,8,18,5,2,6.2719115,15,2025
1105,782,12,12,6,0,6.290464,12,2025
1106,783,1,3,0,0,0.749238,381,2025
1107,784,3,10,0,0,1.457429,297,2025
1108,785,4,16,0,2,2.705145,197,2025
1109,786,6,15,1,1,3.8494355,130,2025
1110,787,5,1,0,0,2.582003,206,2025
1111,788,7,5,0,2,3.069546,174,2025
1112,789,0,2,0,0,0.0,,2025
1113,790,0,1,0,0,0.0,,2025
1114,791,0,13,0,0,0.0,,2025
1115,792,4,10,0,0,2.17064,236,2025
1116,793,3,10,0,0,1.605843,277,2025
1117,794,0,3,0,0,0.0,,2025
1118,795,5,5,0,0,1.550099,286,2025
1119,796,0,2,0,0,0.0,,2025
1120,797,0,0,0,0,0.0,,2025
1121,798,1,4,0,0,0.404374,454,2025
1122,799,13,13,3,1,6.17055,19,2025
1123,800,1,3,0,0,0.210432,486,2025
1124,801,0,1,0,0,0.0,,2025
1125,802,16,11,5,1,6.2556025,16,2025
1126,803,3,14,0,0,1.002868,339,2025
1127,804,0,4,0,0,0.0,,2025
1128,805,3,11,0,1,1.559599,284,2025
1129,806,2,6,0,0,0.822728,368,2025
1130,807,1,5,0,0,0.0,,2025
1131,808,6,3,0,0,2.993727,180,2025
1132,809,2,12,0,0,1.537731,291,2025
1133,810,3,7,0,1,2.013623,246,2025
1134,811,6,15,3,0,4.758918,84,2025
1135,812,0,3,0,0,0.0,,2025
1136,813,16,20,1,2,6.075642,24,2025
1137,814,1,1,0,0,0.391826,458,2025
1138,815,4,8,2,1,3.606898,147,2025
1139,816,11,17,0,0,5.5466025,49,2025
1140,817,7,20,0,2,3.126008,169,2025
1141,818,5,5,0,0,2.269378,226,2025
1142,819,10,18,0,1,3.6834555,142,2025
1143,820,7,19,0,2,2.957968,181,2025
1144,821,0,5,0,0,0.0,,2025
1145,822,1,2,0,0,0.468901,432,2025
1146,823,5,7,0,0,3.162574,167,2025
1147,824,0,8,0,0,0.0,,2025
1148,825,3,11,0,0,0.662843,399,2025
1149,826,6,14,0,0,3.125022,170,2025
1150,827,3,13,0,1,2.366732,222,2025
1151,828,5,1,0,0,1.975622,248,2025
1152,829,3,13,0,2,1.530202,293,2025
1153,830,0,1,0,0,0.0,,2025
1154,831,3,2,0,0,0.823983,367,2025
1155,832,17,21,0,3,5.792526,40,2025
1156,833,1,3,0,0,0.493816,424,2025
1157,834,0,1,0,0,0.0,,2025
1158,835,13,13,0,0,4.6260085,94,2025
1159,836,1,5,0,0,0.7582,379,2025
1160,837,9,24,0,1,3.686145,141,2025
1161,838,5,16,1,0,2.474995,210,2025
1162,839,2,7,0,0,0.460118,436,2025
1163,840,12,10,0,0,4.7131195,90,2025
1164,841,9,14,0,1,5.0681125,72,2025
1165,842,1,5,0,1,0.041047,503,2025
1166,843,11,12,1,0,5.4218495,55,2025
1167,844,0,1,0,0,0.0,,2025
1168,845,7,10,1,0,4.099481,119,2025
1169,846,5,5,0,0,3.276572,163,2025
1170,847,2,4,0,0,1.186951,321,2025
1171,848,0,7,0,0,0.0,,2025
1172,849,2,5,0,0,1.298082,310,2025
1173,850,0,6,0,0,0.0,,2025
1174,851,2,13,0,0,1.177451,323,2025
1175,852,6,11,2,1,5.192517,68,2025
1176,853,0,2,0,0,0.0,,2025
1177,854,8,19,1,0,3.8370435,132,2025
1178,855,6,6,1,0,3.522494,154,2025
1179,856,13,15,6,7,6.349345,7,2025
1180,857,0,3,0,0,0.0,,2025
1181,858,7,20,3,2,5.347553,58,2025
1182,859,1,9,0,1,0.050188,502,2025
1183,860,0,6,0,0,0.0,,2025
1184,861,0,4,0,0,0.0,,2025
1185,862,0,0,0,0,0.0,,2025
1186,863,2,17,0,1,1.348987,306,2025
1187,864,5,12,3,2,4.447212,101,2025
1188,865,0,2,0,0,0.0,,2025
1189,866,0,0,0,0,0.0,,2025
1190,867,1,1,0,0,0.348808,468,2025
1191,868,0,1,0,0,0.0,,2025
1192,869,1,12,0,0,0.752285,380,2025
1193,870,10,18,1,1,5.3798405,57,2025
1194,871,0,6,0,0,0.0,,2025
1195,872,3,9,0,0,1.095716,331,2025
1196,873,0,0,0,0,0.0,,2025
1197,874,1,2,0,0,0.339846,470,2025
1198,875,3,1,0,0,0.625919,405,2025
1199,876,0,1,0,0,0.0,,2025
1200,877,0,2,0,0,0.0,,2025
1201,879,0,0,0,0,0.0,,2025
1202,880,0,4,0,0,0.0,,2025
1203,881,6,2,0,0,2.566409,207,2025
1204,882,8,9,0,0,4.3108495,108,2025
1205,883,4,3,0,0,1.937623,251,2025
1206,884,7,10,0,2,3.4244485,156,2025
1207,885,0,1,0,0,0.0,,2025
1208,886,3,15,0,0,0.826134,366,2025
1209,887,0,2,0,0,0.0,,2025
1210,888,13,21,3,1,6.063273,27,2025
1211,889,0,6,0,0,0.0,,2025
1212,890,0,4,0,0,0.0,,2025
1213,891,6,6,0,0,3.415845,158,2025
1214,892,2,4,0,0,1.471052,295,2025
1215,893,9,29,0,7,5.899087,33,2025
1216,894,4,3,0,0,2.42409,215,2025
1217,895,1,0,0,0,0.522674,420,2025
1218,896,0,9,0,0,0.0,,2025
1219,897,0,0,0,0,0.0,,2025
1220,898,0,5,0,0,0.0,,2025
1221,899,0,2,0,0,0.0,,2025
1222,900,0,0,0,0,0.0,,2025
1223,901,0,2,0,0,0.0,,2025
1224,902,1,6,0,0,0.553683,413,2025
1225,903,1,2,0,0,0.366912,464,2025
1226,904,0,6,0,0,0.0,,2025
1227,905,1,3,0,0,0.487543,427,2025
1228,906,12,27,1,3,5.844058,38,2025
1229,907,0,2,0,0,0.0,,2025
1230,908,1,2,0,0,0.221545,484,2025
1231,909,0,0,0,0,0.0,,2025
1232,910,4,6,0,0,2.216672,230,2025
1233,911,0,3,0,0,0.0,,2025
1234,912,1,6,0,0,0.737587,386,2025
1235,913,0,0,0,0,0.0,,2025
1236,914,3,7,0,0,1.386987,304,2025
1237,915,0,2,0,0,0.0,,2025
1238,916,0,6,0,0,0.0,,2025
1239,917,4,12,0,0,1.900162,256,2025
1240,918,0,2,0,0,0.0,,2025
1241,919,11,17,0,1,4.778454,82,2025
1242,920,0,1,0,0,0.0,,2025
1243,921,0,3,0,0,0.0,,2025
1244,922,0,1,0,0,0.0,,2025
1245,923,0,0,0,0,0.0,,2025
1246,924,1,8,0,0,0.880803,356,2025
1247,925,0,0,0,0,0.0,,2025
1248,926,0,1,0,0,0.0,,2025
1249,927,1,2,0,0,0.429109,447,2025
1250,928,0,0,0,0,0.0,,2025
1251,929,1,4,0,0,0.379459,461,2025
1252,930,2,0,0,0,0.523749,419,2025
1253,931,0,2,0,0,0.0,,2025
1254,932,5,16,0,1,3.725757,139,2025
1255,933,0,0,0,0,0.0,,2025
1256,934,0,2,0,0,0.0,,2025
1257,935,0,1,0,0,0.0,,2025
1258,936,4,11,0,0,1.571788,283,2025
1259,937,10,13,0,2,4.2171515,112,2025
1260,938,0,2,0,0,0.0,,2025
1261,939,0,1,0,0,0.0,,2025
1262,940,0,3,0,0,0.0,,2025
1263,941,4,5,0,0,1.53343,292,2025
1264,942,5,12,1,0,3.280159,162,2025
1265,948,0,5,0,0,0.0,,2025
1266,951,0,12,0,0,0.0,,2025
1267,952,0,5,0,0,0.0,,2025
1268,953,2,10,0,0,0.555118,412,2025
1269,954,0,14,0,0,0.0,,2025
1270,955,0,8,0,0,0.0,,2025
1271,956,0,3,0,0,0.0,,2025
1272,957,0,4,0,0,0.0,,2025
1273,958,0,1,0,0,0.0,,2025
1274,959,0,2,0,0,0.0,,2025
1275,962,1,3,0,0,0.416562,450,2025
1276,963,1,15,0,0,0.491844,425,2025
1277,964,0,0,0,0,0.0,,2025
1278,965,4,9,0,0,1.16237,326,2025
1279,1083,0,4,0,0,0.0,,2025
1280,1084,0,0,0,0,0.0,,2025
1281,2240,0,4,0,0,0.0,,2025
1282,2243,1,0,0,0,0.124754,492,2025
1283,292,19,8,10,0,8.6966,1,2026
1284,1113,7,7,7,1,7.1371,1,2026
1285,422,8,8,8,1,8.6437,2,2026
1286,1195,6,8,6,3,6.5471,2,2026
1287,776,11,22,8,2,8.6136,3,2026
1288,1340,8,8,7,4,6.4474,3,2026
1289,710,20,23,8,7,8.4655,4,2026
1290,1119,5,3,4,0,6.361,4,2026
1291,488,13,12,9,2,8.457,5,2026
1292,1096,5,3,3,3,6.1285,5,2026
1293,32,12,16,5,1,8.417,6,2026
1294,1191,8,6,5,2,6.049,6,2026
1295,36,11,10,6,1,8.3891,7,2026
1296,1170,5,4,5,1,6.0163,7,2026
1297,372,11,12,8,0,8.2285,8,2026
1298,1120,6,3,3,1,5.8755,8,2026
1299,852,9,10,6,2,8.2265,9,2026
1300,1243,4,7,4,1,5.8741,9,2026
1301,781,7,11,5,0,8.1849,10,2026
1302,1141,7,6,4,2,5.8561,10,2026
1303,782,12,5,5,1,8.1571,11,2026
1304,960,89,0,3,0,5.8399,11,2026
1305,584,13,5,9,0,8.1501,12,2026
1306,1154,6,4,4,1,5.8317,12,2026
1307,469,13,9,5,0,8.1489,13,2026
1308,1222,5,5,3,1,5.7899,13,2026
1309,267,10,11,5,1,8.1139,14,2026
1310,1118,6,5,4,2,5.5973,14,2026
1311,580,8,14,4,1,8.1099,15,2026
1312,1183,4,13,4,2,5.3481,15,2026
1313,543,11,7,6,0,8.0718,16,2026
1314,1273,6,10,3,4,5.3178,16,2026
1315,295,10,5,4,0,8.0297,17,2026
1316,1259,5,3,4,3,5.3051,17,2026
1317,265,9,10,4,2,7.9564,18,2026
1318,1285,5,6,2,1,5.2229,18,2026
1319,614,13,7,4,1,7.925,19,2026
1320,1133,7,4,3,0,5.1318,19,2026
1321,856,8,9,4,0,7.8065,20,2026
1322,1123,6,4,3,2,5.0841,20,2026
1323,43,9,7,3,1,7.7999,21,2026
1324,1085,3,3,3,1,5.0534,21,2026
1325,786,10,14,4,3,7.7926,22,2026
1326,1282,4,4,2,0,5.028,22,2026
1327,858,10,9,3,2,7.6987,23,2026
1328,1159,3,9,3,3,4.8548,23,2026
1329,446,13,26,4,8,7.636,24,2026
1330,1176,4,3,3,0,4.8497,24,2026
1331,775,14,9,2,4,7.6219,25,2026
1332,1339,5,7,2,1,4.8434,25,2026
1333,799,8,2,3,0,7.606,26,2026
1334,1281,6,5,1,3,4.8215,26,2026
1335,163,16,19,2,3,7.5864,27,2026
1336,1092,3,4,3,3,4.7035,27,2026
1337,337,27,22,2,3,7.5809,28,2026
1338,1146,3,2,3,1,4.6475,28,2026
1339,160,7,16,3,2,7.5581,29,2026
1340,961,59,0,0,0,4.6152,29,2026
1341,490,11,15,2,1,7.4729,30,2026
1342,1180,6,8,1,2,4.5571,30,2026
1343,588,10,10,2,3,7.459,31,2026
1344,1247,8,11,1,2,4.5467,31,2026
1345,660,11,11,1,1,7.4342,32,2026
1346,1153,6,2,2,0,4.5408,32,2026
1347,87,8,4,2,0,7.418,33,2026
1348,1149,6,10,3,4,4.5192,33,2026
1349,320,11,14,0,1,7.4124,34,2026
1350,1139,6,6,1,2,4.4644,34,2026
1351,888,10,9,3,0,7.4082,35,2026
1352,1321,3,2,3,0,4.4612,35,2026
1353,870,10,12,2,2,7.3149,36,2026
1354,1103,4,2,2,1,4.3808,36,2026
1355,581,7,8,3,0,7.2667,37,2026
1356,1137,5,3,2,2,4.3776,37,2026
1357,601,9,11,1,2,7.2453,38,2026
1358,1108,7,5,1,0,4.318,38,2026
1359,516,13,12,2,0,7.242,39,2026
1360,1130,3,4,3,1,4.2349,39,2026
1361,523,10,6,2,0,7.2359,40,2026
1362,1227,3,3,3,1,4.2003,40,2026
1363,813,14,3,0,0,7.2302,41,2026
1364,1315,3,4,3,0,4.143,41,2026
1365,405,10,2,1,0,7.2187,42,2026
1366,1305,4,1,2,1,4.1405,42,2026
1367,492,9,6,1,0,7.1938,43,2026
1368,1194,3,4,3,2,4.1246,43,2026
1369,302,18,21,2,4,7.1696,44,2026
1370,1545,4,7,1,1,4.1178,44,2026
1371,419,10,10,1,0,7.1555,45,2026
1372,1260,3,3,2,1,4.117,45,2026
1373,217,10,6,1,0,7.1431,46,2026
1374,1105,6,7,3,1,4.0685,46,2026
1375,589,9,9,2,1,7.1336,47,2026
1376,1088,3,4,2,1,4.0523,47,2026
1377,717,8,15,1,5,7.1214,48,2026
1378,1293,3,4,3,0,4.0279,48,2026
1379,262,10,5,2,0,7.1127,49,2026
1380,1250,8,1,1,0,3.9388,49,2026
1381,29,10,7,1,2,7.0763,50,2026
1382,1122,4,1,1,0,3.8495,50,2026
1383,565,7,7,1,1,7.0351,51,2026
1384,1235,6,7,0,4,3.8479,51,2026
1385,261,14,19,1,2,6.9582,52,2026
1386,1255,6,5,0,2,3.8092,52,2026
1387,462,11,12,1,5,6.9157,53,2026
1388,1134,4,4,2,1,3.7494,53,2026
1389,109,8,3,0,0,6.9113,54,2026
1390,1341,4,4,0,1,3.7182,54,2026
1391,532,16,17,1,1,6.8774,55,2026
1392,1168,3,3,1,0,3.6703,55,2026
1393,56,11,13,0,0,6.8074,56,2026
1394,1357,4,6,0,2,3.6405,56,2026
1395,864,8,14,1,4,6.7907,57,2026
1396,1148,3,5,2,2,3.6268,57,2026
1397,412,8,6,2,0,6.7513,58,2026
1398,1241,5,4,1,0,3.6019,58,2026
1399,772,8,7,0,0,6.744,59,2026
1400,1360,5,9,0,1,3.5094,59,2026
1401,483,14,7,0,0,6.6803,60,2026
1402,1333,7,4,0,1,3.4883,60,2026
1403,367,9,7,1,1,6.668,61,2026
1404,1142,5,12,0,3,3.4414,61,2026
1405,937,10,8,1,0,6.6348,62,2026
1406,1274,3,2,2,0,3.4391,62,2026
1407,627,9,4,1,0,6.5818,63,2026
1408,1645,4,0,1,0,3.4284,63,2026
1409,416,14,20,0,0,6.5243,64,2026
1410,1323,3,4,0,0,3.4251,64,2026
1411,186,6,9,0,1,6.4494,65,2026
1412,1206,4,3,1,1,3.3978,65,2026
1413,420,8,11,1,3,6.4298,66,2026
1414,1320,4,9,1,2,3.3961,66,2026
1415,291,8,3,0,0,6.4297,67,2026
1416,1593,6,1,0,0,3.3711,67,2026
1417,220,8,10,0,1,6.3604,68,2026
1418,1262,3,6,2,2,3.3617,68,2026
1419,712,10,19,0,5,6.3145,69,2026
1420,1376,4,8,1,1,3.3218,69,2026
1421,145,19,11,0,1,6.3013,70,2026
1422,1324,5,6,1,3,3.2991,70,2026
1423,843,10,10,0,0,6.2828,71,2026
1424,1094,2,5,2,2,3.2454,71,2026
1425,8,5,2,1,0,6.2662,72,2026
1426,2063,5,5,0,0,3.235,72,2026
1427,116,6,4,1,2,6.2172,73,2026
1428,1116,3,4,2,1,3.2318,73,2026
1429,832,11,20,0,1,6.1424,74,2026
1430,1095,2,0,2,0,3.2218,74,2026
1431,349,8,16,1,4,6.1423,75,2026
1432,1303,2,6,2,3,3.2211,75,2026
1433,816,6,15,0,2,6.1318,76,2026
1434,1399,3,5,0,0,3.1716,76,2026
1435,357,12,16,0,5,6.0971,77,2026
1436,1104,2,0,2,0,3.1417,77,2026
1437,687,9,9,0,0,6.0885,78,2026
1438,1098,2,2,2,2,3.0191,78,2026
1439,388,16,9,0,1,6.0734,79,2026
1440,1277,2,5,2,0,2.9916,79,2026
1441,188,13,16,0,0,6.0694,80,2026
1442,1450,4,4,0,1,2.9433,80,2026
1443,719,7,13,0,1,5.9677,81,2026
1444,1555,5,0,0,0,2.9035,81,2026
1445,286,9,11,0,1,5.9632,82,2026
1446,1309,3,1,1,0,2.8934,82,2026
1447,685,9,11,0,0,5.9428,83,2026
1448,1175,5,7,1,0,2.8611,83,2026
1449,473,6,8,0,1,5.8929,84,2026
1450,1147,2,1,2,0,2.8579,84,2026
1451,120,9,11,0,1,5.8792,85,2026
1452,1199,3,9,0,0,2.8358,85,2026
1453,714,9,2,1,0,5.8761,86,2026
1454,1319,4,1,1,0,2.7907,86,2026
1455,356,6,4,0,0,5.8382,87,2026
1456,1426,4,6,0,0,2.7719,87,2026
1457,841,7,11,1,1,5.8161,88,2026
1458,1297,2,3,2,0,2.7183,88,2026
1459,239,7,8,0,0,5.8154,89,2026
1460,1248,3,0,1,0,2.7001,89,2026
1461,854,8,9,0,0,5.8096,90,2026
1462,1451,2,4,2,0,2.6827,90,2026
1463,77,7,10,0,0,5.8049,91,2026
1464,1287,2,0,2,0,2.6788,91,2026
1465,62,5,8,0,1,5.7811,92,2026
1466,1106,3,2,1,0,2.6684,92,2026
1467,204,6,8,0,0,5.7119,93,2026
1468,1121,2,7,2,2,2.6641,93,2026
1469,370,4,12,2,2,5.6835,94,2026
1470,1236,4,9,1,0,2.6122,94,2026
1471,906,7,14,0,2,5.6797,95,2026
1472,1378,3,4,1,0,2.6041,95,2026
1473,709,9,12,1,2,5.671,96,2026
1474,1114,2,4,1,3,2.5762,96,2026
1475,684,6,6,0,0,5.6281,97,2026
1476,1115,2,1,1,0,2.5647,97,2026
1477,806,11,13,0,0,5.6274,98,2026
1478,2079,4,4,0,0,2.5444,98,2026
1479,251,7,3,0,1,5.6257,99,2026
1480,1117,2,2,1,0,2.5144,99,2026
1481,201,8,10,1,0,5.6065,100,2026
1482,1389,3,2,0,0,2.5057,100,2026
1483,440,6,11,0,1,5.6064,101,2026
1484,1374,2,5,1,0,2.4965,101,2026
1485,846,5,6,0,0,5.5866,102,2026
1486,1165,2,1,1,0,2.496,102,2026
1487,347,7,11,0,1,5.5718,103,2026
1488,1298,2,3,1,1,2.467,103,2026
1489,756,7,22,1,1,5.5665,104,2026
1490,1086,2,4,1,2,2.4589,104,2026
1491,644,7,10,0,2,5.5643,105,2026
1492,1364,2,1,0,0,2.4002,105,2026
1493,31,5,12,1,2,5.5253,106,2026
1494,1436,5,0,0,0,2.3939,106,2026
1495,493,14,11,0,0,5.4738,107,2026
1496,1345,2,4,1,0,2.3913,107,2026
1497,837,6,10,0,0,5.4158,108,2026
1498,1296,3,5,1,1,2.3772,108,2026
1499,818,10,10,0,0,5.413,109,2026
1500,1140,2,3,0,1,2.3423,109,2026
1501,461,10,11,0,1,5.3721,110,2026
1502,1411,3,3,0,0,2.2994,110,2026
1503,51,8,7,0,0,5.2491,111,2026
1504,1093,2,2,1,0,2.2811,111,2026
1505,919,6,15,0,1,5.2167,112,2026
1506,1169,2,3,0,1,2.2736,112,2026
1507,137,8,10,0,1,5.2166,113,2026
1508,1292,2,6,1,1,2.2636,113,2026
1509,64,7,9,0,1,5.1026,114,2026
1510,1279,2,0,1,0,2.2569,114,2026
1511,826,5,9,0,1,5.0173,115,2026
1512,1156,3,4,0,2,2.2562,115,2026
1513,792,8,11,0,2,4.9917,116,2026
1514,1334,3,6,0,1,2.2229,116,2026
1515,539,6,4,0,0,4.9424,117,2026
1516,1428,2,5,1,0,2.1999,117,2026
1517,688,11,5,0,0,4.9363,118,2026
1518,1445,3,3,1,0,2.1959,118,2026
1519,345,6,9,0,0,4.9089,119,2026
1520,1332,5,4,0,1,2.173,119,2026
1521,421,4,13,2,1,4.8589,120,2026
1522,1272,3,5,0,2,2.1561,120,2026
1523,100,6,7,0,0,4.8416,121,2026
1524,1264,2,8,0,2,2.1545,121,2026
1525,470,5,2,0,1,4.806,122,2026
1526,1638,3,4,1,0,2.134,122,2026
1527,280,7,13,0,0,4.7718,123,2026
1528,1275,3,1,0,0,2.112,123,2026
1529,400,8,16,0,0,4.6712,124,2026
1530,1308,2,0,1,0,2.1055,124,2026
1531,484,7,10,0,0,4.6542,125,2026
1532,1353,3,1,0,0,2.069,125,2026
1533,338,9,4,0,0,4.6456,126,2026
1534,1299,4,2,0,0,2.0524,126,2026
1535,811,7,3,1,0,4.6309,127,2026
1536,1643,4,2,0,0,2.0389,127,2026
1537,152,4,8,1,0,4.5881,128,2026
1538,1091,2,4,0,2,1.995,128,2026
1539,722,4,6,2,0,4.54,129,2026
1540,1400,3,4,0,0,1.9353,129,2026
1541,842,5,7,0,3,4.4992,130,2026
1542,1394,3,0,0,0,1.9273,130,2026
1543,840,8,9,0,0,4.4657,131,2026
1544,1480,2,2,0,1,1.8955,131,2026
1545,167,5,8,0,0,4.4628,132,2026
1546,1433,5,0,0,0,1.8762,132,2026
1547,371,5,7,0,1,4.4388,133,2026
1548,1316,2,5,1,1,1.869,133,2026
1549,881,6,10,0,0,4.4047,134,2026
1550,2064,2,3,0,1,1.8533,134,2026
1551,892,5,8,0,0,4.3935,135,2026
1552,1280,3,5,0,1,1.8412,135,2026
1553,587,4,3,0,0,4.3465,136,2026
1554,1177,2,2,0,0,1.8354,136,2026
1555,97,4,8,0,0,4.2999,137,2026
1556,1310,3,5,0,1,1.8343,137,2026
1557,883,8,2,0,0,4.2869,138,2026
1558,1336,3,3,0,1,1.7654,138,2026
1559,111,8,6,0,0,4.2408,139,2026
1560,1349,2,1,0,0,1.7529,139,2026
1561,294,6,8,0,2,4.2092,140,2026
1562,1337,2,3,1,2,1.7372,140,2026
1563,787,6,4,0,0,4.2055,141,2026
1564,1229,3,1,0,0,1.7267,141,2026
1565,417,5,6,0,0,4.091,142,2026
1566,1161,1,3,1,1,1.7214,142,2026
1567,540,5,10,0,0,4.0752,143,2026
1568,1231,2,1,1,0,1.7196,143,2026
1569,697,5,5,0,1,4.0737,144,2026
1570,1244,3,5,0,1,1.714,144,2026
1571,263,4,8,0,0,4.0686,145,2026
1572,1276,2,3,1,1,1.7129,145,2026
1573,90,5,18,0,0,4.0407,146,2026
1574,1162,1,2,1,0,1.7109,146,2026
1575,326,4,5,0,1,4.0095,147,2026
1576,1500,3,1,0,0,1.7096,147,2026
1577,554,4,8,0,1,3.9907,148,2026
1578,1151,1,1,1,0,1.7047,148,2026
1579,812,5,11,0,0,3.9885,149,2026
1580,1844,2,0,0,0,1.6989,149,2026
1581,820,6,9,0,0,3.9816,150,2026
1582,1368,2,7,0,2,1.6755,150,2026
1583,932,4,12,0,2,3.9598,151,2026
1584,1187,1,1,1,0,1.651,151,2026
1585,479,6,10,0,1,3.9457,152,2026
1586,1495,2,10,0,0,1.6411,152,2026
1587,144,7,15,0,1,3.865,153,2026
1588,1144,1,1,1,1,1.6316,153,2026
1589,884,5,14,0,0,3.8429,154,2026
1590,1190,2,9,1,1,1.63,154,2026
1591,785,4,12,0,2,3.8401,155,2026
1592,1182,2,0,1,0,1.6242,155,2026
1593,472,5,9,0,1,3.7817,156,2026
1594,1492,3,2,0,0,1.6056,156,2026
1595,845,5,4,0,0,3.7201,157,2026
1596,1089,1,2,1,0,1.6049,157,2026
1597,37,4,3,0,0,3.7082,158,2026
1598,1210,3,4,0,0,1.5953,158,2026
1599,258,5,14,0,3,3.6742,159,2026
1600,1518,2,2,0,0,1.587,159,2026
1601,229,7,14,0,1,3.6726,160,2026
1602,1230,3,0,0,0,1.5847,160,2026
1603,551,4,7,0,1,3.671,161,2026
1604,1465,2,2,0,0,1.5813,161,2026
1605,78,4,5,0,0,3.6493,162,2026
1606,1387,2,2,0,0,1.5597,162,2026
1607,893,6,20,0,1,3.6287,163,2026
1608,1443,2,3,1,0,1.55,163,2026
1609,559,5,6,0,3,3.6201,164,2026
1610,1225,1,2,1,1,1.5411,164,2026
1611,723,10,12,0,0,3.5952,165,2026
1612,1512,4,5,0,0,1.5208,165,2026
1613,301,5,6,0,0,3.5921,166,2026
1614,1221,1,0,1,0,1.5182,166,2026
1615,835,4,10,0,0,3.5715,167,2026
1616,1514,2,8,0,1,1.5039,167,2026
1617,2,5,12,0,1,3.5254,168,2026
1618,1304,1,4,1,1,1.5007,168,2026
1619,452,4,12,0,0,3.5218,169,2026
1620,1626,3,1,0,0,1.4968,169,2026
1621,499,4,5,0,1,3.5181,170,2026
1622,1218,2,4,0,1,1.489,170,2026
1623,699,4,20,0,0,3.5168,171,2026
1624,1284,1,0,1,0,1.4632,171,2026
1625,695,5,5,0,0,3.4982,172,2026
1626,1107,1,2,1,0,1.4593,172,2026
1627,949,3,24,0,1,3.4965,173,2026
1628,1608,2,0,0,0,1.4583,173,2026
1629,720,4,10,0,0,3.496,174,2026
1630,1422,3,3,0,0,1.4553,174,2026
1631,299,4,4,0,2,3.4828,175,2026
1632,1346,3,3,0,0,1.448,175,2026
1633,872,5,7,0,0,3.4796,176,2026
1634,1216,2,8,0,2,1.4473,176,2026
1635,669,7,13,0,0,3.4774,177,2026
1636,1150,2,4,0,0,1.4224,177,2026
1637,725,8,3,0,0,3.456,178,2026
1638,1504,2,2,0,0,1.4217,178,2026
1639,547,3,7,0,1,3.4489,179,2026
1640,1224,1,2,1,1,1.4174,179,2026
1641,496,5,12,0,0,3.4463,180,2026
1642,1402,1,0,1,0,1.4009,180,2026
1643,795,4,8,0,0,3.4221,181,2026
1644,1202,2,3,0,2,1.381,181,2026
1645,413,5,8,0,1,3.3682,182,2026
1646,1628,3,1,0,0,1.376,182,2026
1647,693,5,12,0,1,3.3652,183,2026
1648,1160,2,1,0,1,1.3686,183,2026
1649,613,8,2,0,0,3.3611,184,2026
1650,1358,1,2,1,1,1.3679,184,2026
1651,582,4,10,0,0,3.357,185,2026
1652,1313,2,3,0,1,1.353,185,2026
1653,266,5,9,0,0,3.3392,186,2026
1654,2061,1,1,1,0,1.3506,186,2026
1655,457,5,8,0,0,3.3038,187,2026
1656,1145,1,2,1,1,1.3456,187,2026
1657,808,3,5,0,1,3.3025,188,2026
1658,1438,2,0,0,0,1.3307,188,2026
1659,633,3,4,0,0,3.2995,189,2026
1660,1591,2,2,0,0,1.3111,189,2026
1661,819,9,11,0,0,3.2979,190,2026
1662,1205,1,1,1,0,1.3104,190,2026
1663,537,7,14,0,1,3.2918,191,2026
1664,1288,1,5,1,0,1.2973,191,2026
1665,882,4,5,0,0,3.2728,192,2026
1666,1138,1,3,1,1,1.2879,192,2026
1667,655,3,9,0,0,3.241,193,2026
1668,2057,1,0,1,0,1.2863,193,2026
1669,343,7,10,0,0,3.2273,194,2026
1670,1540,2,2,0,0,1.2855,194,2026
1671,487,5,1,0,0,3.2222,195,2026
1672,1342,1,0,1,0,1.2564,195,2026
1673,941,5,20,0,0,3.178,196,2026
1674,1174,1,2,1,0,1.2541,196,2026
1675,750,4,6,0,0,3.1635,197,2026
1676,1326,2,4,0,0,1.2508,197,2026
1677,471,3,5,0,1,3.1411,198,2026
1678,1527,1,0,0,0,1.2492,198,2026
1679,936,4,11,0,4,3.1297,199,2026
1680,1483,1,0,0,0,1.2422,199,2026
1681,27,5,12,0,0,3.121,200,2026
1682,1453,1,3,0,0,1.238,200,2026
1683,557,7,1,0,0,3.1141,201,2026
1684,1631,1,2,0,0,1.2365,201,2026
1685,663,5,16,0,1,3.1008,202,2026
1686,1251,1,9,0,1,1.2358,202,2026
1687,366,2,9,1,0,3.091,203,2026
1688,1269,1,1,0,0,1.2158,203,2026
1689,273,3,6,0,0,3.08,204,2026
1690,1350,1,2,0,0,1.2092,204,2026
1691,7,4,10,0,1,3.0778,205,2026
1692,1373,2,4,0,0,1.2077,205,2026
1693,136,6,15,0,0,3.0523,206,2026
1694,1501,1,0,0,0,1.1862,206,2026
1695,438,3,3,0,0,3.0498,207,2026
1696,1184,1,0,0,0,1.1771,207,2026
1697,829,4,6,0,0,3.0366,208,2026
1698,1647,1,1,0,0,1.1759,208,2026
1699,65,3,3,0,0,3.0248,209,2026
1700,1356,1,6,0,1,1.1728,209,2026
1701,254,4,11,0,2,3.0228,210,2026
1702,1583,1,1,0,1,1.1716,210,2026
1703,509,6,21,0,2,3.0193,211,2026
1704,1203,1,2,0,0,1.1715,211,2026
1705,815,2,7,1,2,2.9929,212,2026
1706,1355,2,1,0,0,1.1475,212,2026
1707,552,3,6,0,0,2.9882,213,2026
1708,1185,2,4,0,1,1.1446,213,2026
1709,668,5,2,0,0,2.9681,214,2026
1710,1351,2,1,0,1,1.1394,214,2026
1711,322,4,8,0,0,2.9467,215,2026
1712,1901,1,0,0,0,1.1385,215,2026
1713,736,5,15,0,0,2.9096,216,2026
1714,1604,1,1,0,0,1.1321,216,2026
1715,315,5,5,0,0,2.8852,217,2026
1716,1573,2,5,0,0,1.1123,217,2026
1717,282,5,15,0,1,2.8734,218,2026
1718,1702,1,0,0,0,1.1045,218,2026
1719,432,7,6,0,0,2.8652,219,2026
1720,1129,3,1,0,1,1.1017,219,2026
1721,567,3,7,0,0,2.864,220,2026
1722,1491,1,2,0,0,1.0905,220,2026
1723,503,3,7,0,0,2.8464,221,2026
1724,1087,1,4,0,1,1.0904,221,2026
1725,595,5,11,0,2,2.8033,222,2026
1726,1167,1,2,0,0,1.08,222,2026
1727,35,3,11,0,0,2.7922,223,2026
1728,1640,1,0,0,0,1.0799,223,2026
1729,16,4,10,0,0,2.7668,224,2026
1730,1482,2,3,0,0,1.0743,224,2026
1731,525,3,6,0,1,2.759,225,2026
1732,1102,2,5,0,1,1.0716,225,2026
1733,914,3,1,0,0,2.7522,226,2026
1734,1127,1,3,0,1,1.0675,226,2026
1735,222,5,4,0,0,2.7453,227,2026
1736,1475,2,8,0,0,1.0662,227,2026
1737,675,3,28,0,1,2.7436,228,2026
1738,1447,2,2,0,0,1.0649,228,2026
1739,965,8,9,0,0,2.7128,229,2026
1740,1327,1,4,0,3,1.059,229,2026
1741,198,3,6,0,2,2.6898,230,2026
1742,1291,3,3,0,1,1.0585,230,2026
1743,802,3,8,0,1,2.6749,231,2026
1744,1099,1,2,0,1,1.0572,231,2026
1745,531,3,7,0,1,2.6701,232,2026
1746,1325,1,5,0,2,1.0435,232,2026
1747,910,3,10,0,1,2.6227,233,2026
1748,1564,1,4,0,0,1.0295,233,2026
1749,849,4,8,0,0,2.6138,234,2026
1750,1975,1,0,0,0,1.0262,234,2026
1751,760,4,6,0,0,2.5451,235,2026
1752,1348,1,0,0,0,1.0261,235,2026
1753,384,3,13,0,0,2.5449,236,2026
1754,1600,2,5,0,1,1.0218,236,2026
1755,828,3,11,0,0,2.5342,237,2026
1756,1109,2,5,0,2,1.0142,237,2026
1757,358,2,4,1,0,2.5223,238,2026
1758,1505,1,3,0,1,0.9997,238,2026
1759,542,3,3,0,0,2.5092,239,2026
1760,1654,1,0,0,0,0.9951,239,2026
1761,442,3,10,0,0,2.5041,240,2026
1762,1441,2,0,0,0,0.99,240,2026
1763,894,3,1,0,0,2.4857,241,2026
1764,1458,1,1,0,1,0.9859,241,2026
1765,825,5,12,0,0,2.4843,242,2026
1766,1424,2,1,0,0,0.9841,242,2026
1767,827,4,7,0,1,2.4632,243,2026
1768,1361,1,4,0,1,0.9793,243,2026
1769,643,4,10,0,0,2.4387,244,2026
1770,1633,3,5,0,0,0.9787,244,2026
1771,586,5,10,0,0,2.4269,245,2026
1772,1666,1,0,0,0,0.9761,245,2026
1773,607,3,5,0,0,2.3885,246,2026
1774,1516,1,1,0,0,0.9717,246,2026
1775,533,3,18,0,1,2.3276,247,2026
1776,1232,1,1,0,1,0.9707,247,2026
1777,289,4,5,0,0,2.3145,248,2026
1778,2053,1,1,0,0,0.9627,248,2026
1779,105,3,4,0,1,2.2697,249,2026
1780,2003,2,0,0,0,0.9626,249,2026
1781,619,3,5,0,0,2.2666,250,2026
1782,1254,1,1,0,0,0.9476,250,2026
1783,683,2,7,0,3,2.2288,251,2026
1784,1549,1,5,0,2,0.9353,251,2026
1785,527,4,10,0,1,2.2276,252,2026
1786,1538,1,3,0,0,0.9345,252,2026
1787,303,2,3,0,0,2.2274,253,2026
1788,1401,1,1,0,0,0.9309,253,2026
1789,558,4,11,0,0,2.1861,254,2026
1790,1343,2,2,0,1,0.9232,254,2026
1791,579,2,17,0,0,2.1701,255,2026
1792,1481,2,4,0,1,0.9045,255,2026
1793,561,3,5,0,1,2.1531,256,2026
1794,1090,2,4,0,2,0.8967,256,2026
1795,576,3,13,0,2,2.1153,257,2026
1796,1528,1,3,0,0,0.8881,257,2026
1797,779,3,4,0,0,2.115,258,2026
1798,1456,3,1,0,0,0.8874,258,2026
1799,215,2,2,0,0,2.1125,259,2026
1800,1112,1,4,0,1,0.887,259,2026
1801,191,2,4,0,0,2.1068,260,2026
1802,1636,1,1,0,0,0.8732,260,2026
1803,817,3,2,0,0,2.075,261,2026
1804,1246,2,0,0,0,0.8675,261,2026
1805,519,4,10,0,1,2.0091,262,2026
1806,1382,2,7,0,4,0.8668,262,2026
1807,409,5,3,0,0,2.0004,263,2026
1808,1211,1,4,0,1,0.8521,263,2026
1809,761,2,17,0,1,1.9881,264,2026
1810,1673,1,0,0,0,0.8484,264,2026
1811,505,3,11,0,5,1.9806,265,2026
1812,1486,2,0,0,0,0.8478,265,2026
1813,173,2,2,0,0,1.9634,266,2026
1814,1467,2,0,0,0,0.8457,266,2026
1815,713,2,6,0,0,1.9606,267,2026
1816,1586,1,6,0,0,0.8434,267,2026
1817,738,2,11,0,0,1.9583,268,2026
1818,1352,1,3,0,1,0.8394,268,2026
1819,271,3,6,0,0,1.9554,269,2026
1820,2052,1,1,0,0,0.8372,269,2026
1821,634,2,9,0,0,1.9453,270,2026
1822,2059,3,4,0,2,0.8366,270,2026
1823,26,3,7,0,0,1.9236,271,2026
1824,2123,1,0,0,0,0.8345,271,2026
1825,869,5,7,0,0,1.916,272,2026
1826,1417,1,3,0,0,0.8318,272,2026
1827,353,3,4,0,1,1.9135,273,2026
1828,2074,2,1,0,0,0.8291,273,2026
1829,711,2,3,0,0,1.7872,274,2026
1830,1536,1,5,0,0,0.8165,274,2026
1831,831,2,2,0,0,1.7803,275,2026
1832,1421,1,1,0,0,0.8118,275,2026
1833,9,3,7,0,0,1.7734,276,2026
1834,1509,2,4,0,0,0.8107,276,2026
1835,541,3,0,0,0,1.743,277,2026
1836,1306,1,0,0,0,0.8089,277,2026
1837,942,2,5,0,0,1.734,278,2026
1838,1370,1,4,0,2,0.8076,278,2026
1839,740,2,3,0,1,1.7067,279,2026
1840,1459,1,1,0,0,0.8058,279,2026
1841,110,3,13,0,0,1.7,280,2026
1842,2140,1,0,0,0,0.8056,280,2026
1843,256,3,22,0,0,1.698,281,2026
1844,1565,1,2,0,0,0.7967,281,2026
1845,454,3,5,0,0,1.6813,282,2026
1846,1178,1,1,0,0,0.7903,282,2026
1847,192,2,2,0,0,1.6475,283,2026
1848,1431,2,5,0,1,0.7884,283,2026
1849,42,3,7,0,0,1.6412,284,2026
1850,1228,1,1,0,0,0.7774,284,2026
1851,270,2,7,0,0,1.6182,285,2026
1852,1208,2,2,0,1,0.7761,285,2026
1853,352,3,3,0,0,1.6075,286,2026
1854,1192,2,4,0,2,0.7705,286,2026
1855,106,2,4,0,0,1.5943,287,2026
1856,1770,1,0,0,0,0.7621,287,2026
1857,155,3,9,0,0,1.5903,288,2026
1858,1993,1,0,0,0,0.7514,288,2026
1859,578,2,14,0,0,1.5871,289,2026
1860,1606,1,1,0,0,0.7478,289,2026
1861,427,3,5,0,0,1.5832,290,2026
1862,1798,1,0,0,0,0.7467,290,2026
1863,228,2,12,0,1,1.5727,291,2026
1864,2166,1,0,0,0,0.7403,291,2026
1865,403,5,17,0,0,1.5664,292,2026
1866,1649,1,2,0,0,0.7359,292,2026
1867,264,2,10,0,0,1.5663,293,2026
1868,1392,1,2,0,0,0.7243,293,2026
1869,805,3,7,0,1,1.541,294,2026
1870,1439,4,2,0,0,0.7214,294,2026
1871,184,2,5,0,0,1.5403,295,2026
1872,1372,1,3,0,0,0.7083,295,2026
1873,175,2,17,0,0,1.5391,296,2026
1874,1635,3,0,0,0,0.7041,296,2026
1875,176,2,1,0,0,1.5167,297,2026
1876,1136,1,0,0,0,0.6962,297,2026
1877,700,2,3,0,0,1.5124,298,2026
1878,1413,1,1,0,0,0.6916,298,2026
1879,502,3,2,0,0,1.4787,299,2026
1880,1302,1,4,0,0,0.6816,299,2026
1881,672,3,18,0,3,1.4381,300,2026
1882,1181,1,1,0,0,0.6772,300,2026
1883,429,2,6,0,0,1.4329,301,2026
1884,1624,1,0,0,0,0.6769,301,2026
1885,200,1,7,0,0,1.4294,302,2026
1886,2024,1,0,0,0,0.6755,302,2026
1887,793,5,13,0,0,1.4208,303,2026
1888,1318,1,2,0,0,0.6681,303,2026
1889,246,3,5,0,1,1.415,304,2026
1890,1100,1,4,0,1,0.6599,304,2026
1891,250,3,7,0,0,1.4133,305,2026
1892,1960,1,0,0,0,0.6416,305,2026
1893,718,3,5,0,0,1.4076,306,2026
1894,1571,1,7,0,0,0.6405,306,2026
1895,784,4,7,0,0,1.384,307,2026
1896,1817,1,1,0,1,0.6375,307,2026
1897,285,2,3,0,0,1.3813,308,2026
1898,1656,1,0,0,0,0.6322,308,2026
1899,119,3,5,0,0,1.3763,309,2026
1900,1824,1,0,0,0,0.6312,309,2026
1901,101,3,6,0,0,1.3657,310,2026
1902,1634,1,3,0,0,0.6302,310,2026
1903,232,2,10,0,0,1.3646,311,2026
1904,1300,4,1,0,0,0.6249,311,2026
1905,733,6,6,0,0,1.3466,312,2026
1906,1826,1,1,0,0,0.6146,312,2026
1907,290,2,5,0,1,1.3459,313,2026
1908,1720,1,2,0,1,0.6086,313,2026
1909,645,2,11,0,2,1.3395,314,2026
1910,1671,1,2,0,1,0.5896,314,2026
1911,917,4,8,0,0,1.3285,315,2026
1912,1674,1,0,0,0,0.5875,315,2026
1913,886,2,4,0,0,1.3112,316,2026
1914,1780,1,0,0,0,0.5867,316,2026
1915,41,2,1,0,0,1.3026,317,2026
1916,1526,1,5,0,0,0.5858,317,2026
1917,66,2,7,0,0,1.2968,318,2026
1918,1455,1,1,0,0,0.5742,318,2026
1919,622,2,12,0,0,1.2951,319,2026
1920,2066,2,4,0,1,0.5698,319,2026
1921,632,2,8,0,0,1.2946,320,2026
1922,1550,2,3,0,0,0.567,320,2026
1923,1022,2,0,0,0,1.2825,321,2026
1924,1128,1,5,0,0,0.5535,321,2026
1925,810,1,7,0,0,1.2571,322,2026
1926,1594,1,0,0,0,0.5391,322,2026
1927,654,1,1,0,0,1.2489,323,2026
1928,1758,1,0,0,0,0.5222,323,2026
1929,1597,1,1,0,0,0.5189,324,2026
1930,2240,3,12,0,0,1.237,324,2026
1931,689,1,4,0,1,1.2369,325,2026
1932,1454,1,1,0,0,0.517,325,2026
1933,670,2,6,0,2,1.2341,326,2026
1934,1188,1,5,0,2,0.5099,326,2026
1935,362,1,5,0,0,1.2337,327,2026
1936,1490,1,5,0,1,0.5037,327,2026
1937,953,2,14,0,0,1.2276,328,2026
1938,2065,1,1,0,0,0.5036,328,2026
1939,548,5,10,0,0,1.1983,329,2026
1940,1497,1,1,0,0,0.4996,329,2026
1941,257,2,5,0,0,1.1887,330,2026
1942,1723,1,0,0,0,0.4995,330,2026
1943,24,3,2,0,0,1.1755,331,2026
1944,2210,1,0,0,0,0.4928,331,2026
1945,121,2,8,0,0,1.1695,332,2026
1946,1611,1,1,0,0,0.4915,332,2026
1947,546,2,7,0,0,1.1548,333,2026
1948,1623,1,2,0,0,0.4828,333,2026
1949,874,1,2,0,0,1.1547,334,2026
1950,1409,1,3,0,1,0.4816,334,2026
1951,481,1,2,0,0,1.1498,335,2026
1952,1347,2,2,0,0,0.478,335,2026
1953,513,1,1,0,0,1.1422,336,2026
1954,1268,1,3,0,1,0.4722,336,2026
1955,223,1,10,0,0,1.1235,337,2026
1956,1143,1,4,0,2,0.4616,337,2026
1957,227,1,4,0,0,1.1228,338,2026
1958,1267,1,1,0,0,0.461,338,2026
1959,331,1,6,0,0,1.1196,339,2026
1960,1581,2,3,0,0,0.4596,339,2026
1961,89,3,5,0,0,1.1189,340,2026
1962,1499,1,3,0,1,0.4536,340,2026
1963,867,2,3,0,0,1.1068,341,2026
1964,1539,1,7,0,0,0.442,341,2026
1965,638,3,8,1,0,1.1032,342,2026
1966,1869,1,0,0,0,0.4404,342,2026
1967,247,2,35,0,0,1.0998,343,2026
1968,1569,1,1,0,0,0.424,343,2026
1969,764,2,0,0,0,1.0929,344,2026
1970,1423,2,1,0,0,0.4186,344,2026
1971,1556,1,1,0,0,0.4177,345,2026
1972,2246,1,0,0,0,1.0917,345,2026
1973,681,1,10,0,2,1.0907,346,2026
1974,1535,1,3,0,0,0.4158,346,2026
1975,549,2,10,0,0,1.0863,347,2026
1976,1385,1,0,0,0,0.4082,347,2026
1977,245,2,5,0,0,1.0809,348,2026
1978,1166,1,3,0,1,0.3856,348,2026
1979,704,2,6,0,0,1.0708,349,2026
1980,1716,1,0,0,0,0.3849,349,2026
1981,394,1,4,0,1,1.0636,350,2026
1982,2217,1,0,0,0,0.3783,350,2026
1983,59,2,7,1,0,1.055,351,2026
1984,1487,1,2,0,0,0.373,351,2026
1985,197,2,2,0,0,1.0463,352,2026
1986,1157,1,0,0,0,0.369,352,2026
1987,127,2,4,0,0,1.0455,353,2026
1988,2144,1,0,0,0,0.3537,353,2026
1989,350,2,0,0,0,1.0399,354,2026
1990,2167,1,0,0,0,0.3362,354,2026
1991,135,1,7,0,1,1.0346,355,2026
1992,1371,2,3,0,0,0.3357,355,2026
1993,617,1,5,0,0,1.0316,356,2026
1994,1596,1,0,0,0,0.3345,356,2026
1995,324,2,5,0,0,1.0243,357,2026
1996,1354,2,4,0,0,0.3255,357,2026
1997,573,1,5,0,0,1.0228,358,2026
1998,1601,1,0,0,0,0.3175,358,2026
1999,114,1,11,0,1,1.0183,359,2026
2000,1681,1,0,0,0,0.3156,359,2026
2001,535,2,12,0,0,0.9995,360,2026
2002,2163,1,3,0,0,0.3057,360,2026
2003,55,1,2,0,0,0.9981,361,2026
2004,1452,1,1,0,0,0.2976,361,2026
2005,768,1,1,0,0,0.9965,362,2026
2006,1879,1,1,0,0,0.2911,362,2026
2007,125,1,5,0,0,0.9957,363,2026
2008,1414,1,0,0,0,0.2793,363,2026
2009,83,1,2,0,0,0.9927,364,2026
2010,1914,1,0,0,0,0.2708,364,2026
2011,1020,2,0,0,0,0.9913,365,2026
2012,1724,1,2,0,0,0.2646,365,2026
2013,612,2,5,0,0,0.9907,366,2026
2014,1956,1,0,0,0,0.2607,366,2026
2015,836,2,4,0,0,0.9835,367,2026
2016,1508,1,0,0,0,0.2604,367,2026
2017,599,1,5,0,0,0.9807,368,2026
2018,1286,1,0,0,0,0.2342,368,2026
2019,929,3,8,0,0,0.9768,369,2026
2020,2001,2,0,0,0,0.2065,369,2026
2021,694,2,4,0,0,0.9744,370,2026
2022,1558,1,4,0,2,0.2006,370,2026
2023,902,1,8,0,0,0.9683,371,2026
2024,1407,1,6,0,0,0.1942,371,2026
2025,823,1,1,0,0,0.9372,372,2026
2026,1379,1,0,0,0,0.1852,372,2026
2027,171,1,2,0,0,0.9367,373,2026
2028,1937,1,0,0,0,0.1846,373,2026
2029,58,2,20,0,0,0.936,374,2026
2030,1412,1,4,0,1,0.1834,374,2026
2031,277,5,5,0,0,0.9306,375,2026
2032,1618,1,8,0,0,0.1803,375,2026
2033,752,1,8,0,0,0.9214,376,2026
2034,1502,1,2,0,0,0.1551,376,2026
2035,1670,1,1,0,0,0.1551,376,2026
2036,731,2,7,0,0,0.9201,377,2026
2037,658,2,1,0,0,0.9199,378,2026
2038,1335,1,2,0,0,0.1379,378,2026
2039,630,1,14,0,2,0.9193,379,2026
2040,1484,1,1,0,0,0.1363,379,2026
2041,753,1,5,0,2,0.8977,380,2026
2042,1383,1,0,0,0,0.1351,380,2026
2043,434,1,7,0,0,0.8911,381,2026
2044,1852,1,0,0,0,0.1314,381,2026
2045,151,1,15,0,0,0.8889,382,2026
2046,1425,1,4,0,1,0.1306,382,2026
2047,822,2,3,0,2,0.8585,383,2026
2048,1704,1,1,0,0,0.1143,383,2026
2049,1566,1,2,0,0,0.1104,384,2026
2050,2242,2,0,0,0,0.8568,384,2026
2051,218,1,2,0,0,0.8524,385,2026
2052,2226,1,0,0,0,0.1089,385,2026
2053,476,2,2,0,0,0.8517,386,2026
2054,1419,1,4,0,0,0.0959,386,2026
2055,777,2,7,0,2,0.8458,387,2026
2056,1605,1,1,0,0,0.0944,387,2026
2057,139,1,16,0,0,0.8378,388,2026
2058,1242,1,3,0,0,0.0895,388,2026
2059,773,1,4,0,0,0.8258,389,2026
2060,1477,2,1,0,0,0.0879,389,2026
2061,955,2,14,0,0,0.8255,390,2026
2062,1278,1,1,0,0,0.0871,390,2026
2063,94,1,2,0,0,0.8113,391,2026
2064,1602,2,9,0,0,0.0847,391,2026
2065,1936,1,0,0,0,0.0834,392,2026
2066,2258,1,16,0,0,0.8033,392,2026
2067,724,2,6,0,0,0.7965,393,2026
2068,1517,1,1,0,0,0.0798,393,2026
2069,807,2,5,0,0,0.7861,394,2026
2070,1362,1,3,0,2,0.0774,394,2026
2071,737,2,19,0,0,0.781,395,2026
2072,1919,1,0,0,0,0.0726,395,2026
2073,508,2,5,0,0,0.7753,396,2026
2074,1489,1,5,0,0,0.0677,396,2026
2075,664,1,4,0,0,0.77,397,2026
2076,1658,1,2,0,1,0.0581,397,2026
2077,2198,1,0,0,0,0.0581,397,2026
2078,47,1,7,0,0,0.7577,398,2026
2079,396,1,4,0,0,0.7453,399,2026
2080,1541,1,0,0,0,0.0556,399,2026
2081,2032,1,0,0,0,0.0556,399,2026
2082,4,1,2,0,0,0.7409,400,2026
2083,76,1,2,0,1,0.7364,401,2026
2084,2207,1,0,0,0,0.0532,401,2026
2085,590,1,1,0,0,0.7358,402,2026
2086,1544,1,1,0,0,0.0484,402,2026
2087,2104,1,0,0,0,0.0484,402,2026
2088,210,1,0,0,0,0.7313,403,2026
2089,190,2,12,0,2,0.7237,404,2026
2090,1432,1,1,0,0,0.046,404,2026
2091,1752,1,0,0,0,0.046,404,2026
2092,48,1,10,0,0,0.7012,405,2026
2093,174,1,4,0,0,0.6922,406,2026
2094,2233,1,0,0,0,0.029,406,2026
2095,620,2,18,0,0,0.6889,407,2026
2096,889,1,0,0,0,0.6882,408,2026
2097,592,3,9,0,0,0.6821,409,2026
2098,107,1,5,0,0,0.6804,410,2026
2099,142,1,2,0,0,0.6793,411,2026
2100,392,1,1,0,1,0.6703,412,2026
2101,702,2,7,0,0,0.6608,413,2026
2102,538,1,8,0,3,0.6572,414,2026
2103,170,3,1,0,0,0.6541,415,2026
2104,480,1,2,0,0,0.6347,416,2026
2105,911,1,3,0,0,0.6287,417,2026
2106,390,2,6,0,0,0.6085,418,2026
2107,859,1,4,0,0,0.6068,419,2026
2108,54,1,0,0,0,0.6042,420,2026
2109,298,1,6,0,0,0.6006,421,2026
2110,951,1,10,0,0,0.5964,422,2026
2111,791,1,2,0,0,0.594,423,2026
2112,423,5,12,0,0,0.58,424,2026
2113,918,1,7,0,0,0.5781,425,2026
2114,451,1,0,0,0,0.5509,426,2026
2115,368,1,2,0,0,0.5433,427,2026
2116,905,1,5,0,1,0.5379,428,2026
2117,397,1,1,0,0,0.5326,429,2026
2118,10,1,7,0,0,0.5315,430,2026
2119,45,1,6,0,0,0.5244,431,2026
2120,19,1,4,0,0,0.5171,432,2026
2121,501,1,2,0,0,0.5143,433,2026
2122,511,1,1,0,0,0.5106,434,2026
2123,448,1,2,0,0,0.5039,435,2026
2124,260,1,3,0,0,0.5009,436,2026
2125,207,1,3,0,0,0.497,437,2026
2126,1047,1,0,0,0,0.4889,438,2026
2127,199,1,4,0,0,0.4805,439,2026
2128,196,2,5,0,0,0.4799,440,2026
2129,716,1,11,0,0,0.4662,441,2026
2130,749,1,8,0,2,0.4548,442,2026
2131,293,1,4,0,0,0.4486,443,2026
2132,138,1,4,0,0,0.4419,444,2026
2133,680,1,4,0,0,0.4414,445,2026
2134,1079,1,0,0,0,0.4356,446,2026
2135,30,1,5,0,1,0.4295,447,2026
2136,450,1,0,0,0,0.4216,448,2026
2137,180,1,4,0,0,0.4174,449,2026
2138,824,1,18,0,1,0.4069,450,2026
2139,11,2,7,0,0,0.4009,451,2026
2140,402,1,0,0,0,0.4006,452,2026
2141,150,1,1,0,0,0.3919,453,2026
2142,96,1,4,0,1,0.3759,454,2026
2143,321,1,4,0,0,0.3705,455,2026
2144,466,1,10,0,0,0.3667,456,2026
2145,631,1,7,0,0,0.3554,457,2026
2146,598,2,6,0,0,0.3504,458,2026
2147,838,2,5,0,1,0.3467,459,2026
2148,963,1,1,0,0,0.3393,460,2026
2149,629,1,5,0,0,0.3344,461,2026
2150,671,2,1,0,0,0.2959,462,2026
2151,797,1,1,0,0,0.2849,463,2026
2152,661,2,2,0,0,0.272,464,2026
2153,705,1,5,0,1,0.2708,465,2026
2154,235,1,1,0,0,0.2667,466,2026
2155,659,1,3,0,1,0.2592,467,2026
2156,411,1,4,0,0,0.2526,468,2026
2157,351,1,8,0,0,0.2457,469,2026
2158,855,1,5,0,1,0.2455,470,2026
2159,865,1,8,0,0,0.2379,471,2026
2160,319,1,1,0,0,0.212,472,2026
2161,14,1,1,0,0,0.2105,473,2026
2162,952,1,1,0,0,0.2001,474,2026
2163,1044,1,0,0,0,0.2,475,2026
2164,143,1,6,0,0,0.1952,476,2026
2165,529,2,1,0,0,0.1931,477,2026
2166,248,1,5,0,1,0.1876,478,2026
2167,621,1,13,0,0,0.1876,478,2026
2168,1065,1,0,0,0,0.1852,480,2026
2169,958,2,4,0,2,0.1659,481,2026
2170,608,2,5,0,2,0.1596,482,2026
2171,132,1,7,0,2,0.1558,483,2026
2172,678,2,21,0,6,0.1393,484,2026
2173,339,1,6,0,0,0.1282,485,2026
2174,1,1,12,0,0,0.1234,486,2026
2175,512,1,1,0,0,0.1161,487,2026
2176,636,1,2,0,0,0.1137,488,2026
2177,23,1,7,0,0,0.1113,489,2026
2178,640,1,6,0,0,0.1113,489,2026
2179,875,2,2,0,0,0.1113,489,2026
2180,71,1,1,0,0,0.1016,492,2026
2181,464,1,3,0,0,0.0944,493,2026
2182,259,1,2,0,0,0.0871,494,2026
2183,962,1,10,0,0,0.0823,495,2026
2184,857,1,1,0,0,0.0798,496,2026
2185,754,1,4,0,0,0.075,497,2026
2186,334,1,4,0,0,0.0726,498,2026
2187,360,1,3,0,0,0.0726,498,2026
2188,652,1,2,0,0,0.0677,500,2026
2189,219,1,5,0,0,0.0605,501,2026
2190,153,1,7,0,0,0.0581,502,2026
2191,834,1,2,0,0,0.0581,502,2026
2192,195,1,10,0,4,0.0556,504,2026
2193,984,1,0,0,0,0.0556,504,2026
2194,242,1,12,0,0,0.0532,506,2026
2195,297,1,3,0,0,0.0524,507,2026
2196,187,1,14,0,3,0.0484,508,2026
2197,216,1,4,0,1,0.046,509,2026
2198,205,1,3,0,0,0.0387,510,2026
2199,606,1,3,0,0,0.0387,510,2026
2200,930,1,4,0,1,0.0387,510,2026
2201,381,1,0,0,0,0.0339,513,2026
2202,157,1,5,0,0,0.0266,514,2026
2203,234,1,8,0,0,0.0266,514,2026
2204,329,1,1,0,1,0.0266,514,2026
2205,177,1,5,0,0,0.0152,517,2026
2206,959,1,1,0,1,0.0048,518,2026
2207,361,1,2,0,0,0.0005,519,2026
2208,3,0,4,0,0,0.0,,2026
2209,5,0,4,0,2,0.0,,2026
2210,6,0,5,0,1,0.0,,2026
2211,12,0,9,0,0,0.0,,2026
2212,13,0,2,0,1,0.0,,2026
2213,15,0,1,0,1,0.0,,2026
2214,18,0,2,0,1,0.0,,2026
2215,21,0,1,0,1,0.0,,2026
2216,22,0,5,0,3,0.0,,2026
2217,25,0,6,0,1,0.0,,2026
2218,28,0,30,0,6,0.0,,2026
2219,33,0,6,0,0,0.0,,2026
2220,34,0,4,0,0,0.0,,2026
2221,38,0,9,0,0,0.0,,2026
2222,39,0,4,0,1,0.0,,2026
2223,40,0,6,0,0,0.0,,2026
2224,44,0,2,0,1,0.0,,2026
2225,46,0,6,0,1,0.0,,2026
2226,49,0,1,0,0,0.0,,2026
2227,50,0,4,0,1,0.0,,2026
2228,52,0,4,0,0,0.0,,2026
2229,53,0,15,0,0,0.0,,2026
2230,57,0,3,0,0,0.0,,2026
2231,61,0,1,0,0,0.0,,2026
2232,63,0,10,0,0,0.0,,2026
2233,67,0,3,0,0,0.0,,2026
2234,68,0,2,0,0,0.0,,2026
2235,69,0,3,0,0,0.0,,2026
2236,70,0,1,0,0,0.0,,2026
2237,72,0,2,0,0,0.0,,2026
2238,73,0,3,0,0,0.0,,2026
2239,74,0,4,0,2,0.0,,2026
2240,75,0,3,0,1,0.0,,2026
2241,79,0,1,0,0,0.0,,2026
2242,81,0,2,0,0,0.0,,2026
2243,84,0,11,0,3,0.0,,2026
2244,85,0,4,0,0,0.0,,2026
2245,91,0,1,0,0,0.0,,2026
2246,92,0,2,0,1,0.0,,2026
2247,93,0,8,0,0,0.0,,2026
2248,95,0,3,0,0,0.0,,2026
2249,98,0,6,0,0,0.0,,2026
2250,103,0,7,0,1,0.0,,2026
2251,104,0,10,0,0,0.0,,2026
2252,108,0,7,0,0,0.0,,2026
2253,112,0,7,0,0,0.0,,2026
2254,113,0,8,0,0,0.0,,2026
2255,115,0,10,0,0,0.0,,2026
2256,126,0,3,0,0,0.0,,2026
2257,128,0,1,0,0,0.0,,2026
2258,130,0,1,0,0,0.0,,2026
2259,131,0,1,0,0,0.0,,2026
2260,133,0,1,0,0,0.0,,2026
2261,134,0,2,0,1,0.0,,2026
2262,140,0,9,0,0,0.0,,2026
2263,141,0,1,0,0,0.0,,2026
2264,146,0,1,0,0,0.0,,2026
2265,147,0,3,0,0,0.0,,2026
2266,148,0,3,0,0,0.0,,2026
2267,149,0,4,0,0,0.0,,2026
2268,154,0,8,0,0,0.0,,2026
2269,156,0,1,0,0,0.0,,2026
2270,159,0,1,0,0,0.0,,2026
2271,161,0,6,0,1,0.0,,2026
2272,164,0,2,0,0,0.0,,2026
2273,165,0,2,0,0,0.0,,2026
2274,166,0,16,0,0,0.0,,2026
2275,168,0,3,0,0,0.0,,2026
2276,178,0,3,0,0,0.0,,2026
2277,181,0,12,0,0,0.0,,2026
2278,182,0,4,0,0,0.0,,2026
2279,183,0,3,0,1,0.0,,2026
2280,185,0,5,0,0,0.0,,2026
2281,189,0,3,0,0,0.0,,2026
2282,193,0,5,0,2,0.0,,2026
2283,202,0,2,0,0,0.0,,2026
2284,206,0,3,0,1,0.0,,2026
2285,208,0,2,0,1,0.0,,2026
2286,209,1,1,1,0,0.0,,2026
2287,212,0,7,0,1,0.0,,2026
2288,213,0,14,0,0,0.0,,2026
2289,214,0,7,0,0,0.0,,2026
2290,221,0,2,0,0,0.0,,2026
2291,224,0,5,0,0,0.0,,2026
2292,225,0,9,0,3,0.0,,2026
2293,226,0,3,0,2,0.0,,2026
2294,230,0,7,0,0,0.0,,2026
2295,233,0,1,0,0,0.0,,2026
2296,237,0,6,0,0,0.0,,2026
2297,238,0,1,0,0,0.0,,2026
2298,240,0,6,0,0,0.0,,2026
2299,241,0,1,0,0,0.0,,2026
2300,243,0,1,0,0,0.0,,2026
2301,244,1,4,1,0,0.0,,2026
2302,249,0,16,0,8,0.0,,2026
2303,252,0,4,0,0,0.0,,2026
2304,253,0,3,0,0,0.0,,2026
2305,255,0,1,0,0,0.0,,2026
2306,268,1,5,1,0,0.0,,2026
2307,272,0,2,0,0,0.0,,2026
2308,274,0,3,0,0,0.0,,2026
2309,275,0,4,0,0,0.0,,2026
2310,276,0,4,0,0,0.0,,2026
2311,279,0,6,0,0,0.0,,2026
2312,281,0,7,0,0,0.0,,2026
2313,283,0,5,0,0,0.0,,2026
2314,288,0,4,0,0,0.0,,2026
2315,296,0,1,0,0,0.0,,2026
2316,304,0,6,0,2,0.0,,2026
2317,305,0,2,0,0,0.0,,2026
2318,306,0,3,0,1,0.0,,2026
2319,307,0,2,0,0,0.0,,2026
2320,308,0,4,0,0,0.0,,2026
2321,309,0,1,0,1,0.0,,2026
2322,310,0,3,0,0,0.0,,2026
2323,311,0,2,0,0,0.0,,2026
2324,312,0,1,0,0,0.0,,2026
2325,314,0,2,0,1,0.0,,2026
2326,317,0,7,0,2,0.0,,2026
2327,318,0,4,0,1,0.0,,2026
2328,323,0,2,0,0,0.0,,2026
2329,325,0,10,0,5,0.0,,2026
2330,327,0,2,0,0,0.0,,2026
2331,328,0,5,0,0,0.0,,2026
2332,330,0,1,0,0,0.0,,2026
2333,332,0,4,0,0,0.0,,2026
2334,335,0,1,0,1,0.0,,2026
2335,336,1,1,1,0,0.0,,2026
2336,340,0,1,0,0,0.0,,2026
2337,341,0,2,0,1,0.0,,2026
2338,346,0,6,0,3,0.0,,2026
2339,348,0,5,0,1,0.0,,2026
2340,354,0,3,0,1,0.0,,2026
2341,355,0,7,0,1,0.0,,2026
2342,359,0,6,0,0,0.0,,2026
2343,364,0,2,0,1,0.0,,2026
2344,365,0,4,0,0,0.0,,2026
2345,373,0,8,0,0,0.0,,2026
2346,375,0,3,0,0,0.0,,2026
2347,376,0,3,0,0,0.0,,2026
2348,377,0,9,0,0,0.0,,2026
2349,378,0,1,0,0,0.0,,2026
2350,383,0,3,0,0,0.0,,2026
2351,385,0,11,0,0,0.0,,2026
2352,389,0,1,0,0,0.0,,2026
2353,391,0,22,0,0,0.0,,2026
2354,393,0,5,0,1,0.0,,2026
2355,398,0,2,0,0,0.0,,2026
2356,399,0,9,0,0,0.0,,2026
2357,401,0,9,0,1,0.0,,2026
2358,407,0,6,0,0,0.0,,2026
2359,408,0,5,0,0,0.0,,2026
2360,410,0,6,0,2,0.0,,2026
2361,414,0,5,0,0,0.0,,2026
2362,415,0,2,0,0,0.0,,2026
2363,418,0,3,0,1,0.0,,2026
2364,425,0,3,0,0,0.0,,2026
2365,430,0,2,0,0,0.0,,2026
2366,431,0,1,0,1,0.0,,2026
2367,433,0,1,0,1,0.0,,2026
2368,436,0,2,0,0,0.0,,2026
2369,437,0,3,0,0,0.0,,2026
2370,439,0,10,0,0,0.0,,2026
2371,443,0,4,0,2,0.0,,2026
2372,444,0,2,0,0,0.0,,2026
2373,445,0,1,0,1,0.0,,2026
2374,447,0,4,0,1,0.0,,2026
2375,455,0,2,0,0,0.0,,2026
2376,456,0,4,0,0,0.0,,2026
2377,458,0,1,0,0,0.0,,2026
2378,463,0,1,0,0,0.0,,2026
2379,465,0,10,0,0,0.0,,2026
2380,467,0,1,0,0,0.0,,2026
2381,468,0,7,0,4,0.0,,2026
2382,474,0,1,0,0,0.0,,2026
2383,475,0,3,0,0,0.0,,2026
2384,477,0,3,0,1,0.0,,2026
2385,485,0,6,0,0,0.0,,2026
2386,486,0,6,0,2,0.0,,2026
2387,489,0,6,0,0,0.0,,2026
2388,491,0,1,0,0,0.0,,2026
2389,495,0,5,0,1,0.0,,2026
2390,497,0,9,0,0,0.0,,2026
2391,498,0,4,0,0,0.0,,2026
2392,500,0,1,0,0,0.0,,2026
2393,504,0,2,0,0,0.0,,2026
2394,506,0,1,0,0,0.0,,2026
2395,507,0,2,0,2,0.0,,2026
2396,510,0,2,0,0,0.0,,2026
2397,514,0,2,0,0,0.0,,2026
2398,517,0,1,0,1,0.0,,2026
2399,518,0,3,0,1,0.0,,2026
2400,521,0,7,0,0,0.0,,2026
2401,522,0,2,0,0,0.0,,2026
2402,528,0,1,0,0,0.0,,2026
2403,530,0,3,0,1,0.0,,2026
2404,534,0,13,0,0,0.0,,2026
2405,536,0,2,0,0,0.0,,2026
2406,544,1,2,1,0,0.0,,2026
2407,545,0,6,0,0,0.0,,2026
2408,553,0,7,0,0,0.0,,2026
2409,555,0,3,0,0,0.0,,2026
2410,560,0,8,0,0,0.0,,2026
2411,562,0,2,0,1,0.0,,2026
2412,563,0,3,0,0,0.0,,2026
2413,564,0,2,0,0,0.0,,2026
2414,568,0,3,0,0,0.0,,2026
2415,569,0,7,0,0,0.0,,2026
2416,570,0,2,0,0,0.0,,2026
2417,571,0,3,0,0,0.0,,2026
2418,574,0,1,0,0,0.0,,2026
2419,575,0,5,0,2,0.0,,2026
2420,577,0,2,0,1,0.0,,2026
2421,583,0,2,0,0,0.0,,2026
2422,585,0,1,0,0,0.0,,2026
2423,591,0,4,0,1,0.0,,2026
2424,593,0,10,0,2,0.0,,2026
2425,594,0,3,0,0,0.0,,2026
2426,596,0,5,0,1,0.0,,2026
2427,602,0,1,0,0,0.0,,2026
2428,603,0,11,0,2,0.0,,2026
2429,604,0,2,0,0,0.0,,2026
2430,609,0,2,0,0,0.0,,2026
2431,611,0,5,0,1,0.0,,2026
2432,615,0,2,0,0,0.0,,2026
2433,618,0,2,0,0,0.0,,2026
2434,623,0,1,0,0,0.0,,2026
2435,624,0,1,0,0,0.0,,2026
2436,625,0,2,0,0,0.0,,2026
2437,626,0,6,0,1,0.0,,2026
2438,635,0,1,0,0,0.0,,2026
2439,637,0,2,0,0,0.0,,2026
2440,639,0,1,0,0,0.0,,2026
2441,641,0,2,0,1,0.0,,2026
2442,642,0,1,0,0,0.0,,2026
2443,646,0,1,0,0,0.0,,2026
2444,648,0,3,0,2,0.0,,2026
2445,649,0,4,0,0,0.0,,2026
2446,650,0,1,0,0,0.0,,2026
2447,651,0,3,0,0,0.0,,2026
2448,653,0,1,0,0,0.0,,2026
2449,657,0,13,0,4,0.0,,2026
2450,662,0,2,0,1,0.0,,2026
2451,665,0,1,0,0,0.0,,2026
2452,666,0,6,0,0,0.0,,2026
2453,674,0,5,0,0,0.0,,2026
2454,677,0,2,0,0,0.0,,2026
2455,679,0,1,0,0,0.0,,2026
2456,682,0,11,0,0,0.0,,2026
2457,690,1,9,1,0,0.0,,2026
2458,691,0,6,0,4,0.0,,2026
2459,692,0,1,0,0,0.0,,2026
2460,696,0,2,0,0,0.0,,2026
2461,698,0,5,0,0,0.0,,2026
2462,701,0,12,0,0,0.0,,2026
2463,707,0,3,0,0,0.0,,2026
2464,715,0,6,0,0,0.0,,2026
2465,721,0,2,0,1,0.0,,2026
2466,726,0,1,0,0,0.0,,2026
2467,727,0,7,0,0,0.0,,2026
2468,728,0,4,0,0,0.0,,2026
2469,729,0,2,0,0,0.0,,2026
2470,730,0,6,0,0,0.0,,2026
2471,732,0,1,0,0,0.0,,2026
2472,734,0,2,0,2,0.0,,2026
2473,735,0,5,0,0,0.0,,2026
2474,739,0,2,0,2,0.0,,2026
2475,741,0,4,0,0,0.0,,2026
2476,744,0,2,0,0,0.0,,2026
2477,745,0,2,0,1,0.0,,2026
2478,746,0,1,0,0,0.0,,2026
2479,747,0,1,0,1,0.0,,2026
2480,748,0,2,0,0,0.0,,2026
2481,751,0,3,0,3,0.0,,2026
2482,755,0,16,0,0,0.0,,2026
2483,757,0,2,0,0,0.0,,2026
2484,758,0,4,0,1,0.0,,2026
2485,759,0,1,0,0,0.0,,2026
2486,762,0,2,0,0,0.0,,2026
2487,763,0,21,0,0,0.0,,2026
2488,765,0,2,0,0,0.0,,2026
2489,766,0,1,0,0,0.0,,2026
2490,767,0,1,0,0,0.0,,2026
2491,769,0,1,0,0,0.0,,2026
2492,770,0,2,0,0,0.0,,2026
2493,771,0,1,0,0,0.0,,2026
2494,774,0,1,0,1,0.0,,2026
2495,778,0,4,0,0,0.0,,2026
2496,780,0,24,0,0,0.0,,2026
2497,783,0,2,0,1,0.0,,2026
2498,788,0,5,0,0,0.0,,2026
2499,789,0,6,0,3,0.0,,2026
2500,790,0,2,0,0,0.0,,2026
2501,794,0,1,0,1,0.0,,2026
2502,796,0,3,0,3,0.0,,2026
2503,798,0,5,0,0,0.0,,2026
2504,800,0,6,0,0,0.0,,2026
2505,801,0,1,0,0,0.0,,2026
2506,803,0,14,0,0,0.0,,2026
2507,804,0,7,0,0,0.0,,2026
2508,809,0,5,0,0,0.0,,2026
2509,821,0,2,0,0,0.0,,2026
2510,833,0,7,0,0,0.0,,2026
2511,839,0,7,0,1,0.0,,2026
2512,844,0,2,0,0,0.0,,2026
2513,847,0,9,0,0,0.0,,2026
2514,848,0,1,0,0,0.0,,2026
2515,850,0,18,0,2,0.0,,2026
2516,851,0,8,0,0,0.0,,2026
2517,853,0,1,0,0,0.0,,2026
2518,863,0,15,0,1,0.0,,2026
2519,866,0,1,0,0,0.0,,2026
2520,871,0,3,0,0,0.0,,2026
2521,876,0,2,0,0,0.0,,2026
2522,877,0,3,0,1,0.0,,2026
2523,885,0,8,0,0,0.0,,2026
2524,887,0,4,0,0,0.0,,2026
2525,890,0,2,0,1,0.0,,2026
2526,891,0,4,0,1,0.0,,2026
2527,896,0,10,0,0,0.0,,2026
2528,898,0,5,0,2,0.0,,2026
2529,901,0,3,0,0,0.0,,2026
2530,903,0,7,0,0,0.0,,2026
2531,904,0,5,0,0,0.0,,2026
2532,908,0,2,0,0,0.0,,2026
2533,909,0,3,0,0,0.0,,2026
2534,912,0,3,0,0,0.0,,2026
2535,915,0,1,0,0,0.0,,2026
2536,916,0,1,0,0,0.0,,2026
2537,921,0,3,0,0,0.0,,2026
2538,922,0,1,0,0,0.0,,2026
2539,923,0,1,0,0,0.0,,2026
2540,924,0,4,0,0,0.0,,2026
2541,925,0,5,0,0,0.0,,2026
2542,926,0,1,0,0,0.0,,2026
2543,927,0,3,0,0,0.0,,2026
2544,928,0,1,0,0,0.0,,2026
2545,931,0,1,0,1,0.0,,2026
2546,933,0,4,0,0,0.0,,2026
2547,934,0,2,0,0,0.0,,2026
2548,938,0,1,0,0,0.0,,2026
2549,939,0,2,0,0,0.0,,2026
2550,954,0,18,0,0,0.0,,2026
2551,956,0,6,0,0,0.0,,2026
2552,957,0,3,0,1,0.0,,2026
2553,964,0,1,0,0,0.0,,2026
2554,1083,0,5,0,0,0.0,,2026
2555,1097,0,3,0,0,0.0,,2026
2556,1101,0,6,0,1,0.0,,2026
2557,1111,0,1,0,1,0.0,,2026
2558,1124,0,6,0,1,0.0,,2026
2559,1125,0,3,0,1,0.0,,2026
2560,1126,0,3,0,0,0.0,,2026
2561,1131,0,1,0,0,0.0,,2026
2562,1132,0,3,0,1,0.0,,2026
2563,1135,0,2,0,1,0.0,,2026
2564,1152,0,5,0,2,0.0,,2026
2565,1155,0,6,0,3,0.0,,2026
2566,1158,0,2,0,2,0.0,,2026
2567,1164,0,1,0,0,0.0,,2026
2568,1172,0,4,0,0,0.0,,2026
2569,1189,0,1,0,0,0.0,,2026
2570,1193,0,1,0,0,0.0,,2026
2571,1196,0,9,0,0,0.0,,2026
2572,1197,0,1,0,0,0.0,,2026
2573,1198,0,2,0,0,0.0,,2026
2574,1200,0,3,0,1,0.0,,2026
2575,1201,0,3,0,1,0.0,,2026
2576,1204,0,5,0,0,0.0,,2026
2577,1207,0,2,0,0,0.0,,2026
2578,1209,0,3,0,0,0.0,,2026
2579,1213,0,3,0,1,0.0,,2026
2580,1214,0,1,0,1,0.0,,2026
2581,1215,0,1,0,0,0.0,,2026
2582,1217,0,6,0,1,0.0,,2026
2583,1219,0,5,0,0,0.0,,2026
2584,1220,0,1,0,0,0.0,,2026
2585,1223,0,3,0,0,0.0,,2026
2586,1233,0,2,0,0,0.0,,2026
2587,1234,0,3,0,1,0.0,,2026
2588,1237,0,1,0,1,0.0,,2026
2589,1239,0,1,0,0,0.0,,2026
2590,1240,0,1,0,1,0.0,,2026
2591,1245,0,1,0,0,0.0,,2026
2592,1253,0,2,0,1,0.0,,2026
2593,1256,0,1,0,1,0.0,,2026
2594,1263,0,6,0,0,0.0,,2026
2595,1265,0,1,0,1,0.0,,2026
2596,1266,0,1,0,0,0.0,,2026
2597,1270,0,2,0,0,0.0,,2026
2598,1289,0,2,0,0,0.0,,2026
2599,1290,0,7,0,3,0.0,,2026
2600,1294,0,2,0,0,0.0,,2026
2601,1295,0,9,0,1,0.0,,2026
2602,1301,0,4,0,0,0.0,,2026
2603,1307,0,2,0,0,0.0,,2026
2604,1311,0,1,0,0,0.0,,2026
2605,1314,0,2,0,0,0.0,,2026
2606,1317,0,1,0,0,0.0,,2026
2607,1322,0,1,0,0,0.0,,2026
2608,1328,0,1,0,0,0.0,,2026
2609,1329,0,2,0,0,0.0,,2026
2610,1330,0,2,0,0,0.0,,2026
2611,1331,0,2,0,0,0.0,,2026
2612,1359,0,5,0,0,0.0,,2026
2613,1363,0,1,0,0,0.0,,2026
2614,1365,0,5,0,0,0.0,,2026
2615,1366,0,6,0,0,0.0,,2026
2616,1367,0,3,0,0,0.0,,2026
2617,1369,0,2,0,1,0.0,,2026
2618,1375,0,4,0,0,0.0,,2026
2619,1377,0,4,0,0,0.0,,2026
2620,1380,0,5,0,1,0.0,,2026
2621,1384,0,6,0,1,0.0,,2026
2622,1386,0,6,0,0,0.0,,2026
2623,1388,0,1,0,0,0.0,,2026
2624,1390,0,3,0,1,0.0,,2026
2625,1391,0,6,0,1,0.0,,2026
2626,1393,0,1,0,1,0.0,,2026
2627,1395,0,3,0,0,0.0,,2026
2628,1396,0,3,0,0,0.0,,2026
2629,1398,0,1,0,0,0.0,,2026
2630,1404,0,2,0,0,0.0,,2026
2631,1406,0,2,0,0,0.0,,2026
2632,1408,0,10,0,1,0.0,,2026
2633,1415,0,3,0,0,0.0,,2026
2634,1420,0,1,0,0,0.0,,2026
2635,1429,0,3,0,0,0.0,,2026
2636,1430,0,5,0,0,0.0,,2026
2637,1435,0,1,0,0,0.0,,2026
2638,1437,0,2,0,0,0.0,,2026
2639,1444,0,3,0,0,0.0,,2026
2640,1448,0,3,0,0,0.0,,2026
2641,1449,0,1,0,0,0.0,,2026
2642,1457,0,1,0,0,0.0,,2026
2643,1460,0,2,0,1,0.0,,2026
2644,1461,0,6,0,0,0.0,,2026
2645,1463,0,1,0,0,0.0,,2026
2646,1464,0,2,0,0,0.0,,2026
2647,1466,0,1,0,0,0.0,,2026
2648,1469,0,1,0,0,0.0,,2026
2649,1471,0,1,0,0,0.0,,2026
2650,1472,0,1,0,0,0.0,,2026
2651,1473,0,2,0,1,0.0,,2026
2652,1474,0,2,0,0,0.0,,2026
2653,1476,0,3,0,0,0.0,,2026
2654,1488,0,4,0,0,0.0,,2026
2655,1496,0,3,0,0,0.0,,2026
2656,1498,0,4,0,0,0.0,,2026
2657,1507,0,4,0,0,0.0,,2026
2658,1510,0,1,0,0,0.0,,2026
2659,1511,0,1,0,0,0.0,,2026
2660,1519,0,1,0,0,0.0,,2026
2661,1520,0,2,0,0,0.0,,2026
2662,1521,0,3,0,0,0.0,,2026
2663,1523,0,3,0,0,0.0,,2026
2664,1525,0,3,0,0,0.0,,2026
2665,1531,0,1,0,0,0.0,,2026
2666,1532,0,2,0,0,0.0,,2026
2667,1534,0,5,0,1,0.0,,2026
2668,1537,0,1,0,1,0.0,,2026
2669,1542,0,2,0,1,0.0,,2026
2670,1543,0,2,0,0,0.0,,2026
2671,1546,0,2,0,0,0.0,,2026
2672,1548,0,2,0,0,0.0,,2026
2673,1551,0,1,0,0,0.0,,2026
2674,1552,0,1,0,0,0.0,,2026
2675,1553,0,3,0,0,0.0,,2026
2676,1554,0,2,0,0,0.0,,2026
2677,1560,0,2,0,0,0.0,,2026
2678,1561,0,7,0,1,0.0,,2026
2679,1568,0,2,0,0,0.0,,2026
2680,1570,0,1,0,0,0.0,,2026
2681,1572,0,4,0,0,0.0,,2026
2682,1574,0,1,0,0,0.0,,2026
2683,1575,0,1,0,0,0.0,,2026
2684,1577,0,7,0,0,0.0,,2026
2685,1579,0,1,0,0,0.0,,2026
2686,1580,0,2,0,0,0.0,,2026
2687,1582,0,2,0,0,0.0,,2026
2688,1584,0,1,0,0,0.0,,2026
2689,1585,0,1,0,0,0.0,,2026
2690,1587,0,1,0,0,0.0,,2026
2691,1588,0,1,0,0,0.0,,2026
2692,1590,0,4,0,0,0.0,,2026
2693,1592,0,3,0,0,0.0,,2026
2694,1598,0,1,0,0,0.0,,2026
2695,1599,0,3,0,0,0.0,,2026
2696,1603,0,1,0,0,0.0,,2026
2697,1607,0,3,0,0,0.0,,2026
2698,1612,0,2,0,0,0.0,,2026
2699,1614,0,1,0,0,0.0,,2026
2700,1615,0,5,0,0,0.0,,2026
2701,1616,0,2,0,0,0.0,,2026
2702,1617,0,1,0,0,0.0,,2026
2703,1621,0,5,0,0,0.0,,2026
2704,1622,0,2,0,0,0.0,,2026
2705,1629,0,2,0,0,0.0,,2026
2706,1632,0,2,0,0,0.0,,2026
2707,1639,0,2,0,0,0.0,,2026
2708,1641,0,4,0,0,0.0,,2026
2709,1642,0,4,0,0,0.0,,2026
2710,1652,1,0,1,0,0.0,,2026
2711,1653,0,1,0,0,0.0,,2026
2712,1657,0,5,0,3,0.0,,2026
2713,1662,0,1,0,0,0.0,,2026
2714,1675,0,1,0,0,0.0,,2026
2715,1677,0,1,0,0,0.0,,2026
2716,1690,0,2,0,0,0.0,,2026
2717,1697,0,1,0,0,0.0,,2026
2718,1701,0,1,0,0,0.0,,2026
2719,1711,0,6,0,0,0.0,,2026
2720,1719,0,1,0,0,0.0,,2026
2721,1721,0,1,0,0,0.0,,2026
2722,1727,0,1,0,0,0.0,,2026
2723,1728,0,1,0,0,0.0,,2026
2724,1732,0,1,0,0,0.0,,2026
2725,1733,0,1,0,1,0.0,,2026
2726,1737,0,1,0,0,0.0,,2026
2727,1738,0,1,0,0,0.0,,2026
2728,1742,0,1,0,0,0.0,,2026
2729,1745,0,1,0,0,0.0,,2026
2730,1748,0,1,0,0,0.0,,2026
2731,1757,0,1,0,0,0.0,,2026
2732,1773,0,1,0,0,0.0,,2026
2733,1778,0,1,0,0,0.0,,2026
2734,1779,0,4,0,0,0.0,,2026
2735,1783,0,2,0,0,0.0,,2026
2736,1793,0,2,0,0,0.0,,2026
2737,1799,0,1,0,1,0.0,,2026
2738,1802,0,1,0,0,0.0,,2026
2739,1803,0,1,0,0,0.0,,2026
2740,1804,0,2,0,0,0.0,,2026
2741,1807,0,3,0,0,0.0,,2026
2742,1809,0,1,0,0,0.0,,2026
2743,1810,0,1,0,0,0.0,,2026
2744,1811,0,2,0,0,0.0,,2026
2745,1813,0,1,0,0,0.0,,2026
2746,1815,0,2,0,0,0.0,,2026
2747,1820,0,1,0,0,0.0,,2026
2748,1821,0,1,0,1,0.0,,2026
2749,1822,0,3,0,0,0.0,,2026
2750,1823,0,2,0,0,0.0,,2026
2751,1833,0,1,0,0,0.0,,2026
2752,1836,0,6,0,0,0.0,,2026
2753,1847,0,1,0,0,0.0,,2026
2754,1851,0,3,0,1,0.0,,2026
2755,1853,0,1,0,1,0.0,,2026
2756,1854,0,2,0,0,0.0,,2026
2757,1856,0,1,0,0,0.0,,2026
2758,1857,0,1,0,0,0.0,,2026
2759,1864,0,1,0,0,0.0,,2026
2760,1867,0,1,0,0,0.0,,2026
2761,1874,0,3,0,1,0.0,,2026
2762,1880,0,1,0,1,0.0,,2026
2763,1882,0,1,0,1,0.0,,2026
2764,1883,0,1,0,0,0.0,,2026
2765,1884,0,1,0,0,0.0,,2026
2766,1889,0,1,0,0,0.0,,2026
2767,1890,0,1,0,0,0.0,,2026
2768,1892,0,1,0,0,0.0,,2026
2769,1893,0,1,0,0,0.0,,2026
2770,1898,0,3,0,0,0.0,,2026
2771,1899,0,1,0,0,0.0,,2026
2772,1900,1,0,1,0,0.0,,2026
2773,1910,0,2,0,1,0.0,,2026
2774,1920,0,1,0,0,0.0,,2026
2775,1923,0,1,0,0,0.0,,2026
2776,1925,0,3,0,0,0.0,,2026
2777,1931,0,1,0,0,0.0,,2026
2778,1942,1,0,1,0,0.0,,2026
2779,1944,0,1,0,1,0.0,,2026
2780,1950,0,1,0,0,0.0,,2026
2781,1953,0,1,0,0,0.0,,2026
2782,1962,0,1,0,0,0.0,,2026
2783,1965,1,1,1,0,0.0,,2026
2784,1966,0,1,0,0,0.0,,2026
2785,1973,0,1,0,0,0.0,,2026
2786,1978,0,2,0,0,0.0,,2026
2787,1979,0,3,0,0,0.0,,2026
2788,1981,0,1,0,0,0.0,,2026
2789,1982,0,6,0,0,0.0,,2026
2790,1985,0,7,0,0,0.0,,2026
2791,1995,0,2,0,1,0.0,,2026
2792,1996,0,1,0,0,0.0,,2026
2793,1998,0,1,0,0,0.0,,2026
2794,2000,0,1,0,0,0.0,,2026
2795,2005,0,1,0,0,0.0,,2026
2796,2010,0,2,0,1,0.0,,2026
2797,2016,0,2,0,0,0.0,,2026
2798,2017,0,3,0,0,0.0,,2026
2799,2018,0,1,0,0,0.0,,2026
2800,2019,0,1,0,0,0.0,,2026
2801,2020,0,1,0,1,0.0,,2026
2802,2021,0,1,0,0,0.0,,2026
2803,2029,1,0,1,0,0.0,,2026
2804,2031,0,1,0,0,0.0,,2026
2805,2034,0,2,0,0,0.0,,2026
2806,2035,0,1,0,0,0.0,,2026
2807,2045,0,1,0,0,0.0,,2026
2808,2051,0,2,0,0,0.0,,2026
2809,2055,0,1,0,0,0.0,,2026
2810,2056,0,1,0,0,0.0,,2026
2811,2058,0,2,0,0,0.0,,2026
2812,2060,0,1,0,0,0.0,,2026
2813,2062,0,4,0,0,0.0,,2026
2814,2068,0,4,0,0,0.0,,2026
2815,2070,0,2,0,0,0.0,,2026
2816,2071,0,1,0,0,0.0,,2026
2817,2073,0,4,0,0,0.0,,2026
2818,2076,1,0,1,0,0.0,,2026
2819,2086,0,1,0,0,0.0,,2026
2820,2087,0,1,0,0,0.0,,2026
2821,2257,0,8,0,1,0.0,,2026
2822,2259,0,5,0,2,0.0,,2026
2823,2260,0,1,0,0,0.0,,2026
2824,2261,0,2,0,0,0.0,,2026
2825,2268,0,1,0,1,0.0,,2026
